seed,receiver,mode,slot,err,crc_pass,false_pass,updated,update_ms,score,tau
1,AINR,none,0,1,0,0,0,nan,nan,0.8976111620664595
1,AINR,none,1,1,0,0,0,nan,nan,0.8976111620664595
1,AINR,none,2,1,0,0,0,nan,nan,0.8976111620664595
1,AINR,none,3,1,0,0,0,nan,nan,0.8976111620664595
1,AINR,none,4,1,0,0,0,nan,nan,0.8976111620664595
1,AINR,none,5,1,0,0,0,nan,nan,0.8976111620664595
1,AINR,none,6,1,0,0,0,nan,nan,0.8976111620664595
1,AINR,none,7,1,0,0,0,nan,nan,0.8976111620664595
1,AINR,none,8,1,0,0,0,nan,nan,0.8976111620664595
1,AINR,none,9,1,0,0,0,nan,nan,0.8976111620664595
1,AINR,none,10,1,0,0,0,nan,nan,0.8976111620664595
1,AINR,none,11,1,0,0,0,nan,nan,0.8976111620664595
1,AINR,none,12,1,0,0,0,nan,nan,0.8976111620664595
1,AINR,none,13,1,0,0,0,nan,nan,0.8976111620664595
1,AINR,none,14,1,0,0,0,nan,nan,0.8976111620664595
1,AINR,none,15,1,0,0,0,nan,nan,0.8976111620664595
1,AINR,none,16,1,0,0,0,nan,nan,0.8976111620664595
1,AINR,none,17,1,0,0,0,nan,nan,0.8976111620664595
1,AINR,none,18,1,0,0,0,nan,nan,0.8976111620664595
1,AINR,none,19,1,0,0,0,nan,nan,0.8976111620664595
1,AINR,none,20,1,0,0,0,nan,nan,0.8976111620664595
1,AINR,none,21,1,0,0,0,nan,nan,0.8976111620664595
1,AINR,none,22,1,0,0,0,nan,nan,0.8976111620664595
1,AINR,none,23,1,0,0,0,nan,nan,0.8976111620664595
1,AINR,none,24,1,0,0,0,nan,nan,0.8976111620664595
1,AINR,none,25,1,0,0,0,nan,nan,0.8976111620664595
1,AINR,none,26,1,0,0,0,nan,nan,0.8976111620664595
1,AINR,none,27,1,0,0,0,nan,nan,0.8976111620664595
1,AINR,none,28,1,0,0,0,nan,nan,0.8976111620664595
1,AINR,none,29,1,0,0,0,nan,nan,0.8976111620664595
1,AINR,none,30,1,0,0,0,nan,nan,0.8976111620664595
1,AINR,none,31,1,0,0,0,nan,nan,0.8976111620664595
1,AINR,none,32,1,0,0,0,nan,nan,0.8976111620664595
1,AINR,none,33,1,0,0,0,nan,nan,0.8976111620664595
1,AINR,none,34,1,0,0,0,nan,nan,0.8976111620664595
1,AINR,none,35,1,0,0,0,nan,nan,0.8976111620664595
1,AINR,none,36,1,0,0,0,nan,nan,0.8976111620664595
1,AINR,none,37,1,0,0,0,nan,nan,0.8976111620664595
1,AINR,none,38,1,0,0,0,nan,nan,0.8976111620664595
1,AINR,none,39,1,0,0,0,nan,nan,0.8976111620664595
1,AINR,none,40,1,0,0,0,nan,nan,0.8976111620664595
1,AINR,none,41,1,0,0,0,nan,nan,0.8976111620664595
1,AINR,none,42,1,0,0,0,nan,nan,0.8976111620664595
1,AINR,none,43,1,0,0,0,nan,nan,0.8976111620664595
1,AINR,none,44,1,0,0,0,nan,nan,0.8976111620664595
1,AINR,none,45,1,0,0,0,nan,nan,0.8976111620664595
1,AINR,none,46,1,0,0,0,nan,nan,0.8976111620664595
1,AINR,none,47,1,0,0,0,nan,nan,0.8976111620664595
1,AINR,none,48,1,0,0,0,nan,nan,0.8976111620664595
1,AINR,none,49,1,0,0,0,nan,nan,0.8976111620664595
1,AINR,none,50,1,0,0,0,nan,nan,0.8976111620664595
1,AINR,none,51,1,0,0,0,nan,nan,0.8976111620664595
1,AINR,none,52,1,0,0,0,nan,nan,0.8976111620664595
1,AINR,none,53,1,0,0,0,nan,nan,0.8976111620664595
1,AINR,none,54,1,0,0,0,nan,nan,0.8976111620664595
1,AINR,none,55,1,0,0,0,nan,nan,0.8976111620664595
1,AINR,none,56,1,0,0,0,nan,nan,0.8976111620664595
1,AINR,none,57,1,0,0,0,nan,nan,0.8976111620664595
1,AINR,none,58,1,0,0,0,nan,nan,0.8976111620664595
1,AINR,none,59,1,0,0,0,nan,nan,0.8976111620664595
1,AINR,none,60,1,0,0,0,nan,nan,0.8976111620664595
1,AINR,none,61,1,0,0,0,nan,nan,0.8976111620664595
1,AINR,none,62,1,0,0,0,nan,nan,0.8976111620664595
1,AINR,none,63,1,0,0,0,nan,nan,0.8976111620664595
1,AINR,none,64,1,0,0,0,nan,nan,0.8976111620664595
1,AINR,none,65,1,0,0,0,nan,nan,0.8976111620664595
1,AINR,none,66,1,0,0,0,nan,nan,0.8976111620664595
1,AINR,none,67,1,0,0,0,nan,nan,0.8976111620664595
1,AINR,none,68,1,0,0,0,nan,nan,0.8976111620664595
1,AINR,none,69,1,0,0,0,nan,nan,0.8976111620664595
1,AINR,none,70,1,0,0,0,nan,nan,0.8976111620664595
1,AINR,none,71,1,0,0,0,nan,nan,0.8976111620664595
1,AINR,none,72,1,0,0,0,nan,nan,0.8976111620664595
1,AINR,none,73,1,0,0,0,nan,nan,0.8976111620664595
1,AINR,none,74,1,0,0,0,nan,nan,0.8976111620664595
1,AINR,none,75,1,0,0,0,nan,nan,0.8976111620664595
1,AINR,none,76,1,0,0,0,nan,nan,0.8976111620664595
1,AINR,none,77,1,0,0,0,nan,nan,0.8976111620664595
1,AINR,none,78,1,0,0,0,nan,nan,0.8976111620664595
1,AINR,none,79,1,0,0,0,nan,nan,0.8976111620664595
1,AINR,none,80,1,0,0,0,nan,nan,0.8976111620664595
1,AINR,none,81,1,0,0,0,nan,nan,0.8976111620664595
1,AINR,none,82,1,0,0,0,nan,nan,0.8976111620664595
1,AINR,none,83,1,0,0,0,nan,nan,0.8976111620664595
1,AINR,none,84,1,0,0,0,nan,nan,0.8976111620664595
1,AINR,none,85,1,0,0,0,nan,nan,0.8976111620664595
1,AINR,none,86,1,0,0,0,nan,nan,0.8976111620664595
1,AINR,none,87,1,0,0,0,nan,nan,0.8976111620664595
1,AINR,none,88,1,0,0,0,nan,nan,0.8976111620664595
1,AINR,none,89,1,0,0,0,nan,nan,0.8976111620664595
1,AINR,none,90,1,0,0,0,nan,nan,0.8976111620664595
1,AINR,none,91,1,0,0,0,nan,nan,0.8976111620664595
1,AINR,none,92,1,0,0,0,nan,nan,0.8976111620664595
1,AINR,none,93,1,0,0,0,nan,nan,0.8976111620664595
1,AINR,none,94,1,0,0,0,nan,nan,0.8976111620664595
1,AINR,none,95,1,0,0,0,nan,nan,0.8976111620664595
1,AINR,none,96,1,0,0,0,nan,nan,0.8976111620664595
1,AINR,none,97,1,0,0,0,nan,nan,0.8976111620664595
1,AINR,none,98,1,0,0,0,nan,nan,0.8976111620664595
1,AINR,none,99,1,0,0,0,nan,nan,0.8976111620664595
1,AINR,none,100,1,0,0,0,nan,nan,0.8976111620664595
1,AINR,none,101,1,0,0,0,nan,nan,0.8976111620664595
1,AINR,none,102,1,0,0,0,nan,nan,0.8976111620664595
1,AINR,none,103,1,0,0,0,nan,nan,0.8976111620664595
1,AINR,none,104,1,0,0,0,nan,nan,0.8976111620664595
1,AINR,none,105,1,0,0,0,nan,nan,0.8976111620664595
1,AINR,none,106,1,0,0,0,nan,nan,0.8976111620664595
1,AINR,none,107,1,0,0,0,nan,nan,0.8976111620664595
1,AINR,none,108,1,0,0,0,nan,nan,0.8976111620664595
1,AINR,none,109,1,0,0,0,nan,nan,0.8976111620664595
1,AINR,none,110,1,0,0,0,nan,nan,0.8976111620664595
1,AINR,none,111,1,0,0,0,nan,nan,0.8976111620664595
1,AINR,none,112,1,0,0,0,nan,nan,0.8976111620664595
1,AINR,none,113,1,0,0,0,nan,nan,0.8976111620664595
1,AINR,none,114,1,0,0,0,nan,nan,0.8976111620664595
1,AINR,none,115,1,0,0,0,nan,nan,0.8976111620664595
1,AINR,none,116,1,0,0,0,nan,nan,0.8976111620664595
1,AINR,none,117,1,0,0,0,nan,nan,0.8976111620664595
1,AINR,none,118,1,0,0,0,nan,nan,0.8976111620664595
1,AINR,none,119,1,0,0,0,nan,nan,0.8976111620664595
1,AINR,none,120,1,0,0,0,nan,nan,0.8976111620664595
1,AINR,none,121,1,0,0,0,nan,nan,0.8976111620664595
1,AINR,none,122,1,0,0,0,nan,nan,0.8976111620664595
1,AINR,none,123,1,0,0,0,nan,nan,0.8976111620664595
1,AINR,none,124,1,0,0,0,nan,nan,0.8976111620664595
1,AINR,none,125,1,0,0,0,nan,nan,0.8976111620664595
1,AINR,none,126,1,0,0,0,nan,nan,0.8976111620664595
1,AINR,none,127,1,0,0,0,nan,nan,0.8976111620664595
1,AINR,none,128,1,0,0,0,nan,nan,0.8976111620664595
1,AINR,none,129,1,0,0,0,nan,nan,0.8976111620664595
1,AINR,none,130,1,0,0,0,nan,nan,0.8976111620664595
1,AINR,none,131,1,0,0,0,nan,nan,0.8976111620664595
1,AINR,none,132,1,0,0,0,nan,nan,0.8976111620664595
1,AINR,none,133,1,0,0,0,nan,nan,0.8976111620664595
1,AINR,none,134,1,0,0,0,nan,nan,0.8976111620664595
1,AINR,none,135,1,0,0,0,nan,nan,0.8976111620664595
1,AINR,none,136,1,0,0,0,nan,nan,0.8976111620664595
1,AINR,none,137,1,0,0,0,nan,nan,0.8976111620664595
1,AINR,none,138,1,0,0,0,nan,nan,0.8976111620664595
1,AINR,none,139,1,0,0,0,nan,nan,0.8976111620664595
1,AINR,none,140,1,0,0,0,nan,nan,0.8976111620664595
1,AINR,none,141,1,0,0,0,nan,nan,0.8976111620664595
1,AINR,none,142,1,0,0,0,nan,nan,0.8976111620664595
1,AINR,none,143,1,0,0,0,nan,nan,0.8976111620664595
1,AINR,none,144,1,0,0,0,nan,nan,0.8976111620664595
1,AINR,none,145,1,0,0,0,nan,nan,0.8976111620664595
1,AINR,none,146,1,0,0,0,nan,nan,0.8976111620664595
1,AINR,none,147,1,0,0,0,nan,nan,0.8976111620664595
1,AINR,none,148,1,0,0,0,nan,nan,0.8976111620664595
1,AINR,none,149,1,0,0,0,nan,nan,0.8976111620664595
1,AINR,none,150,1,0,0,0,nan,nan,0.8976111620664595
1,AINR,none,151,1,0,0,0,nan,nan,0.8976111620664595
1,AINR,none,152,1,0,0,0,nan,nan,0.8976111620664595
1,AINR,none,153,1,0,0,0,nan,nan,0.8976111620664595
1,AINR,none,154,1,0,0,0,nan,nan,0.8976111620664595
1,AINR,none,155,1,0,0,0,nan,nan,0.8976111620664595
1,AINR,none,156,1,0,0,0,nan,nan,0.8976111620664595
1,AINR,none,157,1,0,0,0,nan,nan,0.8976111620664595
1,AINR,none,158,1,0,0,0,nan,nan,0.8976111620664595
1,AINR,none,159,1,0,0,0,nan,nan,0.8976111620664595
1,AINR,none,160,1,0,0,0,nan,nan,0.8976111620664595
1,AINR,none,161,1,0,0,0,nan,nan,0.8976111620664595
1,AINR,none,162,1,0,0,0,nan,nan,0.8976111620664595
1,AINR,none,163,1,0,0,0,nan,nan,0.8976111620664595
1,AINR,none,164,1,0,0,0,nan,nan,0.8976111620664595
1,AINR,none,165,1,0,0,0,nan,nan,0.8976111620664595
1,AINR,none,166,1,0,0,0,nan,nan,0.8976111620664595
1,AINR,none,167,1,0,0,0,nan,nan,0.8976111620664595
1,AINR,none,168,1,0,0,0,nan,nan,0.8976111620664595
1,AINR,none,169,1,0,0,0,nan,nan,0.8976111620664595
1,AINR,none,170,1,0,0,0,nan,nan,0.8976111620664595
1,AINR,none,171,1,0,0,0,nan,nan,0.8976111620664595
1,AINR,none,172,1,0,0,0,nan,nan,0.8976111620664595
1,AINR,none,173,1,0,0,0,nan,nan,0.8976111620664595
1,AINR,none,174,1,0,0,0,nan,nan,0.8976111620664595
1,AINR,none,175,1,0,0,0,nan,nan,0.8976111620664595
1,AINR,none,176,1,0,0,0,nan,nan,0.8976111620664595
1,AINR,none,177,1,0,0,0,nan,nan,0.8976111620664595
1,AINR,none,178,1,0,0,0,nan,nan,0.8976111620664595
1,AINR,none,179,1,0,0,0,nan,nan,0.8976111620664595
1,AINR,none,180,1,0,0,0,nan,nan,0.8976111620664595
1,AINR,none,181,1,0,0,0,nan,nan,0.8976111620664595
1,AINR,none,182,1,0,0,0,nan,nan,0.8976111620664595
1,AINR,none,183,1,0,0,0,nan,nan,0.8976111620664595
1,AINR,none,184,1,0,0,0,nan,nan,0.8976111620664595
1,AINR,none,185,1,0,0,0,nan,nan,0.8976111620664595
1,AINR,none,186,1,0,0,0,nan,nan,0.8976111620664595
1,AINR,none,187,1,0,0,0,nan,nan,0.8976111620664595
1,AINR,none,188,1,0,0,0,nan,nan,0.8976111620664595
1,AINR,none,189,1,0,0,0,nan,nan,0.8976111620664595
1,AINR,none,190,1,0,0,0,nan,nan,0.8976111620664595
1,AINR,none,191,1,0,0,0,nan,nan,0.8976111620664595
1,AINR,none,192,1,0,0,0,nan,nan,0.8976111620664595
1,AINR,none,193,1,0,0,0,nan,nan,0.8976111620664595
1,AINR,none,194,1,0,0,0,nan,nan,0.8976111620664595
1,AINR,none,195,1,0,0,0,nan,nan,0.8976111620664595
1,AINR,none,196,1,0,0,0,nan,nan,0.8976111620664595
1,AINR,none,197,1,0,0,0,nan,nan,0.8976111620664595
1,AINR,none,198,1,0,0,0,nan,nan,0.8976111620664595
1,AINR,none,199,1,0,0,0,nan,nan,0.8976111620664595
1,AINR,none,200,1,0,0,0,nan,nan,0.8976111620664595
1,AINR,none,201,1,0,0,0,nan,nan,0.8976111620664595
1,AINR,none,202,1,0,0,0,nan,nan,0.8976111620664595
1,AINR,none,203,1,0,0,0,nan,nan,0.8976111620664595
1,AINR,none,204,1,0,0,0,nan,nan,0.8976111620664595
1,AINR,none,205,1,0,0,0,nan,nan,0.8976111620664595
1,AINR,none,206,1,0,0,0,nan,nan,0.8976111620664595
1,AINR,none,207,1,0,0,0,nan,nan,0.8976111620664595
1,AINR,none,208,1,0,0,0,nan,nan,0.8976111620664595
1,AINR,none,209,1,0,0,0,nan,nan,0.8976111620664595
1,AINR,none,210,1,0,0,0,nan,nan,0.8976111620664595
1,AINR,none,211,1,0,0,0,nan,nan,0.8976111620664595
1,AINR,none,212,1,0,0,0,nan,nan,0.8976111620664595
1,AINR,none,213,1,0,0,0,nan,nan,0.8976111620664595
1,AINR,none,214,1,0,0,0,nan,nan,0.8976111620664595
1,AINR,none,215,1,0,0,0,nan,nan,0.8976111620664595
1,AINR,none,216,1,0,0,0,nan,nan,0.8976111620664595
1,AINR,none,217,1,0,0,0,nan,nan,0.8976111620664595
1,AINR,none,218,1,0,0,0,nan,nan,0.8976111620664595
1,AINR,none,219,1,0,0,0,nan,nan,0.8976111620664595
1,AINR,none,220,1,0,0,0,nan,nan,0.8976111620664595
1,AINR,none,221,1,0,0,0,nan,nan,0.8976111620664595
1,AINR,none,222,1,0,0,0,nan,nan,0.8976111620664595
1,AINR,none,223,1,0,0,0,nan,nan,0.8976111620664595
1,AINR,none,224,1,0,0,0,nan,nan,0.8976111620664595
1,AINR,none,225,1,0,0,0,nan,nan,0.8976111620664595
1,AINR,none,226,1,0,0,0,nan,nan,0.8976111620664595
1,AINR,none,227,1,0,0,0,nan,nan,0.8976111620664595
1,AINR,none,228,1,0,0,0,nan,nan,0.8976111620664595
1,AINR,none,229,1,0,0,0,nan,nan,0.8976111620664595
1,AINR,none,230,1,0,0,0,nan,nan,0.8976111620664595
1,AINR,none,231,1,0,0,0,nan,nan,0.8976111620664595
1,AINR,none,232,1,0,0,0,nan,nan,0.8976111620664595
1,AINR,none,233,1,0,0,0,nan,nan,0.8976111620664595
1,AINR,none,234,1,0,0,0,nan,nan,0.8976111620664595
1,AINR,none,235,1,0,0,0,nan,nan,0.8976111620664595
1,AINR,none,236,1,0,0,0,nan,nan,0.8976111620664595
1,AINR,none,237,1,0,0,0,nan,nan,0.8976111620664595
1,AINR,none,238,1,0,0,0,nan,nan,0.8976111620664595
1,AINR,none,239,1,0,0,0,nan,nan,0.8976111620664595
1,AINR,none,240,1,0,0,0,nan,nan,0.8976111620664595
1,AINR,none,241,1,0,0,0,nan,nan,0.8976111620664595
1,AINR,none,242,1,0,0,0,nan,nan,0.8976111620664595
1,AINR,none,243,1,0,0,0,nan,nan,0.8976111620664595
1,AINR,none,244,1,0,0,0,nan,nan,0.8976111620664595
1,AINR,none,245,1,0,0,0,nan,nan,0.8976111620664595
1,AINR,none,246,1,0,0,0,nan,nan,0.8976111620664595
1,AINR,none,247,1,0,0,0,nan,nan,0.8976111620664595
1,AINR,none,248,1,0,0,0,nan,nan,0.8976111620664595
1,AINR,none,249,1,0,0,0,nan,nan,0.8976111620664595
1,AINR,none,250,1,0,0,0,nan,nan,0.8976111620664595
1,AINR,none,251,1,0,0,0,nan,nan,0.8976111620664595
1,AINR,none,252,1,0,0,0,nan,nan,0.8976111620664595
1,AINR,none,253,1,0,0,0,nan,nan,0.8976111620664595
1,AINR,none,254,1,0,0,0,nan,nan,0.8976111620664595
1,AINR,none,255,1,0,0,0,nan,nan,0.8976111620664595
1,AINR,none,256,1,0,0,0,nan,nan,0.8976111620664595
1,AINR,none,257,1,0,0,0,nan,nan,0.8976111620664595
1,AINR,none,258,1,0,0,0,nan,nan,0.8976111620664595
1,AINR,none,259,1,0,0,0,nan,nan,0.8976111620664595
1,AINR,none,260,1,0,0,0,nan,nan,0.8976111620664595
1,AINR,none,261,1,0,0,0,nan,nan,0.8976111620664595
1,AINR,none,262,1,0,0,0,nan,nan,0.8976111620664595
1,AINR,none,263,1,0,0,0,nan,nan,0.8976111620664595
1,AINR,none,264,1,0,0,0,nan,nan,0.8976111620664595
1,AINR,none,265,1,0,0,0,nan,nan,0.8976111620664595
1,AINR,none,266,1,0,0,0,nan,nan,0.8976111620664595
1,AINR,none,267,1,0,0,0,nan,nan,0.8976111620664595
1,AINR,none,268,1,0,0,0,nan,nan,0.8976111620664595
1,AINR,none,269,1,0,0,0,nan,nan,0.8976111620664595
1,AINR,none,270,1,0,0,0,nan,nan,0.8976111620664595
1,AINR,none,271,1,0,0,0,nan,nan,0.8976111620664595
1,AINR,none,272,1,0,0,0,nan,nan,0.8976111620664595
1,AINR,none,273,1,0,0,0,nan,nan,0.8976111620664595
1,AINR,none,274,1,0,0,0,nan,nan,0.8976111620664595
1,AINR,none,275,1,0,0,0,nan,nan,0.8976111620664595
1,AINR,none,276,1,0,0,0,nan,nan,0.8976111620664595
1,AINR,none,277,1,0,0,0,nan,nan,0.8976111620664595
1,AINR,none,278,1,0,0,0,nan,nan,0.8976111620664595
1,AINR,none,279,1,0,0,0,nan,nan,0.8976111620664595
1,AINR,none,280,1,0,0,0,nan,nan,0.8976111620664595
1,AINR,none,281,1,0,0,0,nan,nan,0.8976111620664595
1,AINR,none,282,1,0,0,0,nan,nan,0.8976111620664595
1,AINR,none,283,1,0,0,0,nan,nan,0.8976111620664595
1,AINR,none,284,1,0,0,0,nan,nan,0.8976111620664595
1,AINR,none,285,1,0,0,0,nan,nan,0.8976111620664595
1,AINR,none,286,1,0,0,0,nan,nan,0.8976111620664595
1,AINR,none,287,1,0,0,0,nan,nan,0.8976111620664595
1,AINR,none,288,1,0,0,0,nan,nan,0.8976111620664595
1,AINR,none,289,1,0,0,0,nan,nan,0.8976111620664595
1,AINR,none,290,1,0,0,0,nan,nan,0.8976111620664595
1,AINR,none,291,1,0,0,0,nan,nan,0.8976111620664595
1,AINR,none,292,1,0,0,0,nan,nan,0.8976111620664595
1,AINR,none,293,1,0,0,0,nan,nan,0.8976111620664595
1,AINR,none,294,1,0,0,0,nan,nan,0.8976111620664595
1,AINR,none,295,1,0,0,0,nan,nan,0.8976111620664595
1,AINR,none,296,1,0,0,0,nan,nan,0.8976111620664595
1,AINR,none,297,1,0,0,0,nan,nan,0.8976111620664595
1,AINR,none,298,1,0,0,0,nan,nan,0.8976111620664595
1,AINR,none,299,1,0,0,0,nan,nan,0.8976111620664595
1,AINR,none,300,1,0,0,0,nan,nan,0.8976111620664595
1,AINR,none,301,1,0,0,0,nan,nan,0.8976111620664595
1,AINR,none,302,1,0,0,0,nan,nan,0.8976111620664595
1,AINR,none,303,1,0,0,0,nan,nan,0.8976111620664595
1,AINR,none,304,1,0,0,0,nan,nan,0.8976111620664595
1,AINR,none,305,1,0,0,0,nan,nan,0.8976111620664595
1,AINR,none,306,1,0,0,0,nan,nan,0.8976111620664595
1,AINR,none,307,1,0,0,0,nan,nan,0.8976111620664595
1,AINR,none,308,1,0,0,0,nan,nan,0.8976111620664595
1,AINR,none,309,1,0,0,0,nan,nan,0.8976111620664595
1,AINR,none,310,1,0,0,0,nan,nan,0.8976111620664595
1,AINR,none,311,1,0,0,0,nan,nan,0.8976111620664595
1,AINR,none,312,1,0,0,0,nan,nan,0.8976111620664595
1,AINR,none,313,1,0,0,0,nan,nan,0.8976111620664595
1,AINR,none,314,1,0,0,0,nan,nan,0.8976111620664595
1,AINR,none,315,1,0,0,0,nan,nan,0.8976111620664595
1,AINR,none,316,1,0,0,0,nan,nan,0.8976111620664595
1,AINR,none,317,1,0,0,0,nan,nan,0.8976111620664595
1,AINR,none,318,1,0,0,0,nan,nan,0.8976111620664595
1,AINR,none,319,1,0,0,0,nan,nan,0.8976111620664595
1,AINR,none,320,1,0,0,0,nan,nan,0.8976111620664595
1,AINR,none,321,1,0,0,0,nan,nan,0.8976111620664595
1,AINR,none,322,1,0,0,0,nan,nan,0.8976111620664595
1,AINR,none,323,1,0,0,0,nan,nan,0.8976111620664595
1,AINR,none,324,1,0,0,0,nan,nan,0.8976111620664595
1,AINR,none,325,1,0,0,0,nan,nan,0.8976111620664595
1,AINR,none,326,1,0,0,0,nan,nan,0.8976111620664595
1,AINR,none,327,1,0,0,0,nan,nan,0.8976111620664595
1,AINR,none,328,1,0,0,0,nan,nan,0.8976111620664595
1,AINR,none,329,1,0,0,0,nan,nan,0.8976111620664595
1,AINR,none,330,1,0,0,0,nan,nan,0.8976111620664595
1,AINR,none,331,1,0,0,0,nan,nan,0.8976111620664595
1,AINR,none,332,1,0,0,0,nan,nan,0.8976111620664595
1,AINR,none,333,1,0,0,0,nan,nan,0.8976111620664595
1,AINR,none,334,1,0,0,0,nan,nan,0.8976111620664595
1,AINR,none,335,1,0,0,0,nan,nan,0.8976111620664595
1,AINR,none,336,1,0,0,0,nan,nan,0.8976111620664595
1,AINR,none,337,1,0,0,0,nan,nan,0.8976111620664595
1,AINR,none,338,1,0,0,0,nan,nan,0.8976111620664595
1,AINR,none,339,1,0,0,0,nan,nan,0.8976111620664595
1,AINR,none,340,1,0,0,0,nan,nan,0.8976111620664595
1,AINR,none,341,1,0,0,0,nan,nan,0.8976111620664595
1,AINR,none,342,1,0,0,0,nan,nan,0.8976111620664595
1,AINR,none,343,1,0,0,0,nan,nan,0.8976111620664595
1,AINR,none,344,1,0,0,0,nan,nan,0.8976111620664595
1,AINR,none,345,1,0,0,0,nan,nan,0.8976111620664595
1,AINR,none,346,1,0,0,0,nan,nan,0.8976111620664595
1,AINR,none,347,1,0,0,0,nan,nan,0.8976111620664595
1,AINR,none,348,1,0,0,0,nan,nan,0.8976111620664595
1,AINR,none,349,1,0,0,0,nan,nan,0.8976111620664595
1,AINR,none,350,1,0,0,0,nan,nan,0.8976111620664595
1,AINR,none,351,1,0,0,0,nan,nan,0.8976111620664595
1,AINR,none,352,1,0,0,0,nan,nan,0.8976111620664595
1,AINR,none,353,1,0,0,0,nan,nan,0.8976111620664595
1,AINR,none,354,1,0,0,0,nan,nan,0.8976111620664595
1,AINR,none,355,1,0,0,0,nan,nan,0.8976111620664595
1,AINR,none,356,1,0,0,0,nan,nan,0.8976111620664595
1,AINR,none,357,1,0,0,0,nan,nan,0.8976111620664595
1,AINR,none,358,1,0,0,0,nan,nan,0.8976111620664595
1,AINR,none,359,1,0,0,0,nan,nan,0.8976111620664595
1,AINR,none,360,1,0,0,0,nan,nan,0.8976111620664595
1,AINR,none,361,1,0,0,0,nan,nan,0.8976111620664595
1,AINR,none,362,1,0,0,0,nan,nan,0.8976111620664595
1,AINR,none,363,1,0,0,0,nan,nan,0.8976111620664595
1,AINR,none,364,1,0,0,0,nan,nan,0.8976111620664595
1,AINR,none,365,1,0,0,0,nan,nan,0.8976111620664595
1,AINR,none,366,1,0,0,0,nan,nan,0.8976111620664595
1,AINR,none,367,1,0,0,0,nan,nan,0.8976111620664595
1,AINR,none,368,1,0,0,0,nan,nan,0.8976111620664595
1,AINR,none,369,1,0,0,0,nan,nan,0.8976111620664595
1,AINR,none,370,1,0,0,0,nan,nan,0.8976111620664595
1,AINR,none,371,1,0,0,0,nan,nan,0.8976111620664595
1,AINR,none,372,1,0,0,0,nan,nan,0.8976111620664595
1,AINR,none,373,1,0,0,0,nan,nan,0.8976111620664595
1,AINR,none,374,1,0,0,0,nan,nan,0.8976111620664595
1,AINR,none,375,1,0,0,0,nan,nan,0.8976111620664595
1,AINR,none,376,1,0,0,0,nan,nan,0.8976111620664595
1,AINR,none,377,1,0,0,0,nan,nan,0.8976111620664595
1,AINR,none,378,1,0,0,0,nan,nan,0.8976111620664595
1,AINR,none,379,1,0,0,0,nan,nan,0.8976111620664595
1,AINR,none,380,1,0,0,0,nan,nan,0.8976111620664595
1,AINR,none,381,1,0,0,0,nan,nan,0.8976111620664595
1,AINR,none,382,1,0,0,0,nan,nan,0.8976111620664595
1,AINR,none,383,1,0,0,0,nan,nan,0.8976111620664595
1,AINR,none,384,1,0,0,0,nan,nan,0.8976111620664595
1,AINR,none,385,1,0,0,0,nan,nan,0.8976111620664595
1,AINR,none,386,1,0,0,0,nan,nan,0.8976111620664595
1,AINR,none,387,1,0,0,0,nan,nan,0.8976111620664595
1,AINR,none,388,1,0,0,0,nan,nan,0.8976111620664595
1,AINR,none,389,1,0,0,0,nan,nan,0.8976111620664595
1,AINR,none,390,1,0,0,0,nan,nan,0.8976111620664595
1,AINR,none,391,1,0,0,0,nan,nan,0.8976111620664595
1,AINR,none,392,1,0,0,0,nan,nan,0.8976111620664595
1,AINR,none,393,1,0,0,0,nan,nan,0.8976111620664595
1,AINR,none,394,1,0,0,0,nan,nan,0.8976111620664595
1,AINR,none,395,1,0,0,0,nan,nan,0.8976111620664595
1,AINR,none,396,1,0,0,0,nan,nan,0.8976111620664595
1,AINR,none,397,1,0,0,0,nan,nan,0.8976111620664595
1,AINR,none,398,1,0,0,0,nan,nan,0.8976111620664595
1,AINR,none,399,1,0,0,0,nan,nan,0.8976111620664595
1,AINR,none,400,1,0,0,0,nan,nan,0.8976111620664595
1,AINR,none,401,1,0,0,0,nan,nan,0.8976111620664595
1,AINR,none,402,1,0,0,0,nan,nan,0.8976111620664595
1,AINR,none,403,1,0,0,0,nan,nan,0.8976111620664595
1,AINR,none,404,1,0,0,0,nan,nan,0.8976111620664595
1,AINR,none,405,1,0,0,0,nan,nan,0.8976111620664595
1,AINR,none,406,1,0,0,0,nan,nan,0.8976111620664595
1,AINR,none,407,1,0,0,0,nan,nan,0.8976111620664595
1,AINR,none,408,1,0,0,0,nan,nan,0.8976111620664595
1,AINR,none,409,1,0,0,0,nan,nan,0.8976111620664595
1,AINR,none,410,1,0,0,0,nan,nan,0.8976111620664595
1,AINR,none,411,1,0,0,0,nan,nan,0.8976111620664595
1,AINR,none,412,1,0,0,0,nan,nan,0.8976111620664595
1,AINR,none,413,1,0,0,0,nan,nan,0.8976111620664595
1,AINR,none,414,1,0,0,0,nan,nan,0.8976111620664595
1,AINR,none,415,1,0,0,0,nan,nan,0.8976111620664595
1,AINR,none,416,1,0,0,0,nan,nan,0.8976111620664595
1,AINR,none,417,1,0,0,0,nan,nan,0.8976111620664595
1,AINR,none,418,1,0,0,0,nan,nan,0.8976111620664595
1,AINR,none,419,1,0,0,0,nan,nan,0.8976111620664595
1,AINR,none,420,1,0,0,0,nan,nan,0.8976111620664595
1,AINR,none,421,1,0,0,0,nan,nan,0.8976111620664595
1,AINR,none,422,1,0,0,0,nan,nan,0.8976111620664595
1,AINR,none,423,1,0,0,0,nan,nan,0.8976111620664595
1,AINR,none,424,1,0,0,0,nan,nan,0.8976111620664595
1,AINR,none,425,1,0,0,0,nan,nan,0.8976111620664595
1,AINR,none,426,1,0,0,0,nan,nan,0.8976111620664595
1,AINR,none,427,1,0,0,0,nan,nan,0.8976111620664595
1,AINR,none,428,1,0,0,0,nan,nan,0.8976111620664595
1,AINR,none,429,1,0,0,0,nan,nan,0.8976111620664595
1,AINR,none,430,1,0,0,0,nan,nan,0.8976111620664595
1,AINR,none,431,1,0,0,0,nan,nan,0.8976111620664595
1,AINR,none,432,1,0,0,0,nan,nan,0.8976111620664595
1,AINR,none,433,1,0,0,0,nan,nan,0.8976111620664595
1,AINR,none,434,1,0,0,0,nan,nan,0.8976111620664595
1,AINR,none,435,1,0,0,0,nan,nan,0.8976111620664595
1,AINR,none,436,1,0,0,0,nan,nan,0.8976111620664595
1,AINR,none,437,1,0,0,0,nan,nan,0.8976111620664595
1,AINR,none,438,1,0,0,0,nan,nan,0.8976111620664595
1,AINR,none,439,1,0,0,0,nan,nan,0.8976111620664595
1,AINR,none,440,1,0,0,0,nan,nan,0.8976111620664595
1,AINR,none,441,1,0,0,0,nan,nan,0.8976111620664595
1,AINR,none,442,1,0,0,0,nan,nan,0.8976111620664595
1,AINR,none,443,1,0,0,0,nan,nan,0.8976111620664595
1,AINR,none,444,1,0,0,0,nan,nan,0.8976111620664595
1,AINR,none,445,1,0,0,0,nan,nan,0.8976111620664595
1,AINR,none,446,1,0,0,0,nan,nan,0.8976111620664595
1,AINR,none,447,1,0,0,0,nan,nan,0.8976111620664595
1,AINR,none,448,1,0,0,0,nan,nan,0.8976111620664595
1,AINR,none,449,1,0,0,0,nan,nan,0.8976111620664595
1,AINR,none,450,1,0,0,0,nan,nan,0.8976111620664595
1,AINR,none,451,1,0,0,0,nan,nan,0.8976111620664595
1,AINR,none,452,1,0,0,0,nan,nan,0.8976111620664595
1,AINR,none,453,1,0,0,0,nan,nan,0.8976111620664595
1,AINR,none,454,1,0,0,0,nan,nan,0.8976111620664595
1,AINR,none,455,1,0,0,0,nan,nan,0.8976111620664595
1,AINR,none,456,1,0,0,0,nan,nan,0.8976111620664595
1,AINR,none,457,1,0,0,0,nan,nan,0.8976111620664595
1,AINR,none,458,1,0,0,0,nan,nan,0.8976111620664595
1,AINR,none,459,1,0,0,0,nan,nan,0.8976111620664595
1,AINR,none,460,1,0,0,0,nan,nan,0.8976111620664595
1,AINR,none,461,1,0,0,0,nan,nan,0.8976111620664595
1,AINR,none,462,1,0,0,0,nan,nan,0.8976111620664595
1,AINR,none,463,1,0,0,0,nan,nan,0.8976111620664595
1,AINR,none,464,1,0,0,0,nan,nan,0.8976111620664595
1,AINR,none,465,1,0,0,0,nan,nan,0.8976111620664595
1,AINR,none,466,1,0,0,0,nan,nan,0.8976111620664595
1,AINR,none,467,1,0,0,0,nan,nan,0.8976111620664595
1,AINR,none,468,1,0,0,0,nan,nan,0.8976111620664595
1,AINR,none,469,1,0,0,0,nan,nan,0.8976111620664595
1,AINR,none,470,1,0,0,0,nan,nan,0.8976111620664595
1,AINR,none,471,1,0,0,0,nan,nan,0.8976111620664595
1,AINR,none,472,1,0,0,0,nan,nan,0.8976111620664595
1,AINR,none,473,1,0,0,0,nan,nan,0.8976111620664595
1,AINR,none,474,1,0,0,0,nan,nan,0.8976111620664595
1,AINR,none,475,1,0,0,0,nan,nan,0.8976111620664595
1,AINR,none,476,1,0,0,0,nan,nan,0.8976111620664595
1,AINR,none,477,1,0,0,0,nan,nan,0.8976111620664595
1,AINR,none,478,1,0,0,0,nan,nan,0.8976111620664595
1,AINR,none,479,1,0,0,0,nan,nan,0.8976111620664595
1,AINR,none,480,1,0,0,0,nan,nan,0.8976111620664595
1,AINR,none,481,1,0,0,0,nan,nan,0.8976111620664595
1,AINR,none,482,1,0,0,0,nan,nan,0.8976111620664595
1,AINR,none,483,1,0,0,0,nan,nan,0.8976111620664595
1,AINR,none,484,1,0,0,0,nan,nan,0.8976111620664595
1,AINR,none,485,1,0,0,0,nan,nan,0.8976111620664595
1,AINR,none,486,1,0,0,0,nan,nan,0.8976111620664595
1,AINR,none,487,1,0,0,0,nan,nan,0.8976111620664595
1,AINR,none,488,1,0,0,0,nan,nan,0.8976111620664595
1,AINR,none,489,1,0,0,0,nan,nan,0.8976111620664595
1,AINR,none,490,1,0,0,0,nan,nan,0.8976111620664595
1,AINR,none,491,1,0,0,0,nan,nan,0.8976111620664595
1,AINR,none,492,1,0,0,0,nan,nan,0.8976111620664595
1,AINR,none,493,1,0,0,0,nan,nan,0.8976111620664595
1,AINR,none,494,1,0,0,0,nan,nan,0.8976111620664595
1,AINR,none,495,1,0,0,0,nan,nan,0.8976111620664595
1,AINR,none,496,1,0,0,0,nan,nan,0.8976111620664595
1,AINR,none,497,1,0,0,0,nan,nan,0.8976111620664595
1,AINR,none,498,1,0,0,0,nan,nan,0.8976111620664595
1,AINR,none,499,1,0,0,0,nan,nan,0.8976111620664595
1,AINR,none,500,1,0,0,0,nan,nan,0.8976111620664595
1,AINR,none,501,1,0,0,0,nan,nan,0.8976111620664595
1,AINR,none,502,1,0,0,0,nan,nan,0.8976111620664595
1,AINR,none,503,1,0,0,0,nan,nan,0.8976111620664595
1,AINR,none,504,1,0,0,0,nan,nan,0.8976111620664595
1,AINR,none,505,1,0,0,0,nan,nan,0.8976111620664595
1,AINR,none,506,1,0,0,0,nan,nan,0.8976111620664595
1,AINR,none,507,1,0,0,0,nan,nan,0.8976111620664595
1,AINR,none,508,1,0,0,0,nan,nan,0.8976111620664595
1,AINR,none,509,1,0,0,0,nan,nan,0.8976111620664595
1,AINR,none,510,1,0,0,0,nan,nan,0.8976111620664595
1,AINR,none,511,1,0,0,0,nan,nan,0.8976111620664595
1,AINR,none,512,1,0,0,0,nan,nan,0.8976111620664595
1,AINR,none,513,1,0,0,0,nan,nan,0.8976111620664595
1,AINR,none,514,1,0,0,0,nan,nan,0.8976111620664595
1,AINR,none,515,1,0,0,0,nan,nan,0.8976111620664595
1,AINR,none,516,1,0,0,0,nan,nan,0.8976111620664595
1,AINR,none,517,1,0,0,0,nan,nan,0.8976111620664595
1,AINR,none,518,1,0,0,0,nan,nan,0.8976111620664595
1,AINR,none,519,1,0,0,0,nan,nan,0.8976111620664595
1,AINR,none,520,1,0,0,0,nan,nan,0.8976111620664595
1,AINR,none,521,1,0,0,0,nan,nan,0.8976111620664595
1,AINR,none,522,1,0,0,0,nan,nan,0.8976111620664595
1,AINR,none,523,1,0,0,0,nan,nan,0.8976111620664595
1,AINR,none,524,1,0,0,0,nan,nan,0.8976111620664595
1,AINR,none,525,1,0,0,0,nan,nan,0.8976111620664595
1,AINR,none,526,1,0,0,0,nan,nan,0.8976111620664595
1,AINR,none,527,1,0,0,0,nan,nan,0.8976111620664595
1,AINR,none,528,1,0,0,0,nan,nan,0.8976111620664595
1,AINR,none,529,1,0,0,0,nan,nan,0.8976111620664595
1,AINR,none,530,1,0,0,0,nan,nan,0.8976111620664595
1,AINR,none,531,1,0,0,0,nan,nan,0.8976111620664595
1,AINR,none,532,1,0,0,0,nan,nan,0.8976111620664595
1,AINR,none,533,1,0,0,0,nan,nan,0.8976111620664595
1,AINR,none,534,1,0,0,0,nan,nan,0.8976111620664595
1,AINR,none,535,1,0,0,0,nan,nan,0.8976111620664595
1,AINR,none,536,1,0,0,0,nan,nan,0.8976111620664595
1,AINR,none,537,1,0,0,0,nan,nan,0.8976111620664595
1,AINR,none,538,1,0,0,0,nan,nan,0.8976111620664595
1,AINR,none,539,1,0,0,0,nan,nan,0.8976111620664595
1,AINR,none,540,1,0,0,0,nan,nan,0.8976111620664595
1,AINR,none,541,1,0,0,0,nan,nan,0.8976111620664595
1,AINR,none,542,1,0,0,0,nan,nan,0.8976111620664595
1,AINR,none,543,1,0,0,0,nan,nan,0.8976111620664595
1,AINR,none,544,1,0,0,0,nan,nan,0.8976111620664595
1,AINR,none,545,1,0,0,0,nan,nan,0.8976111620664595
1,AINR,none,546,1,0,0,0,nan,nan,0.8976111620664595
1,AINR,none,547,1,0,0,0,nan,nan,0.8976111620664595
1,AINR,none,548,1,0,0,0,nan,nan,0.8976111620664595
1,AINR,none,549,1,0,0,0,nan,nan,0.8976111620664595
1,AINR,none,550,1,0,0,0,nan,nan,0.8976111620664595
1,AINR,none,551,1,0,0,0,nan,nan,0.8976111620664595
1,AINR,none,552,1,0,0,0,nan,nan,0.8976111620664595
1,AINR,none,553,1,0,0,0,nan,nan,0.8976111620664595
1,AINR,none,554,1,0,0,0,nan,nan,0.8976111620664595
1,AINR,none,555,1,0,0,0,nan,nan,0.8976111620664595
1,AINR,none,556,1,0,0,0,nan,nan,0.8976111620664595
1,AINR,none,557,1,0,0,0,nan,nan,0.8976111620664595
1,AINR,none,558,1,0,0,0,nan,nan,0.8976111620664595
1,AINR,none,559,1,0,0,0,nan,nan,0.8976111620664595
1,AINR,none,560,1,0,0,0,nan,nan,0.8976111620664595
1,AINR,none,561,1,0,0,0,nan,nan,0.8976111620664595
1,AINR,none,562,1,0,0,0,nan,nan,0.8976111620664595
1,AINR,none,563,1,0,0,0,nan,nan,0.8976111620664595
1,AINR,none,564,1,0,0,0,nan,nan,0.8976111620664595
1,AINR,none,565,1,0,0,0,nan,nan,0.8976111620664595
1,AINR,none,566,1,0,0,0,nan,nan,0.8976111620664595
1,AINR,none,567,1,0,0,0,nan,nan,0.8976111620664595
1,AINR,none,568,1,0,0,0,nan,nan,0.8976111620664595
1,AINR,none,569,1,0,0,0,nan,nan,0.8976111620664595
1,AINR,none,570,1,0,0,0,nan,nan,0.8976111620664595
1,AINR,none,571,1,0,0,0,nan,nan,0.8976111620664595
1,AINR,none,572,1,0,0,0,nan,nan,0.8976111620664595
1,AINR,none,573,1,0,0,0,nan,nan,0.8976111620664595
1,AINR,none,574,1,0,0,0,nan,nan,0.8976111620664595
1,AINR,none,575,1,0,0,0,nan,nan,0.8976111620664595
1,AINR,none,576,1,0,0,0,nan,nan,0.8976111620664595
1,AINR,none,577,1,0,0,0,nan,nan,0.8976111620664595
1,AINR,none,578,1,0,0,0,nan,nan,0.8976111620664595
1,AINR,none,579,1,0,0,0,nan,nan,0.8976111620664595
1,AINR,none,580,1,0,0,0,nan,nan,0.8976111620664595
1,AINR,none,581,1,0,0,0,nan,nan,0.8976111620664595
1,AINR,none,582,1,0,0,0,nan,nan,0.8976111620664595
1,AINR,none,583,1,0,0,0,nan,nan,0.8976111620664595
1,AINR,none,584,1,0,0,0,nan,nan,0.8976111620664595
1,AINR,none,585,1,0,0,0,nan,nan,0.8976111620664595
1,AINR,none,586,1,0,0,0,nan,nan,0.8976111620664595
1,AINR,none,587,1,0,0,0,nan,nan,0.8976111620664595
1,AINR,none,588,1,0,0,0,nan,nan,0.8976111620664595
1,AINR,none,589,1,0,0,0,nan,nan,0.8976111620664595
1,AINR,none,590,1,0,0,0,nan,nan,0.8976111620664595
1,AINR,none,591,1,0,0,0,nan,nan,0.8976111620664595
1,AINR,none,592,1,0,0,0,nan,nan,0.8976111620664595
1,AINR,none,593,1,0,0,0,nan,nan,0.8976111620664595
1,AINR,none,594,1,0,0,0,nan,nan,0.8976111620664595
1,AINR,none,595,1,0,0,0,nan,nan,0.8976111620664595
1,AINR,none,596,1,0,0,0,nan,nan,0.8976111620664595
1,AINR,none,597,1,0,0,0,nan,nan,0.8976111620664595
1,AINR,none,598,1,0,0,0,nan,nan,0.8976111620664595
1,AINR,none,599,1,0,0,0,nan,nan,0.8976111620664595
1,AINR,none,600,1,0,0,0,nan,nan,0.8976111620664595
1,AINR,none,601,1,0,0,0,nan,nan,0.8976111620664595
1,AINR,none,602,1,0,0,0,nan,nan,0.8976111620664595
1,AINR,none,603,1,0,0,0,nan,nan,0.8976111620664595
1,AINR,none,604,1,0,0,0,nan,nan,0.8976111620664595
1,AINR,none,605,1,0,0,0,nan,nan,0.8976111620664595
1,AINR,none,606,1,0,0,0,nan,nan,0.8976111620664595
1,AINR,none,607,1,0,0,0,nan,nan,0.8976111620664595
1,AINR,none,608,1,0,0,0,nan,nan,0.8976111620664595
1,AINR,none,609,1,0,0,0,nan,nan,0.8976111620664595
1,AINR,none,610,1,0,0,0,nan,nan,0.8976111620664595
1,AINR,none,611,1,0,0,0,nan,nan,0.8976111620664595
1,AINR,none,612,1,0,0,0,nan,nan,0.8976111620664595
1,AINR,none,613,1,0,0,0,nan,nan,0.8976111620664595
1,AINR,none,614,1,0,0,0,nan,nan,0.8976111620664595
1,AINR,none,615,1,0,0,0,nan,nan,0.8976111620664595
1,AINR,none,616,1,0,0,0,nan,nan,0.8976111620664595
1,AINR,none,617,1,0,0,0,nan,nan,0.8976111620664595
1,AINR,none,618,1,0,0,0,nan,nan,0.8976111620664595
1,AINR,none,619,1,0,0,0,nan,nan,0.8976111620664595
1,AINR,none,620,1,0,0,0,nan,nan,0.8976111620664595
1,AINR,none,621,1,0,0,0,nan,nan,0.8976111620664595
1,AINR,none,622,1,0,0,0,nan,nan,0.8976111620664595
1,AINR,none,623,1,0,0,0,nan,nan,0.8976111620664595
1,AINR,none,624,1,0,0,0,nan,nan,0.8976111620664595
1,AINR,none,625,1,0,0,0,nan,nan,0.8976111620664595
1,AINR,none,626,1,0,0,0,nan,nan,0.8976111620664595
1,AINR,none,627,1,0,0,0,nan,nan,0.8976111620664595
1,AINR,none,628,1,0,0,0,nan,nan,0.8976111620664595
1,AINR,none,629,1,0,0,0,nan,nan,0.8976111620664595
1,AINR,none,630,1,0,0,0,nan,nan,0.8976111620664595
1,AINR,none,631,1,0,0,0,nan,nan,0.8976111620664595
1,AINR,none,632,1,0,0,0,nan,nan,0.8976111620664595
1,AINR,none,633,1,0,0,0,nan,nan,0.8976111620664595
1,AINR,none,634,1,0,0,0,nan,nan,0.8976111620664595
1,AINR,none,635,1,0,0,0,nan,nan,0.8976111620664595
1,AINR,none,636,1,0,0,0,nan,nan,0.8976111620664595
1,AINR,none,637,1,0,0,0,nan,nan,0.8976111620664595
1,AINR,none,638,1,0,0,0,nan,nan,0.8976111620664595
1,AINR,none,639,1,0,0,0,nan,nan,0.8976111620664595
1,AINR,none,640,1,0,0,0,nan,nan,0.8976111620664595
1,AINR,none,641,1,0,0,0,nan,nan,0.8976111620664595
1,AINR,none,642,1,0,0,0,nan,nan,0.8976111620664595
1,AINR,none,643,1,0,0,0,nan,nan,0.8976111620664595
1,AINR,none,644,1,0,0,0,nan,nan,0.8976111620664595
1,AINR,none,645,1,0,0,0,nan,nan,0.8976111620664595
1,AINR,none,646,1,0,0,0,nan,nan,0.8976111620664595
1,AINR,none,647,1,0,0,0,nan,nan,0.8976111620664595
1,AINR,none,648,1,0,0,0,nan,nan,0.8976111620664595
1,AINR,none,649,1,0,0,0,nan,nan,0.8976111620664595
1,AINR,none,650,1,0,0,0,nan,nan,0.8976111620664595
1,AINR,none,651,1,0,0,0,nan,nan,0.8976111620664595
1,AINR,none,652,1,0,0,0,nan,nan,0.8976111620664595
1,AINR,none,653,1,0,0,0,nan,nan,0.8976111620664595
1,AINR,none,654,1,0,0,0,nan,nan,0.8976111620664595
1,AINR,none,655,1,0,0,0,nan,nan,0.8976111620664595
1,AINR,none,656,1,0,0,0,nan,nan,0.8976111620664595
1,AINR,none,657,1,0,0,0,nan,nan,0.8976111620664595
1,AINR,none,658,1,0,0,0,nan,nan,0.8976111620664595
1,AINR,none,659,1,0,0,0,nan,nan,0.8976111620664595
1,AINR,none,660,1,0,0,0,nan,nan,0.8976111620664595
1,AINR,none,661,1,0,0,0,nan,nan,0.8976111620664595
1,AINR,none,662,1,0,0,0,nan,nan,0.8976111620664595
1,AINR,none,663,1,0,0,0,nan,nan,0.8976111620664595
1,AINR,none,664,1,0,0,0,nan,nan,0.8976111620664595
1,AINR,none,665,1,0,0,0,nan,nan,0.8976111620664595
1,AINR,none,666,1,0,0,0,nan,nan,0.8976111620664595
1,AINR,none,667,1,0,0,0,nan,nan,0.8976111620664595
1,AINR,none,668,1,0,0,0,nan,nan,0.8976111620664595
1,AINR,none,669,1,0,0,0,nan,nan,0.8976111620664595
1,AINR,none,670,1,0,0,0,nan,nan,0.8976111620664595
1,AINR,none,671,1,0,0,0,nan,nan,0.8976111620664595
1,AINR,none,672,1,0,0,0,nan,nan,0.8976111620664595
1,AINR,none,673,1,0,0,0,nan,nan,0.8976111620664595
1,AINR,none,674,1,0,0,0,nan,nan,0.8976111620664595
1,AINR,none,675,1,0,0,0,nan,nan,0.8976111620664595
1,AINR,none,676,1,0,0,0,nan,nan,0.8976111620664595
1,AINR,none,677,1,0,0,0,nan,nan,0.8976111620664595
1,AINR,none,678,1,0,0,0,nan,nan,0.8976111620664595
1,AINR,none,679,1,0,0,0,nan,nan,0.8976111620664595
1,AINR,none,680,1,0,0,0,nan,nan,0.8976111620664595
1,AINR,none,681,1,0,0,0,nan,nan,0.8976111620664595
1,AINR,none,682,1,0,0,0,nan,nan,0.8976111620664595
1,AINR,none,683,1,0,0,0,nan,nan,0.8976111620664595
1,AINR,none,684,1,0,0,0,nan,nan,0.8976111620664595
1,AINR,none,685,1,0,0,0,nan,nan,0.8976111620664595
1,AINR,none,686,1,0,0,0,nan,nan,0.8976111620664595
1,AINR,none,687,1,0,0,0,nan,nan,0.8976111620664595
1,AINR,none,688,1,0,0,0,nan,nan,0.8976111620664595
1,AINR,none,689,1,0,0,0,nan,nan,0.8976111620664595
1,AINR,none,690,1,0,0,0,nan,nan,0.8976111620664595
1,AINR,none,691,1,0,0,0,nan,nan,0.8976111620664595
1,AINR,none,692,1,0,0,0,nan,nan,0.8976111620664595
1,AINR,none,693,1,0,0,0,nan,nan,0.8976111620664595
1,AINR,none,694,1,0,0,0,nan,nan,0.8976111620664595
1,AINR,none,695,1,0,0,0,nan,nan,0.8976111620664595
1,AINR,none,696,1,0,0,0,nan,nan,0.8976111620664595
1,AINR,none,697,1,0,0,0,nan,nan,0.8976111620664595
1,AINR,none,698,1,0,0,0,nan,nan,0.8976111620664595
1,AINR,none,699,1,0,0,0,nan,nan,0.8976111620664595
1,AINR,none,700,1,0,0,0,nan,nan,0.8976111620664595
1,AINR,none,701,1,0,0,0,nan,nan,0.8976111620664595
1,AINR,none,702,1,0,0,0,nan,nan,0.8976111620664595
1,AINR,none,703,1,0,0,0,nan,nan,0.8976111620664595
1,AINR,none,704,1,0,0,0,nan,nan,0.8976111620664595
1,AINR,none,705,1,0,0,0,nan,nan,0.8976111620664595
1,AINR,none,706,1,0,0,0,nan,nan,0.8976111620664595
1,AINR,none,707,1,0,0,0,nan,nan,0.8976111620664595
1,AINR,none,708,1,0,0,0,nan,nan,0.8976111620664595
1,AINR,none,709,1,0,0,0,nan,nan,0.8976111620664595
1,AINR,none,710,1,0,0,0,nan,nan,0.8976111620664595
1,AINR,none,711,1,0,0,0,nan,nan,0.8976111620664595
1,AINR,none,712,1,0,0,0,nan,nan,0.8976111620664595
1,AINR,none,713,1,0,0,0,nan,nan,0.8976111620664595
1,AINR,none,714,1,0,0,0,nan,nan,0.8976111620664595
1,AINR,none,715,1,0,0,0,nan,nan,0.8976111620664595
1,AINR,none,716,1,0,0,0,nan,nan,0.8976111620664595
1,AINR,none,717,1,0,0,0,nan,nan,0.8976111620664595
1,AINR,none,718,1,0,0,0,nan,nan,0.8976111620664595
1,AINR,none,719,1,0,0,0,nan,nan,0.8976111620664595
1,AINR,none,720,1,0,0,0,nan,nan,0.8976111620664595
1,AINR,none,721,1,0,0,0,nan,nan,0.8976111620664595
1,AINR,none,722,1,0,0,0,nan,nan,0.8976111620664595
1,AINR,none,723,1,0,0,0,nan,nan,0.8976111620664595
1,AINR,none,724,1,0,0,0,nan,nan,0.8976111620664595
1,AINR,none,725,1,0,0,0,nan,nan,0.8976111620664595
1,AINR,none,726,1,0,0,0,nan,nan,0.8976111620664595
1,AINR,none,727,1,0,0,0,nan,nan,0.8976111620664595
1,AINR,none,728,1,0,0,0,nan,nan,0.8976111620664595
1,AINR,none,729,1,0,0,0,nan,nan,0.8976111620664595
1,AINR,none,730,1,0,0,0,nan,nan,0.8976111620664595
1,AINR,none,731,1,0,0,0,nan,nan,0.8976111620664595
1,AINR,none,732,1,0,0,0,nan,nan,0.8976111620664595
1,AINR,none,733,1,0,0,0,nan,nan,0.8976111620664595
1,AINR,none,734,1,0,0,0,nan,nan,0.8976111620664595
1,AINR,none,735,1,0,0,0,nan,nan,0.8976111620664595
1,AINR,none,736,1,0,0,0,nan,nan,0.8976111620664595
1,AINR,none,737,1,0,0,0,nan,nan,0.8976111620664595
1,AINR,none,738,1,0,0,0,nan,nan,0.8976111620664595
1,AINR,none,739,1,0,0,0,nan,nan,0.8976111620664595
1,AINR,none,740,1,0,0,0,nan,nan,0.8976111620664595
1,AINR,none,741,1,0,0,0,nan,nan,0.8976111620664595
1,AINR,none,742,1,0,0,0,nan,nan,0.8976111620664595
1,AINR,none,743,1,0,0,0,nan,nan,0.8976111620664595
1,AINR,none,744,1,0,0,0,nan,nan,0.8976111620664595
1,AINR,none,745,1,0,0,0,nan,nan,0.8976111620664595
1,AINR,none,746,1,0,0,0,nan,nan,0.8976111620664595
1,AINR,none,747,1,0,0,0,nan,nan,0.8976111620664595
1,AINR,none,748,1,0,0,0,nan,nan,0.8976111620664595
1,AINR,none,749,1,0,0,0,nan,nan,0.8976111620664595
1,AINR,none,750,1,0,0,0,nan,nan,0.8976111620664595
1,AINR,none,751,1,0,0,0,nan,nan,0.8976111620664595
1,AINR,none,752,1,0,0,0,nan,nan,0.8976111620664595
1,AINR,none,753,1,0,0,0,nan,nan,0.8976111620664595
1,AINR,none,754,1,0,0,0,nan,nan,0.8976111620664595
1,AINR,none,755,1,0,0,0,nan,nan,0.8976111620664595
1,AINR,none,756,1,0,0,0,nan,nan,0.8976111620664595
1,AINR,none,757,1,0,0,0,nan,nan,0.8976111620664595
1,AINR,none,758,1,0,0,0,nan,nan,0.8976111620664595
1,AINR,none,759,1,0,0,0,nan,nan,0.8976111620664595
1,AINR,none,760,1,0,0,0,nan,nan,0.8976111620664595
1,AINR,none,761,1,0,0,0,nan,nan,0.8976111620664595
1,AINR,none,762,1,0,0,0,nan,nan,0.8976111620664595
1,AINR,none,763,1,0,0,0,nan,nan,0.8976111620664595
1,AINR,none,764,1,0,0,0,nan,nan,0.8976111620664595
1,AINR,none,765,1,0,0,0,nan,nan,0.8976111620664595
1,AINR,none,766,1,0,0,0,nan,nan,0.8976111620664595
1,AINR,none,767,1,0,0,0,nan,nan,0.8976111620664595
1,AINR,none,768,1,0,0,0,nan,nan,0.8976111620664595
1,AINR,none,769,1,0,0,0,nan,nan,0.8976111620664595
1,AINR,none,770,1,0,0,0,nan,nan,0.8976111620664595
1,AINR,none,771,1,0,0,0,nan,nan,0.8976111620664595
1,AINR,none,772,1,0,0,0,nan,nan,0.8976111620664595
1,AINR,none,773,1,0,0,0,nan,nan,0.8976111620664595
1,AINR,none,774,1,0,0,0,nan,nan,0.8976111620664595
1,AINR,none,775,1,0,0,0,nan,nan,0.8976111620664595
1,AINR,none,776,1,0,0,0,nan,nan,0.8976111620664595
1,AINR,none,777,1,0,0,0,nan,nan,0.8976111620664595
1,AINR,none,778,1,0,0,0,nan,nan,0.8976111620664595
1,AINR,none,779,1,0,0,0,nan,nan,0.8976111620664595
1,AINR,none,780,1,0,0,0,nan,nan,0.8976111620664595
1,AINR,none,781,1,0,0,0,nan,nan,0.8976111620664595
1,AINR,none,782,1,0,0,0,nan,nan,0.8976111620664595
1,AINR,none,783,1,0,0,0,nan,nan,0.8976111620664595
1,AINR,none,784,1,0,0,0,nan,nan,0.8976111620664595
1,AINR,none,785,1,0,0,0,nan,nan,0.8976111620664595
1,AINR,none,786,1,0,0,0,nan,nan,0.8976111620664595
1,AINR,none,787,1,0,0,0,nan,nan,0.8976111620664595
1,AINR,none,788,1,0,0,0,nan,nan,0.8976111620664595
1,AINR,none,789,1,0,0,0,nan,nan,0.8976111620664595
1,AINR,none,790,1,0,0,0,nan,nan,0.8976111620664595
1,AINR,none,791,1,0,0,0,nan,nan,0.8976111620664595
1,AINR,none,792,1,0,0,0,nan,nan,0.8976111620664595
1,AINR,none,793,1,0,0,0,nan,nan,0.8976111620664595
1,AINR,none,794,1,0,0,0,nan,nan,0.8976111620664595
1,AINR,none,795,1,0,0,0,nan,nan,0.8976111620664595
1,AINR,none,796,1,0,0,0,nan,nan,0.8976111620664595
1,AINR,none,797,1,0,0,0,nan,nan,0.8976111620664595
1,AINR,none,798,1,0,0,0,nan,nan,0.8976111620664595
1,AINR,none,799,1,0,0,0,nan,nan,0.8976111620664595
1,AINR,none,800,1,0,0,0,nan,nan,0.8976111620664595
1,AINR,none,801,1,0,0,0,nan,nan,0.8976111620664595
1,AINR,none,802,1,0,0,0,nan,nan,0.8976111620664595
1,AINR,none,803,1,0,0,0,nan,nan,0.8976111620664595
1,AINR,none,804,1,0,0,0,nan,nan,0.8976111620664595
1,AINR,none,805,1,0,0,0,nan,nan,0.8976111620664595
1,AINR,none,806,1,0,0,0,nan,nan,0.8976111620664595
1,AINR,none,807,1,0,0,0,nan,nan,0.8976111620664595
1,AINR,none,808,1,0,0,0,nan,nan,0.8976111620664595
1,AINR,none,809,1,0,0,0,nan,nan,0.8976111620664595
1,AINR,none,810,1,0,0,0,nan,nan,0.8976111620664595
1,AINR,none,811,1,0,0,0,nan,nan,0.8976111620664595
1,AINR,none,812,1,0,0,0,nan,nan,0.8976111620664595
1,AINR,none,813,1,0,0,0,nan,nan,0.8976111620664595
1,AINR,none,814,1,0,0,0,nan,nan,0.8976111620664595
1,AINR,none,815,1,0,0,0,nan,nan,0.8976111620664595
1,AINR,none,816,1,0,0,0,nan,nan,0.8976111620664595
1,AINR,none,817,1,0,0,0,nan,nan,0.8976111620664595
1,AINR,none,818,1,0,0,0,nan,nan,0.8976111620664595
1,AINR,none,819,1,0,0,0,nan,nan,0.8976111620664595
1,AINR,none,820,1,0,0,0,nan,nan,0.8976111620664595
1,AINR,none,821,1,0,0,0,nan,nan,0.8976111620664595
1,AINR,none,822,1,0,0,0,nan,nan,0.8976111620664595
1,AINR,none,823,1,0,0,0,nan,nan,0.8976111620664595
1,AINR,none,824,1,0,0,0,nan,nan,0.8976111620664595
1,AINR,none,825,1,0,0,0,nan,nan,0.8976111620664595
1,AINR,none,826,1,0,0,0,nan,nan,0.8976111620664595
1,AINR,none,827,1,0,0,0,nan,nan,0.8976111620664595
1,AINR,none,828,1,0,0,0,nan,nan,0.8976111620664595
1,AINR,none,829,1,0,0,0,nan,nan,0.8976111620664595
1,AINR,none,830,1,0,0,0,nan,nan,0.8976111620664595
1,AINR,none,831,1,0,0,0,nan,nan,0.8976111620664595
1,AINR,none,832,1,0,0,0,nan,nan,0.8976111620664595
1,AINR,none,833,1,0,0,0,nan,nan,0.8976111620664595
1,AINR,none,834,1,0,0,0,nan,nan,0.8976111620664595
1,AINR,none,835,1,0,0,0,nan,nan,0.8976111620664595
1,AINR,none,836,1,0,0,0,nan,nan,0.8976111620664595
1,AINR,none,837,1,0,0,0,nan,nan,0.8976111620664595
1,AINR,none,838,1,0,0,0,nan,nan,0.8976111620664595
1,AINR,none,839,1,0,0,0,nan,nan,0.8976111620664595
1,AINR,none,840,1,0,0,0,nan,nan,0.8976111620664595
1,AINR,none,841,1,0,0,0,nan,nan,0.8976111620664595
1,AINR,none,842,1,0,0,0,nan,nan,0.8976111620664595
1,AINR,none,843,1,0,0,0,nan,nan,0.8976111620664595
1,AINR,none,844,1,0,0,0,nan,nan,0.8976111620664595
1,AINR,none,845,1,0,0,0,nan,nan,0.8976111620664595
1,AINR,none,846,1,0,0,0,nan,nan,0.8976111620664595
1,AINR,none,847,1,0,0,0,nan,nan,0.8976111620664595
1,AINR,none,848,1,0,0,0,nan,nan,0.8976111620664595
1,AINR,none,849,1,0,0,0,nan,nan,0.8976111620664595
1,AINR,none,850,1,0,0,0,nan,nan,0.8976111620664595
1,AINR,none,851,1,0,0,0,nan,nan,0.8976111620664595
1,AINR,none,852,1,0,0,0,nan,nan,0.8976111620664595
1,AINR,none,853,1,0,0,0,nan,nan,0.8976111620664595
1,AINR,none,854,1,0,0,0,nan,nan,0.8976111620664595
1,AINR,none,855,1,0,0,0,nan,nan,0.8976111620664595
1,AINR,none,856,1,0,0,0,nan,nan,0.8976111620664595
1,AINR,none,857,1,0,0,0,nan,nan,0.8976111620664595
1,AINR,none,858,1,0,0,0,nan,nan,0.8976111620664595
1,AINR,none,859,1,0,0,0,nan,nan,0.8976111620664595
1,AINR,none,860,1,0,0,0,nan,nan,0.8976111620664595
1,AINR,none,861,1,0,0,0,nan,nan,0.8976111620664595
1,AINR,none,862,1,0,0,0,nan,nan,0.8976111620664595
1,AINR,none,863,1,0,0,0,nan,nan,0.8976111620664595
1,AINR,none,864,1,0,0,0,nan,nan,0.8976111620664595
1,AINR,none,865,1,0,0,0,nan,nan,0.8976111620664595
1,AINR,none,866,1,0,0,0,nan,nan,0.8976111620664595
1,AINR,none,867,1,0,0,0,nan,nan,0.8976111620664595
1,AINR,none,868,1,0,0,0,nan,nan,0.8976111620664595
1,AINR,none,869,1,0,0,0,nan,nan,0.8976111620664595
1,AINR,none,870,1,0,0,0,nan,nan,0.8976111620664595
1,AINR,none,871,1,0,0,0,nan,nan,0.8976111620664595
1,AINR,none,872,1,0,0,0,nan,nan,0.8976111620664595
1,AINR,none,873,1,0,0,0,nan,nan,0.8976111620664595
1,AINR,none,874,1,0,0,0,nan,nan,0.8976111620664595
1,AINR,none,875,1,0,0,0,nan,nan,0.8976111620664595
1,AINR,none,876,1,0,0,0,nan,nan,0.8976111620664595
1,AINR,none,877,1,0,0,0,nan,nan,0.8976111620664595
1,AINR,none,878,1,0,0,0,nan,nan,0.8976111620664595
1,AINR,none,879,1,0,0,0,nan,nan,0.8976111620664595
1,AINR,none,880,1,0,0,0,nan,nan,0.8976111620664595
1,AINR,none,881,1,0,0,0,nan,nan,0.8976111620664595
1,AINR,none,882,1,0,0,0,nan,nan,0.8976111620664595
1,AINR,none,883,1,0,0,0,nan,nan,0.8976111620664595
1,AINR,none,884,1,0,0,0,nan,nan,0.8976111620664595
1,AINR,none,885,1,0,0,0,nan,nan,0.8976111620664595
1,AINR,none,886,1,0,0,0,nan,nan,0.8976111620664595
1,AINR,none,887,1,0,0,0,nan,nan,0.8976111620664595
1,AINR,none,888,1,0,0,0,nan,nan,0.8976111620664595
1,AINR,none,889,1,0,0,0,nan,nan,0.8976111620664595
1,AINR,none,890,1,0,0,0,nan,nan,0.8976111620664595
1,AINR,none,891,1,0,0,0,nan,nan,0.8976111620664595
1,AINR,none,892,1,0,0,0,nan,nan,0.8976111620664595
1,AINR,none,893,1,0,0,0,nan,nan,0.8976111620664595
1,AINR,none,894,1,0,0,0,nan,nan,0.8976111620664595
1,AINR,none,895,1,0,0,0,nan,nan,0.8976111620664595
1,AINR,none,896,1,0,0,0,nan,nan,0.8976111620664595
1,AINR,none,897,1,0,0,0,nan,nan,0.8976111620664595
1,AINR,none,898,1,0,0,0,nan,nan,0.8976111620664595
1,AINR,none,899,1,0,0,0,nan,nan,0.8976111620664595
1,AINR,none,900,1,0,0,0,nan,nan,0.8976111620664595
1,AINR,none,901,1,0,0,0,nan,nan,0.8976111620664595
1,AINR,none,902,1,0,0,0,nan,nan,0.8976111620664595
1,AINR,none,903,1,0,0,0,nan,nan,0.8976111620664595
1,AINR,none,904,1,0,0,0,nan,nan,0.8976111620664595
1,AINR,none,905,1,0,0,0,nan,nan,0.8976111620664595
1,AINR,none,906,1,0,0,0,nan,nan,0.8976111620664595
1,AINR,none,907,1,0,0,0,nan,nan,0.8976111620664595
1,AINR,none,908,1,0,0,0,nan,nan,0.8976111620664595
1,AINR,none,909,1,0,0,0,nan,nan,0.8976111620664595
1,AINR,none,910,1,0,0,0,nan,nan,0.8976111620664595
1,AINR,none,911,1,0,0,0,nan,nan,0.8976111620664595
1,AINR,none,912,1,0,0,0,nan,nan,0.8976111620664595
1,AINR,none,913,1,0,0,0,nan,nan,0.8976111620664595
1,AINR,none,914,1,0,0,0,nan,nan,0.8976111620664595
1,AINR,none,915,1,0,0,0,nan,nan,0.8976111620664595
1,AINR,none,916,1,0,0,0,nan,nan,0.8976111620664595
1,AINR,none,917,1,0,0,0,nan,nan,0.8976111620664595
1,AINR,none,918,1,0,0,0,nan,nan,0.8976111620664595
1,AINR,none,919,1,0,0,0,nan,nan,0.8976111620664595
1,AINR,none,920,1,0,0,0,nan,nan,0.8976111620664595
1,AINR,none,921,1,0,0,0,nan,nan,0.8976111620664595
1,AINR,none,922,1,0,0,0,nan,nan,0.8976111620664595
1,AINR,none,923,1,0,0,0,nan,nan,0.8976111620664595
1,AINR,none,924,1,0,0,0,nan,nan,0.8976111620664595
1,AINR,none,925,1,0,0,0,nan,nan,0.8976111620664595
1,AINR,none,926,1,0,0,0,nan,nan,0.8976111620664595
1,AINR,none,927,1,0,0,0,nan,nan,0.8976111620664595
1,AINR,none,928,1,0,0,0,nan,nan,0.8976111620664595
1,AINR,none,929,1,0,0,0,nan,nan,0.8976111620664595
1,AINR,none,930,1,0,0,0,nan,nan,0.8976111620664595
1,AINR,none,931,1,0,0,0,nan,nan,0.8976111620664595
1,AINR,none,932,1,0,0,0,nan,nan,0.8976111620664595
1,AINR,none,933,1,0,0,0,nan,nan,0.8976111620664595
1,AINR,none,934,1,0,0,0,nan,nan,0.8976111620664595
1,AINR,none,935,1,0,0,0,nan,nan,0.8976111620664595
1,AINR,none,936,1,0,0,0,nan,nan,0.8976111620664595
1,AINR,none,937,1,0,0,0,nan,nan,0.8976111620664595
1,AINR,none,938,1,0,0,0,nan,nan,0.8976111620664595
1,AINR,none,939,1,0,0,0,nan,nan,0.8976111620664595
1,AINR,none,940,1,0,0,0,nan,nan,0.8976111620664595
1,AINR,none,941,1,0,0,0,nan,nan,0.8976111620664595
1,AINR,none,942,1,0,0,0,nan,nan,0.8976111620664595
1,AINR,none,943,1,0,0,0,nan,nan,0.8976111620664595
1,AINR,none,944,1,0,0,0,nan,nan,0.8976111620664595
1,AINR,none,945,1,0,0,0,nan,nan,0.8976111620664595
1,AINR,none,946,1,0,0,0,nan,nan,0.8976111620664595
1,AINR,none,947,1,0,0,0,nan,nan,0.8976111620664595
1,AINR,none,948,1,0,0,0,nan,nan,0.8976111620664595
1,AINR,none,949,1,0,0,0,nan,nan,0.8976111620664595
1,AINR,none,950,1,0,0,0,nan,nan,0.8976111620664595
1,AINR,none,951,1,0,0,0,nan,nan,0.8976111620664595
1,AINR,none,952,1,0,0,0,nan,nan,0.8976111620664595
1,AINR,none,953,1,0,0,0,nan,nan,0.8976111620664595
1,AINR,none,954,1,0,0,0,nan,nan,0.8976111620664595
1,AINR,none,955,1,0,0,0,nan,nan,0.8976111620664595
1,AINR,none,956,1,0,0,0,nan,nan,0.8976111620664595
1,AINR,none,957,1,0,0,0,nan,nan,0.8976111620664595
1,AINR,none,958,1,0,0,0,nan,nan,0.8976111620664595
1,AINR,none,959,1,0,0,0,nan,nan,0.8976111620664595
1,AINR,none,960,1,0,0,0,nan,nan,0.8976111620664595
1,AINR,none,961,1,0,0,0,nan,nan,0.8976111620664595
1,AINR,none,962,1,0,0,0,nan,nan,0.8976111620664595
1,AINR,none,963,1,0,0,0,nan,nan,0.8976111620664595
1,AINR,none,964,1,0,0,0,nan,nan,0.8976111620664595
1,AINR,none,965,1,0,0,0,nan,nan,0.8976111620664595
1,AINR,none,966,1,0,0,0,nan,nan,0.8976111620664595
1,AINR,none,967,1,0,0,0,nan,nan,0.8976111620664595
1,AINR,none,968,1,0,0,0,nan,nan,0.8976111620664595
1,AINR,none,969,1,0,0,0,nan,nan,0.8976111620664595
1,AINR,none,970,1,0,0,0,nan,nan,0.8976111620664595
1,AINR,none,971,1,0,0,0,nan,nan,0.8976111620664595
1,AINR,none,972,1,0,0,0,nan,nan,0.8976111620664595
1,AINR,none,973,1,0,0,0,nan,nan,0.8976111620664595
1,AINR,none,974,1,0,0,0,nan,nan,0.8976111620664595
1,AINR,none,975,1,0,0,0,nan,nan,0.8976111620664595
1,AINR,none,976,1,0,0,0,nan,nan,0.8976111620664595
1,AINR,none,977,1,0,0,0,nan,nan,0.8976111620664595
1,AINR,none,978,1,0,0,0,nan,nan,0.8976111620664595
1,AINR,none,979,1,0,0,0,nan,nan,0.8976111620664595
1,AINR,none,980,1,0,0,0,nan,nan,0.8976111620664595
1,AINR,none,981,1,0,0,0,nan,nan,0.8976111620664595
1,AINR,none,982,1,0,0,0,nan,nan,0.8976111620664595
1,AINR,none,983,1,0,0,0,nan,nan,0.8976111620664595
1,AINR,none,984,1,0,0,0,nan,nan,0.8976111620664595
1,AINR,none,985,1,0,0,0,nan,nan,0.8976111620664595
1,AINR,none,986,1,0,0,0,nan,nan,0.8976111620664595
1,AINR,none,987,1,0,0,0,nan,nan,0.8976111620664595
1,AINR,none,988,1,0,0,0,nan,nan,0.8976111620664595
1,AINR,none,989,1,0,0,0,nan,nan,0.8976111620664595
1,AINR,none,990,1,0,0,0,nan,nan,0.8976111620664595
1,AINR,none,991,1,0,0,0,nan,nan,0.8976111620664595
1,AINR,none,992,1,0,0,0,nan,nan,0.8976111620664595
1,AINR,none,993,1,0,0,0,nan,nan,0.8976111620664595
1,AINR,none,994,1,0,0,0,nan,nan,0.8976111620664595
1,AINR,none,995,1,0,0,0,nan,nan,0.8976111620664595
1,AINR,none,996,1,0,0,0,nan,nan,0.8976111620664595
1,AINR,none,997,1,0,0,0,nan,nan,0.8976111620664595
1,AINR,none,998,1,0,0,0,nan,nan,0.8976111620664595
1,AINR,none,999,1,0,0,0,nan,nan,0.8976111620664595
1,AINR,ungated,0,1,0,0,1,359.31089999940014,nan,0.8976111620664595
1,AINR,ungated,1,1,0,0,1,52.765200001886114,nan,0.8976111620664595
1,AINR,ungated,2,1,0,0,1,55.51160000322852,nan,0.8976111620664595
1,AINR,ungated,3,1,0,0,1,62.87080000038259,nan,0.8976111620664595
1,AINR,ungated,4,1,0,0,1,46.175099996617064,nan,0.8976111620664595
1,AINR,ungated,5,1,0,0,1,51.9817000022158,nan,0.8976111620664595
1,AINR,ungated,6,1,0,0,1,50.89210000005551,nan,0.8976111620664595
1,AINR,ungated,7,1,0,0,1,58.307999999669846,nan,0.8976111620664595
1,AINR,ungated,8,1,0,0,1,55.60080000577727,nan,0.8976111620664595
1,AINR,ungated,9,1,0,0,1,59.885200003918726,nan,0.8976111620664595
1,AINR,ungated,10,1,0,0,1,57.57009999797447,nan,0.8976111620664595
1,AINR,ungated,11,1,0,0,1,57.50540000008186,nan,0.8976111620664595
1,AINR,ungated,12,1,0,0,1,57.78000000282191,nan,0.8976111620664595
1,AINR,ungated,13,1,0,0,1,51.88740000448888,nan,0.8976111620664595
1,AINR,ungated,14,1,0,0,1,58.83149999863235,nan,0.8976111620664595
1,AINR,ungated,15,1,0,0,1,53.65940000046976,nan,0.8976111620664595
1,AINR,ungated,16,1,0,0,1,50.96120000234805,nan,0.8976111620664595
1,AINR,ungated,17,1,0,0,1,54.20169999706559,nan,0.8976111620664595
1,AINR,ungated,18,1,0,0,1,62.27109999599634,nan,0.8976111620664595
1,AINR,ungated,19,1,0,0,1,49.394800000300165,nan,0.8976111620664595
1,AINR,ungated,20,1,0,0,1,50.9477000014158,nan,0.8976111620664595
1,AINR,ungated,21,1,0,0,1,49.36900000029709,nan,0.8976111620664595
1,AINR,ungated,22,1,0,0,1,46.687000001838896,nan,0.8976111620664595
1,AINR,ungated,23,1,0,0,1,48.2862999997451,nan,0.8976111620664595
1,AINR,ungated,24,1,0,0,1,44.614400001592,nan,0.8976111620664595
1,AINR,ungated,25,1,0,0,1,44.97120000451105,nan,0.8976111620664595
1,AINR,ungated,26,1,0,0,1,41.55719999835128,nan,0.8976111620664595
1,AINR,ungated,27,1,0,0,1,43.8916999992216,nan,0.8976111620664595
1,AINR,ungated,28,1,0,0,1,43.300499994074926,nan,0.8976111620664595
1,AINR,ungated,29,1,0,0,1,42.763499994180165,nan,0.8976111620664595
1,AINR,ungated,30,1,0,0,1,42.09120000450639,nan,0.8976111620664595
1,AINR,ungated,31,1,0,0,1,43.29969999525929,nan,0.8976111620664595
1,AINR,ungated,32,1,0,0,1,44.43580000224756,nan,0.8976111620664595
1,AINR,ungated,33,1,0,0,1,42.09469999477733,nan,0.8976111620664595
1,AINR,ungated,34,1,0,0,1,41.68770000251243,nan,0.8976111620664595
1,AINR,ungated,35,1,0,0,1,42.155800001637544,nan,0.8976111620664595
1,AINR,ungated,36,1,0,0,1,41.65320000174688,nan,0.8976111620664595
1,AINR,ungated,37,1,0,0,1,45.13310000038473,nan,0.8976111620664595
1,AINR,ungated,38,1,0,0,1,42.537400004221126,nan,0.8976111620664595
1,AINR,ungated,39,1,0,0,1,42.7473999952781,nan,0.8976111620664595
1,AINR,ungated,40,1,0,0,1,44.21580000052927,nan,0.8976111620664595
1,AINR,ungated,41,1,0,0,1,38.83109999878798,nan,0.8976111620664595
1,AINR,ungated,42,1,0,0,1,43.890699998883065,nan,0.8976111620664595
1,AINR,ungated,43,1,0,0,1,41.55750000063563,nan,0.8976111620664595
1,AINR,ungated,44,1,0,0,1,56.41079999622889,nan,0.8976111620664595
1,AINR,ungated,45,1,0,0,1,58.35769999976037,nan,0.8976111620664595
1,AINR,ungated,46,1,0,0,1,56.40490000223508,nan,0.8976111620664595
1,AINR,ungated,47,1,0,0,1,56.13440000161063,nan,0.8976111620664595
1,AINR,ungated,48,1,0,0,1,61.429699999280274,nan,0.8976111620664595
1,AINR,ungated,49,1,0,0,1,57.949900001403876,nan,0.8976111620664595
1,AINR,ungated,50,1,0,0,1,53.56030000257306,nan,0.8976111620664595
1,AINR,ungated,51,1,0,0,1,50.53329999645939,nan,0.8976111620664595
1,AINR,ungated,52,1,0,0,1,51.48919999919599,nan,0.8976111620664595
1,AINR,ungated,53,1,0,0,1,51.463600000715815,nan,0.8976111620664595
1,AINR,ungated,54,1,0,0,1,49.762599999667145,nan,0.8976111620664595
1,AINR,ungated,55,1,0,0,1,49.30350000358885,nan,0.8976111620664595
1,AINR,ungated,56,1,0,0,1,49.11359999823617,nan,0.8976111620664595
1,AINR,ungated,57,1,0,0,1,47.71970000001602,nan,0.8976111620664595
1,AINR,ungated,58,1,0,0,1,45.94230000657262,nan,0.8976111620664595
1,AINR,ungated,59,1,0,0,1,48.05879999912577,nan,0.8976111620664595
1,AINR,ungated,60,1,0,0,1,45.6728999997722,nan,0.8976111620664595
1,AINR,ungated,61,1,0,0,1,42.87919999478618,nan,0.8976111620664595
1,AINR,ungated,62,1,0,0,1,42.794100001628976,nan,0.8976111620664595
1,AINR,ungated,63,1,0,0,1,43.73910000140313,nan,0.8976111620664595
1,AINR,ungated,64,1,0,0,1,44.05560000304831,nan,0.8976111620664595
1,AINR,ungated,65,1,0,0,1,45.69959999935236,nan,0.8976111620664595
1,AINR,ungated,66,1,0,0,1,44.170900000608526,nan,0.8976111620664595
1,AINR,ungated,67,1,0,0,1,43.43059999519028,nan,0.8976111620664595
1,AINR,ungated,68,1,0,0,1,45.02900000079535,nan,0.8976111620664595
1,AINR,ungated,69,1,0,0,1,44.95229999884032,nan,0.8976111620664595
1,AINR,ungated,70,1,0,0,1,44.12849999789614,nan,0.8976111620664595
1,AINR,ungated,71,1,0,0,1,43.7714999934542,nan,0.8976111620664595
1,AINR,ungated,72,1,0,0,1,46.244100005424116,nan,0.8976111620664595
1,AINR,ungated,73,1,0,0,1,43.42200000246521,nan,0.8976111620664595
1,AINR,ungated,74,1,0,0,1,45.26400000031572,nan,0.8976111620664595
1,AINR,ungated,75,1,0,0,1,40.33720000006724,nan,0.8976111620664595
1,AINR,ungated,76,1,0,0,1,46.40799999469891,nan,0.8976111620664595
1,AINR,ungated,77,1,0,0,1,42.85189999791328,nan,0.8976111620664595
1,AINR,ungated,78,1,0,0,1,43.93469999922672,nan,0.8976111620664595
1,AINR,ungated,79,1,0,0,1,44.98009999952046,nan,0.8976111620664595
1,AINR,ungated,80,1,0,0,1,42.70339999493444,nan,0.8976111620664595
1,AINR,ungated,81,1,0,0,1,42.95399999682559,nan,0.8976111620664595
1,AINR,ungated,82,1,0,0,1,44.04330000397749,nan,0.8976111620664595
1,AINR,ungated,83,1,0,0,1,43.18729999795323,nan,0.8976111620664595
1,AINR,ungated,84,1,0,0,1,43.87440000573406,nan,0.8976111620664595
1,AINR,ungated,85,1,0,0,1,42.80550000112271,nan,0.8976111620664595
1,AINR,ungated,86,1,0,0,1,41.82800000126008,nan,0.8976111620664595
1,AINR,ungated,87,1,0,0,1,41.33120000187773,nan,0.8976111620664595
1,AINR,ungated,88,1,0,0,1,43.49730000103591,nan,0.8976111620664595
1,AINR,ungated,89,1,0,0,1,44.06130000279518,nan,0.8976111620664595
1,AINR,ungated,90,1,0,0,1,44.582400005310774,nan,0.8976111620664595
1,AINR,ungated,91,1,0,0,1,43.25799999787705,nan,0.8976111620664595
1,AINR,ungated,92,1,0,0,1,48.9674999989802,nan,0.8976111620664595
1,AINR,ungated,93,1,0,0,1,57.23279999801889,nan,0.8976111620664595
1,AINR,ungated,94,1,0,0,1,57.592699995439034,nan,0.8976111620664595
1,AINR,ungated,95,1,0,0,1,56.389999997918494,nan,0.8976111620664595
1,AINR,ungated,96,1,0,0,1,60.476300001027994,nan,0.8976111620664595
1,AINR,ungated,97,1,0,0,1,54.81539999891538,nan,0.8976111620664595
1,AINR,ungated,98,1,0,0,1,51.287199996295385,nan,0.8976111620664595
1,AINR,ungated,99,1,0,0,1,51.89499999687541,nan,0.8976111620664595
1,AINR,ungated,100,1,0,0,1,55.0675999984378,nan,0.8976111620664595
1,AINR,ungated,101,1,0,0,1,52.24650000309339,nan,0.8976111620664595
1,AINR,ungated,102,1,0,0,1,48.85669999930542,nan,0.8976111620664595
1,AINR,ungated,103,1,0,0,1,55.83840000326745,nan,0.8976111620664595
1,AINR,ungated,104,1,0,0,1,51.54920000495622,nan,0.8976111620664595
1,AINR,ungated,105,1,0,0,1,49.59850000159349,nan,0.8976111620664595
1,AINR,ungated,106,1,0,0,1,51.432000000204425,nan,0.8976111620664595
1,AINR,ungated,107,1,0,0,1,49.62610000075074,nan,0.8976111620664595
1,AINR,ungated,108,1,0,0,1,50.002799995127134,nan,0.8976111620664595
1,AINR,ungated,109,1,0,0,1,49.53679999744054,nan,0.8976111620664595
1,AINR,ungated,110,1,0,0,1,50.048099998093676,nan,0.8976111620664595
1,AINR,ungated,111,1,0,0,1,52.16210000071442,nan,0.8976111620664595
1,AINR,ungated,112,1,0,0,1,49.77309999958379,nan,0.8976111620664595
1,AINR,ungated,113,1,0,0,1,48.576500004855916,nan,0.8976111620664595
1,AINR,ungated,114,1,0,0,1,48.144100001081824,nan,0.8976111620664595
1,AINR,ungated,115,1,0,0,1,51.34890000044834,nan,0.8976111620664595
1,AINR,ungated,116,1,0,0,1,48.567899997578934,nan,0.8976111620664595
1,AINR,ungated,117,1,0,0,1,48.44629999570316,nan,0.8976111620664595
1,AINR,ungated,118,1,0,0,1,49.55449999397388,nan,0.8976111620664595
1,AINR,ungated,119,1,0,0,1,48.33589999907417,nan,0.8976111620664595
1,AINR,ungated,120,1,0,0,1,47.97059999691555,nan,0.8976111620664595
1,AINR,ungated,121,1,0,0,1,44.7753999978886,nan,0.8976111620664595
1,AINR,ungated,122,1,0,0,1,53.5569999992731,nan,0.8976111620664595
1,AINR,ungated,123,1,0,0,1,58.02080000285059,nan,0.8976111620664595
1,AINR,ungated,124,1,0,0,1,51.5157999980147,nan,0.8976111620664595
1,AINR,ungated,125,1,0,0,1,50.27110000082757,nan,0.8976111620664595
1,AINR,ungated,126,1,0,0,1,53.6257999992813,nan,0.8976111620664595
1,AINR,ungated,127,1,0,0,1,49.62399999931222,nan,0.8976111620664595
1,AINR,ungated,128,1,0,0,1,52.37430000124732,nan,0.8976111620664595
1,AINR,ungated,129,1,0,0,1,51.46909999893978,nan,0.8976111620664595
1,AINR,ungated,130,1,0,0,1,48.56699999800185,nan,0.8976111620664595
1,AINR,ungated,131,1,0,0,1,46.82660000253236,nan,0.8976111620664595
1,AINR,ungated,132,1,0,0,1,45.24870000022929,nan,0.8976111620664595
1,AINR,ungated,133,1,0,0,1,44.34600000240607,nan,0.8976111620664595
1,AINR,ungated,134,1,0,0,1,41.25059999933001,nan,0.8976111620664595
1,AINR,ungated,135,1,0,0,1,45.448600001691375,nan,0.8976111620664595
1,AINR,ungated,136,1,0,0,1,43.508799994015135,nan,0.8976111620664595
1,AINR,ungated,137,1,0,0,1,43.8575000007404,nan,0.8976111620664595
1,AINR,ungated,138,1,0,0,1,43.653599997924175,nan,0.8976111620664595
1,AINR,ungated,139,1,0,0,1,46.15850000118371,nan,0.8976111620664595
1,AINR,ungated,140,1,0,0,1,43.31830000592163,nan,0.8976111620664595
1,AINR,ungated,141,1,0,0,1,45.4262999992352,nan,0.8976111620664595
1,AINR,ungated,142,1,0,0,1,42.44029999972554,nan,0.8976111620664595
1,AINR,ungated,143,1,0,0,1,42.426899999554735,nan,0.8976111620664595
1,AINR,ungated,144,1,0,0,1,41.652799998701084,nan,0.8976111620664595
1,AINR,ungated,145,1,0,0,1,43.77129999920726,nan,0.8976111620664595
1,AINR,ungated,146,1,0,0,1,44.43090000131633,nan,0.8976111620664595
1,AINR,ungated,147,1,0,0,1,44.996000004175585,nan,0.8976111620664595
1,AINR,ungated,148,1,0,0,1,45.35220000252593,nan,0.8976111620664595
1,AINR,ungated,149,1,0,0,1,44.13840000052005,nan,0.8976111620664595
1,AINR,ungated,150,1,0,0,1,44.04860000067856,nan,0.8976111620664595
1,AINR,ungated,151,1,0,0,1,45.816199999535456,nan,0.8976111620664595
1,AINR,ungated,152,1,0,0,1,45.39369999838527,nan,0.8976111620664595
1,AINR,ungated,153,1,0,0,1,43.593399997917004,nan,0.8976111620664595
1,AINR,ungated,154,1,0,0,1,41.698599998198915,nan,0.8976111620664595
1,AINR,ungated,155,1,0,0,1,43.71209999953862,nan,0.8976111620664595
1,AINR,ungated,156,1,0,0,1,44.26170000078855,nan,0.8976111620664595
1,AINR,ungated,157,1,0,0,1,44.447199994465336,nan,0.8976111620664595
1,AINR,ungated,158,1,0,0,1,43.49530000035884,nan,0.8976111620664595
1,AINR,ungated,159,1,0,0,1,43.22220000176458,nan,0.8976111620664595
1,AINR,ungated,160,1,0,0,1,43.72970000258647,nan,0.8976111620664595
1,AINR,ungated,161,1,0,0,1,43.66899999877205,nan,0.8976111620664595
1,AINR,ungated,162,1,0,0,1,42.8468999962206,nan,0.8976111620664595
1,AINR,ungated,163,1,0,0,1,44.97889999765903,nan,0.8976111620664595
1,AINR,ungated,164,1,0,0,1,51.29009999654954,nan,0.8976111620664595
1,AINR,ungated,165,1,0,0,1,56.37890000070911,nan,0.8976111620664595
1,AINR,ungated,166,1,0,0,1,57.879600004525855,nan,0.8976111620664595
1,AINR,ungated,167,1,0,0,1,54.99279999639839,nan,0.8976111620664595
1,AINR,ungated,168,1,0,0,1,57.36079999769572,nan,0.8976111620664595
1,AINR,ungated,169,1,0,0,1,56.087799996021204,nan,0.8976111620664595
1,AINR,ungated,170,1,0,0,1,55.15980000200216,nan,0.8976111620664595
1,AINR,ungated,171,1,0,0,1,54.778199999418575,nan,0.8976111620664595
1,AINR,ungated,172,1,0,0,1,53.89209999702871,nan,0.8976111620664595
1,AINR,ungated,173,1,0,0,1,58.416700005182065,nan,0.8976111620664595
1,AINR,ungated,174,1,0,0,1,56.77719999948749,nan,0.8976111620664595
1,AINR,ungated,175,1,0,0,1,61.71660000109114,nan,0.8976111620664595
1,AINR,ungated,176,1,0,0,1,58.020100004796404,nan,0.8976111620664595
1,AINR,ungated,177,1,0,0,1,53.638500001397915,nan,0.8976111620664595
1,AINR,ungated,178,1,0,0,1,49.52110000158427,nan,0.8976111620664595
1,AINR,ungated,179,1,0,0,1,49.45150000276044,nan,0.8976111620664595
1,AINR,ungated,180,1,0,0,1,49.86040000221692,nan,0.8976111620664595
1,AINR,ungated,181,1,0,0,1,55.112000001827255,nan,0.8976111620664595
1,AINR,ungated,182,1,0,0,1,50.41470000287518,nan,0.8976111620664595
1,AINR,ungated,183,1,0,0,1,52.65779999899678,nan,0.8976111620664595
1,AINR,ungated,184,1,0,0,1,54.61450000439072,nan,0.8976111620664595
1,AINR,ungated,185,1,0,0,1,42.886600000201724,nan,0.8976111620664595
1,AINR,ungated,186,1,0,0,1,44.88839999976335,nan,0.8976111620664595
1,AINR,ungated,187,1,0,0,1,43.5561999984202,nan,0.8976111620664595
1,AINR,ungated,188,1,0,0,1,43.740300003264565,nan,0.8976111620664595
1,AINR,ungated,189,1,0,0,1,43.217500002356246,nan,0.8976111620664595
1,AINR,ungated,190,1,0,0,1,45.136900000215974,nan,0.8976111620664595
1,AINR,ungated,191,1,0,0,1,42.59299999830546,nan,0.8976111620664595
1,AINR,ungated,192,1,0,0,1,44.51379999954952,nan,0.8976111620664595
1,AINR,ungated,193,1,0,0,1,44.3814999962342,nan,0.8976111620664595
1,AINR,ungated,194,1,0,0,1,45.91590000200085,nan,0.8976111620664595
1,AINR,ungated,195,1,0,0,1,45.5870000005234,nan,0.8976111620664595
1,AINR,ungated,196,1,0,0,1,43.31799999636132,nan,0.8976111620664595
1,AINR,ungated,197,1,0,0,1,44.56100000243168,nan,0.8976111620664595
1,AINR,ungated,198,1,0,0,1,44.73380000126781,nan,0.8976111620664595
1,AINR,ungated,199,1,0,0,1,42.41130000445992,nan,0.8976111620664595
1,AINR,ungated,200,1,0,0,1,44.07290000381181,nan,0.8976111620664595
1,AINR,ungated,201,1,0,0,1,45.08650000207126,nan,0.8976111620664595
1,AINR,ungated,202,1,0,0,1,44.63910000049509,nan,0.8976111620664595
1,AINR,ungated,203,1,0,0,1,44.30280000087805,nan,0.8976111620664595
1,AINR,ungated,204,1,0,0,1,45.1690999980201,nan,0.8976111620664595
1,AINR,ungated,205,1,0,0,1,42.857400003413204,nan,0.8976111620664595
1,AINR,ungated,206,1,0,0,1,51.313299998582806,nan,0.8976111620664595
1,AINR,ungated,207,1,0,0,1,47.532600001432,nan,0.8976111620664595
1,AINR,ungated,208,1,0,0,1,51.81810000067344,nan,0.8976111620664595
1,AINR,ungated,209,1,0,0,1,49.38170000241371,nan,0.8976111620664595
1,AINR,ungated,210,1,0,0,1,52.266400001826696,nan,0.8976111620664595
1,AINR,ungated,211,1,0,0,1,47.425899996596854,nan,0.8976111620664595
1,AINR,ungated,212,1,0,0,1,45.64090000349097,nan,0.8976111620664595
1,AINR,ungated,213,1,0,0,1,44.30500000307802,nan,0.8976111620664595
1,AINR,ungated,214,1,0,0,1,44.657200000074226,nan,0.8976111620664595
1,AINR,ungated,215,1,0,0,1,49.14640000060899,nan,0.8976111620664595
1,AINR,ungated,216,1,0,0,1,58.19850000261795,nan,0.8976111620664595
1,AINR,ungated,217,1,0,0,1,59.49279999913415,nan,0.8976111620664595
1,AINR,ungated,218,1,0,0,1,53.510300000198185,nan,0.8976111620664595
1,AINR,ungated,219,1,0,0,1,54.573199995502364,nan,0.8976111620664595
1,AINR,ungated,220,1,0,0,1,44.984000000113156,nan,0.8976111620664595
1,AINR,ungated,221,1,0,0,1,45.83540000021458,nan,0.8976111620664595
1,AINR,ungated,222,1,0,0,1,43.619899995974265,nan,0.8976111620664595
1,AINR,ungated,223,1,0,0,1,42.81320000154665,nan,0.8976111620664595
1,AINR,ungated,224,1,0,0,1,51.21260000305483,nan,0.8976111620664595
1,AINR,ungated,225,1,0,0,1,50.11899999954039,nan,0.8976111620664595
1,AINR,ungated,226,1,0,0,1,54.59749999863561,nan,0.8976111620664595
1,AINR,ungated,227,1,0,0,1,50.55449999781558,nan,0.8976111620664595
1,AINR,ungated,228,1,0,0,1,47.68599999806611,nan,0.8976111620664595
1,AINR,ungated,229,1,0,0,1,55.28230000345502,nan,0.8976111620664595
1,AINR,ungated,230,1,0,0,1,57.957899996836204,nan,0.8976111620664595
1,AINR,ungated,231,1,0,0,1,57.70240000128979,nan,0.8976111620664595
1,AINR,ungated,232,1,0,0,1,60.539099999004975,nan,0.8976111620664595
1,AINR,ungated,233,1,0,0,1,56.04390000371495,nan,0.8976111620664595
1,AINR,ungated,234,1,0,0,1,51.840600004652515,nan,0.8976111620664595
1,AINR,ungated,235,1,0,0,1,51.671699999133125,nan,0.8976111620664595
1,AINR,ungated,236,1,0,0,1,51.45250000350643,nan,0.8976111620664595
1,AINR,ungated,237,1,0,0,1,50.783899998350535,nan,0.8976111620664595
1,AINR,ungated,238,1,0,0,1,49.78309999569319,nan,0.8976111620664595
1,AINR,ungated,239,1,0,0,1,50.86600000504404,nan,0.8976111620664595
1,AINR,ungated,240,1,0,0,1,53.96160000236705,nan,0.8976111620664595
1,AINR,ungated,241,1,0,0,1,52.26580000453396,nan,0.8976111620664595
1,AINR,ungated,242,1,0,0,1,48.64390000147978,nan,0.8976111620664595
1,AINR,ungated,243,1,0,0,1,56.895000001532026,nan,0.8976111620664595
1,AINR,ungated,244,1,0,0,1,45.52229999535484,nan,0.8976111620664595
1,AINR,ungated,245,1,0,0,1,43.18110000167508,nan,0.8976111620664595
1,AINR,ungated,246,1,0,0,1,41.843300001346506,nan,0.8976111620664595
1,AINR,ungated,247,1,0,0,1,44.46569999709027,nan,0.8976111620664595
1,AINR,ungated,248,1,0,0,1,44.180700002470985,nan,0.8976111620664595
1,AINR,ungated,249,1,0,0,1,42.30140000436222,nan,0.8976111620664595
1,AINR,ungated,250,1,0,0,1,40.22229999827687,nan,0.8976111620664595
1,AINR,ungated,251,1,0,0,1,44.875699997646734,nan,0.8976111620664595
1,AINR,ungated,252,1,0,0,1,42.97870000300463,nan,0.8976111620664595
1,AINR,ungated,253,1,0,0,1,43.51709999900777,nan,0.8976111620664595
1,AINR,ungated,254,1,0,0,1,43.02740000275662,nan,0.8976111620664595
1,AINR,ungated,255,1,0,0,1,43.055699999968056,nan,0.8976111620664595
1,AINR,ungated,256,1,0,0,1,44.82419999840204,nan,0.8976111620664595
1,AINR,ungated,257,1,0,0,1,43.35610000271117,nan,0.8976111620664595
1,AINR,ungated,258,1,0,0,1,41.938000002119225,nan,0.8976111620664595
1,AINR,ungated,259,1,0,0,1,44.16810000111582,nan,0.8976111620664595
1,AINR,ungated,260,1,0,0,1,43.0285999973421,nan,0.8976111620664595
1,AINR,ungated,261,1,0,0,1,43.890699998883065,nan,0.8976111620664595
1,AINR,ungated,262,1,0,0,1,42.70579999865731,nan,0.8976111620664595
1,AINR,ungated,263,1,0,0,1,50.110700001823716,nan,0.8976111620664595
1,AINR,ungated,264,1,0,0,1,43.40039999806322,nan,0.8976111620664595
1,AINR,ungated,265,1,0,0,1,43.856100004632026,nan,0.8976111620664595
1,AINR,ungated,266,1,0,0,1,43.594900002062786,nan,0.8976111620664595
1,AINR,ungated,267,1,0,0,1,44.05570000380976,nan,0.8976111620664595
1,AINR,ungated,268,1,0,0,1,42.85540000273613,nan,0.8976111620664595
1,AINR,ungated,269,1,0,0,1,42.795199995453004,nan,0.8976111620664595
1,AINR,ungated,270,1,0,0,1,44.734900002367795,nan,0.8976111620664595
1,AINR,ungated,271,1,0,0,1,46.58889999700477,nan,0.8976111620664595
1,AINR,ungated,272,1,0,0,1,44.05620000034105,nan,0.8976111620664595
1,AINR,ungated,273,1,0,0,1,43.0594999997993,nan,0.8976111620664595
1,AINR,ungated,274,1,0,0,1,43.40840000077151,nan,0.8976111620664595
1,AINR,ungated,275,1,0,0,1,44.51390000031097,nan,0.8976111620664595
1,AINR,ungated,276,1,0,0,1,42.496800000662915,nan,0.8976111620664595
1,AINR,ungated,277,1,0,0,1,42.216899993945844,nan,0.8976111620664595
1,AINR,ungated,278,1,0,0,1,42.63970000465633,nan,0.8976111620664595
1,AINR,ungated,279,1,0,0,1,43.69169999699807,nan,0.8976111620664595
1,AINR,ungated,280,1,0,0,1,43.63249999732943,nan,0.8976111620664595
1,AINR,ungated,281,1,0,0,1,42.84249999909662,nan,0.8976111620664595
1,AINR,ungated,282,1,0,0,1,43.61639999842737,nan,0.8976111620664595
1,AINR,ungated,283,1,0,0,1,46.54110000410583,nan,0.8976111620664595
1,AINR,ungated,284,1,0,0,1,42.63459999492625,nan,0.8976111620664595
1,AINR,ungated,285,1,0,0,1,43.58879999927012,nan,0.8976111620664595
1,AINR,ungated,286,1,0,0,1,43.307699997967575,nan,0.8976111620664595
1,AINR,ungated,287,1,0,0,1,43.400099995778874,nan,0.8976111620664595
1,AINR,ungated,288,1,0,0,1,44.64130000269506,nan,0.8976111620664595
1,AINR,ungated,289,1,0,0,1,43.648799997754395,nan,0.8976111620664595
1,AINR,ungated,290,1,0,0,1,44.18460000306368,nan,0.8976111620664595
1,AINR,ungated,291,1,0,0,1,44.37859999598004,nan,0.8976111620664595
1,AINR,ungated,292,1,0,0,1,43.346099999325816,nan,0.8976111620664595
1,AINR,ungated,293,1,0,0,1,43.88380000455072,nan,0.8976111620664595
1,AINR,ungated,294,1,0,0,1,42.787200000020675,nan,0.8976111620664595
1,AINR,ungated,295,1,0,0,1,44.25009999977192,nan,0.8976111620664595
1,AINR,ungated,296,1,0,0,1,44.22700000577606,nan,0.8976111620664595
1,AINR,ungated,297,1,0,0,1,43.79270000208635,nan,0.8976111620664595
1,AINR,ungated,298,1,0,0,1,41.679499998281244,nan,0.8976111620664595
1,AINR,ungated,299,1,0,0,1,42.8542000008747,nan,0.8976111620664595
1,AINR,ungated,300,1,0,0,1,44.84059999958845,nan,0.8976111620664595
1,AINR,ungated,301,1,0,0,1,44.99220000434434,nan,0.8976111620664595
1,AINR,ungated,302,1,0,0,1,44.348099996568635,nan,0.8976111620664595
1,AINR,ungated,303,1,0,0,1,43.71749999700114,nan,0.8976111620664595
1,AINR,ungated,304,1,0,0,1,42.9366000025766,nan,0.8976111620664595
1,AINR,ungated,305,1,0,0,1,43.484299996634945,nan,0.8976111620664595
1,AINR,ungated,306,1,0,0,1,42.14040000078967,nan,0.8976111620664595
1,AINR,ungated,307,1,0,0,1,46.6041999970912,nan,0.8976111620664595
1,AINR,ungated,308,1,0,0,1,45.00929999630898,nan,0.8976111620664595
1,AINR,ungated,309,1,0,0,1,46.85710000194376,nan,0.8976111620664595
1,AINR,ungated,310,1,0,0,1,44.011999998474494,nan,0.8976111620664595
1,AINR,ungated,311,1,0,0,1,43.12000000209082,nan,0.8976111620664595
1,AINR,ungated,312,1,0,0,1,43.29420000431128,nan,0.8976111620664595
1,AINR,ungated,313,1,0,0,1,42.538000001513865,nan,0.8976111620664595
1,AINR,ungated,314,1,0,0,1,44.11499999696389,nan,0.8976111620664595
1,AINR,ungated,315,1,0,0,1,43.001900005037896,nan,0.8976111620664595
1,AINR,ungated,316,1,0,0,1,44.299300003331155,nan,0.8976111620664595
1,AINR,ungated,317,1,0,0,1,48.06629999802681,nan,0.8976111620664595
1,AINR,ungated,318,1,0,0,1,51.14229999890085,nan,0.8976111620664595
1,AINR,ungated,319,1,0,0,1,54.681000001437496,nan,0.8976111620664595
1,AINR,ungated,320,1,0,0,1,51.77470000489848,nan,0.8976111620664595
1,AINR,ungated,321,1,0,0,1,54.31690000114031,nan,0.8976111620664595
1,AINR,ungated,322,1,0,0,1,55.05609999818262,nan,0.8976111620664595
1,AINR,ungated,323,1,0,0,1,56.33089999901131,nan,0.8976111620664595
1,AINR,ungated,324,1,0,0,1,59.25479999859817,nan,0.8976111620664595
1,AINR,ungated,325,1,0,0,1,58.893200002785306,nan,0.8976111620664595
1,AINR,ungated,326,1,0,0,1,57.25469999742927,nan,0.8976111620664595
1,AINR,ungated,327,1,0,0,1,51.719400005822536,nan,0.8976111620664595
1,AINR,ungated,328,1,0,0,1,49.16889999731211,nan,0.8976111620664595
1,AINR,ungated,329,1,0,0,1,48.661599998013116,nan,0.8976111620664595
1,AINR,ungated,330,1,0,0,1,47.43169999710517,nan,0.8976111620664595
1,AINR,ungated,331,1,0,0,1,49.13829999713926,nan,0.8976111620664595
1,AINR,ungated,332,1,0,0,1,51.270099997054785,nan,0.8976111620664595
1,AINR,ungated,333,1,0,0,1,48.804300000483636,nan,0.8976111620664595
1,AINR,ungated,334,1,0,0,1,48.6903999990318,nan,0.8976111620664595
1,AINR,ungated,335,1,0,0,1,46.438799996394664,nan,0.8976111620664595
1,AINR,ungated,336,1,0,0,1,44.1726999997627,nan,0.8976111620664595
1,AINR,ungated,337,1,0,0,1,44.41670000232989,nan,0.8976111620664595
1,AINR,ungated,338,1,0,0,1,45.547800000349525,nan,0.8976111620664595
1,AINR,ungated,339,1,0,0,1,44.255699998757336,nan,0.8976111620664595
1,AINR,ungated,340,1,0,0,1,44.47890000301413,nan,0.8976111620664595
1,AINR,ungated,341,1,0,0,1,43.76079999929061,nan,0.8976111620664595
1,AINR,ungated,342,1,0,0,1,43.5631000000285,nan,0.8976111620664595
1,AINR,ungated,343,1,0,0,1,44.16550000314601,nan,0.8976111620664595
1,AINR,ungated,344,1,0,0,1,43.96160000032978,nan,0.8976111620664595
1,AINR,ungated,345,1,0,0,1,43.87019999558106,nan,0.8976111620664595
1,AINR,ungated,346,1,0,0,1,45.85109999607084,nan,0.8976111620664595
1,AINR,ungated,347,1,0,0,1,51.88530000305036,nan,0.8976111620664595
1,AINR,ungated,348,1,0,0,1,54.37389999860898,nan,0.8976111620664595
1,AINR,ungated,349,1,0,0,1,56.35520000214456,nan,0.8976111620664595
1,AINR,ungated,350,1,0,0,1,57.02230000315467,nan,0.8976111620664595
1,AINR,ungated,351,1,0,0,1,59.81140000221785,nan,0.8976111620664595
1,AINR,ungated,352,1,0,0,1,58.0240000053891,nan,0.8976111620664595
1,AINR,ungated,353,1,0,0,1,52.25629999767989,nan,0.8976111620664595
1,AINR,ungated,354,1,0,0,1,50.75340000621509,nan,0.8976111620664595
1,AINR,ungated,355,1,0,0,1,53.07929999980843,nan,0.8976111620664595
1,AINR,ungated,356,1,0,0,1,53.500599999097176,nan,0.8976111620664595
1,AINR,ungated,357,1,0,0,1,49.20210000273073,nan,0.8976111620664595
1,AINR,ungated,358,1,0,0,1,49.91429999790853,nan,0.8976111620664595
1,AINR,ungated,359,1,0,0,1,47.11870000028284,nan,0.8976111620664595
1,AINR,ungated,360,1,0,0,1,50.371900004392955,nan,0.8976111620664595
1,AINR,ungated,361,1,0,0,1,50.865600001998246,nan,0.8976111620664595
1,AINR,ungated,362,1,0,0,1,48.90309999609599,nan,0.8976111620664595
1,AINR,ungated,363,1,0,0,1,44.11919999984093,nan,0.8976111620664595
1,AINR,ungated,364,1,0,0,1,44.54119999718387,nan,0.8976111620664595
1,AINR,ungated,365,1,0,0,1,44.3539999978384,nan,0.8976111620664595
1,AINR,ungated,366,1,0,0,1,44.86689999612281,nan,0.8976111620664595
1,AINR,ungated,367,1,0,0,1,42.66320000169799,nan,0.8976111620664595
1,AINR,ungated,368,1,0,0,1,43.216999998549,nan,0.8976111620664595
1,AINR,ungated,369,1,0,0,1,43.20910000387812,nan,0.8976111620664595
1,AINR,ungated,370,1,0,0,1,43.43520000111312,nan,0.8976111620664595
1,AINR,ungated,371,1,0,0,1,42.55559999728575,nan,0.8976111620664595
1,AINR,ungated,372,1,0,0,1,42.98159999598283,nan,0.8976111620664595
1,AINR,ungated,373,1,0,0,1,42.5251999986358,nan,0.8976111620664595
1,AINR,ungated,374,1,0,0,1,42.25610000139568,nan,0.8976111620664595
1,AINR,ungated,375,1,0,0,1,44.038100000761915,nan,0.8976111620664595
1,AINR,ungated,376,1,0,0,1,43.62630000105128,nan,0.8976111620664595
1,AINR,ungated,377,1,0,0,1,42.373299998871516,nan,0.8976111620664595
1,AINR,ungated,378,1,0,0,1,44.05419999966398,nan,0.8976111620664595
1,AINR,ungated,379,1,0,0,1,46.51700000249548,nan,0.8976111620664595
1,AINR,ungated,380,1,0,0,1,44.7476999979699,nan,0.8976111620664595
1,AINR,ungated,381,1,0,0,1,44.07090000313474,nan,0.8976111620664595
1,AINR,ungated,382,1,0,0,1,40.45840000617318,nan,0.8976111620664595
1,AINR,ungated,383,1,0,0,1,44.20810000010533,nan,0.8976111620664595
1,AINR,ungated,384,1,0,0,1,43.482099994434975,nan,0.8976111620664595
1,AINR,ungated,385,1,0,0,1,42.86339999816846,nan,0.8976111620664595
1,AINR,ungated,386,1,0,0,1,43.62029999902006,nan,0.8976111620664595
1,AINR,ungated,387,1,0,0,1,43.64940000232309,nan,0.8976111620664595
1,AINR,ungated,388,1,0,0,1,43.15140000107931,nan,0.8976111620664595
1,AINR,ungated,389,1,0,0,1,43.779200001154095,nan,0.8976111620664595
1,AINR,ungated,390,1,0,0,1,43.517600002815016,nan,0.8976111620664595
1,AINR,ungated,391,1,0,0,1,43.612699999357574,nan,0.8976111620664595
1,AINR,ungated,392,1,0,0,1,45.93620000377996,nan,0.8976111620664595
1,AINR,ungated,393,1,0,0,1,52.25839999911841,nan,0.8976111620664595
1,AINR,ungated,394,1,0,0,1,55.27240000083111,nan,0.8976111620664595
1,AINR,ungated,395,1,0,0,1,56.58379999658791,nan,0.8976111620664595
1,AINR,ungated,396,1,0,0,1,59.36900000233436,nan,0.8976111620664595
1,AINR,ungated,397,1,0,0,1,58.00199999794131,nan,0.8976111620664595
1,AINR,ungated,398,1,0,0,1,52.954099999624304,nan,0.8976111620664595
1,AINR,ungated,399,1,0,0,1,51.22729999857256,nan,0.8976111620664595
1,AINR,ungated,400,1,0,0,1,54.66600000363542,nan,0.8976111620664595
1,AINR,ungated,401,1,0,0,1,52.23590000241529,nan,0.8976111620664595
1,AINR,ungated,402,1,0,0,1,50.49219999636989,nan,0.8976111620664595
1,AINR,ungated,403,1,0,0,1,54.722300003049895,nan,0.8976111620664595
1,AINR,ungated,404,1,0,0,1,53.01100000360748,nan,0.8976111620664595
1,AINR,ungated,405,1,0,0,1,51.695599999220576,nan,0.8976111620664595
1,AINR,ungated,406,1,0,0,1,51.15939999814145,nan,0.8976111620664595
1,AINR,ungated,407,1,0,0,1,49.288499998510815,nan,0.8976111620664595
1,AINR,ungated,408,1,0,0,1,48.06619999726536,nan,0.8976111620664595
1,AINR,ungated,409,1,0,0,1,48.59980000037467,nan,0.8976111620664595
1,AINR,ungated,410,1,0,0,1,49.203500006115064,nan,0.8976111620664595
1,AINR,ungated,411,1,0,0,1,49.15110000001732,nan,0.8976111620664595
1,AINR,ungated,412,1,0,0,1,49.71010000008391,nan,0.8976111620664595
1,AINR,ungated,413,1,0,0,1,49.95960000087507,nan,0.8976111620664595
1,AINR,ungated,414,1,0,0,1,50.2316999991308,nan,0.8976111620664595
1,AINR,ungated,415,1,0,0,1,51.884100001188926,nan,0.8976111620664595
1,AINR,ungated,416,1,0,0,1,53.711100001237355,nan,0.8976111620664595
1,AINR,ungated,417,1,0,0,1,52.317599998787045,nan,0.8976111620664595
1,AINR,ungated,418,1,0,0,1,54.02400000457419,nan,0.8976111620664595
1,AINR,ungated,419,1,0,0,1,56.94290000246838,nan,0.8976111620664595
1,AINR,ungated,420,1,0,0,1,55.020300002070144,nan,0.8976111620664595
1,AINR,ungated,421,1,0,0,1,56.17009999696165,nan,0.8976111620664595
1,AINR,ungated,422,1,0,0,1,52.552999994077254,nan,0.8976111620664595
1,AINR,ungated,423,1,0,0,1,50.12430000351742,nan,0.8976111620664595
1,AINR,ungated,424,1,0,0,1,49.44399999658344,nan,0.8976111620664595
1,AINR,ungated,425,1,0,0,1,48.33409999992,nan,0.8976111620664595
1,AINR,ungated,426,1,0,0,1,53.742600000987295,nan,0.8976111620664595
1,AINR,ungated,427,1,0,0,1,44.962100000702776,nan,0.8976111620664595
1,AINR,ungated,428,1,0,0,1,42.709699999250006,nan,0.8976111620664595
1,AINR,ungated,429,1,0,0,1,43.07160000462318,nan,0.8976111620664595
1,AINR,ungated,430,1,0,0,1,43.23149999981979,nan,0.8976111620664595
1,AINR,ungated,431,1,0,0,1,42.83030000078725,nan,0.8976111620664595
1,AINR,ungated,432,1,0,0,1,44.710200003464706,nan,0.8976111620664595
1,AINR,ungated,433,1,0,0,1,43.79579999658745,nan,0.8976111620664595
1,AINR,ungated,434,1,0,0,1,45.47670000465587,nan,0.8976111620664595
1,AINR,ungated,435,1,0,0,1,42.82220000459347,nan,0.8976111620664595
1,AINR,ungated,436,1,0,0,1,43.91829999804031,nan,0.8976111620664595
1,AINR,ungated,437,1,0,0,1,44.563899995409884,nan,0.8976111620664595
1,AINR,ungated,438,1,0,0,1,40.285600000061095,nan,0.8976111620664595
1,AINR,ungated,439,1,0,0,1,44.62240000430029,nan,0.8976111620664595
1,AINR,ungated,440,1,0,0,1,45.04079999605892,nan,0.8976111620664595
1,AINR,ungated,441,1,0,0,1,42.41799999726936,nan,0.8976111620664595
1,AINR,ungated,442,1,0,0,1,44.226500001968816,nan,0.8976111620664595
1,AINR,ungated,443,1,0,0,1,43.56990000087535,nan,0.8976111620664595
1,AINR,ungated,444,1,0,0,1,42.43750000023283,nan,0.8976111620664595
1,AINR,ungated,445,1,0,0,1,43.873800001165364,nan,0.8976111620664595
1,AINR,ungated,446,1,0,0,1,43.52150000340771,nan,0.8976111620664595
1,AINR,ungated,447,1,0,0,1,43.0359000019962,nan,0.8976111620664595
1,AINR,ungated,448,1,0,0,1,42.746200000692625,nan,0.8976111620664595
1,AINR,ungated,449,1,0,0,1,44.173499998578336,nan,0.8976111620664595
1,AINR,ungated,450,1,0,0,1,42.90659999969648,nan,0.8976111620664595
1,AINR,ungated,451,1,0,0,1,43.28650000388734,nan,0.8976111620664595
1,AINR,ungated,452,1,0,0,1,41.967199998907745,nan,0.8976111620664595
1,AINR,ungated,453,1,0,0,1,43.86339999473421,nan,0.8976111620664595
1,AINR,ungated,454,1,0,0,1,43.76139999658335,nan,0.8976111620664595
1,AINR,ungated,455,1,0,0,1,42.06949999934295,nan,0.8976111620664595
1,AINR,ungated,456,1,0,0,1,43.90129999956116,nan,0.8976111620664595
1,AINR,ungated,457,1,0,0,1,44.35620000003837,nan,0.8976111620664595
1,AINR,ungated,458,1,0,0,1,44.08479999983683,nan,0.8976111620664595
1,AINR,ungated,459,1,0,0,1,45.821100000466686,nan,0.8976111620664595
1,AINR,ungated,460,1,0,0,1,48.19169999973383,nan,0.8976111620664595
1,AINR,ungated,461,1,0,0,1,41.9225000005099,nan,0.8976111620664595
1,AINR,ungated,462,1,0,0,1,43.42220000398811,nan,0.8976111620664595
1,AINR,ungated,463,1,0,0,1,42.5898999965284,nan,0.8976111620664595
1,AINR,ungated,464,1,0,0,1,44.36730000452371,nan,0.8976111620664595
1,AINR,ungated,465,1,0,0,1,45.83659999480005,nan,0.8976111620664595
1,AINR,ungated,466,1,0,0,1,43.92860000371002,nan,0.8976111620664595
1,AINR,ungated,467,1,0,0,1,44.299799999862444,nan,0.8976111620664595
1,AINR,ungated,468,1,0,0,1,43.936399997619446,nan,0.8976111620664595
1,AINR,ungated,469,1,0,0,1,42.794100001628976,nan,0.8976111620664595
1,AINR,ungated,470,1,0,0,1,42.46489999786718,nan,0.8976111620664595
1,AINR,ungated,471,1,0,0,1,43.93110000091838,nan,0.8976111620664595
1,AINR,ungated,472,1,0,0,1,42.03430000052322,nan,0.8976111620664595
1,AINR,ungated,473,1,0,0,1,41.61890000250423,nan,0.8976111620664595
1,AINR,ungated,474,1,0,0,1,43.53820000687847,nan,0.8976111620664595
1,AINR,ungated,475,1,0,0,1,45.1868000018294,nan,0.8976111620664595
1,AINR,ungated,476,1,0,0,1,42.344800000137184,nan,0.8976111620664595
1,AINR,ungated,477,1,0,0,1,43.21630000049481,nan,0.8976111620664595
1,AINR,ungated,478,1,0,0,1,43.98139999830164,nan,0.8976111620664595
1,AINR,ungated,479,1,0,0,1,42.5083000009181,nan,0.8976111620664595
1,AINR,ungated,480,1,0,0,1,42.95759999513393,nan,0.8976111620664595
1,AINR,ungated,481,1,0,0,1,42.02389999409206,nan,0.8976111620664595
1,AINR,ungated,482,1,0,0,1,44.10300000017742,nan,0.8976111620664595
1,AINR,ungated,483,1,0,0,1,44.1380999982357,nan,0.8976111620664595
1,AINR,ungated,484,1,0,0,1,43.00429999420885,nan,0.8976111620664595
1,AINR,ungated,485,1,0,0,1,44.1218000050867,nan,0.8976111620664595
1,AINR,ungated,486,1,0,0,1,43.4324999951059,nan,0.8976111620664595
1,AINR,ungated,487,1,0,0,1,42.31900000013411,nan,0.8976111620664595
1,AINR,ungated,488,1,0,0,1,44.851499995274935,nan,0.8976111620664595
1,AINR,ungated,489,1,0,0,1,42.21700000198325,nan,0.8976111620664595
1,AINR,ungated,490,1,0,0,1,44.98099999909755,nan,0.8976111620664595
1,AINR,ungated,491,1,0,0,1,50.947900002938695,nan,0.8976111620664595
1,AINR,ungated,492,1,0,0,1,52.970800003095064,nan,0.8976111620664595
1,AINR,ungated,493,1,0,0,1,54.50689999997849,nan,0.8976111620664595
1,AINR,ungated,494,1,0,0,1,54.93399999977555,nan,0.8976111620664595
1,AINR,ungated,495,1,0,0,1,56.55819999810774,nan,0.8976111620664595
1,AINR,ungated,496,1,0,0,1,56.8383999998332,nan,0.8976111620664595
1,AINR,ungated,497,1,0,0,1,58.94999999873107,nan,0.8976111620664595
1,AINR,ungated,498,1,0,0,1,55.11039999692002,nan,0.8976111620664595
1,AINR,ungated,499,1,0,0,1,54.15530000027502,nan,0.8976111620664595
1,AINR,ungated,500,1,0,0,1,49.651399996946566,nan,0.8976111620664595
1,AINR,ungated,501,1,0,0,1,50.9163999959128,nan,0.8976111620664595
1,AINR,ungated,502,1,0,0,1,50.063099995895755,nan,0.8976111620664595
1,AINR,ungated,503,1,0,0,1,50.55269999866141,nan,0.8976111620664595
1,AINR,ungated,504,1,0,0,1,49.474799998279195,nan,0.8976111620664595
1,AINR,ungated,505,1,0,0,1,48.94539999804692,nan,0.8976111620664595
1,AINR,ungated,506,1,0,0,1,48.51930000586435,nan,0.8976111620664595
1,AINR,ungated,507,1,0,0,1,49.48790000344161,nan,0.8976111620664595
1,AINR,ungated,508,1,0,0,1,49.34789999970235,nan,0.8976111620664595
1,AINR,ungated,509,1,0,0,1,46.49019999487791,nan,0.8976111620664595
1,AINR,ungated,510,1,0,0,1,48.228799998469185,nan,0.8976111620664595
1,AINR,ungated,511,1,0,0,1,47.32489999878453,nan,0.8976111620664595
1,AINR,ungated,512,1,0,0,1,45.0942000024952,nan,0.8976111620664595
1,AINR,ungated,513,1,0,0,1,43.96039999846835,nan,0.8976111620664595
1,AINR,ungated,514,1,0,0,1,44.33660000358941,nan,0.8976111620664595
1,AINR,ungated,515,1,0,0,1,45.40659999474883,nan,0.8976111620664595
1,AINR,ungated,516,1,0,0,1,44.89960000501014,nan,0.8976111620664595
1,AINR,ungated,517,1,0,0,1,42.91419999935897,nan,0.8976111620664595
1,AINR,ungated,518,1,0,0,1,44.09520000626799,nan,0.8976111620664595
1,AINR,ungated,519,1,0,0,1,43.017000003601424,nan,0.8976111620664595
1,AINR,ungated,520,1,0,0,1,43.65160000452306,nan,0.8976111620664595
1,AINR,ungated,521,1,0,0,1,46.116599995002616,nan,0.8976111620664595
1,AINR,ungated,522,1,0,0,1,41.97589999967022,nan,0.8976111620664595
1,AINR,ungated,523,1,0,0,1,41.76220000226749,nan,0.8976111620664595
1,AINR,ungated,524,1,0,0,1,42.89329999301117,nan,0.8976111620664595
1,AINR,ungated,525,1,0,0,1,43.882700003450736,nan,0.8976111620664595
1,AINR,ungated,526,1,0,0,1,43.63000000012107,nan,0.8976111620664595
1,AINR,ungated,527,1,0,0,1,44.513099994219374,nan,0.8976111620664595
1,AINR,ungated,528,1,0,0,1,45.28750000463333,nan,0.8976111620664595
1,AINR,ungated,529,1,0,0,1,44.394899996405,nan,0.8976111620664595
1,AINR,ungated,530,1,0,0,1,45.073900000716094,nan,0.8976111620664595
1,AINR,ungated,531,1,0,0,1,43.22360000514891,nan,0.8976111620664595
1,AINR,ungated,532,1,0,0,1,45.404900003632065,nan,0.8976111620664595
1,AINR,ungated,533,1,0,0,1,41.584400001738686,nan,0.8976111620664595
1,AINR,ungated,534,1,0,0,1,52.06200000247918,nan,0.8976111620664595
1,AINR,ungated,535,1,0,0,1,44.016499996359926,nan,0.8976111620664595
1,AINR,ungated,536,1,0,0,1,42.12859999825014,nan,0.8976111620664595
1,AINR,ungated,537,1,0,0,1,47.368200001074,nan,0.8976111620664595
1,AINR,ungated,538,1,0,0,1,49.76190000161296,nan,0.8976111620664595
1,AINR,ungated,539,1,0,0,1,48.202099998889025,nan,0.8976111620664595
1,AINR,ungated,540,1,0,0,1,48.61010000604438,nan,0.8976111620664595
1,AINR,ungated,541,1,0,0,1,55.49540000356501,nan,0.8976111620664595
1,AINR,ungated,542,1,0,0,1,55.114499999035615,nan,0.8976111620664595
1,AINR,ungated,543,1,0,0,1,59.98609999369364,nan,0.8976111620664595
1,AINR,ungated,544,1,0,0,1,55.820800000219606,nan,0.8976111620664595
1,AINR,ungated,545,1,0,0,1,49.96460000256775,nan,0.8976111620664595
1,AINR,ungated,546,1,0,0,1,58.88720000075409,nan,0.8976111620664595
1,AINR,ungated,547,1,0,0,1,51.809600001433864,nan,0.8976111620664595
1,AINR,ungated,548,1,0,0,1,52.353999999468215,nan,0.8976111620664595
1,AINR,ungated,549,1,0,0,1,51.386300001468044,nan,0.8976111620664595
1,AINR,ungated,550,1,0,0,1,53.836500002944376,nan,0.8976111620664595
1,AINR,ungated,551,1,0,0,1,51.40430000028573,nan,0.8976111620664595
1,AINR,ungated,552,1,0,0,1,52.257499999541324,nan,0.8976111620664595
1,AINR,ungated,553,1,0,0,1,49.6013000010862,nan,0.8976111620664595
1,AINR,ungated,554,1,0,0,1,51.27910000010161,nan,0.8976111620664595
1,AINR,ungated,555,1,0,0,1,44.979099999181926,nan,0.8976111620664595
1,AINR,ungated,556,1,0,0,1,45.5973999996786,nan,0.8976111620664595
1,AINR,ungated,557,1,0,0,1,44.04179999983171,nan,0.8976111620664595
1,AINR,ungated,558,1,0,0,1,41.3773999971454,nan,0.8976111620664595
1,AINR,ungated,559,1,0,0,1,43.11800000141375,nan,0.8976111620664595
1,AINR,ungated,560,1,0,0,1,45.586699998239055,nan,0.8976111620664595
1,AINR,ungated,561,1,0,0,1,39.593699999386445,nan,0.8976111620664595
1,AINR,ungated,562,1,0,0,1,45.281999999133404,nan,0.8976111620664595
1,AINR,ungated,563,1,0,0,1,44.60850000032224,nan,0.8976111620664595
1,AINR,ungated,564,1,0,0,1,44.40479999902891,nan,0.8976111620664595
1,AINR,ungated,565,1,0,0,1,45.12640000029933,nan,0.8976111620664595
1,AINR,ungated,566,1,0,0,1,42.38009999971837,nan,0.8976111620664595
1,AINR,ungated,567,1,0,0,1,41.71169999608537,nan,0.8976111620664595
1,AINR,ungated,568,1,0,0,1,41.8567999950028,nan,0.8976111620664595
1,AINR,ungated,569,1,0,0,1,43.56460000417428,nan,0.8976111620664595
1,AINR,ungated,570,1,0,0,1,42.95989999809535,nan,0.8976111620664595
1,AINR,ungated,571,1,0,0,1,43.07550000521587,nan,0.8976111620664595
1,AINR,ungated,572,1,0,0,1,42.42639999574749,nan,0.8976111620664595
1,AINR,ungated,573,1,0,0,1,44.166200001200195,nan,0.8976111620664595
1,AINR,ungated,574,1,0,0,1,41.335599999001715,nan,0.8976111620664595
1,AINR,ungated,575,1,0,0,1,43.17810000065947,nan,0.8976111620664595
1,AINR,ungated,576,1,0,0,1,43.01689999556402,nan,0.8976111620664595
1,AINR,ungated,577,1,0,0,1,43.5289000015473,nan,0.8976111620664595
1,AINR,ungated,578,1,0,0,1,43.112199993629474,nan,0.8976111620664595
1,AINR,ungated,579,1,0,0,1,41.66800000530202,nan,0.8976111620664595
1,AINR,ungated,580,1,0,0,1,43.92720000032568,nan,0.8976111620664595
1,AINR,ungated,581,1,0,0,1,43.219700004556216,nan,0.8976111620664595
1,AINR,ungated,582,1,0,0,1,42.399900004966184,nan,0.8976111620664595
1,AINR,ungated,583,1,0,0,1,43.68830000021262,nan,0.8976111620664595
1,AINR,ungated,584,1,0,0,1,43.65559999860125,nan,0.8976111620664595
1,AINR,ungated,585,1,0,0,1,43.32140000042273,nan,0.8976111620664595
1,AINR,ungated,586,1,0,0,1,45.32669999753125,nan,0.8976111620664595
1,AINR,ungated,587,1,0,0,1,44.091399999160785,nan,0.8976111620664595
1,AINR,ungated,588,1,0,0,1,43.80880000098841,nan,0.8976111620664595
1,AINR,ungated,589,1,0,0,1,42.81540000374662,nan,0.8976111620664595
1,AINR,ungated,590,1,0,0,1,43.215699995926116,nan,0.8976111620664595
1,AINR,ungated,591,1,0,0,1,41.018500000063796,nan,0.8976111620664595
1,AINR,ungated,592,1,0,0,1,42.961000006471295,nan,0.8976111620664595
1,AINR,ungated,593,1,0,0,1,44.67100000329083,nan,0.8976111620664595
1,AINR,ungated,594,1,0,0,1,43.825100001413375,nan,0.8976111620664595
1,AINR,ungated,595,1,0,0,1,42.80809999909252,nan,0.8976111620664595
1,AINR,ungated,596,1,0,0,1,43.28890000033425,nan,0.8976111620664595
1,AINR,ungated,597,1,0,0,1,45.65329999604728,nan,0.8976111620664595
1,AINR,ungated,598,1,0,0,1,42.64510000211885,nan,0.8976111620664595
1,AINR,ungated,599,1,0,0,1,43.394599997554906,nan,0.8976111620664595
1,AINR,ungated,600,1,0,0,1,43.738599997595884,nan,0.8976111620664595
1,AINR,ungated,601,1,0,0,1,43.048799998359755,nan,0.8976111620664595
1,AINR,ungated,602,1,0,0,1,43.83399999642279,nan,0.8976111620664595
1,AINR,ungated,603,1,0,0,1,43.54120000061812,nan,0.8976111620664595
1,AINR,ungated,604,1,0,0,1,44.11289999552537,nan,0.8976111620664595
1,AINR,ungated,605,1,0,0,1,42.857200001890305,nan,0.8976111620664595
1,AINR,ungated,606,1,0,0,1,43.604899998172186,nan,0.8976111620664595
1,AINR,ungated,607,1,0,0,1,43.40329999831738,nan,0.8976111620664595
1,AINR,ungated,608,1,0,0,1,43.493799996213056,nan,0.8976111620664595
1,AINR,ungated,609,1,0,0,1,41.203000000678,nan,0.8976111620664595
1,AINR,ungated,610,1,0,0,1,44.323599999188446,nan,0.8976111620664595
1,AINR,ungated,611,1,0,0,1,42.84850000112783,nan,0.8976111620664595
1,AINR,ungated,612,1,0,0,1,43.917200004216284,nan,0.8976111620664595
1,AINR,ungated,613,1,0,0,1,42.75069999857806,nan,0.8976111620664595
1,AINR,ungated,614,1,0,0,1,42.855599996983074,nan,0.8976111620664595
1,AINR,ungated,615,1,0,0,1,42.702799997641705,nan,0.8976111620664595
1,AINR,ungated,616,1,0,0,1,43.37880000093719,nan,0.8976111620664595
1,AINR,ungated,617,1,0,0,1,43.4393999967142,nan,0.8976111620664595
1,AINR,ungated,618,1,0,0,1,41.168999996443745,nan,0.8976111620664595
1,AINR,ungated,619,1,0,0,1,46.697699996002484,nan,0.8976111620664595
1,AINR,ungated,620,1,0,0,1,42.9606000034255,nan,0.8976111620664595
1,AINR,ungated,621,1,0,0,1,43.51260000112234,nan,0.8976111620664595
1,AINR,ungated,622,1,0,0,1,44.202000004588626,nan,0.8976111620664595
1,AINR,ungated,623,1,0,0,1,42.71570000128122,nan,0.8976111620664595
1,AINR,ungated,624,1,0,0,1,45.6352000037441,nan,0.8976111620664595
1,AINR,ungated,625,1,0,0,1,41.76690000167582,nan,0.8976111620664595
1,AINR,ungated,626,1,0,0,1,43.43479999806732,nan,0.8976111620664595
1,AINR,ungated,627,1,0,0,1,43.413600003987085,nan,0.8976111620664595
1,AINR,ungated,628,1,0,0,1,47.02949999773409,nan,0.8976111620664595
1,AINR,ungated,629,1,0,0,1,42.22149999986868,nan,0.8976111620664595
1,AINR,ungated,630,1,0,0,1,43.888499996683095,nan,0.8976111620664595
1,AINR,ungated,631,1,0,0,1,42.79320000205189,nan,0.8976111620664595
1,AINR,ungated,632,1,0,0,1,43.481200002133846,nan,0.8976111620664595
1,AINR,ungated,633,1,0,0,1,43.619799995212816,nan,0.8976111620664595
1,AINR,ungated,634,1,0,0,1,43.46310000255471,nan,0.8976111620664595
1,AINR,ungated,635,1,0,0,1,44.238700000278186,nan,0.8976111620664595
1,AINR,ungated,636,1,0,0,1,43.67070000444073,nan,0.8976111620664595
1,AINR,ungated,637,1,0,0,1,43.71759999776259,nan,0.8976111620664595
1,AINR,ungated,638,1,0,0,1,44.28809999808436,nan,0.8976111620664595
1,AINR,ungated,639,1,0,0,1,43.08550000132527,nan,0.8976111620664595
1,AINR,ungated,640,1,0,0,1,44.703400002617855,nan,0.8976111620664595
1,AINR,ungated,641,1,0,0,1,43.571899994276464,nan,0.8976111620664595
1,AINR,ungated,642,1,0,0,1,43.27319999720203,nan,0.8976111620664595
1,AINR,ungated,643,1,0,0,1,43.736299994634464,nan,0.8976111620664595
1,AINR,ungated,644,1,0,0,1,43.47509999934118,nan,0.8976111620664595
1,AINR,ungated,645,1,0,0,1,44.41679999581538,nan,0.8976111620664595
1,AINR,ungated,646,1,0,0,1,44.367399998009205,nan,0.8976111620664595
1,AINR,ungated,647,1,0,0,1,42.16759999690112,nan,0.8976111620664595
1,AINR,ungated,648,1,0,0,1,44.80379999586148,nan,0.8976111620664595
1,AINR,ungated,649,1,0,0,1,42.456299997866154,nan,0.8976111620664595
1,AINR,ungated,650,1,0,0,1,43.48469999968074,nan,0.8976111620664595
1,AINR,ungated,651,1,0,0,1,43.95999999542255,nan,0.8976111620664595
1,AINR,ungated,652,1,0,0,1,44.55959999904735,nan,0.8976111620664595
1,AINR,ungated,653,1,0,0,1,45.015999996394385,nan,0.8976111620664595
1,AINR,ungated,654,1,0,0,1,52.22689999936847,nan,0.8976111620664595
1,AINR,ungated,655,1,0,0,1,52.9482000056305,nan,0.8976111620664595
1,AINR,ungated,656,1,0,0,1,54.16539999714587,nan,0.8976111620664595
1,AINR,ungated,657,1,0,0,1,56.851699999242555,nan,0.8976111620664595
1,AINR,ungated,658,1,0,0,1,57.22120000427822,nan,0.8976111620664595
1,AINR,ungated,659,1,0,0,1,58.405399999173824,nan,0.8976111620664595
1,AINR,ungated,660,1,0,0,1,58.4415000048466,nan,0.8976111620664595
1,AINR,ungated,661,1,0,0,1,53.39050000475254,nan,0.8976111620664595
1,AINR,ungated,662,1,0,0,1,55.74760000308743,nan,0.8976111620664595
1,AINR,ungated,663,1,0,0,1,51.74270000134129,nan,0.8976111620664595
1,AINR,ungated,664,1,0,0,1,53.41260000568582,nan,0.8976111620664595
1,AINR,ungated,665,1,0,0,1,55.42289999721106,nan,0.8976111620664595
1,AINR,ungated,666,1,0,0,1,50.59630000323523,nan,0.8976111620664595
1,AINR,ungated,667,1,0,0,1,48.19319999660365,nan,0.8976111620664595
1,AINR,ungated,668,1,0,0,1,48.320800000510644,nan,0.8976111620664595
1,AINR,ungated,669,1,0,0,1,45.47870000533294,nan,0.8976111620664595
1,AINR,ungated,670,1,0,0,1,42.932299998938106,nan,0.8976111620664595
1,AINR,ungated,671,1,0,0,1,41.23709999839775,nan,0.8976111620664595
1,AINR,ungated,672,1,0,0,1,45.17150000174297,nan,0.8976111620664595
1,AINR,ungated,673,1,0,0,1,41.16219999559689,nan,0.8976111620664595
1,AINR,ungated,674,1,0,0,1,43.96959999576211,nan,0.8976111620664595
1,AINR,ungated,675,1,0,0,1,45.17460000352003,nan,0.8976111620664595
1,AINR,ungated,676,1,0,0,1,38.702900004864205,nan,0.8976111620664595
1,AINR,ungated,677,1,0,0,1,50.580700000864454,nan,0.8976111620664595
1,AINR,ungated,678,1,0,0,1,46.19749999983469,nan,0.8976111620664595
1,AINR,ungated,679,1,0,0,1,40.69139999774052,nan,0.8976111620664595
1,AINR,ungated,680,1,0,0,1,40.88870000123279,nan,0.8976111620664595
1,AINR,ungated,681,1,0,0,1,43.87300000234973,nan,0.8976111620664595
1,AINR,ungated,682,1,0,0,1,43.50290000002133,nan,0.8976111620664595
1,AINR,ungated,683,1,0,0,1,43.743399997765664,nan,0.8976111620664595
1,AINR,ungated,684,1,0,0,1,39.77330000634538,nan,0.8976111620664595
1,AINR,ungated,685,1,0,0,1,41.407900003832765,nan,0.8976111620664595
1,AINR,ungated,686,1,0,0,1,45.913000001746695,nan,0.8976111620664595
1,AINR,ungated,687,1,0,0,1,48.7208999984432,nan,0.8976111620664595
1,AINR,ungated,688,1,0,0,1,48.58260000037262,nan,0.8976111620664595
1,AINR,ungated,689,1,0,0,1,54.1261000034865,nan,0.8976111620664595
1,AINR,ungated,690,1,0,0,1,57.091899994702544,nan,0.8976111620664595
1,AINR,ungated,691,1,0,0,1,53.645400003006216,nan,0.8976111620664595
1,AINR,ungated,692,1,0,0,1,59.69159999949625,nan,0.8976111620664595
1,AINR,ungated,693,1,0,0,1,49.951599998166785,nan,0.8976111620664595
1,AINR,ungated,694,1,0,0,1,48.28520000592107,nan,0.8976111620664595
1,AINR,ungated,695,1,0,0,1,50.3039000032004,nan,0.8976111620664595
1,AINR,ungated,696,1,0,0,1,56.77409999771044,nan,0.8976111620664595
1,AINR,ungated,697,1,0,0,1,46.508599996741395,nan,0.8976111620664595
1,AINR,ungated,698,1,0,0,1,54.31310000130907,nan,0.8976111620664595
1,AINR,ungated,699,1,0,0,1,49.106600003142375,nan,0.8976111620664595
1,AINR,ungated,700,1,0,0,1,50.75999999826308,nan,0.8976111620664595
1,AINR,ungated,701,1,0,0,1,54.34329999843612,nan,0.8976111620664595
1,AINR,ungated,702,1,0,0,1,50.203599996166304,nan,0.8976111620664595
1,AINR,ungated,703,1,0,0,1,50.508299995271955,nan,0.8976111620664595
1,AINR,ungated,704,1,0,0,1,49.68589999771211,nan,0.8976111620664595
1,AINR,ungated,705,1,0,0,1,48.64819999784231,nan,0.8976111620664595
1,AINR,ungated,706,1,0,0,1,50.028999998176005,nan,0.8976111620664595
1,AINR,ungated,707,1,0,0,1,49.472399994556326,nan,0.8976111620664595
1,AINR,ungated,708,1,0,0,1,51.267499999084976,nan,0.8976111620664595
1,AINR,ungated,709,1,0,0,1,54.94919999910053,nan,0.8976111620664595
1,AINR,ungated,710,1,0,0,1,53.55559999588877,nan,0.8976111620664595
1,AINR,ungated,711,1,0,0,1,47.97839999810094,nan,0.8976111620664595
1,AINR,ungated,712,1,0,0,1,46.64729999785777,nan,0.8976111620664595
1,AINR,ungated,713,1,0,0,1,49.03119999653427,nan,0.8976111620664595
1,AINR,ungated,714,1,0,0,1,54.27570000028936,nan,0.8976111620664595
1,AINR,ungated,715,1,0,0,1,54.25880000257166,nan,0.8976111620664595
1,AINR,ungated,716,1,0,0,1,50.69609999918612,nan,0.8976111620664595
1,AINR,ungated,717,1,0,0,1,50.85470000631176,nan,0.8976111620664595
1,AINR,ungated,718,1,0,0,1,52.4035000053118,nan,0.8976111620664595
1,AINR,ungated,719,1,0,0,1,49.25950000324519,nan,0.8976111620664595
1,AINR,ungated,720,1,0,0,1,48.77389999455772,nan,0.8976111620664595
1,AINR,ungated,721,1,0,0,1,50.51709999679588,nan,0.8976111620664595
1,AINR,ungated,722,1,0,0,1,52.0602999968105,nan,0.8976111620664595
1,AINR,ungated,723,1,0,0,1,49.57579999609152,nan,0.8976111620664595
1,AINR,ungated,724,1,0,0,1,50.49509999662405,nan,0.8976111620664595
1,AINR,ungated,725,1,0,0,1,56.664900002942886,nan,0.8976111620664595
1,AINR,ungated,726,1,0,0,1,56.74469999939902,nan,0.8976111620664595
1,AINR,ungated,727,1,0,0,1,51.55170000216458,nan,0.8976111620664595
1,AINR,ungated,728,1,0,0,1,57.83820000215201,nan,0.8976111620664595
1,AINR,ungated,729,1,0,0,1,59.92550000519259,nan,0.8976111620664595
1,AINR,ungated,730,1,0,0,1,59.44710000039777,nan,0.8976111620664595
1,AINR,ungated,731,1,0,0,1,51.813800004310906,nan,0.8976111620664595
1,AINR,ungated,732,1,0,0,1,51.570299998275004,nan,0.8976111620664595
1,AINR,ungated,733,1,0,0,1,50.824400001147296,nan,0.8976111620664595
1,AINR,ungated,734,1,0,0,1,50.43640000076266,nan,0.8976111620664595
1,AINR,ungated,735,1,0,0,1,50.30970000370871,nan,0.8976111620664595
1,AINR,ungated,736,1,0,0,1,46.30139999790117,nan,0.8976111620664595
1,AINR,ungated,737,1,0,0,1,42.42049999447772,nan,0.8976111620664595
1,AINR,ungated,738,1,0,0,1,40.2752000009059,nan,0.8976111620664595
1,AINR,ungated,739,1,0,0,1,42.63170000194805,nan,0.8976111620664595
1,AINR,ungated,740,1,0,0,1,50.957500003278255,nan,0.8976111620664595
1,AINR,ungated,741,1,0,0,1,44.20329999993555,nan,0.8976111620664595
1,AINR,ungated,742,1,0,0,1,43.18879999482306,nan,0.8976111620664595
1,AINR,ungated,743,1,0,0,1,45.2995000014198,nan,0.8976111620664595
1,AINR,ungated,744,1,0,0,1,50.52779999823542,nan,0.8976111620664595
1,AINR,ungated,745,1,0,0,1,41.10670000227401,nan,0.8976111620664595
1,AINR,ungated,746,1,0,0,1,42.74900000018533,nan,0.8976111620664595
1,AINR,ungated,747,1,0,0,1,40.539400004490744,nan,0.8976111620664595
1,AINR,ungated,748,1,0,0,1,40.875999999116175,nan,0.8976111620664595
1,AINR,ungated,749,1,0,0,1,42.2577999997884,nan,0.8976111620664595
1,AINR,ungated,750,1,0,0,1,44.197800001711585,nan,0.8976111620664595
1,AINR,ungated,751,1,0,0,1,43.86240000167163,nan,0.8976111620664595
1,AINR,ungated,752,1,0,0,1,40.261399997689296,nan,0.8976111620664595
1,AINR,ungated,753,1,0,0,1,44.21429999638349,nan,0.8976111620664595
1,AINR,ungated,754,1,0,0,1,46.33539999485947,nan,0.8976111620664595
1,AINR,ungated,755,1,0,0,1,44.31530000147177,nan,0.8976111620664595
1,AINR,ungated,756,1,0,0,1,43.61649999918882,nan,0.8976111620664595
1,AINR,ungated,757,1,0,0,1,44.77059999771882,nan,0.8976111620664595
1,AINR,ungated,758,1,0,0,1,44.001599999319296,nan,0.8976111620664595
1,AINR,ungated,759,1,0,0,1,44.159000004583504,nan,0.8976111620664595
1,AINR,ungated,760,1,0,0,1,42.281699999875855,nan,0.8976111620664595
1,AINR,ungated,761,1,0,0,1,43.67610000190325,nan,0.8976111620664595
1,AINR,ungated,762,1,0,0,1,42.562599999655504,nan,0.8976111620664595
1,AINR,ungated,763,1,0,0,1,41.70929999963846,nan,0.8976111620664595
1,AINR,ungated,764,1,0,0,1,42.61340000084601,nan,0.8976111620664595
1,AINR,ungated,765,1,0,0,1,44.02239999762969,nan,0.8976111620664595
1,AINR,ungated,766,1,0,0,1,43.88040000048932,nan,0.8976111620664595
1,AINR,ungated,767,1,0,0,1,42.83440000290284,nan,0.8976111620664595
1,AINR,ungated,768,1,0,0,1,44.48199999751523,nan,0.8976111620664595
1,AINR,ungated,769,1,0,0,1,44.25009999977192,nan,0.8976111620664595
1,AINR,ungated,770,1,0,0,1,43.69869999936782,nan,0.8976111620664595
1,AINR,ungated,771,1,0,0,1,42.32179999962682,nan,0.8976111620664595
1,AINR,ungated,772,1,0,0,1,51.78449999948498,nan,0.8976111620664595
1,AINR,ungated,773,1,0,0,1,53.74120000487892,nan,0.8976111620664595
1,AINR,ungated,774,1,0,0,1,51.36200000561075,nan,0.8976111620664595
1,AINR,ungated,775,1,0,0,1,58.45850000332575,nan,0.8976111620664595
1,AINR,ungated,776,1,0,0,1,58.37479999900097,nan,0.8976111620664595
1,AINR,ungated,777,1,0,0,1,61.59749999642372,nan,0.8976111620664595
1,AINR,ungated,778,1,0,0,1,56.88519999966957,nan,0.8976111620664595
1,AINR,ungated,779,1,0,0,1,51.75730000337353,nan,0.8976111620664595
1,AINR,ungated,780,1,0,0,1,50.911500002257526,nan,0.8976111620664595
1,AINR,ungated,781,1,0,0,1,47.92199999792501,nan,0.8976111620664595
1,AINR,ungated,782,1,0,0,1,48.623499998939224,nan,0.8976111620664595
1,AINR,ungated,783,1,0,0,1,45.12509999767644,nan,0.8976111620664595
1,AINR,ungated,784,1,0,0,1,42.48309999820776,nan,0.8976111620664595
1,AINR,ungated,785,1,0,0,1,43.07430000335444,nan,0.8976111620664595
1,AINR,ungated,786,1,0,0,1,44.13819999899715,nan,0.8976111620664595
1,AINR,ungated,787,1,0,0,1,43.948600003204774,nan,0.8976111620664595
1,AINR,ungated,788,1,0,0,1,44.88869999477174,nan,0.8976111620664595
1,AINR,ungated,789,1,0,0,1,40.467299993906636,nan,0.8976111620664595
1,AINR,ungated,790,1,0,0,1,44.55530000268482,nan,0.8976111620664595
1,AINR,ungated,791,1,0,0,1,43.26539999601664,nan,0.8976111620664595
1,AINR,ungated,792,1,0,0,1,42.57859999779612,nan,0.8976111620664595
1,AINR,ungated,793,1,0,0,1,42.8609000009601,nan,0.8976111620664595
1,AINR,ungated,794,1,0,0,1,42.864700000791345,nan,0.8976111620664595
1,AINR,ungated,795,1,0,0,1,43.767399998614565,nan,0.8976111620664595
1,AINR,ungated,796,1,0,0,1,43.53109999647131,nan,0.8976111620664595
1,AINR,ungated,797,1,0,0,1,43.0391000045347,nan,0.8976111620664595
1,AINR,ungated,798,1,0,0,1,42.620300002454314,nan,0.8976111620664595
1,AINR,ungated,799,1,0,0,1,44.44730000250274,nan,0.8976111620664595
1,AINR,ungated,800,1,0,0,1,41.826599997875746,nan,0.8976111620664595
1,AINR,ungated,801,1,0,0,1,44.5423999990453,nan,0.8976111620664595
1,AINR,ungated,802,1,0,0,1,44.979500002227724,nan,0.8976111620664595
1,AINR,ungated,803,1,0,0,1,44.61799999990035,nan,0.8976111620664595
1,AINR,ungated,804,1,0,0,1,45.4567999986466,nan,0.8976111620664595
1,AINR,ungated,805,1,0,0,1,42.68690000026254,nan,0.8976111620664595
1,AINR,ungated,806,1,0,0,1,45.0252999944496,nan,0.8976111620664595
1,AINR,ungated,807,1,0,0,1,42.4183999930392,nan,0.8976111620664595
1,AINR,ungated,808,1,0,0,1,44.0256000001682,nan,0.8976111620664595
1,AINR,ungated,809,1,0,0,1,43.60170000290964,nan,0.8976111620664595
1,AINR,ungated,810,1,0,0,1,45.94689999794355,nan,0.8976111620664595
1,AINR,ungated,811,1,0,0,1,43.40770000271732,nan,0.8976111620664595
1,AINR,ungated,812,1,0,0,1,44.86960000213003,nan,0.8976111620664595
1,AINR,ungated,813,1,0,0,1,45.145900003262796,nan,0.8976111620664595
1,AINR,ungated,814,1,0,0,1,44.41590000351425,nan,0.8976111620664595
1,AINR,ungated,815,1,0,0,1,40.31730000133393,nan,0.8976111620664595
1,AINR,ungated,816,1,0,0,1,43.21190000337083,nan,0.8976111620664595
1,AINR,ungated,817,1,0,0,1,44.88169999967795,nan,0.8976111620664595
1,AINR,ungated,818,1,0,0,1,44.65850000269711,nan,0.8976111620664595
1,AINR,ungated,819,1,0,0,1,42.75420000340091,nan,0.8976111620664595
1,AINR,ungated,820,1,0,0,1,42.02899999654619,nan,0.8976111620664595
1,AINR,ungated,821,1,0,0,1,43.701599999621976,nan,0.8976111620664595
1,AINR,ungated,822,1,0,0,1,41.0217000026023,nan,0.8976111620664595
1,AINR,ungated,823,1,0,0,1,44.22150000027614,nan,0.8976111620664595
1,AINR,ungated,824,1,0,0,1,43.060100004367996,nan,0.8976111620664595
1,AINR,ungated,825,1,0,0,1,43.910100001085084,nan,0.8976111620664595
1,AINR,ungated,826,1,0,0,1,43.29200000211131,nan,0.8976111620664595
1,AINR,ungated,827,1,0,0,1,44.21500000171363,nan,0.8976111620664595
1,AINR,ungated,828,1,0,0,1,43.78470000665402,nan,0.8976111620664595
1,AINR,ungated,829,1,0,0,1,40.92530000343686,nan,0.8976111620664595
1,AINR,ungated,830,1,0,0,1,46.588599994720425,nan,0.8976111620664595
1,AINR,ungated,831,1,0,0,1,43.260800004645716,nan,0.8976111620664595
1,AINR,ungated,832,1,0,0,1,44.693499999993946,nan,0.8976111620664595
1,AINR,ungated,833,1,0,0,1,46.10349999711616,nan,0.8976111620664595
1,AINR,ungated,834,1,0,0,1,43.89950000040699,nan,0.8976111620664595
1,AINR,ungated,835,1,0,0,1,47.016700002131984,nan,0.8976111620664595
1,AINR,ungated,836,1,0,0,1,41.97240000212332,nan,0.8976111620664595
1,AINR,ungated,837,1,0,0,1,43.56549999647541,nan,0.8976111620664595
1,AINR,ungated,838,1,0,0,1,43.479300002218224,nan,0.8976111620664595
1,AINR,ungated,839,1,0,0,1,44.97999999875901,nan,0.8976111620664595
1,AINR,ungated,840,1,0,0,1,44.197999995958526,nan,0.8976111620664595
1,AINR,ungated,841,1,0,0,1,42.688499997893814,nan,0.8976111620664595
1,AINR,ungated,842,1,0,0,1,43.810800001665484,nan,0.8976111620664595
1,AINR,ungated,843,1,0,0,1,41.69489999912912,nan,0.8976111620664595
1,AINR,ungated,844,1,0,0,1,43.91639999812469,nan,0.8976111620664595
1,AINR,ungated,845,1,0,0,1,44.09970000415342,nan,0.8976111620664595
1,AINR,ungated,846,1,0,0,1,47.28210000030231,nan,0.8976111620664595
1,AINR,ungated,847,1,0,0,1,43.64020000502933,nan,0.8976111620664595
1,AINR,ungated,848,1,0,0,1,42.78750000230502,nan,0.8976111620664595
1,AINR,ungated,849,1,0,0,1,43.29509999661241,nan,0.8976111620664595
1,AINR,ungated,850,1,0,0,1,43.97400000016205,nan,0.8976111620664595
1,AINR,ungated,851,1,0,0,1,40.76139999961015,nan,0.8976111620664595
1,AINR,ungated,852,1,0,0,1,43.61119999521179,nan,0.8976111620664595
1,AINR,ungated,853,1,0,0,1,45.260599996254314,nan,0.8976111620664595
1,AINR,ungated,854,1,0,0,1,43.45639999519335,nan,0.8976111620664595
1,AINR,ungated,855,1,0,0,1,44.95770000357879,nan,0.8976111620664595
1,AINR,ungated,856,1,0,0,1,42.8061999991769,nan,0.8976111620664595
1,AINR,ungated,857,1,0,0,1,43.522600004507694,nan,0.8976111620664595
1,AINR,ungated,858,1,0,0,1,38.49320000153966,nan,0.8976111620664595
1,AINR,ungated,859,1,0,0,1,53.692399997089524,nan,0.8976111620664595
1,AINR,ungated,860,1,0,0,1,54.541299999982584,nan,0.8976111620664595
1,AINR,ungated,861,1,0,0,1,59.04919999738922,nan,0.8976111620664595
1,AINR,ungated,862,1,0,0,1,59.75630000466481,nan,0.8976111620664595
1,AINR,ungated,863,1,0,0,1,55.775100001483224,nan,0.8976111620664595
1,AINR,ungated,864,1,0,0,1,51.05069999990519,nan,0.8976111620664595
1,AINR,ungated,865,1,0,0,1,48.845700002857484,nan,0.8976111620664595
1,AINR,ungated,866,1,0,0,1,50.8311000012327,nan,0.8976111620664595
1,AINR,ungated,867,1,0,0,1,49.10820000077365,nan,0.8976111620664595
1,AINR,ungated,868,1,0,0,1,50.20180000428809,nan,0.8976111620664595
1,AINR,ungated,869,1,0,0,1,49.529900003108196,nan,0.8976111620664595
1,AINR,ungated,870,1,0,0,1,50.05630000232486,nan,0.8976111620664595
1,AINR,ungated,871,1,0,0,1,50.210300003527664,nan,0.8976111620664595
1,AINR,ungated,872,1,0,0,1,49.21309999917867,nan,0.8976111620664595
1,AINR,ungated,873,1,0,0,1,48.901200003456324,nan,0.8976111620664595
1,AINR,ungated,874,1,0,0,1,48.8136999993003,nan,0.8976111620664595
1,AINR,ungated,875,1,0,0,1,46.95890000584768,nan,0.8976111620664595
1,AINR,ungated,876,1,0,0,1,45.318199998291675,nan,0.8976111620664595
1,AINR,ungated,877,1,0,0,1,44.273100000282284,nan,0.8976111620664595
1,AINR,ungated,878,1,0,0,1,43.169300006411504,nan,0.8976111620664595
1,AINR,ungated,879,1,0,0,1,44.545900003868155,nan,0.8976111620664595
1,AINR,ungated,880,1,0,0,1,45.27329999837093,nan,0.8976111620664595
1,AINR,ungated,881,1,0,0,1,43.5213999953703,nan,0.8976111620664595
1,AINR,ungated,882,1,0,0,1,44.258299996727146,nan,0.8976111620664595
1,AINR,ungated,883,1,0,0,1,43.51549999410054,nan,0.8976111620664595
1,AINR,ungated,884,1,0,0,1,43.25499999686144,nan,0.8976111620664595
1,AINR,ungated,885,1,0,0,1,44.616799998038914,nan,0.8976111620664595
1,AINR,ungated,886,1,0,0,1,44.84089999459684,nan,0.8976111620664595
1,AINR,ungated,887,1,0,0,1,43.5183000008692,nan,0.8976111620664595
1,AINR,ungated,888,1,0,0,1,43.18789999524597,nan,0.8976111620664595
1,AINR,ungated,889,1,0,0,1,43.11049999523675,nan,0.8976111620664595
1,AINR,ungated,890,1,0,0,1,40.865800001483876,nan,0.8976111620664595
1,AINR,ungated,891,1,0,0,1,46.72050000226591,nan,0.8976111620664595
1,AINR,ungated,892,1,0,0,1,43.37880000093719,nan,0.8976111620664595
1,AINR,ungated,893,1,0,0,1,42.03270000289194,nan,0.8976111620664595
1,AINR,ungated,894,1,0,0,1,43.240299994067755,nan,0.8976111620664595
1,AINR,ungated,895,1,0,0,1,42.66069999721367,nan,0.8976111620664595
1,AINR,ungated,896,1,0,0,1,43.84159999608528,nan,0.8976111620664595
1,AINR,ungated,897,1,0,0,1,44.14549999637529,nan,0.8976111620664595
1,AINR,ungated,898,1,0,0,1,43.06129999895347,nan,0.8976111620664595
1,AINR,ungated,899,1,0,0,1,42.7131999967969,nan,0.8976111620664595
1,AINR,ungated,900,1,0,0,1,42.65799999848241,nan,0.8976111620664595
1,AINR,ungated,901,1,0,0,1,41.29149999789661,nan,0.8976111620664595
1,AINR,ungated,902,1,0,0,1,42.395500000566244,nan,0.8976111620664595
1,AINR,ungated,903,1,0,0,1,43.290699999488425,nan,0.8976111620664595
1,AINR,ungated,904,1,0,0,1,40.658199999597855,nan,0.8976111620664595
1,AINR,ungated,905,1,0,0,1,42.81590000027791,nan,0.8976111620664595
1,AINR,ungated,906,1,0,0,1,42.49510000227019,nan,0.8976111620664595
1,AINR,ungated,907,1,0,0,1,43.37899999518413,nan,0.8976111620664595
1,AINR,ungated,908,1,0,0,1,44.480600001406856,nan,0.8976111620664595
1,AINR,ungated,909,1,0,0,1,46.07140000007348,nan,0.8976111620664595
1,AINR,ungated,910,1,0,0,1,42.54619999846909,nan,0.8976111620664595
1,AINR,ungated,911,1,0,0,1,45.5872000020463,nan,0.8976111620664595
1,AINR,ungated,912,1,0,0,1,52.97029999928782,nan,0.8976111620664595
1,AINR,ungated,913,1,0,0,1,55.33780000405386,nan,0.8976111620664595
1,AINR,ungated,914,1,0,0,1,56.9037000022945,nan,0.8976111620664595
1,AINR,ungated,915,1,0,0,1,58.022899997013155,nan,0.8976111620664595
1,AINR,ungated,916,1,0,0,1,57.001900000614114,nan,0.8976111620664595
1,AINR,ungated,917,1,0,0,1,55.760700000973884,nan,0.8976111620664595
1,AINR,ungated,918,1,0,0,1,50.07689999911236,nan,0.8976111620664595
1,AINR,ungated,919,1,0,0,1,47.555800003465265,nan,0.8976111620664595
1,AINR,ungated,920,1,0,0,1,48.17170000023907,nan,0.8976111620664595
1,AINR,ungated,921,1,0,0,1,48.768499997095205,nan,0.8976111620664595
1,AINR,ungated,922,1,0,0,1,48.68170000554528,nan,0.8976111620664595
1,AINR,ungated,923,1,0,0,1,46.69429999921704,nan,0.8976111620664595
1,AINR,ungated,924,1,0,0,1,49.13910000323085,nan,0.8976111620664595
1,AINR,ungated,925,1,0,0,1,47.37439999735216,nan,0.8976111620664595
1,AINR,ungated,926,1,0,0,1,47.631399997044355,nan,0.8976111620664595
1,AINR,ungated,927,1,0,0,1,47.15389999910258,nan,0.8976111620664595
1,AINR,ungated,928,1,0,0,1,45.75979999935953,nan,0.8976111620664595
1,AINR,ungated,929,1,0,0,1,43.47200000484008,nan,0.8976111620664595
1,AINR,ungated,930,1,0,0,1,42.99000000173692,nan,0.8976111620664595
1,AINR,ungated,931,1,0,0,1,44.31920000206446,nan,0.8976111620664595
1,AINR,ungated,932,1,0,0,1,45.891100002336316,nan,0.8976111620664595
1,AINR,ungated,933,1,0,0,1,43.15830000268761,nan,0.8976111620664595
1,AINR,ungated,934,1,0,0,1,44.73560000042198,nan,0.8976111620664595
1,AINR,ungated,935,1,0,0,1,43.907599996600766,nan,0.8976111620664595
1,AINR,ungated,936,1,0,0,1,42.4087999999756,nan,0.8976111620664595
1,AINR,ungated,937,1,0,0,1,44.778999996196944,nan,0.8976111620664595
1,AINR,ungated,938,1,0,0,1,45.23209999751998,nan,0.8976111620664595
1,AINR,ungated,939,1,0,0,1,43.3335999987321,nan,0.8976111620664595
1,AINR,ungated,940,1,0,0,1,44.28840000036871,nan,0.8976111620664595
1,AINR,ungated,941,1,0,0,1,44.57209999964107,nan,0.8976111620664595
1,AINR,ungated,942,1,0,0,1,44.27109999960521,nan,0.8976111620664595
1,AINR,ungated,943,1,0,0,1,45.99969999981113,nan,0.8976111620664595
1,AINR,ungated,944,1,0,0,1,49.69620000338182,nan,0.8976111620664595
1,AINR,ungated,945,1,0,0,1,51.165600001695566,nan,0.8976111620664595
1,AINR,ungated,946,1,0,0,1,47.66159999417141,nan,0.8976111620664595
1,AINR,ungated,947,1,0,0,1,52.673300000606105,nan,0.8976111620664595
1,AINR,ungated,948,1,0,0,1,59.25070000375854,nan,0.8976111620664595
1,AINR,ungated,949,1,0,0,1,60.92460000218125,nan,0.8976111620664595
1,AINR,ungated,950,1,0,0,1,60.57460000010906,nan,0.8976111620664595
1,AINR,ungated,951,1,0,0,1,54.53470000065863,nan,0.8976111620664595
1,AINR,ungated,952,1,0,0,1,50.79480000131298,nan,0.8976111620664595
1,AINR,ungated,953,1,0,0,1,52.590899998904206,nan,0.8976111620664595
1,AINR,ungated,954,1,0,0,1,47.54810000304133,nan,0.8976111620664595
1,AINR,ungated,955,1,0,0,1,43.20980000193231,nan,0.8976111620664595
1,AINR,ungated,956,1,0,0,1,44.73849999340018,nan,0.8976111620664595
1,AINR,ungated,957,1,0,0,1,44.80940000212286,nan,0.8976111620664595
1,AINR,ungated,958,1,0,0,1,44.478600000729784,nan,0.8976111620664595
1,AINR,ungated,959,1,0,0,1,43.2243000032031,nan,0.8976111620664595
1,AINR,ungated,960,1,0,0,1,43.94529999990482,nan,0.8976111620664595
1,AINR,ungated,961,1,0,0,1,43.900399999984074,nan,0.8976111620664595
1,AINR,ungated,962,1,0,0,1,44.693999996525235,nan,0.8976111620664595
1,AINR,ungated,963,1,0,0,1,52.64549999992596,nan,0.8976111620664595
1,AINR,ungated,964,1,0,0,1,54.75490000389982,nan,0.8976111620664595
1,AINR,ungated,965,1,0,0,1,51.243699999758974,nan,0.8976111620664595
1,AINR,ungated,966,1,0,0,1,58.26789999991888,nan,0.8976111620664595
1,AINR,ungated,967,1,0,0,1,61.848199999076314,nan,0.8976111620664595
1,AINR,ungated,968,1,0,0,1,60.616899994784035,nan,0.8976111620664595
1,AINR,ungated,969,1,0,0,1,50.14629999641329,nan,0.8976111620664595
1,AINR,ungated,970,1,0,0,1,49.13239999586949,nan,0.8976111620664595
1,AINR,ungated,971,1,0,0,1,48.978999999235384,nan,0.8976111620664595
1,AINR,ungated,972,1,0,0,1,53.38070000289008,nan,0.8976111620664595
1,AINR,ungated,973,1,0,0,1,54.2767000006279,nan,0.8976111620664595
1,AINR,ungated,974,1,0,0,1,53.7802000035299,nan,0.8976111620664595
1,AINR,ungated,975,1,0,0,1,51.257999999506865,nan,0.8976111620664595
1,AINR,ungated,976,1,0,0,1,52.04420000518439,nan,0.8976111620664595
1,AINR,ungated,977,1,0,0,1,48.59330000181217,nan,0.8976111620664595
1,AINR,ungated,978,1,0,0,1,50.525399994512554,nan,0.8976111620664595
1,AINR,ungated,979,1,0,0,1,49.970300002314616,nan,0.8976111620664595
1,AINR,ungated,980,1,0,0,1,44.638300001679454,nan,0.8976111620664595
1,AINR,ungated,981,1,0,0,1,42.40870000649011,nan,0.8976111620664595
1,AINR,ungated,982,1,0,0,1,45.27649999363348,nan,0.8976111620664595
1,AINR,ungated,983,1,0,0,1,43.90880000573816,nan,0.8976111620664595
1,AINR,ungated,984,1,0,0,1,45.100600000296254,nan,0.8976111620664595
1,AINR,ungated,985,1,0,0,1,44.27610000129789,nan,0.8976111620664595
1,AINR,ungated,986,1,0,0,1,49.42709999886574,nan,0.8976111620664595
1,AINR,ungated,987,1,0,0,1,44.30899999715621,nan,0.8976111620664595
1,AINR,ungated,988,1,0,0,1,44.09909999958472,nan,0.8976111620664595
1,AINR,ungated,989,1,0,0,1,43.59330000443151,nan,0.8976111620664595
1,AINR,ungated,990,1,0,0,1,44.529300001158845,nan,0.8976111620664595
1,AINR,ungated,991,1,0,0,1,40.60600000229897,nan,0.8976111620664595
1,AINR,ungated,992,1,0,0,1,50.51410000305623,nan,0.8976111620664595
1,AINR,ungated,993,1,0,0,1,52.581299998564646,nan,0.8976111620664595
1,AINR,ungated,994,1,0,0,1,55.436000002373476,nan,0.8976111620664595
1,AINR,ungated,995,1,0,0,1,54.282400000374764,nan,0.8976111620664595
1,AINR,ungated,996,1,0,0,1,55.74319999868749,nan,0.8976111620664595
1,AINR,ungated,997,1,0,0,1,55.95619999803603,nan,0.8976111620664595
1,AINR,ungated,998,1,0,0,1,61.799600000085775,nan,0.8976111620664595
1,AINR,ungated,999,1,0,0,1,56.74469999939902,nan,0.8976111620664595
1,AINR,gated,0,1,0,0,0,nan,nan,0.8976111620664595
1,AINR,gated,1,1,0,0,0,nan,nan,0.8976111620664595
1,AINR,gated,2,1,0,0,0,nan,nan,0.8976111620664595
1,AINR,gated,3,1,0,0,0,nan,nan,0.8976111620664595
1,AINR,gated,4,1,0,0,0,nan,nan,0.8976111620664595
1,AINR,gated,5,1,0,0,0,nan,nan,0.8976111620664595
1,AINR,gated,6,1,0,0,0,nan,nan,0.8976111620664595
1,AINR,gated,7,1,0,0,0,nan,nan,0.8976111620664595
1,AINR,gated,8,1,0,0,0,nan,nan,0.8976111620664595
1,AINR,gated,9,1,0,0,0,nan,nan,0.8976111620664595
1,AINR,gated,10,1,0,0,0,nan,nan,0.8976111620664595
1,AINR,gated,11,1,0,0,0,nan,nan,0.8976111620664595
1,AINR,gated,12,1,0,0,0,nan,nan,0.8976111620664595
1,AINR,gated,13,1,0,0,0,nan,nan,0.8976111620664595
1,AINR,gated,14,1,0,0,0,nan,nan,0.8976111620664595
1,AINR,gated,15,1,0,0,0,nan,nan,0.8976111620664595
1,AINR,gated,16,1,0,0,0,nan,nan,0.8976111620664595
1,AINR,gated,17,1,0,0,0,nan,nan,0.8976111620664595
1,AINR,gated,18,1,0,0,0,nan,nan,0.8976111620664595
1,AINR,gated,19,1,0,0,0,nan,nan,0.8976111620664595
1,AINR,gated,20,1,0,0,0,nan,nan,0.8976111620664595
1,AINR,gated,21,1,0,0,0,nan,nan,0.8976111620664595
1,AINR,gated,22,1,0,0,0,nan,nan,0.8976111620664595
1,AINR,gated,23,1,0,0,0,nan,nan,0.8976111620664595
1,AINR,gated,24,1,0,0,0,nan,nan,0.8976111620664595
1,AINR,gated,25,1,0,0,0,nan,nan,0.8976111620664595
1,AINR,gated,26,1,0,0,0,nan,nan,0.8976111620664595
1,AINR,gated,27,1,0,0,0,nan,nan,0.8976111620664595
1,AINR,gated,28,1,0,0,0,nan,nan,0.8976111620664595
1,AINR,gated,29,1,0,0,0,nan,nan,0.8976111620664595
1,AINR,gated,30,1,0,0,0,nan,nan,0.8976111620664595
1,AINR,gated,31,1,0,0,0,nan,nan,0.8976111620664595
1,AINR,gated,32,1,0,0,0,nan,nan,0.8976111620664595
1,AINR,gated,33,1,0,0,0,nan,nan,0.8976111620664595
1,AINR,gated,34,1,0,0,0,nan,nan,0.8976111620664595
1,AINR,gated,35,1,0,0,0,nan,nan,0.8976111620664595
1,AINR,gated,36,1,0,0,0,nan,nan,0.8976111620664595
1,AINR,gated,37,1,0,0,0,nan,nan,0.8976111620664595
1,AINR,gated,38,1,0,0,0,nan,nan,0.8976111620664595
1,AINR,gated,39,1,0,0,0,nan,nan,0.8976111620664595
1,AINR,gated,40,1,0,0,0,nan,nan,0.8976111620664595
1,AINR,gated,41,1,0,0,0,nan,nan,0.8976111620664595
1,AINR,gated,42,1,0,0,0,nan,nan,0.8976111620664595
1,AINR,gated,43,1,0,0,0,nan,nan,0.8976111620664595
1,AINR,gated,44,1,0,0,0,nan,nan,0.8976111620664595
1,AINR,gated,45,1,0,0,0,nan,nan,0.8976111620664595
1,AINR,gated,46,1,0,0,0,nan,nan,0.8976111620664595
1,AINR,gated,47,1,0,0,0,nan,nan,0.8976111620664595
1,AINR,gated,48,1,0,0,0,nan,nan,0.8976111620664595
1,AINR,gated,49,1,0,0,0,nan,nan,0.8976111620664595
1,AINR,gated,50,1,0,0,0,nan,nan,0.8976111620664595
1,AINR,gated,51,1,0,0,0,nan,nan,0.8976111620664595
1,AINR,gated,52,1,0,0,0,nan,nan,0.8976111620664595
1,AINR,gated,53,1,0,0,0,nan,nan,0.8976111620664595
1,AINR,gated,54,1,0,0,0,nan,nan,0.8976111620664595
1,AINR,gated,55,1,0,0,0,nan,nan,0.8976111620664595
1,AINR,gated,56,1,0,0,0,nan,nan,0.8976111620664595
1,AINR,gated,57,1,0,0,0,nan,nan,0.8976111620664595
1,AINR,gated,58,1,0,0,0,nan,nan,0.8976111620664595
1,AINR,gated,59,1,0,0,0,nan,nan,0.8976111620664595
1,AINR,gated,60,1,0,0,0,nan,nan,0.8976111620664595
1,AINR,gated,61,1,0,0,0,nan,nan,0.8976111620664595
1,AINR,gated,62,1,0,0,0,nan,nan,0.8976111620664595
1,AINR,gated,63,1,0,0,0,nan,nan,0.8976111620664595
1,AINR,gated,64,1,0,0,0,nan,nan,0.8976111620664595
1,AINR,gated,65,1,0,0,0,nan,nan,0.8976111620664595
1,AINR,gated,66,1,0,0,0,nan,nan,0.8976111620664595
1,AINR,gated,67,1,0,0,0,nan,nan,0.8976111620664595
1,AINR,gated,68,1,0,0,0,nan,nan,0.8976111620664595
1,AINR,gated,69,1,0,0,0,nan,nan,0.8976111620664595
1,AINR,gated,70,1,0,0,0,nan,nan,0.8976111620664595
1,AINR,gated,71,1,0,0,0,nan,nan,0.8976111620664595
1,AINR,gated,72,1,0,0,0,nan,nan,0.8976111620664595
1,AINR,gated,73,1,0,0,0,nan,nan,0.8976111620664595
1,AINR,gated,74,1,0,0,0,nan,nan,0.8976111620664595
1,AINR,gated,75,1,0,0,0,nan,nan,0.8976111620664595
1,AINR,gated,76,1,0,0,0,nan,nan,0.8976111620664595
1,AINR,gated,77,1,0,0,0,nan,nan,0.8976111620664595
1,AINR,gated,78,1,0,0,0,nan,nan,0.8976111620664595
1,AINR,gated,79,1,0,0,0,nan,nan,0.8976111620664595
1,AINR,gated,80,1,0,0,0,nan,nan,0.8976111620664595
1,AINR,gated,81,1,0,0,0,nan,nan,0.8976111620664595
1,AINR,gated,82,1,0,0,0,nan,nan,0.8976111620664595
1,AINR,gated,83,1,0,0,0,nan,nan,0.8976111620664595
1,AINR,gated,84,1,0,0,0,nan,nan,0.8976111620664595
1,AINR,gated,85,1,0,0,0,nan,nan,0.8976111620664595
1,AINR,gated,86,1,0,0,0,nan,nan,0.8976111620664595
1,AINR,gated,87,1,0,0,0,nan,nan,0.8976111620664595
1,AINR,gated,88,1,0,0,0,nan,nan,0.8976111620664595
1,AINR,gated,89,1,0,0,0,nan,nan,0.8976111620664595
1,AINR,gated,90,1,0,0,0,nan,nan,0.8976111620664595
1,AINR,gated,91,1,0,0,0,nan,nan,0.8976111620664595
1,AINR,gated,92,1,0,0,0,nan,nan,0.8976111620664595
1,AINR,gated,93,1,0,0,0,nan,nan,0.8976111620664595
1,AINR,gated,94,1,0,0,0,nan,nan,0.8976111620664595
1,AINR,gated,95,1,0,0,0,nan,nan,0.8976111620664595
1,AINR,gated,96,1,0,0,0,nan,nan,0.8976111620664595
1,AINR,gated,97,1,0,0,0,nan,nan,0.8976111620664595
1,AINR,gated,98,1,0,0,0,nan,nan,0.8976111620664595
1,AINR,gated,99,1,0,0,0,nan,nan,0.8976111620664595
1,AINR,gated,100,1,0,0,0,nan,nan,0.8976111620664595
1,AINR,gated,101,1,0,0,0,nan,nan,0.8976111620664595
1,AINR,gated,102,1,0,0,0,nan,nan,0.8976111620664595
1,AINR,gated,103,1,0,0,0,nan,nan,0.8976111620664595
1,AINR,gated,104,1,0,0,0,nan,nan,0.8976111620664595
1,AINR,gated,105,1,0,0,0,nan,nan,0.8976111620664595
1,AINR,gated,106,1,0,0,0,nan,nan,0.8976111620664595
1,AINR,gated,107,1,0,0,0,nan,nan,0.8976111620664595
1,AINR,gated,108,1,0,0,0,nan,nan,0.8976111620664595
1,AINR,gated,109,1,0,0,0,nan,nan,0.8976111620664595
1,AINR,gated,110,1,0,0,0,nan,nan,0.8976111620664595
1,AINR,gated,111,1,0,0,0,nan,nan,0.8976111620664595
1,AINR,gated,112,1,0,0,0,nan,nan,0.8976111620664595
1,AINR,gated,113,1,0,0,0,nan,nan,0.8976111620664595
1,AINR,gated,114,1,0,0,0,nan,nan,0.8976111620664595
1,AINR,gated,115,1,0,0,0,nan,nan,0.8976111620664595
1,AINR,gated,116,1,0,0,0,nan,nan,0.8976111620664595
1,AINR,gated,117,1,0,0,0,nan,nan,0.8976111620664595
1,AINR,gated,118,1,0,0,0,nan,nan,0.8976111620664595
1,AINR,gated,119,1,0,0,0,nan,nan,0.8976111620664595
1,AINR,gated,120,1,0,0,0,nan,nan,0.8976111620664595
1,AINR,gated,121,1,0,0,0,nan,nan,0.8976111620664595
1,AINR,gated,122,1,0,0,0,nan,nan,0.8976111620664595
1,AINR,gated,123,1,0,0,0,nan,nan,0.8976111620664595
1,AINR,gated,124,1,0,0,0,nan,nan,0.8976111620664595
1,AINR,gated,125,1,0,0,0,nan,nan,0.8976111620664595
1,AINR,gated,126,1,0,0,0,nan,nan,0.8976111620664595
1,AINR,gated,127,1,0,0,0,nan,nan,0.8976111620664595
1,AINR,gated,128,1,0,0,0,nan,nan,0.8976111620664595
1,AINR,gated,129,1,0,0,0,nan,nan,0.8976111620664595
1,AINR,gated,130,1,0,0,0,nan,nan,0.8976111620664595
1,AINR,gated,131,1,0,0,0,nan,nan,0.8976111620664595
1,AINR,gated,132,1,0,0,0,nan,nan,0.8976111620664595
1,AINR,gated,133,1,0,0,0,nan,nan,0.8976111620664595
1,AINR,gated,134,1,0,0,0,nan,nan,0.8976111620664595
1,AINR,gated,135,1,0,0,0,nan,nan,0.8976111620664595
1,AINR,gated,136,1,0,0,0,nan,nan,0.8976111620664595
1,AINR,gated,137,1,0,0,0,nan,nan,0.8976111620664595
1,AINR,gated,138,1,0,0,0,nan,nan,0.8976111620664595
1,AINR,gated,139,1,0,0,0,nan,nan,0.8976111620664595
1,AINR,gated,140,1,0,0,0,nan,nan,0.8976111620664595
1,AINR,gated,141,1,0,0,0,nan,nan,0.8976111620664595
1,AINR,gated,142,1,0,0,0,nan,nan,0.8976111620664595
1,AINR,gated,143,1,0,0,0,nan,nan,0.8976111620664595
1,AINR,gated,144,1,0,0,0,nan,nan,0.8976111620664595
1,AINR,gated,145,1,0,0,0,nan,nan,0.8976111620664595
1,AINR,gated,146,1,0,0,0,nan,nan,0.8976111620664595
1,AINR,gated,147,1,0,0,0,nan,nan,0.8976111620664595
1,AINR,gated,148,1,0,0,0,nan,nan,0.8976111620664595
1,AINR,gated,149,1,0,0,0,nan,nan,0.8976111620664595
1,AINR,gated,150,1,0,0,0,nan,nan,0.8976111620664595
1,AINR,gated,151,1,0,0,0,nan,nan,0.8976111620664595
1,AINR,gated,152,1,0,0,0,nan,nan,0.8976111620664595
1,AINR,gated,153,1,0,0,0,nan,nan,0.8976111620664595
1,AINR,gated,154,1,0,0,0,nan,nan,0.8976111620664595
1,AINR,gated,155,1,0,0,0,nan,nan,0.8976111620664595
1,AINR,gated,156,1,0,0,0,nan,nan,0.8976111620664595
1,AINR,gated,157,1,0,0,0,nan,nan,0.8976111620664595
1,AINR,gated,158,1,0,0,0,nan,nan,0.8976111620664595
1,AINR,gated,159,1,0,0,0,nan,nan,0.8976111620664595
1,AINR,gated,160,1,0,0,0,nan,nan,0.8976111620664595
1,AINR,gated,161,1,0,0,0,nan,nan,0.8976111620664595
1,AINR,gated,162,1,0,0,0,nan,nan,0.8976111620664595
1,AINR,gated,163,1,0,0,0,nan,nan,0.8976111620664595
1,AINR,gated,164,1,0,0,0,nan,nan,0.8976111620664595
1,AINR,gated,165,1,0,0,0,nan,nan,0.8976111620664595
1,AINR,gated,166,1,0,0,0,nan,nan,0.8976111620664595
1,AINR,gated,167,1,0,0,0,nan,nan,0.8976111620664595
1,AINR,gated,168,1,0,0,0,nan,nan,0.8976111620664595
1,AINR,gated,169,1,0,0,0,nan,nan,0.8976111620664595
1,AINR,gated,170,1,0,0,0,nan,nan,0.8976111620664595
1,AINR,gated,171,1,0,0,0,nan,nan,0.8976111620664595
1,AINR,gated,172,1,0,0,0,nan,nan,0.8976111620664595
1,AINR,gated,173,1,0,0,0,nan,nan,0.8976111620664595
1,AINR,gated,174,1,0,0,0,nan,nan,0.8976111620664595
1,AINR,gated,175,1,0,0,0,nan,nan,0.8976111620664595
1,AINR,gated,176,1,0,0,0,nan,nan,0.8976111620664595
1,AINR,gated,177,1,0,0,0,nan,nan,0.8976111620664595
1,AINR,gated,178,1,0,0,0,nan,nan,0.8976111620664595
1,AINR,gated,179,1,0,0,0,nan,nan,0.8976111620664595
1,AINR,gated,180,1,0,0,0,nan,nan,0.8976111620664595
1,AINR,gated,181,1,0,0,0,nan,nan,0.8976111620664595
1,AINR,gated,182,1,0,0,0,nan,nan,0.8976111620664595
1,AINR,gated,183,1,0,0,0,nan,nan,0.8976111620664595
1,AINR,gated,184,1,0,0,0,nan,nan,0.8976111620664595
1,AINR,gated,185,1,0,0,0,nan,nan,0.8976111620664595
1,AINR,gated,186,1,0,0,0,nan,nan,0.8976111620664595
1,AINR,gated,187,1,0,0,0,nan,nan,0.8976111620664595
1,AINR,gated,188,1,0,0,0,nan,nan,0.8976111620664595
1,AINR,gated,189,1,0,0,0,nan,nan,0.8976111620664595
1,AINR,gated,190,1,0,0,0,nan,nan,0.8976111620664595
1,AINR,gated,191,1,0,0,0,nan,nan,0.8976111620664595
1,AINR,gated,192,1,0,0,0,nan,nan,0.8976111620664595
1,AINR,gated,193,1,0,0,0,nan,nan,0.8976111620664595
1,AINR,gated,194,1,0,0,0,nan,nan,0.8976111620664595
1,AINR,gated,195,1,0,0,0,nan,nan,0.8976111620664595
1,AINR,gated,196,1,0,0,0,nan,nan,0.8976111620664595
1,AINR,gated,197,1,0,0,0,nan,nan,0.8976111620664595
1,AINR,gated,198,1,0,0,0,nan,nan,0.8976111620664595
1,AINR,gated,199,1,0,0,0,nan,nan,0.8976111620664595
1,AINR,gated,200,1,0,0,0,nan,nan,0.8976111620664595
1,AINR,gated,201,1,0,0,0,nan,nan,0.8976111620664595
1,AINR,gated,202,1,0,0,0,nan,nan,0.8976111620664595
1,AINR,gated,203,1,0,0,0,nan,nan,0.8976111620664595
1,AINR,gated,204,1,0,0,0,nan,nan,0.8976111620664595
1,AINR,gated,205,1,0,0,0,nan,nan,0.8976111620664595
1,AINR,gated,206,1,0,0,0,nan,nan,0.8976111620664595
1,AINR,gated,207,1,0,0,0,nan,nan,0.8976111620664595
1,AINR,gated,208,1,0,0,0,nan,nan,0.8976111620664595
1,AINR,gated,209,1,0,0,0,nan,nan,0.8976111620664595
1,AINR,gated,210,1,0,0,0,nan,nan,0.8976111620664595
1,AINR,gated,211,1,0,0,0,nan,nan,0.8976111620664595
1,AINR,gated,212,1,0,0,0,nan,nan,0.8976111620664595
1,AINR,gated,213,1,0,0,0,nan,nan,0.8976111620664595
1,AINR,gated,214,1,0,0,0,nan,nan,0.8976111620664595
1,AINR,gated,215,1,0,0,0,nan,nan,0.8976111620664595
1,AINR,gated,216,1,0,0,0,nan,nan,0.8976111620664595
1,AINR,gated,217,1,0,0,0,nan,nan,0.8976111620664595
1,AINR,gated,218,1,0,0,0,nan,nan,0.8976111620664595
1,AINR,gated,219,1,0,0,0,nan,nan,0.8976111620664595
1,AINR,gated,220,1,0,0,0,nan,nan,0.8976111620664595
1,AINR,gated,221,1,0,0,0,nan,nan,0.8976111620664595
1,AINR,gated,222,1,0,0,0,nan,nan,0.8976111620664595
1,AINR,gated,223,1,0,0,0,nan,nan,0.8976111620664595
1,AINR,gated,224,1,0,0,0,nan,nan,0.8976111620664595
1,AINR,gated,225,1,0,0,0,nan,nan,0.8976111620664595
1,AINR,gated,226,1,0,0,0,nan,nan,0.8976111620664595
1,AINR,gated,227,1,0,0,0,nan,nan,0.8976111620664595
1,AINR,gated,228,1,0,0,0,nan,nan,0.8976111620664595
1,AINR,gated,229,1,0,0,0,nan,nan,0.8976111620664595
1,AINR,gated,230,1,0,0,0,nan,nan,0.8976111620664595
1,AINR,gated,231,1,0,0,0,nan,nan,0.8976111620664595
1,AINR,gated,232,1,0,0,0,nan,nan,0.8976111620664595
1,AINR,gated,233,1,0,0,0,nan,nan,0.8976111620664595
1,AINR,gated,234,1,0,0,0,nan,nan,0.8976111620664595
1,AINR,gated,235,1,0,0,0,nan,nan,0.8976111620664595
1,AINR,gated,236,1,0,0,0,nan,nan,0.8976111620664595
1,AINR,gated,237,1,0,0,0,nan,nan,0.8976111620664595
1,AINR,gated,238,1,0,0,0,nan,nan,0.8976111620664595
1,AINR,gated,239,1,0,0,0,nan,nan,0.8976111620664595
1,AINR,gated,240,1,0,0,0,nan,nan,0.8976111620664595
1,AINR,gated,241,1,0,0,0,nan,nan,0.8976111620664595
1,AINR,gated,242,1,0,0,0,nan,nan,0.8976111620664595
1,AINR,gated,243,1,0,0,0,nan,nan,0.8976111620664595
1,AINR,gated,244,1,0,0,0,nan,nan,0.8976111620664595
1,AINR,gated,245,1,0,0,0,nan,nan,0.8976111620664595
1,AINR,gated,246,1,0,0,0,nan,nan,0.8976111620664595
1,AINR,gated,247,1,0,0,0,nan,nan,0.8976111620664595
1,AINR,gated,248,1,0,0,0,nan,nan,0.8976111620664595
1,AINR,gated,249,1,0,0,0,nan,nan,0.8976111620664595
1,AINR,gated,250,1,0,0,0,nan,nan,0.8976111620664595
1,AINR,gated,251,1,0,0,0,nan,nan,0.8976111620664595
1,AINR,gated,252,1,0,0,0,nan,nan,0.8976111620664595
1,AINR,gated,253,1,0,0,0,nan,nan,0.8976111620664595
1,AINR,gated,254,1,0,0,0,nan,nan,0.8976111620664595
1,AINR,gated,255,1,0,0,0,nan,nan,0.8976111620664595
1,AINR,gated,256,1,0,0,0,nan,nan,0.8976111620664595
1,AINR,gated,257,1,0,0,0,nan,nan,0.8976111620664595
1,AINR,gated,258,1,0,0,0,nan,nan,0.8976111620664595
1,AINR,gated,259,1,0,0,0,nan,nan,0.8976111620664595
1,AINR,gated,260,1,0,0,0,nan,nan,0.8976111620664595
1,AINR,gated,261,1,0,0,0,nan,nan,0.8976111620664595
1,AINR,gated,262,1,0,0,0,nan,nan,0.8976111620664595
1,AINR,gated,263,1,0,0,0,nan,nan,0.8976111620664595
1,AINR,gated,264,1,0,0,0,nan,nan,0.8976111620664595
1,AINR,gated,265,1,0,0,0,nan,nan,0.8976111620664595
1,AINR,gated,266,1,0,0,0,nan,nan,0.8976111620664595
1,AINR,gated,267,1,0,0,0,nan,nan,0.8976111620664595
1,AINR,gated,268,1,0,0,0,nan,nan,0.8976111620664595
1,AINR,gated,269,1,0,0,0,nan,nan,0.8976111620664595
1,AINR,gated,270,1,0,0,0,nan,nan,0.8976111620664595
1,AINR,gated,271,1,0,0,0,nan,nan,0.8976111620664595
1,AINR,gated,272,1,0,0,0,nan,nan,0.8976111620664595
1,AINR,gated,273,1,0,0,0,nan,nan,0.8976111620664595
1,AINR,gated,274,1,0,0,0,nan,nan,0.8976111620664595
1,AINR,gated,275,1,0,0,0,nan,nan,0.8976111620664595
1,AINR,gated,276,1,0,0,0,nan,nan,0.8976111620664595
1,AINR,gated,277,1,0,0,0,nan,nan,0.8976111620664595
1,AINR,gated,278,1,0,0,0,nan,nan,0.8976111620664595
1,AINR,gated,279,1,0,0,0,nan,nan,0.8976111620664595
1,AINR,gated,280,1,0,0,0,nan,nan,0.8976111620664595
1,AINR,gated,281,1,0,0,0,nan,nan,0.8976111620664595
1,AINR,gated,282,1,0,0,0,nan,nan,0.8976111620664595
1,AINR,gated,283,1,0,0,0,nan,nan,0.8976111620664595
1,AINR,gated,284,1,0,0,0,nan,nan,0.8976111620664595
1,AINR,gated,285,1,0,0,0,nan,nan,0.8976111620664595
1,AINR,gated,286,1,0,0,0,nan,nan,0.8976111620664595
1,AINR,gated,287,1,0,0,0,nan,nan,0.8976111620664595
1,AINR,gated,288,1,0,0,0,nan,nan,0.8976111620664595
1,AINR,gated,289,1,0,0,0,nan,nan,0.8976111620664595
1,AINR,gated,290,1,0,0,0,nan,nan,0.8976111620664595
1,AINR,gated,291,1,0,0,0,nan,nan,0.8976111620664595
1,AINR,gated,292,1,0,0,0,nan,nan,0.8976111620664595
1,AINR,gated,293,1,0,0,0,nan,nan,0.8976111620664595
1,AINR,gated,294,1,0,0,0,nan,nan,0.8976111620664595
1,AINR,gated,295,1,0,0,0,nan,nan,0.8976111620664595
1,AINR,gated,296,1,0,0,0,nan,nan,0.8976111620664595
1,AINR,gated,297,1,0,0,0,nan,nan,0.8976111620664595
1,AINR,gated,298,1,0,0,0,nan,nan,0.8976111620664595
1,AINR,gated,299,1,0,0,0,nan,nan,0.8976111620664595
1,AINR,gated,300,1,0,0,0,nan,nan,0.8976111620664595
1,AINR,gated,301,1,0,0,0,nan,nan,0.8976111620664595
1,AINR,gated,302,1,0,0,0,nan,nan,0.8976111620664595
1,AINR,gated,303,1,0,0,0,nan,nan,0.8976111620664595
1,AINR,gated,304,1,0,0,0,nan,nan,0.8976111620664595
1,AINR,gated,305,1,0,0,0,nan,nan,0.8976111620664595
1,AINR,gated,306,1,0,0,0,nan,nan,0.8976111620664595
1,AINR,gated,307,1,0,0,0,nan,nan,0.8976111620664595
1,AINR,gated,308,1,0,0,0,nan,nan,0.8976111620664595
1,AINR,gated,309,1,0,0,0,nan,nan,0.8976111620664595
1,AINR,gated,310,1,0,0,0,nan,nan,0.8976111620664595
1,AINR,gated,311,1,0,0,0,nan,nan,0.8976111620664595
1,AINR,gated,312,1,0,0,0,nan,nan,0.8976111620664595
1,AINR,gated,313,1,0,0,0,nan,nan,0.8976111620664595
1,AINR,gated,314,1,0,0,0,nan,nan,0.8976111620664595
1,AINR,gated,315,1,0,0,0,nan,nan,0.8976111620664595
1,AINR,gated,316,1,0,0,0,nan,nan,0.8976111620664595
1,AINR,gated,317,1,0,0,0,nan,nan,0.8976111620664595
1,AINR,gated,318,1,0,0,0,nan,nan,0.8976111620664595
1,AINR,gated,319,1,0,0,0,nan,nan,0.8976111620664595
1,AINR,gated,320,1,0,0,0,nan,nan,0.8976111620664595
1,AINR,gated,321,1,0,0,0,nan,nan,0.8976111620664595
1,AINR,gated,322,1,0,0,0,nan,nan,0.8976111620664595
1,AINR,gated,323,1,0,0,0,nan,nan,0.8976111620664595
1,AINR,gated,324,1,0,0,0,nan,nan,0.8976111620664595
1,AINR,gated,325,1,0,0,0,nan,nan,0.8976111620664595
1,AINR,gated,326,1,0,0,0,nan,nan,0.8976111620664595
1,AINR,gated,327,1,0,0,0,nan,nan,0.8976111620664595
1,AINR,gated,328,1,0,0,0,nan,nan,0.8976111620664595
1,AINR,gated,329,1,0,0,0,nan,nan,0.8976111620664595
1,AINR,gated,330,1,0,0,0,nan,nan,0.8976111620664595
1,AINR,gated,331,1,0,0,0,nan,nan,0.8976111620664595
1,AINR,gated,332,1,0,0,0,nan,nan,0.8976111620664595
1,AINR,gated,333,1,0,0,0,nan,nan,0.8976111620664595
1,AINR,gated,334,1,0,0,0,nan,nan,0.8976111620664595
1,AINR,gated,335,1,0,0,0,nan,nan,0.8976111620664595
1,AINR,gated,336,1,0,0,0,nan,nan,0.8976111620664595
1,AINR,gated,337,1,0,0,0,nan,nan,0.8976111620664595
1,AINR,gated,338,1,0,0,0,nan,nan,0.8976111620664595
1,AINR,gated,339,1,0,0,0,nan,nan,0.8976111620664595
1,AINR,gated,340,1,0,0,0,nan,nan,0.8976111620664595
1,AINR,gated,341,1,0,0,0,nan,nan,0.8976111620664595
1,AINR,gated,342,1,0,0,0,nan,nan,0.8976111620664595
1,AINR,gated,343,1,0,0,0,nan,nan,0.8976111620664595
1,AINR,gated,344,1,0,0,0,nan,nan,0.8976111620664595
1,AINR,gated,345,1,0,0,0,nan,nan,0.8976111620664595
1,AINR,gated,346,1,0,0,0,nan,nan,0.8976111620664595
1,AINR,gated,347,1,0,0,0,nan,nan,0.8976111620664595
1,AINR,gated,348,1,0,0,0,nan,nan,0.8976111620664595
1,AINR,gated,349,1,0,0,0,nan,nan,0.8976111620664595
1,AINR,gated,350,1,0,0,0,nan,nan,0.8976111620664595
1,AINR,gated,351,1,0,0,0,nan,nan,0.8976111620664595
1,AINR,gated,352,1,0,0,0,nan,nan,0.8976111620664595
1,AINR,gated,353,1,0,0,0,nan,nan,0.8976111620664595
1,AINR,gated,354,1,0,0,0,nan,nan,0.8976111620664595
1,AINR,gated,355,1,0,0,0,nan,nan,0.8976111620664595
1,AINR,gated,356,1,0,0,0,nan,nan,0.8976111620664595
1,AINR,gated,357,1,0,0,0,nan,nan,0.8976111620664595
1,AINR,gated,358,1,0,0,0,nan,nan,0.8976111620664595
1,AINR,gated,359,1,0,0,0,nan,nan,0.8976111620664595
1,AINR,gated,360,1,0,0,0,nan,nan,0.8976111620664595
1,AINR,gated,361,1,0,0,0,nan,nan,0.8976111620664595
1,AINR,gated,362,1,0,0,0,nan,nan,0.8976111620664595
1,AINR,gated,363,1,0,0,0,nan,nan,0.8976111620664595
1,AINR,gated,364,1,0,0,0,nan,nan,0.8976111620664595
1,AINR,gated,365,1,0,0,0,nan,nan,0.8976111620664595
1,AINR,gated,366,1,0,0,0,nan,nan,0.8976111620664595
1,AINR,gated,367,1,0,0,0,nan,nan,0.8976111620664595
1,AINR,gated,368,1,0,0,0,nan,nan,0.8976111620664595
1,AINR,gated,369,1,0,0,0,nan,nan,0.8976111620664595
1,AINR,gated,370,1,0,0,0,nan,nan,0.8976111620664595
1,AINR,gated,371,1,0,0,0,nan,nan,0.8976111620664595
1,AINR,gated,372,1,0,0,0,nan,nan,0.8976111620664595
1,AINR,gated,373,1,0,0,0,nan,nan,0.8976111620664595
1,AINR,gated,374,1,0,0,0,nan,nan,0.8976111620664595
1,AINR,gated,375,1,0,0,0,nan,nan,0.8976111620664595
1,AINR,gated,376,1,0,0,0,nan,nan,0.8976111620664595
1,AINR,gated,377,1,0,0,0,nan,nan,0.8976111620664595
1,AINR,gated,378,1,0,0,0,nan,nan,0.8976111620664595
1,AINR,gated,379,1,0,0,0,nan,nan,0.8976111620664595
1,AINR,gated,380,1,0,0,0,nan,nan,0.8976111620664595
1,AINR,gated,381,1,0,0,0,nan,nan,0.8976111620664595
1,AINR,gated,382,1,0,0,0,nan,nan,0.8976111620664595
1,AINR,gated,383,1,0,0,0,nan,nan,0.8976111620664595
1,AINR,gated,384,1,0,0,0,nan,nan,0.8976111620664595
1,AINR,gated,385,1,0,0,0,nan,nan,0.8976111620664595
1,AINR,gated,386,1,0,0,0,nan,nan,0.8976111620664595
1,AINR,gated,387,1,0,0,0,nan,nan,0.8976111620664595
1,AINR,gated,388,1,0,0,0,nan,nan,0.8976111620664595
1,AINR,gated,389,1,0,0,0,nan,nan,0.8976111620664595
1,AINR,gated,390,1,0,0,0,nan,nan,0.8976111620664595
1,AINR,gated,391,1,0,0,0,nan,nan,0.8976111620664595
1,AINR,gated,392,1,0,0,0,nan,nan,0.8976111620664595
1,AINR,gated,393,1,0,0,0,nan,nan,0.8976111620664595
1,AINR,gated,394,1,0,0,0,nan,nan,0.8976111620664595
1,AINR,gated,395,1,0,0,0,nan,nan,0.8976111620664595
1,AINR,gated,396,1,0,0,0,nan,nan,0.8976111620664595
1,AINR,gated,397,1,0,0,0,nan,nan,0.8976111620664595
1,AINR,gated,398,1,0,0,0,nan,nan,0.8976111620664595
1,AINR,gated,399,1,0,0,0,nan,nan,0.8976111620664595
1,AINR,gated,400,1,0,0,0,nan,nan,0.8976111620664595
1,AINR,gated,401,1,0,0,0,nan,nan,0.8976111620664595
1,AINR,gated,402,1,0,0,0,nan,nan,0.8976111620664595
1,AINR,gated,403,1,0,0,0,nan,nan,0.8976111620664595
1,AINR,gated,404,1,0,0,0,nan,nan,0.8976111620664595
1,AINR,gated,405,1,0,0,0,nan,nan,0.8976111620664595
1,AINR,gated,406,1,0,0,0,nan,nan,0.8976111620664595
1,AINR,gated,407,1,0,0,0,nan,nan,0.8976111620664595
1,AINR,gated,408,1,0,0,0,nan,nan,0.8976111620664595
1,AINR,gated,409,1,0,0,0,nan,nan,0.8976111620664595
1,AINR,gated,410,1,0,0,0,nan,nan,0.8976111620664595
1,AINR,gated,411,1,0,0,0,nan,nan,0.8976111620664595
1,AINR,gated,412,1,0,0,0,nan,nan,0.8976111620664595
1,AINR,gated,413,1,0,0,0,nan,nan,0.8976111620664595
1,AINR,gated,414,1,0,0,0,nan,nan,0.8976111620664595
1,AINR,gated,415,1,0,0,0,nan,nan,0.8976111620664595
1,AINR,gated,416,1,0,0,0,nan,nan,0.8976111620664595
1,AINR,gated,417,1,0,0,0,nan,nan,0.8976111620664595
1,AINR,gated,418,1,0,0,0,nan,nan,0.8976111620664595
1,AINR,gated,419,1,0,0,0,nan,nan,0.8976111620664595
1,AINR,gated,420,1,0,0,0,nan,nan,0.8976111620664595
1,AINR,gated,421,1,0,0,0,nan,nan,0.8976111620664595
1,AINR,gated,422,1,0,0,0,nan,nan,0.8976111620664595
1,AINR,gated,423,1,0,0,0,nan,nan,0.8976111620664595
1,AINR,gated,424,1,0,0,0,nan,nan,0.8976111620664595
1,AINR,gated,425,1,0,0,0,nan,nan,0.8976111620664595
1,AINR,gated,426,1,0,0,0,nan,nan,0.8976111620664595
1,AINR,gated,427,1,0,0,0,nan,nan,0.8976111620664595
1,AINR,gated,428,1,0,0,0,nan,nan,0.8976111620664595
1,AINR,gated,429,1,0,0,0,nan,nan,0.8976111620664595
1,AINR,gated,430,1,0,0,0,nan,nan,0.8976111620664595
1,AINR,gated,431,1,0,0,0,nan,nan,0.8976111620664595
1,AINR,gated,432,1,0,0,0,nan,nan,0.8976111620664595
1,AINR,gated,433,1,0,0,0,nan,nan,0.8976111620664595
1,AINR,gated,434,1,0,0,0,nan,nan,0.8976111620664595
1,AINR,gated,435,1,0,0,0,nan,nan,0.8976111620664595
1,AINR,gated,436,1,0,0,0,nan,nan,0.8976111620664595
1,AINR,gated,437,1,0,0,0,nan,nan,0.8976111620664595
1,AINR,gated,438,1,0,0,0,nan,nan,0.8976111620664595
1,AINR,gated,439,1,0,0,0,nan,nan,0.8976111620664595
1,AINR,gated,440,1,0,0,0,nan,nan,0.8976111620664595
1,AINR,gated,441,1,0,0,0,nan,nan,0.8976111620664595
1,AINR,gated,442,1,0,0,0,nan,nan,0.8976111620664595
1,AINR,gated,443,1,0,0,0,nan,nan,0.8976111620664595
1,AINR,gated,444,1,0,0,0,nan,nan,0.8976111620664595
1,AINR,gated,445,1,0,0,0,nan,nan,0.8976111620664595
1,AINR,gated,446,1,0,0,0,nan,nan,0.8976111620664595
1,AINR,gated,447,1,0,0,0,nan,nan,0.8976111620664595
1,AINR,gated,448,1,0,0,0,nan,nan,0.8976111620664595
1,AINR,gated,449,1,0,0,0,nan,nan,0.8976111620664595
1,AINR,gated,450,1,0,0,0,nan,nan,0.8976111620664595
1,AINR,gated,451,1,0,0,0,nan,nan,0.8976111620664595
1,AINR,gated,452,1,0,0,0,nan,nan,0.8976111620664595
1,AINR,gated,453,1,0,0,0,nan,nan,0.8976111620664595
1,AINR,gated,454,1,0,0,0,nan,nan,0.8976111620664595
1,AINR,gated,455,1,0,0,0,nan,nan,0.8976111620664595
1,AINR,gated,456,1,0,0,0,nan,nan,0.8976111620664595
1,AINR,gated,457,1,0,0,0,nan,nan,0.8976111620664595
1,AINR,gated,458,1,0,0,0,nan,nan,0.8976111620664595
1,AINR,gated,459,1,0,0,0,nan,nan,0.8976111620664595
1,AINR,gated,460,1,0,0,0,nan,nan,0.8976111620664595
1,AINR,gated,461,1,0,0,0,nan,nan,0.8976111620664595
1,AINR,gated,462,1,0,0,0,nan,nan,0.8976111620664595
1,AINR,gated,463,1,0,0,0,nan,nan,0.8976111620664595
1,AINR,gated,464,1,0,0,0,nan,nan,0.8976111620664595
1,AINR,gated,465,1,0,0,0,nan,nan,0.8976111620664595
1,AINR,gated,466,1,0,0,0,nan,nan,0.8976111620664595
1,AINR,gated,467,1,0,0,0,nan,nan,0.8976111620664595
1,AINR,gated,468,1,0,0,0,nan,nan,0.8976111620664595
1,AINR,gated,469,1,0,0,0,nan,nan,0.8976111620664595
1,AINR,gated,470,1,0,0,0,nan,nan,0.8976111620664595
1,AINR,gated,471,1,0,0,0,nan,nan,0.8976111620664595
1,AINR,gated,472,1,0,0,0,nan,nan,0.8976111620664595
1,AINR,gated,473,1,0,0,0,nan,nan,0.8976111620664595
1,AINR,gated,474,1,0,0,0,nan,nan,0.8976111620664595
1,AINR,gated,475,1,0,0,0,nan,nan,0.8976111620664595
1,AINR,gated,476,1,0,0,0,nan,nan,0.8976111620664595
1,AINR,gated,477,1,0,0,0,nan,nan,0.8976111620664595
1,AINR,gated,478,1,0,0,0,nan,nan,0.8976111620664595
1,AINR,gated,479,1,0,0,0,nan,nan,0.8976111620664595
1,AINR,gated,480,1,0,0,0,nan,nan,0.8976111620664595
1,AINR,gated,481,1,0,0,0,nan,nan,0.8976111620664595
1,AINR,gated,482,1,0,0,0,nan,nan,0.8976111620664595
1,AINR,gated,483,1,0,0,0,nan,nan,0.8976111620664595
1,AINR,gated,484,1,0,0,0,nan,nan,0.8976111620664595
1,AINR,gated,485,1,0,0,0,nan,nan,0.8976111620664595
1,AINR,gated,486,1,0,0,0,nan,nan,0.8976111620664595
1,AINR,gated,487,1,0,0,0,nan,nan,0.8976111620664595
1,AINR,gated,488,1,0,0,0,nan,nan,0.8976111620664595
1,AINR,gated,489,1,0,0,0,nan,nan,0.8976111620664595
1,AINR,gated,490,1,0,0,0,nan,nan,0.8976111620664595
1,AINR,gated,491,1,0,0,0,nan,nan,0.8976111620664595
1,AINR,gated,492,1,0,0,0,nan,nan,0.8976111620664595
1,AINR,gated,493,1,0,0,0,nan,nan,0.8976111620664595
1,AINR,gated,494,1,0,0,0,nan,nan,0.8976111620664595
1,AINR,gated,495,1,0,0,0,nan,nan,0.8976111620664595
1,AINR,gated,496,1,0,0,0,nan,nan,0.8976111620664595
1,AINR,gated,497,1,0,0,0,nan,nan,0.8976111620664595
1,AINR,gated,498,1,0,0,0,nan,nan,0.8976111620664595
1,AINR,gated,499,1,0,0,0,nan,nan,0.8976111620664595
1,AINR,gated,500,1,0,0,0,nan,nan,0.8976111620664595
1,AINR,gated,501,1,0,0,0,nan,nan,0.8976111620664595
1,AINR,gated,502,1,0,0,0,nan,nan,0.8976111620664595
1,AINR,gated,503,1,0,0,0,nan,nan,0.8976111620664595
1,AINR,gated,504,1,0,0,0,nan,nan,0.8976111620664595
1,AINR,gated,505,1,0,0,0,nan,nan,0.8976111620664595
1,AINR,gated,506,1,0,0,0,nan,nan,0.8976111620664595
1,AINR,gated,507,1,0,0,0,nan,nan,0.8976111620664595
1,AINR,gated,508,1,0,0,0,nan,nan,0.8976111620664595
1,AINR,gated,509,1,0,0,0,nan,nan,0.8976111620664595
1,AINR,gated,510,1,0,0,0,nan,nan,0.8976111620664595
1,AINR,gated,511,1,0,0,0,nan,nan,0.8976111620664595
1,AINR,gated,512,1,0,0,0,nan,nan,0.8976111620664595
1,AINR,gated,513,1,0,0,0,nan,nan,0.8976111620664595
1,AINR,gated,514,1,0,0,0,nan,nan,0.8976111620664595
1,AINR,gated,515,1,0,0,0,nan,nan,0.8976111620664595
1,AINR,gated,516,1,0,0,0,nan,nan,0.8976111620664595
1,AINR,gated,517,1,0,0,0,nan,nan,0.8976111620664595
1,AINR,gated,518,1,0,0,0,nan,nan,0.8976111620664595
1,AINR,gated,519,1,0,0,0,nan,nan,0.8976111620664595
1,AINR,gated,520,1,0,0,0,nan,nan,0.8976111620664595
1,AINR,gated,521,1,0,0,0,nan,nan,0.8976111620664595
1,AINR,gated,522,1,0,0,0,nan,nan,0.8976111620664595
1,AINR,gated,523,1,0,0,0,nan,nan,0.8976111620664595
1,AINR,gated,524,1,0,0,0,nan,nan,0.8976111620664595
1,AINR,gated,525,1,0,0,0,nan,nan,0.8976111620664595
1,AINR,gated,526,1,0,0,0,nan,nan,0.8976111620664595
1,AINR,gated,527,1,0,0,0,nan,nan,0.8976111620664595
1,AINR,gated,528,1,0,0,0,nan,nan,0.8976111620664595
1,AINR,gated,529,1,0,0,0,nan,nan,0.8976111620664595
1,AINR,gated,530,1,0,0,0,nan,nan,0.8976111620664595
1,AINR,gated,531,1,0,0,0,nan,nan,0.8976111620664595
1,AINR,gated,532,1,0,0,0,nan,nan,0.8976111620664595
1,AINR,gated,533,1,0,0,0,nan,nan,0.8976111620664595
1,AINR,gated,534,1,0,0,0,nan,nan,0.8976111620664595
1,AINR,gated,535,1,0,0,0,nan,nan,0.8976111620664595
1,AINR,gated,536,1,0,0,0,nan,nan,0.8976111620664595
1,AINR,gated,537,1,0,0,0,nan,nan,0.8976111620664595
1,AINR,gated,538,1,0,0,0,nan,nan,0.8976111620664595
1,AINR,gated,539,1,0,0,0,nan,nan,0.8976111620664595
1,AINR,gated,540,1,0,0,0,nan,nan,0.8976111620664595
1,AINR,gated,541,1,0,0,0,nan,nan,0.8976111620664595
1,AINR,gated,542,1,0,0,0,nan,nan,0.8976111620664595
1,AINR,gated,543,1,0,0,0,nan,nan,0.8976111620664595
1,AINR,gated,544,1,0,0,0,nan,nan,0.8976111620664595
1,AINR,gated,545,1,0,0,0,nan,nan,0.8976111620664595
1,AINR,gated,546,1,0,0,0,nan,nan,0.8976111620664595
1,AINR,gated,547,1,0,0,0,nan,nan,0.8976111620664595
1,AINR,gated,548,1,0,0,0,nan,nan,0.8976111620664595
1,AINR,gated,549,1,0,0,0,nan,nan,0.8976111620664595
1,AINR,gated,550,1,0,0,0,nan,nan,0.8976111620664595
1,AINR,gated,551,1,0,0,0,nan,nan,0.8976111620664595
1,AINR,gated,552,1,0,0,0,nan,nan,0.8976111620664595
1,AINR,gated,553,1,0,0,0,nan,nan,0.8976111620664595
1,AINR,gated,554,1,0,0,0,nan,nan,0.8976111620664595
1,AINR,gated,555,1,0,0,0,nan,nan,0.8976111620664595
1,AINR,gated,556,1,0,0,0,nan,nan,0.8976111620664595
1,AINR,gated,557,1,0,0,0,nan,nan,0.8976111620664595
1,AINR,gated,558,1,0,0,0,nan,nan,0.8976111620664595
1,AINR,gated,559,1,0,0,0,nan,nan,0.8976111620664595
1,AINR,gated,560,1,0,0,0,nan,nan,0.8976111620664595
1,AINR,gated,561,1,0,0,0,nan,nan,0.8976111620664595
1,AINR,gated,562,1,0,0,0,nan,nan,0.8976111620664595
1,AINR,gated,563,1,0,0,0,nan,nan,0.8976111620664595
1,AINR,gated,564,1,0,0,0,nan,nan,0.8976111620664595
1,AINR,gated,565,1,0,0,0,nan,nan,0.8976111620664595
1,AINR,gated,566,1,0,0,0,nan,nan,0.8976111620664595
1,AINR,gated,567,1,0,0,0,nan,nan,0.8976111620664595
1,AINR,gated,568,1,0,0,0,nan,nan,0.8976111620664595
1,AINR,gated,569,1,0,0,0,nan,nan,0.8976111620664595
1,AINR,gated,570,1,0,0,0,nan,nan,0.8976111620664595
1,AINR,gated,571,1,0,0,0,nan,nan,0.8976111620664595
1,AINR,gated,572,1,0,0,0,nan,nan,0.8976111620664595
1,AINR,gated,573,1,0,0,0,nan,nan,0.8976111620664595
1,AINR,gated,574,1,0,0,0,nan,nan,0.8976111620664595
1,AINR,gated,575,1,0,0,0,nan,nan,0.8976111620664595
1,AINR,gated,576,1,0,0,0,nan,nan,0.8976111620664595
1,AINR,gated,577,1,0,0,0,nan,nan,0.8976111620664595
1,AINR,gated,578,1,0,0,0,nan,nan,0.8976111620664595
1,AINR,gated,579,1,0,0,0,nan,nan,0.8976111620664595
1,AINR,gated,580,1,0,0,0,nan,nan,0.8976111620664595
1,AINR,gated,581,1,0,0,0,nan,nan,0.8976111620664595
1,AINR,gated,582,1,0,0,0,nan,nan,0.8976111620664595
1,AINR,gated,583,1,0,0,0,nan,nan,0.8976111620664595
1,AINR,gated,584,1,0,0,0,nan,nan,0.8976111620664595
1,AINR,gated,585,1,0,0,0,nan,nan,0.8976111620664595
1,AINR,gated,586,1,0,0,0,nan,nan,0.8976111620664595
1,AINR,gated,587,1,0,0,0,nan,nan,0.8976111620664595
1,AINR,gated,588,1,0,0,0,nan,nan,0.8976111620664595
1,AINR,gated,589,1,0,0,0,nan,nan,0.8976111620664595
1,AINR,gated,590,1,0,0,0,nan,nan,0.8976111620664595
1,AINR,gated,591,1,0,0,0,nan,nan,0.8976111620664595
1,AINR,gated,592,1,0,0,0,nan,nan,0.8976111620664595
1,AINR,gated,593,1,0,0,0,nan,nan,0.8976111620664595
1,AINR,gated,594,1,0,0,0,nan,nan,0.8976111620664595
1,AINR,gated,595,1,0,0,0,nan,nan,0.8976111620664595
1,AINR,gated,596,1,0,0,0,nan,nan,0.8976111620664595
1,AINR,gated,597,1,0,0,0,nan,nan,0.8976111620664595
1,AINR,gated,598,1,0,0,0,nan,nan,0.8976111620664595
1,AINR,gated,599,1,0,0,0,nan,nan,0.8976111620664595
1,AINR,gated,600,1,0,0,0,nan,nan,0.8976111620664595
1,AINR,gated,601,1,0,0,0,nan,nan,0.8976111620664595
1,AINR,gated,602,1,0,0,0,nan,nan,0.8976111620664595
1,AINR,gated,603,1,0,0,0,nan,nan,0.8976111620664595
1,AINR,gated,604,1,0,0,0,nan,nan,0.8976111620664595
1,AINR,gated,605,1,0,0,0,nan,nan,0.8976111620664595
1,AINR,gated,606,1,0,0,0,nan,nan,0.8976111620664595
1,AINR,gated,607,1,0,0,0,nan,nan,0.8976111620664595
1,AINR,gated,608,1,0,0,0,nan,nan,0.8976111620664595
1,AINR,gated,609,1,0,0,0,nan,nan,0.8976111620664595
1,AINR,gated,610,1,0,0,0,nan,nan,0.8976111620664595
1,AINR,gated,611,1,0,0,0,nan,nan,0.8976111620664595
1,AINR,gated,612,1,0,0,0,nan,nan,0.8976111620664595
1,AINR,gated,613,1,0,0,0,nan,nan,0.8976111620664595
1,AINR,gated,614,1,0,0,0,nan,nan,0.8976111620664595
1,AINR,gated,615,1,0,0,0,nan,nan,0.8976111620664595
1,AINR,gated,616,1,0,0,0,nan,nan,0.8976111620664595
1,AINR,gated,617,1,0,0,0,nan,nan,0.8976111620664595
1,AINR,gated,618,1,0,0,0,nan,nan,0.8976111620664595
1,AINR,gated,619,1,0,0,0,nan,nan,0.8976111620664595
1,AINR,gated,620,1,0,0,0,nan,nan,0.8976111620664595
1,AINR,gated,621,1,0,0,0,nan,nan,0.8976111620664595
1,AINR,gated,622,1,0,0,0,nan,nan,0.8976111620664595
1,AINR,gated,623,1,0,0,0,nan,nan,0.8976111620664595
1,AINR,gated,624,1,0,0,0,nan,nan,0.8976111620664595
1,AINR,gated,625,1,0,0,0,nan,nan,0.8976111620664595
1,AINR,gated,626,1,0,0,0,nan,nan,0.8976111620664595
1,AINR,gated,627,1,0,0,0,nan,nan,0.8976111620664595
1,AINR,gated,628,1,0,0,0,nan,nan,0.8976111620664595
1,AINR,gated,629,1,0,0,0,nan,nan,0.8976111620664595
1,AINR,gated,630,1,0,0,0,nan,nan,0.8976111620664595
1,AINR,gated,631,1,0,0,0,nan,nan,0.8976111620664595
1,AINR,gated,632,1,0,0,0,nan,nan,0.8976111620664595
1,AINR,gated,633,1,0,0,0,nan,nan,0.8976111620664595
1,AINR,gated,634,1,0,0,0,nan,nan,0.8976111620664595
1,AINR,gated,635,1,0,0,0,nan,nan,0.8976111620664595
1,AINR,gated,636,1,0,0,0,nan,nan,0.8976111620664595
1,AINR,gated,637,1,0,0,0,nan,nan,0.8976111620664595
1,AINR,gated,638,1,0,0,0,nan,nan,0.8976111620664595
1,AINR,gated,639,1,0,0,0,nan,nan,0.8976111620664595
1,AINR,gated,640,1,0,0,0,nan,nan,0.8976111620664595
1,AINR,gated,641,1,0,0,0,nan,nan,0.8976111620664595
1,AINR,gated,642,1,0,0,0,nan,nan,0.8976111620664595
1,AINR,gated,643,1,0,0,0,nan,nan,0.8976111620664595
1,AINR,gated,644,1,0,0,0,nan,nan,0.8976111620664595
1,AINR,gated,645,1,0,0,0,nan,nan,0.8976111620664595
1,AINR,gated,646,1,0,0,0,nan,nan,0.8976111620664595
1,AINR,gated,647,1,0,0,0,nan,nan,0.8976111620664595
1,AINR,gated,648,1,0,0,0,nan,nan,0.8976111620664595
1,AINR,gated,649,1,0,0,0,nan,nan,0.8976111620664595
1,AINR,gated,650,1,0,0,0,nan,nan,0.8976111620664595
1,AINR,gated,651,1,0,0,0,nan,nan,0.8976111620664595
1,AINR,gated,652,1,0,0,0,nan,nan,0.8976111620664595
1,AINR,gated,653,1,0,0,0,nan,nan,0.8976111620664595
1,AINR,gated,654,1,0,0,0,nan,nan,0.8976111620664595
1,AINR,gated,655,1,0,0,0,nan,nan,0.8976111620664595
1,AINR,gated,656,1,0,0,0,nan,nan,0.8976111620664595
1,AINR,gated,657,1,0,0,0,nan,nan,0.8976111620664595
1,AINR,gated,658,1,0,0,0,nan,nan,0.8976111620664595
1,AINR,gated,659,1,0,0,0,nan,nan,0.8976111620664595
1,AINR,gated,660,1,0,0,0,nan,nan,0.8976111620664595
1,AINR,gated,661,1,0,0,0,nan,nan,0.8976111620664595
1,AINR,gated,662,1,0,0,0,nan,nan,0.8976111620664595
1,AINR,gated,663,1,0,0,0,nan,nan,0.8976111620664595
1,AINR,gated,664,1,0,0,0,nan,nan,0.8976111620664595
1,AINR,gated,665,1,0,0,0,nan,nan,0.8976111620664595
1,AINR,gated,666,1,0,0,0,nan,nan,0.8976111620664595
1,AINR,gated,667,1,0,0,0,nan,nan,0.8976111620664595
1,AINR,gated,668,1,0,0,0,nan,nan,0.8976111620664595
1,AINR,gated,669,1,0,0,0,nan,nan,0.8976111620664595
1,AINR,gated,670,1,0,0,0,nan,nan,0.8976111620664595
1,AINR,gated,671,1,0,0,0,nan,nan,0.8976111620664595
1,AINR,gated,672,1,0,0,0,nan,nan,0.8976111620664595
1,AINR,gated,673,1,0,0,0,nan,nan,0.8976111620664595
1,AINR,gated,674,1,0,0,0,nan,nan,0.8976111620664595
1,AINR,gated,675,1,0,0,0,nan,nan,0.8976111620664595
1,AINR,gated,676,1,0,0,0,nan,nan,0.8976111620664595
1,AINR,gated,677,1,0,0,0,nan,nan,0.8976111620664595
1,AINR,gated,678,1,0,0,0,nan,nan,0.8976111620664595
1,AINR,gated,679,1,0,0,0,nan,nan,0.8976111620664595
1,AINR,gated,680,1,0,0,0,nan,nan,0.8976111620664595
1,AINR,gated,681,1,0,0,0,nan,nan,0.8976111620664595
1,AINR,gated,682,1,0,0,0,nan,nan,0.8976111620664595
1,AINR,gated,683,1,0,0,0,nan,nan,0.8976111620664595
1,AINR,gated,684,1,0,0,0,nan,nan,0.8976111620664595
1,AINR,gated,685,1,0,0,0,nan,nan,0.8976111620664595
1,AINR,gated,686,1,0,0,0,nan,nan,0.8976111620664595
1,AINR,gated,687,1,0,0,0,nan,nan,0.8976111620664595
1,AINR,gated,688,1,0,0,0,nan,nan,0.8976111620664595
1,AINR,gated,689,1,0,0,0,nan,nan,0.8976111620664595
1,AINR,gated,690,1,0,0,0,nan,nan,0.8976111620664595
1,AINR,gated,691,1,0,0,0,nan,nan,0.8976111620664595
1,AINR,gated,692,1,0,0,0,nan,nan,0.8976111620664595
1,AINR,gated,693,1,0,0,0,nan,nan,0.8976111620664595
1,AINR,gated,694,1,0,0,0,nan,nan,0.8976111620664595
1,AINR,gated,695,1,0,0,0,nan,nan,0.8976111620664595
1,AINR,gated,696,1,0,0,0,nan,nan,0.8976111620664595
1,AINR,gated,697,1,0,0,0,nan,nan,0.8976111620664595
1,AINR,gated,698,1,0,0,0,nan,nan,0.8976111620664595
1,AINR,gated,699,1,0,0,0,nan,nan,0.8976111620664595
1,AINR,gated,700,1,0,0,0,nan,nan,0.8976111620664595
1,AINR,gated,701,1,0,0,0,nan,nan,0.8976111620664595
1,AINR,gated,702,1,0,0,0,nan,nan,0.8976111620664595
1,AINR,gated,703,1,0,0,0,nan,nan,0.8976111620664595
1,AINR,gated,704,1,0,0,0,nan,nan,0.8976111620664595
1,AINR,gated,705,1,0,0,0,nan,nan,0.8976111620664595
1,AINR,gated,706,1,0,0,0,nan,nan,0.8976111620664595
1,AINR,gated,707,1,0,0,0,nan,nan,0.8976111620664595
1,AINR,gated,708,1,0,0,0,nan,nan,0.8976111620664595
1,AINR,gated,709,1,0,0,0,nan,nan,0.8976111620664595
1,AINR,gated,710,1,0,0,0,nan,nan,0.8976111620664595
1,AINR,gated,711,1,0,0,0,nan,nan,0.8976111620664595
1,AINR,gated,712,1,0,0,0,nan,nan,0.8976111620664595
1,AINR,gated,713,1,0,0,0,nan,nan,0.8976111620664595
1,AINR,gated,714,1,0,0,0,nan,nan,0.8976111620664595
1,AINR,gated,715,1,0,0,0,nan,nan,0.8976111620664595
1,AINR,gated,716,1,0,0,0,nan,nan,0.8976111620664595
1,AINR,gated,717,1,0,0,0,nan,nan,0.8976111620664595
1,AINR,gated,718,1,0,0,0,nan,nan,0.8976111620664595
1,AINR,gated,719,1,0,0,0,nan,nan,0.8976111620664595
1,AINR,gated,720,1,0,0,0,nan,nan,0.8976111620664595
1,AINR,gated,721,1,0,0,0,nan,nan,0.8976111620664595
1,AINR,gated,722,1,0,0,0,nan,nan,0.8976111620664595
1,AINR,gated,723,1,0,0,0,nan,nan,0.8976111620664595
1,AINR,gated,724,1,0,0,0,nan,nan,0.8976111620664595
1,AINR,gated,725,1,0,0,0,nan,nan,0.8976111620664595
1,AINR,gated,726,1,0,0,0,nan,nan,0.8976111620664595
1,AINR,gated,727,1,0,0,0,nan,nan,0.8976111620664595
1,AINR,gated,728,1,0,0,0,nan,nan,0.8976111620664595
1,AINR,gated,729,1,0,0,0,nan,nan,0.8976111620664595
1,AINR,gated,730,1,0,0,0,nan,nan,0.8976111620664595
1,AINR,gated,731,1,0,0,0,nan,nan,0.8976111620664595
1,AINR,gated,732,1,0,0,0,nan,nan,0.8976111620664595
1,AINR,gated,733,1,0,0,0,nan,nan,0.8976111620664595
1,AINR,gated,734,1,0,0,0,nan,nan,0.8976111620664595
1,AINR,gated,735,1,0,0,0,nan,nan,0.8976111620664595
1,AINR,gated,736,1,0,0,0,nan,nan,0.8976111620664595
1,AINR,gated,737,1,0,0,0,nan,nan,0.8976111620664595
1,AINR,gated,738,1,0,0,0,nan,nan,0.8976111620664595
1,AINR,gated,739,1,0,0,0,nan,nan,0.8976111620664595
1,AINR,gated,740,1,0,0,0,nan,nan,0.8976111620664595
1,AINR,gated,741,1,0,0,0,nan,nan,0.8976111620664595
1,AINR,gated,742,1,0,0,0,nan,nan,0.8976111620664595
1,AINR,gated,743,1,0,0,0,nan,nan,0.8976111620664595
1,AINR,gated,744,1,0,0,0,nan,nan,0.8976111620664595
1,AINR,gated,745,1,0,0,0,nan,nan,0.8976111620664595
1,AINR,gated,746,1,0,0,0,nan,nan,0.8976111620664595
1,AINR,gated,747,1,0,0,0,nan,nan,0.8976111620664595
1,AINR,gated,748,1,0,0,0,nan,nan,0.8976111620664595
1,AINR,gated,749,1,0,0,0,nan,nan,0.8976111620664595
1,AINR,gated,750,1,0,0,0,nan,nan,0.8976111620664595
1,AINR,gated,751,1,0,0,0,nan,nan,0.8976111620664595
1,AINR,gated,752,1,0,0,0,nan,nan,0.8976111620664595
1,AINR,gated,753,1,0,0,0,nan,nan,0.8976111620664595
1,AINR,gated,754,1,0,0,0,nan,nan,0.8976111620664595
1,AINR,gated,755,1,0,0,0,nan,nan,0.8976111620664595
1,AINR,gated,756,1,0,0,0,nan,nan,0.8976111620664595
1,AINR,gated,757,1,0,0,0,nan,nan,0.8976111620664595
1,AINR,gated,758,1,0,0,0,nan,nan,0.8976111620664595
1,AINR,gated,759,1,0,0,0,nan,nan,0.8976111620664595
1,AINR,gated,760,1,0,0,0,nan,nan,0.8976111620664595
1,AINR,gated,761,1,0,0,0,nan,nan,0.8976111620664595
1,AINR,gated,762,1,0,0,0,nan,nan,0.8976111620664595
1,AINR,gated,763,1,0,0,0,nan,nan,0.8976111620664595
1,AINR,gated,764,1,0,0,0,nan,nan,0.8976111620664595
1,AINR,gated,765,1,0,0,0,nan,nan,0.8976111620664595
1,AINR,gated,766,1,0,0,0,nan,nan,0.8976111620664595
1,AINR,gated,767,1,0,0,0,nan,nan,0.8976111620664595
1,AINR,gated,768,1,0,0,0,nan,nan,0.8976111620664595
1,AINR,gated,769,1,0,0,0,nan,nan,0.8976111620664595
1,AINR,gated,770,1,0,0,0,nan,nan,0.8976111620664595
1,AINR,gated,771,1,0,0,0,nan,nan,0.8976111620664595
1,AINR,gated,772,1,0,0,0,nan,nan,0.8976111620664595
1,AINR,gated,773,1,0,0,0,nan,nan,0.8976111620664595
1,AINR,gated,774,1,0,0,0,nan,nan,0.8976111620664595
1,AINR,gated,775,1,0,0,0,nan,nan,0.8976111620664595
1,AINR,gated,776,1,0,0,0,nan,nan,0.8976111620664595
1,AINR,gated,777,1,0,0,0,nan,nan,0.8976111620664595
1,AINR,gated,778,1,0,0,0,nan,nan,0.8976111620664595
1,AINR,gated,779,1,0,0,0,nan,nan,0.8976111620664595
1,AINR,gated,780,1,0,0,0,nan,nan,0.8976111620664595
1,AINR,gated,781,1,0,0,0,nan,nan,0.8976111620664595
1,AINR,gated,782,1,0,0,0,nan,nan,0.8976111620664595
1,AINR,gated,783,1,0,0,0,nan,nan,0.8976111620664595
1,AINR,gated,784,1,0,0,0,nan,nan,0.8976111620664595
1,AINR,gated,785,1,0,0,0,nan,nan,0.8976111620664595
1,AINR,gated,786,1,0,0,0,nan,nan,0.8976111620664595
1,AINR,gated,787,1,0,0,0,nan,nan,0.8976111620664595
1,AINR,gated,788,1,0,0,0,nan,nan,0.8976111620664595
1,AINR,gated,789,1,0,0,0,nan,nan,0.8976111620664595
1,AINR,gated,790,1,0,0,0,nan,nan,0.8976111620664595
1,AINR,gated,791,1,0,0,0,nan,nan,0.8976111620664595
1,AINR,gated,792,1,0,0,0,nan,nan,0.8976111620664595
1,AINR,gated,793,1,0,0,0,nan,nan,0.8976111620664595
1,AINR,gated,794,1,0,0,0,nan,nan,0.8976111620664595
1,AINR,gated,795,1,0,0,0,nan,nan,0.8976111620664595
1,AINR,gated,796,1,0,0,0,nan,nan,0.8976111620664595
1,AINR,gated,797,1,0,0,0,nan,nan,0.8976111620664595
1,AINR,gated,798,1,0,0,0,nan,nan,0.8976111620664595
1,AINR,gated,799,1,0,0,0,nan,nan,0.8976111620664595
1,AINR,gated,800,1,0,0,0,nan,nan,0.8976111620664595
1,AINR,gated,801,1,0,0,0,nan,nan,0.8976111620664595
1,AINR,gated,802,1,0,0,0,nan,nan,0.8976111620664595
1,AINR,gated,803,1,0,0,0,nan,nan,0.8976111620664595
1,AINR,gated,804,1,0,0,0,nan,nan,0.8976111620664595
1,AINR,gated,805,1,0,0,0,nan,nan,0.8976111620664595
1,AINR,gated,806,1,0,0,0,nan,nan,0.8976111620664595
1,AINR,gated,807,1,0,0,0,nan,nan,0.8976111620664595
1,AINR,gated,808,1,0,0,0,nan,nan,0.8976111620664595
1,AINR,gated,809,1,0,0,0,nan,nan,0.8976111620664595
1,AINR,gated,810,1,0,0,0,nan,nan,0.8976111620664595
1,AINR,gated,811,1,0,0,0,nan,nan,0.8976111620664595
1,AINR,gated,812,1,0,0,0,nan,nan,0.8976111620664595
1,AINR,gated,813,1,0,0,0,nan,nan,0.8976111620664595
1,AINR,gated,814,1,0,0,0,nan,nan,0.8976111620664595
1,AINR,gated,815,1,0,0,0,nan,nan,0.8976111620664595
1,AINR,gated,816,1,0,0,0,nan,nan,0.8976111620664595
1,AINR,gated,817,1,0,0,0,nan,nan,0.8976111620664595
1,AINR,gated,818,1,0,0,0,nan,nan,0.8976111620664595
1,AINR,gated,819,1,0,0,0,nan,nan,0.8976111620664595
1,AINR,gated,820,1,0,0,0,nan,nan,0.8976111620664595
1,AINR,gated,821,1,0,0,0,nan,nan,0.8976111620664595
1,AINR,gated,822,1,0,0,0,nan,nan,0.8976111620664595
1,AINR,gated,823,1,0,0,0,nan,nan,0.8976111620664595
1,AINR,gated,824,1,0,0,0,nan,nan,0.8976111620664595
1,AINR,gated,825,1,0,0,0,nan,nan,0.8976111620664595
1,AINR,gated,826,1,0,0,0,nan,nan,0.8976111620664595
1,AINR,gated,827,1,0,0,0,nan,nan,0.8976111620664595
1,AINR,gated,828,1,0,0,0,nan,nan,0.8976111620664595
1,AINR,gated,829,1,0,0,0,nan,nan,0.8976111620664595
1,AINR,gated,830,1,0,0,0,nan,nan,0.8976111620664595
1,AINR,gated,831,1,0,0,0,nan,nan,0.8976111620664595
1,AINR,gated,832,1,0,0,0,nan,nan,0.8976111620664595
1,AINR,gated,833,1,0,0,0,nan,nan,0.8976111620664595
1,AINR,gated,834,1,0,0,0,nan,nan,0.8976111620664595
1,AINR,gated,835,1,0,0,0,nan,nan,0.8976111620664595
1,AINR,gated,836,1,0,0,0,nan,nan,0.8976111620664595
1,AINR,gated,837,1,0,0,0,nan,nan,0.8976111620664595
1,AINR,gated,838,1,0,0,0,nan,nan,0.8976111620664595
1,AINR,gated,839,1,0,0,0,nan,nan,0.8976111620664595
1,AINR,gated,840,1,0,0,0,nan,nan,0.8976111620664595
1,AINR,gated,841,1,0,0,0,nan,nan,0.8976111620664595
1,AINR,gated,842,1,0,0,0,nan,nan,0.8976111620664595
1,AINR,gated,843,1,0,0,0,nan,nan,0.8976111620664595
1,AINR,gated,844,1,0,0,0,nan,nan,0.8976111620664595
1,AINR,gated,845,1,0,0,0,nan,nan,0.8976111620664595
1,AINR,gated,846,1,0,0,0,nan,nan,0.8976111620664595
1,AINR,gated,847,1,0,0,0,nan,nan,0.8976111620664595
1,AINR,gated,848,1,0,0,0,nan,nan,0.8976111620664595
1,AINR,gated,849,1,0,0,0,nan,nan,0.8976111620664595
1,AINR,gated,850,1,0,0,0,nan,nan,0.8976111620664595
1,AINR,gated,851,1,0,0,0,nan,nan,0.8976111620664595
1,AINR,gated,852,1,0,0,0,nan,nan,0.8976111620664595
1,AINR,gated,853,1,0,0,0,nan,nan,0.8976111620664595
1,AINR,gated,854,1,0,0,0,nan,nan,0.8976111620664595
1,AINR,gated,855,1,0,0,0,nan,nan,0.8976111620664595
1,AINR,gated,856,1,0,0,0,nan,nan,0.8976111620664595
1,AINR,gated,857,1,0,0,0,nan,nan,0.8976111620664595
1,AINR,gated,858,1,0,0,0,nan,nan,0.8976111620664595
1,AINR,gated,859,1,0,0,0,nan,nan,0.8976111620664595
1,AINR,gated,860,1,0,0,0,nan,nan,0.8976111620664595
1,AINR,gated,861,1,0,0,0,nan,nan,0.8976111620664595
1,AINR,gated,862,1,0,0,0,nan,nan,0.8976111620664595
1,AINR,gated,863,1,0,0,0,nan,nan,0.8976111620664595
1,AINR,gated,864,1,0,0,0,nan,nan,0.8976111620664595
1,AINR,gated,865,1,0,0,0,nan,nan,0.8976111620664595
1,AINR,gated,866,1,0,0,0,nan,nan,0.8976111620664595
1,AINR,gated,867,1,0,0,0,nan,nan,0.8976111620664595
1,AINR,gated,868,1,0,0,0,nan,nan,0.8976111620664595
1,AINR,gated,869,1,0,0,0,nan,nan,0.8976111620664595
1,AINR,gated,870,1,0,0,0,nan,nan,0.8976111620664595
1,AINR,gated,871,1,0,0,0,nan,nan,0.8976111620664595
1,AINR,gated,872,1,0,0,0,nan,nan,0.8976111620664595
1,AINR,gated,873,1,0,0,0,nan,nan,0.8976111620664595
1,AINR,gated,874,1,0,0,0,nan,nan,0.8976111620664595
1,AINR,gated,875,1,0,0,0,nan,nan,0.8976111620664595
1,AINR,gated,876,1,0,0,0,nan,nan,0.8976111620664595
1,AINR,gated,877,1,0,0,0,nan,nan,0.8976111620664595
1,AINR,gated,878,1,0,0,0,nan,nan,0.8976111620664595
1,AINR,gated,879,1,0,0,0,nan,nan,0.8976111620664595
1,AINR,gated,880,1,0,0,0,nan,nan,0.8976111620664595
1,AINR,gated,881,1,0,0,0,nan,nan,0.8976111620664595
1,AINR,gated,882,1,0,0,0,nan,nan,0.8976111620664595
1,AINR,gated,883,1,0,0,0,nan,nan,0.8976111620664595
1,AINR,gated,884,1,0,0,0,nan,nan,0.8976111620664595
1,AINR,gated,885,1,0,0,0,nan,nan,0.8976111620664595
1,AINR,gated,886,1,0,0,0,nan,nan,0.8976111620664595
1,AINR,gated,887,1,0,0,0,nan,nan,0.8976111620664595
1,AINR,gated,888,1,0,0,0,nan,nan,0.8976111620664595
1,AINR,gated,889,1,0,0,0,nan,nan,0.8976111620664595
1,AINR,gated,890,1,0,0,0,nan,nan,0.8976111620664595
1,AINR,gated,891,1,0,0,0,nan,nan,0.8976111620664595
1,AINR,gated,892,1,0,0,0,nan,nan,0.8976111620664595
1,AINR,gated,893,1,0,0,0,nan,nan,0.8976111620664595
1,AINR,gated,894,1,0,0,0,nan,nan,0.8976111620664595
1,AINR,gated,895,1,0,0,0,nan,nan,0.8976111620664595
1,AINR,gated,896,1,0,0,0,nan,nan,0.8976111620664595
1,AINR,gated,897,1,0,0,0,nan,nan,0.8976111620664595
1,AINR,gated,898,1,0,0,0,nan,nan,0.8976111620664595
1,AINR,gated,899,1,0,0,0,nan,nan,0.8976111620664595
1,AINR,gated,900,1,0,0,0,nan,nan,0.8976111620664595
1,AINR,gated,901,1,0,0,0,nan,nan,0.8976111620664595
1,AINR,gated,902,1,0,0,0,nan,nan,0.8976111620664595
1,AINR,gated,903,1,0,0,0,nan,nan,0.8976111620664595
1,AINR,gated,904,1,0,0,0,nan,nan,0.8976111620664595
1,AINR,gated,905,1,0,0,0,nan,nan,0.8976111620664595
1,AINR,gated,906,1,0,0,0,nan,nan,0.8976111620664595
1,AINR,gated,907,1,0,0,0,nan,nan,0.8976111620664595
1,AINR,gated,908,1,0,0,0,nan,nan,0.8976111620664595
1,AINR,gated,909,1,0,0,0,nan,nan,0.8976111620664595
1,AINR,gated,910,1,0,0,0,nan,nan,0.8976111620664595
1,AINR,gated,911,1,0,0,0,nan,nan,0.8976111620664595
1,AINR,gated,912,1,0,0,0,nan,nan,0.8976111620664595
1,AINR,gated,913,1,0,0,0,nan,nan,0.8976111620664595
1,AINR,gated,914,1,0,0,0,nan,nan,0.8976111620664595
1,AINR,gated,915,1,0,0,0,nan,nan,0.8976111620664595
1,AINR,gated,916,1,0,0,0,nan,nan,0.8976111620664595
1,AINR,gated,917,1,0,0,0,nan,nan,0.8976111620664595
1,AINR,gated,918,1,0,0,0,nan,nan,0.8976111620664595
1,AINR,gated,919,1,0,0,0,nan,nan,0.8976111620664595
1,AINR,gated,920,1,0,0,0,nan,nan,0.8976111620664595
1,AINR,gated,921,1,0,0,0,nan,nan,0.8976111620664595
1,AINR,gated,922,1,0,0,0,nan,nan,0.8976111620664595
1,AINR,gated,923,1,0,0,0,nan,nan,0.8976111620664595
1,AINR,gated,924,1,0,0,0,nan,nan,0.8976111620664595
1,AINR,gated,925,1,0,0,0,nan,nan,0.8976111620664595
1,AINR,gated,926,1,0,0,0,nan,nan,0.8976111620664595
1,AINR,gated,927,1,0,0,0,nan,nan,0.8976111620664595
1,AINR,gated,928,1,0,0,0,nan,nan,0.8976111620664595
1,AINR,gated,929,1,0,0,0,nan,nan,0.8976111620664595
1,AINR,gated,930,1,0,0,0,nan,nan,0.8976111620664595
1,AINR,gated,931,1,0,0,0,nan,nan,0.8976111620664595
1,AINR,gated,932,1,0,0,0,nan,nan,0.8976111620664595
1,AINR,gated,933,1,0,0,0,nan,nan,0.8976111620664595
1,AINR,gated,934,1,0,0,0,nan,nan,0.8976111620664595
1,AINR,gated,935,1,0,0,0,nan,nan,0.8976111620664595
1,AINR,gated,936,1,0,0,0,nan,nan,0.8976111620664595
1,AINR,gated,937,1,0,0,0,nan,nan,0.8976111620664595
1,AINR,gated,938,1,0,0,0,nan,nan,0.8976111620664595
1,AINR,gated,939,1,0,0,0,nan,nan,0.8976111620664595
1,AINR,gated,940,1,0,0,0,nan,nan,0.8976111620664595
1,AINR,gated,941,1,0,0,0,nan,nan,0.8976111620664595
1,AINR,gated,942,1,0,0,0,nan,nan,0.8976111620664595
1,AINR,gated,943,1,0,0,0,nan,nan,0.8976111620664595
1,AINR,gated,944,1,0,0,0,nan,nan,0.8976111620664595
1,AINR,gated,945,1,0,0,0,nan,nan,0.8976111620664595
1,AINR,gated,946,1,0,0,0,nan,nan,0.8976111620664595
1,AINR,gated,947,1,0,0,0,nan,nan,0.8976111620664595
1,AINR,gated,948,1,0,0,0,nan,nan,0.8976111620664595
1,AINR,gated,949,1,0,0,0,nan,nan,0.8976111620664595
1,AINR,gated,950,1,0,0,0,nan,nan,0.8976111620664595
1,AINR,gated,951,1,0,0,0,nan,nan,0.8976111620664595
1,AINR,gated,952,1,0,0,0,nan,nan,0.8976111620664595
1,AINR,gated,953,1,0,0,0,nan,nan,0.8976111620664595
1,AINR,gated,954,1,0,0,0,nan,nan,0.8976111620664595
1,AINR,gated,955,1,0,0,0,nan,nan,0.8976111620664595
1,AINR,gated,956,1,0,0,0,nan,nan,0.8976111620664595
1,AINR,gated,957,1,0,0,0,nan,nan,0.8976111620664595
1,AINR,gated,958,1,0,0,0,nan,nan,0.8976111620664595
1,AINR,gated,959,1,0,0,0,nan,nan,0.8976111620664595
1,AINR,gated,960,1,0,0,0,nan,nan,0.8976111620664595
1,AINR,gated,961,1,0,0,0,nan,nan,0.8976111620664595
1,AINR,gated,962,1,0,0,0,nan,nan,0.8976111620664595
1,AINR,gated,963,1,0,0,0,nan,nan,0.8976111620664595
1,AINR,gated,964,1,0,0,0,nan,nan,0.8976111620664595
1,AINR,gated,965,1,0,0,0,nan,nan,0.8976111620664595
1,AINR,gated,966,1,0,0,0,nan,nan,0.8976111620664595
1,AINR,gated,967,1,0,0,0,nan,nan,0.8976111620664595
1,AINR,gated,968,1,0,0,0,nan,nan,0.8976111620664595
1,AINR,gated,969,1,0,0,0,nan,nan,0.8976111620664595
1,AINR,gated,970,1,0,0,0,nan,nan,0.8976111620664595
1,AINR,gated,971,1,0,0,0,nan,nan,0.8976111620664595
1,AINR,gated,972,1,0,0,0,nan,nan,0.8976111620664595
1,AINR,gated,973,1,0,0,0,nan,nan,0.8976111620664595
1,AINR,gated,974,1,0,0,0,nan,nan,0.8976111620664595
1,AINR,gated,975,1,0,0,0,nan,nan,0.8976111620664595
1,AINR,gated,976,1,0,0,0,nan,nan,0.8976111620664595
1,AINR,gated,977,1,0,0,0,nan,nan,0.8976111620664595
1,AINR,gated,978,1,0,0,0,nan,nan,0.8976111620664595
1,AINR,gated,979,1,0,0,0,nan,nan,0.8976111620664595
1,AINR,gated,980,1,0,0,0,nan,nan,0.8976111620664595
1,AINR,gated,981,1,0,0,0,nan,nan,0.8976111620664595
1,AINR,gated,982,1,0,0,0,nan,nan,0.8976111620664595
1,AINR,gated,983,1,0,0,0,nan,nan,0.8976111620664595
1,AINR,gated,984,1,0,0,0,nan,nan,0.8976111620664595
1,AINR,gated,985,1,0,0,0,nan,nan,0.8976111620664595
1,AINR,gated,986,1,0,0,0,nan,nan,0.8976111620664595
1,AINR,gated,987,1,0,0,0,nan,nan,0.8976111620664595
1,AINR,gated,988,1,0,0,0,nan,nan,0.8976111620664595
1,AINR,gated,989,1,0,0,0,nan,nan,0.8976111620664595
1,AINR,gated,990,1,0,0,0,nan,nan,0.8976111620664595
1,AINR,gated,991,1,0,0,0,nan,nan,0.8976111620664595
1,AINR,gated,992,1,0,0,0,nan,nan,0.8976111620664595
1,AINR,gated,993,1,0,0,0,nan,nan,0.8976111620664595
1,AINR,gated,994,1,0,0,0,nan,nan,0.8976111620664595
1,AINR,gated,995,1,0,0,0,nan,nan,0.8976111620664595
1,AINR,gated,996,1,0,0,0,nan,nan,0.8976111620664595
1,AINR,gated,997,1,0,0,0,nan,nan,0.8976111620664595
1,AINR,gated,998,1,0,0,0,nan,nan,0.8976111620664595
1,AINR,gated,999,1,0,0,0,nan,nan,0.8976111620664595
1,AINR,trig,0,1,0,0,0,nan,1.5529426336288452,0.8976111620664595
1,AINR,trig,1,1,0,0,0,nan,1.6232295036315918,0.8976111620664595
1,AINR,trig,2,1,0,0,0,nan,1.5581399202346802,0.8976111620664595
1,AINR,trig,3,1,0,0,0,nan,1.4994361400604248,0.8976111620664595
1,AINR,trig,4,1,0,0,0,nan,1.5623435974121094,0.8976111620664595
1,AINR,trig,5,1,0,0,0,nan,1.6603106260299683,0.8976111620664595
1,AINR,trig,6,1,0,0,0,nan,1.5289690494537354,0.8976111620664595
1,AINR,trig,7,1,0,0,0,nan,1.5580365657806396,0.8976111620664595
1,AINR,trig,8,1,0,0,0,nan,1.5445319414138794,0.8976111620664595
1,AINR,trig,9,1,0,0,0,nan,1.5360188484191895,0.8976111620664595
1,AINR,trig,10,1,0,0,0,nan,1.5658539533615112,0.8976111620664595
1,AINR,trig,11,1,0,0,0,nan,1.4983160495758057,0.8976111620664595
1,AINR,trig,12,1,0,0,0,nan,1.5411466360092163,0.8976111620664595
1,AINR,trig,13,1,0,0,0,nan,1.6503461599349976,0.8976111620664595
1,AINR,trig,14,1,0,0,0,nan,1.6165107488632202,0.8976111620664595
1,AINR,trig,15,1,0,0,0,nan,1.5795773267745972,0.8976111620664595
1,AINR,trig,16,1,0,0,0,nan,1.627381682395935,0.8976111620664595
1,AINR,trig,17,1,0,0,0,nan,1.524346113204956,0.8976111620664595
1,AINR,trig,18,1,0,0,0,nan,1.6246049404144287,0.8976111620664595
1,AINR,trig,19,1,0,0,0,nan,1.573392629623413,0.8976111620664595
1,AINR,trig,20,1,0,0,0,nan,1.4789695739746094,0.8976111620664595
1,AINR,trig,21,1,0,0,0,nan,1.4954123497009277,0.8976111620664595
1,AINR,trig,22,1,0,0,0,nan,1.5595085620880127,0.8976111620664595
1,AINR,trig,23,1,0,0,0,nan,1.540205478668213,0.8976111620664595
1,AINR,trig,24,1,0,0,0,nan,1.6171799898147583,0.8976111620664595
1,AINR,trig,25,1,0,0,0,nan,1.6207019090652466,0.8976111620664595
1,AINR,trig,26,1,0,0,0,nan,1.6271185874938965,0.8976111620664595
1,AINR,trig,27,1,0,0,0,nan,1.6185277700424194,0.8976111620664595
1,AINR,trig,28,1,0,0,0,nan,1.3645623922348022,0.8976111620664595
1,AINR,trig,29,1,0,0,0,nan,1.682478427886963,0.8976111620664595
1,AINR,trig,30,1,0,0,0,nan,1.6088124513626099,0.8976111620664595
1,AINR,trig,31,1,0,0,0,nan,1.5133453607559204,0.8976111620664595
1,AINR,trig,32,1,0,0,0,nan,1.5037280321121216,0.8976111620664595
1,AINR,trig,33,1,0,0,0,nan,1.5791075229644775,0.8976111620664595
1,AINR,trig,34,1,0,0,0,nan,1.7385348081588745,0.8976111620664595
1,AINR,trig,35,1,0,0,0,nan,1.5767465829849243,0.8976111620664595
1,AINR,trig,36,1,0,0,0,nan,1.6582132577896118,0.8976111620664595
1,AINR,trig,37,1,0,0,0,nan,1.5739903450012207,0.8976111620664595
1,AINR,trig,38,1,0,0,0,nan,1.6016968488693237,0.8976111620664595
1,AINR,trig,39,1,0,0,0,nan,1.748384714126587,0.8976111620664595
1,AINR,trig,40,1,0,0,0,nan,1.6090142726898193,0.8976111620664595
1,AINR,trig,41,1,0,0,0,nan,1.5649272203445435,0.8976111620664595
1,AINR,trig,42,1,0,0,0,nan,1.4694758653640747,0.8976111620664595
1,AINR,trig,43,1,0,0,0,nan,1.556775450706482,0.8976111620664595
1,AINR,trig,44,1,0,0,0,nan,1.5707405805587769,0.8976111620664595
1,AINR,trig,45,1,0,0,0,nan,1.6465121507644653,0.8976111620664595
1,AINR,trig,46,1,0,0,0,nan,1.4839236736297607,0.8976111620664595
1,AINR,trig,47,1,0,0,0,nan,1.546810269355774,0.8976111620664595
1,AINR,trig,48,1,0,0,0,nan,1.5375361442565918,0.8976111620664595
1,AINR,trig,49,1,0,0,0,nan,1.605599045753479,0.8976111620664595
1,AINR,trig,50,1,0,0,0,nan,1.6587945222854614,0.8976111620664595
1,AINR,trig,51,1,0,0,0,nan,1.7359663248062134,0.8976111620664595
1,AINR,trig,52,1,0,0,0,nan,1.66341233253479,0.8976111620664595
1,AINR,trig,53,1,0,0,0,nan,1.5454416275024414,0.8976111620664595
1,AINR,trig,54,1,0,0,0,nan,1.6074082851409912,0.8976111620664595
1,AINR,trig,55,1,0,0,0,nan,1.5830947160720825,0.8976111620664595
1,AINR,trig,56,1,0,0,0,nan,1.627417802810669,0.8976111620664595
1,AINR,trig,57,1,0,0,0,nan,1.614138126373291,0.8976111620664595
1,AINR,trig,58,1,0,0,0,nan,1.5159105062484741,0.8976111620664595
1,AINR,trig,59,1,0,0,0,nan,1.5361806154251099,0.8976111620664595
1,AINR,trig,60,1,0,0,0,nan,1.5740505456924438,0.8976111620664595
1,AINR,trig,61,1,0,0,0,nan,1.4788475036621094,0.8976111620664595
1,AINR,trig,62,1,0,0,0,nan,1.6294002532958984,0.8976111620664595
1,AINR,trig,63,1,0,0,0,nan,1.445483684539795,0.8976111620664595
1,AINR,trig,64,1,0,0,0,nan,1.479506492614746,0.8976111620664595
1,AINR,trig,65,1,0,0,0,nan,1.5128957033157349,0.8976111620664595
1,AINR,trig,66,1,0,0,0,nan,1.5268526077270508,0.8976111620664595
1,AINR,trig,67,1,0,0,0,nan,1.607661247253418,0.8976111620664595
1,AINR,trig,68,1,0,0,0,nan,1.4364511966705322,0.8976111620664595
1,AINR,trig,69,1,0,0,0,nan,1.5777552127838135,0.8976111620664595
1,AINR,trig,70,1,0,0,0,nan,1.6015619039535522,0.8976111620664595
1,AINR,trig,71,1,0,0,0,nan,1.5284663438796997,0.8976111620664595
1,AINR,trig,72,1,0,0,0,nan,1.5546464920043945,0.8976111620664595
1,AINR,trig,73,1,0,0,0,nan,1.4834147691726685,0.8976111620664595
1,AINR,trig,74,1,0,0,0,nan,1.579810619354248,0.8976111620664595
1,AINR,trig,75,1,0,0,0,nan,1.6730018854141235,0.8976111620664595
1,AINR,trig,76,1,0,0,0,nan,1.7010524272918701,0.8976111620664595
1,AINR,trig,77,1,0,0,0,nan,1.5394386053085327,0.8976111620664595
1,AINR,trig,78,1,0,0,0,nan,1.6902565956115723,0.8976111620664595
1,AINR,trig,79,1,0,0,0,nan,1.6928222179412842,0.8976111620664595
1,AINR,trig,80,1,0,0,0,nan,1.5884519815444946,0.8976111620664595
1,AINR,trig,81,1,0,0,0,nan,1.5383052825927734,0.8976111620664595
1,AINR,trig,82,1,0,0,0,nan,1.5766549110412598,0.8976111620664595
1,AINR,trig,83,1,0,0,0,nan,1.6469765901565552,0.8976111620664595
1,AINR,trig,84,1,0,0,0,nan,1.6039021015167236,0.8976111620664595
1,AINR,trig,85,1,0,0,0,nan,1.7085977792739868,0.8976111620664595
1,AINR,trig,86,1,0,0,0,nan,1.6179183721542358,0.8976111620664595
1,AINR,trig,87,1,0,0,0,nan,1.4763169288635254,0.8976111620664595
1,AINR,trig,88,1,0,0,0,nan,1.58521568775177,0.8976111620664595
1,AINR,trig,89,1,0,0,0,nan,1.571124792098999,0.8976111620664595
1,AINR,trig,90,1,0,0,0,nan,1.4304476976394653,0.8976111620664595
1,AINR,trig,91,1,0,0,0,nan,1.5642482042312622,0.8976111620664595
1,AINR,trig,92,1,0,0,0,nan,1.5756908655166626,0.8976111620664595
1,AINR,trig,93,1,0,0,0,nan,1.5222620964050293,0.8976111620664595
1,AINR,trig,94,1,0,0,0,nan,1.5214791297912598,0.8976111620664595
1,AINR,trig,95,1,0,0,0,nan,1.5866577625274658,0.8976111620664595
1,AINR,trig,96,1,0,0,0,nan,1.5552904605865479,0.8976111620664595
1,AINR,trig,97,1,0,0,0,nan,1.7211198806762695,0.8976111620664595
1,AINR,trig,98,1,0,0,0,nan,1.5352455377578735,0.8976111620664595
1,AINR,trig,99,1,0,0,0,nan,1.4796680212020874,0.8976111620664595
1,AINR,trig,100,1,0,0,0,nan,1.535063624382019,0.8976111620664595
1,AINR,trig,101,1,0,0,0,nan,1.5408399105072021,0.8976111620664595
1,AINR,trig,102,1,0,0,0,nan,1.6984467506408691,0.8976111620664595
1,AINR,trig,103,1,0,0,0,nan,1.4595332145690918,0.8976111620664595
1,AINR,trig,104,1,0,0,0,nan,1.4738928079605103,0.8976111620664595
1,AINR,trig,105,1,0,0,0,nan,1.5123672485351562,0.8976111620664595
1,AINR,trig,106,1,0,0,0,nan,1.5638158321380615,0.8976111620664595
1,AINR,trig,107,1,0,0,0,nan,1.5227388143539429,0.8976111620664595
1,AINR,trig,108,1,0,0,0,nan,1.5697227716445923,0.8976111620664595
1,AINR,trig,109,1,0,0,0,nan,1.6036063432693481,0.8976111620664595
1,AINR,trig,110,1,0,0,0,nan,1.5954101085662842,0.8976111620664595
1,AINR,trig,111,1,0,0,0,nan,1.4315887689590454,0.8976111620664595
1,AINR,trig,112,1,0,0,0,nan,1.5884791612625122,0.8976111620664595
1,AINR,trig,113,1,0,0,0,nan,1.4406934976577759,0.8976111620664595
1,AINR,trig,114,1,0,0,0,nan,1.531367301940918,0.8976111620664595
1,AINR,trig,115,1,0,0,0,nan,1.5379036664962769,0.8976111620664595
1,AINR,trig,116,1,0,0,0,nan,1.7370517253875732,0.8976111620664595
1,AINR,trig,117,1,0,0,0,nan,1.5257494449615479,0.8976111620664595
1,AINR,trig,118,1,0,0,0,nan,1.6139966249465942,0.8976111620664595
1,AINR,trig,119,1,0,0,0,nan,1.528110384941101,0.8976111620664595
1,AINR,trig,120,1,0,0,0,nan,1.5838212966918945,0.8976111620664595
1,AINR,trig,121,1,0,0,0,nan,1.538291335105896,0.8976111620664595
1,AINR,trig,122,1,0,0,0,nan,1.6248527765274048,0.8976111620664595
1,AINR,trig,123,1,0,0,0,nan,1.5480575561523438,0.8976111620664595
1,AINR,trig,124,1,0,0,0,nan,1.5673515796661377,0.8976111620664595
1,AINR,trig,125,1,0,0,0,nan,1.5265411138534546,0.8976111620664595
1,AINR,trig,126,1,0,0,0,nan,1.5760962963104248,0.8976111620664595
1,AINR,trig,127,1,0,0,0,nan,1.3564949035644531,0.8976111620664595
1,AINR,trig,128,1,0,0,0,nan,1.4682204723358154,0.8976111620664595
1,AINR,trig,129,1,0,0,0,nan,1.657927393913269,0.8976111620664595
1,AINR,trig,130,1,0,0,0,nan,1.4566633701324463,0.8976111620664595
1,AINR,trig,131,1,0,0,0,nan,1.6376063823699951,0.8976111620664595
1,AINR,trig,132,1,0,0,0,nan,1.6007963418960571,0.8976111620664595
1,AINR,trig,133,1,0,0,0,nan,1.5776636600494385,0.8976111620664595
1,AINR,trig,134,1,0,0,0,nan,1.6349670886993408,0.8976111620664595
1,AINR,trig,135,1,0,0,0,nan,1.583803653717041,0.8976111620664595
1,AINR,trig,136,1,0,0,0,nan,1.6667747497558594,0.8976111620664595
1,AINR,trig,137,1,0,0,0,nan,1.5546026229858398,0.8976111620664595
1,AINR,trig,138,1,0,0,0,nan,1.5867756605148315,0.8976111620664595
1,AINR,trig,139,1,0,0,0,nan,1.6162651777267456,0.8976111620664595
1,AINR,trig,140,1,0,0,0,nan,1.6085267066955566,0.8976111620664595
1,AINR,trig,141,1,0,0,0,nan,1.5399821996688843,0.8976111620664595
1,AINR,trig,142,1,0,0,0,nan,1.4428800344467163,0.8976111620664595
1,AINR,trig,143,1,0,0,0,nan,1.4924848079681396,0.8976111620664595
1,AINR,trig,144,1,0,0,0,nan,1.5215871334075928,0.8976111620664595
1,AINR,trig,145,1,0,0,0,nan,1.669649600982666,0.8976111620664595
1,AINR,trig,146,1,0,0,0,nan,1.5961692333221436,0.8976111620664595
1,AINR,trig,147,1,0,0,0,nan,1.7286847829818726,0.8976111620664595
1,AINR,trig,148,1,0,0,0,nan,1.5947169065475464,0.8976111620664595
1,AINR,trig,149,1,0,0,0,nan,1.4855124950408936,0.8976111620664595
1,AINR,trig,150,1,0,0,0,nan,1.5440841913223267,0.8976111620664595
1,AINR,trig,151,1,0,0,0,nan,1.6175920963287354,0.8976111620664595
1,AINR,trig,152,1,0,0,0,nan,1.4614967107772827,0.8976111620664595
1,AINR,trig,153,1,0,0,0,nan,1.491689920425415,0.8976111620664595
1,AINR,trig,154,1,0,0,0,nan,1.5337798595428467,0.8976111620664595
1,AINR,trig,155,1,0,0,0,nan,1.5332475900650024,0.8976111620664595
1,AINR,trig,156,1,0,0,0,nan,1.5440400838851929,0.8976111620664595
1,AINR,trig,157,1,0,0,0,nan,1.4303607940673828,0.8976111620664595
1,AINR,trig,158,1,0,0,0,nan,1.5792027711868286,0.8976111620664595
1,AINR,trig,159,1,0,0,0,nan,1.5821380615234375,0.8976111620664595
1,AINR,trig,160,1,0,0,0,nan,1.591022253036499,0.8976111620664595
1,AINR,trig,161,1,0,0,0,nan,1.7218130826950073,0.8976111620664595
1,AINR,trig,162,1,0,0,0,nan,1.5999315977096558,0.8976111620664595
1,AINR,trig,163,1,0,0,0,nan,1.6002711057662964,0.8976111620664595
1,AINR,trig,164,1,0,0,0,nan,1.6044504642486572,0.8976111620664595
1,AINR,trig,165,1,0,0,0,nan,1.6458550691604614,0.8976111620664595
1,AINR,trig,166,1,0,0,0,nan,1.5254521369934082,0.8976111620664595
1,AINR,trig,167,1,0,0,0,nan,1.5702145099639893,0.8976111620664595
1,AINR,trig,168,1,0,0,0,nan,1.6279544830322266,0.8976111620664595
1,AINR,trig,169,1,0,0,0,nan,1.6930723190307617,0.8976111620664595
1,AINR,trig,170,1,0,0,0,nan,1.589066743850708,0.8976111620664595
1,AINR,trig,171,1,0,0,0,nan,1.689204454421997,0.8976111620664595
1,AINR,trig,172,1,0,0,0,nan,1.5568996667861938,0.8976111620664595
1,AINR,trig,173,1,0,0,0,nan,1.6386994123458862,0.8976111620664595
1,AINR,trig,174,1,0,0,0,nan,1.605735421180725,0.8976111620664595
1,AINR,trig,175,1,0,0,0,nan,1.6416491270065308,0.8976111620664595
1,AINR,trig,176,1,0,0,0,nan,1.568027377128601,0.8976111620664595
1,AINR,trig,177,1,0,0,0,nan,1.5607773065567017,0.8976111620664595
1,AINR,trig,178,1,0,0,0,nan,1.5383248329162598,0.8976111620664595
1,AINR,trig,179,1,0,0,0,nan,1.5672144889831543,0.8976111620664595
1,AINR,trig,180,1,0,0,0,nan,1.7204558849334717,0.8976111620664595
1,AINR,trig,181,1,0,0,0,nan,1.5692191123962402,0.8976111620664595
1,AINR,trig,182,1,0,0,0,nan,1.4567841291427612,0.8976111620664595
1,AINR,trig,183,1,0,0,0,nan,1.5770602226257324,0.8976111620664595
1,AINR,trig,184,1,0,0,0,nan,1.6409820318222046,0.8976111620664595
1,AINR,trig,185,1,0,0,0,nan,1.6927841901779175,0.8976111620664595
1,AINR,trig,186,1,0,0,0,nan,1.6775226593017578,0.8976111620664595
1,AINR,trig,187,1,0,0,0,nan,1.6118831634521484,0.8976111620664595
1,AINR,trig,188,1,0,0,0,nan,1.5088125467300415,0.8976111620664595
1,AINR,trig,189,1,0,0,0,nan,1.5854486227035522,0.8976111620664595
1,AINR,trig,190,1,0,0,0,nan,1.5813912153244019,0.8976111620664595
1,AINR,trig,191,1,0,0,0,nan,1.5665931701660156,0.8976111620664595
1,AINR,trig,192,1,0,0,0,nan,1.6216013431549072,0.8976111620664595
1,AINR,trig,193,1,0,0,0,nan,1.4901310205459595,0.8976111620664595
1,AINR,trig,194,1,0,0,0,nan,1.5954725742340088,0.8976111620664595
1,AINR,trig,195,1,0,0,0,nan,1.5078929662704468,0.8976111620664595
1,AINR,trig,196,1,0,0,0,nan,1.6919504404067993,0.8976111620664595
1,AINR,trig,197,1,0,0,0,nan,1.6478981971740723,0.8976111620664595
1,AINR,trig,198,1,0,0,0,nan,1.6194491386413574,0.8976111620664595
1,AINR,trig,199,1,0,0,0,nan,1.455645203590393,0.8976111620664595
1,AINR,trig,200,1,0,0,0,nan,1.6479460000991821,0.8976111620664595
1,AINR,trig,201,1,0,0,0,nan,1.658368706703186,0.8976111620664595
1,AINR,trig,202,1,0,0,0,nan,1.6003470420837402,0.8976111620664595
1,AINR,trig,203,1,0,0,0,nan,1.5703104734420776,0.8976111620664595
1,AINR,trig,204,1,0,0,0,nan,1.5501781702041626,0.8976111620664595
1,AINR,trig,205,1,0,0,0,nan,1.475245475769043,0.8976111620664595
1,AINR,trig,206,1,0,0,0,nan,1.427487850189209,0.8976111620664595
1,AINR,trig,207,1,0,0,0,nan,1.62012779712677,0.8976111620664595
1,AINR,trig,208,1,0,0,0,nan,1.5513851642608643,0.8976111620664595
1,AINR,trig,209,1,0,0,0,nan,1.5653482675552368,0.8976111620664595
1,AINR,trig,210,1,0,0,0,nan,1.5581912994384766,0.8976111620664595
1,AINR,trig,211,1,0,0,0,nan,1.5286675691604614,0.8976111620664595
1,AINR,trig,212,1,0,0,0,nan,1.5124257802963257,0.8976111620664595
1,AINR,trig,213,1,0,0,0,nan,1.4432536363601685,0.8976111620664595
1,AINR,trig,214,1,0,0,0,nan,1.566917896270752,0.8976111620664595
1,AINR,trig,215,1,0,0,0,nan,1.450486421585083,0.8976111620664595
1,AINR,trig,216,1,0,0,0,nan,1.5542227029800415,0.8976111620664595
1,AINR,trig,217,1,0,0,0,nan,1.504644751548767,0.8976111620664595
1,AINR,trig,218,1,0,0,0,nan,1.5680302381515503,0.8976111620664595
1,AINR,trig,219,1,0,0,0,nan,1.4608145952224731,0.8976111620664595
1,AINR,trig,220,1,0,0,0,nan,1.484958291053772,0.8976111620664595
1,AINR,trig,221,1,0,0,0,nan,1.4092375040054321,0.8976111620664595
1,AINR,trig,222,1,0,0,0,nan,1.5628033876419067,0.8976111620664595
1,AINR,trig,223,1,0,0,0,nan,1.5468682050704956,0.8976111620664595
1,AINR,trig,224,1,0,0,0,nan,1.5336546897888184,0.8976111620664595
1,AINR,trig,225,1,0,0,0,nan,1.4719792604446411,0.8976111620664595
1,AINR,trig,226,1,0,0,0,nan,1.5729517936706543,0.8976111620664595
1,AINR,trig,227,1,0,0,0,nan,1.5905307531356812,0.8976111620664595
1,AINR,trig,228,1,0,0,0,nan,1.5408539772033691,0.8976111620664595
1,AINR,trig,229,1,0,0,0,nan,1.6442922353744507,0.8976111620664595
1,AINR,trig,230,1,0,0,0,nan,1.529953122138977,0.8976111620664595
1,AINR,trig,231,1,0,0,0,nan,1.6339058876037598,0.8976111620664595
1,AINR,trig,232,1,0,0,0,nan,1.5677300691604614,0.8976111620664595
1,AINR,trig,233,1,0,0,0,nan,1.448191523551941,0.8976111620664595
1,AINR,trig,234,1,0,0,0,nan,1.58729088306427,0.8976111620664595
1,AINR,trig,235,1,0,0,0,nan,1.433864712715149,0.8976111620664595
1,AINR,trig,236,1,0,0,0,nan,1.6344417333602905,0.8976111620664595
1,AINR,trig,237,1,0,0,0,nan,1.6559237241744995,0.8976111620664595
1,AINR,trig,238,1,0,0,0,nan,1.5255062580108643,0.8976111620664595
1,AINR,trig,239,1,0,0,0,nan,1.6204746961593628,0.8976111620664595
1,AINR,trig,240,1,0,0,0,nan,1.566823959350586,0.8976111620664595
1,AINR,trig,241,1,0,0,0,nan,1.6488487720489502,0.8976111620664595
1,AINR,trig,242,1,0,0,0,nan,1.5127527713775635,0.8976111620664595
1,AINR,trig,243,1,0,0,0,nan,1.4307544231414795,0.8976111620664595
1,AINR,trig,244,1,0,0,0,nan,1.6884701251983643,0.8976111620664595
1,AINR,trig,245,1,0,0,0,nan,1.5105072259902954,0.8976111620664595
1,AINR,trig,246,1,0,0,0,nan,1.4725826978683472,0.8976111620664595
1,AINR,trig,247,1,0,0,0,nan,1.6585463285446167,0.8976111620664595
1,AINR,trig,248,1,0,0,0,nan,1.5467188358306885,0.8976111620664595
1,AINR,trig,249,1,0,0,0,nan,1.3734937906265259,0.8976111620664595
1,AINR,trig,250,1,0,0,0,nan,1.6024606227874756,0.8976111620664595
1,AINR,trig,251,1,0,0,0,nan,1.6322802305221558,0.8976111620664595
1,AINR,trig,252,1,0,0,0,nan,1.520735740661621,0.8976111620664595
1,AINR,trig,253,1,0,0,0,nan,1.6030176877975464,0.8976111620664595
1,AINR,trig,254,1,0,0,0,nan,1.5151151418685913,0.8976111620664595
1,AINR,trig,255,1,0,0,0,nan,1.5534582138061523,0.8976111620664595
1,AINR,trig,256,1,0,0,0,nan,1.5075814723968506,0.8976111620664595
1,AINR,trig,257,1,0,0,0,nan,1.5159705877304077,0.8976111620664595
1,AINR,trig,258,1,0,0,0,nan,1.6105303764343262,0.8976111620664595
1,AINR,trig,259,1,0,0,0,nan,1.425070881843567,0.8976111620664595
1,AINR,trig,260,1,0,0,0,nan,1.5453121662139893,0.8976111620664595
1,AINR,trig,261,1,0,0,0,nan,1.6545668840408325,0.8976111620664595
1,AINR,trig,262,1,0,0,0,nan,1.5453016757965088,0.8976111620664595
1,AINR,trig,263,1,0,0,0,nan,1.8581346273422241,0.8976111620664595
1,AINR,trig,264,1,0,0,0,nan,1.547725796699524,0.8976111620664595
1,AINR,trig,265,1,0,0,0,nan,1.5864111185073853,0.8976111620664595
1,AINR,trig,266,1,0,0,0,nan,1.683494210243225,0.8976111620664595
1,AINR,trig,267,1,0,0,0,nan,1.5215479135513306,0.8976111620664595
1,AINR,trig,268,1,0,0,0,nan,1.4271332025527954,0.8976111620664595
1,AINR,trig,269,1,0,0,0,nan,1.652370810508728,0.8976111620664595
1,AINR,trig,270,1,0,0,0,nan,1.5340129137039185,0.8976111620664595
1,AINR,trig,271,1,0,0,0,nan,1.598196268081665,0.8976111620664595
1,AINR,trig,272,1,0,0,0,nan,1.5029749870300293,0.8976111620664595
1,AINR,trig,273,1,0,0,0,nan,1.429539680480957,0.8976111620664595
1,AINR,trig,274,1,0,0,0,nan,1.6327208280563354,0.8976111620664595
1,AINR,trig,275,1,0,0,0,nan,1.5614032745361328,0.8976111620664595
1,AINR,trig,276,1,0,0,0,nan,1.5657355785369873,0.8976111620664595
1,AINR,trig,277,1,0,0,0,nan,1.400931715965271,0.8976111620664595
1,AINR,trig,278,1,0,0,0,nan,1.4085423946380615,0.8976111620664595
1,AINR,trig,279,1,0,0,0,nan,1.5082870721817017,0.8976111620664595
1,AINR,trig,280,1,0,0,0,nan,1.4559749364852905,0.8976111620664595
1,AINR,trig,281,1,0,0,0,nan,1.6551411151885986,0.8976111620664595
1,AINR,trig,282,1,0,0,0,nan,1.499192714691162,0.8976111620664595
1,AINR,trig,283,1,0,0,0,nan,1.4743202924728394,0.8976111620664595
1,AINR,trig,284,1,0,0,0,nan,1.5362340211868286,0.8976111620664595
1,AINR,trig,285,1,0,0,0,nan,1.4569032192230225,0.8976111620664595
1,AINR,trig,286,1,0,0,0,nan,1.4431002140045166,0.8976111620664595
1,AINR,trig,287,1,0,0,0,nan,1.671673059463501,0.8976111620664595
1,AINR,trig,288,1,0,0,0,nan,1.5265780687332153,0.8976111620664595
1,AINR,trig,289,1,0,0,0,nan,1.622728705406189,0.8976111620664595
1,AINR,trig,290,1,0,0,0,nan,1.5949523448944092,0.8976111620664595
1,AINR,trig,291,1,0,0,0,nan,1.563413143157959,0.8976111620664595
1,AINR,trig,292,1,0,0,0,nan,1.6474663019180298,0.8976111620664595
1,AINR,trig,293,1,0,0,0,nan,1.4454864263534546,0.8976111620664595
1,AINR,trig,294,1,0,0,0,nan,1.6189392805099487,0.8976111620664595
1,AINR,trig,295,1,0,0,0,nan,1.564983606338501,0.8976111620664595
1,AINR,trig,296,1,0,0,0,nan,1.5035895109176636,0.8976111620664595
1,AINR,trig,297,1,0,0,0,nan,1.6125835180282593,0.8976111620664595
1,AINR,trig,298,1,0,0,0,nan,1.538462519645691,0.8976111620664595
1,AINR,trig,299,1,0,0,0,nan,1.565219759941101,0.8976111620664595
1,AINR,trig,300,1,0,0,0,nan,1.518370509147644,0.8976111620664595
1,AINR,trig,301,1,0,0,0,nan,1.4941976070404053,0.8976111620664595
1,AINR,trig,302,1,0,0,0,nan,1.5913691520690918,0.8976111620664595
1,AINR,trig,303,1,0,0,0,nan,1.713775634765625,0.8976111620664595
1,AINR,trig,304,1,0,0,0,nan,1.4376981258392334,0.8976111620664595
1,AINR,trig,305,1,0,0,0,nan,1.4850391149520874,0.8976111620664595
1,AINR,trig,306,1,0,0,0,nan,1.6332457065582275,0.8976111620664595
1,AINR,trig,307,1,0,0,0,nan,1.5540437698364258,0.8976111620664595
1,AINR,trig,308,1,0,0,0,nan,1.5514073371887207,0.8976111620664595
1,AINR,trig,309,1,0,0,0,nan,1.5519416332244873,0.8976111620664595
1,AINR,trig,310,1,0,0,0,nan,1.5245139598846436,0.8976111620664595
1,AINR,trig,311,1,0,0,0,nan,1.481903076171875,0.8976111620664595
1,AINR,trig,312,1,0,0,0,nan,1.547743558883667,0.8976111620664595
1,AINR,trig,313,1,0,0,0,nan,1.5327266454696655,0.8976111620664595
1,AINR,trig,314,1,0,0,0,nan,1.5305343866348267,0.8976111620664595
1,AINR,trig,315,1,0,0,0,nan,1.4696944952011108,0.8976111620664595
1,AINR,trig,316,1,0,0,0,nan,1.5536657571792603,0.8976111620664595
1,AINR,trig,317,1,0,0,0,nan,1.420198917388916,0.8976111620664595
1,AINR,trig,318,1,0,0,0,nan,1.7303978204727173,0.8976111620664595
1,AINR,trig,319,1,0,0,0,nan,1.526973009109497,0.8976111620664595
1,AINR,trig,320,1,0,0,0,nan,1.6609930992126465,0.8976111620664595
1,AINR,trig,321,1,0,0,0,nan,1.4711778163909912,0.8976111620664595
1,AINR,trig,322,1,0,0,0,nan,1.513904333114624,0.8976111620664595
1,AINR,trig,323,1,0,0,0,nan,1.6075319051742554,0.8976111620664595
1,AINR,trig,324,1,0,0,0,nan,1.507926106452942,0.8976111620664595
1,AINR,trig,325,1,0,0,0,nan,1.6182215213775635,0.8976111620664595
1,AINR,trig,326,1,0,0,0,nan,1.5032907724380493,0.8976111620664595
1,AINR,trig,327,1,0,0,0,nan,1.5800821781158447,0.8976111620664595
1,AINR,trig,328,1,0,0,0,nan,1.6027522087097168,0.8976111620664595
1,AINR,trig,329,1,0,0,0,nan,1.4929101467132568,0.8976111620664595
1,AINR,trig,330,1,0,0,0,nan,1.6335235834121704,0.8976111620664595
1,AINR,trig,331,1,0,0,0,nan,1.5441908836364746,0.8976111620664595
1,AINR,trig,332,1,0,0,0,nan,1.583044171333313,0.8976111620664595
1,AINR,trig,333,1,0,0,0,nan,1.389835238456726,0.8976111620664595
1,AINR,trig,334,1,0,0,0,nan,1.614653468132019,0.8976111620664595
1,AINR,trig,335,1,0,0,0,nan,1.434995174407959,0.8976111620664595
1,AINR,trig,336,1,0,0,0,nan,1.606162428855896,0.8976111620664595
1,AINR,trig,337,1,0,0,0,nan,1.520736813545227,0.8976111620664595
1,AINR,trig,338,1,0,0,0,nan,1.5184307098388672,0.8976111620664595
1,AINR,trig,339,1,0,0,0,nan,1.5088090896606445,0.8976111620664595
1,AINR,trig,340,1,0,0,0,nan,1.560322642326355,0.8976111620664595
1,AINR,trig,341,1,0,0,0,nan,1.5894719362258911,0.8976111620664595
1,AINR,trig,342,1,0,0,0,nan,1.6034516096115112,0.8976111620664595
1,AINR,trig,343,1,0,0,0,nan,1.4723128080368042,0.8976111620664595
1,AINR,trig,344,1,0,0,0,nan,1.7361599206924438,0.8976111620664595
1,AINR,trig,345,1,0,0,0,nan,1.6288583278656006,0.8976111620664595
1,AINR,trig,346,1,0,0,0,nan,1.6077319383621216,0.8976111620664595
1,AINR,trig,347,1,0,0,0,nan,1.551316499710083,0.8976111620664595
1,AINR,trig,348,1,0,0,0,nan,1.7169690132141113,0.8976111620664595
1,AINR,trig,349,1,0,0,0,nan,1.6481610536575317,0.8976111620664595
1,AINR,trig,350,1,0,0,0,nan,1.562847375869751,0.8976111620664595
1,AINR,trig,351,1,0,0,0,nan,1.7114099264144897,0.8976111620664595
1,AINR,trig,352,1,0,0,0,nan,1.5912820100784302,0.8976111620664595
1,AINR,trig,353,1,0,0,0,nan,1.5132054090499878,0.8976111620664595
1,AINR,trig,354,1,0,0,0,nan,1.5977073907852173,0.8976111620664595
1,AINR,trig,355,1,0,0,0,nan,1.5839364528656006,0.8976111620664595
1,AINR,trig,356,1,0,0,0,nan,1.5084749460220337,0.8976111620664595
1,AINR,trig,357,1,0,0,0,nan,1.6027194261550903,0.8976111620664595
1,AINR,trig,358,1,0,0,0,nan,1.5767168998718262,0.8976111620664595
1,AINR,trig,359,1,0,0,0,nan,1.618468999862671,0.8976111620664595
1,AINR,trig,360,1,0,0,0,nan,1.6218016147613525,0.8976111620664595
1,AINR,trig,361,1,0,0,0,nan,1.4709458351135254,0.8976111620664595
1,AINR,trig,362,1,0,0,0,nan,1.6642690896987915,0.8976111620664595
1,AINR,trig,363,1,0,0,0,nan,1.5365997552871704,0.8976111620664595
1,AINR,trig,364,1,0,0,0,nan,1.5207240581512451,0.8976111620664595
1,AINR,trig,365,1,0,0,0,nan,1.5173234939575195,0.8976111620664595
1,AINR,trig,366,1,0,0,0,nan,1.6128383874893188,0.8976111620664595
1,AINR,trig,367,1,0,0,0,nan,1.5903793573379517,0.8976111620664595
1,AINR,trig,368,1,0,0,0,nan,1.513814091682434,0.8976111620664595
1,AINR,trig,369,1,0,0,0,nan,1.5844981670379639,0.8976111620664595
1,AINR,trig,370,1,0,0,0,nan,1.4519741535186768,0.8976111620664595
1,AINR,trig,371,1,0,0,0,nan,1.6043263673782349,0.8976111620664595
1,AINR,trig,372,1,0,0,0,nan,1.5386656522750854,0.8976111620664595
1,AINR,trig,373,1,0,0,0,nan,1.7440745830535889,0.8976111620664595
1,AINR,trig,374,1,0,0,0,nan,1.5859729051589966,0.8976111620664595
1,AINR,trig,375,1,0,0,0,nan,1.5759556293487549,0.8976111620664595
1,AINR,trig,376,1,0,0,0,nan,1.5928397178649902,0.8976111620664595
1,AINR,trig,377,1,0,0,0,nan,1.5751596689224243,0.8976111620664595
1,AINR,trig,378,1,0,0,0,nan,1.5585410594940186,0.8976111620664595
1,AINR,trig,379,1,0,0,0,nan,1.6427497863769531,0.8976111620664595
1,AINR,trig,380,1,0,0,0,nan,1.5883193016052246,0.8976111620664595
1,AINR,trig,381,1,0,0,0,nan,1.5540471076965332,0.8976111620664595
1,AINR,trig,382,1,0,0,0,nan,1.6241823434829712,0.8976111620664595
1,AINR,trig,383,1,0,0,0,nan,1.6411453485488892,0.8976111620664595
1,AINR,trig,384,1,0,0,0,nan,1.4895228147506714,0.8976111620664595
1,AINR,trig,385,1,0,0,0,nan,1.571881890296936,0.8976111620664595
1,AINR,trig,386,1,0,0,0,nan,1.5104258060455322,0.8976111620664595
1,AINR,trig,387,1,0,0,0,nan,1.4958457946777344,0.8976111620664595
1,AINR,trig,388,1,0,0,0,nan,1.5686510801315308,0.8976111620664595
1,AINR,trig,389,1,0,0,0,nan,1.5047527551651,0.8976111620664595
1,AINR,trig,390,1,0,0,0,nan,1.4762941598892212,0.8976111620664595
1,AINR,trig,391,1,0,0,0,nan,1.6294225454330444,0.8976111620664595
1,AINR,trig,392,1,0,0,0,nan,1.6016955375671387,0.8976111620664595
1,AINR,trig,393,1,0,0,0,nan,1.5204126834869385,0.8976111620664595
1,AINR,trig,394,1,0,0,0,nan,1.5061821937561035,0.8976111620664595
1,AINR,trig,395,1,0,0,0,nan,1.5929311513900757,0.8976111620664595
1,AINR,trig,396,1,0,0,0,nan,1.5498301982879639,0.8976111620664595
1,AINR,trig,397,1,0,0,0,nan,1.6716245412826538,0.8976111620664595
1,AINR,trig,398,1,0,0,0,nan,1.4289227724075317,0.8976111620664595
1,AINR,trig,399,1,0,0,0,nan,1.616896390914917,0.8976111620664595
1,AINR,trig,400,1,0,0,0,nan,1.5746935606002808,0.8976111620664595
1,AINR,trig,401,1,0,0,0,nan,1.6439857482910156,0.8976111620664595
1,AINR,trig,402,1,0,0,0,nan,1.4869074821472168,0.8976111620664595
1,AINR,trig,403,1,0,0,0,nan,1.4841742515563965,0.8976111620664595
1,AINR,trig,404,1,0,0,0,nan,1.6049329042434692,0.8976111620664595
1,AINR,trig,405,1,0,0,0,nan,1.704727292060852,0.8976111620664595
1,AINR,trig,406,1,0,0,0,nan,1.5216587781906128,0.8976111620664595
1,AINR,trig,407,1,0,0,0,nan,1.5219141244888306,0.8976111620664595
1,AINR,trig,408,1,0,0,0,nan,1.624177098274231,0.8976111620664595
1,AINR,trig,409,1,0,0,0,nan,1.5809556245803833,0.8976111620664595
1,AINR,trig,410,1,0,0,0,nan,1.5772755146026611,0.8976111620664595
1,AINR,trig,411,1,0,0,0,nan,1.6449495553970337,0.8976111620664595
1,AINR,trig,412,1,0,0,0,nan,1.5111740827560425,0.8976111620664595
1,AINR,trig,413,1,0,0,0,nan,1.5532523393630981,0.8976111620664595
1,AINR,trig,414,1,0,0,0,nan,1.5319608449935913,0.8976111620664595
1,AINR,trig,415,1,0,0,0,nan,1.574844241142273,0.8976111620664595
1,AINR,trig,416,1,0,0,0,nan,1.7363100051879883,0.8976111620664595
1,AINR,trig,417,1,0,0,0,nan,1.5979341268539429,0.8976111620664595
1,AINR,trig,418,1,0,0,0,nan,1.5698298215866089,0.8976111620664595
1,AINR,trig,419,1,0,0,0,nan,1.6646877527236938,0.8976111620664595
1,AINR,trig,420,1,0,0,0,nan,1.429693341255188,0.8976111620664595
1,AINR,trig,421,1,0,0,0,nan,1.5576428174972534,0.8976111620664595
1,AINR,trig,422,1,0,0,0,nan,1.58963942527771,0.8976111620664595
1,AINR,trig,423,1,0,0,0,nan,1.6360036134719849,0.8976111620664595
1,AINR,trig,424,1,0,0,0,nan,1.5565296411514282,0.8976111620664595
1,AINR,trig,425,1,0,0,0,nan,1.5792109966278076,0.8976111620664595
1,AINR,trig,426,1,0,0,0,nan,1.593273639678955,0.8976111620664595
1,AINR,trig,427,1,0,0,0,nan,1.628794550895691,0.8976111620664595
1,AINR,trig,428,1,0,0,0,nan,1.5488121509552002,0.8976111620664595
1,AINR,trig,429,1,0,0,0,nan,1.4588125944137573,0.8976111620664595
1,AINR,trig,430,1,0,0,0,nan,1.525110125541687,0.8976111620664595
1,AINR,trig,431,1,0,0,0,nan,1.5684980154037476,0.8976111620664595
1,AINR,trig,432,1,0,0,0,nan,1.509750485420227,0.8976111620664595
1,AINR,trig,433,1,0,0,0,nan,1.6818675994873047,0.8976111620664595
1,AINR,trig,434,1,0,0,0,nan,1.5192711353302002,0.8976111620664595
1,AINR,trig,435,1,0,0,0,nan,1.5494192838668823,0.8976111620664595
1,AINR,trig,436,1,0,0,0,nan,1.5730358362197876,0.8976111620664595
1,AINR,trig,437,1,0,0,0,nan,1.4648431539535522,0.8976111620664595
1,AINR,trig,438,1,0,0,0,nan,1.7029497623443604,0.8976111620664595
1,AINR,trig,439,1,0,0,0,nan,1.5644108057022095,0.8976111620664595
1,AINR,trig,440,1,0,0,0,nan,1.5200464725494385,0.8976111620664595
1,AINR,trig,441,1,0,0,0,nan,1.4785648584365845,0.8976111620664595
1,AINR,trig,442,1,0,0,0,nan,1.5116177797317505,0.8976111620664595
1,AINR,trig,443,1,0,0,0,nan,1.6310635805130005,0.8976111620664595
1,AINR,trig,444,1,0,0,0,nan,1.5667970180511475,0.8976111620664595
1,AINR,trig,445,1,0,0,0,nan,1.6309622526168823,0.8976111620664595
1,AINR,trig,446,1,0,0,0,nan,1.5453147888183594,0.8976111620664595
1,AINR,trig,447,1,0,0,0,nan,1.5601732730865479,0.8976111620664595
1,AINR,trig,448,1,0,0,0,nan,1.5881410837173462,0.8976111620664595
1,AINR,trig,449,1,0,0,0,nan,1.4927120208740234,0.8976111620664595
1,AINR,trig,450,1,0,0,0,nan,1.4944263696670532,0.8976111620664595
1,AINR,trig,451,1,0,0,0,nan,1.6227707862854004,0.8976111620664595
1,AINR,trig,452,1,0,0,0,nan,1.5660103559494019,0.8976111620664595
1,AINR,trig,453,1,0,0,0,nan,1.4524139165878296,0.8976111620664595
1,AINR,trig,454,1,0,0,0,nan,1.4607741832733154,0.8976111620664595
1,AINR,trig,455,1,0,0,0,nan,1.5980637073516846,0.8976111620664595
1,AINR,trig,456,1,0,0,0,nan,1.3861408233642578,0.8976111620664595
1,AINR,trig,457,1,0,0,0,nan,1.6224349737167358,0.8976111620664595
1,AINR,trig,458,1,0,0,0,nan,1.4573142528533936,0.8976111620664595
1,AINR,trig,459,1,0,0,0,nan,1.4655944108963013,0.8976111620664595
1,AINR,trig,460,1,0,0,0,nan,1.5637797117233276,0.8976111620664595
1,AINR,trig,461,1,0,0,0,nan,1.5285272598266602,0.8976111620664595
1,AINR,trig,462,1,0,0,0,nan,1.5173444747924805,0.8976111620664595
1,AINR,trig,463,1,0,0,0,nan,1.6983656883239746,0.8976111620664595
1,AINR,trig,464,1,0,0,0,nan,1.6067582368850708,0.8976111620664595
1,AINR,trig,465,1,0,0,0,nan,1.455615520477295,0.8976111620664595
1,AINR,trig,466,1,0,0,0,nan,1.5751467943191528,0.8976111620664595
1,AINR,trig,467,1,0,0,0,nan,1.6225531101226807,0.8976111620664595
1,AINR,trig,468,1,0,0,0,nan,1.3803932666778564,0.8976111620664595
1,AINR,trig,469,1,0,0,0,nan,1.5833724737167358,0.8976111620664595
1,AINR,trig,470,1,0,0,0,nan,1.554533839225769,0.8976111620664595
1,AINR,trig,471,1,0,0,0,nan,1.5729883909225464,0.8976111620664595
1,AINR,trig,472,1,0,0,0,nan,1.4597852230072021,0.8976111620664595
1,AINR,trig,473,1,0,0,0,nan,1.498835563659668,0.8976111620664595
1,AINR,trig,474,1,0,0,0,nan,1.5744074583053589,0.8976111620664595
1,AINR,trig,475,1,0,0,0,nan,1.573086142539978,0.8976111620664595
1,AINR,trig,476,1,0,0,0,nan,1.6344841718673706,0.8976111620664595
1,AINR,trig,477,1,0,0,0,nan,1.5614181756973267,0.8976111620664595
1,AINR,trig,478,1,0,0,0,nan,1.4762836694717407,0.8976111620664595
1,AINR,trig,479,1,0,0,0,nan,1.6257187128067017,0.8976111620664595
1,AINR,trig,480,1,0,0,0,nan,1.5946811437606812,0.8976111620664595
1,AINR,trig,481,1,0,0,0,nan,1.4630239009857178,0.8976111620664595
1,AINR,trig,482,1,0,0,0,nan,1.4944543838500977,0.8976111620664595
1,AINR,trig,483,1,0,0,0,nan,1.608359694480896,0.8976111620664595
1,AINR,trig,484,1,0,0,0,nan,1.6975157260894775,0.8976111620664595
1,AINR,trig,485,1,0,0,0,nan,1.5832880735397339,0.8976111620664595
1,AINR,trig,486,1,0,0,0,nan,1.505603313446045,0.8976111620664595
1,AINR,trig,487,1,0,0,0,nan,1.610554814338684,0.8976111620664595
1,AINR,trig,488,1,0,0,0,nan,1.6446304321289062,0.8976111620664595
1,AINR,trig,489,1,0,0,0,nan,1.5659246444702148,0.8976111620664595
1,AINR,trig,490,1,0,0,0,nan,1.5742708444595337,0.8976111620664595
1,AINR,trig,491,1,0,0,0,nan,1.6711294651031494,0.8976111620664595
1,AINR,trig,492,1,0,0,0,nan,1.4295967817306519,0.8976111620664595
1,AINR,trig,493,1,0,0,0,nan,1.3958163261413574,0.8976111620664595
1,AINR,trig,494,1,0,0,0,nan,1.5124108791351318,0.8976111620664595
1,AINR,trig,495,1,0,0,0,nan,1.6437976360321045,0.8976111620664595
1,AINR,trig,496,1,0,0,0,nan,1.474894642829895,0.8976111620664595
1,AINR,trig,497,1,0,0,0,nan,1.5738824605941772,0.8976111620664595
1,AINR,trig,498,1,0,0,0,nan,1.578533411026001,0.8976111620664595
1,AINR,trig,499,1,0,0,0,nan,1.5078022480010986,0.8976111620664595
1,AINR,trig,500,1,0,0,0,nan,1.5564061403274536,0.8976111620664595
1,AINR,trig,501,1,0,0,0,nan,1.4953548908233643,0.8976111620664595
1,AINR,trig,502,1,0,0,0,nan,1.5852278470993042,0.8976111620664595
1,AINR,trig,503,1,0,0,0,nan,1.716593861579895,0.8976111620664595
1,AINR,trig,504,1,0,0,0,nan,1.5890780687332153,0.8976111620664595
1,AINR,trig,505,1,0,0,0,nan,1.629894733428955,0.8976111620664595
1,AINR,trig,506,1,0,0,0,nan,1.4205704927444458,0.8976111620664595
1,AINR,trig,507,1,0,0,0,nan,1.6038458347320557,0.8976111620664595
1,AINR,trig,508,1,0,0,0,nan,1.5244712829589844,0.8976111620664595
1,AINR,trig,509,1,0,0,0,nan,1.658762812614441,0.8976111620664595
1,AINR,trig,510,1,0,0,0,nan,1.4980357885360718,0.8976111620664595
1,AINR,trig,511,1,0,0,0,nan,1.6691720485687256,0.8976111620664595
1,AINR,trig,512,1,0,0,0,nan,1.6359782218933105,0.8976111620664595
1,AINR,trig,513,1,0,0,0,nan,1.4985346794128418,0.8976111620664595
1,AINR,trig,514,1,0,0,0,nan,1.6529333591461182,0.8976111620664595
1,AINR,trig,515,1,0,0,0,nan,1.449779748916626,0.8976111620664595
1,AINR,trig,516,1,0,0,0,nan,1.4137624502182007,0.8976111620664595
1,AINR,trig,517,1,0,0,0,nan,1.6583653688430786,0.8976111620664595
1,AINR,trig,518,1,0,0,0,nan,1.5268185138702393,0.8976111620664595
1,AINR,trig,519,1,0,0,0,nan,1.6038575172424316,0.8976111620664595
1,AINR,trig,520,1,0,0,0,nan,1.5613993406295776,0.8976111620664595
1,AINR,trig,521,1,0,0,0,nan,1.5102015733718872,0.8976111620664595
1,AINR,trig,522,1,0,0,0,nan,1.465643048286438,0.8976111620664595
1,AINR,trig,523,1,0,0,0,nan,1.5784825086593628,0.8976111620664595
1,AINR,trig,524,1,0,0,0,nan,1.515304684638977,0.8976111620664595
1,AINR,trig,525,1,0,0,0,nan,1.5991629362106323,0.8976111620664595
1,AINR,trig,526,1,0,0,0,nan,1.533272624015808,0.8976111620664595
1,AINR,trig,527,1,0,0,0,nan,1.5927447080612183,0.8976111620664595
1,AINR,trig,528,1,0,0,0,nan,1.5556824207305908,0.8976111620664595
1,AINR,trig,529,1,0,0,0,nan,1.7601654529571533,0.8976111620664595
1,AINR,trig,530,1,0,0,0,nan,1.3980895280838013,0.8976111620664595
1,AINR,trig,531,1,0,0,0,nan,1.5202308893203735,0.8976111620664595
1,AINR,trig,532,1,0,0,0,nan,1.6186362504959106,0.8976111620664595
1,AINR,trig,533,1,0,0,0,nan,1.5714726448059082,0.8976111620664595
1,AINR,trig,534,1,0,0,0,nan,1.6622719764709473,0.8976111620664595
1,AINR,trig,535,1,0,0,0,nan,1.6921285390853882,0.8976111620664595
1,AINR,trig,536,1,0,0,0,nan,1.6231979131698608,0.8976111620664595
1,AINR,trig,537,1,0,0,0,nan,1.6691055297851562,0.8976111620664595
1,AINR,trig,538,1,0,0,0,nan,1.5459613800048828,0.8976111620664595
1,AINR,trig,539,1,0,0,0,nan,1.4064607620239258,0.8976111620664595
1,AINR,trig,540,1,0,0,0,nan,1.5788021087646484,0.8976111620664595
1,AINR,trig,541,1,0,0,0,nan,1.5725820064544678,0.8976111620664595
1,AINR,trig,542,1,0,0,0,nan,1.673512578010559,0.8976111620664595
1,AINR,trig,543,1,0,0,0,nan,1.4477959871292114,0.8976111620664595
1,AINR,trig,544,1,0,0,0,nan,1.690983533859253,0.8976111620664595
1,AINR,trig,545,1,0,0,0,nan,1.5367053747177124,0.8976111620664595
1,AINR,trig,546,1,0,0,0,nan,1.6287750005722046,0.8976111620664595
1,AINR,trig,547,1,0,0,0,nan,1.6249274015426636,0.8976111620664595
1,AINR,trig,548,1,0,0,0,nan,1.621609091758728,0.8976111620664595
1,AINR,trig,549,1,0,0,0,nan,1.4241052865982056,0.8976111620664595
1,AINR,trig,550,1,0,0,0,nan,1.5972557067871094,0.8976111620664595
1,AINR,trig,551,1,0,0,0,nan,1.5646158456802368,0.8976111620664595
1,AINR,trig,552,1,0,0,0,nan,1.6400119066238403,0.8976111620664595
1,AINR,trig,553,1,0,0,0,nan,1.6641663312911987,0.8976111620664595
1,AINR,trig,554,1,0,0,0,nan,1.6374835968017578,0.8976111620664595
1,AINR,trig,555,1,0,0,0,nan,1.4109123945236206,0.8976111620664595
1,AINR,trig,556,1,0,0,0,nan,1.6270263195037842,0.8976111620664595
1,AINR,trig,557,1,0,0,0,nan,1.5291099548339844,0.8976111620664595
1,AINR,trig,558,1,0,0,0,nan,1.5225486755371094,0.8976111620664595
1,AINR,trig,559,1,0,0,0,nan,1.618137240409851,0.8976111620664595
1,AINR,trig,560,1,0,0,0,nan,1.479713797569275,0.8976111620664595
1,AINR,trig,561,1,0,0,0,nan,1.5383012294769287,0.8976111620664595
1,AINR,trig,562,1,0,0,0,nan,1.562681794166565,0.8976111620664595
1,AINR,trig,563,1,0,0,0,nan,1.622633457183838,0.8976111620664595
1,AINR,trig,564,1,0,0,0,nan,1.5874801874160767,0.8976111620664595
1,AINR,trig,565,1,0,0,0,nan,1.6859722137451172,0.8976111620664595
1,AINR,trig,566,1,0,0,0,nan,1.7486141920089722,0.8976111620664595
1,AINR,trig,567,1,0,0,0,nan,1.5648629665374756,0.8976111620664595
1,AINR,trig,568,1,0,0,0,nan,1.4291493892669678,0.8976111620664595
1,AINR,trig,569,1,0,0,0,nan,1.6270833015441895,0.8976111620664595
1,AINR,trig,570,1,0,0,0,nan,1.6208760738372803,0.8976111620664595
1,AINR,trig,571,1,0,0,0,nan,1.6315481662750244,0.8976111620664595
1,AINR,trig,572,1,0,0,0,nan,1.5814599990844727,0.8976111620664595
1,AINR,trig,573,1,0,0,0,nan,1.4932353496551514,0.8976111620664595
1,AINR,trig,574,1,0,0,0,nan,1.6391459703445435,0.8976111620664595
1,AINR,trig,575,1,0,0,0,nan,1.6291371583938599,0.8976111620664595
1,AINR,trig,576,1,0,0,0,nan,1.4483299255371094,0.8976111620664595
1,AINR,trig,577,1,0,0,0,nan,1.5053057670593262,0.8976111620664595
1,AINR,trig,578,1,0,0,0,nan,1.6233515739440918,0.8976111620664595
1,AINR,trig,579,1,0,0,0,nan,1.5611432790756226,0.8976111620664595
1,AINR,trig,580,1,0,0,0,nan,1.5918469429016113,0.8976111620664595
1,AINR,trig,581,1,0,0,0,nan,1.6699022054672241,0.8976111620664595
1,AINR,trig,582,1,0,0,0,nan,1.532262921333313,0.8976111620664595
1,AINR,trig,583,1,0,0,0,nan,1.4464244842529297,0.8976111620664595
1,AINR,trig,584,1,0,0,0,nan,1.6132564544677734,0.8976111620664595
1,AINR,trig,585,1,0,0,0,nan,1.5945113897323608,0.8976111620664595
1,AINR,trig,586,1,0,0,0,nan,1.5957752466201782,0.8976111620664595
1,AINR,trig,587,1,0,0,0,nan,1.4944603443145752,0.8976111620664595
1,AINR,trig,588,1,0,0,0,nan,1.6339342594146729,0.8976111620664595
1,AINR,trig,589,1,0,0,0,nan,1.547930359840393,0.8976111620664595
1,AINR,trig,590,1,0,0,0,nan,1.5414032936096191,0.8976111620664595
1,AINR,trig,591,1,0,0,0,nan,1.602384090423584,0.8976111620664595
1,AINR,trig,592,1,0,0,0,nan,1.6037049293518066,0.8976111620664595
1,AINR,trig,593,1,0,0,0,nan,1.7487789392471313,0.8976111620664595
1,AINR,trig,594,1,0,0,0,nan,1.433140516281128,0.8976111620664595
1,AINR,trig,595,1,0,0,0,nan,1.551926851272583,0.8976111620664595
1,AINR,trig,596,1,0,0,0,nan,1.3912585973739624,0.8976111620664595
1,AINR,trig,597,1,0,0,0,nan,1.6700371503829956,0.8976111620664595
1,AINR,trig,598,1,0,0,0,nan,1.5039904117584229,0.8976111620664595
1,AINR,trig,599,1,0,0,0,nan,1.563983678817749,0.8976111620664595
1,AINR,trig,600,1,0,0,0,nan,1.5745521783828735,0.8976111620664595
1,AINR,trig,601,1,0,0,0,nan,1.5401618480682373,0.8976111620664595
1,AINR,trig,602,1,0,0,0,nan,1.6747078895568848,0.8976111620664595
1,AINR,trig,603,1,0,0,0,nan,1.5708179473876953,0.8976111620664595
1,AINR,trig,604,1,0,0,0,nan,1.5435091257095337,0.8976111620664595
1,AINR,trig,605,1,0,0,0,nan,1.4526281356811523,0.8976111620664595
1,AINR,trig,606,1,0,0,0,nan,1.670339822769165,0.8976111620664595
1,AINR,trig,607,1,0,0,0,nan,1.6669371128082275,0.8976111620664595
1,AINR,trig,608,1,0,0,0,nan,1.5011874437332153,0.8976111620664595
1,AINR,trig,609,1,0,0,0,nan,1.6599791049957275,0.8976111620664595
1,AINR,trig,610,1,0,0,0,nan,1.572965145111084,0.8976111620664595
1,AINR,trig,611,1,0,0,0,nan,1.4272435903549194,0.8976111620664595
1,AINR,trig,612,1,0,0,0,nan,1.6071699857711792,0.8976111620664595
1,AINR,trig,613,1,0,0,0,nan,1.5898778438568115,0.8976111620664595
1,AINR,trig,614,1,0,0,0,nan,1.5321816205978394,0.8976111620664595
1,AINR,trig,615,1,0,0,0,nan,1.5998375415802002,0.8976111620664595
1,AINR,trig,616,1,0,0,0,nan,1.6758195161819458,0.8976111620664595
1,AINR,trig,617,1,0,0,0,nan,1.5111706256866455,0.8976111620664595
1,AINR,trig,618,1,0,0,0,nan,1.5186818838119507,0.8976111620664595
1,AINR,trig,619,1,0,0,0,nan,1.5970443487167358,0.8976111620664595
1,AINR,trig,620,1,0,0,0,nan,1.576115608215332,0.8976111620664595
1,AINR,trig,621,1,0,0,0,nan,1.5002964735031128,0.8976111620664595
1,AINR,trig,622,1,0,0,0,nan,1.6108604669570923,0.8976111620664595
1,AINR,trig,623,1,0,0,0,nan,1.4484666585922241,0.8976111620664595
1,AINR,trig,624,1,0,0,0,nan,1.4691181182861328,0.8976111620664595
1,AINR,trig,625,1,0,0,0,nan,1.5935219526290894,0.8976111620664595
1,AINR,trig,626,1,0,0,0,nan,1.5505914688110352,0.8976111620664595
1,AINR,trig,627,1,0,0,0,nan,1.6057981252670288,0.8976111620664595
1,AINR,trig,628,1,0,0,0,nan,1.5334391593933105,0.8976111620664595
1,AINR,trig,629,1,0,0,0,nan,1.6662856340408325,0.8976111620664595
1,AINR,trig,630,1,0,0,0,nan,1.680245280265808,0.8976111620664595
1,AINR,trig,631,1,0,0,0,nan,1.5069727897644043,0.8976111620664595
1,AINR,trig,632,1,0,0,0,nan,1.6876319646835327,0.8976111620664595
1,AINR,trig,633,1,0,0,0,nan,1.6100566387176514,0.8976111620664595
1,AINR,trig,634,1,0,0,0,nan,1.4392869472503662,0.8976111620664595
1,AINR,trig,635,1,0,0,0,nan,1.6375707387924194,0.8976111620664595
1,AINR,trig,636,1,0,0,0,nan,1.5243679285049438,0.8976111620664595
1,AINR,trig,637,1,0,0,0,nan,1.4636740684509277,0.8976111620664595
1,AINR,trig,638,1,0,0,0,nan,1.6395801305770874,0.8976111620664595
1,AINR,trig,639,1,0,0,0,nan,1.545958161354065,0.8976111620664595
1,AINR,trig,640,1,0,0,0,nan,1.598644495010376,0.8976111620664595
1,AINR,trig,641,1,0,0,0,nan,1.661244511604309,0.8976111620664595
1,AINR,trig,642,1,0,0,0,nan,1.6957437992095947,0.8976111620664595
1,AINR,trig,643,1,0,0,0,nan,1.5542758703231812,0.8976111620664595
1,AINR,trig,644,1,0,0,0,nan,1.5156314373016357,0.8976111620664595
1,AINR,trig,645,1,0,0,0,nan,1.6725555658340454,0.8976111620664595
1,AINR,trig,646,1,0,0,0,nan,1.6166776418685913,0.8976111620664595
1,AINR,trig,647,1,0,0,0,nan,1.5169026851654053,0.8976111620664595
1,AINR,trig,648,1,0,0,0,nan,1.539922833442688,0.8976111620664595
1,AINR,trig,649,1,0,0,0,nan,1.4629312753677368,0.8976111620664595
1,AINR,trig,650,1,0,0,0,nan,1.5777959823608398,0.8976111620664595
1,AINR,trig,651,1,0,0,0,nan,1.7147334814071655,0.8976111620664595
1,AINR,trig,652,1,0,0,0,nan,1.5616867542266846,0.8976111620664595
1,AINR,trig,653,1,0,0,0,nan,1.5089813470840454,0.8976111620664595
1,AINR,trig,654,1,0,0,0,nan,1.677703619003296,0.8976111620664595
1,AINR,trig,655,1,0,0,0,nan,1.684824824333191,0.8976111620664595
1,AINR,trig,656,1,0,0,0,nan,1.7608652114868164,0.8976111620664595
1,AINR,trig,657,1,0,0,0,nan,1.6374938488006592,0.8976111620664595
1,AINR,trig,658,1,0,0,0,nan,1.7062610387802124,0.8976111620664595
1,AINR,trig,659,1,0,0,0,nan,1.5742896795272827,0.8976111620664595
1,AINR,trig,660,1,0,0,0,nan,1.4847303628921509,0.8976111620664595
1,AINR,trig,661,1,0,0,0,nan,1.6074985265731812,0.8976111620664595
1,AINR,trig,662,1,0,0,0,nan,1.5766891241073608,0.8976111620664595
1,AINR,trig,663,1,0,0,0,nan,1.742250919342041,0.8976111620664595
1,AINR,trig,664,1,0,0,0,nan,1.5273323059082031,0.8976111620664595
1,AINR,trig,665,1,0,0,0,nan,1.5147457122802734,0.8976111620664595
1,AINR,trig,666,1,0,0,0,nan,1.5205295085906982,0.8976111620664595
1,AINR,trig,667,1,0,0,0,nan,1.563538908958435,0.8976111620664595
1,AINR,trig,668,1,0,0,0,nan,1.553581953048706,0.8976111620664595
1,AINR,trig,669,1,0,0,0,nan,1.6850121021270752,0.8976111620664595
1,AINR,trig,670,1,0,0,0,nan,1.6400837898254395,0.8976111620664595
1,AINR,trig,671,1,0,0,0,nan,1.6791571378707886,0.8976111620664595
1,AINR,trig,672,1,0,0,0,nan,1.6352968215942383,0.8976111620664595
1,AINR,trig,673,1,0,0,0,nan,1.48728346824646,0.8976111620664595
1,AINR,trig,674,1,0,0,0,nan,1.6588565111160278,0.8976111620664595
1,AINR,trig,675,1,0,0,0,nan,1.6071746349334717,0.8976111620664595
1,AINR,trig,676,1,0,0,0,nan,1.6837555170059204,0.8976111620664595
1,AINR,trig,677,1,0,0,0,nan,1.5362021923065186,0.8976111620664595
1,AINR,trig,678,1,0,0,0,nan,1.567280888557434,0.8976111620664595
1,AINR,trig,679,1,0,0,0,nan,1.4299284219741821,0.8976111620664595
1,AINR,trig,680,1,0,0,0,nan,1.5464929342269897,0.8976111620664595
1,AINR,trig,681,1,0,0,0,nan,1.582611322402954,0.8976111620664595
1,AINR,trig,682,1,0,0,0,nan,1.602949857711792,0.8976111620664595
1,AINR,trig,683,1,0,0,0,nan,1.445609211921692,0.8976111620664595
1,AINR,trig,684,1,0,0,0,nan,1.542754888534546,0.8976111620664595
1,AINR,trig,685,1,0,0,0,nan,1.6406766176223755,0.8976111620664595
1,AINR,trig,686,1,0,0,0,nan,1.6349939107894897,0.8976111620664595
1,AINR,trig,687,1,0,0,0,nan,1.5546467304229736,0.8976111620664595
1,AINR,trig,688,1,0,0,0,nan,1.6042124032974243,0.8976111620664595
1,AINR,trig,689,1,0,0,0,nan,1.6020005941390991,0.8976111620664595
1,AINR,trig,690,1,0,0,0,nan,1.529829740524292,0.8976111620664595
1,AINR,trig,691,1,0,0,0,nan,1.565212607383728,0.8976111620664595
1,AINR,trig,692,1,0,0,0,nan,1.5380021333694458,0.8976111620664595
1,AINR,trig,693,1,0,0,0,nan,1.6166280508041382,0.8976111620664595
1,AINR,trig,694,1,0,0,0,nan,1.593870997428894,0.8976111620664595
1,AINR,trig,695,1,0,0,0,nan,1.5321465730667114,0.8976111620664595
1,AINR,trig,696,1,0,0,0,nan,1.5543090105056763,0.8976111620664595
1,AINR,trig,697,1,0,0,0,nan,1.6760071516036987,0.8976111620664595
1,AINR,trig,698,1,0,0,0,nan,1.477953314781189,0.8976111620664595
1,AINR,trig,699,1,0,0,0,nan,1.5366791486740112,0.8976111620664595
1,AINR,trig,700,1,0,0,0,nan,1.4994664192199707,0.8976111620664595
1,AINR,trig,701,1,0,0,0,nan,1.5912662744522095,0.8976111620664595
1,AINR,trig,702,1,0,0,0,nan,1.6618564128875732,0.8976111620664595
1,AINR,trig,703,1,0,0,0,nan,1.7189921140670776,0.8976111620664595
1,AINR,trig,704,1,0,0,0,nan,1.4709197282791138,0.8976111620664595
1,AINR,trig,705,1,0,0,0,nan,1.4787541627883911,0.8976111620664595
1,AINR,trig,706,1,0,0,0,nan,1.6932904720306396,0.8976111620664595
1,AINR,trig,707,1,0,0,0,nan,1.5734155178070068,0.8976111620664595
1,AINR,trig,708,1,0,0,0,nan,1.5781044960021973,0.8976111620664595
1,AINR,trig,709,1,0,0,0,nan,1.693753957748413,0.8976111620664595
1,AINR,trig,710,1,0,0,0,nan,1.560497522354126,0.8976111620664595
1,AINR,trig,711,1,0,0,0,nan,1.484788417816162,0.8976111620664595
1,AINR,trig,712,1,0,0,0,nan,1.703467845916748,0.8976111620664595
1,AINR,trig,713,1,0,0,0,nan,1.4908872842788696,0.8976111620664595
1,AINR,trig,714,1,0,0,0,nan,1.6063127517700195,0.8976111620664595
1,AINR,trig,715,1,0,0,0,nan,1.5445702075958252,0.8976111620664595
1,AINR,trig,716,1,0,0,0,nan,1.530699610710144,0.8976111620664595
1,AINR,trig,717,1,0,0,0,nan,1.5396618843078613,0.8976111620664595
1,AINR,trig,718,1,0,0,0,nan,1.6443018913269043,0.8976111620664595
1,AINR,trig,719,1,0,0,0,nan,1.5787336826324463,0.8976111620664595
1,AINR,trig,720,1,0,0,0,nan,1.5279914140701294,0.8976111620664595
1,AINR,trig,721,1,0,0,0,nan,1.6329660415649414,0.8976111620664595
1,AINR,trig,722,1,0,0,0,nan,1.6144278049468994,0.8976111620664595
1,AINR,trig,723,1,0,0,0,nan,1.6376845836639404,0.8976111620664595
1,AINR,trig,724,1,0,0,0,nan,1.745809555053711,0.8976111620664595
1,AINR,trig,725,1,0,0,0,nan,1.4984371662139893,0.8976111620664595
1,AINR,trig,726,1,0,0,0,nan,1.5210670232772827,0.8976111620664595
1,AINR,trig,727,1,0,0,0,nan,1.5944141149520874,0.8976111620664595
1,AINR,trig,728,1,0,0,0,nan,1.6120086908340454,0.8976111620664595
1,AINR,trig,729,1,0,0,0,nan,1.620760202407837,0.8976111620664595
1,AINR,trig,730,1,0,0,0,nan,1.5097533464431763,0.8976111620664595
1,AINR,trig,731,1,0,0,0,nan,1.393384337425232,0.8976111620664595
1,AINR,trig,732,1,0,0,0,nan,1.6796715259552002,0.8976111620664595
1,AINR,trig,733,1,0,0,0,nan,1.5459641218185425,0.8976111620664595
1,AINR,trig,734,1,0,0,0,nan,1.5742084980010986,0.8976111620664595
1,AINR,trig,735,1,0,0,0,nan,1.6817936897277832,0.8976111620664595
1,AINR,trig,736,1,0,0,0,nan,1.6183314323425293,0.8976111620664595
1,AINR,trig,737,1,0,0,0,nan,1.630164623260498,0.8976111620664595
1,AINR,trig,738,1,0,0,0,nan,1.607176423072815,0.8976111620664595
1,AINR,trig,739,1,0,0,0,nan,1.5760682821273804,0.8976111620664595
1,AINR,trig,740,1,0,0,0,nan,1.610374093055725,0.8976111620664595
1,AINR,trig,741,1,0,0,0,nan,1.5836631059646606,0.8976111620664595
1,AINR,trig,742,1,0,0,0,nan,1.6669609546661377,0.8976111620664595
1,AINR,trig,743,1,0,0,0,nan,1.3937803506851196,0.8976111620664595
1,AINR,trig,744,1,0,0,0,nan,1.4403867721557617,0.8976111620664595
1,AINR,trig,745,1,0,0,0,nan,1.5354946851730347,0.8976111620664595
1,AINR,trig,746,1,0,0,0,nan,1.6990916728973389,0.8976111620664595
1,AINR,trig,747,1,0,0,0,nan,1.634199857711792,0.8976111620664595
1,AINR,trig,748,1,0,0,0,nan,1.569225549697876,0.8976111620664595
1,AINR,trig,749,1,0,0,0,nan,1.6266422271728516,0.8976111620664595
1,AINR,trig,750,1,0,0,0,nan,1.5152047872543335,0.8976111620664595
1,AINR,trig,751,1,0,0,0,nan,1.433454990386963,0.8976111620664595
1,AINR,trig,752,1,0,0,0,nan,1.5236912965774536,0.8976111620664595
1,AINR,trig,753,1,0,0,0,nan,1.4584009647369385,0.8976111620664595
1,AINR,trig,754,1,0,0,0,nan,1.5462474822998047,0.8976111620664595
1,AINR,trig,755,1,0,0,0,nan,1.5572593212127686,0.8976111620664595
1,AINR,trig,756,1,0,0,0,nan,1.4442957639694214,0.8976111620664595
1,AINR,trig,757,1,0,0,0,nan,1.4818183183670044,0.8976111620664595
1,AINR,trig,758,1,0,0,0,nan,1.566890835762024,0.8976111620664595
1,AINR,trig,759,1,0,0,0,nan,1.631056547164917,0.8976111620664595
1,AINR,trig,760,1,0,0,0,nan,1.5376702547073364,0.8976111620664595
1,AINR,trig,761,1,0,0,0,nan,1.5292553901672363,0.8976111620664595
1,AINR,trig,762,1,0,0,0,nan,1.4526102542877197,0.8976111620664595
1,AINR,trig,763,1,0,0,0,nan,1.4704335927963257,0.8976111620664595
1,AINR,trig,764,1,0,0,0,nan,1.6894258260726929,0.8976111620664595
1,AINR,trig,765,1,0,0,0,nan,1.5555262565612793,0.8976111620664595
1,AINR,trig,766,1,0,0,0,nan,1.4634090662002563,0.8976111620664595
1,AINR,trig,767,1,0,0,0,nan,1.5439809560775757,0.8976111620664595
1,AINR,trig,768,1,0,0,0,nan,1.5049450397491455,0.8976111620664595
1,AINR,trig,769,1,0,0,0,nan,1.4390004873275757,0.8976111620664595
1,AINR,trig,770,1,0,0,0,nan,1.5718050003051758,0.8976111620664595
1,AINR,trig,771,1,0,0,0,nan,1.7556854486465454,0.8976111620664595
1,AINR,trig,772,1,0,0,0,nan,1.777996301651001,0.8976111620664595
1,AINR,trig,773,1,0,0,0,nan,1.5686674118041992,0.8976111620664595
1,AINR,trig,774,1,0,0,0,nan,1.536705732345581,0.8976111620664595
1,AINR,trig,775,1,0,0,0,nan,1.475929617881775,0.8976111620664595
1,AINR,trig,776,1,0,0,0,nan,1.5825804471969604,0.8976111620664595
1,AINR,trig,777,1,0,0,0,nan,1.5125782489776611,0.8976111620664595
1,AINR,trig,778,1,0,0,0,nan,1.5831630229949951,0.8976111620664595
1,AINR,trig,779,1,0,0,0,nan,1.5625284910202026,0.8976111620664595
1,AINR,trig,780,1,0,0,0,nan,1.608425498008728,0.8976111620664595
1,AINR,trig,781,1,0,0,0,nan,1.470963954925537,0.8976111620664595
1,AINR,trig,782,1,0,0,0,nan,1.594016432762146,0.8976111620664595
1,AINR,trig,783,1,0,0,0,nan,1.6738420724868774,0.8976111620664595
1,AINR,trig,784,1,0,0,0,nan,1.5402216911315918,0.8976111620664595
1,AINR,trig,785,1,0,0,0,nan,1.5677833557128906,0.8976111620664595
1,AINR,trig,786,1,0,0,0,nan,1.5787585973739624,0.8976111620664595
1,AINR,trig,787,1,0,0,0,nan,1.5325467586517334,0.8976111620664595
1,AINR,trig,788,1,0,0,0,nan,1.7414054870605469,0.8976111620664595
1,AINR,trig,789,1,0,0,0,nan,1.5493361949920654,0.8976111620664595
1,AINR,trig,790,1,0,0,0,nan,1.64337158203125,0.8976111620664595
1,AINR,trig,791,1,0,0,0,nan,1.5381284952163696,0.8976111620664595
1,AINR,trig,792,1,0,0,0,nan,1.525307059288025,0.8976111620664595
1,AINR,trig,793,1,0,0,0,nan,1.5622093677520752,0.8976111620664595
1,AINR,trig,794,1,0,0,0,nan,1.5162973403930664,0.8976111620664595
1,AINR,trig,795,1,0,0,0,nan,1.3247175216674805,0.8976111620664595
1,AINR,trig,796,1,0,0,0,nan,1.5692577362060547,0.8976111620664595
1,AINR,trig,797,1,0,0,0,nan,1.4954588413238525,0.8976111620664595
1,AINR,trig,798,1,0,0,0,nan,1.5604069232940674,0.8976111620664595
1,AINR,trig,799,1,0,0,0,nan,1.3677077293395996,0.8976111620664595
1,AINR,trig,800,1,0,0,0,nan,1.6602535247802734,0.8976111620664595
1,AINR,trig,801,1,0,0,0,nan,1.3774147033691406,0.8976111620664595
1,AINR,trig,802,1,0,0,0,nan,1.5772866010665894,0.8976111620664595
1,AINR,trig,803,1,0,0,0,nan,1.6012065410614014,0.8976111620664595
1,AINR,trig,804,1,0,0,0,nan,1.586165428161621,0.8976111620664595
1,AINR,trig,805,1,0,0,0,nan,1.6987229585647583,0.8976111620664595
1,AINR,trig,806,1,0,0,0,nan,1.5494201183319092,0.8976111620664595
1,AINR,trig,807,1,0,0,0,nan,1.4603360891342163,0.8976111620664595
1,AINR,trig,808,1,0,0,0,nan,1.4585481882095337,0.8976111620664595
1,AINR,trig,809,1,0,0,0,nan,1.5406657457351685,0.8976111620664595
1,AINR,trig,810,1,0,0,0,nan,1.6343387365341187,0.8976111620664595
1,AINR,trig,811,1,0,0,0,nan,1.433992862701416,0.8976111620664595
1,AINR,trig,812,1,0,0,0,nan,1.5061204433441162,0.8976111620664595
1,AINR,trig,813,1,0,0,0,nan,1.7731273174285889,0.8976111620664595
1,AINR,trig,814,1,0,0,0,nan,1.5611572265625,0.8976111620664595
1,AINR,trig,815,1,0,0,0,nan,1.4731147289276123,0.8976111620664595
1,AINR,trig,816,1,0,0,0,nan,1.5194650888442993,0.8976111620664595
1,AINR,trig,817,1,0,0,0,nan,1.5872673988342285,0.8976111620664595
1,AINR,trig,818,1,0,0,0,nan,1.5893526077270508,0.8976111620664595
1,AINR,trig,819,1,0,0,0,nan,1.3331177234649658,0.8976111620664595
1,AINR,trig,820,1,0,0,0,nan,1.558168649673462,0.8976111620664595
1,AINR,trig,821,1,0,0,0,nan,1.5226043462753296,0.8976111620664595
1,AINR,trig,822,1,0,0,0,nan,1.5403186082839966,0.8976111620664595
1,AINR,trig,823,1,0,0,0,nan,1.4522384405136108,0.8976111620664595
1,AINR,trig,824,1,0,0,0,nan,1.6111395359039307,0.8976111620664595
1,AINR,trig,825,1,0,0,0,nan,1.4755603075027466,0.8976111620664595
1,AINR,trig,826,1,0,0,0,nan,1.6303966045379639,0.8976111620664595
1,AINR,trig,827,1,0,0,0,nan,1.5119537115097046,0.8976111620664595
1,AINR,trig,828,1,0,0,0,nan,1.6403316259384155,0.8976111620664595
1,AINR,trig,829,1,0,0,0,nan,1.5650612115859985,0.8976111620664595
1,AINR,trig,830,1,0,0,0,nan,1.521580696105957,0.8976111620664595
1,AINR,trig,831,1,0,0,0,nan,1.49329674243927,0.8976111620664595
1,AINR,trig,832,1,0,0,0,nan,1.5937005281448364,0.8976111620664595
1,AINR,trig,833,1,0,0,0,nan,1.4211664199829102,0.8976111620664595
1,AINR,trig,834,1,0,0,0,nan,1.547696828842163,0.8976111620664595
1,AINR,trig,835,1,0,0,0,nan,1.5284831523895264,0.8976111620664595
1,AINR,trig,836,1,0,0,0,nan,1.5515315532684326,0.8976111620664595
1,AINR,trig,837,1,0,0,0,nan,1.643363118171692,0.8976111620664595
1,AINR,trig,838,1,0,0,0,nan,1.5857692956924438,0.8976111620664595
1,AINR,trig,839,1,0,0,0,nan,1.5779016017913818,0.8976111620664595
1,AINR,trig,840,1,0,0,0,nan,1.5433738231658936,0.8976111620664595
1,AINR,trig,841,1,0,0,0,nan,1.3984885215759277,0.8976111620664595
1,AINR,trig,842,1,0,0,0,nan,1.5457266569137573,0.8976111620664595
1,AINR,trig,843,1,0,0,0,nan,1.5150436162948608,0.8976111620664595
1,AINR,trig,844,1,0,0,0,nan,1.5410255193710327,0.8976111620664595
1,AINR,trig,845,1,0,0,0,nan,1.6688815355300903,0.8976111620664595
1,AINR,trig,846,1,0,0,0,nan,1.5869656801223755,0.8976111620664595
1,AINR,trig,847,1,0,0,0,nan,1.4961820840835571,0.8976111620664595
1,AINR,trig,848,1,0,0,0,nan,1.6114728450775146,0.8976111620664595
1,AINR,trig,849,1,0,0,0,nan,1.5825940370559692,0.8976111620664595
1,AINR,trig,850,1,0,0,0,nan,1.649661660194397,0.8976111620664595
1,AINR,trig,851,1,0,0,0,nan,1.6268044710159302,0.8976111620664595
1,AINR,trig,852,1,0,0,0,nan,1.370980978012085,0.8976111620664595
1,AINR,trig,853,1,0,0,0,nan,1.6781139373779297,0.8976111620664595
1,AINR,trig,854,1,0,0,0,nan,1.4574514627456665,0.8976111620664595
1,AINR,trig,855,1,0,0,0,nan,1.5911026000976562,0.8976111620664595
1,AINR,trig,856,1,0,0,0,nan,1.4724830389022827,0.8976111620664595
1,AINR,trig,857,1,0,0,0,nan,1.5569522380828857,0.8976111620664595
1,AINR,trig,858,1,0,0,0,nan,1.5862863063812256,0.8976111620664595
1,AINR,trig,859,1,0,0,0,nan,1.5584098100662231,0.8976111620664595
1,AINR,trig,860,1,0,0,0,nan,1.5494751930236816,0.8976111620664595
1,AINR,trig,861,1,0,0,0,nan,1.50008225440979,0.8976111620664595
1,AINR,trig,862,1,0,0,0,nan,1.6254411935806274,0.8976111620664595
1,AINR,trig,863,1,0,0,0,nan,1.3825387954711914,0.8976111620664595
1,AINR,trig,864,1,0,0,0,nan,1.607374906539917,0.8976111620664595
1,AINR,trig,865,1,0,0,0,nan,1.5949498414993286,0.8976111620664595
1,AINR,trig,866,1,0,0,0,nan,1.5696507692337036,0.8976111620664595
1,AINR,trig,867,1,0,0,0,nan,1.6935662031173706,0.8976111620664595
1,AINR,trig,868,1,0,0,0,nan,1.530901551246643,0.8976111620664595
1,AINR,trig,869,1,0,0,0,nan,1.5776740312576294,0.8976111620664595
1,AINR,trig,870,1,0,0,0,nan,1.6235401630401611,0.8976111620664595
1,AINR,trig,871,1,0,0,0,nan,1.46782648563385,0.8976111620664595
1,AINR,trig,872,1,0,0,0,nan,1.5577665567398071,0.8976111620664595
1,AINR,trig,873,1,0,0,0,nan,1.5414029359817505,0.8976111620664595
1,AINR,trig,874,1,0,0,0,nan,1.56804621219635,0.8976111620664595
1,AINR,trig,875,1,0,0,0,nan,1.633238434791565,0.8976111620664595
1,AINR,trig,876,1,0,0,0,nan,1.7290846109390259,0.8976111620664595
1,AINR,trig,877,1,0,0,0,nan,1.4126373529434204,0.8976111620664595
1,AINR,trig,878,1,0,0,0,nan,1.453444242477417,0.8976111620664595
1,AINR,trig,879,1,0,0,0,nan,1.4783082008361816,0.8976111620664595
1,AINR,trig,880,1,0,0,0,nan,1.5196164846420288,0.8976111620664595
1,AINR,trig,881,1,0,0,0,nan,1.5672712326049805,0.8976111620664595
1,AINR,trig,882,1,0,0,0,nan,1.5359002351760864,0.8976111620664595
1,AINR,trig,883,1,0,0,0,nan,1.4311447143554688,0.8976111620664595
1,AINR,trig,884,1,0,0,0,nan,1.4916895627975464,0.8976111620664595
1,AINR,trig,885,1,0,0,0,nan,1.5550062656402588,0.8976111620664595
1,AINR,trig,886,1,0,0,0,nan,1.5507100820541382,0.8976111620664595
1,AINR,trig,887,1,0,0,0,nan,1.587238073348999,0.8976111620664595
1,AINR,trig,888,1,0,0,0,nan,1.4554388523101807,0.8976111620664595
1,AINR,trig,889,1,0,0,0,nan,1.563915491104126,0.8976111620664595
1,AINR,trig,890,1,0,0,0,nan,1.5933237075805664,0.8976111620664595
1,AINR,trig,891,1,0,0,0,nan,1.6388070583343506,0.8976111620664595
1,AINR,trig,892,1,0,0,0,nan,1.6047570705413818,0.8976111620664595
1,AINR,trig,893,1,0,0,0,nan,1.5254085063934326,0.8976111620664595
1,AINR,trig,894,1,0,0,0,nan,1.6292942762374878,0.8976111620664595
1,AINR,trig,895,1,0,0,0,nan,1.696151852607727,0.8976111620664595
1,AINR,trig,896,1,0,0,0,nan,1.6756720542907715,0.8976111620664595
1,AINR,trig,897,1,0,0,0,nan,1.6110296249389648,0.8976111620664595
1,AINR,trig,898,1,0,0,0,nan,1.5172520875930786,0.8976111620664595
1,AINR,trig,899,1,0,0,0,nan,1.5284159183502197,0.8976111620664595
1,AINR,trig,900,1,0,0,0,nan,1.5111256837844849,0.8976111620664595
1,AINR,trig,901,1,0,0,0,nan,1.4733878374099731,0.8976111620664595
1,AINR,trig,902,1,0,0,0,nan,1.5109714269638062,0.8976111620664595
1,AINR,trig,903,1,0,0,0,nan,1.5314254760742188,0.8976111620664595
1,AINR,trig,904,1,0,0,0,nan,1.4979329109191895,0.8976111620664595
1,AINR,trig,905,1,0,0,0,nan,1.5960625410079956,0.8976111620664595
1,AINR,trig,906,1,0,0,0,nan,1.6431772708892822,0.8976111620664595
1,AINR,trig,907,1,0,0,0,nan,1.5611357688903809,0.8976111620664595
1,AINR,trig,908,1,0,0,0,nan,1.4573343992233276,0.8976111620664595
1,AINR,trig,909,1,0,0,0,nan,1.4739172458648682,0.8976111620664595
1,AINR,trig,910,1,0,0,0,nan,1.6439753770828247,0.8976111620664595
1,AINR,trig,911,1,0,0,0,nan,1.624634861946106,0.8976111620664595
1,AINR,trig,912,1,0,0,0,nan,1.513144612312317,0.8976111620664595
1,AINR,trig,913,1,0,0,0,nan,1.5622788667678833,0.8976111620664595
1,AINR,trig,914,1,0,0,0,nan,1.4710108041763306,0.8976111620664595
1,AINR,trig,915,1,0,0,0,nan,1.5350896120071411,0.8976111620664595
1,AINR,trig,916,1,0,0,0,nan,1.4950461387634277,0.8976111620664595
1,AINR,trig,917,1,0,0,0,nan,1.5242475271224976,0.8976111620664595
1,AINR,trig,918,1,0,0,0,nan,1.5395773649215698,0.8976111620664595
1,AINR,trig,919,1,0,0,0,nan,1.6533492803573608,0.8976111620664595
1,AINR,trig,920,1,0,0,0,nan,1.5518982410430908,0.8976111620664595
1,AINR,trig,921,1,0,0,0,nan,1.511520266532898,0.8976111620664595
1,AINR,trig,922,1,0,0,0,nan,1.5498634576797485,0.8976111620664595
1,AINR,trig,923,1,0,0,0,nan,1.5840470790863037,0.8976111620664595
1,AINR,trig,924,1,0,0,0,nan,1.6303025484085083,0.8976111620664595
1,AINR,trig,925,1,0,0,0,nan,1.4843239784240723,0.8976111620664595
1,AINR,trig,926,1,0,0,0,nan,1.571079134941101,0.8976111620664595
1,AINR,trig,927,1,0,0,0,nan,1.5562916994094849,0.8976111620664595
1,AINR,trig,928,1,0,0,0,nan,1.578295350074768,0.8976111620664595
1,AINR,trig,929,1,0,0,0,nan,1.6712214946746826,0.8976111620664595
1,AINR,trig,930,1,0,0,0,nan,1.5980727672576904,0.8976111620664595
1,AINR,trig,931,1,0,0,0,nan,1.586056113243103,0.8976111620664595
1,AINR,trig,932,1,0,0,0,nan,1.5273836851119995,0.8976111620664595
1,AINR,trig,933,1,0,0,0,nan,1.545857310295105,0.8976111620664595
1,AINR,trig,934,1,0,0,0,nan,1.6208243370056152,0.8976111620664595
1,AINR,trig,935,1,0,0,0,nan,1.5212769508361816,0.8976111620664595
1,AINR,trig,936,1,0,0,0,nan,1.736674189567566,0.8976111620664595
1,AINR,trig,937,1,0,0,0,nan,1.5896697044372559,0.8976111620664595
1,AINR,trig,938,1,0,0,0,nan,1.5095492601394653,0.8976111620664595
1,AINR,trig,939,1,0,0,0,nan,1.4359135627746582,0.8976111620664595
1,AINR,trig,940,1,0,0,0,nan,1.677619457244873,0.8976111620664595
1,AINR,trig,941,1,0,0,0,nan,1.5502527952194214,0.8976111620664595
1,AINR,trig,942,1,0,0,0,nan,1.4539339542388916,0.8976111620664595
1,AINR,trig,943,1,0,0,0,nan,1.6491872072219849,0.8976111620664595
1,AINR,trig,944,1,0,0,0,nan,1.560275673866272,0.8976111620664595
1,AINR,trig,945,1,0,0,0,nan,1.5547367334365845,0.8976111620664595
1,AINR,trig,946,1,0,0,0,nan,1.6509582996368408,0.8976111620664595
1,AINR,trig,947,1,0,0,0,nan,1.580710768699646,0.8976111620664595
1,AINR,trig,948,1,0,0,0,nan,1.5975055694580078,0.8976111620664595
1,AINR,trig,949,1,0,0,0,nan,1.5173331499099731,0.8976111620664595
1,AINR,trig,950,1,0,0,0,nan,1.5162593126296997,0.8976111620664595
1,AINR,trig,951,1,0,0,0,nan,1.573538899421692,0.8976111620664595
1,AINR,trig,952,1,0,0,0,nan,1.5247856378555298,0.8976111620664595
1,AINR,trig,953,1,0,0,0,nan,1.517579436302185,0.8976111620664595
1,AINR,trig,954,1,0,0,0,nan,1.541128396987915,0.8976111620664595
1,AINR,trig,955,1,0,0,0,nan,1.636889934539795,0.8976111620664595
1,AINR,trig,956,1,0,0,0,nan,1.6602033376693726,0.8976111620664595
1,AINR,trig,957,1,0,0,0,nan,1.510320782661438,0.8976111620664595
1,AINR,trig,958,1,0,0,0,nan,1.6821444034576416,0.8976111620664595
1,AINR,trig,959,1,0,0,0,nan,1.5285899639129639,0.8976111620664595
1,AINR,trig,960,1,0,0,0,nan,1.69793701171875,0.8976111620664595
1,AINR,trig,961,1,0,0,0,nan,1.563522219657898,0.8976111620664595
1,AINR,trig,962,1,0,0,0,nan,1.4433876276016235,0.8976111620664595
1,AINR,trig,963,1,0,0,0,nan,1.40248441696167,0.8976111620664595
1,AINR,trig,964,1,0,0,0,nan,1.5383349657058716,0.8976111620664595
1,AINR,trig,965,1,0,0,0,nan,1.6610709428787231,0.8976111620664595
1,AINR,trig,966,1,0,0,0,nan,1.3901100158691406,0.8976111620664595
1,AINR,trig,967,1,0,0,0,nan,1.5737924575805664,0.8976111620664595
1,AINR,trig,968,1,0,0,0,nan,1.4827653169631958,0.8976111620664595
1,AINR,trig,969,1,0,0,0,nan,1.602229356765747,0.8976111620664595
1,AINR,trig,970,1,0,0,0,nan,1.5272148847579956,0.8976111620664595
1,AINR,trig,971,1,0,0,0,nan,1.5739551782608032,0.8976111620664595
1,AINR,trig,972,1,0,0,0,nan,1.4919837713241577,0.8976111620664595
1,AINR,trig,973,1,0,0,0,nan,1.4530227184295654,0.8976111620664595
1,AINR,trig,974,1,0,0,0,nan,1.6542675495147705,0.8976111620664595
1,AINR,trig,975,1,0,0,0,nan,1.4842820167541504,0.8976111620664595
1,AINR,trig,976,1,0,0,0,nan,1.5810158252716064,0.8976111620664595
1,AINR,trig,977,1,0,0,0,nan,1.6038769483566284,0.8976111620664595
1,AINR,trig,978,1,0,0,0,nan,1.529833436012268,0.8976111620664595
1,AINR,trig,979,1,0,0,0,nan,1.6053742170333862,0.8976111620664595
1,AINR,trig,980,1,0,0,0,nan,1.5112217664718628,0.8976111620664595
1,AINR,trig,981,1,0,0,0,nan,1.5799212455749512,0.8976111620664595
1,AINR,trig,982,1,0,0,0,nan,1.6175559759140015,0.8976111620664595
1,AINR,trig,983,1,0,0,0,nan,1.5288939476013184,0.8976111620664595
1,AINR,trig,984,1,0,0,0,nan,1.520867943763733,0.8976111620664595
1,AINR,trig,985,1,0,0,0,nan,1.5820081233978271,0.8976111620664595
1,AINR,trig,986,1,0,0,0,nan,1.5692827701568604,0.8976111620664595
1,AINR,trig,987,1,0,0,0,nan,1.4990367889404297,0.8976111620664595
1,AINR,trig,988,1,0,0,0,nan,1.4985854625701904,0.8976111620664595
1,AINR,trig,989,1,0,0,0,nan,1.5937155485153198,0.8976111620664595
1,AINR,trig,990,1,0,0,0,nan,1.4760160446166992,0.8976111620664595
1,AINR,trig,991,1,0,0,0,nan,1.439226746559143,0.8976111620664595
1,AINR,trig,992,1,0,0,0,nan,1.501237392425537,0.8976111620664595
1,AINR,trig,993,1,0,0,0,nan,1.4822838306427002,0.8976111620664595
1,AINR,trig,994,1,0,0,0,nan,1.616058111190796,0.8976111620664595
1,AINR,trig,995,1,0,0,0,nan,1.4935190677642822,0.8976111620664595
1,AINR,trig,996,1,0,0,0,nan,1.69745671749115,0.8976111620664595
1,AINR,trig,997,1,0,0,0,nan,1.5926792621612549,0.8976111620664595
1,AINR,trig,998,1,0,0,0,nan,1.545404314994812,0.8976111620664595
1,AINR,trig,999,1,0,0,0,nan,1.428606629371643,0.8976111620664595
1,DiscNRX,none,0,1,0,0,0,nan,nan,-0.8073337286710739
1,DiscNRX,none,1,1,0,0,0,nan,nan,-0.8073337286710739
1,DiscNRX,none,2,1,0,0,0,nan,nan,-0.8073337286710739
1,DiscNRX,none,3,1,0,0,0,nan,nan,-0.8073337286710739
1,DiscNRX,none,4,1,0,0,0,nan,nan,-0.8073337286710739
1,DiscNRX,none,5,1,0,0,0,nan,nan,-0.8073337286710739
1,DiscNRX,none,6,1,0,0,0,nan,nan,-0.8073337286710739
1,DiscNRX,none,7,1,0,0,0,nan,nan,-0.8073337286710739
1,DiscNRX,none,8,1,0,0,0,nan,nan,-0.8073337286710739
1,DiscNRX,none,9,1,0,0,0,nan,nan,-0.8073337286710739
1,DiscNRX,none,10,1,0,0,0,nan,nan,-0.8073337286710739
1,DiscNRX,none,11,1,0,0,0,nan,nan,-0.8073337286710739
1,DiscNRX,none,12,1,0,0,0,nan,nan,-0.8073337286710739
1,DiscNRX,none,13,1,0,0,0,nan,nan,-0.8073337286710739
1,DiscNRX,none,14,1,0,0,0,nan,nan,-0.8073337286710739
1,DiscNRX,none,15,1,0,0,0,nan,nan,-0.8073337286710739
1,DiscNRX,none,16,1,0,0,0,nan,nan,-0.8073337286710739
1,DiscNRX,none,17,1,0,0,0,nan,nan,-0.8073337286710739
1,DiscNRX,none,18,1,0,0,0,nan,nan,-0.8073337286710739
1,DiscNRX,none,19,1,0,0,0,nan,nan,-0.8073337286710739
1,DiscNRX,none,20,1,0,0,0,nan,nan,-0.8073337286710739
1,DiscNRX,none,21,1,0,0,0,nan,nan,-0.8073337286710739
1,DiscNRX,none,22,1,0,0,0,nan,nan,-0.8073337286710739
1,DiscNRX,none,23,1,0,0,0,nan,nan,-0.8073337286710739
1,DiscNRX,none,24,1,0,0,0,nan,nan,-0.8073337286710739
1,DiscNRX,none,25,1,0,0,0,nan,nan,-0.8073337286710739
1,DiscNRX,none,26,1,0,0,0,nan,nan,-0.8073337286710739
1,DiscNRX,none,27,1,0,0,0,nan,nan,-0.8073337286710739
1,DiscNRX,none,28,1,0,0,0,nan,nan,-0.8073337286710739
1,DiscNRX,none,29,1,0,0,0,nan,nan,-0.8073337286710739
1,DiscNRX,none,30,1,0,0,0,nan,nan,-0.8073337286710739
1,DiscNRX,none,31,1,0,0,0,nan,nan,-0.8073337286710739
1,DiscNRX,none,32,1,0,0,0,nan,nan,-0.8073337286710739
1,DiscNRX,none,33,1,0,0,0,nan,nan,-0.8073337286710739
1,DiscNRX,none,34,1,0,0,0,nan,nan,-0.8073337286710739
1,DiscNRX,none,35,1,0,0,0,nan,nan,-0.8073337286710739
1,DiscNRX,none,36,1,0,0,0,nan,nan,-0.8073337286710739
1,DiscNRX,none,37,1,0,0,0,nan,nan,-0.8073337286710739
1,DiscNRX,none,38,1,0,0,0,nan,nan,-0.8073337286710739
1,DiscNRX,none,39,1,0,0,0,nan,nan,-0.8073337286710739
1,DiscNRX,none,40,1,0,0,0,nan,nan,-0.8073337286710739
1,DiscNRX,none,41,1,0,0,0,nan,nan,-0.8073337286710739
1,DiscNRX,none,42,1,0,0,0,nan,nan,-0.8073337286710739
1,DiscNRX,none,43,1,0,0,0,nan,nan,-0.8073337286710739
1,DiscNRX,none,44,1,0,0,0,nan,nan,-0.8073337286710739
1,DiscNRX,none,45,1,0,0,0,nan,nan,-0.8073337286710739
1,DiscNRX,none,46,1,0,0,0,nan,nan,-0.8073337286710739
1,DiscNRX,none,47,1,0,0,0,nan,nan,-0.8073337286710739
1,DiscNRX,none,48,1,0,0,0,nan,nan,-0.8073337286710739
1,DiscNRX,none,49,1,0,0,0,nan,nan,-0.8073337286710739
1,DiscNRX,none,50,1,0,0,0,nan,nan,-0.8073337286710739
1,DiscNRX,none,51,1,0,0,0,nan,nan,-0.8073337286710739
1,DiscNRX,none,52,1,0,0,0,nan,nan,-0.8073337286710739
1,DiscNRX,none,53,1,0,0,0,nan,nan,-0.8073337286710739
1,DiscNRX,none,54,1,0,0,0,nan,nan,-0.8073337286710739
1,DiscNRX,none,55,1,0,0,0,nan,nan,-0.8073337286710739
1,DiscNRX,none,56,1,0,0,0,nan,nan,-0.8073337286710739
1,DiscNRX,none,57,1,0,0,0,nan,nan,-0.8073337286710739
1,DiscNRX,none,58,1,0,0,0,nan,nan,-0.8073337286710739
1,DiscNRX,none,59,1,0,0,0,nan,nan,-0.8073337286710739
1,DiscNRX,none,60,1,0,0,0,nan,nan,-0.8073337286710739
1,DiscNRX,none,61,1,0,0,0,nan,nan,-0.8073337286710739
1,DiscNRX,none,62,1,0,0,0,nan,nan,-0.8073337286710739
1,DiscNRX,none,63,1,0,0,0,nan,nan,-0.8073337286710739
1,DiscNRX,none,64,1,0,0,0,nan,nan,-0.8073337286710739
1,DiscNRX,none,65,1,0,0,0,nan,nan,-0.8073337286710739
1,DiscNRX,none,66,1,0,0,0,nan,nan,-0.8073337286710739
1,DiscNRX,none,67,1,0,0,0,nan,nan,-0.8073337286710739
1,DiscNRX,none,68,1,0,0,0,nan,nan,-0.8073337286710739
1,DiscNRX,none,69,1,0,0,0,nan,nan,-0.8073337286710739
1,DiscNRX,none,70,1,0,0,0,nan,nan,-0.8073337286710739
1,DiscNRX,none,71,1,0,0,0,nan,nan,-0.8073337286710739
1,DiscNRX,none,72,1,0,0,0,nan,nan,-0.8073337286710739
1,DiscNRX,none,73,1,0,0,0,nan,nan,-0.8073337286710739
1,DiscNRX,none,74,1,0,0,0,nan,nan,-0.8073337286710739
1,DiscNRX,none,75,1,0,0,0,nan,nan,-0.8073337286710739
1,DiscNRX,none,76,1,0,0,0,nan,nan,-0.8073337286710739
1,DiscNRX,none,77,1,0,0,0,nan,nan,-0.8073337286710739
1,DiscNRX,none,78,1,0,0,0,nan,nan,-0.8073337286710739
1,DiscNRX,none,79,1,0,0,0,nan,nan,-0.8073337286710739
1,DiscNRX,none,80,1,0,0,0,nan,nan,-0.8073337286710739
1,DiscNRX,none,81,1,0,0,0,nan,nan,-0.8073337286710739
1,DiscNRX,none,82,1,0,0,0,nan,nan,-0.8073337286710739
1,DiscNRX,none,83,1,0,0,0,nan,nan,-0.8073337286710739
1,DiscNRX,none,84,1,0,0,0,nan,nan,-0.8073337286710739
1,DiscNRX,none,85,1,0,0,0,nan,nan,-0.8073337286710739
1,DiscNRX,none,86,1,0,0,0,nan,nan,-0.8073337286710739
1,DiscNRX,none,87,1,0,0,0,nan,nan,-0.8073337286710739
1,DiscNRX,none,88,1,0,0,0,nan,nan,-0.8073337286710739
1,DiscNRX,none,89,1,0,0,0,nan,nan,-0.8073337286710739
1,DiscNRX,none,90,1,0,0,0,nan,nan,-0.8073337286710739
1,DiscNRX,none,91,1,0,0,0,nan,nan,-0.8073337286710739
1,DiscNRX,none,92,1,0,0,0,nan,nan,-0.8073337286710739
1,DiscNRX,none,93,1,0,0,0,nan,nan,-0.8073337286710739
1,DiscNRX,none,94,1,0,0,0,nan,nan,-0.8073337286710739
1,DiscNRX,none,95,1,0,0,0,nan,nan,-0.8073337286710739
1,DiscNRX,none,96,1,0,0,0,nan,nan,-0.8073337286710739
1,DiscNRX,none,97,1,0,0,0,nan,nan,-0.8073337286710739
1,DiscNRX,none,98,1,0,0,0,nan,nan,-0.8073337286710739
1,DiscNRX,none,99,1,0,0,0,nan,nan,-0.8073337286710739
1,DiscNRX,none,100,1,0,0,0,nan,nan,-0.8073337286710739
1,DiscNRX,none,101,1,0,0,0,nan,nan,-0.8073337286710739
1,DiscNRX,none,102,1,0,0,0,nan,nan,-0.8073337286710739
1,DiscNRX,none,103,1,0,0,0,nan,nan,-0.8073337286710739
1,DiscNRX,none,104,1,0,0,0,nan,nan,-0.8073337286710739
1,DiscNRX,none,105,1,0,0,0,nan,nan,-0.8073337286710739
1,DiscNRX,none,106,1,0,0,0,nan,nan,-0.8073337286710739
1,DiscNRX,none,107,1,0,0,0,nan,nan,-0.8073337286710739
1,DiscNRX,none,108,1,0,0,0,nan,nan,-0.8073337286710739
1,DiscNRX,none,109,1,0,0,0,nan,nan,-0.8073337286710739
1,DiscNRX,none,110,1,0,0,0,nan,nan,-0.8073337286710739
1,DiscNRX,none,111,1,0,0,0,nan,nan,-0.8073337286710739
1,DiscNRX,none,112,1,0,0,0,nan,nan,-0.8073337286710739
1,DiscNRX,none,113,1,0,0,0,nan,nan,-0.8073337286710739
1,DiscNRX,none,114,1,0,0,0,nan,nan,-0.8073337286710739
1,DiscNRX,none,115,1,0,0,0,nan,nan,-0.8073337286710739
1,DiscNRX,none,116,1,0,0,0,nan,nan,-0.8073337286710739
1,DiscNRX,none,117,1,0,0,0,nan,nan,-0.8073337286710739
1,DiscNRX,none,118,1,0,0,0,nan,nan,-0.8073337286710739
1,DiscNRX,none,119,1,0,0,0,nan,nan,-0.8073337286710739
1,DiscNRX,none,120,1,0,0,0,nan,nan,-0.8073337286710739
1,DiscNRX,none,121,1,0,0,0,nan,nan,-0.8073337286710739
1,DiscNRX,none,122,1,0,0,0,nan,nan,-0.8073337286710739
1,DiscNRX,none,123,1,0,0,0,nan,nan,-0.8073337286710739
1,DiscNRX,none,124,1,0,0,0,nan,nan,-0.8073337286710739
1,DiscNRX,none,125,1,0,0,0,nan,nan,-0.8073337286710739
1,DiscNRX,none,126,1,0,0,0,nan,nan,-0.8073337286710739
1,DiscNRX,none,127,1,0,0,0,nan,nan,-0.8073337286710739
1,DiscNRX,none,128,1,0,0,0,nan,nan,-0.8073337286710739
1,DiscNRX,none,129,1,0,0,0,nan,nan,-0.8073337286710739
1,DiscNRX,none,130,1,0,0,0,nan,nan,-0.8073337286710739
1,DiscNRX,none,131,1,0,0,0,nan,nan,-0.8073337286710739
1,DiscNRX,none,132,1,0,0,0,nan,nan,-0.8073337286710739
1,DiscNRX,none,133,1,0,0,0,nan,nan,-0.8073337286710739
1,DiscNRX,none,134,1,0,0,0,nan,nan,-0.8073337286710739
1,DiscNRX,none,135,1,0,0,0,nan,nan,-0.8073337286710739
1,DiscNRX,none,136,1,0,0,0,nan,nan,-0.8073337286710739
1,DiscNRX,none,137,1,0,0,0,nan,nan,-0.8073337286710739
1,DiscNRX,none,138,1,0,0,0,nan,nan,-0.8073337286710739
1,DiscNRX,none,139,1,0,0,0,nan,nan,-0.8073337286710739
1,DiscNRX,none,140,1,0,0,0,nan,nan,-0.8073337286710739
1,DiscNRX,none,141,1,0,0,0,nan,nan,-0.8073337286710739
1,DiscNRX,none,142,1,0,0,0,nan,nan,-0.8073337286710739
1,DiscNRX,none,143,1,0,0,0,nan,nan,-0.8073337286710739
1,DiscNRX,none,144,1,0,0,0,nan,nan,-0.8073337286710739
1,DiscNRX,none,145,1,0,0,0,nan,nan,-0.8073337286710739
1,DiscNRX,none,146,1,0,0,0,nan,nan,-0.8073337286710739
1,DiscNRX,none,147,1,0,0,0,nan,nan,-0.8073337286710739
1,DiscNRX,none,148,1,0,0,0,nan,nan,-0.8073337286710739
1,DiscNRX,none,149,1,0,0,0,nan,nan,-0.8073337286710739
1,DiscNRX,none,150,1,0,0,0,nan,nan,-0.8073337286710739
1,DiscNRX,none,151,1,0,0,0,nan,nan,-0.8073337286710739
1,DiscNRX,none,152,1,0,0,0,nan,nan,-0.8073337286710739
1,DiscNRX,none,153,1,0,0,0,nan,nan,-0.8073337286710739
1,DiscNRX,none,154,1,0,0,0,nan,nan,-0.8073337286710739
1,DiscNRX,none,155,1,0,0,0,nan,nan,-0.8073337286710739
1,DiscNRX,none,156,1,0,0,0,nan,nan,-0.8073337286710739
1,DiscNRX,none,157,1,0,0,0,nan,nan,-0.8073337286710739
1,DiscNRX,none,158,1,0,0,0,nan,nan,-0.8073337286710739
1,DiscNRX,none,159,1,0,0,0,nan,nan,-0.8073337286710739
1,DiscNRX,none,160,1,0,0,0,nan,nan,-0.8073337286710739
1,DiscNRX,none,161,1,0,0,0,nan,nan,-0.8073337286710739
1,DiscNRX,none,162,1,0,0,0,nan,nan,-0.8073337286710739
1,DiscNRX,none,163,1,0,0,0,nan,nan,-0.8073337286710739
1,DiscNRX,none,164,1,0,0,0,nan,nan,-0.8073337286710739
1,DiscNRX,none,165,1,0,0,0,nan,nan,-0.8073337286710739
1,DiscNRX,none,166,1,0,0,0,nan,nan,-0.8073337286710739
1,DiscNRX,none,167,1,0,0,0,nan,nan,-0.8073337286710739
1,DiscNRX,none,168,1,0,0,0,nan,nan,-0.8073337286710739
1,DiscNRX,none,169,1,0,0,0,nan,nan,-0.8073337286710739
1,DiscNRX,none,170,1,0,0,0,nan,nan,-0.8073337286710739
1,DiscNRX,none,171,1,0,0,0,nan,nan,-0.8073337286710739
1,DiscNRX,none,172,1,0,0,0,nan,nan,-0.8073337286710739
1,DiscNRX,none,173,1,0,0,0,nan,nan,-0.8073337286710739
1,DiscNRX,none,174,1,0,0,0,nan,nan,-0.8073337286710739
1,DiscNRX,none,175,1,0,0,0,nan,nan,-0.8073337286710739
1,DiscNRX,none,176,1,0,0,0,nan,nan,-0.8073337286710739
1,DiscNRX,none,177,1,0,0,0,nan,nan,-0.8073337286710739
1,DiscNRX,none,178,1,0,0,0,nan,nan,-0.8073337286710739
1,DiscNRX,none,179,1,0,0,0,nan,nan,-0.8073337286710739
1,DiscNRX,none,180,1,0,0,0,nan,nan,-0.8073337286710739
1,DiscNRX,none,181,1,0,0,0,nan,nan,-0.8073337286710739
1,DiscNRX,none,182,1,0,0,0,nan,nan,-0.8073337286710739
1,DiscNRX,none,183,1,0,0,0,nan,nan,-0.8073337286710739
1,DiscNRX,none,184,1,0,0,0,nan,nan,-0.8073337286710739
1,DiscNRX,none,185,1,0,0,0,nan,nan,-0.8073337286710739
1,DiscNRX,none,186,1,0,0,0,nan,nan,-0.8073337286710739
1,DiscNRX,none,187,1,0,0,0,nan,nan,-0.8073337286710739
1,DiscNRX,none,188,1,0,0,0,nan,nan,-0.8073337286710739
1,DiscNRX,none,189,1,0,0,0,nan,nan,-0.8073337286710739
1,DiscNRX,none,190,1,0,0,0,nan,nan,-0.8073337286710739
1,DiscNRX,none,191,1,0,0,0,nan,nan,-0.8073337286710739
1,DiscNRX,none,192,1,0,0,0,nan,nan,-0.8073337286710739
1,DiscNRX,none,193,1,0,0,0,nan,nan,-0.8073337286710739
1,DiscNRX,none,194,1,0,0,0,nan,nan,-0.8073337286710739
1,DiscNRX,none,195,1,0,0,0,nan,nan,-0.8073337286710739
1,DiscNRX,none,196,1,0,0,0,nan,nan,-0.8073337286710739
1,DiscNRX,none,197,1,0,0,0,nan,nan,-0.8073337286710739
1,DiscNRX,none,198,1,0,0,0,nan,nan,-0.8073337286710739
1,DiscNRX,none,199,1,0,0,0,nan,nan,-0.8073337286710739
1,DiscNRX,none,200,1,0,0,0,nan,nan,-0.8073337286710739
1,DiscNRX,none,201,1,0,0,0,nan,nan,-0.8073337286710739
1,DiscNRX,none,202,1,0,0,0,nan,nan,-0.8073337286710739
1,DiscNRX,none,203,1,0,0,0,nan,nan,-0.8073337286710739
1,DiscNRX,none,204,1,0,0,0,nan,nan,-0.8073337286710739
1,DiscNRX,none,205,1,0,0,0,nan,nan,-0.8073337286710739
1,DiscNRX,none,206,1,0,0,0,nan,nan,-0.8073337286710739
1,DiscNRX,none,207,1,0,0,0,nan,nan,-0.8073337286710739
1,DiscNRX,none,208,1,0,0,0,nan,nan,-0.8073337286710739
1,DiscNRX,none,209,1,0,0,0,nan,nan,-0.8073337286710739
1,DiscNRX,none,210,1,0,0,0,nan,nan,-0.8073337286710739
1,DiscNRX,none,211,1,0,0,0,nan,nan,-0.8073337286710739
1,DiscNRX,none,212,1,0,0,0,nan,nan,-0.8073337286710739
1,DiscNRX,none,213,1,0,0,0,nan,nan,-0.8073337286710739
1,DiscNRX,none,214,1,0,0,0,nan,nan,-0.8073337286710739
1,DiscNRX,none,215,1,0,0,0,nan,nan,-0.8073337286710739
1,DiscNRX,none,216,1,0,0,0,nan,nan,-0.8073337286710739
1,DiscNRX,none,217,1,0,0,0,nan,nan,-0.8073337286710739
1,DiscNRX,none,218,1,0,0,0,nan,nan,-0.8073337286710739
1,DiscNRX,none,219,1,0,0,0,nan,nan,-0.8073337286710739
1,DiscNRX,none,220,1,0,0,0,nan,nan,-0.8073337286710739
1,DiscNRX,none,221,1,0,0,0,nan,nan,-0.8073337286710739
1,DiscNRX,none,222,1,0,0,0,nan,nan,-0.8073337286710739
1,DiscNRX,none,223,1,0,0,0,nan,nan,-0.8073337286710739
1,DiscNRX,none,224,1,0,0,0,nan,nan,-0.8073337286710739
1,DiscNRX,none,225,1,0,0,0,nan,nan,-0.8073337286710739
1,DiscNRX,none,226,1,0,0,0,nan,nan,-0.8073337286710739
1,DiscNRX,none,227,1,0,0,0,nan,nan,-0.8073337286710739
1,DiscNRX,none,228,1,0,0,0,nan,nan,-0.8073337286710739
1,DiscNRX,none,229,1,0,0,0,nan,nan,-0.8073337286710739
1,DiscNRX,none,230,1,0,0,0,nan,nan,-0.8073337286710739
1,DiscNRX,none,231,1,0,0,0,nan,nan,-0.8073337286710739
1,DiscNRX,none,232,1,0,0,0,nan,nan,-0.8073337286710739
1,DiscNRX,none,233,1,0,0,0,nan,nan,-0.8073337286710739
1,DiscNRX,none,234,1,0,0,0,nan,nan,-0.8073337286710739
1,DiscNRX,none,235,1,0,0,0,nan,nan,-0.8073337286710739
1,DiscNRX,none,236,1,0,0,0,nan,nan,-0.8073337286710739
1,DiscNRX,none,237,1,0,0,0,nan,nan,-0.8073337286710739
1,DiscNRX,none,238,1,0,0,0,nan,nan,-0.8073337286710739
1,DiscNRX,none,239,1,0,0,0,nan,nan,-0.8073337286710739
1,DiscNRX,none,240,1,0,0,0,nan,nan,-0.8073337286710739
1,DiscNRX,none,241,1,0,0,0,nan,nan,-0.8073337286710739
1,DiscNRX,none,242,1,0,0,0,nan,nan,-0.8073337286710739
1,DiscNRX,none,243,1,0,0,0,nan,nan,-0.8073337286710739
1,DiscNRX,none,244,1,0,0,0,nan,nan,-0.8073337286710739
1,DiscNRX,none,245,1,0,0,0,nan,nan,-0.8073337286710739
1,DiscNRX,none,246,1,0,0,0,nan,nan,-0.8073337286710739
1,DiscNRX,none,247,1,0,0,0,nan,nan,-0.8073337286710739
1,DiscNRX,none,248,1,0,0,0,nan,nan,-0.8073337286710739
1,DiscNRX,none,249,1,0,0,0,nan,nan,-0.8073337286710739
1,DiscNRX,none,250,1,0,0,0,nan,nan,-0.8073337286710739
1,DiscNRX,none,251,1,0,0,0,nan,nan,-0.8073337286710739
1,DiscNRX,none,252,1,0,0,0,nan,nan,-0.8073337286710739
1,DiscNRX,none,253,1,0,0,0,nan,nan,-0.8073337286710739
1,DiscNRX,none,254,1,0,0,0,nan,nan,-0.8073337286710739
1,DiscNRX,none,255,1,0,0,0,nan,nan,-0.8073337286710739
1,DiscNRX,none,256,1,0,0,0,nan,nan,-0.8073337286710739
1,DiscNRX,none,257,1,0,0,0,nan,nan,-0.8073337286710739
1,DiscNRX,none,258,1,0,0,0,nan,nan,-0.8073337286710739
1,DiscNRX,none,259,1,0,0,0,nan,nan,-0.8073337286710739
1,DiscNRX,none,260,1,0,0,0,nan,nan,-0.8073337286710739
1,DiscNRX,none,261,1,0,0,0,nan,nan,-0.8073337286710739
1,DiscNRX,none,262,1,0,0,0,nan,nan,-0.8073337286710739
1,DiscNRX,none,263,1,0,0,0,nan,nan,-0.8073337286710739
1,DiscNRX,none,264,1,0,0,0,nan,nan,-0.8073337286710739
1,DiscNRX,none,265,1,0,0,0,nan,nan,-0.8073337286710739
1,DiscNRX,none,266,1,0,0,0,nan,nan,-0.8073337286710739
1,DiscNRX,none,267,1,0,0,0,nan,nan,-0.8073337286710739
1,DiscNRX,none,268,1,0,0,0,nan,nan,-0.8073337286710739
1,DiscNRX,none,269,1,0,0,0,nan,nan,-0.8073337286710739
1,DiscNRX,none,270,1,0,0,0,nan,nan,-0.8073337286710739
1,DiscNRX,none,271,1,0,0,0,nan,nan,-0.8073337286710739
1,DiscNRX,none,272,1,0,0,0,nan,nan,-0.8073337286710739
1,DiscNRX,none,273,1,0,0,0,nan,nan,-0.8073337286710739
1,DiscNRX,none,274,1,0,0,0,nan,nan,-0.8073337286710739
1,DiscNRX,none,275,1,0,0,0,nan,nan,-0.8073337286710739
1,DiscNRX,none,276,1,0,0,0,nan,nan,-0.8073337286710739
1,DiscNRX,none,277,1,0,0,0,nan,nan,-0.8073337286710739
1,DiscNRX,none,278,1,0,0,0,nan,nan,-0.8073337286710739
1,DiscNRX,none,279,1,0,0,0,nan,nan,-0.8073337286710739
1,DiscNRX,none,280,1,0,0,0,nan,nan,-0.8073337286710739
1,DiscNRX,none,281,1,0,0,0,nan,nan,-0.8073337286710739
1,DiscNRX,none,282,1,0,0,0,nan,nan,-0.8073337286710739
1,DiscNRX,none,283,1,0,0,0,nan,nan,-0.8073337286710739
1,DiscNRX,none,284,1,0,0,0,nan,nan,-0.8073337286710739
1,DiscNRX,none,285,1,0,0,0,nan,nan,-0.8073337286710739
1,DiscNRX,none,286,1,0,0,0,nan,nan,-0.8073337286710739
1,DiscNRX,none,287,1,0,0,0,nan,nan,-0.8073337286710739
1,DiscNRX,none,288,1,0,0,0,nan,nan,-0.8073337286710739
1,DiscNRX,none,289,1,0,0,0,nan,nan,-0.8073337286710739
1,DiscNRX,none,290,1,0,0,0,nan,nan,-0.8073337286710739
1,DiscNRX,none,291,1,0,0,0,nan,nan,-0.8073337286710739
1,DiscNRX,none,292,1,0,0,0,nan,nan,-0.8073337286710739
1,DiscNRX,none,293,1,0,0,0,nan,nan,-0.8073337286710739
1,DiscNRX,none,294,1,0,0,0,nan,nan,-0.8073337286710739
1,DiscNRX,none,295,1,0,0,0,nan,nan,-0.8073337286710739
1,DiscNRX,none,296,1,0,0,0,nan,nan,-0.8073337286710739
1,DiscNRX,none,297,1,0,0,0,nan,nan,-0.8073337286710739
1,DiscNRX,none,298,1,0,0,0,nan,nan,-0.8073337286710739
1,DiscNRX,none,299,1,0,0,0,nan,nan,-0.8073337286710739
1,DiscNRX,none,300,1,0,0,0,nan,nan,-0.8073337286710739
1,DiscNRX,none,301,1,0,0,0,nan,nan,-0.8073337286710739
1,DiscNRX,none,302,1,0,0,0,nan,nan,-0.8073337286710739
1,DiscNRX,none,303,1,0,0,0,nan,nan,-0.8073337286710739
1,DiscNRX,none,304,1,0,0,0,nan,nan,-0.8073337286710739
1,DiscNRX,none,305,1,0,0,0,nan,nan,-0.8073337286710739
1,DiscNRX,none,306,1,0,0,0,nan,nan,-0.8073337286710739
1,DiscNRX,none,307,1,0,0,0,nan,nan,-0.8073337286710739
1,DiscNRX,none,308,1,0,0,0,nan,nan,-0.8073337286710739
1,DiscNRX,none,309,1,0,0,0,nan,nan,-0.8073337286710739
1,DiscNRX,none,310,1,0,0,0,nan,nan,-0.8073337286710739
1,DiscNRX,none,311,1,0,0,0,nan,nan,-0.8073337286710739
1,DiscNRX,none,312,1,0,0,0,nan,nan,-0.8073337286710739
1,DiscNRX,none,313,1,0,0,0,nan,nan,-0.8073337286710739
1,DiscNRX,none,314,1,0,0,0,nan,nan,-0.8073337286710739
1,DiscNRX,none,315,1,0,0,0,nan,nan,-0.8073337286710739
1,DiscNRX,none,316,1,0,0,0,nan,nan,-0.8073337286710739
1,DiscNRX,none,317,1,0,0,0,nan,nan,-0.8073337286710739
1,DiscNRX,none,318,1,0,0,0,nan,nan,-0.8073337286710739
1,DiscNRX,none,319,1,0,0,0,nan,nan,-0.8073337286710739
1,DiscNRX,none,320,1,0,0,0,nan,nan,-0.8073337286710739
1,DiscNRX,none,321,1,0,0,0,nan,nan,-0.8073337286710739
1,DiscNRX,none,322,1,0,0,0,nan,nan,-0.8073337286710739
1,DiscNRX,none,323,1,0,0,0,nan,nan,-0.8073337286710739
1,DiscNRX,none,324,1,0,0,0,nan,nan,-0.8073337286710739
1,DiscNRX,none,325,1,0,0,0,nan,nan,-0.8073337286710739
1,DiscNRX,none,326,1,0,0,0,nan,nan,-0.8073337286710739
1,DiscNRX,none,327,1,0,0,0,nan,nan,-0.8073337286710739
1,DiscNRX,none,328,1,0,0,0,nan,nan,-0.8073337286710739
1,DiscNRX,none,329,1,0,0,0,nan,nan,-0.8073337286710739
1,DiscNRX,none,330,1,0,0,0,nan,nan,-0.8073337286710739
1,DiscNRX,none,331,1,0,0,0,nan,nan,-0.8073337286710739
1,DiscNRX,none,332,1,0,0,0,nan,nan,-0.8073337286710739
1,DiscNRX,none,333,1,0,0,0,nan,nan,-0.8073337286710739
1,DiscNRX,none,334,1,0,0,0,nan,nan,-0.8073337286710739
1,DiscNRX,none,335,1,0,0,0,nan,nan,-0.8073337286710739
1,DiscNRX,none,336,1,0,0,0,nan,nan,-0.8073337286710739
1,DiscNRX,none,337,1,0,0,0,nan,nan,-0.8073337286710739
1,DiscNRX,none,338,1,0,0,0,nan,nan,-0.8073337286710739
1,DiscNRX,none,339,1,0,0,0,nan,nan,-0.8073337286710739
1,DiscNRX,none,340,1,0,0,0,nan,nan,-0.8073337286710739
1,DiscNRX,none,341,1,0,0,0,nan,nan,-0.8073337286710739
1,DiscNRX,none,342,1,0,0,0,nan,nan,-0.8073337286710739
1,DiscNRX,none,343,1,0,0,0,nan,nan,-0.8073337286710739
1,DiscNRX,none,344,1,0,0,0,nan,nan,-0.8073337286710739
1,DiscNRX,none,345,1,0,0,0,nan,nan,-0.8073337286710739
1,DiscNRX,none,346,1,0,0,0,nan,nan,-0.8073337286710739
1,DiscNRX,none,347,1,0,0,0,nan,nan,-0.8073337286710739
1,DiscNRX,none,348,1,0,0,0,nan,nan,-0.8073337286710739
1,DiscNRX,none,349,1,0,0,0,nan,nan,-0.8073337286710739
1,DiscNRX,none,350,1,0,0,0,nan,nan,-0.8073337286710739
1,DiscNRX,none,351,1,0,0,0,nan,nan,-0.8073337286710739
1,DiscNRX,none,352,1,0,0,0,nan,nan,-0.8073337286710739
1,DiscNRX,none,353,1,0,0,0,nan,nan,-0.8073337286710739
1,DiscNRX,none,354,1,0,0,0,nan,nan,-0.8073337286710739
1,DiscNRX,none,355,1,0,0,0,nan,nan,-0.8073337286710739
1,DiscNRX,none,356,1,0,0,0,nan,nan,-0.8073337286710739
1,DiscNRX,none,357,1,0,0,0,nan,nan,-0.8073337286710739
1,DiscNRX,none,358,1,0,0,0,nan,nan,-0.8073337286710739
1,DiscNRX,none,359,1,0,0,0,nan,nan,-0.8073337286710739
1,DiscNRX,none,360,1,0,0,0,nan,nan,-0.8073337286710739
1,DiscNRX,none,361,1,0,0,0,nan,nan,-0.8073337286710739
1,DiscNRX,none,362,1,0,0,0,nan,nan,-0.8073337286710739
1,DiscNRX,none,363,1,0,0,0,nan,nan,-0.8073337286710739
1,DiscNRX,none,364,1,0,0,0,nan,nan,-0.8073337286710739
1,DiscNRX,none,365,1,0,0,0,nan,nan,-0.8073337286710739
1,DiscNRX,none,366,1,0,0,0,nan,nan,-0.8073337286710739
1,DiscNRX,none,367,1,0,0,0,nan,nan,-0.8073337286710739
1,DiscNRX,none,368,1,0,0,0,nan,nan,-0.8073337286710739
1,DiscNRX,none,369,1,0,0,0,nan,nan,-0.8073337286710739
1,DiscNRX,none,370,1,0,0,0,nan,nan,-0.8073337286710739
1,DiscNRX,none,371,1,0,0,0,nan,nan,-0.8073337286710739
1,DiscNRX,none,372,1,0,0,0,nan,nan,-0.8073337286710739
1,DiscNRX,none,373,1,0,0,0,nan,nan,-0.8073337286710739
1,DiscNRX,none,374,1,0,0,0,nan,nan,-0.8073337286710739
1,DiscNRX,none,375,1,0,0,0,nan,nan,-0.8073337286710739
1,DiscNRX,none,376,1,0,0,0,nan,nan,-0.8073337286710739
1,DiscNRX,none,377,1,0,0,0,nan,nan,-0.8073337286710739
1,DiscNRX,none,378,1,0,0,0,nan,nan,-0.8073337286710739
1,DiscNRX,none,379,1,0,0,0,nan,nan,-0.8073337286710739
1,DiscNRX,none,380,1,0,0,0,nan,nan,-0.8073337286710739
1,DiscNRX,none,381,1,0,0,0,nan,nan,-0.8073337286710739
1,DiscNRX,none,382,1,0,0,0,nan,nan,-0.8073337286710739
1,DiscNRX,none,383,1,0,0,0,nan,nan,-0.8073337286710739
1,DiscNRX,none,384,1,0,0,0,nan,nan,-0.8073337286710739
1,DiscNRX,none,385,1,0,0,0,nan,nan,-0.8073337286710739
1,DiscNRX,none,386,1,0,0,0,nan,nan,-0.8073337286710739
1,DiscNRX,none,387,1,0,0,0,nan,nan,-0.8073337286710739
1,DiscNRX,none,388,1,0,0,0,nan,nan,-0.8073337286710739
1,DiscNRX,none,389,1,0,0,0,nan,nan,-0.8073337286710739
1,DiscNRX,none,390,1,0,0,0,nan,nan,-0.8073337286710739
1,DiscNRX,none,391,1,0,0,0,nan,nan,-0.8073337286710739
1,DiscNRX,none,392,1,0,0,0,nan,nan,-0.8073337286710739
1,DiscNRX,none,393,1,0,0,0,nan,nan,-0.8073337286710739
1,DiscNRX,none,394,1,0,0,0,nan,nan,-0.8073337286710739
1,DiscNRX,none,395,1,0,0,0,nan,nan,-0.8073337286710739
1,DiscNRX,none,396,1,0,0,0,nan,nan,-0.8073337286710739
1,DiscNRX,none,397,1,0,0,0,nan,nan,-0.8073337286710739
1,DiscNRX,none,398,1,0,0,0,nan,nan,-0.8073337286710739
1,DiscNRX,none,399,1,0,0,0,nan,nan,-0.8073337286710739
1,DiscNRX,none,400,1,0,0,0,nan,nan,-0.8073337286710739
1,DiscNRX,none,401,1,0,0,0,nan,nan,-0.8073337286710739
1,DiscNRX,none,402,1,0,0,0,nan,nan,-0.8073337286710739
1,DiscNRX,none,403,1,0,0,0,nan,nan,-0.8073337286710739
1,DiscNRX,none,404,1,0,0,0,nan,nan,-0.8073337286710739
1,DiscNRX,none,405,1,0,0,0,nan,nan,-0.8073337286710739
1,DiscNRX,none,406,1,0,0,0,nan,nan,-0.8073337286710739
1,DiscNRX,none,407,1,0,0,0,nan,nan,-0.8073337286710739
1,DiscNRX,none,408,1,0,0,0,nan,nan,-0.8073337286710739
1,DiscNRX,none,409,1,0,0,0,nan,nan,-0.8073337286710739
1,DiscNRX,none,410,1,0,0,0,nan,nan,-0.8073337286710739
1,DiscNRX,none,411,1,0,0,0,nan,nan,-0.8073337286710739
1,DiscNRX,none,412,1,0,0,0,nan,nan,-0.8073337286710739
1,DiscNRX,none,413,1,0,0,0,nan,nan,-0.8073337286710739
1,DiscNRX,none,414,1,0,0,0,nan,nan,-0.8073337286710739
1,DiscNRX,none,415,1,0,0,0,nan,nan,-0.8073337286710739
1,DiscNRX,none,416,1,0,0,0,nan,nan,-0.8073337286710739
1,DiscNRX,none,417,1,0,0,0,nan,nan,-0.8073337286710739
1,DiscNRX,none,418,1,0,0,0,nan,nan,-0.8073337286710739
1,DiscNRX,none,419,1,0,0,0,nan,nan,-0.8073337286710739
1,DiscNRX,none,420,1,0,0,0,nan,nan,-0.8073337286710739
1,DiscNRX,none,421,1,0,0,0,nan,nan,-0.8073337286710739
1,DiscNRX,none,422,1,0,0,0,nan,nan,-0.8073337286710739
1,DiscNRX,none,423,1,0,0,0,nan,nan,-0.8073337286710739
1,DiscNRX,none,424,1,0,0,0,nan,nan,-0.8073337286710739
1,DiscNRX,none,425,1,0,0,0,nan,nan,-0.8073337286710739
1,DiscNRX,none,426,1,0,0,0,nan,nan,-0.8073337286710739
1,DiscNRX,none,427,1,0,0,0,nan,nan,-0.8073337286710739
1,DiscNRX,none,428,1,0,0,0,nan,nan,-0.8073337286710739
1,DiscNRX,none,429,1,0,0,0,nan,nan,-0.8073337286710739
1,DiscNRX,none,430,1,0,0,0,nan,nan,-0.8073337286710739
1,DiscNRX,none,431,1,0,0,0,nan,nan,-0.8073337286710739
1,DiscNRX,none,432,1,0,0,0,nan,nan,-0.8073337286710739
1,DiscNRX,none,433,1,0,0,0,nan,nan,-0.8073337286710739
1,DiscNRX,none,434,1,0,0,0,nan,nan,-0.8073337286710739
1,DiscNRX,none,435,1,0,0,0,nan,nan,-0.8073337286710739
1,DiscNRX,none,436,1,0,0,0,nan,nan,-0.8073337286710739
1,DiscNRX,none,437,1,0,0,0,nan,nan,-0.8073337286710739
1,DiscNRX,none,438,1,0,0,0,nan,nan,-0.8073337286710739
1,DiscNRX,none,439,1,0,0,0,nan,nan,-0.8073337286710739
1,DiscNRX,none,440,1,0,0,0,nan,nan,-0.8073337286710739
1,DiscNRX,none,441,1,0,0,0,nan,nan,-0.8073337286710739
1,DiscNRX,none,442,1,0,0,0,nan,nan,-0.8073337286710739
1,DiscNRX,none,443,1,0,0,0,nan,nan,-0.8073337286710739
1,DiscNRX,none,444,1,0,0,0,nan,nan,-0.8073337286710739
1,DiscNRX,none,445,1,0,0,0,nan,nan,-0.8073337286710739
1,DiscNRX,none,446,1,0,0,0,nan,nan,-0.8073337286710739
1,DiscNRX,none,447,1,0,0,0,nan,nan,-0.8073337286710739
1,DiscNRX,none,448,1,0,0,0,nan,nan,-0.8073337286710739
1,DiscNRX,none,449,1,0,0,0,nan,nan,-0.8073337286710739
1,DiscNRX,none,450,1,0,0,0,nan,nan,-0.8073337286710739
1,DiscNRX,none,451,1,0,0,0,nan,nan,-0.8073337286710739
1,DiscNRX,none,452,1,0,0,0,nan,nan,-0.8073337286710739
1,DiscNRX,none,453,1,0,0,0,nan,nan,-0.8073337286710739
1,DiscNRX,none,454,1,0,0,0,nan,nan,-0.8073337286710739
1,DiscNRX,none,455,1,0,0,0,nan,nan,-0.8073337286710739
1,DiscNRX,none,456,1,0,0,0,nan,nan,-0.8073337286710739
1,DiscNRX,none,457,1,0,0,0,nan,nan,-0.8073337286710739
1,DiscNRX,none,458,1,0,0,0,nan,nan,-0.8073337286710739
1,DiscNRX,none,459,1,0,0,0,nan,nan,-0.8073337286710739
1,DiscNRX,none,460,1,0,0,0,nan,nan,-0.8073337286710739
1,DiscNRX,none,461,1,0,0,0,nan,nan,-0.8073337286710739
1,DiscNRX,none,462,1,0,0,0,nan,nan,-0.8073337286710739
1,DiscNRX,none,463,1,0,0,0,nan,nan,-0.8073337286710739
1,DiscNRX,none,464,1,0,0,0,nan,nan,-0.8073337286710739
1,DiscNRX,none,465,1,0,0,0,nan,nan,-0.8073337286710739
1,DiscNRX,none,466,1,0,0,0,nan,nan,-0.8073337286710739
1,DiscNRX,none,467,1,0,0,0,nan,nan,-0.8073337286710739
1,DiscNRX,none,468,1,0,0,0,nan,nan,-0.8073337286710739
1,DiscNRX,none,469,1,0,0,0,nan,nan,-0.8073337286710739
1,DiscNRX,none,470,1,0,0,0,nan,nan,-0.8073337286710739
1,DiscNRX,none,471,1,0,0,0,nan,nan,-0.8073337286710739
1,DiscNRX,none,472,1,0,0,0,nan,nan,-0.8073337286710739
1,DiscNRX,none,473,1,0,0,0,nan,nan,-0.8073337286710739
1,DiscNRX,none,474,1,0,0,0,nan,nan,-0.8073337286710739
1,DiscNRX,none,475,1,0,0,0,nan,nan,-0.8073337286710739
1,DiscNRX,none,476,1,0,0,0,nan,nan,-0.8073337286710739
1,DiscNRX,none,477,1,0,0,0,nan,nan,-0.8073337286710739
1,DiscNRX,none,478,1,0,0,0,nan,nan,-0.8073337286710739
1,DiscNRX,none,479,1,0,0,0,nan,nan,-0.8073337286710739
1,DiscNRX,none,480,1,0,0,0,nan,nan,-0.8073337286710739
1,DiscNRX,none,481,1,0,0,0,nan,nan,-0.8073337286710739
1,DiscNRX,none,482,1,0,0,0,nan,nan,-0.8073337286710739
1,DiscNRX,none,483,1,0,0,0,nan,nan,-0.8073337286710739
1,DiscNRX,none,484,1,0,0,0,nan,nan,-0.8073337286710739
1,DiscNRX,none,485,1,0,0,0,nan,nan,-0.8073337286710739
1,DiscNRX,none,486,1,0,0,0,nan,nan,-0.8073337286710739
1,DiscNRX,none,487,1,0,0,0,nan,nan,-0.8073337286710739
1,DiscNRX,none,488,1,0,0,0,nan,nan,-0.8073337286710739
1,DiscNRX,none,489,1,0,0,0,nan,nan,-0.8073337286710739
1,DiscNRX,none,490,1,0,0,0,nan,nan,-0.8073337286710739
1,DiscNRX,none,491,1,0,0,0,nan,nan,-0.8073337286710739
1,DiscNRX,none,492,1,0,0,0,nan,nan,-0.8073337286710739
1,DiscNRX,none,493,1,0,0,0,nan,nan,-0.8073337286710739
1,DiscNRX,none,494,1,0,0,0,nan,nan,-0.8073337286710739
1,DiscNRX,none,495,1,0,0,0,nan,nan,-0.8073337286710739
1,DiscNRX,none,496,1,0,0,0,nan,nan,-0.8073337286710739
1,DiscNRX,none,497,1,0,0,0,nan,nan,-0.8073337286710739
1,DiscNRX,none,498,1,0,0,0,nan,nan,-0.8073337286710739
1,DiscNRX,none,499,1,0,0,0,nan,nan,-0.8073337286710739
1,DiscNRX,none,500,1,0,0,0,nan,nan,-0.8073337286710739
1,DiscNRX,none,501,1,0,0,0,nan,nan,-0.8073337286710739
1,DiscNRX,none,502,1,0,0,0,nan,nan,-0.8073337286710739
1,DiscNRX,none,503,1,0,0,0,nan,nan,-0.8073337286710739
1,DiscNRX,none,504,1,0,0,0,nan,nan,-0.8073337286710739
1,DiscNRX,none,505,1,0,0,0,nan,nan,-0.8073337286710739
1,DiscNRX,none,506,1,0,0,0,nan,nan,-0.8073337286710739
1,DiscNRX,none,507,1,0,0,0,nan,nan,-0.8073337286710739
1,DiscNRX,none,508,1,0,0,0,nan,nan,-0.8073337286710739
1,DiscNRX,none,509,1,0,0,0,nan,nan,-0.8073337286710739
1,DiscNRX,none,510,1,0,0,0,nan,nan,-0.8073337286710739
1,DiscNRX,none,511,1,0,0,0,nan,nan,-0.8073337286710739
1,DiscNRX,none,512,1,0,0,0,nan,nan,-0.8073337286710739
1,DiscNRX,none,513,1,0,0,0,nan,nan,-0.8073337286710739
1,DiscNRX,none,514,1,0,0,0,nan,nan,-0.8073337286710739
1,DiscNRX,none,515,1,0,0,0,nan,nan,-0.8073337286710739
1,DiscNRX,none,516,1,0,0,0,nan,nan,-0.8073337286710739
1,DiscNRX,none,517,1,0,0,0,nan,nan,-0.8073337286710739
1,DiscNRX,none,518,1,0,0,0,nan,nan,-0.8073337286710739
1,DiscNRX,none,519,1,0,0,0,nan,nan,-0.8073337286710739
1,DiscNRX,none,520,1,0,0,0,nan,nan,-0.8073337286710739
1,DiscNRX,none,521,1,0,0,0,nan,nan,-0.8073337286710739
1,DiscNRX,none,522,1,0,0,0,nan,nan,-0.8073337286710739
1,DiscNRX,none,523,1,0,0,0,nan,nan,-0.8073337286710739
1,DiscNRX,none,524,1,0,0,0,nan,nan,-0.8073337286710739
1,DiscNRX,none,525,1,0,0,0,nan,nan,-0.8073337286710739
1,DiscNRX,none,526,1,0,0,0,nan,nan,-0.8073337286710739
1,DiscNRX,none,527,1,0,0,0,nan,nan,-0.8073337286710739
1,DiscNRX,none,528,1,0,0,0,nan,nan,-0.8073337286710739
1,DiscNRX,none,529,1,0,0,0,nan,nan,-0.8073337286710739
1,DiscNRX,none,530,1,0,0,0,nan,nan,-0.8073337286710739
1,DiscNRX,none,531,1,0,0,0,nan,nan,-0.8073337286710739
1,DiscNRX,none,532,1,0,0,0,nan,nan,-0.8073337286710739
1,DiscNRX,none,533,1,0,0,0,nan,nan,-0.8073337286710739
1,DiscNRX,none,534,1,0,0,0,nan,nan,-0.8073337286710739
1,DiscNRX,none,535,1,0,0,0,nan,nan,-0.8073337286710739
1,DiscNRX,none,536,1,0,0,0,nan,nan,-0.8073337286710739
1,DiscNRX,none,537,1,0,0,0,nan,nan,-0.8073337286710739
1,DiscNRX,none,538,1,0,0,0,nan,nan,-0.8073337286710739
1,DiscNRX,none,539,1,0,0,0,nan,nan,-0.8073337286710739
1,DiscNRX,none,540,1,0,0,0,nan,nan,-0.8073337286710739
1,DiscNRX,none,541,1,0,0,0,nan,nan,-0.8073337286710739
1,DiscNRX,none,542,1,0,0,0,nan,nan,-0.8073337286710739
1,DiscNRX,none,543,1,0,0,0,nan,nan,-0.8073337286710739
1,DiscNRX,none,544,1,0,0,0,nan,nan,-0.8073337286710739
1,DiscNRX,none,545,1,0,0,0,nan,nan,-0.8073337286710739
1,DiscNRX,none,546,1,0,0,0,nan,nan,-0.8073337286710739
1,DiscNRX,none,547,1,0,0,0,nan,nan,-0.8073337286710739
1,DiscNRX,none,548,1,0,0,0,nan,nan,-0.8073337286710739
1,DiscNRX,none,549,1,0,0,0,nan,nan,-0.8073337286710739
1,DiscNRX,none,550,1,0,0,0,nan,nan,-0.8073337286710739
1,DiscNRX,none,551,1,0,0,0,nan,nan,-0.8073337286710739
1,DiscNRX,none,552,1,0,0,0,nan,nan,-0.8073337286710739
1,DiscNRX,none,553,1,0,0,0,nan,nan,-0.8073337286710739
1,DiscNRX,none,554,1,0,0,0,nan,nan,-0.8073337286710739
1,DiscNRX,none,555,1,0,0,0,nan,nan,-0.8073337286710739
1,DiscNRX,none,556,1,0,0,0,nan,nan,-0.8073337286710739
1,DiscNRX,none,557,1,0,0,0,nan,nan,-0.8073337286710739
1,DiscNRX,none,558,1,0,0,0,nan,nan,-0.8073337286710739
1,DiscNRX,none,559,1,0,0,0,nan,nan,-0.8073337286710739
1,DiscNRX,none,560,1,0,0,0,nan,nan,-0.8073337286710739
1,DiscNRX,none,561,1,0,0,0,nan,nan,-0.8073337286710739
1,DiscNRX,none,562,1,0,0,0,nan,nan,-0.8073337286710739
1,DiscNRX,none,563,1,0,0,0,nan,nan,-0.8073337286710739
1,DiscNRX,none,564,1,0,0,0,nan,nan,-0.8073337286710739
1,DiscNRX,none,565,1,0,0,0,nan,nan,-0.8073337286710739
1,DiscNRX,none,566,1,0,0,0,nan,nan,-0.8073337286710739
1,DiscNRX,none,567,1,0,0,0,nan,nan,-0.8073337286710739
1,DiscNRX,none,568,1,0,0,0,nan,nan,-0.8073337286710739
1,DiscNRX,none,569,1,0,0,0,nan,nan,-0.8073337286710739
1,DiscNRX,none,570,1,0,0,0,nan,nan,-0.8073337286710739
1,DiscNRX,none,571,1,0,0,0,nan,nan,-0.8073337286710739
1,DiscNRX,none,572,1,0,0,0,nan,nan,-0.8073337286710739
1,DiscNRX,none,573,1,0,0,0,nan,nan,-0.8073337286710739
1,DiscNRX,none,574,1,0,0,0,nan,nan,-0.8073337286710739
1,DiscNRX,none,575,1,0,0,0,nan,nan,-0.8073337286710739
1,DiscNRX,none,576,1,0,0,0,nan,nan,-0.8073337286710739
1,DiscNRX,none,577,1,0,0,0,nan,nan,-0.8073337286710739
1,DiscNRX,none,578,1,0,0,0,nan,nan,-0.8073337286710739
1,DiscNRX,none,579,1,0,0,0,nan,nan,-0.8073337286710739
1,DiscNRX,none,580,1,0,0,0,nan,nan,-0.8073337286710739
1,DiscNRX,none,581,1,0,0,0,nan,nan,-0.8073337286710739
1,DiscNRX,none,582,1,0,0,0,nan,nan,-0.8073337286710739
1,DiscNRX,none,583,1,0,0,0,nan,nan,-0.8073337286710739
1,DiscNRX,none,584,1,0,0,0,nan,nan,-0.8073337286710739
1,DiscNRX,none,585,1,0,0,0,nan,nan,-0.8073337286710739
1,DiscNRX,none,586,1,0,0,0,nan,nan,-0.8073337286710739
1,DiscNRX,none,587,1,0,0,0,nan,nan,-0.8073337286710739
1,DiscNRX,none,588,1,0,0,0,nan,nan,-0.8073337286710739
1,DiscNRX,none,589,1,0,0,0,nan,nan,-0.8073337286710739
1,DiscNRX,none,590,1,0,0,0,nan,nan,-0.8073337286710739
1,DiscNRX,none,591,1,0,0,0,nan,nan,-0.8073337286710739
1,DiscNRX,none,592,1,0,0,0,nan,nan,-0.8073337286710739
1,DiscNRX,none,593,1,0,0,0,nan,nan,-0.8073337286710739
1,DiscNRX,none,594,1,0,0,0,nan,nan,-0.8073337286710739
1,DiscNRX,none,595,1,0,0,0,nan,nan,-0.8073337286710739
1,DiscNRX,none,596,1,0,0,0,nan,nan,-0.8073337286710739
1,DiscNRX,none,597,1,0,0,0,nan,nan,-0.8073337286710739
1,DiscNRX,none,598,1,0,0,0,nan,nan,-0.8073337286710739
1,DiscNRX,none,599,1,0,0,0,nan,nan,-0.8073337286710739
1,DiscNRX,none,600,1,0,0,0,nan,nan,-0.8073337286710739
1,DiscNRX,none,601,1,0,0,0,nan,nan,-0.8073337286710739
1,DiscNRX,none,602,1,0,0,0,nan,nan,-0.8073337286710739
1,DiscNRX,none,603,1,0,0,0,nan,nan,-0.8073337286710739
1,DiscNRX,none,604,1,0,0,0,nan,nan,-0.8073337286710739
1,DiscNRX,none,605,1,0,0,0,nan,nan,-0.8073337286710739
1,DiscNRX,none,606,1,0,0,0,nan,nan,-0.8073337286710739
1,DiscNRX,none,607,1,0,0,0,nan,nan,-0.8073337286710739
1,DiscNRX,none,608,1,0,0,0,nan,nan,-0.8073337286710739
1,DiscNRX,none,609,1,0,0,0,nan,nan,-0.8073337286710739
1,DiscNRX,none,610,1,0,0,0,nan,nan,-0.8073337286710739
1,DiscNRX,none,611,1,0,0,0,nan,nan,-0.8073337286710739
1,DiscNRX,none,612,1,0,0,0,nan,nan,-0.8073337286710739
1,DiscNRX,none,613,1,0,0,0,nan,nan,-0.8073337286710739
1,DiscNRX,none,614,1,0,0,0,nan,nan,-0.8073337286710739
1,DiscNRX,none,615,1,0,0,0,nan,nan,-0.8073337286710739
1,DiscNRX,none,616,1,0,0,0,nan,nan,-0.8073337286710739
1,DiscNRX,none,617,1,0,0,0,nan,nan,-0.8073337286710739
1,DiscNRX,none,618,1,0,0,0,nan,nan,-0.8073337286710739
1,DiscNRX,none,619,1,0,0,0,nan,nan,-0.8073337286710739
1,DiscNRX,none,620,1,0,0,0,nan,nan,-0.8073337286710739
1,DiscNRX,none,621,1,0,0,0,nan,nan,-0.8073337286710739
1,DiscNRX,none,622,1,0,0,0,nan,nan,-0.8073337286710739
1,DiscNRX,none,623,1,0,0,0,nan,nan,-0.8073337286710739
1,DiscNRX,none,624,1,0,0,0,nan,nan,-0.8073337286710739
1,DiscNRX,none,625,1,0,0,0,nan,nan,-0.8073337286710739
1,DiscNRX,none,626,1,0,0,0,nan,nan,-0.8073337286710739
1,DiscNRX,none,627,1,0,0,0,nan,nan,-0.8073337286710739
1,DiscNRX,none,628,1,0,0,0,nan,nan,-0.8073337286710739
1,DiscNRX,none,629,1,0,0,0,nan,nan,-0.8073337286710739
1,DiscNRX,none,630,1,0,0,0,nan,nan,-0.8073337286710739
1,DiscNRX,none,631,1,0,0,0,nan,nan,-0.8073337286710739
1,DiscNRX,none,632,1,0,0,0,nan,nan,-0.8073337286710739
1,DiscNRX,none,633,1,0,0,0,nan,nan,-0.8073337286710739
1,DiscNRX,none,634,1,0,0,0,nan,nan,-0.8073337286710739
1,DiscNRX,none,635,1,0,0,0,nan,nan,-0.8073337286710739
1,DiscNRX,none,636,1,0,0,0,nan,nan,-0.8073337286710739
1,DiscNRX,none,637,1,0,0,0,nan,nan,-0.8073337286710739
1,DiscNRX,none,638,1,0,0,0,nan,nan,-0.8073337286710739
1,DiscNRX,none,639,1,0,0,0,nan,nan,-0.8073337286710739
1,DiscNRX,none,640,1,0,0,0,nan,nan,-0.8073337286710739
1,DiscNRX,none,641,1,0,0,0,nan,nan,-0.8073337286710739
1,DiscNRX,none,642,1,0,0,0,nan,nan,-0.8073337286710739
1,DiscNRX,none,643,1,0,0,0,nan,nan,-0.8073337286710739
1,DiscNRX,none,644,1,0,0,0,nan,nan,-0.8073337286710739
1,DiscNRX,none,645,1,0,0,0,nan,nan,-0.8073337286710739
1,DiscNRX,none,646,1,0,0,0,nan,nan,-0.8073337286710739
1,DiscNRX,none,647,1,0,0,0,nan,nan,-0.8073337286710739
1,DiscNRX,none,648,1,0,0,0,nan,nan,-0.8073337286710739
1,DiscNRX,none,649,1,0,0,0,nan,nan,-0.8073337286710739
1,DiscNRX,none,650,1,0,0,0,nan,nan,-0.8073337286710739
1,DiscNRX,none,651,1,0,0,0,nan,nan,-0.8073337286710739
1,DiscNRX,none,652,1,0,0,0,nan,nan,-0.8073337286710739
1,DiscNRX,none,653,1,0,0,0,nan,nan,-0.8073337286710739
1,DiscNRX,none,654,1,0,0,0,nan,nan,-0.8073337286710739
1,DiscNRX,none,655,1,0,0,0,nan,nan,-0.8073337286710739
1,DiscNRX,none,656,1,0,0,0,nan,nan,-0.8073337286710739
1,DiscNRX,none,657,1,0,0,0,nan,nan,-0.8073337286710739
1,DiscNRX,none,658,1,0,0,0,nan,nan,-0.8073337286710739
1,DiscNRX,none,659,1,0,0,0,nan,nan,-0.8073337286710739
1,DiscNRX,none,660,1,0,0,0,nan,nan,-0.8073337286710739
1,DiscNRX,none,661,1,0,0,0,nan,nan,-0.8073337286710739
1,DiscNRX,none,662,1,0,0,0,nan,nan,-0.8073337286710739
1,DiscNRX,none,663,1,0,0,0,nan,nan,-0.8073337286710739
1,DiscNRX,none,664,1,0,0,0,nan,nan,-0.8073337286710739
1,DiscNRX,none,665,1,0,0,0,nan,nan,-0.8073337286710739
1,DiscNRX,none,666,1,0,0,0,nan,nan,-0.8073337286710739
1,DiscNRX,none,667,1,0,0,0,nan,nan,-0.8073337286710739
1,DiscNRX,none,668,1,0,0,0,nan,nan,-0.8073337286710739
1,DiscNRX,none,669,1,0,0,0,nan,nan,-0.8073337286710739
1,DiscNRX,none,670,1,0,0,0,nan,nan,-0.8073337286710739
1,DiscNRX,none,671,1,0,0,0,nan,nan,-0.8073337286710739
1,DiscNRX,none,672,1,0,0,0,nan,nan,-0.8073337286710739
1,DiscNRX,none,673,1,0,0,0,nan,nan,-0.8073337286710739
1,DiscNRX,none,674,1,0,0,0,nan,nan,-0.8073337286710739
1,DiscNRX,none,675,1,0,0,0,nan,nan,-0.8073337286710739
1,DiscNRX,none,676,1,0,0,0,nan,nan,-0.8073337286710739
1,DiscNRX,none,677,1,0,0,0,nan,nan,-0.8073337286710739
1,DiscNRX,none,678,1,0,0,0,nan,nan,-0.8073337286710739
1,DiscNRX,none,679,1,0,0,0,nan,nan,-0.8073337286710739
1,DiscNRX,none,680,1,0,0,0,nan,nan,-0.8073337286710739
1,DiscNRX,none,681,1,0,0,0,nan,nan,-0.8073337286710739
1,DiscNRX,none,682,1,0,0,0,nan,nan,-0.8073337286710739
1,DiscNRX,none,683,1,0,0,0,nan,nan,-0.8073337286710739
1,DiscNRX,none,684,1,0,0,0,nan,nan,-0.8073337286710739
1,DiscNRX,none,685,1,0,0,0,nan,nan,-0.8073337286710739
1,DiscNRX,none,686,1,0,0,0,nan,nan,-0.8073337286710739
1,DiscNRX,none,687,1,0,0,0,nan,nan,-0.8073337286710739
1,DiscNRX,none,688,1,0,0,0,nan,nan,-0.8073337286710739
1,DiscNRX,none,689,1,0,0,0,nan,nan,-0.8073337286710739
1,DiscNRX,none,690,1,0,0,0,nan,nan,-0.8073337286710739
1,DiscNRX,none,691,1,0,0,0,nan,nan,-0.8073337286710739
1,DiscNRX,none,692,1,0,0,0,nan,nan,-0.8073337286710739
1,DiscNRX,none,693,1,0,0,0,nan,nan,-0.8073337286710739
1,DiscNRX,none,694,1,0,0,0,nan,nan,-0.8073337286710739
1,DiscNRX,none,695,1,0,0,0,nan,nan,-0.8073337286710739
1,DiscNRX,none,696,1,0,0,0,nan,nan,-0.8073337286710739
1,DiscNRX,none,697,1,0,0,0,nan,nan,-0.8073337286710739
1,DiscNRX,none,698,1,0,0,0,nan,nan,-0.8073337286710739
1,DiscNRX,none,699,1,0,0,0,nan,nan,-0.8073337286710739
1,DiscNRX,none,700,1,0,0,0,nan,nan,-0.8073337286710739
1,DiscNRX,none,701,1,0,0,0,nan,nan,-0.8073337286710739
1,DiscNRX,none,702,1,0,0,0,nan,nan,-0.8073337286710739
1,DiscNRX,none,703,1,0,0,0,nan,nan,-0.8073337286710739
1,DiscNRX,none,704,1,0,0,0,nan,nan,-0.8073337286710739
1,DiscNRX,none,705,1,0,0,0,nan,nan,-0.8073337286710739
1,DiscNRX,none,706,1,0,0,0,nan,nan,-0.8073337286710739
1,DiscNRX,none,707,1,0,0,0,nan,nan,-0.8073337286710739
1,DiscNRX,none,708,1,0,0,0,nan,nan,-0.8073337286710739
1,DiscNRX,none,709,1,0,0,0,nan,nan,-0.8073337286710739
1,DiscNRX,none,710,1,0,0,0,nan,nan,-0.8073337286710739
1,DiscNRX,none,711,1,0,0,0,nan,nan,-0.8073337286710739
1,DiscNRX,none,712,1,0,0,0,nan,nan,-0.8073337286710739
1,DiscNRX,none,713,1,0,0,0,nan,nan,-0.8073337286710739
1,DiscNRX,none,714,1,0,0,0,nan,nan,-0.8073337286710739
1,DiscNRX,none,715,1,0,0,0,nan,nan,-0.8073337286710739
1,DiscNRX,none,716,1,0,0,0,nan,nan,-0.8073337286710739
1,DiscNRX,none,717,1,0,0,0,nan,nan,-0.8073337286710739
1,DiscNRX,none,718,1,0,0,0,nan,nan,-0.8073337286710739
1,DiscNRX,none,719,1,0,0,0,nan,nan,-0.8073337286710739
1,DiscNRX,none,720,1,0,0,0,nan,nan,-0.8073337286710739
1,DiscNRX,none,721,1,0,0,0,nan,nan,-0.8073337286710739
1,DiscNRX,none,722,1,0,0,0,nan,nan,-0.8073337286710739
1,DiscNRX,none,723,1,0,0,0,nan,nan,-0.8073337286710739
1,DiscNRX,none,724,1,0,0,0,nan,nan,-0.8073337286710739
1,DiscNRX,none,725,1,0,0,0,nan,nan,-0.8073337286710739
1,DiscNRX,none,726,1,0,0,0,nan,nan,-0.8073337286710739
1,DiscNRX,none,727,1,0,0,0,nan,nan,-0.8073337286710739
1,DiscNRX,none,728,1,0,0,0,nan,nan,-0.8073337286710739
1,DiscNRX,none,729,1,0,0,0,nan,nan,-0.8073337286710739
1,DiscNRX,none,730,1,0,0,0,nan,nan,-0.8073337286710739
1,DiscNRX,none,731,1,0,0,0,nan,nan,-0.8073337286710739
1,DiscNRX,none,732,1,0,0,0,nan,nan,-0.8073337286710739
1,DiscNRX,none,733,1,0,0,0,nan,nan,-0.8073337286710739
1,DiscNRX,none,734,1,0,0,0,nan,nan,-0.8073337286710739
1,DiscNRX,none,735,1,0,0,0,nan,nan,-0.8073337286710739
1,DiscNRX,none,736,1,0,0,0,nan,nan,-0.8073337286710739
1,DiscNRX,none,737,1,0,0,0,nan,nan,-0.8073337286710739
1,DiscNRX,none,738,1,0,0,0,nan,nan,-0.8073337286710739
1,DiscNRX,none,739,1,0,0,0,nan,nan,-0.8073337286710739
1,DiscNRX,none,740,1,0,0,0,nan,nan,-0.8073337286710739
1,DiscNRX,none,741,1,0,0,0,nan,nan,-0.8073337286710739
1,DiscNRX,none,742,1,0,0,0,nan,nan,-0.8073337286710739
1,DiscNRX,none,743,1,0,0,0,nan,nan,-0.8073337286710739
1,DiscNRX,none,744,1,0,0,0,nan,nan,-0.8073337286710739
1,DiscNRX,none,745,1,0,0,0,nan,nan,-0.8073337286710739
1,DiscNRX,none,746,1,0,0,0,nan,nan,-0.8073337286710739
1,DiscNRX,none,747,1,0,0,0,nan,nan,-0.8073337286710739
1,DiscNRX,none,748,1,0,0,0,nan,nan,-0.8073337286710739
1,DiscNRX,none,749,1,0,0,0,nan,nan,-0.8073337286710739
1,DiscNRX,none,750,1,0,0,0,nan,nan,-0.8073337286710739
1,DiscNRX,none,751,1,0,0,0,nan,nan,-0.8073337286710739
1,DiscNRX,none,752,1,0,0,0,nan,nan,-0.8073337286710739
1,DiscNRX,none,753,1,0,0,0,nan,nan,-0.8073337286710739
1,DiscNRX,none,754,1,0,0,0,nan,nan,-0.8073337286710739
1,DiscNRX,none,755,1,0,0,0,nan,nan,-0.8073337286710739
1,DiscNRX,none,756,1,0,0,0,nan,nan,-0.8073337286710739
1,DiscNRX,none,757,1,0,0,0,nan,nan,-0.8073337286710739
1,DiscNRX,none,758,1,0,0,0,nan,nan,-0.8073337286710739
1,DiscNRX,none,759,1,0,0,0,nan,nan,-0.8073337286710739
1,DiscNRX,none,760,1,0,0,0,nan,nan,-0.8073337286710739
1,DiscNRX,none,761,1,0,0,0,nan,nan,-0.8073337286710739
1,DiscNRX,none,762,1,0,0,0,nan,nan,-0.8073337286710739
1,DiscNRX,none,763,1,0,0,0,nan,nan,-0.8073337286710739
1,DiscNRX,none,764,1,0,0,0,nan,nan,-0.8073337286710739
1,DiscNRX,none,765,1,0,0,0,nan,nan,-0.8073337286710739
1,DiscNRX,none,766,1,0,0,0,nan,nan,-0.8073337286710739
1,DiscNRX,none,767,1,0,0,0,nan,nan,-0.8073337286710739
1,DiscNRX,none,768,1,0,0,0,nan,nan,-0.8073337286710739
1,DiscNRX,none,769,1,0,0,0,nan,nan,-0.8073337286710739
1,DiscNRX,none,770,1,0,0,0,nan,nan,-0.8073337286710739
1,DiscNRX,none,771,1,0,0,0,nan,nan,-0.8073337286710739
1,DiscNRX,none,772,1,0,0,0,nan,nan,-0.8073337286710739
1,DiscNRX,none,773,1,0,0,0,nan,nan,-0.8073337286710739
1,DiscNRX,none,774,1,0,0,0,nan,nan,-0.8073337286710739
1,DiscNRX,none,775,1,0,0,0,nan,nan,-0.8073337286710739
1,DiscNRX,none,776,1,0,0,0,nan,nan,-0.8073337286710739
1,DiscNRX,none,777,1,0,0,0,nan,nan,-0.8073337286710739
1,DiscNRX,none,778,1,0,0,0,nan,nan,-0.8073337286710739
1,DiscNRX,none,779,1,0,0,0,nan,nan,-0.8073337286710739
1,DiscNRX,none,780,1,0,0,0,nan,nan,-0.8073337286710739
1,DiscNRX,none,781,1,0,0,0,nan,nan,-0.8073337286710739
1,DiscNRX,none,782,1,0,0,0,nan,nan,-0.8073337286710739
1,DiscNRX,none,783,1,0,0,0,nan,nan,-0.8073337286710739
1,DiscNRX,none,784,1,0,0,0,nan,nan,-0.8073337286710739
1,DiscNRX,none,785,1,0,0,0,nan,nan,-0.8073337286710739
1,DiscNRX,none,786,1,0,0,0,nan,nan,-0.8073337286710739
1,DiscNRX,none,787,1,0,0,0,nan,nan,-0.8073337286710739
1,DiscNRX,none,788,1,0,0,0,nan,nan,-0.8073337286710739
1,DiscNRX,none,789,1,0,0,0,nan,nan,-0.8073337286710739
1,DiscNRX,none,790,1,0,0,0,nan,nan,-0.8073337286710739
1,DiscNRX,none,791,1,0,0,0,nan,nan,-0.8073337286710739
1,DiscNRX,none,792,1,0,0,0,nan,nan,-0.8073337286710739
1,DiscNRX,none,793,1,0,0,0,nan,nan,-0.8073337286710739
1,DiscNRX,none,794,1,0,0,0,nan,nan,-0.8073337286710739
1,DiscNRX,none,795,1,0,0,0,nan,nan,-0.8073337286710739
1,DiscNRX,none,796,1,0,0,0,nan,nan,-0.8073337286710739
1,DiscNRX,none,797,1,0,0,0,nan,nan,-0.8073337286710739
1,DiscNRX,none,798,1,0,0,0,nan,nan,-0.8073337286710739
1,DiscNRX,none,799,1,0,0,0,nan,nan,-0.8073337286710739
1,DiscNRX,none,800,1,0,0,0,nan,nan,-0.8073337286710739
1,DiscNRX,none,801,1,0,0,0,nan,nan,-0.8073337286710739
1,DiscNRX,none,802,1,0,0,0,nan,nan,-0.8073337286710739
1,DiscNRX,none,803,1,0,0,0,nan,nan,-0.8073337286710739
1,DiscNRX,none,804,1,0,0,0,nan,nan,-0.8073337286710739
1,DiscNRX,none,805,1,0,0,0,nan,nan,-0.8073337286710739
1,DiscNRX,none,806,1,0,0,0,nan,nan,-0.8073337286710739
1,DiscNRX,none,807,1,0,0,0,nan,nan,-0.8073337286710739
1,DiscNRX,none,808,1,0,0,0,nan,nan,-0.8073337286710739
1,DiscNRX,none,809,1,0,0,0,nan,nan,-0.8073337286710739
1,DiscNRX,none,810,1,0,0,0,nan,nan,-0.8073337286710739
1,DiscNRX,none,811,1,0,0,0,nan,nan,-0.8073337286710739
1,DiscNRX,none,812,1,0,0,0,nan,nan,-0.8073337286710739
1,DiscNRX,none,813,1,0,0,0,nan,nan,-0.8073337286710739
1,DiscNRX,none,814,1,0,0,0,nan,nan,-0.8073337286710739
1,DiscNRX,none,815,1,0,0,0,nan,nan,-0.8073337286710739
1,DiscNRX,none,816,1,0,0,0,nan,nan,-0.8073337286710739
1,DiscNRX,none,817,1,0,0,0,nan,nan,-0.8073337286710739
1,DiscNRX,none,818,1,0,0,0,nan,nan,-0.8073337286710739
1,DiscNRX,none,819,1,0,0,0,nan,nan,-0.8073337286710739
1,DiscNRX,none,820,1,0,0,0,nan,nan,-0.8073337286710739
1,DiscNRX,none,821,1,0,0,0,nan,nan,-0.8073337286710739
1,DiscNRX,none,822,1,0,0,0,nan,nan,-0.8073337286710739
1,DiscNRX,none,823,1,0,0,0,nan,nan,-0.8073337286710739
1,DiscNRX,none,824,1,0,0,0,nan,nan,-0.8073337286710739
1,DiscNRX,none,825,1,0,0,0,nan,nan,-0.8073337286710739
1,DiscNRX,none,826,1,0,0,0,nan,nan,-0.8073337286710739
1,DiscNRX,none,827,1,0,0,0,nan,nan,-0.8073337286710739
1,DiscNRX,none,828,1,0,0,0,nan,nan,-0.8073337286710739
1,DiscNRX,none,829,1,0,0,0,nan,nan,-0.8073337286710739
1,DiscNRX,none,830,1,0,0,0,nan,nan,-0.8073337286710739
1,DiscNRX,none,831,1,0,0,0,nan,nan,-0.8073337286710739
1,DiscNRX,none,832,1,0,0,0,nan,nan,-0.8073337286710739
1,DiscNRX,none,833,1,0,0,0,nan,nan,-0.8073337286710739
1,DiscNRX,none,834,1,0,0,0,nan,nan,-0.8073337286710739
1,DiscNRX,none,835,1,0,0,0,nan,nan,-0.8073337286710739
1,DiscNRX,none,836,1,0,0,0,nan,nan,-0.8073337286710739
1,DiscNRX,none,837,1,0,0,0,nan,nan,-0.8073337286710739
1,DiscNRX,none,838,1,0,0,0,nan,nan,-0.8073337286710739
1,DiscNRX,none,839,1,0,0,0,nan,nan,-0.8073337286710739
1,DiscNRX,none,840,1,0,0,0,nan,nan,-0.8073337286710739
1,DiscNRX,none,841,1,0,0,0,nan,nan,-0.8073337286710739
1,DiscNRX,none,842,1,0,0,0,nan,nan,-0.8073337286710739
1,DiscNRX,none,843,1,0,0,0,nan,nan,-0.8073337286710739
1,DiscNRX,none,844,1,0,0,0,nan,nan,-0.8073337286710739
1,DiscNRX,none,845,1,0,0,0,nan,nan,-0.8073337286710739
1,DiscNRX,none,846,1,0,0,0,nan,nan,-0.8073337286710739
1,DiscNRX,none,847,1,0,0,0,nan,nan,-0.8073337286710739
1,DiscNRX,none,848,1,0,0,0,nan,nan,-0.8073337286710739
1,DiscNRX,none,849,1,0,0,0,nan,nan,-0.8073337286710739
1,DiscNRX,none,850,1,0,0,0,nan,nan,-0.8073337286710739
1,DiscNRX,none,851,1,0,0,0,nan,nan,-0.8073337286710739
1,DiscNRX,none,852,1,0,0,0,nan,nan,-0.8073337286710739
1,DiscNRX,none,853,1,0,0,0,nan,nan,-0.8073337286710739
1,DiscNRX,none,854,1,0,0,0,nan,nan,-0.8073337286710739
1,DiscNRX,none,855,1,0,0,0,nan,nan,-0.8073337286710739
1,DiscNRX,none,856,1,0,0,0,nan,nan,-0.8073337286710739
1,DiscNRX,none,857,1,0,0,0,nan,nan,-0.8073337286710739
1,DiscNRX,none,858,1,0,0,0,nan,nan,-0.8073337286710739
1,DiscNRX,none,859,1,0,0,0,nan,nan,-0.8073337286710739
1,DiscNRX,none,860,1,0,0,0,nan,nan,-0.8073337286710739
1,DiscNRX,none,861,1,0,0,0,nan,nan,-0.8073337286710739
1,DiscNRX,none,862,1,0,0,0,nan,nan,-0.8073337286710739
1,DiscNRX,none,863,1,0,0,0,nan,nan,-0.8073337286710739
1,DiscNRX,none,864,1,0,0,0,nan,nan,-0.8073337286710739
1,DiscNRX,none,865,1,0,0,0,nan,nan,-0.8073337286710739
1,DiscNRX,none,866,1,0,0,0,nan,nan,-0.8073337286710739
1,DiscNRX,none,867,1,0,0,0,nan,nan,-0.8073337286710739
1,DiscNRX,none,868,1,0,0,0,nan,nan,-0.8073337286710739
1,DiscNRX,none,869,1,0,0,0,nan,nan,-0.8073337286710739
1,DiscNRX,none,870,1,0,0,0,nan,nan,-0.8073337286710739
1,DiscNRX,none,871,1,0,0,0,nan,nan,-0.8073337286710739
1,DiscNRX,none,872,1,0,0,0,nan,nan,-0.8073337286710739
1,DiscNRX,none,873,1,0,0,0,nan,nan,-0.8073337286710739
1,DiscNRX,none,874,1,0,0,0,nan,nan,-0.8073337286710739
1,DiscNRX,none,875,1,0,0,0,nan,nan,-0.8073337286710739
1,DiscNRX,none,876,1,0,0,0,nan,nan,-0.8073337286710739
1,DiscNRX,none,877,1,0,0,0,nan,nan,-0.8073337286710739
1,DiscNRX,none,878,1,0,0,0,nan,nan,-0.8073337286710739
1,DiscNRX,none,879,1,0,0,0,nan,nan,-0.8073337286710739
1,DiscNRX,none,880,1,0,0,0,nan,nan,-0.8073337286710739
1,DiscNRX,none,881,1,0,0,0,nan,nan,-0.8073337286710739
1,DiscNRX,none,882,1,0,0,0,nan,nan,-0.8073337286710739
1,DiscNRX,none,883,1,0,0,0,nan,nan,-0.8073337286710739
1,DiscNRX,none,884,1,0,0,0,nan,nan,-0.8073337286710739
1,DiscNRX,none,885,1,0,0,0,nan,nan,-0.8073337286710739
1,DiscNRX,none,886,1,0,0,0,nan,nan,-0.8073337286710739
1,DiscNRX,none,887,1,0,0,0,nan,nan,-0.8073337286710739
1,DiscNRX,none,888,1,0,0,0,nan,nan,-0.8073337286710739
1,DiscNRX,none,889,1,0,0,0,nan,nan,-0.8073337286710739
1,DiscNRX,none,890,1,0,0,0,nan,nan,-0.8073337286710739
1,DiscNRX,none,891,1,0,0,0,nan,nan,-0.8073337286710739
1,DiscNRX,none,892,1,0,0,0,nan,nan,-0.8073337286710739
1,DiscNRX,none,893,1,0,0,0,nan,nan,-0.8073337286710739
1,DiscNRX,none,894,1,0,0,0,nan,nan,-0.8073337286710739
1,DiscNRX,none,895,1,0,0,0,nan,nan,-0.8073337286710739
1,DiscNRX,none,896,1,0,0,0,nan,nan,-0.8073337286710739
1,DiscNRX,none,897,1,0,0,0,nan,nan,-0.8073337286710739
1,DiscNRX,none,898,1,0,0,0,nan,nan,-0.8073337286710739
1,DiscNRX,none,899,1,0,0,0,nan,nan,-0.8073337286710739
1,DiscNRX,none,900,1,0,0,0,nan,nan,-0.8073337286710739
1,DiscNRX,none,901,1,0,0,0,nan,nan,-0.8073337286710739
1,DiscNRX,none,902,1,0,0,0,nan,nan,-0.8073337286710739
1,DiscNRX,none,903,1,0,0,0,nan,nan,-0.8073337286710739
1,DiscNRX,none,904,1,0,0,0,nan,nan,-0.8073337286710739
1,DiscNRX,none,905,1,0,0,0,nan,nan,-0.8073337286710739
1,DiscNRX,none,906,1,0,0,0,nan,nan,-0.8073337286710739
1,DiscNRX,none,907,1,0,0,0,nan,nan,-0.8073337286710739
1,DiscNRX,none,908,1,0,0,0,nan,nan,-0.8073337286710739
1,DiscNRX,none,909,1,0,0,0,nan,nan,-0.8073337286710739
1,DiscNRX,none,910,1,0,0,0,nan,nan,-0.8073337286710739
1,DiscNRX,none,911,1,0,0,0,nan,nan,-0.8073337286710739
1,DiscNRX,none,912,1,0,0,0,nan,nan,-0.8073337286710739
1,DiscNRX,none,913,1,0,0,0,nan,nan,-0.8073337286710739
1,DiscNRX,none,914,1,0,0,0,nan,nan,-0.8073337286710739
1,DiscNRX,none,915,1,0,0,0,nan,nan,-0.8073337286710739
1,DiscNRX,none,916,1,0,0,0,nan,nan,-0.8073337286710739
1,DiscNRX,none,917,1,0,0,0,nan,nan,-0.8073337286710739
1,DiscNRX,none,918,1,0,0,0,nan,nan,-0.8073337286710739
1,DiscNRX,none,919,1,0,0,0,nan,nan,-0.8073337286710739
1,DiscNRX,none,920,1,0,0,0,nan,nan,-0.8073337286710739
1,DiscNRX,none,921,1,0,0,0,nan,nan,-0.8073337286710739
1,DiscNRX,none,922,1,0,0,0,nan,nan,-0.8073337286710739
1,DiscNRX,none,923,1,0,0,0,nan,nan,-0.8073337286710739
1,DiscNRX,none,924,1,0,0,0,nan,nan,-0.8073337286710739
1,DiscNRX,none,925,1,0,0,0,nan,nan,-0.8073337286710739
1,DiscNRX,none,926,1,0,0,0,nan,nan,-0.8073337286710739
1,DiscNRX,none,927,1,0,0,0,nan,nan,-0.8073337286710739
1,DiscNRX,none,928,1,0,0,0,nan,nan,-0.8073337286710739
1,DiscNRX,none,929,1,0,0,0,nan,nan,-0.8073337286710739
1,DiscNRX,none,930,1,0,0,0,nan,nan,-0.8073337286710739
1,DiscNRX,none,931,1,0,0,0,nan,nan,-0.8073337286710739
1,DiscNRX,none,932,1,0,0,0,nan,nan,-0.8073337286710739
1,DiscNRX,none,933,1,0,0,0,nan,nan,-0.8073337286710739
1,DiscNRX,none,934,1,0,0,0,nan,nan,-0.8073337286710739
1,DiscNRX,none,935,1,0,0,0,nan,nan,-0.8073337286710739
1,DiscNRX,none,936,1,0,0,0,nan,nan,-0.8073337286710739
1,DiscNRX,none,937,1,0,0,0,nan,nan,-0.8073337286710739
1,DiscNRX,none,938,1,0,0,0,nan,nan,-0.8073337286710739
1,DiscNRX,none,939,1,0,0,0,nan,nan,-0.8073337286710739
1,DiscNRX,none,940,1,0,0,0,nan,nan,-0.8073337286710739
1,DiscNRX,none,941,1,0,0,0,nan,nan,-0.8073337286710739
1,DiscNRX,none,942,1,0,0,0,nan,nan,-0.8073337286710739
1,DiscNRX,none,943,1,0,0,0,nan,nan,-0.8073337286710739
1,DiscNRX,none,944,1,0,0,0,nan,nan,-0.8073337286710739
1,DiscNRX,none,945,1,0,0,0,nan,nan,-0.8073337286710739
1,DiscNRX,none,946,1,0,0,0,nan,nan,-0.8073337286710739
1,DiscNRX,none,947,1,0,0,0,nan,nan,-0.8073337286710739
1,DiscNRX,none,948,1,0,0,0,nan,nan,-0.8073337286710739
1,DiscNRX,none,949,1,0,0,0,nan,nan,-0.8073337286710739
1,DiscNRX,none,950,1,0,0,0,nan,nan,-0.8073337286710739
1,DiscNRX,none,951,1,0,0,0,nan,nan,-0.8073337286710739
1,DiscNRX,none,952,1,0,0,0,nan,nan,-0.8073337286710739
1,DiscNRX,none,953,1,0,0,0,nan,nan,-0.8073337286710739
1,DiscNRX,none,954,1,0,0,0,nan,nan,-0.8073337286710739
1,DiscNRX,none,955,1,0,0,0,nan,nan,-0.8073337286710739
1,DiscNRX,none,956,1,0,0,0,nan,nan,-0.8073337286710739
1,DiscNRX,none,957,1,0,0,0,nan,nan,-0.8073337286710739
1,DiscNRX,none,958,1,0,0,0,nan,nan,-0.8073337286710739
1,DiscNRX,none,959,1,0,0,0,nan,nan,-0.8073337286710739
1,DiscNRX,none,960,1,0,0,0,nan,nan,-0.8073337286710739
1,DiscNRX,none,961,1,0,0,0,nan,nan,-0.8073337286710739
1,DiscNRX,none,962,1,0,0,0,nan,nan,-0.8073337286710739
1,DiscNRX,none,963,1,0,0,0,nan,nan,-0.8073337286710739
1,DiscNRX,none,964,1,0,0,0,nan,nan,-0.8073337286710739
1,DiscNRX,none,965,1,0,0,0,nan,nan,-0.8073337286710739
1,DiscNRX,none,966,1,0,0,0,nan,nan,-0.8073337286710739
1,DiscNRX,none,967,1,0,0,0,nan,nan,-0.8073337286710739
1,DiscNRX,none,968,1,0,0,0,nan,nan,-0.8073337286710739
1,DiscNRX,none,969,1,0,0,0,nan,nan,-0.8073337286710739
1,DiscNRX,none,970,1,0,0,0,nan,nan,-0.8073337286710739
1,DiscNRX,none,971,1,0,0,0,nan,nan,-0.8073337286710739
1,DiscNRX,none,972,1,0,0,0,nan,nan,-0.8073337286710739
1,DiscNRX,none,973,1,0,0,0,nan,nan,-0.8073337286710739
1,DiscNRX,none,974,1,0,0,0,nan,nan,-0.8073337286710739
1,DiscNRX,none,975,1,0,0,0,nan,nan,-0.8073337286710739
1,DiscNRX,none,976,1,0,0,0,nan,nan,-0.8073337286710739
1,DiscNRX,none,977,1,0,0,0,nan,nan,-0.8073337286710739
1,DiscNRX,none,978,1,0,0,0,nan,nan,-0.8073337286710739
1,DiscNRX,none,979,1,0,0,0,nan,nan,-0.8073337286710739
1,DiscNRX,none,980,1,0,0,0,nan,nan,-0.8073337286710739
1,DiscNRX,none,981,1,0,0,0,nan,nan,-0.8073337286710739
1,DiscNRX,none,982,1,0,0,0,nan,nan,-0.8073337286710739
1,DiscNRX,none,983,1,0,0,0,nan,nan,-0.8073337286710739
1,DiscNRX,none,984,1,0,0,0,nan,nan,-0.8073337286710739
1,DiscNRX,none,985,1,0,0,0,nan,nan,-0.8073337286710739
1,DiscNRX,none,986,1,0,0,0,nan,nan,-0.8073337286710739
1,DiscNRX,none,987,1,0,0,0,nan,nan,-0.8073337286710739
1,DiscNRX,none,988,1,0,0,0,nan,nan,-0.8073337286710739
1,DiscNRX,none,989,1,0,0,0,nan,nan,-0.8073337286710739
1,DiscNRX,none,990,1,0,0,0,nan,nan,-0.8073337286710739
1,DiscNRX,none,991,1,0,0,0,nan,nan,-0.8073337286710739
1,DiscNRX,none,992,1,0,0,0,nan,nan,-0.8073337286710739
1,DiscNRX,none,993,1,0,0,0,nan,nan,-0.8073337286710739
1,DiscNRX,none,994,1,0,0,0,nan,nan,-0.8073337286710739
1,DiscNRX,none,995,1,0,0,0,nan,nan,-0.8073337286710739
1,DiscNRX,none,996,1,0,0,0,nan,nan,-0.8073337286710739
1,DiscNRX,none,997,1,0,0,0,nan,nan,-0.8073337286710739
1,DiscNRX,none,998,1,0,0,0,nan,nan,-0.8073337286710739
1,DiscNRX,none,999,1,0,0,0,nan,nan,-0.8073337286710739
1,DiscNRX,ungated,0,1,0,0,1,27.533000000403263,nan,-0.8073337286710739
1,DiscNRX,ungated,1,1,0,0,1,19.08510000066599,nan,-0.8073337286710739
1,DiscNRX,ungated,2,1,0,0,1,17.2076000017114,nan,-0.8073337286710739
1,DiscNRX,ungated,3,1,0,0,1,18.41699999931734,nan,-0.8073337286710739
1,DiscNRX,ungated,4,1,0,0,1,17.508000004454516,nan,-0.8073337286710739
1,DiscNRX,ungated,5,1,0,0,1,17.187299999932293,nan,-0.8073337286710739
1,DiscNRX,ungated,6,1,0,0,1,17.767400000593625,nan,-0.8073337286710739
1,DiscNRX,ungated,7,1,0,0,1,16.61700000113342,nan,-0.8073337286710739
1,DiscNRX,ungated,8,1,0,0,1,17.682400000921916,nan,-0.8073337286710739
1,DiscNRX,ungated,9,1,0,0,1,15.33680000284221,nan,-0.8073337286710739
1,DiscNRX,ungated,10,1,0,0,1,15.960500000801403,nan,-0.8073337286710739
1,DiscNRX,ungated,11,1,0,0,1,17.55550000234507,nan,-0.8073337286710739
1,DiscNRX,ungated,12,1,0,0,1,16.485699998156633,nan,-0.8073337286710739
1,DiscNRX,ungated,13,1,0,0,1,15.466499993635807,nan,-0.8073337286710739
1,DiscNRX,ungated,14,1,0,0,1,18.507499997213017,nan,-0.8073337286710739
1,DiscNRX,ungated,15,1,0,0,1,17.162300006020814,nan,-0.8073337286710739
1,DiscNRX,ungated,16,1,0,0,1,16.265500002191402,nan,-0.8073337286710739
1,DiscNRX,ungated,17,1,0,0,1,16.5123000042513,nan,-0.8073337286710739
1,DiscNRX,ungated,18,1,0,0,1,16.89780000015162,nan,-0.8073337286710739
1,DiscNRX,ungated,19,1,0,0,1,14.764799998374656,nan,-0.8073337286710739
1,DiscNRX,ungated,20,1,0,0,1,16.681000000971835,nan,-0.8073337286710739
1,DiscNRX,ungated,21,1,0,0,1,17.079600002034567,nan,-0.8073337286710739
1,DiscNRX,ungated,22,1,0,0,1,17.86559999891324,nan,-0.8073337286710739
1,DiscNRX,ungated,23,1,0,0,1,16.9056999948225,nan,-0.8073337286710739
1,DiscNRX,ungated,24,1,0,0,1,17.793999999412335,nan,-0.8073337286710739
1,DiscNRX,ungated,25,1,0,0,1,17.280400003073737,nan,-0.8073337286710739
1,DiscNRX,ungated,26,1,0,0,1,17.45120000123279,nan,-0.8073337286710739
1,DiscNRX,ungated,27,1,0,0,1,16.59720000316156,nan,-0.8073337286710739
1,DiscNRX,ungated,28,1,0,0,1,17.07209999585757,nan,-0.8073337286710739
1,DiscNRX,ungated,29,1,0,0,1,16.448700000182725,nan,-0.8073337286710739
1,DiscNRX,ungated,30,1,0,0,1,18.759799997496884,nan,-0.8073337286710739
1,DiscNRX,ungated,31,1,0,0,1,17.555099999299273,nan,-0.8073337286710739
1,DiscNRX,ungated,32,1,0,0,1,23.538199995527975,nan,-0.8073337286710739
1,DiscNRX,ungated,33,1,0,0,1,16.05849999759812,nan,-0.8073337286710739
1,DiscNRX,ungated,34,1,0,0,1,16.01039999513887,nan,-0.8073337286710739
1,DiscNRX,ungated,35,1,0,0,1,17.896099998324644,nan,-0.8073337286710739
1,DiscNRX,ungated,36,1,0,0,1,14.992500000516884,nan,-0.8073337286710739
1,DiscNRX,ungated,37,1,0,0,1,16.177400000742637,nan,-0.8073337286710739
1,DiscNRX,ungated,38,1,0,0,1,20.456099999137223,nan,-0.8073337286710739
1,DiscNRX,ungated,39,1,0,0,1,17.595999997865874,nan,-0.8073337286710739
1,DiscNRX,ungated,40,1,0,0,1,16.3581000015256,nan,-0.8073337286710739
1,DiscNRX,ungated,41,1,0,0,1,16.859899995324668,nan,-0.8073337286710739
1,DiscNRX,ungated,42,1,0,0,1,17.03339999949094,nan,-0.8073337286710739
1,DiscNRX,ungated,43,1,0,0,1,17.770699996617623,nan,-0.8073337286710739
1,DiscNRX,ungated,44,1,0,0,1,17.70810000016354,nan,-0.8073337286710739
1,DiscNRX,ungated,45,1,0,0,1,19.25659999687923,nan,-0.8073337286710739
1,DiscNRX,ungated,46,1,0,0,1,18.981200002599508,nan,-0.8073337286710739
1,DiscNRX,ungated,47,1,0,0,1,14.35019999917131,nan,-0.8073337286710739
1,DiscNRX,ungated,48,1,0,0,1,17.75159999669995,nan,-0.8073337286710739
1,DiscNRX,ungated,49,1,0,0,1,18.34190000226954,nan,-0.8073337286710739
1,DiscNRX,ungated,50,1,0,0,1,15.677399998821784,nan,-0.8073337286710739
1,DiscNRX,ungated,51,1,0,0,1,17.386600004101638,nan,-0.8073337286710739
1,DiscNRX,ungated,52,1,0,0,1,15.038099998491816,nan,-0.8073337286710739
1,DiscNRX,ungated,53,1,0,0,1,18.30809999955818,nan,-0.8073337286710739
1,DiscNRX,ungated,54,1,0,0,1,16.3747999977204,nan,-0.8073337286710739
1,DiscNRX,ungated,55,1,0,0,1,17.358500001137145,nan,-0.8073337286710739
1,DiscNRX,ungated,56,1,0,0,1,16.01219999429304,nan,-0.8073337286710739
1,DiscNRX,ungated,57,1,0,0,1,16.710299998521805,nan,-0.8073337286710739
1,DiscNRX,ungated,58,1,0,0,1,16.170000002603047,nan,-0.8073337286710739
1,DiscNRX,ungated,59,1,0,0,1,15.860799998336006,nan,-0.8073337286710739
1,DiscNRX,ungated,60,1,0,0,1,16.616499997326173,nan,-0.8073337286710739
1,DiscNRX,ungated,61,1,0,0,1,17.053399998985697,nan,-0.8073337286710739
1,DiscNRX,ungated,62,1,0,0,1,14.874799999233801,nan,-0.8073337286710739
1,DiscNRX,ungated,63,1,0,0,1,17.859300001873635,nan,-0.8073337286710739
1,DiscNRX,ungated,64,1,0,0,1,17.69899999635527,nan,-0.8073337286710739
1,DiscNRX,ungated,65,1,0,0,1,14.620499998272862,nan,-0.8073337286710739
1,DiscNRX,ungated,66,1,0,0,1,17.750799997884315,nan,-0.8073337286710739
1,DiscNRX,ungated,67,1,0,0,1,16.461300001537893,nan,-0.8073337286710739
1,DiscNRX,ungated,68,1,0,0,1,15.338499993958976,nan,-0.8073337286710739
1,DiscNRX,ungated,69,1,0,0,1,17.606099994736724,nan,-0.8073337286710739
1,DiscNRX,ungated,70,1,0,0,1,18.793700000969693,nan,-0.8073337286710739
1,DiscNRX,ungated,71,1,0,0,1,16.661800000292715,nan,-0.8073337286710739
1,DiscNRX,ungated,72,1,0,0,1,16.809199994895607,nan,-0.8073337286710739
1,DiscNRX,ungated,73,1,0,0,1,15.725999997812323,nan,-0.8073337286710739
1,DiscNRX,ungated,74,1,0,0,1,18.195799995737616,nan,-0.8073337286710739
1,DiscNRX,ungated,75,1,0,0,1,17.754699998477008,nan,-0.8073337286710739
1,DiscNRX,ungated,76,1,0,0,1,16.52740000281483,nan,-0.8073337286710739
1,DiscNRX,ungated,77,1,0,0,1,17.808099997637328,nan,-0.8073337286710739
1,DiscNRX,ungated,78,1,0,0,1,18.99019999837037,nan,-0.8073337286710739
1,DiscNRX,ungated,79,1,0,0,1,16.65040000079898,nan,-0.8073337286710739
1,DiscNRX,ungated,80,1,0,0,1,19.61460000165971,nan,-0.8073337286710739
1,DiscNRX,ungated,81,1,0,0,1,15.993400003935676,nan,-0.8073337286710739
1,DiscNRX,ungated,82,1,0,0,1,17.252300000109244,nan,-0.8073337286710739
1,DiscNRX,ungated,83,1,0,0,1,18.837099996744655,nan,-0.8073337286710739
1,DiscNRX,ungated,84,1,0,0,1,18.001999997068197,nan,-0.8073337286710739
1,DiscNRX,ungated,85,1,0,0,1,18.88170000165701,nan,-0.8073337286710739
1,DiscNRX,ungated,86,1,0,0,1,17.323000000033062,nan,-0.8073337286710739
1,DiscNRX,ungated,87,1,0,0,1,16.392799996538088,nan,-0.8073337286710739
1,DiscNRX,ungated,88,1,0,0,1,15.210599995043594,nan,-0.8073337286710739
1,DiscNRX,ungated,89,1,0,0,1,17.710000000079162,nan,-0.8073337286710739
1,DiscNRX,ungated,90,1,0,0,1,17.721500000334345,nan,-0.8073337286710739
1,DiscNRX,ungated,91,1,0,0,1,16.61729999614181,nan,-0.8073337286710739
1,DiscNRX,ungated,92,1,0,0,1,17.022699998051394,nan,-0.8073337286710739
1,DiscNRX,ungated,93,1,0,0,1,16.302900003211107,nan,-0.8073337286710739
1,DiscNRX,ungated,94,1,0,0,1,16.427700000349432,nan,-0.8073337286710739
1,DiscNRX,ungated,95,1,0,0,1,17.962900004931726,nan,-0.8073337286710739
1,DiscNRX,ungated,96,1,0,0,1,16.889300000912044,nan,-0.8073337286710739
1,DiscNRX,ungated,97,1,0,0,1,17.35740000003716,nan,-0.8073337286710739
1,DiscNRX,ungated,98,1,0,0,1,17.331800001556985,nan,-0.8073337286710739
1,DiscNRX,ungated,99,1,0,0,1,30.399999996006954,nan,-0.8073337286710739
1,DiscNRX,ungated,100,1,1,1,1,16.66259999910835,nan,-0.8073337286710739
1,DiscNRX,ungated,101,1,1,1,1,17.953900001884904,nan,-0.8073337286710739
1,DiscNRX,ungated,102,1,1,1,1,17.91360000061104,nan,-0.8073337286710739
1,DiscNRX,ungated,103,1,1,1,1,16.068900004029274,nan,-0.8073337286710739
1,DiscNRX,ungated,104,1,1,1,1,18.29209999414161,nan,-0.8073337286710739
1,DiscNRX,ungated,105,1,1,1,1,16.690600001311395,nan,-0.8073337286710739
1,DiscNRX,ungated,106,1,1,1,1,17.125900005339645,nan,-0.8073337286710739
1,DiscNRX,ungated,107,1,1,1,1,18.432100005156826,nan,-0.8073337286710739
1,DiscNRX,ungated,108,1,1,1,1,18.182800005888566,nan,-0.8073337286710739
1,DiscNRX,ungated,109,1,1,1,1,16.132500000821892,nan,-0.8073337286710739
1,DiscNRX,ungated,110,1,1,1,1,17.026999994413927,nan,-0.8073337286710739
1,DiscNRX,ungated,111,1,1,1,1,16.836999995575752,nan,-0.8073337286710739
1,DiscNRX,ungated,112,1,1,1,1,16.104300004371908,nan,-0.8073337286710739
1,DiscNRX,ungated,113,1,1,1,1,17.59689999744296,nan,-0.8073337286710739
1,DiscNRX,ungated,114,1,1,1,1,17.053799994755536,nan,-0.8073337286710739
1,DiscNRX,ungated,115,1,1,1,1,18.296900001587346,nan,-0.8073337286710739
1,DiscNRX,ungated,116,1,1,1,1,16.711700001906138,nan,-0.8073337286710739
1,DiscNRX,ungated,117,1,1,1,1,24.76569999998901,nan,-0.8073337286710739
1,DiscNRX,ungated,118,1,1,1,1,18.06129999749828,nan,-0.8073337286710739
1,DiscNRX,ungated,119,1,1,1,1,16.891700004634913,nan,-0.8073337286710739
1,DiscNRX,ungated,120,1,1,1,1,16.603000003669877,nan,-0.8073337286710739
1,DiscNRX,ungated,121,1,1,1,1,17.56520000344608,nan,-0.8073337286710739
1,DiscNRX,ungated,122,1,1,1,1,16.79159999912372,nan,-0.8073337286710739
1,DiscNRX,ungated,123,1,1,1,1,15.26949999970384,nan,-0.8073337286710739
1,DiscNRX,ungated,124,1,1,1,1,23.99699999659788,nan,-0.8073337286710739
1,DiscNRX,ungated,125,1,1,1,1,18.278499999723863,nan,-0.8073337286710739
1,DiscNRX,ungated,126,1,1,1,1,15.91789999656612,nan,-0.8073337286710739
1,DiscNRX,ungated,127,1,1,1,1,16.412899996794295,nan,-0.8073337286710739
1,DiscNRX,ungated,128,1,1,1,1,17.182600000523962,nan,-0.8073337286710739
1,DiscNRX,ungated,129,1,1,1,1,17.30900000256952,nan,-0.8073337286710739
1,DiscNRX,ungated,130,1,1,1,1,17.075800002203323,nan,-0.8073337286710739
1,DiscNRX,ungated,131,1,1,1,1,18.275299997185357,nan,-0.8073337286710739
1,DiscNRX,ungated,132,1,1,1,1,17.874799996207003,nan,-0.8073337286710739
1,DiscNRX,ungated,133,1,1,1,1,17.37169999978505,nan,-0.8073337286710739
1,DiscNRX,ungated,134,1,1,1,1,16.717699996661395,nan,-0.8073337286710739
1,DiscNRX,ungated,135,1,1,1,1,21.060399994894397,nan,-0.8073337286710739
1,DiscNRX,ungated,136,1,1,1,1,15.432200001669116,nan,-0.8073337286710739
1,DiscNRX,ungated,137,1,1,1,1,18.06429999851389,nan,-0.8073337286710739
1,DiscNRX,ungated,138,1,1,1,1,18.798500001139473,nan,-0.8073337286710739
1,DiscNRX,ungated,139,1,1,1,1,18.06889999716077,nan,-0.8073337286710739
1,DiscNRX,ungated,140,1,1,1,1,17.70980000583222,nan,-0.8073337286710739
1,DiscNRX,ungated,141,1,1,1,1,15.974499998264946,nan,-0.8073337286710739
1,DiscNRX,ungated,142,1,1,1,1,25.06339999672491,nan,-0.8073337286710739
1,DiscNRX,ungated,143,1,1,1,1,19.192799998563714,nan,-0.8073337286710739
1,DiscNRX,ungated,144,1,1,1,1,17.08169999619713,nan,-0.8073337286710739
1,DiscNRX,ungated,145,1,1,1,1,17.36920000257669,nan,-0.8073337286710739
1,DiscNRX,ungated,146,1,1,1,1,18.02319999842439,nan,-0.8073337286710739
1,DiscNRX,ungated,147,1,1,1,1,16.153500000655185,nan,-0.8073337286710739
1,DiscNRX,ungated,148,1,1,1,1,15.585599998303223,nan,-0.8073337286710739
1,DiscNRX,ungated,149,1,1,1,1,16.19090000167489,nan,-0.8073337286710739
1,DiscNRX,ungated,150,1,1,1,1,18.2792999985395,nan,-0.8073337286710739
1,DiscNRX,ungated,151,1,1,1,1,18.75599999766564,nan,-0.8073337286710739
1,DiscNRX,ungated,152,1,1,1,1,17.921600003319327,nan,-0.8073337286710739
1,DiscNRX,ungated,153,1,1,1,1,18.271499997354113,nan,-0.8073337286710739
1,DiscNRX,ungated,154,1,1,1,1,16.695900005288422,nan,-0.8073337286710739
1,DiscNRX,ungated,155,1,1,1,1,16.890999999304768,nan,-0.8073337286710739
1,DiscNRX,ungated,156,1,1,1,1,18.560399999842048,nan,-0.8073337286710739
1,DiscNRX,ungated,157,1,1,1,1,18.880899995565414,nan,-0.8073337286710739
1,DiscNRX,ungated,158,1,1,1,1,21.15819999744417,nan,-0.8073337286710739
1,DiscNRX,ungated,159,1,1,1,1,16.715699995984323,nan,-0.8073337286710739
1,DiscNRX,ungated,160,1,1,1,1,22.01539999805391,nan,-0.8073337286710739
1,DiscNRX,ungated,161,1,1,1,1,16.600599999947008,nan,-0.8073337286710739
1,DiscNRX,ungated,162,1,1,1,1,19.485600001644343,nan,-0.8073337286710739
1,DiscNRX,ungated,163,1,1,1,1,18.493700001272373,nan,-0.8073337286710739
1,DiscNRX,ungated,164,1,1,1,1,25.165400002151728,nan,-0.8073337286710739
1,DiscNRX,ungated,165,1,1,1,1,16.92180000100052,nan,-0.8073337286710739
1,DiscNRX,ungated,166,1,1,1,1,15.761700000439305,nan,-0.8073337286710739
1,DiscNRX,ungated,167,1,1,1,1,17.902200001117308,nan,-0.8073337286710739
1,DiscNRX,ungated,168,1,1,1,1,26.624899997841567,nan,-0.8073337286710739
1,DiscNRX,ungated,169,1,1,1,1,17.603499996766914,nan,-0.8073337286710739
1,DiscNRX,ungated,170,1,1,1,1,17.71829999779584,nan,-0.8073337286710739
1,DiscNRX,ungated,171,1,1,1,1,18.339299997023772,nan,-0.8073337286710739
1,DiscNRX,ungated,172,1,1,1,1,21.406399995612446,nan,-0.8073337286710739
1,DiscNRX,ungated,173,1,1,1,1,17.95999999740161,nan,-0.8073337286710739
1,DiscNRX,ungated,174,1,1,1,1,18.59859999967739,nan,-0.8073337286710739
1,DiscNRX,ungated,175,1,1,1,1,17.2896000003675,nan,-0.8073337286710739
1,DiscNRX,ungated,176,1,1,1,1,16.238199998042546,nan,-0.8073337286710739
1,DiscNRX,ungated,177,1,1,1,1,17.549100004544016,nan,-0.8073337286710739
1,DiscNRX,ungated,178,1,1,1,1,15.809700002137106,nan,-0.8073337286710739
1,DiscNRX,ungated,179,1,1,1,1,17.41609999589855,nan,-0.8073337286710739
1,DiscNRX,ungated,180,1,1,1,1,15.613800002029166,nan,-0.8073337286710739
1,DiscNRX,ungated,181,1,1,1,1,17.925000000104774,nan,-0.8073337286710739
1,DiscNRX,ungated,182,1,1,1,1,14.079699998546857,nan,-0.8073337286710739
1,DiscNRX,ungated,183,1,1,1,1,17.948200002138037,nan,-0.8073337286710739
1,DiscNRX,ungated,184,1,1,1,1,17.774399995687418,nan,-0.8073337286710739
1,DiscNRX,ungated,185,1,1,1,1,18.99480000429321,nan,-0.8073337286710739
1,DiscNRX,ungated,186,1,1,1,1,15.878199999860954,nan,-0.8073337286710739
1,DiscNRX,ungated,187,1,1,1,1,17.09580000169808,nan,-0.8073337286710739
1,DiscNRX,ungated,188,1,1,1,1,17.629299996769987,nan,-0.8073337286710739
1,DiscNRX,ungated,189,1,1,1,1,17.985799997404683,nan,-0.8073337286710739
1,DiscNRX,ungated,190,1,1,1,1,17.458399997849483,nan,-0.8073337286710739
1,DiscNRX,ungated,191,1,1,1,1,14.663200003269594,nan,-0.8073337286710739
1,DiscNRX,ungated,192,1,1,1,1,18.101900001056492,nan,-0.8073337286710739
1,DiscNRX,ungated,193,1,1,1,1,17.153300002973992,nan,-0.8073337286710739
1,DiscNRX,ungated,194,1,1,1,1,18.094300001394004,nan,-0.8073337286710739
1,DiscNRX,ungated,195,1,1,1,1,16.84409999870695,nan,-0.8073337286710739
1,DiscNRX,ungated,196,1,1,1,1,18.355699998210184,nan,-0.8073337286710739
1,DiscNRX,ungated,197,1,1,1,1,17.890899995109066,nan,-0.8073337286710739
1,DiscNRX,ungated,198,1,1,1,1,15.227400006551761,nan,-0.8073337286710739
1,DiscNRX,ungated,199,1,1,1,1,17.994100002397317,nan,-0.8073337286710739
1,DiscNRX,ungated,200,1,1,1,1,15.878200007136911,nan,-0.8073337286710739
1,DiscNRX,ungated,201,1,1,1,1,19.192599997040816,nan,-0.8073337286710739
1,DiscNRX,ungated,202,1,1,1,1,18.045199998596217,nan,-0.8073337286710739
1,DiscNRX,ungated,203,1,1,1,1,17.263200003071688,nan,-0.8073337286710739
1,DiscNRX,ungated,204,1,1,1,1,17.145599995274097,nan,-0.8073337286710739
1,DiscNRX,ungated,205,1,1,1,1,24.8215000028722,nan,-0.8073337286710739
1,DiscNRX,ungated,206,1,1,1,1,17.92610000120476,nan,-0.8073337286710739
1,DiscNRX,ungated,207,1,1,1,1,17.3166999957175,nan,-0.8073337286710739
1,DiscNRX,ungated,208,1,1,1,1,18.940100002510007,nan,-0.8073337286710739
1,DiscNRX,ungated,209,1,1,1,1,19.105100000160746,nan,-0.8073337286710739
1,DiscNRX,ungated,210,1,1,1,1,16.91930000379216,nan,-0.8073337286710739
1,DiscNRX,ungated,211,1,1,1,1,17.005900001095142,nan,-0.8073337286710739
1,DiscNRX,ungated,212,1,1,1,1,16.828200001327787,nan,-0.8073337286710739
1,DiscNRX,ungated,213,1,1,1,1,19.686200001160614,nan,-0.8073337286710739
1,DiscNRX,ungated,214,1,1,1,1,18.198400000983384,nan,-0.8073337286710739
1,DiscNRX,ungated,215,1,1,1,1,17.078299999411684,nan,-0.8073337286710739
1,DiscNRX,ungated,216,1,1,1,1,17.246700001123827,nan,-0.8073337286710739
1,DiscNRX,ungated,217,1,1,1,1,18.352200000663288,nan,-0.8073337286710739
1,DiscNRX,ungated,218,1,1,1,1,26.71609999379143,nan,-0.8073337286710739
1,DiscNRX,ungated,219,1,1,1,1,19.611299998359755,nan,-0.8073337286710739
1,DiscNRX,ungated,220,1,1,1,1,19.003400004294235,nan,-0.8073337286710739
1,DiscNRX,ungated,221,1,1,1,1,17.169200000353158,nan,-0.8073337286710739
1,DiscNRX,ungated,222,1,1,1,1,18.986799994308967,nan,-0.8073337286710739
1,DiscNRX,ungated,223,1,1,1,1,17.232199999853037,nan,-0.8073337286710739
1,DiscNRX,ungated,224,1,1,1,1,19.82529999804683,nan,-0.8073337286710739
1,DiscNRX,ungated,225,1,1,1,1,18.93500000005588,nan,-0.8073337286710739
1,DiscNRX,ungated,226,1,1,1,1,19.2520999989938,nan,-0.8073337286710739
1,DiscNRX,ungated,227,1,1,1,1,18.019099996308796,nan,-0.8073337286710739
1,DiscNRX,ungated,228,1,1,1,1,17.75949999864679,nan,-0.8073337286710739
1,DiscNRX,ungated,229,1,1,1,1,17.075199997634627,nan,-0.8073337286710739
1,DiscNRX,ungated,230,1,1,1,1,14.89669999864418,nan,-0.8073337286710739
1,DiscNRX,ungated,231,1,1,1,1,16.589300001214724,nan,-0.8073337286710739
1,DiscNRX,ungated,232,1,1,1,1,16.412299999501556,nan,-0.8073337286710739
1,DiscNRX,ungated,233,1,1,1,1,17.83129999967059,nan,-0.8073337286710739
1,DiscNRX,ungated,234,1,1,1,1,17.404599995643366,nan,-0.8073337286710739
1,DiscNRX,ungated,235,1,1,1,1,16.671299999870826,nan,-0.8073337286710739
1,DiscNRX,ungated,236,1,1,1,1,16.417099999671336,nan,-0.8073337286710739
1,DiscNRX,ungated,237,1,1,1,1,17.433299995900597,nan,-0.8073337286710739
1,DiscNRX,ungated,238,1,1,1,1,16.161299994564615,nan,-0.8073337286710739
1,DiscNRX,ungated,239,1,1,1,1,15.649699998903088,nan,-0.8073337286710739
1,DiscNRX,ungated,240,1,1,1,1,15.793500002473593,nan,-0.8073337286710739
1,DiscNRX,ungated,241,1,1,1,1,17.24320000357693,nan,-0.8073337286710739
1,DiscNRX,ungated,242,1,1,1,1,16.616399996564724,nan,-0.8073337286710739
1,DiscNRX,ungated,243,1,1,1,1,18.35900000151014,nan,-0.8073337286710739
1,DiscNRX,ungated,244,1,1,1,1,17.210700003488455,nan,-0.8073337286710739
1,DiscNRX,ungated,245,1,1,1,1,15.011900002718903,nan,-0.8073337286710739
1,DiscNRX,ungated,246,1,1,1,1,16.319099995598663,nan,-0.8073337286710739
1,DiscNRX,ungated,247,1,1,1,1,16.022600000724196,nan,-0.8073337286710739
1,DiscNRX,ungated,248,1,1,1,1,18.319700000574812,nan,-0.8073337286710739
1,DiscNRX,ungated,249,1,1,1,1,16.877299996849615,nan,-0.8073337286710739
1,DiscNRX,ungated,250,1,1,1,1,15.963400001055561,nan,-0.8073337286710739
1,DiscNRX,ungated,251,1,1,1,1,17.573500001162756,nan,-0.8073337286710739
1,DiscNRX,ungated,252,1,1,1,1,15.857800004596356,nan,-0.8073337286710739
1,DiscNRX,ungated,253,1,1,1,1,16.848499995830934,nan,-0.8073337286710739
1,DiscNRX,ungated,254,1,1,1,1,15.346100000897422,nan,-0.8073337286710739
1,DiscNRX,ungated,255,1,1,1,1,17.806399999244604,nan,-0.8073337286710739
1,DiscNRX,ungated,256,1,1,1,1,18.19429999886779,nan,-0.8073337286710739
1,DiscNRX,ungated,257,1,1,1,1,19.09190000151284,nan,-0.8073337286710739
1,DiscNRX,ungated,258,1,1,1,1,16.7931000032695,nan,-0.8073337286710739
1,DiscNRX,ungated,259,1,1,1,1,14.588300000468735,nan,-0.8073337286710739
1,DiscNRX,ungated,260,1,1,1,1,18.422700006340165,nan,-0.8073337286710739
1,DiscNRX,ungated,261,1,1,1,1,17.87700000568293,nan,-0.8073337286710739
1,DiscNRX,ungated,262,1,1,1,1,14.276400004746392,nan,-0.8073337286710739
1,DiscNRX,ungated,263,1,1,1,1,16.392900004575495,nan,-0.8073337286710739
1,DiscNRX,ungated,264,1,1,1,1,17.975899994780775,nan,-0.8073337286710739
1,DiscNRX,ungated,265,1,1,1,1,15.97050000418676,nan,-0.8073337286710739
1,DiscNRX,ungated,266,1,1,1,1,16.398599997046404,nan,-0.8073337286710739
1,DiscNRX,ungated,267,1,1,1,1,15.61049999872921,nan,-0.8073337286710739
1,DiscNRX,ungated,268,1,1,1,1,17.621700004383456,nan,-0.8073337286710739
1,DiscNRX,ungated,269,1,1,1,1,15.870300005190074,nan,-0.8073337286710739
1,DiscNRX,ungated,270,1,1,1,1,16.600700000708457,nan,-0.8073337286710739
1,DiscNRX,ungated,271,1,1,1,1,16.80119999946328,nan,-0.8073337286710739
1,DiscNRX,ungated,272,1,1,1,1,17.246200004592538,nan,-0.8073337286710739
1,DiscNRX,ungated,273,1,1,1,1,17.104600003222004,nan,-0.8073337286710739
1,DiscNRX,ungated,274,1,1,1,1,15.984500001650304,nan,-0.8073337286710739
1,DiscNRX,ungated,275,1,1,1,1,16.751399998611305,nan,-0.8073337286710739
1,DiscNRX,ungated,276,1,1,1,1,15.681999997468665,nan,-0.8073337286710739
1,DiscNRX,ungated,277,1,1,1,1,16.651600002660416,nan,-0.8073337286710739
1,DiscNRX,ungated,278,1,1,1,1,17.699800002446864,nan,-0.8073337286710739
1,DiscNRX,ungated,279,1,1,1,1,15.783999995619524,nan,-0.8073337286710739
1,DiscNRX,ungated,280,1,1,1,1,17.948200002138037,nan,-0.8073337286710739
1,DiscNRX,ungated,281,1,1,1,1,17.954199996893294,nan,-0.8073337286710739
1,DiscNRX,ungated,282,1,1,1,1,17.00160000473261,nan,-0.8073337286710739
1,DiscNRX,ungated,283,1,1,1,1,16.74730000377167,nan,-0.8073337286710739
1,DiscNRX,ungated,284,1,1,1,1,17.415900001651607,nan,-0.8073337286710739
1,DiscNRX,ungated,285,1,1,1,1,16.898500005481765,nan,-0.8073337286710739
1,DiscNRX,ungated,286,1,1,1,1,21.600699998089112,nan,-0.8073337286710739
1,DiscNRX,ungated,287,1,1,1,1,15.39030000276398,nan,-0.8073337286710739
1,DiscNRX,ungated,288,1,1,1,1,17.157900001620874,nan,-0.8073337286710739
1,DiscNRX,ungated,289,1,1,1,1,16.74720000301022,nan,-0.8073337286710739
1,DiscNRX,ungated,290,1,1,1,1,17.037699995853473,nan,-0.8073337286710739
1,DiscNRX,ungated,291,1,1,1,1,18.169000002671964,nan,-0.8073337286710739
1,DiscNRX,ungated,292,1,1,1,1,17.436699999962002,nan,-0.8073337286710739
1,DiscNRX,ungated,293,1,1,1,1,17.21440000255825,nan,-0.8073337286710739
1,DiscNRX,ungated,294,1,1,1,1,16.556299997319,nan,-0.8073337286710739
1,DiscNRX,ungated,295,1,1,1,1,15.861599997151643,nan,-0.8073337286710739
1,DiscNRX,ungated,296,1,1,1,1,17.389600005117245,nan,-0.8073337286710739
1,DiscNRX,ungated,297,1,1,1,1,16.60039999842411,nan,-0.8073337286710739
1,DiscNRX,ungated,298,1,1,1,1,17.834600002970546,nan,-0.8073337286710739
1,DiscNRX,ungated,299,1,1,1,1,17.706999999063555,nan,-0.8073337286710739
1,DiscNRX,ungated,300,1,1,1,1,14.6281999986968,nan,-0.8073337286710739
1,DiscNRX,ungated,301,1,1,1,1,17.498499997600447,nan,-0.8073337286710739
1,DiscNRX,ungated,302,1,1,1,1,17.404500002157874,nan,-0.8073337286710739
1,DiscNRX,ungated,303,1,1,1,1,15.159700000367593,nan,-0.8073337286710739
1,DiscNRX,ungated,304,1,1,1,1,17.465199998696335,nan,-0.8073337286710739
1,DiscNRX,ungated,305,1,1,1,1,16.89339999575168,nan,-0.8073337286710739
1,DiscNRX,ungated,306,1,1,1,1,15.193999999610242,nan,-0.8073337286710739
1,DiscNRX,ungated,307,1,1,1,1,15.788400000019465,nan,-0.8073337286710739
1,DiscNRX,ungated,308,1,1,1,1,16.340599999239203,nan,-0.8073337286710739
1,DiscNRX,ungated,309,1,1,1,1,16.17429999896558,nan,-0.8073337286710739
1,DiscNRX,ungated,310,1,1,1,1,17.556799997691996,nan,-0.8073337286710739
1,DiscNRX,ungated,311,1,1,1,1,16.08700000360841,nan,-0.8073337286710739
1,DiscNRX,ungated,312,1,1,1,1,15.371999994385988,nan,-0.8073337286710739
1,DiscNRX,ungated,313,1,1,1,1,16.81319999624975,nan,-0.8073337286710739
1,DiscNRX,ungated,314,1,1,1,1,18.25519999692915,nan,-0.8073337286710739
1,DiscNRX,ungated,315,1,1,1,1,13.99939999828348,nan,-0.8073337286710739
1,DiscNRX,ungated,316,1,1,1,1,15.604000000166707,nan,-0.8073337286710739
1,DiscNRX,ungated,317,1,1,1,1,17.09339999797521,nan,-0.8073337286710739
1,DiscNRX,ungated,318,1,1,1,1,15.715399997134227,nan,-0.8073337286710739
1,DiscNRX,ungated,319,1,1,1,1,17.608000001928303,nan,-0.8073337286710739
1,DiscNRX,ungated,320,1,1,1,1,17.469200000050478,nan,-0.8073337286710739
1,DiscNRX,ungated,321,1,1,1,1,16.0120000000461,nan,-0.8073337286710739
1,DiscNRX,ungated,322,1,1,1,1,15.300499995646533,nan,-0.8073337286710739
1,DiscNRX,ungated,323,1,1,1,1,14.94020000245655,nan,-0.8073337286710739
1,DiscNRX,ungated,324,1,1,1,1,18.05919999605976,nan,-0.8073337286710739
1,DiscNRX,ungated,325,1,1,1,1,16.346999997040257,nan,-0.8073337286710739
1,DiscNRX,ungated,326,1,1,1,1,17.038700003467966,nan,-0.8073337286710739
1,DiscNRX,ungated,327,1,1,1,1,17.44440000038594,nan,-0.8073337286710739
1,DiscNRX,ungated,328,1,1,1,1,17.145400001027156,nan,-0.8073337286710739
1,DiscNRX,ungated,329,1,1,1,1,16.865399993548635,nan,-0.8073337286710739
1,DiscNRX,ungated,330,1,1,1,1,15.645799998310395,nan,-0.8073337286710739
1,DiscNRX,ungated,331,1,1,1,1,17.706699996779207,nan,-0.8073337286710739
1,DiscNRX,ungated,332,1,1,1,1,18.466800000169314,nan,-0.8073337286710739
1,DiscNRX,ungated,333,1,1,1,1,16.75999999861233,nan,-0.8073337286710739
1,DiscNRX,ungated,334,1,1,1,1,16.173500000149943,nan,-0.8073337286710739
1,DiscNRX,ungated,335,1,1,1,1,16.82529999379767,nan,-0.8073337286710739
1,DiscNRX,ungated,336,1,1,1,1,17.511000005470123,nan,-0.8073337286710739
1,DiscNRX,ungated,337,1,1,1,1,13.560799998231232,nan,-0.8073337286710739
1,DiscNRX,ungated,338,1,1,1,1,17.467500001657754,nan,-0.8073337286710739
1,DiscNRX,ungated,339,1,1,1,1,16.680200002156198,nan,-0.8073337286710739
1,DiscNRX,ungated,340,1,1,1,1,17.396999995980877,nan,-0.8073337286710739
1,DiscNRX,ungated,341,1,1,1,1,17.10820000153035,nan,-0.8073337286710739
1,DiscNRX,ungated,342,1,1,1,1,17.137700000603218,nan,-0.8073337286710739
1,DiscNRX,ungated,343,1,1,1,1,16.582000003836583,nan,-0.8073337286710739
1,DiscNRX,ungated,344,1,1,1,1,17.13500000187196,nan,-0.8073337286710739
1,DiscNRX,ungated,345,1,1,1,1,16.35560000431724,nan,-0.8073337286710739
1,DiscNRX,ungated,346,1,1,1,1,16.714500001398847,nan,-0.8073337286710739
1,DiscNRX,ungated,347,1,1,1,1,16.62670000223443,nan,-0.8073337286710739
1,DiscNRX,ungated,348,1,1,1,1,17.992900000535883,nan,-0.8073337286710739
1,DiscNRX,ungated,349,1,1,1,1,16.51300000230549,nan,-0.8073337286710739
1,DiscNRX,ungated,350,1,1,1,1,16.381299996282905,nan,-0.8073337286710739
1,DiscNRX,ungated,351,1,1,1,1,17.609200003789738,nan,-0.8073337286710739
1,DiscNRX,ungated,352,1,1,1,1,18.367999997281004,nan,-0.8073337286710739
1,DiscNRX,ungated,353,1,1,1,1,17.707200000586454,nan,-0.8073337286710739
1,DiscNRX,ungated,354,1,1,1,1,15.706000005593523,nan,-0.8073337286710739
1,DiscNRX,ungated,355,1,1,1,1,16.080800000054296,nan,-0.8073337286710739
1,DiscNRX,ungated,356,1,1,1,1,17.922099999850616,nan,-0.8073337286710739
1,DiscNRX,ungated,357,1,1,1,1,17.000699997879565,nan,-0.8073337286710739
1,DiscNRX,ungated,358,1,1,1,1,17.752499996277038,nan,-0.8073337286710739
1,DiscNRX,ungated,359,1,1,1,1,17.10589999856893,nan,-0.8073337286710739
1,DiscNRX,ungated,360,1,1,1,1,17.267099996388424,nan,-0.8073337286710739
1,DiscNRX,ungated,361,1,1,1,1,13.552899996284395,nan,-0.8073337286710739
1,DiscNRX,ungated,362,1,1,1,1,16.51069999934407,nan,-0.8073337286710739
1,DiscNRX,ungated,363,1,1,1,1,17.348399996990338,nan,-0.8073337286710739
1,DiscNRX,ungated,364,1,1,1,1,17.237699998077005,nan,-0.8073337286710739
1,DiscNRX,ungated,365,1,1,1,1,16.035400003602263,nan,-0.8073337286710739
1,DiscNRX,ungated,366,1,1,1,1,17.583600005309563,nan,-0.8073337286710739
1,DiscNRX,ungated,367,1,1,1,1,17.448400001740083,nan,-0.8073337286710739
1,DiscNRX,ungated,368,1,1,1,1,17.918800003826618,nan,-0.8073337286710739
1,DiscNRX,ungated,369,1,1,1,1,16.26780000515282,nan,-0.8073337286710739
1,DiscNRX,ungated,370,1,1,1,1,16.225500003201887,nan,-0.8073337286710739
1,DiscNRX,ungated,371,1,1,1,1,16.593600004853215,nan,-0.8073337286710739
1,DiscNRX,ungated,372,1,1,1,1,17.41609999589855,nan,-0.8073337286710739
1,DiscNRX,ungated,373,1,1,1,1,17.59690000471892,nan,-0.8073337286710739
1,DiscNRX,ungated,374,1,1,1,1,18.174799995904323,nan,-0.8073337286710739
1,DiscNRX,ungated,375,1,1,1,1,16.566899997997098,nan,-0.8073337286710739
1,DiscNRX,ungated,376,1,1,1,1,17.32310000079451,nan,-0.8073337286710739
1,DiscNRX,ungated,377,1,1,1,1,17.346299995551817,nan,-0.8073337286710739
1,DiscNRX,ungated,378,1,1,1,1,15.411000000312924,nan,-0.8073337286710739
1,DiscNRX,ungated,379,1,1,1,1,16.293900000164285,nan,-0.8073337286710739
1,DiscNRX,ungated,380,1,1,1,1,16.910999998799525,nan,-0.8073337286710739
1,DiscNRX,ungated,381,1,1,1,1,17.12750000297092,nan,-0.8073337286710739
1,DiscNRX,ungated,382,1,1,1,1,17.443400000047404,nan,-0.8073337286710739
1,DiscNRX,ungated,383,1,1,1,1,15.790199999173637,nan,-0.8073337286710739
1,DiscNRX,ungated,384,1,1,1,1,15.3924000042025,nan,-0.8073337286710739
1,DiscNRX,ungated,385,1,1,1,1,16.301000003295485,nan,-0.8073337286710739
1,DiscNRX,ungated,386,1,1,1,1,15.411300002597272,nan,-0.8073337286710739
1,DiscNRX,ungated,387,1,1,1,1,15.501099995162804,nan,-0.8073337286710739
1,DiscNRX,ungated,388,1,1,1,1,16.748800000641495,nan,-0.8073337286710739
1,DiscNRX,ungated,389,1,1,1,1,14.135000004898757,nan,-0.8073337286710739
1,DiscNRX,ungated,390,1,1,1,1,17.50239999819314,nan,-0.8073337286710739
1,DiscNRX,ungated,391,1,1,1,1,16.788499997346662,nan,-0.8073337286710739
1,DiscNRX,ungated,392,1,1,1,1,15.885500004515052,nan,-0.8073337286710739
1,DiscNRX,ungated,393,1,1,1,1,18.924999996670522,nan,-0.8073337286710739
1,DiscNRX,ungated,394,1,1,1,1,19.177700000000186,nan,-0.8073337286710739
1,DiscNRX,ungated,395,1,1,1,1,17.26310000231024,nan,-0.8073337286710739
1,DiscNRX,ungated,396,1,1,1,1,15.307699999539182,nan,-0.8073337286710739
1,DiscNRX,ungated,397,1,1,1,1,15.076499999850057,nan,-0.8073337286710739
1,DiscNRX,ungated,398,1,1,1,1,16.790300003776792,nan,-0.8073337286710739
1,DiscNRX,ungated,399,1,1,1,1,16.166200002771802,nan,-0.8073337286710739
1,DiscNRX,ungated,400,1,1,1,1,17.226299998583272,nan,-0.8073337286710739
1,DiscNRX,ungated,401,1,1,1,1,16.988199997285847,nan,-0.8073337286710739
1,DiscNRX,ungated,402,1,1,1,1,15.686999999161344,nan,-0.8073337286710739
1,DiscNRX,ungated,403,1,1,1,1,15.85460000205785,nan,-0.8073337286710739
1,DiscNRX,ungated,404,1,1,1,1,14.571100000466686,nan,-0.8073337286710739
1,DiscNRX,ungated,405,1,1,1,1,16.704500005289447,nan,-0.8073337286710739
1,DiscNRX,ungated,406,1,1,1,1,16.68269999936456,nan,-0.8073337286710739
1,DiscNRX,ungated,407,1,1,1,1,16.499899997143075,nan,-0.8073337286710739
1,DiscNRX,ungated,408,1,1,1,1,17.547000003105495,nan,-0.8073337286710739
1,DiscNRX,ungated,409,1,1,1,1,14.935100000002421,nan,-0.8073337286710739
1,DiscNRX,ungated,410,1,1,1,1,16.577399997913744,nan,-0.8073337286710739
1,DiscNRX,ungated,411,1,1,1,1,16.049999998358544,nan,-0.8073337286710739
1,DiscNRX,ungated,412,1,1,1,1,15.793300000950694,nan,-0.8073337286710739
1,DiscNRX,ungated,413,1,1,1,1,16.427499998826534,nan,-0.8073337286710739
1,DiscNRX,ungated,414,1,1,1,1,14.968999996199273,nan,-0.8073337286710739
1,DiscNRX,ungated,415,1,1,1,1,17.865900001197588,nan,-0.8073337286710739
1,DiscNRX,ungated,416,1,1,1,1,17.773800005670637,nan,-0.8073337286710739
1,DiscNRX,ungated,417,1,1,1,1,16.572900000028312,nan,-0.8073337286710739
1,DiscNRX,ungated,418,1,1,1,1,16.29020000109449,nan,-0.8073337286710739
1,DiscNRX,ungated,419,1,1,1,1,16.00479999615345,nan,-0.8073337286710739
1,DiscNRX,ungated,420,1,1,1,1,17.53570000437321,nan,-0.8073337286710739
1,DiscNRX,ungated,421,1,1,1,1,17.77379999839468,nan,-0.8073337286710739
1,DiscNRX,ungated,422,1,1,1,1,17.902200001117308,nan,-0.8073337286710739
1,DiscNRX,ungated,423,1,1,1,1,17.293400000198744,nan,-0.8073337286710739
1,DiscNRX,ungated,424,1,1,1,1,16.934699997364078,nan,-0.8073337286710739
1,DiscNRX,ungated,425,1,1,1,1,17.898099999001715,nan,-0.8073337286710739
1,DiscNRX,ungated,426,1,1,1,1,16.52720000129193,nan,-0.8073337286710739
1,DiscNRX,ungated,427,1,1,1,1,15.415300003951415,nan,-0.8073337286710739
1,DiscNRX,ungated,428,1,1,1,1,16.46479999908479,nan,-0.8073337286710739
1,DiscNRX,ungated,429,1,1,1,1,15.309100002923515,nan,-0.8073337286710739
1,DiscNRX,ungated,430,1,1,1,1,18.80189999792492,nan,-0.8073337286710739
1,DiscNRX,ungated,431,1,1,1,1,18.02779999707127,nan,-0.8073337286710739
1,DiscNRX,ungated,432,1,1,1,1,16.53739999892423,nan,-0.8073337286710739
1,DiscNRX,ungated,433,1,1,1,1,17.72289999644272,nan,-0.8073337286710739
1,DiscNRX,ungated,434,1,1,1,1,17.015199999150354,nan,-0.8073337286710739
1,DiscNRX,ungated,435,1,1,1,1,16.50290000543464,nan,-0.8073337286710739
1,DiscNRX,ungated,436,1,1,1,1,14.830499996605795,nan,-0.8073337286710739
1,DiscNRX,ungated,437,1,1,1,1,16.52969999850029,nan,-0.8073337286710739
1,DiscNRX,ungated,438,1,1,1,1,15.504300004977267,nan,-0.8073337286710739
1,DiscNRX,ungated,439,1,1,1,1,15.809799995622598,nan,-0.8073337286710739
1,DiscNRX,ungated,440,1,1,1,1,15.032700001029298,nan,-0.8073337286710739
1,DiscNRX,ungated,441,1,1,1,1,15.540000000328291,nan,-0.8073337286710739
1,DiscNRX,ungated,442,1,1,1,1,16.21739999973215,nan,-0.8073337286710739
1,DiscNRX,ungated,443,1,1,1,1,16.47229999798583,nan,-0.8073337286710739
1,DiscNRX,ungated,444,1,1,1,1,17.192200000863522,nan,-0.8073337286710739
1,DiscNRX,ungated,445,1,1,1,1,16.96549999905983,nan,-0.8073337286710739
1,DiscNRX,ungated,446,1,1,1,1,16.935699997702613,nan,-0.8073337286710739
1,DiscNRX,ungated,447,1,1,1,1,16.840800002682954,nan,-0.8073337286710739
1,DiscNRX,ungated,448,1,1,1,1,16.775399999460205,nan,-0.8073337286710739
1,DiscNRX,ungated,449,1,1,1,1,16.24949999677483,nan,-0.8073337286710739
1,DiscNRX,ungated,450,1,1,1,1,18.521999998483807,nan,-0.8073337286710739
1,DiscNRX,ungated,451,1,1,1,1,18.95220000005793,nan,-0.8073337286710739
1,DiscNRX,ungated,452,1,1,1,1,18.483299994841218,nan,-0.8073337286710739
1,DiscNRX,ungated,453,1,1,1,1,12.422699997841846,nan,-0.8073337286710739
1,DiscNRX,ungated,454,1,1,1,1,14.613700004701968,nan,-0.8073337286710739
1,DiscNRX,ungated,455,1,1,1,1,22.986199997831136,nan,-0.8073337286710739
1,DiscNRX,ungated,456,1,1,1,1,17.251700002816506,nan,-0.8073337286710739
1,DiscNRX,ungated,457,1,1,1,1,14.376700004504528,nan,-0.8073337286710739
1,DiscNRX,ungated,458,1,1,1,1,18.95669999794336,nan,-0.8073337286710739
1,DiscNRX,ungated,459,1,1,1,1,19.526299998688046,nan,-0.8073337286710739
1,DiscNRX,ungated,460,1,1,1,1,18.822699996235315,nan,-0.8073337286710739
1,DiscNRX,ungated,461,1,1,1,1,16.21980000345502,nan,-0.8073337286710739
1,DiscNRX,ungated,462,1,1,1,1,16.381399997044355,nan,-0.8073337286710739
1,DiscNRX,ungated,463,1,1,1,1,16.407700000854675,nan,-0.8073337286710739
1,DiscNRX,ungated,464,1,1,1,1,15.885300002992153,nan,-0.8073337286710739
1,DiscNRX,ungated,465,1,1,1,1,15.935999996145256,nan,-0.8073337286710739
1,DiscNRX,ungated,466,1,1,1,1,14.566300000296906,nan,-0.8073337286710739
1,DiscNRX,ungated,467,1,1,1,1,16.46160000382224,nan,-0.8073337286710739
1,DiscNRX,ungated,468,1,1,1,1,15.479499998036772,nan,-0.8073337286710739
1,DiscNRX,ungated,469,1,1,1,1,15.291400006390177,nan,-0.8073337286710739
1,DiscNRX,ungated,470,1,1,1,1,16.587600002822,nan,-0.8073337286710739
1,DiscNRX,ungated,471,1,1,1,1,16.178799996851012,nan,-0.8073337286710739
1,DiscNRX,ungated,472,1,1,1,1,16.901499999221414,nan,-0.8073337286710739
1,DiscNRX,ungated,473,1,1,1,1,14.443100000789855,nan,-0.8073337286710739
1,DiscNRX,ungated,474,1,1,1,1,17.456099994888064,nan,-0.8073337286710739
1,DiscNRX,ungated,475,1,1,1,1,17.191700004332233,nan,-0.8073337286710739
1,DiscNRX,ungated,476,1,1,1,1,16.978899999230634,nan,-0.8073337286710739
1,DiscNRX,ungated,477,1,1,1,1,15.756299995700829,nan,-0.8073337286710739
1,DiscNRX,ungated,478,1,1,1,1,17.14009999705013,nan,-0.8073337286710739
1,DiscNRX,ungated,479,1,1,1,1,15.018799997051246,nan,-0.8073337286710739
1,DiscNRX,ungated,480,1,1,1,1,16.729399998439476,nan,-0.8073337286710739
1,DiscNRX,ungated,481,1,1,1,1,18.573800000012852,nan,-0.8073337286710739
1,DiscNRX,ungated,482,1,1,1,1,17.310399998677894,nan,-0.8073337286710739
1,DiscNRX,ungated,483,1,1,1,1,16.60480000282405,nan,-0.8073337286710739
1,DiscNRX,ungated,484,1,1,1,1,15.814999998838175,nan,-0.8073337286710739
1,DiscNRX,ungated,485,1,1,1,1,14.740400001755916,nan,-0.8073337286710739
1,DiscNRX,ungated,486,1,1,1,1,16.446399997221306,nan,-0.8073337286710739
1,DiscNRX,ungated,487,1,1,1,1,16.833300003781915,nan,-0.8073337286710739
1,DiscNRX,ungated,488,1,1,1,1,15.55460000236053,nan,-0.8073337286710739
1,DiscNRX,ungated,489,1,1,1,1,18.09720000164816,nan,-0.8073337286710739
1,DiscNRX,ungated,490,1,1,1,1,16.019800001231488,nan,-0.8073337286710739
1,DiscNRX,ungated,491,1,1,1,1,13.398600000073202,nan,-0.8073337286710739
1,DiscNRX,ungated,492,1,1,1,1,16.70419999572914,nan,-0.8073337286710739
1,DiscNRX,ungated,493,1,1,1,1,16.8952999956673,nan,-0.8073337286710739
1,DiscNRX,ungated,494,1,1,1,1,14.451900002313778,nan,-0.8073337286710739
1,DiscNRX,ungated,495,1,1,1,1,17.03309999720659,nan,-0.8073337286710739
1,DiscNRX,ungated,496,1,1,1,1,18.02060000045458,nan,-0.8073337286710739
1,DiscNRX,ungated,497,1,1,1,1,16.56599999842001,nan,-0.8073337286710739
1,DiscNRX,ungated,498,1,1,1,1,14.843299999483861,nan,-0.8073337286710739
1,DiscNRX,ungated,499,1,1,1,1,15.171699997154064,nan,-0.8073337286710739
1,DiscNRX,ungated,500,1,1,1,1,17.0771999983117,nan,-0.8073337286710739
1,DiscNRX,ungated,501,1,1,1,1,17.757699999492615,nan,-0.8073337286710739
1,DiscNRX,ungated,502,1,1,1,1,15.325599997595418,nan,-0.8073337286710739
1,DiscNRX,ungated,503,1,1,1,1,16.028400001232512,nan,-0.8073337286710739
1,DiscNRX,ungated,504,1,1,1,1,14.486700005363673,nan,-0.8073337286710739
1,DiscNRX,ungated,505,1,1,1,1,16.278099996270612,nan,-0.8073337286710739
1,DiscNRX,ungated,506,1,1,1,1,16.98269999906188,nan,-0.8073337286710739
1,DiscNRX,ungated,507,1,1,1,1,14.134299999568611,nan,-0.8073337286710739
1,DiscNRX,ungated,508,1,1,1,1,14.440900005865842,nan,-0.8073337286710739
1,DiscNRX,ungated,509,1,1,1,1,16.870299994479865,nan,-0.8073337286710739
1,DiscNRX,ungated,510,1,1,1,1,15.73400000052061,nan,-0.8073337286710739
1,DiscNRX,ungated,511,1,1,1,1,14.451299997745082,nan,-0.8073337286710739
1,DiscNRX,ungated,512,1,1,1,1,17.839500003901776,nan,-0.8073337286710739
1,DiscNRX,ungated,513,1,1,1,1,15.395499998703599,nan,-0.8073337286710739
1,DiscNRX,ungated,514,1,1,1,1,18.00569999613799,nan,-0.8073337286710739
1,DiscNRX,ungated,515,1,1,1,1,17.327200002910104,nan,-0.8073337286710739
1,DiscNRX,ungated,516,1,1,1,1,15.96350000181701,nan,-0.8073337286710739
1,DiscNRX,ungated,517,1,1,1,1,16.163600004801992,nan,-0.8073337286710739
1,DiscNRX,ungated,518,1,1,1,1,15.855199999350589,nan,-0.8073337286710739
1,DiscNRX,ungated,519,1,1,1,1,15.24760000029346,nan,-0.8073337286710739
1,DiscNRX,ungated,520,1,1,1,1,16.649000004690606,nan,-0.8073337286710739
1,DiscNRX,ungated,521,1,1,1,1,15.376700001070276,nan,-0.8073337286710739
1,DiscNRX,ungated,522,1,1,1,1,17.19310000044061,nan,-0.8073337286710739
1,DiscNRX,ungated,523,1,1,1,1,18.004899997322354,nan,-0.8073337286710739
1,DiscNRX,ungated,524,1,1,1,1,14.946200004487764,nan,-0.8073337286710739
1,DiscNRX,ungated,525,1,1,1,1,18.212299997685477,nan,-0.8073337286710739
1,DiscNRX,ungated,526,1,1,1,1,19.769499995163642,nan,-0.8073337286710739
1,DiscNRX,ungated,527,1,1,1,1,18.89850000588922,nan,-0.8073337286710739
1,DiscNRX,ungated,528,1,1,1,1,17.273599994950928,nan,-0.8073337286710739
1,DiscNRX,ungated,529,1,1,1,1,17.95950000087032,nan,-0.8073337286710739
1,DiscNRX,ungated,530,1,1,1,1,15.594299999065697,nan,-0.8073337286710739
1,DiscNRX,ungated,531,1,1,1,1,16.67710000037914,nan,-0.8073337286710739
1,DiscNRX,ungated,532,1,1,1,1,19.105100000160746,nan,-0.8073337286710739
1,DiscNRX,ungated,533,1,1,1,1,16.75270000123419,nan,-0.8073337286710739
1,DiscNRX,ungated,534,1,1,1,1,17.844900001364294,nan,-0.8073337286710739
1,DiscNRX,ungated,535,1,1,1,1,18.15100000385428,nan,-0.8073337286710739
1,DiscNRX,ungated,536,1,1,1,1,16.763300001912285,nan,-0.8073337286710739
1,DiscNRX,ungated,537,1,1,1,1,17.736100002366584,nan,-0.8073337286710739
1,DiscNRX,ungated,538,1,1,1,1,16.009099999791943,nan,-0.8073337286710739
1,DiscNRX,ungated,539,1,1,1,1,15.553800003544893,nan,-0.8073337286710739
1,DiscNRX,ungated,540,1,1,1,1,16.363200003979728,nan,-0.8073337286710739
1,DiscNRX,ungated,541,1,1,1,1,16.673800004355144,nan,-0.8073337286710739
1,DiscNRX,ungated,542,1,1,1,1,15.653399997972883,nan,-0.8073337286710739
1,DiscNRX,ungated,543,1,1,1,1,15.828500007046387,nan,-0.8073337286710739
1,DiscNRX,ungated,544,1,1,1,1,15.863900000113063,nan,-0.8073337286710739
1,DiscNRX,ungated,545,1,1,1,1,17.274799996812362,nan,-0.8073337286710739
1,DiscNRX,ungated,546,1,1,1,1,17.496799999207724,nan,-0.8073337286710739
1,DiscNRX,ungated,547,1,1,1,1,15.783400005602743,nan,-0.8073337286710739
1,DiscNRX,ungated,548,1,1,1,1,16.146900001331232,nan,-0.8073337286710739
1,DiscNRX,ungated,549,1,1,1,1,16.891799998120405,nan,-0.8073337286710739
1,DiscNRX,ungated,550,1,1,1,1,15.307099994970486,nan,-0.8073337286710739
1,DiscNRX,ungated,551,1,1,1,1,17.170499995700084,nan,-0.8073337286710739
1,DiscNRX,ungated,552,1,1,1,1,19.46670000324957,nan,-0.8073337286710739
1,DiscNRX,ungated,553,1,1,1,1,18.08290000190027,nan,-0.8073337286710739
1,DiscNRX,ungated,554,1,1,1,1,28.747399999701884,nan,-0.8073337286710739
1,DiscNRX,ungated,555,1,1,1,1,17.285800000536256,nan,-0.8073337286710739
1,DiscNRX,ungated,556,1,1,1,1,18.5981000031461,nan,-0.8073337286710739
1,DiscNRX,ungated,557,1,1,1,1,18.80640000308631,nan,-0.8073337286710739
1,DiscNRX,ungated,558,1,1,1,1,19.00469999964116,nan,-0.8073337286710739
1,DiscNRX,ungated,559,1,1,1,1,19.165300000167917,nan,-0.8073337286710739
1,DiscNRX,ungated,560,1,1,1,1,18.348500001593493,nan,-0.8073337286710739
1,DiscNRX,ungated,561,1,1,1,1,18.36409999668831,nan,-0.8073337286710739
1,DiscNRX,ungated,562,1,1,1,1,18.46020000084536,nan,-0.8073337286710739
1,DiscNRX,ungated,563,1,1,1,1,17.540299995744135,nan,-0.8073337286710739
1,DiscNRX,ungated,564,1,1,1,1,18.125800001143944,nan,-0.8073337286710739
1,DiscNRX,ungated,565,1,1,1,1,18.18499999353662,nan,-0.8073337286710739
1,DiscNRX,ungated,566,1,1,1,1,19.20850000169594,nan,-0.8073337286710739
1,DiscNRX,ungated,567,1,1,1,1,16.933699997025542,nan,-0.8073337286710739
1,DiscNRX,ungated,568,1,1,1,1,17.02050000312738,nan,-0.8073337286710739
1,DiscNRX,ungated,569,1,1,1,1,18.63969999976689,nan,-0.8073337286710739
1,DiscNRX,ungated,570,1,1,1,1,15.277999998943415,nan,-0.8073337286710739
1,DiscNRX,ungated,571,1,1,1,1,17.912000002979767,nan,-0.8073337286710739
1,DiscNRX,ungated,572,1,1,1,1,18.18990000174381,nan,-0.8073337286710739
1,DiscNRX,ungated,573,1,1,1,1,17.48280000174418,nan,-0.8073337286710739
1,DiscNRX,ungated,574,1,1,1,1,16.3170000014361,nan,-0.8073337286710739
1,DiscNRX,ungated,575,1,1,1,1,15.581100000417791,nan,-0.8073337286710739
1,DiscNRX,ungated,576,1,1,1,1,17.10610000009183,nan,-0.8073337286710739
1,DiscNRX,ungated,577,1,1,1,1,15.262699998856988,nan,-0.8073337286710739
1,DiscNRX,ungated,578,1,1,1,1,17.67890000337502,nan,-0.8073337286710739
1,DiscNRX,ungated,579,1,1,1,1,16.88560000184225,nan,-0.8073337286710739
1,DiscNRX,ungated,580,1,1,1,1,17.524900002172217,nan,-0.8073337286710739
1,DiscNRX,ungated,581,1,1,1,1,15.501900001254398,nan,-0.8073337286710739
1,DiscNRX,ungated,582,1,1,1,1,16.97930000227643,nan,-0.8073337286710739
1,DiscNRX,ungated,583,1,1,1,1,15.80380000086734,nan,-0.8073337286710739
1,DiscNRX,ungated,584,1,1,1,1,17.296300000452902,nan,-0.8073337286710739
1,DiscNRX,ungated,585,1,1,1,1,17.691900000500027,nan,-0.8073337286710739
1,DiscNRX,ungated,586,1,1,1,1,18.65420000103768,nan,-0.8073337286710739
1,DiscNRX,ungated,587,1,1,1,1,18.87939999869559,nan,-0.8073337286710739
1,DiscNRX,ungated,588,1,1,1,1,16.70190000004368,nan,-0.8073337286710739
1,DiscNRX,ungated,589,1,1,1,1,17.797100001189392,nan,-0.8073337286710739
1,DiscNRX,ungated,590,1,1,1,1,16.802899997856002,nan,-0.8073337286710739
1,DiscNRX,ungated,591,1,1,1,1,17.42989999911515,nan,-0.8073337286710739
1,DiscNRX,ungated,592,1,1,1,1,16.71560000249883,nan,-0.8073337286710739
1,DiscNRX,ungated,593,1,1,1,1,16.287200000078883,nan,-0.8073337286710739
1,DiscNRX,ungated,594,1,1,1,1,17.023000000335742,nan,-0.8073337286710739
1,DiscNRX,ungated,595,1,1,1,1,17.817699997976888,nan,-0.8073337286710739
1,DiscNRX,ungated,596,1,1,1,1,17.061300000932533,nan,-0.8073337286710739
1,DiscNRX,ungated,597,1,1,1,1,17.791100006434135,nan,-0.8073337286710739
1,DiscNRX,ungated,598,1,1,1,1,19.893899996532127,nan,-0.8073337286710739
1,DiscNRX,ungated,599,1,1,1,1,16.63410000037402,nan,-0.8073337286710739
1,DiscNRX,ungated,600,1,1,1,1,18.200899998191744,nan,-0.8073337286710739
1,DiscNRX,ungated,601,1,1,1,1,16.133999997691717,nan,-0.8073337286710739
1,DiscNRX,ungated,602,1,1,1,1,17.823200003476813,nan,-0.8073337286710739
1,DiscNRX,ungated,603,1,1,1,1,17.651199996180367,nan,-0.8073337286710739
1,DiscNRX,ungated,604,1,1,1,1,18.31279999896651,nan,-0.8073337286710739
1,DiscNRX,ungated,605,1,1,1,1,16.025099997932557,nan,-0.8073337286710739
1,DiscNRX,ungated,606,1,1,1,1,17.375600000377744,nan,-0.8073337286710739
1,DiscNRX,ungated,607,1,1,1,1,18.159200000809506,nan,-0.8073337286710739
1,DiscNRX,ungated,608,1,1,1,1,15.796100000443403,nan,-0.8073337286710739
1,DiscNRX,ungated,609,1,1,1,1,15.423399992869236,nan,-0.8073337286710739
1,DiscNRX,ungated,610,1,1,1,1,14.770599998882972,nan,-0.8073337286710739
1,DiscNRX,ungated,611,1,1,1,1,16.65490000596037,nan,-0.8073337286710739
1,DiscNRX,ungated,612,1,1,1,1,17.50249999895459,nan,-0.8073337286710739
1,DiscNRX,ungated,613,1,1,1,1,17.458000002079643,nan,-0.8073337286710739
1,DiscNRX,ungated,614,1,1,1,1,14.18480000575073,nan,-0.8073337286710739
1,DiscNRX,ungated,615,1,1,1,1,17.840000000433065,nan,-0.8073337286710739
1,DiscNRX,ungated,616,1,1,1,1,15.399399999296293,nan,-0.8073337286710739
1,DiscNRX,ungated,617,1,1,1,1,16.085399998701178,nan,-0.8073337286710739
1,DiscNRX,ungated,618,1,1,1,1,17.051599999831524,nan,-0.8073337286710739
1,DiscNRX,ungated,619,1,1,1,1,16.802199999801815,nan,-0.8073337286710739
1,DiscNRX,ungated,620,1,1,1,1,15.876299999945331,nan,-0.8073337286710739
1,DiscNRX,ungated,621,1,1,1,1,16.1110999979428,nan,-0.8073337286710739
1,DiscNRX,ungated,622,1,1,1,1,17.552000004798174,nan,-0.8073337286710739
1,DiscNRX,ungated,623,1,1,1,1,18.343499999900814,nan,-0.8073337286710739
1,DiscNRX,ungated,624,1,1,1,1,17.850100004579872,nan,-0.8073337286710739
1,DiscNRX,ungated,625,1,1,1,1,15.451599996595178,nan,-0.8073337286710739
1,DiscNRX,ungated,626,1,1,1,1,17.036800003552344,nan,-0.8073337286710739
1,DiscNRX,ungated,627,1,1,1,1,16.102499997941777,nan,-0.8073337286710739
1,DiscNRX,ungated,628,1,1,1,1,17.70090000354685,nan,-0.8073337286710739
1,DiscNRX,ungated,629,1,1,1,1,14.336399995954707,nan,-0.8073337286710739
1,DiscNRX,ungated,630,1,1,1,1,17.525299997942057,nan,-0.8073337286710739
1,DiscNRX,ungated,631,1,1,1,1,15.647700005501974,nan,-0.8073337286710739
1,DiscNRX,ungated,632,1,1,1,1,17.35249999910593,nan,-0.8073337286710739
1,DiscNRX,ungated,633,1,1,1,1,16.85400000133086,nan,-0.8073337286710739
1,DiscNRX,ungated,634,1,1,1,1,15.488700002606492,nan,-0.8073337286710739
1,DiscNRX,ungated,635,1,1,1,1,17.14469999569701,nan,-0.8073337286710739
1,DiscNRX,ungated,636,1,1,1,1,17.017500002111774,nan,-0.8073337286710739
1,DiscNRX,ungated,637,1,1,1,1,17.397499999788124,nan,-0.8073337286710739
1,DiscNRX,ungated,638,1,1,1,1,16.26630000100704,nan,-0.8073337286710739
1,DiscNRX,ungated,639,1,1,1,1,16.774700001406018,nan,-0.8073337286710739
1,DiscNRX,ungated,640,1,1,1,1,17.568200004461687,nan,-0.8073337286710739
1,DiscNRX,ungated,641,1,1,1,1,16.18589999998221,nan,-0.8073337286710739
1,DiscNRX,ungated,642,1,1,1,1,20.053600004757755,nan,-0.8073337286710739
1,DiscNRX,ungated,643,1,1,1,1,17.643600003793836,nan,-0.8073337286710739
1,DiscNRX,ungated,644,1,1,1,1,16.71370000258321,nan,-0.8073337286710739
1,DiscNRX,ungated,645,1,1,1,1,14.581999996153172,nan,-0.8073337286710739
1,DiscNRX,ungated,646,1,1,1,1,15.649599998141639,nan,-0.8073337286710739
1,DiscNRX,ungated,647,1,1,1,1,16.064399998867884,nan,-0.8073337286710739
1,DiscNRX,ungated,648,1,1,1,1,16.3341000006767,nan,-0.8073337286710739
1,DiscNRX,ungated,649,1,1,1,1,15.865200002735946,nan,-0.8073337286710739
1,DiscNRX,ungated,650,1,1,1,1,16.862699994817376,nan,-0.8073337286710739
1,DiscNRX,ungated,651,1,1,1,1,16.88799999828916,nan,-0.8073337286710739
1,DiscNRX,ungated,652,1,1,1,1,15.275500001735054,nan,-0.8073337286710739
1,DiscNRX,ungated,653,1,1,1,1,16.010799998184666,nan,-0.8073337286710739
1,DiscNRX,ungated,654,1,1,1,1,16.601200004515704,nan,-0.8073337286710739
1,DiscNRX,ungated,655,1,1,1,1,18.277499999385327,nan,-0.8073337286710739
1,DiscNRX,ungated,656,1,1,1,1,17.76360000076238,nan,-0.8073337286710739
1,DiscNRX,ungated,657,1,1,1,1,19.07519999804208,nan,-0.8073337286710739
1,DiscNRX,ungated,658,1,1,1,1,18.18239999556681,nan,-0.8073337286710739
1,DiscNRX,ungated,659,1,1,1,1,17.72539999365108,nan,-0.8073337286710739
1,DiscNRX,ungated,660,1,1,1,1,16.5463000012096,nan,-0.8073337286710739
1,DiscNRX,ungated,661,1,1,1,1,19.03810000658268,nan,-0.8073337286710739
1,DiscNRX,ungated,662,1,1,1,1,18.824799997673836,nan,-0.8073337286710739
1,DiscNRX,ungated,663,1,1,1,1,17.839400003140327,nan,-0.8073337286710739
1,DiscNRX,ungated,664,1,1,1,1,18.44320000236621,nan,-0.8073337286710739
1,DiscNRX,ungated,665,1,1,1,1,15.929499997582752,nan,-0.8073337286710739
1,DiscNRX,ungated,666,1,1,1,1,14.001000003190711,nan,-0.8073337286710739
1,DiscNRX,ungated,667,1,1,1,1,18.006400001468137,nan,-0.8073337286710739
1,DiscNRX,ungated,668,1,1,1,1,17.678200005320832,nan,-0.8073337286710739
1,DiscNRX,ungated,669,1,1,1,1,15.590000002703164,nan,-0.8073337286710739
1,DiscNRX,ungated,670,1,1,1,1,15.485500000067987,nan,-0.8073337286710739
1,DiscNRX,ungated,671,1,1,1,1,17.822800000431016,nan,-0.8073337286710739
1,DiscNRX,ungated,672,1,1,1,1,18.77019999665208,nan,-0.8073337286710739
1,DiscNRX,ungated,673,1,1,1,1,18.476099998224527,nan,-0.8073337286710739
1,DiscNRX,ungated,674,1,1,1,1,13.65790000272682,nan,-0.8073337286710739
1,DiscNRX,ungated,675,1,1,1,1,15.991100000974257,nan,-0.8073337286710739
1,DiscNRX,ungated,676,1,1,1,1,18.338599998969585,nan,-0.8073337286710739
1,DiscNRX,ungated,677,1,1,1,1,16.076200001407415,nan,-0.8073337286710739
1,DiscNRX,ungated,678,1,1,1,1,16.85179999913089,nan,-0.8073337286710739
1,DiscNRX,ungated,679,1,1,1,1,16.463799998746254,nan,-0.8073337286710739
1,DiscNRX,ungated,680,1,1,1,1,16.75970000360394,nan,-0.8073337286710739
1,DiscNRX,ungated,681,1,1,1,1,20.900399998936336,nan,-0.8073337286710739
1,DiscNRX,ungated,682,1,1,1,1,20.595499998307787,nan,-0.8073337286710739
1,DiscNRX,ungated,683,1,1,1,1,19.641999999294057,nan,-0.8073337286710739
1,DiscNRX,ungated,684,1,1,1,1,19.46699999825796,nan,-0.8073337286710739
1,DiscNRX,ungated,685,1,1,1,1,18.51370000076713,nan,-0.8073337286710739
1,DiscNRX,ungated,686,1,1,1,1,19.957500000600703,nan,-0.8073337286710739
1,DiscNRX,ungated,687,1,1,1,1,17.207900003995746,nan,-0.8073337286710739
1,DiscNRX,ungated,688,1,1,1,1,19.75500000116881,nan,-0.8073337286710739
1,DiscNRX,ungated,689,1,1,1,1,19.112399997538887,nan,-0.8073337286710739
1,DiscNRX,ungated,690,1,1,1,1,17.324799999187235,nan,-0.8073337286710739
1,DiscNRX,ungated,691,1,1,1,1,16.985599999316037,nan,-0.8073337286710739
1,DiscNRX,ungated,692,1,1,1,1,17.039600003045052,nan,-0.8073337286710739
1,DiscNRX,ungated,693,1,1,1,1,18.383800001174677,nan,-0.8073337286710739
1,DiscNRX,ungated,694,1,1,1,1,20.109199998842087,nan,-0.8073337286710739
1,DiscNRX,ungated,695,1,1,1,1,18.13360000232933,nan,-0.8073337286710739
1,DiscNRX,ungated,696,1,1,1,1,19.271600001957268,nan,-0.8073337286710739
1,DiscNRX,ungated,697,1,1,1,1,17.837899998994544,nan,-0.8073337286710739
1,DiscNRX,ungated,698,1,1,1,1,16.361900001356844,nan,-0.8073337286710739
1,DiscNRX,ungated,699,1,1,1,1,17.92569999815896,nan,-0.8073337286710739
1,DiscNRX,ungated,700,1,1,1,1,16.25649999914458,nan,-0.8073337286710739
1,DiscNRX,ungated,701,1,1,1,1,19.431799999438226,nan,-0.8073337286710739
1,DiscNRX,ungated,702,1,1,1,1,15.764700001454912,nan,-0.8073337286710739
1,DiscNRX,ungated,703,1,1,1,1,18.120699998689815,nan,-0.8073337286710739
1,DiscNRX,ungated,704,1,1,1,1,18.872799999371637,nan,-0.8073337286710739
1,DiscNRX,ungated,705,1,1,1,1,17.19500000035623,nan,-0.8073337286710739
1,DiscNRX,ungated,706,1,1,1,1,17.837999999755993,nan,-0.8073337286710739
1,DiscNRX,ungated,707,1,1,1,1,17.27989999926649,nan,-0.8073337286710739
1,DiscNRX,ungated,708,1,1,1,1,17.471400002250448,nan,-0.8073337286710739
1,DiscNRX,ungated,709,1,1,1,1,16.62919999944279,nan,-0.8073337286710739
1,DiscNRX,ungated,710,1,1,1,1,17.189499994856305,nan,-0.8073337286710739
1,DiscNRX,ungated,711,1,1,1,1,16.946499999903608,nan,-0.8073337286710739
1,DiscNRX,ungated,712,1,1,1,1,17.69409999542404,nan,-0.8073337286710739
1,DiscNRX,ungated,713,1,1,1,1,14.593599997169804,nan,-0.8073337286710739
1,DiscNRX,ungated,714,1,1,1,1,17.131500004325062,nan,-0.8073337286710739
1,DiscNRX,ungated,715,1,1,1,1,17.155400004412513,nan,-0.8073337286710739
1,DiscNRX,ungated,716,1,1,1,1,19.071200003963895,nan,-0.8073337286710739
1,DiscNRX,ungated,717,1,1,1,1,18.090700003085658,nan,-0.8073337286710739
1,DiscNRX,ungated,718,1,1,1,1,16.746400004194584,nan,-0.8073337286710739
1,DiscNRX,ungated,719,1,1,1,1,17.682600002444815,nan,-0.8073337286710739
1,DiscNRX,ungated,720,1,1,1,1,17.029200003889855,nan,-0.8073337286710739
1,DiscNRX,ungated,721,1,1,1,1,17.055900003470015,nan,-0.8073337286710739
1,DiscNRX,ungated,722,1,1,1,1,17.24070000636857,nan,-0.8073337286710739
1,DiscNRX,ungated,723,1,1,1,1,15.560200001345947,nan,-0.8073337286710739
1,DiscNRX,ungated,724,1,1,1,1,18.263699996168725,nan,-0.8073337286710739
1,DiscNRX,ungated,725,1,1,1,1,17.30090000637574,nan,-0.8073337286710739
1,DiscNRX,ungated,726,1,1,1,1,20.440899999812245,nan,-0.8073337286710739
1,DiscNRX,ungated,727,1,1,1,1,27.874499995959923,nan,-0.8073337286710739
1,DiscNRX,ungated,728,1,1,1,1,16.32409999729134,nan,-0.8073337286710739
1,DiscNRX,ungated,729,1,1,1,1,15.652499998395797,nan,-0.8073337286710739
1,DiscNRX,ungated,730,1,1,1,1,19.83299999847077,nan,-0.8073337286710739
1,DiscNRX,ungated,731,1,1,1,1,18.035900000541005,nan,-0.8073337286710739
1,DiscNRX,ungated,732,1,1,1,1,18.754600001557264,nan,-0.8073337286710739
1,DiscNRX,ungated,733,1,1,1,1,18.59800000238465,nan,-0.8073337286710739
1,DiscNRX,ungated,734,1,1,1,1,17.568200004461687,nan,-0.8073337286710739
1,DiscNRX,ungated,735,1,1,1,1,16.33830000355374,nan,-0.8073337286710739
1,DiscNRX,ungated,736,1,1,1,1,18.001799995545298,nan,-0.8073337286710739
1,DiscNRX,ungated,737,1,1,1,1,16.606899996986613,nan,-0.8073337286710739
1,DiscNRX,ungated,738,1,1,1,1,16.864699995494448,nan,-0.8073337286710739
1,DiscNRX,ungated,739,1,1,1,1,17.552199999045115,nan,-0.8073337286710739
1,DiscNRX,ungated,740,1,1,1,1,17.09310000296682,nan,-0.8073337286710739
1,DiscNRX,ungated,741,1,1,1,1,19.201800001610536,nan,-0.8073337286710739
1,DiscNRX,ungated,742,1,1,1,1,16.47149999917019,nan,-0.8073337286710739
1,DiscNRX,ungated,743,1,1,1,1,16.750999995565508,nan,-0.8073337286710739
1,DiscNRX,ungated,744,1,1,1,1,18.648600002052262,nan,-0.8073337286710739
1,DiscNRX,ungated,745,1,1,1,1,25.192200002493337,nan,-0.8073337286710739
1,DiscNRX,ungated,746,1,1,1,1,17.975499999010935,nan,-0.8073337286710739
1,DiscNRX,ungated,747,1,1,1,1,17.135699999926146,nan,-0.8073337286710739
1,DiscNRX,ungated,748,1,1,1,1,16.542400000616908,nan,-0.8073337286710739
1,DiscNRX,ungated,749,1,1,1,1,19.476399997074623,nan,-0.8073337286710739
1,DiscNRX,ungated,750,1,1,1,1,17.82830000593094,nan,-0.8073337286710739
1,DiscNRX,ungated,751,1,1,1,1,17.978799995034933,nan,-0.8073337286710739
1,DiscNRX,ungated,752,1,1,1,1,22.02699999907054,nan,-0.8073337286710739
1,DiscNRX,ungated,753,1,1,1,1,17.20010000281036,nan,-0.8073337286710739
1,DiscNRX,ungated,754,1,1,1,1,16.407700000854675,nan,-0.8073337286710739
1,DiscNRX,ungated,755,1,1,1,1,21.800499998789746,nan,-0.8073337286710739
1,DiscNRX,ungated,756,1,1,1,1,18.24299999861978,nan,-0.8073337286710739
1,DiscNRX,ungated,757,1,1,1,1,18.628400001034606,nan,-0.8073337286710739
1,DiscNRX,ungated,758,1,1,1,1,17.198900000948925,nan,-0.8073337286710739
1,DiscNRX,ungated,759,1,1,1,1,19.08710000134306,nan,-0.8073337286710739
1,DiscNRX,ungated,760,1,1,1,1,16.013100001146086,nan,-0.8073337286710739
1,DiscNRX,ungated,761,1,1,1,1,18.391999998129904,nan,-0.8073337286710739
1,DiscNRX,ungated,762,1,1,1,1,17.588200003956445,nan,-0.8073337286710739
1,DiscNRX,ungated,763,1,1,1,1,17.60690000082832,nan,-0.8073337286710739
1,DiscNRX,ungated,764,1,1,1,1,20.439200001419522,nan,-0.8073337286710739
1,DiscNRX,ungated,765,1,1,1,1,17.88220000162255,nan,-0.8073337286710739
1,DiscNRX,ungated,766,1,1,1,1,18.611300001794007,nan,-0.8073337286710739
1,DiscNRX,ungated,767,1,1,1,1,16.74300000013318,nan,-0.8073337286710739
1,DiscNRX,ungated,768,1,1,1,1,17.697899995255284,nan,-0.8073337286710739
1,DiscNRX,ungated,769,1,1,1,1,19.278800005849916,nan,-0.8073337286710739
1,DiscNRX,ungated,770,1,1,1,1,18.726000002061483,nan,-0.8073337286710739
1,DiscNRX,ungated,771,1,1,1,1,18.664799994439818,nan,-0.8073337286710739
1,DiscNRX,ungated,772,1,1,1,1,16.691000004357193,nan,-0.8073337286710739
1,DiscNRX,ungated,773,1,1,1,1,17.531099998450372,nan,-0.8073337286710739
1,DiscNRX,ungated,774,1,1,1,1,16.536899995116983,nan,-0.8073337286710739
1,DiscNRX,ungated,775,1,1,1,1,16.451599993160926,nan,-0.8073337286710739
1,DiscNRX,ungated,776,1,1,1,1,16.974400001345202,nan,-0.8073337286710739
1,DiscNRX,ungated,777,1,1,1,1,16.022799994971137,nan,-0.8073337286710739
1,DiscNRX,ungated,778,1,1,1,1,15.029199996206444,nan,-0.8073337286710739
1,DiscNRX,ungated,779,1,1,1,1,17.21230000111973,nan,-0.8073337286710739
1,DiscNRX,ungated,780,1,1,1,1,16.97000000422122,nan,-0.8073337286710739
1,DiscNRX,ungated,781,1,1,1,1,17.49299999937648,nan,-0.8073337286710739
1,DiscNRX,ungated,782,1,1,1,1,16.791900001408067,nan,-0.8073337286710739
1,DiscNRX,ungated,783,1,1,1,1,16.749100002925843,nan,-0.8073337286710739
1,DiscNRX,ungated,784,1,1,1,1,18.122900000889786,nan,-0.8073337286710739
1,DiscNRX,ungated,785,1,1,1,1,16.939799999818206,nan,-0.8073337286710739
1,DiscNRX,ungated,786,1,1,1,1,18.546699997386895,nan,-0.8073337286710739
1,DiscNRX,ungated,787,1,1,1,1,18.405899994831998,nan,-0.8073337286710739
1,DiscNRX,ungated,788,1,1,1,1,18.99690000573173,nan,-0.8073337286710739
1,DiscNRX,ungated,789,1,1,1,1,17.3958000013954,nan,-0.8073337286710739
1,DiscNRX,ungated,790,1,1,1,1,18.463600004906766,nan,-0.8073337286710739
1,DiscNRX,ungated,791,1,1,1,1,18.32789999753004,nan,-0.8073337286710739
1,DiscNRX,ungated,792,1,1,1,1,18.496400000003632,nan,-0.8073337286710739
1,DiscNRX,ungated,793,1,1,1,1,17.260600005101878,nan,-0.8073337286710739
1,DiscNRX,ungated,794,1,1,1,1,16.429499999503605,nan,-0.8073337286710739
1,DiscNRX,ungated,795,1,1,1,1,17.7758999998332,nan,-0.8073337286710739
1,DiscNRX,ungated,796,1,1,1,1,15.890899994701613,nan,-0.8073337286710739
1,DiscNRX,ungated,797,1,1,1,1,16.540199998416938,nan,-0.8073337286710739
1,DiscNRX,ungated,798,1,1,1,1,17.455000001064036,nan,-0.8073337286710739
1,DiscNRX,ungated,799,1,1,1,1,17.634199997701216,nan,-0.8073337286710739
1,DiscNRX,ungated,800,1,1,1,1,18.106899995473213,nan,-0.8073337286710739
1,DiscNRX,ungated,801,1,1,1,1,19.2421000028844,nan,-0.8073337286710739
1,DiscNRX,ungated,802,1,1,1,1,17.91909999883501,nan,-0.8073337286710739
1,DiscNRX,ungated,803,1,1,1,1,16.3920999984839,nan,-0.8073337286710739
1,DiscNRX,ungated,804,1,1,1,1,14.938500004063826,nan,-0.8073337286710739
1,DiscNRX,ungated,805,1,1,1,1,16.471299997647293,nan,-0.8073337286710739
1,DiscNRX,ungated,806,1,1,1,1,16.11830000183545,nan,-0.8073337286710739
1,DiscNRX,ungated,807,1,1,1,1,16.956499996013008,nan,-0.8073337286710739
1,DiscNRX,ungated,808,1,1,1,1,18.214700001408346,nan,-0.8073337286710739
1,DiscNRX,ungated,809,1,1,1,1,17.28449999791337,nan,-0.8073337286710739
1,DiscNRX,ungated,810,1,1,1,1,19.625699998869095,nan,-0.8073337286710739
1,DiscNRX,ungated,811,1,1,1,1,18.207899993285537,nan,-0.8073337286710739
1,DiscNRX,ungated,812,1,1,1,1,18.070199999783654,nan,-0.8073337286710739
1,DiscNRX,ungated,813,1,1,1,1,18.75879999715835,nan,-0.8073337286710739
1,DiscNRX,ungated,814,1,1,1,1,19.067599998379592,nan,-0.8073337286710739
1,DiscNRX,ungated,815,1,1,1,1,20.703099995444063,nan,-0.8073337286710739
1,DiscNRX,ungated,816,1,1,1,1,20.996899998863228,nan,-0.8073337286710739
1,DiscNRX,ungated,817,1,1,1,1,18.41910000075586,nan,-0.8073337286710739
1,DiscNRX,ungated,818,1,1,1,1,17.75659999839263,nan,-0.8073337286710739
1,DiscNRX,ungated,819,1,1,1,1,17.862000000604894,nan,-0.8073337286710739
1,DiscNRX,ungated,820,1,1,1,1,18.246499996166676,nan,-0.8073337286710739
1,DiscNRX,ungated,821,1,1,1,1,18.6665000001085,nan,-0.8073337286710739
1,DiscNRX,ungated,822,1,1,1,1,17.750200000591576,nan,-0.8073337286710739
1,DiscNRX,ungated,823,1,1,1,1,20.28180000343127,nan,-0.8073337286710739
1,DiscNRX,ungated,824,1,1,1,1,19.22490000288235,nan,-0.8073337286710739
1,DiscNRX,ungated,825,1,1,1,1,19.16709999932209,nan,-0.8073337286710739
1,DiscNRX,ungated,826,1,1,1,1,18.15500000520842,nan,-0.8073337286710739
1,DiscNRX,ungated,827,1,1,1,1,18.878099996072706,nan,-0.8073337286710739
1,DiscNRX,ungated,828,1,1,1,1,17.01619999948889,nan,-0.8073337286710739
1,DiscNRX,ungated,829,1,1,1,1,18.469700000423472,nan,-0.8073337286710739
1,DiscNRX,ungated,830,1,1,1,1,19.811400001344737,nan,-0.8073337286710739
1,DiscNRX,ungated,831,1,1,1,1,18.884899996919557,nan,-0.8073337286710739
1,DiscNRX,ungated,832,1,1,1,1,18.012599997746293,nan,-0.8073337286710739
1,DiscNRX,ungated,833,1,1,1,1,16.74520000233315,nan,-0.8073337286710739
1,DiscNRX,ungated,834,1,1,1,1,17.087799998989794,nan,-0.8073337286710739
1,DiscNRX,ungated,835,1,1,1,1,18.257400006405078,nan,-0.8073337286710739
1,DiscNRX,ungated,836,1,1,1,1,19.00210000167135,nan,-0.8073337286710739
1,DiscNRX,ungated,837,1,1,1,1,17.41089999995893,nan,-0.8073337286710739
1,DiscNRX,ungated,838,1,1,1,1,15.674599999329075,nan,-0.8073337286710739
1,DiscNRX,ungated,839,1,1,1,1,16.405800000939053,nan,-0.8073337286710739
1,DiscNRX,ungated,840,1,1,1,1,18.55910000449512,nan,-0.8073337286710739
1,DiscNRX,ungated,841,1,1,1,1,17.91619999858085,nan,-0.8073337286710739
1,DiscNRX,ungated,842,1,1,1,1,19.575300000724383,nan,-0.8073337286710739
1,DiscNRX,ungated,843,1,1,1,1,16.565300000365824,nan,-0.8073337286710739
1,DiscNRX,ungated,844,1,1,1,1,18.53059999848483,nan,-0.8073337286710739
1,DiscNRX,ungated,845,1,1,1,1,17.884299995785113,nan,-0.8073337286710739
1,DiscNRX,ungated,846,1,1,1,1,18.72989999537822,nan,-0.8073337286710739
1,DiscNRX,ungated,847,1,1,1,1,18.595399997138884,nan,-0.8073337286710739
1,DiscNRX,ungated,848,1,1,1,1,19.541199995728675,nan,-0.8073337286710739
1,DiscNRX,ungated,849,1,1,1,1,18.15550000173971,nan,-0.8073337286710739
1,DiscNRX,ungated,850,1,1,1,1,18.568400002550334,nan,-0.8073337286710739
1,DiscNRX,ungated,851,1,1,1,1,19.092700000328477,nan,-0.8073337286710739
1,DiscNRX,ungated,852,1,1,1,1,18.121499997505452,nan,-0.8073337286710739
1,DiscNRX,ungated,853,1,1,1,1,18.805200001224875,nan,-0.8073337286710739
1,DiscNRX,ungated,854,1,1,1,1,19.221400005335454,nan,-0.8073337286710739
1,DiscNRX,ungated,855,1,1,1,1,18.289900006493554,nan,-0.8073337286710739
1,DiscNRX,ungated,856,1,1,1,1,18.54559999628691,nan,-0.8073337286710739
1,DiscNRX,ungated,857,1,1,1,1,19.16190000338247,nan,-0.8073337286710739
1,DiscNRX,ungated,858,1,1,1,1,18.66869999503251,nan,-0.8073337286710739
1,DiscNRX,ungated,859,1,1,1,1,19.83699999982491,nan,-0.8073337286710739
1,DiscNRX,ungated,860,1,1,1,1,19.221700000343844,nan,-0.8073337286710739
1,DiscNRX,ungated,861,1,1,1,1,18.637400004081428,nan,-0.8073337286710739
1,DiscNRX,ungated,862,1,1,1,1,20.612899999832734,nan,-0.8073337286710739
1,DiscNRX,ungated,863,1,1,1,1,20.21249999961583,nan,-0.8073337286710739
1,DiscNRX,ungated,864,1,1,1,1,18.375599996943492,nan,-0.8073337286710739
1,DiscNRX,ungated,865,1,1,1,1,19.599100000050385,nan,-0.8073337286710739
1,DiscNRX,ungated,866,1,1,1,1,19.907500005501788,nan,-0.8073337286710739
1,DiscNRX,ungated,867,1,1,1,1,18.90329999878304,nan,-0.8073337286710739
1,DiscNRX,ungated,868,1,1,1,1,18.260900003951974,nan,-0.8073337286710739
1,DiscNRX,ungated,869,1,1,1,1,18.826999999873806,nan,-0.8073337286710739
1,DiscNRX,ungated,870,1,1,1,1,15.797699998074677,nan,-0.8073337286710739
1,DiscNRX,ungated,871,1,1,1,1,18.077200002153404,nan,-0.8073337286710739
1,DiscNRX,ungated,872,1,1,1,1,17.45680000021821,nan,-0.8073337286710739
1,DiscNRX,ungated,873,1,1,1,1,18.0497999972431,nan,-0.8073337286710739
1,DiscNRX,ungated,874,1,1,1,1,18.965699993714225,nan,-0.8073337286710739
1,DiscNRX,ungated,875,1,1,1,1,19.359300000360236,nan,-0.8073337286710739
1,DiscNRX,ungated,876,1,1,1,1,18.37350000278093,nan,-0.8073337286710739
1,DiscNRX,ungated,877,1,1,1,1,18.48920000338694,nan,-0.8073337286710739
1,DiscNRX,ungated,878,1,1,1,1,19.53400000638794,nan,-0.8073337286710739
1,DiscNRX,ungated,879,1,1,1,1,17.249900003662333,nan,-0.8073337286710739
1,DiscNRX,ungated,880,1,1,1,1,16.285800003970508,nan,-0.8073337286710739
1,DiscNRX,ungated,881,1,1,1,1,19.679599994560704,nan,-0.8073337286710739
1,DiscNRX,ungated,882,1,1,1,1,18.636100001458544,nan,-0.8073337286710739
1,DiscNRX,ungated,883,1,1,1,1,18.60580000357004,nan,-0.8073337286710739
1,DiscNRX,ungated,884,1,1,1,1,17.206700002134312,nan,-0.8073337286710739
1,DiscNRX,ungated,885,1,1,1,1,18.202699997345917,nan,-0.8073337286710739
1,DiscNRX,ungated,886,1,1,1,1,16.721799998776987,nan,-0.8073337286710739
1,DiscNRX,ungated,887,1,1,1,1,17.44899999903282,nan,-0.8073337286710739
1,DiscNRX,ungated,888,1,1,1,1,18.558499999926426,nan,-0.8073337286710739
1,DiscNRX,ungated,889,1,1,1,1,17.375999996147584,nan,-0.8073337286710739
1,DiscNRX,ungated,890,1,1,1,1,17.504199997347314,nan,-0.8073337286710739
1,DiscNRX,ungated,891,1,1,1,1,17.666699997789692,nan,-0.8073337286710739
1,DiscNRX,ungated,892,1,1,1,1,16.75950000208104,nan,-0.8073337286710739
1,DiscNRX,ungated,893,1,1,1,1,17.898899997817352,nan,-0.8073337286710739
1,DiscNRX,ungated,894,1,1,1,1,17.063100000086706,nan,-0.8073337286710739
1,DiscNRX,ungated,895,1,1,1,1,17.54390000132844,nan,-0.8073337286710739
1,DiscNRX,ungated,896,1,1,1,1,17.60880000074394,nan,-0.8073337286710739
1,DiscNRX,ungated,897,1,1,1,1,16.243100006249733,nan,-0.8073337286710739
1,DiscNRX,ungated,898,1,1,1,1,17.59160000074189,nan,-0.8073337286710739
1,DiscNRX,ungated,899,1,1,1,1,16.829999993206002,nan,-0.8073337286710739
1,DiscNRX,ungated,900,1,1,1,1,16.349199999240227,nan,-0.8073337286710739
1,DiscNRX,ungated,901,1,1,1,1,16.3100999998278,nan,-0.8073337286710739
1,DiscNRX,ungated,902,1,1,1,1,17.03119999729097,nan,-0.8073337286710739
1,DiscNRX,ungated,903,1,1,1,1,15.825000002223533,nan,-0.8073337286710739
1,DiscNRX,ungated,904,1,1,1,1,18.63949999824399,nan,-0.8073337286710739
1,DiscNRX,ungated,905,1,1,1,1,15.943799997330643,nan,-0.8073337286710739
1,DiscNRX,ungated,906,1,1,1,1,16.81829999870388,nan,-0.8073337286710739
1,DiscNRX,ungated,907,1,1,1,1,16.819299999042414,nan,-0.8073337286710739
1,DiscNRX,ungated,908,1,1,1,1,18.09030000003986,nan,-0.8073337286710739
1,DiscNRX,ungated,909,1,1,1,1,16.519599994353484,nan,-0.8073337286710739
1,DiscNRX,ungated,910,1,1,1,1,18.418100000417326,nan,-0.8073337286710739
1,DiscNRX,ungated,911,1,1,1,1,17.617400000744965,nan,-0.8073337286710739
1,DiscNRX,ungated,912,1,1,1,1,16.705200003343634,nan,-0.8073337286710739
1,DiscNRX,ungated,913,1,1,1,1,15.817599996807985,nan,-0.8073337286710739
1,DiscNRX,ungated,914,1,1,1,1,17.994300003920216,nan,-0.8073337286710739
1,DiscNRX,ungated,915,1,1,1,1,18.41689999855589,nan,-0.8073337286710739
1,DiscNRX,ungated,916,1,1,1,1,16.736199999286328,nan,-0.8073337286710739
1,DiscNRX,ungated,917,1,1,1,1,16.379299995605834,nan,-0.8073337286710739
1,DiscNRX,ungated,918,1,1,1,1,16.245700004219543,nan,-0.8073337286710739
1,DiscNRX,ungated,919,1,1,1,1,19.639700003608596,nan,-0.8073337286710739
1,DiscNRX,ungated,920,1,1,1,1,16.997599996102508,nan,-0.8073337286710739
1,DiscNRX,ungated,921,1,1,1,1,17.80239999789046,nan,-0.8073337286710739
1,DiscNRX,ungated,922,1,1,1,1,15.890899994701613,nan,-0.8073337286710739
1,DiscNRX,ungated,923,1,1,1,1,15.902400002232753,nan,-0.8073337286710739
1,DiscNRX,ungated,924,1,1,1,1,14.023900002939627,nan,-0.8073337286710739
1,DiscNRX,ungated,925,1,1,1,1,18.55259999865666,nan,-0.8073337286710739
1,DiscNRX,ungated,926,1,1,1,1,16.95350000227336,nan,-0.8073337286710739
1,DiscNRX,ungated,927,1,1,1,1,17.286999995121732,nan,-0.8073337286710739
1,DiscNRX,ungated,928,1,1,1,1,18.265899998368695,nan,-0.8073337286710739
1,DiscNRX,ungated,929,1,1,1,1,17.87490000424441,nan,-0.8073337286710739
1,DiscNRX,ungated,930,1,1,1,1,18.20949999819277,nan,-0.8073337286710739
1,DiscNRX,ungated,931,1,1,1,1,16.458700003568083,nan,-0.8073337286710739
1,DiscNRX,ungated,932,1,1,1,1,19.4231999994372,nan,-0.8073337286710739
1,DiscNRX,ungated,933,1,1,1,1,18.904799995652866,nan,-0.8073337286710739
1,DiscNRX,ungated,934,1,1,1,1,17.56990000285441,nan,-0.8073337286710739
1,DiscNRX,ungated,935,1,1,1,1,19.214799998735543,nan,-0.8073337286710739
1,DiscNRX,ungated,936,1,1,1,1,18.798299999616574,nan,-0.8073337286710739
1,DiscNRX,ungated,937,1,1,1,1,16.843700002937112,nan,-0.8073337286710739
1,DiscNRX,ungated,938,1,1,1,1,18.13430000038352,nan,-0.8073337286710739
1,DiscNRX,ungated,939,1,1,1,1,17.713900000671856,nan,-0.8073337286710739
1,DiscNRX,ungated,940,1,1,1,1,17.54149999760557,nan,-0.8073337286710739
1,DiscNRX,ungated,941,1,1,1,1,17.827499999839347,nan,-0.8073337286710739
1,DiscNRX,ungated,942,1,1,1,1,17.738800001097843,nan,-0.8073337286710739
1,DiscNRX,ungated,943,1,1,1,1,18.245700004626997,nan,-0.8073337286710739
1,DiscNRX,ungated,944,1,1,1,1,19.354100004420616,nan,-0.8073337286710739
1,DiscNRX,ungated,945,1,1,1,1,18.121200002497062,nan,-0.8073337286710739
1,DiscNRX,ungated,946,1,1,1,1,17.562599998200312,nan,-0.8073337286710739
1,DiscNRX,ungated,947,1,1,1,1,17.97870000154944,nan,-0.8073337286710739
1,DiscNRX,ungated,948,1,1,1,1,17.776999993657228,nan,-0.8073337286710739
1,DiscNRX,ungated,949,1,1,1,1,17.22600000357488,nan,-0.8073337286710739
1,DiscNRX,ungated,950,1,1,1,1,18.001600001298357,nan,-0.8073337286710739
1,DiscNRX,ungated,951,1,1,1,1,16.583999997237697,nan,-0.8073337286710739
1,DiscNRX,ungated,952,1,1,1,1,16.97940000303788,nan,-0.8073337286710739
1,DiscNRX,ungated,953,1,1,1,1,15.43600000150036,nan,-0.8073337286710739
1,DiscNRX,ungated,954,1,1,1,1,16.712600001483224,nan,-0.8073337286710739
1,DiscNRX,ungated,955,1,1,1,1,18.25799999642186,nan,-0.8073337286710739
1,DiscNRX,ungated,956,1,1,1,1,16.29049999610288,nan,-0.8073337286710739
1,DiscNRX,ungated,957,1,1,1,1,19.530700003087986,nan,-0.8073337286710739
1,DiscNRX,ungated,958,1,1,1,1,18.527100000937935,nan,-0.8073337286710739
1,DiscNRX,ungated,959,1,1,1,1,17.222800001036376,nan,-0.8073337286710739
1,DiscNRX,ungated,960,1,1,1,1,18.076899999869056,nan,-0.8073337286710739
1,DiscNRX,ungated,961,1,1,1,1,17.53610000014305,nan,-0.8073337286710739
1,DiscNRX,ungated,962,1,1,1,1,19.16709999932209,nan,-0.8073337286710739
1,DiscNRX,ungated,963,1,1,1,1,18.98849999997765,nan,-0.8073337286710739
1,DiscNRX,ungated,964,1,1,1,1,15.621499995177146,nan,-0.8073337286710739
1,DiscNRX,ungated,965,1,1,1,1,17.734000000928063,nan,-0.8073337286710739
1,DiscNRX,ungated,966,1,1,1,1,18.680000001040753,nan,-0.8073337286710739
1,DiscNRX,ungated,967,1,1,1,1,18.21880000352394,nan,-0.8073337286710739
1,DiscNRX,ungated,968,1,1,1,1,17.302600004768465,nan,-0.8073337286710739
1,DiscNRX,ungated,969,1,1,1,1,16.655100000207312,nan,-0.8073337286710739
1,DiscNRX,ungated,970,1,1,1,1,18.716200000199024,nan,-0.8073337286710739
1,DiscNRX,ungated,971,1,1,1,1,18.07310000003781,nan,-0.8073337286710739
1,DiscNRX,ungated,972,1,1,1,1,16.521600002306513,nan,-0.8073337286710739
1,DiscNRX,ungated,973,1,1,1,1,18.897300004027784,nan,-0.8073337286710739
1,DiscNRX,ungated,974,1,1,1,1,17.429100000299513,nan,-0.8073337286710739
1,DiscNRX,ungated,975,1,1,1,1,17.07429999805754,nan,-0.8073337286710739
1,DiscNRX,ungated,976,1,1,1,1,16.563099998165853,nan,-0.8073337286710739
1,DiscNRX,ungated,977,1,1,1,1,17.7034999942407,nan,-0.8073337286710739
1,DiscNRX,ungated,978,1,1,1,1,17.91830000001937,nan,-0.8073337286710739
1,DiscNRX,ungated,979,1,1,1,1,16.496800002641976,nan,-0.8073337286710739
1,DiscNRX,ungated,980,1,1,1,1,18.273599998792633,nan,-0.8073337286710739
1,DiscNRX,ungated,981,1,1,1,1,16.395700004068203,nan,-0.8073337286710739
1,DiscNRX,ungated,982,1,1,1,1,17.573800003447104,nan,-0.8073337286710739
1,DiscNRX,ungated,983,1,1,1,1,18.004300000029616,nan,-0.8073337286710739
1,DiscNRX,ungated,984,1,1,1,1,17.37940000020899,nan,-0.8073337286710739
1,DiscNRX,ungated,985,1,1,1,1,18.70460000645835,nan,-0.8073337286710739
1,DiscNRX,ungated,986,1,1,1,1,19.073800001933705,nan,-0.8073337286710739
1,DiscNRX,ungated,987,1,1,1,1,17.987000006542075,nan,-0.8073337286710739
1,DiscNRX,ungated,988,1,1,1,1,14.38899999629939,nan,-0.8073337286710739
1,DiscNRX,ungated,989,1,1,1,1,17.757400004484225,nan,-0.8073337286710739
1,DiscNRX,ungated,990,1,1,1,1,18.313300002773758,nan,-0.8073337286710739
1,DiscNRX,ungated,991,1,1,1,1,18.890799998189323,nan,-0.8073337286710739
1,DiscNRX,ungated,992,1,1,1,1,16.89769999939017,nan,-0.8073337286710739
1,DiscNRX,ungated,993,1,1,1,1,17.943999999260996,nan,-0.8073337286710739
1,DiscNRX,ungated,994,1,1,1,1,19.12359999550972,nan,-0.8073337286710739
1,DiscNRX,ungated,995,1,1,1,1,18.14120000199182,nan,-0.8073337286710739
1,DiscNRX,ungated,996,1,1,1,1,17.673700000159442,nan,-0.8073337286710739
1,DiscNRX,ungated,997,1,1,1,1,15.00099999975646,nan,-0.8073337286710739
1,DiscNRX,ungated,998,1,1,1,1,17.89969999663299,nan,-0.8073337286710739
1,DiscNRX,ungated,999,1,1,1,1,17.843199995695613,nan,-0.8073337286710739
1,DiscNRX,gated,0,1,0,0,0,nan,nan,-0.8073337286710739
1,DiscNRX,gated,1,1,0,0,0,nan,nan,-0.8073337286710739
1,DiscNRX,gated,2,1,0,0,0,nan,nan,-0.8073337286710739
1,DiscNRX,gated,3,1,0,0,0,nan,nan,-0.8073337286710739
1,DiscNRX,gated,4,1,0,0,0,nan,nan,-0.8073337286710739
1,DiscNRX,gated,5,1,0,0,0,nan,nan,-0.8073337286710739
1,DiscNRX,gated,6,1,0,0,0,nan,nan,-0.8073337286710739
1,DiscNRX,gated,7,1,0,0,0,nan,nan,-0.8073337286710739
1,DiscNRX,gated,8,1,0,0,0,nan,nan,-0.8073337286710739
1,DiscNRX,gated,9,1,0,0,0,nan,nan,-0.8073337286710739
1,DiscNRX,gated,10,1,0,0,0,nan,nan,-0.8073337286710739
1,DiscNRX,gated,11,1,0,0,0,nan,nan,-0.8073337286710739
1,DiscNRX,gated,12,1,0,0,0,nan,nan,-0.8073337286710739
1,DiscNRX,gated,13,1,0,0,0,nan,nan,-0.8073337286710739
1,DiscNRX,gated,14,1,0,0,0,nan,nan,-0.8073337286710739
1,DiscNRX,gated,15,1,0,0,0,nan,nan,-0.8073337286710739
1,DiscNRX,gated,16,1,0,0,0,nan,nan,-0.8073337286710739
1,DiscNRX,gated,17,1,0,0,0,nan,nan,-0.8073337286710739
1,DiscNRX,gated,18,1,0,0,0,nan,nan,-0.8073337286710739
1,DiscNRX,gated,19,1,0,0,0,nan,nan,-0.8073337286710739
1,DiscNRX,gated,20,1,0,0,0,nan,nan,-0.8073337286710739
1,DiscNRX,gated,21,1,0,0,0,nan,nan,-0.8073337286710739
1,DiscNRX,gated,22,1,0,0,0,nan,nan,-0.8073337286710739
1,DiscNRX,gated,23,1,0,0,0,nan,nan,-0.8073337286710739
1,DiscNRX,gated,24,1,0,0,0,nan,nan,-0.8073337286710739
1,DiscNRX,gated,25,1,0,0,0,nan,nan,-0.8073337286710739
1,DiscNRX,gated,26,1,0,0,0,nan,nan,-0.8073337286710739
1,DiscNRX,gated,27,1,0,0,0,nan,nan,-0.8073337286710739
1,DiscNRX,gated,28,1,0,0,0,nan,nan,-0.8073337286710739
1,DiscNRX,gated,29,1,0,0,0,nan,nan,-0.8073337286710739
1,DiscNRX,gated,30,1,0,0,0,nan,nan,-0.8073337286710739
1,DiscNRX,gated,31,1,0,0,0,nan,nan,-0.8073337286710739
1,DiscNRX,gated,32,1,0,0,0,nan,nan,-0.8073337286710739
1,DiscNRX,gated,33,1,0,0,0,nan,nan,-0.8073337286710739
1,DiscNRX,gated,34,1,0,0,0,nan,nan,-0.8073337286710739
1,DiscNRX,gated,35,1,0,0,0,nan,nan,-0.8073337286710739
1,DiscNRX,gated,36,1,0,0,0,nan,nan,-0.8073337286710739
1,DiscNRX,gated,37,1,0,0,0,nan,nan,-0.8073337286710739
1,DiscNRX,gated,38,1,0,0,0,nan,nan,-0.8073337286710739
1,DiscNRX,gated,39,1,0,0,0,nan,nan,-0.8073337286710739
1,DiscNRX,gated,40,1,0,0,0,nan,nan,-0.8073337286710739
1,DiscNRX,gated,41,1,0,0,0,nan,nan,-0.8073337286710739
1,DiscNRX,gated,42,1,0,0,0,nan,nan,-0.8073337286710739
1,DiscNRX,gated,43,1,0,0,0,nan,nan,-0.8073337286710739
1,DiscNRX,gated,44,1,0,0,0,nan,nan,-0.8073337286710739
1,DiscNRX,gated,45,1,0,0,0,nan,nan,-0.8073337286710739
1,DiscNRX,gated,46,1,0,0,0,nan,nan,-0.8073337286710739
1,DiscNRX,gated,47,1,0,0,0,nan,nan,-0.8073337286710739
1,DiscNRX,gated,48,1,0,0,0,nan,nan,-0.8073337286710739
1,DiscNRX,gated,49,1,0,0,0,nan,nan,-0.8073337286710739
1,DiscNRX,gated,50,1,0,0,0,nan,nan,-0.8073337286710739
1,DiscNRX,gated,51,1,0,0,0,nan,nan,-0.8073337286710739
1,DiscNRX,gated,52,1,0,0,0,nan,nan,-0.8073337286710739
1,DiscNRX,gated,53,1,0,0,0,nan,nan,-0.8073337286710739
1,DiscNRX,gated,54,1,0,0,0,nan,nan,-0.8073337286710739
1,DiscNRX,gated,55,1,0,0,0,nan,nan,-0.8073337286710739
1,DiscNRX,gated,56,1,0,0,0,nan,nan,-0.8073337286710739
1,DiscNRX,gated,57,1,0,0,0,nan,nan,-0.8073337286710739
1,DiscNRX,gated,58,1,0,0,0,nan,nan,-0.8073337286710739
1,DiscNRX,gated,59,1,0,0,0,nan,nan,-0.8073337286710739
1,DiscNRX,gated,60,1,0,0,0,nan,nan,-0.8073337286710739
1,DiscNRX,gated,61,1,0,0,0,nan,nan,-0.8073337286710739
1,DiscNRX,gated,62,1,0,0,0,nan,nan,-0.8073337286710739
1,DiscNRX,gated,63,1,0,0,0,nan,nan,-0.8073337286710739
1,DiscNRX,gated,64,1,0,0,0,nan,nan,-0.8073337286710739
1,DiscNRX,gated,65,1,0,0,0,nan,nan,-0.8073337286710739
1,DiscNRX,gated,66,1,0,0,0,nan,nan,-0.8073337286710739
1,DiscNRX,gated,67,1,0,0,0,nan,nan,-0.8073337286710739
1,DiscNRX,gated,68,1,0,0,0,nan,nan,-0.8073337286710739
1,DiscNRX,gated,69,1,0,0,0,nan,nan,-0.8073337286710739
1,DiscNRX,gated,70,1,0,0,0,nan,nan,-0.8073337286710739
1,DiscNRX,gated,71,1,0,0,0,nan,nan,-0.8073337286710739
1,DiscNRX,gated,72,1,0,0,0,nan,nan,-0.8073337286710739
1,DiscNRX,gated,73,1,0,0,0,nan,nan,-0.8073337286710739
1,DiscNRX,gated,74,1,0,0,0,nan,nan,-0.8073337286710739
1,DiscNRX,gated,75,1,0,0,0,nan,nan,-0.8073337286710739
1,DiscNRX,gated,76,1,0,0,0,nan,nan,-0.8073337286710739
1,DiscNRX,gated,77,1,0,0,0,nan,nan,-0.8073337286710739
1,DiscNRX,gated,78,1,0,0,0,nan,nan,-0.8073337286710739
1,DiscNRX,gated,79,1,0,0,0,nan,nan,-0.8073337286710739
1,DiscNRX,gated,80,1,0,0,0,nan,nan,-0.8073337286710739
1,DiscNRX,gated,81,1,0,0,0,nan,nan,-0.8073337286710739
1,DiscNRX,gated,82,1,0,0,0,nan,nan,-0.8073337286710739
1,DiscNRX,gated,83,1,0,0,0,nan,nan,-0.8073337286710739
1,DiscNRX,gated,84,1,0,0,0,nan,nan,-0.8073337286710739
1,DiscNRX,gated,85,1,0,0,0,nan,nan,-0.8073337286710739
1,DiscNRX,gated,86,1,0,0,0,nan,nan,-0.8073337286710739
1,DiscNRX,gated,87,1,0,0,0,nan,nan,-0.8073337286710739
1,DiscNRX,gated,88,1,0,0,0,nan,nan,-0.8073337286710739
1,DiscNRX,gated,89,1,0,0,0,nan,nan,-0.8073337286710739
1,DiscNRX,gated,90,1,0,0,0,nan,nan,-0.8073337286710739
1,DiscNRX,gated,91,1,0,0,0,nan,nan,-0.8073337286710739
1,DiscNRX,gated,92,1,0,0,0,nan,nan,-0.8073337286710739
1,DiscNRX,gated,93,1,0,0,0,nan,nan,-0.8073337286710739
1,DiscNRX,gated,94,1,0,0,0,nan,nan,-0.8073337286710739
1,DiscNRX,gated,95,1,0,0,0,nan,nan,-0.8073337286710739
1,DiscNRX,gated,96,1,0,0,0,nan,nan,-0.8073337286710739
1,DiscNRX,gated,97,1,0,0,0,nan,nan,-0.8073337286710739
1,DiscNRX,gated,98,1,0,0,0,nan,nan,-0.8073337286710739
1,DiscNRX,gated,99,1,0,0,0,nan,nan,-0.8073337286710739
1,DiscNRX,gated,100,1,0,0,0,nan,nan,-0.8073337286710739
1,DiscNRX,gated,101,1,0,0,0,nan,nan,-0.8073337286710739
1,DiscNRX,gated,102,1,0,0,0,nan,nan,-0.8073337286710739
1,DiscNRX,gated,103,1,0,0,0,nan,nan,-0.8073337286710739
1,DiscNRX,gated,104,1,0,0,0,nan,nan,-0.8073337286710739
1,DiscNRX,gated,105,1,0,0,0,nan,nan,-0.8073337286710739
1,DiscNRX,gated,106,1,0,0,0,nan,nan,-0.8073337286710739
1,DiscNRX,gated,107,1,0,0,0,nan,nan,-0.8073337286710739
1,DiscNRX,gated,108,1,0,0,0,nan,nan,-0.8073337286710739
1,DiscNRX,gated,109,1,0,0,0,nan,nan,-0.8073337286710739
1,DiscNRX,gated,110,1,0,0,0,nan,nan,-0.8073337286710739
1,DiscNRX,gated,111,1,0,0,0,nan,nan,-0.8073337286710739
1,DiscNRX,gated,112,1,0,0,0,nan,nan,-0.8073337286710739
1,DiscNRX,gated,113,1,0,0,0,nan,nan,-0.8073337286710739
1,DiscNRX,gated,114,1,0,0,0,nan,nan,-0.8073337286710739
1,DiscNRX,gated,115,1,0,0,0,nan,nan,-0.8073337286710739
1,DiscNRX,gated,116,1,0,0,0,nan,nan,-0.8073337286710739
1,DiscNRX,gated,117,1,0,0,0,nan,nan,-0.8073337286710739
1,DiscNRX,gated,118,1,0,0,0,nan,nan,-0.8073337286710739
1,DiscNRX,gated,119,1,0,0,0,nan,nan,-0.8073337286710739
1,DiscNRX,gated,120,1,0,0,0,nan,nan,-0.8073337286710739
1,DiscNRX,gated,121,1,0,0,0,nan,nan,-0.8073337286710739
1,DiscNRX,gated,122,1,0,0,0,nan,nan,-0.8073337286710739
1,DiscNRX,gated,123,1,0,0,0,nan,nan,-0.8073337286710739
1,DiscNRX,gated,124,1,0,0,0,nan,nan,-0.8073337286710739
1,DiscNRX,gated,125,1,0,0,0,nan,nan,-0.8073337286710739
1,DiscNRX,gated,126,1,0,0,0,nan,nan,-0.8073337286710739
1,DiscNRX,gated,127,1,0,0,0,nan,nan,-0.8073337286710739
1,DiscNRX,gated,128,1,0,0,0,nan,nan,-0.8073337286710739
1,DiscNRX,gated,129,1,0,0,0,nan,nan,-0.8073337286710739
1,DiscNRX,gated,130,1,0,0,0,nan,nan,-0.8073337286710739
1,DiscNRX,gated,131,1,0,0,0,nan,nan,-0.8073337286710739
1,DiscNRX,gated,132,1,0,0,0,nan,nan,-0.8073337286710739
1,DiscNRX,gated,133,1,0,0,0,nan,nan,-0.8073337286710739
1,DiscNRX,gated,134,1,0,0,0,nan,nan,-0.8073337286710739
1,DiscNRX,gated,135,1,0,0,0,nan,nan,-0.8073337286710739
1,DiscNRX,gated,136,1,0,0,0,nan,nan,-0.8073337286710739
1,DiscNRX,gated,137,1,0,0,0,nan,nan,-0.8073337286710739
1,DiscNRX,gated,138,1,0,0,0,nan,nan,-0.8073337286710739
1,DiscNRX,gated,139,1,0,0,0,nan,nan,-0.8073337286710739
1,DiscNRX,gated,140,1,0,0,0,nan,nan,-0.8073337286710739
1,DiscNRX,gated,141,1,0,0,0,nan,nan,-0.8073337286710739
1,DiscNRX,gated,142,1,0,0,0,nan,nan,-0.8073337286710739
1,DiscNRX,gated,143,1,0,0,0,nan,nan,-0.8073337286710739
1,DiscNRX,gated,144,1,0,0,0,nan,nan,-0.8073337286710739
1,DiscNRX,gated,145,1,0,0,0,nan,nan,-0.8073337286710739
1,DiscNRX,gated,146,1,0,0,0,nan,nan,-0.8073337286710739
1,DiscNRX,gated,147,1,0,0,0,nan,nan,-0.8073337286710739
1,DiscNRX,gated,148,1,0,0,0,nan,nan,-0.8073337286710739
1,DiscNRX,gated,149,1,0,0,0,nan,nan,-0.8073337286710739
1,DiscNRX,gated,150,1,0,0,0,nan,nan,-0.8073337286710739
1,DiscNRX,gated,151,1,0,0,0,nan,nan,-0.8073337286710739
1,DiscNRX,gated,152,1,0,0,0,nan,nan,-0.8073337286710739
1,DiscNRX,gated,153,1,0,0,0,nan,nan,-0.8073337286710739
1,DiscNRX,gated,154,1,0,0,0,nan,nan,-0.8073337286710739
1,DiscNRX,gated,155,1,0,0,0,nan,nan,-0.8073337286710739
1,DiscNRX,gated,156,1,0,0,0,nan,nan,-0.8073337286710739
1,DiscNRX,gated,157,1,0,0,0,nan,nan,-0.8073337286710739
1,DiscNRX,gated,158,1,0,0,0,nan,nan,-0.8073337286710739
1,DiscNRX,gated,159,1,0,0,0,nan,nan,-0.8073337286710739
1,DiscNRX,gated,160,1,0,0,0,nan,nan,-0.8073337286710739
1,DiscNRX,gated,161,1,0,0,0,nan,nan,-0.8073337286710739
1,DiscNRX,gated,162,1,0,0,0,nan,nan,-0.8073337286710739
1,DiscNRX,gated,163,1,0,0,0,nan,nan,-0.8073337286710739
1,DiscNRX,gated,164,1,0,0,0,nan,nan,-0.8073337286710739
1,DiscNRX,gated,165,1,0,0,0,nan,nan,-0.8073337286710739
1,DiscNRX,gated,166,1,0,0,0,nan,nan,-0.8073337286710739
1,DiscNRX,gated,167,1,0,0,0,nan,nan,-0.8073337286710739
1,DiscNRX,gated,168,1,0,0,0,nan,nan,-0.8073337286710739
1,DiscNRX,gated,169,1,0,0,0,nan,nan,-0.8073337286710739
1,DiscNRX,gated,170,1,0,0,0,nan,nan,-0.8073337286710739
1,DiscNRX,gated,171,1,0,0,0,nan,nan,-0.8073337286710739
1,DiscNRX,gated,172,1,0,0,0,nan,nan,-0.8073337286710739
1,DiscNRX,gated,173,1,0,0,0,nan,nan,-0.8073337286710739
1,DiscNRX,gated,174,1,0,0,0,nan,nan,-0.8073337286710739
1,DiscNRX,gated,175,1,0,0,0,nan,nan,-0.8073337286710739
1,DiscNRX,gated,176,1,0,0,0,nan,nan,-0.8073337286710739
1,DiscNRX,gated,177,1,0,0,0,nan,nan,-0.8073337286710739
1,DiscNRX,gated,178,1,0,0,0,nan,nan,-0.8073337286710739
1,DiscNRX,gated,179,1,0,0,0,nan,nan,-0.8073337286710739
1,DiscNRX,gated,180,1,0,0,0,nan,nan,-0.8073337286710739
1,DiscNRX,gated,181,1,0,0,0,nan,nan,-0.8073337286710739
1,DiscNRX,gated,182,1,0,0,0,nan,nan,-0.8073337286710739
1,DiscNRX,gated,183,1,0,0,0,nan,nan,-0.8073337286710739
1,DiscNRX,gated,184,1,0,0,0,nan,nan,-0.8073337286710739
1,DiscNRX,gated,185,1,0,0,0,nan,nan,-0.8073337286710739
1,DiscNRX,gated,186,1,0,0,0,nan,nan,-0.8073337286710739
1,DiscNRX,gated,187,1,0,0,0,nan,nan,-0.8073337286710739
1,DiscNRX,gated,188,1,0,0,0,nan,nan,-0.8073337286710739
1,DiscNRX,gated,189,1,0,0,0,nan,nan,-0.8073337286710739
1,DiscNRX,gated,190,1,0,0,0,nan,nan,-0.8073337286710739
1,DiscNRX,gated,191,1,0,0,0,nan,nan,-0.8073337286710739
1,DiscNRX,gated,192,1,0,0,0,nan,nan,-0.8073337286710739
1,DiscNRX,gated,193,1,0,0,0,nan,nan,-0.8073337286710739
1,DiscNRX,gated,194,1,0,0,0,nan,nan,-0.8073337286710739
1,DiscNRX,gated,195,1,0,0,0,nan,nan,-0.8073337286710739
1,DiscNRX,gated,196,1,0,0,0,nan,nan,-0.8073337286710739
1,DiscNRX,gated,197,1,0,0,0,nan,nan,-0.8073337286710739
1,DiscNRX,gated,198,1,0,0,0,nan,nan,-0.8073337286710739
1,DiscNRX,gated,199,1,0,0,0,nan,nan,-0.8073337286710739
1,DiscNRX,gated,200,1,0,0,0,nan,nan,-0.8073337286710739
1,DiscNRX,gated,201,1,0,0,0,nan,nan,-0.8073337286710739
1,DiscNRX,gated,202,1,0,0,0,nan,nan,-0.8073337286710739
1,DiscNRX,gated,203,1,0,0,0,nan,nan,-0.8073337286710739
1,DiscNRX,gated,204,1,0,0,0,nan,nan,-0.8073337286710739
1,DiscNRX,gated,205,1,0,0,0,nan,nan,-0.8073337286710739
1,DiscNRX,gated,206,1,0,0,0,nan,nan,-0.8073337286710739
1,DiscNRX,gated,207,1,0,0,0,nan,nan,-0.8073337286710739
1,DiscNRX,gated,208,1,0,0,0,nan,nan,-0.8073337286710739
1,DiscNRX,gated,209,1,0,0,0,nan,nan,-0.8073337286710739
1,DiscNRX,gated,210,1,0,0,0,nan,nan,-0.8073337286710739
1,DiscNRX,gated,211,1,0,0,0,nan,nan,-0.8073337286710739
1,DiscNRX,gated,212,1,0,0,0,nan,nan,-0.8073337286710739
1,DiscNRX,gated,213,1,0,0,0,nan,nan,-0.8073337286710739
1,DiscNRX,gated,214,1,0,0,0,nan,nan,-0.8073337286710739
1,DiscNRX,gated,215,1,0,0,0,nan,nan,-0.8073337286710739
1,DiscNRX,gated,216,1,0,0,0,nan,nan,-0.8073337286710739
1,DiscNRX,gated,217,1,0,0,0,nan,nan,-0.8073337286710739
1,DiscNRX,gated,218,1,0,0,0,nan,nan,-0.8073337286710739
1,DiscNRX,gated,219,1,0,0,0,nan,nan,-0.8073337286710739
1,DiscNRX,gated,220,1,0,0,0,nan,nan,-0.8073337286710739
1,DiscNRX,gated,221,1,0,0,0,nan,nan,-0.8073337286710739
1,DiscNRX,gated,222,1,0,0,0,nan,nan,-0.8073337286710739
1,DiscNRX,gated,223,1,0,0,0,nan,nan,-0.8073337286710739
1,DiscNRX,gated,224,1,0,0,0,nan,nan,-0.8073337286710739
1,DiscNRX,gated,225,1,0,0,0,nan,nan,-0.8073337286710739
1,DiscNRX,gated,226,1,0,0,0,nan,nan,-0.8073337286710739
1,DiscNRX,gated,227,1,0,0,0,nan,nan,-0.8073337286710739
1,DiscNRX,gated,228,1,0,0,0,nan,nan,-0.8073337286710739
1,DiscNRX,gated,229,1,0,0,0,nan,nan,-0.8073337286710739
1,DiscNRX,gated,230,1,0,0,0,nan,nan,-0.8073337286710739
1,DiscNRX,gated,231,1,0,0,0,nan,nan,-0.8073337286710739
1,DiscNRX,gated,232,1,0,0,0,nan,nan,-0.8073337286710739
1,DiscNRX,gated,233,1,0,0,0,nan,nan,-0.8073337286710739
1,DiscNRX,gated,234,1,0,0,0,nan,nan,-0.8073337286710739
1,DiscNRX,gated,235,1,0,0,0,nan,nan,-0.8073337286710739
1,DiscNRX,gated,236,1,0,0,0,nan,nan,-0.8073337286710739
1,DiscNRX,gated,237,1,0,0,0,nan,nan,-0.8073337286710739
1,DiscNRX,gated,238,1,0,0,0,nan,nan,-0.8073337286710739
1,DiscNRX,gated,239,1,0,0,0,nan,nan,-0.8073337286710739
1,DiscNRX,gated,240,1,0,0,0,nan,nan,-0.8073337286710739
1,DiscNRX,gated,241,1,0,0,0,nan,nan,-0.8073337286710739
1,DiscNRX,gated,242,1,0,0,0,nan,nan,-0.8073337286710739
1,DiscNRX,gated,243,1,0,0,0,nan,nan,-0.8073337286710739
1,DiscNRX,gated,244,1,0,0,0,nan,nan,-0.8073337286710739
1,DiscNRX,gated,245,1,0,0,0,nan,nan,-0.8073337286710739
1,DiscNRX,gated,246,1,0,0,0,nan,nan,-0.8073337286710739
1,DiscNRX,gated,247,1,0,0,0,nan,nan,-0.8073337286710739
1,DiscNRX,gated,248,1,0,0,0,nan,nan,-0.8073337286710739
1,DiscNRX,gated,249,1,0,0,0,nan,nan,-0.8073337286710739
1,DiscNRX,gated,250,1,0,0,0,nan,nan,-0.8073337286710739
1,DiscNRX,gated,251,1,0,0,0,nan,nan,-0.8073337286710739
1,DiscNRX,gated,252,1,0,0,0,nan,nan,-0.8073337286710739
1,DiscNRX,gated,253,1,0,0,0,nan,nan,-0.8073337286710739
1,DiscNRX,gated,254,1,0,0,0,nan,nan,-0.8073337286710739
1,DiscNRX,gated,255,1,0,0,0,nan,nan,-0.8073337286710739
1,DiscNRX,gated,256,1,0,0,0,nan,nan,-0.8073337286710739
1,DiscNRX,gated,257,1,0,0,0,nan,nan,-0.8073337286710739
1,DiscNRX,gated,258,1,0,0,0,nan,nan,-0.8073337286710739
1,DiscNRX,gated,259,1,0,0,0,nan,nan,-0.8073337286710739
1,DiscNRX,gated,260,1,0,0,0,nan,nan,-0.8073337286710739
1,DiscNRX,gated,261,1,0,0,0,nan,nan,-0.8073337286710739
1,DiscNRX,gated,262,1,0,0,0,nan,nan,-0.8073337286710739
1,DiscNRX,gated,263,1,0,0,0,nan,nan,-0.8073337286710739
1,DiscNRX,gated,264,1,0,0,0,nan,nan,-0.8073337286710739
1,DiscNRX,gated,265,1,0,0,0,nan,nan,-0.8073337286710739
1,DiscNRX,gated,266,1,0,0,0,nan,nan,-0.8073337286710739
1,DiscNRX,gated,267,1,0,0,0,nan,nan,-0.8073337286710739
1,DiscNRX,gated,268,1,0,0,0,nan,nan,-0.8073337286710739
1,DiscNRX,gated,269,1,0,0,0,nan,nan,-0.8073337286710739
1,DiscNRX,gated,270,1,0,0,0,nan,nan,-0.8073337286710739
1,DiscNRX,gated,271,1,0,0,0,nan,nan,-0.8073337286710739
1,DiscNRX,gated,272,1,0,0,0,nan,nan,-0.8073337286710739
1,DiscNRX,gated,273,1,0,0,0,nan,nan,-0.8073337286710739
1,DiscNRX,gated,274,1,0,0,0,nan,nan,-0.8073337286710739
1,DiscNRX,gated,275,1,0,0,0,nan,nan,-0.8073337286710739
1,DiscNRX,gated,276,1,0,0,0,nan,nan,-0.8073337286710739
1,DiscNRX,gated,277,1,0,0,0,nan,nan,-0.8073337286710739
1,DiscNRX,gated,278,1,0,0,0,nan,nan,-0.8073337286710739
1,DiscNRX,gated,279,1,0,0,0,nan,nan,-0.8073337286710739
1,DiscNRX,gated,280,1,0,0,0,nan,nan,-0.8073337286710739
1,DiscNRX,gated,281,1,0,0,0,nan,nan,-0.8073337286710739
1,DiscNRX,gated,282,1,0,0,0,nan,nan,-0.8073337286710739
1,DiscNRX,gated,283,1,0,0,0,nan,nan,-0.8073337286710739
1,DiscNRX,gated,284,1,0,0,0,nan,nan,-0.8073337286710739
1,DiscNRX,gated,285,1,0,0,0,nan,nan,-0.8073337286710739
1,DiscNRX,gated,286,1,0,0,0,nan,nan,-0.8073337286710739
1,DiscNRX,gated,287,1,0,0,0,nan,nan,-0.8073337286710739
1,DiscNRX,gated,288,1,0,0,0,nan,nan,-0.8073337286710739
1,DiscNRX,gated,289,1,0,0,0,nan,nan,-0.8073337286710739
1,DiscNRX,gated,290,1,0,0,0,nan,nan,-0.8073337286710739
1,DiscNRX,gated,291,1,0,0,0,nan,nan,-0.8073337286710739
1,DiscNRX,gated,292,1,0,0,0,nan,nan,-0.8073337286710739
1,DiscNRX,gated,293,1,0,0,0,nan,nan,-0.8073337286710739
1,DiscNRX,gated,294,1,0,0,0,nan,nan,-0.8073337286710739
1,DiscNRX,gated,295,1,0,0,0,nan,nan,-0.8073337286710739
1,DiscNRX,gated,296,1,0,0,0,nan,nan,-0.8073337286710739
1,DiscNRX,gated,297,1,0,0,0,nan,nan,-0.8073337286710739
1,DiscNRX,gated,298,1,0,0,0,nan,nan,-0.8073337286710739
1,DiscNRX,gated,299,1,0,0,0,nan,nan,-0.8073337286710739
1,DiscNRX,gated,300,1,0,0,0,nan,nan,-0.8073337286710739
1,DiscNRX,gated,301,1,0,0,0,nan,nan,-0.8073337286710739
1,DiscNRX,gated,302,1,0,0,0,nan,nan,-0.8073337286710739
1,DiscNRX,gated,303,1,0,0,0,nan,nan,-0.8073337286710739
1,DiscNRX,gated,304,1,0,0,0,nan,nan,-0.8073337286710739
1,DiscNRX,gated,305,1,0,0,0,nan,nan,-0.8073337286710739
1,DiscNRX,gated,306,1,0,0,0,nan,nan,-0.8073337286710739
1,DiscNRX,gated,307,1,0,0,0,nan,nan,-0.8073337286710739
1,DiscNRX,gated,308,1,0,0,0,nan,nan,-0.8073337286710739
1,DiscNRX,gated,309,1,0,0,0,nan,nan,-0.8073337286710739
1,DiscNRX,gated,310,1,0,0,0,nan,nan,-0.8073337286710739
1,DiscNRX,gated,311,1,0,0,0,nan,nan,-0.8073337286710739
1,DiscNRX,gated,312,1,0,0,0,nan,nan,-0.8073337286710739
1,DiscNRX,gated,313,1,0,0,0,nan,nan,-0.8073337286710739
1,DiscNRX,gated,314,1,0,0,0,nan,nan,-0.8073337286710739
1,DiscNRX,gated,315,1,0,0,0,nan,nan,-0.8073337286710739
1,DiscNRX,gated,316,1,0,0,0,nan,nan,-0.8073337286710739
1,DiscNRX,gated,317,1,0,0,0,nan,nan,-0.8073337286710739
1,DiscNRX,gated,318,1,0,0,0,nan,nan,-0.8073337286710739
1,DiscNRX,gated,319,1,0,0,0,nan,nan,-0.8073337286710739
1,DiscNRX,gated,320,1,0,0,0,nan,nan,-0.8073337286710739
1,DiscNRX,gated,321,1,0,0,0,nan,nan,-0.8073337286710739
1,DiscNRX,gated,322,1,0,0,0,nan,nan,-0.8073337286710739
1,DiscNRX,gated,323,1,0,0,0,nan,nan,-0.8073337286710739
1,DiscNRX,gated,324,1,0,0,0,nan,nan,-0.8073337286710739
1,DiscNRX,gated,325,1,0,0,0,nan,nan,-0.8073337286710739
1,DiscNRX,gated,326,1,0,0,0,nan,nan,-0.8073337286710739
1,DiscNRX,gated,327,1,0,0,0,nan,nan,-0.8073337286710739
1,DiscNRX,gated,328,1,0,0,0,nan,nan,-0.8073337286710739
1,DiscNRX,gated,329,1,0,0,0,nan,nan,-0.8073337286710739
1,DiscNRX,gated,330,1,0,0,0,nan,nan,-0.8073337286710739
1,DiscNRX,gated,331,1,0,0,0,nan,nan,-0.8073337286710739
1,DiscNRX,gated,332,1,0,0,0,nan,nan,-0.8073337286710739
1,DiscNRX,gated,333,1,0,0,0,nan,nan,-0.8073337286710739
1,DiscNRX,gated,334,1,0,0,0,nan,nan,-0.8073337286710739
1,DiscNRX,gated,335,1,0,0,0,nan,nan,-0.8073337286710739
1,DiscNRX,gated,336,1,0,0,0,nan,nan,-0.8073337286710739
1,DiscNRX,gated,337,1,0,0,0,nan,nan,-0.8073337286710739
1,DiscNRX,gated,338,1,0,0,0,nan,nan,-0.8073337286710739
1,DiscNRX,gated,339,1,0,0,0,nan,nan,-0.8073337286710739
1,DiscNRX,gated,340,1,0,0,0,nan,nan,-0.8073337286710739
1,DiscNRX,gated,341,1,0,0,0,nan,nan,-0.8073337286710739
1,DiscNRX,gated,342,1,0,0,0,nan,nan,-0.8073337286710739
1,DiscNRX,gated,343,1,0,0,0,nan,nan,-0.8073337286710739
1,DiscNRX,gated,344,1,0,0,0,nan,nan,-0.8073337286710739
1,DiscNRX,gated,345,1,0,0,0,nan,nan,-0.8073337286710739
1,DiscNRX,gated,346,1,0,0,0,nan,nan,-0.8073337286710739
1,DiscNRX,gated,347,1,0,0,0,nan,nan,-0.8073337286710739
1,DiscNRX,gated,348,1,0,0,0,nan,nan,-0.8073337286710739
1,DiscNRX,gated,349,1,0,0,0,nan,nan,-0.8073337286710739
1,DiscNRX,gated,350,1,0,0,0,nan,nan,-0.8073337286710739
1,DiscNRX,gated,351,1,0,0,0,nan,nan,-0.8073337286710739
1,DiscNRX,gated,352,1,0,0,0,nan,nan,-0.8073337286710739
1,DiscNRX,gated,353,1,0,0,0,nan,nan,-0.8073337286710739
1,DiscNRX,gated,354,1,0,0,0,nan,nan,-0.8073337286710739
1,DiscNRX,gated,355,1,0,0,0,nan,nan,-0.8073337286710739
1,DiscNRX,gated,356,1,0,0,0,nan,nan,-0.8073337286710739
1,DiscNRX,gated,357,1,0,0,0,nan,nan,-0.8073337286710739
1,DiscNRX,gated,358,1,0,0,0,nan,nan,-0.8073337286710739
1,DiscNRX,gated,359,1,0,0,0,nan,nan,-0.8073337286710739
1,DiscNRX,gated,360,1,0,0,0,nan,nan,-0.8073337286710739
1,DiscNRX,gated,361,1,0,0,0,nan,nan,-0.8073337286710739
1,DiscNRX,gated,362,1,0,0,0,nan,nan,-0.8073337286710739
1,DiscNRX,gated,363,1,0,0,0,nan,nan,-0.8073337286710739
1,DiscNRX,gated,364,1,0,0,0,nan,nan,-0.8073337286710739
1,DiscNRX,gated,365,1,0,0,0,nan,nan,-0.8073337286710739
1,DiscNRX,gated,366,1,0,0,0,nan,nan,-0.8073337286710739
1,DiscNRX,gated,367,1,0,0,0,nan,nan,-0.8073337286710739
1,DiscNRX,gated,368,1,0,0,0,nan,nan,-0.8073337286710739
1,DiscNRX,gated,369,1,0,0,0,nan,nan,-0.8073337286710739
1,DiscNRX,gated,370,1,0,0,0,nan,nan,-0.8073337286710739
1,DiscNRX,gated,371,1,0,0,0,nan,nan,-0.8073337286710739
1,DiscNRX,gated,372,1,0,0,0,nan,nan,-0.8073337286710739
1,DiscNRX,gated,373,1,0,0,0,nan,nan,-0.8073337286710739
1,DiscNRX,gated,374,1,0,0,0,nan,nan,-0.8073337286710739
1,DiscNRX,gated,375,1,0,0,0,nan,nan,-0.8073337286710739
1,DiscNRX,gated,376,1,0,0,0,nan,nan,-0.8073337286710739
1,DiscNRX,gated,377,1,0,0,0,nan,nan,-0.8073337286710739
1,DiscNRX,gated,378,1,0,0,0,nan,nan,-0.8073337286710739
1,DiscNRX,gated,379,1,0,0,0,nan,nan,-0.8073337286710739
1,DiscNRX,gated,380,1,0,0,0,nan,nan,-0.8073337286710739
1,DiscNRX,gated,381,1,0,0,0,nan,nan,-0.8073337286710739
1,DiscNRX,gated,382,1,0,0,0,nan,nan,-0.8073337286710739
1,DiscNRX,gated,383,1,0,0,0,nan,nan,-0.8073337286710739
1,DiscNRX,gated,384,1,0,0,0,nan,nan,-0.8073337286710739
1,DiscNRX,gated,385,1,0,0,0,nan,nan,-0.8073337286710739
1,DiscNRX,gated,386,1,0,0,0,nan,nan,-0.8073337286710739
1,DiscNRX,gated,387,1,0,0,0,nan,nan,-0.8073337286710739
1,DiscNRX,gated,388,1,0,0,0,nan,nan,-0.8073337286710739
1,DiscNRX,gated,389,1,0,0,0,nan,nan,-0.8073337286710739
1,DiscNRX,gated,390,1,0,0,0,nan,nan,-0.8073337286710739
1,DiscNRX,gated,391,1,0,0,0,nan,nan,-0.8073337286710739
1,DiscNRX,gated,392,1,0,0,0,nan,nan,-0.8073337286710739
1,DiscNRX,gated,393,1,0,0,0,nan,nan,-0.8073337286710739
1,DiscNRX,gated,394,1,0,0,0,nan,nan,-0.8073337286710739
1,DiscNRX,gated,395,1,0,0,0,nan,nan,-0.8073337286710739
1,DiscNRX,gated,396,1,0,0,0,nan,nan,-0.8073337286710739
1,DiscNRX,gated,397,1,0,0,0,nan,nan,-0.8073337286710739
1,DiscNRX,gated,398,1,0,0,0,nan,nan,-0.8073337286710739
1,DiscNRX,gated,399,1,0,0,0,nan,nan,-0.8073337286710739
1,DiscNRX,gated,400,1,0,0,0,nan,nan,-0.8073337286710739
1,DiscNRX,gated,401,1,0,0,0,nan,nan,-0.8073337286710739
1,DiscNRX,gated,402,1,0,0,0,nan,nan,-0.8073337286710739
1,DiscNRX,gated,403,1,0,0,0,nan,nan,-0.8073337286710739
1,DiscNRX,gated,404,1,0,0,0,nan,nan,-0.8073337286710739
1,DiscNRX,gated,405,1,0,0,0,nan,nan,-0.8073337286710739
1,DiscNRX,gated,406,1,0,0,0,nan,nan,-0.8073337286710739
1,DiscNRX,gated,407,1,0,0,0,nan,nan,-0.8073337286710739
1,DiscNRX,gated,408,1,0,0,0,nan,nan,-0.8073337286710739
1,DiscNRX,gated,409,1,0,0,0,nan,nan,-0.8073337286710739
1,DiscNRX,gated,410,1,0,0,0,nan,nan,-0.8073337286710739
1,DiscNRX,gated,411,1,0,0,0,nan,nan,-0.8073337286710739
1,DiscNRX,gated,412,1,0,0,0,nan,nan,-0.8073337286710739
1,DiscNRX,gated,413,1,0,0,0,nan,nan,-0.8073337286710739
1,DiscNRX,gated,414,1,0,0,0,nan,nan,-0.8073337286710739
1,DiscNRX,gated,415,1,0,0,0,nan,nan,-0.8073337286710739
1,DiscNRX,gated,416,1,0,0,0,nan,nan,-0.8073337286710739
1,DiscNRX,gated,417,1,0,0,0,nan,nan,-0.8073337286710739
1,DiscNRX,gated,418,1,0,0,0,nan,nan,-0.8073337286710739
1,DiscNRX,gated,419,1,0,0,0,nan,nan,-0.8073337286710739
1,DiscNRX,gated,420,1,0,0,0,nan,nan,-0.8073337286710739
1,DiscNRX,gated,421,1,0,0,0,nan,nan,-0.8073337286710739
1,DiscNRX,gated,422,1,0,0,0,nan,nan,-0.8073337286710739
1,DiscNRX,gated,423,1,0,0,0,nan,nan,-0.8073337286710739
1,DiscNRX,gated,424,1,0,0,0,nan,nan,-0.8073337286710739
1,DiscNRX,gated,425,1,0,0,0,nan,nan,-0.8073337286710739
1,DiscNRX,gated,426,1,0,0,0,nan,nan,-0.8073337286710739
1,DiscNRX,gated,427,1,0,0,0,nan,nan,-0.8073337286710739
1,DiscNRX,gated,428,1,0,0,0,nan,nan,-0.8073337286710739
1,DiscNRX,gated,429,1,0,0,0,nan,nan,-0.8073337286710739
1,DiscNRX,gated,430,1,0,0,0,nan,nan,-0.8073337286710739
1,DiscNRX,gated,431,1,0,0,0,nan,nan,-0.8073337286710739
1,DiscNRX,gated,432,1,0,0,0,nan,nan,-0.8073337286710739
1,DiscNRX,gated,433,1,0,0,0,nan,nan,-0.8073337286710739
1,DiscNRX,gated,434,1,0,0,0,nan,nan,-0.8073337286710739
1,DiscNRX,gated,435,1,0,0,0,nan,nan,-0.8073337286710739
1,DiscNRX,gated,436,1,0,0,0,nan,nan,-0.8073337286710739
1,DiscNRX,gated,437,1,0,0,0,nan,nan,-0.8073337286710739
1,DiscNRX,gated,438,1,0,0,0,nan,nan,-0.8073337286710739
1,DiscNRX,gated,439,1,0,0,0,nan,nan,-0.8073337286710739
1,DiscNRX,gated,440,1,0,0,0,nan,nan,-0.8073337286710739
1,DiscNRX,gated,441,1,0,0,0,nan,nan,-0.8073337286710739
1,DiscNRX,gated,442,1,0,0,0,nan,nan,-0.8073337286710739
1,DiscNRX,gated,443,1,0,0,0,nan,nan,-0.8073337286710739
1,DiscNRX,gated,444,1,0,0,0,nan,nan,-0.8073337286710739
1,DiscNRX,gated,445,1,0,0,0,nan,nan,-0.8073337286710739
1,DiscNRX,gated,446,1,0,0,0,nan,nan,-0.8073337286710739
1,DiscNRX,gated,447,1,0,0,0,nan,nan,-0.8073337286710739
1,DiscNRX,gated,448,1,0,0,0,nan,nan,-0.8073337286710739
1,DiscNRX,gated,449,1,0,0,0,nan,nan,-0.8073337286710739
1,DiscNRX,gated,450,1,0,0,0,nan,nan,-0.8073337286710739
1,DiscNRX,gated,451,1,0,0,0,nan,nan,-0.8073337286710739
1,DiscNRX,gated,452,1,0,0,0,nan,nan,-0.8073337286710739
1,DiscNRX,gated,453,1,0,0,0,nan,nan,-0.8073337286710739
1,DiscNRX,gated,454,1,0,0,0,nan,nan,-0.8073337286710739
1,DiscNRX,gated,455,1,0,0,0,nan,nan,-0.8073337286710739
1,DiscNRX,gated,456,1,0,0,0,nan,nan,-0.8073337286710739
1,DiscNRX,gated,457,1,0,0,0,nan,nan,-0.8073337286710739
1,DiscNRX,gated,458,1,0,0,0,nan,nan,-0.8073337286710739
1,DiscNRX,gated,459,1,0,0,0,nan,nan,-0.8073337286710739
1,DiscNRX,gated,460,1,0,0,0,nan,nan,-0.8073337286710739
1,DiscNRX,gated,461,1,0,0,0,nan,nan,-0.8073337286710739
1,DiscNRX,gated,462,1,0,0,0,nan,nan,-0.8073337286710739
1,DiscNRX,gated,463,1,0,0,0,nan,nan,-0.8073337286710739
1,DiscNRX,gated,464,1,0,0,0,nan,nan,-0.8073337286710739
1,DiscNRX,gated,465,1,0,0,0,nan,nan,-0.8073337286710739
1,DiscNRX,gated,466,1,0,0,0,nan,nan,-0.8073337286710739
1,DiscNRX,gated,467,1,0,0,0,nan,nan,-0.8073337286710739
1,DiscNRX,gated,468,1,0,0,0,nan,nan,-0.8073337286710739
1,DiscNRX,gated,469,1,0,0,0,nan,nan,-0.8073337286710739
1,DiscNRX,gated,470,1,0,0,0,nan,nan,-0.8073337286710739
1,DiscNRX,gated,471,1,0,0,0,nan,nan,-0.8073337286710739
1,DiscNRX,gated,472,1,0,0,0,nan,nan,-0.8073337286710739
1,DiscNRX,gated,473,1,0,0,0,nan,nan,-0.8073337286710739
1,DiscNRX,gated,474,1,0,0,0,nan,nan,-0.8073337286710739
1,DiscNRX,gated,475,1,0,0,0,nan,nan,-0.8073337286710739
1,DiscNRX,gated,476,1,0,0,0,nan,nan,-0.8073337286710739
1,DiscNRX,gated,477,1,0,0,0,nan,nan,-0.8073337286710739
1,DiscNRX,gated,478,1,0,0,0,nan,nan,-0.8073337286710739
1,DiscNRX,gated,479,1,0,0,0,nan,nan,-0.8073337286710739
1,DiscNRX,gated,480,1,0,0,0,nan,nan,-0.8073337286710739
1,DiscNRX,gated,481,1,0,0,0,nan,nan,-0.8073337286710739
1,DiscNRX,gated,482,1,0,0,0,nan,nan,-0.8073337286710739
1,DiscNRX,gated,483,1,0,0,0,nan,nan,-0.8073337286710739
1,DiscNRX,gated,484,1,0,0,0,nan,nan,-0.8073337286710739
1,DiscNRX,gated,485,1,0,0,0,nan,nan,-0.8073337286710739
1,DiscNRX,gated,486,1,0,0,0,nan,nan,-0.8073337286710739
1,DiscNRX,gated,487,1,0,0,0,nan,nan,-0.8073337286710739
1,DiscNRX,gated,488,1,0,0,0,nan,nan,-0.8073337286710739
1,DiscNRX,gated,489,1,0,0,0,nan,nan,-0.8073337286710739
1,DiscNRX,gated,490,1,0,0,0,nan,nan,-0.8073337286710739
1,DiscNRX,gated,491,1,0,0,0,nan,nan,-0.8073337286710739
1,DiscNRX,gated,492,1,0,0,0,nan,nan,-0.8073337286710739
1,DiscNRX,gated,493,1,0,0,0,nan,nan,-0.8073337286710739
1,DiscNRX,gated,494,1,0,0,0,nan,nan,-0.8073337286710739
1,DiscNRX,gated,495,1,0,0,0,nan,nan,-0.8073337286710739
1,DiscNRX,gated,496,1,0,0,0,nan,nan,-0.8073337286710739
1,DiscNRX,gated,497,1,0,0,0,nan,nan,-0.8073337286710739
1,DiscNRX,gated,498,1,0,0,0,nan,nan,-0.8073337286710739
1,DiscNRX,gated,499,1,0,0,0,nan,nan,-0.8073337286710739
1,DiscNRX,gated,500,1,0,0,0,nan,nan,-0.8073337286710739
1,DiscNRX,gated,501,1,0,0,0,nan,nan,-0.8073337286710739
1,DiscNRX,gated,502,1,0,0,0,nan,nan,-0.8073337286710739
1,DiscNRX,gated,503,1,0,0,0,nan,nan,-0.8073337286710739
1,DiscNRX,gated,504,1,0,0,0,nan,nan,-0.8073337286710739
1,DiscNRX,gated,505,1,0,0,0,nan,nan,-0.8073337286710739
1,DiscNRX,gated,506,1,0,0,0,nan,nan,-0.8073337286710739
1,DiscNRX,gated,507,1,0,0,0,nan,nan,-0.8073337286710739
1,DiscNRX,gated,508,1,0,0,0,nan,nan,-0.8073337286710739
1,DiscNRX,gated,509,1,0,0,0,nan,nan,-0.8073337286710739
1,DiscNRX,gated,510,1,0,0,0,nan,nan,-0.8073337286710739
1,DiscNRX,gated,511,1,0,0,0,nan,nan,-0.8073337286710739
1,DiscNRX,gated,512,1,0,0,0,nan,nan,-0.8073337286710739
1,DiscNRX,gated,513,1,0,0,0,nan,nan,-0.8073337286710739
1,DiscNRX,gated,514,1,0,0,0,nan,nan,-0.8073337286710739
1,DiscNRX,gated,515,1,0,0,0,nan,nan,-0.8073337286710739
1,DiscNRX,gated,516,1,0,0,0,nan,nan,-0.8073337286710739
1,DiscNRX,gated,517,1,0,0,0,nan,nan,-0.8073337286710739
1,DiscNRX,gated,518,1,0,0,0,nan,nan,-0.8073337286710739
1,DiscNRX,gated,519,1,0,0,0,nan,nan,-0.8073337286710739
1,DiscNRX,gated,520,1,0,0,0,nan,nan,-0.8073337286710739
1,DiscNRX,gated,521,1,0,0,0,nan,nan,-0.8073337286710739
1,DiscNRX,gated,522,1,0,0,0,nan,nan,-0.8073337286710739
1,DiscNRX,gated,523,1,0,0,0,nan,nan,-0.8073337286710739
1,DiscNRX,gated,524,1,0,0,0,nan,nan,-0.8073337286710739
1,DiscNRX,gated,525,1,0,0,0,nan,nan,-0.8073337286710739
1,DiscNRX,gated,526,1,0,0,0,nan,nan,-0.8073337286710739
1,DiscNRX,gated,527,1,0,0,0,nan,nan,-0.8073337286710739
1,DiscNRX,gated,528,1,0,0,0,nan,nan,-0.8073337286710739
1,DiscNRX,gated,529,1,0,0,0,nan,nan,-0.8073337286710739
1,DiscNRX,gated,530,1,0,0,0,nan,nan,-0.8073337286710739
1,DiscNRX,gated,531,1,0,0,0,nan,nan,-0.8073337286710739
1,DiscNRX,gated,532,1,0,0,0,nan,nan,-0.8073337286710739
1,DiscNRX,gated,533,1,0,0,0,nan,nan,-0.8073337286710739
1,DiscNRX,gated,534,1,0,0,0,nan,nan,-0.8073337286710739
1,DiscNRX,gated,535,1,0,0,0,nan,nan,-0.8073337286710739
1,DiscNRX,gated,536,1,0,0,0,nan,nan,-0.8073337286710739
1,DiscNRX,gated,537,1,0,0,0,nan,nan,-0.8073337286710739
1,DiscNRX,gated,538,1,0,0,0,nan,nan,-0.8073337286710739
1,DiscNRX,gated,539,1,0,0,0,nan,nan,-0.8073337286710739
1,DiscNRX,gated,540,1,0,0,0,nan,nan,-0.8073337286710739
1,DiscNRX,gated,541,1,0,0,0,nan,nan,-0.8073337286710739
1,DiscNRX,gated,542,1,0,0,0,nan,nan,-0.8073337286710739
1,DiscNRX,gated,543,1,0,0,0,nan,nan,-0.8073337286710739
1,DiscNRX,gated,544,1,0,0,0,nan,nan,-0.8073337286710739
1,DiscNRX,gated,545,1,0,0,0,nan,nan,-0.8073337286710739
1,DiscNRX,gated,546,1,0,0,0,nan,nan,-0.8073337286710739
1,DiscNRX,gated,547,1,0,0,0,nan,nan,-0.8073337286710739
1,DiscNRX,gated,548,1,0,0,0,nan,nan,-0.8073337286710739
1,DiscNRX,gated,549,1,0,0,0,nan,nan,-0.8073337286710739
1,DiscNRX,gated,550,1,0,0,0,nan,nan,-0.8073337286710739
1,DiscNRX,gated,551,1,0,0,0,nan,nan,-0.8073337286710739
1,DiscNRX,gated,552,1,0,0,0,nan,nan,-0.8073337286710739
1,DiscNRX,gated,553,1,0,0,0,nan,nan,-0.8073337286710739
1,DiscNRX,gated,554,1,0,0,0,nan,nan,-0.8073337286710739
1,DiscNRX,gated,555,1,0,0,0,nan,nan,-0.8073337286710739
1,DiscNRX,gated,556,1,0,0,0,nan,nan,-0.8073337286710739
1,DiscNRX,gated,557,1,0,0,0,nan,nan,-0.8073337286710739
1,DiscNRX,gated,558,1,0,0,0,nan,nan,-0.8073337286710739
1,DiscNRX,gated,559,1,0,0,0,nan,nan,-0.8073337286710739
1,DiscNRX,gated,560,1,0,0,0,nan,nan,-0.8073337286710739
1,DiscNRX,gated,561,1,0,0,0,nan,nan,-0.8073337286710739
1,DiscNRX,gated,562,1,0,0,0,nan,nan,-0.8073337286710739
1,DiscNRX,gated,563,1,0,0,0,nan,nan,-0.8073337286710739
1,DiscNRX,gated,564,1,0,0,0,nan,nan,-0.8073337286710739
1,DiscNRX,gated,565,1,0,0,0,nan,nan,-0.8073337286710739
1,DiscNRX,gated,566,1,0,0,0,nan,nan,-0.8073337286710739
1,DiscNRX,gated,567,1,0,0,0,nan,nan,-0.8073337286710739
1,DiscNRX,gated,568,1,0,0,0,nan,nan,-0.8073337286710739
1,DiscNRX,gated,569,1,0,0,0,nan,nan,-0.8073337286710739
1,DiscNRX,gated,570,1,0,0,0,nan,nan,-0.8073337286710739
1,DiscNRX,gated,571,1,0,0,0,nan,nan,-0.8073337286710739
1,DiscNRX,gated,572,1,0,0,0,nan,nan,-0.8073337286710739
1,DiscNRX,gated,573,1,0,0,0,nan,nan,-0.8073337286710739
1,DiscNRX,gated,574,1,0,0,0,nan,nan,-0.8073337286710739
1,DiscNRX,gated,575,1,0,0,0,nan,nan,-0.8073337286710739
1,DiscNRX,gated,576,1,0,0,0,nan,nan,-0.8073337286710739
1,DiscNRX,gated,577,1,0,0,0,nan,nan,-0.8073337286710739
1,DiscNRX,gated,578,1,0,0,0,nan,nan,-0.8073337286710739
1,DiscNRX,gated,579,1,0,0,0,nan,nan,-0.8073337286710739
1,DiscNRX,gated,580,1,0,0,0,nan,nan,-0.8073337286710739
1,DiscNRX,gated,581,1,0,0,0,nan,nan,-0.8073337286710739
1,DiscNRX,gated,582,1,0,0,0,nan,nan,-0.8073337286710739
1,DiscNRX,gated,583,1,0,0,0,nan,nan,-0.8073337286710739
1,DiscNRX,gated,584,1,0,0,0,nan,nan,-0.8073337286710739
1,DiscNRX,gated,585,1,0,0,0,nan,nan,-0.8073337286710739
1,DiscNRX,gated,586,1,0,0,0,nan,nan,-0.8073337286710739
1,DiscNRX,gated,587,1,0,0,0,nan,nan,-0.8073337286710739
1,DiscNRX,gated,588,1,0,0,0,nan,nan,-0.8073337286710739
1,DiscNRX,gated,589,1,0,0,0,nan,nan,-0.8073337286710739
1,DiscNRX,gated,590,1,0,0,0,nan,nan,-0.8073337286710739
1,DiscNRX,gated,591,1,0,0,0,nan,nan,-0.8073337286710739
1,DiscNRX,gated,592,1,0,0,0,nan,nan,-0.8073337286710739
1,DiscNRX,gated,593,1,0,0,0,nan,nan,-0.8073337286710739
1,DiscNRX,gated,594,1,0,0,0,nan,nan,-0.8073337286710739
1,DiscNRX,gated,595,1,0,0,0,nan,nan,-0.8073337286710739
1,DiscNRX,gated,596,1,0,0,0,nan,nan,-0.8073337286710739
1,DiscNRX,gated,597,1,0,0,0,nan,nan,-0.8073337286710739
1,DiscNRX,gated,598,1,0,0,0,nan,nan,-0.8073337286710739
1,DiscNRX,gated,599,1,0,0,0,nan,nan,-0.8073337286710739
1,DiscNRX,gated,600,1,0,0,0,nan,nan,-0.8073337286710739
1,DiscNRX,gated,601,1,0,0,0,nan,nan,-0.8073337286710739
1,DiscNRX,gated,602,1,0,0,0,nan,nan,-0.8073337286710739
1,DiscNRX,gated,603,1,0,0,0,nan,nan,-0.8073337286710739
1,DiscNRX,gated,604,1,0,0,0,nan,nan,-0.8073337286710739
1,DiscNRX,gated,605,1,0,0,0,nan,nan,-0.8073337286710739
1,DiscNRX,gated,606,1,0,0,0,nan,nan,-0.8073337286710739
1,DiscNRX,gated,607,1,0,0,0,nan,nan,-0.8073337286710739
1,DiscNRX,gated,608,1,0,0,0,nan,nan,-0.8073337286710739
1,DiscNRX,gated,609,1,0,0,0,nan,nan,-0.8073337286710739
1,DiscNRX,gated,610,1,0,0,0,nan,nan,-0.8073337286710739
1,DiscNRX,gated,611,1,0,0,0,nan,nan,-0.8073337286710739
1,DiscNRX,gated,612,1,0,0,0,nan,nan,-0.8073337286710739
1,DiscNRX,gated,613,1,0,0,0,nan,nan,-0.8073337286710739
1,DiscNRX,gated,614,1,0,0,0,nan,nan,-0.8073337286710739
1,DiscNRX,gated,615,1,0,0,0,nan,nan,-0.8073337286710739
1,DiscNRX,gated,616,1,0,0,0,nan,nan,-0.8073337286710739
1,DiscNRX,gated,617,1,0,0,0,nan,nan,-0.8073337286710739
1,DiscNRX,gated,618,1,0,0,0,nan,nan,-0.8073337286710739
1,DiscNRX,gated,619,1,0,0,0,nan,nan,-0.8073337286710739
1,DiscNRX,gated,620,1,0,0,0,nan,nan,-0.8073337286710739
1,DiscNRX,gated,621,1,0,0,0,nan,nan,-0.8073337286710739
1,DiscNRX,gated,622,1,0,0,0,nan,nan,-0.8073337286710739
1,DiscNRX,gated,623,1,0,0,0,nan,nan,-0.8073337286710739
1,DiscNRX,gated,624,1,0,0,0,nan,nan,-0.8073337286710739
1,DiscNRX,gated,625,1,0,0,0,nan,nan,-0.8073337286710739
1,DiscNRX,gated,626,1,0,0,0,nan,nan,-0.8073337286710739
1,DiscNRX,gated,627,1,0,0,0,nan,nan,-0.8073337286710739
1,DiscNRX,gated,628,1,0,0,0,nan,nan,-0.8073337286710739
1,DiscNRX,gated,629,1,0,0,0,nan,nan,-0.8073337286710739
1,DiscNRX,gated,630,1,0,0,0,nan,nan,-0.8073337286710739
1,DiscNRX,gated,631,1,0,0,0,nan,nan,-0.8073337286710739
1,DiscNRX,gated,632,1,0,0,0,nan,nan,-0.8073337286710739
1,DiscNRX,gated,633,1,0,0,0,nan,nan,-0.8073337286710739
1,DiscNRX,gated,634,1,0,0,0,nan,nan,-0.8073337286710739
1,DiscNRX,gated,635,1,0,0,0,nan,nan,-0.8073337286710739
1,DiscNRX,gated,636,1,0,0,0,nan,nan,-0.8073337286710739
1,DiscNRX,gated,637,1,0,0,0,nan,nan,-0.8073337286710739
1,DiscNRX,gated,638,1,0,0,0,nan,nan,-0.8073337286710739
1,DiscNRX,gated,639,1,0,0,0,nan,nan,-0.8073337286710739
1,DiscNRX,gated,640,1,0,0,0,nan,nan,-0.8073337286710739
1,DiscNRX,gated,641,1,0,0,0,nan,nan,-0.8073337286710739
1,DiscNRX,gated,642,1,0,0,0,nan,nan,-0.8073337286710739
1,DiscNRX,gated,643,1,0,0,0,nan,nan,-0.8073337286710739
1,DiscNRX,gated,644,1,0,0,0,nan,nan,-0.8073337286710739
1,DiscNRX,gated,645,1,0,0,0,nan,nan,-0.8073337286710739
1,DiscNRX,gated,646,1,0,0,0,nan,nan,-0.8073337286710739
1,DiscNRX,gated,647,1,0,0,0,nan,nan,-0.8073337286710739
1,DiscNRX,gated,648,1,0,0,0,nan,nan,-0.8073337286710739
1,DiscNRX,gated,649,1,0,0,0,nan,nan,-0.8073337286710739
1,DiscNRX,gated,650,1,0,0,0,nan,nan,-0.8073337286710739
1,DiscNRX,gated,651,1,0,0,0,nan,nan,-0.8073337286710739
1,DiscNRX,gated,652,1,0,0,0,nan,nan,-0.8073337286710739
1,DiscNRX,gated,653,1,0,0,0,nan,nan,-0.8073337286710739
1,DiscNRX,gated,654,1,0,0,0,nan,nan,-0.8073337286710739
1,DiscNRX,gated,655,1,0,0,0,nan,nan,-0.8073337286710739
1,DiscNRX,gated,656,1,0,0,0,nan,nan,-0.8073337286710739
1,DiscNRX,gated,657,1,0,0,0,nan,nan,-0.8073337286710739
1,DiscNRX,gated,658,1,0,0,0,nan,nan,-0.8073337286710739
1,DiscNRX,gated,659,1,0,0,0,nan,nan,-0.8073337286710739
1,DiscNRX,gated,660,1,0,0,0,nan,nan,-0.8073337286710739
1,DiscNRX,gated,661,1,0,0,0,nan,nan,-0.8073337286710739
1,DiscNRX,gated,662,1,0,0,0,nan,nan,-0.8073337286710739
1,DiscNRX,gated,663,1,0,0,0,nan,nan,-0.8073337286710739
1,DiscNRX,gated,664,1,0,0,0,nan,nan,-0.8073337286710739
1,DiscNRX,gated,665,1,0,0,0,nan,nan,-0.8073337286710739
1,DiscNRX,gated,666,1,0,0,0,nan,nan,-0.8073337286710739
1,DiscNRX,gated,667,1,0,0,0,nan,nan,-0.8073337286710739
1,DiscNRX,gated,668,1,0,0,0,nan,nan,-0.8073337286710739
1,DiscNRX,gated,669,1,0,0,0,nan,nan,-0.8073337286710739
1,DiscNRX,gated,670,1,0,0,0,nan,nan,-0.8073337286710739
1,DiscNRX,gated,671,1,0,0,0,nan,nan,-0.8073337286710739
1,DiscNRX,gated,672,1,0,0,0,nan,nan,-0.8073337286710739
1,DiscNRX,gated,673,1,0,0,0,nan,nan,-0.8073337286710739
1,DiscNRX,gated,674,1,0,0,0,nan,nan,-0.8073337286710739
1,DiscNRX,gated,675,1,0,0,0,nan,nan,-0.8073337286710739
1,DiscNRX,gated,676,1,0,0,0,nan,nan,-0.8073337286710739
1,DiscNRX,gated,677,1,0,0,0,nan,nan,-0.8073337286710739
1,DiscNRX,gated,678,1,0,0,0,nan,nan,-0.8073337286710739
1,DiscNRX,gated,679,1,0,0,0,nan,nan,-0.8073337286710739
1,DiscNRX,gated,680,1,0,0,0,nan,nan,-0.8073337286710739
1,DiscNRX,gated,681,1,0,0,0,nan,nan,-0.8073337286710739
1,DiscNRX,gated,682,1,0,0,0,nan,nan,-0.8073337286710739
1,DiscNRX,gated,683,1,0,0,0,nan,nan,-0.8073337286710739
1,DiscNRX,gated,684,1,0,0,0,nan,nan,-0.8073337286710739
1,DiscNRX,gated,685,1,0,0,0,nan,nan,-0.8073337286710739
1,DiscNRX,gated,686,1,0,0,0,nan,nan,-0.8073337286710739
1,DiscNRX,gated,687,1,0,0,0,nan,nan,-0.8073337286710739
1,DiscNRX,gated,688,1,0,0,0,nan,nan,-0.8073337286710739
1,DiscNRX,gated,689,1,0,0,0,nan,nan,-0.8073337286710739
1,DiscNRX,gated,690,1,0,0,0,nan,nan,-0.8073337286710739
1,DiscNRX,gated,691,1,0,0,0,nan,nan,-0.8073337286710739
1,DiscNRX,gated,692,1,0,0,0,nan,nan,-0.8073337286710739
1,DiscNRX,gated,693,1,0,0,0,nan,nan,-0.8073337286710739
1,DiscNRX,gated,694,1,0,0,0,nan,nan,-0.8073337286710739
1,DiscNRX,gated,695,1,0,0,0,nan,nan,-0.8073337286710739
1,DiscNRX,gated,696,1,0,0,0,nan,nan,-0.8073337286710739
1,DiscNRX,gated,697,1,0,0,0,nan,nan,-0.8073337286710739
1,DiscNRX,gated,698,1,0,0,0,nan,nan,-0.8073337286710739
1,DiscNRX,gated,699,1,0,0,0,nan,nan,-0.8073337286710739
1,DiscNRX,gated,700,1,0,0,0,nan,nan,-0.8073337286710739
1,DiscNRX,gated,701,1,0,0,0,nan,nan,-0.8073337286710739
1,DiscNRX,gated,702,1,0,0,0,nan,nan,-0.8073337286710739
1,DiscNRX,gated,703,1,0,0,0,nan,nan,-0.8073337286710739
1,DiscNRX,gated,704,1,0,0,0,nan,nan,-0.8073337286710739
1,DiscNRX,gated,705,1,0,0,0,nan,nan,-0.8073337286710739
1,DiscNRX,gated,706,1,0,0,0,nan,nan,-0.8073337286710739
1,DiscNRX,gated,707,1,0,0,0,nan,nan,-0.8073337286710739
1,DiscNRX,gated,708,1,0,0,0,nan,nan,-0.8073337286710739
1,DiscNRX,gated,709,1,0,0,0,nan,nan,-0.8073337286710739
1,DiscNRX,gated,710,1,0,0,0,nan,nan,-0.8073337286710739
1,DiscNRX,gated,711,1,0,0,0,nan,nan,-0.8073337286710739
1,DiscNRX,gated,712,1,0,0,0,nan,nan,-0.8073337286710739
1,DiscNRX,gated,713,1,0,0,0,nan,nan,-0.8073337286710739
1,DiscNRX,gated,714,1,0,0,0,nan,nan,-0.8073337286710739
1,DiscNRX,gated,715,1,0,0,0,nan,nan,-0.8073337286710739
1,DiscNRX,gated,716,1,0,0,0,nan,nan,-0.8073337286710739
1,DiscNRX,gated,717,1,0,0,0,nan,nan,-0.8073337286710739
1,DiscNRX,gated,718,1,0,0,0,nan,nan,-0.8073337286710739
1,DiscNRX,gated,719,1,0,0,0,nan,nan,-0.8073337286710739
1,DiscNRX,gated,720,1,0,0,0,nan,nan,-0.8073337286710739
1,DiscNRX,gated,721,1,0,0,0,nan,nan,-0.8073337286710739
1,DiscNRX,gated,722,1,0,0,0,nan,nan,-0.8073337286710739
1,DiscNRX,gated,723,1,0,0,0,nan,nan,-0.8073337286710739
1,DiscNRX,gated,724,1,0,0,0,nan,nan,-0.8073337286710739
1,DiscNRX,gated,725,1,0,0,0,nan,nan,-0.8073337286710739
1,DiscNRX,gated,726,1,0,0,0,nan,nan,-0.8073337286710739
1,DiscNRX,gated,727,1,0,0,0,nan,nan,-0.8073337286710739
1,DiscNRX,gated,728,1,0,0,0,nan,nan,-0.8073337286710739
1,DiscNRX,gated,729,1,0,0,0,nan,nan,-0.8073337286710739
1,DiscNRX,gated,730,1,0,0,0,nan,nan,-0.8073337286710739
1,DiscNRX,gated,731,1,0,0,0,nan,nan,-0.8073337286710739
1,DiscNRX,gated,732,1,0,0,0,nan,nan,-0.8073337286710739
1,DiscNRX,gated,733,1,0,0,0,nan,nan,-0.8073337286710739
1,DiscNRX,gated,734,1,0,0,0,nan,nan,-0.8073337286710739
1,DiscNRX,gated,735,1,0,0,0,nan,nan,-0.8073337286710739
1,DiscNRX,gated,736,1,0,0,0,nan,nan,-0.8073337286710739
1,DiscNRX,gated,737,1,0,0,0,nan,nan,-0.8073337286710739
1,DiscNRX,gated,738,1,0,0,0,nan,nan,-0.8073337286710739
1,DiscNRX,gated,739,1,0,0,0,nan,nan,-0.8073337286710739
1,DiscNRX,gated,740,1,0,0,0,nan,nan,-0.8073337286710739
1,DiscNRX,gated,741,1,0,0,0,nan,nan,-0.8073337286710739
1,DiscNRX,gated,742,1,0,0,0,nan,nan,-0.8073337286710739
1,DiscNRX,gated,743,1,0,0,0,nan,nan,-0.8073337286710739
1,DiscNRX,gated,744,1,0,0,0,nan,nan,-0.8073337286710739
1,DiscNRX,gated,745,1,0,0,0,nan,nan,-0.8073337286710739
1,DiscNRX,gated,746,1,0,0,0,nan,nan,-0.8073337286710739
1,DiscNRX,gated,747,1,0,0,0,nan,nan,-0.8073337286710739
1,DiscNRX,gated,748,1,0,0,0,nan,nan,-0.8073337286710739
1,DiscNRX,gated,749,1,0,0,0,nan,nan,-0.8073337286710739
1,DiscNRX,gated,750,1,0,0,0,nan,nan,-0.8073337286710739
1,DiscNRX,gated,751,1,0,0,0,nan,nan,-0.8073337286710739
1,DiscNRX,gated,752,1,0,0,0,nan,nan,-0.8073337286710739
1,DiscNRX,gated,753,1,0,0,0,nan,nan,-0.8073337286710739
1,DiscNRX,gated,754,1,0,0,0,nan,nan,-0.8073337286710739
1,DiscNRX,gated,755,1,0,0,0,nan,nan,-0.8073337286710739
1,DiscNRX,gated,756,1,0,0,0,nan,nan,-0.8073337286710739
1,DiscNRX,gated,757,1,0,0,0,nan,nan,-0.8073337286710739
1,DiscNRX,gated,758,1,0,0,0,nan,nan,-0.8073337286710739
1,DiscNRX,gated,759,1,0,0,0,nan,nan,-0.8073337286710739
1,DiscNRX,gated,760,1,0,0,0,nan,nan,-0.8073337286710739
1,DiscNRX,gated,761,1,0,0,0,nan,nan,-0.8073337286710739
1,DiscNRX,gated,762,1,0,0,0,nan,nan,-0.8073337286710739
1,DiscNRX,gated,763,1,0,0,0,nan,nan,-0.8073337286710739
1,DiscNRX,gated,764,1,0,0,0,nan,nan,-0.8073337286710739
1,DiscNRX,gated,765,1,0,0,0,nan,nan,-0.8073337286710739
1,DiscNRX,gated,766,1,0,0,0,nan,nan,-0.8073337286710739
1,DiscNRX,gated,767,1,0,0,0,nan,nan,-0.8073337286710739
1,DiscNRX,gated,768,1,0,0,0,nan,nan,-0.8073337286710739
1,DiscNRX,gated,769,1,0,0,0,nan,nan,-0.8073337286710739
1,DiscNRX,gated,770,1,0,0,0,nan,nan,-0.8073337286710739
1,DiscNRX,gated,771,1,0,0,0,nan,nan,-0.8073337286710739
1,DiscNRX,gated,772,1,0,0,0,nan,nan,-0.8073337286710739
1,DiscNRX,gated,773,1,0,0,0,nan,nan,-0.8073337286710739
1,DiscNRX,gated,774,1,0,0,0,nan,nan,-0.8073337286710739
1,DiscNRX,gated,775,1,0,0,0,nan,nan,-0.8073337286710739
1,DiscNRX,gated,776,1,0,0,0,nan,nan,-0.8073337286710739
1,DiscNRX,gated,777,1,0,0,0,nan,nan,-0.8073337286710739
1,DiscNRX,gated,778,1,0,0,0,nan,nan,-0.8073337286710739
1,DiscNRX,gated,779,1,0,0,0,nan,nan,-0.8073337286710739
1,DiscNRX,gated,780,1,0,0,0,nan,nan,-0.8073337286710739
1,DiscNRX,gated,781,1,0,0,0,nan,nan,-0.8073337286710739
1,DiscNRX,gated,782,1,0,0,0,nan,nan,-0.8073337286710739
1,DiscNRX,gated,783,1,0,0,0,nan,nan,-0.8073337286710739
1,DiscNRX,gated,784,1,0,0,0,nan,nan,-0.8073337286710739
1,DiscNRX,gated,785,1,0,0,0,nan,nan,-0.8073337286710739
1,DiscNRX,gated,786,1,0,0,0,nan,nan,-0.8073337286710739
1,DiscNRX,gated,787,1,0,0,0,nan,nan,-0.8073337286710739
1,DiscNRX,gated,788,1,0,0,0,nan,nan,-0.8073337286710739
1,DiscNRX,gated,789,1,0,0,0,nan,nan,-0.8073337286710739
1,DiscNRX,gated,790,1,0,0,0,nan,nan,-0.8073337286710739
1,DiscNRX,gated,791,1,0,0,0,nan,nan,-0.8073337286710739
1,DiscNRX,gated,792,1,0,0,0,nan,nan,-0.8073337286710739
1,DiscNRX,gated,793,1,0,0,0,nan,nan,-0.8073337286710739
1,DiscNRX,gated,794,1,0,0,0,nan,nan,-0.8073337286710739
1,DiscNRX,gated,795,1,0,0,0,nan,nan,-0.8073337286710739
1,DiscNRX,gated,796,1,0,0,0,nan,nan,-0.8073337286710739
1,DiscNRX,gated,797,1,0,0,0,nan,nan,-0.8073337286710739
1,DiscNRX,gated,798,1,0,0,0,nan,nan,-0.8073337286710739
1,DiscNRX,gated,799,1,0,0,0,nan,nan,-0.8073337286710739
1,DiscNRX,gated,800,1,0,0,0,nan,nan,-0.8073337286710739
1,DiscNRX,gated,801,1,0,0,0,nan,nan,-0.8073337286710739
1,DiscNRX,gated,802,1,0,0,0,nan,nan,-0.8073337286710739
1,DiscNRX,gated,803,1,0,0,0,nan,nan,-0.8073337286710739
1,DiscNRX,gated,804,1,0,0,0,nan,nan,-0.8073337286710739
1,DiscNRX,gated,805,1,0,0,0,nan,nan,-0.8073337286710739
1,DiscNRX,gated,806,1,0,0,0,nan,nan,-0.8073337286710739
1,DiscNRX,gated,807,1,0,0,0,nan,nan,-0.8073337286710739
1,DiscNRX,gated,808,1,0,0,0,nan,nan,-0.8073337286710739
1,DiscNRX,gated,809,1,0,0,0,nan,nan,-0.8073337286710739
1,DiscNRX,gated,810,1,0,0,0,nan,nan,-0.8073337286710739
1,DiscNRX,gated,811,1,0,0,0,nan,nan,-0.8073337286710739
1,DiscNRX,gated,812,1,0,0,0,nan,nan,-0.8073337286710739
1,DiscNRX,gated,813,1,0,0,0,nan,nan,-0.8073337286710739
1,DiscNRX,gated,814,1,0,0,0,nan,nan,-0.8073337286710739
1,DiscNRX,gated,815,1,0,0,0,nan,nan,-0.8073337286710739
1,DiscNRX,gated,816,1,0,0,0,nan,nan,-0.8073337286710739
1,DiscNRX,gated,817,1,0,0,0,nan,nan,-0.8073337286710739
1,DiscNRX,gated,818,1,0,0,0,nan,nan,-0.8073337286710739
1,DiscNRX,gated,819,1,0,0,0,nan,nan,-0.8073337286710739
1,DiscNRX,gated,820,1,0,0,0,nan,nan,-0.8073337286710739
1,DiscNRX,gated,821,1,0,0,0,nan,nan,-0.8073337286710739
1,DiscNRX,gated,822,1,0,0,0,nan,nan,-0.8073337286710739
1,DiscNRX,gated,823,1,0,0,0,nan,nan,-0.8073337286710739
1,DiscNRX,gated,824,1,0,0,0,nan,nan,-0.8073337286710739
1,DiscNRX,gated,825,1,0,0,0,nan,nan,-0.8073337286710739
1,DiscNRX,gated,826,1,0,0,0,nan,nan,-0.8073337286710739
1,DiscNRX,gated,827,1,0,0,0,nan,nan,-0.8073337286710739
1,DiscNRX,gated,828,1,0,0,0,nan,nan,-0.8073337286710739
1,DiscNRX,gated,829,1,0,0,0,nan,nan,-0.8073337286710739
1,DiscNRX,gated,830,1,0,0,0,nan,nan,-0.8073337286710739
1,DiscNRX,gated,831,1,0,0,0,nan,nan,-0.8073337286710739
1,DiscNRX,gated,832,1,0,0,0,nan,nan,-0.8073337286710739
1,DiscNRX,gated,833,1,0,0,0,nan,nan,-0.8073337286710739
1,DiscNRX,gated,834,1,0,0,0,nan,nan,-0.8073337286710739
1,DiscNRX,gated,835,1,0,0,0,nan,nan,-0.8073337286710739
1,DiscNRX,gated,836,1,0,0,0,nan,nan,-0.8073337286710739
1,DiscNRX,gated,837,1,0,0,0,nan,nan,-0.8073337286710739
1,DiscNRX,gated,838,1,0,0,0,nan,nan,-0.8073337286710739
1,DiscNRX,gated,839,1,0,0,0,nan,nan,-0.8073337286710739
1,DiscNRX,gated,840,1,0,0,0,nan,nan,-0.8073337286710739
1,DiscNRX,gated,841,1,0,0,0,nan,nan,-0.8073337286710739
1,DiscNRX,gated,842,1,0,0,0,nan,nan,-0.8073337286710739
1,DiscNRX,gated,843,1,0,0,0,nan,nan,-0.8073337286710739
1,DiscNRX,gated,844,1,0,0,0,nan,nan,-0.8073337286710739
1,DiscNRX,gated,845,1,0,0,0,nan,nan,-0.8073337286710739
1,DiscNRX,gated,846,1,0,0,0,nan,nan,-0.8073337286710739
1,DiscNRX,gated,847,1,0,0,0,nan,nan,-0.8073337286710739
1,DiscNRX,gated,848,1,0,0,0,nan,nan,-0.8073337286710739
1,DiscNRX,gated,849,1,0,0,0,nan,nan,-0.8073337286710739
1,DiscNRX,gated,850,1,0,0,0,nan,nan,-0.8073337286710739
1,DiscNRX,gated,851,1,0,0,0,nan,nan,-0.8073337286710739
1,DiscNRX,gated,852,1,0,0,0,nan,nan,-0.8073337286710739
1,DiscNRX,gated,853,1,0,0,0,nan,nan,-0.8073337286710739
1,DiscNRX,gated,854,1,0,0,0,nan,nan,-0.8073337286710739
1,DiscNRX,gated,855,1,0,0,0,nan,nan,-0.8073337286710739
1,DiscNRX,gated,856,1,0,0,0,nan,nan,-0.8073337286710739
1,DiscNRX,gated,857,1,0,0,0,nan,nan,-0.8073337286710739
1,DiscNRX,gated,858,1,0,0,0,nan,nan,-0.8073337286710739
1,DiscNRX,gated,859,1,0,0,0,nan,nan,-0.8073337286710739
1,DiscNRX,gated,860,1,0,0,0,nan,nan,-0.8073337286710739
1,DiscNRX,gated,861,1,0,0,0,nan,nan,-0.8073337286710739
1,DiscNRX,gated,862,1,0,0,0,nan,nan,-0.8073337286710739
1,DiscNRX,gated,863,1,0,0,0,nan,nan,-0.8073337286710739
1,DiscNRX,gated,864,1,0,0,0,nan,nan,-0.8073337286710739
1,DiscNRX,gated,865,1,0,0,0,nan,nan,-0.8073337286710739
1,DiscNRX,gated,866,1,0,0,0,nan,nan,-0.8073337286710739
1,DiscNRX,gated,867,1,0,0,0,nan,nan,-0.8073337286710739
1,DiscNRX,gated,868,1,0,0,0,nan,nan,-0.8073337286710739
1,DiscNRX,gated,869,1,0,0,0,nan,nan,-0.8073337286710739
1,DiscNRX,gated,870,1,0,0,0,nan,nan,-0.8073337286710739
1,DiscNRX,gated,871,1,0,0,0,nan,nan,-0.8073337286710739
1,DiscNRX,gated,872,1,0,0,0,nan,nan,-0.8073337286710739
1,DiscNRX,gated,873,1,0,0,0,nan,nan,-0.8073337286710739
1,DiscNRX,gated,874,1,0,0,0,nan,nan,-0.8073337286710739
1,DiscNRX,gated,875,1,0,0,0,nan,nan,-0.8073337286710739
1,DiscNRX,gated,876,1,0,0,0,nan,nan,-0.8073337286710739
1,DiscNRX,gated,877,1,0,0,0,nan,nan,-0.8073337286710739
1,DiscNRX,gated,878,1,0,0,0,nan,nan,-0.8073337286710739
1,DiscNRX,gated,879,1,0,0,0,nan,nan,-0.8073337286710739
1,DiscNRX,gated,880,1,0,0,0,nan,nan,-0.8073337286710739
1,DiscNRX,gated,881,1,0,0,0,nan,nan,-0.8073337286710739
1,DiscNRX,gated,882,1,0,0,0,nan,nan,-0.8073337286710739
1,DiscNRX,gated,883,1,0,0,0,nan,nan,-0.8073337286710739
1,DiscNRX,gated,884,1,0,0,0,nan,nan,-0.8073337286710739
1,DiscNRX,gated,885,1,0,0,0,nan,nan,-0.8073337286710739
1,DiscNRX,gated,886,1,0,0,0,nan,nan,-0.8073337286710739
1,DiscNRX,gated,887,1,0,0,0,nan,nan,-0.8073337286710739
1,DiscNRX,gated,888,1,0,0,0,nan,nan,-0.8073337286710739
1,DiscNRX,gated,889,1,0,0,0,nan,nan,-0.8073337286710739
1,DiscNRX,gated,890,1,0,0,0,nan,nan,-0.8073337286710739
1,DiscNRX,gated,891,1,0,0,0,nan,nan,-0.8073337286710739
1,DiscNRX,gated,892,1,0,0,0,nan,nan,-0.8073337286710739
1,DiscNRX,gated,893,1,0,0,0,nan,nan,-0.8073337286710739
1,DiscNRX,gated,894,1,0,0,0,nan,nan,-0.8073337286710739
1,DiscNRX,gated,895,1,0,0,0,nan,nan,-0.8073337286710739
1,DiscNRX,gated,896,1,0,0,0,nan,nan,-0.8073337286710739
1,DiscNRX,gated,897,1,0,0,0,nan,nan,-0.8073337286710739
1,DiscNRX,gated,898,1,0,0,0,nan,nan,-0.8073337286710739
1,DiscNRX,gated,899,1,0,0,0,nan,nan,-0.8073337286710739
1,DiscNRX,gated,900,1,0,0,0,nan,nan,-0.8073337286710739
1,DiscNRX,gated,901,1,0,0,0,nan,nan,-0.8073337286710739
1,DiscNRX,gated,902,1,0,0,0,nan,nan,-0.8073337286710739
1,DiscNRX,gated,903,1,0,0,0,nan,nan,-0.8073337286710739
1,DiscNRX,gated,904,1,0,0,0,nan,nan,-0.8073337286710739
1,DiscNRX,gated,905,1,0,0,0,nan,nan,-0.8073337286710739
1,DiscNRX,gated,906,1,0,0,0,nan,nan,-0.8073337286710739
1,DiscNRX,gated,907,1,0,0,0,nan,nan,-0.8073337286710739
1,DiscNRX,gated,908,1,0,0,0,nan,nan,-0.8073337286710739
1,DiscNRX,gated,909,1,0,0,0,nan,nan,-0.8073337286710739
1,DiscNRX,gated,910,1,0,0,0,nan,nan,-0.8073337286710739
1,DiscNRX,gated,911,1,0,0,0,nan,nan,-0.8073337286710739
1,DiscNRX,gated,912,1,0,0,0,nan,nan,-0.8073337286710739
1,DiscNRX,gated,913,1,0,0,0,nan,nan,-0.8073337286710739
1,DiscNRX,gated,914,1,0,0,0,nan,nan,-0.8073337286710739
1,DiscNRX,gated,915,1,0,0,0,nan,nan,-0.8073337286710739
1,DiscNRX,gated,916,1,0,0,0,nan,nan,-0.8073337286710739
1,DiscNRX,gated,917,1,0,0,0,nan,nan,-0.8073337286710739
1,DiscNRX,gated,918,1,0,0,0,nan,nan,-0.8073337286710739
1,DiscNRX,gated,919,1,0,0,0,nan,nan,-0.8073337286710739
1,DiscNRX,gated,920,1,0,0,0,nan,nan,-0.8073337286710739
1,DiscNRX,gated,921,1,0,0,0,nan,nan,-0.8073337286710739
1,DiscNRX,gated,922,1,0,0,0,nan,nan,-0.8073337286710739
1,DiscNRX,gated,923,1,0,0,0,nan,nan,-0.8073337286710739
1,DiscNRX,gated,924,1,0,0,0,nan,nan,-0.8073337286710739
1,DiscNRX,gated,925,1,0,0,0,nan,nan,-0.8073337286710739
1,DiscNRX,gated,926,1,0,0,0,nan,nan,-0.8073337286710739
1,DiscNRX,gated,927,1,0,0,0,nan,nan,-0.8073337286710739
1,DiscNRX,gated,928,1,0,0,0,nan,nan,-0.8073337286710739
1,DiscNRX,gated,929,1,0,0,0,nan,nan,-0.8073337286710739
1,DiscNRX,gated,930,1,0,0,0,nan,nan,-0.8073337286710739
1,DiscNRX,gated,931,1,0,0,0,nan,nan,-0.8073337286710739
1,DiscNRX,gated,932,1,0,0,0,nan,nan,-0.8073337286710739
1,DiscNRX,gated,933,1,0,0,0,nan,nan,-0.8073337286710739
1,DiscNRX,gated,934,1,0,0,0,nan,nan,-0.8073337286710739
1,DiscNRX,gated,935,1,0,0,0,nan,nan,-0.8073337286710739
1,DiscNRX,gated,936,1,0,0,0,nan,nan,-0.8073337286710739
1,DiscNRX,gated,937,1,0,0,0,nan,nan,-0.8073337286710739
1,DiscNRX,gated,938,1,0,0,0,nan,nan,-0.8073337286710739
1,DiscNRX,gated,939,1,0,0,0,nan,nan,-0.8073337286710739
1,DiscNRX,gated,940,1,0,0,0,nan,nan,-0.8073337286710739
1,DiscNRX,gated,941,1,0,0,0,nan,nan,-0.8073337286710739
1,DiscNRX,gated,942,1,0,0,0,nan,nan,-0.8073337286710739
1,DiscNRX,gated,943,1,0,0,0,nan,nan,-0.8073337286710739
1,DiscNRX,gated,944,1,0,0,0,nan,nan,-0.8073337286710739
1,DiscNRX,gated,945,1,0,0,0,nan,nan,-0.8073337286710739
1,DiscNRX,gated,946,1,0,0,0,nan,nan,-0.8073337286710739
1,DiscNRX,gated,947,1,0,0,0,nan,nan,-0.8073337286710739
1,DiscNRX,gated,948,1,0,0,0,nan,nan,-0.8073337286710739
1,DiscNRX,gated,949,1,0,0,0,nan,nan,-0.8073337286710739
1,DiscNRX,gated,950,1,0,0,0,nan,nan,-0.8073337286710739
1,DiscNRX,gated,951,1,0,0,0,nan,nan,-0.8073337286710739
1,DiscNRX,gated,952,1,0,0,0,nan,nan,-0.8073337286710739
1,DiscNRX,gated,953,1,0,0,0,nan,nan,-0.8073337286710739
1,DiscNRX,gated,954,1,0,0,0,nan,nan,-0.8073337286710739
1,DiscNRX,gated,955,1,0,0,0,nan,nan,-0.8073337286710739
1,DiscNRX,gated,956,1,0,0,0,nan,nan,-0.8073337286710739
1,DiscNRX,gated,957,1,0,0,0,nan,nan,-0.8073337286710739
1,DiscNRX,gated,958,1,0,0,0,nan,nan,-0.8073337286710739
1,DiscNRX,gated,959,1,0,0,0,nan,nan,-0.8073337286710739
1,DiscNRX,gated,960,1,0,0,0,nan,nan,-0.8073337286710739
1,DiscNRX,gated,961,1,0,0,0,nan,nan,-0.8073337286710739
1,DiscNRX,gated,962,1,0,0,0,nan,nan,-0.8073337286710739
1,DiscNRX,gated,963,1,0,0,0,nan,nan,-0.8073337286710739
1,DiscNRX,gated,964,1,0,0,0,nan,nan,-0.8073337286710739
1,DiscNRX,gated,965,1,0,0,0,nan,nan,-0.8073337286710739
1,DiscNRX,gated,966,1,0,0,0,nan,nan,-0.8073337286710739
1,DiscNRX,gated,967,1,0,0,0,nan,nan,-0.8073337286710739
1,DiscNRX,gated,968,1,0,0,0,nan,nan,-0.8073337286710739
1,DiscNRX,gated,969,1,0,0,0,nan,nan,-0.8073337286710739
1,DiscNRX,gated,970,1,0,0,0,nan,nan,-0.8073337286710739
1,DiscNRX,gated,971,1,0,0,0,nan,nan,-0.8073337286710739
1,DiscNRX,gated,972,1,0,0,0,nan,nan,-0.8073337286710739
1,DiscNRX,gated,973,1,0,0,0,nan,nan,-0.8073337286710739
1,DiscNRX,gated,974,1,0,0,0,nan,nan,-0.8073337286710739
1,DiscNRX,gated,975,1,0,0,0,nan,nan,-0.8073337286710739
1,DiscNRX,gated,976,1,0,0,0,nan,nan,-0.8073337286710739
1,DiscNRX,gated,977,1,0,0,0,nan,nan,-0.8073337286710739
1,DiscNRX,gated,978,1,0,0,0,nan,nan,-0.8073337286710739
1,DiscNRX,gated,979,1,0,0,0,nan,nan,-0.8073337286710739
1,DiscNRX,gated,980,1,0,0,0,nan,nan,-0.8073337286710739
1,DiscNRX,gated,981,1,0,0,0,nan,nan,-0.8073337286710739
1,DiscNRX,gated,982,1,0,0,0,nan,nan,-0.8073337286710739
1,DiscNRX,gated,983,1,0,0,0,nan,nan,-0.8073337286710739
1,DiscNRX,gated,984,1,0,0,0,nan,nan,-0.8073337286710739
1,DiscNRX,gated,985,1,0,0,0,nan,nan,-0.8073337286710739
1,DiscNRX,gated,986,1,0,0,0,nan,nan,-0.8073337286710739
1,DiscNRX,gated,987,1,0,0,0,nan,nan,-0.8073337286710739
1,DiscNRX,gated,988,1,0,0,0,nan,nan,-0.8073337286710739
1,DiscNRX,gated,989,1,0,0,0,nan,nan,-0.8073337286710739
1,DiscNRX,gated,990,1,0,0,0,nan,nan,-0.8073337286710739
1,DiscNRX,gated,991,1,0,0,0,nan,nan,-0.8073337286710739
1,DiscNRX,gated,992,1,0,0,0,nan,nan,-0.8073337286710739
1,DiscNRX,gated,993,1,0,0,0,nan,nan,-0.8073337286710739
1,DiscNRX,gated,994,1,0,0,0,nan,nan,-0.8073337286710739
1,DiscNRX,gated,995,1,0,0,0,nan,nan,-0.8073337286710739
1,DiscNRX,gated,996,1,0,0,0,nan,nan,-0.8073337286710739
1,DiscNRX,gated,997,1,0,0,0,nan,nan,-0.8073337286710739
1,DiscNRX,gated,998,1,0,0,0,nan,nan,-0.8073337286710739
1,DiscNRX,gated,999,1,0,0,0,nan,nan,-0.8073337286710739
1,DiscNRX,trig,0,1,0,0,0,nan,-0.4860919415950775,-0.8073337286710739
1,DiscNRX,trig,1,1,0,0,0,nan,-0.48758041858673096,-0.8073337286710739
1,DiscNRX,trig,2,1,0,0,0,nan,-0.5170590281486511,-0.8073337286710739
1,DiscNRX,trig,3,1,0,0,0,nan,-0.4562537372112274,-0.8073337286710739
1,DiscNRX,trig,4,1,0,0,0,nan,-0.4724331796169281,-0.8073337286710739
1,DiscNRX,trig,5,1,0,0,0,nan,-0.4984237849712372,-0.8073337286710739
1,DiscNRX,trig,6,1,0,0,0,nan,-0.4910796284675598,-0.8073337286710739
1,DiscNRX,trig,7,1,0,0,0,nan,-0.5325289368629456,-0.8073337286710739
1,DiscNRX,trig,8,1,0,0,0,nan,-0.5097947120666504,-0.8073337286710739
1,DiscNRX,trig,9,1,0,0,0,nan,-0.4780433475971222,-0.8073337286710739
1,DiscNRX,trig,10,1,0,0,0,nan,-0.5250617861747742,-0.8073337286710739
1,DiscNRX,trig,11,1,0,0,0,nan,-0.5203879475593567,-0.8073337286710739
1,DiscNRX,trig,12,1,0,0,0,nan,-0.5105844736099243,-0.8073337286710739
1,DiscNRX,trig,13,1,0,0,0,nan,-0.5294408798217773,-0.8073337286710739
1,DiscNRX,trig,14,1,0,0,0,nan,-0.5447850227355957,-0.8073337286710739
1,DiscNRX,trig,15,1,0,0,0,nan,-0.49726027250289917,-0.8073337286710739
1,DiscNRX,trig,16,1,0,0,0,nan,-0.48542338609695435,-0.8073337286710739
1,DiscNRX,trig,17,1,0,0,0,nan,-0.5242192149162292,-0.8073337286710739
1,DiscNRX,trig,18,1,0,0,0,nan,-0.4841020107269287,-0.8073337286710739
1,DiscNRX,trig,19,1,0,0,0,nan,-0.5170599222183228,-0.8073337286710739
1,DiscNRX,trig,20,1,0,0,0,nan,-0.49118196964263916,-0.8073337286710739
1,DiscNRX,trig,21,1,0,0,0,nan,-0.48715317249298096,-0.8073337286710739
1,DiscNRX,trig,22,1,0,0,0,nan,-0.4910026490688324,-0.8073337286710739
1,DiscNRX,trig,23,1,0,0,0,nan,-0.4681483209133148,-0.8073337286710739
1,DiscNRX,trig,24,1,0,0,0,nan,-0.5153840184211731,-0.8073337286710739
1,DiscNRX,trig,25,1,0,0,0,nan,-0.5257583856582642,-0.8073337286710739
1,DiscNRX,trig,26,1,0,0,0,nan,-0.5199431777000427,-0.8073337286710739
1,DiscNRX,trig,27,1,0,0,0,nan,-0.5281895995140076,-0.8073337286710739
1,DiscNRX,trig,28,1,0,0,0,nan,-0.5946246981620789,-0.8073337286710739
1,DiscNRX,trig,29,1,0,0,0,nan,-0.4926626980304718,-0.8073337286710739
1,DiscNRX,trig,30,1,0,0,0,nan,-0.3522246181964874,-0.8073337286710739
1,DiscNRX,trig,31,1,0,0,0,nan,-0.4398384690284729,-0.8073337286710739
1,DiscNRX,trig,32,1,0,0,0,nan,-0.5631054043769836,-0.8073337286710739
1,DiscNRX,trig,33,1,0,0,0,nan,-0.522982120513916,-0.8073337286710739
1,DiscNRX,trig,34,1,0,0,0,nan,-0.5268893837928772,-0.8073337286710739
1,DiscNRX,trig,35,1,0,0,0,nan,-0.5458770394325256,-0.8073337286710739
1,DiscNRX,trig,36,1,0,0,0,nan,-0.47420012950897217,-0.8073337286710739
1,DiscNRX,trig,37,1,0,0,0,nan,-0.5074924826622009,-0.8073337286710739
1,DiscNRX,trig,38,1,0,0,0,nan,-0.42984911799430847,-0.8073337286710739
1,DiscNRX,trig,39,1,0,0,0,nan,-0.47565481066703796,-0.8073337286710739
1,DiscNRX,trig,40,1,0,0,0,nan,-0.5138233304023743,-0.8073337286710739
1,DiscNRX,trig,41,1,0,0,0,nan,-0.4619889557361603,-0.8073337286710739
1,DiscNRX,trig,42,1,0,0,0,nan,-0.4218330383300781,-0.8073337286710739
1,DiscNRX,trig,43,1,0,0,0,nan,-0.5392005443572998,-0.8073337286710739
1,DiscNRX,trig,44,1,0,0,0,nan,-0.4729703664779663,-0.8073337286710739
1,DiscNRX,trig,45,1,0,0,0,nan,-0.5195782780647278,-0.8073337286710739
1,DiscNRX,trig,46,1,0,0,0,nan,-0.4876915514469147,-0.8073337286710739
1,DiscNRX,trig,47,1,0,0,0,nan,-0.43561848998069763,-0.8073337286710739
1,DiscNRX,trig,48,1,0,0,0,nan,-0.46075865626335144,-0.8073337286710739
1,DiscNRX,trig,49,1,0,0,0,nan,-0.5191614031791687,-0.8073337286710739
1,DiscNRX,trig,50,1,0,0,0,nan,-0.5076021552085876,-0.8073337286710739
1,DiscNRX,trig,51,1,0,0,0,nan,-0.5124854445457458,-0.8073337286710739
1,DiscNRX,trig,52,1,0,0,0,nan,-0.4943450093269348,-0.8073337286710739
1,DiscNRX,trig,53,1,0,0,0,nan,-0.5095258951187134,-0.8073337286710739
1,DiscNRX,trig,54,1,0,0,0,nan,-0.5093492865562439,-0.8073337286710739
1,DiscNRX,trig,55,1,0,0,0,nan,-0.5156370997428894,-0.8073337286710739
1,DiscNRX,trig,56,1,0,0,0,nan,-0.5288037657737732,-0.8073337286710739
1,DiscNRX,trig,57,1,0,0,0,nan,-0.5079703330993652,-0.8073337286710739
1,DiscNRX,trig,58,1,0,0,0,nan,-0.5259959101676941,-0.8073337286710739
1,DiscNRX,trig,59,1,0,0,0,nan,-0.5394008755683899,-0.8073337286710739
1,DiscNRX,trig,60,1,0,0,0,nan,-0.5013989210128784,-0.8073337286710739
1,DiscNRX,trig,61,1,0,0,0,nan,-0.5262348651885986,-0.8073337286710739
1,DiscNRX,trig,62,1,0,0,0,nan,-0.5181825757026672,-0.8073337286710739
1,DiscNRX,trig,63,1,0,0,0,nan,-0.5429527759552002,-0.8073337286710739
1,DiscNRX,trig,64,1,0,0,0,nan,-0.4554952383041382,-0.8073337286710739
1,DiscNRX,trig,65,1,0,0,0,nan,-0.565513014793396,-0.8073337286710739
1,DiscNRX,trig,66,1,0,0,0,nan,-0.45689186453819275,-0.8073337286710739
1,DiscNRX,trig,67,1,0,0,0,nan,-0.5392282009124756,-0.8073337286710739
1,DiscNRX,trig,68,1,0,0,0,nan,-0.48158925771713257,-0.8073337286710739
1,DiscNRX,trig,69,1,0,0,0,nan,-0.5101090669631958,-0.8073337286710739
1,DiscNRX,trig,70,1,0,0,0,nan,-0.532636821269989,-0.8073337286710739
1,DiscNRX,trig,71,1,0,0,0,nan,-0.3847370445728302,-0.8073337286710739
1,DiscNRX,trig,72,1,0,0,0,nan,-0.4813241958618164,-0.8073337286710739
1,DiscNRX,trig,73,1,0,0,0,nan,-0.5238341689109802,-0.8073337286710739
1,DiscNRX,trig,74,1,0,0,0,nan,-0.47376325726509094,-0.8073337286710739
1,DiscNRX,trig,75,1,0,0,0,nan,-0.4967993497848511,-0.8073337286710739
1,DiscNRX,trig,76,1,0,0,0,nan,-0.5177444815635681,-0.8073337286710739
1,DiscNRX,trig,77,1,0,0,0,nan,-0.5290536284446716,-0.8073337286710739
1,DiscNRX,trig,78,1,0,0,0,nan,-0.5348280072212219,-0.8073337286710739
1,DiscNRX,trig,79,1,0,0,0,nan,-0.5298914313316345,-0.8073337286710739
1,DiscNRX,trig,80,1,0,0,0,nan,-0.4675917327404022,-0.8073337286710739
1,DiscNRX,trig,81,1,0,0,0,nan,-0.49287813901901245,-0.8073337286710739
1,DiscNRX,trig,82,1,0,0,0,nan,-0.5197893977165222,-0.8073337286710739
1,DiscNRX,trig,83,1,0,0,0,nan,-0.5352611541748047,-0.8073337286710739
1,DiscNRX,trig,84,1,0,0,0,nan,-0.5183007717132568,-0.8073337286710739
1,DiscNRX,trig,85,1,0,0,0,nan,-0.5132266283035278,-0.8073337286710739
1,DiscNRX,trig,86,1,0,0,0,nan,-0.5022115707397461,-0.8073337286710739
1,DiscNRX,trig,87,1,0,0,0,nan,-0.5008463859558105,-0.8073337286710739
1,DiscNRX,trig,88,1,0,0,0,nan,-0.48694270849227905,-0.8073337286710739
1,DiscNRX,trig,89,1,0,0,0,nan,-0.45548564195632935,-0.8073337286710739
1,DiscNRX,trig,90,1,0,0,0,nan,-0.4838257431983948,-0.8073337286710739
1,DiscNRX,trig,91,1,0,0,0,nan,-0.4929661452770233,-0.8073337286710739
1,DiscNRX,trig,92,1,0,0,0,nan,-0.5102612376213074,-0.8073337286710739
1,DiscNRX,trig,93,1,0,0,0,nan,-0.46925216913223267,-0.8073337286710739
1,DiscNRX,trig,94,1,0,0,0,nan,-0.5238341689109802,-0.8073337286710739
1,DiscNRX,trig,95,1,0,0,0,nan,-0.5316439867019653,-0.8073337286710739
1,DiscNRX,trig,96,1,0,0,0,nan,-0.5161958336830139,-0.8073337286710739
1,DiscNRX,trig,97,1,0,0,0,nan,-0.4705411493778229,-0.8073337286710739
1,DiscNRX,trig,98,1,0,0,0,nan,-0.5156472325325012,-0.8073337286710739
1,DiscNRX,trig,99,1,0,0,0,nan,-0.5098745822906494,-0.8073337286710739
1,DiscNRX,trig,100,1,0,0,0,nan,-0.5285860896110535,-0.8073337286710739
1,DiscNRX,trig,101,1,0,0,0,nan,-0.5087682008743286,-0.8073337286710739
1,DiscNRX,trig,102,1,0,0,0,nan,-0.5249618887901306,-0.8073337286710739
1,DiscNRX,trig,103,1,0,0,0,nan,-0.5201155543327332,-0.8073337286710739
1,DiscNRX,trig,104,1,0,0,0,nan,-0.5235251188278198,-0.8073337286710739
1,DiscNRX,trig,105,1,0,0,0,nan,-0.4972340762615204,-0.8073337286710739
1,DiscNRX,trig,106,1,0,0,0,nan,-0.550893247127533,-0.8073337286710739
1,DiscNRX,trig,107,1,0,0,0,nan,-0.46189090609550476,-0.8073337286710739
1,DiscNRX,trig,108,1,0,0,0,nan,-0.520281195640564,-0.8073337286710739
1,DiscNRX,trig,109,1,0,0,0,nan,-0.48407888412475586,-0.8073337286710739
1,DiscNRX,trig,110,1,0,0,0,nan,-0.48988088965415955,-0.8073337286710739
1,DiscNRX,trig,111,1,0,0,0,nan,-0.46260902285575867,-0.8073337286710739
1,DiscNRX,trig,112,1,0,0,0,nan,-0.5248700380325317,-0.8073337286710739
1,DiscNRX,trig,113,1,0,0,0,nan,-0.46941515803337097,-0.8073337286710739
1,DiscNRX,trig,114,1,0,0,0,nan,-0.5315812826156616,-0.8073337286710739
1,DiscNRX,trig,115,1,0,0,0,nan,-0.5218923091888428,-0.8073337286710739
1,DiscNRX,trig,116,1,0,0,0,nan,-0.5083216428756714,-0.8073337286710739
1,DiscNRX,trig,117,1,0,0,0,nan,-0.4429149329662323,-0.8073337286710739
1,DiscNRX,trig,118,1,0,0,0,nan,-0.5308660864830017,-0.8073337286710739
1,DiscNRX,trig,119,1,0,0,0,nan,-0.5366329550743103,-0.8073337286710739
1,DiscNRX,trig,120,1,0,0,0,nan,-0.39552441239356995,-0.8073337286710739
1,DiscNRX,trig,121,1,0,0,0,nan,-0.3749791085720062,-0.8073337286710739
1,DiscNRX,trig,122,1,0,0,0,nan,-0.5347330570220947,-0.8073337286710739
1,DiscNRX,trig,123,1,0,0,0,nan,-0.4811598062515259,-0.8073337286710739
1,DiscNRX,trig,124,1,0,0,0,nan,-0.4867129325866699,-0.8073337286710739
1,DiscNRX,trig,125,1,0,0,0,nan,-0.5365115404129028,-0.8073337286710739
1,DiscNRX,trig,126,1,0,0,0,nan,-0.4860202372074127,-0.8073337286710739
1,DiscNRX,trig,127,1,0,0,0,nan,-0.527455747127533,-0.8073337286710739
1,DiscNRX,trig,128,1,0,0,0,nan,-0.5312201976776123,-0.8073337286710739
1,DiscNRX,trig,129,1,0,0,0,nan,-0.5401428937911987,-0.8073337286710739
1,DiscNRX,trig,130,1,0,0,0,nan,-0.5319181680679321,-0.8073337286710739
1,DiscNRX,trig,131,1,0,0,0,nan,-0.5437722206115723,-0.8073337286710739
1,DiscNRX,trig,132,1,0,0,0,nan,-0.46084627509117126,-0.8073337286710739
1,DiscNRX,trig,133,1,0,0,0,nan,-0.5175362229347229,-0.8073337286710739
1,DiscNRX,trig,134,1,0,0,0,nan,-0.5290782451629639,-0.8073337286710739
1,DiscNRX,trig,135,1,0,0,0,nan,-0.4813224971294403,-0.8073337286710739
1,DiscNRX,trig,136,1,0,0,0,nan,-0.4998973309993744,-0.8073337286710739
1,DiscNRX,trig,137,1,0,0,0,nan,-0.45834413170814514,-0.8073337286710739
1,DiscNRX,trig,138,1,0,0,0,nan,-0.5053169131278992,-0.8073337286710739
1,DiscNRX,trig,139,1,0,0,0,nan,-0.5005616545677185,-0.8073337286710739
1,DiscNRX,trig,140,1,0,0,0,nan,-0.5352379083633423,-0.8073337286710739
1,DiscNRX,trig,141,1,0,0,0,nan,-0.5422995686531067,-0.8073337286710739
1,DiscNRX,trig,142,1,0,0,0,nan,-0.45782530307769775,-0.8073337286710739
1,DiscNRX,trig,143,1,0,0,0,nan,-0.5387068390846252,-0.8073337286710739
1,DiscNRX,trig,144,1,0,0,0,nan,-0.44126737117767334,-0.8073337286710739
1,DiscNRX,trig,145,1,0,0,0,nan,-0.5337086319923401,-0.8073337286710739
1,DiscNRX,trig,146,1,0,0,0,nan,-0.5002878904342651,-0.8073337286710739
1,DiscNRX,trig,147,1,0,0,0,nan,-0.46947333216667175,-0.8073337286710739
1,DiscNRX,trig,148,1,0,0,0,nan,-0.5291892886161804,-0.8073337286710739
1,DiscNRX,trig,149,1,0,0,0,nan,-0.45878106355667114,-0.8073337286710739
1,DiscNRX,trig,150,1,0,0,0,nan,-0.4650101065635681,-0.8073337286710739
1,DiscNRX,trig,151,1,0,0,0,nan,-0.5150386691093445,-0.8073337286710739
1,DiscNRX,trig,152,1,0,0,0,nan,-0.5198930501937866,-0.8073337286710739
1,DiscNRX,trig,153,1,0,0,0,nan,-0.501186728477478,-0.8073337286710739
1,DiscNRX,trig,154,1,0,0,0,nan,-0.37726274132728577,-0.8073337286710739
1,DiscNRX,trig,155,1,0,0,0,nan,-0.5163440704345703,-0.8073337286710739
1,DiscNRX,trig,156,1,0,0,0,nan,-0.5135688185691833,-0.8073337286710739
1,DiscNRX,trig,157,1,0,0,0,nan,-0.5336107611656189,-0.8073337286710739
1,DiscNRX,trig,158,1,0,0,0,nan,-0.4981859624385834,-0.8073337286710739
1,DiscNRX,trig,159,1,0,0,0,nan,-0.5348963737487793,-0.8073337286710739
1,DiscNRX,trig,160,1,0,0,0,nan,-0.4783722162246704,-0.8073337286710739
1,DiscNRX,trig,161,1,0,0,0,nan,-0.5311825275421143,-0.8073337286710739
1,DiscNRX,trig,162,1,0,0,0,nan,-0.41350120306015015,-0.8073337286710739
1,DiscNRX,trig,163,1,0,0,0,nan,-0.4844164550304413,-0.8073337286710739
1,DiscNRX,trig,164,1,0,0,0,nan,-0.49497658014297485,-0.8073337286710739
1,DiscNRX,trig,165,1,0,0,0,nan,-0.5145317912101746,-0.8073337286710739
1,DiscNRX,trig,166,1,0,0,0,nan,-0.5038253664970398,-0.8073337286710739
1,DiscNRX,trig,167,1,0,0,0,nan,-0.45513916015625,-0.8073337286710739
1,DiscNRX,trig,168,1,0,0,0,nan,-0.5253602862358093,-0.8073337286710739
1,DiscNRX,trig,169,1,0,0,0,nan,-0.5405771136283875,-0.8073337286710739
1,DiscNRX,trig,170,1,0,0,0,nan,-0.5136076211929321,-0.8073337286710739
1,DiscNRX,trig,171,1,0,0,0,nan,-0.5079851746559143,-0.8073337286710739
1,DiscNRX,trig,172,1,0,0,0,nan,-0.4984351098537445,-0.8073337286710739
1,DiscNRX,trig,173,1,0,0,0,nan,-0.46386054158210754,-0.8073337286710739
1,DiscNRX,trig,174,1,0,0,0,nan,-0.537403404712677,-0.8073337286710739
1,DiscNRX,trig,175,1,0,0,0,nan,-0.5258275270462036,-0.8073337286710739
1,DiscNRX,trig,176,1,0,0,0,nan,-0.4992920458316803,-0.8073337286710739
1,DiscNRX,trig,177,1,0,0,0,nan,-0.5286769866943359,-0.8073337286710739
1,DiscNRX,trig,178,1,0,0,0,nan,-0.5145381689071655,-0.8073337286710739
1,DiscNRX,trig,179,1,0,0,0,nan,-0.547485888004303,-0.8073337286710739
1,DiscNRX,trig,180,1,0,0,0,nan,-0.5172746777534485,-0.8073337286710739
1,DiscNRX,trig,181,1,0,0,0,nan,-0.5360814929008484,-0.8073337286710739
1,DiscNRX,trig,182,1,0,0,0,nan,-0.47387033700942993,-0.8073337286710739
1,DiscNRX,trig,183,1,0,0,0,nan,-0.5036877989768982,-0.8073337286710739
1,DiscNRX,trig,184,1,0,0,0,nan,-0.5265033841133118,-0.8073337286710739
1,DiscNRX,trig,185,1,0,0,0,nan,-0.5316290259361267,-0.8073337286710739
1,DiscNRX,trig,186,1,0,0,0,nan,-0.5245523452758789,-0.8073337286710739
1,DiscNRX,trig,187,1,0,0,0,nan,-0.5201592445373535,-0.8073337286710739
1,DiscNRX,trig,188,1,0,0,0,nan,-0.46163445711135864,-0.8073337286710739
1,DiscNRX,trig,189,1,0,0,0,nan,-0.4591453969478607,-0.8073337286710739
1,DiscNRX,trig,190,1,0,0,0,nan,-0.5258183479309082,-0.8073337286710739
1,DiscNRX,trig,191,1,0,0,0,nan,-0.49012482166290283,-0.8073337286710739
1,DiscNRX,trig,192,1,0,0,0,nan,-0.5148829221725464,-0.8073337286710739
1,DiscNRX,trig,193,1,0,0,0,nan,-0.4647185802459717,-0.8073337286710739
1,DiscNRX,trig,194,1,0,0,0,nan,-0.5216988921165466,-0.8073337286710739
1,DiscNRX,trig,195,1,0,0,0,nan,-0.5349301695823669,-0.8073337286710739
1,DiscNRX,trig,196,1,0,0,0,nan,-0.5314419865608215,-0.8073337286710739
1,DiscNRX,trig,197,1,0,0,0,nan,-0.5022904872894287,-0.8073337286710739
1,DiscNRX,trig,198,1,0,0,0,nan,-0.530158519744873,-0.8073337286710739
1,DiscNRX,trig,199,1,0,0,0,nan,-0.49409204721450806,-0.8073337286710739
1,DiscNRX,trig,200,1,0,0,0,nan,-0.48015955090522766,-0.8073337286710739
1,DiscNRX,trig,201,1,0,0,0,nan,-0.4430979788303375,-0.8073337286710739
1,DiscNRX,trig,202,1,0,0,0,nan,-0.5151930451393127,-0.8073337286710739
1,DiscNRX,trig,203,1,0,0,0,nan,-0.5056268572807312,-0.8073337286710739
1,DiscNRX,trig,204,1,0,0,0,nan,-0.5098064541816711,-0.8073337286710739
1,DiscNRX,trig,205,1,0,0,0,nan,-0.4983077943325043,-0.8073337286710739
1,DiscNRX,trig,206,1,0,0,0,nan,-0.49261900782585144,-0.8073337286710739
1,DiscNRX,trig,207,1,0,0,0,nan,-0.507982075214386,-0.8073337286710739
1,DiscNRX,trig,208,1,0,0,0,nan,-0.5243598818778992,-0.8073337286710739
1,DiscNRX,trig,209,1,0,0,0,nan,-0.5343402028083801,-0.8073337286710739
1,DiscNRX,trig,210,1,0,0,0,nan,-0.49606409668922424,-0.8073337286710739
1,DiscNRX,trig,211,1,0,0,0,nan,-0.5061331391334534,-0.8073337286710739
1,DiscNRX,trig,212,1,0,0,0,nan,-0.4866882562637329,-0.8073337286710739
1,DiscNRX,trig,213,1,0,0,0,nan,-0.4728051722049713,-0.8073337286710739
1,DiscNRX,trig,214,1,0,0,0,nan,-0.5141323804855347,-0.8073337286710739
1,DiscNRX,trig,215,1,0,0,0,nan,-0.5614902377128601,-0.8073337286710739
1,DiscNRX,trig,216,1,0,0,0,nan,-0.5278935432434082,-0.8073337286710739
1,DiscNRX,trig,217,1,0,0,0,nan,-0.5114971399307251,-0.8073337286710739
1,DiscNRX,trig,218,1,0,0,0,nan,-0.5413352847099304,-0.8073337286710739
1,DiscNRX,trig,219,1,0,0,0,nan,-0.48515453934669495,-0.8073337286710739
1,DiscNRX,trig,220,1,0,0,0,nan,-0.5058514475822449,-0.8073337286710739
1,DiscNRX,trig,221,1,0,0,0,nan,-0.5128905773162842,-0.8073337286710739
1,DiscNRX,trig,222,1,0,0,0,nan,-0.512786865234375,-0.8073337286710739
1,DiscNRX,trig,223,1,0,0,0,nan,-0.5313405394554138,-0.8073337286710739
1,DiscNRX,trig,224,1,0,0,0,nan,-0.5312947630882263,-0.8073337286710739
1,DiscNRX,trig,225,1,0,0,0,nan,-0.494498074054718,-0.8073337286710739
1,DiscNRX,trig,226,1,0,0,0,nan,-0.5012370944023132,-0.8073337286710739
1,DiscNRX,trig,227,1,0,0,0,nan,-0.49648725986480713,-0.8073337286710739
1,DiscNRX,trig,228,1,0,0,0,nan,-0.5362027883529663,-0.8073337286710739
1,DiscNRX,trig,229,1,0,0,0,nan,-0.430350124835968,-0.8073337286710739
1,DiscNRX,trig,230,1,0,0,0,nan,-0.4961349070072174,-0.8073337286710739
1,DiscNRX,trig,231,1,0,0,0,nan,-0.5488041639328003,-0.8073337286710739
1,DiscNRX,trig,232,1,0,0,0,nan,-0.5137661695480347,-0.8073337286710739
1,DiscNRX,trig,233,1,0,0,0,nan,-0.5105132460594177,-0.8073337286710739
1,DiscNRX,trig,234,1,0,0,0,nan,-0.46221113204956055,-0.8073337286710739
1,DiscNRX,trig,235,1,0,0,0,nan,-0.46178701519966125,-0.8073337286710739
1,DiscNRX,trig,236,1,0,0,0,nan,-0.48014944791793823,-0.8073337286710739
1,DiscNRX,trig,237,1,0,0,0,nan,-0.5211953520774841,-0.8073337286710739
1,DiscNRX,trig,238,1,0,0,0,nan,-0.47950443625450134,-0.8073337286710739
1,DiscNRX,trig,239,1,0,0,0,nan,-0.529475212097168,-0.8073337286710739
1,DiscNRX,trig,240,1,0,0,0,nan,-0.5291610956192017,-0.8073337286710739
1,DiscNRX,trig,241,1,0,0,0,nan,-0.523314356803894,-0.8073337286710739
1,DiscNRX,trig,242,1,0,0,0,nan,-0.4864131808280945,-0.8073337286710739
1,DiscNRX,trig,243,1,0,0,0,nan,-0.4917506277561188,-0.8073337286710739
1,DiscNRX,trig,244,1,0,0,0,nan,-0.48356321454048157,-0.8073337286710739
1,DiscNRX,trig,245,1,0,0,0,nan,-0.49155378341674805,-0.8073337286710739
1,DiscNRX,trig,246,1,0,0,0,nan,-0.5064712762832642,-0.8073337286710739
1,DiscNRX,trig,247,1,0,0,0,nan,-0.4728112518787384,-0.8073337286710739
1,DiscNRX,trig,248,1,0,0,0,nan,-0.5175020098686218,-0.8073337286710739
1,DiscNRX,trig,249,1,0,0,0,nan,-0.5583257675170898,-0.8073337286710739
1,DiscNRX,trig,250,1,0,0,0,nan,-0.5212305784225464,-0.8073337286710739
1,DiscNRX,trig,251,1,0,0,0,nan,-0.47397807240486145,-0.8073337286710739
1,DiscNRX,trig,252,1,0,0,0,nan,-0.47862017154693604,-0.8073337286710739
1,DiscNRX,trig,253,1,0,0,0,nan,-0.5123300552368164,-0.8073337286710739
1,DiscNRX,trig,254,1,0,0,0,nan,-0.5003162622451782,-0.8073337286710739
1,DiscNRX,trig,255,1,0,0,0,nan,-0.5391283631324768,-0.8073337286710739
1,DiscNRX,trig,256,1,0,0,0,nan,-0.5219702124595642,-0.8073337286710739
1,DiscNRX,trig,257,1,0,0,0,nan,-0.5146729946136475,-0.8073337286710739
1,DiscNRX,trig,258,1,0,0,0,nan,-0.5270218253135681,-0.8073337286710739
1,DiscNRX,trig,259,1,0,0,0,nan,-0.5599702000617981,-0.8073337286710739
1,DiscNRX,trig,260,1,0,0,0,nan,-0.5432208776473999,-0.8073337286710739
1,DiscNRX,trig,261,1,0,0,0,nan,-0.5149946212768555,-0.8073337286710739
1,DiscNRX,trig,262,1,0,0,0,nan,-0.4233627915382385,-0.8073337286710739
1,DiscNRX,trig,263,1,0,0,0,nan,-0.5212379097938538,-0.8073337286710739
1,DiscNRX,trig,264,1,0,0,0,nan,-0.5574017763137817,-0.8073337286710739
1,DiscNRX,trig,265,1,0,0,0,nan,-0.48039737343788147,-0.8073337286710739
1,DiscNRX,trig,266,1,0,0,0,nan,-0.5234677791595459,-0.8073337286710739
1,DiscNRX,trig,267,1,0,0,0,nan,-0.5069442391395569,-0.8073337286710739
1,DiscNRX,trig,268,1,0,0,0,nan,-0.4865279793739319,-0.8073337286710739
1,DiscNRX,trig,269,1,0,0,0,nan,-0.5216811895370483,-0.8073337286710739
1,DiscNRX,trig,270,1,0,0,0,nan,-0.5117910504341125,-0.8073337286710739
1,DiscNRX,trig,271,1,0,0,0,nan,-0.5431769490242004,-0.8073337286710739
1,DiscNRX,trig,272,1,0,0,0,nan,-0.5172607898712158,-0.8073337286710739
1,DiscNRX,trig,273,1,0,0,0,nan,-0.5301446318626404,-0.8073337286710739
1,DiscNRX,trig,274,1,0,0,0,nan,-0.46479445695877075,-0.8073337286710739
1,DiscNRX,trig,275,1,0,0,0,nan,-0.5326692461967468,-0.8073337286710739
1,DiscNRX,trig,276,1,0,0,0,nan,-0.502391517162323,-0.8073337286710739
1,DiscNRX,trig,277,1,0,0,0,nan,-0.4861759543418884,-0.8073337286710739
1,DiscNRX,trig,278,1,0,0,0,nan,-0.5412437915802002,-0.8073337286710739
1,DiscNRX,trig,279,1,0,0,0,nan,-0.48124778270721436,-0.8073337286710739
1,DiscNRX,trig,280,1,0,0,0,nan,-0.5285245776176453,-0.8073337286710739
1,DiscNRX,trig,281,1,0,0,0,nan,-0.48277658224105835,-0.8073337286710739
1,DiscNRX,trig,282,1,0,0,0,nan,-0.5156179070472717,-0.8073337286710739
1,DiscNRX,trig,283,1,0,0,0,nan,-0.5226675271987915,-0.8073337286710739
1,DiscNRX,trig,284,1,0,0,0,nan,-0.5223609209060669,-0.8073337286710739
1,DiscNRX,trig,285,1,0,0,0,nan,-0.5064382553100586,-0.8073337286710739
1,DiscNRX,trig,286,1,0,0,0,nan,-0.5511378049850464,-0.8073337286710739
1,DiscNRX,trig,287,1,0,0,0,nan,-0.48640668392181396,-0.8073337286710739
1,DiscNRX,trig,288,1,0,0,0,nan,-0.5248681306838989,-0.8073337286710739
1,DiscNRX,trig,289,1,0,0,0,nan,-0.48058125376701355,-0.8073337286710739
1,DiscNRX,trig,290,1,0,0,0,nan,-0.5258799195289612,-0.8073337286710739
1,DiscNRX,trig,291,1,0,0,0,nan,-0.4913080632686615,-0.8073337286710739
1,DiscNRX,trig,292,1,0,0,0,nan,-0.521693229675293,-0.8073337286710739
1,DiscNRX,trig,293,1,0,0,0,nan,-0.4589182436466217,-0.8073337286710739
1,DiscNRX,trig,294,1,0,0,0,nan,-0.49425894021987915,-0.8073337286710739
1,DiscNRX,trig,295,1,0,0,0,nan,-0.48403576016426086,-0.8073337286710739
1,DiscNRX,trig,296,1,0,0,0,nan,-0.4117681384086609,-0.8073337286710739
1,DiscNRX,trig,297,1,0,0,0,nan,-0.534066915512085,-0.8073337286710739
1,DiscNRX,trig,298,1,0,0,0,nan,-0.47105345129966736,-0.8073337286710739
1,DiscNRX,trig,299,1,0,0,0,nan,-0.5086305737495422,-0.8073337286710739
1,DiscNRX,trig,300,1,0,0,0,nan,-0.5273468494415283,-0.8073337286710739
1,DiscNRX,trig,301,1,0,0,0,nan,-0.4422430396080017,-0.8073337286710739
1,DiscNRX,trig,302,1,0,0,0,nan,-0.5021079778671265,-0.8073337286710739
1,DiscNRX,trig,303,1,0,0,0,nan,-0.5223142504692078,-0.8073337286710739
1,DiscNRX,trig,304,1,0,0,0,nan,-0.4539087414741516,-0.8073337286710739
1,DiscNRX,trig,305,1,0,0,0,nan,-0.5160317420959473,-0.8073337286710739
1,DiscNRX,trig,306,1,0,0,0,nan,-0.5246908068656921,-0.8073337286710739
1,DiscNRX,trig,307,1,0,0,0,nan,-0.538896918296814,-0.8073337286710739
1,DiscNRX,trig,308,1,0,0,0,nan,-0.4964435398578644,-0.8073337286710739
1,DiscNRX,trig,309,1,0,0,0,nan,-0.5347930192947388,-0.8073337286710739
1,DiscNRX,trig,310,1,0,0,0,nan,-0.5451174974441528,-0.8073337286710739
1,DiscNRX,trig,311,1,0,0,0,nan,-0.5028119087219238,-0.8073337286710739
1,DiscNRX,trig,312,1,0,0,0,nan,-0.5334526896476746,-0.8073337286710739
1,DiscNRX,trig,313,1,0,0,0,nan,-0.5234786868095398,-0.8073337286710739
1,DiscNRX,trig,314,1,0,0,0,nan,-0.5104694366455078,-0.8073337286710739
1,DiscNRX,trig,315,1,0,0,0,nan,-0.4847963750362396,-0.8073337286710739
1,DiscNRX,trig,316,1,0,0,0,nan,-0.53636234998703,-0.8073337286710739
1,DiscNRX,trig,317,1,0,0,0,nan,-0.4995270371437073,-0.8073337286710739
1,DiscNRX,trig,318,1,0,0,0,nan,-0.5041469931602478,-0.8073337286710739
1,DiscNRX,trig,319,1,0,0,0,nan,-0.5121629238128662,-0.8073337286710739
1,DiscNRX,trig,320,1,0,0,0,nan,-0.5142073035240173,-0.8073337286710739
1,DiscNRX,trig,321,1,0,0,0,nan,-0.5265789031982422,-0.8073337286710739
1,DiscNRX,trig,322,1,0,0,0,nan,-0.4836369454860687,-0.8073337286710739
1,DiscNRX,trig,323,1,0,0,0,nan,-0.5067843198776245,-0.8073337286710739
1,DiscNRX,trig,324,1,0,0,0,nan,-0.43926090002059937,-0.8073337286710739
1,DiscNRX,trig,325,1,0,0,0,nan,-0.5185221433639526,-0.8073337286710739
1,DiscNRX,trig,326,1,0,0,0,nan,-0.5195022225379944,-0.8073337286710739
1,DiscNRX,trig,327,1,0,0,0,nan,-0.5443122386932373,-0.8073337286710739
1,DiscNRX,trig,328,1,0,0,0,nan,-0.45910295844078064,-0.8073337286710739
1,DiscNRX,trig,329,1,0,0,0,nan,-0.513603925704956,-0.8073337286710739
1,DiscNRX,trig,330,1,0,0,0,nan,-0.5076425075531006,-0.8073337286710739
1,DiscNRX,trig,331,1,0,0,0,nan,-0.531977653503418,-0.8073337286710739
1,DiscNRX,trig,332,1,0,0,0,nan,-0.5030101537704468,-0.8073337286710739
1,DiscNRX,trig,333,1,0,0,0,nan,-0.581213653087616,-0.8073337286710739
1,DiscNRX,trig,334,1,0,0,0,nan,-0.49550861120224,-0.8073337286710739
1,DiscNRX,trig,335,1,0,0,0,nan,-0.5366806387901306,-0.8073337286710739
1,DiscNRX,trig,336,1,0,0,0,nan,-0.4935421943664551,-0.8073337286710739
1,DiscNRX,trig,337,1,0,0,0,nan,-0.4091048240661621,-0.8073337286710739
1,DiscNRX,trig,338,1,0,0,0,nan,-0.4706118404865265,-0.8073337286710739
1,DiscNRX,trig,339,1,0,0,0,nan,-0.4992252588272095,-0.8073337286710739
1,DiscNRX,trig,340,1,0,0,0,nan,-0.4446418881416321,-0.8073337286710739
1,DiscNRX,trig,341,1,0,0,0,nan,-0.5207924842834473,-0.8073337286710739
1,DiscNRX,trig,342,1,0,0,0,nan,-0.5249318480491638,-0.8073337286710739
1,DiscNRX,trig,343,1,0,0,0,nan,-0.47197225689888,-0.8073337286710739
1,DiscNRX,trig,344,1,0,0,0,nan,-0.5313235521316528,-0.8073337286710739
1,DiscNRX,trig,345,1,0,0,0,nan,-0.5255266427993774,-0.8073337286710739
1,DiscNRX,trig,346,1,0,0,0,nan,-0.4728022813796997,-0.8073337286710739
1,DiscNRX,trig,347,1,0,0,0,nan,-0.5174288749694824,-0.8073337286710739
1,DiscNRX,trig,348,1,0,0,0,nan,-0.49237489700317383,-0.8073337286710739
1,DiscNRX,trig,349,1,0,0,0,nan,-0.49599555134773254,-0.8073337286710739
1,DiscNRX,trig,350,1,0,0,0,nan,-0.5231441259384155,-0.8073337286710739
1,DiscNRX,trig,351,1,0,0,0,nan,-0.5077893733978271,-0.8073337286710739
1,DiscNRX,trig,352,1,0,0,0,nan,-0.5309825539588928,-0.8073337286710739
1,DiscNRX,trig,353,1,0,0,0,nan,-0.5350246429443359,-0.8073337286710739
1,DiscNRX,trig,354,1,0,0,0,nan,-0.5441758632659912,-0.8073337286710739
1,DiscNRX,trig,355,1,0,0,0,nan,-0.5317955613136292,-0.8073337286710739
1,DiscNRX,trig,356,1,0,0,0,nan,-0.46019721031188965,-0.8073337286710739
1,DiscNRX,trig,357,1,0,0,0,nan,-0.48626962304115295,-0.8073337286710739
1,DiscNRX,trig,358,1,0,0,0,nan,-0.5251093506813049,-0.8073337286710739
1,DiscNRX,trig,359,1,0,0,0,nan,-0.556943416595459,-0.8073337286710739
1,DiscNRX,trig,360,1,0,0,0,nan,-0.5164926052093506,-0.8073337286710739
1,DiscNRX,trig,361,1,0,0,0,nan,-0.5309436321258545,-0.8073337286710739
1,DiscNRX,trig,362,1,0,0,0,nan,-0.4364165663719177,-0.8073337286710739
1,DiscNRX,trig,363,1,0,0,0,nan,-0.4812491536140442,-0.8073337286710739
1,DiscNRX,trig,364,1,0,0,0,nan,-0.5276124477386475,-0.8073337286710739
1,DiscNRX,trig,365,1,0,0,0,nan,-0.5161973237991333,-0.8073337286710739
1,DiscNRX,trig,366,1,0,0,0,nan,-0.4434846341609955,-0.8073337286710739
1,DiscNRX,trig,367,1,0,0,0,nan,-0.5187215805053711,-0.8073337286710739
1,DiscNRX,trig,368,1,0,0,0,nan,-0.4702964425086975,-0.8073337286710739
1,DiscNRX,trig,369,1,0,0,0,nan,-0.4211336374282837,-0.8073337286710739
1,DiscNRX,trig,370,1,0,0,0,nan,-0.46974843740463257,-0.8073337286710739
1,DiscNRX,trig,371,1,0,0,0,nan,-0.5085150003433228,-0.8073337286710739
1,DiscNRX,trig,372,1,0,0,0,nan,-0.550338864326477,-0.8073337286710739
1,DiscNRX,trig,373,1,0,0,0,nan,-0.5050075054168701,-0.8073337286710739
1,DiscNRX,trig,374,1,0,0,0,nan,-0.44550320506095886,-0.8073337286710739
1,DiscNRX,trig,375,1,0,0,0,nan,-0.49969395995140076,-0.8073337286710739
1,DiscNRX,trig,376,1,0,0,0,nan,-0.5692028403282166,-0.8073337286710739
1,DiscNRX,trig,377,1,0,0,0,nan,-0.5498840808868408,-0.8073337286710739
1,DiscNRX,trig,378,1,0,0,0,nan,-0.5272300243377686,-0.8073337286710739
1,DiscNRX,trig,379,1,0,0,0,nan,-0.49393004179000854,-0.8073337286710739
1,DiscNRX,trig,380,1,0,0,0,nan,-0.5219650864601135,-0.8073337286710739
1,DiscNRX,trig,381,1,0,0,0,nan,-0.48846951127052307,-0.8073337286710739
1,DiscNRX,trig,382,1,0,0,0,nan,-0.46592840552330017,-0.8073337286710739
1,DiscNRX,trig,383,1,0,0,0,nan,-0.45558813214302063,-0.8073337286710739
1,DiscNRX,trig,384,1,0,0,0,nan,-0.45136332511901855,-0.8073337286710739
1,DiscNRX,trig,385,1,0,0,0,nan,-0.5434191823005676,-0.8073337286710739
1,DiscNRX,trig,386,1,0,0,0,nan,-0.5059802532196045,-0.8073337286710739
1,DiscNRX,trig,387,1,0,0,0,nan,-0.5618921518325806,-0.8073337286710739
1,DiscNRX,trig,388,1,0,0,0,nan,-0.518746554851532,-0.8073337286710739
1,DiscNRX,trig,389,1,0,0,0,nan,-0.5265897512435913,-0.8073337286710739
1,DiscNRX,trig,390,1,0,0,0,nan,-0.46495795249938965,-0.8073337286710739
1,DiscNRX,trig,391,1,0,0,0,nan,-0.5199364423751831,-0.8073337286710739
1,DiscNRX,trig,392,1,0,0,0,nan,-0.5193390250205994,-0.8073337286710739
1,DiscNRX,trig,393,1,0,0,0,nan,-0.5304495692253113,-0.8073337286710739
1,DiscNRX,trig,394,1,0,0,0,nan,-0.5179370045661926,-0.8073337286710739
1,DiscNRX,trig,395,1,0,0,0,nan,-0.4640071988105774,-0.8073337286710739
1,DiscNRX,trig,396,1,0,0,0,nan,-0.5228999853134155,-0.8073337286710739
1,DiscNRX,trig,397,1,0,0,0,nan,-0.4718579053878784,-0.8073337286710739
1,DiscNRX,trig,398,1,0,0,0,nan,-0.5423001050949097,-0.8073337286710739
1,DiscNRX,trig,399,1,0,0,0,nan,-0.5132235884666443,-0.8073337286710739
1,DiscNRX,trig,400,1,0,0,0,nan,-0.5677918195724487,-0.8073337286710739
1,DiscNRX,trig,401,1,0,0,0,nan,-0.46148160099983215,-0.8073337286710739
1,DiscNRX,trig,402,1,0,0,0,nan,-0.46994948387145996,-0.8073337286710739
1,DiscNRX,trig,403,1,0,0,0,nan,-0.5118108987808228,-0.8073337286710739
1,DiscNRX,trig,404,1,0,0,0,nan,-0.4434018135070801,-0.8073337286710739
1,DiscNRX,trig,405,1,0,0,0,nan,-0.5337526202201843,-0.8073337286710739
1,DiscNRX,trig,406,1,0,0,0,nan,-0.5283743739128113,-0.8073337286710739
1,DiscNRX,trig,407,1,0,0,0,nan,-0.4980468153953552,-0.8073337286710739
1,DiscNRX,trig,408,1,0,0,0,nan,-0.4495878219604492,-0.8073337286710739
1,DiscNRX,trig,409,1,0,0,0,nan,-0.5126020312309265,-0.8073337286710739
1,DiscNRX,trig,410,1,0,0,0,nan,-0.4398532807826996,-0.8073337286710739
1,DiscNRX,trig,411,1,0,0,0,nan,-0.5230298638343811,-0.8073337286710739
1,DiscNRX,trig,412,1,0,0,0,nan,-0.5244901776313782,-0.8073337286710739
1,DiscNRX,trig,413,1,0,0,0,nan,-0.5262413024902344,-0.8073337286710739
1,DiscNRX,trig,414,1,0,0,0,nan,-0.5257155895233154,-0.8073337286710739
1,DiscNRX,trig,415,1,0,0,0,nan,-0.5064084529876709,-0.8073337286710739
1,DiscNRX,trig,416,1,0,0,0,nan,-0.5260093212127686,-0.8073337286710739
1,DiscNRX,trig,417,1,0,0,0,nan,-0.4821157455444336,-0.8073337286710739
1,DiscNRX,trig,418,1,0,0,0,nan,-0.4943353235721588,-0.8073337286710739
1,DiscNRX,trig,419,1,0,0,0,nan,-0.512089729309082,-0.8073337286710739
1,DiscNRX,trig,420,1,0,0,0,nan,-0.5003699064254761,-0.8073337286710739
1,DiscNRX,trig,421,1,0,0,0,nan,-0.49485576152801514,-0.8073337286710739
1,DiscNRX,trig,422,1,0,0,0,nan,-0.48978638648986816,-0.8073337286710739
1,DiscNRX,trig,423,1,0,0,0,nan,-0.5188758373260498,-0.8073337286710739
1,DiscNRX,trig,424,1,0,0,0,nan,-0.37841033935546875,-0.8073337286710739
1,DiscNRX,trig,425,1,0,0,0,nan,-0.5136898756027222,-0.8073337286710739
1,DiscNRX,trig,426,1,0,0,0,nan,-0.4707099497318268,-0.8073337286710739
1,DiscNRX,trig,427,1,0,0,0,nan,-0.5120172500610352,-0.8073337286710739
1,DiscNRX,trig,428,1,0,0,0,nan,-0.525230348110199,-0.8073337286710739
1,DiscNRX,trig,429,1,0,0,0,nan,-0.511592447757721,-0.8073337286710739
1,DiscNRX,trig,430,1,0,0,0,nan,-0.47111207246780396,-0.8073337286710739
1,DiscNRX,trig,431,1,0,0,0,nan,-0.48928770422935486,-0.8073337286710739
1,DiscNRX,trig,432,1,0,0,0,nan,-0.5012832283973694,-0.8073337286710739
1,DiscNRX,trig,433,1,0,0,0,nan,-0.5406666398048401,-0.8073337286710739
1,DiscNRX,trig,434,1,0,0,0,nan,-0.5273261070251465,-0.8073337286710739
1,DiscNRX,trig,435,1,0,0,0,nan,-0.5086066126823425,-0.8073337286710739
1,DiscNRX,trig,436,1,0,0,0,nan,-0.48768219351768494,-0.8073337286710739
1,DiscNRX,trig,437,1,0,0,0,nan,-0.47356995940208435,-0.8073337286710739
1,DiscNRX,trig,438,1,0,0,0,nan,-0.49465635418891907,-0.8073337286710739
1,DiscNRX,trig,439,1,0,0,0,nan,-0.5050125122070312,-0.8073337286710739
1,DiscNRX,trig,440,1,0,0,0,nan,-0.5415869355201721,-0.8073337286710739
1,DiscNRX,trig,441,1,0,0,0,nan,-0.48925352096557617,-0.8073337286710739
1,DiscNRX,trig,442,1,0,0,0,nan,-0.5238385796546936,-0.8073337286710739
1,DiscNRX,trig,443,1,0,0,0,nan,-0.5121656656265259,-0.8073337286710739
1,DiscNRX,trig,444,1,0,0,0,nan,-0.47068458795547485,-0.8073337286710739
1,DiscNRX,trig,445,1,0,0,0,nan,-0.46920251846313477,-0.8073337286710739
1,DiscNRX,trig,446,1,0,0,0,nan,-0.5099644064903259,-0.8073337286710739
1,DiscNRX,trig,447,1,0,0,0,nan,-0.4730045199394226,-0.8073337286710739
1,DiscNRX,trig,448,1,0,0,0,nan,-0.45846208930015564,-0.8073337286710739
1,DiscNRX,trig,449,1,0,0,0,nan,-0.5473631620407104,-0.8073337286710739
1,DiscNRX,trig,450,1,0,0,0,nan,-0.49517709016799927,-0.8073337286710739
1,DiscNRX,trig,451,1,0,0,0,nan,-0.5123932361602783,-0.8073337286710739
1,DiscNRX,trig,452,1,0,0,0,nan,-0.5024383664131165,-0.8073337286710739
1,DiscNRX,trig,453,1,0,0,0,nan,-0.49088796973228455,-0.8073337286710739
1,DiscNRX,trig,454,1,0,0,0,nan,-0.5331846475601196,-0.8073337286710739
1,DiscNRX,trig,455,1,0,0,0,nan,-0.5142849683761597,-0.8073337286710739
1,DiscNRX,trig,456,1,0,0,0,nan,-0.527123749256134,-0.8073337286710739
1,DiscNRX,trig,457,1,0,0,0,nan,-0.5114157795906067,-0.8073337286710739
1,DiscNRX,trig,458,1,0,0,0,nan,-0.4741399586200714,-0.8073337286710739
1,DiscNRX,trig,459,1,0,0,0,nan,-0.5347806215286255,-0.8073337286710739
1,DiscNRX,trig,460,1,0,0,0,nan,-0.41039136052131653,-0.8073337286710739
1,DiscNRX,trig,461,1,0,0,0,nan,-0.5139515995979309,-0.8073337286710739
1,DiscNRX,trig,462,1,0,0,0,nan,-0.5211676955223083,-0.8073337286710739
1,DiscNRX,trig,463,1,0,0,0,nan,-0.5269476175308228,-0.8073337286710739
1,DiscNRX,trig,464,1,0,0,0,nan,-0.5016815066337585,-0.8073337286710739
1,DiscNRX,trig,465,1,0,0,0,nan,-0.4989539384841919,-0.8073337286710739
1,DiscNRX,trig,466,1,0,0,0,nan,-0.5277190804481506,-0.8073337286710739
1,DiscNRX,trig,467,1,0,0,0,nan,-0.505309522151947,-0.8073337286710739
1,DiscNRX,trig,468,1,0,0,0,nan,-0.540529727935791,-0.8073337286710739
1,DiscNRX,trig,469,1,0,0,0,nan,-0.52504563331604,-0.8073337286710739
1,DiscNRX,trig,470,1,0,0,0,nan,-0.5354034900665283,-0.8073337286710739
1,DiscNRX,trig,471,1,0,0,0,nan,-0.46986711025238037,-0.8073337286710739
1,DiscNRX,trig,472,1,0,0,0,nan,-0.5337414741516113,-0.8073337286710739
1,DiscNRX,trig,473,1,0,0,0,nan,-0.5287245512008667,-0.8073337286710739
1,DiscNRX,trig,474,1,0,0,0,nan,-0.5209630131721497,-0.8073337286710739
1,DiscNRX,trig,475,1,0,0,0,nan,-0.4470875859260559,-0.8073337286710739
1,DiscNRX,trig,476,1,0,0,0,nan,-0.5115469694137573,-0.8073337286710739
1,DiscNRX,trig,477,1,0,0,0,nan,-0.42501580715179443,-0.8073337286710739
1,DiscNRX,trig,478,1,0,0,0,nan,-0.5122964978218079,-0.8073337286710739
1,DiscNRX,trig,479,1,0,0,0,nan,-0.475581556558609,-0.8073337286710739
1,DiscNRX,trig,480,1,0,0,0,nan,-0.4160935878753662,-0.8073337286710739
1,DiscNRX,trig,481,1,0,0,0,nan,-0.4463930130004883,-0.8073337286710739
1,DiscNRX,trig,482,1,0,0,0,nan,-0.5412785410881042,-0.8073337286710739
1,DiscNRX,trig,483,1,0,0,0,nan,-0.52105313539505,-0.8073337286710739
1,DiscNRX,trig,484,1,0,0,0,nan,-0.5058895945549011,-0.8073337286710739
1,DiscNRX,trig,485,1,0,0,0,nan,-0.48300743103027344,-0.8073337286710739
1,DiscNRX,trig,486,1,0,0,0,nan,-0.5464853644371033,-0.8073337286710739
1,DiscNRX,trig,487,1,0,0,0,nan,-0.5666497349739075,-0.8073337286710739
1,DiscNRX,trig,488,1,0,0,0,nan,-0.5085709691047668,-0.8073337286710739
1,DiscNRX,trig,489,1,0,0,0,nan,-0.522820234298706,-0.8073337286710739
1,DiscNRX,trig,490,1,0,0,0,nan,-0.4974595904350281,-0.8073337286710739
1,DiscNRX,trig,491,1,0,0,0,nan,-0.5086467266082764,-0.8073337286710739
1,DiscNRX,trig,492,1,0,0,0,nan,-0.499518483877182,-0.8073337286710739
1,DiscNRX,trig,493,1,0,0,0,nan,-0.5423247814178467,-0.8073337286710739
1,DiscNRX,trig,494,1,0,0,0,nan,-0.5073567032814026,-0.8073337286710739
1,DiscNRX,trig,495,1,0,0,0,nan,-0.5346051454544067,-0.8073337286710739
1,DiscNRX,trig,496,1,0,0,0,nan,-0.47297561168670654,-0.8073337286710739
1,DiscNRX,trig,497,1,0,0,0,nan,-0.4941958487033844,-0.8073337286710739
1,DiscNRX,trig,498,1,0,0,0,nan,-0.5229562520980835,-0.8073337286710739
1,DiscNRX,trig,499,1,0,0,0,nan,-0.5145242214202881,-0.8073337286710739
1,DiscNRX,trig,500,1,0,0,0,nan,-0.5233942270278931,-0.8073337286710739
1,DiscNRX,trig,501,1,0,0,0,nan,-0.5388466119766235,-0.8073337286710739
1,DiscNRX,trig,502,1,0,0,0,nan,-0.47217920422554016,-0.8073337286710739
1,DiscNRX,trig,503,1,0,0,0,nan,-0.492543488740921,-0.8073337286710739
1,DiscNRX,trig,504,1,0,0,0,nan,-0.44436487555503845,-0.8073337286710739
1,DiscNRX,trig,505,1,0,0,0,nan,-0.49290600419044495,-0.8073337286710739
1,DiscNRX,trig,506,1,0,0,0,nan,-0.5156218409538269,-0.8073337286710739
1,DiscNRX,trig,507,1,0,0,0,nan,-0.5031795501708984,-0.8073337286710739
1,DiscNRX,trig,508,1,0,0,0,nan,-0.45132356882095337,-0.8073337286710739
1,DiscNRX,trig,509,1,0,0,0,nan,-0.47985371947288513,-0.8073337286710739
1,DiscNRX,trig,510,1,0,0,0,nan,-0.5115458965301514,-0.8073337286710739
1,DiscNRX,trig,511,1,0,0,0,nan,-0.5260630249977112,-0.8073337286710739
1,DiscNRX,trig,512,1,0,0,0,nan,-0.519809365272522,-0.8073337286710739
1,DiscNRX,trig,513,1,0,0,0,nan,-0.5289215445518494,-0.8073337286710739
1,DiscNRX,trig,514,1,0,0,0,nan,-0.41528409719467163,-0.8073337286710739
1,DiscNRX,trig,515,1,0,0,0,nan,-0.5362501740455627,-0.8073337286710739
1,DiscNRX,trig,516,1,0,0,0,nan,-0.5307874083518982,-0.8073337286710739
1,DiscNRX,trig,517,1,0,0,0,nan,-0.5362887382507324,-0.8073337286710739
1,DiscNRX,trig,518,1,0,0,0,nan,-0.5498321056365967,-0.8073337286710739
1,DiscNRX,trig,519,1,0,0,0,nan,-0.48432156443595886,-0.8073337286710739
1,DiscNRX,trig,520,1,0,0,0,nan,-0.47707128524780273,-0.8073337286710739
1,DiscNRX,trig,521,1,0,0,0,nan,-0.46964031457901,-0.8073337286710739
1,DiscNRX,trig,522,1,0,0,0,nan,-0.5038065314292908,-0.8073337286710739
1,DiscNRX,trig,523,1,0,0,0,nan,-0.4792536497116089,-0.8073337286710739
1,DiscNRX,trig,524,1,0,0,0,nan,-0.522645890712738,-0.8073337286710739
1,DiscNRX,trig,525,1,0,0,0,nan,-0.5210353136062622,-0.8073337286710739
1,DiscNRX,trig,526,1,0,0,0,nan,-0.48768389225006104,-0.8073337286710739
1,DiscNRX,trig,527,1,0,0,0,nan,-0.5358874797821045,-0.8073337286710739
1,DiscNRX,trig,528,1,0,0,0,nan,-0.38726165890693665,-0.8073337286710739
1,DiscNRX,trig,529,1,0,0,0,nan,-0.5425209403038025,-0.8073337286710739
1,DiscNRX,trig,530,1,0,0,0,nan,-0.5244912505149841,-0.8073337286710739
1,DiscNRX,trig,531,1,0,0,0,nan,-0.4854922890663147,-0.8073337286710739
1,DiscNRX,trig,532,1,0,0,0,nan,-0.5061408877372742,-0.8073337286710739
1,DiscNRX,trig,533,1,0,0,0,nan,-0.4954601228237152,-0.8073337286710739
1,DiscNRX,trig,534,1,0,0,0,nan,-0.5280582308769226,-0.8073337286710739
1,DiscNRX,trig,535,1,0,0,0,nan,-0.5239623785018921,-0.8073337286710739
1,DiscNRX,trig,536,1,0,0,0,nan,-0.5053783655166626,-0.8073337286710739
1,DiscNRX,trig,537,1,0,0,0,nan,-0.5310133099555969,-0.8073337286710739
1,DiscNRX,trig,538,1,0,0,0,nan,-0.5122562646865845,-0.8073337286710739
1,DiscNRX,trig,539,1,0,0,0,nan,-0.5021218657493591,-0.8073337286710739
1,DiscNRX,trig,540,1,0,0,0,nan,-0.5486626625061035,-0.8073337286710739
1,DiscNRX,trig,541,1,0,0,0,nan,-0.5200916528701782,-0.8073337286710739
1,DiscNRX,trig,542,1,0,0,0,nan,-0.5145242214202881,-0.8073337286710739
1,DiscNRX,trig,543,1,0,0,0,nan,-0.5380977988243103,-0.8073337286710739
1,DiscNRX,trig,544,1,0,0,0,nan,-0.5346377491950989,-0.8073337286710739
1,DiscNRX,trig,545,1,0,0,0,nan,-0.5497783422470093,-0.8073337286710739
1,DiscNRX,trig,546,1,0,0,0,nan,-0.5504558086395264,-0.8073337286710739
1,DiscNRX,trig,547,1,0,0,0,nan,-0.4442923665046692,-0.8073337286710739
1,DiscNRX,trig,548,1,0,0,0,nan,-0.49799448251724243,-0.8073337286710739
1,DiscNRX,trig,549,1,0,0,0,nan,-0.5121416449546814,-0.8073337286710739
1,DiscNRX,trig,550,1,0,0,0,nan,-0.532394289970398,-0.8073337286710739
1,DiscNRX,trig,551,1,0,0,0,nan,-0.5353406667709351,-0.8073337286710739
1,DiscNRX,trig,552,1,0,0,0,nan,-0.5514028072357178,-0.8073337286710739
1,DiscNRX,trig,553,1,0,0,0,nan,-0.49729105830192566,-0.8073337286710739
1,DiscNRX,trig,554,1,0,0,0,nan,-0.5145156383514404,-0.8073337286710739
1,DiscNRX,trig,555,1,0,0,0,nan,-0.5259860754013062,-0.8073337286710739
1,DiscNRX,trig,556,1,0,0,0,nan,-0.5038571357727051,-0.8073337286710739
1,DiscNRX,trig,557,1,0,0,0,nan,-0.3945506513118744,-0.8073337286710739
1,DiscNRX,trig,558,1,0,0,0,nan,-0.5076858997344971,-0.8073337286710739
1,DiscNRX,trig,559,1,0,0,0,nan,-0.5184935927391052,-0.8073337286710739
1,DiscNRX,trig,560,1,0,0,0,nan,-0.4837575852870941,-0.8073337286710739
1,DiscNRX,trig,561,1,0,0,0,nan,-0.5292136669158936,-0.8073337286710739
1,DiscNRX,trig,562,1,0,0,0,nan,-0.5140752196311951,-0.8073337286710739
1,DiscNRX,trig,563,1,0,0,0,nan,-0.5233026146888733,-0.8073337286710739
1,DiscNRX,trig,564,1,0,0,0,nan,-0.5046717524528503,-0.8073337286710739
1,DiscNRX,trig,565,1,0,0,0,nan,-0.5262950658798218,-0.8073337286710739
1,DiscNRX,trig,566,1,0,0,0,nan,-0.4905254542827606,-0.8073337286710739
1,DiscNRX,trig,567,1,0,0,0,nan,-0.5059377551078796,-0.8073337286710739
1,DiscNRX,trig,568,1,0,0,0,nan,-0.48008406162261963,-0.8073337286710739
1,DiscNRX,trig,569,1,0,0,0,nan,-0.5466501116752625,-0.8073337286710739
1,DiscNRX,trig,570,1,0,0,0,nan,-0.5434963703155518,-0.8073337286710739
1,DiscNRX,trig,571,1,0,0,0,nan,-0.46637973189353943,-0.8073337286710739
1,DiscNRX,trig,572,1,0,0,0,nan,-0.5257645845413208,-0.8073337286710739
1,DiscNRX,trig,573,1,0,0,0,nan,-0.5143945217132568,-0.8073337286710739
1,DiscNRX,trig,574,1,0,0,0,nan,-0.5294575691223145,-0.8073337286710739
1,DiscNRX,trig,575,1,0,0,0,nan,-0.5120348334312439,-0.8073337286710739
1,DiscNRX,trig,576,1,0,0,0,nan,-0.5878400206565857,-0.8073337286710739
1,DiscNRX,trig,577,1,0,0,0,nan,-0.5433436632156372,-0.8073337286710739
1,DiscNRX,trig,578,1,0,0,0,nan,-0.4746144115924835,-0.8073337286710739
1,DiscNRX,trig,579,1,0,0,0,nan,-0.4709213674068451,-0.8073337286710739
1,DiscNRX,trig,580,1,0,0,0,nan,-0.48838579654693604,-0.8073337286710739
1,DiscNRX,trig,581,1,0,0,0,nan,-0.5273948907852173,-0.8073337286710739
1,DiscNRX,trig,582,1,0,0,0,nan,-0.5010613799095154,-0.8073337286710739
1,DiscNRX,trig,583,1,0,0,0,nan,-0.5246878266334534,-0.8073337286710739
1,DiscNRX,trig,584,1,0,0,0,nan,-0.48394694924354553,-0.8073337286710739
1,DiscNRX,trig,585,1,0,0,0,nan,-0.5087378621101379,-0.8073337286710739
1,DiscNRX,trig,586,1,0,0,0,nan,-0.5439755320549011,-0.8073337286710739
1,DiscNRX,trig,587,1,0,0,0,nan,-0.5060247778892517,-0.8073337286710739
1,DiscNRX,trig,588,1,0,0,0,nan,-0.4337567090988159,-0.8073337286710739
1,DiscNRX,trig,589,1,0,0,0,nan,-0.4569071829319,-0.8073337286710739
1,DiscNRX,trig,590,1,0,0,0,nan,-0.5078043341636658,-0.8073337286710739
1,DiscNRX,trig,591,1,0,0,0,nan,-0.4905068278312683,-0.8073337286710739
1,DiscNRX,trig,592,1,0,0,0,nan,-0.4955693185329437,-0.8073337286710739
1,DiscNRX,trig,593,1,0,0,0,nan,-0.49465274810791016,-0.8073337286710739
1,DiscNRX,trig,594,1,0,0,0,nan,-0.5065346956253052,-0.8073337286710739
1,DiscNRX,trig,595,1,0,0,0,nan,-0.5122951865196228,-0.8073337286710739
1,DiscNRX,trig,596,1,0,0,0,nan,-0.5403590798377991,-0.8073337286710739
1,DiscNRX,trig,597,1,0,0,0,nan,-0.48736685514450073,-0.8073337286710739
1,DiscNRX,trig,598,1,0,0,0,nan,-0.5381874442100525,-0.8073337286710739
1,DiscNRX,trig,599,1,0,0,0,nan,-0.4715825617313385,-0.8073337286710739
1,DiscNRX,trig,600,1,0,0,0,nan,-0.4776179790496826,-0.8073337286710739
1,DiscNRX,trig,601,1,0,0,0,nan,-0.42885148525238037,-0.8073337286710739
1,DiscNRX,trig,602,1,0,0,0,nan,-0.5155817270278931,-0.8073337286710739
1,DiscNRX,trig,603,1,0,0,0,nan,-0.5303554534912109,-0.8073337286710739
1,DiscNRX,trig,604,1,0,0,0,nan,-0.534199595451355,-0.8073337286710739
1,DiscNRX,trig,605,1,0,0,0,nan,-0.5560154318809509,-0.8073337286710739
1,DiscNRX,trig,606,1,0,0,0,nan,-0.4942435920238495,-0.8073337286710739
1,DiscNRX,trig,607,1,0,0,0,nan,-0.5177544355392456,-0.8073337286710739
1,DiscNRX,trig,608,1,0,0,0,nan,-0.5429964661598206,-0.8073337286710739
1,DiscNRX,trig,609,1,0,0,0,nan,-0.5076817274093628,-0.8073337286710739
1,DiscNRX,trig,610,1,0,0,0,nan,-0.47210511565208435,-0.8073337286710739
1,DiscNRX,trig,611,1,0,0,0,nan,-0.5448139905929565,-0.8073337286710739
1,DiscNRX,trig,612,1,0,0,0,nan,-0.4958561062812805,-0.8073337286710739
1,DiscNRX,trig,613,1,0,0,0,nan,-0.5317174792289734,-0.8073337286710739
1,DiscNRX,trig,614,1,0,0,0,nan,-0.5042856335639954,-0.8073337286710739
1,DiscNRX,trig,615,1,0,0,0,nan,-0.5060497522354126,-0.8073337286710739
1,DiscNRX,trig,616,1,0,0,0,nan,-0.5454028844833374,-0.8073337286710739
1,DiscNRX,trig,617,1,0,0,0,nan,-0.5406055450439453,-0.8073337286710739
1,DiscNRX,trig,618,1,0,0,0,nan,-0.4892977774143219,-0.8073337286710739
1,DiscNRX,trig,619,1,0,0,0,nan,-0.4791152775287628,-0.8073337286710739
1,DiscNRX,trig,620,1,0,0,0,nan,-0.48752856254577637,-0.8073337286710739
1,DiscNRX,trig,621,1,0,0,0,nan,-0.48892056941986084,-0.8073337286710739
1,DiscNRX,trig,622,1,0,0,0,nan,-0.5219922661781311,-0.8073337286710739
1,DiscNRX,trig,623,1,0,0,0,nan,-0.5099461674690247,-0.8073337286710739
1,DiscNRX,trig,624,1,0,0,0,nan,-0.5169553756713867,-0.8073337286710739
1,DiscNRX,trig,625,1,0,0,0,nan,-0.5366315841674805,-0.8073337286710739
1,DiscNRX,trig,626,1,0,0,0,nan,-0.4865405857563019,-0.8073337286710739
1,DiscNRX,trig,627,1,0,0,0,nan,-0.5366554856300354,-0.8073337286710739
1,DiscNRX,trig,628,1,0,0,0,nan,-0.5098927617073059,-0.8073337286710739
1,DiscNRX,trig,629,1,0,0,0,nan,-0.5077855587005615,-0.8073337286710739
1,DiscNRX,trig,630,1,0,0,0,nan,-0.5326695442199707,-0.8073337286710739
1,DiscNRX,trig,631,1,0,0,0,nan,-0.46369677782058716,-0.8073337286710739
1,DiscNRX,trig,632,1,0,0,0,nan,-0.5327697992324829,-0.8073337286710739
1,DiscNRX,trig,633,1,0,0,0,nan,-0.39397650957107544,-0.8073337286710739
1,DiscNRX,trig,634,1,0,0,0,nan,-0.5108256936073303,-0.8073337286710739
1,DiscNRX,trig,635,1,0,0,0,nan,-0.40788203477859497,-0.8073337286710739
1,DiscNRX,trig,636,1,0,0,0,nan,-0.5049799084663391,-0.8073337286710739
1,DiscNRX,trig,637,1,0,0,0,nan,-0.5309832692146301,-0.8073337286710739
1,DiscNRX,trig,638,1,0,0,0,nan,-0.4993246793746948,-0.8073337286710739
1,DiscNRX,trig,639,1,0,0,0,nan,-0.5278819799423218,-0.8073337286710739
1,DiscNRX,trig,640,1,0,0,0,nan,-0.5414106249809265,-0.8073337286710739
1,DiscNRX,trig,641,1,0,0,0,nan,-0.521699070930481,-0.8073337286710739
1,DiscNRX,trig,642,1,0,0,0,nan,-0.4407285749912262,-0.8073337286710739
1,DiscNRX,trig,643,1,0,0,0,nan,-0.5191298127174377,-0.8073337286710739
1,DiscNRX,trig,644,1,0,0,0,nan,-0.500615656375885,-0.8073337286710739
1,DiscNRX,trig,645,1,0,0,0,nan,-0.48812729120254517,-0.8073337286710739
1,DiscNRX,trig,646,1,0,0,0,nan,-0.3934459984302521,-0.8073337286710739
1,DiscNRX,trig,647,1,0,0,0,nan,-0.5344425439834595,-0.8073337286710739
1,DiscNRX,trig,648,1,0,0,0,nan,-0.4398915767669678,-0.8073337286710739
1,DiscNRX,trig,649,1,0,0,0,nan,-0.512928307056427,-0.8073337286710739
1,DiscNRX,trig,650,1,0,0,0,nan,-0.47923123836517334,-0.8073337286710739
1,DiscNRX,trig,651,1,0,0,0,nan,-0.5188348889350891,-0.8073337286710739
1,DiscNRX,trig,652,1,0,0,0,nan,-0.5248615741729736,-0.8073337286710739
1,DiscNRX,trig,653,1,0,0,0,nan,-0.500264048576355,-0.8073337286710739
1,DiscNRX,trig,654,1,0,0,0,nan,-0.4835279881954193,-0.8073337286710739
1,DiscNRX,trig,655,1,0,0,0,nan,-0.5169926285743713,-0.8073337286710739
1,DiscNRX,trig,656,1,0,0,0,nan,-0.5059331655502319,-0.8073337286710739
1,DiscNRX,trig,657,1,0,0,0,nan,-0.506935179233551,-0.8073337286710739
1,DiscNRX,trig,658,1,0,0,0,nan,-0.50907963514328,-0.8073337286710739
1,DiscNRX,trig,659,1,0,0,0,nan,-0.5108944177627563,-0.8073337286710739
1,DiscNRX,trig,660,1,0,0,0,nan,-0.5275707244873047,-0.8073337286710739
1,DiscNRX,trig,661,1,0,0,0,nan,-0.4816957414150238,-0.8073337286710739
1,DiscNRX,trig,662,1,0,0,0,nan,-0.4978795051574707,-0.8073337286710739
1,DiscNRX,trig,663,1,0,0,0,nan,-0.5292147994041443,-0.8073337286710739
1,DiscNRX,trig,664,1,0,0,0,nan,-0.5019840002059937,-0.8073337286710739
1,DiscNRX,trig,665,1,0,0,0,nan,-0.5049318075180054,-0.8073337286710739
1,DiscNRX,trig,666,1,0,0,0,nan,-0.5370531678199768,-0.8073337286710739
1,DiscNRX,trig,667,1,0,0,0,nan,-0.5171254277229309,-0.8073337286710739
1,DiscNRX,trig,668,1,0,0,0,nan,-0.5111076235771179,-0.8073337286710739
1,DiscNRX,trig,669,1,0,0,0,nan,-0.4905146658420563,-0.8073337286710739
1,DiscNRX,trig,670,1,0,0,0,nan,-0.5103174448013306,-0.8073337286710739
1,DiscNRX,trig,671,1,0,0,0,nan,-0.5071337223052979,-0.8073337286710739
1,DiscNRX,trig,672,1,0,0,0,nan,-0.4386102259159088,-0.8073337286710739
1,DiscNRX,trig,673,1,0,0,0,nan,-0.5145378708839417,-0.8073337286710739
1,DiscNRX,trig,674,1,0,0,0,nan,-0.5299240350723267,-0.8073337286710739
1,DiscNRX,trig,675,1,0,0,0,nan,-0.4942512512207031,-0.8073337286710739
1,DiscNRX,trig,676,1,0,0,0,nan,-0.5176540613174438,-0.8073337286710739
1,DiscNRX,trig,677,1,0,0,0,nan,-0.5001267194747925,-0.8073337286710739
1,DiscNRX,trig,678,1,0,0,0,nan,-0.5556493401527405,-0.8073337286710739
1,DiscNRX,trig,679,1,0,0,0,nan,-0.5188590884208679,-0.8073337286710739
1,DiscNRX,trig,680,1,0,0,0,nan,-0.45447012782096863,-0.8073337286710739
1,DiscNRX,trig,681,1,0,0,0,nan,-0.44526538252830505,-0.8073337286710739
1,DiscNRX,trig,682,1,0,0,0,nan,-0.512552797794342,-0.8073337286710739
1,DiscNRX,trig,683,1,0,0,0,nan,-0.5351866483688354,-0.8073337286710739
1,DiscNRX,trig,684,1,0,0,0,nan,-0.5031169652938843,-0.8073337286710739
1,DiscNRX,trig,685,1,0,0,0,nan,-0.5146493315696716,-0.8073337286710739
1,DiscNRX,trig,686,1,0,0,0,nan,-0.48409733176231384,-0.8073337286710739
1,DiscNRX,trig,687,1,0,0,0,nan,-0.4424351155757904,-0.8073337286710739
1,DiscNRX,trig,688,1,0,0,0,nan,-0.4802159070968628,-0.8073337286710739
1,DiscNRX,trig,689,1,0,0,0,nan,-0.4877318739891052,-0.8073337286710739
1,DiscNRX,trig,690,1,0,0,0,nan,-0.5261097550392151,-0.8073337286710739
1,DiscNRX,trig,691,1,0,0,0,nan,-0.5324212312698364,-0.8073337286710739
1,DiscNRX,trig,692,1,0,0,0,nan,-0.46605268120765686,-0.8073337286710739
1,DiscNRX,trig,693,1,0,0,0,nan,-0.5090907216072083,-0.8073337286710739
1,DiscNRX,trig,694,1,0,0,0,nan,-0.4939826726913452,-0.8073337286710739
1,DiscNRX,trig,695,1,0,0,0,nan,-0.5281399488449097,-0.8073337286710739
1,DiscNRX,trig,696,1,0,0,0,nan,-0.571354329586029,-0.8073337286710739
1,DiscNRX,trig,697,1,0,0,0,nan,-0.507879376411438,-0.8073337286710739
1,DiscNRX,trig,698,1,0,0,0,nan,-0.4476114809513092,-0.8073337286710739
1,DiscNRX,trig,699,1,0,0,0,nan,-0.5280793309211731,-0.8073337286710739
1,DiscNRX,trig,700,1,0,0,0,nan,-0.4867900013923645,-0.8073337286710739
1,DiscNRX,trig,701,1,0,0,0,nan,-0.5072435140609741,-0.8073337286710739
1,DiscNRX,trig,702,1,0,0,0,nan,-0.5132583975791931,-0.8073337286710739
1,DiscNRX,trig,703,1,0,0,0,nan,-0.5098467469215393,-0.8073337286710739
1,DiscNRX,trig,704,1,0,0,0,nan,-0.5419619679450989,-0.8073337286710739
1,DiscNRX,trig,705,1,0,0,0,nan,-0.4856135845184326,-0.8073337286710739
1,DiscNRX,trig,706,1,0,0,0,nan,-0.5302406549453735,-0.8073337286710739
1,DiscNRX,trig,707,1,0,0,0,nan,-0.5118546485900879,-0.8073337286710739
1,DiscNRX,trig,708,1,0,0,0,nan,-0.44451895356178284,-0.8073337286710739
1,DiscNRX,trig,709,1,0,0,0,nan,-0.4439184367656708,-0.8073337286710739
1,DiscNRX,trig,710,1,0,0,0,nan,-0.46299242973327637,-0.8073337286710739
1,DiscNRX,trig,711,1,0,0,0,nan,-0.5381600856781006,-0.8073337286710739
1,DiscNRX,trig,712,1,0,0,0,nan,-0.49964651465415955,-0.8073337286710739
1,DiscNRX,trig,713,1,0,0,0,nan,-0.47176581621170044,-0.8073337286710739
1,DiscNRX,trig,714,1,0,0,0,nan,-0.5209588408470154,-0.8073337286710739
1,DiscNRX,trig,715,1,0,0,0,nan,-0.5513191819190979,-0.8073337286710739
1,DiscNRX,trig,716,1,0,0,0,nan,-0.5152784585952759,-0.8073337286710739
1,DiscNRX,trig,717,1,0,0,0,nan,-0.4906272292137146,-0.8073337286710739
1,DiscNRX,trig,718,1,0,0,0,nan,-0.48833033442497253,-0.8073337286710739
1,DiscNRX,trig,719,1,0,0,0,nan,-0.505003035068512,-0.8073337286710739
1,DiscNRX,trig,720,1,0,0,0,nan,-0.5663685202598572,-0.8073337286710739
1,DiscNRX,trig,721,1,0,0,0,nan,-0.479979932308197,-0.8073337286710739
1,DiscNRX,trig,722,1,0,0,0,nan,-0.41431722044944763,-0.8073337286710739
1,DiscNRX,trig,723,1,0,0,0,nan,-0.5312005281448364,-0.8073337286710739
1,DiscNRX,trig,724,1,0,0,0,nan,-0.5078615546226501,-0.8073337286710739
1,DiscNRX,trig,725,1,0,0,0,nan,-0.5653729438781738,-0.8073337286710739
1,DiscNRX,trig,726,1,0,0,0,nan,-0.5247669816017151,-0.8073337286710739
1,DiscNRX,trig,727,1,0,0,0,nan,-0.4864729940891266,-0.8073337286710739
1,DiscNRX,trig,728,1,0,0,0,nan,-0.5207637548446655,-0.8073337286710739
1,DiscNRX,trig,729,1,0,0,0,nan,-0.5045506954193115,-0.8073337286710739
1,DiscNRX,trig,730,1,0,0,0,nan,-0.47353821992874146,-0.8073337286710739
1,DiscNRX,trig,731,1,0,0,0,nan,-0.5238458514213562,-0.8073337286710739
1,DiscNRX,trig,732,1,0,0,0,nan,-0.48707276582717896,-0.8073337286710739
1,DiscNRX,trig,733,1,0,0,0,nan,-0.5418838262557983,-0.8073337286710739
1,DiscNRX,trig,734,1,0,0,0,nan,-0.4973726272583008,-0.8073337286710739
1,DiscNRX,trig,735,1,0,0,0,nan,-0.531272292137146,-0.8073337286710739
1,DiscNRX,trig,736,1,0,0,0,nan,-0.5232846736907959,-0.8073337286710739
1,DiscNRX,trig,737,1,0,0,0,nan,-0.5301424860954285,-0.8073337286710739
1,DiscNRX,trig,738,1,0,0,0,nan,-0.5281453132629395,-0.8073337286710739
1,DiscNRX,trig,739,1,0,0,0,nan,-0.4930080771446228,-0.8073337286710739
1,DiscNRX,trig,740,1,0,0,0,nan,-0.5182194113731384,-0.8073337286710739
1,DiscNRX,trig,741,1,0,0,0,nan,-0.5020368099212646,-0.8073337286710739
1,DiscNRX,trig,742,1,0,0,0,nan,-0.5087429285049438,-0.8073337286710739
1,DiscNRX,trig,743,1,0,0,0,nan,-0.49770307540893555,-0.8073337286710739
1,DiscNRX,trig,744,1,0,0,0,nan,-0.5160818696022034,-0.8073337286710739
1,DiscNRX,trig,745,1,0,0,0,nan,-0.5504809617996216,-0.8073337286710739
1,DiscNRX,trig,746,1,0,0,0,nan,-0.515498697757721,-0.8073337286710739
1,DiscNRX,trig,747,1,0,0,0,nan,-0.5142964720726013,-0.8073337286710739
1,DiscNRX,trig,748,1,0,0,0,nan,-0.5062015056610107,-0.8073337286710739
1,DiscNRX,trig,749,1,0,0,0,nan,-0.4559837579727173,-0.8073337286710739
1,DiscNRX,trig,750,1,0,0,0,nan,-0.5259411334991455,-0.8073337286710739
1,DiscNRX,trig,751,1,0,0,0,nan,-0.494765043258667,-0.8073337286710739
1,DiscNRX,trig,752,1,0,0,0,nan,-0.4902189075946808,-0.8073337286710739
1,DiscNRX,trig,753,1,0,0,0,nan,-0.5384151935577393,-0.8073337286710739
1,DiscNRX,trig,754,1,0,0,0,nan,-0.4758325517177582,-0.8073337286710739
1,DiscNRX,trig,755,1,0,0,0,nan,-0.5114085078239441,-0.8073337286710739
1,DiscNRX,trig,756,1,0,0,0,nan,-0.5061132907867432,-0.8073337286710739
1,DiscNRX,trig,757,1,0,0,0,nan,-0.4969492554664612,-0.8073337286710739
1,DiscNRX,trig,758,1,0,0,0,nan,-0.49527230858802795,-0.8073337286710739
1,DiscNRX,trig,759,1,0,0,0,nan,-0.5042197108268738,-0.8073337286710739
1,DiscNRX,trig,760,1,0,0,0,nan,-0.5390600562095642,-0.8073337286710739
1,DiscNRX,trig,761,1,0,0,0,nan,-0.5100893974304199,-0.8073337286710739
1,DiscNRX,trig,762,1,0,0,0,nan,-0.4984970688819885,-0.8073337286710739
1,DiscNRX,trig,763,1,0,0,0,nan,-0.5193812847137451,-0.8073337286710739
1,DiscNRX,trig,764,1,0,0,0,nan,-0.5271432995796204,-0.8073337286710739
1,DiscNRX,trig,765,1,0,0,0,nan,-0.5237522721290588,-0.8073337286710739
1,DiscNRX,trig,766,1,0,0,0,nan,-0.5392235517501831,-0.8073337286710739
1,DiscNRX,trig,767,1,0,0,0,nan,-0.47757577896118164,-0.8073337286710739
1,DiscNRX,trig,768,1,0,0,0,nan,-0.5184280872344971,-0.8073337286710739
1,DiscNRX,trig,769,1,0,0,0,nan,-0.573447048664093,-0.8073337286710739
1,DiscNRX,trig,770,1,0,0,0,nan,-0.4717722237110138,-0.8073337286710739
1,DiscNRX,trig,771,1,0,0,0,nan,-0.5177900195121765,-0.8073337286710739
1,DiscNRX,trig,772,1,0,0,0,nan,-0.5169760584831238,-0.8073337286710739
1,DiscNRX,trig,773,1,0,0,0,nan,-0.49673014879226685,-0.8073337286710739
1,DiscNRX,trig,774,1,0,0,0,nan,-0.5023216605186462,-0.8073337286710739
1,DiscNRX,trig,775,1,0,0,0,nan,-0.5376268625259399,-0.8073337286710739
1,DiscNRX,trig,776,1,0,0,0,nan,-0.5346207618713379,-0.8073337286710739
1,DiscNRX,trig,777,1,0,0,0,nan,-0.50201016664505,-0.8073337286710739
1,DiscNRX,trig,778,1,0,0,0,nan,-0.3953937888145447,-0.8073337286710739
1,DiscNRX,trig,779,1,0,0,0,nan,-0.4862741231918335,-0.8073337286710739
1,DiscNRX,trig,780,1,0,0,0,nan,-0.5124229192733765,-0.8073337286710739
1,DiscNRX,trig,781,1,0,0,0,nan,-0.516261100769043,-0.8073337286710739
1,DiscNRX,trig,782,1,0,0,0,nan,-0.5164574384689331,-0.8073337286710739
1,DiscNRX,trig,783,1,0,0,0,nan,-0.5405390858650208,-0.8073337286710739
1,DiscNRX,trig,784,1,0,0,0,nan,-0.5379233956336975,-0.8073337286710739
1,DiscNRX,trig,785,1,0,0,0,nan,-0.4136652946472168,-0.8073337286710739
1,DiscNRX,trig,786,1,0,0,0,nan,-0.4227577745914459,-0.8073337286710739
1,DiscNRX,trig,787,1,0,0,0,nan,-0.48934781551361084,-0.8073337286710739
1,DiscNRX,trig,788,1,0,0,0,nan,-0.5229933857917786,-0.8073337286710739
1,DiscNRX,trig,789,1,0,0,0,nan,-0.5099566578865051,-0.8073337286710739
1,DiscNRX,trig,790,1,0,0,0,nan,-0.5046987533569336,-0.8073337286710739
1,DiscNRX,trig,791,1,0,0,0,nan,-0.5445649027824402,-0.8073337286710739
1,DiscNRX,trig,792,1,0,0,0,nan,-0.47649645805358887,-0.8073337286710739
1,DiscNRX,trig,793,1,0,0,0,nan,-0.5194965600967407,-0.8073337286710739
1,DiscNRX,trig,794,1,0,0,0,nan,-0.518319845199585,-0.8073337286710739
1,DiscNRX,trig,795,1,0,0,0,nan,-0.5305306911468506,-0.8073337286710739
1,DiscNRX,trig,796,1,0,0,0,nan,-0.5091705918312073,-0.8073337286710739
1,DiscNRX,trig,797,1,0,0,0,nan,-0.5191541314125061,-0.8073337286710739
1,DiscNRX,trig,798,1,0,0,0,nan,-0.5284178256988525,-0.8073337286710739
1,DiscNRX,trig,799,1,0,0,0,nan,-0.5426042079925537,-0.8073337286710739
1,DiscNRX,trig,800,1,0,0,0,nan,-0.5223836898803711,-0.8073337286710739
1,DiscNRX,trig,801,1,0,0,0,nan,-0.5543490648269653,-0.8073337286710739
1,DiscNRX,trig,802,1,0,0,0,nan,-0.5241837501525879,-0.8073337286710739
1,DiscNRX,trig,803,1,0,0,0,nan,-0.516646146774292,-0.8073337286710739
1,DiscNRX,trig,804,1,0,0,0,nan,-0.5487339496612549,-0.8073337286710739
1,DiscNRX,trig,805,1,0,0,0,nan,-0.523440420627594,-0.8073337286710739
1,DiscNRX,trig,806,1,0,0,0,nan,-0.5372506380081177,-0.8073337286710739
1,DiscNRX,trig,807,1,0,0,0,nan,-0.5356430411338806,-0.8073337286710739
1,DiscNRX,trig,808,1,0,0,0,nan,-0.5138896703720093,-0.8073337286710739
1,DiscNRX,trig,809,1,0,0,0,nan,-0.5311560034751892,-0.8073337286710739
1,DiscNRX,trig,810,1,0,0,0,nan,-0.5138998627662659,-0.8073337286710739
1,DiscNRX,trig,811,1,0,0,0,nan,-0.5572840571403503,-0.8073337286710739
1,DiscNRX,trig,812,1,0,0,0,nan,-0.5656039714813232,-0.8073337286710739
1,DiscNRX,trig,813,1,0,0,0,nan,-0.49242469668388367,-0.8073337286710739
1,DiscNRX,trig,814,1,0,0,0,nan,-0.5090500712394714,-0.8073337286710739
1,DiscNRX,trig,815,1,0,0,0,nan,-0.5097999572753906,-0.8073337286710739
1,DiscNRX,trig,816,1,0,0,0,nan,-0.48781853914260864,-0.8073337286710739
1,DiscNRX,trig,817,1,0,0,0,nan,-0.4799650013446808,-0.8073337286710739
1,DiscNRX,trig,818,1,0,0,0,nan,-0.5133952498435974,-0.8073337286710739
1,DiscNRX,trig,819,1,0,0,0,nan,-0.528876006603241,-0.8073337286710739
1,DiscNRX,trig,820,1,0,0,0,nan,-0.4828422963619232,-0.8073337286710739
1,DiscNRX,trig,821,1,0,0,0,nan,-0.4944312274456024,-0.8073337286710739
1,DiscNRX,trig,822,1,0,0,0,nan,-0.5073256492614746,-0.8073337286710739
1,DiscNRX,trig,823,1,0,0,0,nan,-0.5263968110084534,-0.8073337286710739
1,DiscNRX,trig,824,1,0,0,0,nan,-0.4825839698314667,-0.8073337286710739
1,DiscNRX,trig,825,1,0,0,0,nan,-0.5419943332672119,-0.8073337286710739
1,DiscNRX,trig,826,1,0,0,0,nan,-0.5032288432121277,-0.8073337286710739
1,DiscNRX,trig,827,1,0,0,0,nan,-0.4952086806297302,-0.8073337286710739
1,DiscNRX,trig,828,1,0,0,0,nan,-0.5173697471618652,-0.8073337286710739
1,DiscNRX,trig,829,1,0,0,0,nan,-0.5309548377990723,-0.8073337286710739
1,DiscNRX,trig,830,1,0,0,0,nan,-0.5236995220184326,-0.8073337286710739
1,DiscNRX,trig,831,1,0,0,0,nan,-0.46599313616752625,-0.8073337286710739
1,DiscNRX,trig,832,1,0,0,0,nan,-0.5240095257759094,-0.8073337286710739
1,DiscNRX,trig,833,1,0,0,0,nan,-0.5319196581840515,-0.8073337286710739
1,DiscNRX,trig,834,1,0,0,0,nan,-0.4464998245239258,-0.8073337286710739
1,DiscNRX,trig,835,1,0,0,0,nan,-0.5439959168434143,-0.8073337286710739
1,DiscNRX,trig,836,1,0,0,0,nan,-0.45209628343582153,-0.8073337286710739
1,DiscNRX,trig,837,1,0,0,0,nan,-0.492607057094574,-0.8073337286710739
1,DiscNRX,trig,838,1,0,0,0,nan,-0.5235830545425415,-0.8073337286710739
1,DiscNRX,trig,839,1,0,0,0,nan,-0.4346819221973419,-0.8073337286710739
1,DiscNRX,trig,840,1,0,0,0,nan,-0.5156794786453247,-0.8073337286710739
1,DiscNRX,trig,841,1,0,0,0,nan,-0.5294351577758789,-0.8073337286710739
1,DiscNRX,trig,842,1,0,0,0,nan,-0.4820604920387268,-0.8073337286710739
1,DiscNRX,trig,843,1,0,0,0,nan,-0.5055698752403259,-0.8073337286710739
1,DiscNRX,trig,844,1,0,0,0,nan,-0.5347333550453186,-0.8073337286710739
1,DiscNRX,trig,845,1,0,0,0,nan,-0.47691023349761963,-0.8073337286710739
1,DiscNRX,trig,846,1,0,0,0,nan,-0.5186739563941956,-0.8073337286710739
1,DiscNRX,trig,847,1,0,0,0,nan,-0.5180765390396118,-0.8073337286710739
1,DiscNRX,trig,848,1,0,0,0,nan,-0.5051684379577637,-0.8073337286710739
1,DiscNRX,trig,849,1,0,0,0,nan,-0.5188897252082825,-0.8073337286710739
1,DiscNRX,trig,850,1,0,0,0,nan,-0.519578754901886,-0.8073337286710739
1,DiscNRX,trig,851,1,0,0,0,nan,-0.4792148172855377,-0.8073337286710739
1,DiscNRX,trig,852,1,0,0,0,nan,-0.572564959526062,-0.8073337286710739
1,DiscNRX,trig,853,1,0,0,0,nan,-0.48264363408088684,-0.8073337286710739
1,DiscNRX,trig,854,1,0,0,0,nan,-0.5127468109130859,-0.8073337286710739
1,DiscNRX,trig,855,1,0,0,0,nan,-0.5341274738311768,-0.8073337286710739
1,DiscNRX,trig,856,1,0,0,0,nan,-0.5191599130630493,-0.8073337286710739
1,DiscNRX,trig,857,1,0,0,0,nan,-0.5336887836456299,-0.8073337286710739
1,DiscNRX,trig,858,1,0,0,0,nan,-0.4966350793838501,-0.8073337286710739
1,DiscNRX,trig,859,1,0,0,0,nan,-0.5244481563568115,-0.8073337286710739
1,DiscNRX,trig,860,1,0,0,0,nan,-0.43064573407173157,-0.8073337286710739
1,DiscNRX,trig,861,1,0,0,0,nan,-0.4948336184024811,-0.8073337286710739
1,DiscNRX,trig,862,1,0,0,0,nan,-0.4879562258720398,-0.8073337286710739
1,DiscNRX,trig,863,1,0,0,0,nan,-0.5403470396995544,-0.8073337286710739
1,DiscNRX,trig,864,1,0,0,0,nan,-0.5423375964164734,-0.8073337286710739
1,DiscNRX,trig,865,1,0,0,0,nan,-0.5057535171508789,-0.8073337286710739
1,DiscNRX,trig,866,1,0,0,0,nan,-0.4239989221096039,-0.8073337286710739
1,DiscNRX,trig,867,1,0,0,0,nan,-0.48354285955429077,-0.8073337286710739
1,DiscNRX,trig,868,1,0,0,0,nan,-0.544546902179718,-0.8073337286710739
1,DiscNRX,trig,869,1,0,0,0,nan,-0.5028641223907471,-0.8073337286710739
1,DiscNRX,trig,870,1,0,0,0,nan,-0.527818500995636,-0.8073337286710739
1,DiscNRX,trig,871,1,0,0,0,nan,-0.5002273321151733,-0.8073337286710739
1,DiscNRX,trig,872,1,0,0,0,nan,-0.38391268253326416,-0.8073337286710739
1,DiscNRX,trig,873,1,0,0,0,nan,-0.47353050112724304,-0.8073337286710739
1,DiscNRX,trig,874,1,0,0,0,nan,-0.4878062605857849,-0.8073337286710739
1,DiscNRX,trig,875,1,0,0,0,nan,-0.4882311522960663,-0.8073337286710739
1,DiscNRX,trig,876,1,0,0,0,nan,-0.5451340079307556,-0.8073337286710739
1,DiscNRX,trig,877,1,0,0,0,nan,-0.5601295828819275,-0.8073337286710739
1,DiscNRX,trig,878,1,0,0,0,nan,-0.5375956296920776,-0.8073337286710739
1,DiscNRX,trig,879,1,0,0,0,nan,-0.49907195568084717,-0.8073337286710739
1,DiscNRX,trig,880,1,0,0,0,nan,-0.5563345551490784,-0.8073337286710739
1,DiscNRX,trig,881,1,0,0,0,nan,-0.5124608874320984,-0.8073337286710739
1,DiscNRX,trig,882,1,0,0,0,nan,-0.47761642932891846,-0.8073337286710739
1,DiscNRX,trig,883,1,0,0,0,nan,-0.5454939007759094,-0.8073337286710739
1,DiscNRX,trig,884,1,0,0,0,nan,-0.5161657333374023,-0.8073337286710739
1,DiscNRX,trig,885,1,0,0,0,nan,-0.5252194404602051,-0.8073337286710739
1,DiscNRX,trig,886,1,0,0,0,nan,-0.5326920747756958,-0.8073337286710739
1,DiscNRX,trig,887,1,0,0,0,nan,-0.4864242970943451,-0.8073337286710739
1,DiscNRX,trig,888,1,0,0,0,nan,-0.4887179434299469,-0.8073337286710739
1,DiscNRX,trig,889,1,0,0,0,nan,-0.5253766179084778,-0.8073337286710739
1,DiscNRX,trig,890,1,0,0,0,nan,-0.37278884649276733,-0.8073337286710739
1,DiscNRX,trig,891,1,0,0,0,nan,-0.47468286752700806,-0.8073337286710739
1,DiscNRX,trig,892,1,0,0,0,nan,-0.5162115693092346,-0.8073337286710739
1,DiscNRX,trig,893,1,0,0,0,nan,-0.47597697377204895,-0.8073337286710739
1,DiscNRX,trig,894,1,0,0,0,nan,-0.5013779997825623,-0.8073337286710739
1,DiscNRX,trig,895,1,0,0,0,nan,-0.5247854590415955,-0.8073337286710739
1,DiscNRX,trig,896,1,0,0,0,nan,-0.5147729516029358,-0.8073337286710739
1,DiscNRX,trig,897,1,0,0,0,nan,-0.5218902230262756,-0.8073337286710739
1,DiscNRX,trig,898,1,0,0,0,nan,-0.5183908343315125,-0.8073337286710739
1,DiscNRX,trig,899,1,0,0,0,nan,-0.49089476466178894,-0.8073337286710739
1,DiscNRX,trig,900,1,0,0,0,nan,-0.5061327815055847,-0.8073337286710739
1,DiscNRX,trig,901,1,0,0,0,nan,-0.46486523747444153,-0.8073337286710739
1,DiscNRX,trig,902,1,0,0,0,nan,-0.4099436104297638,-0.8073337286710739
1,DiscNRX,trig,903,1,0,0,0,nan,-0.41740521788597107,-0.8073337286710739
1,DiscNRX,trig,904,1,0,0,0,nan,-0.5356855392456055,-0.8073337286710739
1,DiscNRX,trig,905,1,0,0,0,nan,-0.5044470429420471,-0.8073337286710739
1,DiscNRX,trig,906,1,0,0,0,nan,-0.48260819911956787,-0.8073337286710739
1,DiscNRX,trig,907,1,0,0,0,nan,-0.4434795081615448,-0.8073337286710739
1,DiscNRX,trig,908,1,0,0,0,nan,-0.5406891107559204,-0.8073337286710739
1,DiscNRX,trig,909,1,0,0,0,nan,-0.5264448523521423,-0.8073337286710739
1,DiscNRX,trig,910,1,0,0,0,nan,-0.4866991639137268,-0.8073337286710739
1,DiscNRX,trig,911,1,0,0,0,nan,-0.5343557596206665,-0.8073337286710739
1,DiscNRX,trig,912,1,0,0,0,nan,-0.4429096579551697,-0.8073337286710739
1,DiscNRX,trig,913,1,0,0,0,nan,-0.5434271097183228,-0.8073337286710739
1,DiscNRX,trig,914,1,0,0,0,nan,-0.5547919273376465,-0.8073337286710739
1,DiscNRX,trig,915,1,0,0,0,nan,-0.5299917459487915,-0.8073337286710739
1,DiscNRX,trig,916,1,0,0,0,nan,-0.5084200501441956,-0.8073337286710739
1,DiscNRX,trig,917,1,0,0,0,nan,-0.5236651301383972,-0.8073337286710739
1,DiscNRX,trig,918,1,0,0,0,nan,-0.5156280398368835,-0.8073337286710739
1,DiscNRX,trig,919,1,0,0,0,nan,-0.5203719139099121,-0.8073337286710739
1,DiscNRX,trig,920,1,0,0,0,nan,-0.519370973110199,-0.8073337286710739
1,DiscNRX,trig,921,1,0,0,0,nan,-0.5278763771057129,-0.8073337286710739
1,DiscNRX,trig,922,1,0,0,0,nan,-0.5256492495536804,-0.8073337286710739
1,DiscNRX,trig,923,1,0,0,0,nan,-0.4875182509422302,-0.8073337286710739
1,DiscNRX,trig,924,1,0,0,0,nan,-0.5287176966667175,-0.8073337286710739
1,DiscNRX,trig,925,1,0,0,0,nan,-0.5565837621688843,-0.8073337286710739
1,DiscNRX,trig,926,1,0,0,0,nan,-0.5131425261497498,-0.8073337286710739
1,DiscNRX,trig,927,1,0,0,0,nan,-0.5185943841934204,-0.8073337286710739
1,DiscNRX,trig,928,1,0,0,0,nan,-0.4806957542896271,-0.8073337286710739
1,DiscNRX,trig,929,1,0,0,0,nan,-0.4720945954322815,-0.8073337286710739
1,DiscNRX,trig,930,1,0,0,0,nan,-0.4645995497703552,-0.8073337286710739
1,DiscNRX,trig,931,1,0,0,0,nan,-0.47848406434059143,-0.8073337286710739
1,DiscNRX,trig,932,1,0,0,0,nan,-0.49263742566108704,-0.8073337286710739
1,DiscNRX,trig,933,1,0,0,0,nan,-0.5115624666213989,-0.8073337286710739
1,DiscNRX,trig,934,1,0,0,0,nan,-0.4835435450077057,-0.8073337286710739
1,DiscNRX,trig,935,1,0,0,0,nan,-0.524492621421814,-0.8073337286710739
1,DiscNRX,trig,936,1,0,0,0,nan,-0.501053512096405,-0.8073337286710739
1,DiscNRX,trig,937,1,0,0,0,nan,-0.5212523937225342,-0.8073337286710739
1,DiscNRX,trig,938,1,0,0,0,nan,-0.4889146685600281,-0.8073337286710739
1,DiscNRX,trig,939,1,0,0,0,nan,-0.4991419017314911,-0.8073337286710739
1,DiscNRX,trig,940,1,0,0,0,nan,-0.5413100123405457,-0.8073337286710739
1,DiscNRX,trig,941,1,0,0,0,nan,-0.5161683559417725,-0.8073337286710739
1,DiscNRX,trig,942,1,0,0,0,nan,-0.5117133855819702,-0.8073337286710739
1,DiscNRX,trig,943,1,0,0,0,nan,-0.497301310300827,-0.8073337286710739
1,DiscNRX,trig,944,1,0,0,0,nan,-0.48602691292762756,-0.8073337286710739
1,DiscNRX,trig,945,1,0,0,0,nan,-0.543127715587616,-0.8073337286710739
1,DiscNRX,trig,946,1,0,0,0,nan,-0.519783616065979,-0.8073337286710739
1,DiscNRX,trig,947,1,0,0,0,nan,-0.5200201272964478,-0.8073337286710739
1,DiscNRX,trig,948,1,0,0,0,nan,-0.5164087414741516,-0.8073337286710739
1,DiscNRX,trig,949,1,0,0,0,nan,-0.48176810145378113,-0.8073337286710739
1,DiscNRX,trig,950,1,0,0,0,nan,-0.4921315610408783,-0.8073337286710739
1,DiscNRX,trig,951,1,0,0,0,nan,-0.5235021114349365,-0.8073337286710739
1,DiscNRX,trig,952,1,0,0,0,nan,-0.4818132817745209,-0.8073337286710739
1,DiscNRX,trig,953,1,0,0,0,nan,-0.5070186853408813,-0.8073337286710739
1,DiscNRX,trig,954,1,0,0,0,nan,-0.46034249663352966,-0.8073337286710739
1,DiscNRX,trig,955,1,0,0,0,nan,-0.4665326476097107,-0.8073337286710739
1,DiscNRX,trig,956,1,0,0,0,nan,-0.5091053247451782,-0.8073337286710739
1,DiscNRX,trig,957,1,0,0,0,nan,-0.5399370789527893,-0.8073337286710739
1,DiscNRX,trig,958,1,0,0,0,nan,-0.5048447251319885,-0.8073337286710739
1,DiscNRX,trig,959,1,0,0,0,nan,-0.5274302363395691,-0.8073337286710739
1,DiscNRX,trig,960,1,0,0,0,nan,-0.5138777494430542,-0.8073337286710739
1,DiscNRX,trig,961,1,0,0,0,nan,-0.5152058005332947,-0.8073337286710739
1,DiscNRX,trig,962,1,0,0,0,nan,-0.44648119807243347,-0.8073337286710739
1,DiscNRX,trig,963,1,0,0,0,nan,-0.5128843188285828,-0.8073337286710739
1,DiscNRX,trig,964,1,0,0,0,nan,-0.44537320733070374,-0.8073337286710739
1,DiscNRX,trig,965,1,0,0,0,nan,-0.5325924754142761,-0.8073337286710739
1,DiscNRX,trig,966,1,0,0,0,nan,-0.5262622833251953,-0.8073337286710739
1,DiscNRX,trig,967,1,0,0,0,nan,-0.5123434066772461,-0.8073337286710739
1,DiscNRX,trig,968,1,0,0,0,nan,-0.529956579208374,-0.8073337286710739
1,DiscNRX,trig,969,1,0,0,0,nan,-0.5113445520401001,-0.8073337286710739
1,DiscNRX,trig,970,1,0,0,0,nan,-0.4991397559642792,-0.8073337286710739
1,DiscNRX,trig,971,1,0,0,0,nan,-0.494108647108078,-0.8073337286710739
1,DiscNRX,trig,972,1,0,0,0,nan,-0.5112043023109436,-0.8073337286710739
1,DiscNRX,trig,973,1,0,0,0,nan,-0.5239836573600769,-0.8073337286710739
1,DiscNRX,trig,974,1,0,0,0,nan,-0.4178531765937805,-0.8073337286710739
1,DiscNRX,trig,975,1,0,0,0,nan,-0.5222787857055664,-0.8073337286710739
1,DiscNRX,trig,976,1,0,0,0,nan,-0.4883788824081421,-0.8073337286710739
1,DiscNRX,trig,977,1,0,0,0,nan,-0.5271466374397278,-0.8073337286710739
1,DiscNRX,trig,978,1,0,0,0,nan,-0.5066987872123718,-0.8073337286710739
1,DiscNRX,trig,979,1,0,0,0,nan,-0.5248189568519592,-0.8073337286710739
1,DiscNRX,trig,980,1,0,0,0,nan,-0.5301216840744019,-0.8073337286710739
1,DiscNRX,trig,981,1,0,0,0,nan,-0.46003496646881104,-0.8073337286710739
1,DiscNRX,trig,982,1,0,0,0,nan,-0.47542378306388855,-0.8073337286710739
1,DiscNRX,trig,983,1,0,0,0,nan,-0.5094800591468811,-0.8073337286710739
1,DiscNRX,trig,984,1,0,0,0,nan,-0.5055612325668335,-0.8073337286710739
1,DiscNRX,trig,985,1,0,0,0,nan,-0.517113208770752,-0.8073337286710739
1,DiscNRX,trig,986,1,0,0,0,nan,-0.495208203792572,-0.8073337286710739
1,DiscNRX,trig,987,1,0,0,0,nan,-0.5487223863601685,-0.8073337286710739
1,DiscNRX,trig,988,1,0,0,0,nan,-0.5044350624084473,-0.8073337286710739
1,DiscNRX,trig,989,1,0,0,0,nan,-0.5203460454940796,-0.8073337286710739
1,DiscNRX,trig,990,1,0,0,0,nan,-0.5375784039497375,-0.8073337286710739
1,DiscNRX,trig,991,1,0,0,0,nan,-0.5369391441345215,-0.8073337286710739
1,DiscNRX,trig,992,1,0,0,0,nan,-0.4797222912311554,-0.8073337286710739
1,DiscNRX,trig,993,1,0,0,0,nan,-0.5162525177001953,-0.8073337286710739
1,DiscNRX,trig,994,1,0,0,0,nan,-0.4816323220729828,-0.8073337286710739
1,DiscNRX,trig,995,1,0,0,0,nan,-0.5255830883979797,-0.8073337286710739
1,DiscNRX,trig,996,1,0,0,0,nan,-0.5056788325309753,-0.8073337286710739
1,DiscNRX,trig,997,1,0,0,0,nan,-0.5010725855827332,-0.8073337286710739
1,DiscNRX,trig,998,1,0,0,0,nan,-0.4950518310070038,-0.8073337286710739
1,DiscNRX,trig,999,1,0,0,0,nan,-0.5193734169006348,-0.8073337286710739
