seed,receiver,mode,slot,err,crc_pass,false_pass,updated,update_ms,score,tau
4,AINR,none,0,1,0,0,0,nan,nan,0.6165151566267012
4,AINR,none,1,0,1,0,0,nan,nan,0.6165151566267012
4,AINR,none,2,0,1,0,0,nan,nan,0.6165151566267012
4,AINR,none,3,0,1,0,0,nan,nan,0.6165151566267012
4,AINR,none,4,0,1,0,0,nan,nan,0.6165151566267012
4,AINR,none,5,0,1,0,0,nan,nan,0.6165151566267012
4,AINR,none,6,1,0,0,0,nan,nan,0.6165151566267012
4,AINR,none,7,0,1,0,0,nan,nan,0.6165151566267012
4,AINR,none,8,1,0,0,0,nan,nan,0.6165151566267012
4,AINR,none,9,0,1,0,0,nan,nan,0.6165151566267012
4,AINR,none,10,1,0,0,0,nan,nan,0.6165151566267012
4,AINR,none,11,1,0,0,0,nan,nan,0.6165151566267012
4,AINR,none,12,1,0,0,0,nan,nan,0.6165151566267012
4,AINR,none,13,0,1,0,0,nan,nan,0.6165151566267012
4,AINR,none,14,0,1,0,0,nan,nan,0.6165151566267012
4,AINR,none,15,0,1,0,0,nan,nan,0.6165151566267012
4,AINR,none,16,0,1,0,0,nan,nan,0.6165151566267012
4,AINR,none,17,1,0,0,0,nan,nan,0.6165151566267012
4,AINR,none,18,0,1,0,0,nan,nan,0.6165151566267012
4,AINR,none,19,1,0,0,0,nan,nan,0.6165151566267012
4,AINR,none,20,0,1,0,0,nan,nan,0.6165151566267012
4,AINR,none,21,0,1,0,0,nan,nan,0.6165151566267012
4,AINR,none,22,0,1,0,0,nan,nan,0.6165151566267012
4,AINR,none,23,0,1,0,0,nan,nan,0.6165151566267012
4,AINR,none,24,0,1,0,0,nan,nan,0.6165151566267012
4,AINR,none,25,0,1,0,0,nan,nan,0.6165151566267012
4,AINR,none,26,0,1,0,0,nan,nan,0.6165151566267012
4,AINR,none,27,0,1,0,0,nan,nan,0.6165151566267012
4,AINR,none,28,0,1,0,0,nan,nan,0.6165151566267012
4,AINR,none,29,0,1,0,0,nan,nan,0.6165151566267012
4,AINR,none,30,1,0,0,0,nan,nan,0.6165151566267012
4,AINR,none,31,1,0,0,0,nan,nan,0.6165151566267012
4,AINR,none,32,0,1,0,0,nan,nan,0.6165151566267012
4,AINR,none,33,0,1,0,0,nan,nan,0.6165151566267012
4,AINR,none,34,1,0,0,0,nan,nan,0.6165151566267012
4,AINR,none,35,1,0,0,0,nan,nan,0.6165151566267012
4,AINR,none,36,0,1,0,0,nan,nan,0.6165151566267012
4,AINR,none,37,0,1,0,0,nan,nan,0.6165151566267012
4,AINR,none,38,0,1,0,0,nan,nan,0.6165151566267012
4,AINR,none,39,0,1,0,0,nan,nan,0.6165151566267012
4,AINR,none,40,0,1,0,0,nan,nan,0.6165151566267012
4,AINR,none,41,0,1,0,0,nan,nan,0.6165151566267012
4,AINR,none,42,1,0,0,0,nan,nan,0.6165151566267012
4,AINR,none,43,0,1,0,0,nan,nan,0.6165151566267012
4,AINR,none,44,0,1,0,0,nan,nan,0.6165151566267012
4,AINR,none,45,1,0,0,0,nan,nan,0.6165151566267012
4,AINR,none,46,0,1,0,0,nan,nan,0.6165151566267012
4,AINR,none,47,0,1,0,0,nan,nan,0.6165151566267012
4,AINR,none,48,0,1,0,0,nan,nan,0.6165151566267012
4,AINR,none,49,0,1,0,0,nan,nan,0.6165151566267012
4,AINR,none,50,0,1,0,0,nan,nan,0.6165151566267012
4,AINR,none,51,0,1,0,0,nan,nan,0.6165151566267012
4,AINR,none,52,0,1,0,0,nan,nan,0.6165151566267012
4,AINR,none,53,1,0,0,0,nan,nan,0.6165151566267012
4,AINR,none,54,0,1,0,0,nan,nan,0.6165151566267012
4,AINR,none,55,0,1,0,0,nan,nan,0.6165151566267012
4,AINR,none,56,0,1,0,0,nan,nan,0.6165151566267012
4,AINR,none,57,0,1,0,0,nan,nan,0.6165151566267012
4,AINR,none,58,0,1,0,0,nan,nan,0.6165151566267012
4,AINR,none,59,0,1,0,0,nan,nan,0.6165151566267012
4,AINR,none,60,1,0,0,0,nan,nan,0.6165151566267012
4,AINR,none,61,0,1,0,0,nan,nan,0.6165151566267012
4,AINR,none,62,0,1,0,0,nan,nan,0.6165151566267012
4,AINR,none,63,1,0,0,0,nan,nan,0.6165151566267012
4,AINR,none,64,1,0,0,0,nan,nan,0.6165151566267012
4,AINR,none,65,0,1,0,0,nan,nan,0.6165151566267012
4,AINR,none,66,0,1,0,0,nan,nan,0.6165151566267012
4,AINR,none,67,1,0,0,0,nan,nan,0.6165151566267012
4,AINR,none,68,1,0,0,0,nan,nan,0.6165151566267012
4,AINR,none,69,1,0,0,0,nan,nan,0.6165151566267012
4,AINR,none,70,0,1,0,0,nan,nan,0.6165151566267012
4,AINR,none,71,0,1,0,0,nan,nan,0.6165151566267012
4,AINR,none,72,1,0,0,0,nan,nan,0.6165151566267012
4,AINR,none,73,0,1,0,0,nan,nan,0.6165151566267012
4,AINR,none,74,0,1,0,0,nan,nan,0.6165151566267012
4,AINR,none,75,0,1,0,0,nan,nan,0.6165151566267012
4,AINR,none,76,1,0,0,0,nan,nan,0.6165151566267012
4,AINR,none,77,0,1,0,0,nan,nan,0.6165151566267012
4,AINR,none,78,1,0,0,0,nan,nan,0.6165151566267012
4,AINR,none,79,0,1,0,0,nan,nan,0.6165151566267012
4,AINR,none,80,0,1,0,0,nan,nan,0.6165151566267012
4,AINR,none,81,1,0,0,0,nan,nan,0.6165151566267012
4,AINR,none,82,0,1,0,0,nan,nan,0.6165151566267012
4,AINR,none,83,0,1,0,0,nan,nan,0.6165151566267012
4,AINR,none,84,0,1,0,0,nan,nan,0.6165151566267012
4,AINR,none,85,0,1,0,0,nan,nan,0.6165151566267012
4,AINR,none,86,1,0,0,0,nan,nan,0.6165151566267012
4,AINR,none,87,0,1,0,0,nan,nan,0.6165151566267012
4,AINR,none,88,0,1,0,0,nan,nan,0.6165151566267012
4,AINR,none,89,0,1,0,0,nan,nan,0.6165151566267012
4,AINR,none,90,0,1,0,0,nan,nan,0.6165151566267012
4,AINR,none,91,1,0,0,0,nan,nan,0.6165151566267012
4,AINR,none,92,0,1,0,0,nan,nan,0.6165151566267012
4,AINR,none,93,1,0,0,0,nan,nan,0.6165151566267012
4,AINR,none,94,1,0,0,0,nan,nan,0.6165151566267012
4,AINR,none,95,0,1,0,0,nan,nan,0.6165151566267012
4,AINR,none,96,0,1,0,0,nan,nan,0.6165151566267012
4,AINR,none,97,0,1,0,0,nan,nan,0.6165151566267012
4,AINR,none,98,0,1,0,0,nan,nan,0.6165151566267012
4,AINR,none,99,0,1,0,0,nan,nan,0.6165151566267012
4,AINR,none,100,0,1,0,0,nan,nan,0.6165151566267012
4,AINR,none,101,0,1,0,0,nan,nan,0.6165151566267012
4,AINR,none,102,0,1,0,0,nan,nan,0.6165151566267012
4,AINR,none,103,0,1,0,0,nan,nan,0.6165151566267012
4,AINR,none,104,0,1,0,0,nan,nan,0.6165151566267012
4,AINR,none,105,0,1,0,0,nan,nan,0.6165151566267012
4,AINR,none,106,1,0,0,0,nan,nan,0.6165151566267012
4,AINR,none,107,0,1,0,0,nan,nan,0.6165151566267012
4,AINR,none,108,0,1,0,0,nan,nan,0.6165151566267012
4,AINR,none,109,0,1,0,0,nan,nan,0.6165151566267012
4,AINR,none,110,0,1,0,0,nan,nan,0.6165151566267012
4,AINR,none,111,0,1,0,0,nan,nan,0.6165151566267012
4,AINR,none,112,0,1,0,0,nan,nan,0.6165151566267012
4,AINR,none,113,0,1,0,0,nan,nan,0.6165151566267012
4,AINR,none,114,0,1,0,0,nan,nan,0.6165151566267012
4,AINR,none,115,0,1,0,0,nan,nan,0.6165151566267012
4,AINR,none,116,0,1,0,0,nan,nan,0.6165151566267012
4,AINR,none,117,0,1,0,0,nan,nan,0.6165151566267012
4,AINR,none,118,0,1,0,0,nan,nan,0.6165151566267012
4,AINR,none,119,0,1,0,0,nan,nan,0.6165151566267012
4,AINR,none,120,0,1,0,0,nan,nan,0.6165151566267012
4,AINR,none,121,0,1,0,0,nan,nan,0.6165151566267012
4,AINR,none,122,0,1,0,0,nan,nan,0.6165151566267012
4,AINR,none,123,1,0,0,0,nan,nan,0.6165151566267012
4,AINR,none,124,0,1,0,0,nan,nan,0.6165151566267012
4,AINR,none,125,1,0,0,0,nan,nan,0.6165151566267012
4,AINR,none,126,1,0,0,0,nan,nan,0.6165151566267012
4,AINR,none,127,0,1,0,0,nan,nan,0.6165151566267012
4,AINR,none,128,0,1,0,0,nan,nan,0.6165151566267012
4,AINR,none,129,0,1,0,0,nan,nan,0.6165151566267012
4,AINR,none,130,0,1,0,0,nan,nan,0.6165151566267012
4,AINR,none,131,0,1,0,0,nan,nan,0.6165151566267012
4,AINR,none,132,0,1,0,0,nan,nan,0.6165151566267012
4,AINR,none,133,0,1,0,0,nan,nan,0.6165151566267012
4,AINR,none,134,0,1,0,0,nan,nan,0.6165151566267012
4,AINR,none,135,1,0,0,0,nan,nan,0.6165151566267012
4,AINR,none,136,1,0,0,0,nan,nan,0.6165151566267012
4,AINR,none,137,0,1,0,0,nan,nan,0.6165151566267012
4,AINR,none,138,0,1,0,0,nan,nan,0.6165151566267012
4,AINR,none,139,0,1,0,0,nan,nan,0.6165151566267012
4,AINR,none,140,0,1,0,0,nan,nan,0.6165151566267012
4,AINR,none,141,1,0,0,0,nan,nan,0.6165151566267012
4,AINR,none,142,0,1,0,0,nan,nan,0.6165151566267012
4,AINR,none,143,0,1,0,0,nan,nan,0.6165151566267012
4,AINR,none,144,0,1,0,0,nan,nan,0.6165151566267012
4,AINR,none,145,0,1,0,0,nan,nan,0.6165151566267012
4,AINR,none,146,1,0,0,0,nan,nan,0.6165151566267012
4,AINR,none,147,0,1,0,0,nan,nan,0.6165151566267012
4,AINR,none,148,0,1,0,0,nan,nan,0.6165151566267012
4,AINR,none,149,0,1,0,0,nan,nan,0.6165151566267012
4,AINR,none,150,0,1,0,0,nan,nan,0.6165151566267012
4,AINR,none,151,0,1,0,0,nan,nan,0.6165151566267012
4,AINR,none,152,0,1,0,0,nan,nan,0.6165151566267012
4,AINR,none,153,0,1,0,0,nan,nan,0.6165151566267012
4,AINR,none,154,1,0,0,0,nan,nan,0.6165151566267012
4,AINR,none,155,1,0,0,0,nan,nan,0.6165151566267012
4,AINR,none,156,0,1,0,0,nan,nan,0.6165151566267012
4,AINR,none,157,0,1,0,0,nan,nan,0.6165151566267012
4,AINR,none,158,0,1,0,0,nan,nan,0.6165151566267012
4,AINR,none,159,1,0,0,0,nan,nan,0.6165151566267012
4,AINR,none,160,0,1,0,0,nan,nan,0.6165151566267012
4,AINR,none,161,0,1,0,0,nan,nan,0.6165151566267012
4,AINR,none,162,0,1,0,0,nan,nan,0.6165151566267012
4,AINR,none,163,1,0,0,0,nan,nan,0.6165151566267012
4,AINR,none,164,0,1,0,0,nan,nan,0.6165151566267012
4,AINR,none,165,0,1,0,0,nan,nan,0.6165151566267012
4,AINR,none,166,0,1,0,0,nan,nan,0.6165151566267012
4,AINR,none,167,0,1,0,0,nan,nan,0.6165151566267012
4,AINR,none,168,1,0,0,0,nan,nan,0.6165151566267012
4,AINR,none,169,0,1,0,0,nan,nan,0.6165151566267012
4,AINR,none,170,0,1,0,0,nan,nan,0.6165151566267012
4,AINR,none,171,0,1,0,0,nan,nan,0.6165151566267012
4,AINR,none,172,0,1,0,0,nan,nan,0.6165151566267012
4,AINR,none,173,1,0,0,0,nan,nan,0.6165151566267012
4,AINR,none,174,0,1,0,0,nan,nan,0.6165151566267012
4,AINR,none,175,1,0,0,0,nan,nan,0.6165151566267012
4,AINR,none,176,0,1,0,0,nan,nan,0.6165151566267012
4,AINR,none,177,0,1,0,0,nan,nan,0.6165151566267012
4,AINR,none,178,0,1,0,0,nan,nan,0.6165151566267012
4,AINR,none,179,0,1,0,0,nan,nan,0.6165151566267012
4,AINR,none,180,0,1,0,0,nan,nan,0.6165151566267012
4,AINR,none,181,0,1,0,0,nan,nan,0.6165151566267012
4,AINR,none,182,0,1,0,0,nan,nan,0.6165151566267012
4,AINR,none,183,0,1,0,0,nan,nan,0.6165151566267012
4,AINR,none,184,0,1,0,0,nan,nan,0.6165151566267012
4,AINR,none,185,1,0,0,0,nan,nan,0.6165151566267012
4,AINR,none,186,0,1,0,0,nan,nan,0.6165151566267012
4,AINR,none,187,0,1,0,0,nan,nan,0.6165151566267012
4,AINR,none,188,0,1,0,0,nan,nan,0.6165151566267012
4,AINR,none,189,0,1,0,0,nan,nan,0.6165151566267012
4,AINR,none,190,1,0,0,0,nan,nan,0.6165151566267012
4,AINR,none,191,0,1,0,0,nan,nan,0.6165151566267012
4,AINR,none,192,0,1,0,0,nan,nan,0.6165151566267012
4,AINR,none,193,0,1,0,0,nan,nan,0.6165151566267012
4,AINR,none,194,0,1,0,0,nan,nan,0.6165151566267012
4,AINR,none,195,0,1,0,0,nan,nan,0.6165151566267012
4,AINR,none,196,0,1,0,0,nan,nan,0.6165151566267012
4,AINR,none,197,0,1,0,0,nan,nan,0.6165151566267012
4,AINR,none,198,0,1,0,0,nan,nan,0.6165151566267012
4,AINR,none,199,1,0,0,0,nan,nan,0.6165151566267012
4,AINR,none,200,0,1,0,0,nan,nan,0.6165151566267012
4,AINR,none,201,0,1,0,0,nan,nan,0.6165151566267012
4,AINR,none,202,0,1,0,0,nan,nan,0.6165151566267012
4,AINR,none,203,1,0,0,0,nan,nan,0.6165151566267012
4,AINR,none,204,0,1,0,0,nan,nan,0.6165151566267012
4,AINR,none,205,0,1,0,0,nan,nan,0.6165151566267012
4,AINR,none,206,0,1,0,0,nan,nan,0.6165151566267012
4,AINR,none,207,0,1,0,0,nan,nan,0.6165151566267012
4,AINR,none,208,0,1,0,0,nan,nan,0.6165151566267012
4,AINR,none,209,1,0,0,0,nan,nan,0.6165151566267012
4,AINR,none,210,1,0,0,0,nan,nan,0.6165151566267012
4,AINR,none,211,1,0,0,0,nan,nan,0.6165151566267012
4,AINR,none,212,0,1,0,0,nan,nan,0.6165151566267012
4,AINR,none,213,0,1,0,0,nan,nan,0.6165151566267012
4,AINR,none,214,0,1,0,0,nan,nan,0.6165151566267012
4,AINR,none,215,0,1,0,0,nan,nan,0.6165151566267012
4,AINR,none,216,1,0,0,0,nan,nan,0.6165151566267012
4,AINR,none,217,1,0,0,0,nan,nan,0.6165151566267012
4,AINR,none,218,0,1,0,0,nan,nan,0.6165151566267012
4,AINR,none,219,1,0,0,0,nan,nan,0.6165151566267012
4,AINR,none,220,0,1,0,0,nan,nan,0.6165151566267012
4,AINR,none,221,0,1,0,0,nan,nan,0.6165151566267012
4,AINR,none,222,0,1,0,0,nan,nan,0.6165151566267012
4,AINR,none,223,0,1,0,0,nan,nan,0.6165151566267012
4,AINR,none,224,0,1,0,0,nan,nan,0.6165151566267012
4,AINR,none,225,1,0,0,0,nan,nan,0.6165151566267012
4,AINR,none,226,0,1,0,0,nan,nan,0.6165151566267012
4,AINR,none,227,0,1,0,0,nan,nan,0.6165151566267012
4,AINR,none,228,0,1,0,0,nan,nan,0.6165151566267012
4,AINR,none,229,0,1,0,0,nan,nan,0.6165151566267012
4,AINR,none,230,0,1,0,0,nan,nan,0.6165151566267012
4,AINR,none,231,0,1,0,0,nan,nan,0.6165151566267012
4,AINR,none,232,1,0,0,0,nan,nan,0.6165151566267012
4,AINR,none,233,0,1,0,0,nan,nan,0.6165151566267012
4,AINR,none,234,0,1,0,0,nan,nan,0.6165151566267012
4,AINR,none,235,0,1,0,0,nan,nan,0.6165151566267012
4,AINR,none,236,0,1,0,0,nan,nan,0.6165151566267012
4,AINR,none,237,0,1,0,0,nan,nan,0.6165151566267012
4,AINR,none,238,0,1,0,0,nan,nan,0.6165151566267012
4,AINR,none,239,0,1,0,0,nan,nan,0.6165151566267012
4,AINR,none,240,0,1,0,0,nan,nan,0.6165151566267012
4,AINR,none,241,0,1,0,0,nan,nan,0.6165151566267012
4,AINR,none,242,0,1,0,0,nan,nan,0.6165151566267012
4,AINR,none,243,1,0,0,0,nan,nan,0.6165151566267012
4,AINR,none,244,0,1,0,0,nan,nan,0.6165151566267012
4,AINR,none,245,0,1,0,0,nan,nan,0.6165151566267012
4,AINR,none,246,0,1,0,0,nan,nan,0.6165151566267012
4,AINR,none,247,0,1,0,0,nan,nan,0.6165151566267012
4,AINR,none,248,1,0,0,0,nan,nan,0.6165151566267012
4,AINR,none,249,0,1,0,0,nan,nan,0.6165151566267012
4,AINR,none,250,0,1,0,0,nan,nan,0.6165151566267012
4,AINR,none,251,0,1,0,0,nan,nan,0.6165151566267012
4,AINR,none,252,0,1,0,0,nan,nan,0.6165151566267012
4,AINR,none,253,0,1,0,0,nan,nan,0.6165151566267012
4,AINR,none,254,0,1,0,0,nan,nan,0.6165151566267012
4,AINR,none,255,1,0,0,0,nan,nan,0.6165151566267012
4,AINR,none,256,1,0,0,0,nan,nan,0.6165151566267012
4,AINR,none,257,0,1,0,0,nan,nan,0.6165151566267012
4,AINR,none,258,0,1,0,0,nan,nan,0.6165151566267012
4,AINR,none,259,0,1,0,0,nan,nan,0.6165151566267012
4,AINR,none,260,0,1,0,0,nan,nan,0.6165151566267012
4,AINR,none,261,1,0,0,0,nan,nan,0.6165151566267012
4,AINR,none,262,1,0,0,0,nan,nan,0.6165151566267012
4,AINR,none,263,0,1,0,0,nan,nan,0.6165151566267012
4,AINR,none,264,1,0,0,0,nan,nan,0.6165151566267012
4,AINR,none,265,1,0,0,0,nan,nan,0.6165151566267012
4,AINR,none,266,0,1,0,0,nan,nan,0.6165151566267012
4,AINR,none,267,0,1,0,0,nan,nan,0.6165151566267012
4,AINR,none,268,0,1,0,0,nan,nan,0.6165151566267012
4,AINR,none,269,0,1,0,0,nan,nan,0.6165151566267012
4,AINR,none,270,0,1,0,0,nan,nan,0.6165151566267012
4,AINR,none,271,0,1,0,0,nan,nan,0.6165151566267012
4,AINR,none,272,1,0,0,0,nan,nan,0.6165151566267012
4,AINR,none,273,0,1,0,0,nan,nan,0.6165151566267012
4,AINR,none,274,1,0,0,0,nan,nan,0.6165151566267012
4,AINR,none,275,0,1,0,0,nan,nan,0.6165151566267012
4,AINR,none,276,1,0,0,0,nan,nan,0.6165151566267012
4,AINR,none,277,0,1,0,0,nan,nan,0.6165151566267012
4,AINR,none,278,0,1,0,0,nan,nan,0.6165151566267012
4,AINR,none,279,0,1,0,0,nan,nan,0.6165151566267012
4,AINR,none,280,1,0,0,0,nan,nan,0.6165151566267012
4,AINR,none,281,0,1,0,0,nan,nan,0.6165151566267012
4,AINR,none,282,0,1,0,0,nan,nan,0.6165151566267012
4,AINR,none,283,0,1,0,0,nan,nan,0.6165151566267012
4,AINR,none,284,0,1,0,0,nan,nan,0.6165151566267012
4,AINR,none,285,1,0,0,0,nan,nan,0.6165151566267012
4,AINR,none,286,1,0,0,0,nan,nan,0.6165151566267012
4,AINR,none,287,0,1,0,0,nan,nan,0.6165151566267012
4,AINR,none,288,0,1,0,0,nan,nan,0.6165151566267012
4,AINR,none,289,0,1,0,0,nan,nan,0.6165151566267012
4,AINR,none,290,0,1,0,0,nan,nan,0.6165151566267012
4,AINR,none,291,0,1,0,0,nan,nan,0.6165151566267012
4,AINR,none,292,0,1,0,0,nan,nan,0.6165151566267012
4,AINR,none,293,1,0,0,0,nan,nan,0.6165151566267012
4,AINR,none,294,1,0,0,0,nan,nan,0.6165151566267012
4,AINR,none,295,0,1,0,0,nan,nan,0.6165151566267012
4,AINR,none,296,0,1,0,0,nan,nan,0.6165151566267012
4,AINR,none,297,0,1,0,0,nan,nan,0.6165151566267012
4,AINR,none,298,0,1,0,0,nan,nan,0.6165151566267012
4,AINR,none,299,0,1,0,0,nan,nan,0.6165151566267012
4,AINR,none,300,0,1,0,0,nan,nan,0.6165151566267012
4,AINR,none,301,0,1,0,0,nan,nan,0.6165151566267012
4,AINR,none,302,0,1,0,0,nan,nan,0.6165151566267012
4,AINR,none,303,0,1,0,0,nan,nan,0.6165151566267012
4,AINR,none,304,1,0,0,0,nan,nan,0.6165151566267012
4,AINR,none,305,0,1,0,0,nan,nan,0.6165151566267012
4,AINR,none,306,1,0,0,0,nan,nan,0.6165151566267012
4,AINR,none,307,1,0,0,0,nan,nan,0.6165151566267012
4,AINR,none,308,1,0,0,0,nan,nan,0.6165151566267012
4,AINR,none,309,0,1,0,0,nan,nan,0.6165151566267012
4,AINR,none,310,0,1,0,0,nan,nan,0.6165151566267012
4,AINR,none,311,0,1,0,0,nan,nan,0.6165151566267012
4,AINR,none,312,1,0,0,0,nan,nan,0.6165151566267012
4,AINR,none,313,0,1,0,0,nan,nan,0.6165151566267012
4,AINR,none,314,1,0,0,0,nan,nan,0.6165151566267012
4,AINR,none,315,0,1,0,0,nan,nan,0.6165151566267012
4,AINR,none,316,1,0,0,0,nan,nan,0.6165151566267012
4,AINR,none,317,1,0,0,0,nan,nan,0.6165151566267012
4,AINR,none,318,1,0,0,0,nan,nan,0.6165151566267012
4,AINR,none,319,0,1,0,0,nan,nan,0.6165151566267012
4,AINR,none,320,0,1,0,0,nan,nan,0.6165151566267012
4,AINR,none,321,0,1,0,0,nan,nan,0.6165151566267012
4,AINR,none,322,0,1,0,0,nan,nan,0.6165151566267012
4,AINR,none,323,0,1,0,0,nan,nan,0.6165151566267012
4,AINR,none,324,1,0,0,0,nan,nan,0.6165151566267012
4,AINR,none,325,0,1,0,0,nan,nan,0.6165151566267012
4,AINR,none,326,1,0,0,0,nan,nan,0.6165151566267012
4,AINR,none,327,1,0,0,0,nan,nan,0.6165151566267012
4,AINR,none,328,1,0,0,0,nan,nan,0.6165151566267012
4,AINR,none,329,0,1,0,0,nan,nan,0.6165151566267012
4,AINR,none,330,0,1,0,0,nan,nan,0.6165151566267012
4,AINR,none,331,1,0,0,0,nan,nan,0.6165151566267012
4,AINR,none,332,0,1,0,0,nan,nan,0.6165151566267012
4,AINR,none,333,1,0,0,0,nan,nan,0.6165151566267012
4,AINR,none,334,0,1,0,0,nan,nan,0.6165151566267012
4,AINR,none,335,0,1,0,0,nan,nan,0.6165151566267012
4,AINR,none,336,0,1,0,0,nan,nan,0.6165151566267012
4,AINR,none,337,1,0,0,0,nan,nan,0.6165151566267012
4,AINR,none,338,0,1,0,0,nan,nan,0.6165151566267012
4,AINR,none,339,0,1,0,0,nan,nan,0.6165151566267012
4,AINR,none,340,0,1,0,0,nan,nan,0.6165151566267012
4,AINR,none,341,1,0,0,0,nan,nan,0.6165151566267012
4,AINR,none,342,0,1,0,0,nan,nan,0.6165151566267012
4,AINR,none,343,1,0,0,0,nan,nan,0.6165151566267012
4,AINR,none,344,0,1,0,0,nan,nan,0.6165151566267012
4,AINR,none,345,0,1,0,0,nan,nan,0.6165151566267012
4,AINR,none,346,0,1,0,0,nan,nan,0.6165151566267012
4,AINR,none,347,0,1,0,0,nan,nan,0.6165151566267012
4,AINR,none,348,0,1,0,0,nan,nan,0.6165151566267012
4,AINR,none,349,0,1,0,0,nan,nan,0.6165151566267012
4,AINR,none,350,0,1,0,0,nan,nan,0.6165151566267012
4,AINR,none,351,1,0,0,0,nan,nan,0.6165151566267012
4,AINR,none,352,0,1,0,0,nan,nan,0.6165151566267012
4,AINR,none,353,1,0,0,0,nan,nan,0.6165151566267012
4,AINR,none,354,0,1,0,0,nan,nan,0.6165151566267012
4,AINR,none,355,0,1,0,0,nan,nan,0.6165151566267012
4,AINR,none,356,1,0,0,0,nan,nan,0.6165151566267012
4,AINR,none,357,1,0,0,0,nan,nan,0.6165151566267012
4,AINR,none,358,0,1,0,0,nan,nan,0.6165151566267012
4,AINR,none,359,0,1,0,0,nan,nan,0.6165151566267012
4,AINR,none,360,0,1,0,0,nan,nan,0.6165151566267012
4,AINR,none,361,0,1,0,0,nan,nan,0.6165151566267012
4,AINR,none,362,1,0,0,0,nan,nan,0.6165151566267012
4,AINR,none,363,0,1,0,0,nan,nan,0.6165151566267012
4,AINR,none,364,0,1,0,0,nan,nan,0.6165151566267012
4,AINR,none,365,0,1,0,0,nan,nan,0.6165151566267012
4,AINR,none,366,0,1,0,0,nan,nan,0.6165151566267012
4,AINR,none,367,0,1,0,0,nan,nan,0.6165151566267012
4,AINR,none,368,0,1,0,0,nan,nan,0.6165151566267012
4,AINR,none,369,1,0,0,0,nan,nan,0.6165151566267012
4,AINR,none,370,0,1,0,0,nan,nan,0.6165151566267012
4,AINR,none,371,0,1,0,0,nan,nan,0.6165151566267012
4,AINR,none,372,0,1,0,0,nan,nan,0.6165151566267012
4,AINR,none,373,0,1,0,0,nan,nan,0.6165151566267012
4,AINR,none,374,1,0,0,0,nan,nan,0.6165151566267012
4,AINR,none,375,0,1,0,0,nan,nan,0.6165151566267012
4,AINR,none,376,0,1,0,0,nan,nan,0.6165151566267012
4,AINR,none,377,0,1,0,0,nan,nan,0.6165151566267012
4,AINR,none,378,0,1,0,0,nan,nan,0.6165151566267012
4,AINR,none,379,0,1,0,0,nan,nan,0.6165151566267012
4,AINR,none,380,0,1,0,0,nan,nan,0.6165151566267012
4,AINR,none,381,0,1,0,0,nan,nan,0.6165151566267012
4,AINR,none,382,0,1,0,0,nan,nan,0.6165151566267012
4,AINR,none,383,1,0,0,0,nan,nan,0.6165151566267012
4,AINR,none,384,0,1,0,0,nan,nan,0.6165151566267012
4,AINR,none,385,0,1,0,0,nan,nan,0.6165151566267012
4,AINR,none,386,0,1,0,0,nan,nan,0.6165151566267012
4,AINR,none,387,0,1,0,0,nan,nan,0.6165151566267012
4,AINR,none,388,1,0,0,0,nan,nan,0.6165151566267012
4,AINR,none,389,0,1,0,0,nan,nan,0.6165151566267012
4,AINR,none,390,0,1,0,0,nan,nan,0.6165151566267012
4,AINR,none,391,1,0,0,0,nan,nan,0.6165151566267012
4,AINR,none,392,1,0,0,0,nan,nan,0.6165151566267012
4,AINR,none,393,0,1,0,0,nan,nan,0.6165151566267012
4,AINR,none,394,0,1,0,0,nan,nan,0.6165151566267012
4,AINR,none,395,1,0,0,0,nan,nan,0.6165151566267012
4,AINR,none,396,1,0,0,0,nan,nan,0.6165151566267012
4,AINR,none,397,0,1,0,0,nan,nan,0.6165151566267012
4,AINR,none,398,0,1,0,0,nan,nan,0.6165151566267012
4,AINR,none,399,1,0,0,0,nan,nan,0.6165151566267012
4,AINR,none,400,0,1,0,0,nan,nan,0.6165151566267012
4,AINR,none,401,0,1,0,0,nan,nan,0.6165151566267012
4,AINR,none,402,0,1,0,0,nan,nan,0.6165151566267012
4,AINR,none,403,0,1,0,0,nan,nan,0.6165151566267012
4,AINR,none,404,0,1,0,0,nan,nan,0.6165151566267012
4,AINR,none,405,0,1,0,0,nan,nan,0.6165151566267012
4,AINR,none,406,1,0,0,0,nan,nan,0.6165151566267012
4,AINR,none,407,1,0,0,0,nan,nan,0.6165151566267012
4,AINR,none,408,1,0,0,0,nan,nan,0.6165151566267012
4,AINR,none,409,0,1,0,0,nan,nan,0.6165151566267012
4,AINR,none,410,0,1,0,0,nan,nan,0.6165151566267012
4,AINR,none,411,0,1,0,0,nan,nan,0.6165151566267012
4,AINR,none,412,0,1,0,0,nan,nan,0.6165151566267012
4,AINR,none,413,1,0,0,0,nan,nan,0.6165151566267012
4,AINR,none,414,1,0,0,0,nan,nan,0.6165151566267012
4,AINR,none,415,0,1,0,0,nan,nan,0.6165151566267012
4,AINR,none,416,0,1,0,0,nan,nan,0.6165151566267012
4,AINR,none,417,0,1,0,0,nan,nan,0.6165151566267012
4,AINR,none,418,1,0,0,0,nan,nan,0.6165151566267012
4,AINR,none,419,0,1,0,0,nan,nan,0.6165151566267012
4,AINR,none,420,1,0,0,0,nan,nan,0.6165151566267012
4,AINR,none,421,0,1,0,0,nan,nan,0.6165151566267012
4,AINR,none,422,1,0,0,0,nan,nan,0.6165151566267012
4,AINR,none,423,0,1,0,0,nan,nan,0.6165151566267012
4,AINR,none,424,0,1,0,0,nan,nan,0.6165151566267012
4,AINR,none,425,0,1,0,0,nan,nan,0.6165151566267012
4,AINR,none,426,0,1,0,0,nan,nan,0.6165151566267012
4,AINR,none,427,1,0,0,0,nan,nan,0.6165151566267012
4,AINR,none,428,0,1,0,0,nan,nan,0.6165151566267012
4,AINR,none,429,0,1,0,0,nan,nan,0.6165151566267012
4,AINR,none,430,1,0,0,0,nan,nan,0.6165151566267012
4,AINR,none,431,0,1,0,0,nan,nan,0.6165151566267012
4,AINR,none,432,0,1,0,0,nan,nan,0.6165151566267012
4,AINR,none,433,0,1,0,0,nan,nan,0.6165151566267012
4,AINR,none,434,0,1,0,0,nan,nan,0.6165151566267012
4,AINR,none,435,0,1,0,0,nan,nan,0.6165151566267012
4,AINR,none,436,0,1,0,0,nan,nan,0.6165151566267012
4,AINR,none,437,0,1,0,0,nan,nan,0.6165151566267012
4,AINR,none,438,0,1,0,0,nan,nan,0.6165151566267012
4,AINR,none,439,1,0,0,0,nan,nan,0.6165151566267012
4,AINR,none,440,0,1,0,0,nan,nan,0.6165151566267012
4,AINR,none,441,1,0,0,0,nan,nan,0.6165151566267012
4,AINR,none,442,0,1,0,0,nan,nan,0.6165151566267012
4,AINR,none,443,0,1,0,0,nan,nan,0.6165151566267012
4,AINR,none,444,1,0,0,0,nan,nan,0.6165151566267012
4,AINR,none,445,1,0,0,0,nan,nan,0.6165151566267012
4,AINR,none,446,0,1,0,0,nan,nan,0.6165151566267012
4,AINR,none,447,0,1,0,0,nan,nan,0.6165151566267012
4,AINR,none,448,0,1,0,0,nan,nan,0.6165151566267012
4,AINR,none,449,0,1,0,0,nan,nan,0.6165151566267012
4,AINR,none,450,0,1,0,0,nan,nan,0.6165151566267012
4,AINR,none,451,0,1,0,0,nan,nan,0.6165151566267012
4,AINR,none,452,0,1,0,0,nan,nan,0.6165151566267012
4,AINR,none,453,0,1,0,0,nan,nan,0.6165151566267012
4,AINR,none,454,0,1,0,0,nan,nan,0.6165151566267012
4,AINR,none,455,0,1,0,0,nan,nan,0.6165151566267012
4,AINR,none,456,1,0,0,0,nan,nan,0.6165151566267012
4,AINR,none,457,0,1,0,0,nan,nan,0.6165151566267012
4,AINR,none,458,0,1,0,0,nan,nan,0.6165151566267012
4,AINR,none,459,0,1,0,0,nan,nan,0.6165151566267012
4,AINR,none,460,0,1,0,0,nan,nan,0.6165151566267012
4,AINR,none,461,0,1,0,0,nan,nan,0.6165151566267012
4,AINR,none,462,1,0,0,0,nan,nan,0.6165151566267012
4,AINR,none,463,0,1,0,0,nan,nan,0.6165151566267012
4,AINR,none,464,0,1,0,0,nan,nan,0.6165151566267012
4,AINR,none,465,0,1,0,0,nan,nan,0.6165151566267012
4,AINR,none,466,1,0,0,0,nan,nan,0.6165151566267012
4,AINR,none,467,0,1,0,0,nan,nan,0.6165151566267012
4,AINR,none,468,0,1,0,0,nan,nan,0.6165151566267012
4,AINR,none,469,0,1,0,0,nan,nan,0.6165151566267012
4,AINR,none,470,1,0,0,0,nan,nan,0.6165151566267012
4,AINR,none,471,0,1,0,0,nan,nan,0.6165151566267012
4,AINR,none,472,0,1,0,0,nan,nan,0.6165151566267012
4,AINR,none,473,0,1,0,0,nan,nan,0.6165151566267012
4,AINR,none,474,1,0,0,0,nan,nan,0.6165151566267012
4,AINR,none,475,0,1,0,0,nan,nan,0.6165151566267012
4,AINR,none,476,0,1,0,0,nan,nan,0.6165151566267012
4,AINR,none,477,0,1,0,0,nan,nan,0.6165151566267012
4,AINR,none,478,1,0,0,0,nan,nan,0.6165151566267012
4,AINR,none,479,0,1,0,0,nan,nan,0.6165151566267012
4,AINR,none,480,0,1,0,0,nan,nan,0.6165151566267012
4,AINR,none,481,0,1,0,0,nan,nan,0.6165151566267012
4,AINR,none,482,0,1,0,0,nan,nan,0.6165151566267012
4,AINR,none,483,1,0,0,0,nan,nan,0.6165151566267012
4,AINR,none,484,1,0,0,0,nan,nan,0.6165151566267012
4,AINR,none,485,0,1,0,0,nan,nan,0.6165151566267012
4,AINR,none,486,0,1,0,0,nan,nan,0.6165151566267012
4,AINR,none,487,1,0,0,0,nan,nan,0.6165151566267012
4,AINR,none,488,0,1,0,0,nan,nan,0.6165151566267012
4,AINR,none,489,0,1,0,0,nan,nan,0.6165151566267012
4,AINR,none,490,0,1,0,0,nan,nan,0.6165151566267012
4,AINR,none,491,0,1,0,0,nan,nan,0.6165151566267012
4,AINR,none,492,1,0,0,0,nan,nan,0.6165151566267012
4,AINR,none,493,0,1,0,0,nan,nan,0.6165151566267012
4,AINR,none,494,1,0,0,0,nan,nan,0.6165151566267012
4,AINR,none,495,1,0,0,0,nan,nan,0.6165151566267012
4,AINR,none,496,0,1,0,0,nan,nan,0.6165151566267012
4,AINR,none,497,0,1,0,0,nan,nan,0.6165151566267012
4,AINR,none,498,0,1,0,0,nan,nan,0.6165151566267012
4,AINR,none,499,1,0,0,0,nan,nan,0.6165151566267012
4,AINR,none,500,0,1,0,0,nan,nan,0.6165151566267012
4,AINR,none,501,0,1,0,0,nan,nan,0.6165151566267012
4,AINR,none,502,0,1,0,0,nan,nan,0.6165151566267012
4,AINR,none,503,0,1,0,0,nan,nan,0.6165151566267012
4,AINR,none,504,0,1,0,0,nan,nan,0.6165151566267012
4,AINR,none,505,0,1,0,0,nan,nan,0.6165151566267012
4,AINR,none,506,0,1,0,0,nan,nan,0.6165151566267012
4,AINR,none,507,0,1,0,0,nan,nan,0.6165151566267012
4,AINR,none,508,0,1,0,0,nan,nan,0.6165151566267012
4,AINR,none,509,0,1,0,0,nan,nan,0.6165151566267012
4,AINR,none,510,0,1,0,0,nan,nan,0.6165151566267012
4,AINR,none,511,0,1,0,0,nan,nan,0.6165151566267012
4,AINR,none,512,1,0,0,0,nan,nan,0.6165151566267012
4,AINR,none,513,0,1,0,0,nan,nan,0.6165151566267012
4,AINR,none,514,0,1,0,0,nan,nan,0.6165151566267012
4,AINR,none,515,0,1,0,0,nan,nan,0.6165151566267012
4,AINR,none,516,0,1,0,0,nan,nan,0.6165151566267012
4,AINR,none,517,1,0,0,0,nan,nan,0.6165151566267012
4,AINR,none,518,1,0,0,0,nan,nan,0.6165151566267012
4,AINR,none,519,1,0,0,0,nan,nan,0.6165151566267012
4,AINR,none,520,1,0,0,0,nan,nan,0.6165151566267012
4,AINR,none,521,1,0,0,0,nan,nan,0.6165151566267012
4,AINR,none,522,1,0,0,0,nan,nan,0.6165151566267012
4,AINR,none,523,0,1,0,0,nan,nan,0.6165151566267012
4,AINR,none,524,1,0,0,0,nan,nan,0.6165151566267012
4,AINR,none,525,1,0,0,0,nan,nan,0.6165151566267012
4,AINR,none,526,0,1,0,0,nan,nan,0.6165151566267012
4,AINR,none,527,0,1,0,0,nan,nan,0.6165151566267012
4,AINR,none,528,0,1,0,0,nan,nan,0.6165151566267012
4,AINR,none,529,1,0,0,0,nan,nan,0.6165151566267012
4,AINR,none,530,0,1,0,0,nan,nan,0.6165151566267012
4,AINR,none,531,0,1,0,0,nan,nan,0.6165151566267012
4,AINR,none,532,1,0,0,0,nan,nan,0.6165151566267012
4,AINR,none,533,0,1,0,0,nan,nan,0.6165151566267012
4,AINR,none,534,0,1,0,0,nan,nan,0.6165151566267012
4,AINR,none,535,1,0,0,0,nan,nan,0.6165151566267012
4,AINR,none,536,0,1,0,0,nan,nan,0.6165151566267012
4,AINR,none,537,1,0,0,0,nan,nan,0.6165151566267012
4,AINR,none,538,1,0,0,0,nan,nan,0.6165151566267012
4,AINR,none,539,1,0,0,0,nan,nan,0.6165151566267012
4,AINR,none,540,0,1,0,0,nan,nan,0.6165151566267012
4,AINR,none,541,0,1,0,0,nan,nan,0.6165151566267012
4,AINR,none,542,0,1,0,0,nan,nan,0.6165151566267012
4,AINR,none,543,0,1,0,0,nan,nan,0.6165151566267012
4,AINR,none,544,0,1,0,0,nan,nan,0.6165151566267012
4,AINR,none,545,1,0,0,0,nan,nan,0.6165151566267012
4,AINR,none,546,0,1,0,0,nan,nan,0.6165151566267012
4,AINR,none,547,0,1,0,0,nan,nan,0.6165151566267012
4,AINR,none,548,1,0,0,0,nan,nan,0.6165151566267012
4,AINR,none,549,0,1,0,0,nan,nan,0.6165151566267012
4,AINR,none,550,1,0,0,0,nan,nan,0.6165151566267012
4,AINR,none,551,0,1,0,0,nan,nan,0.6165151566267012
4,AINR,none,552,0,1,0,0,nan,nan,0.6165151566267012
4,AINR,none,553,0,1,0,0,nan,nan,0.6165151566267012
4,AINR,none,554,1,0,0,0,nan,nan,0.6165151566267012
4,AINR,none,555,1,0,0,0,nan,nan,0.6165151566267012
4,AINR,none,556,0,1,0,0,nan,nan,0.6165151566267012
4,AINR,none,557,1,0,0,0,nan,nan,0.6165151566267012
4,AINR,none,558,0,1,0,0,nan,nan,0.6165151566267012
4,AINR,none,559,0,1,0,0,nan,nan,0.6165151566267012
4,AINR,none,560,0,1,0,0,nan,nan,0.6165151566267012
4,AINR,none,561,1,0,0,0,nan,nan,0.6165151566267012
4,AINR,none,562,1,0,0,0,nan,nan,0.6165151566267012
4,AINR,none,563,1,0,0,0,nan,nan,0.6165151566267012
4,AINR,none,564,0,1,0,0,nan,nan,0.6165151566267012
4,AINR,none,565,0,1,0,0,nan,nan,0.6165151566267012
4,AINR,none,566,1,0,0,0,nan,nan,0.6165151566267012
4,AINR,none,567,1,0,0,0,nan,nan,0.6165151566267012
4,AINR,none,568,0,1,0,0,nan,nan,0.6165151566267012
4,AINR,none,569,0,1,0,0,nan,nan,0.6165151566267012
4,AINR,none,570,1,0,0,0,nan,nan,0.6165151566267012
4,AINR,none,571,0,1,0,0,nan,nan,0.6165151566267012
4,AINR,none,572,0,1,0,0,nan,nan,0.6165151566267012
4,AINR,none,573,1,0,0,0,nan,nan,0.6165151566267012
4,AINR,none,574,1,0,0,0,nan,nan,0.6165151566267012
4,AINR,none,575,0,1,0,0,nan,nan,0.6165151566267012
4,AINR,none,576,0,1,0,0,nan,nan,0.6165151566267012
4,AINR,none,577,0,1,0,0,nan,nan,0.6165151566267012
4,AINR,none,578,0,1,0,0,nan,nan,0.6165151566267012
4,AINR,none,579,1,0,0,0,nan,nan,0.6165151566267012
4,AINR,none,580,0,1,0,0,nan,nan,0.6165151566267012
4,AINR,none,581,0,1,0,0,nan,nan,0.6165151566267012
4,AINR,none,582,0,1,0,0,nan,nan,0.6165151566267012
4,AINR,none,583,1,0,0,0,nan,nan,0.6165151566267012
4,AINR,none,584,0,1,0,0,nan,nan,0.6165151566267012
4,AINR,none,585,0,1,0,0,nan,nan,0.6165151566267012
4,AINR,none,586,1,0,0,0,nan,nan,0.6165151566267012
4,AINR,none,587,1,0,0,0,nan,nan,0.6165151566267012
4,AINR,none,588,0,1,0,0,nan,nan,0.6165151566267012
4,AINR,none,589,1,0,0,0,nan,nan,0.6165151566267012
4,AINR,none,590,1,0,0,0,nan,nan,0.6165151566267012
4,AINR,none,591,0,1,0,0,nan,nan,0.6165151566267012
4,AINR,none,592,0,1,0,0,nan,nan,0.6165151566267012
4,AINR,none,593,0,1,0,0,nan,nan,0.6165151566267012
4,AINR,none,594,1,0,0,0,nan,nan,0.6165151566267012
4,AINR,none,595,0,1,0,0,nan,nan,0.6165151566267012
4,AINR,none,596,0,1,0,0,nan,nan,0.6165151566267012
4,AINR,none,597,1,0,0,0,nan,nan,0.6165151566267012
4,AINR,none,598,0,1,0,0,nan,nan,0.6165151566267012
4,AINR,none,599,0,1,0,0,nan,nan,0.6165151566267012
4,AINR,none,600,1,0,0,0,nan,nan,0.6165151566267012
4,AINR,none,601,0,1,0,0,nan,nan,0.6165151566267012
4,AINR,none,602,0,1,0,0,nan,nan,0.6165151566267012
4,AINR,none,603,0,1,0,0,nan,nan,0.6165151566267012
4,AINR,none,604,0,1,0,0,nan,nan,0.6165151566267012
4,AINR,none,605,1,0,0,0,nan,nan,0.6165151566267012
4,AINR,none,606,0,1,0,0,nan,nan,0.6165151566267012
4,AINR,none,607,1,0,0,0,nan,nan,0.6165151566267012
4,AINR,none,608,0,1,0,0,nan,nan,0.6165151566267012
4,AINR,none,609,0,1,0,0,nan,nan,0.6165151566267012
4,AINR,none,610,0,1,0,0,nan,nan,0.6165151566267012
4,AINR,none,611,1,0,0,0,nan,nan,0.6165151566267012
4,AINR,none,612,1,0,0,0,nan,nan,0.6165151566267012
4,AINR,none,613,1,0,0,0,nan,nan,0.6165151566267012
4,AINR,none,614,0,1,0,0,nan,nan,0.6165151566267012
4,AINR,none,615,1,0,0,0,nan,nan,0.6165151566267012
4,AINR,none,616,0,1,0,0,nan,nan,0.6165151566267012
4,AINR,none,617,0,1,0,0,nan,nan,0.6165151566267012
4,AINR,none,618,0,1,0,0,nan,nan,0.6165151566267012
4,AINR,none,619,0,1,0,0,nan,nan,0.6165151566267012
4,AINR,none,620,1,0,0,0,nan,nan,0.6165151566267012
4,AINR,none,621,0,1,0,0,nan,nan,0.6165151566267012
4,AINR,none,622,0,1,0,0,nan,nan,0.6165151566267012
4,AINR,none,623,0,1,0,0,nan,nan,0.6165151566267012
4,AINR,none,624,1,0,0,0,nan,nan,0.6165151566267012
4,AINR,none,625,0,1,0,0,nan,nan,0.6165151566267012
4,AINR,none,626,0,1,0,0,nan,nan,0.6165151566267012
4,AINR,none,627,0,1,0,0,nan,nan,0.6165151566267012
4,AINR,none,628,1,0,0,0,nan,nan,0.6165151566267012
4,AINR,none,629,0,1,0,0,nan,nan,0.6165151566267012
4,AINR,none,630,0,1,0,0,nan,nan,0.6165151566267012
4,AINR,none,631,0,1,0,0,nan,nan,0.6165151566267012
4,AINR,none,632,1,0,0,0,nan,nan,0.6165151566267012
4,AINR,none,633,0,1,0,0,nan,nan,0.6165151566267012
4,AINR,none,634,0,1,0,0,nan,nan,0.6165151566267012
4,AINR,none,635,0,1,0,0,nan,nan,0.6165151566267012
4,AINR,none,636,1,0,0,0,nan,nan,0.6165151566267012
4,AINR,none,637,0,1,0,0,nan,nan,0.6165151566267012
4,AINR,none,638,0,1,0,0,nan,nan,0.6165151566267012
4,AINR,none,639,1,0,0,0,nan,nan,0.6165151566267012
4,AINR,none,640,1,0,0,0,nan,nan,0.6165151566267012
4,AINR,none,641,0,1,0,0,nan,nan,0.6165151566267012
4,AINR,none,642,0,1,0,0,nan,nan,0.6165151566267012
4,AINR,none,643,1,0,0,0,nan,nan,0.6165151566267012
4,AINR,none,644,0,1,0,0,nan,nan,0.6165151566267012
4,AINR,none,645,0,1,0,0,nan,nan,0.6165151566267012
4,AINR,none,646,0,1,0,0,nan,nan,0.6165151566267012
4,AINR,none,647,1,0,0,0,nan,nan,0.6165151566267012
4,AINR,none,648,0,1,0,0,nan,nan,0.6165151566267012
4,AINR,none,649,0,1,0,0,nan,nan,0.6165151566267012
4,AINR,none,650,0,1,0,0,nan,nan,0.6165151566267012
4,AINR,none,651,1,0,0,0,nan,nan,0.6165151566267012
4,AINR,none,652,0,1,0,0,nan,nan,0.6165151566267012
4,AINR,none,653,0,1,0,0,nan,nan,0.6165151566267012
4,AINR,none,654,1,0,0,0,nan,nan,0.6165151566267012
4,AINR,none,655,0,1,0,0,nan,nan,0.6165151566267012
4,AINR,none,656,0,1,0,0,nan,nan,0.6165151566267012
4,AINR,none,657,0,1,0,0,nan,nan,0.6165151566267012
4,AINR,none,658,1,0,0,0,nan,nan,0.6165151566267012
4,AINR,none,659,0,1,0,0,nan,nan,0.6165151566267012
4,AINR,none,660,0,1,0,0,nan,nan,0.6165151566267012
4,AINR,none,661,1,0,0,0,nan,nan,0.6165151566267012
4,AINR,none,662,0,1,0,0,nan,nan,0.6165151566267012
4,AINR,none,663,0,1,0,0,nan,nan,0.6165151566267012
4,AINR,none,664,0,1,0,0,nan,nan,0.6165151566267012
4,AINR,none,665,0,1,0,0,nan,nan,0.6165151566267012
4,AINR,none,666,0,1,0,0,nan,nan,0.6165151566267012
4,AINR,none,667,0,1,0,0,nan,nan,0.6165151566267012
4,AINR,none,668,0,1,0,0,nan,nan,0.6165151566267012
4,AINR,none,669,1,0,0,0,nan,nan,0.6165151566267012
4,AINR,none,670,1,0,0,0,nan,nan,0.6165151566267012
4,AINR,none,671,0,1,0,0,nan,nan,0.6165151566267012
4,AINR,none,672,1,0,0,0,nan,nan,0.6165151566267012
4,AINR,none,673,0,1,0,0,nan,nan,0.6165151566267012
4,AINR,none,674,1,0,0,0,nan,nan,0.6165151566267012
4,AINR,none,675,0,1,0,0,nan,nan,0.6165151566267012
4,AINR,none,676,0,1,0,0,nan,nan,0.6165151566267012
4,AINR,none,677,0,1,0,0,nan,nan,0.6165151566267012
4,AINR,none,678,0,1,0,0,nan,nan,0.6165151566267012
4,AINR,none,679,0,1,0,0,nan,nan,0.6165151566267012
4,AINR,none,680,0,1,0,0,nan,nan,0.6165151566267012
4,AINR,none,681,1,0,0,0,nan,nan,0.6165151566267012
4,AINR,none,682,0,1,0,0,nan,nan,0.6165151566267012
4,AINR,none,683,0,1,0,0,nan,nan,0.6165151566267012
4,AINR,none,684,0,1,0,0,nan,nan,0.6165151566267012
4,AINR,none,685,0,1,0,0,nan,nan,0.6165151566267012
4,AINR,none,686,0,1,0,0,nan,nan,0.6165151566267012
4,AINR,none,687,1,0,0,0,nan,nan,0.6165151566267012
4,AINR,none,688,1,0,0,0,nan,nan,0.6165151566267012
4,AINR,none,689,0,1,0,0,nan,nan,0.6165151566267012
4,AINR,none,690,0,1,0,0,nan,nan,0.6165151566267012
4,AINR,none,691,0,1,0,0,nan,nan,0.6165151566267012
4,AINR,none,692,0,1,0,0,nan,nan,0.6165151566267012
4,AINR,none,693,1,0,0,0,nan,nan,0.6165151566267012
4,AINR,none,694,1,0,0,0,nan,nan,0.6165151566267012
4,AINR,none,695,0,1,0,0,nan,nan,0.6165151566267012
4,AINR,none,696,0,1,0,0,nan,nan,0.6165151566267012
4,AINR,none,697,0,1,0,0,nan,nan,0.6165151566267012
4,AINR,none,698,1,0,0,0,nan,nan,0.6165151566267012
4,AINR,none,699,0,1,0,0,nan,nan,0.6165151566267012
4,AINR,none,700,1,0,0,0,nan,nan,0.6165151566267012
4,AINR,none,701,0,1,0,0,nan,nan,0.6165151566267012
4,AINR,none,702,0,1,0,0,nan,nan,0.6165151566267012
4,AINR,none,703,1,0,0,0,nan,nan,0.6165151566267012
4,AINR,none,704,0,1,0,0,nan,nan,0.6165151566267012
4,AINR,none,705,1,0,0,0,nan,nan,0.6165151566267012
4,AINR,none,706,0,1,0,0,nan,nan,0.6165151566267012
4,AINR,none,707,0,1,0,0,nan,nan,0.6165151566267012
4,AINR,none,708,1,0,0,0,nan,nan,0.6165151566267012
4,AINR,none,709,1,0,0,0,nan,nan,0.6165151566267012
4,AINR,none,710,0,1,0,0,nan,nan,0.6165151566267012
4,AINR,none,711,1,0,0,0,nan,nan,0.6165151566267012
4,AINR,none,712,0,1,0,0,nan,nan,0.6165151566267012
4,AINR,none,713,0,1,0,0,nan,nan,0.6165151566267012
4,AINR,none,714,0,1,0,0,nan,nan,0.6165151566267012
4,AINR,none,715,0,1,0,0,nan,nan,0.6165151566267012
4,AINR,none,716,1,0,0,0,nan,nan,0.6165151566267012
4,AINR,none,717,1,0,0,0,nan,nan,0.6165151566267012
4,AINR,none,718,0,1,0,0,nan,nan,0.6165151566267012
4,AINR,none,719,1,0,0,0,nan,nan,0.6165151566267012
4,AINR,none,720,0,1,0,0,nan,nan,0.6165151566267012
4,AINR,none,721,0,1,0,0,nan,nan,0.6165151566267012
4,AINR,none,722,0,1,0,0,nan,nan,0.6165151566267012
4,AINR,none,723,0,1,0,0,nan,nan,0.6165151566267012
4,AINR,none,724,0,1,0,0,nan,nan,0.6165151566267012
4,AINR,none,725,0,1,0,0,nan,nan,0.6165151566267012
4,AINR,none,726,0,1,0,0,nan,nan,0.6165151566267012
4,AINR,none,727,0,1,0,0,nan,nan,0.6165151566267012
4,AINR,none,728,1,0,0,0,nan,nan,0.6165151566267012
4,AINR,none,729,1,0,0,0,nan,nan,0.6165151566267012
4,AINR,none,730,1,0,0,0,nan,nan,0.6165151566267012
4,AINR,none,731,0,1,0,0,nan,nan,0.6165151566267012
4,AINR,none,732,1,0,0,0,nan,nan,0.6165151566267012
4,AINR,none,733,1,0,0,0,nan,nan,0.6165151566267012
4,AINR,none,734,0,1,0,0,nan,nan,0.6165151566267012
4,AINR,none,735,1,0,0,0,nan,nan,0.6165151566267012
4,AINR,none,736,1,0,0,0,nan,nan,0.6165151566267012
4,AINR,none,737,1,0,0,0,nan,nan,0.6165151566267012
4,AINR,none,738,0,1,0,0,nan,nan,0.6165151566267012
4,AINR,none,739,1,0,0,0,nan,nan,0.6165151566267012
4,AINR,none,740,0,1,0,0,nan,nan,0.6165151566267012
4,AINR,none,741,0,1,0,0,nan,nan,0.6165151566267012
4,AINR,none,742,0,1,0,0,nan,nan,0.6165151566267012
4,AINR,none,743,0,1,0,0,nan,nan,0.6165151566267012
4,AINR,none,744,0,1,0,0,nan,nan,0.6165151566267012
4,AINR,none,745,0,1,0,0,nan,nan,0.6165151566267012
4,AINR,none,746,1,0,0,0,nan,nan,0.6165151566267012
4,AINR,none,747,1,0,0,0,nan,nan,0.6165151566267012
4,AINR,none,748,0,1,0,0,nan,nan,0.6165151566267012
4,AINR,none,749,0,1,0,0,nan,nan,0.6165151566267012
4,AINR,none,750,1,0,0,0,nan,nan,0.6165151566267012
4,AINR,none,751,0,1,0,0,nan,nan,0.6165151566267012
4,AINR,none,752,1,0,0,0,nan,nan,0.6165151566267012
4,AINR,none,753,0,1,0,0,nan,nan,0.6165151566267012
4,AINR,none,754,0,1,0,0,nan,nan,0.6165151566267012
4,AINR,none,755,0,1,0,0,nan,nan,0.6165151566267012
4,AINR,none,756,1,0,0,0,nan,nan,0.6165151566267012
4,AINR,none,757,0,1,0,0,nan,nan,0.6165151566267012
4,AINR,none,758,1,0,0,0,nan,nan,0.6165151566267012
4,AINR,none,759,1,0,0,0,nan,nan,0.6165151566267012
4,AINR,none,760,1,0,0,0,nan,nan,0.6165151566267012
4,AINR,none,761,0,1,0,0,nan,nan,0.6165151566267012
4,AINR,none,762,0,1,0,0,nan,nan,0.6165151566267012
4,AINR,none,763,1,0,0,0,nan,nan,0.6165151566267012
4,AINR,none,764,0,1,0,0,nan,nan,0.6165151566267012
4,AINR,none,765,0,1,0,0,nan,nan,0.6165151566267012
4,AINR,none,766,0,1,0,0,nan,nan,0.6165151566267012
4,AINR,none,767,0,1,0,0,nan,nan,0.6165151566267012
4,AINR,none,768,1,0,0,0,nan,nan,0.6165151566267012
4,AINR,none,769,0,1,0,0,nan,nan,0.6165151566267012
4,AINR,none,770,1,0,0,0,nan,nan,0.6165151566267012
4,AINR,none,771,1,0,0,0,nan,nan,0.6165151566267012
4,AINR,none,772,1,0,0,0,nan,nan,0.6165151566267012
4,AINR,none,773,0,1,0,0,nan,nan,0.6165151566267012
4,AINR,none,774,0,1,0,0,nan,nan,0.6165151566267012
4,AINR,none,775,0,1,0,0,nan,nan,0.6165151566267012
4,AINR,none,776,1,0,0,0,nan,nan,0.6165151566267012
4,AINR,none,777,0,1,0,0,nan,nan,0.6165151566267012
4,AINR,none,778,0,1,0,0,nan,nan,0.6165151566267012
4,AINR,none,779,0,1,0,0,nan,nan,0.6165151566267012
4,AINR,none,780,0,1,0,0,nan,nan,0.6165151566267012
4,AINR,none,781,0,1,0,0,nan,nan,0.6165151566267012
4,AINR,none,782,0,1,0,0,nan,nan,0.6165151566267012
4,AINR,none,783,0,1,0,0,nan,nan,0.6165151566267012
4,AINR,none,784,0,1,0,0,nan,nan,0.6165151566267012
4,AINR,none,785,0,1,0,0,nan,nan,0.6165151566267012
4,AINR,none,786,1,0,0,0,nan,nan,0.6165151566267012
4,AINR,none,787,1,0,0,0,nan,nan,0.6165151566267012
4,AINR,none,788,0,1,0,0,nan,nan,0.6165151566267012
4,AINR,none,789,0,1,0,0,nan,nan,0.6165151566267012
4,AINR,none,790,0,1,0,0,nan,nan,0.6165151566267012
4,AINR,none,791,1,0,0,0,nan,nan,0.6165151566267012
4,AINR,none,792,0,1,0,0,nan,nan,0.6165151566267012
4,AINR,none,793,0,1,0,0,nan,nan,0.6165151566267012
4,AINR,none,794,0,1,0,0,nan,nan,0.6165151566267012
4,AINR,none,795,1,0,0,0,nan,nan,0.6165151566267012
4,AINR,none,796,0,1,0,0,nan,nan,0.6165151566267012
4,AINR,none,797,0,1,0,0,nan,nan,0.6165151566267012
4,AINR,none,798,0,1,0,0,nan,nan,0.6165151566267012
4,AINR,none,799,1,0,0,0,nan,nan,0.6165151566267012
4,AINR,none,800,1,0,0,0,nan,nan,0.6165151566267012
4,AINR,none,801,0,1,0,0,nan,nan,0.6165151566267012
4,AINR,none,802,0,1,0,0,nan,nan,0.6165151566267012
4,AINR,none,803,0,1,0,0,nan,nan,0.6165151566267012
4,AINR,none,804,1,0,0,0,nan,nan,0.6165151566267012
4,AINR,none,805,0,1,0,0,nan,nan,0.6165151566267012
4,AINR,none,806,0,1,0,0,nan,nan,0.6165151566267012
4,AINR,none,807,0,1,0,0,nan,nan,0.6165151566267012
4,AINR,none,808,1,0,0,0,nan,nan,0.6165151566267012
4,AINR,none,809,0,1,0,0,nan,nan,0.6165151566267012
4,AINR,none,810,0,1,0,0,nan,nan,0.6165151566267012
4,AINR,none,811,0,1,0,0,nan,nan,0.6165151566267012
4,AINR,none,812,0,1,0,0,nan,nan,0.6165151566267012
4,AINR,none,813,1,0,0,0,nan,nan,0.6165151566267012
4,AINR,none,814,0,1,0,0,nan,nan,0.6165151566267012
4,AINR,none,815,0,1,0,0,nan,nan,0.6165151566267012
4,AINR,none,816,0,1,0,0,nan,nan,0.6165151566267012
4,AINR,none,817,0,1,0,0,nan,nan,0.6165151566267012
4,AINR,none,818,1,0,0,0,nan,nan,0.6165151566267012
4,AINR,none,819,0,1,0,0,nan,nan,0.6165151566267012
4,AINR,none,820,0,1,0,0,nan,nan,0.6165151566267012
4,AINR,none,821,1,0,0,0,nan,nan,0.6165151566267012
4,AINR,none,822,1,0,0,0,nan,nan,0.6165151566267012
4,AINR,none,823,0,1,0,0,nan,nan,0.6165151566267012
4,AINR,none,824,0,1,0,0,nan,nan,0.6165151566267012
4,AINR,none,825,0,1,0,0,nan,nan,0.6165151566267012
4,AINR,none,826,1,0,0,0,nan,nan,0.6165151566267012
4,AINR,none,827,0,1,0,0,nan,nan,0.6165151566267012
4,AINR,none,828,0,1,0,0,nan,nan,0.6165151566267012
4,AINR,none,829,0,1,0,0,nan,nan,0.6165151566267012
4,AINR,none,830,0,1,0,0,nan,nan,0.6165151566267012
4,AINR,none,831,0,1,0,0,nan,nan,0.6165151566267012
4,AINR,none,832,1,0,0,0,nan,nan,0.6165151566267012
4,AINR,none,833,0,1,0,0,nan,nan,0.6165151566267012
4,AINR,none,834,0,1,0,0,nan,nan,0.6165151566267012
4,AINR,none,835,0,1,0,0,nan,nan,0.6165151566267012
4,AINR,none,836,0,1,0,0,nan,nan,0.6165151566267012
4,AINR,none,837,0,1,0,0,nan,nan,0.6165151566267012
4,AINR,none,838,0,1,0,0,nan,nan,0.6165151566267012
4,AINR,none,839,0,1,0,0,nan,nan,0.6165151566267012
4,AINR,none,840,0,1,0,0,nan,nan,0.6165151566267012
4,AINR,none,841,1,0,0,0,nan,nan,0.6165151566267012
4,AINR,none,842,0,1,0,0,nan,nan,0.6165151566267012
4,AINR,none,843,0,1,0,0,nan,nan,0.6165151566267012
4,AINR,none,844,0,1,0,0,nan,nan,0.6165151566267012
4,AINR,none,845,1,0,0,0,nan,nan,0.6165151566267012
4,AINR,none,846,0,1,0,0,nan,nan,0.6165151566267012
4,AINR,none,847,0,1,0,0,nan,nan,0.6165151566267012
4,AINR,none,848,0,1,0,0,nan,nan,0.6165151566267012
4,AINR,none,849,1,0,0,0,nan,nan,0.6165151566267012
4,AINR,none,850,1,0,0,0,nan,nan,0.6165151566267012
4,AINR,none,851,0,1,0,0,nan,nan,0.6165151566267012
4,AINR,none,852,0,1,0,0,nan,nan,0.6165151566267012
4,AINR,none,853,0,1,0,0,nan,nan,0.6165151566267012
4,AINR,none,854,1,0,0,0,nan,nan,0.6165151566267012
4,AINR,none,855,0,1,0,0,nan,nan,0.6165151566267012
4,AINR,none,856,1,0,0,0,nan,nan,0.6165151566267012
4,AINR,none,857,0,1,0,0,nan,nan,0.6165151566267012
4,AINR,none,858,0,1,0,0,nan,nan,0.6165151566267012
4,AINR,none,859,0,1,0,0,nan,nan,0.6165151566267012
4,AINR,none,860,1,0,0,0,nan,nan,0.6165151566267012
4,AINR,none,861,0,1,0,0,nan,nan,0.6165151566267012
4,AINR,none,862,0,1,0,0,nan,nan,0.6165151566267012
4,AINR,none,863,1,0,0,0,nan,nan,0.6165151566267012
4,AINR,none,864,0,1,0,0,nan,nan,0.6165151566267012
4,AINR,none,865,0,1,0,0,nan,nan,0.6165151566267012
4,AINR,none,866,0,1,0,0,nan,nan,0.6165151566267012
4,AINR,none,867,0,1,0,0,nan,nan,0.6165151566267012
4,AINR,none,868,0,1,0,0,nan,nan,0.6165151566267012
4,AINR,none,869,1,0,0,0,nan,nan,0.6165151566267012
4,AINR,none,870,1,0,0,0,nan,nan,0.6165151566267012
4,AINR,none,871,0,1,0,0,nan,nan,0.6165151566267012
4,AINR,none,872,0,1,0,0,nan,nan,0.6165151566267012
4,AINR,none,873,0,1,0,0,nan,nan,0.6165151566267012
4,AINR,none,874,1,0,0,0,nan,nan,0.6165151566267012
4,AINR,none,875,1,0,0,0,nan,nan,0.6165151566267012
4,AINR,none,876,1,0,0,0,nan,nan,0.6165151566267012
4,AINR,none,877,1,0,0,0,nan,nan,0.6165151566267012
4,AINR,none,878,1,0,0,0,nan,nan,0.6165151566267012
4,AINR,none,879,0,1,0,0,nan,nan,0.6165151566267012
4,AINR,none,880,1,0,0,0,nan,nan,0.6165151566267012
4,AINR,none,881,0,1,0,0,nan,nan,0.6165151566267012
4,AINR,none,882,1,0,0,0,nan,nan,0.6165151566267012
4,AINR,none,883,0,1,0,0,nan,nan,0.6165151566267012
4,AINR,none,884,1,0,0,0,nan,nan,0.6165151566267012
4,AINR,none,885,1,0,0,0,nan,nan,0.6165151566267012
4,AINR,none,886,1,0,0,0,nan,nan,0.6165151566267012
4,AINR,none,887,0,1,0,0,nan,nan,0.6165151566267012
4,AINR,none,888,0,1,0,0,nan,nan,0.6165151566267012
4,AINR,none,889,0,1,0,0,nan,nan,0.6165151566267012
4,AINR,none,890,0,1,0,0,nan,nan,0.6165151566267012
4,AINR,none,891,0,1,0,0,nan,nan,0.6165151566267012
4,AINR,none,892,0,1,0,0,nan,nan,0.6165151566267012
4,AINR,none,893,1,0,0,0,nan,nan,0.6165151566267012
4,AINR,none,894,0,1,0,0,nan,nan,0.6165151566267012
4,AINR,none,895,0,1,0,0,nan,nan,0.6165151566267012
4,AINR,none,896,0,1,0,0,nan,nan,0.6165151566267012
4,AINR,none,897,1,0,0,0,nan,nan,0.6165151566267012
4,AINR,none,898,1,0,0,0,nan,nan,0.6165151566267012
4,AINR,none,899,0,1,0,0,nan,nan,0.6165151566267012
4,AINR,none,900,0,1,0,0,nan,nan,0.6165151566267012
4,AINR,none,901,0,1,0,0,nan,nan,0.6165151566267012
4,AINR,none,902,1,0,0,0,nan,nan,0.6165151566267012
4,AINR,none,903,0,1,0,0,nan,nan,0.6165151566267012
4,AINR,none,904,1,0,0,0,nan,nan,0.6165151566267012
4,AINR,none,905,1,0,0,0,nan,nan,0.6165151566267012
4,AINR,none,906,0,1,0,0,nan,nan,0.6165151566267012
4,AINR,none,907,1,0,0,0,nan,nan,0.6165151566267012
4,AINR,none,908,0,1,0,0,nan,nan,0.6165151566267012
4,AINR,none,909,0,1,0,0,nan,nan,0.6165151566267012
4,AINR,none,910,0,1,0,0,nan,nan,0.6165151566267012
4,AINR,none,911,0,1,0,0,nan,nan,0.6165151566267012
4,AINR,none,912,1,0,0,0,nan,nan,0.6165151566267012
4,AINR,none,913,1,0,0,0,nan,nan,0.6165151566267012
4,AINR,none,914,0,1,0,0,nan,nan,0.6165151566267012
4,AINR,none,915,1,0,0,0,nan,nan,0.6165151566267012
4,AINR,none,916,1,0,0,0,nan,nan,0.6165151566267012
4,AINR,none,917,1,0,0,0,nan,nan,0.6165151566267012
4,AINR,none,918,0,1,0,0,nan,nan,0.6165151566267012
4,AINR,none,919,0,1,0,0,nan,nan,0.6165151566267012
4,AINR,none,920,0,1,0,0,nan,nan,0.6165151566267012
4,AINR,none,921,1,0,0,0,nan,nan,0.6165151566267012
4,AINR,none,922,0,1,0,0,nan,nan,0.6165151566267012
4,AINR,none,923,0,1,0,0,nan,nan,0.6165151566267012
4,AINR,none,924,0,1,0,0,nan,nan,0.6165151566267012
4,AINR,none,925,0,1,0,0,nan,nan,0.6165151566267012
4,AINR,none,926,1,0,0,0,nan,nan,0.6165151566267012
4,AINR,none,927,1,0,0,0,nan,nan,0.6165151566267012
4,AINR,none,928,0,1,0,0,nan,nan,0.6165151566267012
4,AINR,none,929,0,1,0,0,nan,nan,0.6165151566267012
4,AINR,none,930,1,0,0,0,nan,nan,0.6165151566267012
4,AINR,none,931,0,1,0,0,nan,nan,0.6165151566267012
4,AINR,none,932,0,1,0,0,nan,nan,0.6165151566267012
4,AINR,none,933,1,0,0,0,nan,nan,0.6165151566267012
4,AINR,none,934,1,0,0,0,nan,nan,0.6165151566267012
4,AINR,none,935,0,1,0,0,nan,nan,0.6165151566267012
4,AINR,none,936,1,0,0,0,nan,nan,0.6165151566267012
4,AINR,none,937,0,1,0,0,nan,nan,0.6165151566267012
4,AINR,none,938,0,1,0,0,nan,nan,0.6165151566267012
4,AINR,none,939,0,1,0,0,nan,nan,0.6165151566267012
4,AINR,none,940,1,0,0,0,nan,nan,0.6165151566267012
4,AINR,none,941,0,1,0,0,nan,nan,0.6165151566267012
4,AINR,none,942,0,1,0,0,nan,nan,0.6165151566267012
4,AINR,none,943,0,1,0,0,nan,nan,0.6165151566267012
4,AINR,none,944,0,1,0,0,nan,nan,0.6165151566267012
4,AINR,none,945,1,0,0,0,nan,nan,0.6165151566267012
4,AINR,none,946,0,1,0,0,nan,nan,0.6165151566267012
4,AINR,none,947,0,1,0,0,nan,nan,0.6165151566267012
4,AINR,none,948,0,1,0,0,nan,nan,0.6165151566267012
4,AINR,none,949,0,1,0,0,nan,nan,0.6165151566267012
4,AINR,none,950,0,1,0,0,nan,nan,0.6165151566267012
4,AINR,none,951,1,0,0,0,nan,nan,0.6165151566267012
4,AINR,none,952,0,1,0,0,nan,nan,0.6165151566267012
4,AINR,none,953,0,1,0,0,nan,nan,0.6165151566267012
4,AINR,none,954,0,1,0,0,nan,nan,0.6165151566267012
4,AINR,none,955,0,1,0,0,nan,nan,0.6165151566267012
4,AINR,none,956,0,1,0,0,nan,nan,0.6165151566267012
4,AINR,none,957,0,1,0,0,nan,nan,0.6165151566267012
4,AINR,none,958,0,1,0,0,nan,nan,0.6165151566267012
4,AINR,none,959,1,0,0,0,nan,nan,0.6165151566267012
4,AINR,none,960,1,0,0,0,nan,nan,0.6165151566267012
4,AINR,none,961,0,1,0,0,nan,nan,0.6165151566267012
4,AINR,none,962,1,0,0,0,nan,nan,0.6165151566267012
4,AINR,none,963,0,1,0,0,nan,nan,0.6165151566267012
4,AINR,none,964,1,0,0,0,nan,nan,0.6165151566267012
4,AINR,none,965,0,1,0,0,nan,nan,0.6165151566267012
4,AINR,none,966,1,0,0,0,nan,nan,0.6165151566267012
4,AINR,none,967,1,0,0,0,nan,nan,0.6165151566267012
4,AINR,none,968,1,0,0,0,nan,nan,0.6165151566267012
4,AINR,none,969,0,1,0,0,nan,nan,0.6165151566267012
4,AINR,none,970,0,1,0,0,nan,nan,0.6165151566267012
4,AINR,none,971,0,1,0,0,nan,nan,0.6165151566267012
4,AINR,none,972,1,0,0,0,nan,nan,0.6165151566267012
4,AINR,none,973,0,1,0,0,nan,nan,0.6165151566267012
4,AINR,none,974,0,1,0,0,nan,nan,0.6165151566267012
4,AINR,none,975,0,1,0,0,nan,nan,0.6165151566267012
4,AINR,none,976,1,0,0,0,nan,nan,0.6165151566267012
4,AINR,none,977,0,1,0,0,nan,nan,0.6165151566267012
4,AINR,none,978,1,0,0,0,nan,nan,0.6165151566267012
4,AINR,none,979,1,0,0,0,nan,nan,0.6165151566267012
4,AINR,none,980,0,1,0,0,nan,nan,0.6165151566267012
4,AINR,none,981,1,0,0,0,nan,nan,0.6165151566267012
4,AINR,none,982,1,0,0,0,nan,nan,0.6165151566267012
4,AINR,none,983,0,1,0,0,nan,nan,0.6165151566267012
4,AINR,none,984,0,1,0,0,nan,nan,0.6165151566267012
4,AINR,none,985,0,1,0,0,nan,nan,0.6165151566267012
4,AINR,none,986,1,0,0,0,nan,nan,0.6165151566267012
4,AINR,none,987,1,0,0,0,nan,nan,0.6165151566267012
4,AINR,none,988,0,1,0,0,nan,nan,0.6165151566267012
4,AINR,none,989,1,0,0,0,nan,nan,0.6165151566267012
4,AINR,none,990,0,1,0,0,nan,nan,0.6165151566267012
4,AINR,none,991,0,1,0,0,nan,nan,0.6165151566267012
4,AINR,none,992,1,0,0,0,nan,nan,0.6165151566267012
4,AINR,none,993,1,0,0,0,nan,nan,0.6165151566267012
4,AINR,none,994,0,1,0,0,nan,nan,0.6165151566267012
4,AINR,none,995,0,1,0,0,nan,nan,0.6165151566267012
4,AINR,none,996,1,0,0,0,nan,nan,0.6165151566267012
4,AINR,none,997,1,0,0,0,nan,nan,0.6165151566267012
4,AINR,none,998,0,1,0,0,nan,nan,0.6165151566267012
4,AINR,none,999,0,1,0,0,nan,nan,0.6165151566267012
4,AINR,ungated,0,1,0,0,1,398.9893999996639,nan,0.6165151566267012
4,AINR,ungated,1,1,0,0,1,64.41180000001623,nan,0.6165151566267012
4,AINR,ungated,2,0,1,0,1,65.9722000000329,nan,0.6165151566267012
4,AINR,ungated,3,1,0,0,1,54.43379999996978,nan,0.6165151566267012
4,AINR,ungated,4,0,1,0,1,66.95289999970555,nan,0.6165151566267012
4,AINR,ungated,5,1,0,0,1,57.07390000043233,nan,0.6165151566267012
4,AINR,ungated,6,1,0,0,1,83.92639999965468,nan,0.6165151566267012
4,AINR,ungated,7,0,1,0,1,57.189399999515445,nan,0.6165151566267012
4,AINR,ungated,8,1,0,0,1,71.21680000000197,nan,0.6165151566267012
4,AINR,ungated,9,0,1,0,1,57.866699999976845,nan,0.6165151566267012
4,AINR,ungated,10,1,0,0,1,52.61140000038722,nan,0.6165151566267012
4,AINR,ungated,11,1,0,0,1,51.08920000020589,nan,0.6165151566267012
4,AINR,ungated,12,1,0,0,1,60.67830000029062,nan,0.6165151566267012
4,AINR,ungated,13,1,0,0,1,69.47089999994205,nan,0.6165151566267012
4,AINR,ungated,14,1,0,0,1,55.47920000026352,nan,0.6165151566267012
4,AINR,ungated,15,1,0,0,1,60.35919999976613,nan,0.6165151566267012
4,AINR,ungated,16,1,0,0,1,68.28609999956825,nan,0.6165151566267012
4,AINR,ungated,17,1,0,0,1,54.08559999978024,nan,0.6165151566267012
4,AINR,ungated,18,1,0,0,1,56.45530000037979,nan,0.6165151566267012
4,AINR,ungated,19,1,0,0,1,52.97939999945811,nan,0.6165151566267012
4,AINR,ungated,20,1,0,0,1,62.03349999941565,nan,0.6165151566267012
4,AINR,ungated,21,1,0,0,1,66.79369999983464,nan,0.6165151566267012
4,AINR,ungated,22,1,0,0,1,54.91410000013275,nan,0.6165151566267012
4,AINR,ungated,23,1,0,0,1,50.14910000045347,nan,0.6165151566267012
4,AINR,ungated,24,1,0,0,1,58.46259999998438,nan,0.6165151566267012
4,AINR,ungated,25,1,0,0,1,69.80409999960102,nan,0.6165151566267012
4,AINR,ungated,26,1,0,0,1,54.415200000221375,nan,0.6165151566267012
4,AINR,ungated,27,1,0,0,1,54.196199999751116,nan,0.6165151566267012
4,AINR,ungated,28,1,0,0,1,70.31559999995807,nan,0.6165151566267012
4,AINR,ungated,29,1,0,0,1,55.407300000297255,nan,0.6165151566267012
4,AINR,ungated,30,1,0,0,1,51.12670000016806,nan,0.6165151566267012
4,AINR,ungated,31,1,0,0,1,59.80069999986881,nan,0.6165151566267012
4,AINR,ungated,32,1,0,0,1,65.06859999990411,nan,0.6165151566267012
4,AINR,ungated,33,1,0,0,1,55.22610000025452,nan,0.6165151566267012
4,AINR,ungated,34,1,0,0,1,58.30370000057883,nan,0.6165151566267012
4,AINR,ungated,35,1,0,0,1,66.68119999994815,nan,0.6165151566267012
4,AINR,ungated,36,1,0,0,1,50.75789999955305,nan,0.6165151566267012
4,AINR,ungated,37,1,0,0,1,63.694000000396045,nan,0.6165151566267012
4,AINR,ungated,38,1,0,0,1,296.775499999967,nan,0.6165151566267012
4,AINR,ungated,39,1,0,0,1,57.24520000057964,nan,0.6165151566267012
4,AINR,ungated,40,1,0,0,1,58.501800000158255,nan,0.6165151566267012
4,AINR,ungated,41,1,0,0,1,81.0498999999254,nan,0.6165151566267012
4,AINR,ungated,42,1,0,0,1,56.0817000005045,nan,0.6165151566267012
4,AINR,ungated,43,1,0,0,1,51.93849999977829,nan,0.6165151566267012
4,AINR,ungated,44,1,0,0,1,70.51700000010896,nan,0.6165151566267012
4,AINR,ungated,45,1,0,0,1,53.17859999922803,nan,0.6165151566267012
4,AINR,ungated,46,1,0,0,1,56.07360000067274,nan,0.6165151566267012
4,AINR,ungated,47,1,0,0,1,48.40849999982311,nan,0.6165151566267012
4,AINR,ungated,48,1,0,0,1,64.5239000004949,nan,0.6165151566267012
4,AINR,ungated,49,1,0,0,1,63.30029999935505,nan,0.6165151566267012
4,AINR,ungated,50,1,0,0,1,54.75399999977526,nan,0.6165151566267012
4,AINR,ungated,51,1,0,0,1,47.32490000060352,nan,0.6165151566267012
4,AINR,ungated,52,1,0,0,1,50.100199999178585,nan,0.6165151566267012
4,AINR,ungated,53,1,0,0,1,63.067299999602255,nan,0.6165151566267012
4,AINR,ungated,54,1,0,0,1,66.39929999982996,nan,0.6165151566267012
4,AINR,ungated,55,1,0,0,1,51.56960000022082,nan,0.6165151566267012
4,AINR,ungated,56,1,0,0,1,50.35740000039368,nan,0.6165151566267012
4,AINR,ungated,57,1,0,0,1,65.68870000046445,nan,0.6165151566267012
4,AINR,ungated,58,1,0,0,1,59.11319999995612,nan,0.6165151566267012
4,AINR,ungated,59,1,0,0,1,55.05569999968429,nan,0.6165151566267012
4,AINR,ungated,60,1,0,0,1,50.01630000060686,nan,0.6165151566267012
4,AINR,ungated,61,1,0,0,1,72.12859999981447,nan,0.6165151566267012
4,AINR,ungated,62,1,0,0,1,60.02059999991616,nan,0.6165151566267012
4,AINR,ungated,63,1,0,0,1,60.28150000020105,nan,0.6165151566267012
4,AINR,ungated,64,1,0,0,1,68.98950000049808,nan,0.6165151566267012
4,AINR,ungated,65,1,0,0,1,54.88380000042525,nan,0.6165151566267012
4,AINR,ungated,66,1,0,0,1,55.036099999597354,nan,0.6165151566267012
4,AINR,ungated,67,1,0,0,1,62.53099999958067,nan,0.6165151566267012
4,AINR,ungated,68,1,0,0,1,69.54829999995127,nan,0.6165151566267012
4,AINR,ungated,69,1,0,0,1,54.84879999949044,nan,0.6165151566267012
4,AINR,ungated,70,1,0,0,1,56.878400000641705,nan,0.6165151566267012
4,AINR,ungated,71,1,0,0,1,50.57870000018738,nan,0.6165151566267012
4,AINR,ungated,72,1,0,0,1,52.41680000017368,nan,0.6165151566267012
4,AINR,ungated,73,1,0,0,1,49.4023000001107,nan,0.6165151566267012
4,AINR,ungated,74,1,0,0,1,61.515200000030745,nan,0.6165151566267012
4,AINR,ungated,75,1,0,0,1,70.62489999952959,nan,0.6165151566267012
4,AINR,ungated,76,1,0,0,1,56.50509999941278,nan,0.6165151566267012
4,AINR,ungated,77,1,0,0,1,49.12160000003496,nan,0.6165151566267012
4,AINR,ungated,78,1,0,0,1,70.14619999972638,nan,0.6165151566267012
4,AINR,ungated,79,1,0,0,1,58.3572000005006,nan,0.6165151566267012
4,AINR,ungated,80,1,0,0,1,50.64920000040729,nan,0.6165151566267012
4,AINR,ungated,81,1,0,0,1,66.93040000027395,nan,0.6165151566267012
4,AINR,ungated,82,1,0,0,1,67.16870000036579,nan,0.6165151566267012
4,AINR,ungated,83,1,0,0,1,58.39730000025156,nan,0.6165151566267012
4,AINR,ungated,84,1,0,0,1,55.72229999961564,nan,0.6165151566267012
4,AINR,ungated,85,1,0,0,1,57.72710000019288,nan,0.6165151566267012
4,AINR,ungated,86,1,0,0,1,72.00080000075104,nan,0.6165151566267012
4,AINR,ungated,87,1,0,0,1,58.43159999949421,nan,0.6165151566267012
4,AINR,ungated,88,1,0,0,1,46.77179999998771,nan,0.6165151566267012
4,AINR,ungated,89,1,0,0,1,57.55870000029972,nan,0.6165151566267012
4,AINR,ungated,90,1,0,0,1,69.37659999948664,nan,0.6165151566267012
4,AINR,ungated,91,1,0,0,1,61.834400000407186,nan,0.6165151566267012
4,AINR,ungated,92,1,0,0,1,57.529300000169314,nan,0.6165151566267012
4,AINR,ungated,93,1,0,0,1,54.39499999920372,nan,0.6165151566267012
4,AINR,ungated,94,1,0,0,1,68.51189999997587,nan,0.6165151566267012
4,AINR,ungated,95,1,0,0,1,66.16669999948499,nan,0.6165151566267012
4,AINR,ungated,96,1,0,0,1,55.783500000870845,nan,0.6165151566267012
4,AINR,ungated,97,1,0,0,1,49.59089999920252,nan,0.6165151566267012
4,AINR,ungated,98,1,0,0,1,56.780300000355055,nan,0.6165151566267012
4,AINR,ungated,99,1,0,0,1,70.79520000024786,nan,0.6165151566267012
4,AINR,ungated,100,1,0,0,1,58.266800000637886,nan,0.6165151566267012
4,AINR,ungated,101,1,0,0,1,52.76599999979226,nan,0.6165151566267012
4,AINR,ungated,102,1,0,0,1,55.700099999739905,nan,0.6165151566267012
4,AINR,ungated,103,1,0,0,1,69.53220000013971,nan,0.6165151566267012
4,AINR,ungated,104,1,0,0,1,59.875999999349006,nan,0.6165151566267012
4,AINR,ungated,105,1,0,0,1,53.92260000007809,nan,0.6165151566267012
4,AINR,ungated,106,1,0,0,1,50.68630000005214,nan,0.6165151566267012
4,AINR,ungated,107,1,0,0,1,65.81699999969715,nan,0.6165151566267012
4,AINR,ungated,108,1,0,0,1,65.73919999937061,nan,0.6165151566267012
4,AINR,ungated,109,1,0,0,1,56.02379999982077,nan,0.6165151566267012
4,AINR,ungated,110,1,0,0,1,50.88459999933548,nan,0.6165151566267012
4,AINR,ungated,111,1,0,0,1,63.54110000029323,nan,0.6165151566267012
4,AINR,ungated,112,1,0,0,1,62.241999999969266,nan,0.6165151566267012
4,AINR,ungated,113,1,0,0,1,48.68530000021565,nan,0.6165151566267012
4,AINR,ungated,114,1,0,0,1,53.72279999937746,nan,0.6165151566267012
4,AINR,ungated,115,1,0,0,1,49.93389999981446,nan,0.6165151566267012
4,AINR,ungated,116,1,0,0,1,64.08280000050581,nan,0.6165151566267012
4,AINR,ungated,117,1,0,0,1,62.13039999965986,nan,0.6165151566267012
4,AINR,ungated,118,1,0,0,1,56.27649999951245,nan,0.6165151566267012
4,AINR,ungated,119,1,0,0,1,48.80429999957414,nan,0.6165151566267012
4,AINR,ungated,120,1,0,0,1,59.01869999979681,nan,0.6165151566267012
4,AINR,ungated,121,1,0,0,1,70.31179999921733,nan,0.6165151566267012
4,AINR,ungated,122,1,0,0,1,55.96700000023702,nan,0.6165151566267012
4,AINR,ungated,123,1,0,0,1,67.58959999933722,nan,0.6165151566267012
4,AINR,ungated,124,1,0,0,1,63.99280000005092,nan,0.6165151566267012
4,AINR,ungated,125,1,0,0,1,59.29480000031617,nan,0.6165151566267012
4,AINR,ungated,126,1,0,0,1,55.848700000751705,nan,0.6165151566267012
4,AINR,ungated,127,1,0,0,1,57.363299999451556,nan,0.6165151566267012
4,AINR,ungated,128,1,0,0,1,69.11469999977271,nan,0.6165151566267012
4,AINR,ungated,129,1,0,0,1,55.92949999936536,nan,0.6165151566267012
4,AINR,ungated,130,1,0,0,1,52.063299999645096,nan,0.6165151566267012
4,AINR,ungated,131,1,0,0,1,64.62340000052791,nan,0.6165151566267012
4,AINR,ungated,132,1,0,0,1,70.45629999993253,nan,0.6165151566267012
4,AINR,ungated,133,1,0,0,1,57.56110000038461,nan,0.6165151566267012
4,AINR,ungated,134,1,0,0,1,50.76639999970212,nan,0.6165151566267012
4,AINR,ungated,135,1,0,0,1,61.156900000241876,nan,0.6165151566267012
4,AINR,ungated,136,1,0,0,1,65.68169999991369,nan,0.6165151566267012
4,AINR,ungated,137,1,0,0,1,56.55690000003233,nan,0.6165151566267012
4,AINR,ungated,138,1,0,0,1,49.75540000032197,nan,0.6165151566267012
4,AINR,ungated,139,1,0,0,1,63.02419999974518,nan,0.6165151566267012
4,AINR,ungated,140,1,0,0,1,60.3436999999758,nan,0.6165151566267012
4,AINR,ungated,141,1,0,0,1,57.11859999973967,nan,0.6165151566267012
4,AINR,ungated,142,1,0,0,1,52.939200000764686,nan,0.6165151566267012
4,AINR,ungated,143,1,0,0,1,64.96790000073815,nan,0.6165151566267012
4,AINR,ungated,144,1,0,0,1,57.540200000403274,nan,0.6165151566267012
4,AINR,ungated,145,1,0,0,1,51.4378999996552,nan,0.6165151566267012
4,AINR,ungated,146,1,0,0,1,64.33370000013383,nan,0.6165151566267012
4,AINR,ungated,147,1,0,0,1,68.38710000010906,nan,0.6165151566267012
4,AINR,ungated,148,1,0,0,1,51.76520000077289,nan,0.6165151566267012
4,AINR,ungated,149,1,0,0,1,51.61189999944327,nan,0.6165151566267012
4,AINR,ungated,150,1,0,0,1,77.09640000030049,nan,0.6165151566267012
4,AINR,ungated,151,1,0,0,1,56.86929999956192,nan,0.6165151566267012
4,AINR,ungated,152,1,0,0,1,53.54139999963081,nan,0.6165151566267012
4,AINR,ungated,153,1,0,0,1,61.18590000005497,nan,0.6165151566267012
4,AINR,ungated,154,1,0,0,1,68.36550000025454,nan,0.6165151566267012
4,AINR,ungated,155,1,0,0,1,59.430999999676715,nan,0.6165151566267012
4,AINR,ungated,156,1,0,0,1,51.63009999978385,nan,0.6165151566267012
4,AINR,ungated,157,1,0,0,1,61.23500000012427,nan,0.6165151566267012
4,AINR,ungated,158,1,0,0,1,68.48080000054324,nan,0.6165151566267012
4,AINR,ungated,159,1,0,0,1,56.4475000001039,nan,0.6165151566267012
4,AINR,ungated,160,1,0,0,1,52.27740000009362,nan,0.6165151566267012
4,AINR,ungated,161,1,0,0,1,50.38749999948777,nan,0.6165151566267012
4,AINR,ungated,162,1,0,0,1,58.97430000004533,nan,0.6165151566267012
4,AINR,ungated,163,1,0,0,1,69.45040000027802,nan,0.6165151566267012
4,AINR,ungated,164,1,0,0,1,52.68579999938083,nan,0.6165151566267012
4,AINR,ungated,165,1,0,0,1,61.51349999981903,nan,0.6165151566267012
4,AINR,ungated,166,1,0,0,1,55.98259999987931,nan,0.6165151566267012
4,AINR,ungated,167,1,0,0,1,50.442800000382704,nan,0.6165151566267012
4,AINR,ungated,168,1,0,0,1,67.30009999955655,nan,0.6165151566267012
4,AINR,ungated,169,1,0,0,1,62.60810000003403,nan,0.6165151566267012
4,AINR,ungated,170,1,0,0,1,55.89060000056634,nan,0.6165151566267012
4,AINR,ungated,171,1,0,0,1,58.551600000100734,nan,0.6165151566267012
4,AINR,ungated,172,1,0,0,1,70.76930000039283,nan,0.6165151566267012
4,AINR,ungated,173,1,0,0,1,57.29640000026848,nan,0.6165151566267012
4,AINR,ungated,174,1,0,0,1,51.834599999892816,nan,0.6165151566267012
4,AINR,ungated,175,1,0,0,1,50.00659999950585,nan,0.6165151566267012
4,AINR,ungated,176,1,0,0,1,60.77770000047167,nan,0.6165151566267012
4,AINR,ungated,177,1,0,0,1,71.02820000000065,nan,0.6165151566267012
4,AINR,ungated,178,1,0,0,1,58.47190000076807,nan,0.6165151566267012
4,AINR,ungated,179,1,0,0,1,62.261400000352296,nan,0.6165151566267012
4,AINR,ungated,180,1,0,0,1,69.74239999999554,nan,0.6165151566267012
4,AINR,ungated,181,1,0,0,1,55.275699999583594,nan,0.6165151566267012
4,AINR,ungated,182,1,0,0,1,78.95889999963401,nan,0.6165151566267012
4,AINR,ungated,183,1,0,0,1,54.03039999964676,nan,0.6165151566267012
4,AINR,ungated,184,1,0,0,1,51.78230000001349,nan,0.6165151566267012
4,AINR,ungated,185,1,0,0,1,58.95129999953497,nan,0.6165151566267012
4,AINR,ungated,186,1,0,0,1,71.79160000032425,nan,0.6165151566267012
4,AINR,ungated,187,1,0,0,1,57.83930000052351,nan,0.6165151566267012
4,AINR,ungated,188,1,0,0,1,54.750399999647925,nan,0.6165151566267012
4,AINR,ungated,189,1,0,0,1,54.16990000048827,nan,0.6165151566267012
4,AINR,ungated,190,1,0,0,1,49.33970000001864,nan,0.6165151566267012
4,AINR,ungated,191,1,0,0,1,71.89060000018799,nan,0.6165151566267012
4,AINR,ungated,192,1,0,0,1,148.27470000000176,nan,0.6165151566267012
4,AINR,ungated,193,1,0,0,1,58.62000000070111,nan,0.6165151566267012
4,AINR,ungated,194,1,0,0,1,57.77600000055827,nan,0.6165151566267012
4,AINR,ungated,195,1,0,0,1,73.44100000045728,nan,0.6165151566267012
4,AINR,ungated,196,1,0,0,1,69.81579999956011,nan,0.6165151566267012
4,AINR,ungated,197,1,0,0,1,56.207800000265706,nan,0.6165151566267012
4,AINR,ungated,198,1,0,0,1,50.93029999989085,nan,0.6165151566267012
4,AINR,ungated,199,1,0,0,1,64.63780000012775,nan,0.6165151566267012
4,AINR,ungated,200,1,0,0,1,64.43190000027244,nan,0.6165151566267012
4,AINR,ungated,201,1,0,0,1,56.72760000015842,nan,0.6165151566267012
4,AINR,ungated,202,1,0,0,1,53.060700000060024,nan,0.6165151566267012
4,AINR,ungated,203,1,0,0,1,44.138700000075914,nan,0.6165151566267012
4,AINR,ungated,204,1,0,0,1,57.60550000013609,nan,0.6165151566267012
4,AINR,ungated,205,1,0,0,1,66.90849999995407,nan,0.6165151566267012
4,AINR,ungated,206,1,0,0,1,58.05609999970329,nan,0.6165151566267012
4,AINR,ungated,207,1,0,0,1,55.72149999989051,nan,0.6165151566267012
4,AINR,ungated,208,1,0,0,1,65.03590000011172,nan,0.6165151566267012
4,AINR,ungated,209,1,0,0,1,70.24749999982305,nan,0.6165151566267012
4,AINR,ungated,210,1,0,0,1,55.686799999421055,nan,0.6165151566267012
4,AINR,ungated,211,1,0,0,1,54.22530000032566,nan,0.6165151566267012
4,AINR,ungated,212,1,0,0,1,62.31089999982942,nan,0.6165151566267012
4,AINR,ungated,213,1,0,0,1,67.67700000000332,nan,0.6165151566267012
4,AINR,ungated,214,1,0,0,1,53.46989999998186,nan,0.6165151566267012
4,AINR,ungated,215,1,0,0,1,67.94110000009823,nan,0.6165151566267012
4,AINR,ungated,216,1,0,0,1,59.41849999999249,nan,0.6165151566267012
4,AINR,ungated,217,1,0,0,1,56.54020000019955,nan,0.6165151566267012
4,AINR,ungated,218,1,0,0,1,50.28390000006766,nan,0.6165151566267012
4,AINR,ungated,219,1,0,0,1,65.09689999984403,nan,0.6165151566267012
4,AINR,ungated,220,1,0,0,1,68.1854000004023,nan,0.6165151566267012
4,AINR,ungated,221,1,0,0,1,56.40930000026856,nan,0.6165151566267012
4,AINR,ungated,222,1,0,0,1,50.94639999970241,nan,0.6165151566267012
4,AINR,ungated,223,1,0,0,1,51.999199999954726,nan,0.6165151566267012
4,AINR,ungated,224,1,0,0,1,69.93820000025153,nan,0.6165151566267012
4,AINR,ungated,225,1,0,0,1,53.11859999983426,nan,0.6165151566267012
4,AINR,ungated,226,1,0,0,1,50.571900000250025,nan,0.6165151566267012
4,AINR,ungated,227,1,0,0,1,59.36380000002828,nan,0.6165151566267012
4,AINR,ungated,228,1,0,0,1,66.78280000051018,nan,0.6165151566267012
4,AINR,ungated,229,1,0,0,1,53.953000000547036,nan,0.6165151566267012
4,AINR,ungated,230,1,0,0,1,50.156799999967916,nan,0.6165151566267012
4,AINR,ungated,231,1,0,0,1,61.5592000003744,nan,0.6165151566267012
4,AINR,ungated,232,1,0,0,1,66.92919999932201,nan,0.6165151566267012
4,AINR,ungated,233,1,0,0,1,57.103299999653245,nan,0.6165151566267012
4,AINR,ungated,234,1,0,0,1,57.49680000008084,nan,0.6165151566267012
4,AINR,ungated,235,1,0,0,1,58.81099999987782,nan,0.6165151566267012
4,AINR,ungated,236,1,0,0,1,61.81830000059563,nan,0.6165151566267012
4,AINR,ungated,237,1,0,0,1,53.19650000001275,nan,0.6165151566267012
4,AINR,ungated,238,1,0,0,1,51.038900000094145,nan,0.6165151566267012
4,AINR,ungated,239,1,0,0,1,60.6844000003548,nan,0.6165151566267012
4,AINR,ungated,240,1,0,0,1,69.08359999943059,nan,0.6165151566267012
4,AINR,ungated,241,1,0,0,1,55.12650000036956,nan,0.6165151566267012
4,AINR,ungated,242,1,0,0,1,51.644900000610505,nan,0.6165151566267012
4,AINR,ungated,243,1,0,0,1,46.839700000418816,nan,0.6165151566267012
4,AINR,ungated,244,1,0,0,1,48.8415999998324,nan,0.6165151566267012
4,AINR,ungated,245,1,0,0,1,65.69099999978789,nan,0.6165151566267012
4,AINR,ungated,246,1,0,0,1,70.23449999996956,nan,0.6165151566267012
4,AINR,ungated,247,1,0,0,1,53.07449999963865,nan,0.6165151566267012
4,AINR,ungated,248,1,0,0,1,55.697699999655015,nan,0.6165151566267012
4,AINR,ungated,249,1,0,0,1,68.54589999966265,nan,0.6165151566267012
4,AINR,ungated,250,1,0,0,1,55.65050000041083,nan,0.6165151566267012
4,AINR,ungated,251,1,0,0,1,53.79910000010568,nan,0.6165151566267012
4,AINR,ungated,252,1,0,0,1,44.37650000090798,nan,0.6165151566267012
4,AINR,ungated,253,1,0,0,1,52.65049999979965,nan,0.6165151566267012
4,AINR,ungated,254,1,0,0,1,50.970199999937904,nan,0.6165151566267012
4,AINR,ungated,255,1,0,0,1,53.63669999951526,nan,0.6165151566267012
4,AINR,ungated,256,1,0,0,1,68.98240000009537,nan,0.6165151566267012
4,AINR,ungated,257,1,0,0,1,55.84080000062386,nan,0.6165151566267012
4,AINR,ungated,258,1,0,0,1,50.58959999951185,nan,0.6165151566267012
4,AINR,ungated,259,1,0,0,1,52.6612000003297,nan,0.6165151566267012
4,AINR,ungated,260,1,0,0,1,68.37400000040361,nan,0.6165151566267012
4,AINR,ungated,261,1,0,0,1,58.667599999353115,nan,0.6165151566267012
4,AINR,ungated,262,1,0,0,1,52.60889999954088,nan,0.6165151566267012
4,AINR,ungated,263,1,0,0,1,49.35540000042238,nan,0.6165151566267012
4,AINR,ungated,264,1,0,0,1,55.255100000067614,nan,0.6165151566267012
4,AINR,ungated,265,1,0,0,1,76.5480000000025,nan,0.6165151566267012
4,AINR,ungated,266,1,0,0,1,53.84239999966667,nan,0.6165151566267012
4,AINR,ungated,267,1,0,0,1,59.58769999961078,nan,0.6165151566267012
4,AINR,ungated,268,1,0,0,1,88.46399999947607,nan,0.6165151566267012
4,AINR,ungated,269,1,0,0,1,100.52859999996144,nan,0.6165151566267012
4,AINR,ungated,270,1,0,0,1,63.40449999970588,nan,0.6165151566267012
4,AINR,ungated,271,1,0,0,1,51.59379999986413,nan,0.6165151566267012
4,AINR,ungated,272,1,0,0,1,52.54799999966053,nan,0.6165151566267012
4,AINR,ungated,273,1,0,0,1,69.11850000051345,nan,0.6165151566267012
4,AINR,ungated,274,1,0,0,1,56.66399999972782,nan,0.6165151566267012
4,AINR,ungated,275,1,0,0,1,51.69300000034127,nan,0.6165151566267012
4,AINR,ungated,276,1,0,0,1,59.08220000037545,nan,0.6165151566267012
4,AINR,ungated,277,1,0,0,1,70.28340000033495,nan,0.6165151566267012
4,AINR,ungated,278,1,0,0,1,58.198300000185554,nan,0.6165151566267012
4,AINR,ungated,279,1,0,0,1,52.37489999944955,nan,0.6165151566267012
4,AINR,ungated,280,1,0,0,1,58.73299999984738,nan,0.6165151566267012
4,AINR,ungated,281,1,0,0,1,60.942899999645306,nan,0.6165151566267012
4,AINR,ungated,282,1,0,0,1,57.32299999999668,nan,0.6165151566267012
4,AINR,ungated,283,1,0,0,1,50.94349999944825,nan,0.6165151566267012
4,AINR,ungated,284,1,0,0,1,71.32459999957064,nan,0.6165151566267012
4,AINR,ungated,285,1,0,0,1,64.38799999978073,nan,0.6165151566267012
4,AINR,ungated,286,1,0,0,1,50.3696999994645,nan,0.6165151566267012
4,AINR,ungated,287,1,0,0,1,47.876999999971304,nan,0.6165151566267012
4,AINR,ungated,288,1,0,0,1,50.776500000210945,nan,0.6165151566267012
4,AINR,ungated,289,1,0,0,1,68.50039999972068,nan,0.6165151566267012
4,AINR,ungated,290,1,0,0,1,61.276899999938905,nan,0.6165151566267012
4,AINR,ungated,291,1,0,0,1,62.516599999980826,nan,0.6165151566267012
4,AINR,ungated,292,1,0,0,1,57.99419999948441,nan,0.6165151566267012
4,AINR,ungated,293,1,0,0,1,55.954100000235485,nan,0.6165151566267012
4,AINR,ungated,294,1,0,0,1,53.021600000647595,nan,0.6165151566267012
4,AINR,ungated,295,1,0,0,1,49.84310000054393,nan,0.6165151566267012
4,AINR,ungated,296,1,0,0,1,56.76769999990938,nan,0.6165151566267012
4,AINR,ungated,297,1,0,0,1,67.27190000037808,nan,0.6165151566267012
4,AINR,ungated,298,1,0,0,1,55.292199999712466,nan,0.6165151566267012
4,AINR,ungated,299,1,0,0,1,60.883600000124716,nan,0.6165151566267012
4,AINR,ungated,300,1,0,0,1,61.644499999601976,nan,0.6165151566267012
4,AINR,ungated,301,1,0,0,1,51.90390000007028,nan,0.6165151566267012
4,AINR,ungated,302,1,0,0,1,58.1265999999232,nan,0.6165151566267012
4,AINR,ungated,303,1,0,0,1,69.71510000039416,nan,0.6165151566267012
4,AINR,ungated,304,1,0,0,1,57.40479999985837,nan,0.6165151566267012
4,AINR,ungated,305,1,0,0,1,52.03410000012809,nan,0.6165151566267012
4,AINR,ungated,306,1,0,0,1,56.41490000016347,nan,0.6165151566267012
4,AINR,ungated,307,1,0,0,1,64.1261000000668,nan,0.6165151566267012
4,AINR,ungated,308,1,0,0,1,52.99970000032772,nan,0.6165151566267012
4,AINR,ungated,309,1,0,0,1,48.43350000010105,nan,0.6165151566267012
4,AINR,ungated,310,1,0,0,1,62.84299999970244,nan,0.6165151566267012
4,AINR,ungated,311,1,0,0,1,58.95980000059353,nan,0.6165151566267012
4,AINR,ungated,312,1,0,0,1,55.10400000002846,nan,0.6165151566267012
4,AINR,ungated,313,1,0,0,1,50.962900000740774,nan,0.6165151566267012
4,AINR,ungated,314,1,0,0,1,70.18299999981537,nan,0.6165151566267012
4,AINR,ungated,315,1,0,0,1,56.04689999927359,nan,0.6165151566267012
4,AINR,ungated,316,1,0,0,1,53.83960000017396,nan,0.6165151566267012
4,AINR,ungated,317,1,0,0,1,45.856300000195915,nan,0.6165151566267012
4,AINR,ungated,318,1,0,0,1,70.04149999920628,nan,0.6165151566267012
4,AINR,ungated,319,1,0,0,1,58.58209999951214,nan,0.6165151566267012
4,AINR,ungated,320,1,0,0,1,52.212300000064715,nan,0.6165151566267012
4,AINR,ungated,321,1,0,0,1,52.05489999934798,nan,0.6165151566267012
4,AINR,ungated,322,1,0,0,1,57.98849999973754,nan,0.6165151566267012
4,AINR,ungated,323,1,0,0,1,70.22169999981998,nan,0.6165151566267012
4,AINR,ungated,324,1,0,0,1,57.53229999936593,nan,0.6165151566267012
4,AINR,ungated,325,1,0,0,1,58.90399999952933,nan,0.6165151566267012
4,AINR,ungated,326,1,0,0,1,67.63260000025184,nan,0.6165151566267012
4,AINR,ungated,327,1,0,0,1,56.413700000121025,nan,0.6165151566267012
4,AINR,ungated,328,1,0,0,1,49.4539999999688,nan,0.6165151566267012
4,AINR,ungated,329,1,0,0,1,49.243700000261015,nan,0.6165151566267012
4,AINR,ungated,330,1,0,0,1,68.66350000018429,nan,0.6165151566267012
4,AINR,ungated,331,1,0,0,1,62.198499999794876,nan,0.6165151566267012
4,AINR,ungated,332,1,0,0,1,57.75439999979426,nan,0.6165151566267012
4,AINR,ungated,333,1,0,0,1,56.56429999999091,nan,0.6165151566267012
4,AINR,ungated,334,1,0,0,1,53.65379999966535,nan,0.6165151566267012
4,AINR,ungated,335,1,0,0,1,70.03239999994548,nan,0.6165151566267012
4,AINR,ungated,336,1,0,0,1,74.59740000012971,nan,0.6165151566267012
4,AINR,ungated,337,1,0,0,1,55.26850000023842,nan,0.6165151566267012
4,AINR,ungated,338,1,0,0,1,44.87969999991037,nan,0.6165151566267012
4,AINR,ungated,339,1,0,0,1,71.39690000076371,nan,0.6165151566267012
4,AINR,ungated,340,1,0,0,1,55.08139999983541,nan,0.6165151566267012
4,AINR,ungated,341,1,0,0,1,56.448500000442436,nan,0.6165151566267012
4,AINR,ungated,342,1,0,0,1,49.45510000015929,nan,0.6165151566267012
4,AINR,ungated,343,1,0,0,1,48.358099999859405,nan,0.6165151566267012
4,AINR,ungated,344,1,0,0,1,59.84790000002249,nan,0.6165151566267012
4,AINR,ungated,345,1,0,0,1,61.9074999995064,nan,0.6165151566267012
4,AINR,ungated,346,1,0,0,1,55.266600000322796,nan,0.6165151566267012
4,AINR,ungated,347,1,0,0,1,49.46529999961058,nan,0.6165151566267012
4,AINR,ungated,348,1,0,0,1,48.721000000114145,nan,0.6165151566267012
4,AINR,ungated,349,1,0,0,1,60.54370000038034,nan,0.6165151566267012
4,AINR,ungated,350,1,0,0,1,64.69280000055733,nan,0.6165151566267012
4,AINR,ungated,351,1,0,0,1,54.49339999995573,nan,0.6165151566267012
4,AINR,ungated,352,1,0,0,1,56.38569999973697,nan,0.6165151566267012
4,AINR,ungated,353,1,0,0,1,63.446099999964645,nan,0.6165151566267012
4,AINR,ungated,354,1,0,0,1,56.89239999992424,nan,0.6165151566267012
4,AINR,ungated,355,1,0,0,1,50.58439999993425,nan,0.6165151566267012
4,AINR,ungated,356,1,0,0,1,54.00929999996151,nan,0.6165151566267012
4,AINR,ungated,357,1,0,0,1,73.76260000000912,nan,0.6165151566267012
4,AINR,ungated,358,1,0,0,1,54.23719999998866,nan,0.6165151566267012
4,AINR,ungated,359,1,0,0,1,53.371400000287395,nan,0.6165151566267012
4,AINR,ungated,360,1,0,0,1,48.14930000065942,nan,0.6165151566267012
4,AINR,ungated,361,1,0,0,1,65.1281000000381,nan,0.6165151566267012
4,AINR,ungated,362,1,0,0,1,61.109700000088196,nan,0.6165151566267012
4,AINR,ungated,363,1,0,0,1,54.337999999916065,nan,0.6165151566267012
4,AINR,ungated,364,1,0,0,1,51.839500000824046,nan,0.6165151566267012
4,AINR,ungated,365,1,0,0,1,65.5014999993,nan,0.6165151566267012
4,AINR,ungated,366,1,0,0,1,70.22349999988364,nan,0.6165151566267012
4,AINR,ungated,367,1,0,0,1,57.89360000017041,nan,0.6165151566267012
4,AINR,ungated,368,1,0,0,1,52.40869999943243,nan,0.6165151566267012
4,AINR,ungated,369,1,0,0,1,63.03920000027574,nan,0.6165151566267012
4,AINR,ungated,370,1,0,0,1,70.49610000012763,nan,0.6165151566267012
4,AINR,ungated,371,1,0,0,1,57.03240000002552,nan,0.6165151566267012
4,AINR,ungated,372,1,0,0,1,56.93299999984447,nan,0.6165151566267012
4,AINR,ungated,373,1,0,0,1,71.50290000026871,nan,0.6165151566267012
4,AINR,ungated,374,1,0,0,1,54.15559999983088,nan,0.6165151566267012
4,AINR,ungated,375,1,0,0,1,51.394400000390306,nan,0.6165151566267012
4,AINR,ungated,376,1,0,0,1,50.76710000048479,nan,0.6165151566267012
4,AINR,ungated,377,1,0,0,1,69.79119999959948,nan,0.6165151566267012
4,AINR,ungated,378,1,0,0,1,53.73629999940022,nan,0.6165151566267012
4,AINR,ungated,379,1,0,0,1,47.626100000343286,nan,0.6165151566267012
4,AINR,ungated,380,1,0,0,1,69.79919999957929,nan,0.6165151566267012
4,AINR,ungated,381,1,0,0,1,54.435600000033446,nan,0.6165151566267012
4,AINR,ungated,382,1,0,0,1,66.09260000004724,nan,0.6165151566267012
4,AINR,ungated,383,1,0,0,1,61.77340000067488,nan,0.6165151566267012
4,AINR,ungated,384,1,0,0,1,55.924100000083854,nan,0.6165151566267012
4,AINR,ungated,385,1,0,0,1,61.092099999768834,nan,0.6165151566267012
4,AINR,ungated,386,1,0,0,1,74.95109999945271,nan,0.6165151566267012
4,AINR,ungated,387,1,0,0,1,63.90940000073897,nan,0.6165151566267012
4,AINR,ungated,388,1,0,0,1,61.51000000045315,nan,0.6165151566267012
4,AINR,ungated,389,1,0,0,1,58.40910000006261,nan,0.6165151566267012
4,AINR,ungated,390,1,0,0,1,67.62919999982842,nan,0.6165151566267012
4,AINR,ungated,391,1,0,0,1,67.44809999963763,nan,0.6165151566267012
4,AINR,ungated,392,1,0,0,1,57.95800000032614,nan,0.6165151566267012
4,AINR,ungated,393,1,0,0,1,56.53000000074826,nan,0.6165151566267012
4,AINR,ungated,394,1,0,0,1,53.65519999941171,nan,0.6165151566267012
4,AINR,ungated,395,1,0,0,1,49.54920000000129,nan,0.6165151566267012
4,AINR,ungated,396,1,0,0,1,64.35450000026322,nan,0.6165151566267012
4,AINR,ungated,397,1,0,0,1,68.27520000024379,nan,0.6165151566267012
4,AINR,ungated,398,1,0,0,1,56.48919999930513,nan,0.6165151566267012
4,AINR,ungated,399,1,0,0,1,50.03799999940384,nan,0.6165151566267012
4,AINR,ungated,400,1,0,0,1,69.16120000005321,nan,0.6165151566267012
4,AINR,ungated,401,1,0,0,1,68.10390000009647,nan,0.6165151566267012
4,AINR,ungated,402,1,0,0,1,57.176999999683176,nan,0.6165151566267012
4,AINR,ungated,403,1,0,0,1,51.679999999578285,nan,0.6165151566267012
4,AINR,ungated,404,1,0,0,1,43.236000000433705,nan,0.6165151566267012
4,AINR,ungated,405,1,0,0,1,54.1241999999329,nan,0.6165151566267012
4,AINR,ungated,406,1,0,0,1,63.89870000020892,nan,0.6165151566267012
4,AINR,ungated,407,1,0,0,1,68.73280000036175,nan,0.6165151566267012
4,AINR,ungated,408,1,0,0,1,57.300800000120944,nan,0.6165151566267012
4,AINR,ungated,409,1,0,0,1,53.585300000122515,nan,0.6165151566267012
4,AINR,ungated,410,1,0,0,1,69.211400000313,nan,0.6165151566267012
4,AINR,ungated,411,1,0,0,1,55.60550000063813,nan,0.6165151566267012
4,AINR,ungated,412,1,0,0,1,55.6272000003446,nan,0.6165151566267012
4,AINR,ungated,413,1,0,0,1,52.64459999943938,nan,0.6165151566267012
4,AINR,ungated,414,1,0,0,1,60.464199999842094,nan,0.6165151566267012
4,AINR,ungated,415,1,0,0,1,65.85050000012416,nan,0.6165151566267012
4,AINR,ungated,416,1,0,0,1,54.11610000010114,nan,0.6165151566267012
4,AINR,ungated,417,1,0,0,1,54.44699999952718,nan,0.6165151566267012
4,AINR,ungated,418,1,0,0,1,52.195299999766576,nan,0.6165151566267012
4,AINR,ungated,419,1,0,0,1,62.72449999960372,nan,0.6165151566267012
4,AINR,ungated,420,1,0,0,1,70.69869999941147,nan,0.6165151566267012
4,AINR,ungated,421,1,0,0,1,60.169800000039686,nan,0.6165151566267012
4,AINR,ungated,422,1,0,0,1,50.725400000374066,nan,0.6165151566267012
4,AINR,ungated,423,1,0,0,1,50.70479999994859,nan,0.6165151566267012
4,AINR,ungated,424,1,0,0,1,46.46099999990838,nan,0.6165151566267012
4,AINR,ungated,425,1,0,0,1,63.37620000067545,nan,0.6165151566267012
4,AINR,ungated,426,1,0,0,1,72.26390000050742,nan,0.6165151566267012
4,AINR,ungated,427,1,0,0,1,57.419199999458215,nan,0.6165151566267012
4,AINR,ungated,428,1,0,0,1,55.46790000062174,nan,0.6165151566267012
4,AINR,ungated,429,1,0,0,1,50.8125000005748,nan,0.6165151566267012
4,AINR,ungated,430,1,0,0,1,58.89059999935853,nan,0.6165151566267012
4,AINR,ungated,431,1,0,0,1,59.72620000011375,nan,0.6165151566267012
4,AINR,ungated,432,1,0,0,1,69.55250000009983,nan,0.6165151566267012
4,AINR,ungated,433,1,0,0,1,57.97640000037063,nan,0.6165151566267012
4,AINR,ungated,434,1,0,0,1,55.18039999969915,nan,0.6165151566267012
4,AINR,ungated,435,1,0,0,1,59.754899999461486,nan,0.6165151566267012
4,AINR,ungated,436,1,0,0,1,72.39740000022721,nan,0.6165151566267012
4,AINR,ungated,437,1,0,0,1,68.16710000020976,nan,0.6165151566267012
4,AINR,ungated,438,1,0,0,1,58.26770000021497,nan,0.6165151566267012
4,AINR,ungated,439,1,0,0,1,51.66239999925892,nan,0.6165151566267012
4,AINR,ungated,440,1,0,0,1,64.36179999946035,nan,0.6165151566267012
4,AINR,ungated,441,1,0,0,1,66.40760000027512,nan,0.6165151566267012
4,AINR,ungated,442,1,0,0,1,52.15829999997368,nan,0.6165151566267012
4,AINR,ungated,443,1,0,0,1,52.76289999983419,nan,0.6165151566267012
4,AINR,ungated,444,1,0,0,1,47.35469999923225,nan,0.6165151566267012
4,AINR,ungated,445,1,0,0,1,77.91469999938272,nan,0.6165151566267012
4,AINR,ungated,446,1,0,0,1,55.22469999959867,nan,0.6165151566267012
4,AINR,ungated,447,1,0,0,1,51.95039999944129,nan,0.6165151566267012
4,AINR,ungated,448,1,0,0,1,62.30810000033671,nan,0.6165151566267012
4,AINR,ungated,449,1,0,0,1,71.62410000000818,nan,0.6165151566267012
4,AINR,ungated,450,1,0,0,1,58.20700000003853,nan,0.6165151566267012
4,AINR,ungated,451,1,0,0,1,64.42120000065188,nan,0.6165151566267012
4,AINR,ungated,452,1,0,0,1,70.20879999981844,nan,0.6165151566267012
4,AINR,ungated,453,1,0,0,1,58.78039999970497,nan,0.6165151566267012
4,AINR,ungated,454,1,0,0,1,54.80219999935798,nan,0.6165151566267012
4,AINR,ungated,455,1,0,0,1,65.99009999990813,nan,0.6165151566267012
4,AINR,ungated,456,1,0,0,1,59.65920000016922,nan,0.6165151566267012
4,AINR,ungated,457,1,0,0,1,58.61619999996037,nan,0.6165151566267012
4,AINR,ungated,458,1,0,0,1,63.17829999989044,nan,0.6165151566267012
4,AINR,ungated,459,1,0,0,1,69.78500000059285,nan,0.6165151566267012
4,AINR,ungated,460,1,0,0,1,57.421200000135286,nan,0.6165151566267012
4,AINR,ungated,461,1,0,0,1,55.04629999995814,nan,0.6165151566267012
4,AINR,ungated,462,1,0,0,1,61.188599999695725,nan,0.6165151566267012
4,AINR,ungated,463,1,0,0,1,68.45780000003288,nan,0.6165151566267012
4,AINR,ungated,464,1,0,0,1,57.280299999547424,nan,0.6165151566267012
4,AINR,ungated,465,1,0,0,1,48.5367999999653,nan,0.6165151566267012
4,AINR,ungated,466,1,0,0,1,62.72449999960372,nan,0.6165151566267012
4,AINR,ungated,467,1,0,0,1,66.38259999999718,nan,0.6165151566267012
4,AINR,ungated,468,1,0,0,1,61.16000000019994,nan,0.6165151566267012
4,AINR,ungated,469,1,0,0,1,68.35599999976694,nan,0.6165151566267012
4,AINR,ungated,470,1,0,0,1,67.34739999956219,nan,0.6165151566267012
4,AINR,ungated,471,1,0,0,1,56.93929999961256,nan,0.6165151566267012
4,AINR,ungated,472,1,0,0,1,54.31690000023082,nan,0.6165151566267012
4,AINR,ungated,473,1,0,0,1,51.56320000060077,nan,0.6165151566267012
4,AINR,ungated,474,1,0,0,1,73.41799999994691,nan,0.6165151566267012
4,AINR,ungated,475,1,0,0,1,58.0893999995169,nan,0.6165151566267012
4,AINR,ungated,476,1,0,0,1,54.8914999999397,nan,0.6165151566267012
4,AINR,ungated,477,1,0,0,1,58.662899999944784,nan,0.6165151566267012
4,AINR,ungated,478,1,0,0,1,72.09960000000137,nan,0.6165151566267012
4,AINR,ungated,479,1,0,0,1,53.72249999982159,nan,0.6165151566267012
4,AINR,ungated,480,1,0,0,1,51.3306000002558,nan,0.6165151566267012
4,AINR,ungated,481,1,0,0,1,55.30540000017936,nan,0.6165151566267012
4,AINR,ungated,482,1,0,0,1,64.6495999999388,nan,0.6165151566267012
4,AINR,ungated,483,1,0,0,1,54.53639999996085,nan,0.6165151566267012
4,AINR,ungated,484,1,0,0,1,48.332899999877554,nan,0.6165151566267012
4,AINR,ungated,485,1,0,0,1,63.5733999997683,nan,0.6165151566267012
4,AINR,ungated,486,1,0,0,1,63.126699999884295,nan,0.6165151566267012
4,AINR,ungated,487,1,0,0,1,53.02109999956883,nan,0.6165151566267012
4,AINR,ungated,488,1,0,0,1,59.20239999977639,nan,0.6165151566267012
4,AINR,ungated,489,1,0,0,1,70.81190000008064,nan,0.6165151566267012
4,AINR,ungated,490,1,0,0,1,60.640800000328454,nan,0.6165151566267012
4,AINR,ungated,491,1,0,0,1,52.412099999855855,nan,0.6165151566267012
4,AINR,ungated,492,1,0,0,1,51.62370000016381,nan,0.6165151566267012
4,AINR,ungated,493,1,0,0,1,63.60869999934948,nan,0.6165151566267012
4,AINR,ungated,494,1,0,0,1,70.38190000002942,nan,0.6165151566267012
4,AINR,ungated,495,1,0,0,1,58.93279999963852,nan,0.6165151566267012
4,AINR,ungated,496,1,0,0,1,51.907199999732256,nan,0.6165151566267012
4,AINR,ungated,497,1,0,0,1,64.82359999972687,nan,0.6165151566267012
4,AINR,ungated,498,1,0,0,1,66.51249999958964,nan,0.6165151566267012
4,AINR,ungated,499,1,0,0,1,57.96450000070763,nan,0.6165151566267012
4,AINR,ungated,500,1,0,0,1,53.16750000019965,nan,0.6165151566267012
4,AINR,ungated,501,1,0,0,1,62.584300000708026,nan,0.6165151566267012
4,AINR,ungated,502,1,0,0,1,71.71280000056868,nan,0.6165151566267012
4,AINR,ungated,503,1,0,0,1,60.369700000592275,nan,0.6165151566267012
4,AINR,ungated,504,1,0,0,1,57.39999999968859,nan,0.6165151566267012
4,AINR,ungated,505,1,0,0,1,50.46900000070309,nan,0.6165151566267012
4,AINR,ungated,506,1,0,0,1,52.67589999948541,nan,0.6165151566267012
4,AINR,ungated,507,1,0,0,1,70.5190999997285,nan,0.6165151566267012
4,AINR,ungated,508,1,0,0,1,54.80809999971825,nan,0.6165151566267012
4,AINR,ungated,509,1,0,0,1,54.8625000001266,nan,0.6165151566267012
4,AINR,ungated,510,1,0,0,1,64.12129999989702,nan,0.6165151566267012
4,AINR,ungated,511,1,0,0,1,70.59169999956794,nan,0.6165151566267012
4,AINR,ungated,512,1,0,0,1,59.01669999911974,nan,0.6165151566267012
4,AINR,ungated,513,1,0,0,1,51.250700000309735,nan,0.6165151566267012
4,AINR,ungated,514,1,0,0,1,57.531700000254204,nan,0.6165151566267012
4,AINR,ungated,515,1,0,0,1,65.06129999979748,nan,0.6165151566267012
4,AINR,ungated,516,1,0,0,1,70.71689999975206,nan,0.6165151566267012
4,AINR,ungated,517,1,0,0,1,60.015399999429064,nan,0.6165151566267012
4,AINR,ungated,518,1,0,0,1,55.27700000038749,nan,0.6165151566267012
4,AINR,ungated,519,1,0,0,1,51.964700000098674,nan,0.6165151566267012
4,AINR,ungated,520,1,0,0,1,60.698999999658554,nan,0.6165151566267012
4,AINR,ungated,521,1,0,0,1,74.41729999936797,nan,0.6165151566267012
4,AINR,ungated,522,1,0,0,1,57.992600000034145,nan,0.6165151566267012
4,AINR,ungated,523,1,0,0,1,54.87470000025496,nan,0.6165151566267012
4,AINR,ungated,524,1,0,0,1,63.57610000031855,nan,0.6165151566267012
4,AINR,ungated,525,1,0,0,1,73.00579999991896,nan,0.6165151566267012
4,AINR,ungated,526,1,0,0,1,58.05830000008427,nan,0.6165151566267012
4,AINR,ungated,527,1,0,0,1,57.58809999952064,nan,0.6165151566267012
4,AINR,ungated,528,1,0,0,1,60.029999999642314,nan,0.6165151566267012
4,AINR,ungated,529,1,0,0,1,68.60330000017711,nan,0.6165151566267012
4,AINR,ungated,530,1,0,0,1,57.31999999989057,nan,0.6165151566267012
4,AINR,ungated,531,1,0,0,1,54.1376000001037,nan,0.6165151566267012
4,AINR,ungated,532,1,0,0,1,61.09070000002248,nan,0.6165151566267012
4,AINR,ungated,533,1,0,0,1,72.44280000031722,nan,0.6165151566267012
4,AINR,ungated,534,1,0,0,1,59.48199999966164,nan,0.6165151566267012
4,AINR,ungated,535,1,0,0,1,51.72839999977441,nan,0.6165151566267012
4,AINR,ungated,536,1,0,0,1,54.40900000030524,nan,0.6165151566267012
4,AINR,ungated,537,1,0,0,1,71.50699999965582,nan,0.6165151566267012
4,AINR,ungated,538,1,0,0,1,59.77840000014112,nan,0.6165151566267012
4,AINR,ungated,539,1,0,0,1,51.60680000062712,nan,0.6165151566267012
4,AINR,ungated,540,1,0,0,1,62.30009999944741,nan,0.6165151566267012
4,AINR,ungated,541,1,0,0,1,66.40070000048581,nan,0.6165151566267012
4,AINR,ungated,542,1,0,0,1,58.649700000387384,nan,0.6165151566267012
4,AINR,ungated,543,1,0,0,1,54.704400000446185,nan,0.6165151566267012
4,AINR,ungated,544,1,0,0,1,71.63399999990361,nan,0.6165151566267012
4,AINR,ungated,545,1,0,0,1,66.5450000005876,nan,0.6165151566267012
4,AINR,ungated,546,1,0,0,1,56.56429999999091,nan,0.6165151566267012
4,AINR,ungated,547,1,0,0,1,54.799000000457454,nan,0.6165151566267012
4,AINR,ungated,548,1,0,0,1,63.116899999840825,nan,0.6165151566267012
4,AINR,ungated,549,1,0,0,1,72.06670000050508,nan,0.6165151566267012
4,AINR,ungated,550,1,0,0,1,60.01170000035927,nan,0.6165151566267012
4,AINR,ungated,551,1,0,0,1,52.27050000030431,nan,0.6165151566267012
4,AINR,ungated,552,1,0,0,1,55.29850000039005,nan,0.6165151566267012
4,AINR,ungated,553,1,0,0,1,72.30879999951867,nan,0.6165151566267012
4,AINR,ungated,554,1,0,0,1,59.57170000056067,nan,0.6165151566267012
4,AINR,ungated,555,1,0,0,1,53.03660000026866,nan,0.6165151566267012
4,AINR,ungated,556,1,0,0,1,60.3224999995291,nan,0.6165151566267012
4,AINR,ungated,557,1,0,0,1,69.92050000008021,nan,0.6165151566267012
4,AINR,ungated,558,1,0,0,1,59.76100000043516,nan,0.6165151566267012
4,AINR,ungated,559,1,0,0,1,55.9690000000046,nan,0.6165151566267012
4,AINR,ungated,560,1,0,0,1,61.205799999697774,nan,0.6165151566267012
4,AINR,ungated,561,1,0,0,1,70.70250000015221,nan,0.6165151566267012
4,AINR,ungated,562,1,0,0,1,57.353999999577354,nan,0.6165151566267012
4,AINR,ungated,563,1,0,0,1,56.97109999982786,nan,0.6165151566267012
4,AINR,ungated,564,1,0,0,1,72.55010000062612,nan,0.6165151566267012
4,AINR,ungated,565,1,0,0,1,57.49130000003788,nan,0.6165151566267012
4,AINR,ungated,566,1,0,0,1,53.23399999997491,nan,0.6165151566267012
4,AINR,ungated,567,1,0,0,1,52.82289999922796,nan,0.6165151566267012
4,AINR,ungated,568,1,0,0,1,67.2738000002937,nan,0.6165151566267012
4,AINR,ungated,569,1,0,0,1,63.62340000032418,nan,0.6165151566267012
4,AINR,ungated,570,1,0,0,1,56.39760000030947,nan,0.6165151566267012
4,AINR,ungated,571,1,0,0,1,60.11339999986376,nan,0.6165151566267012
4,AINR,ungated,572,1,0,0,1,70.59000000026572,nan,0.6165151566267012
4,AINR,ungated,573,1,0,0,1,56.36159999994561,nan,0.6165151566267012
4,AINR,ungated,574,1,0,0,1,59.74100000003091,nan,0.6165151566267012
4,AINR,ungated,575,1,0,0,1,70.43400000020483,nan,0.6165151566267012
4,AINR,ungated,576,1,0,0,1,62.473599999975704,nan,0.6165151566267012
4,AINR,ungated,577,1,0,0,1,57.00609999985318,nan,0.6165151566267012
4,AINR,ungated,578,1,0,0,1,48.2056000000739,nan,0.6165151566267012
4,AINR,ungated,579,1,0,0,1,59.49609999970562,nan,0.6165151566267012
4,AINR,ungated,580,1,0,0,1,63.25520000063989,nan,0.6165151566267012
4,AINR,ungated,581,1,0,0,1,57.460499999251624,nan,0.6165151566267012
4,AINR,ungated,582,1,0,0,1,56.51269999998476,nan,0.6165151566267012
4,AINR,ungated,583,1,0,0,1,53.901000000223576,nan,0.6165151566267012
4,AINR,ungated,584,1,0,0,1,60.108300000138115,nan,0.6165151566267012
4,AINR,ungated,585,1,0,0,1,68.15439999991213,nan,0.6165151566267012
4,AINR,ungated,586,1,0,0,1,61.30550000034418,nan,0.6165151566267012
4,AINR,ungated,587,1,0,0,1,63.99719999990339,nan,0.6165151566267012
4,AINR,ungated,588,1,0,0,1,56.344699999499426,nan,0.6165151566267012
4,AINR,ungated,589,1,0,0,1,60.39099999998143,nan,0.6165151566267012
4,AINR,ungated,590,1,0,0,1,72.62230000014824,nan,0.6165151566267012
4,AINR,ungated,591,1,0,0,1,59.20990000049642,nan,0.6165151566267012
4,AINR,ungated,592,1,0,0,1,56.398600000648,nan,0.6165151566267012
4,AINR,ungated,593,1,0,0,1,63.79839999954129,nan,0.6165151566267012
4,AINR,ungated,594,1,0,0,1,74.12139999996725,nan,0.6165151566267012
4,AINR,ungated,595,1,0,0,1,58.50769999960903,nan,0.6165151566267012
4,AINR,ungated,596,1,0,0,1,52.20149999968271,nan,0.6165151566267012
4,AINR,ungated,597,1,0,0,1,51.49700000038138,nan,0.6165151566267012
4,AINR,ungated,598,1,0,0,1,61.39530000018567,nan,0.6165151566267012
4,AINR,ungated,599,1,0,0,1,61.090400000466616,nan,0.6165151566267012
4,AINR,ungated,600,1,0,0,1,54.25279999963095,nan,0.6165151566267012
4,AINR,ungated,601,1,0,0,1,50.49239999971178,nan,0.6165151566267012
4,AINR,ungated,602,1,0,0,1,45.39490000024671,nan,0.6165151566267012
4,AINR,ungated,603,1,0,0,1,67.36850000015693,nan,0.6165151566267012
4,AINR,ungated,604,1,0,0,1,60.93049999981304,nan,0.6165151566267012
4,AINR,ungated,605,1,0,0,1,54.37069999970845,nan,0.6165151566267012
4,AINR,ungated,606,1,0,0,1,51.59670000011829,nan,0.6165151566267012
4,AINR,ungated,607,1,0,0,1,57.94460000015533,nan,0.6165151566267012
4,AINR,ungated,608,1,0,0,1,66.8218999999226,nan,0.6165151566267012
4,AINR,ungated,609,1,0,0,1,54.086399999505375,nan,0.6165151566267012
4,AINR,ungated,610,1,0,0,1,51.99300000003859,nan,0.6165151566267012
4,AINR,ungated,611,1,0,0,1,70.83980000061274,nan,0.6165151566267012
4,AINR,ungated,612,1,0,0,1,57.51630000031582,nan,0.6165151566267012
4,AINR,ungated,613,1,0,0,1,50.91740000079881,nan,0.6165151566267012
4,AINR,ungated,614,1,0,0,1,56.79329999929905,nan,0.6165151566267012
4,AINR,ungated,615,1,0,0,1,71.31200000003446,nan,0.6165151566267012
4,AINR,ungated,616,1,0,0,1,57.67719999948895,nan,0.6165151566267012
4,AINR,ungated,617,1,0,0,1,48.45469999963825,nan,0.6165151566267012
4,AINR,ungated,618,1,0,0,1,62.2960000000603,nan,0.6165151566267012
4,AINR,ungated,619,1,0,0,1,64.27829999938695,nan,0.6165151566267012
4,AINR,ungated,620,1,0,0,1,56.4118000002054,nan,0.6165151566267012
4,AINR,ungated,621,1,0,0,1,55.107500000303844,nan,0.6165151566267012
4,AINR,ungated,622,1,0,0,1,50.510200000644545,nan,0.6165151566267012
4,AINR,ungated,623,1,0,0,1,50.64630000015313,nan,0.6165151566267012
4,AINR,ungated,624,1,0,0,1,70.64890000037849,nan,0.6165151566267012
4,AINR,ungated,625,1,0,0,1,58.19289999999455,nan,0.6165151566267012
4,AINR,ungated,626,1,0,0,1,58.067499999197025,nan,0.6165151566267012
4,AINR,ungated,627,1,0,0,1,52.33020000014221,nan,0.6165151566267012
4,AINR,ungated,628,1,0,0,1,63.77989999964484,nan,0.6165151566267012
4,AINR,ungated,629,1,0,0,1,69.05829999959678,nan,0.6165151566267012
4,AINR,ungated,630,1,0,0,1,56.95540000033361,nan,0.6165151566267012
4,AINR,ungated,631,1,0,0,1,53.50520000047254,nan,0.6165151566267012
4,AINR,ungated,632,1,0,0,1,61.52860000020155,nan,0.6165151566267012
4,AINR,ungated,633,1,0,0,1,70.6118999996761,nan,0.6165151566267012
4,AINR,ungated,634,1,0,0,1,55.03190000035829,nan,0.6165151566267012
4,AINR,ungated,635,1,0,0,1,52.6862999995501,nan,0.6165151566267012
4,AINR,ungated,636,1,0,0,1,66.89819999974134,nan,0.6165151566267012
4,AINR,ungated,637,1,0,0,1,63.446200000726094,nan,0.6165151566267012
4,AINR,ungated,638,1,0,0,1,55.6696000003285,nan,0.6165151566267012
4,AINR,ungated,639,1,0,0,1,52.38530000042374,nan,0.6165151566267012
4,AINR,ungated,640,1,0,0,1,57.85310000010213,nan,0.6165151566267012
4,AINR,ungated,641,1,0,0,1,54.9565999999686,nan,0.6165151566267012
4,AINR,ungated,642,1,0,0,1,66.74169999951118,nan,0.6165151566267012
4,AINR,ungated,643,1,0,0,1,57.07550000079209,nan,0.6165151566267012
4,AINR,ungated,644,1,0,0,1,56.52730000019801,nan,0.6165151566267012
4,AINR,ungated,645,1,0,0,1,49.28810000001249,nan,0.6165151566267012
4,AINR,ungated,646,1,0,0,1,59.546899999986636,nan,0.6165151566267012
4,AINR,ungated,647,1,0,0,1,71.31570000001375,nan,0.6165151566267012
4,AINR,ungated,648,1,0,0,1,55.95259999972768,nan,0.6165151566267012
4,AINR,ungated,649,1,0,0,1,55.80950000057783,nan,0.6165151566267012
4,AINR,ungated,650,1,0,0,1,59.12410000019008,nan,0.6165151566267012
4,AINR,ungated,651,1,0,0,1,69.3611000006058,nan,0.6165151566267012
4,AINR,ungated,652,1,0,0,1,56.56040000030771,nan,0.6165151566267012
4,AINR,ungated,653,1,0,0,1,56.05019999984506,nan,0.6165151566267012
4,AINR,ungated,654,1,0,0,1,75.3512999999657,nan,0.6165151566267012
4,AINR,ungated,655,1,0,0,1,71.07960000030289,nan,0.6165151566267012
4,AINR,ungated,656,1,0,0,1,56.40679999942222,nan,0.6165151566267012
4,AINR,ungated,657,1,0,0,1,52.094100000431354,nan,0.6165151566267012
4,AINR,ungated,658,1,0,0,1,53.33800000062183,nan,0.6165151566267012
4,AINR,ungated,659,1,0,0,1,58.32520000058139,nan,0.6165151566267012
4,AINR,ungated,660,1,0,0,1,62.436199999865494,nan,0.6165151566267012
4,AINR,ungated,661,1,0,0,1,55.2839000001768,nan,0.6165151566267012
4,AINR,ungated,662,1,0,0,1,44.224699999176664,nan,0.6165151566267012
4,AINR,ungated,663,1,0,0,1,67.31720000061614,nan,0.6165151566267012
4,AINR,ungated,664,1,0,0,1,62.07349999931466,nan,0.6165151566267012
4,AINR,ungated,665,1,0,0,1,51.276099999995495,nan,0.6165151566267012
4,AINR,ungated,666,1,0,0,1,50.89210000005551,nan,0.6165151566267012
4,AINR,ungated,667,1,0,0,1,58.17349999961152,nan,0.6165151566267012
4,AINR,ungated,668,1,0,0,1,70.02999999986059,nan,0.6165151566267012
4,AINR,ungated,669,1,0,0,1,57.067300000198884,nan,0.6165151566267012
4,AINR,ungated,670,1,0,0,1,56.082400000377675,nan,0.6165151566267012
4,AINR,ungated,671,1,0,0,1,62.54960000023857,nan,0.6165151566267012
4,AINR,ungated,672,1,0,0,1,62.57829999958631,nan,0.6165151566267012
4,AINR,ungated,673,1,0,0,1,58.664000000135275,nan,0.6165151566267012
4,AINR,ungated,674,1,0,0,1,50.87379999986297,nan,0.6165151566267012
4,AINR,ungated,675,1,0,0,1,64.70819999958621,nan,0.6165151566267012
4,AINR,ungated,676,1,0,0,1,68.35229999978765,nan,0.6165151566267012
4,AINR,ungated,677,1,0,0,1,53.383600000415754,nan,0.6165151566267012
4,AINR,ungated,678,1,0,0,1,49.68369999915012,nan,0.6165151566267012
4,AINR,ungated,679,1,0,0,1,59.516700000131095,nan,0.6165151566267012
4,AINR,ungated,680,1,0,0,1,69.00020000011864,nan,0.6165151566267012
4,AINR,ungated,681,1,0,0,1,57.879899999534246,nan,0.6165151566267012
4,AINR,ungated,682,1,0,0,1,48.53850000017701,nan,0.6165151566267012
4,AINR,ungated,683,1,0,0,1,59.18590000055701,nan,0.6165151566267012
4,AINR,ungated,684,1,0,0,1,69.23060000008263,nan,0.6165151566267012
4,AINR,ungated,685,1,0,0,1,54.22469999939494,nan,0.6165151566267012
4,AINR,ungated,686,1,0,0,1,55.08490000011079,nan,0.6165151566267012
4,AINR,ungated,687,1,0,0,1,51.591600000392646,nan,0.6165151566267012
4,AINR,ungated,688,1,0,0,1,55.579100000613835,nan,0.6165151566267012
4,AINR,ungated,689,1,0,0,1,73.18070000019361,nan,0.6165151566267012
4,AINR,ungated,690,1,0,0,1,58.1915000002482,nan,0.6165151566267012
4,AINR,ungated,691,1,0,0,1,52.506399999401765,nan,0.6165151566267012
4,AINR,ungated,692,1,0,0,1,47.776100000191946,nan,0.6165151566267012
4,AINR,ungated,693,1,0,0,1,47.8635999998005,nan,0.6165151566267012
4,AINR,ungated,694,1,0,0,1,62.935599999946135,nan,0.6165151566267012
4,AINR,ungated,695,1,0,0,1,71.40949999939039,nan,0.6165151566267012
4,AINR,ungated,696,1,0,0,1,57.27440000009665,nan,0.6165151566267012
4,AINR,ungated,697,1,0,0,1,51.60190000060538,nan,0.6165151566267012
4,AINR,ungated,698,1,0,0,1,59.23079999956826,nan,0.6165151566267012
4,AINR,ungated,699,1,0,0,1,69.84399999964808,nan,0.6165151566267012
4,AINR,ungated,700,1,0,0,1,58.77800000052957,nan,0.6165151566267012
4,AINR,ungated,701,1,0,0,1,56.18199999935314,nan,0.6165151566267012
4,AINR,ungated,702,1,0,0,1,64.40910000037547,nan,0.6165151566267012
4,AINR,ungated,703,1,0,0,1,60.083100000156264,nan,0.6165151566267012
4,AINR,ungated,704,1,0,0,1,56.88570000074833,nan,0.6165151566267012
4,AINR,ungated,705,1,0,0,1,50.03039999974135,nan,0.6165151566267012
4,AINR,ungated,706,1,0,0,1,60.424199999943085,nan,0.6165151566267012
4,AINR,ungated,707,1,0,0,1,66.09560000015335,nan,0.6165151566267012
4,AINR,ungated,708,1,0,0,1,57.5831999994989,nan,0.6165151566267012
4,AINR,ungated,709,1,0,0,1,58.61020000065764,nan,0.6165151566267012
4,AINR,ungated,710,1,0,0,1,69.62779999958002,nan,0.6165151566267012
4,AINR,ungated,711,1,0,0,1,58.736700000736164,nan,0.6165151566267012
4,AINR,ungated,712,1,0,0,1,58.28579999979411,nan,0.6165151566267012
4,AINR,ungated,713,1,0,0,1,49.8795000003156,nan,0.6165151566267012
4,AINR,ungated,714,1,0,0,1,68.36130000010598,nan,0.6165151566267012
4,AINR,ungated,715,1,0,0,1,63.84059999982128,nan,0.6165151566267012
4,AINR,ungated,716,1,0,0,1,55.94719999953668,nan,0.6165151566267012
4,AINR,ungated,717,1,0,0,1,72.25319999997737,nan,0.6165151566267012
4,AINR,ungated,718,1,0,0,1,65.8582000005481,nan,0.6165151566267012
4,AINR,ungated,719,1,0,0,1,56.79899999995541,nan,0.6165151566267012
4,AINR,ungated,720,1,0,0,1,49.68419999931939,nan,0.6165151566267012
4,AINR,ungated,721,1,0,0,1,69.61500000033993,nan,0.6165151566267012
4,AINR,ungated,722,1,0,0,1,64.17429999964952,nan,0.6165151566267012
4,AINR,ungated,723,1,0,0,1,56.24729999999545,nan,0.6165151566267012
4,AINR,ungated,724,1,0,0,1,57.55740000040532,nan,0.6165151566267012
4,AINR,ungated,725,1,0,0,1,75.05659999969794,nan,0.6165151566267012
4,AINR,ungated,726,1,0,0,1,58.172400000330526,nan,0.6165151566267012
4,AINR,ungated,727,1,0,0,1,49.93240000021615,nan,0.6165151566267012
4,AINR,ungated,728,1,0,0,1,69.11740000032296,nan,0.6165151566267012
4,AINR,ungated,729,1,0,0,1,59.97690000003786,nan,0.6165151566267012
4,AINR,ungated,730,1,0,0,1,53.53590000049735,nan,0.6165151566267012
4,AINR,ungated,731,1,0,0,1,58.26189999970666,nan,0.6165151566267012
4,AINR,ungated,732,1,0,0,1,60.99549999998999,nan,0.6165151566267012
4,AINR,ungated,733,1,0,0,1,56.53820000043197,nan,0.6165151566267012
4,AINR,ungated,734,1,0,0,1,60.1872999995976,nan,0.6165151566267012
4,AINR,ungated,735,1,0,0,1,69.806299999982,nan,0.6165151566267012
4,AINR,ungated,736,1,0,0,1,54.72819999977219,nan,0.6165151566267012
4,AINR,ungated,737,1,0,0,1,62.34039999981178,nan,0.6165151566267012
4,AINR,ungated,738,1,0,0,1,64.40460000067105,nan,0.6165151566267012
4,AINR,ungated,739,1,0,0,1,55.76590000055148,nan,0.6165151566267012
4,AINR,ungated,740,1,0,0,1,53.98659999991651,nan,0.6165151566267012
4,AINR,ungated,741,1,0,0,1,65.4778999996779,nan,0.6165151566267012
4,AINR,ungated,742,1,0,0,1,65.3253999998924,nan,0.6165151566267012
4,AINR,ungated,743,1,0,0,1,60.005799999999,nan,0.6165151566267012
4,AINR,ungated,744,1,0,0,1,49.87339999934193,nan,0.6165151566267012
4,AINR,ungated,745,1,0,0,1,63.654399999904854,nan,0.6165151566267012
4,AINR,ungated,746,1,0,0,1,68.88929999968241,nan,0.6165151566267012
4,AINR,ungated,747,1,0,0,1,59.33999999979278,nan,0.6165151566267012
4,AINR,ungated,748,1,0,0,1,56.109899999682966,nan,0.6165151566267012
4,AINR,ungated,749,1,0,0,1,54.87089999951422,nan,0.6165151566267012
4,AINR,ungated,750,1,0,0,1,60.62650000058056,nan,0.6165151566267012
4,AINR,ungated,751,1,0,0,1,62.606399999822315,nan,0.6165151566267012
4,AINR,ungated,752,1,0,0,1,55.18930000016553,nan,0.6165151566267012
4,AINR,ungated,753,1,0,0,1,59.5751000000746,nan,0.6165151566267012
4,AINR,ungated,754,1,0,0,1,69.87930000013876,nan,0.6165151566267012
4,AINR,ungated,755,1,0,0,1,57.48749999929714,nan,0.6165151566267012
4,AINR,ungated,756,1,0,0,1,54.16030000014871,nan,0.6165151566267012
4,AINR,ungated,757,1,0,0,1,70.8199999999124,nan,0.6165151566267012
4,AINR,ungated,758,1,0,0,1,58.13240000043152,nan,0.6165151566267012
4,AINR,ungated,759,1,0,0,1,52.93690000053175,nan,0.6165151566267012
4,AINR,ungated,760,1,0,0,1,70.60699999965436,nan,0.6165151566267012
4,AINR,ungated,761,1,0,0,1,62.81009999929665,nan,0.6165151566267012
4,AINR,ungated,762,1,0,0,1,57.79470000015863,nan,0.6165151566267012
4,AINR,ungated,763,1,0,0,1,59.09429999974236,nan,0.6165151566267012
4,AINR,ungated,764,1,0,0,1,71.97090000045137,nan,0.6165151566267012
4,AINR,ungated,765,1,0,0,1,56.24790000001667,nan,0.6165151566267012
4,AINR,ungated,766,1,0,0,1,52.81790000026376,nan,0.6165151566267012
4,AINR,ungated,767,1,0,0,1,45.54490000009537,nan,0.6165151566267012
4,AINR,ungated,768,1,0,0,1,73.35820000025706,nan,0.6165151566267012
4,AINR,ungated,769,1,0,0,1,59.147899999516085,nan,0.6165151566267012
4,AINR,ungated,770,1,0,0,1,54.455200000120385,nan,0.6165151566267012
4,AINR,ungated,771,1,0,0,1,60.717499999555,nan,0.6165151566267012
4,AINR,ungated,772,1,0,0,1,71.41150000006746,nan,0.6165151566267012
4,AINR,ungated,773,1,0,0,1,58.302200000071025,nan,0.6165151566267012
4,AINR,ungated,774,1,0,0,1,52.29390000022249,nan,0.6165151566267012
4,AINR,ungated,775,1,0,0,1,63.666400000329304,nan,0.6165151566267012
4,AINR,ungated,776,1,0,0,1,69.5280999998431,nan,0.6165151566267012
4,AINR,ungated,777,1,0,0,1,58.0643000002965,nan,0.6165151566267012
4,AINR,ungated,778,1,0,0,1,50.247500000295986,nan,0.6165151566267012
4,AINR,ungated,779,1,0,0,1,69.29299999956129,nan,0.6165151566267012
4,AINR,ungated,780,1,0,0,1,57.97009999969305,nan,0.6165151566267012
4,AINR,ungated,781,1,0,0,1,57.56460000065999,nan,0.6165151566267012
4,AINR,ungated,782,1,0,0,1,52.038099999663245,nan,0.6165151566267012
4,AINR,ungated,783,1,0,0,1,60.24079999951937,nan,0.6165151566267012
4,AINR,ungated,784,1,0,0,1,68.31729999976233,nan,0.6165151566267012
4,AINR,ungated,785,1,0,0,1,54.73890000030224,nan,0.6165151566267012
4,AINR,ungated,786,1,0,0,1,51.004099999772734,nan,0.6165151566267012
4,AINR,ungated,787,1,0,0,1,52.17780000020866,nan,0.6165151566267012
4,AINR,ungated,788,1,0,0,1,67.87319999966712,nan,0.6165151566267012
4,AINR,ungated,789,1,0,0,1,57.56050000036339,nan,0.6165151566267012
4,AINR,ungated,790,1,0,0,1,56.63020000065444,nan,0.6165151566267012
4,AINR,ungated,791,1,0,0,1,51.78299999988667,nan,0.6165151566267012
4,AINR,ungated,792,1,0,0,1,50.235499999871536,nan,0.6165151566267012
4,AINR,ungated,793,1,0,0,1,49.13750000014261,nan,0.6165151566267012
4,AINR,ungated,794,1,0,0,1,65.18449999930453,nan,0.6165151566267012
4,AINR,ungated,795,1,0,0,1,65.11010000031092,nan,0.6165151566267012
4,AINR,ungated,796,1,0,0,1,53.67789999945671,nan,0.6165151566267012
4,AINR,ungated,797,1,0,0,1,49.85060000035446,nan,0.6165151566267012
4,AINR,ungated,798,1,0,0,1,68.4891000000789,nan,0.6165151566267012
4,AINR,ungated,799,1,0,0,1,58.1928000001426,nan,0.6165151566267012
4,AINR,ungated,800,1,0,0,1,53.627899999810325,nan,0.6165151566267012
4,AINR,ungated,801,1,0,0,1,50.00019999988581,nan,0.6165151566267012
4,AINR,ungated,802,1,0,0,1,59.22779999946215,nan,0.6165151566267012
4,AINR,ungated,803,1,0,0,1,71.5000999998665,nan,0.6165151566267012
4,AINR,ungated,804,1,0,0,1,57.365699999536446,nan,0.6165151566267012
4,AINR,ungated,805,1,0,0,1,54.78850000054081,nan,0.6165151566267012
4,AINR,ungated,806,1,0,0,1,49.86139999982697,nan,0.6165151566267012
4,AINR,ungated,807,1,0,0,1,68.63979999980074,nan,0.6165151566267012
4,AINR,ungated,808,1,0,0,1,55.58279999968363,nan,0.6165151566267012
4,AINR,ungated,809,1,0,0,1,52.56480000025476,nan,0.6165151566267012
4,AINR,ungated,810,1,0,0,1,61.87990000034915,nan,0.6165151566267012
4,AINR,ungated,811,1,0,0,1,64.55020000066725,nan,0.6165151566267012
4,AINR,ungated,812,1,0,0,1,61.9513999999981,nan,0.6165151566267012
4,AINR,ungated,813,1,0,0,1,59.905300000536954,nan,0.6165151566267012
4,AINR,ungated,814,1,0,0,1,64.01180000011664,nan,0.6165151566267012
4,AINR,ungated,815,1,0,0,1,57.09039999965171,nan,0.6165151566267012
4,AINR,ungated,816,1,0,0,1,66.08710000000428,nan,0.6165151566267012
4,AINR,ungated,817,1,0,0,1,69.48530000045139,nan,0.6165151566267012
4,AINR,ungated,818,1,0,0,1,56.31290000019362,nan,0.6165151566267012
4,AINR,ungated,819,1,0,0,1,49.5333999997456,nan,0.6165151566267012
4,AINR,ungated,820,1,0,0,1,63.82989999929123,nan,0.6165151566267012
4,AINR,ungated,821,1,0,0,1,68.55779999932565,nan,0.6165151566267012
4,AINR,ungated,822,1,0,0,1,56.732199999714794,nan,0.6165151566267012
4,AINR,ungated,823,1,0,0,1,52.47620000045572,nan,0.6165151566267012
4,AINR,ungated,824,1,0,0,1,57.55390000012994,nan,0.6165151566267012
4,AINR,ungated,825,1,0,0,1,71.93379999989702,nan,0.6165151566267012
4,AINR,ungated,826,1,0,0,1,59.523199999603094,nan,0.6165151566267012
4,AINR,ungated,827,1,0,0,1,58.39360000027227,nan,0.6165151566267012
4,AINR,ungated,828,1,0,0,1,51.27410000022792,nan,0.6165151566267012
4,AINR,ungated,829,1,0,0,1,55.72240000037709,nan,0.6165151566267012
4,AINR,ungated,830,1,0,0,1,71.65530000020226,nan,0.6165151566267012
4,AINR,ungated,831,1,0,0,1,58.35130000014033,nan,0.6165151566267012
4,AINR,ungated,832,1,0,0,1,52.330800000163435,nan,0.6165151566267012
4,AINR,ungated,833,1,0,0,1,58.65189999985887,nan,0.6165151566267012
4,AINR,ungated,834,1,0,0,1,62.07729999914591,nan,0.6165151566267012
4,AINR,ungated,835,1,0,0,1,58.44370000068011,nan,0.6165151566267012
4,AINR,ungated,836,1,0,0,1,52.45990000003076,nan,0.6165151566267012
4,AINR,ungated,837,1,0,0,1,56.70000000009168,nan,0.6165151566267012
4,AINR,ungated,838,1,0,0,1,69.60499999968306,nan,0.6165151566267012
4,AINR,ungated,839,1,0,0,1,53.10970000027737,nan,0.6165151566267012
4,AINR,ungated,840,1,0,0,1,47.915699999975914,nan,0.6165151566267012
4,AINR,ungated,841,1,0,0,1,60.2759999992486,nan,0.6165151566267012
4,AINR,ungated,842,1,0,0,1,62.59810000028665,nan,0.6165151566267012
4,AINR,ungated,843,1,0,0,1,54.27250000047934,nan,0.6165151566267012
4,AINR,ungated,844,1,0,0,1,51.15320000004431,nan,0.6165151566267012
4,AINR,ungated,845,1,0,0,1,65.13449999965815,nan,0.6165151566267012
4,AINR,ungated,846,1,0,0,1,60.864600000059,nan,0.6165151566267012
4,AINR,ungated,847,1,0,0,1,54.68010000004142,nan,0.6165151566267012
4,AINR,ungated,848,1,0,0,1,53.090500000507745,nan,0.6165151566267012
4,AINR,ungated,849,1,0,0,1,51.531400000385474,nan,0.6165151566267012
4,AINR,ungated,850,1,0,0,1,69.1649000000325,nan,0.6165151566267012
4,AINR,ungated,851,1,0,0,1,63.9061000001675,nan,0.6165151566267012
4,AINR,ungated,852,1,0,0,1,54.75839999962773,nan,0.6165151566267012
4,AINR,ungated,853,1,0,0,1,55.368400000588736,nan,0.6165151566267012
4,AINR,ungated,854,1,0,0,1,67.26340000022901,nan,0.6165151566267012
4,AINR,ungated,855,1,0,0,1,58.80119999983435,nan,0.6165151566267012
4,AINR,ungated,856,1,0,0,1,58.48789999981818,nan,0.6165151566267012
4,AINR,ungated,857,1,0,0,1,50.79759999989619,nan,0.6165151566267012
4,AINR,ungated,858,1,0,0,1,55.313200000455254,nan,0.6165151566267012
4,AINR,ungated,859,1,0,0,1,66.96660000034171,nan,0.6165151566267012
4,AINR,ungated,860,1,0,0,1,56.73990000013873,nan,0.6165151566267012
4,AINR,ungated,861,1,0,0,1,51.38760000045295,nan,0.6165151566267012
4,AINR,ungated,862,1,0,0,1,60.41989999994257,nan,0.6165151566267012
4,AINR,ungated,863,1,0,0,1,66.56909999946947,nan,0.6165151566267012
4,AINR,ungated,864,1,0,0,1,54.78129999937664,nan,0.6165151566267012
4,AINR,ungated,865,1,0,0,1,52.967299999181705,nan,0.6165151566267012
4,AINR,ungated,866,1,0,0,1,61.44380000023375,nan,0.6165151566267012
4,AINR,ungated,867,1,0,0,1,67.34680000045046,nan,0.6165151566267012
4,AINR,ungated,868,1,0,0,1,57.905700000446814,nan,0.6165151566267012
4,AINR,ungated,869,1,0,0,1,45.87390000051528,nan,0.6165151566267012
4,AINR,ungated,870,1,0,0,1,66.01119999959337,nan,0.6165151566267012
4,AINR,ungated,871,1,0,0,1,63.48329999946145,nan,0.6165151566267012
4,AINR,ungated,872,1,0,0,1,55.850299999292474,nan,0.6165151566267012
4,AINR,ungated,873,1,0,0,1,51.87279999972816,nan,0.6165151566267012
4,AINR,ungated,874,1,0,0,1,63.364800000272226,nan,0.6165151566267012
4,AINR,ungated,875,1,0,0,1,61.3800999999512,nan,0.6165151566267012
4,AINR,ungated,876,1,0,0,1,53.86409999937314,nan,0.6165151566267012
4,AINR,ungated,877,1,0,0,1,69.6165999997902,nan,0.6165151566267012
4,AINR,ungated,878,1,0,0,1,63.00869999995484,nan,0.6165151566267012
4,AINR,ungated,879,1,0,0,1,56.19750000005297,nan,0.6165151566267012
4,AINR,ungated,880,1,0,0,1,53.383100000246486,nan,0.6165151566267012
4,AINR,ungated,881,1,0,0,1,63.3536000004824,nan,0.6165151566267012
4,AINR,ungated,882,1,0,0,1,64.1449000004286,nan,0.6165151566267012
4,AINR,ungated,883,1,0,0,1,54.94099999941682,nan,0.6165151566267012
4,AINR,ungated,884,1,0,0,1,51.65279999982886,nan,0.6165151566267012
4,AINR,ungated,885,1,0,0,1,50.45550000068033,nan,0.6165151566267012
4,AINR,ungated,886,1,0,0,1,59.70390000038606,nan,0.6165151566267012
4,AINR,ungated,887,1,0,0,1,68.06520000009186,nan,0.6165151566267012
4,AINR,ungated,888,1,0,0,1,58.58129999978701,nan,0.6165151566267012
4,AINR,ungated,889,1,0,0,1,54.097400000500784,nan,0.6165151566267012
4,AINR,ungated,890,1,0,0,1,58.74669999957405,nan,0.6165151566267012
4,AINR,ungated,891,1,0,0,1,67.83449999966251,nan,0.6165151566267012
4,AINR,ungated,892,1,0,0,1,56.94039999980305,nan,0.6165151566267012
4,AINR,ungated,893,1,0,0,1,52.60739999994257,nan,0.6165151566267012
4,AINR,ungated,894,1,0,0,1,58.63550000049145,nan,0.6165151566267012
4,AINR,ungated,895,1,0,0,1,70.23990000016056,nan,0.6165151566267012
4,AINR,ungated,896,1,0,0,1,58.83929999981774,nan,0.6165151566267012
4,AINR,ungated,897,1,0,0,1,51.6128999997818,nan,0.6165151566267012
4,AINR,ungated,898,1,0,0,1,56.26879999999801,nan,0.6165151566267012
4,AINR,ungated,899,1,0,0,1,68.88559999970312,nan,0.6165151566267012
4,AINR,ungated,900,1,0,0,1,53.890400000454974,nan,0.6165151566267012
4,AINR,ungated,901,1,0,0,1,52.098600000135775,nan,0.6165151566267012
4,AINR,ungated,902,1,0,0,1,54.65929999991204,nan,0.6165151566267012
4,AINR,ungated,903,1,0,0,1,68.88849999995728,nan,0.6165151566267012
4,AINR,ungated,904,1,0,0,1,55.7490000001053,nan,0.6165151566267012
4,AINR,ungated,905,1,0,0,1,52.7152999993632,nan,0.6165151566267012
4,AINR,ungated,906,1,0,0,1,60.50349999986793,nan,0.6165151566267012
4,AINR,ungated,907,1,0,0,1,70.5446000001757,nan,0.6165151566267012
4,AINR,ungated,908,1,0,0,1,55.99960000017745,nan,0.6165151566267012
4,AINR,ungated,909,1,0,0,1,52.783300000555755,nan,0.6165151566267012
4,AINR,ungated,910,1,0,0,1,59.849299999768846,nan,0.6165151566267012
4,AINR,ungated,911,1,0,0,1,72.02719999986584,nan,0.6165151566267012
4,AINR,ungated,912,1,0,0,1,56.004800000664545,nan,0.6165151566267012
4,AINR,ungated,913,1,0,0,1,51.11040000065259,nan,0.6165151566267012
4,AINR,ungated,914,1,0,0,1,52.67769999954908,nan,0.6165151566267012
4,AINR,ungated,915,1,0,0,1,70.25059999978112,nan,0.6165151566267012
4,AINR,ungated,916,1,0,0,1,57.96430000009423,nan,0.6165151566267012
4,AINR,ungated,917,1,0,0,1,48.763200000394136,nan,0.6165151566267012
4,AINR,ungated,918,1,0,0,1,63.51399999948626,nan,0.6165151566267012
4,AINR,ungated,919,1,0,0,1,67.90420000015729,nan,0.6165151566267012
4,AINR,ungated,920,1,0,0,1,58.56240000048274,nan,0.6165151566267012
4,AINR,ungated,921,1,0,0,1,54.082300000118266,nan,0.6165151566267012
4,AINR,ungated,922,1,0,0,1,72.56039999992936,nan,0.6165151566267012
4,AINR,ungated,923,1,0,0,1,58.36350000026869,nan,0.6165151566267012
4,AINR,ungated,924,1,0,0,1,56.657000000086555,nan,0.6165151566267012
4,AINR,ungated,925,1,0,0,1,56.899799999882816,nan,0.6165151566267012
4,AINR,ungated,926,1,0,0,1,70.70110000040586,nan,0.6165151566267012
4,AINR,ungated,927,1,0,0,1,59.5474000001559,nan,0.6165151566267012
4,AINR,ungated,928,1,0,0,1,50.257500000043365,nan,0.6165151566267012
4,AINR,ungated,929,1,0,0,1,51.296600000569015,nan,0.6165151566267012
4,AINR,ungated,930,1,0,0,1,70.80799999948795,nan,0.6165151566267012
4,AINR,ungated,931,1,0,0,1,58.326299999862385,nan,0.6165151566267012
4,AINR,ungated,932,1,0,0,1,52.524199999425036,nan,0.6165151566267012
4,AINR,ungated,933,1,0,0,1,68.28029999996943,nan,0.6165151566267012
4,AINR,ungated,934,1,0,0,1,56.88370000007126,nan,0.6165151566267012
4,AINR,ungated,935,1,0,0,1,56.44990000018879,nan,0.6165151566267012
4,AINR,ungated,936,1,0,0,1,59.2767999996795,nan,0.6165151566267012
4,AINR,ungated,937,1,0,0,1,68.29560000005586,nan,0.6165151566267012
4,AINR,ungated,938,1,0,0,1,57.98159999994823,nan,0.6165151566267012
4,AINR,ungated,939,1,0,0,1,52.84949999986566,nan,0.6165151566267012
4,AINR,ungated,940,1,0,0,1,50.30769999939366,nan,0.6165151566267012
4,AINR,ungated,941,1,0,0,1,60.16490000001795,nan,0.6165151566267012
4,AINR,ungated,942,1,0,0,1,69.86679999954504,nan,0.6165151566267012
4,AINR,ungated,943,1,0,0,1,57.92420000034326,nan,0.6165151566267012
4,AINR,ungated,944,1,0,0,1,56.18450000019948,nan,0.6165151566267012
4,AINR,ungated,945,1,0,0,1,61.24610000006214,nan,0.6165151566267012
4,AINR,ungated,946,1,0,0,1,69.18490000043676,nan,0.6165151566267012
4,AINR,ungated,947,1,0,0,1,61.011900000266905,nan,0.6165151566267012
4,AINR,ungated,948,1,0,0,1,48.758799999632174,nan,0.6165151566267012
4,AINR,ungated,949,1,0,0,1,65.41010000000824,nan,0.6165151566267012
4,AINR,ungated,950,1,0,0,1,63.864799999464594,nan,0.6165151566267012
4,AINR,ungated,951,1,0,0,1,57.32650000027206,nan,0.6165151566267012
4,AINR,ungated,952,1,0,0,1,49.78960000062216,nan,0.6165151566267012
4,AINR,ungated,953,1,0,0,1,48.306299999239855,nan,0.6165151566267012
4,AINR,ungated,954,1,0,0,1,76.00149999962014,nan,0.6165151566267012
4,AINR,ungated,955,1,0,0,1,56.729400000222086,nan,0.6165151566267012
4,AINR,ungated,956,1,0,0,1,52.704499999890686,nan,0.6165151566267012
4,AINR,ungated,957,1,0,0,1,58.67610000041168,nan,0.6165151566267012
4,AINR,ungated,958,1,0,0,1,70.99959999959538,nan,0.6165151566267012
4,AINR,ungated,959,1,0,0,1,51.6659000004438,nan,0.6165151566267012
4,AINR,ungated,960,1,0,0,1,58.37690000043949,nan,0.6165151566267012
4,AINR,ungated,961,1,0,0,1,53.63599999964208,nan,0.6165151566267012
4,AINR,ungated,962,1,0,0,1,63.423300000067684,nan,0.6165151566267012
4,AINR,ungated,963,1,0,0,1,69.99520000044868,nan,0.6165151566267012
4,AINR,ungated,964,1,0,0,1,56.38490000001184,nan,0.6165151566267012
4,AINR,ungated,965,1,0,0,1,51.093299999593,nan,0.6165151566267012
4,AINR,ungated,966,1,0,0,1,58.57749999995576,nan,0.6165151566267012
4,AINR,ungated,967,1,0,0,1,65.67889999951149,nan,0.6165151566267012
4,AINR,ungated,968,1,0,0,1,60.34120000003895,nan,0.6165151566267012
4,AINR,ungated,969,1,0,0,1,52.31539999931556,nan,0.6165151566267012
4,AINR,ungated,970,1,0,0,1,57.91899999985617,nan,0.6165151566267012
4,AINR,ungated,971,1,0,0,1,64.40659999952913,nan,0.6165151566267012
4,AINR,ungated,972,1,0,0,1,57.150699999510834,nan,0.6165151566267012
4,AINR,ungated,973,1,0,0,1,50.9210999998686,nan,0.6165151566267012
4,AINR,ungated,974,1,0,0,1,70.09470000048168,nan,0.6165151566267012
4,AINR,ungated,975,1,0,0,1,60.52759999965929,nan,0.6165151566267012
4,AINR,ungated,976,1,0,0,1,54.91170000004786,nan,0.6165151566267012
4,AINR,ungated,977,1,0,0,1,57.9146000000037,nan,0.6165151566267012
4,AINR,ungated,978,1,0,0,1,70.69410000076459,nan,0.6165151566267012
4,AINR,ungated,979,1,0,0,1,57.353400000465626,nan,0.6165151566267012
4,AINR,ungated,980,1,0,0,1,50.6972000002861,nan,0.6165151566267012
4,AINR,ungated,981,1,0,0,1,79.63980000022275,nan,0.6165151566267012
4,AINR,ungated,982,1,0,0,1,57.094900000265625,nan,0.6165151566267012
4,AINR,ungated,983,1,0,0,1,52.685200000269106,nan,0.6165151566267012
4,AINR,ungated,984,1,0,0,1,50.41799999980867,nan,0.6165151566267012
4,AINR,ungated,985,1,0,0,1,62.992400000439375,nan,0.6165151566267012
4,AINR,ungated,986,1,0,0,1,67.60789999952976,nan,0.6165151566267012
4,AINR,ungated,987,1,0,0,1,56.943499999761116,nan,0.6165151566267012
4,AINR,ungated,988,1,0,0,1,58.39250000008178,nan,0.6165151566267012
4,AINR,ungated,989,1,0,0,1,65.59340000058,nan,0.6165151566267012
4,AINR,ungated,990,1,0,0,1,55.56040000010398,nan,0.6165151566267012
4,AINR,ungated,991,1,0,0,1,58.594000000084634,nan,0.6165151566267012
4,AINR,ungated,992,1,0,0,1,67.24370000029012,nan,0.6165151566267012
4,AINR,ungated,993,1,0,0,1,58.02830000084214,nan,0.6165151566267012
4,AINR,ungated,994,1,0,0,1,50.75880000003963,nan,0.6165151566267012
4,AINR,ungated,995,1,0,0,1,65.54450000021461,nan,0.6165151566267012
4,AINR,ungated,996,1,0,0,1,67.66429999970569,nan,0.6165151566267012
4,AINR,ungated,997,1,0,0,1,56.91159999969386,nan,0.6165151566267012
4,AINR,ungated,998,1,0,0,1,60.25210000007064,nan,0.6165151566267012
4,AINR,ungated,999,1,0,0,1,71.62689999950089,nan,0.6165151566267012
4,AINR,gated,0,1,0,0,0,nan,nan,0.6165151566267012
4,AINR,gated,1,0,1,0,1,72.6373000006788,nan,0.6165151566267012
4,AINR,gated,2,0,1,0,1,60.94519999987824,nan,0.6165151566267012
4,AINR,gated,3,0,1,0,1,54.6383999999307,nan,0.6165151566267012
4,AINR,gated,4,0,1,0,1,60.58450000000448,nan,0.6165151566267012
4,AINR,gated,5,0,1,0,1,71.82130000001052,nan,0.6165151566267012
4,AINR,gated,6,0,1,0,1,58.55549999978393,nan,0.6165151566267012
4,AINR,gated,7,0,1,0,1,51.01769999964745,nan,0.6165151566267012
4,AINR,gated,8,0,1,0,1,69.19010000001435,nan,0.6165151566267012
4,AINR,gated,9,0,1,0,1,60.05579999964539,nan,0.6165151566267012
4,AINR,gated,10,0,1,0,1,56.652000000212865,nan,0.6165151566267012
4,AINR,gated,11,0,1,0,1,57.57279999943421,nan,0.6165151566267012
4,AINR,gated,12,0,1,0,1,73.08239999929356,nan,0.6165151566267012
4,AINR,gated,13,0,1,0,1,55.7901000001948,nan,0.6165151566267012
4,AINR,gated,14,0,1,0,1,58.5479999999734,nan,0.6165151566267012
4,AINR,gated,15,0,1,0,1,52.61900000004971,nan,0.6165151566267012
4,AINR,gated,16,0,1,0,1,62.70459999996092,nan,0.6165151566267012
4,AINR,gated,17,0,1,0,1,60.88610000006156,nan,0.6165151566267012
4,AINR,gated,18,0,1,0,1,56.56780000026629,nan,0.6165151566267012
4,AINR,gated,19,0,1,0,1,57.53480000021227,nan,0.6165151566267012
4,AINR,gated,20,0,1,0,1,73.1885000004695,nan,0.6165151566267012
4,AINR,gated,21,0,1,0,1,58.77710000004299,nan,0.6165151566267012
4,AINR,gated,22,0,1,0,1,53.16820000007283,nan,0.6165151566267012
4,AINR,gated,23,0,1,0,1,48.21799999990617,nan,0.6165151566267012
4,AINR,gated,24,0,1,0,1,66.20589999965887,nan,0.6165151566267012
4,AINR,gated,25,0,1,0,1,63.5627999999997,nan,0.6165151566267012
4,AINR,gated,26,0,1,0,1,56.39340000016091,nan,0.6165151566267012
4,AINR,gated,27,0,1,0,1,52.244100000280014,nan,0.6165151566267012
4,AINR,gated,28,0,1,0,1,63.40319999981148,nan,0.6165151566267012
4,AINR,gated,29,0,1,0,1,64.79029999991326,nan,0.6165151566267012
4,AINR,gated,30,0,1,0,1,56.84999999994034,nan,0.6165151566267012
4,AINR,gated,31,0,1,0,1,61.24219999946945,nan,0.6165151566267012
4,AINR,gated,32,0,1,0,1,70.57259999965027,nan,0.6165151566267012
4,AINR,gated,33,0,1,0,1,60.468699999546516,nan,0.6165151566267012
4,AINR,gated,34,0,1,0,1,58.54009999984555,nan,0.6165151566267012
4,AINR,gated,35,0,1,0,1,71.90209999953368,nan,0.6165151566267012
4,AINR,gated,36,0,1,0,1,57.06540000028326,nan,0.6165151566267012
4,AINR,gated,37,0,1,0,1,53.20130000018253,nan,0.6165151566267012
4,AINR,gated,38,0,1,0,1,66.16909999956988,nan,0.6165151566267012
4,AINR,gated,39,0,1,0,1,69.22839999970165,nan,0.6165151566267012
4,AINR,gated,40,0,1,0,1,62.082700000246405,nan,0.6165151566267012
4,AINR,gated,41,0,1,0,1,52.96630000066216,nan,0.6165151566267012
4,AINR,gated,42,0,1,0,1,51.467199999933655,nan,0.6165151566267012
4,AINR,gated,43,0,1,0,1,71.05379999939032,nan,0.6165151566267012
4,AINR,gated,44,0,1,0,1,65.37519999983488,nan,0.6165151566267012
4,AINR,gated,45,0,1,0,1,55.9186000000409,nan,0.6165151566267012
4,AINR,gated,46,0,1,0,1,52.02769999959855,nan,0.6165151566267012
4,AINR,gated,47,0,1,0,1,71.55220000004192,nan,0.6165151566267012
4,AINR,gated,48,0,1,0,1,63.073399999666435,nan,0.6165151566267012
4,AINR,gated,49,0,1,0,1,57.90179999985412,nan,0.6165151566267012
4,AINR,gated,50,0,1,0,1,50.593400000252586,nan,0.6165151566267012
4,AINR,gated,51,0,1,0,1,68.99049999992712,nan,0.6165151566267012
4,AINR,gated,52,0,1,0,1,68.73150000046735,nan,0.6165151566267012
4,AINR,gated,53,0,1,0,1,57.104599999547645,nan,0.6165151566267012
4,AINR,gated,54,0,1,0,1,55.47429999933229,nan,0.6165151566267012
4,AINR,gated,55,0,1,0,1,56.0804000006101,nan,0.6165151566267012
4,AINR,gated,56,0,1,0,1,73.44699999976001,nan,0.6165151566267012
4,AINR,gated,57,0,1,0,1,57.89180000010674,nan,0.6165151566267012
4,AINR,gated,58,0,1,0,1,54.963499999757914,nan,0.6165151566267012
4,AINR,gated,59,0,1,0,1,60.611400000198046,nan,0.6165151566267012
4,AINR,gated,60,0,1,0,1,69.70369999999093,nan,0.6165151566267012
4,AINR,gated,61,0,1,0,1,54.17810000017198,nan,0.6165151566267012
4,AINR,gated,62,0,1,0,1,53.89050000030693,nan,0.6165151566267012
4,AINR,gated,63,0,1,0,1,58.13170000055834,nan,0.6165151566267012
4,AINR,gated,64,0,1,0,1,68.70600000002014,nan,0.6165151566267012
4,AINR,gated,65,0,1,0,1,57.00630000046658,nan,0.6165151566267012
4,AINR,gated,66,0,1,0,1,55.48189999990427,nan,0.6165151566267012
4,AINR,gated,67,0,1,0,1,56.672799999432755,nan,0.6165151566267012
4,AINR,gated,68,0,1,0,1,72.14980000026117,nan,0.6165151566267012
4,AINR,gated,69,0,1,0,1,60.01190000006318,nan,0.6165151566267012
4,AINR,gated,70,0,1,0,1,60.01589999959833,nan,0.6165151566267012
4,AINR,gated,71,0,1,0,1,52.86939999950846,nan,0.6165151566267012
4,AINR,gated,72,0,1,0,1,68.96299999971234,nan,0.6165151566267012
4,AINR,gated,73,0,1,0,1,60.81850000009581,nan,0.6165151566267012
4,AINR,gated,74,0,1,0,1,55.033600000570004,nan,0.6165151566267012
4,AINR,gated,75,0,1,0,1,52.944299999580835,nan,0.6165151566267012
4,AINR,gated,76,0,1,0,1,61.596300000019255,nan,0.6165151566267012
4,AINR,gated,77,0,1,0,1,62.02290000055655,nan,0.6165151566267012
4,AINR,gated,78,0,1,0,1,57.901700000002165,nan,0.6165151566267012
4,AINR,gated,79,0,1,0,1,52.20010000084585,nan,0.6165151566267012
4,AINR,gated,80,0,1,0,1,58.77000000054977,nan,0.6165151566267012
4,AINR,gated,81,0,1,0,1,72.43839999955526,nan,0.6165151566267012
4,AINR,gated,82,0,1,0,1,58.522500000435684,nan,0.6165151566267012
4,AINR,gated,83,0,1,0,1,57.06129999998666,nan,0.6165151566267012
4,AINR,gated,84,0,1,0,1,48.7593999996534,nan,0.6165151566267012
4,AINR,gated,85,0,1,0,1,70.80390000010084,nan,0.6165151566267012
4,AINR,gated,86,0,1,0,1,60.2350999997725,nan,0.6165151566267012
4,AINR,gated,87,0,1,0,1,55.1660000000993,nan,0.6165151566267012
4,AINR,gated,88,0,1,0,1,52.07330000030197,nan,0.6165151566267012
4,AINR,gated,89,0,1,0,1,48.84169999968435,nan,0.6165151566267012
4,AINR,gated,90,0,1,0,1,68.5035999995307,nan,0.6165151566267012
4,AINR,gated,91,0,1,0,1,66.77910000053089,nan,0.6165151566267012
4,AINR,gated,92,0,1,0,1,54.496199999448436,nan,0.6165151566267012
4,AINR,gated,93,0,1,0,1,48.27029999978549,nan,0.6165151566267012
4,AINR,gated,94,0,1,0,1,58.722900000248046,nan,0.6165151566267012
4,AINR,gated,95,0,1,0,1,61.0223000003316,nan,0.6165151566267012
4,AINR,gated,96,0,1,0,1,56.83880000015051,nan,0.6165151566267012
4,AINR,gated,97,0,1,0,1,51.73399999966932,nan,0.6165151566267012
4,AINR,gated,98,0,1,0,1,52.447099999881175,nan,0.6165151566267012
4,AINR,gated,99,0,1,0,1,62.37779999992199,nan,0.6165151566267012
4,AINR,gated,100,0,1,0,1,71.82639999973617,nan,0.6165151566267012
4,AINR,gated,101,0,1,0,1,63.02309999955469,nan,0.6165151566267012
4,AINR,gated,102,0,1,0,1,58.286600000428734,nan,0.6165151566267012
4,AINR,gated,103,0,1,0,1,70.38469999952213,nan,0.6165151566267012
4,AINR,gated,104,0,1,0,1,57.85520000063116,nan,0.6165151566267012
4,AINR,gated,105,0,1,0,1,53.040100000544044,nan,0.6165151566267012
4,AINR,gated,106,0,1,0,1,61.977200000001176,nan,0.6165151566267012
4,AINR,gated,107,0,1,0,1,66.91129999944678,nan,0.6165151566267012
4,AINR,gated,108,0,1,0,1,55.00120000033348,nan,0.6165151566267012
4,AINR,gated,109,0,1,0,1,50.19380000067031,nan,0.6165151566267012
4,AINR,gated,110,0,1,0,1,63.66660000003321,nan,0.6165151566267012
4,AINR,gated,111,0,1,0,1,65.01639999987674,nan,0.6165151566267012
4,AINR,gated,112,0,1,0,1,53.90460000035091,nan,0.6165151566267012
4,AINR,gated,113,0,1,0,1,49.92510000010952,nan,0.6165151566267012
4,AINR,gated,114,0,1,0,1,63.91749999966123,nan,0.6165151566267012
4,AINR,gated,115,0,1,0,1,64.98040000042238,nan,0.6165151566267012
4,AINR,gated,116,0,1,0,1,63.18060000012338,nan,0.6165151566267012
4,AINR,gated,117,0,1,0,1,55.83569999998872,nan,0.6165151566267012
4,AINR,gated,118,0,1,0,1,45.00110000026325,nan,0.6165151566267012
4,AINR,gated,119,0,1,0,1,55.42280000008759,nan,0.6165151566267012
4,AINR,gated,120,0,1,0,1,73.14769999993587,nan,0.6165151566267012
4,AINR,gated,121,0,1,0,1,52.19860000033805,nan,0.6165151566267012
4,AINR,gated,122,0,1,0,1,66.77839999974822,nan,0.6165151566267012
4,AINR,gated,123,0,1,0,1,60.376799999176,nan,0.6165151566267012
4,AINR,gated,124,0,1,0,1,53.5319000000527,nan,0.6165151566267012
4,AINR,gated,125,0,1,0,1,60.99689999973634,nan,0.6165151566267012
4,AINR,gated,126,0,1,0,1,69.31989999975485,nan,0.6165151566267012
4,AINR,gated,127,0,1,0,1,57.9024999997273,nan,0.6165151566267012
4,AINR,gated,128,0,1,0,1,50.765599999976985,nan,0.6165151566267012
4,AINR,gated,129,0,1,0,1,67.49689999924158,nan,0.6165151566267012
4,AINR,gated,130,0,1,0,1,57.82840000028955,nan,0.6165151566267012
4,AINR,gated,131,0,1,0,1,57.25280000024213,nan,0.6165151566267012
4,AINR,gated,132,0,1,0,1,52.61710000013409,nan,0.6165151566267012
4,AINR,gated,133,0,1,0,1,48.768099999506376,nan,0.6165151566267012
4,AINR,gated,134,0,1,0,1,66.6030000002138,nan,0.6165151566267012
4,AINR,gated,135,0,1,0,1,61.61400000019057,nan,0.6165151566267012
4,AINR,gated,136,0,1,0,1,55.36819999997533,nan,0.6165151566267012
4,AINR,gated,137,0,1,0,1,52.90640000021085,nan,0.6165151566267012
4,AINR,gated,138,0,1,0,1,63.488699999652454,nan,0.6165151566267012
4,AINR,gated,139,0,1,0,1,68.52160000016738,nan,0.6165151566267012
4,AINR,gated,140,0,1,0,1,61.62109999968379,nan,0.6165151566267012
4,AINR,gated,141,0,1,0,1,53.811599999789905,nan,0.6165151566267012
4,AINR,gated,142,0,1,0,1,54.160000000592845,nan,0.6165151566267012
4,AINR,gated,143,0,1,0,1,49.12429999967571,nan,0.6165151566267012
4,AINR,gated,144,0,1,0,1,63.280200000008335,nan,0.6165151566267012
4,AINR,gated,145,0,1,0,1,66.32439999975759,nan,0.6165151566267012
4,AINR,gated,146,0,1,0,1,55.99100000017643,nan,0.6165151566267012
4,AINR,gated,147,0,1,0,1,51.781600000140315,nan,0.6165151566267012
4,AINR,gated,148,0,1,0,1,75.01669999965088,nan,0.6165151566267012
4,AINR,gated,149,0,1,0,1,62.960900000689435,nan,0.6165151566267012
4,AINR,gated,150,0,1,0,1,63.3218000002671,nan,0.6165151566267012
4,AINR,gated,151,0,1,0,1,68.95079999958398,nan,0.6165151566267012
4,AINR,gated,152,0,1,0,1,59.28649999987101,nan,0.6165151566267012
4,AINR,gated,153,0,1,0,1,58.73700000029203,nan,0.6165151566267012
4,AINR,gated,154,0,1,0,1,63.58469999941008,nan,0.6165151566267012
4,AINR,gated,155,0,1,0,1,60.81520000043383,nan,0.6165151566267012
4,AINR,gated,156,0,1,0,1,55.57070000031672,nan,0.6165151566267012
4,AINR,gated,157,0,1,0,1,51.030700000410434,nan,0.6165151566267012
4,AINR,gated,158,0,1,0,1,57.735999999749765,nan,0.6165151566267012
4,AINR,gated,159,0,1,0,1,70.0286999999662,nan,0.6165151566267012
4,AINR,gated,160,0,1,0,1,59.46760000006179,nan,0.6165151566267012
4,AINR,gated,161,0,1,0,1,57.76580000019749,nan,0.6165151566267012
4,AINR,gated,162,0,1,0,1,55.776000000150816,nan,0.6165151566267012
4,AINR,gated,163,0,1,0,1,66.79869999970833,nan,0.6165151566267012
4,AINR,gated,164,0,1,0,1,60.22080000002461,nan,0.6165151566267012
4,AINR,gated,165,0,1,0,1,55.792099999962375,nan,0.6165151566267012
4,AINR,gated,166,0,1,0,1,50.86149999988265,nan,0.6165151566267012
4,AINR,gated,167,0,1,0,1,50.5434000006062,nan,0.6165151566267012
4,AINR,gated,168,0,1,0,1,56.4844999998968,nan,0.6165151566267012
4,AINR,gated,169,0,1,0,1,69.03869999950984,nan,0.6165151566267012
4,AINR,gated,170,0,1,0,1,58.992700000089826,nan,0.6165151566267012
4,AINR,gated,171,0,1,0,1,57.55640000006679,nan,0.6165151566267012
4,AINR,gated,172,0,1,0,1,49.279000000751694,nan,0.6165151566267012
4,AINR,gated,173,0,1,0,1,61.417400000209454,nan,0.6165151566267012
4,AINR,gated,174,0,1,0,1,60.24170000000595,nan,0.6165151566267012
4,AINR,gated,175,0,1,0,1,53.73249999956897,nan,0.6165151566267012
4,AINR,gated,176,0,1,0,1,51.090999999360065,nan,0.6165151566267012
4,AINR,gated,177,0,1,0,1,60.21439999949507,nan,0.6165151566267012
4,AINR,gated,178,0,1,0,1,71.04559999970661,nan,0.6165151566267012
4,AINR,gated,179,0,1,0,1,58.37900000005902,nan,0.6165151566267012
4,AINR,gated,180,0,1,0,1,56.70129999998608,nan,0.6165151566267012
4,AINR,gated,181,0,1,0,1,69.59230000029493,nan,0.6165151566267012
4,AINR,gated,182,0,1,0,1,57.58900000000722,nan,0.6165151566267012
4,AINR,gated,183,0,1,0,1,53.55859999963286,nan,0.6165151566267012
4,AINR,gated,184,0,1,0,1,59.74609999975655,nan,0.6165151566267012
4,AINR,gated,185,0,1,0,1,70.3880000000936,nan,0.6165151566267012
4,AINR,gated,186,0,1,0,1,54.12510000041948,nan,0.6165151566267012
4,AINR,gated,187,0,1,0,1,50.43569999997999,nan,0.6165151566267012
4,AINR,gated,188,0,1,0,1,61.7247000000134,nan,0.6165151566267012
4,AINR,gated,189,0,1,0,1,73.32580000002054,nan,0.6165151566267012
4,AINR,gated,190,0,1,0,1,55.02549999982875,nan,0.6165151566267012
4,AINR,gated,191,0,1,0,1,53.39350000031118,nan,0.6165151566267012
4,AINR,gated,192,0,1,0,1,52.34160000054544,nan,0.6165151566267012
4,AINR,gated,193,0,1,0,1,71.7928000003667,nan,0.6165151566267012
4,AINR,gated,194,0,1,0,1,58.87119999988499,nan,0.6165151566267012
4,AINR,gated,195,0,1,0,1,53.205700000034994,nan,0.6165151566267012
4,AINR,gated,196,0,1,0,1,53.05179999959364,nan,0.6165151566267012
4,AINR,gated,197,0,1,0,1,61.67660000028263,nan,0.6165151566267012
4,AINR,gated,198,0,1,0,1,60.08990000009362,nan,0.6165151566267012
4,AINR,gated,199,0,1,0,1,58.155500000793836,nan,0.6165151566267012
4,AINR,gated,200,0,1,0,1,52.1865999999136,nan,0.6165151566267012
4,AINR,gated,201,0,1,0,1,49.32189999999537,nan,0.6165151566267012
4,AINR,gated,202,0,1,0,1,60.142500000438304,nan,0.6165151566267012
4,AINR,gated,203,0,1,0,1,66.98640000013256,nan,0.6165151566267012
4,AINR,gated,204,0,1,0,1,56.14700000023731,nan,0.6165151566267012
4,AINR,gated,205,0,1,0,1,52.916899999218,nan,0.6165151566267012
4,AINR,gated,206,0,1,0,1,66.84969999969326,nan,0.6165151566267012
4,AINR,gated,207,0,1,0,1,67.54129999990255,nan,0.6165151566267012
4,AINR,gated,208,0,1,0,1,54.00850000023638,nan,0.6165151566267012
4,AINR,gated,209,0,1,0,1,52.270799999860174,nan,0.6165151566267012
4,AINR,gated,210,0,1,0,1,65.08200000007491,nan,0.6165151566267012
4,AINR,gated,211,0,1,0,1,63.41480000082811,nan,0.6165151566267012
4,AINR,gated,212,0,1,0,1,55.908099999214755,nan,0.6165151566267012
4,AINR,gated,213,0,1,0,1,52.526700000271376,nan,0.6165151566267012
4,AINR,gated,214,0,1,0,1,65.08539999958884,nan,0.6165151566267012
4,AINR,gated,215,0,1,0,1,67.3317999999199,nan,0.6165151566267012
4,AINR,gated,216,0,1,0,1,57.20320000000356,nan,0.6165151566267012
4,AINR,gated,217,0,1,0,1,50.959100000000035,nan,0.6165151566267012
4,AINR,gated,218,0,1,0,1,58.52070000037202,nan,0.6165151566267012
4,AINR,gated,219,0,1,0,1,69.74479999917094,nan,0.6165151566267012
4,AINR,gated,220,0,1,0,1,56.95990000003803,nan,0.6165151566267012
4,AINR,gated,221,0,1,0,1,50.664100000176404,nan,0.6165151566267012
4,AINR,gated,222,0,1,0,1,53.99230000057287,nan,0.6165151566267012
4,AINR,gated,223,0,1,0,1,69.53419999990729,nan,0.6165151566267012
4,AINR,gated,224,0,1,0,1,58.01869999959308,nan,0.6165151566267012
4,AINR,gated,225,0,1,0,1,51.189099999646714,nan,0.6165151566267012
4,AINR,gated,226,0,1,0,1,63.52909999986878,nan,0.6165151566267012
4,AINR,gated,227,0,1,0,1,67.85000000036234,nan,0.6165151566267012
4,AINR,gated,228,0,1,0,1,55.7079000000158,nan,0.6165151566267012
4,AINR,gated,229,0,1,0,1,52.15279999993072,nan,0.6165151566267012
4,AINR,gated,230,0,1,0,1,64.0678999998272,nan,0.6165151566267012
4,AINR,gated,231,0,1,0,1,61.8598999999449,nan,0.6165151566267012
4,AINR,gated,232,0,1,0,1,54.14999999993597,nan,0.6165151566267012
4,AINR,gated,233,0,1,0,1,51.17380000046978,nan,0.6165151566267012
4,AINR,gated,234,0,1,0,1,58.78069999926083,nan,0.6165151566267012
4,AINR,gated,235,0,1,0,1,64.02260000049864,nan,0.6165151566267012
4,AINR,gated,236,0,1,0,1,54.620700000668876,nan,0.6165151566267012
4,AINR,gated,237,0,1,0,1,53.643799999917974,nan,0.6165151566267012
4,AINR,gated,238,0,1,0,1,49.471100000118895,nan,0.6165151566267012
4,AINR,gated,239,0,1,0,1,61.87649999992573,nan,0.6165151566267012
4,AINR,gated,240,0,1,0,1,64.80410000040138,nan,0.6165151566267012
4,AINR,gated,241,0,1,0,1,58.269299999665236,nan,0.6165151566267012
4,AINR,gated,242,0,1,0,1,49.738199999410426,nan,0.6165151566267012
4,AINR,gated,243,0,1,0,1,50.31189999954222,nan,0.6165151566267012
4,AINR,gated,244,0,1,0,1,61.4503999995577,nan,0.6165151566267012
4,AINR,gated,245,0,1,0,1,67.55270000030578,nan,0.6165151566267012
4,AINR,gated,246,0,1,0,1,56.61289999989094,nan,0.6165151566267012
4,AINR,gated,247,0,1,0,1,55.236999999578984,nan,0.6165151566267012
4,AINR,gated,248,0,1,0,1,58.57839999953285,nan,0.6165151566267012
4,AINR,gated,249,0,1,0,1,70.75339999937569,nan,0.6165151566267012
4,AINR,gated,250,0,1,0,1,56.547999999565945,nan,0.6165151566267012
4,AINR,gated,251,0,1,0,1,50.710999999864725,nan,0.6165151566267012
4,AINR,gated,252,0,1,0,1,61.354600000413484,nan,0.6165151566267012
4,AINR,gated,253,0,1,0,1,70.79859999976179,nan,0.6165151566267012
4,AINR,gated,254,0,1,0,1,56.98539999957575,nan,0.6165151566267012
4,AINR,gated,255,0,1,0,1,63.587500000721775,nan,0.6165151566267012
4,AINR,gated,256,0,1,0,1,77.90960000056657,nan,0.6165151566267012
4,AINR,gated,257,0,1,0,1,67.90839999939635,nan,0.6165151566267012
4,AINR,gated,258,0,1,0,1,60.043899999982386,nan,0.6165151566267012
4,AINR,gated,259,0,1,0,1,68.85939999938273,nan,0.6165151566267012
4,AINR,gated,260,0,1,0,1,76.11029999952734,nan,0.6165151566267012
4,AINR,gated,261,0,1,0,1,59.013400000367255,nan,0.6165151566267012
4,AINR,gated,262,0,1,0,1,54.072099999757484,nan,0.6165151566267012
4,AINR,gated,263,0,1,0,1,53.21820000062871,nan,0.6165151566267012
4,AINR,gated,264,0,1,0,1,69.61229999978968,nan,0.6165151566267012
4,AINR,gated,265,0,1,0,1,57.62349999986327,nan,0.6165151566267012
4,AINR,gated,266,0,1,0,1,52.96219999945606,nan,0.6165151566267012
4,AINR,gated,267,0,1,0,1,60.11650000073132,nan,0.6165151566267012
4,AINR,gated,268,0,1,0,1,69.32710000000952,nan,0.6165151566267012
4,AINR,gated,269,0,1,0,1,55.75059999955556,nan,0.6165151566267012
4,AINR,gated,270,0,1,0,1,66.46470000032423,nan,0.6165151566267012
4,AINR,gated,271,0,1,0,1,62.9756999996971,nan,0.6165151566267012
4,AINR,gated,272,0,1,0,1,52.69809999936115,nan,0.6165151566267012
4,AINR,gated,273,0,1,0,1,52.81070000000909,nan,0.6165151566267012
4,AINR,gated,274,0,1,0,1,50.257199999578006,nan,0.6165151566267012
4,AINR,gated,275,0,1,0,1,68.67460000012215,nan,0.6165151566267012
4,AINR,gated,276,0,1,0,1,62.8831000003629,nan,0.6165151566267012
4,AINR,gated,277,0,1,0,1,54.924299999584036,nan,0.6165151566267012
4,AINR,gated,278,0,1,0,1,52.060299999538984,nan,0.6165151566267012
4,AINR,gated,279,0,1,0,1,73.51659999949334,nan,0.6165151566267012
4,AINR,gated,280,0,1,0,1,60.68390000018553,nan,0.6165151566267012
4,AINR,gated,281,0,1,0,1,56.39340000016091,nan,0.6165151566267012
4,AINR,gated,282,0,1,0,1,57.26739999954589,nan,0.6165151566267012
4,AINR,gated,283,0,1,0,1,52.50499999965541,nan,0.6165151566267012
4,AINR,gated,284,0,1,0,1,72.81939999938913,nan,0.6165151566267012
4,AINR,gated,285,0,1,0,1,63.51970000014262,nan,0.6165151566267012
4,AINR,gated,286,0,1,0,1,57.66159999984666,nan,0.6165151566267012
4,AINR,gated,287,0,1,0,1,54.01510000046983,nan,0.6165151566267012
4,AINR,gated,288,0,1,0,1,57.65550000069197,nan,0.6165151566267012
4,AINR,gated,289,0,1,0,1,60.35260000044218,nan,0.6165151566267012
4,AINR,gated,290,0,1,0,1,67.29559999985213,nan,0.6165151566267012
4,AINR,gated,291,0,1,0,1,55.33189999914612,nan,0.6165151566267012
4,AINR,gated,292,0,1,0,1,52.11630000030709,nan,0.6165151566267012
4,AINR,gated,293,0,1,0,1,50.38520000016433,nan,0.6165151566267012
4,AINR,gated,294,0,1,0,1,60.848400000395486,nan,0.6165151566267012
4,AINR,gated,295,0,1,0,1,63.11699999969278,nan,0.6165151566267012
4,AINR,gated,296,0,1,0,1,56.55300000034913,nan,0.6165151566267012
4,AINR,gated,297,0,1,0,1,51.69399999977031,nan,0.6165151566267012
4,AINR,gated,298,0,1,0,1,63.41089999932592,nan,0.6165151566267012
4,AINR,gated,299,0,1,0,1,69.83620000028168,nan,0.6165151566267012
4,AINR,gated,300,0,1,0,1,57.59370000032504,nan,0.6165151566267012
4,AINR,gated,301,0,1,0,1,56.31219999941095,nan,0.6165151566267012
4,AINR,gated,302,0,1,0,1,70.6238000002486,nan,0.6165151566267012
4,AINR,gated,303,0,1,0,1,57.9821000001175,nan,0.6165151566267012
4,AINR,gated,304,0,1,0,1,54.80559999978141,nan,0.6165151566267012
4,AINR,gated,305,0,1,0,1,50.23529999925813,nan,0.6165151566267012
4,AINR,gated,306,0,1,0,1,71.61509999968985,nan,0.6165151566267012
4,AINR,gated,307,0,1,0,1,58.596299999408075,nan,0.6165151566267012
4,AINR,gated,308,0,1,0,1,57.02550000023621,nan,0.6165151566267012
4,AINR,gated,309,0,1,0,1,52.62959999981831,nan,0.6165151566267012
4,AINR,gated,310,0,1,0,1,69.46470000002591,nan,0.6165151566267012
4,AINR,gated,311,0,1,0,1,68.57209999998304,nan,0.6165151566267012
4,AINR,gated,312,0,1,0,1,57.43549999988318,nan,0.6165151566267012
4,AINR,gated,313,0,1,0,1,47.41659999945114,nan,0.6165151566267012
4,AINR,gated,314,0,1,0,1,68.66440000067087,nan,0.6165151566267012
4,AINR,gated,315,0,1,0,1,56.60439999974187,nan,0.6165151566267012
4,AINR,gated,316,0,1,0,1,52.548599999681755,nan,0.6165151566267012
4,AINR,gated,317,0,1,0,1,47.43620000044757,nan,0.6165151566267012
4,AINR,gated,318,0,1,0,1,50.862600000073144,nan,0.6165151566267012
4,AINR,gated,319,0,1,0,1,70.04380000034871,nan,0.6165151566267012
4,AINR,gated,320,0,1,0,1,60.0893000000724,nan,0.6165151566267012
4,AINR,gated,321,0,1,0,1,57.218000000830216,nan,0.6165151566267012
4,AINR,gated,322,0,1,0,1,52.83580000013899,nan,0.6165151566267012
4,AINR,gated,323,0,1,0,1,71.85919999938051,nan,0.6165151566267012
4,AINR,gated,324,0,1,0,1,58.38620000031369,nan,0.6165151566267012
4,AINR,gated,325,0,1,0,1,48.74720000043453,nan,0.6165151566267012
4,AINR,gated,326,0,1,0,1,60.00229999972362,nan,0.6165151566267012
4,AINR,gated,327,0,1,0,1,63.010299999405106,nan,0.6165151566267012
4,AINR,gated,328,0,1,0,1,56.16009999994276,nan,0.6165151566267012
4,AINR,gated,329,0,1,0,1,54.475799999636365,nan,0.6165151566267012
4,AINR,gated,330,0,1,0,1,56.428399999276735,nan,0.6165151566267012
4,AINR,gated,331,0,1,0,1,69.39280000005965,nan,0.6165151566267012
4,AINR,gated,332,0,1,0,1,59.10829999993439,nan,0.6165151566267012
4,AINR,gated,333,0,1,0,1,50.36160000054224,nan,0.6165151566267012
4,AINR,gated,334,0,1,0,1,67.88950000009208,nan,0.6165151566267012
4,AINR,gated,335,0,1,0,1,66.84330000007321,nan,0.6165151566267012
4,AINR,gated,336,0,1,0,1,65.86479999987205,nan,0.6165151566267012
4,AINR,gated,337,0,1,0,1,74.47359999969194,nan,0.6165151566267012
4,AINR,gated,338,0,1,0,1,59.568799999397015,nan,0.6165151566267012
4,AINR,gated,339,0,1,0,1,52.910399999746005,nan,0.6165151566267012
4,AINR,gated,340,0,1,0,1,49.7681000006196,nan,0.6165151566267012
4,AINR,gated,341,0,1,0,1,59.993900000336,nan,0.6165151566267012
4,AINR,gated,342,0,1,0,1,70.21660000009433,nan,0.6165151566267012
4,AINR,gated,343,0,1,0,1,60.30159999954776,nan,0.6165151566267012
4,AINR,gated,344,0,1,0,1,56.0605000000578,nan,0.6165151566267012
4,AINR,gated,345,0,1,0,1,71.0412999997061,nan,0.6165151566267012
4,AINR,gated,346,0,1,0,1,56.46879999949306,nan,0.6165151566267012
4,AINR,gated,347,0,1,0,1,55.3728000004412,nan,0.6165151566267012
4,AINR,gated,348,0,1,0,1,60.89869999959774,nan,0.6165151566267012
4,AINR,gated,349,0,1,0,1,72.54879999982222,nan,0.6165151566267012
4,AINR,gated,350,0,1,0,1,58.72619999991002,nan,0.6165151566267012
4,AINR,gated,351,0,1,0,1,53.97679999987304,nan,0.6165151566267012
4,AINR,gated,352,0,1,0,1,66.6518999996697,nan,0.6165151566267012
4,AINR,gated,353,0,1,0,1,66.8562999999267,nan,0.6165151566267012
4,AINR,gated,354,0,1,0,1,57.323799999721814,nan,0.6165151566267012
4,AINR,gated,355,0,1,0,1,52.48990000018239,nan,0.6165151566267012
4,AINR,gated,356,0,1,0,1,57.22499999956199,nan,0.6165151566267012
4,AINR,gated,357,0,1,0,1,62.40830000024289,nan,0.6165151566267012
4,AINR,gated,358,0,1,0,1,77.4200000005294,nan,0.6165151566267012
4,AINR,gated,359,0,1,0,1,61.053200000060315,nan,0.6165151566267012
4,AINR,gated,360,0,1,0,1,63.315200000033656,nan,0.6165151566267012
4,AINR,gated,361,0,1,0,1,53.343300000051386,nan,0.6165151566267012
4,AINR,gated,362,0,1,0,1,65.95409999954427,nan,0.6165151566267012
4,AINR,gated,363,0,1,0,1,75.4784999999174,nan,0.6165151566267012
4,AINR,gated,364,0,1,0,1,62.99849999959406,nan,0.6165151566267012
4,AINR,gated,365,0,1,0,1,53.49720000049274,nan,0.6165151566267012
4,AINR,gated,366,0,1,0,1,50.91119999997318,nan,0.6165151566267012
4,AINR,gated,367,0,1,0,1,57.63600000045699,nan,0.6165151566267012
4,AINR,gated,368,0,1,0,1,69.58620000023075,nan,0.6165151566267012
4,AINR,gated,369,0,1,0,1,51.61450000014156,nan,0.6165151566267012
4,AINR,gated,370,0,1,0,1,66.45250000019587,nan,0.6165151566267012
4,AINR,gated,371,0,1,0,1,85.40700000048673,nan,0.6165151566267012
4,AINR,gated,372,0,1,0,1,70.23350000054052,nan,0.6165151566267012
4,AINR,gated,373,0,1,0,1,51.44699999982549,nan,0.6165151566267012
4,AINR,gated,374,0,1,0,1,50.42200000025332,nan,0.6165151566267012
4,AINR,gated,375,0,1,0,1,64.02179999986402,nan,0.6165151566267012
4,AINR,gated,376,0,1,0,1,73.54949999989913,nan,0.6165151566267012
4,AINR,gated,377,0,1,0,1,59.06940000022587,nan,0.6165151566267012
4,AINR,gated,378,0,1,0,1,51.289600000018254,nan,0.6165151566267012
4,AINR,gated,379,0,1,0,1,60.42299999990064,nan,0.6165151566267012
4,AINR,gated,380,0,1,0,1,66.68329999956768,nan,0.6165151566267012
4,AINR,gated,381,0,1,0,1,53.822500000023865,nan,0.6165151566267012
4,AINR,gated,382,0,1,0,1,93.7130000002071,nan,0.6165151566267012
4,AINR,gated,383,0,1,0,1,59.10380000022997,nan,0.6165151566267012
4,AINR,gated,384,0,1,0,1,56.26349999965896,nan,0.6165151566267012
4,AINR,gated,385,0,1,0,1,53.0508000001646,nan,0.6165151566267012
4,AINR,gated,386,0,1,0,1,70.9023999997953,nan,0.6165151566267012
4,AINR,gated,387,0,1,0,1,55.72740000025078,nan,0.6165151566267012
4,AINR,gated,388,0,1,0,1,55.54149999989022,nan,0.6165151566267012
4,AINR,gated,389,0,1,0,1,50.33519999960845,nan,0.6165151566267012
4,AINR,gated,390,0,1,0,1,67.38040000072942,nan,0.6165151566267012
4,AINR,gated,391,0,1,0,1,60.53509999946982,nan,0.6165151566267012
4,AINR,gated,392,0,1,0,1,55.75819999921805,nan,0.6165151566267012
4,AINR,gated,393,0,1,0,1,49.59879999933037,nan,0.6165151566267012
4,AINR,gated,394,0,1,0,1,54.97829999967507,nan,0.6165151566267012
4,AINR,gated,395,0,1,0,1,70.89619999987917,nan,0.6165151566267012
4,AINR,gated,396,0,1,0,1,57.07609999990382,nan,0.6165151566267012
4,AINR,gated,397,0,1,0,1,57.39660000017466,nan,0.6165151566267012
4,AINR,gated,398,0,1,0,1,50.02879999938159,nan,0.6165151566267012
4,AINR,gated,399,0,1,0,1,55.46000000049389,nan,0.6165151566267012
4,AINR,gated,400,0,1,0,1,70.7434000005378,nan,0.6165151566267012
4,AINR,gated,401,0,1,0,1,57.30210000001534,nan,0.6165151566267012
4,AINR,gated,402,0,1,0,1,53.85339999975258,nan,0.6165151566267012
4,AINR,gated,403,0,1,0,1,57.98439999944094,nan,0.6165151566267012
4,AINR,gated,404,0,1,0,1,69.4895999995424,nan,0.6165151566267012
4,AINR,gated,405,0,1,0,1,58.10219999966648,nan,0.6165151566267012
4,AINR,gated,406,0,1,0,1,54.81240000062826,nan,0.6165151566267012
4,AINR,gated,407,0,1,0,1,62.31469999966066,nan,0.6165151566267012
4,AINR,gated,408,0,1,0,1,69.29289999970933,nan,0.6165151566267012
4,AINR,gated,409,0,1,0,1,56.625700000040524,nan,0.6165151566267012
4,AINR,gated,410,0,1,0,1,50.536799999463256,nan,0.6165151566267012
4,AINR,gated,411,0,1,0,1,60.68929999946704,nan,0.6165151566267012
4,AINR,gated,412,0,1,0,1,66.64420000015525,nan,0.6165151566267012
4,AINR,gated,413,0,1,0,1,54.05049999990297,nan,0.6165151566267012
4,AINR,gated,414,0,1,0,1,53.8142000004882,nan,0.6165151566267012
4,AINR,gated,415,0,1,0,1,61.74210000062885,nan,0.6165151566267012
4,AINR,gated,416,0,1,0,1,68.03399999989779,nan,0.6165151566267012
4,AINR,gated,417,0,1,0,1,62.85699999989447,nan,0.6165151566267012
4,AINR,gated,418,0,1,0,1,57.144700000208104,nan,0.6165151566267012
4,AINR,gated,419,0,1,0,1,49.50280000048224,nan,0.6165151566267012
4,AINR,gated,420,0,1,0,1,62.729500000386906,nan,0.6165151566267012
4,AINR,gated,421,0,1,0,1,70.39840000015829,nan,0.6165151566267012
4,AINR,gated,422,0,1,0,1,59.323500000573404,nan,0.6165151566267012
4,AINR,gated,423,0,1,0,1,55.53909999980533,nan,0.6165151566267012
4,AINR,gated,424,0,1,0,1,49.50290000033419,nan,0.6165151566267012
4,AINR,gated,425,0,1,0,1,50.04819999976462,nan,0.6165151566267012
4,AINR,gated,426,0,1,0,1,52.77639999985695,nan,0.6165151566267012
4,AINR,gated,427,0,1,0,1,68.27569999950356,nan,0.6165151566267012
4,AINR,gated,428,0,1,0,1,62.40429999979824,nan,0.6165151566267012
4,AINR,gated,429,0,1,0,1,56.05050000031042,nan,0.6165151566267012
4,AINR,gated,430,0,1,0,1,50.014399999781745,nan,0.6165151566267012
4,AINR,gated,431,0,1,0,1,56.96239999997488,nan,0.6165151566267012
4,AINR,gated,432,0,1,0,1,65.46119999984512,nan,0.6165151566267012
4,AINR,gated,433,0,1,0,1,62.05430000045453,nan,0.6165151566267012
4,AINR,gated,434,0,1,0,1,57.09449999994831,nan,0.6165151566267012
4,AINR,gated,435,0,1,0,1,49.10419999941951,nan,0.6165151566267012
4,AINR,gated,436,0,1,0,1,52.52370000016526,nan,0.6165151566267012
4,AINR,gated,437,0,1,0,1,72.87470000028407,nan,0.6165151566267012
4,AINR,gated,438,0,1,0,1,45.50539999945613,nan,0.6165151566267012
4,AINR,gated,439,0,1,0,1,58.57879999985016,nan,0.6165151566267012
4,AINR,gated,440,0,1,0,1,69.75799999963783,nan,0.6165151566267012
4,AINR,gated,441,0,1,0,1,56.32620000051247,nan,0.6165151566267012
4,AINR,gated,442,0,1,0,1,51.16580000048998,nan,0.6165151566267012
4,AINR,gated,443,0,1,0,1,49.73950000021432,nan,0.6165151566267012
4,AINR,gated,444,0,1,0,1,62.99959999978455,nan,0.6165151566267012
4,AINR,gated,445,0,1,0,1,67.97699999970064,nan,0.6165151566267012
4,AINR,gated,446,0,1,0,1,57.53360000016983,nan,0.6165151566267012
4,AINR,gated,447,0,1,0,1,53.205700000034994,nan,0.6165151566267012
4,AINR,gated,448,0,1,0,1,61.98909999966418,nan,0.6165151566267012
4,AINR,gated,449,0,1,0,1,67.5333999997747,nan,0.6165151566267012
4,AINR,gated,450,0,1,0,1,62.23260000024311,nan,0.6165151566267012
4,AINR,gated,451,0,1,0,1,57.10279999948398,nan,0.6165151566267012
4,AINR,gated,452,0,1,0,1,72.93479999952979,nan,0.6165151566267012
4,AINR,gated,453,0,1,0,1,54.628300000331365,nan,0.6165151566267012
4,AINR,gated,454,0,1,0,1,55.67830000018148,nan,0.6165151566267012
4,AINR,gated,455,0,1,0,1,57.97359999996843,nan,0.6165151566267012
4,AINR,gated,456,0,1,0,1,72.49920000049315,nan,0.6165151566267012
4,AINR,gated,457,0,1,0,1,55.7515999998941,nan,0.6165151566267012
4,AINR,gated,458,0,1,0,1,55.29940000087663,nan,0.6165151566267012
4,AINR,gated,459,0,1,0,1,57.59390000002895,nan,0.6165151566267012
4,AINR,gated,460,0,1,0,1,70.18380000044999,nan,0.6165151566267012
4,AINR,gated,461,0,1,0,1,57.8667999998288,nan,0.6165151566267012
4,AINR,gated,462,0,1,0,1,54.78099999982078,nan,0.6165151566267012
4,AINR,gated,463,0,1,0,1,60.17550000069605,nan,0.6165151566267012
4,AINR,gated,464,0,1,0,1,69.47589999981574,nan,0.6165151566267012
4,AINR,gated,465,0,1,0,1,62.527500000214786,nan,0.6165151566267012
4,AINR,gated,466,0,1,0,1,57.29220000011992,nan,0.6165151566267012
4,AINR,gated,467,0,1,0,1,58.19069999961357,nan,0.6165151566267012
4,AINR,gated,468,0,1,0,1,73.636300000544,nan,0.6165151566267012
4,AINR,gated,469,0,1,0,1,59.040200000708865,nan,0.6165151566267012
4,AINR,gated,470,0,1,0,1,57.51520000012533,nan,0.6165151566267012
4,AINR,gated,471,0,1,0,1,52.38519999966229,nan,0.6165151566267012
4,AINR,gated,472,0,1,0,1,50.1962000007552,nan,0.6165151566267012
4,AINR,gated,473,0,1,0,1,61.56060000012076,nan,0.6165151566267012
4,AINR,gated,474,0,1,0,1,70.21910000003118,nan,0.6165151566267012
4,AINR,gated,475,0,1,0,1,59.05350000011822,nan,0.6165151566267012
4,AINR,gated,476,0,1,0,1,54.04079999971145,nan,0.6165151566267012
4,AINR,gated,477,0,1,0,1,71.3569000008647,nan,0.6165151566267012
4,AINR,gated,478,0,1,0,1,56.40960000073392,nan,0.6165151566267012
4,AINR,gated,479,0,1,0,1,54.373199999645294,nan,0.6165151566267012
4,AINR,gated,480,0,1,0,1,57.51129999953264,nan,0.6165151566267012
4,AINR,gated,481,0,1,0,1,72.91449999956967,nan,0.6165151566267012
4,AINR,gated,482,0,1,0,1,58.25289999938832,nan,0.6165151566267012
4,AINR,gated,483,0,1,0,1,53.105199999663455,nan,0.6165151566267012
4,AINR,gated,484,0,1,0,1,52.63780000041152,nan,0.6165151566267012
4,AINR,gated,485,0,1,0,1,65.97690000035072,nan,0.6165151566267012
4,AINR,gated,486,0,1,0,1,63.5152000004382,nan,0.6165151566267012
4,AINR,gated,487,0,1,0,1,55.50870000024588,nan,0.6165151566267012
4,AINR,gated,488,0,1,0,1,54.7100000003411,nan,0.6165151566267012
4,AINR,gated,489,0,1,0,1,60.3542999997444,nan,0.6165151566267012
4,AINR,gated,490,0,1,0,1,67.83330000052956,nan,0.6165151566267012
4,AINR,gated,491,0,1,0,1,56.306499999664084,nan,0.6165151566267012
4,AINR,gated,492,0,1,0,1,50.257699999747274,nan,0.6165151566267012
4,AINR,gated,493,0,1,0,1,65.08649999977933,nan,0.6165151566267012
4,AINR,gated,494,0,1,0,1,69.01960000050167,nan,0.6165151566267012
4,AINR,gated,495,0,1,0,1,58.02250000033382,nan,0.6165151566267012
4,AINR,gated,496,0,1,0,1,53.304999999454594,nan,0.6165151566267012
4,AINR,gated,497,0,1,0,1,61.76649999997608,nan,0.6165151566267012
4,AINR,gated,498,0,1,0,1,60.87050000041927,nan,0.6165151566267012
4,AINR,gated,499,0,1,0,1,58.74210000001767,nan,0.6165151566267012
4,AINR,gated,500,0,1,0,1,67.23190000047907,nan,0.6165151566267012
4,AINR,gated,501,0,1,0,1,67.19200000043202,nan,0.6165151566267012
4,AINR,gated,502,0,1,0,1,59.36389999988023,nan,0.6165151566267012
4,AINR,gated,503,0,1,0,1,50.337300000137475,nan,0.6165151566267012
4,AINR,gated,504,0,1,0,1,60.700199999701,nan,0.6165151566267012
4,AINR,gated,505,0,1,0,1,63.908400000400434,nan,0.6165151566267012
4,AINR,gated,506,0,1,0,1,57.405800000196905,nan,0.6165151566267012
4,AINR,gated,507,0,1,0,1,52.68279999927472,nan,0.6165151566267012
4,AINR,gated,508,0,1,0,1,60.02619999981107,nan,0.6165151566267012
4,AINR,gated,509,0,1,0,1,70.75170000007347,nan,0.6165151566267012
4,AINR,gated,510,0,1,0,1,59.070100000099046,nan,0.6165151566267012
4,AINR,gated,511,0,1,0,1,53.009799999927054,nan,0.6165151566267012
4,AINR,gated,512,0,1,0,1,56.92419999923004,nan,0.6165151566267012
4,AINR,gated,513,0,1,0,1,70.78110000020388,nan,0.6165151566267012
4,AINR,gated,514,0,1,0,1,58.766499999364896,nan,0.6165151566267012
4,AINR,gated,515,0,1,0,1,51.78280000018276,nan,0.6165151566267012
4,AINR,gated,516,0,1,0,1,51.88160000034259,nan,0.6165151566267012
4,AINR,gated,517,0,1,0,1,51.63619999984803,nan,0.6165151566267012
4,AINR,gated,518,0,1,0,1,58.94030000035855,nan,0.6165151566267012
4,AINR,gated,519,0,1,0,1,70.98059999952966,nan,0.6165151566267012
4,AINR,gated,520,0,1,0,1,66.81709999975283,nan,0.6165151566267012
4,AINR,gated,521,0,1,0,1,57.98869999944145,nan,0.6165151566267012
4,AINR,gated,522,0,1,0,1,53.61260000063339,nan,0.6165151566267012
4,AINR,gated,523,0,1,0,1,74.13199999973585,nan,0.6165151566267012
4,AINR,gated,524,0,1,0,1,57.141199999932724,nan,0.6165151566267012
4,AINR,gated,525,0,1,0,1,58.72799999997369,nan,0.6165151566267012
4,AINR,gated,526,0,1,0,1,56.076199999552045,nan,0.6165151566267012
4,AINR,gated,527,0,1,0,1,53.75350000031176,nan,0.6165151566267012
4,AINR,gated,528,0,1,0,1,51.66149999968184,nan,0.6165151566267012
4,AINR,gated,529,0,1,0,1,64.84099999943282,nan,0.6165151566267012
4,AINR,gated,530,0,1,0,1,57.277500000054715,nan,0.6165151566267012
4,AINR,gated,531,0,1,0,1,57.00460000025487,nan,0.6165151566267012
4,AINR,gated,532,0,1,0,1,48.52779999964696,nan,0.6165151566267012
4,AINR,gated,533,0,1,0,1,58.465300000534626,nan,0.6165151566267012
4,AINR,gated,534,0,1,0,1,67.10479999946983,nan,0.6165151566267012
4,AINR,gated,535,0,1,0,1,60.28820000028645,nan,0.6165151566267012
4,AINR,gated,536,0,1,0,1,54.42299999958777,nan,0.6165151566267012
4,AINR,gated,537,0,1,0,1,68.33890000052634,nan,0.6165151566267012
4,AINR,gated,538,0,1,0,1,57.030500000109896,nan,0.6165151566267012
4,AINR,gated,539,0,1,0,1,54.19079999956011,nan,0.6165151566267012
4,AINR,gated,540,0,1,0,1,49.99679999946238,nan,0.6165151566267012
4,AINR,gated,541,0,1,0,1,62.450299999909475,nan,0.6165151566267012
4,AINR,gated,542,0,1,0,1,66.3736999995308,nan,0.6165151566267012
4,AINR,gated,543,0,1,0,1,55.4283999999825,nan,0.6165151566267012
4,AINR,gated,544,0,1,0,1,55.57620000035968,nan,0.6165151566267012
4,AINR,gated,545,0,1,0,1,67.68770000053337,nan,0.6165151566267012
4,AINR,gated,546,0,1,0,1,59.07000000024709,nan,0.6165151566267012
4,AINR,gated,547,0,1,0,1,52.09359999935259,nan,0.6165151566267012
4,AINR,gated,548,0,1,0,1,66.32140000056097,nan,0.6165151566267012
4,AINR,gated,549,0,1,0,1,66.24190000002272,nan,0.6165151566267012
4,AINR,gated,550,0,1,0,1,56.55730000034964,nan,0.6165151566267012
4,AINR,gated,551,0,1,0,1,53.29009999968548,nan,0.6165151566267012
4,AINR,gated,552,0,1,0,1,60.23470000036468,nan,0.6165151566267012
4,AINR,gated,553,0,1,0,1,71.5437999997448,nan,0.6165151566267012
4,AINR,gated,554,0,1,0,1,57.39919999996346,nan,0.6165151566267012
4,AINR,gated,555,0,1,0,1,53.85699999987992,nan,0.6165151566267012
4,AINR,gated,556,0,1,0,1,51.0058999998364,nan,0.6165151566267012
4,AINR,gated,557,0,1,0,1,66.58319999951345,nan,0.6165151566267012
4,AINR,gated,558,0,1,0,1,55.17209999925399,nan,0.6165151566267012
4,AINR,gated,559,0,1,0,1,55.908099999214755,nan,0.6165151566267012
4,AINR,gated,560,0,1,0,1,51.167099999474885,nan,0.6165151566267012
4,AINR,gated,561,0,1,0,1,65.8051999998861,nan,0.6165151566267012
4,AINR,gated,562,0,1,0,1,70.74109999939537,nan,0.6165151566267012
4,AINR,gated,563,0,1,0,1,56.33269999998447,nan,0.6165151566267012
4,AINR,gated,564,0,1,0,1,56.90279999998893,nan,0.6165151566267012
4,AINR,gated,565,0,1,0,1,55.240499999854364,nan,0.6165151566267012
4,AINR,gated,566,0,1,0,1,69.4948000000295,nan,0.6165151566267012
4,AINR,gated,567,0,1,0,1,60.27600000015809,nan,0.6165151566267012
4,AINR,gated,568,0,1,0,1,56.14830000013171,nan,0.6165151566267012
4,AINR,gated,569,0,1,0,1,49.31589999978314,nan,0.6165151566267012
4,AINR,gated,570,0,1,0,1,64.2533000000185,nan,0.6165151566267012
4,AINR,gated,571,0,1,0,1,64.2002999993565,nan,0.6165151566267012
4,AINR,gated,572,0,1,0,1,60.52029999955266,nan,0.6165151566267012
4,AINR,gated,573,0,1,0,1,56.10859999978857,nan,0.6165151566267012
4,AINR,gated,574,0,1,0,1,49.92189999939001,nan,0.6165151566267012
4,AINR,gated,575,0,1,0,1,70.54890000017622,nan,0.6165151566267012
4,AINR,gated,576,0,1,0,1,56.55399999977817,nan,0.6165151566267012
4,AINR,gated,577,0,1,0,1,53.26390000027459,nan,0.6165151566267012
4,AINR,gated,578,0,1,0,1,51.971799999591894,nan,0.6165151566267012
4,AINR,gated,579,0,1,0,1,70.02379999994446,nan,0.6165151566267012
4,AINR,gated,580,0,1,0,1,58.96589999974822,nan,0.6165151566267012
4,AINR,gated,581,0,1,0,1,54.85999999928026,nan,0.6165151566267012
4,AINR,gated,582,0,1,0,1,51.96890000024723,nan,0.6165151566267012
4,AINR,gated,583,0,1,0,1,58.93090000063239,nan,0.6165151566267012
4,AINR,gated,584,0,1,0,1,69.56919999993261,nan,0.6165151566267012
4,AINR,gated,585,0,1,0,1,62.03249999998661,nan,0.6165151566267012
4,AINR,gated,586,0,1,0,1,52.55680000027496,nan,0.6165151566267012
4,AINR,gated,587,0,1,0,1,51.574900000559865,nan,0.6165151566267012
4,AINR,gated,588,0,1,0,1,69.95069999993575,nan,0.6165151566267012
4,AINR,gated,589,0,1,0,1,59.307800000169664,nan,0.6165151566267012
4,AINR,gated,590,0,1,0,1,54.227800000262505,nan,0.6165151566267012
4,AINR,gated,591,0,1,0,1,57.40750000040862,nan,0.6165151566267012
4,AINR,gated,592,0,1,0,1,70.02949999969132,nan,0.6165151566267012
4,AINR,gated,593,0,1,0,1,57.35820000063541,nan,0.6165151566267012
4,AINR,gated,594,0,1,0,1,61.515399999734655,nan,0.6165151566267012
4,AINR,gated,595,0,1,0,1,64.78820000029373,nan,0.6165151566267012
4,AINR,gated,596,0,1,0,1,62.198699999498785,nan,0.6165151566267012
4,AINR,gated,597,0,1,0,1,56.510399999751826,nan,0.6165151566267012
4,AINR,gated,598,0,1,0,1,51.56940000051691,nan,0.6165151566267012
4,AINR,gated,599,0,1,0,1,61.338500000601925,nan,0.6165151566267012
4,AINR,gated,600,0,1,0,1,70.9526000000551,nan,0.6165151566267012
4,AINR,gated,601,0,1,0,1,66.98779999987892,nan,0.6165151566267012
4,AINR,gated,602,0,1,0,1,54.56229999981588,nan,0.6165151566267012
4,AINR,gated,603,0,1,0,1,51.406800000222574,nan,0.6165151566267012
4,AINR,gated,604,0,1,0,1,57.11749999954918,nan,0.6165151566267012
4,AINR,gated,605,0,1,0,1,71.55389999934414,nan,0.6165151566267012
4,AINR,gated,606,0,1,0,1,58.304400000452006,nan,0.6165151566267012
4,AINR,gated,607,0,1,0,1,57.235100000070815,nan,0.6165151566267012
4,AINR,gated,608,0,1,0,1,52.05530000057479,nan,0.6165151566267012
4,AINR,gated,609,0,1,0,1,59.535800000048766,nan,0.6165151566267012
4,AINR,gated,610,0,1,0,1,68.88119999985065,nan,0.6165151566267012
4,AINR,gated,611,0,1,0,1,57.0889000000534,nan,0.6165151566267012
4,AINR,gated,612,0,1,0,1,54.3123999996169,nan,0.6165151566267012
4,AINR,gated,613,0,1,0,1,59.834900000169,nan,0.6165151566267012
4,AINR,gated,614,0,1,0,1,72.06589999987045,nan,0.6165151566267012
4,AINR,gated,615,0,1,0,1,55.26190000000497,nan,0.6165151566267012
4,AINR,gated,616,0,1,0,1,55.50200000016048,nan,0.6165151566267012
4,AINR,gated,617,0,1,0,1,59.52660000002652,nan,0.6165151566267012
4,AINR,gated,618,0,1,0,1,69.08569999995962,nan,0.6165151566267012
4,AINR,gated,619,0,1,0,1,56.86169999989943,nan,0.6165151566267012
4,AINR,gated,620,0,1,0,1,51.98229999950854,nan,0.6165151566267012
4,AINR,gated,621,0,1,0,1,64.971499999956,nan,0.6165151566267012
4,AINR,gated,622,0,1,0,1,65.81029999961174,nan,0.6165151566267012
4,AINR,gated,623,0,1,0,1,55.82719999983965,nan,0.6165151566267012
4,AINR,gated,624,0,1,0,1,73.28169999982492,nan,0.6165151566267012
4,AINR,gated,625,0,1,0,1,64.917400000013,nan,0.6165151566267012
4,AINR,gated,626,0,1,0,1,57.63870000009774,nan,0.6165151566267012
4,AINR,gated,627,0,1,0,1,51.62019999988843,nan,0.6165151566267012
4,AINR,gated,628,0,1,0,1,60.249000000112574,nan,0.6165151566267012
4,AINR,gated,629,0,1,0,1,70.91419999960635,nan,0.6165151566267012
4,AINR,gated,630,0,1,0,1,55.07500000021537,nan,0.6165151566267012
4,AINR,gated,631,0,1,0,1,53.971500000443484,nan,0.6165151566267012
4,AINR,gated,632,0,1,0,1,55.8603999998013,nan,0.6165151566267012
4,AINR,gated,633,0,1,0,1,67.92189999941911,nan,0.6165151566267012
4,AINR,gated,634,0,1,0,1,57.09089999982098,nan,0.6165151566267012
4,AINR,gated,635,0,1,0,1,51.29479999959585,nan,0.6165151566267012
4,AINR,gated,636,0,1,0,1,60.796799999479845,nan,0.6165151566267012
4,AINR,gated,637,0,1,0,1,67.09149999915098,nan,0.6165151566267012
4,AINR,gated,638,0,1,0,1,58.1333000000086,nan,0.6165151566267012
4,AINR,gated,639,0,1,0,1,51.878400000532565,nan,0.6165151566267012
4,AINR,gated,640,0,1,0,1,48.57760000049893,nan,0.6165151566267012
4,AINR,gated,641,0,1,0,1,65.11450000016339,nan,0.6165151566267012
4,AINR,gated,642,0,1,0,1,66.66289999975561,nan,0.6165151566267012
4,AINR,gated,643,0,1,0,1,58.16370000047755,nan,0.6165151566267012
4,AINR,gated,644,0,1,0,1,53.54090000037104,nan,0.6165151566267012
4,AINR,gated,645,0,1,0,1,64.37900000037189,nan,0.6165151566267012
4,AINR,gated,646,0,1,0,1,65.20660000023781,nan,0.6165151566267012
4,AINR,gated,647,0,1,0,1,56.97989999953279,nan,0.6165151566267012
4,AINR,gated,648,0,1,0,1,50.05940000046394,nan,0.6165151566267012
4,AINR,gated,649,0,1,0,1,66.01320000027044,nan,0.6165151566267012
4,AINR,gated,650,0,1,0,1,57.21400000038557,nan,0.6165151566267012
4,AINR,gated,651,0,1,0,1,50.43440000008559,nan,0.6165151566267012
4,AINR,gated,652,0,1,0,1,61.05909999951109,nan,0.6165151566267012
4,AINR,gated,653,0,1,0,1,63.805199999478646,nan,0.6165151566267012
4,AINR,gated,654,0,1,0,1,58.516099999906146,nan,0.6165151566267012
4,AINR,gated,655,0,1,0,1,52.426700000069104,nan,0.6165151566267012
4,AINR,gated,656,0,1,0,1,68.01509999968403,nan,0.6165151566267012
4,AINR,gated,657,0,1,0,1,61.925500000143074,nan,0.6165151566267012
4,AINR,gated,658,0,1,0,1,56.4009999998234,nan,0.6165151566267012
4,AINR,gated,659,0,1,0,1,51.548499999626074,nan,0.6165151566267012
4,AINR,gated,660,0,1,0,1,63.98730000000796,nan,0.6165151566267012
4,AINR,gated,661,0,1,0,1,64.87169999945763,nan,0.6165151566267012
4,AINR,gated,662,0,1,0,1,56.6158000001451,nan,0.6165151566267012
4,AINR,gated,663,0,1,0,1,50.48549999992247,nan,0.6165151566267012
4,AINR,gated,664,0,1,0,1,63.15369999992981,nan,0.6165151566267012
4,AINR,gated,665,0,1,0,1,65.71630000053119,nan,0.6165151566267012
4,AINR,gated,666,0,1,0,1,56.62280000069586,nan,0.6165151566267012
4,AINR,gated,667,0,1,0,1,50.04279999957362,nan,0.6165151566267012
4,AINR,gated,668,0,1,0,1,64.75219999992987,nan,0.6165151566267012
4,AINR,gated,669,0,1,0,1,66.22700000025361,nan,0.6165151566267012
4,AINR,gated,670,0,1,0,1,55.68469999980152,nan,0.6165151566267012
4,AINR,gated,671,0,1,0,1,52.6676999998017,nan,0.6165151566267012
4,AINR,gated,672,0,1,0,1,60.131299999738985,nan,0.6165151566267012
4,AINR,gated,673,0,1,0,1,69.19629999993049,nan,0.6165151566267012
4,AINR,gated,674,0,1,0,1,54.80349999925238,nan,0.6165151566267012
4,AINR,gated,675,0,1,0,1,53.97949999951379,nan,0.6165151566267012
4,AINR,gated,676,0,1,0,1,52.00189999959548,nan,0.6165151566267012
4,AINR,gated,677,0,1,0,1,55.05110000012792,nan,0.6165151566267012
4,AINR,gated,678,0,1,0,1,80.0491999998485,nan,0.6165151566267012
4,AINR,gated,679,0,1,0,1,57.24220000047353,nan,0.6165151566267012
4,AINR,gated,680,0,1,0,1,55.33599999944272,nan,0.6165151566267012
4,AINR,gated,681,0,1,0,1,53.14679999992222,nan,0.6165151566267012
4,AINR,gated,682,0,1,0,1,51.876200000151584,nan,0.6165151566267012
4,AINR,gated,683,0,1,0,1,51.871399999981804,nan,0.6165151566267012
4,AINR,gated,684,0,1,0,1,66.77860000036162,nan,0.6165151566267012
4,AINR,gated,685,0,1,0,1,61.76980000054755,nan,0.6165151566267012
4,AINR,gated,686,0,1,0,1,51.14049999974668,nan,0.6165151566267012
4,AINR,gated,687,0,1,0,1,49.75459999968734,nan,0.6165151566267012
4,AINR,gated,688,0,1,0,1,51.964500000394764,nan,0.6165151566267012
4,AINR,gated,689,0,1,0,1,67.60900000062975,nan,0.6165151566267012
4,AINR,gated,690,0,1,0,1,57.13819999982661,nan,0.6165151566267012
4,AINR,gated,691,0,1,0,1,55.55550000008225,nan,0.6165151566267012
4,AINR,gated,692,0,1,0,1,57.196599999770115,nan,0.6165151566267012
4,AINR,gated,693,0,1,0,1,52.154300000438525,nan,0.6165151566267012
4,AINR,gated,694,0,1,0,1,56.17900000015652,nan,0.6165151566267012
4,AINR,gated,695,0,1,0,1,61.81700000070123,nan,0.6165151566267012
4,AINR,gated,696,0,1,0,1,61.60760000057053,nan,0.6165151566267012
4,AINR,gated,697,0,1,0,1,49.853499999699125,nan,0.6165151566267012
4,AINR,gated,698,0,1,0,1,54.3454999997266,nan,0.6165151566267012
4,AINR,gated,699,0,1,0,1,47.6702000005389,nan,0.6165151566267012
4,AINR,gated,700,0,1,0,1,69.3185000000085,nan,0.6165151566267012
4,AINR,gated,701,0,1,0,1,66.41980000040348,nan,0.6165151566267012
4,AINR,gated,702,0,1,0,1,55.083299999751034,nan,0.6165151566267012
4,AINR,gated,703,0,1,0,1,51.38329999954294,nan,0.6165151566267012
4,AINR,gated,704,0,1,0,1,51.09790000005887,nan,0.6165151566267012
4,AINR,gated,705,0,1,0,1,69.3079000002399,nan,0.6165151566267012
4,AINR,gated,706,0,1,0,1,62.959699999737495,nan,0.6165151566267012
4,AINR,gated,707,0,1,0,1,70.9023999997953,nan,0.6165151566267012
4,AINR,gated,708,0,1,0,1,56.62399999982881,nan,0.6165151566267012
4,AINR,gated,709,0,1,0,1,53.18119999992632,nan,0.6165151566267012
4,AINR,gated,710,0,1,0,1,61.39919999986887,nan,0.6165151566267012
4,AINR,gated,711,0,1,0,1,67.25830000050337,nan,0.6165151566267012
4,AINR,gated,712,0,1,0,1,57.56959999962419,nan,0.6165151566267012
4,AINR,gated,713,0,1,0,1,56.42309999984718,nan,0.6165151566267012
4,AINR,gated,714,0,1,0,1,73.88170000012906,nan,0.6165151566267012
4,AINR,gated,715,0,1,0,1,57.046599999921455,nan,0.6165151566267012
4,AINR,gated,716,0,1,0,1,53.44119999972463,nan,0.6165151566267012
4,AINR,gated,717,0,1,0,1,68.3867999996437,nan,0.6165151566267012
4,AINR,gated,718,0,1,0,1,61.647099999390775,nan,0.6165151566267012
4,AINR,gated,719,0,1,0,1,57.3474000002534,nan,0.6165151566267012
4,AINR,gated,720,0,1,0,1,57.414199999584525,nan,0.6165151566267012
4,AINR,gated,721,0,1,0,1,72.27659999989555,nan,0.6165151566267012
4,AINR,gated,722,0,1,0,1,57.229199999710545,nan,0.6165151566267012
4,AINR,gated,723,0,1,0,1,51.5611999999237,nan,0.6165151566267012
4,AINR,gated,724,0,1,0,1,49.45740000039223,nan,0.6165151566267012
4,AINR,gated,725,0,1,0,1,66.30580000000919,nan,0.6165151566267012
4,AINR,gated,726,0,1,0,1,68.77859999985958,nan,0.6165151566267012
4,AINR,gated,727,0,1,0,1,56.35770000026241,nan,0.6165151566267012
4,AINR,gated,728,0,1,0,1,59.57889999990584,nan,0.6165151566267012
4,AINR,gated,729,0,1,0,1,70.12959999974555,nan,0.6165151566267012
4,AINR,gated,730,0,1,0,1,57.87990000044374,nan,0.6165151566267012
4,AINR,gated,731,0,1,0,1,50.054000000272936,nan,0.6165151566267012
4,AINR,gated,732,0,1,0,1,72.01489999988553,nan,0.6165151566267012
4,AINR,gated,733,0,1,0,1,58.02949999997509,nan,0.6165151566267012
4,AINR,gated,734,0,1,0,1,57.61470000015834,nan,0.6165151566267012
4,AINR,gated,735,0,1,0,1,60.694799999509996,nan,0.6165151566267012
4,AINR,gated,736,0,1,0,1,55.90500000016618,nan,0.6165151566267012
4,AINR,gated,737,0,1,0,1,54.801499999484804,nan,0.6165151566267012
4,AINR,gated,738,0,1,0,1,51.047400000243215,nan,0.6165151566267012
4,AINR,gated,739,0,1,0,1,70.23670000035054,nan,0.6165151566267012
4,AINR,gated,740,0,1,0,1,65.80169999961072,nan,0.6165151566267012
4,AINR,gated,741,0,1,0,1,56.666800000130024,nan,0.6165151566267012
4,AINR,gated,742,0,1,0,1,50.66499999975349,nan,0.6165151566267012
4,AINR,gated,743,0,1,0,1,58.54120000003604,nan,0.6165151566267012
4,AINR,gated,744,0,1,0,1,68.31640000018524,nan,0.6165151566267012
4,AINR,gated,745,0,1,0,1,56.38150000049791,nan,0.6165151566267012
4,AINR,gated,746,0,1,0,1,51.92590000024211,nan,0.6165151566267012
4,AINR,gated,747,0,1,0,1,51.283100000546256,nan,0.6165151566267012
4,AINR,gated,748,0,1,0,1,49.58280000028026,nan,0.6165151566267012
4,AINR,gated,749,0,1,0,1,70.15970000065863,nan,0.6165151566267012
4,AINR,gated,750,0,1,0,1,56.19750000005297,nan,0.6165151566267012
4,AINR,gated,751,0,1,0,1,51.85470000014902,nan,0.6165151566267012
4,AINR,gated,752,0,1,0,1,53.739999999379506,nan,0.6165151566267012
4,AINR,gated,753,0,1,0,1,70.670500000233,nan,0.6165151566267012
4,AINR,gated,754,0,1,0,1,65.32169999991311,nan,0.6165151566267012
4,AINR,gated,755,0,1,0,1,54.93729999943753,nan,0.6165151566267012
4,AINR,gated,756,0,1,0,1,55.6536000003689,nan,0.6165151566267012
4,AINR,gated,757,0,1,0,1,62.74000000030355,nan,0.6165151566267012
4,AINR,gated,758,0,1,0,1,70.48200000008364,nan,0.6165151566267012
4,AINR,gated,759,0,1,0,1,59.72810000002937,nan,0.6165151566267012
4,AINR,gated,760,0,1,0,1,55.66559999988385,nan,0.6165151566267012
4,AINR,gated,761,0,1,0,1,50.69009999988339,nan,0.6165151566267012
4,AINR,gated,762,0,1,0,1,62.17279999964376,nan,0.6165151566267012
4,AINR,gated,763,0,1,0,1,72.02690000030998,nan,0.6165151566267012
4,AINR,gated,764,0,1,0,1,57.36270000033983,nan,0.6165151566267012
4,AINR,gated,765,0,1,0,1,54.22790000011446,nan,0.6165151566267012
4,AINR,gated,766,0,1,0,1,52.13080000066839,nan,0.6165151566267012
4,AINR,gated,767,0,1,0,1,61.77789999946981,nan,0.6165151566267012
4,AINR,gated,768,0,1,0,1,70.80790000054549,nan,0.6165151566267012
4,AINR,gated,769,0,1,0,1,56.78199999965727,nan,0.6165151566267012
4,AINR,gated,770,0,1,0,1,53.928000000269094,nan,0.6165151566267012
4,AINR,gated,771,0,1,0,1,57.23709999983839,nan,0.6165151566267012
4,AINR,gated,772,0,1,0,1,64.36960000064573,nan,0.6165151566267012
4,AINR,gated,773,0,1,0,1,55.38969999997789,nan,0.6165151566267012
4,AINR,gated,774,0,1,0,1,53.347199999734585,nan,0.6165151566267012
4,AINR,gated,775,0,1,0,1,49.783299999944575,nan,0.6165151566267012
4,AINR,gated,776,0,1,0,1,61.97919999976875,nan,0.6165151566267012
4,AINR,gated,777,0,1,0,1,68.38600000082806,nan,0.6165151566267012
4,AINR,gated,778,0,1,0,1,57.391199999983655,nan,0.6165151566267012
4,AINR,gated,779,0,1,0,1,49.99540000062552,nan,0.6165151566267012
4,AINR,gated,780,0,1,0,1,56.567700000414334,nan,0.6165151566267012
4,AINR,gated,781,0,1,0,1,71.89010000001872,nan,0.6165151566267012
4,AINR,gated,782,0,1,0,1,58.50370000007388,nan,0.6165151566267012
4,AINR,gated,783,0,1,0,1,54.877700000361074,nan,0.6165151566267012
4,AINR,gated,784,0,1,0,1,50.51510000066628,nan,0.6165151566267012
4,AINR,gated,785,0,1,0,1,57.264000000031956,nan,0.6165151566267012
4,AINR,gated,786,0,1,0,1,68.9210999998977,nan,0.6165151566267012
4,AINR,gated,787,0,1,0,1,57.46129999988625,nan,0.6165151566267012
4,AINR,gated,788,0,1,0,1,49.455099999249796,nan,0.6165151566267012
4,AINR,gated,789,0,1,0,1,57.617600000412494,nan,0.6165151566267012
4,AINR,gated,790,0,1,0,1,70.17120000000432,nan,0.6165151566267012
4,AINR,gated,791,0,1,0,1,59.02409999998781,nan,0.6165151566267012
4,AINR,gated,792,0,1,0,1,50.02650000005815,nan,0.6165151566267012
4,AINR,gated,793,0,1,0,1,57.59870000019873,nan,0.6165151566267012
4,AINR,gated,794,0,1,0,1,65.1309000004403,nan,0.6165151566267012
4,AINR,gated,795,0,1,0,1,58.995299999878625,nan,0.6165151566267012
4,AINR,gated,796,0,1,0,1,52.76659999981348,nan,0.6165151566267012
4,AINR,gated,797,0,1,0,1,68.49710000005871,nan,0.6165151566267012
4,AINR,gated,798,0,1,0,1,59.322099999917555,nan,0.6165151566267012
4,AINR,gated,799,0,1,0,1,51.6883999998754,nan,0.6165151566267012
4,AINR,gated,800,0,1,0,1,55.71429999963584,nan,0.6165151566267012
4,AINR,gated,801,0,1,0,1,61.6900999993959,nan,0.6165151566267012
4,AINR,gated,802,0,1,0,1,67.11549999999988,nan,0.6165151566267012
4,AINR,gated,803,0,1,0,1,57.357499999852735,nan,0.6165151566267012
4,AINR,gated,804,0,1,0,1,49.37609999979031,nan,0.6165151566267012
4,AINR,gated,805,0,1,0,1,63.12919999982114,nan,0.6165151566267012
4,AINR,gated,806,0,1,0,1,61.64939999962371,nan,0.6165151566267012
4,AINR,gated,807,0,1,0,1,55.70290000014211,nan,0.6165151566267012
4,AINR,gated,808,0,1,0,1,60.32070000037493,nan,0.6165151566267012
4,AINR,gated,809,0,1,0,1,70.56180000017775,nan,0.6165151566267012
4,AINR,gated,810,0,1,0,1,54.27990000043792,nan,0.6165151566267012
4,AINR,gated,811,0,1,0,1,51.13259999961883,nan,0.6165151566267012
4,AINR,gated,812,0,1,0,1,68.45900000007532,nan,0.6165151566267012
4,AINR,gated,813,0,1,0,1,62.16910000057396,nan,0.6165151566267012
4,AINR,gated,814,0,1,0,1,55.14729999958945,nan,0.6165151566267012
4,AINR,gated,815,0,1,0,1,53.85759999990114,nan,0.6165151566267012
4,AINR,gated,816,0,1,0,1,50.984499999685795,nan,0.6165151566267012
4,AINR,gated,817,0,1,0,1,64.64890000006562,nan,0.6165151566267012
4,AINR,gated,818,0,1,0,1,64.21289999980218,nan,0.6165151566267012
4,AINR,gated,819,0,1,0,1,56.4989999993486,nan,0.6165151566267012
4,AINR,gated,820,0,1,0,1,54.25070000001142,nan,0.6165151566267012
4,AINR,gated,821,0,1,0,1,70.83320000037929,nan,0.6165151566267012
4,AINR,gated,822,1,0,0,0,nan,nan,0.6165151566267012
4,AINR,gated,823,0,1,0,1,69.74950000039826,nan,0.6165151566267012
4,AINR,gated,824,0,1,0,1,55.097599999498925,nan,0.6165151566267012
4,AINR,gated,825,0,1,0,1,51.993499999298365,nan,0.6165151566267012
4,AINR,gated,826,0,1,0,1,62.4084999999468,nan,0.6165151566267012
4,AINR,gated,827,0,1,0,1,64.70610000087618,nan,0.6165151566267012
4,AINR,gated,828,0,1,0,1,53.677100000641076,nan,0.6165151566267012
4,AINR,gated,829,0,1,0,1,54.32019999989279,nan,0.6165151566267012
4,AINR,gated,830,0,1,0,1,58.56990000029327,nan,0.6165151566267012
4,AINR,gated,831,0,1,0,1,68.70700000035868,nan,0.6165151566267012
4,AINR,gated,832,0,1,0,1,56.57170000085898,nan,0.6165151566267012
4,AINR,gated,833,0,1,0,1,50.028499999825726,nan,0.6165151566267012
4,AINR,gated,834,0,1,0,1,48.548099999607075,nan,0.6165151566267012
4,AINR,gated,835,0,1,0,1,58.47329999960493,nan,0.6165151566267012
4,AINR,gated,836,0,1,0,1,67.57950000064739,nan,0.6165151566267012
4,AINR,gated,837,0,1,0,1,56.4793000003192,nan,0.6165151566267012
4,AINR,gated,838,0,1,0,1,68.03429999945365,nan,0.6165151566267012
4,AINR,gated,839,0,1,0,1,65.76810000024125,nan,0.6165151566267012
4,AINR,gated,840,0,1,0,1,54.507200000443845,nan,0.6165151566267012
4,AINR,gated,841,0,1,0,1,56.75390000033076,nan,0.6165151566267012
4,AINR,gated,842,0,1,0,1,51.276299999699404,nan,0.6165151566267012
4,AINR,gated,843,0,1,0,1,66.5887000004659,nan,0.6165151566267012
4,AINR,gated,844,0,1,0,1,72.13680000040767,nan,0.6165151566267012
4,AINR,gated,845,0,1,0,1,63.24690000019473,nan,0.6165151566267012
4,AINR,gated,846,0,1,0,1,55.99830000028305,nan,0.6165151566267012
4,AINR,gated,847,0,1,0,1,49.74969999966561,nan,0.6165151566267012
4,AINR,gated,848,0,1,0,1,47.82299999988027,nan,0.6165151566267012
4,AINR,gated,849,0,1,0,1,61.88509999992675,nan,0.6165151566267012
4,AINR,gated,850,0,1,0,1,64.77619999986928,nan,0.6165151566267012
4,AINR,gated,851,0,1,0,1,58.01659999997355,nan,0.6165151566267012
4,AINR,gated,852,0,1,0,1,53.292700000383775,nan,0.6165151566267012
4,AINR,gated,853,0,1,0,1,50.483799999710754,nan,0.6165151566267012
4,AINR,gated,854,0,1,0,1,60.3012999999919,nan,0.6165151566267012
4,AINR,gated,855,0,1,0,1,67.66410000000178,nan,0.6165151566267012
4,AINR,gated,856,0,1,0,1,55.43080000006739,nan,0.6165151566267012
4,AINR,gated,857,0,1,0,1,53.739399999358284,nan,0.6165151566267012
4,AINR,gated,858,0,1,0,1,61.46569999964413,nan,0.6165151566267012
4,AINR,gated,859,0,1,0,1,70.88909999947646,nan,0.6165151566267012
4,AINR,gated,860,0,1,0,1,62.84809999942809,nan,0.6165151566267012
4,AINR,gated,861,0,1,0,1,56.71020000045246,nan,0.6165151566267012
4,AINR,gated,862,0,1,0,1,54.09719999988738,nan,0.6165151566267012
4,AINR,gated,863,0,1,0,1,60.03390000023501,nan,0.6165151566267012
4,AINR,gated,864,0,1,0,1,69.15599999956612,nan,0.6165151566267012
4,AINR,gated,865,0,1,0,1,54.14870000004157,nan,0.6165151566267012
4,AINR,gated,866,0,1,0,1,55.870600000162085,nan,0.6165151566267012
4,AINR,gated,867,0,1,0,1,47.553700000207755,nan,0.6165151566267012
4,AINR,gated,868,0,1,0,1,62.99029999991035,nan,0.6165151566267012
4,AINR,gated,869,0,1,0,1,66.06050000027608,nan,0.6165151566267012
4,AINR,gated,870,0,1,0,1,56.696800000281655,nan,0.6165151566267012
4,AINR,gated,871,0,1,0,1,52.23370000021532,nan,0.6165151566267012
4,AINR,gated,872,0,1,0,1,59.25370000022667,nan,0.6165151566267012
4,AINR,gated,873,0,1,0,1,70.18770000013319,nan,0.6165151566267012
4,AINR,gated,874,0,1,0,1,55.627499999900465,nan,0.6165151566267012
4,AINR,gated,875,0,1,0,1,56.14309999964462,nan,0.6165151566267012
4,AINR,gated,876,0,1,0,1,70.34730000032141,nan,0.6165151566267012
4,AINR,gated,877,0,1,0,1,57.21099999936996,nan,0.6165151566267012
4,AINR,gated,878,0,1,0,1,51.86680000042543,nan,0.6165151566267012
4,AINR,gated,879,0,1,0,1,49.43439999988186,nan,0.6165151566267012
4,AINR,gated,880,0,1,0,1,59.103999999933876,nan,0.6165151566267012
4,AINR,gated,881,0,1,0,1,69.74739999986923,nan,0.6165151566267012
4,AINR,gated,882,0,1,0,1,58.79290000029869,nan,0.6165151566267012
4,AINR,gated,883,0,1,0,1,51.73159999958443,nan,0.6165151566267012
4,AINR,gated,884,0,1,0,1,67.8436000007423,nan,0.6165151566267012
4,AINR,gated,885,0,1,0,1,70.52480000038486,nan,0.6165151566267012
4,AINR,gated,886,0,1,0,1,57.62880000020232,nan,0.6165151566267012
4,AINR,gated,887,0,1,0,1,51.72320000019681,nan,0.6165151566267012
4,AINR,gated,888,0,1,0,1,62.02620000021852,nan,0.6165151566267012
4,AINR,gated,889,0,1,0,1,68.62510000064503,nan,0.6165151566267012
4,AINR,gated,890,0,1,0,1,59.71919999956299,nan,0.6165151566267012
4,AINR,gated,891,0,1,0,1,47.06389999955718,nan,0.6165151566267012
4,AINR,gated,892,0,1,0,1,61.41380000008212,nan,0.6165151566267012
4,AINR,gated,893,0,1,0,1,66.64630000068428,nan,0.6165151566267012
4,AINR,gated,894,0,1,0,1,58.86019999979908,nan,0.6165151566267012
4,AINR,gated,895,0,1,0,1,52.28309999984049,nan,0.6165151566267012
4,AINR,gated,896,0,1,0,1,51.65909999959695,nan,0.6165151566267012
4,AINR,gated,897,0,1,0,1,72.76929999989079,nan,0.6165151566267012
4,AINR,gated,898,0,1,0,1,60.69160000060947,nan,0.6165151566267012
4,AINR,gated,899,0,1,0,1,53.905499999928,nan,0.6165151566267012
4,AINR,gated,900,0,1,0,1,49.62439999962953,nan,0.6165151566267012
4,AINR,gated,901,0,1,0,1,69.36210000003484,nan,0.6165151566267012
4,AINR,gated,902,0,1,0,1,63.07180000021617,nan,0.6165151566267012
4,AINR,gated,903,0,1,0,1,55.94550000023446,nan,0.6165151566267012
4,AINR,gated,904,0,1,0,1,62.195299999984854,nan,0.6165151566267012
4,AINR,gated,905,0,1,0,1,65.00390000019252,nan,0.6165151566267012
4,AINR,gated,906,0,1,0,1,57.409199999710836,nan,0.6165151566267012
4,AINR,gated,907,0,1,0,1,57.652600000437815,nan,0.6165151566267012
4,AINR,gated,908,0,1,0,1,70.5694999996922,nan,0.6165151566267012
4,AINR,gated,909,0,1,0,1,56.10849999993661,nan,0.6165151566267012
4,AINR,gated,910,0,1,0,1,52.27130000002944,nan,0.6165151566267012
4,AINR,gated,911,0,1,0,1,62.19760000021779,nan,0.6165151566267012
4,AINR,gated,912,0,1,0,1,67.75219999963156,nan,0.6165151566267012
4,AINR,gated,913,0,1,0,1,56.790300000102434,nan,0.6165151566267012
4,AINR,gated,914,0,1,0,1,56.802199999765435,nan,0.6165151566267012
4,AINR,gated,915,0,1,0,1,54.015800000343006,nan,0.6165151566267012
4,AINR,gated,916,0,1,0,1,57.55700000008801,nan,0.6165151566267012
4,AINR,gated,917,0,1,0,1,75.39010000073176,nan,0.6165151566267012
4,AINR,gated,918,0,1,0,1,54.39139999998588,nan,0.6165151566267012
4,AINR,gated,919,0,1,0,1,48.77870000018447,nan,0.6165151566267012
4,AINR,gated,920,0,1,0,1,58.91929999961576,nan,0.6165151566267012
4,AINR,gated,921,0,1,0,1,70.49930000084714,nan,0.6165151566267012
4,AINR,gated,922,0,1,0,1,57.58759999935137,nan,0.6165151566267012
4,AINR,gated,923,0,1,0,1,54.76120000002993,nan,0.6165151566267012
4,AINR,gated,924,0,1,0,1,64.69420000030368,nan,0.6165151566267012
4,AINR,gated,925,0,1,0,1,69.45540000015171,nan,0.6165151566267012
4,AINR,gated,926,0,1,0,1,56.82449999949313,nan,0.6165151566267012
4,AINR,gated,927,0,1,0,1,65.26190000022325,nan,0.6165151566267012
4,AINR,gated,928,0,1,0,1,65.60089999948104,nan,0.6165151566267012
4,AINR,gated,929,0,1,0,1,57.6958999999988,nan,0.6165151566267012
4,AINR,gated,930,0,1,0,1,58.23729999974603,nan,0.6165151566267012
4,AINR,gated,931,0,1,0,1,70.77519999984361,nan,0.6165151566267012
4,AINR,gated,932,0,1,0,1,56.311100000129954,nan,0.6165151566267012
4,AINR,gated,933,0,1,0,1,50.45339999924181,nan,0.6165151566267012
4,AINR,gated,934,0,1,0,1,57.40530000002764,nan,0.6165151566267012
4,AINR,gated,935,0,1,0,1,68.81919999977981,nan,0.6165151566267012
4,AINR,gated,936,0,1,0,1,57.435000000623404,nan,0.6165151566267012
4,AINR,gated,937,0,1,0,1,48.138299999664014,nan,0.6165151566267012
4,AINR,gated,938,0,1,0,1,53.142700000535115,nan,0.6165151566267012
4,AINR,gated,939,0,1,0,1,59.236000000055355,nan,0.6165151566267012
4,AINR,gated,940,0,1,0,1,62.75840000034805,nan,0.6165151566267012
4,AINR,gated,941,0,1,0,1,66.00979999984702,nan,0.6165151566267012
4,AINR,gated,942,0,1,0,1,58.362400000078196,nan,0.6165151566267012
4,AINR,gated,943,0,1,0,1,51.65880000004108,nan,0.6165151566267012
4,AINR,gated,944,0,1,0,1,68.43949999984034,nan,0.6165151566267012
4,AINR,gated,945,0,1,0,1,62.134700000569865,nan,0.6165151566267012
4,AINR,gated,946,0,1,0,1,55.14760000005481,nan,0.6165151566267012
4,AINR,gated,947,0,1,0,1,51.34490000000369,nan,0.6165151566267012
4,AINR,gated,948,0,1,0,1,54.96729999958916,nan,0.6165151566267012
4,AINR,gated,949,0,1,0,1,62.430800000583986,nan,0.6165151566267012
4,AINR,gated,950,0,1,0,1,61.73780000062834,nan,0.6165151566267012
4,AINR,gated,951,0,1,0,1,56.032999999843014,nan,0.6165151566267012
4,AINR,gated,952,0,1,0,1,61.65060000057565,nan,0.6165151566267012
4,AINR,gated,953,0,1,0,1,60.98070000007283,nan,0.6165151566267012
4,AINR,gated,954,0,1,0,1,64.9507000007361,nan,0.6165151566267012
4,AINR,gated,955,0,1,0,1,56.50489999970887,nan,0.6165151566267012
4,AINR,gated,956,0,1,0,1,54.27400000007765,nan,0.6165151566267012
4,AINR,gated,957,0,1,0,1,57.34359999951266,nan,0.6165151566267012
4,AINR,gated,958,0,1,0,1,67.86290000036388,nan,0.6165151566267012
4,AINR,gated,959,0,1,0,1,59.95650000022579,nan,0.6165151566267012
4,AINR,gated,960,0,1,0,1,54.59289999998873,nan,0.6165151566267012
4,AINR,gated,961,0,1,0,1,50.28909999964526,nan,0.6165151566267012
4,AINR,gated,962,0,1,0,1,56.01769999975659,nan,0.6165151566267012
4,AINR,gated,963,0,1,0,1,70.95449999997072,nan,0.6165151566267012
4,AINR,gated,964,0,1,0,1,58.00039999940054,nan,0.6165151566267012
4,AINR,gated,965,0,1,0,1,50.152199999502045,nan,0.6165151566267012
4,AINR,gated,966,0,1,0,1,62.22040000011475,nan,0.6165151566267012
4,AINR,gated,967,0,1,0,1,70.31449999976758,nan,0.6165151566267012
4,AINR,gated,968,0,1,0,1,56.95259999993141,nan,0.6165151566267012
4,AINR,gated,969,0,1,0,1,50.94829999961803,nan,0.6165151566267012
4,AINR,gated,970,0,1,0,1,70.23270000081538,nan,0.6165151566267012
4,AINR,gated,971,0,1,0,1,62.55090000013297,nan,0.6165151566267012
4,AINR,gated,972,0,1,0,1,58.8833000001614,nan,0.6165151566267012
4,AINR,gated,973,0,1,0,1,74.00139999936073,nan,0.6165151566267012
4,AINR,gated,974,0,1,0,1,55.787100000088685,nan,0.6165151566267012
4,AINR,gated,975,0,1,0,1,55.34830000033253,nan,0.6165151566267012
4,AINR,gated,976,0,1,0,1,64.24839999999676,nan,0.6165151566267012
4,AINR,gated,977,0,1,0,1,69.51920000028622,nan,0.6165151566267012
4,AINR,gated,978,0,1,0,1,57.884800000465475,nan,0.6165151566267012
4,AINR,gated,979,0,1,0,1,51.82059999970079,nan,0.6165151566267012
4,AINR,gated,980,0,1,0,1,69.7864000003392,nan,0.6165151566267012
4,AINR,gated,981,1,0,0,0,nan,nan,0.6165151566267012
4,AINR,gated,982,0,1,0,1,67.48270000025514,nan,0.6165151566267012
4,AINR,gated,983,0,1,0,1,61.01630000011937,nan,0.6165151566267012
4,AINR,gated,984,0,1,0,1,55.61499999930675,nan,0.6165151566267012
4,AINR,gated,985,0,1,0,1,55.56020000040007,nan,0.6165151566267012
4,AINR,gated,986,0,1,0,1,51.04660000051808,nan,0.6165151566267012
4,AINR,gated,987,0,1,0,1,67.0894999993834,nan,0.6165151566267012
4,AINR,gated,988,0,1,0,1,62.953700000434765,nan,0.6165151566267012
4,AINR,gated,989,0,1,0,1,54.983899999569985,nan,0.6165151566267012
4,AINR,gated,990,0,1,0,1,53.52099999981874,nan,0.6165151566267012
4,AINR,gated,991,0,1,0,1,62.64370000008057,nan,0.6165151566267012
4,AINR,gated,992,0,1,0,1,71.6204000000289,nan,0.6165151566267012
4,AINR,gated,993,0,1,0,1,66.76679999964108,nan,0.6165151566267012
4,AINR,gated,994,0,1,0,1,56.64820000038162,nan,0.6165151566267012
4,AINR,gated,995,0,1,0,1,53.215199999613105,nan,0.6165151566267012
4,AINR,gated,996,0,1,0,1,50.11759999979404,nan,0.6165151566267012
4,AINR,gated,997,0,1,0,1,63.983099999859405,nan,0.6165151566267012
4,AINR,gated,998,0,1,0,1,69.75469999997586,nan,0.6165151566267012
4,AINR,gated,999,0,1,0,1,57.8973000001497,nan,0.6165151566267012
4,AINR,trig,0,1,0,0,0,nan,1.2118018865585327,0.6165151566267012
4,AINR,trig,1,0,1,0,1,50.0211999997191,1.6345120668411255,0.6165151566267012
4,AINR,trig,2,0,1,0,1,65.13089999953081,1.4821679592132568,0.6165151566267012
4,AINR,trig,3,0,1,0,1,57.06079999981739,1.2799313068389893,0.6165151566267012
4,AINR,trig,4,0,1,0,1,51.61539999971865,1.2973977327346802,0.6165151566267012
4,AINR,trig,5,0,1,0,1,69.3197999999029,1.288355827331543,0.6165151566267012
4,AINR,trig,6,0,1,0,1,65.0988999996116,1.386084794998169,0.6165151566267012
4,AINR,trig,7,0,1,0,1,67.96759999997448,1.3732751607894897,0.6165151566267012
4,AINR,trig,8,0,1,0,1,57.687699999405595,1.4601227045059204,0.6165151566267012
4,AINR,trig,9,0,1,0,1,57.12550000043848,1.3530678749084473,0.6165151566267012
4,AINR,trig,10,0,1,0,1,67.19799999973475,1.4668960571289062,0.6165151566267012
4,AINR,trig,11,0,1,0,1,51.874799999495735,1.334917426109314,0.6165151566267012
4,AINR,trig,12,0,1,0,1,68.66739999986748,1.251356601715088,0.6165151566267012
4,AINR,trig,13,0,1,0,1,56.07819999931962,1.4684237241744995,0.6165151566267012
4,AINR,trig,14,0,1,0,1,50.771700000041164,1.3203028440475464,0.6165151566267012
4,AINR,trig,15,0,1,0,1,70.27569999991101,1.3969755172729492,0.6165151566267012
4,AINR,trig,16,0,1,0,1,56.634899999153276,1.4301966428756714,0.6165151566267012
4,AINR,trig,17,0,1,0,1,65.41319999996631,1.3574912548065186,0.6165151566267012
4,AINR,trig,18,0,1,0,1,58.49740000030579,1.4360891580581665,0.6165151566267012
4,AINR,trig,19,0,1,0,1,50.20829999921261,1.3950639963150024,0.6165151566267012
4,AINR,trig,20,0,1,0,1,55.64630000026227,1.254574179649353,0.6165151566267012
4,AINR,trig,21,0,1,0,1,60.264400000050955,1.3329675197601318,0.6165151566267012
4,AINR,trig,22,0,1,0,1,50.502699999924516,1.4078775644302368,0.6165151566267012
4,AINR,trig,23,0,1,0,1,66.05169999966165,1.5435552597045898,0.6165151566267012
4,AINR,trig,24,0,1,0,1,54.39860000024055,1.451328158378601,0.6165151566267012
4,AINR,trig,25,0,1,0,1,64.96830000014597,1.4722341299057007,0.6165151566267012
4,AINR,trig,26,0,1,0,1,57.433299999502196,1.4564945697784424,0.6165151566267012
4,AINR,trig,27,0,1,0,1,66.39300000006187,1.231445074081421,0.6165151566267012
4,AINR,trig,28,0,1,0,1,58.03710000054707,1.352462649345398,0.6165151566267012
4,AINR,trig,29,0,1,0,1,50.65909999939322,1.3430304527282715,0.6165151566267012
4,AINR,trig,30,0,1,0,1,65.48800000018673,1.5556808710098267,0.6165151566267012
4,AINR,trig,31,0,1,0,1,54.425000000264845,1.3805010318756104,0.6165151566267012
4,AINR,trig,32,0,1,0,1,70.6783000005089,1.4241753816604614,0.6165151566267012
4,AINR,trig,33,0,1,0,1,55.266800000026706,1.3738322257995605,0.6165151566267012
4,AINR,trig,34,0,1,0,1,57.60510000072827,1.5014749765396118,0.6165151566267012
4,AINR,trig,35,0,1,0,1,70.50799999979063,1.3600578308105469,0.6165151566267012
4,AINR,trig,36,0,1,0,1,54.62510000052134,1.4422733783721924,0.6165151566267012
4,AINR,trig,37,0,1,0,1,63.15150000045833,1.553210735321045,0.6165151566267012
4,AINR,trig,38,0,1,0,1,61.40899999991234,1.3105067014694214,0.6165151566267012
4,AINR,trig,39,0,1,0,1,51.677700000254845,1.410126805305481,0.6165151566267012
4,AINR,trig,40,0,1,0,1,69.09509999968577,1.413020372390747,0.6165151566267012
4,AINR,trig,41,0,1,0,1,55.274000000281376,1.4406243562698364,0.6165151566267012
4,AINR,trig,42,0,1,0,1,52.2292000005109,1.3684227466583252,0.6165151566267012
4,AINR,trig,43,0,1,0,1,58.110800000577,1.2254023551940918,0.6165151566267012
4,AINR,trig,44,0,1,0,1,63.36569999984931,1.4620907306671143,0.6165151566267012
4,AINR,trig,45,0,1,0,1,51.92940000051749,1.3398661613464355,0.6165151566267012
4,AINR,trig,46,0,1,0,1,71.30120000056195,1.3592262268066406,0.6165151566267012
4,AINR,trig,47,0,1,0,1,54.78500000026543,1.2764395475387573,0.6165151566267012
4,AINR,trig,48,0,1,0,1,68.26660000024276,1.4824879169464111,0.6165151566267012
4,AINR,trig,49,0,1,0,1,56.13110000012966,1.4265046119689941,0.6165151566267012
4,AINR,trig,50,0,1,0,1,49.09669999960897,1.3578664064407349,0.6165151566267012
4,AINR,trig,51,0,1,0,1,67.06769999982498,1.3639488220214844,0.6165151566267012
4,AINR,trig,52,0,1,0,1,56.625700000040524,1.4088956117630005,0.6165151566267012
4,AINR,trig,53,0,1,0,1,51.32030000004306,1.3928635120391846,0.6165151566267012
4,AINR,trig,54,0,1,0,1,62.974100000246835,1.4978445768356323,0.6165151566267012
4,AINR,trig,55,0,1,0,1,67.23160000001371,1.4983934164047241,0.6165151566267012
4,AINR,trig,56,0,1,0,1,52.933699999812234,1.2863606214523315,0.6165151566267012
4,AINR,trig,57,0,1,0,1,60.33489999936137,1.3347108364105225,0.6165151566267012
4,AINR,trig,58,0,1,0,1,61.21549999988929,1.3745206594467163,0.6165151566267012
4,AINR,trig,59,0,1,0,1,50.05059999984951,1.3419588804244995,0.6165151566267012
4,AINR,trig,60,0,1,0,1,65.6849000006332,1.5965179204940796,0.6165151566267012
4,AINR,trig,61,0,1,0,1,63.9128000002529,1.4798015356063843,0.6165151566267012
4,AINR,trig,62,0,1,0,1,53.33099999916158,1.2509087324142456,0.6165151566267012
4,AINR,trig,63,0,1,0,1,66.23260000014852,1.3168247938156128,0.6165151566267012
4,AINR,trig,64,0,1,0,1,57.62439999944036,1.5097250938415527,0.6165151566267012
4,AINR,trig,65,0,1,0,1,66.38180000027205,1.2592931985855103,0.6165151566267012
4,AINR,trig,66,0,1,0,1,58.72730000010051,1.4450628757476807,0.6165151566267012
4,AINR,trig,67,0,1,0,1,52.78920000000653,1.4501781463623047,0.6165151566267012
4,AINR,trig,68,0,1,0,1,61.73690000014176,1.3508045673370361,0.6165151566267012
4,AINR,trig,69,0,1,0,1,62.146600000232866,1.435124158859253,0.6165151566267012
4,AINR,trig,70,0,1,0,1,52.89500000071712,1.4430062770843506,0.6165151566267012
4,AINR,trig,71,0,1,0,1,63.8771000003544,1.4062467813491821,0.6165151566267012
4,AINR,trig,72,0,1,0,1,60.02429999989545,1.240333080291748,0.6165151566267012
4,AINR,trig,73,0,1,0,1,52.381399999831046,1.375282883644104,0.6165151566267012
4,AINR,trig,74,0,1,0,1,66.28410000030271,1.4945412874221802,0.6165151566267012
4,AINR,trig,75,0,1,0,1,52.868900000248686,1.3947244882583618,0.6165151566267012
4,AINR,trig,76,0,1,0,1,68.70930000059161,1.3292620182037354,0.6165151566267012
4,AINR,trig,77,0,1,0,1,54.585799999586015,1.396070122718811,0.6165151566267012
4,AINR,trig,78,0,1,0,1,64.8804000002201,1.4829809665679932,0.6165151566267012
4,AINR,trig,79,0,1,0,1,63.93969999953697,1.3802889585494995,0.6165151566267012
4,AINR,trig,80,0,1,0,1,53.753400000459806,1.4405512809753418,0.6165151566267012
4,AINR,trig,81,0,1,0,1,67.05220000003465,1.4077861309051514,0.6165151566267012
4,AINR,trig,82,0,1,0,1,71.07390000055602,1.2865865230560303,0.6165151566267012
4,AINR,trig,83,0,1,0,1,56.29450000014913,1.42135488986969,0.6165151566267012
4,AINR,trig,84,0,1,0,1,53.46499999996013,1.34280264377594,0.6165151566267012
4,AINR,trig,85,0,1,0,1,68.28529999984312,1.3929450511932373,0.6165151566267012
4,AINR,trig,86,0,1,0,1,51.18250000032276,1.3651907444000244,0.6165151566267012
4,AINR,trig,87,0,1,0,1,65.46560000060708,1.449293851852417,0.6165151566267012
4,AINR,trig,88,0,1,0,1,63.105099999120284,1.3355493545532227,0.6165151566267012
4,AINR,trig,89,0,1,0,1,53.87460000019928,1.3042011260986328,0.6165151566267012
4,AINR,trig,90,0,1,0,1,63.86819999988802,1.1921123266220093,0.6165151566267012
4,AINR,trig,91,0,1,0,1,58.874199999991106,1.1805450916290283,0.6165151566267012
4,AINR,trig,92,0,1,0,1,49.343900000167196,1.4998033046722412,0.6165151566267012
4,AINR,trig,93,0,1,0,1,76.11269999961223,1.3363879919052124,0.6165151566267012
4,AINR,trig,94,0,1,0,1,54.56099999992148,1.3480430841445923,0.6165151566267012
4,AINR,trig,95,0,1,0,1,61.68309999975463,1.6048915386199951,0.6165151566267012
4,AINR,trig,96,0,1,0,1,65.57040000006964,1.6263184547424316,0.6165151566267012
4,AINR,trig,97,0,1,0,1,54.39769999975397,1.3345401287078857,0.6165151566267012
4,AINR,trig,98,0,1,0,1,65.45230000028823,1.2005053758621216,0.6165151566267012
4,AINR,trig,99,0,1,0,1,59.43769999976212,1.4158754348754883,0.6165151566267012
4,AINR,trig,100,0,1,0,1,56.101500000295346,1.4330344200134277,0.6165151566267012
4,AINR,trig,101,0,1,0,1,69.4218999997247,1.2585562467575073,0.6165151566267012
4,AINR,trig,102,0,1,0,1,56.974799999807146,1.4927754402160645,0.6165151566267012
4,AINR,trig,103,0,1,0,1,58.014299999740615,1.2081453800201416,0.6165151566267012
4,AINR,trig,104,0,1,0,1,60.60729999990144,1.2278810739517212,0.6165151566267012
4,AINR,trig,105,0,1,0,1,53.042000000459666,1.3714003562927246,0.6165151566267012
4,AINR,trig,106,0,1,0,1,67.66330000027665,1.5413068532943726,0.6165151566267012
4,AINR,trig,107,0,1,0,1,58.712500000183354,1.2998403310775757,0.6165151566267012
4,AINR,trig,108,0,1,0,1,51.07029999999213,1.5335139036178589,0.6165151566267012
4,AINR,trig,109,0,1,0,1,66.28430000000662,1.3012521266937256,0.6165151566267012
4,AINR,trig,110,0,1,0,1,54.5099000000846,1.3722236156463623,0.6165151566267012
4,AINR,trig,111,0,1,0,1,60.329400000227906,1.3417598009109497,0.6165151566267012
4,AINR,trig,112,0,1,0,1,56.508199999370845,1.3765887022018433,0.6165151566267012
4,AINR,trig,113,0,1,0,1,54.69880000055127,1.289873719215393,0.6165151566267012
4,AINR,trig,114,0,1,0,1,62.43059999997058,1.2300697565078735,0.6165151566267012
4,AINR,trig,115,0,1,0,1,61.01380000018253,1.2981555461883545,0.6165151566267012
4,AINR,trig,116,0,1,0,1,50.41140000048472,1.3562088012695312,0.6165151566267012
4,AINR,trig,117,0,1,0,1,61.10110000008717,1.1940257549285889,0.6165151566267012
4,AINR,trig,118,0,1,0,1,62.7135000004273,1.3303066492080688,0.6165151566267012
4,AINR,trig,119,0,1,0,1,54.780399999799556,1.601405382156372,0.6165151566267012
4,AINR,trig,120,0,1,0,1,49.702000000252156,1.4168510437011719,0.6165151566267012
4,AINR,trig,121,0,1,0,1,50.22399999961635,1.5276689529418945,0.6165151566267012
4,AINR,trig,122,0,1,0,1,74.33209999999235,1.4010088443756104,0.6165151566267012
4,AINR,trig,123,0,1,0,1,58.85059999945952,1.1944164037704468,0.6165151566267012
4,AINR,trig,124,0,1,0,1,65.80610000037268,1.2314683198928833,0.6165151566267012
4,AINR,trig,125,0,1,0,1,69.79929999943124,1.4008821249008179,0.6165151566267012
4,AINR,trig,126,0,1,0,1,63.97079999987909,1.2780637741088867,0.6165151566267012
4,AINR,trig,127,0,1,0,1,65.5758999992031,1.5661120414733887,0.6165151566267012
4,AINR,trig,128,0,1,0,1,63.73069999972358,1.6052602529525757,0.6165151566267012
4,AINR,trig,129,0,1,0,1,52.00239999976475,1.203160047531128,0.6165151566267012
4,AINR,trig,130,0,1,0,1,73.6389000003328,1.4963792562484741,0.6165151566267012
4,AINR,trig,131,0,1,0,1,52.621499999986554,1.5779269933700562,0.6165151566267012
4,AINR,trig,132,0,1,0,1,68.37139999970532,1.163119912147522,0.6165151566267012
4,AINR,trig,133,0,1,0,1,55.32469999980094,1.3236027956008911,0.6165151566267012
4,AINR,trig,134,0,1,0,1,58.98330000036367,1.1384544372558594,0.6165151566267012
4,AINR,trig,135,0,1,0,1,65.6435999999303,1.4456021785736084,0.6165151566267012
4,AINR,trig,136,0,1,0,1,53.756000000248605,1.4062559604644775,0.6165151566267012
4,AINR,trig,137,0,1,0,1,65.2103000002171,1.4357584714889526,0.6165151566267012
4,AINR,trig,138,0,1,0,1,59.85229999987496,1.4463680982589722,0.6165151566267012
4,AINR,trig,139,0,1,0,1,53.348299999925075,1.4543191194534302,0.6165151566267012
4,AINR,trig,140,0,1,0,1,67.22460000037245,1.3985552787780762,0.6165151566267012
4,AINR,trig,141,0,1,0,1,58.05309999959718,1.4567993879318237,0.6165151566267012
4,AINR,trig,142,0,1,0,1,52.60240000006888,1.3453514575958252,0.6165151566267012
4,AINR,trig,143,0,1,0,1,62.87659999998141,1.230346441268921,0.6165151566267012
4,AINR,trig,144,0,1,0,1,51.3000999999349,1.3045787811279297,0.6165151566267012
4,AINR,trig,145,0,1,0,1,54.91060000076686,1.3628383874893188,0.6165151566267012
4,AINR,trig,146,0,1,0,1,64.01259999984177,1.34979248046875,0.6165151566267012
4,AINR,trig,147,0,1,0,1,57.07970000003115,1.2211740016937256,0.6165151566267012
4,AINR,trig,148,0,1,0,1,52.37390000002051,1.1795473098754883,0.6165151566267012
4,AINR,trig,149,0,1,0,1,68.61950000075012,1.2311592102050781,0.6165151566267012
4,AINR,trig,150,0,1,0,1,57.11319999954867,1.3774511814117432,0.6165151566267012
4,AINR,trig,151,0,1,0,1,50.288800000089395,1.2673600912094116,0.6165151566267012
4,AINR,trig,152,0,1,0,1,72.01369999984308,1.4482051134109497,0.6165151566267012
4,AINR,trig,153,0,1,0,1,53.36369999986346,1.427414059638977,0.6165151566267012
4,AINR,trig,154,0,1,0,1,52.53480000010313,1.4069404602050781,0.6165151566267012
4,AINR,trig,155,0,1,0,1,70.34250000015163,1.4436036348342896,0.6165151566267012
4,AINR,trig,156,0,1,0,1,54.67959999987215,1.2561826705932617,0.6165151566267012
4,AINR,trig,157,0,1,0,1,58.32430000009481,1.5831377506256104,0.6165151566267012
4,AINR,trig,158,0,1,0,1,70.41320000007545,1.353511095046997,0.6165151566267012
4,AINR,trig,159,0,1,0,1,53.18540000007488,1.2043066024780273,0.6165151566267012
4,AINR,trig,160,0,1,0,1,70.19510000009177,1.267130732536316,0.6165151566267012
4,AINR,trig,161,0,1,0,1,61.056900000039604,1.3216800689697266,0.6165151566267012
4,AINR,trig,162,0,1,0,1,61.00689999948372,1.3595632314682007,0.6165151566267012
4,AINR,trig,163,0,1,0,1,61.32140000045183,1.2431000471115112,0.6165151566267012
4,AINR,trig,164,0,1,0,1,54.85820000012609,1.2527704238891602,0.6165151566267012
4,AINR,trig,165,0,1,0,1,47.10609999983717,1.3722052574157715,0.6165151566267012
4,AINR,trig,166,0,1,0,1,72.60079999923619,1.3329181671142578,0.6165151566267012
4,AINR,trig,167,0,1,0,1,55.718399999932444,1.219894528388977,0.6165151566267012
4,AINR,trig,168,0,1,0,1,58.92130000029283,1.401961088180542,0.6165151566267012
4,AINR,trig,169,0,1,0,1,65.74670000009064,1.3507848978042603,0.6165151566267012
4,AINR,trig,170,0,1,0,1,54.0409000004729,1.563396692276001,0.6165151566267012
4,AINR,trig,171,0,1,0,1,66.70569999914733,1.6247354745864868,0.6165151566267012
4,AINR,trig,172,0,1,0,1,57.83460000020568,1.2821290493011475,0.6165151566267012
4,AINR,trig,173,0,1,0,1,55.01529999946797,1.423513412475586,0.6165151566267012
4,AINR,trig,174,0,1,0,1,61.903399999209796,1.3454058170318604,0.6165151566267012
4,AINR,trig,175,0,1,0,1,69.41459999961808,1.198829174041748,0.6165151566267012
4,AINR,trig,176,0,1,0,1,53.759599999466445,1.3077431917190552,0.6165151566267012
4,AINR,trig,177,0,1,0,1,70.89869999981602,1.4071954488754272,0.6165151566267012
4,AINR,trig,178,0,1,0,1,57.098400000541005,1.4093605279922485,0.6165151566267012
4,AINR,trig,179,0,1,0,1,52.90960000002087,1.4133000373840332,0.6165151566267012
4,AINR,trig,180,0,1,0,1,67.6658000002135,1.4004544019699097,0.6165151566267012
4,AINR,trig,181,0,1,0,1,55.37739999999758,1.4092272520065308,0.6165151566267012
4,AINR,trig,182,0,1,0,1,55.62209999970946,1.3395886421203613,0.6165151566267012
4,AINR,trig,183,0,1,0,1,64.50750000021799,1.2036378383636475,0.6165151566267012
4,AINR,trig,184,0,1,0,1,57.34099999972386,1.2164170742034912,0.6165151566267012
4,AINR,trig,185,0,1,0,1,72.7854999995543,1.42693293094635,0.6165151566267012
4,AINR,trig,186,0,1,0,1,52.99800000011601,1.2730884552001953,0.6165151566267012
4,AINR,trig,187,0,1,0,1,69.14790000064386,1.3840614557266235,0.6165151566267012
4,AINR,trig,188,0,1,0,1,54.81950000012148,1.5516222715377808,0.6165151566267012
4,AINR,trig,189,0,1,0,1,59.20979999973497,1.4004875421524048,0.6165151566267012
4,AINR,trig,190,0,1,0,1,61.19149999994988,1.3051973581314087,0.6165151566267012
4,AINR,trig,191,0,1,0,1,53.09650000071997,1.3223732709884644,0.6165151566267012
4,AINR,trig,192,0,1,0,1,67.7921000005881,1.4096927642822266,0.6165151566267012
4,AINR,trig,193,0,1,0,1,56.42699999953038,1.4076014757156372,0.6165151566267012
4,AINR,trig,194,0,1,0,1,48.79760000039823,1.183354139328003,0.6165151566267012
4,AINR,trig,195,0,1,0,1,71.68329999967682,1.1169642210006714,0.6165151566267012
4,AINR,trig,196,0,1,0,1,56.67059999996127,1.4524414539337158,0.6165151566267012
4,AINR,trig,197,0,1,0,1,65.83090000003722,1.3781235218048096,0.6165151566267012
4,AINR,trig,198,0,1,0,1,59.48960000023362,1.1303678750991821,0.6165151566267012
4,AINR,trig,199,0,1,0,1,52.56909999934578,1.2980847358703613,0.6165151566267012
4,AINR,trig,200,0,1,0,1,63.26249999983702,1.2879984378814697,0.6165151566267012
4,AINR,trig,201,0,1,0,1,59.144300000298244,1.4738801717758179,0.6165151566267012
4,AINR,trig,202,0,1,0,1,51.05829999956768,1.3438236713409424,0.6165151566267012
4,AINR,trig,203,0,1,0,1,71.48169999982201,1.134352684020996,0.6165151566267012
4,AINR,trig,204,0,1,0,1,55.91109999932087,1.2814040184020996,0.6165151566267012
4,AINR,trig,205,0,1,0,1,62.32570000065607,1.3667265176773071,0.6165151566267012
4,AINR,trig,206,0,1,0,1,60.10560000049736,1.2510236501693726,0.6165151566267012
4,AINR,trig,207,0,1,0,1,51.212000000305125,1.4291958808898926,0.6165151566267012
4,AINR,trig,208,0,1,0,1,60.83010000020295,1.4458428621292114,0.6165151566267012
4,AINR,trig,209,0,1,0,1,59.43569999999454,1.387817144393921,0.6165151566267012
4,AINR,trig,210,0,1,0,1,53.19890000009764,1.4474658966064453,0.6165151566267012
4,AINR,trig,211,0,1,0,1,62.657299999955285,1.2174352407455444,0.6165151566267012
4,AINR,trig,212,0,1,0,1,64.41739999991114,1.3603405952453613,0.6165151566267012
4,AINR,trig,213,0,1,0,1,57.2122000003219,1.4538477659225464,0.6165151566267012
4,AINR,trig,214,0,1,0,1,54.100600000310806,1.4810775518417358,0.6165151566267012
4,AINR,trig,215,0,1,0,1,71.79960000030405,1.3564506769180298,0.6165151566267012
4,AINR,trig,216,0,1,0,1,57.765399999880174,1.3741891384124756,0.6165151566267012
4,AINR,trig,217,0,1,0,1,67.5386000002618,1.3072501420974731,0.6165151566267012
4,AINR,trig,218,0,1,0,1,54.36499999996158,1.1416116952896118,0.6165151566267012
4,AINR,trig,219,0,1,0,1,51.324299999578216,1.213526725769043,0.6165151566267012
4,AINR,trig,220,0,1,0,1,71.13729999946372,1.3687044382095337,0.6165151566267012
4,AINR,trig,221,0,1,0,1,61.31740000000718,1.5017485618591309,0.6165151566267012
4,AINR,trig,222,0,1,0,1,57.7382999999827,1.3144168853759766,0.6165151566267012
4,AINR,trig,223,0,1,0,1,51.5717999996923,1.2417404651641846,0.6165151566267012
4,AINR,trig,224,0,1,0,1,63.731400000506255,1.4762598276138306,0.6165151566267012
4,AINR,trig,225,0,1,0,1,58.95260000033886,1.3298674821853638,0.6165151566267012
4,AINR,trig,226,0,1,0,1,54.642700000840705,1.2377264499664307,0.6165151566267012
4,AINR,trig,227,0,1,0,1,68.71439999940776,1.3470102548599243,0.6165151566267012
4,AINR,trig,228,0,1,0,1,54.51309999989462,1.4570366144180298,0.6165151566267012
4,AINR,trig,229,0,1,0,1,58.68280000049708,1.3972505331039429,0.6165151566267012
4,AINR,trig,230,0,1,0,1,64.91579999965325,1.1617937088012695,0.6165151566267012
4,AINR,trig,231,0,1,0,1,54.738499999984924,1.2589157819747925,0.6165151566267012
4,AINR,trig,232,0,1,0,1,68.69739999910962,1.137056589126587,0.6165151566267012
4,AINR,trig,233,0,1,0,1,56.21160000009695,1.4535690546035767,0.6165151566267012
4,AINR,trig,234,0,1,0,1,52.319100000204344,1.5427756309509277,0.6165151566267012
4,AINR,trig,235,0,1,0,1,55.056600000170874,1.519568681716919,0.6165151566267012
4,AINR,trig,236,0,1,0,1,64.41030000041792,1.4491685628890991,0.6165151566267012
4,AINR,trig,237,0,1,0,1,52.4823000005199,1.121698021888733,0.6165151566267012
4,AINR,trig,238,0,1,0,1,52.66179999944143,1.491748571395874,0.6165151566267012
4,AINR,trig,239,0,1,0,1,67.81719999980851,1.3336595296859741,0.6165151566267012
4,AINR,trig,240,0,1,0,1,56.03080000037153,1.1507455110549927,0.6165151566267012
4,AINR,trig,241,0,1,0,1,59.55030000041006,1.3777927160263062,0.6165151566267012
4,AINR,trig,242,0,1,0,1,62.38920000032522,1.511603593826294,0.6165151566267012
4,AINR,trig,243,0,1,0,1,57.13409999953001,1.41274893283844,0.6165151566267012
4,AINR,trig,244,0,1,0,1,58.032700000694604,1.2982783317565918,0.6165151566267012
4,AINR,trig,245,0,1,0,1,59.228999999504595,1.1756939888000488,0.6165151566267012
4,AINR,trig,246,0,1,0,1,51.99460000039835,1.3309706449508667,0.6165151566267012
4,AINR,trig,247,0,1,0,1,71.71549999929994,1.3324848413467407,0.6165151566267012
4,AINR,trig,248,0,1,0,1,54.493799999363546,1.2980419397354126,0.6165151566267012
4,AINR,trig,249,0,1,0,1,61.96100000033766,1.3403387069702148,0.6165151566267012
4,AINR,trig,250,0,1,0,1,64.86910000057833,1.232386589050293,0.6165151566267012
4,AINR,trig,251,0,1,0,1,54.173000000446336,1.3366440534591675,0.6165151566267012
4,AINR,trig,252,0,1,0,1,63.69480000012118,1.501793622970581,0.6165151566267012
4,AINR,trig,253,0,1,0,1,59.06620000041585,1.4345275163650513,0.6165151566267012
4,AINR,trig,254,0,1,0,1,57.97519999941869,1.1565841436386108,0.6165151566267012
4,AINR,trig,255,0,1,0,1,65.82269999944401,1.490770697593689,0.6165151566267012
4,AINR,trig,256,0,1,0,1,54.542000000765256,1.245955467224121,0.6165151566267012
4,AINR,trig,257,0,1,0,1,65.57929999962653,1.458621621131897,0.6165151566267012
4,AINR,trig,258,0,1,0,1,56.5361999997549,1.359076976776123,0.6165151566267012
4,AINR,trig,259,0,1,0,1,49.300399999992806,1.222293734550476,0.6165151566267012
4,AINR,trig,260,0,1,0,1,69.5224999999482,1.494128942489624,0.6165151566267012
4,AINR,trig,261,0,1,0,1,55.66629999975703,1.4865789413452148,0.6165151566267012
4,AINR,trig,262,0,1,0,1,71.80530000005092,1.172789216041565,0.6165151566267012
4,AINR,trig,263,0,1,0,1,55.989100000260805,1.2482140064239502,0.6165151566267012
4,AINR,trig,264,0,1,0,1,59.84029999945051,1.2926403284072876,0.6165151566267012
4,AINR,trig,265,0,1,0,1,64.80999999985215,1.3731802701950073,0.6165151566267012
4,AINR,trig,266,0,1,0,1,53.38899999969726,1.3462984561920166,0.6165151566267012
4,AINR,trig,267,0,1,0,1,62.90369999987888,1.1141111850738525,0.6165151566267012
4,AINR,trig,268,0,1,0,1,55.609000000004016,1.2504394054412842,0.6165151566267012
4,AINR,trig,269,0,1,0,1,57.61939999956667,1.5180140733718872,0.6165151566267012
4,AINR,trig,270,0,1,0,1,58.63910000061878,1.2423688173294067,0.6165151566267012
4,AINR,trig,271,0,1,0,1,56.49459999949613,1.5680280923843384,0.6165151566267012
4,AINR,trig,272,0,1,0,1,71.77400000000489,1.0655356645584106,0.6165151566267012
4,AINR,trig,273,0,1,0,1,56.22289999973873,1.5412791967391968,0.6165151566267012
4,AINR,trig,274,0,1,0,1,57.13290000039706,1.4932690858840942,0.6165151566267012
4,AINR,trig,275,0,1,0,1,67.90580000051705,1.3356925249099731,0.6165151566267012
4,AINR,trig,276,0,1,0,1,52.161399999931746,1.1227082014083862,0.6165151566267012
4,AINR,trig,277,0,1,0,1,71.73140000031708,1.2137279510498047,0.6165151566267012
4,AINR,trig,278,0,1,0,1,58.675700000094366,1.3835927248001099,0.6165151566267012
4,AINR,trig,279,0,1,0,1,57.95579999994516,1.131242275238037,0.6165151566267012
4,AINR,trig,280,0,1,0,1,61.794499999450636,1.3400927782058716,0.6165151566267012
4,AINR,trig,281,0,1,0,1,54.156399999556015,1.274520754814148,0.6165151566267012
4,AINR,trig,282,0,1,0,1,69.02989999980491,1.1913325786590576,0.6165151566267012
4,AINR,trig,283,0,1,0,1,53.16229999971256,1.4060860872268677,0.6165151566267012
4,AINR,trig,284,0,1,0,1,51.94889999984298,1.5001826286315918,0.6165151566267012
4,AINR,trig,285,0,1,0,1,70.55040000068402,1.307840347290039,0.6165151566267012
4,AINR,trig,286,0,1,0,1,52.20180000014807,1.195918321609497,0.6165151566267012
4,AINR,trig,287,0,1,0,1,50.38609999974142,1.2576086521148682,0.6165151566267012
4,AINR,trig,288,0,1,0,1,65.0842000004559,1.301009178161621,0.6165151566267012
4,AINR,trig,289,0,1,0,1,55.86360000052082,1.5359734296798706,0.6165151566267012
4,AINR,trig,290,0,1,0,1,49.846200000501995,1.0827113389968872,0.6165151566267012
4,AINR,trig,291,0,1,0,1,73.70210000044608,1.3287500143051147,0.6165151566267012
4,AINR,trig,292,0,1,0,1,54.554600000301434,1.2812739610671997,0.6165151566267012
4,AINR,trig,293,0,1,0,1,58.504000000539236,1.280830979347229,0.6165151566267012
4,AINR,trig,294,0,1,0,1,68.7512999993487,1.4551857709884644,0.6165151566267012
4,AINR,trig,295,0,1,0,1,50.6876999997985,1.397472620010376,0.6165151566267012
4,AINR,trig,296,0,1,0,1,69.73920000018552,1.6681245565414429,0.6165151566267012
4,AINR,trig,297,0,1,0,1,57.58659999992233,1.3019585609436035,0.6165151566267012
4,AINR,trig,298,0,1,0,1,50.124200000027486,1.411472201347351,0.6165151566267012
4,AINR,trig,299,0,1,0,1,69.0268999996988,1.224005937576294,0.6165151566267012
4,AINR,trig,300,0,1,0,1,57.11669999982405,1.313149333000183,0.6165151566267012
4,AINR,trig,301,0,1,0,1,58.15379999967263,1.3182275295257568,0.6165151566267012
4,AINR,trig,302,0,1,0,1,66.4161000004242,1.2032512426376343,0.6165151566267012
4,AINR,trig,303,0,1,0,1,53.633800000170595,1.4992549419403076,0.6165151566267012
4,AINR,trig,304,0,1,0,1,58.955100000275706,1.495890498161316,0.6165151566267012
4,AINR,trig,305,0,1,0,1,62.12910000067495,1.285295844078064,0.6165151566267012
4,AINR,trig,306,0,1,0,1,52.57419999998092,1.256916880607605,0.6165151566267012
4,AINR,trig,307,0,1,0,1,69.4324999994933,1.283107876777649,0.6165151566267012
4,AINR,trig,308,0,1,0,1,59.85899999996036,1.320208191871643,0.6165151566267012
4,AINR,trig,309,0,1,0,1,56.09969999932218,1.2467186450958252,0.6165151566267012
4,AINR,trig,310,0,1,0,1,70.46559999980673,1.1455857753753662,0.6165151566267012
4,AINR,trig,311,0,1,0,1,54.511100000127044,1.172296166419983,0.6165151566267012
4,AINR,trig,312,0,1,0,1,63.19239999993442,1.0737818479537964,0.6165151566267012
4,AINR,trig,313,0,1,0,1,61.02350000037404,1.1719975471496582,0.6165151566267012
4,AINR,trig,314,0,1,0,1,54.936600000473845,1.1839847564697266,0.6165151566267012
4,AINR,trig,315,0,1,0,1,67.59259999944334,1.6604998111724854,0.6165151566267012
4,AINR,trig,316,0,1,0,1,58.4577999998146,1.3191566467285156,0.6165151566267012
4,AINR,trig,317,0,1,0,1,51.45309999988967,1.3906457424163818,0.6165151566267012
4,AINR,trig,318,0,1,0,1,68.44719999935478,1.1638262271881104,0.6165151566267012
4,AINR,trig,319,0,1,0,1,54.349099999853934,1.3198158740997314,0.6165151566267012
4,AINR,trig,320,0,1,0,1,66.35499999993044,1.3865306377410889,0.6165151566267012
4,AINR,trig,321,0,1,0,1,58.11089999951946,1.1258831024169922,0.6165151566267012
4,AINR,trig,322,0,1,0,1,54.22580000049493,1.5887082815170288,0.6165151566267012
4,AINR,trig,323,0,1,0,1,66.24850000025617,1.2580074071884155,0.6165151566267012
4,AINR,trig,324,0,1,0,1,64.16799999988143,1.3749171495437622,0.6165151566267012
4,AINR,trig,325,0,1,0,1,51.83599999963917,1.1680618524551392,0.6165151566267012
4,AINR,trig,326,0,1,0,1,69.84050000028219,1.2158318758010864,0.6165151566267012
4,AINR,trig,327,0,1,0,1,58.71830000069167,1.5848536491394043,0.6165151566267012
4,AINR,trig,328,0,1,0,1,52.18030000014551,1.2706964015960693,0.6165151566267012
4,AINR,trig,329,0,1,0,1,70.2264000001378,1.640427589416504,0.6165151566267012
4,AINR,trig,330,0,1,0,1,57.000300000254356,1.431438684463501,0.6165151566267012
4,AINR,trig,331,0,1,0,1,49.745500000426546,1.2074840068817139,0.6165151566267012
4,AINR,trig,332,0,1,0,1,64.54289999965113,1.239650845527649,0.6165151566267012
4,AINR,trig,333,0,1,0,1,58.30919999971229,1.4390885829925537,0.6165151566267012
4,AINR,trig,334,0,1,0,1,52.91250000027503,1.5309075117111206,0.6165151566267012
4,AINR,trig,335,0,1,0,1,59.20869999954448,1.342531681060791,0.6165151566267012
4,AINR,trig,336,0,1,0,1,69.32320000032632,1.3884100914001465,0.6165151566267012
4,AINR,trig,337,0,1,0,1,50.94499999995605,1.2847481966018677,0.6165151566267012
4,AINR,trig,338,0,1,0,1,61.08860000040295,1.2613800764083862,0.6165151566267012
4,AINR,trig,339,0,1,0,1,58.0073999999513,1.275412917137146,0.6165151566267012
4,AINR,trig,340,0,1,0,1,52.3326000002271,1.422728419303894,0.6165151566267012
4,AINR,trig,341,0,1,0,1,75.14009999977134,1.2791661024093628,0.6165151566267012
4,AINR,trig,342,0,1,0,1,55.08319999989908,1.25639009475708,0.6165151566267012
4,AINR,trig,343,0,1,0,1,61.27770000057353,1.2064621448516846,0.6165151566267012
4,AINR,trig,344,0,1,0,1,64.2797000000428,1.167336344718933,0.6165151566267012
4,AINR,trig,345,0,1,0,1,56.77860000014334,1.5390264987945557,0.6165151566267012
4,AINR,trig,346,0,1,0,1,64.76279999969847,1.391574740409851,0.6165151566267012
4,AINR,trig,347,0,1,0,1,53.19299999973737,1.3565229177474976,0.6165151566267012
4,AINR,trig,348,0,1,0,1,54.13360000056855,1.267500877380371,0.6165151566267012
4,AINR,trig,349,0,1,0,1,65.11849999969854,1.318129539489746,0.6165151566267012
4,AINR,trig,350,0,1,0,1,68.10370000039256,1.2027016878128052,0.6165151566267012
4,AINR,trig,351,0,1,0,1,54.5430000001943,1.2071895599365234,0.6165151566267012
4,AINR,trig,352,0,1,0,1,58.422199999768054,1.3474557399749756,0.6165151566267012
4,AINR,trig,353,0,1,0,1,63.61019999985729,1.069071888923645,0.6165151566267012
4,AINR,trig,354,0,1,0,1,59.496199999557575,1.1710691452026367,0.6165151566267012
4,AINR,trig,355,0,1,0,1,53.14819999966858,1.5856990814208984,0.6165151566267012
4,AINR,trig,356,0,1,0,1,62.61540000014065,1.3622565269470215,0.6165151566267012
4,AINR,trig,357,0,1,0,1,57.874099999935424,1.4961624145507812,0.6165151566267012
4,AINR,trig,358,0,1,0,1,49.680199999784236,1.1059826612472534,0.6165151566267012
4,AINR,trig,359,0,1,0,1,65.76089999998658,1.118025541305542,0.6165151566267012
4,AINR,trig,360,0,1,0,1,59.34349999915867,1.5024062395095825,0.6165151566267012
4,AINR,trig,361,0,1,0,1,55.917699999554316,1.2822909355163574,0.6165151566267012
4,AINR,trig,362,0,1,0,1,61.138900000514695,1.1273030042648315,0.6165151566267012
4,AINR,trig,363,0,1,0,1,64.86500000028173,1.4319055080413818,0.6165151566267012
4,AINR,trig,364,0,1,0,1,58.26290000004519,1.200914740562439,0.6165151566267012
4,AINR,trig,365,0,1,0,1,65.56149999960326,1.5660967826843262,0.6165151566267012
4,AINR,trig,366,0,1,0,1,58.26160000015079,1.3556157350540161,0.6165151566267012
4,AINR,trig,367,0,1,0,1,55.80120000013267,1.582261085510254,0.6165151566267012
4,AINR,trig,368,0,1,0,1,69.93749999946886,1.5564378499984741,0.6165151566267012
4,AINR,trig,369,0,1,0,1,55.50579999999172,1.281631588935852,0.6165151566267012
4,AINR,trig,370,0,1,0,1,55.734499999744,1.2367974519729614,0.6165151566267012
4,AINR,trig,371,0,1,0,1,60.213600000679435,1.2135791778564453,0.6165151566267012
4,AINR,trig,372,0,1,0,1,52.490799999759474,1.4957239627838135,0.6165151566267012
4,AINR,trig,373,0,1,0,1,50.40459999963787,1.1338061094284058,0.6165151566267012
4,AINR,trig,374,0,1,0,1,68.53429999955551,1.1650553941726685,0.6165151566267012
4,AINR,trig,375,0,1,0,1,56.03430000064691,1.4958269596099854,0.6165151566267012
4,AINR,trig,376,0,1,0,1,61.07689999953436,1.4715977907180786,0.6165151566267012
4,AINR,trig,377,0,1,0,1,64.0676999992138,1.2378129959106445,0.6165151566267012
4,AINR,trig,378,0,1,0,1,53.04249999971944,1.1812493801116943,0.6165151566267012
4,AINR,trig,379,0,1,0,1,72.49349999983679,1.0655850172042847,0.6165151566267012
4,AINR,trig,380,0,1,0,1,54.45309999959136,1.3431639671325684,0.6165151566267012
4,AINR,trig,381,0,1,0,1,58.40549999993527,1.2585047483444214,0.6165151566267012
4,AINR,trig,382,0,1,0,1,65.440899999885,1.379615306854248,0.6165151566267012
4,AINR,trig,383,0,1,0,1,52.49120000007679,1.1708952188491821,0.6165151566267012
4,AINR,trig,384,0,1,0,1,69.04200000008132,1.3848975896835327,0.6165151566267012
4,AINR,trig,385,0,1,0,1,55.32789999961096,1.2404472827911377,0.6165151566267012
4,AINR,trig,386,0,1,0,1,53.83400000027905,1.1403166055679321,0.6165151566267012
4,AINR,trig,387,0,1,0,1,66.48630000017874,1.409132719039917,0.6165151566267012
4,AINR,trig,388,0,1,0,1,59.51180000010936,1.1782864332199097,0.6165151566267012
4,AINR,trig,389,0,1,0,1,65.42650000028516,1.413707971572876,0.6165151566267012
4,AINR,trig,390,0,1,0,1,59.51630000072328,1.453171968460083,0.6165151566267012
4,AINR,trig,391,0,1,0,1,48.35499999990134,1.269832730293274,0.6165151566267012
4,AINR,trig,392,0,1,0,1,64.92840000009892,1.1884114742279053,0.6165151566267012
4,AINR,trig,393,0,1,0,1,57.929300000068906,1.1772820949554443,0.6165151566267012
4,AINR,trig,394,0,1,0,1,50.34669999986363,1.1777222156524658,0.6165151566267012
4,AINR,trig,395,0,1,0,1,63.2303000002139,1.3105719089508057,0.6165151566267012
4,AINR,trig,396,0,1,0,1,52.781100000174774,1.2955679893493652,0.6165151566267012
4,AINR,trig,397,0,1,0,1,64.487999999983,1.3737872838974,0.6165151566267012
4,AINR,trig,398,0,1,0,1,59.67340000006516,1.5629392862319946,0.6165151566267012
4,AINR,trig,399,0,1,0,1,54.82229999961419,1.4006264209747314,0.6165151566267012
4,AINR,trig,400,0,1,0,1,63.30520000028628,1.2462013959884644,0.6165151566267012
4,AINR,trig,401,0,1,0,1,61.31729999924573,1.1865531206130981,0.6165151566267012
4,AINR,trig,402,0,1,0,1,54.190099999686936,1.3069590330123901,0.6165151566267012
4,AINR,trig,403,0,1,0,1,70.12049999957526,1.4691189527511597,0.6165151566267012
4,AINR,trig,404,0,1,0,1,57.756500000323285,1.2553588151931763,0.6165151566267012
4,AINR,trig,405,0,1,0,1,51.193500000408676,1.519923448562622,0.6165151566267012
4,AINR,trig,406,0,1,0,1,58.284200000343844,1.2555551528930664,0.6165151566267012
4,AINR,trig,407,0,1,0,1,65.9101000001101,1.2029939889907837,0.6165151566267012
4,AINR,trig,408,0,1,0,1,56.24770000031276,1.5093210935592651,0.6165151566267012
4,AINR,trig,409,0,1,0,1,66.80450000021665,1.3340034484863281,0.6165151566267012
4,AINR,trig,410,0,1,0,1,58.15780000011728,1.0934205055236816,0.6165151566267012
4,AINR,trig,411,0,1,0,1,58.62960000013118,1.5148684978485107,0.6165151566267012
4,AINR,trig,412,0,1,0,1,60.88999999974476,1.4042384624481201,0.6165151566267012
4,AINR,trig,413,0,1,0,1,49.77539999981673,1.287337303161621,0.6165151566267012
4,AINR,trig,414,0,1,0,1,70.50859999981185,1.1070021390914917,0.6165151566267012
4,AINR,trig,415,0,1,0,1,58.921299999383336,1.546686053276062,0.6165151566267012
4,AINR,trig,416,0,1,0,1,51.1025999994672,1.3067889213562012,0.6165151566267012
4,AINR,trig,417,0,1,0,1,72.05220000014378,1.5109562873840332,0.6165151566267012
4,AINR,trig,418,0,1,0,1,55.97550000038609,1.3486933708190918,0.6165151566267012
4,AINR,trig,419,0,1,0,1,68.56210000023566,1.226349115371704,0.6165151566267012
4,AINR,trig,420,0,1,0,1,58.38140000014391,1.310874342918396,0.6165151566267012
4,AINR,trig,421,0,1,0,1,51.85189999974682,1.5511246919631958,0.6165151566267012
4,AINR,trig,422,0,1,0,1,69.41760000063368,1.4031480550765991,0.6165151566267012
4,AINR,trig,423,0,1,0,1,54.66809999961697,1.325597882270813,0.6165151566267012
4,AINR,trig,424,0,1,0,1,56.05869999999413,1.2445690631866455,0.6165151566267012
4,AINR,trig,425,0,1,0,1,65.23480000032578,1.491966724395752,0.6165151566267012
4,AINR,trig,426,0,1,0,1,51.97279999993043,1.3860870599746704,0.6165151566267012
4,AINR,trig,427,0,1,0,1,54.752999999436724,1.3457006216049194,0.6165151566267012
4,AINR,trig,428,0,1,0,1,70.37149999996473,1.5605708360671997,0.6165151566267012
4,AINR,trig,429,0,1,0,1,53.30870000034338,1.2602057456970215,0.6165151566267012
4,AINR,trig,430,0,1,0,1,57.62270000013814,1.4207996129989624,0.6165151566267012
4,AINR,trig,431,0,1,0,1,56.5323000000717,1.4122345447540283,0.6165151566267012
4,AINR,trig,432,0,1,0,1,53.126099999644794,1.3835877180099487,0.6165151566267012
4,AINR,trig,433,0,1,0,1,60.92590000025666,1.3646589517593384,0.6165151566267012
4,AINR,trig,434,0,1,0,1,59.94900000041525,1.2245197296142578,0.6165151566267012
4,AINR,trig,435,0,1,0,1,52.642800000285206,1.2799795866012573,0.6165151566267012
4,AINR,trig,436,0,1,0,1,67.90099999943777,1.2447466850280762,0.6165151566267012
4,AINR,trig,437,0,1,0,1,53.04610000075627,1.1763429641723633,0.6165151566267012
4,AINR,trig,438,0,1,0,1,63.052999999854364,1.1392335891723633,0.6165151566267012
4,AINR,trig,439,0,1,0,1,57.06529999952181,1.5524393320083618,0.6165151566267012
4,AINR,trig,440,0,1,0,1,50.55199999969773,1.1301395893096924,0.6165151566267012
4,AINR,trig,441,0,1,0,1,68.6942000002091,1.2970402240753174,0.6165151566267012
4,AINR,trig,442,0,1,0,1,54.23700000028475,1.6773626804351807,0.6165151566267012
4,AINR,trig,443,0,1,0,1,59.88549999983661,1.20211923122406,0.6165151566267012
4,AINR,trig,444,0,1,0,1,62.936899999840534,1.2453771829605103,0.6165151566267012
4,AINR,trig,445,0,1,0,1,55.391400000189606,1.4668235778808594,0.6165151566267012
4,AINR,trig,446,0,1,0,1,63.697399999909976,1.3367105722427368,0.6165151566267012
4,AINR,trig,447,0,1,0,1,63.53159999980562,1.3138279914855957,0.6165151566267012
4,AINR,trig,448,0,1,0,1,55.918000000019674,1.2567315101623535,0.6165151566267012
4,AINR,trig,449,0,1,0,1,59.712799999942945,1.3073320388793945,0.6165151566267012
4,AINR,trig,450,0,1,0,1,58.30760000026203,1.297019600868225,0.6165151566267012
4,AINR,trig,451,0,1,0,1,51.2217999994391,1.3348612785339355,0.6165151566267012
4,AINR,trig,452,0,1,0,1,71.41339999998308,1.3592636585235596,0.6165151566267012
4,AINR,trig,453,0,1,0,1,57.489499999974214,1.1397546529769897,0.6165151566267012
4,AINR,trig,454,0,1,0,1,69.61120000050869,1.1491694450378418,0.6165151566267012
4,AINR,trig,455,0,1,0,1,56.192099999861966,1.2390671968460083,0.6165151566267012
4,AINR,trig,456,0,1,0,1,63.23639999936859,1.30513596534729,0.6165151566267012
4,AINR,trig,457,0,1,0,1,58.610300000509596,1.337190866470337,0.6165151566267012
4,AINR,trig,458,0,1,0,1,50.228099999912956,1.4271066188812256,0.6165151566267012
4,AINR,trig,459,0,1,0,1,71.458999999777,1.1199244260787964,0.6165151566267012
4,AINR,trig,460,0,1,0,1,57.54570000044623,1.4571149349212646,0.6165151566267012
4,AINR,trig,461,0,1,0,1,68.79900000058115,1.2579675912857056,0.6165151566267012
4,AINR,trig,462,0,1,0,1,55.81200000051467,1.2324740886688232,0.6165151566267012
4,AINR,trig,463,0,1,0,1,67.3796000000948,1.332701325416565,0.6165151566267012
4,AINR,trig,464,0,1,0,1,53.73680000047898,1.216073751449585,0.6165151566267012
4,AINR,trig,465,0,1,0,1,70.62359999963519,1.5450034141540527,0.6165151566267012
4,AINR,trig,466,0,1,0,1,57.179500000529515,1.1922892332077026,0.6165151566267012
4,AINR,trig,467,0,1,0,1,49.472599999717204,1.4011648893356323,0.6165151566267012
4,AINR,trig,468,0,1,0,1,64.81439999970462,1.0174897909164429,0.6165151566267012
4,AINR,trig,469,0,1,0,1,63.07719999949768,1.1352890729904175,0.6165151566267012
4,AINR,trig,470,0,1,0,1,55.110899999817775,1.20244562625885,0.6165151566267012
4,AINR,trig,471,0,1,0,1,65.2684999995472,1.4400432109832764,0.6165151566267012
4,AINR,trig,472,0,1,0,1,62.95549999958894,1.2180640697479248,0.6165151566267012
4,AINR,trig,473,0,1,0,1,48.48130000027595,1.259775996208191,0.6165151566267012
4,AINR,trig,474,0,1,0,1,57.95979999948031,1.1097688674926758,0.6165151566267012
4,AINR,trig,475,0,1,0,1,54.36730000019452,1.1405198574066162,0.6165151566267012
4,AINR,trig,476,0,1,0,1,64.97579999995651,1.5220297574996948,0.6165151566267012
4,AINR,trig,477,0,1,0,1,55.15269999978045,1.6861129999160767,0.6165151566267012
4,AINR,trig,478,0,1,0,1,64.19439999990573,1.1698322296142578,0.6165151566267012
4,AINR,trig,479,0,1,0,1,56.70370000007097,1.3574469089508057,0.6165151566267012
4,AINR,trig,480,0,1,0,1,68.24159999996482,1.3070063591003418,0.6165151566267012
4,AINR,trig,481,0,1,0,1,61.3431000001583,1.2804009914398193,0.6165151566267012
4,AINR,trig,482,0,1,0,1,82.48619999994844,1.1949381828308105,0.6165151566267012
4,AINR,trig,483,0,1,0,1,80.8311999999205,1.2366304397583008,0.6165151566267012
4,AINR,trig,484,0,1,0,1,93.37330000016664,1.5673145055770874,0.6165151566267012
4,AINR,trig,485,0,1,0,1,66.74949999978708,1.2256430387496948,0.6165151566267012
4,AINR,trig,486,0,1,0,1,53.2669000003807,1.397139310836792,0.6165151566267012
4,AINR,trig,487,0,1,0,1,65.26239999948302,1.181942343711853,0.6165151566267012
4,AINR,trig,488,0,1,0,1,64.11049999951501,1.2441637516021729,0.6165151566267012
4,AINR,trig,489,0,1,0,1,53.59459999999672,1.2697731256484985,0.6165151566267012
4,AINR,trig,490,0,1,0,1,65.44920000033017,1.151780128479004,0.6165151566267012
4,AINR,trig,491,0,1,0,1,54.571499999838124,1.4614543914794922,0.6165151566267012
4,AINR,trig,492,0,1,0,1,69.69819999994797,1.3107110261917114,0.6165151566267012
4,AINR,trig,493,0,1,0,1,52.122899999631045,1.198464274406433,0.6165151566267012
4,AINR,trig,494,0,1,0,1,60.35859999974491,1.0554674863815308,0.6165151566267012
4,AINR,trig,495,0,1,0,1,59.87170000025799,1.378935694694519,0.6165151566267012
4,AINR,trig,496,0,1,0,1,50.24649999995745,1.5400359630584717,0.6165151566267012
4,AINR,trig,497,0,1,0,1,66.52609999946435,1.3527742624282837,0.6165151566267012
4,AINR,trig,498,0,1,0,1,81.91159999933006,1.2371983528137207,0.6165151566267012
4,AINR,trig,499,0,1,0,1,77.9871999993702,1.0560837984085083,0.6165151566267012
4,AINR,trig,500,0,1,0,1,57.647400000860216,1.5035693645477295,0.6165151566267012
4,AINR,trig,501,0,1,0,1,65.54830000004586,1.6240489482879639,0.6165151566267012
4,AINR,trig,502,0,1,0,1,54.749499999161344,1.049014687538147,0.6165151566267012
4,AINR,trig,503,0,1,0,1,67.84119999974791,1.1716359853744507,0.6165151566267012
4,AINR,trig,504,0,1,0,1,56.3732999999047,1.3155479431152344,0.6165151566267012
4,AINR,trig,505,0,1,0,1,60.14910000067175,1.4279571771621704,0.6165151566267012
4,AINR,trig,506,0,1,0,1,69.70650000039313,1.1637965440750122,0.6165151566267012
4,AINR,trig,507,0,1,0,1,53.07169999923644,1.480199933052063,0.6165151566267012
4,AINR,trig,508,0,1,0,1,62.25499999982276,1.6528841257095337,0.6165151566267012
4,AINR,trig,509,0,1,0,1,68.76939999983733,1.6036618947982788,0.6165151566267012
4,AINR,trig,510,0,1,0,1,54.42180000045482,1.3508827686309814,0.6165151566267012
4,AINR,trig,511,0,1,0,1,67.78639999993175,1.441920280456543,0.6165151566267012
4,AINR,trig,512,0,1,0,1,60.660299999653944,1.5169429779052734,0.6165151566267012
4,AINR,trig,513,0,1,0,1,55.95919999996113,1.4221670627593994,0.6165151566267012
4,AINR,trig,514,0,1,0,1,58.53269999988697,1.274634599685669,0.6165151566267012
4,AINR,trig,515,0,1,0,1,67.04379999973753,1.6026712656021118,0.6165151566267012
4,AINR,trig,516,0,1,0,1,57.440800000222225,1.1729025840759277,0.6165151566267012
4,AINR,trig,517,0,1,0,1,52.87620000035531,1.590210199356079,0.6165151566267012
4,AINR,trig,518,0,1,0,1,66.19719999980589,1.2896573543548584,0.6165151566267012
4,AINR,trig,519,0,1,0,1,57.4360999999044,1.1385619640350342,0.6165151566267012
4,AINR,trig,520,0,1,0,1,60.771200000090175,1.4596214294433594,0.6165151566267012
4,AINR,trig,521,0,1,0,1,62.82519999967917,1.3095107078552246,0.6165151566267012
4,AINR,trig,522,0,1,0,1,56.77150000065012,1.3093098402023315,0.6165151566267012
4,AINR,trig,523,0,1,0,1,59.613899999931164,1.3560924530029297,0.6165151566267012
4,AINR,trig,524,0,1,0,1,67.36950000049546,1.0992454290390015,0.6165151566267012
4,AINR,trig,525,0,1,0,1,64.12100000034116,1.0855854749679565,0.6165151566267012
4,AINR,trig,526,0,1,0,1,63.57829999979003,1.2413017749786377,0.6165151566267012
4,AINR,trig,527,0,1,0,1,55.55329999970127,1.4969637393951416,0.6165151566267012
4,AINR,trig,528,0,1,0,1,52.610200000344776,1.460953712463379,0.6165151566267012
4,AINR,trig,529,0,1,0,1,64.58180000026914,1.4234014749526978,0.6165151566267012
4,AINR,trig,530,0,1,0,1,53.259000000252854,1.5590569972991943,0.6165151566267012
4,AINR,trig,531,0,1,0,1,71.79190000078961,1.1727272272109985,0.6165151566267012
4,AINR,trig,532,0,1,0,1,55.553799999870535,1.1841485500335693,0.6165151566267012
4,AINR,trig,533,0,1,0,1,53.88620000030642,1.2178682088851929,0.6165151566267012
4,AINR,trig,534,0,1,0,1,71.80830000015703,1.2763981819152832,0.6165151566267012
4,AINR,trig,535,0,1,0,1,57.881100000486185,1.3588494062423706,0.6165151566267012
4,AINR,trig,536,0,1,0,1,51.920800000516465,1.6252033710479736,0.6165151566267012
4,AINR,trig,537,0,1,0,1,69.4839999996475,1.4008842706680298,0.6165151566267012
4,AINR,trig,538,0,1,0,1,58.428299999832234,1.2943168878555298,0.6165151566267012
4,AINR,trig,539,0,1,0,1,60.373100000106206,1.3346713781356812,0.6165151566267012
4,AINR,trig,540,0,1,0,1,72.6107000000411,1.2300300598144531,0.6165151566267012
4,AINR,trig,541,0,1,0,1,52.74290000033943,1.354085087776184,0.6165151566267012
4,AINR,trig,542,0,1,0,1,72.03669999944395,1.1138125658035278,0.6165151566267012
4,AINR,trig,543,0,1,0,1,54.70150000019203,1.2498490810394287,0.6165151566267012
4,AINR,trig,544,0,1,0,1,65.64539999999397,1.3464196920394897,0.6165151566267012
4,AINR,trig,545,0,1,0,1,58.31949999992503,1.4289387464523315,0.6165151566267012
4,AINR,trig,546,0,1,0,1,57.495099999869126,1.2375143766403198,0.6165151566267012
4,AINR,trig,547,0,1,0,1,62.513200000466895,1.321544885635376,0.6165151566267012
4,AINR,trig,548,0,1,0,1,53.99269999998069,1.2625195980072021,0.6165151566267012
4,AINR,trig,549,0,1,0,1,68.60950000009325,1.405779242515564,0.6165151566267012
4,AINR,trig,550,0,1,0,1,56.49679999987711,1.3948631286621094,0.6165151566267012
4,AINR,trig,551,0,1,0,1,52.380400000402005,1.4915522336959839,0.6165151566267012
4,AINR,trig,552,0,1,0,1,70.74530000045343,1.3681343793869019,0.6165151566267012
4,AINR,trig,553,0,1,0,1,58.23179999970307,1.4099385738372803,0.6165151566267012
4,AINR,trig,554,0,1,0,1,62.327100000402424,1.3743977546691895,0.6165151566267012
4,AINR,trig,555,0,1,0,1,58.95280000004277,1.4282375574111938,0.6165151566267012
4,AINR,trig,556,0,1,0,1,50.58240000016667,1.3854610919952393,0.6165151566267012
4,AINR,trig,557,0,1,0,1,72.80420000006416,1.227408766746521,0.6165151566267012
4,AINR,trig,558,0,1,0,1,55.586200000107056,1.4349634647369385,0.6165151566267012
4,AINR,trig,559,0,1,0,1,66.01760000012291,1.4902993440628052,0.6165151566267012
4,AINR,trig,560,0,1,0,1,68.62159999946016,1.3585314750671387,0.6165151566267012
4,AINR,trig,561,0,1,0,1,52.7100999997856,1.0951257944107056,0.6165151566267012
4,AINR,trig,562,0,1,0,1,63.13460000001214,1.2646406888961792,0.6165151566267012
4,AINR,trig,563,0,1,0,1,62.25259999973787,1.2382242679595947,0.6165151566267012
4,AINR,trig,564,0,1,0,1,53.320199999689066,1.2776674032211304,0.6165151566267012
4,AINR,trig,565,0,1,0,1,68.12760000048002,1.445759654045105,0.6165151566267012
4,AINR,trig,566,0,1,0,1,56.510399999751826,1.2084758281707764,0.6165151566267012
4,AINR,trig,567,0,1,0,1,56.27910000021075,1.199630618095398,0.6165151566267012
4,AINR,trig,568,0,1,0,1,60.554599999704806,1.2389365434646606,0.6165151566267012
4,AINR,trig,569,0,1,0,1,53.346099999544094,1.5193978548049927,0.6165151566267012
4,AINR,trig,570,0,1,0,1,62.47410000014497,1.2991583347320557,0.6165151566267012
4,AINR,trig,571,0,1,0,1,61.13400000049296,1.1972097158432007,0.6165151566267012
4,AINR,trig,572,0,1,0,1,54.73450000044977,1.4344184398651123,0.6165151566267012
4,AINR,trig,573,0,1,0,1,71.84359999973822,1.2659963369369507,0.6165151566267012
4,AINR,trig,574,0,1,0,1,59.33450000065932,1.2612667083740234,0.6165151566267012
4,AINR,trig,575,0,1,0,1,50.4891000000498,1.2668863534927368,0.6165151566267012
4,AINR,trig,576,0,1,0,1,65.14100000003964,1.3198189735412598,0.6165151566267012
4,AINR,trig,577,0,1,0,1,58.62669999987702,1.359883189201355,0.6165151566267012
4,AINR,trig,578,0,1,0,1,53.050799999255105,1.219241738319397,0.6165151566267012
4,AINR,trig,579,0,1,0,1,66.90620000063063,1.5790268182754517,0.6165151566267012
4,AINR,trig,580,0,1,0,1,52.217100000234495,1.2300400733947754,0.6165151566267012
4,AINR,trig,581,0,1,0,1,60.64940000032948,1.3328416347503662,0.6165151566267012
4,AINR,trig,582,0,1,0,1,66.78610000017215,1.292050838470459,0.6165151566267012
4,AINR,trig,583,0,1,0,1,57.208600000194565,1.2651163339614868,0.6165151566267012
4,AINR,trig,584,0,1,0,1,60.273099999903934,1.2751015424728394,0.6165151566267012
4,AINR,trig,585,0,1,0,1,71.93089999964286,1.567896842956543,0.6165151566267012
4,AINR,trig,586,0,1,0,1,58.73539999993227,1.3250598907470703,0.6165151566267012
4,AINR,trig,587,0,1,0,1,53.35670000022219,1.3345515727996826,0.6165151566267012
4,AINR,trig,588,0,1,0,1,63.75019999995857,1.3101518154144287,0.6165151566267012
4,AINR,trig,589,0,1,0,1,60.3211999996347,1.2753238677978516,0.6165151566267012
4,AINR,trig,590,0,1,0,1,51.40690000007453,1.2967846393585205,0.6165151566267012
4,AINR,trig,591,0,1,0,1,64.83730000036303,1.2363369464874268,0.6165151566267012
4,AINR,trig,592,0,1,0,1,59.51219999951718,1.4060050249099731,0.6165151566267012
4,AINR,trig,593,0,1,0,1,51.84040000040113,1.4827625751495361,0.6165151566267012
4,AINR,trig,594,0,1,0,1,57.54590000015014,1.264721393585205,0.6165151566267012
4,AINR,trig,595,0,1,0,1,64.8204999997688,1.2896162271499634,0.6165151566267012
4,AINR,trig,596,0,1,0,1,54.931800000304065,1.3165305852890015,0.6165151566267012
4,AINR,trig,597,0,1,0,1,65.21369999973103,1.3832416534423828,0.6165151566267012
4,AINR,trig,598,0,1,0,1,63.03790000038134,1.276073694229126,0.6165151566267012
4,AINR,trig,599,0,1,0,1,53.98830000012822,1.1602604389190674,0.6165151566267012
4,AINR,trig,600,0,1,0,1,69.21309999961522,1.4394280910491943,0.6165151566267012
4,AINR,trig,601,0,1,0,1,56.39950000022509,1.5145998001098633,0.6165151566267012
4,AINR,trig,602,0,1,0,1,65.6684999994468,1.1768157482147217,0.6165151566267012
4,AINR,trig,603,0,1,0,1,61.985700000150246,1.174668312072754,0.6165151566267012
4,AINR,trig,604,0,1,0,1,55.47480000041105,1.2538093328475952,0.6165151566267012
4,AINR,trig,605,0,1,0,1,72.48319999962405,1.2650892734527588,0.6165151566267012
4,AINR,trig,606,0,1,0,1,57.237300000451796,1.5564239025115967,0.6165151566267012
4,AINR,trig,607,0,1,0,1,59.31030000010651,1.3649184703826904,0.6165151566267012
4,AINR,trig,608,0,1,0,1,65.76039999981731,1.5240846872329712,0.6165151566267012
4,AINR,trig,609,0,1,0,1,55.609300000469375,1.4135496616363525,0.6165151566267012
4,AINR,trig,610,0,1,0,1,63.741400000253634,1.3156856298446655,0.6165151566267012
4,AINR,trig,611,0,1,0,1,62.208499999542255,1.251100778579712,0.6165151566267012
4,AINR,trig,612,0,1,0,1,55.39489999955549,1.4644044637680054,0.6165151566267012
4,AINR,trig,613,0,1,0,1,64.45640000038111,1.0735843181610107,0.6165151566267012
4,AINR,trig,614,0,1,0,1,61.027699999613105,1.303421139717102,0.6165151566267012
4,AINR,trig,615,0,1,0,1,53.536999999778345,1.1486564874649048,0.6165151566267012
4,AINR,trig,616,0,1,0,1,67.4341000003551,1.2034353017807007,0.6165151566267012
4,AINR,trig,617,0,1,0,1,55.18389999997453,1.3372114896774292,0.6165151566267012
4,AINR,trig,618,0,1,0,1,47.83339999994496,1.178478717803955,0.6165151566267012
4,AINR,trig,619,0,1,0,1,65.27039999946282,1.1663488149642944,0.6165151566267012
4,AINR,trig,620,0,1,0,1,57.12059999950725,1.4082015752792358,0.6165151566267012
4,AINR,trig,621,0,1,0,1,59.60880000020552,1.1323668956756592,0.6165151566267012
4,AINR,trig,622,0,1,0,1,71.98119999975461,1.2929381132125854,0.6165151566267012
4,AINR,trig,623,0,1,0,1,54.55660000006901,1.232842206954956,0.6165151566267012
4,AINR,trig,624,0,1,0,1,62.61690000064846,1.442999243736267,0.6165151566267012
4,AINR,trig,625,0,1,0,1,60.277299999143,1.2532423734664917,0.6165151566267012
4,AINR,trig,626,0,1,0,1,51.862500000424916,1.153178095817566,0.6165151566267012
4,AINR,trig,627,0,1,0,1,64.0147000003708,1.3749077320098877,0.6165151566267012
4,AINR,trig,628,0,1,0,1,59.09330000031332,1.1341911554336548,0.6165151566267012
4,AINR,trig,629,0,1,0,1,54.16860000059387,1.2527230978012085,0.6165151566267012
4,AINR,trig,630,0,1,0,1,72.60889999997744,1.3009095191955566,0.6165151566267012
4,AINR,trig,631,0,1,0,1,56.08979999942676,1.2486239671707153,0.6165151566267012
4,AINR,trig,632,0,1,0,1,66.20250000014494,1.4417644739151,0.6165151566267012
4,AINR,trig,633,0,1,0,1,61.50139999954263,0.9771295189857483,0.6165151566267012
4,AINR,trig,634,0,1,0,1,53.495899999688845,1.0609183311462402,0.6165151566267012
4,AINR,trig,635,0,1,0,1,69.2349999999351,1.2433347702026367,0.6165151566267012
4,AINR,trig,636,0,1,0,1,57.82939999971859,1.2600709199905396,0.6165151566267012
4,AINR,trig,637,0,1,0,1,51.06640000030893,1.7108490467071533,0.6165151566267012
4,AINR,trig,638,0,1,0,1,71.672099999887,1.6119155883789062,0.6165151566267012
4,AINR,trig,639,0,1,0,1,57.27999999999156,1.4086297750473022,0.6165151566267012
4,AINR,trig,640,0,1,0,1,62.7081000002363,1.4819082021713257,0.6165151566267012
4,AINR,trig,641,0,1,0,1,60.60849999994389,1.0880846977233887,0.6165151566267012
4,AINR,trig,642,0,1,0,1,49.312799999825074,1.1156824827194214,0.6165151566267012
4,AINR,trig,643,0,1,0,1,52.541199999723176,1.5516360998153687,0.6165151566267012
4,AINR,trig,644,0,1,0,1,65.12969999948837,1.1540709733963013,0.6165151566267012
4,AINR,trig,645,0,1,0,1,54.7802999999476,1.385116696357727,0.6165151566267012
4,AINR,trig,646,0,1,0,1,64.3964999999298,1.6402443647384644,0.6165151566267012
4,AINR,trig,647,0,1,0,1,63.125799999397714,1.4863444566726685,0.6165151566267012
4,AINR,trig,648,0,1,0,1,53.282799999578856,1.1729687452316284,0.6165151566267012
4,AINR,trig,649,0,1,0,1,68.32609999946726,1.4767591953277588,0.6165151566267012
4,AINR,trig,650,0,1,0,1,57.802600000286475,1.3236403465270996,0.6165151566267012
4,AINR,trig,651,0,1,0,1,52.69090000001597,1.1811021566390991,0.6165151566267012
4,AINR,trig,652,0,1,0,1,58.44969999998284,1.1501315832138062,0.6165151566267012
4,AINR,trig,653,0,1,0,1,57.08340000001044,1.3246631622314453,0.6165151566267012
4,AINR,trig,654,0,1,0,1,63.92229999983101,1.2992709875106812,0.6165151566267012
4,AINR,trig,655,0,1,0,1,55.86010000024544,1.3031995296478271,0.6165151566267012
4,AINR,trig,656,0,1,0,1,72.58329999967827,1.549883246421814,0.6165151566267012
4,AINR,trig,657,0,1,0,1,59.8030999999537,1.1178611516952515,0.6165151566267012
4,AINR,trig,658,0,1,0,1,67.97800000003917,1.2166105508804321,0.6165151566267012
4,AINR,trig,659,0,1,0,1,68.88290000006236,1.2255797386169434,0.6165151566267012
4,AINR,trig,660,0,1,0,1,56.42710000029183,1.0956811904907227,0.6165151566267012
4,AINR,trig,661,0,1,0,1,71.7027999999118,1.4139771461486816,0.6165151566267012
4,AINR,trig,662,0,1,0,1,64.7054000000935,1.2672330141067505,0.6165151566267012
4,AINR,trig,663,0,1,0,1,55.69100000047911,1.0405977964401245,0.6165151566267012
4,AINR,trig,664,0,1,0,1,67.70680000045104,1.146081566810608,0.6165151566267012
4,AINR,trig,665,0,1,0,1,61.98620000031951,1.0419827699661255,0.6165151566267012
4,AINR,trig,666,0,1,0,1,54.66150000029302,1.409628987312317,0.6165151566267012
4,AINR,trig,667,0,1,0,1,69.64749999951891,1.6458135843276978,0.6165151566267012
4,AINR,trig,668,0,1,0,1,58.556599999974424,1.1640251874923706,0.6165151566267012
4,AINR,trig,669,0,1,0,1,56.128599999283324,1.4882436990737915,0.6165151566267012
4,AINR,trig,670,0,1,0,1,71.88449999921431,1.1524932384490967,0.6165151566267012
4,AINR,trig,671,0,1,0,1,52.42869999983668,1.4679975509643555,0.6165151566267012
4,AINR,trig,672,0,1,0,1,52.15050000060728,1.4053583145141602,0.6165151566267012
4,AINR,trig,673,0,1,0,1,72.45320000038191,1.5367995500564575,0.6165151566267012
4,AINR,trig,674,0,1,0,1,55.26019999979326,1.2486175298690796,0.6165151566267012
4,AINR,trig,675,0,1,0,1,59.977799999614945,1.212599754333496,0.6165151566267012
4,AINR,trig,676,0,1,0,1,66.42159999955766,1.576667308807373,0.6165151566267012
4,AINR,trig,677,0,1,0,1,55.782400000680354,1.339809536933899,0.6165151566267012
4,AINR,trig,678,0,1,0,1,68.87659999938478,1.4173707962036133,0.6165151566267012
4,AINR,trig,679,0,1,0,1,60.01970000033907,1.5972681045532227,0.6165151566267012
4,AINR,trig,680,0,1,0,1,52.53130000073725,1.4843603372573853,0.6165151566267012
4,AINR,trig,681,0,1,0,1,68.98769999952492,1.4652775526046753,0.6165151566267012
4,AINR,trig,682,0,1,0,1,59.1774999993504,1.401157021522522,0.6165151566267012
4,AINR,trig,683,0,1,0,1,50.92320000039763,1.2190024852752686,0.6165151566267012
4,AINR,trig,684,0,1,0,1,68.8295999998445,1.547874093055725,0.6165151566267012
4,AINR,trig,685,0,1,0,1,61.481699999603734,1.4997278451919556,0.6165151566267012
4,AINR,trig,686,0,1,0,1,57.23550000038813,1.2819600105285645,0.6165151566267012
4,AINR,trig,687,0,1,0,1,66.83009999960632,1.3938764333724976,0.6165151566267012
4,AINR,trig,688,0,1,0,1,56.89110000002984,1.3233046531677246,0.6165151566267012
4,AINR,trig,689,0,1,0,1,69.79510000019218,1.2933653593063354,0.6165151566267012
4,AINR,trig,690,0,1,0,1,53.17460000060237,1.363433837890625,0.6165151566267012
4,AINR,trig,691,0,1,0,1,51.69859999932669,1.2169040441513062,0.6165151566267012
4,AINR,trig,692,0,1,0,1,68.20609999977023,1.3154616355895996,0.6165151566267012
4,AINR,trig,693,0,1,0,1,52.23189999924216,1.2783451080322266,0.6165151566267012
4,AINR,trig,694,0,1,0,1,64.40549999933864,1.12310791015625,0.6165151566267012
4,AINR,trig,695,0,1,0,1,63.27239999973244,1.3988553285598755,0.6165151566267012
4,AINR,trig,696,0,1,0,1,52.609400000619644,1.3922405242919922,0.6165151566267012
4,AINR,trig,697,0,1,0,1,67.9721000005884,1.4473636150360107,0.6165151566267012
4,AINR,trig,698,0,1,0,1,60.06210000032297,1.18726646900177,0.6165151566267012
4,AINR,trig,699,0,1,0,1,57.24759999975504,1.1646356582641602,0.6165151566267012
4,AINR,trig,700,0,1,0,1,53.460699999959616,1.2572009563446045,0.6165151566267012
4,AINR,trig,701,0,1,0,1,68.14480000048206,1.2355433702468872,0.6165151566267012
4,AINR,trig,702,0,1,0,1,53.88519999996788,1.330229640007019,0.6165151566267012
4,AINR,trig,703,0,1,0,1,59.44779999936145,1.1476536989212036,0.6165151566267012
4,AINR,trig,704,0,1,0,1,64.74879999950645,1.4373042583465576,0.6165151566267012
4,AINR,trig,705,0,1,0,1,57.035899999391404,1.2915852069854736,0.6165151566267012
4,AINR,trig,706,0,1,0,1,57.499900000038906,1.1954065561294556,0.6165151566267012
4,AINR,trig,707,0,1,0,1,64.0638000004401,1.6854450702667236,0.6165151566267012
4,AINR,trig,708,0,1,0,1,54.02570000023843,1.3292787075042725,0.6165151566267012
4,AINR,trig,709,0,1,0,1,72.72009999996953,1.2097296714782715,0.6165151566267012
4,AINR,trig,710,0,1,0,1,56.311100000129954,1.213393211364746,0.6165151566267012
4,AINR,trig,711,0,1,0,1,58.384400000250025,1.366858959197998,0.6165151566267012
4,AINR,trig,712,0,1,0,1,63.17739999940386,1.3475922346115112,0.6165151566267012
4,AINR,trig,713,0,1,0,1,55.428800000299816,1.2786695957183838,0.6165151566267012
4,AINR,trig,714,0,1,0,1,51.34879999968689,1.2198200225830078,0.6165151566267012
4,AINR,trig,715,0,1,0,1,70.07760000033159,1.1825761795043945,0.6165151566267012
4,AINR,trig,716,0,1,0,1,58.76979999993637,1.4105064868927002,0.6165151566267012
4,AINR,trig,717,0,1,0,1,57.924800000364485,1.3159205913543701,0.6165151566267012
4,AINR,trig,718,0,1,0,1,67.47850000010658,1.5353741645812988,0.6165151566267012
4,AINR,trig,719,0,1,0,1,55.94459999974788,1.325351357460022,0.6165151566267012
4,AINR,trig,720,0,1,0,1,71.27509999918402,1.407526969909668,0.6165151566267012
4,AINR,trig,721,0,1,0,1,60.89239999982965,1.415805697441101,0.6165151566267012
4,AINR,trig,722,0,1,0,1,54.154899999957706,1.2847833633422852,0.6165151566267012
4,AINR,trig,723,0,1,0,1,65.72340000002441,1.3099372386932373,0.6165151566267012
4,AINR,trig,724,0,1,0,1,57.94340000011289,1.2869503498077393,0.6165151566267012
4,AINR,trig,725,0,1,0,1,57.904499999494874,1.2930810451507568,0.6165151566267012
4,AINR,trig,726,0,1,0,1,60.474599999906786,1.4156439304351807,0.6165151566267012
4,AINR,trig,727,0,1,0,1,64.3486999997549,1.1618200540542603,0.6165151566267012
4,AINR,trig,728,0,1,0,1,53.94129999967845,1.3588958978652954,0.6165151566267012
4,AINR,trig,729,0,1,0,1,69.30079999983718,1.2883248329162598,0.6165151566267012
4,AINR,trig,730,0,1,0,1,59.03630000011617,1.2467172145843506,0.6165151566267012
4,AINR,trig,731,0,1,0,1,54.59109999992506,1.3797764778137207,0.6165151566267012
4,AINR,trig,732,0,1,0,1,56.33529999977327,1.246965765953064,0.6165151566267012
4,AINR,trig,733,0,1,0,1,67.89939999998751,1.094834804534912,0.6165151566267012
4,AINR,trig,734,0,1,0,1,53.789700000379526,1.1379305124282837,0.6165151566267012
4,AINR,trig,735,0,1,0,1,72.49189999947703,1.4765592813491821,0.6165151566267012
4,AINR,trig,736,0,1,0,1,58.68509999982052,1.2108510732650757,0.6165151566267012
4,AINR,trig,737,0,1,0,1,58.717599999909,1.6074258089065552,0.6165151566267012
4,AINR,trig,738,0,1,0,1,60.80449999990378,1.101402997970581,0.6165151566267012
4,AINR,trig,739,0,1,0,1,59.255400000438385,1.416656732559204,0.6165151566267012
4,AINR,trig,740,0,1,0,1,64.85270000030141,1.4519621133804321,0.6165151566267012
4,AINR,trig,741,0,1,0,1,56.740300000456045,1.3102177381515503,0.6165151566267012
4,AINR,trig,742,0,1,0,1,68.7817999996696,1.1787807941436768,0.6165151566267012
4,AINR,trig,743,0,1,0,1,57.32440000065253,1.4533467292785645,0.6165151566267012
4,AINR,trig,744,0,1,0,1,51.37049999939336,1.2029284238815308,0.6165151566267012
4,AINR,trig,745,0,1,0,1,71.80509999943752,1.5541563034057617,0.6165151566267012
4,AINR,trig,746,0,1,0,1,57.16660000052798,1.1911817789077759,0.6165151566267012
4,AINR,trig,747,0,1,0,1,52.2424000000683,1.3251744508743286,0.6165151566267012
4,AINR,trig,748,0,1,0,1,71.16940000014438,1.2677668333053589,0.6165151566267012
4,AINR,trig,749,0,1,0,1,64.66100000034203,1.5867911577224731,0.6165151566267012
4,AINR,trig,750,0,1,0,1,69.27639999958046,1.4089791774749756,0.6165151566267012
4,AINR,trig,751,0,1,0,1,60.301699999399716,1.3680169582366943,0.6165151566267012
4,AINR,trig,752,0,1,0,1,53.17960000047606,1.2934499979019165,0.6165151566267012
4,AINR,trig,753,0,1,0,1,68.95489999988058,1.306731104850769,0.6165151566267012
4,AINR,trig,754,0,1,0,1,56.10579999938636,1.4787501096725464,0.6165151566267012
4,AINR,trig,755,0,1,0,1,67.90480000017851,1.3178191184997559,0.6165151566267012
4,AINR,trig,756,0,1,0,1,59.65299999934359,1.3441559076309204,0.6165151566267012
4,AINR,trig,757,0,1,0,1,52.089300000261574,1.1877838373184204,0.6165151566267012
4,AINR,trig,758,0,1,0,1,72.54660000035074,1.2715766429901123,0.6165151566267012
4,AINR,trig,759,0,1,0,1,59.75070000022242,1.2594499588012695,0.6165151566267012
4,AINR,trig,760,0,1,0,1,60.72089999997843,1.1581462621688843,0.6165151566267012
4,AINR,trig,761,0,1,0,1,59.6930000001521,1.1724889278411865,0.6165151566267012
4,AINR,trig,762,0,1,0,1,54.0685999994821,1.3386836051940918,0.6165151566267012
4,AINR,trig,763,0,1,0,1,70.9062999994785,1.410677194595337,0.6165151566267012
4,AINR,trig,764,0,1,0,1,58.809000000110245,1.3740854263305664,0.6165151566267012
4,AINR,trig,765,0,1,0,1,69.69759999992675,1.2727288007736206,0.6165151566267012
4,AINR,trig,766,0,1,0,1,60.813600000074075,1.1945892572402954,0.6165151566267012
4,AINR,trig,767,0,1,0,1,56.965300000229036,1.1400259733200073,0.6165151566267012
4,AINR,trig,768,0,1,0,1,70.46130000071571,1.311737060546875,0.6165151566267012
4,AINR,trig,769,0,1,0,1,58.59099999997852,1.3790295124053955,0.6165151566267012
4,AINR,trig,770,0,1,0,1,59.62779999936174,1.2884973287582397,0.6165151566267012
4,AINR,trig,771,0,1,0,1,68.47860000016226,1.352655053138733,0.6165151566267012
4,AINR,trig,772,0,1,0,1,55.49109999992652,1.432854413986206,0.6165151566267012
4,AINR,trig,773,0,1,0,1,60.716599999977916,1.4617282152175903,0.6165151566267012
4,AINR,trig,774,0,1,0,1,65.86020000031567,1.378015160560608,0.6165151566267012
4,AINR,trig,775,0,1,0,1,55.87199999990844,1.5928854942321777,0.6165151566267012
4,AINR,trig,776,0,1,0,1,73.21169999977428,1.3427032232284546,0.6165151566267012
4,AINR,trig,777,0,1,0,1,57.269399999313464,1.5073260068893433,0.6165151566267012
4,AINR,trig,778,0,1,0,1,65.58820000009291,1.4356260299682617,0.6165151566267012
4,AINR,trig,779,0,1,0,1,67.08749999961583,1.323869228363037,0.6165151566267012
4,AINR,trig,780,0,1,0,1,54.27210000016203,1.2433092594146729,0.6165151566267012
4,AINR,trig,781,0,1,0,1,59.349800000745745,1.452837347984314,0.6165151566267012
4,AINR,trig,782,0,1,0,1,58.03079999986949,1.4048354625701904,0.6165151566267012
4,AINR,trig,783,0,1,0,1,63.10109999958513,1.310546636581421,0.6165151566267012
4,AINR,trig,784,0,1,0,1,61.713800000688934,1.2690982818603516,0.6165151566267012
4,AINR,trig,785,0,1,0,1,54.11240000012185,1.2503076791763306,0.6165151566267012
4,AINR,trig,786,0,1,0,1,62.35259999994014,1.319083333015442,0.6165151566267012
4,AINR,trig,787,0,1,0,1,67.76720000016212,1.5008193254470825,0.6165151566267012
4,AINR,trig,788,0,1,0,1,57.82509999971808,1.33865225315094,0.6165151566267012
4,AINR,trig,789,0,1,0,1,61.49520000053599,1.4022821187973022,0.6165151566267012
4,AINR,trig,790,0,1,0,1,65.88359999932436,1.3731075525283813,0.6165151566267012
4,AINR,trig,791,0,1,0,1,54.493700000421086,1.0999497175216675,0.6165151566267012
4,AINR,trig,792,0,1,0,1,52.600900000470574,1.280777931213379,0.6165151566267012
4,AINR,trig,793,0,1,0,1,72.04230000024836,1.274797797203064,0.6165151566267012
4,AINR,trig,794,0,1,0,1,52.944400000342284,1.3221287727355957,0.6165151566267012
4,AINR,trig,795,0,1,0,1,63.24140000015177,1.3361823558807373,0.6165151566267012
4,AINR,trig,796,0,1,0,1,66.81970000045112,1.2798640727996826,0.6165151566267012
4,AINR,trig,797,0,1,0,1,53.98719999993773,1.2692663669586182,0.6165151566267012
4,AINR,trig,798,0,1,0,1,65.26709999980085,1.1815557479858398,0.6165151566267012
4,AINR,trig,799,0,1,0,1,68.61770000068645,1.272670030593872,0.6165151566267012
4,AINR,trig,800,0,1,0,1,55.696700000225974,1.2839839458465576,0.6165151566267012
4,AINR,trig,801,0,1,0,1,56.42340000031254,1.3292818069458008,0.6165151566267012
4,AINR,trig,802,0,1,0,1,70.13049999932264,1.4084227085113525,0.6165151566267012
4,AINR,trig,803,0,1,0,1,51.98459999974148,1.326904296875,0.6165151566267012
4,AINR,trig,804,0,1,0,1,66.17709999954968,1.4787176847457886,0.6165151566267012
4,AINR,trig,805,0,1,0,1,61.237099999743805,1.3972879648208618,0.6165151566267012
4,AINR,trig,806,0,1,0,1,54.87449999964156,1.3480675220489502,0.6165151566267012
4,AINR,trig,807,0,1,0,1,59.8454999999376,1.2569011449813843,0.6165151566267012
4,AINR,trig,808,0,1,0,1,71.19719999991503,1.1179181337356567,0.6165151566267012
4,AINR,trig,809,0,1,0,1,55.84019999969314,1.1052381992340088,0.6165151566267012
4,AINR,trig,810,0,1,0,1,67.32629999987694,1.3433892726898193,0.6165151566267012
4,AINR,trig,811,0,1,0,1,60.54210000002058,1.3855024576187134,0.6165151566267012
4,AINR,trig,812,0,1,0,1,51.032800000029965,1.4444056749343872,0.6165151566267012
4,AINR,trig,813,0,1,0,1,68.40099999953964,1.2430099248886108,0.6165151566267012
4,AINR,trig,814,0,1,0,1,51.58510000001115,1.2633715867996216,0.6165151566267012
4,AINR,trig,815,0,1,0,1,57.211999999708496,1.3833163976669312,0.6165151566267012
4,AINR,trig,816,0,1,0,1,63.942199999473814,1.175593376159668,0.6165151566267012
4,AINR,trig,817,0,1,0,1,53.271800000402436,1.3993659019470215,0.6165151566267012
4,AINR,trig,818,0,1,0,1,69.09449999966455,1.3406444787979126,0.6165151566267012
4,AINR,trig,819,0,1,0,1,58.8023999998768,1.2684115171432495,0.6165151566267012
4,AINR,trig,820,0,1,0,1,51.477799999702256,1.450953722000122,0.6165151566267012
4,AINR,trig,821,0,1,0,1,69.22250000025088,1.330318808555603,0.6165151566267012
4,AINR,trig,822,1,0,0,0,nan,1.1871137619018555,0.6165151566267012
4,AINR,trig,823,0,1,0,1,56.23170000035316,1.3956117630004883,0.6165151566267012
4,AINR,trig,824,0,1,0,1,50.05630000050587,1.4058760404586792,0.6165151566267012
4,AINR,trig,825,0,1,0,1,72.47720000032132,1.305478811264038,0.6165151566267012
4,AINR,trig,826,0,1,0,1,57.107900000119116,1.390444040298462,0.6165151566267012
4,AINR,trig,827,0,1,0,1,50.73210000045947,1.5607284307479858,0.6165151566267012
4,AINR,trig,828,0,1,0,1,73.20799999979499,1.318841814994812,0.6165151566267012
4,AINR,trig,829,0,1,0,1,53.78100000052655,1.2881450653076172,0.6165151566267012
4,AINR,trig,830,0,1,0,1,55.06289999993896,1.2685620784759521,0.6165151566267012
4,AINR,trig,831,0,1,0,1,68.41119999990042,1.3653799295425415,0.6165151566267012
4,AINR,trig,832,0,1,0,1,57.67030000060913,1.1765185594558716,0.6165151566267012
4,AINR,trig,833,0,1,0,1,67.51679999979388,1.3464298248291016,0.6165151566267012
4,AINR,trig,834,0,1,0,1,59.445599999889964,1.1964116096496582,0.6165151566267012
4,AINR,trig,835,0,1,0,1,52.53549999997631,1.2521758079528809,0.6165151566267012
4,AINR,trig,836,0,1,0,1,69.26629999998113,1.2995965480804443,0.6165151566267012
4,AINR,trig,837,0,1,0,1,57.79660000007425,1.4225794076919556,0.6165151566267012
4,AINR,trig,838,0,1,0,1,65.48790000033478,1.2318317890167236,0.6165151566267012
4,AINR,trig,839,0,1,0,1,60.95299999924464,1.4563658237457275,0.6165151566267012
4,AINR,trig,840,0,1,0,1,57.02980000023672,1.1213088035583496,0.6165151566267012
4,AINR,trig,841,0,1,0,1,67.49479999962205,1.389940619468689,0.6165151566267012
4,AINR,trig,842,0,1,0,1,57.615400000031514,1.374770164489746,0.6165151566267012
4,AINR,trig,843,0,1,0,1,63.99779999992461,1.2405834197998047,0.6165151566267012
4,AINR,trig,844,0,1,0,1,69.35460000022431,1.3990565538406372,0.6165151566267012
4,AINR,trig,845,0,1,0,1,57.525799999893934,1.287341833114624,0.6165151566267012
4,AINR,trig,846,0,1,0,1,63.616800000090734,1.2062397003173828,0.6165151566267012
4,AINR,trig,847,0,1,0,1,59.18689999998605,1.292062759399414,0.6165151566267012
4,AINR,trig,848,0,1,0,1,57.634699999653094,1.3373740911483765,0.6165151566267012
4,AINR,trig,849,0,1,0,1,68.87899999946967,1.4020806550979614,0.6165151566267012
4,AINR,trig,850,0,1,0,1,56.45100000037928,1.2858564853668213,0.6165151566267012
4,AINR,trig,851,0,1,0,1,62.488200000188954,1.3518543243408203,0.6165151566267012
4,AINR,trig,852,0,1,0,1,64.43729999955394,1.1606709957122803,0.6165151566267012
4,AINR,trig,853,0,1,0,1,54.269899999781046,1.3644254207611084,0.6165151566267012
4,AINR,trig,854,0,1,0,1,65.2090000003227,1.191184639930725,0.6165151566267012
4,AINR,trig,855,0,1,0,1,58.90940000062983,1.3188612461090088,0.6165151566267012
4,AINR,trig,856,0,1,0,1,60.630699999819626,1.341776728630066,0.6165151566267012
4,AINR,trig,857,0,1,0,1,64.81669999993755,1.4874387979507446,0.6165151566267012
4,AINR,trig,858,0,1,0,1,53.723299999546725,1.3130820989608765,0.6165151566267012
4,AINR,trig,859,0,1,0,1,70.31399999959831,1.3087915182113647,0.6165151566267012
4,AINR,trig,860,0,1,0,1,57.8722000000198,1.3552356958389282,0.6165151566267012
4,AINR,trig,861,0,1,0,1,52.61160000009113,1.3007718324661255,0.6165151566267012
4,AINR,trig,862,0,1,0,1,58.73559999963618,1.2358206510543823,0.6165151566267012
4,AINR,trig,863,0,1,0,1,63.92260000029637,1.3214824199676514,0.6165151566267012
4,AINR,trig,864,0,1,0,1,57.227700000112236,1.2477965354919434,0.6165151566267012
4,AINR,trig,865,0,1,0,1,59.178200000133074,1.4027997255325317,0.6165151566267012
4,AINR,trig,866,0,1,0,1,72.15679999990243,1.3312575817108154,0.6165151566267012
4,AINR,trig,867,0,1,0,1,58.767700000316836,1.3087785243988037,0.6165151566267012
4,AINR,trig,868,0,1,0,1,68.7037000006967,1.4776839017868042,0.6165151566267012
4,AINR,trig,869,0,1,0,1,55.67299999984243,1.21815025806427,0.6165151566267012
4,AINR,trig,870,0,1,0,1,63.869500000691914,1.192441463470459,0.6165151566267012
4,AINR,trig,871,0,1,0,1,62.09889999990992,1.2465096712112427,0.6165151566267012
4,AINR,trig,872,0,1,0,1,46.577399999478075,1.2334167957305908,0.6165151566267012
4,AINR,trig,873,0,1,0,1,62.30349999987084,1.3827416896820068,0.6165151566267012
4,AINR,trig,874,0,1,0,1,72.18800000009651,1.3340333700180054,0.6165151566267012
4,AINR,trig,875,0,1,0,1,55.77059999995981,1.4046112298965454,0.6165151566267012
4,AINR,trig,876,0,1,0,1,60.052400000131456,1.3446720838546753,0.6165151566267012
4,AINR,trig,877,0,1,0,1,69.63399999949615,1.4810068607330322,0.6165151566267012
4,AINR,trig,878,0,1,0,1,56.57289999999193,1.2018195390701294,0.6165151566267012
4,AINR,trig,879,0,1,0,1,53.894100000434264,1.266505241394043,0.6165151566267012
4,AINR,trig,880,0,1,0,1,66.5696999994907,1.1756904125213623,0.6165151566267012
4,AINR,trig,881,0,1,0,1,56.555199999820616,1.253530502319336,0.6165151566267012
4,AINR,trig,882,0,1,0,1,60.9255999997913,1.192984700202942,0.6165151566267012
4,AINR,trig,883,0,1,0,1,61.862500000643195,1.3136179447174072,0.6165151566267012
4,AINR,trig,884,0,1,0,1,55.22750000000087,1.3302143812179565,0.6165151566267012
4,AINR,trig,885,0,1,0,1,61.84370000028139,1.292012095451355,0.6165151566267012
4,AINR,trig,886,0,1,0,1,58.61220000042522,1.3566075563430786,0.6165151566267012
4,AINR,trig,887,0,1,0,1,51.25730000054318,1.3391954898834229,0.6165151566267012
4,AINR,trig,888,0,1,0,1,72.26810000065598,1.1398483514785767,0.6165151566267012
4,AINR,trig,889,0,1,0,1,53.167999999459425,1.1678590774536133,0.6165151566267012
4,AINR,trig,890,0,1,0,1,60.726200000317476,1.4075793027877808,0.6165151566267012
4,AINR,trig,891,0,1,0,1,62.752899999395595,1.439863920211792,0.6165151566267012
4,AINR,trig,892,0,1,0,1,61.79729999985284,1.1236703395843506,0.6165151566267012
4,AINR,trig,893,0,1,0,1,68.22499999998399,1.2838819026947021,0.6165151566267012
4,AINR,trig,894,0,1,0,1,56.24179999995249,1.5016213655471802,0.6165151566267012
4,AINR,trig,895,0,1,0,1,71.54369999989285,1.3038612604141235,0.6165151566267012
4,AINR,trig,896,0,1,0,1,59.28130000029341,1.4662730693817139,0.6165151566267012
4,AINR,trig,897,0,1,0,1,47.81699999966804,1.222307562828064,0.6165151566267012
4,AINR,trig,898,0,1,0,1,73.34390000050917,1.429758071899414,0.6165151566267012
4,AINR,trig,899,0,1,0,1,57.87179999970249,1.2066501379013062,0.6165151566267012
4,AINR,trig,900,0,1,0,1,65.21969999994326,1.286515235900879,0.6165151566267012
4,AINR,trig,901,0,1,0,1,61.891299999842886,1.202670693397522,0.6165151566267012
4,AINR,trig,902,0,1,0,1,52.64489999990474,1.0694500207901,0.6165151566267012
4,AINR,trig,903,0,1,0,1,64.31270000030054,1.4239563941955566,0.6165151566267012
4,AINR,trig,904,0,1,0,1,59.46279999989201,1.2951316833496094,0.6165151566267012
4,AINR,trig,905,0,1,0,1,58.05800000052841,1.2954766750335693,0.6165151566267012
4,AINR,trig,906,0,1,0,1,65.30890000067302,1.1921672821044922,0.6165151566267012
4,AINR,trig,907,0,1,0,1,62.00489999991987,1.3129366636276245,0.6165151566267012
4,AINR,trig,908,0,1,0,1,53.52450000009412,1.286028265953064,0.6165151566267012
4,AINR,trig,909,0,1,0,1,68.04649999958201,1.4074441194534302,0.6165151566267012
4,AINR,trig,910,0,1,0,1,56.00310000045283,1.2661629915237427,0.6165151566267012
4,AINR,trig,911,0,1,0,1,52.751899999748275,1.1303012371063232,0.6165151566267012
4,AINR,trig,912,0,1,0,1,68.7778999999864,1.3225631713867188,0.6165151566267012
4,AINR,trig,913,0,1,0,1,60.10419999984151,1.0865478515625,0.6165151566267012
4,AINR,trig,914,0,1,0,1,53.26429999968241,1.2633683681488037,0.6165151566267012
4,AINR,trig,915,0,1,0,1,68.57169999966573,1.3609789609909058,0.6165151566267012
4,AINR,trig,916,0,1,0,1,57.235299999774725,1.177524447441101,0.6165151566267012
4,AINR,trig,917,0,1,0,1,67.21240000024409,1.3273093700408936,0.6165151566267012
4,AINR,trig,918,0,1,0,1,60.29080000007525,1.1746783256530762,0.6165151566267012
4,AINR,trig,919,0,1,0,1,67.93670000024576,1.217989444732666,0.6165151566267012
4,AINR,trig,920,0,1,0,1,57.795400000031805,1.3142536878585815,0.6165151566267012
4,AINR,trig,921,0,1,0,1,56.746799999928044,1.2434589862823486,0.6165151566267012
4,AINR,trig,922,0,1,0,1,60.506200000418175,1.4743342399597168,0.6165151566267012
4,AINR,trig,923,0,1,0,1,53.90189999980066,1.2736841440200806,0.6165151566267012
4,AINR,trig,924,0,1,0,1,68.64730000052077,1.3250360488891602,0.6165151566267012
4,AINR,trig,925,0,1,0,1,57.38320000000385,1.4992592334747314,0.6165151566267012
4,AINR,trig,926,0,1,0,1,63.690699999824574,1.3368722200393677,0.6165151566267012
4,AINR,trig,927,0,1,0,1,61.78940000063449,1.4286644458770752,0.6165151566267012
4,AINR,trig,928,0,1,0,1,53.97270000048593,1.3309060335159302,0.6165151566267012
4,AINR,trig,929,0,1,0,1,52.68419999993057,1.2297428846359253,0.6165151566267012
4,AINR,trig,930,0,1,0,1,71.44770000013523,1.3704067468643188,0.6165151566267012
4,AINR,trig,931,0,1,0,1,58.175199999823235,1.1595362424850464,0.6165151566267012
4,AINR,trig,932,0,1,0,1,60.72210000002087,1.5460162162780762,0.6165151566267012
4,AINR,trig,933,0,1,0,1,69.31239999994432,1.2353776693344116,0.6165151566267012
4,AINR,trig,934,0,1,0,1,56.84620000010909,1.1984138488769531,0.6165151566267012
4,AINR,trig,935,0,1,0,1,65.68160000006174,1.138670563697815,0.6165151566267012
4,AINR,trig,936,0,1,0,1,67.26350000008097,1.4065730571746826,0.6165151566267012
4,AINR,trig,937,0,1,0,1,56.57890000020416,1.463786244392395,0.6165151566267012
4,AINR,trig,938,0,1,0,1,66.28200000068318,1.324774980545044,0.6165151566267012
4,AINR,trig,939,0,1,0,1,58.20399999993242,1.206277847290039,0.6165151566267012
4,AINR,trig,940,0,1,0,1,61.10979999994015,1.1261048316955566,0.6165151566267012
4,AINR,trig,941,0,1,0,1,65.73399999979301,1.3828479051589966,0.6165151566267012
4,AINR,trig,942,0,1,0,1,56.572000000414846,1.307786226272583,0.6165151566267012
4,AINR,trig,943,0,1,0,1,51.714000000174565,1.3268845081329346,0.6165151566267012
4,AINR,trig,944,0,1,0,1,70.91250000030414,1.3041914701461792,0.6165151566267012
4,AINR,trig,945,0,1,0,1,56.15539999962493,1.3266881704330444,0.6165151566267012
4,AINR,trig,946,0,1,0,1,58.22910000006232,1.098249912261963,0.6165151566267012
4,AINR,trig,947,0,1,0,1,60.15650000063033,1.4250109195709229,0.6165151566267012
4,AINR,trig,948,0,1,0,1,54.55030000030092,1.2670997381210327,0.6165151566267012
4,AINR,trig,949,0,1,0,1,64.91709999954764,1.3361611366271973,0.6165151566267012
4,AINR,trig,950,0,1,0,1,60.26570000085485,1.4154200553894043,0.6165151566267012
4,AINR,trig,951,0,1,0,1,53.642199999558215,1.5120028257369995,0.6165151566267012
4,AINR,trig,952,0,1,0,1,52.691399999275745,1.4463847875595093,0.6165151566267012
4,AINR,trig,953,0,1,0,1,60.38850000004459,1.4668689966201782,0.6165151566267012
4,AINR,trig,954,0,1,0,1,50.87349999939761,1.2855945825576782,0.6165151566267012
4,AINR,trig,955,0,1,0,1,71.19460000012623,1.4339876174926758,0.6165151566267012
4,AINR,trig,956,0,1,0,1,59.263000000100874,1.2231048345565796,0.6165151566267012
4,AINR,trig,957,0,1,0,1,60.647599999356316,1.2633588314056396,0.6165151566267012
4,AINR,trig,958,0,1,0,1,71.43819999964762,1.453710913658142,0.6165151566267012
4,AINR,trig,959,0,1,0,1,55.65250000017841,1.2935596704483032,0.6165151566267012
4,AINR,trig,960,0,1,0,1,69.79690000025585,1.3714579343795776,0.6165151566267012
4,AINR,trig,961,0,1,0,1,57.83750000045984,1.124764084815979,0.6165151566267012
4,AINR,trig,962,0,1,0,1,51.57409999992524,1.36483895778656,0.6165151566267012
4,AINR,trig,963,0,1,0,1,62.019900000450434,1.3482136726379395,0.6165151566267012
4,AINR,trig,964,0,1,0,1,52.462800000284915,1.1353260278701782,0.6165151566267012
4,AINR,trig,965,0,1,0,1,60.52300000010291,1.0781042575836182,0.6165151566267012
4,AINR,trig,966,0,1,0,1,64.18440000015835,1.3420052528381348,0.6165151566267012
4,AINR,trig,967,0,1,0,1,55.8363999998619,1.3966758251190186,0.6165151566267012
4,AINR,trig,968,0,1,0,1,71.18009999976493,1.303769588470459,0.6165151566267012
4,AINR,trig,969,0,1,0,1,59.39059999946039,1.2946245670318604,0.6165151566267012
4,AINR,trig,970,0,1,0,1,54.8332999997001,1.4041342735290527,0.6165151566267012
4,AINR,trig,971,0,1,0,1,68.46159999986412,1.0892102718353271,0.6165151566267012
4,AINR,trig,972,0,1,0,1,56.00800000047457,1.4243005514144897,0.6165151566267012
4,AINR,trig,973,0,1,0,1,58.49099999977625,1.327950358390808,0.6165151566267012
4,AINR,trig,974,0,1,0,1,65.93320000047243,1.1982649564743042,0.6165151566267012
4,AINR,trig,975,0,1,0,1,57.59849999958533,1.2953498363494873,0.6165151566267012
4,AINR,trig,976,0,1,0,1,59.733000000051106,1.19968843460083,0.6165151566267012
4,AINR,trig,977,0,1,0,1,65.59379999998782,1.2457358837127686,0.6165151566267012
4,AINR,trig,978,0,1,0,1,56.769700000586454,1.4621844291687012,0.6165151566267012
4,AINR,trig,979,0,1,0,1,67.5122000002375,1.3742504119873047,0.6165151566267012
4,AINR,trig,980,0,1,0,1,57.6031000000512,1.3367363214492798,0.6165151566267012
4,AINR,trig,981,1,0,0,0,nan,1.2968007326126099,0.6165151566267012
4,AINR,trig,982,0,1,0,1,53.40439999963564,1.0805187225341797,0.6165151566267012
4,AINR,trig,983,0,1,0,1,66.93400000040128,1.2730885744094849,0.6165151566267012
4,AINR,trig,984,0,1,0,1,61.544499999399704,1.3540030717849731,0.6165151566267012
4,AINR,trig,985,0,1,0,1,57.83820000033302,1.3540676832199097,0.6165151566267012
4,AINR,trig,986,0,1,0,1,60.1728000001458,1.3637473583221436,0.6165151566267012
4,AINR,trig,987,0,1,0,1,59.79799999931856,1.1371132135391235,0.6165151566267012
4,AINR,trig,988,0,1,0,1,68.6359999999695,1.3338102102279663,0.6165151566267012
4,AINR,trig,989,0,1,0,1,55.25949999992008,1.3104780912399292,0.6165151566267012
4,AINR,trig,990,0,1,0,1,69.69670000034967,1.520285964012146,0.6165151566267012
4,AINR,trig,991,0,1,0,1,57.80939999931434,1.3338053226470947,0.6165151566267012
4,AINR,trig,992,0,1,0,1,54.75570000089647,1.261732816696167,0.6165151566267012
4,AINR,trig,993,0,1,0,1,64.4190000002709,1.3196526765823364,0.6165151566267012
4,AINR,trig,994,0,1,0,1,59.38369999967108,1.302085041999817,0.6165151566267012
4,AINR,trig,995,0,1,0,1,49.3612000000212,1.4234309196472168,0.6165151566267012
4,AINR,trig,996,0,1,0,1,67.17370000023948,1.368789553642273,0.6165151566267012
4,AINR,trig,997,0,1,0,1,58.249200000318524,1.1758947372436523,0.6165151566267012
4,AINR,trig,998,0,1,0,1,63.83259999984148,1.2589229345321655,0.6165151566267012
4,AINR,trig,999,0,1,0,1,63.86029999976017,1.3203670978546143,0.6165151566267012
4,DiscNRX,none,0,1,0,0,0,nan,nan,-0.8804004937410356
4,DiscNRX,none,1,1,0,0,0,nan,nan,-0.8804004937410356
4,DiscNRX,none,2,1,0,0,0,nan,nan,-0.8804004937410356
4,DiscNRX,none,3,1,0,0,0,nan,nan,-0.8804004937410356
4,DiscNRX,none,4,0,1,0,0,nan,nan,-0.8804004937410356
4,DiscNRX,none,5,1,0,0,0,nan,nan,-0.8804004937410356
4,DiscNRX,none,6,1,0,0,0,nan,nan,-0.8804004937410356
4,DiscNRX,none,7,1,0,0,0,nan,nan,-0.8804004937410356
4,DiscNRX,none,8,1,0,0,0,nan,nan,-0.8804004937410356
4,DiscNRX,none,9,1,0,0,0,nan,nan,-0.8804004937410356
4,DiscNRX,none,10,1,0,0,0,nan,nan,-0.8804004937410356
4,DiscNRX,none,11,1,0,0,0,nan,nan,-0.8804004937410356
4,DiscNRX,none,12,1,0,0,0,nan,nan,-0.8804004937410356
4,DiscNRX,none,13,1,0,0,0,nan,nan,-0.8804004937410356
4,DiscNRX,none,14,1,0,0,0,nan,nan,-0.8804004937410356
4,DiscNRX,none,15,1,0,0,0,nan,nan,-0.8804004937410356
4,DiscNRX,none,16,1,0,0,0,nan,nan,-0.8804004937410356
4,DiscNRX,none,17,1,0,0,0,nan,nan,-0.8804004937410356
4,DiscNRX,none,18,0,1,0,0,nan,nan,-0.8804004937410356
4,DiscNRX,none,19,1,0,0,0,nan,nan,-0.8804004937410356
4,DiscNRX,none,20,1,0,0,0,nan,nan,-0.8804004937410356
4,DiscNRX,none,21,1,0,0,0,nan,nan,-0.8804004937410356
4,DiscNRX,none,22,0,1,0,0,nan,nan,-0.8804004937410356
4,DiscNRX,none,23,0,1,0,0,nan,nan,-0.8804004937410356
4,DiscNRX,none,24,1,0,0,0,nan,nan,-0.8804004937410356
4,DiscNRX,none,25,1,0,0,0,nan,nan,-0.8804004937410356
4,DiscNRX,none,26,1,0,0,0,nan,nan,-0.8804004937410356
4,DiscNRX,none,27,1,0,0,0,nan,nan,-0.8804004937410356
4,DiscNRX,none,28,0,1,0,0,nan,nan,-0.8804004937410356
4,DiscNRX,none,29,0,1,0,0,nan,nan,-0.8804004937410356
4,DiscNRX,none,30,1,0,0,0,nan,nan,-0.8804004937410356
4,DiscNRX,none,31,1,0,0,0,nan,nan,-0.8804004937410356
4,DiscNRX,none,32,1,0,0,0,nan,nan,-0.8804004937410356
4,DiscNRX,none,33,1,0,0,0,nan,nan,-0.8804004937410356
4,DiscNRX,none,34,1,0,0,0,nan,nan,-0.8804004937410356
4,DiscNRX,none,35,1,0,0,0,nan,nan,-0.8804004937410356
4,DiscNRX,none,36,0,1,0,0,nan,nan,-0.8804004937410356
4,DiscNRX,none,37,0,1,0,0,nan,nan,-0.8804004937410356
4,DiscNRX,none,38,1,0,0,0,nan,nan,-0.8804004937410356
4,DiscNRX,none,39,0,1,0,0,nan,nan,-0.8804004937410356
4,DiscNRX,none,40,1,0,0,0,nan,nan,-0.8804004937410356
4,DiscNRX,none,41,1,0,0,0,nan,nan,-0.8804004937410356
4,DiscNRX,none,42,1,0,0,0,nan,nan,-0.8804004937410356
4,DiscNRX,none,43,1,0,0,0,nan,nan,-0.8804004937410356
4,DiscNRX,none,44,1,0,0,0,nan,nan,-0.8804004937410356
4,DiscNRX,none,45,1,0,0,0,nan,nan,-0.8804004937410356
4,DiscNRX,none,46,1,0,0,0,nan,nan,-0.8804004937410356
4,DiscNRX,none,47,1,0,0,0,nan,nan,-0.8804004937410356
4,DiscNRX,none,48,0,1,0,0,nan,nan,-0.8804004937410356
4,DiscNRX,none,49,0,1,0,0,nan,nan,-0.8804004937410356
4,DiscNRX,none,50,0,1,0,0,nan,nan,-0.8804004937410356
4,DiscNRX,none,51,1,0,0,0,nan,nan,-0.8804004937410356
4,DiscNRX,none,52,1,0,0,0,nan,nan,-0.8804004937410356
4,DiscNRX,none,53,1,0,0,0,nan,nan,-0.8804004937410356
4,DiscNRX,none,54,1,0,0,0,nan,nan,-0.8804004937410356
4,DiscNRX,none,55,0,1,0,0,nan,nan,-0.8804004937410356
4,DiscNRX,none,56,1,0,0,0,nan,nan,-0.8804004937410356
4,DiscNRX,none,57,0,1,0,0,nan,nan,-0.8804004937410356
4,DiscNRX,none,58,1,0,0,0,nan,nan,-0.8804004937410356
4,DiscNRX,none,59,1,0,0,0,nan,nan,-0.8804004937410356
4,DiscNRX,none,60,1,0,0,0,nan,nan,-0.8804004937410356
4,DiscNRX,none,61,1,0,0,0,nan,nan,-0.8804004937410356
4,DiscNRX,none,62,1,0,0,0,nan,nan,-0.8804004937410356
4,DiscNRX,none,63,1,0,0,0,nan,nan,-0.8804004937410356
4,DiscNRX,none,64,1,0,0,0,nan,nan,-0.8804004937410356
4,DiscNRX,none,65,1,0,0,0,nan,nan,-0.8804004937410356
4,DiscNRX,none,66,1,0,0,0,nan,nan,-0.8804004937410356
4,DiscNRX,none,67,1,0,0,0,nan,nan,-0.8804004937410356
4,DiscNRX,none,68,1,0,0,0,nan,nan,-0.8804004937410356
4,DiscNRX,none,69,1,0,0,0,nan,nan,-0.8804004937410356
4,DiscNRX,none,70,0,1,0,0,nan,nan,-0.8804004937410356
4,DiscNRX,none,71,1,0,0,0,nan,nan,-0.8804004937410356
4,DiscNRX,none,72,1,0,0,0,nan,nan,-0.8804004937410356
4,DiscNRX,none,73,1,0,0,0,nan,nan,-0.8804004937410356
4,DiscNRX,none,74,0,1,0,0,nan,nan,-0.8804004937410356
4,DiscNRX,none,75,1,0,0,0,nan,nan,-0.8804004937410356
4,DiscNRX,none,76,1,0,0,0,nan,nan,-0.8804004937410356
4,DiscNRX,none,77,1,0,0,0,nan,nan,-0.8804004937410356
4,DiscNRX,none,78,1,0,0,0,nan,nan,-0.8804004937410356
4,DiscNRX,none,79,1,0,0,0,nan,nan,-0.8804004937410356
4,DiscNRX,none,80,1,0,0,0,nan,nan,-0.8804004937410356
4,DiscNRX,none,81,1,0,0,0,nan,nan,-0.8804004937410356
4,DiscNRX,none,82,0,1,0,0,nan,nan,-0.8804004937410356
4,DiscNRX,none,83,1,0,0,0,nan,nan,-0.8804004937410356
4,DiscNRX,none,84,1,0,0,0,nan,nan,-0.8804004937410356
4,DiscNRX,none,85,0,1,0,0,nan,nan,-0.8804004937410356
4,DiscNRX,none,86,1,0,0,0,nan,nan,-0.8804004937410356
4,DiscNRX,none,87,0,1,0,0,nan,nan,-0.8804004937410356
4,DiscNRX,none,88,0,1,0,0,nan,nan,-0.8804004937410356
4,DiscNRX,none,89,0,1,0,0,nan,nan,-0.8804004937410356
4,DiscNRX,none,90,1,0,0,0,nan,nan,-0.8804004937410356
4,DiscNRX,none,91,1,0,0,0,nan,nan,-0.8804004937410356
4,DiscNRX,none,92,0,1,0,0,nan,nan,-0.8804004937410356
4,DiscNRX,none,93,1,0,0,0,nan,nan,-0.8804004937410356
4,DiscNRX,none,94,1,0,0,0,nan,nan,-0.8804004937410356
4,DiscNRX,none,95,1,0,0,0,nan,nan,-0.8804004937410356
4,DiscNRX,none,96,1,0,0,0,nan,nan,-0.8804004937410356
4,DiscNRX,none,97,1,0,0,0,nan,nan,-0.8804004937410356
4,DiscNRX,none,98,0,1,0,0,nan,nan,-0.8804004937410356
4,DiscNRX,none,99,0,1,0,0,nan,nan,-0.8804004937410356
4,DiscNRX,none,100,0,1,0,0,nan,nan,-0.8804004937410356
4,DiscNRX,none,101,1,0,0,0,nan,nan,-0.8804004937410356
4,DiscNRX,none,102,0,1,0,0,nan,nan,-0.8804004937410356
4,DiscNRX,none,103,0,1,0,0,nan,nan,-0.8804004937410356
4,DiscNRX,none,104,0,1,0,0,nan,nan,-0.8804004937410356
4,DiscNRX,none,105,1,0,0,0,nan,nan,-0.8804004937410356
4,DiscNRX,none,106,1,0,0,0,nan,nan,-0.8804004937410356
4,DiscNRX,none,107,0,1,0,0,nan,nan,-0.8804004937410356
4,DiscNRX,none,108,1,0,0,0,nan,nan,-0.8804004937410356
4,DiscNRX,none,109,1,0,0,0,nan,nan,-0.8804004937410356
4,DiscNRX,none,110,0,1,0,0,nan,nan,-0.8804004937410356
4,DiscNRX,none,111,0,1,0,0,nan,nan,-0.8804004937410356
4,DiscNRX,none,112,1,0,0,0,nan,nan,-0.8804004937410356
4,DiscNRX,none,113,1,0,0,0,nan,nan,-0.8804004937410356
4,DiscNRX,none,114,0,1,0,0,nan,nan,-0.8804004937410356
4,DiscNRX,none,115,1,0,0,0,nan,nan,-0.8804004937410356
4,DiscNRX,none,116,1,0,0,0,nan,nan,-0.8804004937410356
4,DiscNRX,none,117,1,0,0,0,nan,nan,-0.8804004937410356
4,DiscNRX,none,118,0,1,0,0,nan,nan,-0.8804004937410356
4,DiscNRX,none,119,1,0,0,0,nan,nan,-0.8804004937410356
4,DiscNRX,none,120,1,0,0,0,nan,nan,-0.8804004937410356
4,DiscNRX,none,121,1,0,0,0,nan,nan,-0.8804004937410356
4,DiscNRX,none,122,0,1,0,0,nan,nan,-0.8804004937410356
4,DiscNRX,none,123,1,0,0,0,nan,nan,-0.8804004937410356
4,DiscNRX,none,124,0,1,0,0,nan,nan,-0.8804004937410356
4,DiscNRX,none,125,1,0,0,0,nan,nan,-0.8804004937410356
4,DiscNRX,none,126,1,0,0,0,nan,nan,-0.8804004937410356
4,DiscNRX,none,127,1,0,0,0,nan,nan,-0.8804004937410356
4,DiscNRX,none,128,1,0,0,0,nan,nan,-0.8804004937410356
4,DiscNRX,none,129,0,1,0,0,nan,nan,-0.8804004937410356
4,DiscNRX,none,130,0,1,0,0,nan,nan,-0.8804004937410356
4,DiscNRX,none,131,1,0,0,0,nan,nan,-0.8804004937410356
4,DiscNRX,none,132,1,0,0,0,nan,nan,-0.8804004937410356
4,DiscNRX,none,133,0,1,0,0,nan,nan,-0.8804004937410356
4,DiscNRX,none,134,1,0,0,0,nan,nan,-0.8804004937410356
4,DiscNRX,none,135,1,0,0,0,nan,nan,-0.8804004937410356
4,DiscNRX,none,136,1,0,0,0,nan,nan,-0.8804004937410356
4,DiscNRX,none,137,1,0,0,0,nan,nan,-0.8804004937410356
4,DiscNRX,none,138,1,0,0,0,nan,nan,-0.8804004937410356
4,DiscNRX,none,139,0,1,0,0,nan,nan,-0.8804004937410356
4,DiscNRX,none,140,1,0,0,0,nan,nan,-0.8804004937410356
4,DiscNRX,none,141,1,0,0,0,nan,nan,-0.8804004937410356
4,DiscNRX,none,142,1,0,0,0,nan,nan,-0.8804004937410356
4,DiscNRX,none,143,1,0,0,0,nan,nan,-0.8804004937410356
4,DiscNRX,none,144,1,0,0,0,nan,nan,-0.8804004937410356
4,DiscNRX,none,145,0,1,0,0,nan,nan,-0.8804004937410356
4,DiscNRX,none,146,1,0,0,0,nan,nan,-0.8804004937410356
4,DiscNRX,none,147,1,0,0,0,nan,nan,-0.8804004937410356
4,DiscNRX,none,148,1,0,0,0,nan,nan,-0.8804004937410356
4,DiscNRX,none,149,0,1,0,0,nan,nan,-0.8804004937410356
4,DiscNRX,none,150,1,0,0,0,nan,nan,-0.8804004937410356
4,DiscNRX,none,151,0,1,0,0,nan,nan,-0.8804004937410356
4,DiscNRX,none,152,1,0,0,0,nan,nan,-0.8804004937410356
4,DiscNRX,none,153,1,0,0,0,nan,nan,-0.8804004937410356
4,DiscNRX,none,154,1,0,0,0,nan,nan,-0.8804004937410356
4,DiscNRX,none,155,1,0,0,0,nan,nan,-0.8804004937410356
4,DiscNRX,none,156,1,0,0,0,nan,nan,-0.8804004937410356
4,DiscNRX,none,157,1,0,0,0,nan,nan,-0.8804004937410356
4,DiscNRX,none,158,1,0,0,0,nan,nan,-0.8804004937410356
4,DiscNRX,none,159,1,0,0,0,nan,nan,-0.8804004937410356
4,DiscNRX,none,160,0,1,0,0,nan,nan,-0.8804004937410356
4,DiscNRX,none,161,1,0,0,0,nan,nan,-0.8804004937410356
4,DiscNRX,none,162,0,1,0,0,nan,nan,-0.8804004937410356
4,DiscNRX,none,163,1,0,0,0,nan,nan,-0.8804004937410356
4,DiscNRX,none,164,1,0,0,0,nan,nan,-0.8804004937410356
4,DiscNRX,none,165,1,0,0,0,nan,nan,-0.8804004937410356
4,DiscNRX,none,166,0,1,0,0,nan,nan,-0.8804004937410356
4,DiscNRX,none,167,1,0,0,0,nan,nan,-0.8804004937410356
4,DiscNRX,none,168,1,0,0,0,nan,nan,-0.8804004937410356
4,DiscNRX,none,169,1,0,0,0,nan,nan,-0.8804004937410356
4,DiscNRX,none,170,1,0,0,0,nan,nan,-0.8804004937410356
4,DiscNRX,none,171,1,0,0,0,nan,nan,-0.8804004937410356
4,DiscNRX,none,172,0,1,0,0,nan,nan,-0.8804004937410356
4,DiscNRX,none,173,1,0,0,0,nan,nan,-0.8804004937410356
4,DiscNRX,none,174,1,0,0,0,nan,nan,-0.8804004937410356
4,DiscNRX,none,175,1,0,0,0,nan,nan,-0.8804004937410356
4,DiscNRX,none,176,1,0,0,0,nan,nan,-0.8804004937410356
4,DiscNRX,none,177,0,1,0,0,nan,nan,-0.8804004937410356
4,DiscNRX,none,178,1,0,0,0,nan,nan,-0.8804004937410356
4,DiscNRX,none,179,1,0,0,0,nan,nan,-0.8804004937410356
4,DiscNRX,none,180,1,0,0,0,nan,nan,-0.8804004937410356
4,DiscNRX,none,181,0,1,0,0,nan,nan,-0.8804004937410356
4,DiscNRX,none,182,0,1,0,0,nan,nan,-0.8804004937410356
4,DiscNRX,none,183,0,1,0,0,nan,nan,-0.8804004937410356
4,DiscNRX,none,184,0,1,0,0,nan,nan,-0.8804004937410356
4,DiscNRX,none,185,1,0,0,0,nan,nan,-0.8804004937410356
4,DiscNRX,none,186,0,1,0,0,nan,nan,-0.8804004937410356
4,DiscNRX,none,187,1,0,0,0,nan,nan,-0.8804004937410356
4,DiscNRX,none,188,0,1,0,0,nan,nan,-0.8804004937410356
4,DiscNRX,none,189,1,0,0,0,nan,nan,-0.8804004937410356
4,DiscNRX,none,190,1,0,0,0,nan,nan,-0.8804004937410356
4,DiscNRX,none,191,0,1,0,0,nan,nan,-0.8804004937410356
4,DiscNRX,none,192,1,0,0,0,nan,nan,-0.8804004937410356
4,DiscNRX,none,193,0,1,0,0,nan,nan,-0.8804004937410356
4,DiscNRX,none,194,0,1,0,0,nan,nan,-0.8804004937410356
4,DiscNRX,none,195,1,0,0,0,nan,nan,-0.8804004937410356
4,DiscNRX,none,196,1,0,0,0,nan,nan,-0.8804004937410356
4,DiscNRX,none,197,1,0,0,0,nan,nan,-0.8804004937410356
4,DiscNRX,none,198,1,0,0,0,nan,nan,-0.8804004937410356
4,DiscNRX,none,199,1,0,0,0,nan,nan,-0.8804004937410356
4,DiscNRX,none,200,1,0,0,0,nan,nan,-0.8804004937410356
4,DiscNRX,none,201,1,0,0,0,nan,nan,-0.8804004937410356
4,DiscNRX,none,202,1,0,0,0,nan,nan,-0.8804004937410356
4,DiscNRX,none,203,1,0,0,0,nan,nan,-0.8804004937410356
4,DiscNRX,none,204,0,1,0,0,nan,nan,-0.8804004937410356
4,DiscNRX,none,205,0,1,0,0,nan,nan,-0.8804004937410356
4,DiscNRX,none,206,0,1,0,0,nan,nan,-0.8804004937410356
4,DiscNRX,none,207,0,1,0,0,nan,nan,-0.8804004937410356
4,DiscNRX,none,208,0,1,0,0,nan,nan,-0.8804004937410356
4,DiscNRX,none,209,1,0,0,0,nan,nan,-0.8804004937410356
4,DiscNRX,none,210,1,0,0,0,nan,nan,-0.8804004937410356
4,DiscNRX,none,211,1,0,0,0,nan,nan,-0.8804004937410356
4,DiscNRX,none,212,0,1,0,0,nan,nan,-0.8804004937410356
4,DiscNRX,none,213,1,0,0,0,nan,nan,-0.8804004937410356
4,DiscNRX,none,214,0,1,0,0,nan,nan,-0.8804004937410356
4,DiscNRX,none,215,1,0,0,0,nan,nan,-0.8804004937410356
4,DiscNRX,none,216,1,0,0,0,nan,nan,-0.8804004937410356
4,DiscNRX,none,217,1,0,0,0,nan,nan,-0.8804004937410356
4,DiscNRX,none,218,0,1,0,0,nan,nan,-0.8804004937410356
4,DiscNRX,none,219,1,0,0,0,nan,nan,-0.8804004937410356
4,DiscNRX,none,220,0,1,0,0,nan,nan,-0.8804004937410356
4,DiscNRX,none,221,1,0,0,0,nan,nan,-0.8804004937410356
4,DiscNRX,none,222,0,1,0,0,nan,nan,-0.8804004937410356
4,DiscNRX,none,223,0,1,0,0,nan,nan,-0.8804004937410356
4,DiscNRX,none,224,0,1,0,0,nan,nan,-0.8804004937410356
4,DiscNRX,none,225,1,0,0,0,nan,nan,-0.8804004937410356
4,DiscNRX,none,226,1,0,0,0,nan,nan,-0.8804004937410356
4,DiscNRX,none,227,1,0,0,0,nan,nan,-0.8804004937410356
4,DiscNRX,none,228,0,1,0,0,nan,nan,-0.8804004937410356
4,DiscNRX,none,229,0,1,0,0,nan,nan,-0.8804004937410356
4,DiscNRX,none,230,1,0,0,0,nan,nan,-0.8804004937410356
4,DiscNRX,none,231,1,0,0,0,nan,nan,-0.8804004937410356
4,DiscNRX,none,232,1,0,0,0,nan,nan,-0.8804004937410356
4,DiscNRX,none,233,0,1,0,0,nan,nan,-0.8804004937410356
4,DiscNRX,none,234,1,0,0,0,nan,nan,-0.8804004937410356
4,DiscNRX,none,235,1,0,0,0,nan,nan,-0.8804004937410356
4,DiscNRX,none,236,0,1,0,0,nan,nan,-0.8804004937410356
4,DiscNRX,none,237,1,0,0,0,nan,nan,-0.8804004937410356
4,DiscNRX,none,238,1,0,0,0,nan,nan,-0.8804004937410356
4,DiscNRX,none,239,0,1,0,0,nan,nan,-0.8804004937410356
4,DiscNRX,none,240,1,0,0,0,nan,nan,-0.8804004937410356
4,DiscNRX,none,241,0,1,0,0,nan,nan,-0.8804004937410356
4,DiscNRX,none,242,1,0,0,0,nan,nan,-0.8804004937410356
4,DiscNRX,none,243,1,0,0,0,nan,nan,-0.8804004937410356
4,DiscNRX,none,244,0,1,0,0,nan,nan,-0.8804004937410356
4,DiscNRX,none,245,0,1,0,0,nan,nan,-0.8804004937410356
4,DiscNRX,none,246,1,0,0,0,nan,nan,-0.8804004937410356
4,DiscNRX,none,247,0,1,0,0,nan,nan,-0.8804004937410356
4,DiscNRX,none,248,1,0,0,0,nan,nan,-0.8804004937410356
4,DiscNRX,none,249,0,1,0,0,nan,nan,-0.8804004937410356
4,DiscNRX,none,250,1,0,0,0,nan,nan,-0.8804004937410356
4,DiscNRX,none,251,0,1,0,0,nan,nan,-0.8804004937410356
4,DiscNRX,none,252,1,0,0,0,nan,nan,-0.8804004937410356
4,DiscNRX,none,253,0,1,0,0,nan,nan,-0.8804004937410356
4,DiscNRX,none,254,1,0,0,0,nan,nan,-0.8804004937410356
4,DiscNRX,none,255,1,0,0,0,nan,nan,-0.8804004937410356
4,DiscNRX,none,256,1,0,0,0,nan,nan,-0.8804004937410356
4,DiscNRX,none,257,1,0,0,0,nan,nan,-0.8804004937410356
4,DiscNRX,none,258,1,0,0,0,nan,nan,-0.8804004937410356
4,DiscNRX,none,259,1,0,0,0,nan,nan,-0.8804004937410356
4,DiscNRX,none,260,0,1,0,0,nan,nan,-0.8804004937410356
4,DiscNRX,none,261,1,0,0,0,nan,nan,-0.8804004937410356
4,DiscNRX,none,262,1,0,0,0,nan,nan,-0.8804004937410356
4,DiscNRX,none,263,1,0,0,0,nan,nan,-0.8804004937410356
4,DiscNRX,none,264,1,0,0,0,nan,nan,-0.8804004937410356
4,DiscNRX,none,265,1,0,0,0,nan,nan,-0.8804004937410356
4,DiscNRX,none,266,1,0,0,0,nan,nan,-0.8804004937410356
4,DiscNRX,none,267,1,0,0,0,nan,nan,-0.8804004937410356
4,DiscNRX,none,268,0,1,0,0,nan,nan,-0.8804004937410356
4,DiscNRX,none,269,0,1,0,0,nan,nan,-0.8804004937410356
4,DiscNRX,none,270,0,1,0,0,nan,nan,-0.8804004937410356
4,DiscNRX,none,271,0,1,0,0,nan,nan,-0.8804004937410356
4,DiscNRX,none,272,1,0,0,0,nan,nan,-0.8804004937410356
4,DiscNRX,none,273,0,1,0,0,nan,nan,-0.8804004937410356
4,DiscNRX,none,274,1,0,0,0,nan,nan,-0.8804004937410356
4,DiscNRX,none,275,1,0,0,0,nan,nan,-0.8804004937410356
4,DiscNRX,none,276,1,0,0,0,nan,nan,-0.8804004937410356
4,DiscNRX,none,277,1,0,0,0,nan,nan,-0.8804004937410356
4,DiscNRX,none,278,1,0,0,0,nan,nan,-0.8804004937410356
4,DiscNRX,none,279,1,0,0,0,nan,nan,-0.8804004937410356
4,DiscNRX,none,280,1,0,0,0,nan,nan,-0.8804004937410356
4,DiscNRX,none,281,1,0,0,0,nan,nan,-0.8804004937410356
4,DiscNRX,none,282,0,1,0,0,nan,nan,-0.8804004937410356
4,DiscNRX,none,283,1,0,0,0,nan,nan,-0.8804004937410356
4,DiscNRX,none,284,1,0,0,0,nan,nan,-0.8804004937410356
4,DiscNRX,none,285,1,0,0,0,nan,nan,-0.8804004937410356
4,DiscNRX,none,286,1,0,0,0,nan,nan,-0.8804004937410356
4,DiscNRX,none,287,0,1,0,0,nan,nan,-0.8804004937410356
4,DiscNRX,none,288,1,0,0,0,nan,nan,-0.8804004937410356
4,DiscNRX,none,289,0,1,0,0,nan,nan,-0.8804004937410356
4,DiscNRX,none,290,0,1,0,0,nan,nan,-0.8804004937410356
4,DiscNRX,none,291,0,1,0,0,nan,nan,-0.8804004937410356
4,DiscNRX,none,292,0,1,0,0,nan,nan,-0.8804004937410356
4,DiscNRX,none,293,1,0,0,0,nan,nan,-0.8804004937410356
4,DiscNRX,none,294,1,0,0,0,nan,nan,-0.8804004937410356
4,DiscNRX,none,295,1,0,0,0,nan,nan,-0.8804004937410356
4,DiscNRX,none,296,1,0,0,0,nan,nan,-0.8804004937410356
4,DiscNRX,none,297,1,0,0,0,nan,nan,-0.8804004937410356
4,DiscNRX,none,298,0,1,0,0,nan,nan,-0.8804004937410356
4,DiscNRX,none,299,1,0,0,0,nan,nan,-0.8804004937410356
4,DiscNRX,none,300,0,1,0,0,nan,nan,-0.8804004937410356
4,DiscNRX,none,301,1,0,0,0,nan,nan,-0.8804004937410356
4,DiscNRX,none,302,0,1,0,0,nan,nan,-0.8804004937410356
4,DiscNRX,none,303,0,1,0,0,nan,nan,-0.8804004937410356
4,DiscNRX,none,304,1,0,0,0,nan,nan,-0.8804004937410356
4,DiscNRX,none,305,1,0,0,0,nan,nan,-0.8804004937410356
4,DiscNRX,none,306,1,0,0,0,nan,nan,-0.8804004937410356
4,DiscNRX,none,307,1,0,0,0,nan,nan,-0.8804004937410356
4,DiscNRX,none,308,1,0,0,0,nan,nan,-0.8804004937410356
4,DiscNRX,none,309,1,0,0,0,nan,nan,-0.8804004937410356
4,DiscNRX,none,310,1,0,0,0,nan,nan,-0.8804004937410356
4,DiscNRX,none,311,1,0,0,0,nan,nan,-0.8804004937410356
4,DiscNRX,none,312,1,0,0,0,nan,nan,-0.8804004937410356
4,DiscNRX,none,313,1,0,0,0,nan,nan,-0.8804004937410356
4,DiscNRX,none,314,1,0,0,0,nan,nan,-0.8804004937410356
4,DiscNRX,none,315,1,0,0,0,nan,nan,-0.8804004937410356
4,DiscNRX,none,316,1,0,0,0,nan,nan,-0.8804004937410356
4,DiscNRX,none,317,1,0,0,0,nan,nan,-0.8804004937410356
4,DiscNRX,none,318,1,0,0,0,nan,nan,-0.8804004937410356
4,DiscNRX,none,319,0,1,0,0,nan,nan,-0.8804004937410356
4,DiscNRX,none,320,1,0,0,0,nan,nan,-0.8804004937410356
4,DiscNRX,none,321,0,1,0,0,nan,nan,-0.8804004937410356
4,DiscNRX,none,322,1,0,0,0,nan,nan,-0.8804004937410356
4,DiscNRX,none,323,1,0,0,0,nan,nan,-0.8804004937410356
4,DiscNRX,none,324,1,0,0,0,nan,nan,-0.8804004937410356
4,DiscNRX,none,325,1,0,0,0,nan,nan,-0.8804004937410356
4,DiscNRX,none,326,1,0,0,0,nan,nan,-0.8804004937410356
4,DiscNRX,none,327,1,0,0,0,nan,nan,-0.8804004937410356
4,DiscNRX,none,328,1,0,0,0,nan,nan,-0.8804004937410356
4,DiscNRX,none,329,1,0,0,0,nan,nan,-0.8804004937410356
4,DiscNRX,none,330,0,1,0,0,nan,nan,-0.8804004937410356
4,DiscNRX,none,331,1,0,0,0,nan,nan,-0.8804004937410356
4,DiscNRX,none,332,1,0,0,0,nan,nan,-0.8804004937410356
4,DiscNRX,none,333,1,0,0,0,nan,nan,-0.8804004937410356
4,DiscNRX,none,334,1,0,0,0,nan,nan,-0.8804004937410356
4,DiscNRX,none,335,0,1,0,0,nan,nan,-0.8804004937410356
4,DiscNRX,none,336,1,0,0,0,nan,nan,-0.8804004937410356
4,DiscNRX,none,337,1,0,0,0,nan,nan,-0.8804004937410356
4,DiscNRX,none,338,1,0,0,0,nan,nan,-0.8804004937410356
4,DiscNRX,none,339,1,0,0,0,nan,nan,-0.8804004937410356
4,DiscNRX,none,340,1,0,0,0,nan,nan,-0.8804004937410356
4,DiscNRX,none,341,1,0,0,0,nan,nan,-0.8804004937410356
4,DiscNRX,none,342,1,0,0,0,nan,nan,-0.8804004937410356
4,DiscNRX,none,343,1,0,0,0,nan,nan,-0.8804004937410356
4,DiscNRX,none,344,0,1,0,0,nan,nan,-0.8804004937410356
4,DiscNRX,none,345,1,0,0,0,nan,nan,-0.8804004937410356
4,DiscNRX,none,346,0,1,0,0,nan,nan,-0.8804004937410356
4,DiscNRX,none,347,1,0,0,0,nan,nan,-0.8804004937410356
4,DiscNRX,none,348,1,0,0,0,nan,nan,-0.8804004937410356
4,DiscNRX,none,349,1,0,0,0,nan,nan,-0.8804004937410356
4,DiscNRX,none,350,0,1,0,0,nan,nan,-0.8804004937410356
4,DiscNRX,none,351,1,0,0,0,nan,nan,-0.8804004937410356
4,DiscNRX,none,352,0,1,0,0,nan,nan,-0.8804004937410356
4,DiscNRX,none,353,1,0,0,0,nan,nan,-0.8804004937410356
4,DiscNRX,none,354,0,1,0,0,nan,nan,-0.8804004937410356
4,DiscNRX,none,355,0,1,0,0,nan,nan,-0.8804004937410356
4,DiscNRX,none,356,1,0,0,0,nan,nan,-0.8804004937410356
4,DiscNRX,none,357,1,0,0,0,nan,nan,-0.8804004937410356
4,DiscNRX,none,358,1,0,0,0,nan,nan,-0.8804004937410356
4,DiscNRX,none,359,1,0,0,0,nan,nan,-0.8804004937410356
4,DiscNRX,none,360,0,1,0,0,nan,nan,-0.8804004937410356
4,DiscNRX,none,361,1,0,0,0,nan,nan,-0.8804004937410356
4,DiscNRX,none,362,1,0,0,0,nan,nan,-0.8804004937410356
4,DiscNRX,none,363,0,1,0,0,nan,nan,-0.8804004937410356
4,DiscNRX,none,364,0,1,0,0,nan,nan,-0.8804004937410356
4,DiscNRX,none,365,1,0,0,0,nan,nan,-0.8804004937410356
4,DiscNRX,none,366,1,0,0,0,nan,nan,-0.8804004937410356
4,DiscNRX,none,367,0,1,0,0,nan,nan,-0.8804004937410356
4,DiscNRX,none,368,0,1,0,0,nan,nan,-0.8804004937410356
4,DiscNRX,none,369,1,0,0,0,nan,nan,-0.8804004937410356
4,DiscNRX,none,370,1,0,0,0,nan,nan,-0.8804004937410356
4,DiscNRX,none,371,1,0,0,0,nan,nan,-0.8804004937410356
4,DiscNRX,none,372,1,0,0,0,nan,nan,-0.8804004937410356
4,DiscNRX,none,373,0,1,0,0,nan,nan,-0.8804004937410356
4,DiscNRX,none,374,1,0,0,0,nan,nan,-0.8804004937410356
4,DiscNRX,none,375,1,0,0,0,nan,nan,-0.8804004937410356
4,DiscNRX,none,376,1,0,0,0,nan,nan,-0.8804004937410356
4,DiscNRX,none,377,1,0,0,0,nan,nan,-0.8804004937410356
4,DiscNRX,none,378,1,0,0,0,nan,nan,-0.8804004937410356
4,DiscNRX,none,379,0,1,0,0,nan,nan,-0.8804004937410356
4,DiscNRX,none,380,1,0,0,0,nan,nan,-0.8804004937410356
4,DiscNRX,none,381,0,1,0,0,nan,nan,-0.8804004937410356
4,DiscNRX,none,382,1,0,0,0,nan,nan,-0.8804004937410356
4,DiscNRX,none,383,1,0,0,0,nan,nan,-0.8804004937410356
4,DiscNRX,none,384,1,0,0,0,nan,nan,-0.8804004937410356
4,DiscNRX,none,385,1,0,0,0,nan,nan,-0.8804004937410356
4,DiscNRX,none,386,1,0,0,0,nan,nan,-0.8804004937410356
4,DiscNRX,none,387,0,1,0,0,nan,nan,-0.8804004937410356
4,DiscNRX,none,388,1,0,0,0,nan,nan,-0.8804004937410356
4,DiscNRX,none,389,0,1,0,0,nan,nan,-0.8804004937410356
4,DiscNRX,none,390,1,0,0,0,nan,nan,-0.8804004937410356
4,DiscNRX,none,391,1,0,0,0,nan,nan,-0.8804004937410356
4,DiscNRX,none,392,1,0,0,0,nan,nan,-0.8804004937410356
4,DiscNRX,none,393,0,1,0,0,nan,nan,-0.8804004937410356
4,DiscNRX,none,394,0,1,0,0,nan,nan,-0.8804004937410356
4,DiscNRX,none,395,1,0,0,0,nan,nan,-0.8804004937410356
4,DiscNRX,none,396,1,0,0,0,nan,nan,-0.8804004937410356
4,DiscNRX,none,397,0,1,0,0,nan,nan,-0.8804004937410356
4,DiscNRX,none,398,1,0,0,0,nan,nan,-0.8804004937410356
4,DiscNRX,none,399,1,0,0,0,nan,nan,-0.8804004937410356
4,DiscNRX,none,400,0,1,0,0,nan,nan,-0.8804004937410356
4,DiscNRX,none,401,0,1,0,0,nan,nan,-0.8804004937410356
4,DiscNRX,none,402,0,1,0,0,nan,nan,-0.8804004937410356
4,DiscNRX,none,403,0,1,0,0,nan,nan,-0.8804004937410356
4,DiscNRX,none,404,1,0,0,0,nan,nan,-0.8804004937410356
4,DiscNRX,none,405,1,0,0,0,nan,nan,-0.8804004937410356
4,DiscNRX,none,406,1,0,0,0,nan,nan,-0.8804004937410356
4,DiscNRX,none,407,1,0,0,0,nan,nan,-0.8804004937410356
4,DiscNRX,none,408,1,0,0,0,nan,nan,-0.8804004937410356
4,DiscNRX,none,409,1,0,0,0,nan,nan,-0.8804004937410356
4,DiscNRX,none,410,0,1,0,0,nan,nan,-0.8804004937410356
4,DiscNRX,none,411,1,0,0,0,nan,nan,-0.8804004937410356
4,DiscNRX,none,412,1,0,0,0,nan,nan,-0.8804004937410356
4,DiscNRX,none,413,1,0,0,0,nan,nan,-0.8804004937410356
4,DiscNRX,none,414,1,0,0,0,nan,nan,-0.8804004937410356
4,DiscNRX,none,415,0,1,0,0,nan,nan,-0.8804004937410356
4,DiscNRX,none,416,1,0,0,0,nan,nan,-0.8804004937410356
4,DiscNRX,none,417,1,0,0,0,nan,nan,-0.8804004937410356
4,DiscNRX,none,418,1,0,0,0,nan,nan,-0.8804004937410356
4,DiscNRX,none,419,0,1,0,0,nan,nan,-0.8804004937410356
4,DiscNRX,none,420,1,0,0,0,nan,nan,-0.8804004937410356
4,DiscNRX,none,421,1,0,0,0,nan,nan,-0.8804004937410356
4,DiscNRX,none,422,1,0,0,0,nan,nan,-0.8804004937410356
4,DiscNRX,none,423,0,1,0,0,nan,nan,-0.8804004937410356
4,DiscNRX,none,424,1,0,0,0,nan,nan,-0.8804004937410356
4,DiscNRX,none,425,1,0,0,0,nan,nan,-0.8804004937410356
4,DiscNRX,none,426,0,1,0,0,nan,nan,-0.8804004937410356
4,DiscNRX,none,427,1,0,0,0,nan,nan,-0.8804004937410356
4,DiscNRX,none,428,1,0,0,0,nan,nan,-0.8804004937410356
4,DiscNRX,none,429,0,1,0,0,nan,nan,-0.8804004937410356
4,DiscNRX,none,430,1,0,0,0,nan,nan,-0.8804004937410356
4,DiscNRX,none,431,1,0,0,0,nan,nan,-0.8804004937410356
4,DiscNRX,none,432,1,0,0,0,nan,nan,-0.8804004937410356
4,DiscNRX,none,433,0,1,0,0,nan,nan,-0.8804004937410356
4,DiscNRX,none,434,1,0,0,0,nan,nan,-0.8804004937410356
4,DiscNRX,none,435,0,1,0,0,nan,nan,-0.8804004937410356
4,DiscNRX,none,436,0,1,0,0,nan,nan,-0.8804004937410356
4,DiscNRX,none,437,0,1,0,0,nan,nan,-0.8804004937410356
4,DiscNRX,none,438,0,1,0,0,nan,nan,-0.8804004937410356
4,DiscNRX,none,439,1,0,0,0,nan,nan,-0.8804004937410356
4,DiscNRX,none,440,1,0,0,0,nan,nan,-0.8804004937410356
4,DiscNRX,none,441,1,0,0,0,nan,nan,-0.8804004937410356
4,DiscNRX,none,442,0,1,0,0,nan,nan,-0.8804004937410356
4,DiscNRX,none,443,0,1,0,0,nan,nan,-0.8804004937410356
4,DiscNRX,none,444,1,0,0,0,nan,nan,-0.8804004937410356
4,DiscNRX,none,445,1,0,0,0,nan,nan,-0.8804004937410356
4,DiscNRX,none,446,1,0,0,0,nan,nan,-0.8804004937410356
4,DiscNRX,none,447,1,0,0,0,nan,nan,-0.8804004937410356
4,DiscNRX,none,448,1,0,0,0,nan,nan,-0.8804004937410356
4,DiscNRX,none,449,0,1,0,0,nan,nan,-0.8804004937410356
4,DiscNRX,none,450,1,0,0,0,nan,nan,-0.8804004937410356
4,DiscNRX,none,451,0,1,0,0,nan,nan,-0.8804004937410356
4,DiscNRX,none,452,0,1,0,0,nan,nan,-0.8804004937410356
4,DiscNRX,none,453,0,1,0,0,nan,nan,-0.8804004937410356
4,DiscNRX,none,454,1,0,0,0,nan,nan,-0.8804004937410356
4,DiscNRX,none,455,1,0,0,0,nan,nan,-0.8804004937410356
4,DiscNRX,none,456,1,0,0,0,nan,nan,-0.8804004937410356
4,DiscNRX,none,457,0,1,0,0,nan,nan,-0.8804004937410356
4,DiscNRX,none,458,0,1,0,0,nan,nan,-0.8804004937410356
4,DiscNRX,none,459,1,0,0,0,nan,nan,-0.8804004937410356
4,DiscNRX,none,460,1,0,0,0,nan,nan,-0.8804004937410356
4,DiscNRX,none,461,0,1,0,0,nan,nan,-0.8804004937410356
4,DiscNRX,none,462,1,0,0,0,nan,nan,-0.8804004937410356
4,DiscNRX,none,463,1,0,0,0,nan,nan,-0.8804004937410356
4,DiscNRX,none,464,1,0,0,0,nan,nan,-0.8804004937410356
4,DiscNRX,none,465,1,0,0,0,nan,nan,-0.8804004937410356
4,DiscNRX,none,466,1,0,0,0,nan,nan,-0.8804004937410356
4,DiscNRX,none,467,1,0,0,0,nan,nan,-0.8804004937410356
4,DiscNRX,none,468,0,1,0,0,nan,nan,-0.8804004937410356
4,DiscNRX,none,469,1,0,0,0,nan,nan,-0.8804004937410356
4,DiscNRX,none,470,1,0,0,0,nan,nan,-0.8804004937410356
4,DiscNRX,none,471,0,1,0,0,nan,nan,-0.8804004937410356
4,DiscNRX,none,472,0,1,0,0,nan,nan,-0.8804004937410356
4,DiscNRX,none,473,0,1,0,0,nan,nan,-0.8804004937410356
4,DiscNRX,none,474,1,0,0,0,nan,nan,-0.8804004937410356
4,DiscNRX,none,475,0,1,0,0,nan,nan,-0.8804004937410356
4,DiscNRX,none,476,1,0,0,0,nan,nan,-0.8804004937410356
4,DiscNRX,none,477,0,1,0,0,nan,nan,-0.8804004937410356
4,DiscNRX,none,478,1,0,0,0,nan,nan,-0.8804004937410356
4,DiscNRX,none,479,1,0,0,0,nan,nan,-0.8804004937410356
4,DiscNRX,none,480,1,0,0,0,nan,nan,-0.8804004937410356
4,DiscNRX,none,481,1,0,0,0,nan,nan,-0.8804004937410356
4,DiscNRX,none,482,1,0,0,0,nan,nan,-0.8804004937410356
4,DiscNRX,none,483,1,0,0,0,nan,nan,-0.8804004937410356
4,DiscNRX,none,484,1,0,0,0,nan,nan,-0.8804004937410356
4,DiscNRX,none,485,0,1,0,0,nan,nan,-0.8804004937410356
4,DiscNRX,none,486,1,0,0,0,nan,nan,-0.8804004937410356
4,DiscNRX,none,487,1,0,0,0,nan,nan,-0.8804004937410356
4,DiscNRX,none,488,1,0,0,0,nan,nan,-0.8804004937410356
4,DiscNRX,none,489,1,0,0,0,nan,nan,-0.8804004937410356
4,DiscNRX,none,490,1,0,0,0,nan,nan,-0.8804004937410356
4,DiscNRX,none,491,0,1,0,0,nan,nan,-0.8804004937410356
4,DiscNRX,none,492,1,0,0,0,nan,nan,-0.8804004937410356
4,DiscNRX,none,493,1,0,0,0,nan,nan,-0.8804004937410356
4,DiscNRX,none,494,1,0,0,0,nan,nan,-0.8804004937410356
4,DiscNRX,none,495,1,0,0,0,nan,nan,-0.8804004937410356
4,DiscNRX,none,496,1,0,0,0,nan,nan,-0.8804004937410356
4,DiscNRX,none,497,1,0,0,0,nan,nan,-0.8804004937410356
4,DiscNRX,none,498,1,0,0,0,nan,nan,-0.8804004937410356
4,DiscNRX,none,499,1,0,0,0,nan,nan,-0.8804004937410356
4,DiscNRX,none,500,1,0,0,0,nan,nan,-0.8804004937410356
4,DiscNRX,none,501,1,0,0,0,nan,nan,-0.8804004937410356
4,DiscNRX,none,502,0,1,0,0,nan,nan,-0.8804004937410356
4,DiscNRX,none,503,1,0,0,0,nan,nan,-0.8804004937410356
4,DiscNRX,none,504,0,1,0,0,nan,nan,-0.8804004937410356
4,DiscNRX,none,505,0,1,0,0,nan,nan,-0.8804004937410356
4,DiscNRX,none,506,1,0,0,0,nan,nan,-0.8804004937410356
4,DiscNRX,none,507,0,1,0,0,nan,nan,-0.8804004937410356
4,DiscNRX,none,508,0,1,0,0,nan,nan,-0.8804004937410356
4,DiscNRX,none,509,0,1,0,0,nan,nan,-0.8804004937410356
4,DiscNRX,none,510,1,0,0,0,nan,nan,-0.8804004937410356
4,DiscNRX,none,511,0,1,0,0,nan,nan,-0.8804004937410356
4,DiscNRX,none,512,1,0,0,0,nan,nan,-0.8804004937410356
4,DiscNRX,none,513,1,0,0,0,nan,nan,-0.8804004937410356
4,DiscNRX,none,514,0,1,0,0,nan,nan,-0.8804004937410356
4,DiscNRX,none,515,1,0,0,0,nan,nan,-0.8804004937410356
4,DiscNRX,none,516,1,0,0,0,nan,nan,-0.8804004937410356
4,DiscNRX,none,517,1,0,0,0,nan,nan,-0.8804004937410356
4,DiscNRX,none,518,1,0,0,0,nan,nan,-0.8804004937410356
4,DiscNRX,none,519,1,0,0,0,nan,nan,-0.8804004937410356
4,DiscNRX,none,520,1,0,0,0,nan,nan,-0.8804004937410356
4,DiscNRX,none,521,1,0,0,0,nan,nan,-0.8804004937410356
4,DiscNRX,none,522,1,0,0,0,nan,nan,-0.8804004937410356
4,DiscNRX,none,523,0,1,0,0,nan,nan,-0.8804004937410356
4,DiscNRX,none,524,1,0,0,0,nan,nan,-0.8804004937410356
4,DiscNRX,none,525,1,0,0,0,nan,nan,-0.8804004937410356
4,DiscNRX,none,526,0,1,0,0,nan,nan,-0.8804004937410356
4,DiscNRX,none,527,1,0,0,0,nan,nan,-0.8804004937410356
4,DiscNRX,none,528,0,1,0,0,nan,nan,-0.8804004937410356
4,DiscNRX,none,529,1,0,0,0,nan,nan,-0.8804004937410356
4,DiscNRX,none,530,1,0,0,0,nan,nan,-0.8804004937410356
4,DiscNRX,none,531,1,0,0,0,nan,nan,-0.8804004937410356
4,DiscNRX,none,532,1,0,0,0,nan,nan,-0.8804004937410356
4,DiscNRX,none,533,1,0,0,0,nan,nan,-0.8804004937410356
4,DiscNRX,none,534,1,0,0,0,nan,nan,-0.8804004937410356
4,DiscNRX,none,535,1,0,0,0,nan,nan,-0.8804004937410356
4,DiscNRX,none,536,1,0,0,0,nan,nan,-0.8804004937410356
4,DiscNRX,none,537,1,0,0,0,nan,nan,-0.8804004937410356
4,DiscNRX,none,538,1,0,0,0,nan,nan,-0.8804004937410356
4,DiscNRX,none,539,1,0,0,0,nan,nan,-0.8804004937410356
4,DiscNRX,none,540,1,0,0,0,nan,nan,-0.8804004937410356
4,DiscNRX,none,541,0,1,0,0,nan,nan,-0.8804004937410356
4,DiscNRX,none,542,1,0,0,0,nan,nan,-0.8804004937410356
4,DiscNRX,none,543,1,0,0,0,nan,nan,-0.8804004937410356
4,DiscNRX,none,544,1,0,0,0,nan,nan,-0.8804004937410356
4,DiscNRX,none,545,1,0,0,0,nan,nan,-0.8804004937410356
4,DiscNRX,none,546,0,1,0,0,nan,nan,-0.8804004937410356
4,DiscNRX,none,547,1,0,0,0,nan,nan,-0.8804004937410356
4,DiscNRX,none,548,1,0,0,0,nan,nan,-0.8804004937410356
4,DiscNRX,none,549,1,0,0,0,nan,nan,-0.8804004937410356
4,DiscNRX,none,550,1,0,0,0,nan,nan,-0.8804004937410356
4,DiscNRX,none,551,1,0,0,0,nan,nan,-0.8804004937410356
4,DiscNRX,none,552,0,1,0,0,nan,nan,-0.8804004937410356
4,DiscNRX,none,553,1,0,0,0,nan,nan,-0.8804004937410356
4,DiscNRX,none,554,1,0,0,0,nan,nan,-0.8804004937410356
4,DiscNRX,none,555,1,0,0,0,nan,nan,-0.8804004937410356
4,DiscNRX,none,556,1,0,0,0,nan,nan,-0.8804004937410356
4,DiscNRX,none,557,1,0,0,0,nan,nan,-0.8804004937410356
4,DiscNRX,none,558,1,0,0,0,nan,nan,-0.8804004937410356
4,DiscNRX,none,559,1,0,0,0,nan,nan,-0.8804004937410356
4,DiscNRX,none,560,1,0,0,0,nan,nan,-0.8804004937410356
4,DiscNRX,none,561,1,0,0,0,nan,nan,-0.8804004937410356
4,DiscNRX,none,562,1,0,0,0,nan,nan,-0.8804004937410356
4,DiscNRX,none,563,1,0,0,0,nan,nan,-0.8804004937410356
4,DiscNRX,none,564,1,0,0,0,nan,nan,-0.8804004937410356
4,DiscNRX,none,565,1,0,0,0,nan,nan,-0.8804004937410356
4,DiscNRX,none,566,1,0,0,0,nan,nan,-0.8804004937410356
4,DiscNRX,none,567,1,0,0,0,nan,nan,-0.8804004937410356
4,DiscNRX,none,568,0,1,0,0,nan,nan,-0.8804004937410356
4,DiscNRX,none,569,1,0,0,0,nan,nan,-0.8804004937410356
4,DiscNRX,none,570,1,0,0,0,nan,nan,-0.8804004937410356
4,DiscNRX,none,571,0,1,0,0,nan,nan,-0.8804004937410356
4,DiscNRX,none,572,1,0,0,0,nan,nan,-0.8804004937410356
4,DiscNRX,none,573,1,0,0,0,nan,nan,-0.8804004937410356
4,DiscNRX,none,574,1,0,0,0,nan,nan,-0.8804004937410356
4,DiscNRX,none,575,0,1,0,0,nan,nan,-0.8804004937410356
4,DiscNRX,none,576,1,0,0,0,nan,nan,-0.8804004937410356
4,DiscNRX,none,577,0,1,0,0,nan,nan,-0.8804004937410356
4,DiscNRX,none,578,1,0,0,0,nan,nan,-0.8804004937410356
4,DiscNRX,none,579,1,0,0,0,nan,nan,-0.8804004937410356
4,DiscNRX,none,580,1,0,0,0,nan,nan,-0.8804004937410356
4,DiscNRX,none,581,0,1,0,0,nan,nan,-0.8804004937410356
4,DiscNRX,none,582,0,1,0,0,nan,nan,-0.8804004937410356
4,DiscNRX,none,583,1,0,0,0,nan,nan,-0.8804004937410356
4,DiscNRX,none,584,1,0,0,0,nan,nan,-0.8804004937410356
4,DiscNRX,none,585,1,0,0,0,nan,nan,-0.8804004937410356
4,DiscNRX,none,586,1,0,0,0,nan,nan,-0.8804004937410356
4,DiscNRX,none,587,1,0,0,0,nan,nan,-0.8804004937410356
4,DiscNRX,none,588,0,1,0,0,nan,nan,-0.8804004937410356
4,DiscNRX,none,589,1,0,0,0,nan,nan,-0.8804004937410356
4,DiscNRX,none,590,1,0,0,0,nan,nan,-0.8804004937410356
4,DiscNRX,none,591,0,1,0,0,nan,nan,-0.8804004937410356
4,DiscNRX,none,592,0,1,0,0,nan,nan,-0.8804004937410356
4,DiscNRX,none,593,1,0,0,0,nan,nan,-0.8804004937410356
4,DiscNRX,none,594,1,0,0,0,nan,nan,-0.8804004937410356
4,DiscNRX,none,595,0,1,0,0,nan,nan,-0.8804004937410356
4,DiscNRX,none,596,1,0,0,0,nan,nan,-0.8804004937410356
4,DiscNRX,none,597,1,0,0,0,nan,nan,-0.8804004937410356
4,DiscNRX,none,598,1,0,0,0,nan,nan,-0.8804004937410356
4,DiscNRX,none,599,1,0,0,0,nan,nan,-0.8804004937410356
4,DiscNRX,none,600,1,0,0,0,nan,nan,-0.8804004937410356
4,DiscNRX,none,601,1,0,0,0,nan,nan,-0.8804004937410356
4,DiscNRX,none,602,0,1,0,0,nan,nan,-0.8804004937410356
4,DiscNRX,none,603,0,1,0,0,nan,nan,-0.8804004937410356
4,DiscNRX,none,604,0,1,0,0,nan,nan,-0.8804004937410356
4,DiscNRX,none,605,1,0,0,0,nan,nan,-0.8804004937410356
4,DiscNRX,none,606,1,0,0,0,nan,nan,-0.8804004937410356
4,DiscNRX,none,607,1,0,0,0,nan,nan,-0.8804004937410356
4,DiscNRX,none,608,0,1,0,0,nan,nan,-0.8804004937410356
4,DiscNRX,none,609,1,0,0,0,nan,nan,-0.8804004937410356
4,DiscNRX,none,610,1,0,0,0,nan,nan,-0.8804004937410356
4,DiscNRX,none,611,1,0,0,0,nan,nan,-0.8804004937410356
4,DiscNRX,none,612,1,0,0,0,nan,nan,-0.8804004937410356
4,DiscNRX,none,613,1,0,0,0,nan,nan,-0.8804004937410356
4,DiscNRX,none,614,1,0,0,0,nan,nan,-0.8804004937410356
4,DiscNRX,none,615,1,0,0,0,nan,nan,-0.8804004937410356
4,DiscNRX,none,616,0,1,0,0,nan,nan,-0.8804004937410356
4,DiscNRX,none,617,0,1,0,0,nan,nan,-0.8804004937410356
4,DiscNRX,none,618,1,0,0,0,nan,nan,-0.8804004937410356
4,DiscNRX,none,619,1,0,0,0,nan,nan,-0.8804004937410356
4,DiscNRX,none,620,1,0,0,0,nan,nan,-0.8804004937410356
4,DiscNRX,none,621,0,1,0,0,nan,nan,-0.8804004937410356
4,DiscNRX,none,622,1,0,0,0,nan,nan,-0.8804004937410356
4,DiscNRX,none,623,1,0,0,0,nan,nan,-0.8804004937410356
4,DiscNRX,none,624,1,0,0,0,nan,nan,-0.8804004937410356
4,DiscNRX,none,625,1,0,0,0,nan,nan,-0.8804004937410356
4,DiscNRX,none,626,0,1,0,0,nan,nan,-0.8804004937410356
4,DiscNRX,none,627,0,1,0,0,nan,nan,-0.8804004937410356
4,DiscNRX,none,628,1,0,0,0,nan,nan,-0.8804004937410356
4,DiscNRX,none,629,1,0,0,0,nan,nan,-0.8804004937410356
4,DiscNRX,none,630,0,1,0,0,nan,nan,-0.8804004937410356
4,DiscNRX,none,631,1,0,0,0,nan,nan,-0.8804004937410356
4,DiscNRX,none,632,1,0,0,0,nan,nan,-0.8804004937410356
4,DiscNRX,none,633,0,1,0,0,nan,nan,-0.8804004937410356
4,DiscNRX,none,634,1,0,0,0,nan,nan,-0.8804004937410356
4,DiscNRX,none,635,0,1,0,0,nan,nan,-0.8804004937410356
4,DiscNRX,none,636,1,0,0,0,nan,nan,-0.8804004937410356
4,DiscNRX,none,637,1,0,0,0,nan,nan,-0.8804004937410356
4,DiscNRX,none,638,1,0,0,0,nan,nan,-0.8804004937410356
4,DiscNRX,none,639,1,0,0,0,nan,nan,-0.8804004937410356
4,DiscNRX,none,640,1,0,0,0,nan,nan,-0.8804004937410356
4,DiscNRX,none,641,1,0,0,0,nan,nan,-0.8804004937410356
4,DiscNRX,none,642,0,1,0,0,nan,nan,-0.8804004937410356
4,DiscNRX,none,643,1,0,0,0,nan,nan,-0.8804004937410356
4,DiscNRX,none,644,0,1,0,0,nan,nan,-0.8804004937410356
4,DiscNRX,none,645,1,0,0,0,nan,nan,-0.8804004937410356
4,DiscNRX,none,646,1,0,0,0,nan,nan,-0.8804004937410356
4,DiscNRX,none,647,1,0,0,0,nan,nan,-0.8804004937410356
4,DiscNRX,none,648,0,1,0,0,nan,nan,-0.8804004937410356
4,DiscNRX,none,649,1,0,0,0,nan,nan,-0.8804004937410356
4,DiscNRX,none,650,0,1,0,0,nan,nan,-0.8804004937410356
4,DiscNRX,none,651,1,0,0,0,nan,nan,-0.8804004937410356
4,DiscNRX,none,652,1,0,0,0,nan,nan,-0.8804004937410356
4,DiscNRX,none,653,1,0,0,0,nan,nan,-0.8804004937410356
4,DiscNRX,none,654,1,0,0,0,nan,nan,-0.8804004937410356
4,DiscNRX,none,655,0,1,0,0,nan,nan,-0.8804004937410356
4,DiscNRX,none,656,0,1,0,0,nan,nan,-0.8804004937410356
4,DiscNRX,none,657,0,1,0,0,nan,nan,-0.8804004937410356
4,DiscNRX,none,658,1,0,0,0,nan,nan,-0.8804004937410356
4,DiscNRX,none,659,1,0,0,0,nan,nan,-0.8804004937410356
4,DiscNRX,none,660,1,0,0,0,nan,nan,-0.8804004937410356
4,DiscNRX,none,661,1,0,0,0,nan,nan,-0.8804004937410356
4,DiscNRX,none,662,0,1,0,0,nan,nan,-0.8804004937410356
4,DiscNRX,none,663,1,0,0,0,nan,nan,-0.8804004937410356
4,DiscNRX,none,664,1,0,0,0,nan,nan,-0.8804004937410356
4,DiscNRX,none,665,0,1,0,0,nan,nan,-0.8804004937410356
4,DiscNRX,none,666,1,0,0,0,nan,nan,-0.8804004937410356
4,DiscNRX,none,667,1,0,0,0,nan,nan,-0.8804004937410356
4,DiscNRX,none,668,1,0,0,0,nan,nan,-0.8804004937410356
4,DiscNRX,none,669,1,0,0,0,nan,nan,-0.8804004937410356
4,DiscNRX,none,670,1,0,0,0,nan,nan,-0.8804004937410356
4,DiscNRX,none,671,0,1,0,0,nan,nan,-0.8804004937410356
4,DiscNRX,none,672,1,0,0,0,nan,nan,-0.8804004937410356
4,DiscNRX,none,673,0,1,0,0,nan,nan,-0.8804004937410356
4,DiscNRX,none,674,1,0,0,0,nan,nan,-0.8804004937410356
4,DiscNRX,none,675,1,0,0,0,nan,nan,-0.8804004937410356
4,DiscNRX,none,676,1,0,0,0,nan,nan,-0.8804004937410356
4,DiscNRX,none,677,0,1,0,0,nan,nan,-0.8804004937410356
4,DiscNRX,none,678,1,0,0,0,nan,nan,-0.8804004937410356
4,DiscNRX,none,679,1,0,0,0,nan,nan,-0.8804004937410356
4,DiscNRX,none,680,1,0,0,0,nan,nan,-0.8804004937410356
4,DiscNRX,none,681,1,0,0,0,nan,nan,-0.8804004937410356
4,DiscNRX,none,682,1,0,0,0,nan,nan,-0.8804004937410356
4,DiscNRX,none,683,0,1,0,0,nan,nan,-0.8804004937410356
4,DiscNRX,none,684,1,0,0,0,nan,nan,-0.8804004937410356
4,DiscNRX,none,685,1,0,0,0,nan,nan,-0.8804004937410356
4,DiscNRX,none,686,0,1,0,0,nan,nan,-0.8804004937410356
4,DiscNRX,none,687,1,0,0,0,nan,nan,-0.8804004937410356
4,DiscNRX,none,688,1,0,0,0,nan,nan,-0.8804004937410356
4,DiscNRX,none,689,1,0,0,0,nan,nan,-0.8804004937410356
4,DiscNRX,none,690,1,0,0,0,nan,nan,-0.8804004937410356
4,DiscNRX,none,691,1,0,0,0,nan,nan,-0.8804004937410356
4,DiscNRX,none,692,0,1,0,0,nan,nan,-0.8804004937410356
4,DiscNRX,none,693,1,0,0,0,nan,nan,-0.8804004937410356
4,DiscNRX,none,694,1,0,0,0,nan,nan,-0.8804004937410356
4,DiscNRX,none,695,1,0,0,0,nan,nan,-0.8804004937410356
4,DiscNRX,none,696,1,0,0,0,nan,nan,-0.8804004937410356
4,DiscNRX,none,697,1,0,0,0,nan,nan,-0.8804004937410356
4,DiscNRX,none,698,1,0,0,0,nan,nan,-0.8804004937410356
4,DiscNRX,none,699,1,0,0,0,nan,nan,-0.8804004937410356
4,DiscNRX,none,700,1,0,0,0,nan,nan,-0.8804004937410356
4,DiscNRX,none,701,1,0,0,0,nan,nan,-0.8804004937410356
4,DiscNRX,none,702,1,0,0,0,nan,nan,-0.8804004937410356
4,DiscNRX,none,703,1,0,0,0,nan,nan,-0.8804004937410356
4,DiscNRX,none,704,0,1,0,0,nan,nan,-0.8804004937410356
4,DiscNRX,none,705,1,0,0,0,nan,nan,-0.8804004937410356
4,DiscNRX,none,706,0,1,0,0,nan,nan,-0.8804004937410356
4,DiscNRX,none,707,1,0,0,0,nan,nan,-0.8804004937410356
4,DiscNRX,none,708,1,0,0,0,nan,nan,-0.8804004937410356
4,DiscNRX,none,709,1,0,0,0,nan,nan,-0.8804004937410356
4,DiscNRX,none,710,1,0,0,0,nan,nan,-0.8804004937410356
4,DiscNRX,none,711,1,0,0,0,nan,nan,-0.8804004937410356
4,DiscNRX,none,712,0,1,0,0,nan,nan,-0.8804004937410356
4,DiscNRX,none,713,1,0,0,0,nan,nan,-0.8804004937410356
4,DiscNRX,none,714,0,1,0,0,nan,nan,-0.8804004937410356
4,DiscNRX,none,715,1,0,0,0,nan,nan,-0.8804004937410356
4,DiscNRX,none,716,1,0,0,0,nan,nan,-0.8804004937410356
4,DiscNRX,none,717,1,0,0,0,nan,nan,-0.8804004937410356
4,DiscNRX,none,718,0,1,0,0,nan,nan,-0.8804004937410356
4,DiscNRX,none,719,1,0,0,0,nan,nan,-0.8804004937410356
4,DiscNRX,none,720,1,0,0,0,nan,nan,-0.8804004937410356
4,DiscNRX,none,721,1,0,0,0,nan,nan,-0.8804004937410356
4,DiscNRX,none,722,1,0,0,0,nan,nan,-0.8804004937410356
4,DiscNRX,none,723,1,0,0,0,nan,nan,-0.8804004937410356
4,DiscNRX,none,724,0,1,0,0,nan,nan,-0.8804004937410356
4,DiscNRX,none,725,0,1,0,0,nan,nan,-0.8804004937410356
4,DiscNRX,none,726,1,0,0,0,nan,nan,-0.8804004937410356
4,DiscNRX,none,727,0,1,0,0,nan,nan,-0.8804004937410356
4,DiscNRX,none,728,1,0,0,0,nan,nan,-0.8804004937410356
4,DiscNRX,none,729,1,0,0,0,nan,nan,-0.8804004937410356
4,DiscNRX,none,730,1,0,0,0,nan,nan,-0.8804004937410356
4,DiscNRX,none,731,1,0,0,0,nan,nan,-0.8804004937410356
4,DiscNRX,none,732,1,0,0,0,nan,nan,-0.8804004937410356
4,DiscNRX,none,733,1,0,0,0,nan,nan,-0.8804004937410356
4,DiscNRX,none,734,1,0,0,0,nan,nan,-0.8804004937410356
4,DiscNRX,none,735,1,0,0,0,nan,nan,-0.8804004937410356
4,DiscNRX,none,736,1,0,0,0,nan,nan,-0.8804004937410356
4,DiscNRX,none,737,1,0,0,0,nan,nan,-0.8804004937410356
4,DiscNRX,none,738,1,0,0,0,nan,nan,-0.8804004937410356
4,DiscNRX,none,739,1,0,0,0,nan,nan,-0.8804004937410356
4,DiscNRX,none,740,1,0,0,0,nan,nan,-0.8804004937410356
4,DiscNRX,none,741,0,1,0,0,nan,nan,-0.8804004937410356
4,DiscNRX,none,742,0,1,0,0,nan,nan,-0.8804004937410356
4,DiscNRX,none,743,1,0,0,0,nan,nan,-0.8804004937410356
4,DiscNRX,none,744,0,1,0,0,nan,nan,-0.8804004937410356
4,DiscNRX,none,745,0,1,0,0,nan,nan,-0.8804004937410356
4,DiscNRX,none,746,1,0,0,0,nan,nan,-0.8804004937410356
4,DiscNRX,none,747,1,0,0,0,nan,nan,-0.8804004937410356
4,DiscNRX,none,748,1,0,0,0,nan,nan,-0.8804004937410356
4,DiscNRX,none,749,0,1,0,0,nan,nan,-0.8804004937410356
4,DiscNRX,none,750,1,0,0,0,nan,nan,-0.8804004937410356
4,DiscNRX,none,751,1,0,0,0,nan,nan,-0.8804004937410356
4,DiscNRX,none,752,1,0,0,0,nan,nan,-0.8804004937410356
4,DiscNRX,none,753,1,0,0,0,nan,nan,-0.8804004937410356
4,DiscNRX,none,754,1,0,0,0,nan,nan,-0.8804004937410356
4,DiscNRX,none,755,1,0,0,0,nan,nan,-0.8804004937410356
4,DiscNRX,none,756,1,0,0,0,nan,nan,-0.8804004937410356
4,DiscNRX,none,757,1,0,0,0,nan,nan,-0.8804004937410356
4,DiscNRX,none,758,1,0,0,0,nan,nan,-0.8804004937410356
4,DiscNRX,none,759,1,0,0,0,nan,nan,-0.8804004937410356
4,DiscNRX,none,760,1,0,0,0,nan,nan,-0.8804004937410356
4,DiscNRX,none,761,0,1,0,0,nan,nan,-0.8804004937410356
4,DiscNRX,none,762,1,0,0,0,nan,nan,-0.8804004937410356
4,DiscNRX,none,763,1,0,0,0,nan,nan,-0.8804004937410356
4,DiscNRX,none,764,1,0,0,0,nan,nan,-0.8804004937410356
4,DiscNRX,none,765,0,1,0,0,nan,nan,-0.8804004937410356
4,DiscNRX,none,766,1,0,0,0,nan,nan,-0.8804004937410356
4,DiscNRX,none,767,0,1,0,0,nan,nan,-0.8804004937410356
4,DiscNRX,none,768,1,0,0,0,nan,nan,-0.8804004937410356
4,DiscNRX,none,769,1,0,0,0,nan,nan,-0.8804004937410356
4,DiscNRX,none,770,1,0,0,0,nan,nan,-0.8804004937410356
4,DiscNRX,none,771,1,0,0,0,nan,nan,-0.8804004937410356
4,DiscNRX,none,772,1,0,0,0,nan,nan,-0.8804004937410356
4,DiscNRX,none,773,0,1,0,0,nan,nan,-0.8804004937410356
4,DiscNRX,none,774,0,1,0,0,nan,nan,-0.8804004937410356
4,DiscNRX,none,775,0,1,0,0,nan,nan,-0.8804004937410356
4,DiscNRX,none,776,1,0,0,0,nan,nan,-0.8804004937410356
4,DiscNRX,none,777,1,0,0,0,nan,nan,-0.8804004937410356
4,DiscNRX,none,778,1,0,0,0,nan,nan,-0.8804004937410356
4,DiscNRX,none,779,1,0,0,0,nan,nan,-0.8804004937410356
4,DiscNRX,none,780,1,0,0,0,nan,nan,-0.8804004937410356
4,DiscNRX,none,781,0,1,0,0,nan,nan,-0.8804004937410356
4,DiscNRX,none,782,0,1,0,0,nan,nan,-0.8804004937410356
4,DiscNRX,none,783,1,0,0,0,nan,nan,-0.8804004937410356
4,DiscNRX,none,784,1,0,0,0,nan,nan,-0.8804004937410356
4,DiscNRX,none,785,1,0,0,0,nan,nan,-0.8804004937410356
4,DiscNRX,none,786,1,0,0,0,nan,nan,-0.8804004937410356
4,DiscNRX,none,787,1,0,0,0,nan,nan,-0.8804004937410356
4,DiscNRX,none,788,0,1,0,0,nan,nan,-0.8804004937410356
4,DiscNRX,none,789,1,0,0,0,nan,nan,-0.8804004937410356
4,DiscNRX,none,790,1,0,0,0,nan,nan,-0.8804004937410356
4,DiscNRX,none,791,1,0,0,0,nan,nan,-0.8804004937410356
4,DiscNRX,none,792,1,0,0,0,nan,nan,-0.8804004937410356
4,DiscNRX,none,793,0,1,0,0,nan,nan,-0.8804004937410356
4,DiscNRX,none,794,0,1,0,0,nan,nan,-0.8804004937410356
4,DiscNRX,none,795,1,0,0,0,nan,nan,-0.8804004937410356
4,DiscNRX,none,796,0,1,0,0,nan,nan,-0.8804004937410356
4,DiscNRX,none,797,1,0,0,0,nan,nan,-0.8804004937410356
4,DiscNRX,none,798,0,1,0,0,nan,nan,-0.8804004937410356
4,DiscNRX,none,799,1,0,0,0,nan,nan,-0.8804004937410356
4,DiscNRX,none,800,1,0,0,0,nan,nan,-0.8804004937410356
4,DiscNRX,none,801,1,0,0,0,nan,nan,-0.8804004937410356
4,DiscNRX,none,802,1,0,0,0,nan,nan,-0.8804004937410356
4,DiscNRX,none,803,1,0,0,0,nan,nan,-0.8804004937410356
4,DiscNRX,none,804,1,0,0,0,nan,nan,-0.8804004937410356
4,DiscNRX,none,805,1,0,0,0,nan,nan,-0.8804004937410356
4,DiscNRX,none,806,1,0,0,0,nan,nan,-0.8804004937410356
4,DiscNRX,none,807,1,0,0,0,nan,nan,-0.8804004937410356
4,DiscNRX,none,808,1,0,0,0,nan,nan,-0.8804004937410356
4,DiscNRX,none,809,0,1,0,0,nan,nan,-0.8804004937410356
4,DiscNRX,none,810,0,1,0,0,nan,nan,-0.8804004937410356
4,DiscNRX,none,811,0,1,0,0,nan,nan,-0.8804004937410356
4,DiscNRX,none,812,0,1,0,0,nan,nan,-0.8804004937410356
4,DiscNRX,none,813,1,0,0,0,nan,nan,-0.8804004937410356
4,DiscNRX,none,814,0,1,0,0,nan,nan,-0.8804004937410356
4,DiscNRX,none,815,0,1,0,0,nan,nan,-0.8804004937410356
4,DiscNRX,none,816,1,0,0,0,nan,nan,-0.8804004937410356
4,DiscNRX,none,817,1,0,0,0,nan,nan,-0.8804004937410356
4,DiscNRX,none,818,1,0,0,0,nan,nan,-0.8804004937410356
4,DiscNRX,none,819,1,0,0,0,nan,nan,-0.8804004937410356
4,DiscNRX,none,820,0,1,0,0,nan,nan,-0.8804004937410356
4,DiscNRX,none,821,1,0,0,0,nan,nan,-0.8804004937410356
4,DiscNRX,none,822,1,0,0,0,nan,nan,-0.8804004937410356
4,DiscNRX,none,823,0,1,0,0,nan,nan,-0.8804004937410356
4,DiscNRX,none,824,0,1,0,0,nan,nan,-0.8804004937410356
4,DiscNRX,none,825,1,0,0,0,nan,nan,-0.8804004937410356
4,DiscNRX,none,826,1,0,0,0,nan,nan,-0.8804004937410356
4,DiscNRX,none,827,1,0,0,0,nan,nan,-0.8804004937410356
4,DiscNRX,none,828,1,0,0,0,nan,nan,-0.8804004937410356
4,DiscNRX,none,829,1,0,0,0,nan,nan,-0.8804004937410356
4,DiscNRX,none,830,0,1,0,0,nan,nan,-0.8804004937410356
4,DiscNRX,none,831,1,0,0,0,nan,nan,-0.8804004937410356
4,DiscNRX,none,832,1,0,0,0,nan,nan,-0.8804004937410356
4,DiscNRX,none,833,1,0,0,0,nan,nan,-0.8804004937410356
4,DiscNRX,none,834,0,1,0,0,nan,nan,-0.8804004937410356
4,DiscNRX,none,835,1,0,0,0,nan,nan,-0.8804004937410356
4,DiscNRX,none,836,0,1,0,0,nan,nan,-0.8804004937410356
4,DiscNRX,none,837,0,1,0,0,nan,nan,-0.8804004937410356
4,DiscNRX,none,838,1,0,0,0,nan,nan,-0.8804004937410356
4,DiscNRX,none,839,1,0,0,0,nan,nan,-0.8804004937410356
4,DiscNRX,none,840,0,1,0,0,nan,nan,-0.8804004937410356
4,DiscNRX,none,841,1,0,0,0,nan,nan,-0.8804004937410356
4,DiscNRX,none,842,0,1,0,0,nan,nan,-0.8804004937410356
4,DiscNRX,none,843,0,1,0,0,nan,nan,-0.8804004937410356
4,DiscNRX,none,844,0,1,0,0,nan,nan,-0.8804004937410356
4,DiscNRX,none,845,1,0,0,0,nan,nan,-0.8804004937410356
4,DiscNRX,none,846,0,1,0,0,nan,nan,-0.8804004937410356
4,DiscNRX,none,847,1,0,0,0,nan,nan,-0.8804004937410356
4,DiscNRX,none,848,1,0,0,0,nan,nan,-0.8804004937410356
4,DiscNRX,none,849,1,0,0,0,nan,nan,-0.8804004937410356
4,DiscNRX,none,850,1,0,0,0,nan,nan,-0.8804004937410356
4,DiscNRX,none,851,1,0,0,0,nan,nan,-0.8804004937410356
4,DiscNRX,none,852,1,0,0,0,nan,nan,-0.8804004937410356
4,DiscNRX,none,853,1,0,0,0,nan,nan,-0.8804004937410356
4,DiscNRX,none,854,1,0,0,0,nan,nan,-0.8804004937410356
4,DiscNRX,none,855,0,1,0,0,nan,nan,-0.8804004937410356
4,DiscNRX,none,856,1,0,0,0,nan,nan,-0.8804004937410356
4,DiscNRX,none,857,1,0,0,0,nan,nan,-0.8804004937410356
4,DiscNRX,none,858,0,1,0,0,nan,nan,-0.8804004937410356
4,DiscNRX,none,859,1,0,0,0,nan,nan,-0.8804004937410356
4,DiscNRX,none,860,1,0,0,0,nan,nan,-0.8804004937410356
4,DiscNRX,none,861,1,0,0,0,nan,nan,-0.8804004937410356
4,DiscNRX,none,862,0,1,0,0,nan,nan,-0.8804004937410356
4,DiscNRX,none,863,1,0,0,0,nan,nan,-0.8804004937410356
4,DiscNRX,none,864,1,0,0,0,nan,nan,-0.8804004937410356
4,DiscNRX,none,865,0,1,0,0,nan,nan,-0.8804004937410356
4,DiscNRX,none,866,1,0,0,0,nan,nan,-0.8804004937410356
4,DiscNRX,none,867,1,0,0,0,nan,nan,-0.8804004937410356
4,DiscNRX,none,868,1,0,0,0,nan,nan,-0.8804004937410356
4,DiscNRX,none,869,1,0,0,0,nan,nan,-0.8804004937410356
4,DiscNRX,none,870,1,0,0,0,nan,nan,-0.8804004937410356
4,DiscNRX,none,871,1,0,0,0,nan,nan,-0.8804004937410356
4,DiscNRX,none,872,0,1,0,0,nan,nan,-0.8804004937410356
4,DiscNRX,none,873,1,0,0,0,nan,nan,-0.8804004937410356
4,DiscNRX,none,874,1,0,0,0,nan,nan,-0.8804004937410356
4,DiscNRX,none,875,1,0,0,0,nan,nan,-0.8804004937410356
4,DiscNRX,none,876,1,0,0,0,nan,nan,-0.8804004937410356
4,DiscNRX,none,877,1,0,0,0,nan,nan,-0.8804004937410356
4,DiscNRX,none,878,1,0,0,0,nan,nan,-0.8804004937410356
4,DiscNRX,none,879,0,1,0,0,nan,nan,-0.8804004937410356
4,DiscNRX,none,880,1,0,0,0,nan,nan,-0.8804004937410356
4,DiscNRX,none,881,1,0,0,0,nan,nan,-0.8804004937410356
4,DiscNRX,none,882,1,0,0,0,nan,nan,-0.8804004937410356
4,DiscNRX,none,883,1,0,0,0,nan,nan,-0.8804004937410356
4,DiscNRX,none,884,1,0,0,0,nan,nan,-0.8804004937410356
4,DiscNRX,none,885,1,0,0,0,nan,nan,-0.8804004937410356
4,DiscNRX,none,886,1,0,0,0,nan,nan,-0.8804004937410356
4,DiscNRX,none,887,0,1,0,0,nan,nan,-0.8804004937410356
4,DiscNRX,none,888,0,1,0,0,nan,nan,-0.8804004937410356
4,DiscNRX,none,889,1,0,0,0,nan,nan,-0.8804004937410356
4,DiscNRX,none,890,1,0,0,0,nan,nan,-0.8804004937410356
4,DiscNRX,none,891,1,0,0,0,nan,nan,-0.8804004937410356
4,DiscNRX,none,892,0,1,0,0,nan,nan,-0.8804004937410356
4,DiscNRX,none,893,1,0,0,0,nan,nan,-0.8804004937410356
4,DiscNRX,none,894,1,0,0,0,nan,nan,-0.8804004937410356
4,DiscNRX,none,895,1,0,0,0,nan,nan,-0.8804004937410356
4,DiscNRX,none,896,1,0,0,0,nan,nan,-0.8804004937410356
4,DiscNRX,none,897,1,0,0,0,nan,nan,-0.8804004937410356
4,DiscNRX,none,898,1,0,0,0,nan,nan,-0.8804004937410356
4,DiscNRX,none,899,0,1,0,0,nan,nan,-0.8804004937410356
4,DiscNRX,none,900,1,0,0,0,nan,nan,-0.8804004937410356
4,DiscNRX,none,901,0,1,0,0,nan,nan,-0.8804004937410356
4,DiscNRX,none,902,1,0,0,0,nan,nan,-0.8804004937410356
4,DiscNRX,none,903,0,1,0,0,nan,nan,-0.8804004937410356
4,DiscNRX,none,904,1,0,0,0,nan,nan,-0.8804004937410356
4,DiscNRX,none,905,1,0,0,0,nan,nan,-0.8804004937410356
4,DiscNRX,none,906,0,1,0,0,nan,nan,-0.8804004937410356
4,DiscNRX,none,907,1,0,0,0,nan,nan,-0.8804004937410356
4,DiscNRX,none,908,1,0,0,0,nan,nan,-0.8804004937410356
4,DiscNRX,none,909,1,0,0,0,nan,nan,-0.8804004937410356
4,DiscNRX,none,910,1,0,0,0,nan,nan,-0.8804004937410356
4,DiscNRX,none,911,1,0,0,0,nan,nan,-0.8804004937410356
4,DiscNRX,none,912,1,0,0,0,nan,nan,-0.8804004937410356
4,DiscNRX,none,913,1,0,0,0,nan,nan,-0.8804004937410356
4,DiscNRX,none,914,0,1,0,0,nan,nan,-0.8804004937410356
4,DiscNRX,none,915,1,0,0,0,nan,nan,-0.8804004937410356
4,DiscNRX,none,916,1,0,0,0,nan,nan,-0.8804004937410356
4,DiscNRX,none,917,1,0,0,0,nan,nan,-0.8804004937410356
4,DiscNRX,none,918,0,1,0,0,nan,nan,-0.8804004937410356
4,DiscNRX,none,919,0,1,0,0,nan,nan,-0.8804004937410356
4,DiscNRX,none,920,0,1,0,0,nan,nan,-0.8804004937410356
4,DiscNRX,none,921,1,0,0,0,nan,nan,-0.8804004937410356
4,DiscNRX,none,922,1,0,0,0,nan,nan,-0.8804004937410356
4,DiscNRX,none,923,1,0,0,0,nan,nan,-0.8804004937410356
4,DiscNRX,none,924,1,0,0,0,nan,nan,-0.8804004937410356
4,DiscNRX,none,925,0,1,0,0,nan,nan,-0.8804004937410356
4,DiscNRX,none,926,1,0,0,0,nan,nan,-0.8804004937410356
4,DiscNRX,none,927,1,0,0,0,nan,nan,-0.8804004937410356
4,DiscNRX,none,928,1,0,0,0,nan,nan,-0.8804004937410356
4,DiscNRX,none,929,0,1,0,0,nan,nan,-0.8804004937410356
4,DiscNRX,none,930,1,0,0,0,nan,nan,-0.8804004937410356
4,DiscNRX,none,931,0,1,0,0,nan,nan,-0.8804004937410356
4,DiscNRX,none,932,1,0,0,0,nan,nan,-0.8804004937410356
4,DiscNRX,none,933,1,0,0,0,nan,nan,-0.8804004937410356
4,DiscNRX,none,934,1,0,0,0,nan,nan,-0.8804004937410356
4,DiscNRX,none,935,0,1,0,0,nan,nan,-0.8804004937410356
4,DiscNRX,none,936,1,0,0,0,nan,nan,-0.8804004937410356
4,DiscNRX,none,937,1,0,0,0,nan,nan,-0.8804004937410356
4,DiscNRX,none,938,1,0,0,0,nan,nan,-0.8804004937410356
4,DiscNRX,none,939,1,0,0,0,nan,nan,-0.8804004937410356
4,DiscNRX,none,940,1,0,0,0,nan,nan,-0.8804004937410356
4,DiscNRX,none,941,0,1,0,0,nan,nan,-0.8804004937410356
4,DiscNRX,none,942,0,1,0,0,nan,nan,-0.8804004937410356
4,DiscNRX,none,943,0,1,0,0,nan,nan,-0.8804004937410356
4,DiscNRX,none,944,0,1,0,0,nan,nan,-0.8804004937410356
4,DiscNRX,none,945,1,0,0,0,nan,nan,-0.8804004937410356
4,DiscNRX,none,946,0,1,0,0,nan,nan,-0.8804004937410356
4,DiscNRX,none,947,1,0,0,0,nan,nan,-0.8804004937410356
4,DiscNRX,none,948,0,1,0,0,nan,nan,-0.8804004937410356
4,DiscNRX,none,949,1,0,0,0,nan,nan,-0.8804004937410356
4,DiscNRX,none,950,1,0,0,0,nan,nan,-0.8804004937410356
4,DiscNRX,none,951,1,0,0,0,nan,nan,-0.8804004937410356
4,DiscNRX,none,952,1,0,0,0,nan,nan,-0.8804004937410356
4,DiscNRX,none,953,1,0,0,0,nan,nan,-0.8804004937410356
4,DiscNRX,none,954,0,1,0,0,nan,nan,-0.8804004937410356
4,DiscNRX,none,955,1,0,0,0,nan,nan,-0.8804004937410356
4,DiscNRX,none,956,1,0,0,0,nan,nan,-0.8804004937410356
4,DiscNRX,none,957,0,1,0,0,nan,nan,-0.8804004937410356
4,DiscNRX,none,958,0,1,0,0,nan,nan,-0.8804004937410356
4,DiscNRX,none,959,1,0,0,0,nan,nan,-0.8804004937410356
4,DiscNRX,none,960,1,0,0,0,nan,nan,-0.8804004937410356
4,DiscNRX,none,961,0,1,0,0,nan,nan,-0.8804004937410356
4,DiscNRX,none,962,1,0,0,0,nan,nan,-0.8804004937410356
4,DiscNRX,none,963,1,0,0,0,nan,nan,-0.8804004937410356
4,DiscNRX,none,964,1,0,0,0,nan,nan,-0.8804004937410356
4,DiscNRX,none,965,0,1,0,0,nan,nan,-0.8804004937410356
4,DiscNRX,none,966,1,0,0,0,nan,nan,-0.8804004937410356
4,DiscNRX,none,967,1,0,0,0,nan,nan,-0.8804004937410356
4,DiscNRX,none,968,1,0,0,0,nan,nan,-0.8804004937410356
4,DiscNRX,none,969,1,0,0,0,nan,nan,-0.8804004937410356
4,DiscNRX,none,970,0,1,0,0,nan,nan,-0.8804004937410356
4,DiscNRX,none,971,1,0,0,0,nan,nan,-0.8804004937410356
4,DiscNRX,none,972,1,0,0,0,nan,nan,-0.8804004937410356
4,DiscNRX,none,973,0,1,0,0,nan,nan,-0.8804004937410356
4,DiscNRX,none,974,0,1,0,0,nan,nan,-0.8804004937410356
4,DiscNRX,none,975,1,0,0,0,nan,nan,-0.8804004937410356
4,DiscNRX,none,976,1,0,0,0,nan,nan,-0.8804004937410356
4,DiscNRX,none,977,0,1,0,0,nan,nan,-0.8804004937410356
4,DiscNRX,none,978,1,0,0,0,nan,nan,-0.8804004937410356
4,DiscNRX,none,979,1,0,0,0,nan,nan,-0.8804004937410356
4,DiscNRX,none,980,0,1,0,0,nan,nan,-0.8804004937410356
4,DiscNRX,none,981,1,0,0,0,nan,nan,-0.8804004937410356
4,DiscNRX,none,982,1,0,0,0,nan,nan,-0.8804004937410356
4,DiscNRX,none,983,0,1,0,0,nan,nan,-0.8804004937410356
4,DiscNRX,none,984,0,1,0,0,nan,nan,-0.8804004937410356
4,DiscNRX,none,985,1,0,0,0,nan,nan,-0.8804004937410356
4,DiscNRX,none,986,1,0,0,0,nan,nan,-0.8804004937410356
4,DiscNRX,none,987,1,0,0,0,nan,nan,-0.8804004937410356
4,DiscNRX,none,988,0,1,0,0,nan,nan,-0.8804004937410356
4,DiscNRX,none,989,1,0,0,0,nan,nan,-0.8804004937410356
4,DiscNRX,none,990,0,1,0,0,nan,nan,-0.8804004937410356
4,DiscNRX,none,991,0,1,0,0,nan,nan,-0.8804004937410356
4,DiscNRX,none,992,1,0,0,0,nan,nan,-0.8804004937410356
4,DiscNRX,none,993,1,0,0,0,nan,nan,-0.8804004937410356
4,DiscNRX,none,994,0,1,0,0,nan,nan,-0.8804004937410356
4,DiscNRX,none,995,1,0,0,0,nan,nan,-0.8804004937410356
4,DiscNRX,none,996,1,0,0,0,nan,nan,-0.8804004937410356
4,DiscNRX,none,997,1,0,0,0,nan,nan,-0.8804004937410356
4,DiscNRX,none,998,1,0,0,0,nan,nan,-0.8804004937410356
4,DiscNRX,none,999,1,0,0,0,nan,nan,-0.8804004937410356
4,DiscNRX,ungated,0,1,0,0,1,33.533900000293215,nan,-0.8804004937410356
4,DiscNRX,ungated,1,1,0,0,1,21.11400000012509,nan,-0.8804004937410356
4,DiscNRX,ungated,2,1,0,0,1,19.168099999660626,nan,-0.8804004937410356
4,DiscNRX,ungated,3,1,0,0,1,18.742999999631138,nan,-0.8804004937410356
4,DiscNRX,ungated,4,1,0,0,1,19.122100000458886,nan,-0.8804004937410356
4,DiscNRX,ungated,5,1,0,0,1,21.441500000037195,nan,-0.8804004937410356
4,DiscNRX,ungated,6,1,0,0,1,21.034499999586842,nan,-0.8804004937410356
4,DiscNRX,ungated,7,1,0,0,1,19.497400000545895,nan,-0.8804004937410356
4,DiscNRX,ungated,8,1,0,0,1,22.109999999884167,nan,-0.8804004937410356
4,DiscNRX,ungated,9,1,0,0,1,20.879599999716447,nan,-0.8804004937410356
4,DiscNRX,ungated,10,1,0,0,1,18.00009999988106,nan,-0.8804004937410356
4,DiscNRX,ungated,11,1,0,0,1,36.299700000199664,nan,-0.8804004937410356
4,DiscNRX,ungated,12,1,0,0,1,19.945500000176253,nan,-0.8804004937410356
4,DiscNRX,ungated,13,1,0,0,1,19.151500000589294,nan,-0.8804004937410356
4,DiscNRX,ungated,14,1,0,0,1,21.208500000284403,nan,-0.8804004937410356
4,DiscNRX,ungated,15,1,0,0,1,22.509000000354717,nan,-0.8804004937410356
4,DiscNRX,ungated,16,1,0,0,1,27.37070000057429,nan,-0.8804004937410356
4,DiscNRX,ungated,17,1,0,0,1,22.865900000397232,nan,-0.8804004937410356
4,DiscNRX,ungated,18,1,0,0,1,22.429100000408653,nan,-0.8804004937410356
4,DiscNRX,ungated,19,1,0,0,1,28.27530000013212,nan,-0.8804004937410356
4,DiscNRX,ungated,20,1,0,0,1,21.636899999975867,nan,-0.8804004937410356
4,DiscNRX,ungated,21,1,0,0,1,22.004200000083074,nan,-0.8804004937410356
4,DiscNRX,ungated,22,1,0,0,1,22.52130000033503,nan,-0.8804004937410356
4,DiscNRX,ungated,23,1,0,0,1,21.692199999961304,nan,-0.8804004937410356
4,DiscNRX,ungated,24,1,0,0,1,19.855799999277224,nan,-0.8804004937410356
4,DiscNRX,ungated,25,1,0,0,1,21.236200000203098,nan,-0.8804004937410356
4,DiscNRX,ungated,26,1,0,0,1,21.746899999925517,nan,-0.8804004937410356
4,DiscNRX,ungated,27,1,0,0,1,17.116700000769924,nan,-0.8804004937410356
4,DiscNRX,ungated,28,1,0,0,1,19.75540000057663,nan,-0.8804004937410356
4,DiscNRX,ungated,29,1,0,0,1,20.89369999976043,nan,-0.8804004937410356
4,DiscNRX,ungated,30,1,0,0,1,20.588999999745283,nan,-0.8804004937410356
4,DiscNRX,ungated,31,1,0,0,1,20.314500000495173,nan,-0.8804004937410356
4,DiscNRX,ungated,32,1,0,0,1,21.904799999902025,nan,-0.8804004937410356
4,DiscNRX,ungated,33,1,0,0,1,21.12940000006347,nan,-0.8804004937410356
4,DiscNRX,ungated,34,1,0,0,1,18.643299999894225,nan,-0.8804004937410356
4,DiscNRX,ungated,35,1,0,0,1,21.277599999848462,nan,-0.8804004937410356
4,DiscNRX,ungated,36,1,0,0,1,20.132399999965855,nan,-0.8804004937410356
4,DiscNRX,ungated,37,1,0,0,1,21.61530000012135,nan,-0.8804004937410356
4,DiscNRX,ungated,38,1,0,0,1,19.236699999964912,nan,-0.8804004937410356
4,DiscNRX,ungated,39,1,0,0,1,18.624699999236327,nan,-0.8804004937410356
4,DiscNRX,ungated,40,1,0,0,1,18.446899999617017,nan,-0.8804004937410356
4,DiscNRX,ungated,41,1,0,0,1,18.31300000048941,nan,-0.8804004937410356
4,DiscNRX,ungated,42,1,0,0,1,21.867599999495724,nan,-0.8804004937410356
4,DiscNRX,ungated,43,1,0,0,1,21.12400000078196,nan,-0.8804004937410356
4,DiscNRX,ungated,44,1,0,0,1,20.163299999694573,nan,-0.8804004937410356
4,DiscNRX,ungated,45,1,0,0,1,22.320400000353402,nan,-0.8804004937410356
4,DiscNRX,ungated,46,1,0,0,1,23.45659999991767,nan,-0.8804004937410356
4,DiscNRX,ungated,47,1,0,0,1,23.25710000059189,nan,-0.8804004937410356
4,DiscNRX,ungated,48,1,0,0,1,27.20580000004702,nan,-0.8804004937410356
4,DiscNRX,ungated,49,1,0,0,1,19.81030000024475,nan,-0.8804004937410356
4,DiscNRX,ungated,50,1,0,0,1,17.354399999931047,nan,-0.8804004937410356
4,DiscNRX,ungated,51,1,0,0,1,23.13479999975243,nan,-0.8804004937410356
4,DiscNRX,ungated,52,1,0,0,1,19.70149999942805,nan,-0.8804004937410356
4,DiscNRX,ungated,53,1,0,0,1,19.03539999966597,nan,-0.8804004937410356
4,DiscNRX,ungated,54,1,0,0,1,20.938900000146532,nan,-0.8804004937410356
4,DiscNRX,ungated,55,1,0,0,1,19.963300000199524,nan,-0.8804004937410356
4,DiscNRX,ungated,56,1,0,0,1,19.236999999520776,nan,-0.8804004937410356
4,DiscNRX,ungated,57,1,0,0,1,18.635100000210514,nan,-0.8804004937410356
4,DiscNRX,ungated,58,1,0,0,1,20.860999999968044,nan,-0.8804004937410356
4,DiscNRX,ungated,59,1,0,0,1,16.97650000005524,nan,-0.8804004937410356
4,DiscNRX,ungated,60,1,0,0,1,19.169099999999162,nan,-0.8804004937410356
4,DiscNRX,ungated,61,1,0,0,1,21.064699999442382,nan,-0.8804004937410356
4,DiscNRX,ungated,62,1,0,0,1,19.171599999936006,nan,-0.8804004937410356
4,DiscNRX,ungated,63,1,0,0,1,20.4702000000907,nan,-0.8804004937410356
4,DiscNRX,ungated,64,1,0,0,1,20.25709999998071,nan,-0.8804004937410356
4,DiscNRX,ungated,65,1,0,0,1,19.004300000233343,nan,-0.8804004937410356
4,DiscNRX,ungated,66,1,0,0,1,20.67239999996673,nan,-0.8804004937410356
4,DiscNRX,ungated,67,1,0,0,1,19.116999999823747,nan,-0.8804004937410356
4,DiscNRX,ungated,68,1,0,0,1,19.38609999979235,nan,-0.8804004937410356
4,DiscNRX,ungated,69,1,0,0,1,18.859700000575685,nan,-0.8804004937410356
4,DiscNRX,ungated,70,1,0,0,1,20.00529999986611,nan,-0.8804004937410356
4,DiscNRX,ungated,71,1,0,0,1,19.675200000165205,nan,-0.8804004937410356
4,DiscNRX,ungated,72,1,0,0,1,19.302800000332354,nan,-0.8804004937410356
4,DiscNRX,ungated,73,1,0,0,1,19.577999999455642,nan,-0.8804004937410356
4,DiscNRX,ungated,74,1,0,0,1,17.90069999970001,nan,-0.8804004937410356
4,DiscNRX,ungated,75,1,0,0,1,20.839300000261574,nan,-0.8804004937410356
4,DiscNRX,ungated,76,1,0,0,1,20.531499999378866,nan,-0.8804004937410356
4,DiscNRX,ungated,77,1,0,0,1,20.037600000250677,nan,-0.8804004937410356
4,DiscNRX,ungated,78,1,0,0,1,17.023400000653055,nan,-0.8804004937410356
4,DiscNRX,ungated,79,1,0,0,1,19.77800000076968,nan,-0.8804004937410356
4,DiscNRX,ungated,80,1,0,0,1,20.653699999456876,nan,-0.8804004937410356
4,DiscNRX,ungated,81,1,0,0,1,18.973000000187312,nan,-0.8804004937410356
4,DiscNRX,ungated,82,1,0,0,1,20.95409999947151,nan,-0.8804004937410356
4,DiscNRX,ungated,83,1,0,0,1,19.904599999790662,nan,-0.8804004937410356
4,DiscNRX,ungated,84,1,0,0,1,20.730299999740964,nan,-0.8804004937410356
4,DiscNRX,ungated,85,1,0,0,1,19.019899999875634,nan,-0.8804004937410356
4,DiscNRX,ungated,86,1,0,0,1,19.842400000015914,nan,-0.8804004937410356
4,DiscNRX,ungated,87,1,0,0,1,19.288700000288372,nan,-0.8804004937410356
4,DiscNRX,ungated,88,1,0,0,1,21.498399999472895,nan,-0.8804004937410356
4,DiscNRX,ungated,89,1,0,0,1,15.202900000076625,nan,-0.8804004937410356
4,DiscNRX,ungated,90,1,0,0,1,21.165099999961967,nan,-0.8804004937410356
4,DiscNRX,ungated,91,1,0,0,1,19.525599999724363,nan,-0.8804004937410356
4,DiscNRX,ungated,92,1,0,0,1,18.500700000004144,nan,-0.8804004937410356
4,DiscNRX,ungated,93,1,0,0,1,19.500800000059826,nan,-0.8804004937410356
4,DiscNRX,ungated,94,1,0,0,1,18.730499999946915,nan,-0.8804004937410356
4,DiscNRX,ungated,95,1,0,0,1,19.340599999850383,nan,-0.8804004937410356
4,DiscNRX,ungated,96,1,0,0,1,17.87849999982427,nan,-0.8804004937410356
4,DiscNRX,ungated,97,1,0,0,1,20.03309999963676,nan,-0.8804004937410356
4,DiscNRX,ungated,98,1,0,0,1,18.878800000493356,nan,-0.8804004937410356
4,DiscNRX,ungated,99,1,0,0,1,20.081699999536795,nan,-0.8804004937410356
4,DiscNRX,ungated,100,1,0,0,1,21.5782000004765,nan,-0.8804004937410356
4,DiscNRX,ungated,101,1,0,0,1,17.941800000699004,nan,-0.8804004937410356
4,DiscNRX,ungated,102,1,0,0,1,20.795699999325734,nan,-0.8804004937410356
4,DiscNRX,ungated,103,1,0,0,1,16.225500000473403,nan,-0.8804004937410356
4,DiscNRX,ungated,104,1,0,0,1,19.159300000865187,nan,-0.8804004937410356
4,DiscNRX,ungated,105,1,0,0,1,18.70520000011311,nan,-0.8804004937410356
4,DiscNRX,ungated,106,1,0,0,1,21.34420000038517,nan,-0.8804004937410356
4,DiscNRX,ungated,107,1,0,0,1,19.461799999589857,nan,-0.8804004937410356
4,DiscNRX,ungated,108,1,0,0,1,19.5333000001483,nan,-0.8804004937410356
4,DiscNRX,ungated,109,1,0,0,1,20.145700000284705,nan,-0.8804004937410356
4,DiscNRX,ungated,110,1,0,0,1,20.55870000003779,nan,-0.8804004937410356
4,DiscNRX,ungated,111,1,0,0,1,20.52300000013929,nan,-0.8804004937410356
4,DiscNRX,ungated,112,1,0,0,1,17.745299999660347,nan,-0.8804004937410356
4,DiscNRX,ungated,113,1,0,0,1,17.898600000080478,nan,-0.8804004937410356
4,DiscNRX,ungated,114,1,0,0,1,20.684199999777775,nan,-0.8804004937410356
4,DiscNRX,ungated,115,1,0,0,1,21.01550000043062,nan,-0.8804004937410356
4,DiscNRX,ungated,116,1,0,0,1,20.802199999707227,nan,-0.8804004937410356
4,DiscNRX,ungated,117,1,0,0,1,18.59119999971881,nan,-0.8804004937410356
4,DiscNRX,ungated,118,1,0,0,1,21.297799999956624,nan,-0.8804004937410356
4,DiscNRX,ungated,119,1,0,0,1,20.508600000539445,nan,-0.8804004937410356
4,DiscNRX,ungated,120,1,0,0,1,19.719500000064727,nan,-0.8804004937410356
4,DiscNRX,ungated,121,1,0,0,1,20.235199999660836,nan,-0.8804004937410356
4,DiscNRX,ungated,122,1,0,0,1,22.00189999985014,nan,-0.8804004937410356
4,DiscNRX,ungated,123,1,0,0,1,21.47530000002007,nan,-0.8804004937410356
4,DiscNRX,ungated,124,1,0,0,1,23.0543999996371,nan,-0.8804004937410356
4,DiscNRX,ungated,125,1,0,0,1,20.460300000195275,nan,-0.8804004937410356
4,DiscNRX,ungated,126,1,0,0,1,22.970600000007835,nan,-0.8804004937410356
4,DiscNRX,ungated,127,1,0,0,1,20.43820000017149,nan,-0.8804004937410356
4,DiscNRX,ungated,128,1,0,0,1,18.82579999983136,nan,-0.8804004937410356
4,DiscNRX,ungated,129,1,0,0,1,20.689400000264868,nan,-0.8804004937410356
4,DiscNRX,ungated,130,1,0,0,1,27.874899999915215,nan,-0.8804004937410356
4,DiscNRX,ungated,131,1,0,0,1,22.68839999942429,nan,-0.8804004937410356
4,DiscNRX,ungated,132,1,0,0,1,21.99229999951058,nan,-0.8804004937410356
4,DiscNRX,ungated,133,1,0,0,1,19.469300000309886,nan,-0.8804004937410356
4,DiscNRX,ungated,134,1,0,0,1,17.420099999981176,nan,-0.8804004937410356
4,DiscNRX,ungated,135,1,0,0,1,21.207499999945867,nan,-0.8804004937410356
4,DiscNRX,ungated,136,1,0,0,1,19.4523999998637,nan,-0.8804004937410356
4,DiscNRX,ungated,137,1,0,0,1,23.716000000604254,nan,-0.8804004937410356
4,DiscNRX,ungated,138,1,0,0,1,22.968599999330763,nan,-0.8804004937410356
4,DiscNRX,ungated,139,1,0,0,1,19.205399999918882,nan,-0.8804004937410356
4,DiscNRX,ungated,140,1,0,0,1,16.452599999865924,nan,-0.8804004937410356
4,DiscNRX,ungated,141,1,0,0,1,21.914799999649404,nan,-0.8804004937410356
4,DiscNRX,ungated,142,1,0,0,1,21.936699999969278,nan,-0.8804004937410356
4,DiscNRX,ungated,143,1,0,0,1,22.65019999958895,nan,-0.8804004937410356
4,DiscNRX,ungated,144,1,0,0,1,23.280899999917892,nan,-0.8804004937410356
4,DiscNRX,ungated,145,1,0,0,1,21.975499999825843,nan,-0.8804004937410356
4,DiscNRX,ungated,146,1,0,0,1,20.90790000056586,nan,-0.8804004937410356
4,DiscNRX,ungated,147,1,0,0,1,22.3111000004792,nan,-0.8804004937410356
4,DiscNRX,ungated,148,1,0,0,1,22.383600000466686,nan,-0.8804004937410356
4,DiscNRX,ungated,149,1,0,0,1,20.928200000525976,nan,-0.8804004937410356
4,DiscNRX,ungated,150,1,0,0,1,19.703999999364896,nan,-0.8804004937410356
4,DiscNRX,ungated,151,1,0,0,1,18.857800000660063,nan,-0.8804004937410356
4,DiscNRX,ungated,152,1,0,0,1,21.22880000024452,nan,-0.8804004937410356
4,DiscNRX,ungated,153,1,0,0,1,20.43340000000171,nan,-0.8804004937410356
4,DiscNRX,ungated,154,1,0,0,1,21.117100000083155,nan,-0.8804004937410356
4,DiscNRX,ungated,155,1,0,0,1,18.907599999693048,nan,-0.8804004937410356
4,DiscNRX,ungated,156,1,0,0,1,23.66170000004786,nan,-0.8804004937410356
4,DiscNRX,ungated,157,1,0,0,1,25.324000000182423,nan,-0.8804004937410356
4,DiscNRX,ungated,158,1,0,0,1,22.943499999200867,nan,-0.8804004937410356
4,DiscNRX,ungated,159,1,0,0,1,22.72090000042226,nan,-0.8804004937410356
4,DiscNRX,ungated,160,1,0,0,1,20.989199999348784,nan,-0.8804004937410356
4,DiscNRX,ungated,161,1,0,0,1,18.74229999975796,nan,-0.8804004937410356
4,DiscNRX,ungated,162,1,0,0,1,21.592000000055123,nan,-0.8804004937410356
4,DiscNRX,ungated,163,1,0,0,1,22.764899999856425,nan,-0.8804004937410356
4,DiscNRX,ungated,164,1,0,0,1,21.420600000055856,nan,-0.8804004937410356
4,DiscNRX,ungated,165,1,0,0,1,22.619700000177545,nan,-0.8804004937410356
4,DiscNRX,ungated,166,1,0,0,1,18.80170000004,nan,-0.8804004937410356
4,DiscNRX,ungated,167,1,0,0,1,19.363099999281985,nan,-0.8804004937410356
4,DiscNRX,ungated,168,1,0,0,1,20.84700000068551,nan,-0.8804004937410356
4,DiscNRX,ungated,169,1,0,0,1,21.25369999976101,nan,-0.8804004937410356
4,DiscNRX,ungated,170,1,0,0,1,21.39560000068741,nan,-0.8804004937410356
4,DiscNRX,ungated,171,1,0,0,1,19.868200000018987,nan,-0.8804004937410356
4,DiscNRX,ungated,172,1,0,0,1,20.965099999557424,nan,-0.8804004937410356
4,DiscNRX,ungated,173,1,0,0,1,20.49910000005184,nan,-0.8804004937410356
4,DiscNRX,ungated,174,1,0,0,1,15.824000000066007,nan,-0.8804004937410356
4,DiscNRX,ungated,175,1,0,0,1,20.696899999165908,nan,-0.8804004937410356
4,DiscNRX,ungated,176,1,0,0,1,21.95170000049984,nan,-0.8804004937410356
4,DiscNRX,ungated,177,1,0,0,1,20.275199999559845,nan,-0.8804004937410356
4,DiscNRX,ungated,178,1,0,0,1,19.44999999977881,nan,-0.8804004937410356
4,DiscNRX,ungated,179,1,0,0,1,19.93880000009085,nan,-0.8804004937410356
4,DiscNRX,ungated,180,1,0,0,1,18.677000000025146,nan,-0.8804004937410356
4,DiscNRX,ungated,181,1,0,0,1,23.407399999996414,nan,-0.8804004937410356
4,DiscNRX,ungated,182,1,0,0,1,20.758999999998196,nan,-0.8804004937410356
4,DiscNRX,ungated,183,1,0,0,1,16.687399999682384,nan,-0.8804004937410356
4,DiscNRX,ungated,184,1,0,0,1,22.86420000018552,nan,-0.8804004937410356
4,DiscNRX,ungated,185,1,0,0,1,22.654700000202865,nan,-0.8804004937410356
4,DiscNRX,ungated,186,1,0,0,1,21.355999999286723,nan,-0.8804004937410356
4,DiscNRX,ungated,187,1,0,0,1,19.289199999548146,nan,-0.8804004937410356
4,DiscNRX,ungated,188,1,0,0,1,19.899400000213063,nan,-0.8804004937410356
4,DiscNRX,ungated,189,1,0,0,1,20.03850000073726,nan,-0.8804004937410356
4,DiscNRX,ungated,190,1,0,0,1,22.066999999879044,nan,-0.8804004937410356
4,DiscNRX,ungated,191,1,0,0,1,19.655799999782175,nan,-0.8804004937410356
4,DiscNRX,ungated,192,1,0,0,1,19.926300000406627,nan,-0.8804004937410356
4,DiscNRX,ungated,193,1,0,0,1,20.881399999780115,nan,-0.8804004937410356
4,DiscNRX,ungated,194,1,0,0,1,19.105600000330014,nan,-0.8804004937410356
4,DiscNRX,ungated,195,1,0,0,1,20.38559999982681,nan,-0.8804004937410356
4,DiscNRX,ungated,196,1,0,0,1,17.128400000729016,nan,-0.8804004937410356
4,DiscNRX,ungated,197,1,0,0,1,19.419100000050094,nan,-0.8804004937410356
4,DiscNRX,ungated,198,1,0,0,1,21.346900000025926,nan,-0.8804004937410356
4,DiscNRX,ungated,199,1,0,0,1,19.123799999761104,nan,-0.8804004937410356
4,DiscNRX,ungated,200,1,0,0,1,19.960099999480008,nan,-0.8804004937410356
4,DiscNRX,ungated,201,1,0,0,1,20.53619999969669,nan,-0.8804004937410356
4,DiscNRX,ungated,202,1,0,0,1,21.778899999844725,nan,-0.8804004937410356
4,DiscNRX,ungated,203,1,0,0,1,19.664999999804422,nan,-0.8804004937410356
4,DiscNRX,ungated,204,1,0,0,1,20.787599999493978,nan,-0.8804004937410356
4,DiscNRX,ungated,205,1,0,0,1,19.33530000042083,nan,-0.8804004937410356
4,DiscNRX,ungated,206,1,0,0,1,19.92049999989831,nan,-0.8804004937410356
4,DiscNRX,ungated,207,1,0,0,1,21.685099999558588,nan,-0.8804004937410356
4,DiscNRX,ungated,208,1,0,0,1,18.39540000037232,nan,-0.8804004937410356
4,DiscNRX,ungated,209,1,0,0,1,18.280300000697025,nan,-0.8804004937410356
4,DiscNRX,ungated,210,1,0,0,1,20.79150000008667,nan,-0.8804004937410356
4,DiscNRX,ungated,211,1,0,0,1,19.979699999566947,nan,-0.8804004937410356
4,DiscNRX,ungated,212,1,0,0,1,25.04919999955746,nan,-0.8804004937410356
4,DiscNRX,ungated,213,1,0,0,1,20.37579999978334,nan,-0.8804004937410356
4,DiscNRX,ungated,214,1,0,0,1,19.329199999447155,nan,-0.8804004937410356
4,DiscNRX,ungated,215,1,0,0,1,20.130799999606097,nan,-0.8804004937410356
4,DiscNRX,ungated,216,1,0,0,1,21.930199999587785,nan,-0.8804004937410356
4,DiscNRX,ungated,217,1,0,0,1,20.25439999943046,nan,-0.8804004937410356
4,DiscNRX,ungated,218,1,0,0,1,20.97779999985505,nan,-0.8804004937410356
4,DiscNRX,ungated,219,1,0,0,1,21.693499999855703,nan,-0.8804004937410356
4,DiscNRX,ungated,220,1,0,0,1,22.179800000230898,nan,-0.8804004937410356
4,DiscNRX,ungated,221,1,0,0,1,22.108099999968545,nan,-0.8804004937410356
4,DiscNRX,ungated,222,1,0,0,1,19.760500000302272,nan,-0.8804004937410356
4,DiscNRX,ungated,223,1,0,0,1,19.692600000780658,nan,-0.8804004937410356
4,DiscNRX,ungated,224,1,0,0,1,20.88949999961187,nan,-0.8804004937410356
4,DiscNRX,ungated,225,1,0,0,1,18.67020000008779,nan,-0.8804004937410356
4,DiscNRX,ungated,226,1,0,0,1,18.146299999898474,nan,-0.8804004937410356
4,DiscNRX,ungated,227,1,0,0,1,18.81630000025325,nan,-0.8804004937410356
4,DiscNRX,ungated,228,1,0,0,1,19.0772999994806,nan,-0.8804004937410356
4,DiscNRX,ungated,229,1,0,0,1,20.262100000763894,nan,-0.8804004937410356
4,DiscNRX,ungated,230,1,0,0,1,20.451600000342296,nan,-0.8804004937410356
4,DiscNRX,ungated,231,1,0,0,1,22.079000000303495,nan,-0.8804004937410356
4,DiscNRX,ungated,232,1,0,0,1,25.793599999815342,nan,-0.8804004937410356
4,DiscNRX,ungated,233,1,0,0,1,18.874899999900663,nan,-0.8804004937410356
4,DiscNRX,ungated,234,1,0,0,1,23.21159999974043,nan,-0.8804004937410356
4,DiscNRX,ungated,235,1,0,0,1,22.664500000246335,nan,-0.8804004937410356
4,DiscNRX,ungated,236,1,0,0,1,18.547100000432692,nan,-0.8804004937410356
4,DiscNRX,ungated,237,1,0,0,1,21.631999999954132,nan,-0.8804004937410356
4,DiscNRX,ungated,238,1,0,0,1,20.5379000008179,nan,-0.8804004937410356
4,DiscNRX,ungated,239,1,0,0,1,20.613400000002002,nan,-0.8804004937410356
4,DiscNRX,ungated,240,1,0,0,1,19.497799999953713,nan,-0.8804004937410356
4,DiscNRX,ungated,241,1,0,0,1,19.24589999998716,nan,-0.8804004937410356
4,DiscNRX,ungated,242,1,0,0,1,20.970400000805967,nan,-0.8804004937410356
4,DiscNRX,ungated,243,1,0,0,1,24.643100000503182,nan,-0.8804004937410356
4,DiscNRX,ungated,244,1,0,0,1,20.583100000294507,nan,-0.8804004937410356
4,DiscNRX,ungated,245,1,0,0,1,18.669199999749253,nan,-0.8804004937410356
4,DiscNRX,ungated,246,1,0,0,1,21.081799999592477,nan,-0.8804004937410356
4,DiscNRX,ungated,247,1,0,0,1,20.811000000321656,nan,-0.8804004937410356
4,DiscNRX,ungated,248,1,0,0,1,21.948799999336188,nan,-0.8804004937410356
4,DiscNRX,ungated,249,1,0,0,1,18.871000000217464,nan,-0.8804004937410356
4,DiscNRX,ungated,250,1,0,0,1,22.718199999872013,nan,-0.8804004937410356
4,DiscNRX,ungated,251,1,0,0,1,18.885100000261446,nan,-0.8804004937410356
4,DiscNRX,ungated,252,1,0,0,1,20.677900000009686,nan,-0.8804004937410356
4,DiscNRX,ungated,253,1,0,0,1,17.89840000037657,nan,-0.8804004937410356
4,DiscNRX,ungated,254,1,0,0,1,21.301899999343732,nan,-0.8804004937410356
4,DiscNRX,ungated,255,1,0,0,1,17.35370000005787,nan,-0.8804004937410356
4,DiscNRX,ungated,256,1,0,0,1,21.66049999959796,nan,-0.8804004937410356
4,DiscNRX,ungated,257,1,0,0,1,20.493600000008882,nan,-0.8804004937410356
4,DiscNRX,ungated,258,1,0,0,1,21.795200000269688,nan,-0.8804004937410356
4,DiscNRX,ungated,259,1,0,0,1,18.861700000343262,nan,-0.8804004937410356
4,DiscNRX,ungated,260,1,0,0,1,17.960799999855226,nan,-0.8804004937410356
4,DiscNRX,ungated,261,1,0,0,1,19.140299999889976,nan,-0.8804004937410356
4,DiscNRX,ungated,262,1,0,0,1,19.816699999864795,nan,-0.8804004937410356
4,DiscNRX,ungated,263,1,0,0,1,19.624800000201503,nan,-0.8804004937410356
4,DiscNRX,ungated,264,1,0,0,1,22.73479999985284,nan,-0.8804004937410356
4,DiscNRX,ungated,265,1,0,0,1,20.096899999771267,nan,-0.8804004937410356
4,DiscNRX,ungated,266,1,0,0,1,22.563800000170886,nan,-0.8804004937410356
4,DiscNRX,ungated,267,1,0,0,1,20.642700000280456,nan,-0.8804004937410356
4,DiscNRX,ungated,268,1,0,0,1,22.108099999968545,nan,-0.8804004937410356
4,DiscNRX,ungated,269,1,0,0,1,20.51449999999022,nan,-0.8804004937410356
4,DiscNRX,ungated,270,1,0,0,1,19.894299999577925,nan,-0.8804004937410356
4,DiscNRX,ungated,271,1,0,0,1,19.13890000014362,nan,-0.8804004937410356
4,DiscNRX,ungated,272,1,0,0,1,18.994799999745737,nan,-0.8804004937410356
4,DiscNRX,ungated,273,1,0,0,1,24.65219999976398,nan,-0.8804004937410356
4,DiscNRX,ungated,274,1,0,0,1,21.370700000261422,nan,-0.8804004937410356
4,DiscNRX,ungated,275,1,0,0,1,19.593699999859382,nan,-0.8804004937410356
4,DiscNRX,ungated,276,1,0,0,1,19.690000000082364,nan,-0.8804004937410356
4,DiscNRX,ungated,277,1,0,0,1,23.87780000026396,nan,-0.8804004937410356
4,DiscNRX,ungated,278,1,0,0,1,22.957600000154343,nan,-0.8804004937410356
4,DiscNRX,ungated,279,1,0,0,1,20.946399999957066,nan,-0.8804004937410356
4,DiscNRX,ungated,280,1,0,0,1,19.95930000066437,nan,-0.8804004937410356
4,DiscNRX,ungated,281,1,0,0,1,23.177799999757553,nan,-0.8804004937410356
4,DiscNRX,ungated,282,1,0,0,1,19.43940000001021,nan,-0.8804004937410356
4,DiscNRX,ungated,283,1,0,0,1,25.034799999957613,nan,-0.8804004937410356
4,DiscNRX,ungated,284,1,0,0,1,19.683599999552825,nan,-0.8804004937410356
4,DiscNRX,ungated,285,1,0,0,1,20.909500000016124,nan,-0.8804004937410356
4,DiscNRX,ungated,286,1,0,0,1,18.469700000423472,nan,-0.8804004937410356
4,DiscNRX,ungated,287,1,0,0,1,20.74739999989106,nan,-0.8804004937410356
4,DiscNRX,ungated,288,1,0,0,1,21.103799999764306,nan,-0.8804004937410356
4,DiscNRX,ungated,289,1,0,0,1,18.968800000038755,nan,-0.8804004937410356
4,DiscNRX,ungated,290,1,0,0,1,18.849799999770767,nan,-0.8804004937410356
4,DiscNRX,ungated,291,1,0,0,1,21.8113999999332,nan,-0.8804004937410356
4,DiscNRX,ungated,292,1,0,0,1,17.628900000090653,nan,-0.8804004937410356
4,DiscNRX,ungated,293,1,0,0,1,20.337399999334593,nan,-0.8804004937410356
4,DiscNRX,ungated,294,1,0,0,1,20.667800000410352,nan,-0.8804004937410356
4,DiscNRX,ungated,295,1,0,0,1,21.546199999647797,nan,-0.8804004937410356
4,DiscNRX,ungated,296,1,0,0,1,17.19879999927798,nan,-0.8804004937410356
4,DiscNRX,ungated,297,1,0,0,1,19.820700000309444,nan,-0.8804004937410356
4,DiscNRX,ungated,298,1,0,0,1,20.50779999990482,nan,-0.8804004937410356
4,DiscNRX,ungated,299,1,0,0,1,19.161600000188628,nan,-0.8804004937410356
4,DiscNRX,ungated,300,1,0,0,1,18.734599999334023,nan,-0.8804004937410356
4,DiscNRX,ungated,301,1,0,0,1,19.23449999958393,nan,-0.8804004937410356
4,DiscNRX,ungated,302,1,0,0,1,21.72089999930904,nan,-0.8804004937410356
4,DiscNRX,ungated,303,1,0,0,1,17.395400000168593,nan,-0.8804004937410356
4,DiscNRX,ungated,304,1,0,0,1,21.506199999748787,nan,-0.8804004937410356
4,DiscNRX,ungated,305,1,0,0,1,18.26699999946868,nan,-0.8804004937410356
4,DiscNRX,ungated,306,1,0,0,1,20.0513999998293,nan,-0.8804004937410356
4,DiscNRX,ungated,307,1,0,0,1,18.05919999969774,nan,-0.8804004937410356
4,DiscNRX,ungated,308,1,0,0,1,20.70129999992787,nan,-0.8804004937410356
4,DiscNRX,ungated,309,1,0,0,1,19.48919999995269,nan,-0.8804004937410356
4,DiscNRX,ungated,310,1,0,0,1,21.287600000505336,nan,-0.8804004937410356
4,DiscNRX,ungated,311,1,0,0,1,19.820800000161398,nan,-0.8804004937410356
4,DiscNRX,ungated,312,1,0,0,1,19.274899999800255,nan,-0.8804004937410356
4,DiscNRX,ungated,313,1,0,0,1,21.067699999548495,nan,-0.8804004937410356
4,DiscNRX,ungated,314,1,0,0,1,18.32120000017312,nan,-0.8804004937410356
4,DiscNRX,ungated,315,1,0,0,1,15.46779999989667,nan,-0.8804004937410356
4,DiscNRX,ungated,316,1,0,0,1,19.94490000015503,nan,-0.8804004937410356
4,DiscNRX,ungated,317,1,0,0,1,18.16140000028099,nan,-0.8804004937410356
4,DiscNRX,ungated,318,1,0,0,1,20.438999999896623,nan,-0.8804004937410356
4,DiscNRX,ungated,319,1,0,0,1,15.80629999989469,nan,-0.8804004937410356
4,DiscNRX,ungated,320,1,0,0,1,20.81110000017361,nan,-0.8804004937410356
4,DiscNRX,ungated,321,1,0,0,1,20.741799999996147,nan,-0.8804004937410356
4,DiscNRX,ungated,322,1,0,0,1,22.95030000004772,nan,-0.8804004937410356
4,DiscNRX,ungated,323,1,0,0,1,17.32700000047771,nan,-0.8804004937410356
4,DiscNRX,ungated,324,1,0,0,1,20.570999999108608,nan,-0.8804004937410356
4,DiscNRX,ungated,325,1,0,0,1,19.734000000426022,nan,-0.8804004937410356
4,DiscNRX,ungated,326,1,0,0,1,18.43009999993228,nan,-0.8804004937410356
4,DiscNRX,ungated,327,1,0,0,1,21.848899999895366,nan,-0.8804004937410356
4,DiscNRX,ungated,328,1,0,0,1,18.548099999861734,nan,-0.8804004937410356
4,DiscNRX,ungated,329,1,0,0,1,20.146400000157882,nan,-0.8804004937410356
4,DiscNRX,ungated,330,1,0,0,1,21.642800000336138,nan,-0.8804004937410356
4,DiscNRX,ungated,331,1,0,0,1,21.655399999872316,nan,-0.8804004937410356
4,DiscNRX,ungated,332,1,0,0,1,19.043799999963085,nan,-0.8804004937410356
4,DiscNRX,ungated,333,1,0,0,1,21.74970000032772,nan,-0.8804004937410356
4,DiscNRX,ungated,334,1,0,0,1,21.40300000064599,nan,-0.8804004937410356
4,DiscNRX,ungated,335,1,0,0,1,21.846699999514385,nan,-0.8804004937410356
4,DiscNRX,ungated,336,1,0,0,1,21.175599999878614,nan,-0.8804004937410356
4,DiscNRX,ungated,337,1,0,0,1,21.247499999844877,nan,-0.8804004937410356
4,DiscNRX,ungated,338,1,0,0,1,20.640499999899475,nan,-0.8804004937410356
4,DiscNRX,ungated,339,1,0,0,1,21.95949999986624,nan,-0.8804004937410356
4,DiscNRX,ungated,340,1,0,0,1,20.418299999619194,nan,-0.8804004937410356
4,DiscNRX,ungated,341,1,0,0,1,18.24910000050295,nan,-0.8804004937410356
4,DiscNRX,ungated,342,1,0,0,1,19.34239999991405,nan,-0.8804004937410356
4,DiscNRX,ungated,343,1,0,0,1,21.42589999948541,nan,-0.8804004937410356
4,DiscNRX,ungated,344,1,0,0,1,21.04109999982029,nan,-0.8804004937410356
4,DiscNRX,ungated,345,1,0,0,1,19.681900000250607,nan,-0.8804004937410356
4,DiscNRX,ungated,346,1,0,0,1,20.47830000083195,nan,-0.8804004937410356
4,DiscNRX,ungated,347,1,0,0,1,22.75050000025658,nan,-0.8804004937410356
4,DiscNRX,ungated,348,1,0,0,1,23.567599999296363,nan,-0.8804004937410356
4,DiscNRX,ungated,349,1,0,0,1,18.995899999936228,nan,-0.8804004937410356
4,DiscNRX,ungated,350,1,0,0,1,21.07640000031097,nan,-0.8804004937410356
4,DiscNRX,ungated,351,1,0,0,1,19.881399999576388,nan,-0.8804004937410356
4,DiscNRX,ungated,352,1,0,0,1,21.456299999954354,nan,-0.8804004937410356
4,DiscNRX,ungated,353,1,0,0,1,19.310300000142888,nan,-0.8804004937410356
4,DiscNRX,ungated,354,1,0,0,1,21.48849999957747,nan,-0.8804004937410356
4,DiscNRX,ungated,355,1,0,0,1,20.448100000066916,nan,-0.8804004937410356
4,DiscNRX,ungated,356,1,0,0,1,19.91870000074414,nan,-0.8804004937410356
4,DiscNRX,ungated,357,1,0,0,1,23.0864000004658,nan,-0.8804004937410356
4,DiscNRX,ungated,358,1,0,0,1,21.00270000028104,nan,-0.8804004937410356
4,DiscNRX,ungated,359,1,0,0,1,21.730500000558095,nan,-0.8804004937410356
4,DiscNRX,ungated,360,1,0,0,1,16.137800000251445,nan,-0.8804004937410356
4,DiscNRX,ungated,361,1,0,0,1,22.61409999937314,nan,-0.8804004937410356
4,DiscNRX,ungated,362,1,0,0,1,22.045499999876483,nan,-0.8804004937410356
4,DiscNRX,ungated,363,1,0,0,1,18.75430000018241,nan,-0.8804004937410356
4,DiscNRX,ungated,364,1,0,0,1,19.145999999636842,nan,-0.8804004937410356
4,DiscNRX,ungated,365,1,0,0,1,18.89220000066416,nan,-0.8804004937410356
4,DiscNRX,ungated,366,1,0,0,1,22.417300000597606,nan,-0.8804004937410356
4,DiscNRX,ungated,367,1,0,0,1,20.632799999475537,nan,-0.8804004937410356
4,DiscNRX,ungated,368,1,0,0,1,20.3680999993594,nan,-0.8804004937410356
4,DiscNRX,ungated,369,1,0,0,1,21.623700000418467,nan,-0.8804004937410356
4,DiscNRX,ungated,370,1,0,0,1,22.525100000166276,nan,-0.8804004937410356
4,DiscNRX,ungated,371,1,0,0,1,23.063799999363255,nan,-0.8804004937410356
4,DiscNRX,ungated,372,1,0,0,1,23.484199999984412,nan,-0.8804004937410356
4,DiscNRX,ungated,373,1,0,0,1,22.01229999991483,nan,-0.8804004937410356
4,DiscNRX,ungated,374,1,0,0,1,20.56799999991199,nan,-0.8804004937410356
4,DiscNRX,ungated,375,1,0,0,1,23.296700000173587,nan,-0.8804004937410356
4,DiscNRX,ungated,376,1,0,0,1,21.139599999514758,nan,-0.8804004937410356
4,DiscNRX,ungated,377,1,0,0,1,22.43499999985943,nan,-0.8804004937410356
4,DiscNRX,ungated,378,1,0,0,1,19.74419999987731,nan,-0.8804004937410356
4,DiscNRX,ungated,379,1,0,0,1,22.963899999922432,nan,-0.8804004937410356
4,DiscNRX,ungated,380,1,0,0,1,19.489100000100734,nan,-0.8804004937410356
4,DiscNRX,ungated,381,1,0,0,1,20.171699999991688,nan,-0.8804004937410356
4,DiscNRX,ungated,382,1,0,0,1,22.128999999949883,nan,-0.8804004937410356
4,DiscNRX,ungated,383,1,0,0,1,21.896400000514404,nan,-0.8804004937410356
4,DiscNRX,ungated,384,1,0,0,1,20.014200000332494,nan,-0.8804004937410356
4,DiscNRX,ungated,385,1,0,0,1,18.35269999992306,nan,-0.8804004937410356
4,DiscNRX,ungated,386,1,0,0,1,17.75039999938599,nan,-0.8804004937410356
4,DiscNRX,ungated,387,1,0,0,1,22.115399999165675,nan,-0.8804004937410356
4,DiscNRX,ungated,388,1,0,0,1,21.44640000005893,nan,-0.8804004937410356
4,DiscNRX,ungated,389,1,0,0,1,19.937099999879138,nan,-0.8804004937410356
4,DiscNRX,ungated,390,1,0,0,1,21.64100000027247,nan,-0.8804004937410356
4,DiscNRX,ungated,391,1,0,0,1,23.262800000338757,nan,-0.8804004937410356
4,DiscNRX,ungated,392,1,0,0,1,21.905100000367383,nan,-0.8804004937410356
4,DiscNRX,ungated,393,1,0,0,1,23.56119999967632,nan,-0.8804004937410356
4,DiscNRX,ungated,394,1,0,0,1,19.698899999639252,nan,-0.8804004937410356
4,DiscNRX,ungated,395,1,0,0,1,22.0272999995359,nan,-0.8804004937410356
4,DiscNRX,ungated,396,1,0,0,1,21.932200000264856,nan,-0.8804004937410356
4,DiscNRX,ungated,397,1,0,0,1,21.076600000014878,nan,-0.8804004937410356
4,DiscNRX,ungated,398,1,0,0,1,23.00329999980022,nan,-0.8804004937410356
4,DiscNRX,ungated,399,1,0,0,1,17.021699999531847,nan,-0.8804004937410356
4,DiscNRX,ungated,400,1,0,0,1,21.070400000098743,nan,-0.8804004937410356
4,DiscNRX,ungated,401,1,0,0,1,17.083499999898777,nan,-0.8804004937410356
4,DiscNRX,ungated,402,1,0,0,1,19.21330000004673,nan,-0.8804004937410356
4,DiscNRX,ungated,403,1,0,0,1,18.190100000538223,nan,-0.8804004937410356
4,DiscNRX,ungated,404,1,0,0,1,22.233499999856576,nan,-0.8804004937410356
4,DiscNRX,ungated,405,1,0,0,1,20.62110000042594,nan,-0.8804004937410356
4,DiscNRX,ungated,406,1,0,0,1,20.039099999848986,nan,-0.8804004937410356
4,DiscNRX,ungated,407,1,0,0,1,21.68309999979101,nan,-0.8804004937410356
4,DiscNRX,ungated,408,1,0,0,1,18.901399999776913,nan,-0.8804004937410356
4,DiscNRX,ungated,409,1,0,0,1,18.873200000598445,nan,-0.8804004937410356
4,DiscNRX,ungated,410,1,0,0,1,18.580500000098255,nan,-0.8804004937410356
4,DiscNRX,ungated,411,1,0,0,1,22.952100000111386,nan,-0.8804004937410356
4,DiscNRX,ungated,412,1,0,0,1,17.34759999999369,nan,-0.8804004937410356
4,DiscNRX,ungated,413,1,0,0,1,20.672199999353325,nan,-0.8804004937410356
4,DiscNRX,ungated,414,1,0,0,1,18.478699999832315,nan,-0.8804004937410356
4,DiscNRX,ungated,415,1,0,0,1,20.893099999739206,nan,-0.8804004937410356
4,DiscNRX,ungated,416,1,0,0,1,19.081500000538654,nan,-0.8804004937410356
4,DiscNRX,ungated,417,1,0,0,1,21.968500000184576,nan,-0.8804004937410356
4,DiscNRX,ungated,418,1,0,0,1,22.808599999734724,nan,-0.8804004937410356
4,DiscNRX,ungated,419,1,0,0,1,22.336299999551557,nan,-0.8804004937410356
4,DiscNRX,ungated,420,1,0,0,1,19.297200000437442,nan,-0.8804004937410356
4,DiscNRX,ungated,421,1,0,0,1,18.307199999981094,nan,-0.8804004937410356
4,DiscNRX,ungated,422,1,0,0,1,20.244000000275264,nan,-0.8804004937410356
4,DiscNRX,ungated,423,1,0,0,1,20.834300000387884,nan,-0.8804004937410356
4,DiscNRX,ungated,424,1,0,0,1,23.605599999427795,nan,-0.8804004937410356
4,DiscNRX,ungated,425,1,0,0,1,21.891600000344624,nan,-0.8804004937410356
4,DiscNRX,ungated,426,1,0,0,1,19.214800000554533,nan,-0.8804004937410356
4,DiscNRX,ungated,427,1,0,0,1,21.857099999579077,nan,-0.8804004937410356
4,DiscNRX,ungated,428,1,0,0,1,20.344999999906577,nan,-0.8804004937410356
4,DiscNRX,ungated,429,1,0,0,1,19.27259999956732,nan,-0.8804004937410356
4,DiscNRX,ungated,430,1,0,0,1,20.394499999383697,nan,-0.8804004937410356
4,DiscNRX,ungated,431,1,0,0,1,18.826200000148674,nan,-0.8804004937410356
4,DiscNRX,ungated,432,1,0,0,1,18.51489999990008,nan,-0.8804004937410356
4,DiscNRX,ungated,433,1,0,0,1,20.431299999472685,nan,-0.8804004937410356
4,DiscNRX,ungated,434,1,0,0,1,19.767599999795493,nan,-0.8804004937410356
4,DiscNRX,ungated,435,1,0,0,1,19.067199999881268,nan,-0.8804004937410356
4,DiscNRX,ungated,436,1,0,0,1,20.299700000578014,nan,-0.8804004937410356
4,DiscNRX,ungated,437,1,0,0,1,15.367100000730716,nan,-0.8804004937410356
4,DiscNRX,ungated,438,1,0,0,1,19.84710000033374,nan,-0.8804004937410356
4,DiscNRX,ungated,439,1,0,0,1,15.809700000318117,nan,-0.8804004937410356
4,DiscNRX,ungated,440,1,0,0,1,22.06549999937124,nan,-0.8804004937410356
4,DiscNRX,ungated,441,1,0,0,1,22.44109999992361,nan,-0.8804004937410356
4,DiscNRX,ungated,442,1,0,0,1,23.377700000310142,nan,-0.8804004937410356
4,DiscNRX,ungated,443,1,0,0,1,20.257000000128755,nan,-0.8804004937410356
4,DiscNRX,ungated,444,1,0,0,1,22.39350000036211,nan,-0.8804004937410356
4,DiscNRX,ungated,445,1,0,0,1,20.947300000443647,nan,-0.8804004937410356
4,DiscNRX,ungated,446,1,0,0,1,22.803099999691767,nan,-0.8804004937410356
4,DiscNRX,ungated,447,1,0,0,1,20.453500000257918,nan,-0.8804004937410356
4,DiscNRX,ungated,448,1,0,0,1,21.886300000005576,nan,-0.8804004937410356
4,DiscNRX,ungated,449,1,0,0,1,20.571299999573966,nan,-0.8804004937410356
4,DiscNRX,ungated,450,1,0,0,1,19.80860000003304,nan,-0.8804004937410356
4,DiscNRX,ungated,451,1,0,0,1,23.03950000077748,nan,-0.8804004937410356
4,DiscNRX,ungated,452,1,0,0,1,20.632699999623583,nan,-0.8804004937410356
4,DiscNRX,ungated,453,1,0,0,1,20.48090000062075,nan,-0.8804004937410356
4,DiscNRX,ungated,454,1,0,0,1,20.86339999914344,nan,-0.8804004937410356
4,DiscNRX,ungated,455,1,0,0,1,21.270600000207196,nan,-0.8804004937410356
4,DiscNRX,ungated,456,1,0,0,1,20.356899999569578,nan,-0.8804004937410356
4,DiscNRX,ungated,457,1,0,0,1,19.63569999952597,nan,-0.8804004937410356
4,DiscNRX,ungated,458,1,0,0,1,20.512000000053376,nan,-0.8804004937410356
4,DiscNRX,ungated,459,1,0,0,1,20.24470000014844,nan,-0.8804004937410356
4,DiscNRX,ungated,460,1,0,0,1,20.70830000047863,nan,-0.8804004937410356
4,DiscNRX,ungated,461,1,0,0,1,19.409100000302715,nan,-0.8804004937410356
4,DiscNRX,ungated,462,1,0,0,1,20.424199999979464,nan,-0.8804004937410356
4,DiscNRX,ungated,463,1,0,0,1,17.984299999625364,nan,-0.8804004937410356
4,DiscNRX,ungated,464,1,0,0,1,20.625400000426453,nan,-0.8804004937410356
4,DiscNRX,ungated,465,1,0,0,1,18.270000000484288,nan,-0.8804004937410356
4,DiscNRX,ungated,466,1,0,0,1,20.625899999686226,nan,-0.8804004937410356
4,DiscNRX,ungated,467,1,0,0,1,19.805299999461567,nan,-0.8804004937410356
4,DiscNRX,ungated,468,1,0,0,1,20.69469999969442,nan,-0.8804004937410356
4,DiscNRX,ungated,469,1,0,0,1,18.4650999999576,nan,-0.8804004937410356
4,DiscNRX,ungated,470,1,0,0,1,18.658300000424788,nan,-0.8804004937410356
4,DiscNRX,ungated,471,1,0,0,1,22.044800000003306,nan,-0.8804004937410356
4,DiscNRX,ungated,472,1,0,0,1,23.192000000562984,nan,-0.8804004937410356
4,DiscNRX,ungated,473,1,0,0,1,22.544000000380038,nan,-0.8804004937410356
4,DiscNRX,ungated,474,1,0,0,1,21.97760000035487,nan,-0.8804004937410356
4,DiscNRX,ungated,475,1,0,0,1,20.292899999731162,nan,-0.8804004937410356
4,DiscNRX,ungated,476,1,0,0,1,18.55470000009518,nan,-0.8804004937410356
4,DiscNRX,ungated,477,1,0,0,1,18.64060000025347,nan,-0.8804004937410356
4,DiscNRX,ungated,478,1,0,0,1,15.90429999941989,nan,-0.8804004937410356
4,DiscNRX,ungated,479,1,0,0,1,22.77700000013283,nan,-0.8804004937410356
4,DiscNRX,ungated,480,1,0,0,1,23.491399999329587,nan,-0.8804004937410356
4,DiscNRX,ungated,481,1,0,0,1,21.033799999713665,nan,-0.8804004937410356
4,DiscNRX,ungated,482,1,0,0,1,19.657599999845843,nan,-0.8804004937410356
4,DiscNRX,ungated,483,1,0,0,1,20.698600000287115,nan,-0.8804004937410356
4,DiscNRX,ungated,484,1,0,0,1,20.843200000854267,nan,-0.8804004937410356
4,DiscNRX,ungated,485,1,0,0,1,20.592100000612845,nan,-0.8804004937410356
4,DiscNRX,ungated,486,1,0,0,1,21.912700000029872,nan,-0.8804004937410356
4,DiscNRX,ungated,487,1,0,0,1,20.026500000312808,nan,-0.8804004937410356
4,DiscNRX,ungated,488,1,0,0,1,21.192799999880663,nan,-0.8804004937410356
4,DiscNRX,ungated,489,1,0,0,1,19.89080000021204,nan,-0.8804004937410356
4,DiscNRX,ungated,490,1,0,0,1,20.982599999115337,nan,-0.8804004937410356
4,DiscNRX,ungated,491,1,0,0,1,22.6689000000988,nan,-0.8804004937410356
4,DiscNRX,ungated,492,1,0,0,1,19.914699999389995,nan,-0.8804004937410356
4,DiscNRX,ungated,493,1,0,0,1,21.500400000149966,nan,-0.8804004937410356
4,DiscNRX,ungated,494,1,0,0,1,22.5944999992862,nan,-0.8804004937410356
4,DiscNRX,ungated,495,1,0,0,1,18.54139999977633,nan,-0.8804004937410356
4,DiscNRX,ungated,496,1,0,0,1,19.681300000229385,nan,-0.8804004937410356
4,DiscNRX,ungated,497,1,0,0,1,17.969800000173564,nan,-0.8804004937410356
4,DiscNRX,ungated,498,1,0,0,1,18.834900000001653,nan,-0.8804004937410356
4,DiscNRX,ungated,499,1,0,0,1,19.28649999990739,nan,-0.8804004937410356
4,DiscNRX,ungated,500,1,0,0,1,21.111399999426794,nan,-0.8804004937410356
4,DiscNRX,ungated,501,1,0,0,1,23.76319999984844,nan,-0.8804004937410356
4,DiscNRX,ungated,502,1,0,0,1,18.863799999962794,nan,-0.8804004937410356
4,DiscNRX,ungated,503,1,0,0,1,22.47960000022431,nan,-0.8804004937410356
4,DiscNRX,ungated,504,1,0,0,1,20.71570000043721,nan,-0.8804004937410356
4,DiscNRX,ungated,505,1,0,0,1,21.649099999194732,nan,-0.8804004937410356
4,DiscNRX,ungated,506,1,0,0,1,19.93450000009034,nan,-0.8804004937410356
4,DiscNRX,ungated,507,1,0,0,1,20.883799999865005,nan,-0.8804004937410356
4,DiscNRX,ungated,508,1,0,0,1,19.78750000034779,nan,-0.8804004937410356
4,DiscNRX,ungated,509,1,0,0,1,19.090499999947497,nan,-0.8804004937410356
4,DiscNRX,ungated,510,1,0,0,1,25.242200000320736,nan,-0.8804004937410356
4,DiscNRX,ungated,511,1,0,0,1,21.366199999647506,nan,-0.8804004937410356
4,DiscNRX,ungated,512,1,0,0,1,21.237599999949452,nan,-0.8804004937410356
4,DiscNRX,ungated,513,1,0,0,1,36.35260000010021,nan,-0.8804004937410356
4,DiscNRX,ungated,514,1,0,0,1,22.413899999264686,nan,-0.8804004937410356
4,DiscNRX,ungated,515,1,0,0,1,20.015600000078848,nan,-0.8804004937410356
4,DiscNRX,ungated,516,1,0,0,1,20.54390000012063,nan,-0.8804004937410356
4,DiscNRX,ungated,517,1,0,0,1,23.282200000721787,nan,-0.8804004937410356
4,DiscNRX,ungated,518,1,0,0,1,23.566800000480725,nan,-0.8804004937410356
4,DiscNRX,ungated,519,1,0,0,1,23.778800000400224,nan,-0.8804004937410356
4,DiscNRX,ungated,520,1,0,0,1,20.554799999445095,nan,-0.8804004937410356
4,DiscNRX,ungated,521,1,0,0,1,34.42619999987073,nan,-0.8804004937410356
4,DiscNRX,ungated,522,1,0,0,1,20.44670000032056,nan,-0.8804004937410356
4,DiscNRX,ungated,523,1,0,0,1,25.897599999552767,nan,-0.8804004937410356
4,DiscNRX,ungated,524,1,0,0,1,18.138399999770627,nan,-0.8804004937410356
4,DiscNRX,ungated,525,1,0,0,1,20.87790000041423,nan,-0.8804004937410356
4,DiscNRX,ungated,526,1,0,0,1,19.958199999564386,nan,-0.8804004937410356
4,DiscNRX,ungated,527,1,0,0,1,17.7254999998695,nan,-0.8804004937410356
4,DiscNRX,ungated,528,1,0,0,1,21.881300000131887,nan,-0.8804004937410356
4,DiscNRX,ungated,529,1,0,0,1,21.833300000253075,nan,-0.8804004937410356
4,DiscNRX,ungated,530,1,0,0,1,21.602099999654456,nan,-0.8804004937410356
4,DiscNRX,ungated,531,1,0,0,1,20.69870000013907,nan,-0.8804004937410356
4,DiscNRX,ungated,532,1,0,0,1,20.944699999745353,nan,-0.8804004937410356
4,DiscNRX,ungated,533,1,0,0,1,21.145799999430892,nan,-0.8804004937410356
4,DiscNRX,ungated,534,1,0,0,1,21.949599999970815,nan,-0.8804004937410356
4,DiscNRX,ungated,535,1,0,0,1,20.33449999998993,nan,-0.8804004937410356
4,DiscNRX,ungated,536,1,0,0,1,19.89990000038233,nan,-0.8804004937410356
4,DiscNRX,ungated,537,1,0,0,1,18.644900000253983,nan,-0.8804004937410356
4,DiscNRX,ungated,538,1,0,0,1,21.71710000038729,nan,-0.8804004937410356
4,DiscNRX,ungated,539,1,0,0,1,21.48940000006405,nan,-0.8804004937410356
4,DiscNRX,ungated,540,1,0,0,1,17.900599999848055,nan,-0.8804004937410356
4,DiscNRX,ungated,541,1,0,0,1,21.828899999491114,nan,-0.8804004937410356
4,DiscNRX,ungated,542,1,0,0,1,21.324600000298233,nan,-0.8804004937410356
4,DiscNRX,ungated,543,1,0,0,1,24.720999999772175,nan,-0.8804004937410356
4,DiscNRX,ungated,544,1,0,0,1,21.48940000006405,nan,-0.8804004937410356
4,DiscNRX,ungated,545,1,0,0,1,18.695900000238908,nan,-0.8804004937410356
4,DiscNRX,ungated,546,1,0,0,1,14.402400000108173,nan,-0.8804004937410356
4,DiscNRX,ungated,547,1,0,0,1,23.108699999284,nan,-0.8804004937410356
4,DiscNRX,ungated,548,1,0,0,1,21.178799999688636,nan,-0.8804004937410356
4,DiscNRX,ungated,549,1,0,0,1,20.88259999982256,nan,-0.8804004937410356
4,DiscNRX,ungated,550,1,0,0,1,19.927900000766385,nan,-0.8804004937410356
4,DiscNRX,ungated,551,1,0,0,1,20.516699999461707,nan,-0.8804004937410356
4,DiscNRX,ungated,552,1,0,0,1,17.343599999549042,nan,-0.8804004937410356
4,DiscNRX,ungated,553,1,0,0,1,17.766899999514862,nan,-0.8804004937410356
4,DiscNRX,ungated,554,1,0,0,1,21.76789999975881,nan,-0.8804004937410356
4,DiscNRX,ungated,555,1,0,0,1,21.990000000187138,nan,-0.8804004937410356
4,DiscNRX,ungated,556,1,0,0,1,21.72190000055707,nan,-0.8804004937410356
4,DiscNRX,ungated,557,1,0,0,1,17.74199999999837,nan,-0.8804004937410356
4,DiscNRX,ungated,558,1,0,0,1,21.67840000038268,nan,-0.8804004937410356
4,DiscNRX,ungated,559,1,0,0,1,20.69420000043465,nan,-0.8804004937410356
4,DiscNRX,ungated,560,1,0,0,1,20.707600000605453,nan,-0.8804004937410356
4,DiscNRX,ungated,561,1,0,0,1,19.655099999908998,nan,-0.8804004937410356
4,DiscNRX,ungated,562,1,0,0,1,25.58489999955782,nan,-0.8804004937410356
4,DiscNRX,ungated,563,1,0,0,1,20.594100000380422,nan,-0.8804004937410356
4,DiscNRX,ungated,564,1,0,0,1,19.06079999935173,nan,-0.8804004937410356
4,DiscNRX,ungated,565,1,0,0,1,18.93370000016148,nan,-0.8804004937410356
4,DiscNRX,ungated,566,1,0,0,1,19.314000000122178,nan,-0.8804004937410356
4,DiscNRX,ungated,567,1,0,0,1,20.824199999879056,nan,-0.8804004937410356
4,DiscNRX,ungated,568,1,0,0,1,21.36549999977433,nan,-0.8804004937410356
4,DiscNRX,ungated,569,1,0,0,1,21.43679999971937,nan,-0.8804004937410356
4,DiscNRX,ungated,570,1,0,0,1,21.66049999959796,nan,-0.8804004937410356
4,DiscNRX,ungated,571,1,0,0,1,20.828400000027614,nan,-0.8804004937410356
4,DiscNRX,ungated,572,1,0,0,1,20.592800000486022,nan,-0.8804004937410356
4,DiscNRX,ungated,573,1,0,0,1,22.317900000416557,nan,-0.8804004937410356
4,DiscNRX,ungated,574,1,0,0,1,22.50389999971958,nan,-0.8804004937410356
4,DiscNRX,ungated,575,1,0,0,1,22.977300000093237,nan,-0.8804004937410356
4,DiscNRX,ungated,576,1,0,0,1,21.14160000019183,nan,-0.8804004937410356
4,DiscNRX,ungated,577,1,0,0,1,21.500799999557785,nan,-0.8804004937410356
4,DiscNRX,ungated,578,1,0,0,1,20.184299999527866,nan,-0.8804004937410356
4,DiscNRX,ungated,579,1,0,0,1,20.984300000236544,nan,-0.8804004937410356
4,DiscNRX,ungated,580,1,0,0,1,20.49260000057984,nan,-0.8804004937410356
4,DiscNRX,ungated,581,1,0,0,1,19.16369999980816,nan,-0.8804004937410356
4,DiscNRX,ungated,582,1,0,0,1,20.630699999856006,nan,-0.8804004937410356
4,DiscNRX,ungated,583,1,0,0,1,20.805799999834562,nan,-0.8804004937410356
4,DiscNRX,ungated,584,1,0,0,1,18.77489999969839,nan,-0.8804004937410356
4,DiscNRX,ungated,585,1,0,0,1,18.884199999774864,nan,-0.8804004937410356
4,DiscNRX,ungated,586,1,0,0,1,18.85390000006737,nan,-0.8804004937410356
4,DiscNRX,ungated,587,1,0,0,1,16.996800000015355,nan,-0.8804004937410356
4,DiscNRX,ungated,588,1,0,0,1,21.438299999317678,nan,-0.8804004937410356
4,DiscNRX,ungated,589,1,0,0,1,22.06170000044949,nan,-0.8804004937410356
4,DiscNRX,ungated,590,1,0,0,1,22.024299999429786,nan,-0.8804004937410356
4,DiscNRX,ungated,591,1,0,0,1,20.658200000070792,nan,-0.8804004937410356
4,DiscNRX,ungated,592,1,0,0,1,18.90370000000985,nan,-0.8804004937410356
4,DiscNRX,ungated,593,1,0,0,1,20.879499999864493,nan,-0.8804004937410356
4,DiscNRX,ungated,594,1,0,0,1,19.688399999722606,nan,-0.8804004937410356
4,DiscNRX,ungated,595,1,0,0,1,22.237000000131957,nan,-0.8804004937410356
4,DiscNRX,ungated,596,1,0,0,1,21.969999999782885,nan,-0.8804004937410356
4,DiscNRX,ungated,597,1,0,0,1,21.763999999166117,nan,-0.8804004937410356
4,DiscNRX,ungated,598,1,0,0,1,45.66549999981362,nan,-0.8804004937410356
4,DiscNRX,ungated,599,1,0,0,1,26.1755000001358,nan,-0.8804004937410356
4,DiscNRX,ungated,600,1,0,0,1,19.256099999438447,nan,-0.8804004937410356
4,DiscNRX,ungated,601,1,0,0,1,21.89390000057756,nan,-0.8804004937410356
4,DiscNRX,ungated,602,1,0,0,1,19.83479999944393,nan,-0.8804004937410356
4,DiscNRX,ungated,603,1,0,0,1,20.54709999993065,nan,-0.8804004937410356
4,DiscNRX,ungated,604,1,0,0,1,20.42799999981071,nan,-0.8804004937410356
4,DiscNRX,ungated,605,1,0,0,1,22.6634999999078,nan,-0.8804004937410356
4,DiscNRX,ungated,606,1,0,0,1,17.95589999983349,nan,-0.8804004937410356
4,DiscNRX,ungated,607,1,0,0,1,24.01079999981448,nan,-0.8804004937410356
4,DiscNRX,ungated,608,1,0,0,1,21.542800000133866,nan,-0.8804004937410356
4,DiscNRX,ungated,609,1,0,0,1,17.784100000426406,nan,-0.8804004937410356
4,DiscNRX,ungated,610,1,0,0,1,22.149899999931222,nan,-0.8804004937410356
4,DiscNRX,ungated,611,1,0,0,1,20.334900000307243,nan,-0.8804004937410356
4,DiscNRX,ungated,612,1,0,0,1,19.368799999938346,nan,-0.8804004937410356
4,DiscNRX,ungated,613,1,0,0,1,20.118499999625783,nan,-0.8804004937410356
4,DiscNRX,ungated,614,1,0,0,1,20.268100000066624,nan,-0.8804004937410356
4,DiscNRX,ungated,615,1,0,0,1,21.487299999535026,nan,-0.8804004937410356
4,DiscNRX,ungated,616,1,0,0,1,18.51740000074642,nan,-0.8804004937410356
4,DiscNRX,ungated,617,1,0,0,1,22.293299999546434,nan,-0.8804004937410356
4,DiscNRX,ungated,618,1,0,0,1,17.619199999899138,nan,-0.8804004937410356
4,DiscNRX,ungated,619,1,0,0,1,21.251599999231985,nan,-0.8804004937410356
4,DiscNRX,ungated,620,1,0,0,1,21.716400000514113,nan,-0.8804004937410356
4,DiscNRX,ungated,621,1,0,0,1,21.514899999601766,nan,-0.8804004937410356
4,DiscNRX,ungated,622,1,0,0,1,20.45529999941209,nan,-0.8804004937410356
4,DiscNRX,ungated,623,1,0,0,1,19.72939999996015,nan,-0.8804004937410356
4,DiscNRX,ungated,624,1,0,0,1,16.453199999887147,nan,-0.8804004937410356
4,DiscNRX,ungated,625,1,0,0,1,20.6066999999166,nan,-0.8804004937410356
4,DiscNRX,ungated,626,1,0,0,1,19.143099999382684,nan,-0.8804004937410356
4,DiscNRX,ungated,627,1,0,0,1,20.87909999954718,nan,-0.8804004937410356
4,DiscNRX,ungated,628,1,0,0,1,21.86089999941032,nan,-0.8804004937410356
4,DiscNRX,ungated,629,1,0,0,1,24.7786999998425,nan,-0.8804004937410356
4,DiscNRX,ungated,630,1,0,0,1,21.64690000063274,nan,-0.8804004937410356
4,DiscNRX,ungated,631,1,0,0,1,22.303699999611126,nan,-0.8804004937410356
4,DiscNRX,ungated,632,1,0,0,1,21.52089999981399,nan,-0.8804004937410356
4,DiscNRX,ungated,633,1,0,0,1,23.001300000032643,nan,-0.8804004937410356
4,DiscNRX,ungated,634,1,0,0,1,25.117099999988568,nan,-0.8804004937410356
4,DiscNRX,ungated,635,1,0,0,1,19.138200000270444,nan,-0.8804004937410356
4,DiscNRX,ungated,636,1,0,0,1,19.811199999821838,nan,-0.8804004937410356
4,DiscNRX,ungated,637,1,0,0,1,22.238800000195624,nan,-0.8804004937410356
4,DiscNRX,ungated,638,1,0,0,1,21.451600000546023,nan,-0.8804004937410356
4,DiscNRX,ungated,639,1,0,0,1,19.60479999979725,nan,-0.8804004937410356
4,DiscNRX,ungated,640,1,0,0,1,19.727899999452347,nan,-0.8804004937410356
4,DiscNRX,ungated,641,1,0,0,1,20.55079999990994,nan,-0.8804004937410356
4,DiscNRX,ungated,642,1,0,0,1,21.879299999454815,nan,-0.8804004937410356
4,DiscNRX,ungated,643,1,0,0,1,32.07120000024588,nan,-0.8804004937410356
4,DiscNRX,ungated,644,1,0,0,1,22.552899999936926,nan,-0.8804004937410356
4,DiscNRX,ungated,645,1,0,0,1,20.93929999955435,nan,-0.8804004937410356
4,DiscNRX,ungated,646,1,0,0,1,21.399299999757204,nan,-0.8804004937410356
4,DiscNRX,ungated,647,1,0,0,1,22.0644999999422,nan,-0.8804004937410356
4,DiscNRX,ungated,648,1,0,0,1,22.054199999729462,nan,-0.8804004937410356
4,DiscNRX,ungated,649,1,0,0,1,22.27749999929074,nan,-0.8804004937410356
4,DiscNRX,ungated,650,1,0,0,1,19.379700000172306,nan,-0.8804004937410356
4,DiscNRX,ungated,651,1,0,0,1,17.920999999660125,nan,-0.8804004937410356
4,DiscNRX,ungated,652,1,0,0,1,20.84130000002915,nan,-0.8804004937410356
4,DiscNRX,ungated,653,1,0,0,1,20.811800000046787,nan,-0.8804004937410356
4,DiscNRX,ungated,654,1,0,0,1,18.722100000559294,nan,-0.8804004937410356
4,DiscNRX,ungated,655,1,0,0,1,20.630199999686738,nan,-0.8804004937410356
4,DiscNRX,ungated,656,1,0,0,1,20.283300000301097,nan,-0.8804004937410356
4,DiscNRX,ungated,657,1,0,0,1,19.256000000495987,nan,-0.8804004937410356
4,DiscNRX,ungated,658,1,0,0,1,19.045600000026752,nan,-0.8804004937410356
4,DiscNRX,ungated,659,1,0,0,1,21.563000000242027,nan,-0.8804004937410356
4,DiscNRX,ungated,660,1,0,0,1,20.23060000010446,nan,-0.8804004937410356
4,DiscNRX,ungated,661,1,0,0,1,19.737399999939953,nan,-0.8804004937410356
4,DiscNRX,ungated,662,1,0,0,1,18.307199999981094,nan,-0.8804004937410356
4,DiscNRX,ungated,663,1,0,0,1,22.196099999746366,nan,-0.8804004937410356
4,DiscNRX,ungated,664,1,0,0,1,19.13420000073529,nan,-0.8804004937410356
4,DiscNRX,ungated,665,1,0,0,1,18.470699999852513,nan,-0.8804004937410356
4,DiscNRX,ungated,666,1,0,0,1,20.225599999321275,nan,-0.8804004937410356
4,DiscNRX,ungated,667,1,0,0,1,18.71930000015709,nan,-0.8804004937410356
4,DiscNRX,ungated,668,1,0,0,1,19.922200000110024,nan,-0.8804004937410356
4,DiscNRX,ungated,669,1,0,0,1,21.076899999570742,nan,-0.8804004937410356
4,DiscNRX,ungated,670,1,0,0,1,21.71360000011191,nan,-0.8804004937410356
4,DiscNRX,ungated,671,1,0,0,1,23.04990000084217,nan,-0.8804004937410356
4,DiscNRX,ungated,672,1,0,0,1,20.973200000298675,nan,-0.8804004937410356
4,DiscNRX,ungated,673,1,0,0,1,25.961700000152632,nan,-0.8804004937410356
4,DiscNRX,ungated,674,1,0,0,1,19.32699999997567,nan,-0.8804004937410356
4,DiscNRX,ungated,675,1,0,0,1,18.68280000053346,nan,-0.8804004937410356
4,DiscNRX,ungated,676,1,0,0,1,21.497699999599718,nan,-0.8804004937410356
4,DiscNRX,ungated,677,1,0,0,1,21.913100000347185,nan,-0.8804004937410356
4,DiscNRX,ungated,678,1,0,0,1,21.350400000301306,nan,-0.8804004937410356
4,DiscNRX,ungated,679,1,0,0,1,16.7500999996264,nan,-0.8804004937410356
4,DiscNRX,ungated,680,1,0,0,1,19.681499999933294,nan,-0.8804004937410356
4,DiscNRX,ungated,681,1,0,0,1,21.19550000043091,nan,-0.8804004937410356
4,DiscNRX,ungated,682,1,0,0,1,22.278299999925366,nan,-0.8804004937410356
4,DiscNRX,ungated,683,1,0,0,1,21.73450000009325,nan,-0.8804004937410356
4,DiscNRX,ungated,684,1,0,0,1,22.56130000023404,nan,-0.8804004937410356
4,DiscNRX,ungated,685,1,0,0,1,19.741299999623152,nan,-0.8804004937410356
4,DiscNRX,ungated,686,1,0,0,1,19.327699999848846,nan,-0.8804004937410356
4,DiscNRX,ungated,687,1,0,0,1,20.995200000470504,nan,-0.8804004937410356
4,DiscNRX,ungated,688,1,0,0,1,20.11560000028112,nan,-0.8804004937410356
4,DiscNRX,ungated,689,1,0,0,1,22.731300000486954,nan,-0.8804004937410356
4,DiscNRX,ungated,690,1,0,0,1,23.81040000000212,nan,-0.8804004937410356
4,DiscNRX,ungated,691,1,0,0,1,20.911599999635655,nan,-0.8804004937410356
4,DiscNRX,ungated,692,1,0,0,1,21.49699999972654,nan,-0.8804004937410356
4,DiscNRX,ungated,693,1,0,0,1,20.70389999971667,nan,-0.8804004937410356
4,DiscNRX,ungated,694,1,0,0,1,21.404699999948207,nan,-0.8804004937410356
4,DiscNRX,ungated,695,1,0,0,1,19.509899999320623,nan,-0.8804004937410356
4,DiscNRX,ungated,696,1,0,0,1,21.146199999748205,nan,-0.8804004937410356
4,DiscNRX,ungated,697,1,0,0,1,17.840399999840884,nan,-0.8804004937410356
4,DiscNRX,ungated,698,1,0,0,1,17.496200000095996,nan,-0.8804004937410356
4,DiscNRX,ungated,699,1,0,0,1,20.33209999990504,nan,-0.8804004937410356
4,DiscNRX,ungated,700,1,0,0,1,21.839299999555806,nan,-0.8804004937410356
4,DiscNRX,ungated,701,1,0,0,1,19.640599999547703,nan,-0.8804004937410356
4,DiscNRX,ungated,702,1,0,0,1,18.72709999952349,nan,-0.8804004937410356
4,DiscNRX,ungated,703,1,0,0,1,22.570799999812152,nan,-0.8804004937410356
4,DiscNRX,ungated,704,1,0,0,1,18.875800000387244,nan,-0.8804004937410356
4,DiscNRX,ungated,705,1,0,0,1,19.82179999959044,nan,-0.8804004937410356
4,DiscNRX,ungated,706,1,0,0,1,23.72689999992872,nan,-0.8804004937410356
4,DiscNRX,ungated,707,1,0,0,1,20.1085000007879,nan,-0.8804004937410356
4,DiscNRX,ungated,708,1,0,0,1,22.29319999969448,nan,-0.8804004937410356
4,DiscNRX,ungated,709,1,0,0,1,21.84179999949265,nan,-0.8804004937410356
4,DiscNRX,ungated,710,1,0,0,1,20.568699999785167,nan,-0.8804004937410356
4,DiscNRX,ungated,711,1,0,0,1,21.434799999951792,nan,-0.8804004937410356
4,DiscNRX,ungated,712,1,0,0,1,20.50390000022162,nan,-0.8804004937410356
4,DiscNRX,ungated,713,1,0,0,1,25.86280000014085,nan,-0.8804004937410356
4,DiscNRX,ungated,714,1,0,0,1,20.509999999376305,nan,-0.8804004937410356
4,DiscNRX,ungated,715,1,0,0,1,20.92629999970086,nan,-0.8804004937410356
4,DiscNRX,ungated,716,1,0,0,1,20.376600000417966,nan,-0.8804004937410356
4,DiscNRX,ungated,717,1,0,0,1,18.18860000003042,nan,-0.8804004937410356
4,DiscNRX,ungated,718,1,0,0,1,21.356700000069395,nan,-0.8804004937410356
4,DiscNRX,ungated,719,1,0,0,1,22.111999999651744,nan,-0.8804004937410356
4,DiscNRX,ungated,720,1,0,0,1,17.707400000290363,nan,-0.8804004937410356
4,DiscNRX,ungated,721,1,0,0,1,17.02729999942676,nan,-0.8804004937410356
4,DiscNRX,ungated,722,1,0,0,1,21.806199999446108,nan,-0.8804004937410356
4,DiscNRX,ungated,723,1,0,0,1,21.227799999905983,nan,-0.8804004937410356
4,DiscNRX,ungated,724,1,0,0,1,21.97219999925437,nan,-0.8804004937410356
4,DiscNRX,ungated,725,1,0,0,1,19.1064999999071,nan,-0.8804004937410356
4,DiscNRX,ungated,726,1,0,0,1,22.77129999947647,nan,-0.8804004937410356
4,DiscNRX,ungated,727,1,0,0,1,21.652300000823743,nan,-0.8804004937410356
4,DiscNRX,ungated,728,1,0,0,1,20.970200000192563,nan,-0.8804004937410356
4,DiscNRX,ungated,729,1,0,0,1,18.697500000598666,nan,-0.8804004937410356
4,DiscNRX,ungated,730,1,0,0,1,18.240599999444385,nan,-0.8804004937410356
4,DiscNRX,ungated,731,1,0,0,1,20.030799999403825,nan,-0.8804004937410356
4,DiscNRX,ungated,732,1,0,0,1,18.6944000006406,nan,-0.8804004937410356
4,DiscNRX,ungated,733,1,0,0,1,20.57169999989128,nan,-0.8804004937410356
4,DiscNRX,ungated,734,1,0,0,1,19.63640000030864,nan,-0.8804004937410356
4,DiscNRX,ungated,735,1,0,0,1,20.265699999981734,nan,-0.8804004937410356
4,DiscNRX,ungated,736,1,0,0,1,18.73280000017985,nan,-0.8804004937410356
4,DiscNRX,ungated,737,1,0,0,1,21.62919999955193,nan,-0.8804004937410356
4,DiscNRX,ungated,738,1,0,0,1,19.369499999811524,nan,-0.8804004937410356
4,DiscNRX,ungated,739,1,0,0,1,18.417999999655876,nan,-0.8804004937410356
4,DiscNRX,ungated,740,1,0,0,1,18.487199999981385,nan,-0.8804004937410356
4,DiscNRX,ungated,741,1,0,0,1,21.363900000324065,nan,-0.8804004937410356
4,DiscNRX,ungated,742,1,0,0,1,21.443700000418175,nan,-0.8804004937410356
4,DiscNRX,ungated,743,1,0,0,1,22.087599999395024,nan,-0.8804004937410356
4,DiscNRX,ungated,744,1,0,0,1,19.33019999978569,nan,-0.8804004937410356
4,DiscNRX,ungated,745,1,0,0,1,17.838199999459903,nan,-0.8804004937410356
4,DiscNRX,ungated,746,1,0,0,1,18.471800000043004,nan,-0.8804004937410356
4,DiscNRX,ungated,747,1,0,0,1,19.598399999267713,nan,-0.8804004937410356
4,DiscNRX,ungated,748,1,0,0,1,20.33099999971455,nan,-0.8804004937410356
4,DiscNRX,ungated,749,1,0,0,1,20.628200000828656,nan,-0.8804004937410356
4,DiscNRX,ungated,750,1,0,0,1,20.744000000377127,nan,-0.8804004937410356
4,DiscNRX,ungated,751,1,0,0,1,21.786700000120618,nan,-0.8804004937410356
4,DiscNRX,ungated,752,1,0,0,1,20.485000000007858,nan,-0.8804004937410356
4,DiscNRX,ungated,753,1,0,0,1,22.691199999826495,nan,-0.8804004937410356
4,DiscNRX,ungated,754,1,0,0,1,22.622899999987567,nan,-0.8804004937410356
4,DiscNRX,ungated,755,1,0,0,1,17.006700000820274,nan,-0.8804004937410356
4,DiscNRX,ungated,756,1,0,0,1,16.34719999947265,nan,-0.8804004937410356
4,DiscNRX,ungated,757,1,0,0,1,20.332199999756995,nan,-0.8804004937410356
4,DiscNRX,ungated,758,1,0,0,1,21.41570000003412,nan,-0.8804004937410356
4,DiscNRX,ungated,759,1,0,0,1,21.17629999975179,nan,-0.8804004937410356
4,DiscNRX,ungated,760,1,0,0,1,19.83509999990929,nan,-0.8804004937410356
4,DiscNRX,ungated,761,1,0,0,1,17.61460000034276,nan,-0.8804004937410356
4,DiscNRX,ungated,762,1,0,0,1,22.29819999956817,nan,-0.8804004937410356
4,DiscNRX,ungated,763,1,0,0,1,22.1518999996988,nan,-0.8804004937410356
4,DiscNRX,ungated,764,1,0,0,1,22.002900000188674,nan,-0.8804004937410356
4,DiscNRX,ungated,765,1,0,0,1,17.86690000062663,nan,-0.8804004937410356
4,DiscNRX,ungated,766,1,0,0,1,22.812899999735237,nan,-0.8804004937410356
4,DiscNRX,ungated,767,1,0,0,1,20.71720000003552,nan,-0.8804004937410356
4,DiscNRX,ungated,768,1,0,0,1,20.852699999522883,nan,-0.8804004937410356
4,DiscNRX,ungated,769,1,0,0,1,22.29559999977937,nan,-0.8804004937410356
4,DiscNRX,ungated,770,1,0,0,1,24.59290000024339,nan,-0.8804004937410356
4,DiscNRX,ungated,771,1,0,0,1,20.50280000003113,nan,-0.8804004937410356
4,DiscNRX,ungated,772,1,0,0,1,20.2183999999761,nan,-0.8804004937410356
4,DiscNRX,ungated,773,1,0,0,1,21.59750000009808,nan,-0.8804004937410356
4,DiscNRX,ungated,774,1,0,0,1,40.077699999528704,nan,-0.8804004937410356
4,DiscNRX,ungated,775,1,0,0,1,21.248500000183412,nan,-0.8804004937410356
4,DiscNRX,ungated,776,1,0,0,1,19.078199999967183,nan,-0.8804004937410356
4,DiscNRX,ungated,777,1,0,0,1,20.257900000615336,nan,-0.8804004937410356
4,DiscNRX,ungated,778,1,0,0,1,21.084500000142725,nan,-0.8804004937410356
4,DiscNRX,ungated,779,1,0,0,1,18.97220000046218,nan,-0.8804004937410356
4,DiscNRX,ungated,780,1,0,0,1,19.929600000068604,nan,-0.8804004937410356
4,DiscNRX,ungated,781,1,0,0,1,20.15320000009524,nan,-0.8804004937410356
4,DiscNRX,ungated,782,1,0,0,1,20.536799999717914,nan,-0.8804004937410356
4,DiscNRX,ungated,783,1,0,0,1,21.277499999996508,nan,-0.8804004937410356
4,DiscNRX,ungated,784,1,0,0,1,17.51979999971809,nan,-0.8804004937410356
4,DiscNRX,ungated,785,1,0,0,1,21.706800000174553,nan,-0.8804004937410356
4,DiscNRX,ungated,786,1,0,0,1,19.10090000001219,nan,-0.8804004937410356
4,DiscNRX,ungated,787,1,0,0,1,19.09079999950336,nan,-0.8804004937410356
4,DiscNRX,ungated,788,1,0,0,1,19.58900000045105,nan,-0.8804004937410356
4,DiscNRX,ungated,789,1,0,0,1,21.606100000099104,nan,-0.8804004937410356
4,DiscNRX,ungated,790,1,0,0,1,20.416099999238213,nan,-0.8804004937410356
4,DiscNRX,ungated,791,1,0,0,1,21.733600000516162,nan,-0.8804004937410356
4,DiscNRX,ungated,792,1,0,0,1,20.218800000293413,nan,-0.8804004937410356
4,DiscNRX,ungated,793,1,0,0,1,19.349700000020675,nan,-0.8804004937410356
4,DiscNRX,ungated,794,1,0,0,1,19.92340000015247,nan,-0.8804004937410356
4,DiscNRX,ungated,795,1,0,0,1,19.363999999768566,nan,-0.8804004937410356
4,DiscNRX,ungated,796,1,0,0,1,21.21960000022227,nan,-0.8804004937410356
4,DiscNRX,ungated,797,1,0,0,1,20.08309999928315,nan,-0.8804004937410356
4,DiscNRX,ungated,798,1,0,0,1,22.00619999985065,nan,-0.8804004937410356
4,DiscNRX,ungated,799,1,0,0,1,25.33560000028956,nan,-0.8804004937410356
4,DiscNRX,ungated,800,1,0,0,1,21.087699999952747,nan,-0.8804004937410356
4,DiscNRX,ungated,801,1,0,0,1,21.85490000010759,nan,-0.8804004937410356
4,DiscNRX,ungated,802,1,0,0,1,23.198699999738892,nan,-0.8804004937410356
4,DiscNRX,ungated,803,1,0,0,1,22.752500000024156,nan,-0.8804004937410356
4,DiscNRX,ungated,804,1,0,0,1,22.542900000189547,nan,-0.8804004937410356
4,DiscNRX,ungated,805,1,0,0,1,22.69849999993312,nan,-0.8804004937410356
4,DiscNRX,ungated,806,1,0,0,1,19.17460000004212,nan,-0.8804004937410356
4,DiscNRX,ungated,807,1,0,0,1,22.595100000216917,nan,-0.8804004937410356
4,DiscNRX,ungated,808,1,0,0,1,19.303200000649667,nan,-0.8804004937410356
4,DiscNRX,ungated,809,1,0,0,1,19.946499999605294,nan,-0.8804004937410356
4,DiscNRX,ungated,810,1,0,0,1,21.479600000020582,nan,-0.8804004937410356
4,DiscNRX,ungated,811,1,0,0,1,21.450199999890174,nan,-0.8804004937410356
4,DiscNRX,ungated,812,1,0,0,1,21.6325000001234,nan,-0.8804004937410356
4,DiscNRX,ungated,813,1,0,0,1,23.10950000082812,nan,-0.8804004937410356
4,DiscNRX,ungated,814,1,0,0,1,22.068799999942712,nan,-0.8804004937410356
4,DiscNRX,ungated,815,1,0,0,1,21.63049999944633,nan,-0.8804004937410356
4,DiscNRX,ungated,816,1,0,0,1,20.620600000256673,nan,-0.8804004937410356
4,DiscNRX,ungated,817,1,0,0,1,19.934099999773025,nan,-0.8804004937410356
4,DiscNRX,ungated,818,1,0,0,1,22.491400000035355,nan,-0.8804004937410356
4,DiscNRX,ungated,819,1,0,0,1,20.13150000038877,nan,-0.8804004937410356
4,DiscNRX,ungated,820,1,0,0,1,21.18739999968966,nan,-0.8804004937410356
4,DiscNRX,ungated,821,1,0,0,1,20.879700000477897,nan,-0.8804004937410356
4,DiscNRX,ungated,822,1,0,0,1,21.166399999856367,nan,-0.8804004937410356
4,DiscNRX,ungated,823,1,0,0,1,21.206000000347558,nan,-0.8804004937410356
4,DiscNRX,ungated,824,1,0,0,1,19.609600000876526,nan,-0.8804004937410356
4,DiscNRX,ungated,825,1,0,0,1,20.208500000080676,nan,-0.8804004937410356
4,DiscNRX,ungated,826,1,0,0,1,20.028500000080385,nan,-0.8804004937410356
4,DiscNRX,ungated,827,1,0,0,1,20.83779999975377,nan,-0.8804004937410356
4,DiscNRX,ungated,828,1,0,0,1,19.579800000428804,nan,-0.8804004937410356
4,DiscNRX,ungated,829,1,0,0,1,28.808000000026368,nan,-0.8804004937410356
4,DiscNRX,ungated,830,1,0,0,1,19.326100000398583,nan,-0.8804004937410356
4,DiscNRX,ungated,831,1,0,0,1,19.121799999993527,nan,-0.8804004937410356
4,DiscNRX,ungated,832,1,0,0,1,21.9148000005589,nan,-0.8804004937410356
4,DiscNRX,ungated,833,1,0,0,1,19.657799999549752,nan,-0.8804004937410356
4,DiscNRX,ungated,834,1,0,0,1,19.703500000105123,nan,-0.8804004937410356
4,DiscNRX,ungated,835,1,0,0,1,19.49880000029225,nan,-0.8804004937410356
4,DiscNRX,ungated,836,1,0,0,1,20.607999999811,nan,-0.8804004937410356
4,DiscNRX,ungated,837,1,0,0,1,19.414400000641763,nan,-0.8804004937410356
4,DiscNRX,ungated,838,1,0,0,1,20.06679999976768,nan,-0.8804004937410356
4,DiscNRX,ungated,839,1,0,0,1,20.755100000314997,nan,-0.8804004937410356
4,DiscNRX,ungated,840,1,0,0,1,26.337200000853045,nan,-0.8804004937410356
4,DiscNRX,ungated,841,1,0,0,1,20.674200000030396,nan,-0.8804004937410356
4,DiscNRX,ungated,842,1,0,0,1,23.063099999490078,nan,-0.8804004937410356
4,DiscNRX,ungated,843,1,0,0,1,23.12510000047041,nan,-0.8804004937410356
4,DiscNRX,ungated,844,1,0,0,1,18.770499999845924,nan,-0.8804004937410356
4,DiscNRX,ungated,845,1,0,0,1,21.751799999947252,nan,-0.8804004937410356
4,DiscNRX,ungated,846,1,0,0,1,21.504100000129256,nan,-0.8804004937410356
4,DiscNRX,ungated,847,1,0,0,1,19.258000000263564,nan,-0.8804004937410356
4,DiscNRX,ungated,848,1,0,0,1,23.388400000840193,nan,-0.8804004937410356
4,DiscNRX,ungated,849,1,0,0,1,18.525199999203323,nan,-0.8804004937410356
4,DiscNRX,ungated,850,1,0,0,1,19.20849999987695,nan,-0.8804004937410356
4,DiscNRX,ungated,851,1,0,0,1,20.3879999999117,nan,-0.8804004937410356
4,DiscNRX,ungated,852,1,0,0,1,19.396900000174355,nan,-0.8804004937410356
4,DiscNRX,ungated,853,1,0,0,1,21.919000000707456,nan,-0.8804004937410356
4,DiscNRX,ungated,854,1,0,0,1,21.778899999844725,nan,-0.8804004937410356
4,DiscNRX,ungated,855,1,0,0,1,21.041599999989558,nan,-0.8804004937410356
4,DiscNRX,ungated,856,1,0,0,1,19.162700000379118,nan,-0.8804004937410356
4,DiscNRX,ungated,857,1,0,0,1,21.705199999814795,nan,-0.8804004937410356
4,DiscNRX,ungated,858,1,0,0,1,21.877799999856506,nan,-0.8804004937410356
4,DiscNRX,ungated,859,1,0,0,1,20.681099999819708,nan,-0.8804004937410356
4,DiscNRX,ungated,860,1,0,0,1,20.15510000001086,nan,-0.8804004937410356
4,DiscNRX,ungated,861,1,0,0,1,20.295899999837275,nan,-0.8804004937410356
4,DiscNRX,ungated,862,1,0,0,1,18.8348000001497,nan,-0.8804004937410356
4,DiscNRX,ungated,863,1,0,0,1,20.89799999976094,nan,-0.8804004937410356
4,DiscNRX,ungated,864,1,0,0,1,20.065499999873282,nan,-0.8804004937410356
4,DiscNRX,ungated,865,1,0,0,1,20.738600000186125,nan,-0.8804004937410356
4,DiscNRX,ungated,866,1,0,0,1,22.526000000652857,nan,-0.8804004937410356
4,DiscNRX,ungated,867,1,0,0,1,26.468199999726494,nan,-0.8804004937410356
4,DiscNRX,ungated,868,1,0,0,1,20.59689999987313,nan,-0.8804004937410356
4,DiscNRX,ungated,869,1,0,0,1,18.76300000003539,nan,-0.8804004937410356
4,DiscNRX,ungated,870,1,0,0,1,21.980399999847577,nan,-0.8804004937410356
4,DiscNRX,ungated,871,1,0,0,1,19.62580000054004,nan,-0.8804004937410356
4,DiscNRX,ungated,872,1,0,0,1,19.11960000052204,nan,-0.8804004937410356
4,DiscNRX,ungated,873,1,0,0,1,21.225800000138406,nan,-0.8804004937410356
4,DiscNRX,ungated,874,1,0,0,1,20.93590000004042,nan,-0.8804004937410356
4,DiscNRX,ungated,875,1,0,0,1,19.388000000617467,nan,-0.8804004937410356
4,DiscNRX,ungated,876,1,0,0,1,18.717799999649287,nan,-0.8804004937410356
4,DiscNRX,ungated,877,1,0,0,1,19.911299999876064,nan,-0.8804004937410356
4,DiscNRX,ungated,878,1,0,0,1,22.558099999514525,nan,-0.8804004937410356
4,DiscNRX,ungated,879,1,0,0,1,21.724299999732466,nan,-0.8804004937410356
4,DiscNRX,ungated,880,1,0,0,1,17.406500000106462,nan,-0.8804004937410356
4,DiscNRX,ungated,881,1,0,0,1,18.66150000023481,nan,-0.8804004937410356
4,DiscNRX,ungated,882,1,0,0,1,22.149000000354135,nan,-0.8804004937410356
4,DiscNRX,ungated,883,1,0,0,1,23.867699999755132,nan,-0.8804004937410356
4,DiscNRX,ungated,884,1,0,0,1,26.191300000391493,nan,-0.8804004937410356
4,DiscNRX,ungated,885,1,0,0,1,21.08730000054493,nan,-0.8804004937410356
4,DiscNRX,ungated,886,1,0,0,1,21.295800000189047,nan,-0.8804004937410356
4,DiscNRX,ungated,887,1,0,0,1,21.518900000046415,nan,-0.8804004937410356
4,DiscNRX,ungated,888,1,0,0,1,22.24819999992178,nan,-0.8804004937410356
4,DiscNRX,ungated,889,1,0,0,1,27.177799999662966,nan,-0.8804004937410356
4,DiscNRX,ungated,890,1,0,0,1,20.61420000063663,nan,-0.8804004937410356
4,DiscNRX,ungated,891,1,0,0,1,19.75259999926493,nan,-0.8804004937410356
4,DiscNRX,ungated,892,1,0,0,1,20.877699999800825,nan,-0.8804004937410356
4,DiscNRX,ungated,893,1,0,0,1,19.301199999972596,nan,-0.8804004937410356
4,DiscNRX,ungated,894,1,0,0,1,19.909999999981665,nan,-0.8804004937410356
4,DiscNRX,ungated,895,1,0,0,1,23.38800000052288,nan,-0.8804004937410356
4,DiscNRX,ungated,896,1,0,0,1,21.69679999951768,nan,-0.8804004937410356
4,DiscNRX,ungated,897,1,0,0,1,20.156999999926484,nan,-0.8804004937410356
4,DiscNRX,ungated,898,1,0,0,1,20.94920000035927,nan,-0.8804004937410356
4,DiscNRX,ungated,899,1,0,0,1,17.78719999947498,nan,-0.8804004937410356
4,DiscNRX,ungated,900,1,0,0,1,21.7160000001968,nan,-0.8804004937410356
4,DiscNRX,ungated,901,1,0,0,1,19.73829999951704,nan,-0.8804004937410356
4,DiscNRX,ungated,902,1,0,0,1,20.936399999300193,nan,-0.8804004937410356
4,DiscNRX,ungated,903,1,0,0,1,22.152200000164157,nan,-0.8804004937410356
4,DiscNRX,ungated,904,1,0,0,1,20.1310000002195,nan,-0.8804004937410356
4,DiscNRX,ungated,905,1,0,0,1,21.01669999956357,nan,-0.8804004937410356
4,DiscNRX,ungated,906,1,0,0,1,20.558100000016566,nan,-0.8804004937410356
4,DiscNRX,ungated,907,1,0,0,1,21.409899999525805,nan,-0.8804004937410356
4,DiscNRX,ungated,908,1,0,0,1,17.867600000499806,nan,-0.8804004937410356
4,DiscNRX,ungated,909,1,0,0,1,18.526500000007218,nan,-0.8804004937410356
4,DiscNRX,ungated,910,1,0,0,1,20.16120000007504,nan,-0.8804004937410356
4,DiscNRX,ungated,911,1,0,0,1,20.558999999593652,nan,-0.8804004937410356
4,DiscNRX,ungated,912,1,0,0,1,24.22119999937422,nan,-0.8804004937410356
4,DiscNRX,ungated,913,1,0,0,1,19.555599999875994,nan,-0.8804004937410356
4,DiscNRX,ungated,914,1,0,0,1,18.81420000063372,nan,-0.8804004937410356
4,DiscNRX,ungated,915,1,0,0,1,21.007499999541324,nan,-0.8804004937410356
4,DiscNRX,ungated,916,1,0,0,1,17.688399999315152,nan,-0.8804004937410356
4,DiscNRX,ungated,917,1,0,0,1,21.04860000054032,nan,-0.8804004937410356
4,DiscNRX,ungated,918,1,0,0,1,17.683399999441463,nan,-0.8804004937410356
4,DiscNRX,ungated,919,1,0,0,1,21.38439999998809,nan,-0.8804004937410356
4,DiscNRX,ungated,920,1,0,0,1,20.98039999964385,nan,-0.8804004937410356
4,DiscNRX,ungated,921,1,0,0,1,20.20280000033381,nan,-0.8804004937410356
4,DiscNRX,ungated,922,1,0,0,1,22.694500000397966,nan,-0.8804004937410356
4,DiscNRX,ungated,923,1,0,0,1,21.25849999993079,nan,-0.8804004937410356
4,DiscNRX,ungated,924,1,0,0,1,20.499900000686466,nan,-0.8804004937410356
4,DiscNRX,ungated,925,1,0,0,1,21.786899999824527,nan,-0.8804004937410356
4,DiscNRX,ungated,926,1,0,0,1,22.888399999828835,nan,-0.8804004937410356
4,DiscNRX,ungated,927,1,0,0,1,18.148699999983364,nan,-0.8804004937410356
4,DiscNRX,ungated,928,1,0,0,1,22.514700000101584,nan,-0.8804004937410356
4,DiscNRX,ungated,929,1,0,0,1,52.511500000036904,nan,-0.8804004937410356
4,DiscNRX,ungated,930,1,0,0,1,20.876999999927648,nan,-0.8804004937410356
4,DiscNRX,ungated,931,1,0,0,1,19.91939999970782,nan,-0.8804004937410356
4,DiscNRX,ungated,932,1,0,0,1,20.52410000032978,nan,-0.8804004937410356
4,DiscNRX,ungated,933,1,0,0,1,21.446499999910884,nan,-0.8804004937410356
4,DiscNRX,ungated,934,1,0,0,1,21.682599999621743,nan,-0.8804004937410356
4,DiscNRX,ungated,935,1,0,0,1,22.22929999970802,nan,-0.8804004937410356
4,DiscNRX,ungated,936,1,0,0,1,18.98200000050565,nan,-0.8804004937410356
4,DiscNRX,ungated,937,1,0,0,1,20.22289999968052,nan,-0.8804004937410356
4,DiscNRX,ungated,938,1,0,0,1,21.77659999961179,nan,-0.8804004937410356
4,DiscNRX,ungated,939,1,0,0,1,21.1514000002353,nan,-0.8804004937410356
4,DiscNRX,ungated,940,1,0,0,1,20.91389999986859,nan,-0.8804004937410356
4,DiscNRX,ungated,941,1,0,0,1,21.12710000074003,nan,-0.8804004937410356
4,DiscNRX,ungated,942,1,0,0,1,20.718699999633827,nan,-0.8804004937410356
4,DiscNRX,ungated,943,1,0,0,1,21.431199999824457,nan,-0.8804004937410356
4,DiscNRX,ungated,944,1,0,0,1,21.19829999992362,nan,-0.8804004937410356
4,DiscNRX,ungated,945,1,0,0,1,21.84939999915514,nan,-0.8804004937410356
4,DiscNRX,ungated,946,1,0,0,1,21.439699999973527,nan,-0.8804004937410356
4,DiscNRX,ungated,947,1,0,0,1,20.993900000576105,nan,-0.8804004937410356
4,DiscNRX,ungated,948,1,0,0,1,20.79520000006596,nan,-0.8804004937410356
4,DiscNRX,ungated,949,1,0,0,1,23.135800000090967,nan,-0.8804004937410356
4,DiscNRX,ungated,950,1,0,0,1,22.85640000081912,nan,-0.8804004937410356
4,DiscNRX,ungated,951,1,0,0,1,20.55980000022828,nan,-0.8804004937410356
4,DiscNRX,ungated,952,1,0,0,1,20.873200000096404,nan,-0.8804004937410356
4,DiscNRX,ungated,953,1,0,0,1,20.003599999654398,nan,-0.8804004937410356
4,DiscNRX,ungated,954,1,0,0,1,23.510600000008708,nan,-0.8804004937410356
4,DiscNRX,ungated,955,1,0,0,1,20.99590000034368,nan,-0.8804004937410356
4,DiscNRX,ungated,956,1,0,0,1,21.573300000454765,nan,-0.8804004937410356
4,DiscNRX,ungated,957,1,0,0,1,23.522399999819754,nan,-0.8804004937410356
4,DiscNRX,ungated,958,1,0,0,1,20.709200000055716,nan,-0.8804004937410356
4,DiscNRX,ungated,959,1,0,0,1,20.57740000054764,nan,-0.8804004937410356
4,DiscNRX,ungated,960,1,0,0,1,19.79860000028566,nan,-0.8804004937410356
4,DiscNRX,ungated,961,1,0,0,1,21.583799999461917,nan,-0.8804004937410356
4,DiscNRX,ungated,962,1,0,0,1,18.765100000564416,nan,-0.8804004937410356
4,DiscNRX,ungated,963,1,0,0,1,20.78799999981129,nan,-0.8804004937410356
4,DiscNRX,ungated,964,1,0,0,1,22.928700000193203,nan,-0.8804004937410356
4,DiscNRX,ungated,965,1,0,0,1,19.867099999828497,nan,-0.8804004937410356
4,DiscNRX,ungated,966,1,0,0,1,21.21869999973569,nan,-0.8804004937410356
4,DiscNRX,ungated,967,1,0,0,1,21.813399999700778,nan,-0.8804004937410356
4,DiscNRX,ungated,968,1,0,0,1,21.126099999492,nan,-0.8804004937410356
4,DiscNRX,ungated,969,1,0,0,1,18.90079999975569,nan,-0.8804004937410356
4,DiscNRX,ungated,970,1,0,0,1,19.88789999995788,nan,-0.8804004937410356
4,DiscNRX,ungated,971,1,0,0,1,19.88060000076075,nan,-0.8804004937410356
4,DiscNRX,ungated,972,1,0,0,1,19.151099999362486,nan,-0.8804004937410356
4,DiscNRX,ungated,973,1,0,0,1,19.421199999669625,nan,-0.8804004937410356
4,DiscNRX,ungated,974,1,0,0,1,20.01979999931791,nan,-0.8804004937410356
4,DiscNRX,ungated,975,1,0,0,1,21.407600000202365,nan,-0.8804004937410356
4,DiscNRX,ungated,976,1,0,0,1,19.73950000046898,nan,-0.8804004937410356
4,DiscNRX,ungated,977,1,0,0,1,20.03530000001774,nan,-0.8804004937410356
4,DiscNRX,ungated,978,1,0,0,1,20.43760000015027,nan,-0.8804004937410356
4,DiscNRX,ungated,979,1,0,0,1,21.146000000044296,nan,-0.8804004937410356
4,DiscNRX,ungated,980,1,0,0,1,18.512399999963236,nan,-0.8804004937410356
4,DiscNRX,ungated,981,1,0,0,1,19.128599999930884,nan,-0.8804004937410356
4,DiscNRX,ungated,982,1,0,0,1,19.823300000098243,nan,-0.8804004937410356
4,DiscNRX,ungated,983,1,0,0,1,20.19029999974009,nan,-0.8804004937410356
4,DiscNRX,ungated,984,1,0,0,1,22.064200000386336,nan,-0.8804004937410356
4,DiscNRX,ungated,985,1,0,0,1,20.400100000188104,nan,-0.8804004937410356
4,DiscNRX,ungated,986,1,0,0,1,20.448600000236183,nan,-0.8804004937410356
4,DiscNRX,ungated,987,1,0,0,1,21.214700000200537,nan,-0.8804004937410356
4,DiscNRX,ungated,988,1,0,0,1,20.95370000006369,nan,-0.8804004937410356
4,DiscNRX,ungated,989,1,0,0,1,18.492600000172388,nan,-0.8804004937410356
4,DiscNRX,ungated,990,1,0,0,1,19.775700000536744,nan,-0.8804004937410356
4,DiscNRX,ungated,991,1,0,0,1,22.43330000055721,nan,-0.8804004937410356
4,DiscNRX,ungated,992,1,0,0,1,22.33579999938229,nan,-0.8804004937410356
4,DiscNRX,ungated,993,1,0,0,1,19.644500000140397,nan,-0.8804004937410356
4,DiscNRX,ungated,994,1,0,0,1,17.715299999508716,nan,-0.8804004937410356
4,DiscNRX,ungated,995,1,0,0,1,19.929900000533962,nan,-0.8804004937410356
4,DiscNRX,ungated,996,1,0,0,1,19.528799999534385,nan,-0.8804004937410356
4,DiscNRX,ungated,997,1,0,0,1,19.658500000332424,nan,-0.8804004937410356
4,DiscNRX,ungated,998,1,0,0,1,21.18460000019695,nan,-0.8804004937410356
4,DiscNRX,ungated,999,1,0,0,1,19.399900000280468,nan,-0.8804004937410356
4,DiscNRX,gated,0,1,0,0,0,nan,nan,-0.8804004937410356
4,DiscNRX,gated,1,1,0,0,0,nan,nan,-0.8804004937410356
4,DiscNRX,gated,2,1,0,0,0,nan,nan,-0.8804004937410356
4,DiscNRX,gated,3,1,0,0,0,nan,nan,-0.8804004937410356
4,DiscNRX,gated,4,0,1,0,1,30.07660000002943,nan,-0.8804004937410356
4,DiscNRX,gated,5,0,1,0,1,22.36609999999928,nan,-0.8804004937410356
4,DiscNRX,gated,6,1,0,0,0,nan,nan,-0.8804004937410356
4,DiscNRX,gated,7,0,1,0,1,21.492800000487478,nan,-0.8804004937410356
4,DiscNRX,gated,8,1,0,0,0,nan,nan,-0.8804004937410356
4,DiscNRX,gated,9,0,1,0,1,21.448399999826506,nan,-0.8804004937410356
4,DiscNRX,gated,10,0,1,0,1,22.671700000501005,nan,-0.8804004937410356
4,DiscNRX,gated,11,0,1,0,1,16.011599999728787,nan,-0.8804004937410356
4,DiscNRX,gated,12,1,0,0,0,nan,nan,-0.8804004937410356
4,DiscNRX,gated,13,0,1,0,1,20.545500000480388,nan,-0.8804004937410356
4,DiscNRX,gated,14,0,1,0,1,20.983999999771186,nan,-0.8804004937410356
4,DiscNRX,gated,15,0,1,0,1,18.469799999365932,nan,-0.8804004937410356
4,DiscNRX,gated,16,0,1,0,1,20.188899999993737,nan,-0.8804004937410356
4,DiscNRX,gated,17,0,1,0,1,21.283699999912642,nan,-0.8804004937410356
4,DiscNRX,gated,18,0,1,0,1,22.108200000729994,nan,-0.8804004937410356
4,DiscNRX,gated,19,0,1,0,1,19.62829999956739,nan,-0.8804004937410356
4,DiscNRX,gated,20,0,1,0,1,21.91489999950136,nan,-0.8804004937410356
4,DiscNRX,gated,21,0,1,0,1,26.75920000001497,nan,-0.8804004937410356
4,DiscNRX,gated,22,0,1,0,1,20.789700000023004,nan,-0.8804004937410356
4,DiscNRX,gated,23,0,1,0,1,21.46919999995589,nan,-0.8804004937410356
4,DiscNRX,gated,24,0,1,0,1,19.262699999671895,nan,-0.8804004937410356
4,DiscNRX,gated,25,0,1,0,1,19.61589999973512,nan,-0.8804004937410356
4,DiscNRX,gated,26,0,1,0,1,19.628599999123253,nan,-0.8804004937410356
4,DiscNRX,gated,27,0,1,0,1,21.0720000004585,nan,-0.8804004937410356
4,DiscNRX,gated,28,0,1,0,1,21.01169999968988,nan,-0.8804004937410356
4,DiscNRX,gated,29,0,1,0,1,27.15970000008383,nan,-0.8804004937410356
4,DiscNRX,gated,30,0,1,0,1,21.22700000018085,nan,-0.8804004937410356
4,DiscNRX,gated,31,0,1,0,1,18.608100000164995,nan,-0.8804004937410356
4,DiscNRX,gated,32,0,1,0,1,19.380499999897438,nan,-0.8804004937410356
4,DiscNRX,gated,33,0,1,0,1,20.85830000032729,nan,-0.8804004937410356
4,DiscNRX,gated,34,0,1,0,1,20.631800000046496,nan,-0.8804004937410356
4,DiscNRX,gated,35,0,1,0,1,18.82930000010674,nan,-0.8804004937410356
4,DiscNRX,gated,36,0,1,0,1,22.971299999881012,nan,-0.8804004937410356
4,DiscNRX,gated,37,0,1,0,1,21.405899999990652,nan,-0.8804004937410356
4,DiscNRX,gated,38,0,1,0,1,22.1335000005638,nan,-0.8804004937410356
4,DiscNRX,gated,39,0,1,0,1,21.184299999731593,nan,-0.8804004937410356
4,DiscNRX,gated,40,0,1,0,1,20.353200000499783,nan,-0.8804004937410356
4,DiscNRX,gated,41,0,1,0,1,20.071200000529643,nan,-0.8804004937410356
4,DiscNRX,gated,42,0,1,0,1,21.639600000526116,nan,-0.8804004937410356
4,DiscNRX,gated,43,0,1,0,1,21.599300000161747,nan,-0.8804004937410356
4,DiscNRX,gated,44,0,1,0,1,22.171800000251096,nan,-0.8804004937410356
4,DiscNRX,gated,45,0,1,0,1,21.020099999986996,nan,-0.8804004937410356
4,DiscNRX,gated,46,0,1,0,1,21.939199999906123,nan,-0.8804004937410356
4,DiscNRX,gated,47,0,1,0,1,21.682800000235147,nan,-0.8804004937410356
4,DiscNRX,gated,48,0,1,0,1,16.468499999973574,nan,-0.8804004937410356
4,DiscNRX,gated,49,0,1,0,1,20.06809999966208,nan,-0.8804004937410356
4,DiscNRX,gated,50,0,1,0,1,20.779200000106357,nan,-0.8804004937410356
4,DiscNRX,gated,51,0,1,0,1,23.180299999694398,nan,-0.8804004937410356
4,DiscNRX,gated,52,0,1,0,1,23.10829999987618,nan,-0.8804004937410356
4,DiscNRX,gated,53,0,1,0,1,17.760799999450683,nan,-0.8804004937410356
4,DiscNRX,gated,54,0,1,0,1,20.21610000065266,nan,-0.8804004937410356
4,DiscNRX,gated,55,0,1,0,1,21.24790000016219,nan,-0.8804004937410356
4,DiscNRX,gated,56,0,1,0,1,21.960199999739416,nan,-0.8804004937410356
4,DiscNRX,gated,57,0,1,0,1,21.30620000025374,nan,-0.8804004937410356
4,DiscNRX,gated,58,0,1,0,1,19.537899999704678,nan,-0.8804004937410356
4,DiscNRX,gated,59,0,1,0,1,20.11179999954038,nan,-0.8804004937410356
4,DiscNRX,gated,60,0,1,0,1,19.38400000017282,nan,-0.8804004937410356
4,DiscNRX,gated,61,0,1,0,1,20.302399999309273,nan,-0.8804004937410356
4,DiscNRX,gated,62,0,1,0,1,20.683599999756552,nan,-0.8804004937410356
4,DiscNRX,gated,63,0,1,0,1,16.7661000004955,nan,-0.8804004937410356
4,DiscNRX,gated,64,0,1,0,1,19.399699999667064,nan,-0.8804004937410356
4,DiscNRX,gated,65,0,1,0,1,18.79179999923508,nan,-0.8804004937410356
4,DiscNRX,gated,66,0,1,0,1,17.99040000059904,nan,-0.8804004937410356
4,DiscNRX,gated,67,0,1,0,1,21.97820000037609,nan,-0.8804004937410356
4,DiscNRX,gated,68,0,1,0,1,18.74119999956747,nan,-0.8804004937410356
4,DiscNRX,gated,69,0,1,0,1,18.73929999965185,nan,-0.8804004937410356
4,DiscNRX,gated,70,0,1,0,1,19.268499999270716,nan,-0.8804004937410356
4,DiscNRX,gated,71,0,1,0,1,19.852000000355474,nan,-0.8804004937410356
4,DiscNRX,gated,72,0,1,0,1,23.355799999990268,nan,-0.8804004937410356
4,DiscNRX,gated,73,0,1,0,1,21.187800000006973,nan,-0.8804004937410356
4,DiscNRX,gated,74,0,1,0,1,19.281599999885657,nan,-0.8804004937410356
4,DiscNRX,gated,75,0,1,0,1,20.709700000224984,nan,-0.8804004937410356
4,DiscNRX,gated,76,0,1,0,1,19.115699999929348,nan,-0.8804004937410356
4,DiscNRX,gated,77,0,1,0,1,20.199700000375742,nan,-0.8804004937410356
4,DiscNRX,gated,78,0,1,0,1,21.215500000835164,nan,-0.8804004937410356
4,DiscNRX,gated,79,0,1,0,1,22.106200000052922,nan,-0.8804004937410356
4,DiscNRX,gated,80,0,1,0,1,19.672200000059092,nan,-0.8804004937410356
4,DiscNRX,gated,81,0,1,0,1,19.127700000353798,nan,-0.8804004937410356
4,DiscNRX,gated,82,0,1,0,1,18.914399999630405,nan,-0.8804004937410356
4,DiscNRX,gated,83,0,1,0,1,21.975700000439247,nan,-0.8804004937410356
4,DiscNRX,gated,84,0,1,0,1,17.181199999868113,nan,-0.8804004937410356
4,DiscNRX,gated,85,0,1,0,1,21.793100000650156,nan,-0.8804004937410356
4,DiscNRX,gated,86,0,1,0,1,37.22609999931592,nan,-0.8804004937410356
4,DiscNRX,gated,87,0,1,0,1,22.466699999313278,nan,-0.8804004937410356
4,DiscNRX,gated,88,0,1,0,1,22.815299999820127,nan,-0.8804004937410356
4,DiscNRX,gated,89,0,1,0,1,21.795599999677506,nan,-0.8804004937410356
4,DiscNRX,gated,90,0,1,0,1,23.24149999913061,nan,-0.8804004937410356
4,DiscNRX,gated,91,0,1,0,1,22.733400000106485,nan,-0.8804004937410356
4,DiscNRX,gated,92,0,1,0,1,21.07869999963441,nan,-0.8804004937410356
4,DiscNRX,gated,93,0,1,0,1,18.710100000134844,nan,-0.8804004937410356
4,DiscNRX,gated,94,0,1,0,1,22.590099999433733,nan,-0.8804004937410356
4,DiscNRX,gated,95,0,1,0,1,23.73379999971803,nan,-0.8804004937410356
4,DiscNRX,gated,96,0,1,0,1,19.697700000506302,nan,-0.8804004937410356
4,DiscNRX,gated,97,0,1,0,1,20.02390000052401,nan,-0.8804004937410356
4,DiscNRX,gated,98,0,1,0,1,22.030300000551506,nan,-0.8804004937410356
4,DiscNRX,gated,99,0,1,0,1,14.996599999903992,nan,-0.8804004937410356
4,DiscNRX,gated,100,0,1,0,1,18.897699999797624,nan,-0.8804004937410356
4,DiscNRX,gated,101,0,1,0,1,17.723900000419235,nan,-0.8804004937410356
4,DiscNRX,gated,102,0,1,0,1,19.77939999960654,nan,-0.8804004937410356
4,DiscNRX,gated,103,0,1,0,1,17.066599999452592,nan,-0.8804004937410356
4,DiscNRX,gated,104,0,1,0,1,21.022500000071886,nan,-0.8804004937410356
4,DiscNRX,gated,105,0,1,0,1,19.654000000628002,nan,-0.8804004937410356
4,DiscNRX,gated,106,0,1,0,1,33.70290000020759,nan,-0.8804004937410356
4,DiscNRX,gated,107,0,1,0,1,17.82699999967008,nan,-0.8804004937410356
4,DiscNRX,gated,108,0,1,0,1,31.09290000065812,nan,-0.8804004937410356
4,DiscNRX,gated,109,0,1,0,1,20.517700000709738,nan,-0.8804004937410356
4,DiscNRX,gated,110,0,1,0,1,28.012499999931606,nan,-0.8804004937410356
4,DiscNRX,gated,111,0,1,0,1,19.03020000008837,nan,-0.8804004937410356
4,DiscNRX,gated,112,0,1,0,1,21.001999999498366,nan,-0.8804004937410356
4,DiscNRX,gated,113,0,1,0,1,21.558200000072247,nan,-0.8804004937410356
4,DiscNRX,gated,114,0,1,0,1,21.263599999656435,nan,-0.8804004937410356
4,DiscNRX,gated,115,0,1,0,1,18.703699999605305,nan,-0.8804004937410356
4,DiscNRX,gated,116,0,1,0,1,21.33869999943272,nan,-0.8804004937410356
4,DiscNRX,gated,117,0,1,0,1,19.883500000105414,nan,-0.8804004937410356
4,DiscNRX,gated,118,0,1,0,1,19.987599999694794,nan,-0.8804004937410356
4,DiscNRX,gated,119,0,1,0,1,20.836900000176684,nan,-0.8804004937410356
4,DiscNRX,gated,120,0,1,0,1,21.697299999686948,nan,-0.8804004937410356
4,DiscNRX,gated,121,0,1,0,1,21.137499999895226,nan,-0.8804004937410356
4,DiscNRX,gated,122,0,1,0,1,22.195699999429053,nan,-0.8804004937410356
4,DiscNRX,gated,123,0,1,0,1,20.49769999939599,nan,-0.8804004937410356
4,DiscNRX,gated,124,0,1,0,1,20.73980000022857,nan,-0.8804004937410356
4,DiscNRX,gated,125,0,1,0,1,22.316399999908754,nan,-0.8804004937410356
4,DiscNRX,gated,126,0,1,0,1,20.467199999984587,nan,-0.8804004937410356
4,DiscNRX,gated,127,0,1,0,1,21.690900000066904,nan,-0.8804004937410356
4,DiscNRX,gated,128,0,1,0,1,18.357400000240887,nan,-0.8804004937410356
4,DiscNRX,gated,129,0,1,0,1,19.616399999904388,nan,-0.8804004937410356
4,DiscNRX,gated,130,0,1,0,1,19.7558999998364,nan,-0.8804004937410356
4,DiscNRX,gated,131,0,1,0,1,22.593599999709113,nan,-0.8804004937410356
4,DiscNRX,gated,132,0,1,0,1,20.913199999995413,nan,-0.8804004937410356
4,DiscNRX,gated,133,0,1,0,1,20.358100000521517,nan,-0.8804004937410356
4,DiscNRX,gated,134,0,1,0,1,21.08559999942372,nan,-0.8804004937410356
4,DiscNRX,gated,135,0,1,0,1,20.3057999997327,nan,-0.8804004937410356
4,DiscNRX,gated,136,0,1,0,1,21.139100000254984,nan,-0.8804004937410356
4,DiscNRX,gated,137,0,1,0,1,21.203199999945355,nan,-0.8804004937410356
4,DiscNRX,gated,138,0,1,0,1,19.642000000203552,nan,-0.8804004937410356
4,DiscNRX,gated,139,0,1,0,1,22.147399999994377,nan,-0.8804004937410356
4,DiscNRX,gated,140,0,1,0,1,26.029799999378156,nan,-0.8804004937410356
4,DiscNRX,gated,141,0,1,0,1,20.283600000766455,nan,-0.8804004937410356
4,DiscNRX,gated,142,0,1,0,1,21.959600000627688,nan,-0.8804004937410356
4,DiscNRX,gated,143,0,1,0,1,19.996299999547773,nan,-0.8804004937410356
4,DiscNRX,gated,144,0,1,0,1,22.377299999789102,nan,-0.8804004937410356
4,DiscNRX,gated,145,0,1,0,1,20.431099999768776,nan,-0.8804004937410356
4,DiscNRX,gated,146,0,1,0,1,23.37939999961236,nan,-0.8804004937410356
4,DiscNRX,gated,147,0,1,0,1,19.610900000770926,nan,-0.8804004937410356
4,DiscNRX,gated,148,0,1,0,1,21.061000000372587,nan,-0.8804004937410356
4,DiscNRX,gated,149,0,1,0,1,34.337199999754375,nan,-0.8804004937410356
4,DiscNRX,gated,150,0,1,0,1,21.69679999951768,nan,-0.8804004937410356
4,DiscNRX,gated,151,0,1,0,1,20.656599999711034,nan,-0.8804004937410356
4,DiscNRX,gated,152,0,1,0,1,38.34729999925912,nan,-0.8804004937410356
4,DiscNRX,gated,153,0,1,0,1,18.732500000623986,nan,-0.8804004937410356
4,DiscNRX,gated,154,0,1,0,1,16.699400000106834,nan,-0.8804004937410356
4,DiscNRX,gated,155,0,1,0,1,21.353999999519147,nan,-0.8804004937410356
4,DiscNRX,gated,156,0,1,0,1,25.41410000048927,nan,-0.8804004937410356
4,DiscNRX,gated,157,0,1,0,1,22.346799999468203,nan,-0.8804004937410356
4,DiscNRX,gated,158,0,1,0,1,19.959999999628053,nan,-0.8804004937410356
4,DiscNRX,gated,159,0,1,0,1,27.360699999917415,nan,-0.8804004937410356
4,DiscNRX,gated,160,0,1,0,1,19.659300000057556,nan,-0.8804004937410356
4,DiscNRX,gated,161,0,1,0,1,21.381900000051246,nan,-0.8804004937410356
4,DiscNRX,gated,162,0,1,0,1,22.1903999999995,nan,-0.8804004937410356
4,DiscNRX,gated,163,0,1,0,1,21.579600000222854,nan,-0.8804004937410356
4,DiscNRX,gated,164,0,1,0,1,18.861599999581813,nan,-0.8804004937410356
4,DiscNRX,gated,165,0,1,0,1,19.21330000004673,nan,-0.8804004937410356
4,DiscNRX,gated,166,0,1,0,1,22.367399999893678,nan,-0.8804004937410356
4,DiscNRX,gated,167,0,1,0,1,18.44040000014502,nan,-0.8804004937410356
4,DiscNRX,gated,168,0,1,0,1,19.921500000236847,nan,-0.8804004937410356
4,DiscNRX,gated,169,0,1,0,1,19.456799999716168,nan,-0.8804004937410356
4,DiscNRX,gated,170,0,1,0,1,22.124199999780103,nan,-0.8804004937410356
4,DiscNRX,gated,171,0,1,0,1,20.40130000023055,nan,-0.8804004937410356
4,DiscNRX,gated,172,0,1,0,1,19.009799999366805,nan,-0.8804004937410356
4,DiscNRX,gated,173,0,1,0,1,21.402100000159408,nan,-0.8804004937410356
4,DiscNRX,gated,174,0,1,0,1,21.966999999676773,nan,-0.8804004937410356
4,DiscNRX,gated,175,0,1,0,1,17.967400000088674,nan,-0.8804004937410356
4,DiscNRX,gated,176,0,1,0,1,20.147000000179105,nan,-0.8804004937410356
4,DiscNRX,gated,177,0,1,0,1,20.18049999969662,nan,-0.8804004937410356
4,DiscNRX,gated,178,0,1,0,1,21.84289999968314,nan,-0.8804004937410356
4,DiscNRX,gated,179,0,1,0,1,20.752499999616703,nan,-0.8804004937410356
4,DiscNRX,gated,180,0,1,0,1,21.326699999917764,nan,-0.8804004937410356
4,DiscNRX,gated,181,0,1,0,1,20.385799999530718,nan,-0.8804004937410356
4,DiscNRX,gated,182,0,1,0,1,21.330900000066322,nan,-0.8804004937410356
4,DiscNRX,gated,183,0,1,0,1,20.459200000004785,nan,-0.8804004937410356
4,DiscNRX,gated,184,0,1,0,1,21.497599999747763,nan,-0.8804004937410356
4,DiscNRX,gated,185,0,1,0,1,20.192300000417163,nan,-0.8804004937410356
4,DiscNRX,gated,186,0,1,0,1,21.26270000007935,nan,-0.8804004937410356
4,DiscNRX,gated,187,0,1,0,1,19.082100000559876,nan,-0.8804004937410356
4,DiscNRX,gated,188,0,1,0,1,23.193500000161293,nan,-0.8804004937410356
4,DiscNRX,gated,189,0,1,0,1,23.834200000237615,nan,-0.8804004937410356
4,DiscNRX,gated,190,0,1,0,1,23.258000000168977,nan,-0.8804004937410356
4,DiscNRX,gated,191,0,1,0,1,17.985899999985122,nan,-0.8804004937410356
4,DiscNRX,gated,192,0,1,0,1,19.54829999976937,nan,-0.8804004937410356
4,DiscNRX,gated,193,0,1,0,1,20.337900000413356,nan,-0.8804004937410356
4,DiscNRX,gated,194,0,1,0,1,19.732800000383577,nan,-0.8804004937410356
4,DiscNRX,gated,195,0,1,0,1,15.757799999846611,nan,-0.8804004937410356
4,DiscNRX,gated,196,0,1,0,1,19.449199999144184,nan,-0.8804004937410356
4,DiscNRX,gated,197,0,1,0,1,19.868100000167033,nan,-0.8804004937410356
4,DiscNRX,gated,198,0,1,0,1,19.085699999777717,nan,-0.8804004937410356
4,DiscNRX,gated,199,0,1,0,1,20.149599999967904,nan,-0.8804004937410356
4,DiscNRX,gated,200,0,1,0,1,22.10579999973561,nan,-0.8804004937410356
4,DiscNRX,gated,201,0,1,0,1,22.186199999850942,nan,-0.8804004937410356
4,DiscNRX,gated,202,0,1,0,1,21.81430000018736,nan,-0.8804004937410356
4,DiscNRX,gated,203,0,1,0,1,18.380399999841757,nan,-0.8804004937410356
4,DiscNRX,gated,204,0,1,0,1,17.95829999991838,nan,-0.8804004937410356
4,DiscNRX,gated,205,0,1,0,1,20.218499999828055,nan,-0.8804004937410356
4,DiscNRX,gated,206,0,1,0,1,21.45990000008169,nan,-0.8804004937410356
4,DiscNRX,gated,207,0,1,0,1,19.32459999989078,nan,-0.8804004937410356
4,DiscNRX,gated,208,0,1,0,1,20.312900000135414,nan,-0.8804004937410356
4,DiscNRX,gated,209,0,1,0,1,20.752700000230107,nan,-0.8804004937410356
4,DiscNRX,gated,210,0,1,0,1,20.75650000006135,nan,-0.8804004937410356
4,DiscNRX,gated,211,0,1,0,1,21.154699999897275,nan,-0.8804004937410356
4,DiscNRX,gated,212,0,1,0,1,21.448200000122597,nan,-0.8804004937410356
4,DiscNRX,gated,213,0,1,0,1,20.60689999962051,nan,-0.8804004937410356
4,DiscNRX,gated,214,0,1,0,1,18.321000000469212,nan,-0.8804004937410356
4,DiscNRX,gated,215,0,1,0,1,20.835999999690102,nan,-0.8804004937410356
4,DiscNRX,gated,216,0,1,0,1,21.48829999987356,nan,-0.8804004937410356
4,DiscNRX,gated,217,0,1,0,1,21.469600000273203,nan,-0.8804004937410356
4,DiscNRX,gated,218,0,1,0,1,21.73280000079103,nan,-0.8804004937410356
4,DiscNRX,gated,219,0,1,0,1,21.943199999441276,nan,-0.8804004937410356
4,DiscNRX,gated,220,0,1,0,1,21.642700000484183,nan,-0.8804004937410356
4,DiscNRX,gated,221,0,1,0,1,19.160499999998137,nan,-0.8804004937410356
4,DiscNRX,gated,222,0,1,0,1,23.16869999958726,nan,-0.8804004937410356
4,DiscNRX,gated,223,0,1,0,1,23.750299999846902,nan,-0.8804004937410356
4,DiscNRX,gated,224,0,1,0,1,23.518800000601914,nan,-0.8804004937410356
4,DiscNRX,gated,225,0,1,0,1,22.495600000183913,nan,-0.8804004937410356
4,DiscNRX,gated,226,0,1,0,1,17.671200000222598,nan,-0.8804004937410356
4,DiscNRX,gated,227,0,1,0,1,20.24749999964115,nan,-0.8804004937410356
4,DiscNRX,gated,228,0,1,0,1,22.76239999991958,nan,-0.8804004937410356
4,DiscNRX,gated,229,0,1,0,1,23.98429999993823,nan,-0.8804004937410356
4,DiscNRX,gated,230,0,1,0,1,26.01169999979902,nan,-0.8804004937410356
4,DiscNRX,gated,231,0,1,0,1,20.576900000378373,nan,-0.8804004937410356
4,DiscNRX,gated,232,0,1,0,1,21.137499999895226,nan,-0.8804004937410356
4,DiscNRX,gated,233,0,1,0,1,21.377600000050734,nan,-0.8804004937410356
4,DiscNRX,gated,234,0,1,0,1,20.585600000231352,nan,-0.8804004937410356
4,DiscNRX,gated,235,0,1,0,1,23.08549999997922,nan,-0.8804004937410356
4,DiscNRX,gated,236,0,1,0,1,22.0683999996254,nan,-0.8804004937410356
4,DiscNRX,gated,237,0,1,0,1,19.486900000629248,nan,-0.8804004937410356
4,DiscNRX,gated,238,0,1,0,1,19.46070000030886,nan,-0.8804004937410356
4,DiscNRX,gated,239,0,1,0,1,20.752599999468657,nan,-0.8804004937410356
4,DiscNRX,gated,240,0,1,0,1,20.72180000050139,nan,-0.8804004937410356
4,DiscNRX,gated,241,0,1,0,1,20.704399999885936,nan,-0.8804004937410356
4,DiscNRX,gated,242,0,1,0,1,19.120099999781814,nan,-0.8804004937410356
4,DiscNRX,gated,243,0,1,0,1,18.741099999715516,nan,-0.8804004937410356
4,DiscNRX,gated,244,0,1,0,1,19.269499999609252,nan,-0.8804004937410356
4,DiscNRX,gated,245,0,1,0,1,21.05310000024474,nan,-0.8804004937410356
4,DiscNRX,gated,246,0,1,0,1,20.392899999933434,nan,-0.8804004937410356
4,DiscNRX,gated,247,0,1,0,1,19.978300000730087,nan,-0.8804004937410356
4,DiscNRX,gated,248,0,1,0,1,23.58860000003915,nan,-0.8804004937410356
4,DiscNRX,gated,249,0,1,0,1,22.1720000008645,nan,-0.8804004937410356
4,DiscNRX,gated,250,0,1,0,1,19.631099999969592,nan,-0.8804004937410356
4,DiscNRX,gated,251,0,1,0,1,22.168100000271806,nan,-0.8804004937410356
4,DiscNRX,gated,252,0,1,0,1,20.932299999913084,nan,-0.8804004937410356
4,DiscNRX,gated,253,0,1,0,1,21.187600000303064,nan,-0.8804004937410356
4,DiscNRX,gated,254,0,1,0,1,20.019699999465956,nan,-0.8804004937410356
4,DiscNRX,gated,255,0,1,0,1,26.91030000005412,nan,-0.8804004937410356
4,DiscNRX,gated,256,0,1,0,1,20.666800000071817,nan,-0.8804004937410356
4,DiscNRX,gated,257,0,1,0,1,22.059400000216556,nan,-0.8804004937410356
4,DiscNRX,gated,258,0,1,0,1,21.773700000267127,nan,-0.8804004937410356
4,DiscNRX,gated,259,0,1,0,1,19.751300000280025,nan,-0.8804004937410356
4,DiscNRX,gated,260,0,1,0,1,19.74549999977171,nan,-0.8804004937410356
4,DiscNRX,gated,261,0,1,0,1,19.251400000030117,nan,-0.8804004937410356
4,DiscNRX,gated,262,0,1,0,1,19.030199999178876,nan,-0.8804004937410356
4,DiscNRX,gated,263,0,1,0,1,20.541099999718426,nan,-0.8804004937410356
4,DiscNRX,gated,264,0,1,0,1,20.18690000022616,nan,-0.8804004937410356
4,DiscNRX,gated,265,0,1,0,1,23.1738000002224,nan,-0.8804004937410356
4,DiscNRX,gated,266,0,1,0,1,21.338900000046124,nan,-0.8804004937410356
4,DiscNRX,gated,267,0,1,0,1,21.711499999582884,nan,-0.8804004937410356
4,DiscNRX,gated,268,0,1,0,1,21.06999999978143,nan,-0.8804004937410356
4,DiscNRX,gated,269,0,1,0,1,21.153900000172143,nan,-0.8804004937410356
4,DiscNRX,gated,270,0,1,0,1,22.745000000213622,nan,-0.8804004937410356
4,DiscNRX,gated,271,0,1,0,1,20.94920000035927,nan,-0.8804004937410356
4,DiscNRX,gated,272,0,1,0,1,21.01459999994404,nan,-0.8804004937410356
4,DiscNRX,gated,273,0,1,0,1,21.54629999949975,nan,-0.8804004937410356
4,DiscNRX,gated,274,0,1,0,1,20.750100000441307,nan,-0.8804004937410356
4,DiscNRX,gated,275,0,1,0,1,19.965599999522965,nan,-0.8804004937410356
4,DiscNRX,gated,276,0,1,0,1,18.92070000030799,nan,-0.8804004937410356
4,DiscNRX,gated,277,0,1,0,1,19.802299999355455,nan,-0.8804004937410356
4,DiscNRX,gated,278,0,1,0,1,19.69199999984994,nan,-0.8804004937410356
4,DiscNRX,gated,279,0,1,0,1,16.860499999893364,nan,-0.8804004937410356
4,DiscNRX,gated,280,0,1,0,1,17.76510000036069,nan,-0.8804004937410356
4,DiscNRX,gated,281,0,1,0,1,19.20109999991837,nan,-0.8804004937410356
4,DiscNRX,gated,282,0,1,0,1,19.997499999590218,nan,-0.8804004937410356
4,DiscNRX,gated,283,0,1,0,1,19.00649999970483,nan,-0.8804004937410356
4,DiscNRX,gated,284,0,1,0,1,21.362499999668216,nan,-0.8804004937410356
4,DiscNRX,gated,285,0,1,0,1,19.576300000153424,nan,-0.8804004937410356
4,DiscNRX,gated,286,0,1,0,1,18.255599999974947,nan,-0.8804004937410356
4,DiscNRX,gated,287,0,1,0,1,20.19800000016403,nan,-0.8804004937410356
4,DiscNRX,gated,288,0,1,0,1,20.520199999737088,nan,-0.8804004937410356
4,DiscNRX,gated,289,0,1,0,1,21.562700000686164,nan,-0.8804004937410356
4,DiscNRX,gated,290,0,1,0,1,22.682499999973516,nan,-0.8804004937410356
4,DiscNRX,gated,291,0,1,0,1,20.075700000234065,nan,-0.8804004937410356
4,DiscNRX,gated,292,0,1,0,1,23.370200000499608,nan,-0.8804004937410356
4,DiscNRX,gated,293,0,1,0,1,19.814499999483814,nan,-0.8804004937410356
4,DiscNRX,gated,294,0,1,0,1,21.09089999976277,nan,-0.8804004937410356
4,DiscNRX,gated,295,0,1,0,1,19.91820000057487,nan,-0.8804004937410356
4,DiscNRX,gated,296,0,1,0,1,20.893400000204565,nan,-0.8804004937410356
4,DiscNRX,gated,297,0,1,0,1,18.061199999465316,nan,-0.8804004937410356
4,DiscNRX,gated,298,0,1,0,1,21.051599999736936,nan,-0.8804004937410356
4,DiscNRX,gated,299,0,1,0,1,19.713400000000547,nan,-0.8804004937410356
4,DiscNRX,gated,300,0,1,0,1,19.22729999932926,nan,-0.8804004937410356
4,DiscNRX,gated,301,0,1,0,1,19.73970000017289,nan,-0.8804004937410356
4,DiscNRX,gated,302,0,1,0,1,20.076800000424555,nan,-0.8804004937410356
4,DiscNRX,gated,303,0,1,0,1,20.951000000422937,nan,-0.8804004937410356
4,DiscNRX,gated,304,0,1,0,1,19.662699999571487,nan,-0.8804004937410356
4,DiscNRX,gated,305,0,1,0,1,20.047300000442192,nan,-0.8804004937410356
4,DiscNRX,gated,306,0,1,0,1,20.744100000229082,nan,-0.8804004937410356
4,DiscNRX,gated,307,0,1,0,1,19.390200000088953,nan,-0.8804004937410356
4,DiscNRX,gated,308,0,1,0,1,22.15890000024956,nan,-0.8804004937410356
4,DiscNRX,gated,309,0,1,0,1,21.63529999961611,nan,-0.8804004937410356
4,DiscNRX,gated,310,0,1,0,1,23.207199999887962,nan,-0.8804004937410356
4,DiscNRX,gated,311,0,1,0,1,19.40660000036587,nan,-0.8804004937410356
4,DiscNRX,gated,312,0,1,0,1,20.19620000010036,nan,-0.8804004937410356
4,DiscNRX,gated,313,0,1,0,1,20.323300000200106,nan,-0.8804004937410356
4,DiscNRX,gated,314,0,1,0,1,24.745500000790344,nan,-0.8804004937410356
4,DiscNRX,gated,315,0,1,0,1,19.68639999995503,nan,-0.8804004937410356
4,DiscNRX,gated,316,0,1,0,1,20.90299999963463,nan,-0.8804004937410356
4,DiscNRX,gated,317,0,1,0,1,19.36799999930372,nan,-0.8804004937410356
4,DiscNRX,gated,318,0,1,0,1,20.125799999732408,nan,-0.8804004937410356
4,DiscNRX,gated,319,0,1,0,1,18.27060000050551,nan,-0.8804004937410356
4,DiscNRX,gated,320,0,1,0,1,19.58820000072592,nan,-0.8804004937410356
4,DiscNRX,gated,321,0,1,0,1,18.879799999922398,nan,-0.8804004937410356
4,DiscNRX,gated,322,0,1,0,1,21.331399999326095,nan,-0.8804004937410356
4,DiscNRX,gated,323,0,1,0,1,18.974900000102934,nan,-0.8804004937410356
4,DiscNRX,gated,324,0,1,0,1,21.98950000001787,nan,-0.8804004937410356
4,DiscNRX,gated,325,0,1,0,1,20.31500000066444,nan,-0.8804004937410356
4,DiscNRX,gated,326,0,1,0,1,23.834900000110792,nan,-0.8804004937410356
4,DiscNRX,gated,327,0,1,0,1,21.02310000009311,nan,-0.8804004937410356
4,DiscNRX,gated,328,0,1,0,1,24.4327999998859,nan,-0.8804004937410356
4,DiscNRX,gated,329,0,1,0,1,24.62210000066989,nan,-0.8804004937410356
4,DiscNRX,gated,330,0,1,0,1,18.99680000042281,nan,-0.8804004937410356
4,DiscNRX,gated,331,0,1,0,1,21.70490000025893,nan,-0.8804004937410356
4,DiscNRX,gated,332,0,1,0,1,23.577199999635923,nan,-0.8804004937410356
4,DiscNRX,gated,333,0,1,0,1,18.973799999912444,nan,-0.8804004937410356
4,DiscNRX,gated,334,0,1,0,1,19.28909999969619,nan,-0.8804004937410356
4,DiscNRX,gated,335,0,1,0,1,21.32849999998143,nan,-0.8804004937410356
4,DiscNRX,gated,336,0,1,0,1,17.84759999918606,nan,-0.8804004937410356
4,DiscNRX,gated,337,0,1,0,1,18.434499999784748,nan,-0.8804004937410356
4,DiscNRX,gated,338,0,1,0,1,22.236700000576093,nan,-0.8804004937410356
4,DiscNRX,gated,339,0,1,0,1,24.545699999180215,nan,-0.8804004937410356
4,DiscNRX,gated,340,0,1,0,1,21.910100000241073,nan,-0.8804004937410356
4,DiscNRX,gated,341,0,1,0,1,21.699400000215974,nan,-0.8804004937410356
4,DiscNRX,gated,342,0,1,0,1,18.651800000043295,nan,-0.8804004937410356
4,DiscNRX,gated,343,0,1,0,1,19.247600000198872,nan,-0.8804004937410356
4,DiscNRX,gated,344,0,1,0,1,21.98190000035538,nan,-0.8804004937410356
4,DiscNRX,gated,345,0,1,0,1,20.933599999807484,nan,-0.8804004937410356
4,DiscNRX,gated,346,0,1,0,1,20.50950000011653,nan,-0.8804004937410356
4,DiscNRX,gated,347,0,1,0,1,21.011299999372568,nan,-0.8804004937410356
4,DiscNRX,gated,348,0,1,0,1,20.510399999693618,nan,-0.8804004937410356
4,DiscNRX,gated,349,0,1,0,1,20.19549999931769,nan,-0.8804004937410356
4,DiscNRX,gated,350,0,1,0,1,18.455000000358268,nan,-0.8804004937410356
4,DiscNRX,gated,351,0,1,0,1,20.26179999938904,nan,-0.8804004937410356
4,DiscNRX,gated,352,0,1,0,1,21.99819999987085,nan,-0.8804004937410356
4,DiscNRX,gated,353,0,1,0,1,21.670300000550924,nan,-0.8804004937410356
4,DiscNRX,gated,354,0,1,0,1,23.15349999935279,nan,-0.8804004937410356
4,DiscNRX,gated,355,0,1,0,1,20.612500000424916,nan,-0.8804004937410356
4,DiscNRX,gated,356,0,1,0,1,21.69289999983448,nan,-0.8804004937410356
4,DiscNRX,gated,357,0,1,0,1,20.16840000032971,nan,-0.8804004937410356
4,DiscNRX,gated,358,0,1,0,1,19.43829999981972,nan,-0.8804004937410356
4,DiscNRX,gated,359,0,1,0,1,20.03839999997581,nan,-0.8804004937410356
4,DiscNRX,gated,360,0,1,0,1,21.180400000048394,nan,-0.8804004937410356
4,DiscNRX,gated,361,0,1,0,1,21.695599999475235,nan,-0.8804004937410356
4,DiscNRX,gated,362,0,1,0,1,19.896899999366724,nan,-0.8804004937410356
4,DiscNRX,gated,363,0,1,0,1,21.27100000052451,nan,-0.8804004937410356
4,DiscNRX,gated,364,0,1,0,1,25.018899999849964,nan,-0.8804004937410356
4,DiscNRX,gated,365,0,1,0,1,20.03659999991214,nan,-0.8804004937410356
4,DiscNRX,gated,366,0,1,0,1,20.87260000007518,nan,-0.8804004937410356
4,DiscNRX,gated,367,0,1,0,1,19.84219999940251,nan,-0.8804004937410356
4,DiscNRX,gated,368,0,1,0,1,26.290800000424497,nan,-0.8804004937410356
4,DiscNRX,gated,369,0,1,0,1,22.04170000004524,nan,-0.8804004937410356
4,DiscNRX,gated,370,0,1,0,1,22.362300000168034,nan,-0.8804004937410356
4,DiscNRX,gated,371,0,1,0,1,19.64739999948506,nan,-0.8804004937410356
4,DiscNRX,gated,372,0,1,0,1,20.625299999665003,nan,-0.8804004937410356
4,DiscNRX,gated,373,0,1,0,1,22.13240000037331,nan,-0.8804004937410356
4,DiscNRX,gated,374,0,1,0,1,19.37999999972817,nan,-0.8804004937410356
4,DiscNRX,gated,375,0,1,0,1,20.053899999766145,nan,-0.8804004937410356
4,DiscNRX,gated,376,0,1,0,1,23.244699999850127,nan,-0.8804004937410356
4,DiscNRX,gated,377,0,1,0,1,22.610299999541894,nan,-0.8804004937410356
4,DiscNRX,gated,378,0,1,0,1,19.74219999920024,nan,-0.8804004937410356
4,DiscNRX,gated,379,0,1,0,1,19.766899999922316,nan,-0.8804004937410356
4,DiscNRX,gated,380,0,1,0,1,20.256500000868982,nan,-0.8804004937410356
4,DiscNRX,gated,381,0,1,0,1,20.87149999988469,nan,-0.8804004937410356
4,DiscNRX,gated,382,0,1,0,1,20.519299999250507,nan,-0.8804004937410356
4,DiscNRX,gated,383,0,1,0,1,22.01260000038019,nan,-0.8804004937410356
4,DiscNRX,gated,384,0,1,0,1,20.855899999332905,nan,-0.8804004937410356
4,DiscNRX,gated,385,0,1,0,1,21.060899999611138,nan,-0.8804004937410356
4,DiscNRX,gated,386,0,1,0,1,21.22209999924962,nan,-0.8804004937410356
4,DiscNRX,gated,387,0,1,0,1,18.669000000045344,nan,-0.8804004937410356
4,DiscNRX,gated,388,0,1,0,1,21.659299999555515,nan,-0.8804004937410356
4,DiscNRX,gated,389,0,1,0,1,20.088299999770243,nan,-0.8804004937410356
4,DiscNRX,gated,390,0,1,0,1,19.475999999485794,nan,-0.8804004937410356
4,DiscNRX,gated,391,0,1,0,1,20.026099999995495,nan,-0.8804004937410356
4,DiscNRX,gated,392,0,1,0,1,20.515399999567308,nan,-0.8804004937410356
4,DiscNRX,gated,393,0,1,0,1,20.35189999969589,nan,-0.8804004937410356
4,DiscNRX,gated,394,0,1,0,1,21.155399999770452,nan,-0.8804004937410356
4,DiscNRX,gated,395,0,1,0,1,21.072300000014366,nan,-0.8804004937410356
4,DiscNRX,gated,396,0,1,0,1,21.20939999986149,nan,-0.8804004937410356
4,DiscNRX,gated,397,0,1,0,1,19.80360000015935,nan,-0.8804004937410356
4,DiscNRX,gated,398,0,1,0,1,21.77890000075422,nan,-0.8804004937410356
4,DiscNRX,gated,399,0,1,0,1,16.592199999649893,nan,-0.8804004937410356
4,DiscNRX,gated,400,0,1,0,1,19.614200000432902,nan,-0.8804004937410356
4,DiscNRX,gated,401,0,1,0,1,19.1064999999071,nan,-0.8804004937410356
4,DiscNRX,gated,402,0,1,0,1,20.675300000220886,nan,-0.8804004937410356
4,DiscNRX,gated,403,0,1,0,1,17.656399999395944,nan,-0.8804004937410356
4,DiscNRX,gated,404,0,1,0,1,19.979400000011083,nan,-0.8804004937410356
4,DiscNRX,gated,405,0,1,0,1,21.312099999704515,nan,-0.8804004937410356
4,DiscNRX,gated,406,0,1,0,1,22.160700000313227,nan,-0.8804004937410356
4,DiscNRX,gated,407,0,1,0,1,19.386799999665527,nan,-0.8804004937410356
4,DiscNRX,gated,408,0,1,0,1,21.670699999958742,nan,-0.8804004937410356
4,DiscNRX,gated,409,0,1,0,1,19.63739999973768,nan,-0.8804004937410356
4,DiscNRX,gated,410,0,1,0,1,22.062000000005355,nan,-0.8804004937410356
4,DiscNRX,gated,411,0,1,0,1,20.144099999924947,nan,-0.8804004937410356
4,DiscNRX,gated,412,0,1,0,1,20.49379999971279,nan,-0.8804004937410356
4,DiscNRX,gated,413,0,1,0,1,21.56439999998838,nan,-0.8804004937410356
4,DiscNRX,gated,414,0,1,0,1,23.661100000026636,nan,-0.8804004937410356
4,DiscNRX,gated,415,0,1,0,1,20.099600000321516,nan,-0.8804004937410356
4,DiscNRX,gated,416,0,1,0,1,23.303199999645585,nan,-0.8804004937410356
4,DiscNRX,gated,417,0,1,0,1,20.817700000407058,nan,-0.8804004937410356
4,DiscNRX,gated,418,0,1,0,1,17.733100000441482,nan,-0.8804004937410356
4,DiscNRX,gated,419,0,1,0,1,19.43089999986114,nan,-0.8804004937410356
4,DiscNRX,gated,420,0,1,0,1,22.988400000031106,nan,-0.8804004937410356
4,DiscNRX,gated,421,0,1,0,1,21.9941999994262,nan,-0.8804004937410356
4,DiscNRX,gated,422,0,1,0,1,22.196800000529038,nan,-0.8804004937410356
4,DiscNRX,gated,423,0,1,0,1,22.35079999991285,nan,-0.8804004937410356
4,DiscNRX,gated,424,0,1,0,1,20.395600000483682,nan,-0.8804004937410356
4,DiscNRX,gated,425,0,1,0,1,21.99079999991227,nan,-0.8804004937410356
4,DiscNRX,gated,426,0,1,0,1,22.601399999985006,nan,-0.8804004937410356
4,DiscNRX,gated,427,0,1,0,1,19.345200000316254,nan,-0.8804004937410356
4,DiscNRX,gated,428,0,1,0,1,20.594200000232377,nan,-0.8804004937410356
4,DiscNRX,gated,429,0,1,0,1,23.566500000015367,nan,-0.8804004937410356
4,DiscNRX,gated,430,0,1,0,1,18.354800000452087,nan,-0.8804004937410356
4,DiscNRX,gated,431,0,1,0,1,19.698000000062166,nan,-0.8804004937410356
4,DiscNRX,gated,432,0,1,0,1,21.168399999623944,nan,-0.8804004937410356
4,DiscNRX,gated,433,0,1,0,1,19.547299999430834,nan,-0.8804004937410356
4,DiscNRX,gated,434,0,1,0,1,21.976600000016333,nan,-0.8804004937410356
4,DiscNRX,gated,435,0,1,0,1,20.852699999522883,nan,-0.8804004937410356
4,DiscNRX,gated,436,0,1,0,1,18.356499999754305,nan,-0.8804004937410356
4,DiscNRX,gated,437,0,1,0,1,20.085800000742893,nan,-0.8804004937410356
4,DiscNRX,gated,438,0,1,0,1,20.13130000068486,nan,-0.8804004937410356
4,DiscNRX,gated,439,0,1,0,1,18.661099999917496,nan,-0.8804004937410356
4,DiscNRX,gated,440,0,1,0,1,20.048499999575142,nan,-0.8804004937410356
4,DiscNRX,gated,441,0,1,0,1,21.92139999988285,nan,-0.8804004937410356
4,DiscNRX,gated,442,0,1,0,1,20.316200000706885,nan,-0.8804004937410356
4,DiscNRX,gated,443,0,1,0,1,21.203399999649264,nan,-0.8804004937410356
4,DiscNRX,gated,444,0,1,0,1,23.004800000308023,nan,-0.8804004937410356
4,DiscNRX,gated,445,0,1,0,1,21.257000000332482,nan,-0.8804004937410356
4,DiscNRX,gated,446,0,1,0,1,19.592399999964982,nan,-0.8804004937410356
4,DiscNRX,gated,447,0,1,0,1,21.322800000234565,nan,-0.8804004937410356
4,DiscNRX,gated,448,0,1,0,1,21.722200000112935,nan,-0.8804004937410356
4,DiscNRX,gated,449,0,1,0,1,21.01189999939379,nan,-0.8804004937410356
4,DiscNRX,gated,450,0,1,0,1,20.019399999910092,nan,-0.8804004937410356
4,DiscNRX,gated,451,0,1,0,1,17.791899999792804,nan,-0.8804004937410356
4,DiscNRX,gated,452,0,1,0,1,19.88290000008419,nan,-0.8804004937410356
4,DiscNRX,gated,453,0,1,0,1,21.255200000268815,nan,-0.8804004937410356
4,DiscNRX,gated,454,0,1,0,1,20.792300000721298,nan,-0.8804004937410356
4,DiscNRX,gated,455,0,1,0,1,21.472000000358094,nan,-0.8804004937410356
4,DiscNRX,gated,456,0,1,0,1,21.213300000454183,nan,-0.8804004937410356
4,DiscNRX,gated,457,0,1,0,1,23.59199999955308,nan,-0.8804004937410356
4,DiscNRX,gated,458,0,1,0,1,21.343899999919813,nan,-0.8804004937410356
4,DiscNRX,gated,459,0,1,0,1,21.5634999995018,nan,-0.8804004937410356
4,DiscNRX,gated,460,0,1,0,1,23.15900000030524,nan,-0.8804004937410356
4,DiscNRX,gated,461,0,1,0,1,22.869699999318982,nan,-0.8804004937410356
4,DiscNRX,gated,462,0,1,0,1,19.969599999967613,nan,-0.8804004937410356
4,DiscNRX,gated,463,0,1,0,1,21.22239999971498,nan,-0.8804004937410356
4,DiscNRX,gated,464,0,1,0,1,20.15800000026502,nan,-0.8804004937410356
4,DiscNRX,gated,465,0,1,0,1,24.037899999711954,nan,-0.8804004937410356
4,DiscNRX,gated,466,0,1,0,1,19.26019999973505,nan,-0.8804004937410356
4,DiscNRX,gated,467,0,1,0,1,19.08480000020063,nan,-0.8804004937410356
4,DiscNRX,gated,468,0,1,0,1,20.894000000225788,nan,-0.8804004937410356
4,DiscNRX,gated,469,0,1,0,1,20.851999999649706,nan,-0.8804004937410356
4,DiscNRX,gated,470,0,1,0,1,22.87519999936194,nan,-0.8804004937410356
4,DiscNRX,gated,471,0,1,0,1,18.755299999611452,nan,-0.8804004937410356
4,DiscNRX,gated,472,0,1,0,1,22.892399999363988,nan,-0.8804004937410356
4,DiscNRX,gated,473,0,1,0,1,22.09450000009383,nan,-0.8804004937410356
4,DiscNRX,gated,474,0,1,0,1,22.1746000006533,nan,-0.8804004937410356
4,DiscNRX,gated,475,0,1,0,1,21.650700000463985,nan,-0.8804004937410356
4,DiscNRX,gated,476,0,1,0,1,20.537399999739137,nan,-0.8804004937410356
4,DiscNRX,gated,477,0,1,0,1,20.59940000071947,nan,-0.8804004937410356
4,DiscNRX,gated,478,0,1,0,1,21.289700000124867,nan,-0.8804004937410356
4,DiscNRX,gated,479,0,1,0,1,22.034999999959837,nan,-0.8804004937410356
4,DiscNRX,gated,480,0,1,0,1,21.680400000150257,nan,-0.8804004937410356
4,DiscNRX,gated,481,0,1,0,1,19.14050000050338,nan,-0.8804004937410356
4,DiscNRX,gated,482,0,1,0,1,20.35379999961151,nan,-0.8804004937410356
4,DiscNRX,gated,483,0,1,0,1,22.82329999979993,nan,-0.8804004937410356
4,DiscNRX,gated,484,0,1,0,1,23.140500000408792,nan,-0.8804004937410356
4,DiscNRX,gated,485,0,1,0,1,22.8927999996813,nan,-0.8804004937410356
4,DiscNRX,gated,486,0,1,0,1,20.615899999938847,nan,-0.8804004937410356
4,DiscNRX,gated,487,0,1,0,1,21.27199999995355,nan,-0.8804004937410356
4,DiscNRX,gated,488,0,1,0,1,19.320999999763444,nan,-0.8804004937410356
4,DiscNRX,gated,489,0,1,0,1,22.240599999349797,nan,-0.8804004937410356
4,DiscNRX,gated,490,0,1,0,1,18.337900000005902,nan,-0.8804004937410356
4,DiscNRX,gated,491,0,1,0,1,22.368699999788078,nan,-0.8804004937410356
4,DiscNRX,gated,492,0,1,0,1,19.41549999992276,nan,-0.8804004937410356
4,DiscNRX,gated,493,0,1,0,1,20.692899999630754,nan,-0.8804004937410356
4,DiscNRX,gated,494,0,1,0,1,21.28309999989142,nan,-0.8804004937410356
4,DiscNRX,gated,495,0,1,0,1,19.72810000006575,nan,-0.8804004937410356
4,DiscNRX,gated,496,0,1,0,1,18.896399999903224,nan,-0.8804004937410356
4,DiscNRX,gated,497,0,1,0,1,20.528600000034203,nan,-0.8804004937410356
4,DiscNRX,gated,498,0,1,0,1,20.900499999697786,nan,-0.8804004937410356
4,DiscNRX,gated,499,0,1,0,1,19.57349999975122,nan,-0.8804004937410356
4,DiscNRX,gated,500,0,1,0,1,21.82529999936378,nan,-0.8804004937410356
4,DiscNRX,gated,501,0,1,0,1,17.905299999256385,nan,-0.8804004937410356
4,DiscNRX,gated,502,0,1,0,1,19.904699999642617,nan,-0.8804004937410356
4,DiscNRX,gated,503,0,1,0,1,21.60089999961201,nan,-0.8804004937410356
4,DiscNRX,gated,504,0,1,0,1,21.67899999949441,nan,-0.8804004937410356
4,DiscNRX,gated,505,0,1,0,1,20.90870000029099,nan,-0.8804004937410356
4,DiscNRX,gated,506,0,1,0,1,21.671700000297278,nan,-0.8804004937410356
4,DiscNRX,gated,507,0,1,0,1,17.466899999817542,nan,-0.8804004937410356
4,DiscNRX,gated,508,0,1,0,1,22.193300000253657,nan,-0.8804004937410356
4,DiscNRX,gated,509,0,1,0,1,20.084599999790953,nan,-0.8804004937410356
4,DiscNRX,gated,510,0,1,0,1,21.224399999482557,nan,-0.8804004937410356
4,DiscNRX,gated,511,0,1,0,1,17.145499999969616,nan,-0.8804004937410356
4,DiscNRX,gated,512,0,1,0,1,20.83279999988008,nan,-0.8804004937410356
4,DiscNRX,gated,513,0,1,0,1,19.70690000052855,nan,-0.8804004937410356
4,DiscNRX,gated,514,0,1,0,1,20.0873000003412,nan,-0.8804004937410356
4,DiscNRX,gated,515,0,1,0,1,19.741299999623152,nan,-0.8804004937410356
4,DiscNRX,gated,516,0,1,0,1,22.1772000004421,nan,-0.8804004937410356
4,DiscNRX,gated,517,0,1,0,1,20.878400000583497,nan,-0.8804004937410356
4,DiscNRX,gated,518,0,1,0,1,20.428499999979977,nan,-0.8804004937410356
4,DiscNRX,gated,519,0,1,0,1,21.001699999942502,nan,-0.8804004937410356
4,DiscNRX,gated,520,0,1,0,1,22.265100000367966,nan,-0.8804004937410356
4,DiscNRX,gated,521,0,1,0,1,19.802799999524723,nan,-0.8804004937410356
4,DiscNRX,gated,522,0,1,0,1,19.829300000310468,nan,-0.8804004937410356
4,DiscNRX,gated,523,0,1,0,1,19.690799999807496,nan,-0.8804004937410356
4,DiscNRX,gated,524,0,1,0,1,19.31810000041878,nan,-0.8804004937410356
4,DiscNRX,gated,525,0,1,0,1,21.07250000062777,nan,-0.8804004937410356
4,DiscNRX,gated,526,0,1,0,1,29.825600000549457,nan,-0.8804004937410356
4,DiscNRX,gated,527,0,1,0,1,20.696999999927357,nan,-0.8804004937410356
4,DiscNRX,gated,528,0,1,0,1,21.397999999862805,nan,-0.8804004937410356
4,DiscNRX,gated,529,0,1,0,1,18.76390000052197,nan,-0.8804004937410356
4,DiscNRX,gated,530,0,1,0,1,21.49699999972654,nan,-0.8804004937410356
4,DiscNRX,gated,531,0,1,0,1,20.859899999777554,nan,-0.8804004937410356
4,DiscNRX,gated,532,0,1,0,1,21.424000000479282,nan,-0.8804004937410356
4,DiscNRX,gated,533,0,1,0,1,36.04260000065551,nan,-0.8804004937410356
4,DiscNRX,gated,534,0,1,0,1,21.270799999911105,nan,-0.8804004937410356
4,DiscNRX,gated,535,0,1,0,1,21.679199999198318,nan,-0.8804004937410356
4,DiscNRX,gated,536,0,1,0,1,18.417799999951967,nan,-0.8804004937410356
4,DiscNRX,gated,537,0,1,0,1,20.55229999950825,nan,-0.8804004937410356
4,DiscNRX,gated,538,0,1,0,1,21.190800000113086,nan,-0.8804004937410356
4,DiscNRX,gated,539,0,1,0,1,18.700800000260642,nan,-0.8804004937410356
4,DiscNRX,gated,540,0,1,0,1,20.250599999599217,nan,-0.8804004937410356
4,DiscNRX,gated,541,0,1,0,1,20.087099999727798,nan,-0.8804004937410356
4,DiscNRX,gated,542,0,1,0,1,19.600200000240875,nan,-0.8804004937410356
4,DiscNRX,gated,543,0,1,0,1,16.992699999718752,nan,-0.8804004937410356
4,DiscNRX,gated,544,0,1,0,1,21.080299999994168,nan,-0.8804004937410356
4,DiscNRX,gated,545,0,1,0,1,20.087900000362424,nan,-0.8804004937410356
4,DiscNRX,gated,546,0,1,0,1,20.20509999965725,nan,-0.8804004937410356
4,DiscNRX,gated,547,0,1,0,1,21.791699999994307,nan,-0.8804004937410356
4,DiscNRX,gated,548,0,1,0,1,20.351400000436115,nan,-0.8804004937410356
4,DiscNRX,gated,549,0,1,0,1,20.096400000511494,nan,-0.8804004937410356
4,DiscNRX,gated,550,0,1,0,1,20.307799999500276,nan,-0.8804004937410356
4,DiscNRX,gated,551,0,1,0,1,22.369199999957345,nan,-0.8804004937410356
4,DiscNRX,gated,552,0,1,0,1,22.989500000221597,nan,-0.8804004937410356
4,DiscNRX,gated,553,0,1,0,1,18.76559999982419,nan,-0.8804004937410356
4,DiscNRX,gated,554,0,1,0,1,22.75050000025658,nan,-0.8804004937410356
4,DiscNRX,gated,555,0,1,0,1,21.328400000129477,nan,-0.8804004937410356
4,DiscNRX,gated,556,0,1,0,1,22.4209999996674,nan,-0.8804004937410356
4,DiscNRX,gated,557,0,1,0,1,22.46649999960937,nan,-0.8804004937410356
4,DiscNRX,gated,558,0,1,0,1,22.06780000051367,nan,-0.8804004937410356
4,DiscNRX,gated,559,0,1,0,1,21.05699999992794,nan,-0.8804004937410356
4,DiscNRX,gated,560,0,1,0,1,20.416999999724794,nan,-0.8804004937410356
4,DiscNRX,gated,561,0,1,0,1,22.232399999666086,nan,-0.8804004937410356
4,DiscNRX,gated,562,0,1,0,1,19.87089999965974,nan,-0.8804004937410356
4,DiscNRX,gated,563,0,1,0,1,21.519400000215683,nan,-0.8804004937410356
4,DiscNRX,gated,564,0,1,0,1,19.994100000076287,nan,-0.8804004937410356
4,DiscNRX,gated,565,0,1,0,1,24.368699999286036,nan,-0.8804004937410356
4,DiscNRX,gated,566,0,1,0,1,23.078399999576504,nan,-0.8804004937410356
4,DiscNRX,gated,567,0,1,0,1,23.485300000174902,nan,-0.8804004937410356
4,DiscNRX,gated,568,0,1,0,1,22.09480000055919,nan,-0.8804004937410356
4,DiscNRX,gated,569,0,1,0,1,24.52709999943181,nan,-0.8804004937410356
4,DiscNRX,gated,570,0,1,0,1,22.123499999906926,nan,-0.8804004937410356
4,DiscNRX,gated,571,0,1,0,1,23.5104000003048,nan,-0.8804004937410356
4,DiscNRX,gated,572,0,1,0,1,20.991599999433674,nan,-0.8804004937410356
4,DiscNRX,gated,573,0,1,0,1,19.952999999986787,nan,-0.8804004937410356
4,DiscNRX,gated,574,0,1,0,1,22.282500000073924,nan,-0.8804004937410356
4,DiscNRX,gated,575,0,1,0,1,21.54289999998582,nan,-0.8804004937410356
4,DiscNRX,gated,576,0,1,0,1,24.114100000588223,nan,-0.8804004937410356
4,DiscNRX,gated,577,0,1,0,1,21.819600000526407,nan,-0.8804004937410356
4,DiscNRX,gated,578,0,1,0,1,19.33629999984987,nan,-0.8804004937410356
4,DiscNRX,gated,579,0,1,0,1,20.600500000000466,nan,-0.8804004937410356
4,DiscNRX,gated,580,0,1,0,1,23.62639999955718,nan,-0.8804004937410356
4,DiscNRX,gated,581,0,1,0,1,24.939099999755854,nan,-0.8804004937410356
4,DiscNRX,gated,582,0,1,0,1,22.48630000030971,nan,-0.8804004937410356
4,DiscNRX,gated,583,0,1,0,1,22.864800000206742,nan,-0.8804004937410356
4,DiscNRX,gated,584,0,1,0,1,23.23190000061004,nan,-0.8804004937410356
4,DiscNRX,gated,585,0,1,0,1,21.855799999684677,nan,-0.8804004937410356
4,DiscNRX,gated,586,0,1,0,1,19.634699999187433,nan,-0.8804004937410356
4,DiscNRX,gated,587,0,1,0,1,20.322700000178884,nan,-0.8804004937410356
4,DiscNRX,gated,588,0,1,0,1,20.101400000385183,nan,-0.8804004937410356
4,DiscNRX,gated,589,0,1,0,1,18.175199999859615,nan,-0.8804004937410356
4,DiscNRX,gated,590,0,1,0,1,22.0089000004009,nan,-0.8804004937410356
4,DiscNRX,gated,591,0,1,0,1,22.02099999976781,nan,-0.8804004937410356
4,DiscNRX,gated,592,0,1,0,1,17.31969999946159,nan,-0.8804004937410356
4,DiscNRX,gated,593,0,1,0,1,21.278600000186998,nan,-0.8804004937410356
4,DiscNRX,gated,594,0,1,0,1,21.066700000119454,nan,-0.8804004937410356
4,DiscNRX,gated,595,0,1,0,1,35.375500000554894,nan,-0.8804004937410356
4,DiscNRX,gated,596,0,1,0,1,21.22719999988476,nan,-0.8804004937410356
4,DiscNRX,gated,597,0,1,0,1,19.18550000027608,nan,-0.8804004937410356
4,DiscNRX,gated,598,0,1,0,1,20.88409999942087,nan,-0.8804004937410356
4,DiscNRX,gated,599,0,1,0,1,20.261300000129268,nan,-0.8804004937410356
4,DiscNRX,gated,600,0,1,0,1,22.29070000066713,nan,-0.8804004937410356
4,DiscNRX,gated,601,0,1,0,1,18.481200000678655,nan,-0.8804004937410356
4,DiscNRX,gated,602,0,1,0,1,20.877300000393006,nan,-0.8804004937410356
4,DiscNRX,gated,603,0,1,0,1,21.32369999981165,nan,-0.8804004937410356
4,DiscNRX,gated,604,0,1,0,1,17.69750000039494,nan,-0.8804004937410356
4,DiscNRX,gated,605,0,1,0,1,20.711200000732788,nan,-0.8804004937410356
4,DiscNRX,gated,606,0,1,0,1,18.86720000038622,nan,-0.8804004937410356
4,DiscNRX,gated,607,0,1,0,1,20.66500000000815,nan,-0.8804004937410356
4,DiscNRX,gated,608,0,1,0,1,21.8537999999171,nan,-0.8804004937410356
4,DiscNRX,gated,609,0,1,0,1,21.474400000442984,nan,-0.8804004937410356
4,DiscNRX,gated,610,0,1,0,1,19.649099999696773,nan,-0.8804004937410356
4,DiscNRX,gated,611,0,1,0,1,19.057500000599248,nan,-0.8804004937410356
4,DiscNRX,gated,612,0,1,0,1,18.664499999431428,nan,-0.8804004937410356
4,DiscNRX,gated,613,0,1,0,1,18.92070000030799,nan,-0.8804004937410356
4,DiscNRX,gated,614,0,1,0,1,22.750099999939266,nan,-0.8804004937410356
4,DiscNRX,gated,615,0,1,0,1,21.9347000002017,nan,-0.8804004937410356
4,DiscNRX,gated,616,0,1,0,1,21.069499999612162,nan,-0.8804004937410356
4,DiscNRX,gated,617,0,1,0,1,19.76620000004914,nan,-0.8804004937410356
4,DiscNRX,gated,618,0,1,0,1,16.12479999948846,nan,-0.8804004937410356
4,DiscNRX,gated,619,0,1,0,1,20.01269999982469,nan,-0.8804004937410356
4,DiscNRX,gated,620,0,1,0,1,20.94149999993533,nan,-0.8804004937410356
4,DiscNRX,gated,621,0,1,0,1,19.711199999619566,nan,-0.8804004937410356
4,DiscNRX,gated,622,0,1,0,1,19.400400000449736,nan,-0.8804004937410356
4,DiscNRX,gated,623,0,1,0,1,21.75589999933436,nan,-0.8804004937410356
4,DiscNRX,gated,624,0,1,0,1,17.90419999997539,nan,-0.8804004937410356
4,DiscNRX,gated,625,0,1,0,1,19.89620000040304,nan,-0.8804004937410356
4,DiscNRX,gated,626,0,1,0,1,18.93980000022566,nan,-0.8804004937410356
4,DiscNRX,gated,627,0,1,0,1,20.88889999959065,nan,-0.8804004937410356
4,DiscNRX,gated,628,0,1,0,1,21.515200000067125,nan,-0.8804004937410356
4,DiscNRX,gated,629,0,1,0,1,19.533200000296347,nan,-0.8804004937410356
4,DiscNRX,gated,630,0,1,0,1,20.96369999981107,nan,-0.8804004937410356
4,DiscNRX,gated,631,0,1,0,1,21.284100000229955,nan,-0.8804004937410356
4,DiscNRX,gated,632,0,1,0,1,20.127400000092166,nan,-0.8804004937410356
4,DiscNRX,gated,633,0,1,0,1,17.696500000056403,nan,-0.8804004937410356
4,DiscNRX,gated,634,0,1,0,1,20.389500000419503,nan,-0.8804004937410356
4,DiscNRX,gated,635,0,1,0,1,21.403299999292358,nan,-0.8804004937410356
4,DiscNRX,gated,636,0,1,0,1,19.147399999383197,nan,-0.8804004937410356
4,DiscNRX,gated,637,0,1,0,1,24.4209000002229,nan,-0.8804004937410356
4,DiscNRX,gated,638,0,1,0,1,21.228900000096473,nan,-0.8804004937410356
4,DiscNRX,gated,639,0,1,0,1,20.553299999846786,nan,-0.8804004937410356
4,DiscNRX,gated,640,0,1,0,1,19.354500000190455,nan,-0.8804004937410356
4,DiscNRX,gated,641,0,1,0,1,18.873899999562127,nan,-0.8804004937410356
4,DiscNRX,gated,642,0,1,0,1,20.10580000023765,nan,-0.8804004937410356
4,DiscNRX,gated,643,0,1,0,1,17.910800000208837,nan,-0.8804004937410356
4,DiscNRX,gated,644,0,1,0,1,21.156300000257033,nan,-0.8804004937410356
4,DiscNRX,gated,645,0,1,0,1,20.15990000018064,nan,-0.8804004937410356
4,DiscNRX,gated,646,0,1,0,1,21.52490000025864,nan,-0.8804004937410356
4,DiscNRX,gated,647,0,1,0,1,20.663100000092527,nan,-0.8804004937410356
4,DiscNRX,gated,648,0,1,0,1,19.187800000509014,nan,-0.8804004937410356
4,DiscNRX,gated,649,0,1,0,1,20.17619999969611,nan,-0.8804004937410356
4,DiscNRX,gated,650,0,1,0,1,19.00290000048699,nan,-0.8804004937410356
4,DiscNRX,gated,651,0,1,0,1,18.603699999403034,nan,-0.8804004937410356
4,DiscNRX,gated,652,0,1,0,1,21.79549999982555,nan,-0.8804004937410356
4,DiscNRX,gated,653,0,1,0,1,20.349700000224402,nan,-0.8804004937410356
4,DiscNRX,gated,654,0,1,0,1,20.50520000011602,nan,-0.8804004937410356
4,DiscNRX,gated,655,0,1,0,1,19.493100000545382,nan,-0.8804004937410356
4,DiscNRX,gated,656,0,1,0,1,18.582100000458013,nan,-0.8804004937410356
4,DiscNRX,gated,657,0,1,0,1,19.95329999954265,nan,-0.8804004937410356
4,DiscNRX,gated,658,0,1,0,1,22.084500000346452,nan,-0.8804004937410356
4,DiscNRX,gated,659,0,1,0,1,23.012899999230285,nan,-0.8804004937410356
4,DiscNRX,gated,660,0,1,0,1,22.721700000147393,nan,-0.8804004937410356
4,DiscNRX,gated,661,0,1,0,1,23.979399999916495,nan,-0.8804004937410356
4,DiscNRX,gated,662,0,1,0,1,19.935300000724965,nan,-0.8804004937410356
4,DiscNRX,gated,663,0,1,0,1,22.902199999407458,nan,-0.8804004937410356
4,DiscNRX,gated,664,0,1,0,1,21.43569999952888,nan,-0.8804004937410356
4,DiscNRX,gated,665,0,1,0,1,20.24859999983164,nan,-0.8804004937410356
4,DiscNRX,gated,666,0,1,0,1,23.193199999695935,nan,-0.8804004937410356
4,DiscNRX,gated,667,0,1,0,1,21.924599999692873,nan,-0.8804004937410356
4,DiscNRX,gated,668,0,1,0,1,19.45400000022346,nan,-0.8804004937410356
4,DiscNRX,gated,669,0,1,0,1,21.959599999718193,nan,-0.8804004937410356
4,DiscNRX,gated,670,0,1,0,1,21.587200000794837,nan,-0.8804004937410356
4,DiscNRX,gated,671,0,1,0,1,19.803900000624708,nan,-0.8804004937410356
4,DiscNRX,gated,672,0,1,0,1,21.107400000801135,nan,-0.8804004937410356
4,DiscNRX,gated,673,0,1,0,1,21.916300000157207,nan,-0.8804004937410356
4,DiscNRX,gated,674,0,1,0,1,22.83909999914613,nan,-0.8804004937410356
4,DiscNRX,gated,675,0,1,0,1,20.152500000222062,nan,-0.8804004937410356
4,DiscNRX,gated,676,0,1,0,1,21.38600000034785,nan,-0.8804004937410356
4,DiscNRX,gated,677,0,1,0,1,21.855199999663455,nan,-0.8804004937410356
4,DiscNRX,gated,678,0,1,0,1,19.181000000571657,nan,-0.8804004937410356
4,DiscNRX,gated,679,0,1,0,1,22.065899999688554,nan,-0.8804004937410356
4,DiscNRX,gated,680,0,1,0,1,19.584199999371776,nan,-0.8804004937410356
4,DiscNRX,gated,681,0,1,0,1,22.535799999786832,nan,-0.8804004937410356
4,DiscNRX,gated,682,0,1,0,1,18.64240000031714,nan,-0.8804004937410356
4,DiscNRX,gated,683,0,1,0,1,18.463800000063202,nan,-0.8804004937410356
4,DiscNRX,gated,684,0,1,0,1,21.013399999901594,nan,-0.8804004937410356
4,DiscNRX,gated,685,0,1,0,1,18.90480000020034,nan,-0.8804004937410356
4,DiscNRX,gated,686,0,1,0,1,23.02510000026814,nan,-0.8804004937410356
4,DiscNRX,gated,687,0,1,0,1,21.469999999681022,nan,-0.8804004937410356
4,DiscNRX,gated,688,0,1,0,1,20.005399999718065,nan,-0.8804004937410356
4,DiscNRX,gated,689,0,1,0,1,22.366000000147324,nan,-0.8804004937410356
4,DiscNRX,gated,690,0,1,0,1,21.70190000015282,nan,-0.8804004937410356
4,DiscNRX,gated,691,0,1,0,1,21.231900000202586,nan,-0.8804004937410356
4,DiscNRX,gated,692,0,1,0,1,21.969499999613618,nan,-0.8804004937410356
4,DiscNRX,gated,693,0,1,0,1,22.268800000347255,nan,-0.8804004937410356
4,DiscNRX,gated,694,0,1,0,1,20.995099999709055,nan,-0.8804004937410356
4,DiscNRX,gated,695,0,1,0,1,22.450800000115123,nan,-0.8804004937410356
4,DiscNRX,gated,696,0,1,0,1,22.0220999999583,nan,-0.8804004937410356
4,DiscNRX,gated,697,0,1,0,1,20.860100000390958,nan,-0.8804004937410356
4,DiscNRX,gated,698,0,1,0,1,20.21130000048288,nan,-0.8804004937410356
4,DiscNRX,gated,699,0,1,0,1,20.692000000053667,nan,-0.8804004937410356
4,DiscNRX,gated,700,0,1,0,1,21.47499999955471,nan,-0.8804004937410356
4,DiscNRX,gated,701,0,1,0,1,20.50779999990482,nan,-0.8804004937410356
4,DiscNRX,gated,702,0,1,0,1,20.70610000009765,nan,-0.8804004937410356
4,DiscNRX,gated,703,0,1,0,1,20.19689999997354,nan,-0.8804004937410356
4,DiscNRX,gated,704,0,1,0,1,17.11669999986043,nan,-0.8804004937410356
4,DiscNRX,gated,705,0,1,0,1,23.263199999746575,nan,-0.8804004937410356
4,DiscNRX,gated,706,0,1,0,1,19.661399999677087,nan,-0.8804004937410356
4,DiscNRX,gated,707,0,1,0,1,20.478000000366592,nan,-0.8804004937410356
4,DiscNRX,gated,708,0,1,0,1,19.64620000035211,nan,-0.8804004937410356
4,DiscNRX,gated,709,0,1,0,1,20.50520000011602,nan,-0.8804004937410356
4,DiscNRX,gated,710,0,1,0,1,20.88850000018283,nan,-0.8804004937410356
4,DiscNRX,gated,711,0,1,0,1,23.773500000061176,nan,-0.8804004937410356
4,DiscNRX,gated,712,0,1,0,1,19.221900000047754,nan,-0.8804004937410356
4,DiscNRX,gated,713,0,1,0,1,16.227099999923666,nan,-0.8804004937410356
4,DiscNRX,gated,714,0,1,0,1,22.060100000089733,nan,-0.8804004937410356
4,DiscNRX,gated,715,0,1,0,1,20.623999999770604,nan,-0.8804004937410356
4,DiscNRX,gated,716,0,1,0,1,20.146300000305928,nan,-0.8804004937410356
4,DiscNRX,gated,717,0,1,0,1,18.671599999834143,nan,-0.8804004937410356
4,DiscNRX,gated,718,0,1,0,1,21.007100000133505,nan,-0.8804004937410356
4,DiscNRX,gated,719,0,1,0,1,17.988300000070012,nan,-0.8804004937410356
4,DiscNRX,gated,720,0,1,0,1,21.190599999499682,nan,-0.8804004937410356
4,DiscNRX,gated,721,0,1,0,1,21.696200000405952,nan,-0.8804004937410356
4,DiscNRX,gated,722,0,1,0,1,23.232300000017858,nan,-0.8804004937410356
4,DiscNRX,gated,723,0,1,0,1,22.299700000075973,nan,-0.8804004937410356
4,DiscNRX,gated,724,0,1,0,1,19.923800000469782,nan,-0.8804004937410356
4,DiscNRX,gated,725,0,1,0,1,22.374700000000303,nan,-0.8804004937410356
4,DiscNRX,gated,726,0,1,0,1,19.39459999994142,nan,-0.8804004937410356
4,DiscNRX,gated,727,0,1,0,1,19.701100000020233,nan,-0.8804004937410356
4,DiscNRX,gated,728,0,1,0,1,18.58799999990879,nan,-0.8804004937410356
4,DiscNRX,gated,729,0,1,0,1,18.822000000000116,nan,-0.8804004937410356
4,DiscNRX,gated,730,0,1,0,1,18.64209999985178,nan,-0.8804004937410356
4,DiscNRX,gated,731,0,1,0,1,21.87969999977213,nan,-0.8804004937410356
4,DiscNRX,gated,732,0,1,0,1,19.42640000015672,nan,-0.8804004937410356
4,DiscNRX,gated,733,0,1,0,1,19.17059999959747,nan,-0.8804004937410356
4,DiscNRX,gated,734,0,1,0,1,20.779899999979534,nan,-0.8804004937410356
4,DiscNRX,gated,735,0,1,0,1,21.730899999965914,nan,-0.8804004937410356
4,DiscNRX,gated,736,0,1,0,1,20.56189999984781,nan,-0.8804004937410356
4,DiscNRX,gated,737,0,1,0,1,20.391200000631216,nan,-0.8804004937410356
4,DiscNRX,gated,738,0,1,0,1,17.141799999990326,nan,-0.8804004937410356
4,DiscNRX,gated,739,0,1,0,1,21.345799999835435,nan,-0.8804004937410356
4,DiscNRX,gated,740,0,1,0,1,20.428899999387795,nan,-0.8804004937410356
4,DiscNRX,gated,741,0,1,0,1,22.11040000020148,nan,-0.8804004937410356
4,DiscNRX,gated,742,0,1,0,1,22.002500000780856,nan,-0.8804004937410356
4,DiscNRX,gated,743,0,1,0,1,21.81509999991249,nan,-0.8804004937410356
4,DiscNRX,gated,744,0,1,0,1,22.16130000033445,nan,-0.8804004937410356
4,DiscNRX,gated,745,0,1,0,1,22.510499999953026,nan,-0.8804004937410356
4,DiscNRX,gated,746,0,1,0,1,20.570600000610284,nan,-0.8804004937410356
4,DiscNRX,gated,747,0,1,0,1,18.668299999262672,nan,-0.8804004937410356
4,DiscNRX,gated,748,0,1,0,1,19.75270000002638,nan,-0.8804004937410356
4,DiscNRX,gated,749,0,1,0,1,19.17070000035892,nan,-0.8804004937410356
4,DiscNRX,gated,750,0,1,0,1,20.98070000010921,nan,-0.8804004937410356
4,DiscNRX,gated,751,0,1,0,1,18.18989999992482,nan,-0.8804004937410356
4,DiscNRX,gated,752,0,1,0,1,22.188400000231923,nan,-0.8804004937410356
4,DiscNRX,gated,753,0,1,0,1,21.363500000006752,nan,-0.8804004937410356
4,DiscNRX,gated,754,0,1,0,1,20.440199999939068,nan,-0.8804004937410356
4,DiscNRX,gated,755,0,1,0,1,22.024400000191235,nan,-0.8804004937410356
4,DiscNRX,gated,756,0,1,0,1,17.797800000153075,nan,-0.8804004937410356
4,DiscNRX,gated,757,0,1,0,1,17.150199999377946,nan,-0.8804004937410356
4,DiscNRX,gated,758,0,1,0,1,18.19789999990462,nan,-0.8804004937410356
4,DiscNRX,gated,759,0,1,0,1,22.873100000651903,nan,-0.8804004937410356
4,DiscNRX,gated,760,0,1,0,1,18.99150000008376,nan,-0.8804004937410356
4,DiscNRX,gated,761,0,1,0,1,19.00000000023283,nan,-0.8804004937410356
4,DiscNRX,gated,762,0,1,0,1,19.06349999990198,nan,-0.8804004937410356
4,DiscNRX,gated,763,0,1,0,1,18.3973999992304,nan,-0.8804004937410356
4,DiscNRX,gated,764,0,1,0,1,18.152799999370473,nan,-0.8804004937410356
4,DiscNRX,gated,765,0,1,0,1,22.973699999965902,nan,-0.8804004937410356
4,DiscNRX,gated,766,0,1,0,1,20.58850000048551,nan,-0.8804004937410356
4,DiscNRX,gated,767,0,1,0,1,19.290999999611813,nan,-0.8804004937410356
4,DiscNRX,gated,768,0,1,0,1,21.415600000182167,nan,-0.8804004937410356
4,DiscNRX,gated,769,0,1,0,1,23.363899999822024,nan,-0.8804004937410356
4,DiscNRX,gated,770,0,1,0,1,19.777000000431144,nan,-0.8804004937410356
4,DiscNRX,gated,771,0,1,0,1,19.33199999984936,nan,-0.8804004937410356
4,DiscNRX,gated,772,0,1,0,1,20.124200000282144,nan,-0.8804004937410356
4,DiscNRX,gated,773,0,1,0,1,16.96429999992688,nan,-0.8804004937410356
4,DiscNRX,gated,774,0,1,0,1,18.804500000442204,nan,-0.8804004937410356
4,DiscNRX,gated,775,0,1,0,1,20.534999999654246,nan,-0.8804004937410356
4,DiscNRX,gated,776,0,1,0,1,21.09870000003866,nan,-0.8804004937410356
4,DiscNRX,gated,777,0,1,0,1,22.67169999959151,nan,-0.8804004937410356
4,DiscNRX,gated,778,0,1,0,1,19.65310000014142,nan,-0.8804004937410356
4,DiscNRX,gated,779,0,1,0,1,23.468899999897985,nan,-0.8804004937410356
4,DiscNRX,gated,780,0,1,0,1,20.404900000357884,nan,-0.8804004937410356
4,DiscNRX,gated,781,0,1,0,1,21.09259999997448,nan,-0.8804004937410356
4,DiscNRX,gated,782,0,1,0,1,20.84019999983866,nan,-0.8804004937410356
4,DiscNRX,gated,783,0,1,0,1,21.20089999971242,nan,-0.8804004937410356
4,DiscNRX,gated,784,0,1,0,1,22.27579999998852,nan,-0.8804004937410356
4,DiscNRX,gated,785,0,1,0,1,19.30839999931777,nan,-0.8804004937410356
4,DiscNRX,gated,786,0,1,0,1,20.731200000227545,nan,-0.8804004937410356
4,DiscNRX,gated,787,0,1,0,1,19.739800000024843,nan,-0.8804004937410356
4,DiscNRX,gated,788,0,1,0,1,20.32480000070791,nan,-0.8804004937410356
4,DiscNRX,gated,789,0,1,0,1,20.147600000200327,nan,-0.8804004937410356
4,DiscNRX,gated,790,0,1,0,1,18.252400000164926,nan,-0.8804004937410356
4,DiscNRX,gated,791,0,1,0,1,17.864800000097603,nan,-0.8804004937410356
4,DiscNRX,gated,792,0,1,0,1,21.216199999798846,nan,-0.8804004937410356
4,DiscNRX,gated,793,0,1,0,1,22.174400000039896,nan,-0.8804004937410356
4,DiscNRX,gated,794,0,1,0,1,21.73140000013518,nan,-0.8804004937410356
4,DiscNRX,gated,795,0,1,0,1,20.166100000096776,nan,-0.8804004937410356
4,DiscNRX,gated,796,0,1,0,1,20.94149999993533,nan,-0.8804004937410356
4,DiscNRX,gated,797,0,1,0,1,21.056200000202807,nan,-0.8804004937410356
4,DiscNRX,gated,798,0,1,0,1,21.883400000660913,nan,-0.8804004937410356
4,DiscNRX,gated,799,0,1,0,1,20.586399999956484,nan,-0.8804004937410356
4,DiscNRX,gated,800,0,1,0,1,19.71849999972619,nan,-0.8804004937410356
4,DiscNRX,gated,801,0,1,0,1,16.550000000279397,nan,-0.8804004937410356
4,DiscNRX,gated,802,0,1,0,1,19.29070000005595,nan,-0.8804004937410356
4,DiscNRX,gated,803,0,1,0,1,21.4243999998871,nan,-0.8804004937410356
4,DiscNRX,gated,804,0,1,0,1,19.408999999541265,nan,-0.8804004937410356
4,DiscNRX,gated,805,0,1,0,1,22.87360000082117,nan,-0.8804004937410356
4,DiscNRX,gated,806,0,1,0,1,21.088000000418106,nan,-0.8804004937410356
4,DiscNRX,gated,807,0,1,0,1,18.996599999809405,nan,-0.8804004937410356
4,DiscNRX,gated,808,0,1,0,1,22.250099999837403,nan,-0.8804004937410356
4,DiscNRX,gated,809,0,1,0,1,21.49230000031821,nan,-0.8804004937410356
4,DiscNRX,gated,810,0,1,0,1,20.077199999832374,nan,-0.8804004937410356
4,DiscNRX,gated,811,0,1,0,1,17.812699999922188,nan,-0.8804004937410356
4,DiscNRX,gated,812,0,1,0,1,18.675700000130746,nan,-0.8804004937410356
4,DiscNRX,gated,813,0,1,0,1,21.206299999903422,nan,-0.8804004937410356
4,DiscNRX,gated,814,0,1,0,1,21.395900000243273,nan,-0.8804004937410356
4,DiscNRX,gated,815,0,1,0,1,21.575099999608938,nan,-0.8804004937410356
4,DiscNRX,gated,816,0,1,0,1,21.430200000395416,nan,-0.8804004937410356
4,DiscNRX,gated,817,0,1,0,1,17.998899999838613,nan,-0.8804004937410356
4,DiscNRX,gated,818,0,1,0,1,21.1607000001095,nan,-0.8804004937410356
4,DiscNRX,gated,819,0,1,0,1,22.54129999982979,nan,-0.8804004937410356
4,DiscNRX,gated,820,0,1,0,1,18.60300000043935,nan,-0.8804004937410356
4,DiscNRX,gated,821,0,1,0,1,21.483200000147917,nan,-0.8804004937410356
4,DiscNRX,gated,822,1,0,0,0,nan,nan,-0.8804004937410356
4,DiscNRX,gated,823,0,1,0,1,24.075599999378028,nan,-0.8804004937410356
4,DiscNRX,gated,824,0,1,0,1,21.086499999910302,nan,-0.8804004937410356
4,DiscNRX,gated,825,0,1,0,1,19.945699999880162,nan,-0.8804004937410356
4,DiscNRX,gated,826,0,1,0,1,23.122999999941385,nan,-0.8804004937410356
4,DiscNRX,gated,827,0,1,0,1,24.26640000066982,nan,-0.8804004937410356
4,DiscNRX,gated,828,0,1,0,1,20.795100000214006,nan,-0.8804004937410356
4,DiscNRX,gated,829,0,1,0,1,23.957700000210025,nan,-0.8804004937410356
4,DiscNRX,gated,830,0,1,0,1,23.548500000288186,nan,-0.8804004937410356
4,DiscNRX,gated,831,0,1,0,1,18.94689999971888,nan,-0.8804004937410356
4,DiscNRX,gated,832,0,1,0,1,22.875399999975343,nan,-0.8804004937410356
4,DiscNRX,gated,833,0,1,0,1,23.02880000024743,nan,-0.8804004937410356
4,DiscNRX,gated,834,0,1,0,1,23.792699999830802,nan,-0.8804004937410356
4,DiscNRX,gated,835,0,1,0,1,17.537499999889405,nan,-0.8804004937410356
4,DiscNRX,gated,836,0,1,0,1,20.041200000378012,nan,-0.8804004937410356
4,DiscNRX,gated,837,0,1,0,1,22.15799999976298,nan,-0.8804004937410356
4,DiscNRX,gated,838,0,1,0,1,18.732900000031805,nan,-0.8804004937410356
4,DiscNRX,gated,839,0,1,0,1,22.59870000034425,nan,-0.8804004937410356
4,DiscNRX,gated,840,0,1,0,1,20.37659999950847,nan,-0.8804004937410356
4,DiscNRX,gated,841,0,1,0,1,18.793999999616062,nan,-0.8804004937410356
4,DiscNRX,gated,842,0,1,0,1,24.5227999994313,nan,-0.8804004937410356
4,DiscNRX,gated,843,0,1,0,1,22.914000000128,nan,-0.8804004937410356
4,DiscNRX,gated,844,0,1,0,1,23.707999999714957,nan,-0.8804004937410356
4,DiscNRX,gated,845,0,1,0,1,20.015199999761535,nan,-0.8804004937410356
4,DiscNRX,gated,846,0,1,0,1,20.5206000000544,nan,-0.8804004937410356
4,DiscNRX,gated,847,0,1,0,1,20.435700000234647,nan,-0.8804004937410356
4,DiscNRX,gated,848,0,1,0,1,19.357899999704387,nan,-0.8804004937410356
4,DiscNRX,gated,849,0,1,0,1,20.676299999649927,nan,-0.8804004937410356
4,DiscNRX,gated,850,0,1,0,1,21.070700000564102,nan,-0.8804004937410356
4,DiscNRX,gated,851,0,1,0,1,19.419100000050094,nan,-0.8804004937410356
4,DiscNRX,gated,852,0,1,0,1,19.67289999993227,nan,-0.8804004937410356
4,DiscNRX,gated,853,0,1,0,1,22.09210000000894,nan,-0.8804004937410356
4,DiscNRX,gated,854,0,1,0,1,21.772799999780545,nan,-0.8804004937410356
4,DiscNRX,gated,855,0,1,0,1,21.87099999991915,nan,-0.8804004937410356
4,DiscNRX,gated,856,0,1,0,1,18.471800000043004,nan,-0.8804004937410356
4,DiscNRX,gated,857,0,1,0,1,21.05519999986427,nan,-0.8804004937410356
4,DiscNRX,gated,858,0,1,0,1,22.568999999748485,nan,-0.8804004937410356
4,DiscNRX,gated,859,0,1,0,1,21.521799999391078,nan,-0.8804004937410356
4,DiscNRX,gated,860,0,1,0,1,22.001100000125007,nan,-0.8804004937410356
4,DiscNRX,gated,861,0,1,0,1,18.55100000011589,nan,-0.8804004937410356
4,DiscNRX,gated,862,0,1,0,1,19.28810000026715,nan,-0.8804004937410356
4,DiscNRX,gated,863,0,1,0,1,21.542000000408734,nan,-0.8804004937410356
4,DiscNRX,gated,864,0,1,0,1,19.711399999323476,nan,-0.8804004937410356
4,DiscNRX,gated,865,0,1,0,1,19.32759999999689,nan,-0.8804004937410356
4,DiscNRX,gated,866,0,1,0,1,19.75999999922351,nan,-0.8804004937410356
4,DiscNRX,gated,867,0,1,0,1,22.99459999994724,nan,-0.8804004937410356
4,DiscNRX,gated,868,0,1,0,1,18.974100000377803,nan,-0.8804004937410356
4,DiscNRX,gated,869,0,1,0,1,21.288799999638286,nan,-0.8804004937410356
4,DiscNRX,gated,870,0,1,0,1,21.814799999447132,nan,-0.8804004937410356
4,DiscNRX,gated,871,0,1,0,1,20.926600000166218,nan,-0.8804004937410356
4,DiscNRX,gated,872,0,1,0,1,22.000799999659648,nan,-0.8804004937410356
4,DiscNRX,gated,873,0,1,0,1,19.594499999584514,nan,-0.8804004937410356
4,DiscNRX,gated,874,0,1,0,1,19.203400000151305,nan,-0.8804004937410356
4,DiscNRX,gated,875,0,1,0,1,21.889999999984866,nan,-0.8804004937410356
4,DiscNRX,gated,876,0,1,0,1,22.10319999994681,nan,-0.8804004937410356
4,DiscNRX,gated,877,0,1,0,1,20.46359999985725,nan,-0.8804004937410356
4,DiscNRX,gated,878,0,1,0,1,22.366199999851233,nan,-0.8804004937410356
4,DiscNRX,gated,879,0,1,0,1,21.946300000308838,nan,-0.8804004937410356
4,DiscNRX,gated,880,0,1,0,1,21.068600000035076,nan,-0.8804004937410356
4,DiscNRX,gated,881,0,1,0,1,22.671700000501005,nan,-0.8804004937410356
4,DiscNRX,gated,882,0,1,0,1,20.1920000008613,nan,-0.8804004937410356
4,DiscNRX,gated,883,0,1,0,1,21.790300000247953,nan,-0.8804004937410356
4,DiscNRX,gated,884,0,1,0,1,20.381900000757014,nan,-0.8804004937410356
4,DiscNRX,gated,885,0,1,0,1,19.994799999949464,nan,-0.8804004937410356
4,DiscNRX,gated,886,0,1,0,1,20.084099999621685,nan,-0.8804004937410356
4,DiscNRX,gated,887,0,1,0,1,23.379799999929674,nan,-0.8804004937410356
4,DiscNRX,gated,888,0,1,0,1,20.8957000004375,nan,-0.8804004937410356
4,DiscNRX,gated,889,0,1,0,1,21.29549999972369,nan,-0.8804004937410356
4,DiscNRX,gated,890,0,1,0,1,17.4020999993445,nan,-0.8804004937410356
4,DiscNRX,gated,891,0,1,0,1,29.253699999571836,nan,-0.8804004937410356
4,DiscNRX,gated,892,0,1,0,1,20.68819999931293,nan,-0.8804004937410356
4,DiscNRX,gated,893,0,1,0,1,20.650800000112213,nan,-0.8804004937410356
4,DiscNRX,gated,894,0,1,0,1,21.26719999978377,nan,-0.8804004937410356
4,DiscNRX,gated,895,0,1,0,1,20.698999999694934,nan,-0.8804004937410356
4,DiscNRX,gated,896,0,1,0,1,20.618499999727646,nan,-0.8804004937410356
4,DiscNRX,gated,897,0,1,0,1,33.08070000002772,nan,-0.8804004937410356
4,DiscNRX,gated,898,0,1,0,1,21.42069999990781,nan,-0.8804004937410356
4,DiscNRX,gated,899,0,1,0,1,23.616600000423205,nan,-0.8804004937410356
4,DiscNRX,gated,900,0,1,0,1,23.2704999998532,nan,-0.8804004937410356
4,DiscNRX,gated,901,0,1,0,1,21.134300000085204,nan,-0.8804004937410356
4,DiscNRX,gated,902,0,1,0,1,23.01549999992858,nan,-0.8804004937410356
4,DiscNRX,gated,903,0,1,0,1,19.5253000001685,nan,-0.8804004937410356
4,DiscNRX,gated,904,0,1,0,1,21.32010000059381,nan,-0.8804004937410356
4,DiscNRX,gated,905,0,1,0,1,23.584699999446457,nan,-0.8804004937410356
4,DiscNRX,gated,906,0,1,0,1,20.751300000483752,nan,-0.8804004937410356
4,DiscNRX,gated,907,0,1,0,1,21.930300000349234,nan,-0.8804004937410356
4,DiscNRX,gated,908,0,1,0,1,17.519199999696866,nan,-0.8804004937410356
4,DiscNRX,gated,909,0,1,0,1,18.511899999793968,nan,-0.8804004937410356
4,DiscNRX,gated,910,0,1,0,1,19.116399999802525,nan,-0.8804004937410356
4,DiscNRX,gated,911,0,1,0,1,18.967500000144355,nan,-0.8804004937410356
4,DiscNRX,gated,912,0,1,0,1,20.46000000063941,nan,-0.8804004937410356
4,DiscNRX,gated,913,0,1,0,1,22.269400000368478,nan,-0.8804004937410356
4,DiscNRX,gated,914,0,1,0,1,25.279200000113633,nan,-0.8804004937410356
4,DiscNRX,gated,915,0,1,0,1,20.718000000670145,nan,-0.8804004937410356
4,DiscNRX,gated,916,0,1,0,1,20.655500000430038,nan,-0.8804004937410356
4,DiscNRX,gated,917,0,1,0,1,17.40609999978915,nan,-0.8804004937410356
4,DiscNRX,gated,918,0,1,0,1,15.993400000297697,nan,-0.8804004937410356
4,DiscNRX,gated,919,0,1,0,1,24.134899999808113,nan,-0.8804004937410356
4,DiscNRX,gated,920,0,1,0,1,22.939600000427163,nan,-0.8804004937410356
4,DiscNRX,gated,921,0,1,0,1,22.044199999982084,nan,-0.8804004937410356
4,DiscNRX,gated,922,0,1,0,1,18.65449999968405,nan,-0.8804004937410356
4,DiscNRX,gated,923,0,1,0,1,20.82059999975172,nan,-0.8804004937410356
4,DiscNRX,gated,924,0,1,0,1,22.045900000193797,nan,-0.8804004937410356
4,DiscNRX,gated,925,0,1,0,1,20.067099999323545,nan,-0.8804004937410356
4,DiscNRX,gated,926,0,1,0,1,21.233999999822117,nan,-0.8804004937410356
4,DiscNRX,gated,927,0,1,0,1,29.68959999998333,nan,-0.8804004937410356
4,DiscNRX,gated,928,0,1,0,1,19.346000000041386,nan,-0.8804004937410356
4,DiscNRX,gated,929,0,1,0,1,21.773100000245904,nan,-0.8804004937410356
4,DiscNRX,gated,930,0,1,0,1,21.22030000009545,nan,-0.8804004937410356
4,DiscNRX,gated,931,0,1,0,1,19.381899999643792,nan,-0.8804004937410356
4,DiscNRX,gated,932,0,1,0,1,21.318199999768694,nan,-0.8804004937410356
4,DiscNRX,gated,933,0,1,0,1,20.38139999967825,nan,-0.8804004937410356
4,DiscNRX,gated,934,0,1,0,1,23.806999999578693,nan,-0.8804004937410356
4,DiscNRX,gated,935,0,1,0,1,20.202999999128224,nan,-0.8804004937410356
4,DiscNRX,gated,936,0,1,0,1,19.34519999940676,nan,-0.8804004937410356
4,DiscNRX,gated,937,0,1,0,1,18.021699999735574,nan,-0.8804004937410356
4,DiscNRX,gated,938,0,1,0,1,20.841599999585014,nan,-0.8804004937410356
4,DiscNRX,gated,939,0,1,0,1,20.054999999956635,nan,-0.8804004937410356
4,DiscNRX,gated,940,0,1,0,1,19.8393999999098,nan,-0.8804004937410356
4,DiscNRX,gated,941,0,1,0,1,19.599100000050385,nan,-0.8804004937410356
4,DiscNRX,gated,942,0,1,0,1,20.54099999986647,nan,-0.8804004937410356
4,DiscNRX,gated,943,0,1,0,1,22.571200000129465,nan,-0.8804004937410356
4,DiscNRX,gated,944,0,1,0,1,21.163899999919522,nan,-0.8804004937410356
4,DiscNRX,gated,945,0,1,0,1,16.695000000254367,nan,-0.8804004937410356
4,DiscNRX,gated,946,0,1,0,1,21.14609999989625,nan,-0.8804004937410356
4,DiscNRX,gated,947,0,1,0,1,22.828499999377527,nan,-0.8804004937410356
4,DiscNRX,gated,948,0,1,0,1,22.4422000001141,nan,-0.8804004937410356
4,DiscNRX,gated,949,0,1,0,1,17.654500000389817,nan,-0.8804004937410356
4,DiscNRX,gated,950,0,1,0,1,20.76889999989362,nan,-0.8804004937410356
4,DiscNRX,gated,951,0,1,0,1,19.718599999578146,nan,-0.8804004937410356
4,DiscNRX,gated,952,0,1,0,1,25.659099999757018,nan,-0.8804004937410356
4,DiscNRX,gated,953,0,1,0,1,22.17410000048403,nan,-0.8804004937410356
4,DiscNRX,gated,954,0,1,0,1,19.614200000432902,nan,-0.8804004937410356
4,DiscNRX,gated,955,0,1,0,1,17.298099999607075,nan,-0.8804004937410356
4,DiscNRX,gated,956,0,1,0,1,21.039599999312486,nan,-0.8804004937410356
4,DiscNRX,gated,957,0,1,0,1,19.295299999612325,nan,-0.8804004937410356
4,DiscNRX,gated,958,0,1,0,1,21.342600000025413,nan,-0.8804004937410356
4,DiscNRX,gated,959,0,1,0,1,21.356100000048173,nan,-0.8804004937410356
4,DiscNRX,gated,960,0,1,0,1,21.707900000365044,nan,-0.8804004937410356
4,DiscNRX,gated,961,0,1,0,1,22.312300000521645,nan,-0.8804004937410356
4,DiscNRX,gated,962,0,1,0,1,21.544999999605352,nan,-0.8804004937410356
4,DiscNRX,gated,963,0,1,0,1,21.117400000548514,nan,-0.8804004937410356
4,DiscNRX,gated,964,0,1,0,1,19.337499999892316,nan,-0.8804004937410356
4,DiscNRX,gated,965,0,1,0,1,21.716299999752664,nan,-0.8804004937410356
4,DiscNRX,gated,966,0,1,0,1,21.769799999674433,nan,-0.8804004937410356
4,DiscNRX,gated,967,0,1,0,1,22.845299999971758,nan,-0.8804004937410356
4,DiscNRX,gated,968,0,1,0,1,19.58920000015496,nan,-0.8804004937410356
4,DiscNRX,gated,969,0,1,0,1,19.337100000484497,nan,-0.8804004937410356
4,DiscNRX,gated,970,0,1,0,1,19.322899999679066,nan,-0.8804004937410356
4,DiscNRX,gated,971,0,1,0,1,22.76880000044912,nan,-0.8804004937410356
4,DiscNRX,gated,972,0,1,0,1,20.797199999833538,nan,-0.8804004937410356
4,DiscNRX,gated,973,0,1,0,1,22.9406000007657,nan,-0.8804004937410356
4,DiscNRX,gated,974,0,1,0,1,21.767600000202947,nan,-0.8804004937410356
4,DiscNRX,gated,975,0,1,0,1,23.624999999810825,nan,-0.8804004937410356
4,DiscNRX,gated,976,0,1,0,1,23.283300000002782,nan,-0.8804004937410356
4,DiscNRX,gated,977,0,1,0,1,22.481400000287977,nan,-0.8804004937410356
4,DiscNRX,gated,978,0,1,0,1,19.76719999947818,nan,-0.8804004937410356
4,DiscNRX,gated,979,0,1,0,1,18.43360000020766,nan,-0.8804004937410356
4,DiscNRX,gated,980,0,1,0,1,19.640900000013062,nan,-0.8804004937410356
4,DiscNRX,gated,981,1,0,0,0,nan,nan,-0.8804004937410356
4,DiscNRX,gated,982,0,1,0,1,20.628299999771116,nan,-0.8804004937410356
4,DiscNRX,gated,983,0,1,0,1,22.24099999966711,nan,-0.8804004937410356
4,DiscNRX,gated,984,0,1,0,1,21.2162999996508,nan,-0.8804004937410356
4,DiscNRX,gated,985,0,1,0,1,22.46649999960937,nan,-0.8804004937410356
4,DiscNRX,gated,986,0,1,0,1,19.534099999873433,nan,-0.8804004937410356
4,DiscNRX,gated,987,0,1,0,1,20.954300000084913,nan,-0.8804004937410356
4,DiscNRX,gated,988,0,1,0,1,20.242099999450147,nan,-0.8804004937410356
4,DiscNRX,gated,989,0,1,0,1,22.222900000087975,nan,-0.8804004937410356
4,DiscNRX,gated,990,0,1,0,1,19.76100000047154,nan,-0.8804004937410356
4,DiscNRX,gated,991,0,1,0,1,18.974900000102934,nan,-0.8804004937410356
4,DiscNRX,gated,992,0,1,0,1,19.548000000213506,nan,-0.8804004937410356
4,DiscNRX,gated,993,0,1,0,1,20.95729999928153,nan,-0.8804004937410356
4,DiscNRX,gated,994,0,1,0,1,23.803099999895494,nan,-0.8804004937410356
4,DiscNRX,gated,995,0,1,0,1,19.777600000452367,nan,-0.8804004937410356
4,DiscNRX,gated,996,0,1,0,1,20.338899999842397,nan,-0.8804004937410356
4,DiscNRX,gated,997,0,1,0,1,19.333600000209117,nan,-0.8804004937410356
4,DiscNRX,gated,998,0,1,0,1,18.764800000099058,nan,-0.8804004937410356
4,DiscNRX,gated,999,0,1,0,1,16.963699999905657,nan,-0.8804004937410356
4,DiscNRX,trig,0,1,0,0,0,nan,-0.5206378102302551,-0.8804004937410356
4,DiscNRX,trig,1,1,0,0,0,nan,-0.5288324952125549,-0.8804004937410356
4,DiscNRX,trig,2,1,0,0,0,nan,-0.535159707069397,-0.8804004937410356
4,DiscNRX,trig,3,1,0,0,0,nan,-0.5312702655792236,-0.8804004937410356
4,DiscNRX,trig,4,0,1,0,1,28.84829999948124,-0.5530807971954346,-0.8804004937410356
4,DiscNRX,trig,5,0,1,0,1,26.3980999998239,-0.5768791437149048,-0.8804004937410356
4,DiscNRX,trig,6,1,0,0,0,nan,-0.5473390817642212,-0.8804004937410356
4,DiscNRX,trig,7,0,1,0,1,19.77439999973285,-0.6243762969970703,-0.8804004937410356
4,DiscNRX,trig,8,1,0,0,0,nan,-0.5624899864196777,-0.8804004937410356
4,DiscNRX,trig,9,0,1,0,1,22.125600000435952,-0.657077431678772,-0.8804004937410356
4,DiscNRX,trig,10,0,1,0,1,21.87450000019453,-0.6284714937210083,-0.8804004937410356
4,DiscNRX,trig,11,0,1,0,1,22.03209999970568,-0.7407225370407104,-0.8804004937410356
4,DiscNRX,trig,12,1,0,0,0,nan,-0.7466611862182617,-0.8804004937410356
4,DiscNRX,trig,13,0,1,0,1,17.63050000045041,-0.7827000021934509,-0.8804004937410356
4,DiscNRX,trig,14,0,1,0,1,22.401199999876553,-0.7751768827438354,-0.8804004937410356
4,DiscNRX,trig,15,0,1,0,1,20.40980000037962,-0.8223201036453247,-0.8804004937410356
4,DiscNRX,trig,16,0,1,0,1,18.575199999759207,-0.8080944418907166,-0.8804004937410356
4,DiscNRX,trig,17,0,1,0,1,16.692700000021432,-0.8263630867004395,-0.8804004937410356
4,DiscNRX,trig,18,0,1,0,0,nan,-0.9144936203956604,-0.8804004937410356
4,DiscNRX,trig,19,0,1,0,1,25.317399999948975,-0.8180069327354431,-0.8804004937410356
4,DiscNRX,trig,20,0,1,0,1,18.98650000021007,-0.864966094493866,-0.8804004937410356
4,DiscNRX,trig,21,0,1,0,0,nan,-0.9104488492012024,-0.8804004937410356
4,DiscNRX,trig,22,0,1,0,0,nan,-0.920634388923645,-0.8804004937410356
4,DiscNRX,trig,23,0,1,0,0,nan,-0.9290338158607483,-0.8804004937410356
4,DiscNRX,trig,24,0,1,0,1,20.079800000530668,-0.8632258176803589,-0.8804004937410356
4,DiscNRX,trig,25,0,1,0,0,nan,-0.8959706425666809,-0.8804004937410356
4,DiscNRX,trig,26,0,1,0,0,nan,-0.9044228792190552,-0.8804004937410356
4,DiscNRX,trig,27,0,1,0,0,nan,-0.9270820021629333,-0.8804004937410356
4,DiscNRX,trig,28,0,1,0,0,nan,-0.9289848804473877,-0.8804004937410356
4,DiscNRX,trig,29,0,1,0,0,nan,-0.9354776740074158,-0.8804004937410356
4,DiscNRX,trig,30,0,1,0,1,19.045400000322843,-0.8732773661613464,-0.8804004937410356
4,DiscNRX,trig,31,0,1,0,1,20.12139999987994,-0.8100809454917908,-0.8804004937410356
4,DiscNRX,trig,32,0,1,0,0,nan,-0.9252063632011414,-0.8804004937410356
4,DiscNRX,trig,33,0,1,0,0,nan,-0.9059000611305237,-0.8804004937410356
4,DiscNRX,trig,34,0,1,0,1,28.718199999275384,-0.8100528717041016,-0.8804004937410356
4,DiscNRX,trig,35,0,1,0,1,20.291499999984808,-0.8415021896362305,-0.8804004937410356
4,DiscNRX,trig,36,0,1,0,0,nan,-0.9213900566101074,-0.8804004937410356
4,DiscNRX,trig,37,0,1,0,0,nan,-0.933637261390686,-0.8804004937410356
4,DiscNRX,trig,38,0,1,0,0,nan,-0.8983462452888489,-0.8804004937410356
4,DiscNRX,trig,39,0,1,0,0,nan,-0.9343502521514893,-0.8804004937410356
4,DiscNRX,trig,40,0,1,0,0,nan,-0.9348318576812744,-0.8804004937410356
4,DiscNRX,trig,41,0,1,0,0,nan,-0.9089498519897461,-0.8804004937410356
4,DiscNRX,trig,42,0,1,0,1,21.38620000005176,-0.841346800327301,-0.8804004937410356
4,DiscNRX,trig,43,0,1,0,0,nan,-0.9120511412620544,-0.8804004937410356
4,DiscNRX,trig,44,0,1,0,0,nan,-0.9269697070121765,-0.8804004937410356
4,DiscNRX,trig,45,0,1,0,1,19.888900000296417,-0.8521971106529236,-0.8804004937410356
4,DiscNRX,trig,46,0,1,0,0,nan,-0.9123051762580872,-0.8804004937410356
4,DiscNRX,trig,47,0,1,0,0,nan,-0.9107909202575684,-0.8804004937410356
4,DiscNRX,trig,48,0,1,0,0,nan,-0.934928834438324,-0.8804004937410356
4,DiscNRX,trig,49,0,1,0,0,nan,-0.9314338564872742,-0.8804004937410356
4,DiscNRX,trig,50,0,1,0,0,nan,-0.9354262351989746,-0.8804004937410356
4,DiscNRX,trig,51,0,1,0,0,nan,-0.9292047023773193,-0.8804004937410356
4,DiscNRX,trig,52,0,1,0,0,nan,-0.9064293503761292,-0.8804004937410356
4,DiscNRX,trig,53,0,1,0,1,18.517399999836925,-0.8495099544525146,-0.8804004937410356
4,DiscNRX,trig,54,0,1,0,0,nan,-0.9105932712554932,-0.8804004937410356
4,DiscNRX,trig,55,0,1,0,0,nan,-0.9356131553649902,-0.8804004937410356
4,DiscNRX,trig,56,0,1,0,0,nan,-0.9026771783828735,-0.8804004937410356
4,DiscNRX,trig,57,0,1,0,0,nan,-0.9288613796234131,-0.8804004937410356
4,DiscNRX,trig,58,0,1,0,0,nan,-0.9148051738739014,-0.8804004937410356
4,DiscNRX,trig,59,0,1,0,0,nan,-0.9182647466659546,-0.8804004937410356
4,DiscNRX,trig,60,0,1,0,1,20.23319999989326,-0.8376918435096741,-0.8804004937410356
4,DiscNRX,trig,61,0,1,0,1,21.926600000369945,-0.880346417427063,-0.8804004937410356
4,DiscNRX,trig,62,0,1,0,0,nan,-0.8830656409263611,-0.8804004937410356
4,DiscNRX,trig,63,0,1,0,1,17.976699999962875,-0.8377014994621277,-0.8804004937410356
4,DiscNRX,trig,64,0,1,0,1,19.379100000151084,-0.861062228679657,-0.8804004937410356
4,DiscNRX,trig,65,0,1,0,1,21.713199999794597,-0.8483765125274658,-0.8804004937410356
4,DiscNRX,trig,66,0,1,0,1,19.770900000366964,-0.8659963011741638,-0.8804004937410356
4,DiscNRX,trig,67,0,1,0,1,18.678999999792723,-0.7144779562950134,-0.8804004937410356
4,DiscNRX,trig,68,0,1,0,1,21.139299999958894,-0.7423182725906372,-0.8804004937410356
4,DiscNRX,trig,69,0,1,0,1,18.721200000072713,-0.7740492820739746,-0.8804004937410356
4,DiscNRX,trig,70,0,1,0,0,nan,-0.8810855746269226,-0.8804004937410356
4,DiscNRX,trig,71,0,1,0,1,19.26519999960874,-0.8114169239997864,-0.8804004937410356
4,DiscNRX,trig,72,0,1,0,1,20.07809999940946,-0.6544836759567261,-0.8804004937410356
4,DiscNRX,trig,73,0,1,0,1,22.10700000068755,-0.8017534017562866,-0.8804004937410356
4,DiscNRX,trig,74,0,1,0,1,21.05810000011843,-0.8738532066345215,-0.8804004937410356
4,DiscNRX,trig,75,0,1,0,1,21.844200000487035,-0.8565277457237244,-0.8804004937410356
4,DiscNRX,trig,76,0,1,0,1,18.322400000215566,-0.7383865714073181,-0.8804004937410356
4,DiscNRX,trig,77,0,1,0,1,20.849900000030175,-0.8383429050445557,-0.8804004937410356
4,DiscNRX,trig,78,0,1,0,1,19.923800000469782,-0.7569097876548767,-0.8804004937410356
4,DiscNRX,trig,79,0,1,0,1,20.063300000401796,-0.8653908967971802,-0.8804004937410356
4,DiscNRX,trig,80,0,1,0,1,21.005299999160343,-0.8717762231826782,-0.8804004937410356
4,DiscNRX,trig,81,0,1,0,1,20.210900000165566,-0.7957805395126343,-0.8804004937410356
4,DiscNRX,trig,82,0,1,0,0,nan,-0.8839318752288818,-0.8804004937410356
4,DiscNRX,trig,83,0,1,0,1,23.422900000696245,-0.8340123295783997,-0.8804004937410356
4,DiscNRX,trig,84,0,1,0,1,21.34730000034324,-0.8769630193710327,-0.8804004937410356
4,DiscNRX,trig,85,0,1,0,0,nan,-0.9035953879356384,-0.8804004937410356
4,DiscNRX,trig,86,0,1,0,1,20.97700000012992,-0.8076723217964172,-0.8804004937410356
4,DiscNRX,trig,87,0,1,0,0,nan,-0.9060575366020203,-0.8804004937410356
4,DiscNRX,trig,88,0,1,0,0,nan,-0.9107287526130676,-0.8804004937410356
4,DiscNRX,trig,89,0,1,0,0,nan,-0.9089624285697937,-0.8804004937410356
4,DiscNRX,trig,90,0,1,0,1,22.34969999972236,-0.8694010376930237,-0.8804004937410356
4,DiscNRX,trig,91,0,1,0,1,21.471500000188826,-0.7390977144241333,-0.8804004937410356
4,DiscNRX,trig,92,0,1,0,0,nan,-0.9092823266983032,-0.8804004937410356
4,DiscNRX,trig,93,0,1,0,1,18.824300000233052,-0.8280776143074036,-0.8804004937410356
4,DiscNRX,trig,94,0,1,0,1,20.303100000091945,-0.8053308129310608,-0.8804004937410356
4,DiscNRX,trig,95,0,1,0,0,nan,-0.8994362950325012,-0.8804004937410356
4,DiscNRX,trig,96,0,1,0,0,nan,-0.89065021276474,-0.8804004937410356
4,DiscNRX,trig,97,0,1,0,0,nan,-0.9002596139907837,-0.8804004937410356
4,DiscNRX,trig,98,0,1,0,0,nan,-0.9097616672515869,-0.8804004937410356
4,DiscNRX,trig,99,0,1,0,0,nan,-0.8979584574699402,-0.8804004937410356
4,DiscNRX,trig,100,0,1,0,0,nan,-0.9152616858482361,-0.8804004937410356
4,DiscNRX,trig,101,0,1,0,1,21.42600000024686,-0.8588430881500244,-0.8804004937410356
4,DiscNRX,trig,102,0,1,0,0,nan,-0.9138640761375427,-0.8804004937410356
4,DiscNRX,trig,103,0,1,0,0,nan,-0.8980446457862854,-0.8804004937410356
4,DiscNRX,trig,104,0,1,0,0,nan,-0.9275059103965759,-0.8804004937410356
4,DiscNRX,trig,105,0,1,0,1,19.90410000053089,-0.8770022988319397,-0.8804004937410356
4,DiscNRX,trig,106,0,1,0,1,19.480999999359483,-0.8515388369560242,-0.8804004937410356
4,DiscNRX,trig,107,0,1,0,0,nan,-0.9193223118782043,-0.8804004937410356
4,DiscNRX,trig,108,0,1,0,0,nan,-0.8813820481300354,-0.8804004937410356
4,DiscNRX,trig,109,0,1,0,0,nan,-0.8847057819366455,-0.8804004937410356
4,DiscNRX,trig,110,0,1,0,0,nan,-0.9166615009307861,-0.8804004937410356
4,DiscNRX,trig,111,0,1,0,0,nan,-0.9234609603881836,-0.8804004937410356
4,DiscNRX,trig,112,0,1,0,0,nan,-0.894077718257904,-0.8804004937410356
4,DiscNRX,trig,113,0,1,0,1,20.44560000013007,-0.8616871237754822,-0.8804004937410356
4,DiscNRX,trig,114,0,1,0,0,nan,-0.9164740443229675,-0.8804004937410356
4,DiscNRX,trig,115,0,1,0,0,nan,-0.9108383059501648,-0.8804004937410356
4,DiscNRX,trig,116,0,1,0,0,nan,-0.9057028889656067,-0.8804004937410356
4,DiscNRX,trig,117,0,1,0,0,nan,-0.8968271613121033,-0.8804004937410356
4,DiscNRX,trig,118,0,1,0,0,nan,-0.8999605178833008,-0.8804004937410356
4,DiscNRX,trig,119,0,1,0,0,nan,-0.9082239270210266,-0.8804004937410356
4,DiscNRX,trig,120,0,1,0,0,nan,-0.9076095223426819,-0.8804004937410356
4,DiscNRX,trig,121,0,1,0,0,nan,-0.8982049822807312,-0.8804004937410356
4,DiscNRX,trig,122,0,1,0,0,nan,-0.9148301482200623,-0.8804004937410356
4,DiscNRX,trig,123,0,1,0,1,21.910899999966205,-0.8270341753959656,-0.8804004937410356
4,DiscNRX,trig,124,0,1,0,0,nan,-0.9106637835502625,-0.8804004937410356
4,DiscNRX,trig,125,0,1,0,1,21.500099999684608,-0.8455811738967896,-0.8804004937410356
4,DiscNRX,trig,126,0,1,0,1,17.81200000004901,-0.8292903900146484,-0.8804004937410356
4,DiscNRX,trig,127,0,1,0,0,nan,-0.9049977660179138,-0.8804004937410356
4,DiscNRX,trig,128,0,1,0,0,nan,-0.8908309936523438,-0.8804004937410356
4,DiscNRX,trig,129,0,1,0,0,nan,-0.9044034481048584,-0.8804004937410356
4,DiscNRX,trig,130,0,1,0,0,nan,-0.9184319376945496,-0.8804004937410356
4,DiscNRX,trig,131,0,1,0,0,nan,-0.9024948477745056,-0.8804004937410356
4,DiscNRX,trig,132,0,1,0,0,nan,-0.880521297454834,-0.8804004937410356
4,DiscNRX,trig,133,0,1,0,0,nan,-0.9173129796981812,-0.8804004937410356
4,DiscNRX,trig,134,0,1,0,0,nan,-0.9008214473724365,-0.8804004937410356
4,DiscNRX,trig,135,0,1,0,1,19.634499999483523,-0.8636197447776794,-0.8804004937410356
4,DiscNRX,trig,136,0,1,0,1,21.44959999986895,-0.8634018301963806,-0.8804004937410356
4,DiscNRX,trig,137,0,1,0,0,nan,-0.9150512218475342,-0.8804004937410356
4,DiscNRX,trig,138,0,1,0,0,nan,-0.905760645866394,-0.8804004937410356
4,DiscNRX,trig,139,0,1,0,0,nan,-0.9180920720100403,-0.8804004937410356
4,DiscNRX,trig,140,0,1,0,0,nan,-0.9089829921722412,-0.8804004937410356
4,DiscNRX,trig,141,1,0,0,0,nan,-0.7116194367408752,-0.8804004937410356
4,DiscNRX,trig,142,0,1,0,0,nan,-0.9010343551635742,-0.8804004937410356
4,DiscNRX,trig,143,0,1,0,0,nan,-0.8944781422615051,-0.8804004937410356
4,DiscNRX,trig,144,0,1,0,1,20.265699999981734,-0.8698890209197998,-0.8804004937410356
4,DiscNRX,trig,145,0,1,0,0,nan,-0.904832661151886,-0.8804004937410356
4,DiscNRX,trig,146,0,1,0,1,21.387499999946158,-0.8344666361808777,-0.8804004937410356
4,DiscNRX,trig,147,0,1,0,0,nan,-0.8997154235839844,-0.8804004937410356
4,DiscNRX,trig,148,0,1,0,0,nan,-0.8842033743858337,-0.8804004937410356
4,DiscNRX,trig,149,0,1,0,0,nan,-0.9224082827568054,-0.8804004937410356
4,DiscNRX,trig,150,0,1,0,0,nan,-0.898973286151886,-0.8804004937410356
4,DiscNRX,trig,151,0,1,0,0,nan,-0.9112377762794495,-0.8804004937410356
4,DiscNRX,trig,152,0,1,0,0,nan,-0.893451452255249,-0.8804004937410356
4,DiscNRX,trig,153,0,1,0,0,nan,-0.8854378461837769,-0.8804004937410356
4,DiscNRX,trig,154,0,1,0,1,19.149599999764177,-0.8711487650871277,-0.8804004937410356
4,DiscNRX,trig,155,0,1,0,1,20.133899999564164,-0.8480643630027771,-0.8804004937410356
4,DiscNRX,trig,156,0,1,0,0,nan,-0.8990249633789062,-0.8804004937410356
4,DiscNRX,trig,157,0,1,0,1,20.633499999348714,-0.831878662109375,-0.8804004937410356
4,DiscNRX,trig,158,0,1,0,0,nan,-0.9050787687301636,-0.8804004937410356
4,DiscNRX,trig,159,0,1,0,1,23.453700000573008,-0.8378878831863403,-0.8804004937410356
4,DiscNRX,trig,160,0,1,0,0,nan,-0.9140655994415283,-0.8804004937410356
4,DiscNRX,trig,161,0,1,0,0,nan,-0.8988882303237915,-0.8804004937410356
4,DiscNRX,trig,162,0,1,0,0,nan,-0.8951215147972107,-0.8804004937410356
4,DiscNRX,trig,163,0,1,0,1,19.814799999949173,-0.7498508095741272,-0.8804004937410356
4,DiscNRX,trig,164,0,1,0,1,19.4562999995469,-0.8490122556686401,-0.8804004937410356
4,DiscNRX,trig,165,0,1,0,0,nan,-0.8821311593055725,-0.8804004937410356
4,DiscNRX,trig,166,0,1,0,0,nan,-0.8986482620239258,-0.8804004937410356
4,DiscNRX,trig,167,0,1,0,1,22.102599999925587,-0.8747850656509399,-0.8804004937410356
4,DiscNRX,trig,168,0,1,0,1,21.56699999977718,-0.7599624991416931,-0.8804004937410356
4,DiscNRX,trig,169,0,1,0,1,20.48000000013417,-0.8543542623519897,-0.8804004937410356
4,DiscNRX,trig,170,0,1,0,0,nan,-0.8914109468460083,-0.8804004937410356
4,DiscNRX,trig,171,0,1,0,0,nan,-0.8939283490180969,-0.8804004937410356
4,DiscNRX,trig,172,0,1,0,0,nan,-0.9049299359321594,-0.8804004937410356
4,DiscNRX,trig,173,0,1,0,1,21.47419999982958,-0.8292084336280823,-0.8804004937410356
4,DiscNRX,trig,174,0,1,0,1,18.12329999938811,-0.8795742988586426,-0.8804004937410356
4,DiscNRX,trig,175,0,1,0,1,22.36429999993561,-0.8247089385986328,-0.8804004937410356
4,DiscNRX,trig,176,0,1,0,0,nan,-0.8949614763259888,-0.8804004937410356
4,DiscNRX,trig,177,0,1,0,0,nan,-0.9067932963371277,-0.8804004937410356
4,DiscNRX,trig,178,0,1,0,0,nan,-0.8854894638061523,-0.8804004937410356
4,DiscNRX,trig,179,0,1,0,1,22.125299999970593,-0.8320189714431763,-0.8804004937410356
4,DiscNRX,trig,180,0,1,0,1,19.026900000426394,-0.8662082552909851,-0.8804004937410356
4,DiscNRX,trig,181,0,1,0,0,nan,-0.8998498320579529,-0.8804004937410356
4,DiscNRX,trig,182,0,1,0,0,nan,-0.9050096869468689,-0.8804004937410356
4,DiscNRX,trig,183,0,1,0,0,nan,-0.9098553657531738,-0.8804004937410356
4,DiscNRX,trig,184,0,1,0,0,nan,-0.8935734033584595,-0.8804004937410356
4,DiscNRX,trig,185,0,1,0,1,22.27729999958683,-0.8756493330001831,-0.8804004937410356
4,DiscNRX,trig,186,0,1,0,0,nan,-0.9146633744239807,-0.8804004937410356
4,DiscNRX,trig,187,0,1,0,1,21.842000000106054,-0.8644485473632812,-0.8804004937410356
4,DiscNRX,trig,188,0,1,0,0,nan,-0.9061623811721802,-0.8804004937410356
4,DiscNRX,trig,189,0,1,0,0,nan,-0.8917447924613953,-0.8804004937410356
4,DiscNRX,trig,190,0,1,0,1,21.471800000654184,-0.851089358329773,-0.8804004937410356
4,DiscNRX,trig,191,0,1,0,0,nan,-0.8987943530082703,-0.8804004937410356
4,DiscNRX,trig,192,0,1,0,1,16.74970000021858,-0.8743613958358765,-0.8804004937410356
4,DiscNRX,trig,193,0,1,0,0,nan,-0.883847177028656,-0.8804004937410356
4,DiscNRX,trig,194,0,1,0,0,nan,-0.8896217942237854,-0.8804004937410356
4,DiscNRX,trig,195,0,1,0,1,23.804599999493803,-0.8478062748908997,-0.8804004937410356
4,DiscNRX,trig,196,0,1,0,0,nan,-0.8810739517211914,-0.8804004937410356
4,DiscNRX,trig,197,0,1,0,0,nan,-0.8877800703048706,-0.8804004937410356
4,DiscNRX,trig,198,0,1,0,1,20.739900000080524,-0.8610185384750366,-0.8804004937410356
4,DiscNRX,trig,199,0,1,0,1,20.167599999695085,-0.8353084325790405,-0.8804004937410356
4,DiscNRX,trig,200,0,1,0,1,22.26379999956407,-0.8499893546104431,-0.8804004937410356
4,DiscNRX,trig,201,0,1,0,0,nan,-0.8822475671768188,-0.8804004937410356
4,DiscNRX,trig,202,0,1,0,1,19.2442999996274,-0.8608962297439575,-0.8804004937410356
4,DiscNRX,trig,203,0,1,0,1,20.23619999999937,-0.8390079736709595,-0.8804004937410356
4,DiscNRX,trig,204,0,1,0,0,nan,-0.891716480255127,-0.8804004937410356
4,DiscNRX,trig,205,0,1,0,0,nan,-0.8897742629051208,-0.8804004937410356
4,DiscNRX,trig,206,0,1,0,0,nan,-0.899824857711792,-0.8804004937410356
4,DiscNRX,trig,207,0,1,0,0,nan,-0.8870135545730591,-0.8804004937410356
4,DiscNRX,trig,208,0,1,0,0,nan,-0.8919814229011536,-0.8804004937410356
4,DiscNRX,trig,209,0,1,0,1,19.969599999967613,-0.782831609249115,-0.8804004937410356
4,DiscNRX,trig,210,0,1,0,1,21.48699999997916,-0.7462074160575867,-0.8804004937410356
4,DiscNRX,trig,211,0,1,0,1,20.687199999883887,-0.8170903325080872,-0.8804004937410356
4,DiscNRX,trig,212,0,1,0,0,nan,-0.8845694661140442,-0.8804004937410356
4,DiscNRX,trig,213,0,1,0,1,19.09739999973681,-0.8729352355003357,-0.8804004937410356
4,DiscNRX,trig,214,0,1,0,0,nan,-0.891991376876831,-0.8804004937410356
4,DiscNRX,trig,215,0,1,0,1,21.596100000351726,-0.8563401103019714,-0.8804004937410356
4,DiscNRX,trig,216,0,1,0,1,23.320399999647634,-0.8383010625839233,-0.8804004937410356
4,DiscNRX,trig,217,0,1,0,1,22.319200000310957,-0.8494218587875366,-0.8804004937410356
4,DiscNRX,trig,218,0,1,0,1,22.351999999955297,-0.8721140623092651,-0.8804004937410356
4,DiscNRX,trig,219,0,1,0,1,19.525900000189722,-0.8150080442428589,-0.8804004937410356
4,DiscNRX,trig,220,0,1,0,0,nan,-0.8827210664749146,-0.8804004937410356
4,DiscNRX,trig,221,0,1,0,1,22.141999999803375,-0.852665901184082,-0.8804004937410356
4,DiscNRX,trig,222,0,1,0,0,nan,-0.894461989402771,-0.8804004937410356
4,DiscNRX,trig,223,0,1,0,0,nan,-0.8909684419631958,-0.8804004937410356
4,DiscNRX,trig,224,0,1,0,0,nan,-0.8903283476829529,-0.8804004937410356
4,DiscNRX,trig,225,0,1,0,1,17.5970000000234,-0.8208801746368408,-0.8804004937410356
4,DiscNRX,trig,226,0,1,0,1,19.943199999943317,-0.8675345778465271,-0.8804004937410356
4,DiscNRX,trig,227,0,1,0,1,19.8326999998244,-0.8787389397621155,-0.8804004937410356
4,DiscNRX,trig,228,0,1,0,0,nan,-0.8924739956855774,-0.8804004937410356
4,DiscNRX,trig,229,0,1,0,0,nan,-0.8825476169586182,-0.8804004937410356
4,DiscNRX,trig,230,0,1,0,1,22.142599999824597,-0.8656878471374512,-0.8804004937410356
4,DiscNRX,trig,231,0,1,0,1,19.025800000235904,-0.8725069165229797,-0.8804004937410356
4,DiscNRX,trig,232,0,1,0,1,23.34649999920657,-0.7621694207191467,-0.8804004937410356
4,DiscNRX,trig,233,0,1,0,0,nan,-0.8994329571723938,-0.8804004937410356
4,DiscNRX,trig,234,0,1,0,0,nan,-0.888265073299408,-0.8804004937410356
4,DiscNRX,trig,235,0,1,0,0,nan,-0.885126531124115,-0.8804004937410356
4,DiscNRX,trig,236,0,1,0,0,nan,-0.9035037159919739,-0.8804004937410356
4,DiscNRX,trig,237,0,1,0,1,23.190299999441777,-0.8697248101234436,-0.8804004937410356
4,DiscNRX,trig,238,0,1,0,1,20.099999999729334,-0.861838161945343,-0.8804004937410356
4,DiscNRX,trig,239,0,1,0,0,nan,-0.8913390636444092,-0.8804004937410356
4,DiscNRX,trig,240,0,1,0,1,22.269000000051165,-0.8540265560150146,-0.8804004937410356
4,DiscNRX,trig,241,0,1,0,0,nan,-0.8881877660751343,-0.8804004937410356
4,DiscNRX,trig,242,0,1,0,0,nan,-0.8934318423271179,-0.8804004937410356
4,DiscNRX,trig,243,0,1,0,1,19.641699999738194,-0.8409891128540039,-0.8804004937410356
4,DiscNRX,trig,244,0,1,0,0,nan,-0.8979768753051758,-0.8804004937410356
4,DiscNRX,trig,245,0,1,0,0,nan,-0.8944230675697327,-0.8804004937410356
4,DiscNRX,trig,246,0,1,0,0,nan,-0.8851684927940369,-0.8804004937410356
4,DiscNRX,trig,247,0,1,0,0,nan,-0.8990340232849121,-0.8804004937410356
4,DiscNRX,trig,248,0,1,0,1,20.97070000036183,-0.7469663023948669,-0.8804004937410356
4,DiscNRX,trig,249,0,1,0,0,nan,-0.8982357978820801,-0.8804004937410356
4,DiscNRX,trig,250,0,1,0,1,18.76540000012028,-0.8271686434745789,-0.8804004937410356
4,DiscNRX,trig,251,0,1,0,0,nan,-0.8912517428398132,-0.8804004937410356
4,DiscNRX,trig,252,0,1,0,1,19.361199999366363,-0.8707022070884705,-0.8804004937410356
4,DiscNRX,trig,253,0,1,0,0,nan,-0.9196798801422119,-0.8804004937410356
4,DiscNRX,trig,254,0,1,0,0,nan,-0.8832370638847351,-0.8804004937410356
4,DiscNRX,trig,255,0,1,0,1,22.279599999819766,-0.869170069694519,-0.8804004937410356
4,DiscNRX,trig,256,0,1,0,1,19.390099999327504,-0.8424917459487915,-0.8804004937410356
4,DiscNRX,trig,257,0,1,0,1,20.211899999594607,-0.8734837770462036,-0.8804004937410356
4,DiscNRX,trig,258,0,1,0,1,22.09709999988263,-0.8463015556335449,-0.8804004937410356
4,DiscNRX,trig,259,0,1,0,1,22.8703000002497,-0.8695185780525208,-0.8804004937410356
4,DiscNRX,trig,260,0,1,0,0,nan,-0.8931891322135925,-0.8804004937410356
4,DiscNRX,trig,261,0,1,0,1,18.97270000063145,-0.7769004106521606,-0.8804004937410356
4,DiscNRX,trig,262,0,1,0,1,22.288200000730285,-0.8072497844696045,-0.8804004937410356
4,DiscNRX,trig,263,0,1,0,1,18.857500000194705,-0.8678789138793945,-0.8804004937410356
4,DiscNRX,trig,264,0,1,0,1,18.375299999206618,-0.7603532075881958,-0.8804004937410356
4,DiscNRX,trig,265,0,1,0,1,19.86140000008163,-0.7903861999511719,-0.8804004937410356
4,DiscNRX,trig,266,0,1,0,1,21.662299999661627,-0.839518666267395,-0.8804004937410356
4,DiscNRX,trig,267,0,1,0,1,20.607499999641732,-0.8400008082389832,-0.8804004937410356
4,DiscNRX,trig,268,0,1,0,0,nan,-0.9084364175796509,-0.8804004937410356
4,DiscNRX,trig,269,0,1,0,0,nan,-0.9002518057823181,-0.8804004937410356
4,DiscNRX,trig,270,0,1,0,0,nan,-0.9013224840164185,-0.8804004937410356
4,DiscNRX,trig,271,0,1,0,0,nan,-0.880843460559845,-0.8804004937410356
4,DiscNRX,trig,272,0,1,0,1,20.349800000076357,-0.8128036260604858,-0.8804004937410356
4,DiscNRX,trig,273,0,1,0,0,nan,-0.8944713473320007,-0.8804004937410356
4,DiscNRX,trig,274,0,1,0,1,19.857799999954295,-0.8050747513771057,-0.8804004937410356
4,DiscNRX,trig,275,0,1,0,1,22.7020000002085,-0.8794965147972107,-0.8804004937410356
4,DiscNRX,trig,276,0,1,0,1,18.59469999999419,-0.8078233003616333,-0.8804004937410356
4,DiscNRX,trig,277,0,1,0,1,21.08539999971981,-0.878968358039856,-0.8804004937410356
4,DiscNRX,trig,278,0,1,0,1,17.74479999949108,-0.8731328845024109,-0.8804004937410356
4,DiscNRX,trig,279,0,1,0,1,23.330399999395013,-0.8689125776290894,-0.8804004937410356
4,DiscNRX,trig,280,0,1,0,1,20.9381000004214,-0.8252229690551758,-0.8804004937410356
4,DiscNRX,trig,281,0,1,0,1,17.828699999881792,-0.8730373978614807,-0.8804004937410356
4,DiscNRX,trig,282,0,1,0,0,nan,-0.9067016839981079,-0.8804004937410356
4,DiscNRX,trig,283,0,1,0,0,nan,-0.8865092992782593,-0.8804004937410356
4,DiscNRX,trig,284,0,1,0,1,20.988599999327562,-0.8522719144821167,-0.8804004937410356
4,DiscNRX,trig,285,0,1,0,1,21.775399999569345,-0.8296700716018677,-0.8804004937410356
4,DiscNRX,trig,286,0,1,0,1,20.417200000338198,-0.7803398966789246,-0.8804004937410356
4,DiscNRX,trig,287,0,1,0,0,nan,-0.8964695334434509,-0.8804004937410356
4,DiscNRX,trig,288,0,1,0,1,19.002099999852362,-0.8760877847671509,-0.8804004937410356
4,DiscNRX,trig,289,0,1,0,0,nan,-0.8946578502655029,-0.8804004937410356
4,DiscNRX,trig,290,0,1,0,0,nan,-0.8962842226028442,-0.8804004937410356
4,DiscNRX,trig,291,0,1,0,0,nan,-0.9043493270874023,-0.8804004937410356
4,DiscNRX,trig,292,0,1,0,0,nan,-0.8963823914527893,-0.8804004937410356
4,DiscNRX,trig,293,0,1,0,1,21.260800000163727,-0.8094198703765869,-0.8804004937410356
4,DiscNRX,trig,294,0,1,0,1,19.500299999890558,-0.830436110496521,-0.8804004937410356
4,DiscNRX,trig,295,0,1,0,0,nan,-0.8935277462005615,-0.8804004937410356
4,DiscNRX,trig,296,0,1,0,1,19.781699999839475,-0.8698484301567078,-0.8804004937410356
4,DiscNRX,trig,297,0,1,0,1,21.189500000218686,-0.8520721197128296,-0.8804004937410356
4,DiscNRX,trig,298,0,1,0,0,nan,-0.9115296602249146,-0.8804004937410356
4,DiscNRX,trig,299,0,1,0,0,nan,-0.8903713822364807,-0.8804004937410356
4,DiscNRX,trig,300,0,1,0,0,nan,-0.8988097310066223,-0.8804004937410356
4,DiscNRX,trig,301,0,1,0,0,nan,-0.893222451210022,-0.8804004937410356
4,DiscNRX,trig,302,0,1,0,0,nan,-0.9015589952468872,-0.8804004937410356
4,DiscNRX,trig,303,0,1,0,0,nan,-0.9009923934936523,-0.8804004937410356
4,DiscNRX,trig,304,0,1,0,1,19.254800000453542,-0.8381417989730835,-0.8804004937410356
4,DiscNRX,trig,305,0,1,0,0,nan,-0.8923137784004211,-0.8804004937410356
4,DiscNRX,trig,306,0,1,0,1,24.372000000767002,-0.8338000774383545,-0.8804004937410356
4,DiscNRX,trig,307,0,1,0,1,21.485000000211585,-0.848016619682312,-0.8804004937410356
4,DiscNRX,trig,308,0,1,0,1,20.02840000022843,-0.8264463543891907,-0.8804004937410356
4,DiscNRX,trig,309,0,1,0,0,nan,-0.8837032914161682,-0.8804004937410356
4,DiscNRX,trig,310,0,1,0,1,21.241200000076788,-0.8518051505088806,-0.8804004937410356
4,DiscNRX,trig,311,0,1,0,0,nan,-0.8831801414489746,-0.8804004937410356
4,DiscNRX,trig,312,0,1,0,1,21.158200000172656,-0.8129268288612366,-0.8804004937410356
4,DiscNRX,trig,313,0,1,0,0,nan,-0.8884809017181396,-0.8804004937410356
4,DiscNRX,trig,314,0,1,0,1,20.23619999999937,-0.8331440687179565,-0.8804004937410356
4,DiscNRX,trig,315,0,1,0,0,nan,-0.8870421648025513,-0.8804004937410356
4,DiscNRX,trig,316,0,1,0,1,19.923699999708333,-0.8424034714698792,-0.8804004937410356
4,DiscNRX,trig,317,0,1,0,1,21.218300000327872,-0.85422283411026,-0.8804004937410356
4,DiscNRX,trig,318,0,1,0,1,19.585200000619807,-0.8695704340934753,-0.8804004937410356
4,DiscNRX,trig,319,0,1,0,0,nan,-0.8944549560546875,-0.8804004937410356
4,DiscNRX,trig,320,0,1,0,1,20.72729999963485,-0.8778074979782104,-0.8804004937410356
4,DiscNRX,trig,321,0,1,0,0,nan,-0.9055371284484863,-0.8804004937410356
4,DiscNRX,trig,322,0,1,0,1,20.707100000436185,-0.878831148147583,-0.8804004937410356
4,DiscNRX,trig,323,0,1,0,1,20.05769999959739,-0.8756133317947388,-0.8804004937410356
4,DiscNRX,trig,324,0,1,0,1,21.601499999633234,-0.8360128402709961,-0.8804004937410356
4,DiscNRX,trig,325,0,1,0,0,nan,-0.8852787017822266,-0.8804004937410356
4,DiscNRX,trig,326,0,1,0,1,20.783499999197375,-0.8174164295196533,-0.8804004937410356
4,DiscNRX,trig,327,0,1,0,1,22.658200000478246,-0.8620204925537109,-0.8804004937410356
4,DiscNRX,trig,328,0,1,0,1,23.861500000748492,-0.8431378602981567,-0.8804004937410356
4,DiscNRX,trig,329,0,1,0,0,nan,-0.9062618017196655,-0.8804004937410356
4,DiscNRX,trig,330,0,1,0,0,nan,-0.9016465544700623,-0.8804004937410356
4,DiscNRX,trig,331,0,1,0,1,20.994499999687832,-0.8237793445587158,-0.8804004937410356
4,DiscNRX,trig,332,0,1,0,0,nan,-0.8964691758155823,-0.8804004937410356
4,DiscNRX,trig,333,0,1,0,1,21.88879999994242,-0.8193289637565613,-0.8804004937410356
4,DiscNRX,trig,334,0,1,0,0,nan,-0.8874039053916931,-0.8804004937410356
4,DiscNRX,trig,335,0,1,0,0,nan,-0.9098228216171265,-0.8804004937410356
4,DiscNRX,trig,336,0,1,0,1,17.98910000070464,-0.8718388080596924,-0.8804004937410356
4,DiscNRX,trig,337,0,1,0,1,20.306600000367325,-0.8311560153961182,-0.8804004937410356
4,DiscNRX,trig,338,0,1,0,0,nan,-0.9019504189491272,-0.8804004937410356
4,DiscNRX,trig,339,0,1,0,0,nan,-0.8874202370643616,-0.8804004937410356
4,DiscNRX,trig,340,0,1,0,1,26.301500000045053,-0.8756487965583801,-0.8804004937410356
4,DiscNRX,trig,341,0,1,0,1,22.713199999998324,-0.8607462644577026,-0.8804004937410356
4,DiscNRX,trig,342,0,1,0,0,nan,-0.8930943012237549,-0.8804004937410356
4,DiscNRX,trig,343,0,1,0,1,19.712199999958102,-0.833182156085968,-0.8804004937410356
4,DiscNRX,trig,344,0,1,0,0,nan,-0.9099762439727783,-0.8804004937410356
4,DiscNRX,trig,345,0,1,0,0,nan,-0.8923285007476807,-0.8804004937410356
4,DiscNRX,trig,346,0,1,0,0,nan,-0.9067950248718262,-0.8804004937410356
4,DiscNRX,trig,347,0,1,0,1,20.039600000018254,-0.8735771775245667,-0.8804004937410356
4,DiscNRX,trig,348,0,1,0,1,20.145399999819347,-0.8593177795410156,-0.8804004937410356
4,DiscNRX,trig,349,0,1,0,0,nan,-0.8844603300094604,-0.8804004937410356
4,DiscNRX,trig,350,0,1,0,0,nan,-0.9101155400276184,-0.8804004937410356
4,DiscNRX,trig,351,0,1,0,1,21.241599999484606,-0.8369534015655518,-0.8804004937410356
4,DiscNRX,trig,352,0,1,0,0,nan,-0.9034201502799988,-0.8804004937410356
4,DiscNRX,trig,353,0,1,0,1,21.391399999629357,-0.8631166219711304,-0.8804004937410356
4,DiscNRX,trig,354,0,1,0,0,nan,-0.9017643332481384,-0.8804004937410356
4,DiscNRX,trig,355,0,1,0,0,nan,-0.8933601379394531,-0.8804004937410356
4,DiscNRX,trig,356,0,1,0,1,20.435400000678783,-0.8461951613426208,-0.8804004937410356
4,DiscNRX,trig,357,0,1,0,1,20.351299999674666,-0.8277515769004822,-0.8804004937410356
4,DiscNRX,trig,358,0,1,0,0,nan,-0.8923370242118835,-0.8804004937410356
4,DiscNRX,trig,359,0,1,0,1,20.259200000509736,-0.8451898097991943,-0.8804004937410356
4,DiscNRX,trig,360,0,1,0,0,nan,-0.8969098925590515,-0.8804004937410356
4,DiscNRX,trig,361,0,1,0,1,21.68840000013006,-0.8619014024734497,-0.8804004937410356
4,DiscNRX,trig,362,0,1,0,1,20.095999999284686,-0.8511122465133667,-0.8804004937410356
4,DiscNRX,trig,363,0,1,0,0,nan,-0.8936486840248108,-0.8804004937410356
4,DiscNRX,trig,364,0,1,0,0,nan,-0.8985496163368225,-0.8804004937410356
4,DiscNRX,trig,365,0,1,0,1,19.31140000033338,-0.8717082142829895,-0.8804004937410356
4,DiscNRX,trig,366,0,1,0,1,22.09390000007261,-0.8745636343955994,-0.8804004937410356
4,DiscNRX,trig,367,0,1,0,0,nan,-0.9044738411903381,-0.8804004937410356
4,DiscNRX,trig,368,0,1,0,0,nan,-0.8959305286407471,-0.8804004937410356
4,DiscNRX,trig,369,0,1,0,1,21.408500000688946,-0.8071557283401489,-0.8804004937410356
4,DiscNRX,trig,370,0,1,0,1,21.716500000366068,-0.8694229125976562,-0.8804004937410356
4,DiscNRX,trig,371,0,1,0,1,21.77449999999226,-0.8706485629081726,-0.8804004937410356
4,DiscNRX,trig,372,0,1,0,0,nan,-0.8965102434158325,-0.8804004937410356
4,DiscNRX,trig,373,0,1,0,0,nan,-0.8909155130386353,-0.8804004937410356
4,DiscNRX,trig,374,0,1,0,1,19.86120000037772,-0.8326293230056763,-0.8804004937410356
4,DiscNRX,trig,375,0,1,0,1,22.56760000000213,-0.86117023229599,-0.8804004937410356
4,DiscNRX,trig,376,0,1,0,1,20.600600000761915,-0.8750461935997009,-0.8804004937410356
4,DiscNRX,trig,377,0,1,0,1,17.80090000011114,-0.8763213753700256,-0.8804004937410356
4,DiscNRX,trig,378,0,1,0,0,nan,-0.8915583491325378,-0.8804004937410356
4,DiscNRX,trig,379,0,1,0,0,nan,-0.9090926647186279,-0.8804004937410356
4,DiscNRX,trig,380,0,1,0,1,21.934200000032433,-0.8553165793418884,-0.8804004937410356
4,DiscNRX,trig,381,0,1,0,0,nan,-0.8897433280944824,-0.8804004937410356
4,DiscNRX,trig,382,0,1,0,1,20.525199999610777,-0.8719773888587952,-0.8804004937410356
4,DiscNRX,trig,383,0,1,0,1,19.92439999958151,-0.7570915222167969,-0.8804004937410356
4,DiscNRX,trig,384,0,1,0,1,20.802699999876495,-0.8653231263160706,-0.8804004937410356
4,DiscNRX,trig,385,0,1,0,0,nan,-0.8988893628120422,-0.8804004937410356
4,DiscNRX,trig,386,0,1,0,1,23.179800000434625,-0.8582723140716553,-0.8804004937410356
4,DiscNRX,trig,387,0,1,0,0,nan,-0.8859312534332275,-0.8804004937410356
4,DiscNRX,trig,388,0,1,0,1,26.603899999827263,-0.7880947589874268,-0.8804004937410356
4,DiscNRX,trig,389,0,1,0,0,nan,-0.9009802937507629,-0.8804004937410356
4,DiscNRX,trig,390,0,1,0,0,nan,-0.8903360366821289,-0.8804004937410356
4,DiscNRX,trig,391,0,1,0,1,21.873499999855994,-0.7926691770553589,-0.8804004937410356
4,DiscNRX,trig,392,0,1,0,1,24.535800000194286,-0.8566944003105164,-0.8804004937410356
4,DiscNRX,trig,393,0,1,0,0,nan,-0.9104953408241272,-0.8804004937410356
4,DiscNRX,trig,394,0,1,0,0,nan,-0.909968376159668,-0.8804004937410356
4,DiscNRX,trig,395,0,1,0,1,20.406399999956193,-0.8540938496589661,-0.8804004937410356
4,DiscNRX,trig,396,0,1,0,1,18.82209999985207,-0.7952930331230164,-0.8804004937410356
4,DiscNRX,trig,397,0,1,0,0,nan,-0.9073505997657776,-0.8804004937410356
4,DiscNRX,trig,398,0,1,0,1,16.037299999879906,-0.842966616153717,-0.8804004937410356
4,DiscNRX,trig,399,0,1,0,1,18.239600000015344,-0.8640865087509155,-0.8804004937410356
4,DiscNRX,trig,400,0,1,0,0,nan,-0.917887806892395,-0.8804004937410356
4,DiscNRX,trig,401,0,1,0,0,nan,-0.9031696319580078,-0.8804004937410356
4,DiscNRX,trig,402,0,1,0,0,nan,-0.9017464518547058,-0.8804004937410356
4,DiscNRX,trig,403,0,1,0,0,nan,-0.9145098328590393,-0.8804004937410356
4,DiscNRX,trig,404,0,1,0,0,nan,-0.9013575315475464,-0.8804004937410356
4,DiscNRX,trig,405,0,1,0,0,nan,-0.8917898535728455,-0.8804004937410356
4,DiscNRX,trig,406,0,1,0,1,20.296200000302633,-0.792424738407135,-0.8804004937410356
4,DiscNRX,trig,407,0,1,0,1,20.310999999310297,-0.8638628125190735,-0.8804004937410356
4,DiscNRX,trig,408,0,1,0,1,21.01669999956357,-0.8235086798667908,-0.8804004937410356
4,DiscNRX,trig,409,0,1,0,0,nan,-0.8930110931396484,-0.8804004937410356
4,DiscNRX,trig,410,0,1,0,0,nan,-0.8950852155685425,-0.8804004937410356
4,DiscNRX,trig,411,0,1,0,0,nan,-0.8961648344993591,-0.8804004937410356
4,DiscNRX,trig,412,0,1,0,0,nan,-0.8914368152618408,-0.8804004937410356
4,DiscNRX,trig,413,0,1,0,1,17.504899999948975,-0.8703158497810364,-0.8804004937410356
4,DiscNRX,trig,414,0,1,0,1,19.50600000054692,-0.8046081066131592,-0.8804004937410356
4,DiscNRX,trig,415,0,1,0,0,nan,-0.9139712452888489,-0.8804004937410356
4,DiscNRX,trig,416,0,1,0,0,nan,-0.9037724733352661,-0.8804004937410356
4,DiscNRX,trig,417,0,1,0,0,nan,-0.9002614617347717,-0.8804004937410356
4,DiscNRX,trig,418,0,1,0,1,23.078899999745772,-0.8009421229362488,-0.8804004937410356
4,DiscNRX,trig,419,0,1,0,0,nan,-0.9109092354774475,-0.8804004937410356
4,DiscNRX,trig,420,0,1,0,1,20.876999999927648,-0.8356522917747498,-0.8804004937410356
4,DiscNRX,trig,421,0,1,0,1,20.44190000015078,-0.8585246205329895,-0.8804004937410356
4,DiscNRX,trig,422,0,1,0,1,21.73430000038934,-0.8572470545768738,-0.8804004937410356
4,DiscNRX,trig,423,0,1,0,0,nan,-0.9145535826683044,-0.8804004937410356
4,DiscNRX,trig,424,0,1,0,1,22.00650000031601,-0.8713111877441406,-0.8804004937410356
4,DiscNRX,trig,425,0,1,0,0,nan,-0.8877201080322266,-0.8804004937410356
4,DiscNRX,trig,426,0,1,0,0,nan,-0.9028321504592896,-0.8804004937410356
4,DiscNRX,trig,427,0,1,0,1,20.579500000167172,-0.8257062435150146,-0.8804004937410356
4,DiscNRX,trig,428,0,1,0,0,nan,-0.8819025754928589,-0.8804004937410356
4,DiscNRX,trig,429,0,1,0,0,nan,-0.9096888303756714,-0.8804004937410356
4,DiscNRX,trig,430,0,1,0,1,19.312699999318284,-0.8522701859474182,-0.8804004937410356
4,DiscNRX,trig,431,0,1,0,0,nan,-0.8986764550209045,-0.8804004937410356
4,DiscNRX,trig,432,0,1,0,0,nan,-0.8927741646766663,-0.8804004937410356
4,DiscNRX,trig,433,0,1,0,0,nan,-0.8909589648246765,-0.8804004937410356
4,DiscNRX,trig,434,0,1,0,0,nan,-0.9007996916770935,-0.8804004937410356
4,DiscNRX,trig,435,0,1,0,0,nan,-0.9163734316825867,-0.8804004937410356
4,DiscNRX,trig,436,0,1,0,0,nan,-0.9068560004234314,-0.8804004937410356
4,DiscNRX,trig,437,0,1,0,0,nan,-0.8915020227432251,-0.8804004937410356
4,DiscNRX,trig,438,0,1,0,0,nan,-0.9029898047447205,-0.8804004937410356
4,DiscNRX,trig,439,0,1,0,1,21.708700000090175,-0.8737834692001343,-0.8804004937410356
4,DiscNRX,trig,440,0,1,0,0,nan,-0.8886131048202515,-0.8804004937410356
4,DiscNRX,trig,441,0,1,0,1,20.732100000714127,-0.8644078373908997,-0.8804004937410356
4,DiscNRX,trig,442,0,1,0,0,nan,-0.8918963074684143,-0.8804004937410356
4,DiscNRX,trig,443,0,1,0,0,nan,-0.9010825753211975,-0.8804004937410356
4,DiscNRX,trig,444,0,1,0,1,22.80920000066544,-0.8618635535240173,-0.8804004937410356
4,DiscNRX,trig,445,0,1,0,1,24.172499999622232,-0.8726086616516113,-0.8804004937410356
4,DiscNRX,trig,446,0,1,0,0,nan,-0.8810139298439026,-0.8804004937410356
4,DiscNRX,trig,447,0,1,0,1,20.49130000068544,-0.8775683045387268,-0.8804004937410356
4,DiscNRX,trig,448,0,1,0,1,18.331799999941722,-0.86961430311203,-0.8804004937410356
4,DiscNRX,trig,449,0,1,0,0,nan,-0.9134424924850464,-0.8804004937410356
4,DiscNRX,trig,450,0,1,0,0,nan,-0.9073118567466736,-0.8804004937410356
4,DiscNRX,trig,451,0,1,0,0,nan,-0.9025740027427673,-0.8804004937410356
4,DiscNRX,trig,452,0,1,0,0,nan,-0.9102866053581238,-0.8804004937410356
4,DiscNRX,trig,453,0,1,0,0,nan,-0.9130951762199402,-0.8804004937410356
4,DiscNRX,trig,454,0,1,0,1,24.214900000515627,-0.8677743077278137,-0.8804004937410356
4,DiscNRX,trig,455,0,1,0,0,nan,-0.8919572234153748,-0.8804004937410356
4,DiscNRX,trig,456,0,1,0,1,20.360900000014226,-0.8403717875480652,-0.8804004937410356
4,DiscNRX,trig,457,0,1,0,0,nan,-0.8836838006973267,-0.8804004937410356
4,DiscNRX,trig,458,0,1,0,0,nan,-0.8928079009056091,-0.8804004937410356
4,DiscNRX,trig,459,0,1,0,1,21.664799999598472,-0.850574791431427,-0.8804004937410356
4,DiscNRX,trig,460,0,1,0,0,nan,-0.8905373811721802,-0.8804004937410356
4,DiscNRX,trig,461,0,1,0,0,nan,-0.9023825526237488,-0.8804004937410356
4,DiscNRX,trig,462,0,1,0,1,20.94660000057047,-0.8587707877159119,-0.8804004937410356
4,DiscNRX,trig,463,0,1,0,0,nan,-0.8965429663658142,-0.8804004937410356
4,DiscNRX,trig,464,0,1,0,0,nan,-0.8845182657241821,-0.8804004937410356
4,DiscNRX,trig,465,0,1,0,0,nan,-0.8927338123321533,-0.8804004937410356
4,DiscNRX,trig,466,0,1,0,1,20.536700000775454,-0.8284381628036499,-0.8804004937410356
4,DiscNRX,trig,467,0,1,0,1,20.05340000050637,-0.8667899966239929,-0.8804004937410356
4,DiscNRX,trig,468,0,1,0,0,nan,-0.9037773609161377,-0.8804004937410356
4,DiscNRX,trig,469,0,1,0,1,19.842099999550555,-0.8738865256309509,-0.8804004937410356
4,DiscNRX,trig,470,0,1,0,1,20.80110000042623,-0.8358115553855896,-0.8804004937410356
4,DiscNRX,trig,471,0,1,0,0,nan,-0.9006003737449646,-0.8804004937410356
4,DiscNRX,trig,472,0,1,0,0,nan,-0.8917814493179321,-0.8804004937410356
4,DiscNRX,trig,473,0,1,0,0,nan,-0.9085596203804016,-0.8804004937410356
4,DiscNRX,trig,474,0,1,0,1,20.224099999722966,-0.8022241592407227,-0.8804004937410356
4,DiscNRX,trig,475,0,1,0,1,19.02479999989737,-0.8720915913581848,-0.8804004937410356
4,DiscNRX,trig,476,0,1,0,1,21.58320000035019,-0.8589617013931274,-0.8804004937410356
4,DiscNRX,trig,477,0,1,0,0,nan,-0.900054931640625,-0.8804004937410356
4,DiscNRX,trig,478,0,1,0,1,19.134199999825796,-0.8650912046432495,-0.8804004937410356
4,DiscNRX,trig,479,0,1,0,0,nan,-0.8903757929801941,-0.8804004937410356
4,DiscNRX,trig,480,0,1,0,0,nan,-0.8825652599334717,-0.8804004937410356
4,DiscNRX,trig,481,0,1,0,1,18.468700000084937,-0.8746210932731628,-0.8804004937410356
4,DiscNRX,trig,482,0,1,0,0,nan,-0.8969840407371521,-0.8804004937410356
4,DiscNRX,trig,483,0,1,0,1,20.5761999995957,-0.7537640929222107,-0.8804004937410356
4,DiscNRX,trig,484,0,1,0,1,19.59519999945769,-0.8751497864723206,-0.8804004937410356
4,DiscNRX,trig,485,0,1,0,0,nan,-0.8811914324760437,-0.8804004937410356
4,DiscNRX,trig,486,0,1,0,0,nan,-0.8849911689758301,-0.8804004937410356
4,DiscNRX,trig,487,0,1,0,1,23.23349999915081,-0.8263413310050964,-0.8804004937410356
4,DiscNRX,trig,488,0,1,0,1,21.53100000032282,-0.8641603589057922,-0.8804004937410356
4,DiscNRX,trig,489,0,1,0,1,23.206300000310875,-0.8715819120407104,-0.8804004937410356
4,DiscNRX,trig,490,0,1,0,1,21.39309999984107,-0.8633467555046082,-0.8804004937410356
4,DiscNRX,trig,491,0,1,0,0,nan,-0.8933727741241455,-0.8804004937410356
4,DiscNRX,trig,492,0,1,0,1,20.88169999933598,-0.8676737546920776,-0.8804004937410356
4,DiscNRX,trig,493,0,1,0,0,nan,-0.8819044828414917,-0.8804004937410356
4,DiscNRX,trig,494,0,1,0,1,20.25229999981093,-0.8511234521865845,-0.8804004937410356
4,DiscNRX,trig,495,0,1,0,1,37.66110000015033,-0.8343613147735596,-0.8804004937410356
4,DiscNRX,trig,496,0,1,0,0,nan,-0.889877200126648,-0.8804004937410356
4,DiscNRX,trig,497,0,1,0,0,nan,-0.8905526399612427,-0.8804004937410356
4,DiscNRX,trig,498,0,1,0,1,23.07219999966037,-0.8720933198928833,-0.8804004937410356
4,DiscNRX,trig,499,0,1,0,1,23.238500000843487,-0.8495171070098877,-0.8804004937410356
4,DiscNRX,trig,500,0,1,0,0,nan,-0.8876487612724304,-0.8804004937410356
4,DiscNRX,trig,501,0,1,0,0,nan,-0.8912850022315979,-0.8804004937410356
4,DiscNRX,trig,502,0,1,0,0,nan,-0.8998768329620361,-0.8804004937410356
4,DiscNRX,trig,503,0,1,0,1,25.24289999928442,-0.8732287883758545,-0.8804004937410356
4,DiscNRX,trig,504,0,1,0,0,nan,-0.8981764316558838,-0.8804004937410356
4,DiscNRX,trig,505,0,1,0,0,nan,-0.8890447616577148,-0.8804004937410356
4,DiscNRX,trig,506,0,1,0,0,nan,-0.8924450874328613,-0.8804004937410356
4,DiscNRX,trig,507,0,1,0,0,nan,-0.8993943333625793,-0.8804004937410356
4,DiscNRX,trig,508,0,1,0,0,nan,-0.8989801406860352,-0.8804004937410356
4,DiscNRX,trig,509,0,1,0,0,nan,-0.9023674726486206,-0.8804004937410356
4,DiscNRX,trig,510,0,1,0,0,nan,-0.8815523982048035,-0.8804004937410356
4,DiscNRX,trig,511,0,1,0,0,nan,-0.9024946093559265,-0.8804004937410356
4,DiscNRX,trig,512,0,1,0,1,20.15709999977844,-0.8327549695968628,-0.8804004937410356
4,DiscNRX,trig,513,0,1,0,0,nan,-0.8918346166610718,-0.8804004937410356
4,DiscNRX,trig,514,0,1,0,0,nan,-0.9006078839302063,-0.8804004937410356
4,DiscNRX,trig,515,0,1,0,0,nan,-0.888379693031311,-0.8804004937410356
4,DiscNRX,trig,516,0,1,0,0,nan,-0.8865319490432739,-0.8804004937410356
4,DiscNRX,trig,517,0,1,0,1,20.388500000080967,-0.8654196262359619,-0.8804004937410356
4,DiscNRX,trig,518,0,1,0,1,19.820700000309444,-0.8388222455978394,-0.8804004937410356
4,DiscNRX,trig,519,0,1,0,1,22.27729999958683,-0.8019495606422424,-0.8804004937410356
4,DiscNRX,trig,520,0,1,0,1,20.19509999990987,-0.821372389793396,-0.8804004937410356
4,DiscNRX,trig,521,0,1,0,1,19.59039999928791,-0.8093390464782715,-0.8804004937410356
4,DiscNRX,trig,522,0,1,0,1,21.6736000002129,-0.8723692297935486,-0.8804004937410356
4,DiscNRX,trig,523,0,1,0,0,nan,-0.899063766002655,-0.8804004937410356
4,DiscNRX,trig,524,0,1,0,1,20.79509999930451,-0.8230008482933044,-0.8804004937410356
4,DiscNRX,trig,525,0,1,0,1,21.143999999367225,-0.8508027195930481,-0.8804004937410356
4,DiscNRX,trig,526,0,1,0,0,nan,-0.8865559697151184,-0.8804004937410356
4,DiscNRX,trig,527,0,1,0,1,22.5031999998464,-0.8795614242553711,-0.8804004937410356
4,DiscNRX,trig,528,0,1,0,0,nan,-0.8910221457481384,-0.8804004937410356
4,DiscNRX,trig,529,0,1,0,1,20.9512999999788,-0.8667345643043518,-0.8804004937410356
4,DiscNRX,trig,530,0,1,0,1,20.71460000024672,-0.8514921069145203,-0.8804004937410356
4,DiscNRX,trig,531,0,1,0,1,20.975800000087474,-0.8567160964012146,-0.8804004937410356
4,DiscNRX,trig,532,0,1,0,1,21.128200000021025,-0.7998986840248108,-0.8804004937410356
4,DiscNRX,trig,533,0,1,0,0,nan,-0.8907338380813599,-0.8804004937410356
4,DiscNRX,trig,534,0,1,0,1,22.007200000189187,-0.8704415559768677,-0.8804004937410356
4,DiscNRX,trig,535,0,1,0,1,19.073400000706897,-0.826603353023529,-0.8804004937410356
4,DiscNRX,trig,536,0,1,0,0,nan,-0.8866273164749146,-0.8804004937410356
4,DiscNRX,trig,537,0,1,0,1,19.30499999980384,-0.8765881061553955,-0.8804004937410356
4,DiscNRX,trig,538,0,1,0,1,19.359900000381458,-0.7854286432266235,-0.8804004937410356
4,DiscNRX,trig,539,0,1,0,1,20.112499999413558,-0.8580718636512756,-0.8804004937410356
4,DiscNRX,trig,540,0,1,0,1,17.839299999650393,-0.877655029296875,-0.8804004937410356
4,DiscNRX,trig,541,0,1,0,0,nan,-0.897645115852356,-0.8804004937410356
4,DiscNRX,trig,542,0,1,0,0,nan,-0.8942816257476807,-0.8804004937410356
4,DiscNRX,trig,543,0,1,0,0,nan,-0.8910534977912903,-0.8804004937410356
4,DiscNRX,trig,544,0,1,0,0,nan,-0.8925029039382935,-0.8804004937410356
4,DiscNRX,trig,545,0,1,0,1,19.117099999675702,-0.8322070240974426,-0.8804004937410356
4,DiscNRX,trig,546,0,1,0,0,nan,-0.9007949829101562,-0.8804004937410356
4,DiscNRX,trig,547,0,1,0,0,nan,-0.8827874064445496,-0.8804004937410356
4,DiscNRX,trig,548,0,1,0,1,17.811199999414384,-0.8760161995887756,-0.8804004937410356
4,DiscNRX,trig,549,0,1,0,0,nan,-0.8821261525154114,-0.8804004937410356
4,DiscNRX,trig,550,0,1,0,0,nan,-0.888982355594635,-0.8804004937410356
4,DiscNRX,trig,551,0,1,0,1,20.00270000007731,-0.877929151058197,-0.8804004937410356
4,DiscNRX,trig,552,0,1,0,0,nan,-0.8970662355422974,-0.8804004937410356
4,DiscNRX,trig,553,0,1,0,1,19.277100000181235,-0.8755331039428711,-0.8804004937410356
4,DiscNRX,trig,554,0,1,0,1,22.1585999997842,-0.8541753888130188,-0.8804004937410356
4,DiscNRX,trig,555,0,1,0,1,20.66839999952208,-0.8458418846130371,-0.8804004937410356
4,DiscNRX,trig,556,0,1,0,1,19.166400000358408,-0.8736971020698547,-0.8804004937410356
4,DiscNRX,trig,557,0,1,0,1,18.01290000003064,-0.8603489995002747,-0.8804004937410356
4,DiscNRX,trig,558,0,1,0,0,nan,-0.8932733535766602,-0.8804004937410356
4,DiscNRX,trig,559,0,1,0,1,21.409099999800674,-0.8756135702133179,-0.8804004937410356
4,DiscNRX,trig,560,0,1,0,1,21.385999999438354,-0.8616685271263123,-0.8804004937410356
4,DiscNRX,trig,561,0,1,0,1,19.50829999987036,-0.8327921032905579,-0.8804004937410356
4,DiscNRX,trig,562,0,1,0,1,24.54239999951824,-0.8659608960151672,-0.8804004937410356
4,DiscNRX,trig,563,0,1,0,1,20.643799999561452,-0.8506410717964172,-0.8804004937410356
4,DiscNRX,trig,564,0,1,0,0,nan,-0.8931670784950256,-0.8804004937410356
4,DiscNRX,trig,565,0,1,0,0,nan,-0.8898376226425171,-0.8804004937410356
4,DiscNRX,trig,566,0,1,0,1,20.40610000040033,-0.8088970184326172,-0.8804004937410356
4,DiscNRX,trig,567,0,1,0,1,20.87019999999029,-0.8671860098838806,-0.8804004937410356
4,DiscNRX,trig,568,0,1,0,0,nan,-0.9046502709388733,-0.8804004937410356
4,DiscNRX,trig,569,0,1,0,0,nan,-0.9058048129081726,-0.8804004937410356
4,DiscNRX,trig,570,0,1,0,1,21.70399999977235,-0.8549462556838989,-0.8804004937410356
4,DiscNRX,trig,571,0,1,0,0,nan,-0.9000548124313354,-0.8804004937410356
4,DiscNRX,trig,572,0,1,0,1,17.985200000111945,-0.8735520243644714,-0.8804004937410356
4,DiscNRX,trig,573,0,1,0,1,18.692199999350123,-0.8376829028129578,-0.8804004937410356
4,DiscNRX,trig,574,0,1,0,0,nan,-0.8854385614395142,-0.8804004937410356
4,DiscNRX,trig,575,0,1,0,0,nan,-0.9124962091445923,-0.8804004937410356
4,DiscNRX,trig,576,0,1,0,0,nan,-0.889767050743103,-0.8804004937410356
4,DiscNRX,trig,577,0,1,0,0,nan,-0.9116121530532837,-0.8804004937410356
4,DiscNRX,trig,578,0,1,0,1,22.192399999767076,-0.8783228993415833,-0.8804004937410356
4,DiscNRX,trig,579,0,1,0,1,19.623700000011013,-0.875335156917572,-0.8804004937410356
4,DiscNRX,trig,580,0,1,0,0,nan,-0.890149712562561,-0.8804004937410356
4,DiscNRX,trig,581,0,1,0,0,nan,-0.91254723072052,-0.8804004937410356
4,DiscNRX,trig,582,0,1,0,0,nan,-0.9106816053390503,-0.8804004937410356
4,DiscNRX,trig,583,0,1,0,1,22.207899999557412,-0.8428155779838562,-0.8804004937410356
4,DiscNRX,trig,584,0,1,0,0,nan,-0.9007773399353027,-0.8804004937410356
4,DiscNRX,trig,585,0,1,0,0,nan,-0.8946380615234375,-0.8804004937410356
4,DiscNRX,trig,586,0,1,0,1,21.217100000285427,-0.818626344203949,-0.8804004937410356
4,DiscNRX,trig,587,0,1,0,1,20.921999999700347,-0.8802540898323059,-0.8804004937410356
4,DiscNRX,trig,588,0,1,0,0,nan,-0.9070194959640503,-0.8804004937410356
4,DiscNRX,trig,589,0,1,0,1,20.759899999575282,-0.8789225220680237,-0.8804004937410356
4,DiscNRX,trig,590,0,1,0,0,nan,-0.884323000907898,-0.8804004937410356
4,DiscNRX,trig,591,0,1,0,0,nan,-0.9110656380653381,-0.8804004937410356
4,DiscNRX,trig,592,0,1,0,0,nan,-0.90998375415802,-0.8804004937410356
4,DiscNRX,trig,593,0,1,0,0,nan,-0.9016158580780029,-0.8804004937410356
4,DiscNRX,trig,594,0,1,0,1,21.332799999981944,-0.816017210483551,-0.8804004937410356
4,DiscNRX,trig,595,0,1,0,0,nan,-0.9038957357406616,-0.8804004937410356
4,DiscNRX,trig,596,0,1,0,0,nan,-0.9022505879402161,-0.8804004937410356
4,DiscNRX,trig,597,0,1,0,1,21.77060000030906,-0.8346861600875854,-0.8804004937410356
4,DiscNRX,trig,598,0,1,0,0,nan,-0.8874713182449341,-0.8804004937410356
4,DiscNRX,trig,599,0,1,0,1,22.182200000315788,-0.8726036548614502,-0.8804004937410356
4,DiscNRX,trig,600,0,1,0,1,20.598400000380934,-0.8312308192253113,-0.8804004937410356
4,DiscNRX,trig,601,0,1,0,0,nan,-0.9082978963851929,-0.8804004937410356
4,DiscNRX,trig,602,0,1,0,0,nan,-0.9093785881996155,-0.8804004937410356
4,DiscNRX,trig,603,0,1,0,0,nan,-0.8937059044837952,-0.8804004937410356
4,DiscNRX,trig,604,0,1,0,0,nan,-0.9085312485694885,-0.8804004937410356
4,DiscNRX,trig,605,0,1,0,1,19.23449999958393,-0.8191908597946167,-0.8804004937410356
4,DiscNRX,trig,606,0,1,0,0,nan,-0.8944135904312134,-0.8804004937410356
4,DiscNRX,trig,607,0,1,0,1,34.82899999926303,-0.8663296103477478,-0.8804004937410356
4,DiscNRX,trig,608,0,1,0,0,nan,-0.9148058891296387,-0.8804004937410356
4,DiscNRX,trig,609,0,1,0,0,nan,-0.8973349332809448,-0.8804004937410356
4,DiscNRX,trig,610,0,1,0,0,nan,-0.8903736472129822,-0.8804004937410356
4,DiscNRX,trig,611,0,1,0,1,19.994400000541646,-0.8179342150688171,-0.8804004937410356
4,DiscNRX,trig,612,0,1,0,1,16.315000000759028,-0.7301721572875977,-0.8804004937410356
4,DiscNRX,trig,613,0,1,0,1,19.322600000123202,-0.7374714612960815,-0.8804004937410356
4,DiscNRX,trig,614,0,1,0,0,nan,-0.905657947063446,-0.8804004937410356
4,DiscNRX,trig,615,0,1,0,1,20.35509999950591,-0.8203422427177429,-0.8804004937410356
4,DiscNRX,trig,616,0,1,0,0,nan,-0.9069703817367554,-0.8804004937410356
4,DiscNRX,trig,617,0,1,0,0,nan,-0.904630184173584,-0.8804004937410356
4,DiscNRX,trig,618,0,1,0,0,nan,-0.8917607069015503,-0.8804004937410356
4,DiscNRX,trig,619,0,1,0,1,22.252599999774247,-0.8713753819465637,-0.8804004937410356
4,DiscNRX,trig,620,0,1,0,1,19.398099999307306,-0.845394492149353,-0.8804004937410356
4,DiscNRX,trig,621,0,1,0,0,nan,-0.9133098721504211,-0.8804004937410356
4,DiscNRX,trig,622,0,1,0,0,nan,-0.8938959240913391,-0.8804004937410356
4,DiscNRX,trig,623,0,1,0,0,nan,-0.9002618789672852,-0.8804004937410356
4,DiscNRX,trig,624,0,1,0,1,18.068399999719986,-0.8762151002883911,-0.8804004937410356
4,DiscNRX,trig,625,0,1,0,0,nan,-0.8869946002960205,-0.8804004937410356
4,DiscNRX,trig,626,0,1,0,0,nan,-0.9128514528274536,-0.8804004937410356
4,DiscNRX,trig,627,0,1,0,0,nan,-0.9043514728546143,-0.8804004937410356
4,DiscNRX,trig,628,0,1,0,1,22.731300000486954,-0.84669029712677,-0.8804004937410356
4,DiscNRX,trig,629,0,1,0,0,nan,-0.9004912376403809,-0.8804004937410356
4,DiscNRX,trig,630,0,1,0,0,nan,-0.9115585684776306,-0.8804004937410356
4,DiscNRX,trig,631,0,1,0,0,nan,-0.8961796760559082,-0.8804004937410356
4,DiscNRX,trig,632,0,1,0,1,19.86490000035701,-0.8591070175170898,-0.8804004937410356
4,DiscNRX,trig,633,0,1,0,0,nan,-0.9188581705093384,-0.8804004937410356
4,DiscNRX,trig,634,0,1,0,0,nan,-0.9082373976707458,-0.8804004937410356
4,DiscNRX,trig,635,0,1,0,0,nan,-0.9064984917640686,-0.8804004937410356
4,DiscNRX,trig,636,0,1,0,1,20.595300000422867,-0.8237279057502747,-0.8804004937410356
4,DiscNRX,trig,637,0,1,0,0,nan,-0.8835647106170654,-0.8804004937410356
4,DiscNRX,trig,638,0,1,0,0,nan,-0.8963629603385925,-0.8804004937410356
4,DiscNRX,trig,639,0,1,0,1,27.140000000144937,-0.8723349571228027,-0.8804004937410356
4,DiscNRX,trig,640,0,1,0,1,22.265900000093097,-0.836740255355835,-0.8804004937410356
4,DiscNRX,trig,641,0,1,0,0,nan,-0.9024999737739563,-0.8804004937410356
4,DiscNRX,trig,642,0,1,0,1,22.566800000277,-0.8598402738571167,-0.8804004937410356
4,DiscNRX,trig,643,0,1,0,0,nan,-0.8862406015396118,-0.8804004937410356
4,DiscNRX,trig,644,0,1,0,0,nan,-0.912429928779602,-0.8804004937410356
4,DiscNRX,trig,645,0,1,0,0,nan,-0.9007503986358643,-0.8804004937410356
4,DiscNRX,trig,646,0,1,0,0,nan,-0.899674654006958,-0.8804004937410356
4,DiscNRX,trig,647,0,1,0,1,19.92599999994127,-0.8445809483528137,-0.8804004937410356
4,DiscNRX,trig,648,0,1,0,0,nan,-0.9109565615653992,-0.8804004937410356
4,DiscNRX,trig,649,0,1,0,0,nan,-0.8842024803161621,-0.8804004937410356
4,DiscNRX,trig,650,0,1,0,0,nan,-0.9037851095199585,-0.8804004937410356
4,DiscNRX,trig,651,0,1,0,1,19.172899999830406,-0.853829026222229,-0.8804004937410356
4,DiscNRX,trig,652,0,1,0,1,18.20410000073025,-0.8476226329803467,-0.8804004937410356
4,DiscNRX,trig,653,0,1,0,0,nan,-0.8882356882095337,-0.8804004937410356
4,DiscNRX,trig,654,0,1,0,1,20.327899999756482,-0.8743085265159607,-0.8804004937410356
4,DiscNRX,trig,655,0,1,0,0,nan,-0.9090561270713806,-0.8804004937410356
4,DiscNRX,trig,656,0,1,0,0,nan,-0.8951206207275391,-0.8804004937410356
4,DiscNRX,trig,657,0,1,0,0,nan,-0.8909505009651184,-0.8804004937410356
4,DiscNRX,trig,658,0,1,0,1,20.405800000844465,-0.8324101567268372,-0.8804004937410356
4,DiscNRX,trig,659,0,1,0,0,nan,-0.8857492804527283,-0.8804004937410356
4,DiscNRX,trig,660,0,1,0,0,nan,-0.8896848559379578,-0.8804004937410356
4,DiscNRX,trig,661,0,1,0,1,20.547699999951874,-0.8245264291763306,-0.8804004937410356
4,DiscNRX,trig,662,0,1,0,0,nan,-0.8873196840286255,-0.8804004937410356
4,DiscNRX,trig,663,0,1,0,0,nan,-0.8872894644737244,-0.8804004937410356
4,DiscNRX,trig,664,0,1,0,1,17.98419999977341,-0.8690054416656494,-0.8804004937410356
4,DiscNRX,trig,665,0,1,0,0,nan,-0.895892858505249,-0.8804004937410356
4,DiscNRX,trig,666,0,1,0,1,20.907300000544637,-0.867784857749939,-0.8804004937410356
4,DiscNRX,trig,667,0,1,0,1,20.627699999749893,-0.8620353937149048,-0.8804004937410356
4,DiscNRX,trig,668,0,1,0,1,23.20360000067012,-0.8800076842308044,-0.8804004937410356
4,DiscNRX,trig,669,0,1,0,1,20.2646999996432,-0.8415784239768982,-0.8804004937410356
4,DiscNRX,trig,670,0,1,0,1,17.52909999959229,-0.8436225652694702,-0.8804004937410356
4,DiscNRX,trig,671,0,1,0,0,nan,-0.882270336151123,-0.8804004937410356
4,DiscNRX,trig,672,0,1,0,1,20.693999999821244,-0.8636778593063354,-0.8804004937410356
4,DiscNRX,trig,673,0,1,0,0,nan,-0.8880589008331299,-0.8804004937410356
4,DiscNRX,trig,674,0,1,0,1,18.817800000761054,-0.8346326947212219,-0.8804004937410356
4,DiscNRX,trig,675,0,1,0,1,20.242399999915506,-0.8622192144393921,-0.8804004937410356
4,DiscNRX,trig,676,0,1,0,0,nan,-0.881855845451355,-0.8804004937410356
4,DiscNRX,trig,677,0,1,0,0,nan,-0.8962571024894714,-0.8804004937410356
4,DiscNRX,trig,678,0,1,0,0,nan,-0.8895255923271179,-0.8804004937410356
4,DiscNRX,trig,679,0,1,0,1,20.594099999470927,-0.8755595684051514,-0.8804004937410356
4,DiscNRX,trig,680,0,1,0,0,nan,-0.8963119983673096,-0.8804004937410356
4,DiscNRX,trig,681,0,1,0,1,19.699800000125833,-0.8591586351394653,-0.8804004937410356
4,DiscNRX,trig,682,0,1,0,1,19.513700000061363,-0.8753589987754822,-0.8804004937410356
4,DiscNRX,trig,683,0,1,0,0,nan,-0.9022969007492065,-0.8804004937410356
4,DiscNRX,trig,684,0,1,0,1,19.796600000518083,-0.8779258131980896,-0.8804004937410356
4,DiscNRX,trig,685,0,1,0,0,nan,-0.8968267440795898,-0.8804004937410356
4,DiscNRX,trig,686,0,1,0,0,nan,-0.9056109189987183,-0.8804004937410356
4,DiscNRX,trig,687,0,1,0,1,20.97440000034112,-0.865350067615509,-0.8804004937410356
4,DiscNRX,trig,688,0,1,0,1,20.022900000185473,-0.8722169995307922,-0.8804004937410356
4,DiscNRX,trig,689,0,1,0,0,nan,-0.8862793445587158,-0.8804004937410356
4,DiscNRX,trig,690,0,1,0,0,nan,-0.8932456374168396,-0.8804004937410356
4,DiscNRX,trig,691,0,1,0,0,nan,-0.887959361076355,-0.8804004937410356
4,DiscNRX,trig,692,0,1,0,0,nan,-0.8961717486381531,-0.8804004937410356
4,DiscNRX,trig,693,0,1,0,1,18.992499999512802,-0.8708592057228088,-0.8804004937410356
4,DiscNRX,trig,694,0,1,0,1,23.953599999913422,-0.7842707633972168,-0.8804004937410356
4,DiscNRX,trig,695,0,1,0,0,nan,-0.8950836658477783,-0.8804004937410356
4,DiscNRX,trig,696,0,1,0,0,nan,-0.8812253475189209,-0.8804004937410356
4,DiscNRX,trig,697,0,1,0,1,19.528999999238295,-0.8716000914573669,-0.8804004937410356
4,DiscNRX,trig,698,0,1,0,1,21.91450000009354,-0.7797480225563049,-0.8804004937410356
4,DiscNRX,trig,699,0,1,0,0,nan,-0.8972296714782715,-0.8804004937410356
4,DiscNRX,trig,700,0,1,0,0,nan,-0.8818521499633789,-0.8804004937410356
4,DiscNRX,trig,701,0,1,0,0,nan,-0.8948454260826111,-0.8804004937410356
4,DiscNRX,trig,702,0,1,0,0,nan,-0.8883318901062012,-0.8804004937410356
4,DiscNRX,trig,703,0,1,0,1,18.788999999742373,-0.8010776042938232,-0.8804004937410356
4,DiscNRX,trig,704,0,1,0,0,nan,-0.9038256406784058,-0.8804004937410356
4,DiscNRX,trig,705,0,1,0,1,20.685699999376084,-0.8502423763275146,-0.8804004937410356
4,DiscNRX,trig,706,0,1,0,0,nan,-0.8949492573738098,-0.8804004937410356
4,DiscNRX,trig,707,0,1,0,0,nan,-0.884032666683197,-0.8804004937410356
4,DiscNRX,trig,708,0,1,0,1,19.33770000050572,-0.8528467416763306,-0.8804004937410356
4,DiscNRX,trig,709,0,1,0,1,21.614600000248174,-0.8787243366241455,-0.8804004937410356
4,DiscNRX,trig,710,0,1,0,0,nan,-0.8954965472221375,-0.8804004937410356
4,DiscNRX,trig,711,0,1,0,1,23.72399999967456,-0.851416289806366,-0.8804004937410356
4,DiscNRX,trig,712,0,1,0,0,nan,-0.9114012718200684,-0.8804004937410356
4,DiscNRX,trig,713,0,1,0,0,nan,-0.8993905186653137,-0.8804004937410356
4,DiscNRX,trig,714,0,1,0,0,nan,-0.9081864953041077,-0.8804004937410356
4,DiscNRX,trig,715,0,1,0,1,20.82220000011148,-0.8641044497489929,-0.8804004937410356
4,DiscNRX,trig,716,0,1,0,1,23.27430000059394,-0.8697548508644104,-0.8804004937410356
4,DiscNRX,trig,717,0,1,0,1,18.638300000020536,-0.8701103925704956,-0.8804004937410356
4,DiscNRX,trig,718,0,1,0,0,nan,-0.9099687337875366,-0.8804004937410356
4,DiscNRX,trig,719,0,1,0,0,nan,-0.886500895023346,-0.8804004937410356
4,DiscNRX,trig,720,0,1,0,1,19.873500000358035,-0.8726147413253784,-0.8804004937410356
4,DiscNRX,trig,721,0,1,0,0,nan,-0.8841665387153625,-0.8804004937410356
4,DiscNRX,trig,722,0,1,0,0,nan,-0.8962824940681458,-0.8804004937410356
4,DiscNRX,trig,723,0,1,0,0,nan,-0.887020468711853,-0.8804004937410356
4,DiscNRX,trig,724,0,1,0,0,nan,-0.8935260772705078,-0.8804004937410356
4,DiscNRX,trig,725,0,1,0,0,nan,-0.8959658741950989,-0.8804004937410356
4,DiscNRX,trig,726,0,1,0,1,22.351699999489938,-0.8499540686607361,-0.8804004937410356
4,DiscNRX,trig,727,0,1,0,1,21.86749999964377,-0.8789147734642029,-0.8804004937410356
4,DiscNRX,trig,728,0,1,0,1,20.20269999957236,-0.8386116623878479,-0.8804004937410356
4,DiscNRX,trig,729,0,1,0,0,nan,-0.8922974467277527,-0.8804004937410356
4,DiscNRX,trig,730,0,1,0,1,20.969399999557936,-0.8108112215995789,-0.8804004937410356
4,DiscNRX,trig,731,0,1,0,1,21.44049999969866,-0.8771897554397583,-0.8804004937410356
4,DiscNRX,trig,732,0,1,0,0,nan,-0.8806031942367554,-0.8804004937410356
4,DiscNRX,trig,733,0,1,0,1,21.611400000438152,-0.8143719434738159,-0.8804004937410356
4,DiscNRX,trig,734,0,1,0,1,18.22989999982383,-0.866428554058075,-0.8804004937410356
4,DiscNRX,trig,735,0,1,0,1,17.592600000170933,-0.8267875909805298,-0.8804004937410356
4,DiscNRX,trig,736,0,1,0,1,20.28930000051332,-0.793030321598053,-0.8804004937410356
4,DiscNRX,trig,737,0,1,0,0,nan,-0.8830540180206299,-0.8804004937410356
4,DiscNRX,trig,738,0,1,0,0,nan,-0.8860371708869934,-0.8804004937410356
4,DiscNRX,trig,739,0,1,0,1,21.196300000156043,-0.8749361038208008,-0.8804004937410356
4,DiscNRX,trig,740,0,1,0,1,19.97659999960888,-0.8767289519309998,-0.8804004937410356
4,DiscNRX,trig,741,0,1,0,0,nan,-0.899898886680603,-0.8804004937410356
4,DiscNRX,trig,742,0,1,0,0,nan,-0.8856348991394043,-0.8804004937410356
4,DiscNRX,trig,743,0,1,0,0,nan,-0.8861027956008911,-0.8804004937410356
4,DiscNRX,trig,744,0,1,0,0,nan,-0.8916534781455994,-0.8804004937410356
4,DiscNRX,trig,745,0,1,0,0,nan,-0.8974684476852417,-0.8804004937410356
4,DiscNRX,trig,746,0,1,0,1,21.009099999901082,-0.8012364506721497,-0.8804004937410356
4,DiscNRX,trig,747,0,1,0,1,23.521600000094622,-0.8782484531402588,-0.8804004937410356
4,DiscNRX,trig,748,0,1,0,1,21.604999999908614,-0.8797613978385925,-0.8804004937410356
4,DiscNRX,trig,749,0,1,0,0,nan,-0.8974665403366089,-0.8804004937410356
4,DiscNRX,trig,750,0,1,0,0,nan,-0.8825157880783081,-0.8804004937410356
4,DiscNRX,trig,751,0,1,0,0,nan,-0.88497394323349,-0.8804004937410356
4,DiscNRX,trig,752,0,1,0,1,21.46179999999731,-0.8042973279953003,-0.8804004937410356
4,DiscNRX,trig,753,0,1,0,0,nan,-0.8920725584030151,-0.8804004937410356
4,DiscNRX,trig,754,0,1,0,0,nan,-0.8943637609481812,-0.8804004937410356
4,DiscNRX,trig,755,0,1,0,0,nan,-0.8896075487136841,-0.8804004937410356
4,DiscNRX,trig,756,0,1,0,1,22.240299999793933,-0.8089461922645569,-0.8804004937410356
4,DiscNRX,trig,757,0,1,0,1,18.949399999655725,-0.8781600594520569,-0.8804004937410356
4,DiscNRX,trig,758,0,1,0,1,20.693299999948067,-0.8085603713989258,-0.8804004937410356
4,DiscNRX,trig,759,0,1,0,1,20.628400000532565,-0.8131160736083984,-0.8804004937410356
4,DiscNRX,trig,760,0,1,0,1,21.451900000101887,-0.8717517852783203,-0.8804004937410356
4,DiscNRX,trig,761,0,1,0,0,nan,-0.9127551913261414,-0.8804004937410356
4,DiscNRX,trig,762,0,1,0,0,nan,-0.9093797206878662,-0.8804004937410356
4,DiscNRX,trig,763,0,1,0,0,nan,-0.8918396830558777,-0.8804004937410356
4,DiscNRX,trig,764,0,1,0,0,nan,-0.8915679454803467,-0.8804004937410356
4,DiscNRX,trig,765,0,1,0,0,nan,-0.915952205657959,-0.8804004937410356
4,DiscNRX,trig,766,0,1,0,1,19.26640000056068,-0.8780707716941833,-0.8804004937410356
4,DiscNRX,trig,767,0,1,0,0,nan,-0.9201481342315674,-0.8804004937410356
4,DiscNRX,trig,768,0,1,0,1,21.04700000018056,-0.8639889359474182,-0.8804004937410356
4,DiscNRX,trig,769,0,1,0,0,nan,-0.8957146406173706,-0.8804004937410356
4,DiscNRX,trig,770,0,1,0,1,22.33680000063032,-0.8746780157089233,-0.8804004937410356
4,DiscNRX,trig,771,0,1,0,0,nan,-0.8873291015625,-0.8804004937410356
4,DiscNRX,trig,772,0,1,0,1,19.782299999860697,-0.8576622605323792,-0.8804004937410356
4,DiscNRX,trig,773,0,1,0,0,nan,-0.9092050194740295,-0.8804004937410356
4,DiscNRX,trig,774,0,1,0,0,nan,-0.9142796397209167,-0.8804004937410356
4,DiscNRX,trig,775,0,1,0,0,nan,-0.9101924896240234,-0.8804004937410356
4,DiscNRX,trig,776,0,1,0,1,22.553599999810103,-0.860457718372345,-0.8804004937410356
4,DiscNRX,trig,777,0,1,0,0,nan,-0.907254159450531,-0.8804004937410356
4,DiscNRX,trig,778,0,1,0,1,20.1772999998866,-0.8794767260551453,-0.8804004937410356
4,DiscNRX,trig,779,0,1,0,0,nan,-0.8861386775970459,-0.8804004937410356
4,DiscNRX,trig,780,0,1,0,1,19.872099999702186,-0.8691038489341736,-0.8804004937410356
4,DiscNRX,trig,781,0,1,0,0,nan,-0.912964403629303,-0.8804004937410356
4,DiscNRX,trig,782,0,1,0,0,nan,-0.9170723557472229,-0.8804004937410356
4,DiscNRX,trig,783,0,1,0,0,nan,-0.9019567966461182,-0.8804004937410356
4,DiscNRX,trig,784,0,1,0,0,nan,-0.9049333930015564,-0.8804004937410356
4,DiscNRX,trig,785,0,1,0,1,22.273200000199722,-0.8698222041130066,-0.8804004937410356
4,DiscNRX,trig,786,0,1,0,1,21.030799999607552,-0.8466511964797974,-0.8804004937410356
4,DiscNRX,trig,787,0,1,0,0,nan,-0.8927422761917114,-0.8804004937410356
4,DiscNRX,trig,788,0,1,0,0,nan,-0.9148889183998108,-0.8804004937410356
4,DiscNRX,trig,789,0,1,0,0,nan,-0.8899765610694885,-0.8804004937410356
4,DiscNRX,trig,790,0,1,0,0,nan,-0.9028788208961487,-0.8804004937410356
4,DiscNRX,trig,791,0,1,0,1,19.049399999857997,-0.8516870737075806,-0.8804004937410356
4,DiscNRX,trig,792,0,1,0,0,nan,-0.9073500633239746,-0.8804004937410356
4,DiscNRX,trig,793,0,1,0,0,nan,-0.9098606109619141,-0.8804004937410356
4,DiscNRX,trig,794,0,1,0,0,nan,-0.907515823841095,-0.8804004937410356
4,DiscNRX,trig,795,0,1,0,1,20.29820000007021,-0.8492779731750488,-0.8804004937410356
4,DiscNRX,trig,796,0,1,0,0,nan,-0.9041872024536133,-0.8804004937410356
4,DiscNRX,trig,797,0,1,0,1,19.142300000567047,-0.8679962754249573,-0.8804004937410356
4,DiscNRX,trig,798,0,1,0,0,nan,-0.8983857035636902,-0.8804004937410356
4,DiscNRX,trig,799,0,1,0,1,19.017499999790743,-0.7988491058349609,-0.8804004937410356
4,DiscNRX,trig,800,0,1,0,1,19.62959999946179,-0.81989985704422,-0.8804004937410356
4,DiscNRX,trig,801,0,1,0,0,nan,-0.8965683579444885,-0.8804004937410356
4,DiscNRX,trig,802,0,1,0,1,20.99510000061855,-0.8739784955978394,-0.8804004937410356
4,DiscNRX,trig,803,0,1,0,0,nan,-0.9032288789749146,-0.8804004937410356
4,DiscNRX,trig,804,0,1,0,0,nan,-0.8872002959251404,-0.8804004937410356
4,DiscNRX,trig,805,0,1,0,0,nan,-0.890259861946106,-0.8804004937410356
4,DiscNRX,trig,806,0,1,0,0,nan,-0.8857915997505188,-0.8804004937410356
4,DiscNRX,trig,807,0,1,0,1,20.528799999738112,-0.8783187866210938,-0.8804004937410356
4,DiscNRX,trig,808,0,1,0,1,22.03449999979057,-0.8201481103897095,-0.8804004937410356
4,DiscNRX,trig,809,0,1,0,0,nan,-0.8946496844291687,-0.8804004937410356
4,DiscNRX,trig,810,0,1,0,0,nan,-0.8937145471572876,-0.8804004937410356
4,DiscNRX,trig,811,0,1,0,0,nan,-0.8937855958938599,-0.8804004937410356
4,DiscNRX,trig,812,0,1,0,0,nan,-0.8941693305969238,-0.8804004937410356
4,DiscNRX,trig,813,0,1,0,1,21.491100000275765,-0.8064358830451965,-0.8804004937410356
4,DiscNRX,trig,814,0,1,0,0,nan,-0.900513768196106,-0.8804004937410356
4,DiscNRX,trig,815,0,1,0,0,nan,-0.8995906114578247,-0.8804004937410356
4,DiscNRX,trig,816,0,1,0,0,nan,-0.8972368836402893,-0.8804004937410356
4,DiscNRX,trig,817,0,1,0,1,21.707299999434326,-0.8780872821807861,-0.8804004937410356
4,DiscNRX,trig,818,0,1,0,1,18.919699999969453,-0.8333461880683899,-0.8804004937410356
4,DiscNRX,trig,819,0,1,0,1,21.314100000381586,-0.870960533618927,-0.8804004937410356
4,DiscNRX,trig,820,0,1,0,0,nan,-0.8905511498451233,-0.8804004937410356
4,DiscNRX,trig,821,0,1,0,1,20.042900000589725,-0.8250001668930054,-0.8804004937410356
4,DiscNRX,trig,822,1,0,0,0,nan,-0.7280789613723755,-0.8804004937410356
4,DiscNRX,trig,823,0,1,0,0,nan,-0.9005323648452759,-0.8804004937410356
4,DiscNRX,trig,824,0,1,0,0,nan,-0.892331063747406,-0.8804004937410356
4,DiscNRX,trig,825,0,1,0,1,20.758099999511614,-0.8766893148422241,-0.8804004937410356
4,DiscNRX,trig,826,0,1,0,1,22.86019999974087,-0.7918230295181274,-0.8804004937410356
4,DiscNRX,trig,827,0,1,0,0,nan,-0.8905537724494934,-0.8804004937410356
4,DiscNRX,trig,828,0,1,0,1,20.48430000013468,-0.8798248767852783,-0.8804004937410356
4,DiscNRX,trig,829,0,1,0,1,22.552500000529108,-0.8694004416465759,-0.8804004937410356
4,DiscNRX,trig,830,0,1,0,0,nan,-0.8989894986152649,-0.8804004937410356
4,DiscNRX,trig,831,0,1,0,0,nan,-0.8837981820106506,-0.8804004937410356
4,DiscNRX,trig,832,0,1,0,1,22.59890000004816,-0.7734537124633789,-0.8804004937410356
4,DiscNRX,trig,833,0,1,0,0,nan,-0.8840138912200928,-0.8804004937410356
4,DiscNRX,trig,834,0,1,0,0,nan,-0.8937773108482361,-0.8804004937410356
4,DiscNRX,trig,835,0,1,0,1,22.599300000365474,-0.8537309765815735,-0.8804004937410356
4,DiscNRX,trig,836,0,1,0,0,nan,-0.8956133127212524,-0.8804004937410356
4,DiscNRX,trig,837,0,1,0,0,nan,-0.8905624747276306,-0.8804004937410356
4,DiscNRX,trig,838,0,1,0,1,20.25350000076287,-0.8420665264129639,-0.8804004937410356
4,DiscNRX,trig,839,0,1,0,0,nan,-0.8958572745323181,-0.8804004937410356
4,DiscNRX,trig,840,0,1,0,0,nan,-0.897659957408905,-0.8804004937410356
4,DiscNRX,trig,841,0,1,0,1,19.022500000573928,-0.8011054396629333,-0.8804004937410356
4,DiscNRX,trig,842,0,1,0,0,nan,-0.9018990993499756,-0.8804004937410356
4,DiscNRX,trig,843,0,1,0,0,nan,-0.8981095552444458,-0.8804004937410356
4,DiscNRX,trig,844,0,1,0,0,nan,-0.9013027548789978,-0.8804004937410356
4,DiscNRX,trig,845,0,1,0,1,20.777100000486826,-0.7868378162384033,-0.8804004937410356
4,DiscNRX,trig,846,0,1,0,0,nan,-0.887796938419342,-0.8804004937410356
4,DiscNRX,trig,847,0,1,0,1,21.352400000068883,-0.8694004416465759,-0.8804004937410356
4,DiscNRX,trig,848,0,1,0,1,20.94699999997829,-0.8522592782974243,-0.8804004937410356
4,DiscNRX,trig,849,0,1,0,1,18.543499999395863,-0.8283899426460266,-0.8804004937410356
4,DiscNRX,trig,850,0,1,0,1,20.03969999987021,-0.851410448551178,-0.8804004937410356
4,DiscNRX,trig,851,0,1,0,0,nan,-0.881040096282959,-0.8804004937410356
4,DiscNRX,trig,852,0,1,0,1,20.0806000002558,-0.8762614130973816,-0.8804004937410356
4,DiscNRX,trig,853,0,1,0,0,nan,-0.8864090442657471,-0.8804004937410356
4,DiscNRX,trig,854,0,1,0,1,21.223700000518875,-0.8319330811500549,-0.8804004937410356
4,DiscNRX,trig,855,0,1,0,0,nan,-0.8952133655548096,-0.8804004937410356
4,DiscNRX,trig,856,0,1,0,1,20.297000000027765,-0.8423239588737488,-0.8804004937410356
4,DiscNRX,trig,857,0,1,0,1,20.75150000018766,-0.8734299540519714,-0.8804004937410356
4,DiscNRX,trig,858,0,1,0,0,nan,-0.9219673871994019,-0.8804004937410356
4,DiscNRX,trig,859,0,1,0,1,21.183199999541102,-0.8521801233291626,-0.8804004937410356
4,DiscNRX,trig,860,0,1,0,1,18.42839999972057,-0.8244246244430542,-0.8804004937410356
4,DiscNRX,trig,861,0,1,0,0,nan,-0.8903502225875854,-0.8804004937410356
4,DiscNRX,trig,862,0,1,0,0,nan,-0.9022852778434753,-0.8804004937410356
4,DiscNRX,trig,863,0,1,0,0,nan,-0.8872261643409729,-0.8804004937410356
4,DiscNRX,trig,864,0,1,0,0,nan,-0.8911787867546082,-0.8804004937410356
4,DiscNRX,trig,865,0,1,0,0,nan,-0.902363121509552,-0.8804004937410356
4,DiscNRX,trig,866,0,1,0,0,nan,-0.899473249912262,-0.8804004937410356
4,DiscNRX,trig,867,0,1,0,0,nan,-0.8908060193061829,-0.8804004937410356
4,DiscNRX,trig,868,0,1,0,0,nan,-0.9059493541717529,-0.8804004937410356
4,DiscNRX,trig,869,0,1,0,1,20.720600000458944,-0.844377875328064,-0.8804004937410356
4,DiscNRX,trig,870,0,1,0,1,20.38780000020779,-0.8424950838088989,-0.8804004937410356
4,DiscNRX,trig,871,0,1,0,1,20.268100000066624,-0.8727543354034424,-0.8804004937410356
4,DiscNRX,trig,872,0,1,0,0,nan,-0.901640772819519,-0.8804004937410356
4,DiscNRX,trig,873,0,1,0,1,20.218999999997322,-0.8764585852622986,-0.8804004937410356
4,DiscNRX,trig,874,0,1,0,0,nan,-0.8835039734840393,-0.8804004937410356
4,DiscNRX,trig,875,0,1,0,0,nan,-0.8871802687644958,-0.8804004937410356
4,DiscNRX,trig,876,0,1,0,1,21.225999999842315,-0.8636478781700134,-0.8804004937410356
4,DiscNRX,trig,877,0,1,0,1,22.456900000179303,-0.8373197913169861,-0.8804004937410356
4,DiscNRX,trig,878,0,1,0,1,19.915599999876576,-0.7712627053260803,-0.8804004937410356
4,DiscNRX,trig,879,0,1,0,0,nan,-0.9135587215423584,-0.8804004937410356
4,DiscNRX,trig,880,0,1,0,1,19.489499999508553,-0.8107771277427673,-0.8804004937410356
4,DiscNRX,trig,881,0,1,0,0,nan,-0.8900420665740967,-0.8804004937410356
4,DiscNRX,trig,882,0,1,0,1,18.433700000059616,-0.8768720030784607,-0.8804004937410356
4,DiscNRX,trig,883,0,1,0,0,nan,-0.8835702538490295,-0.8804004937410356
4,DiscNRX,trig,884,0,1,0,1,21.518100000321283,-0.853348433971405,-0.8804004937410356
4,DiscNRX,trig,885,0,1,0,1,18.96020000003773,-0.8455937504768372,-0.8804004937410356
4,DiscNRX,trig,886,0,1,0,1,21.476999999322288,-0.8606517314910889,-0.8804004937410356
4,DiscNRX,trig,887,0,1,0,0,nan,-0.9128678441047668,-0.8804004937410356
4,DiscNRX,trig,888,0,1,0,0,nan,-0.9040259122848511,-0.8804004937410356
4,DiscNRX,trig,889,0,1,0,1,21.63829999972222,-0.8789955377578735,-0.8804004937410356
4,DiscNRX,trig,890,0,1,0,0,nan,-0.8996365666389465,-0.8804004937410356
4,DiscNRX,trig,891,0,1,0,0,nan,-0.9045631289482117,-0.8804004937410356
4,DiscNRX,trig,892,0,1,0,0,nan,-0.9119424819946289,-0.8804004937410356
4,DiscNRX,trig,893,0,1,0,1,19.138999999995576,-0.8704714179039001,-0.8804004937410356
4,DiscNRX,trig,894,0,1,0,0,nan,-0.9078749418258667,-0.8804004937410356
4,DiscNRX,trig,895,0,1,0,0,nan,-0.9037511348724365,-0.8804004937410356
4,DiscNRX,trig,896,0,1,0,0,nan,-0.900073230266571,-0.8804004937410356
4,DiscNRX,trig,897,0,1,0,1,21.30120000038005,-0.7549126744270325,-0.8804004937410356
4,DiscNRX,trig,898,0,1,0,1,21.016900000176975,-0.8721029758453369,-0.8804004937410356
4,DiscNRX,trig,899,0,1,0,0,nan,-0.9131948351860046,-0.8804004937410356
4,DiscNRX,trig,900,0,1,0,0,nan,-0.881285548210144,-0.8804004937410356
4,DiscNRX,trig,901,0,1,0,0,nan,-0.9056854844093323,-0.8804004937410356
4,DiscNRX,trig,902,0,1,0,1,22.504500000650296,-0.8287115097045898,-0.8804004937410356
4,DiscNRX,trig,903,0,1,0,0,nan,-0.9070613384246826,-0.8804004937410356
4,DiscNRX,trig,904,0,1,0,1,22.01370000057068,-0.8274719715118408,-0.8804004937410356
4,DiscNRX,trig,905,0,1,0,1,22.352199999659206,-0.8602027297019958,-0.8804004937410356
4,DiscNRX,trig,906,0,1,0,0,nan,-0.8973629474639893,-0.8804004937410356
4,DiscNRX,trig,907,0,1,0,1,20.706600000266917,-0.8278539776802063,-0.8804004937410356
4,DiscNRX,trig,908,0,1,0,1,22.042900000087684,-0.8710678815841675,-0.8804004937410356
4,DiscNRX,trig,909,0,1,0,0,nan,-0.8855252861976624,-0.8804004937410356
4,DiscNRX,trig,910,0,1,0,0,nan,-0.8891624808311462,-0.8804004937410356
4,DiscNRX,trig,911,0,1,0,0,nan,-0.8900582194328308,-0.8804004937410356
4,DiscNRX,trig,912,0,1,0,1,22.09339999990334,-0.86939537525177,-0.8804004937410356
4,DiscNRX,trig,913,0,1,0,1,19.888199999513745,-0.8169732689857483,-0.8804004937410356
4,DiscNRX,trig,914,0,1,0,0,nan,-0.9034267663955688,-0.8804004937410356
4,DiscNRX,trig,915,0,1,0,1,21.84159999978874,-0.8300608396530151,-0.8804004937410356
4,DiscNRX,trig,916,0,1,0,1,22.92089999991731,-0.8159644603729248,-0.8804004937410356
4,DiscNRX,trig,917,0,1,0,1,20.257500000298023,-0.749190628528595,-0.8804004937410356
4,DiscNRX,trig,918,0,1,0,0,nan,-0.8957841396331787,-0.8804004937410356
4,DiscNRX,trig,919,0,1,0,0,nan,-0.8975103497505188,-0.8804004937410356
4,DiscNRX,trig,920,0,1,0,0,nan,-0.904127836227417,-0.8804004937410356
4,DiscNRX,trig,921,0,1,0,0,nan,-0.889194905757904,-0.8804004937410356
4,DiscNRX,trig,922,0,1,0,1,22.651599999335303,-0.8752251267433167,-0.8804004937410356
4,DiscNRX,trig,923,0,1,0,1,22.497199999634176,-0.8759709596633911,-0.8804004937410356
4,DiscNRX,trig,924,0,1,0,1,22.07209999960469,-0.8796690702438354,-0.8804004937410356
4,DiscNRX,trig,925,0,1,0,0,nan,-0.8951961398124695,-0.8804004937410356
4,DiscNRX,trig,926,0,1,0,1,21.807400000398047,-0.8744969964027405,-0.8804004937410356
4,DiscNRX,trig,927,0,1,0,1,20.804599999792117,-0.8801283240318298,-0.8804004937410356
4,DiscNRX,trig,928,0,1,0,1,23.181300000032934,-0.84735506772995,-0.8804004937410356
4,DiscNRX,trig,929,0,1,0,0,nan,-0.9080289006233215,-0.8804004937410356
4,DiscNRX,trig,930,0,1,0,1,23.346099999798753,-0.854552149772644,-0.8804004937410356
4,DiscNRX,trig,931,0,1,0,0,nan,-0.9014337062835693,-0.8804004937410356
4,DiscNRX,trig,932,0,1,0,1,20.077299999684328,-0.8774446845054626,-0.8804004937410356
4,DiscNRX,trig,933,0,1,0,1,22.693400000207475,-0.8633486032485962,-0.8804004937410356
4,DiscNRX,trig,934,0,1,0,1,22.07819999966887,-0.8632882833480835,-0.8804004937410356
4,DiscNRX,trig,935,0,1,0,0,nan,-0.9017386436462402,-0.8804004937410356
4,DiscNRX,trig,936,0,1,0,0,nan,-0.8816763758659363,-0.8804004937410356
4,DiscNRX,trig,937,0,1,0,0,nan,-0.8850657343864441,-0.8804004937410356
4,DiscNRX,trig,938,0,1,0,0,nan,-0.8906610608100891,-0.8804004937410356
4,DiscNRX,trig,939,0,1,0,1,19.088400000327965,-0.857239842414856,-0.8804004937410356
4,DiscNRX,trig,940,0,1,0,1,20.13890000034735,-0.779682457447052,-0.8804004937410356
4,DiscNRX,trig,941,0,1,0,0,nan,-0.9070966243743896,-0.8804004937410356
4,DiscNRX,trig,942,0,1,0,0,nan,-0.899042010307312,-0.8804004937410356
4,DiscNRX,trig,943,0,1,0,0,nan,-0.914807915687561,-0.8804004937410356
4,DiscNRX,trig,944,0,1,0,0,nan,-0.9054387211799622,-0.8804004937410356
4,DiscNRX,trig,945,0,1,0,1,21.351100000174483,-0.8357494473457336,-0.8804004937410356
4,DiscNRX,trig,946,0,1,0,0,nan,-0.8908087611198425,-0.8804004937410356
4,DiscNRX,trig,947,0,1,0,0,nan,-0.8928745985031128,-0.8804004937410356
4,DiscNRX,trig,948,0,1,0,0,nan,-0.9100978970527649,-0.8804004937410356
4,DiscNRX,trig,949,0,1,0,0,nan,-0.9052208662033081,-0.8804004937410356
4,DiscNRX,trig,950,0,1,0,1,17.64270000057877,-0.8589332103729248,-0.8804004937410356
4,DiscNRX,trig,951,0,1,0,1,18.469200000254204,-0.8472098112106323,-0.8804004937410356
4,DiscNRX,trig,952,0,1,0,0,nan,-0.9044080972671509,-0.8804004937410356
4,DiscNRX,trig,953,0,1,0,0,nan,-0.890641987323761,-0.8804004937410356
4,DiscNRX,trig,954,0,1,0,0,nan,-0.9013447165489197,-0.8804004937410356
4,DiscNRX,trig,955,0,1,0,0,nan,-0.8970800042152405,-0.8804004937410356
4,DiscNRX,trig,956,0,1,0,1,19.878899999639543,-0.8747289180755615,-0.8804004937410356
4,DiscNRX,trig,957,0,1,0,0,nan,-0.9093326330184937,-0.8804004937410356
4,DiscNRX,trig,958,0,1,0,0,nan,-0.9058578014373779,-0.8804004937410356
4,DiscNRX,trig,959,0,1,0,1,21.02149999973335,-0.8379243016242981,-0.8804004937410356
4,DiscNRX,trig,960,0,1,0,1,22.804599999290076,-0.8615285158157349,-0.8804004937410356
4,DiscNRX,trig,961,0,1,0,0,nan,-0.9092855453491211,-0.8804004937410356
4,DiscNRX,trig,962,0,1,0,1,19.035600000279373,-0.7621240615844727,-0.8804004937410356
4,DiscNRX,trig,963,0,1,0,0,nan,-0.9047028422355652,-0.8804004937410356
4,DiscNRX,trig,964,0,1,0,1,20.42540000002191,-0.8634741306304932,-0.8804004937410356
4,DiscNRX,trig,965,0,1,0,0,nan,-0.8941160440444946,-0.8804004937410356
4,DiscNRX,trig,966,0,1,0,1,20.414800000253308,-0.8164279460906982,-0.8804004937410356
4,DiscNRX,trig,967,0,1,0,0,nan,-0.8832184672355652,-0.8804004937410356
4,DiscNRX,trig,968,0,1,0,0,nan,-0.8893804550170898,-0.8804004937410356
4,DiscNRX,trig,969,0,1,0,0,nan,-0.9075326919555664,-0.8804004937410356
4,DiscNRX,trig,970,0,1,0,0,nan,-0.8968185782432556,-0.8804004937410356
4,DiscNRX,trig,971,0,1,0,0,nan,-0.8818880915641785,-0.8804004937410356
4,DiscNRX,trig,972,0,1,0,1,19.280499999695166,-0.7926469445228577,-0.8804004937410356
4,DiscNRX,trig,973,0,1,0,0,nan,-0.8888015747070312,-0.8804004937410356
4,DiscNRX,trig,974,0,1,0,0,nan,-0.9102497100830078,-0.8804004937410356
4,DiscNRX,trig,975,0,1,0,0,nan,-0.894774854183197,-0.8804004937410356
4,DiscNRX,trig,976,0,1,0,1,21.348899999793503,-0.8464585542678833,-0.8804004937410356
4,DiscNRX,trig,977,0,1,0,0,nan,-0.8990917801856995,-0.8804004937410356
4,DiscNRX,trig,978,0,1,0,0,nan,-0.8991687893867493,-0.8804004937410356
4,DiscNRX,trig,979,0,1,0,1,19.6762999994462,-0.864730179309845,-0.8804004937410356
4,DiscNRX,trig,980,0,1,0,0,nan,-0.9036684632301331,-0.8804004937410356
4,DiscNRX,trig,981,1,0,0,0,nan,-0.7052941918373108,-0.8804004937410356
4,DiscNRX,trig,982,0,1,0,1,22.872000000461412,-0.8500473499298096,-0.8804004937410356
4,DiscNRX,trig,983,0,1,0,0,nan,-0.9084933400154114,-0.8804004937410356
4,DiscNRX,trig,984,0,1,0,0,nan,-0.9156290292739868,-0.8804004937410356
4,DiscNRX,trig,985,0,1,0,1,17.939600000318023,-0.8534563183784485,-0.8804004937410356
4,DiscNRX,trig,986,0,1,0,1,20.67209999950137,-0.8563438653945923,-0.8804004937410356
4,DiscNRX,trig,987,0,1,0,1,22.6583000003302,-0.8292911648750305,-0.8804004937410356
4,DiscNRX,trig,988,0,1,0,0,nan,-0.9113907217979431,-0.8804004937410356
4,DiscNRX,trig,989,0,1,0,1,20.567500000652217,-0.8318204283714294,-0.8804004937410356
4,DiscNRX,trig,990,0,1,0,0,nan,-0.8995072245597839,-0.8804004937410356
4,DiscNRX,trig,991,0,1,0,0,nan,-0.9068922400474548,-0.8804004937410356
4,DiscNRX,trig,992,0,1,0,1,19.393399999898975,-0.8328425288200378,-0.8804004937410356
4,DiscNRX,trig,993,0,1,0,1,20.727000000078988,-0.8680075407028198,-0.8804004937410356
4,DiscNRX,trig,994,0,1,0,0,nan,-0.8950538039207458,-0.8804004937410356
4,DiscNRX,trig,995,0,1,0,1,20.465799999328738,-0.8632928729057312,-0.8804004937410356
4,DiscNRX,trig,996,0,1,0,1,20.53090000026714,-0.8739346861839294,-0.8804004937410356
4,DiscNRX,trig,997,0,1,0,1,21.23369999935676,-0.8604657649993896,-0.8804004937410356
4,DiscNRX,trig,998,0,1,0,1,22.207500000149594,-0.8533412218093872,-0.8804004937410356
4,DiscNRX,trig,999,0,1,0,1,21.708700000090175,-0.8699022531509399,-0.8804004937410356
