seed,receiver,mode,slot,err,crc_pass,false_pass,updated,update_ms,score,tau
0,AINR,none,0,1,0,0,0,nan,nan,0.852307194471359
0,AINR,none,1,1,0,0,0,nan,nan,0.852307194471359
0,AINR,none,2,1,0,0,0,nan,nan,0.852307194471359
0,AINR,none,3,1,0,0,0,nan,nan,0.852307194471359
0,AINR,none,4,1,0,0,0,nan,nan,0.852307194471359
0,AINR,none,5,1,0,0,0,nan,nan,0.852307194471359
0,AINR,none,6,0,1,0,0,nan,nan,0.852307194471359
0,AINR,none,7,1,0,0,0,nan,nan,0.852307194471359
0,AINR,none,8,1,0,0,0,nan,nan,0.852307194471359
0,AINR,none,9,1,0,0,0,nan,nan,0.852307194471359
0,AINR,none,10,1,0,0,0,nan,nan,0.852307194471359
0,AINR,none,11,1,0,0,0,nan,nan,0.852307194471359
0,AINR,none,12,1,0,0,0,nan,nan,0.852307194471359
0,AINR,none,13,1,0,0,0,nan,nan,0.852307194471359
0,AINR,none,14,1,0,0,0,nan,nan,0.852307194471359
0,AINR,none,15,1,0,0,0,nan,nan,0.852307194471359
0,AINR,none,16,1,0,0,0,nan,nan,0.852307194471359
0,AINR,none,17,1,0,0,0,nan,nan,0.852307194471359
0,AINR,none,18,1,0,0,0,nan,nan,0.852307194471359
0,AINR,none,19,1,0,0,0,nan,nan,0.852307194471359
0,AINR,none,20,1,0,0,0,nan,nan,0.852307194471359
0,AINR,none,21,1,0,0,0,nan,nan,0.852307194471359
0,AINR,none,22,1,0,0,0,nan,nan,0.852307194471359
0,AINR,none,23,1,0,0,0,nan,nan,0.852307194471359
0,AINR,none,24,1,0,0,0,nan,nan,0.852307194471359
0,AINR,none,25,1,0,0,0,nan,nan,0.852307194471359
0,AINR,none,26,1,0,0,0,nan,nan,0.852307194471359
0,AINR,none,27,1,0,0,0,nan,nan,0.852307194471359
0,AINR,none,28,1,0,0,0,nan,nan,0.852307194471359
0,AINR,none,29,1,0,0,0,nan,nan,0.852307194471359
0,AINR,none,30,1,0,0,0,nan,nan,0.852307194471359
0,AINR,none,31,1,0,0,0,nan,nan,0.852307194471359
0,AINR,none,32,1,0,0,0,nan,nan,0.852307194471359
0,AINR,none,33,0,1,0,0,nan,nan,0.852307194471359
0,AINR,none,34,1,0,0,0,nan,nan,0.852307194471359
0,AINR,none,35,1,0,0,0,nan,nan,0.852307194471359
0,AINR,none,36,1,0,0,0,nan,nan,0.852307194471359
0,AINR,none,37,1,0,0,0,nan,nan,0.852307194471359
0,AINR,none,38,1,0,0,0,nan,nan,0.852307194471359
0,AINR,none,39,1,0,0,0,nan,nan,0.852307194471359
0,AINR,none,40,1,0,0,0,nan,nan,0.852307194471359
0,AINR,none,41,1,0,0,0,nan,nan,0.852307194471359
0,AINR,none,42,1,0,0,0,nan,nan,0.852307194471359
0,AINR,none,43,1,0,0,0,nan,nan,0.852307194471359
0,AINR,none,44,1,0,0,0,nan,nan,0.852307194471359
0,AINR,none,45,1,0,0,0,nan,nan,0.852307194471359
0,AINR,none,46,1,0,0,0,nan,nan,0.852307194471359
0,AINR,none,47,1,0,0,0,nan,nan,0.852307194471359
0,AINR,none,48,1,0,0,0,nan,nan,0.852307194471359
0,AINR,none,49,1,0,0,0,nan,nan,0.852307194471359
0,AINR,none,50,1,0,0,0,nan,nan,0.852307194471359
0,AINR,none,51,1,0,0,0,nan,nan,0.852307194471359
0,AINR,none,52,1,0,0,0,nan,nan,0.852307194471359
0,AINR,none,53,0,1,0,0,nan,nan,0.852307194471359
0,AINR,none,54,1,0,0,0,nan,nan,0.852307194471359
0,AINR,none,55,1,0,0,0,nan,nan,0.852307194471359
0,AINR,none,56,0,1,0,0,nan,nan,0.852307194471359
0,AINR,none,57,1,0,0,0,nan,nan,0.852307194471359
0,AINR,none,58,1,0,0,0,nan,nan,0.852307194471359
0,AINR,none,59,1,0,0,0,nan,nan,0.852307194471359
0,AINR,none,60,1,0,0,0,nan,nan,0.852307194471359
0,AINR,none,61,1,0,0,0,nan,nan,0.852307194471359
0,AINR,none,62,1,0,0,0,nan,nan,0.852307194471359
0,AINR,none,63,1,0,0,0,nan,nan,0.852307194471359
0,AINR,none,64,1,0,0,0,nan,nan,0.852307194471359
0,AINR,none,65,1,0,0,0,nan,nan,0.852307194471359
0,AINR,none,66,1,0,0,0,nan,nan,0.852307194471359
0,AINR,none,67,1,0,0,0,nan,nan,0.852307194471359
0,AINR,none,68,1,0,0,0,nan,nan,0.852307194471359
0,AINR,none,69,1,0,0,0,nan,nan,0.852307194471359
0,AINR,none,70,1,0,0,0,nan,nan,0.852307194471359
0,AINR,none,71,1,0,0,0,nan,nan,0.852307194471359
0,AINR,none,72,1,0,0,0,nan,nan,0.852307194471359
0,AINR,none,73,1,0,0,0,nan,nan,0.852307194471359
0,AINR,none,74,1,0,0,0,nan,nan,0.852307194471359
0,AINR,none,75,1,0,0,0,nan,nan,0.852307194471359
0,AINR,none,76,1,0,0,0,nan,nan,0.852307194471359
0,AINR,none,77,1,0,0,0,nan,nan,0.852307194471359
0,AINR,none,78,1,0,0,0,nan,nan,0.852307194471359
0,AINR,none,79,1,0,0,0,nan,nan,0.852307194471359
0,AINR,none,80,1,0,0,0,nan,nan,0.852307194471359
0,AINR,none,81,1,0,0,0,nan,nan,0.852307194471359
0,AINR,none,82,1,0,0,0,nan,nan,0.852307194471359
0,AINR,none,83,1,0,0,0,nan,nan,0.852307194471359
0,AINR,none,84,1,0,0,0,nan,nan,0.852307194471359
0,AINR,none,85,1,0,0,0,nan,nan,0.852307194471359
0,AINR,none,86,1,0,0,0,nan,nan,0.852307194471359
0,AINR,none,87,1,0,0,0,nan,nan,0.852307194471359
0,AINR,none,88,1,0,0,0,nan,nan,0.852307194471359
0,AINR,none,89,1,0,0,0,nan,nan,0.852307194471359
0,AINR,none,90,1,0,0,0,nan,nan,0.852307194471359
0,AINR,none,91,1,0,0,0,nan,nan,0.852307194471359
0,AINR,none,92,1,0,0,0,nan,nan,0.852307194471359
0,AINR,none,93,1,0,0,0,nan,nan,0.852307194471359
0,AINR,none,94,1,0,0,0,nan,nan,0.852307194471359
0,AINR,none,95,1,0,0,0,nan,nan,0.852307194471359
0,AINR,none,96,0,1,0,0,nan,nan,0.852307194471359
0,AINR,none,97,1,0,0,0,nan,nan,0.852307194471359
0,AINR,none,98,1,0,0,0,nan,nan,0.852307194471359
0,AINR,none,99,1,0,0,0,nan,nan,0.852307194471359
0,AINR,none,100,1,0,0,0,nan,nan,0.852307194471359
0,AINR,none,101,1,0,0,0,nan,nan,0.852307194471359
0,AINR,none,102,1,0,0,0,nan,nan,0.852307194471359
0,AINR,none,103,1,0,0,0,nan,nan,0.852307194471359
0,AINR,none,104,1,0,0,0,nan,nan,0.852307194471359
0,AINR,none,105,1,0,0,0,nan,nan,0.852307194471359
0,AINR,none,106,1,0,0,0,nan,nan,0.852307194471359
0,AINR,none,107,1,0,0,0,nan,nan,0.852307194471359
0,AINR,none,108,1,0,0,0,nan,nan,0.852307194471359
0,AINR,none,109,1,0,0,0,nan,nan,0.852307194471359
0,AINR,none,110,1,0,0,0,nan,nan,0.852307194471359
0,AINR,none,111,1,0,0,0,nan,nan,0.852307194471359
0,AINR,none,112,1,0,0,0,nan,nan,0.852307194471359
0,AINR,none,113,1,0,0,0,nan,nan,0.852307194471359
0,AINR,none,114,1,0,0,0,nan,nan,0.852307194471359
0,AINR,none,115,1,0,0,0,nan,nan,0.852307194471359
0,AINR,none,116,1,0,0,0,nan,nan,0.852307194471359
0,AINR,none,117,1,0,0,0,nan,nan,0.852307194471359
0,AINR,none,118,1,0,0,0,nan,nan,0.852307194471359
0,AINR,none,119,1,0,0,0,nan,nan,0.852307194471359
0,AINR,none,120,1,0,0,0,nan,nan,0.852307194471359
0,AINR,none,121,1,0,0,0,nan,nan,0.852307194471359
0,AINR,none,122,1,0,0,0,nan,nan,0.852307194471359
0,AINR,none,123,1,0,0,0,nan,nan,0.852307194471359
0,AINR,none,124,1,0,0,0,nan,nan,0.852307194471359
0,AINR,none,125,1,0,0,0,nan,nan,0.852307194471359
0,AINR,none,126,1,0,0,0,nan,nan,0.852307194471359
0,AINR,none,127,1,0,0,0,nan,nan,0.852307194471359
0,AINR,none,128,1,0,0,0,nan,nan,0.852307194471359
0,AINR,none,129,1,0,0,0,nan,nan,0.852307194471359
0,AINR,none,130,0,1,0,0,nan,nan,0.852307194471359
0,AINR,none,131,1,0,0,0,nan,nan,0.852307194471359
0,AINR,none,132,1,0,0,0,nan,nan,0.852307194471359
0,AINR,none,133,1,0,0,0,nan,nan,0.852307194471359
0,AINR,none,134,1,0,0,0,nan,nan,0.852307194471359
0,AINR,none,135,1,0,0,0,nan,nan,0.852307194471359
0,AINR,none,136,1,0,0,0,nan,nan,0.852307194471359
0,AINR,none,137,1,0,0,0,nan,nan,0.852307194471359
0,AINR,none,138,1,0,0,0,nan,nan,0.852307194471359
0,AINR,none,139,1,0,0,0,nan,nan,0.852307194471359
0,AINR,none,140,1,0,0,0,nan,nan,0.852307194471359
0,AINR,none,141,1,0,0,0,nan,nan,0.852307194471359
0,AINR,none,142,1,0,0,0,nan,nan,0.852307194471359
0,AINR,none,143,1,0,0,0,nan,nan,0.852307194471359
0,AINR,none,144,1,0,0,0,nan,nan,0.852307194471359
0,AINR,none,145,1,0,0,0,nan,nan,0.852307194471359
0,AINR,none,146,1,0,0,0,nan,nan,0.852307194471359
0,AINR,none,147,1,0,0,0,nan,nan,0.852307194471359
0,AINR,none,148,1,0,0,0,nan,nan,0.852307194471359
0,AINR,none,149,1,0,0,0,nan,nan,0.852307194471359
0,AINR,none,150,1,0,0,0,nan,nan,0.852307194471359
0,AINR,none,151,1,0,0,0,nan,nan,0.852307194471359
0,AINR,none,152,1,0,0,0,nan,nan,0.852307194471359
0,AINR,none,153,1,0,0,0,nan,nan,0.852307194471359
0,AINR,none,154,1,0,0,0,nan,nan,0.852307194471359
0,AINR,none,155,1,0,0,0,nan,nan,0.852307194471359
0,AINR,none,156,1,0,0,0,nan,nan,0.852307194471359
0,AINR,none,157,1,0,0,0,nan,nan,0.852307194471359
0,AINR,none,158,1,0,0,0,nan,nan,0.852307194471359
0,AINR,none,159,1,0,0,0,nan,nan,0.852307194471359
0,AINR,none,160,1,0,0,0,nan,nan,0.852307194471359
0,AINR,none,161,1,0,0,0,nan,nan,0.852307194471359
0,AINR,none,162,1,0,0,0,nan,nan,0.852307194471359
0,AINR,none,163,1,0,0,0,nan,nan,0.852307194471359
0,AINR,none,164,1,0,0,0,nan,nan,0.852307194471359
0,AINR,none,165,1,0,0,0,nan,nan,0.852307194471359
0,AINR,none,166,1,0,0,0,nan,nan,0.852307194471359
0,AINR,none,167,1,0,0,0,nan,nan,0.852307194471359
0,AINR,none,168,1,0,0,0,nan,nan,0.852307194471359
0,AINR,none,169,0,1,0,0,nan,nan,0.852307194471359
0,AINR,none,170,1,0,0,0,nan,nan,0.852307194471359
0,AINR,none,171,1,0,0,0,nan,nan,0.852307194471359
0,AINR,none,172,1,0,0,0,nan,nan,0.852307194471359
0,AINR,none,173,1,0,0,0,nan,nan,0.852307194471359
0,AINR,none,174,1,0,0,0,nan,nan,0.852307194471359
0,AINR,none,175,1,0,0,0,nan,nan,0.852307194471359
0,AINR,none,176,1,0,0,0,nan,nan,0.852307194471359
0,AINR,none,177,1,0,0,0,nan,nan,0.852307194471359
0,AINR,none,178,1,0,0,0,nan,nan,0.852307194471359
0,AINR,none,179,1,0,0,0,nan,nan,0.852307194471359
0,AINR,none,180,1,0,0,0,nan,nan,0.852307194471359
0,AINR,none,181,0,1,0,0,nan,nan,0.852307194471359
0,AINR,none,182,1,0,0,0,nan,nan,0.852307194471359
0,AINR,none,183,1,0,0,0,nan,nan,0.852307194471359
0,AINR,none,184,1,0,0,0,nan,nan,0.852307194471359
0,AINR,none,185,1,0,0,0,nan,nan,0.852307194471359
0,AINR,none,186,1,0,0,0,nan,nan,0.852307194471359
0,AINR,none,187,1,0,0,0,nan,nan,0.852307194471359
0,AINR,none,188,1,0,0,0,nan,nan,0.852307194471359
0,AINR,none,189,1,0,0,0,nan,nan,0.852307194471359
0,AINR,none,190,0,1,0,0,nan,nan,0.852307194471359
0,AINR,none,191,0,1,0,0,nan,nan,0.852307194471359
0,AINR,none,192,1,0,0,0,nan,nan,0.852307194471359
0,AINR,none,193,1,0,0,0,nan,nan,0.852307194471359
0,AINR,none,194,1,0,0,0,nan,nan,0.852307194471359
0,AINR,none,195,1,0,0,0,nan,nan,0.852307194471359
0,AINR,none,196,0,1,0,0,nan,nan,0.852307194471359
0,AINR,none,197,1,0,0,0,nan,nan,0.852307194471359
0,AINR,none,198,1,0,0,0,nan,nan,0.852307194471359
0,AINR,none,199,1,0,0,0,nan,nan,0.852307194471359
0,AINR,none,200,1,0,0,0,nan,nan,0.852307194471359
0,AINR,none,201,1,0,0,0,nan,nan,0.852307194471359
0,AINR,none,202,1,0,0,0,nan,nan,0.852307194471359
0,AINR,none,203,1,0,0,0,nan,nan,0.852307194471359
0,AINR,none,204,1,0,0,0,nan,nan,0.852307194471359
0,AINR,none,205,1,0,0,0,nan,nan,0.852307194471359
0,AINR,none,206,1,0,0,0,nan,nan,0.852307194471359
0,AINR,none,207,1,0,0,0,nan,nan,0.852307194471359
0,AINR,none,208,1,0,0,0,nan,nan,0.852307194471359
0,AINR,none,209,1,0,0,0,nan,nan,0.852307194471359
0,AINR,none,210,1,0,0,0,nan,nan,0.852307194471359
0,AINR,none,211,1,0,0,0,nan,nan,0.852307194471359
0,AINR,none,212,1,0,0,0,nan,nan,0.852307194471359
0,AINR,none,213,1,0,0,0,nan,nan,0.852307194471359
0,AINR,none,214,1,0,0,0,nan,nan,0.852307194471359
0,AINR,none,215,0,1,0,0,nan,nan,0.852307194471359
0,AINR,none,216,1,0,0,0,nan,nan,0.852307194471359
0,AINR,none,217,1,0,0,0,nan,nan,0.852307194471359
0,AINR,none,218,1,0,0,0,nan,nan,0.852307194471359
0,AINR,none,219,1,0,0,0,nan,nan,0.852307194471359
0,AINR,none,220,1,0,0,0,nan,nan,0.852307194471359
0,AINR,none,221,1,0,0,0,nan,nan,0.852307194471359
0,AINR,none,222,1,0,0,0,nan,nan,0.852307194471359
0,AINR,none,223,1,0,0,0,nan,nan,0.852307194471359
0,AINR,none,224,1,0,0,0,nan,nan,0.852307194471359
0,AINR,none,225,1,0,0,0,nan,nan,0.852307194471359
0,AINR,none,226,1,0,0,0,nan,nan,0.852307194471359
0,AINR,none,227,0,1,0,0,nan,nan,0.852307194471359
0,AINR,none,228,0,1,0,0,nan,nan,0.852307194471359
0,AINR,none,229,1,0,0,0,nan,nan,0.852307194471359
0,AINR,none,230,1,0,0,0,nan,nan,0.852307194471359
0,AINR,none,231,1,0,0,0,nan,nan,0.852307194471359
0,AINR,none,232,1,0,0,0,nan,nan,0.852307194471359
0,AINR,none,233,1,0,0,0,nan,nan,0.852307194471359
0,AINR,none,234,1,0,0,0,nan,nan,0.852307194471359
0,AINR,none,235,1,0,0,0,nan,nan,0.852307194471359
0,AINR,none,236,1,0,0,0,nan,nan,0.852307194471359
0,AINR,none,237,0,1,0,0,nan,nan,0.852307194471359
0,AINR,none,238,1,0,0,0,nan,nan,0.852307194471359
0,AINR,none,239,1,0,0,0,nan,nan,0.852307194471359
0,AINR,none,240,1,0,0,0,nan,nan,0.852307194471359
0,AINR,none,241,1,0,0,0,nan,nan,0.852307194471359
0,AINR,none,242,1,0,0,0,nan,nan,0.852307194471359
0,AINR,none,243,1,0,0,0,nan,nan,0.852307194471359
0,AINR,none,244,0,1,0,0,nan,nan,0.852307194471359
0,AINR,none,245,1,0,0,0,nan,nan,0.852307194471359
0,AINR,none,246,0,1,0,0,nan,nan,0.852307194471359
0,AINR,none,247,1,0,0,0,nan,nan,0.852307194471359
0,AINR,none,248,1,0,0,0,nan,nan,0.852307194471359
0,AINR,none,249,1,0,0,0,nan,nan,0.852307194471359
0,AINR,none,250,1,0,0,0,nan,nan,0.852307194471359
0,AINR,none,251,1,0,0,0,nan,nan,0.852307194471359
0,AINR,none,252,1,0,0,0,nan,nan,0.852307194471359
0,AINR,none,253,1,0,0,0,nan,nan,0.852307194471359
0,AINR,none,254,1,0,0,0,nan,nan,0.852307194471359
0,AINR,none,255,1,0,0,0,nan,nan,0.852307194471359
0,AINR,none,256,1,0,0,0,nan,nan,0.852307194471359
0,AINR,none,257,1,0,0,0,nan,nan,0.852307194471359
0,AINR,none,258,1,0,0,0,nan,nan,0.852307194471359
0,AINR,none,259,1,0,0,0,nan,nan,0.852307194471359
0,AINR,none,260,1,0,0,0,nan,nan,0.852307194471359
0,AINR,none,261,1,0,0,0,nan,nan,0.852307194471359
0,AINR,none,262,1,0,0,0,nan,nan,0.852307194471359
0,AINR,none,263,0,1,0,0,nan,nan,0.852307194471359
0,AINR,none,264,1,0,0,0,nan,nan,0.852307194471359
0,AINR,none,265,1,0,0,0,nan,nan,0.852307194471359
0,AINR,none,266,1,0,0,0,nan,nan,0.852307194471359
0,AINR,none,267,1,0,0,0,nan,nan,0.852307194471359
0,AINR,none,268,1,0,0,0,nan,nan,0.852307194471359
0,AINR,none,269,1,0,0,0,nan,nan,0.852307194471359
0,AINR,none,270,1,0,0,0,nan,nan,0.852307194471359
0,AINR,none,271,1,0,0,0,nan,nan,0.852307194471359
0,AINR,none,272,1,0,0,0,nan,nan,0.852307194471359
0,AINR,none,273,1,0,0,0,nan,nan,0.852307194471359
0,AINR,none,274,1,0,0,0,nan,nan,0.852307194471359
0,AINR,none,275,1,0,0,0,nan,nan,0.852307194471359
0,AINR,none,276,1,0,0,0,nan,nan,0.852307194471359
0,AINR,none,277,1,0,0,0,nan,nan,0.852307194471359
0,AINR,none,278,1,0,0,0,nan,nan,0.852307194471359
0,AINR,none,279,1,0,0,0,nan,nan,0.852307194471359
0,AINR,none,280,1,0,0,0,nan,nan,0.852307194471359
0,AINR,none,281,1,0,0,0,nan,nan,0.852307194471359
0,AINR,none,282,1,0,0,0,nan,nan,0.852307194471359
0,AINR,none,283,1,0,0,0,nan,nan,0.852307194471359
0,AINR,none,284,1,0,0,0,nan,nan,0.852307194471359
0,AINR,none,285,1,0,0,0,nan,nan,0.852307194471359
0,AINR,none,286,1,0,0,0,nan,nan,0.852307194471359
0,AINR,none,287,0,1,0,0,nan,nan,0.852307194471359
0,AINR,none,288,1,0,0,0,nan,nan,0.852307194471359
0,AINR,none,289,0,1,0,0,nan,nan,0.852307194471359
0,AINR,none,290,1,0,0,0,nan,nan,0.852307194471359
0,AINR,none,291,1,0,0,0,nan,nan,0.852307194471359
0,AINR,none,292,1,0,0,0,nan,nan,0.852307194471359
0,AINR,none,293,1,0,0,0,nan,nan,0.852307194471359
0,AINR,none,294,0,1,0,0,nan,nan,0.852307194471359
0,AINR,none,295,1,0,0,0,nan,nan,0.852307194471359
0,AINR,none,296,1,0,0,0,nan,nan,0.852307194471359
0,AINR,none,297,1,0,0,0,nan,nan,0.852307194471359
0,AINR,none,298,1,0,0,0,nan,nan,0.852307194471359
0,AINR,none,299,1,0,0,0,nan,nan,0.852307194471359
0,AINR,none,300,1,0,0,0,nan,nan,0.852307194471359
0,AINR,none,301,1,0,0,0,nan,nan,0.852307194471359
0,AINR,none,302,1,0,0,0,nan,nan,0.852307194471359
0,AINR,none,303,1,0,0,0,nan,nan,0.852307194471359
0,AINR,none,304,1,0,0,0,nan,nan,0.852307194471359
0,AINR,none,305,1,0,0,0,nan,nan,0.852307194471359
0,AINR,none,306,1,0,0,0,nan,nan,0.852307194471359
0,AINR,none,307,1,0,0,0,nan,nan,0.852307194471359
0,AINR,none,308,1,0,0,0,nan,nan,0.852307194471359
0,AINR,none,309,1,0,0,0,nan,nan,0.852307194471359
0,AINR,none,310,1,0,0,0,nan,nan,0.852307194471359
0,AINR,none,311,1,0,0,0,nan,nan,0.852307194471359
0,AINR,none,312,1,0,0,0,nan,nan,0.852307194471359
0,AINR,none,313,1,0,0,0,nan,nan,0.852307194471359
0,AINR,none,314,1,0,0,0,nan,nan,0.852307194471359
0,AINR,none,315,1,0,0,0,nan,nan,0.852307194471359
0,AINR,none,316,0,1,0,0,nan,nan,0.852307194471359
0,AINR,none,317,1,0,0,0,nan,nan,0.852307194471359
0,AINR,none,318,1,0,0,0,nan,nan,0.852307194471359
0,AINR,none,319,1,0,0,0,nan,nan,0.852307194471359
0,AINR,none,320,1,0,0,0,nan,nan,0.852307194471359
0,AINR,none,321,1,0,0,0,nan,nan,0.852307194471359
0,AINR,none,322,1,0,0,0,nan,nan,0.852307194471359
0,AINR,none,323,1,0,0,0,nan,nan,0.852307194471359
0,AINR,none,324,1,0,0,0,nan,nan,0.852307194471359
0,AINR,none,325,1,0,0,0,nan,nan,0.852307194471359
0,AINR,none,326,1,0,0,0,nan,nan,0.852307194471359
0,AINR,none,327,1,0,0,0,nan,nan,0.852307194471359
0,AINR,none,328,1,0,0,0,nan,nan,0.852307194471359
0,AINR,none,329,1,0,0,0,nan,nan,0.852307194471359
0,AINR,none,330,1,0,0,0,nan,nan,0.852307194471359
0,AINR,none,331,1,0,0,0,nan,nan,0.852307194471359
0,AINR,none,332,1,0,0,0,nan,nan,0.852307194471359
0,AINR,none,333,1,0,0,0,nan,nan,0.852307194471359
0,AINR,none,334,1,0,0,0,nan,nan,0.852307194471359
0,AINR,none,335,1,0,0,0,nan,nan,0.852307194471359
0,AINR,none,336,1,0,0,0,nan,nan,0.852307194471359
0,AINR,none,337,0,1,0,0,nan,nan,0.852307194471359
0,AINR,none,338,1,0,0,0,nan,nan,0.852307194471359
0,AINR,none,339,1,0,0,0,nan,nan,0.852307194471359
0,AINR,none,340,0,1,0,0,nan,nan,0.852307194471359
0,AINR,none,341,1,0,0,0,nan,nan,0.852307194471359
0,AINR,none,342,1,0,0,0,nan,nan,0.852307194471359
0,AINR,none,343,1,0,0,0,nan,nan,0.852307194471359
0,AINR,none,344,1,0,0,0,nan,nan,0.852307194471359
0,AINR,none,345,1,0,0,0,nan,nan,0.852307194471359
0,AINR,none,346,1,0,0,0,nan,nan,0.852307194471359
0,AINR,none,347,1,0,0,0,nan,nan,0.852307194471359
0,AINR,none,348,1,0,0,0,nan,nan,0.852307194471359
0,AINR,none,349,1,0,0,0,nan,nan,0.852307194471359
0,AINR,none,350,1,0,0,0,nan,nan,0.852307194471359
0,AINR,none,351,1,0,0,0,nan,nan,0.852307194471359
0,AINR,none,352,1,0,0,0,nan,nan,0.852307194471359
0,AINR,none,353,1,0,0,0,nan,nan,0.852307194471359
0,AINR,none,354,1,0,0,0,nan,nan,0.852307194471359
0,AINR,none,355,1,0,0,0,nan,nan,0.852307194471359
0,AINR,none,356,1,0,0,0,nan,nan,0.852307194471359
0,AINR,none,357,1,0,0,0,nan,nan,0.852307194471359
0,AINR,none,358,1,0,0,0,nan,nan,0.852307194471359
0,AINR,none,359,1,0,0,0,nan,nan,0.852307194471359
0,AINR,none,360,1,0,0,0,nan,nan,0.852307194471359
0,AINR,none,361,1,0,0,0,nan,nan,0.852307194471359
0,AINR,none,362,1,0,0,0,nan,nan,0.852307194471359
0,AINR,none,363,1,0,0,0,nan,nan,0.852307194471359
0,AINR,none,364,0,1,0,0,nan,nan,0.852307194471359
0,AINR,none,365,1,0,0,0,nan,nan,0.852307194471359
0,AINR,none,366,1,0,0,0,nan,nan,0.852307194471359
0,AINR,none,367,1,0,0,0,nan,nan,0.852307194471359
0,AINR,none,368,1,0,0,0,nan,nan,0.852307194471359
0,AINR,none,369,1,0,0,0,nan,nan,0.852307194471359
0,AINR,none,370,1,0,0,0,nan,nan,0.852307194471359
0,AINR,none,371,1,0,0,0,nan,nan,0.852307194471359
0,AINR,none,372,0,1,0,0,nan,nan,0.852307194471359
0,AINR,none,373,1,0,0,0,nan,nan,0.852307194471359
0,AINR,none,374,1,0,0,0,nan,nan,0.852307194471359
0,AINR,none,375,1,0,0,0,nan,nan,0.852307194471359
0,AINR,none,376,1,0,0,0,nan,nan,0.852307194471359
0,AINR,none,377,1,0,0,0,nan,nan,0.852307194471359
0,AINR,none,378,1,0,0,0,nan,nan,0.852307194471359
0,AINR,none,379,1,0,0,0,nan,nan,0.852307194471359
0,AINR,none,380,1,0,0,0,nan,nan,0.852307194471359
0,AINR,none,381,1,0,0,0,nan,nan,0.852307194471359
0,AINR,none,382,1,0,0,0,nan,nan,0.852307194471359
0,AINR,none,383,1,0,0,0,nan,nan,0.852307194471359
0,AINR,none,384,1,0,0,0,nan,nan,0.852307194471359
0,AINR,none,385,1,0,0,0,nan,nan,0.852307194471359
0,AINR,none,386,1,0,0,0,nan,nan,0.852307194471359
0,AINR,none,387,1,0,0,0,nan,nan,0.852307194471359
0,AINR,none,388,1,0,0,0,nan,nan,0.852307194471359
0,AINR,none,389,1,0,0,0,nan,nan,0.852307194471359
0,AINR,none,390,1,0,0,0,nan,nan,0.852307194471359
0,AINR,none,391,1,0,0,0,nan,nan,0.852307194471359
0,AINR,none,392,1,0,0,0,nan,nan,0.852307194471359
0,AINR,none,393,1,0,0,0,nan,nan,0.852307194471359
0,AINR,none,394,1,0,0,0,nan,nan,0.852307194471359
0,AINR,none,395,1,0,0,0,nan,nan,0.852307194471359
0,AINR,none,396,1,0,0,0,nan,nan,0.852307194471359
0,AINR,none,397,1,0,0,0,nan,nan,0.852307194471359
0,AINR,none,398,1,0,0,0,nan,nan,0.852307194471359
0,AINR,none,399,1,0,0,0,nan,nan,0.852307194471359
0,AINR,none,400,1,0,0,0,nan,nan,0.852307194471359
0,AINR,none,401,1,0,0,0,nan,nan,0.852307194471359
0,AINR,none,402,1,0,0,0,nan,nan,0.852307194471359
0,AINR,none,403,1,0,0,0,nan,nan,0.852307194471359
0,AINR,none,404,1,0,0,0,nan,nan,0.852307194471359
0,AINR,none,405,1,0,0,0,nan,nan,0.852307194471359
0,AINR,none,406,1,0,0,0,nan,nan,0.852307194471359
0,AINR,none,407,1,0,0,0,nan,nan,0.852307194471359
0,AINR,none,408,1,0,0,0,nan,nan,0.852307194471359
0,AINR,none,409,1,0,0,0,nan,nan,0.852307194471359
0,AINR,none,410,0,1,0,0,nan,nan,0.852307194471359
0,AINR,none,411,1,0,0,0,nan,nan,0.852307194471359
0,AINR,none,412,1,0,0,0,nan,nan,0.852307194471359
0,AINR,none,413,1,0,0,0,nan,nan,0.852307194471359
0,AINR,none,414,1,0,0,0,nan,nan,0.852307194471359
0,AINR,none,415,1,0,0,0,nan,nan,0.852307194471359
0,AINR,none,416,1,0,0,0,nan,nan,0.852307194471359
0,AINR,none,417,1,0,0,0,nan,nan,0.852307194471359
0,AINR,none,418,0,1,0,0,nan,nan,0.852307194471359
0,AINR,none,419,1,0,0,0,nan,nan,0.852307194471359
0,AINR,none,420,1,0,0,0,nan,nan,0.852307194471359
0,AINR,none,421,1,0,0,0,nan,nan,0.852307194471359
0,AINR,none,422,1,0,0,0,nan,nan,0.852307194471359
0,AINR,none,423,1,0,0,0,nan,nan,0.852307194471359
0,AINR,none,424,1,0,0,0,nan,nan,0.852307194471359
0,AINR,none,425,1,0,0,0,nan,nan,0.852307194471359
0,AINR,none,426,1,0,0,0,nan,nan,0.852307194471359
0,AINR,none,427,1,0,0,0,nan,nan,0.852307194471359
0,AINR,none,428,1,0,0,0,nan,nan,0.852307194471359
0,AINR,none,429,1,0,0,0,nan,nan,0.852307194471359
0,AINR,none,430,1,0,0,0,nan,nan,0.852307194471359
0,AINR,none,431,1,0,0,0,nan,nan,0.852307194471359
0,AINR,none,432,1,0,0,0,nan,nan,0.852307194471359
0,AINR,none,433,0,1,0,0,nan,nan,0.852307194471359
0,AINR,none,434,1,0,0,0,nan,nan,0.852307194471359
0,AINR,none,435,1,0,0,0,nan,nan,0.852307194471359
0,AINR,none,436,1,0,0,0,nan,nan,0.852307194471359
0,AINR,none,437,1,0,0,0,nan,nan,0.852307194471359
0,AINR,none,438,1,0,0,0,nan,nan,0.852307194471359
0,AINR,none,439,1,0,0,0,nan,nan,0.852307194471359
0,AINR,none,440,1,0,0,0,nan,nan,0.852307194471359
0,AINR,none,441,1,0,0,0,nan,nan,0.852307194471359
0,AINR,none,442,1,0,0,0,nan,nan,0.852307194471359
0,AINR,none,443,1,0,0,0,nan,nan,0.852307194471359
0,AINR,none,444,1,0,0,0,nan,nan,0.852307194471359
0,AINR,none,445,1,0,0,0,nan,nan,0.852307194471359
0,AINR,none,446,1,0,0,0,nan,nan,0.852307194471359
0,AINR,none,447,1,0,0,0,nan,nan,0.852307194471359
0,AINR,none,448,1,0,0,0,nan,nan,0.852307194471359
0,AINR,none,449,1,0,0,0,nan,nan,0.852307194471359
0,AINR,none,450,1,0,0,0,nan,nan,0.852307194471359
0,AINR,none,451,1,0,0,0,nan,nan,0.852307194471359
0,AINR,none,452,1,0,0,0,nan,nan,0.852307194471359
0,AINR,none,453,1,0,0,0,nan,nan,0.852307194471359
0,AINR,none,454,1,0,0,0,nan,nan,0.852307194471359
0,AINR,none,455,1,0,0,0,nan,nan,0.852307194471359
0,AINR,none,456,1,0,0,0,nan,nan,0.852307194471359
0,AINR,none,457,1,0,0,0,nan,nan,0.852307194471359
0,AINR,none,458,1,0,0,0,nan,nan,0.852307194471359
0,AINR,none,459,1,0,0,0,nan,nan,0.852307194471359
0,AINR,none,460,0,1,0,0,nan,nan,0.852307194471359
0,AINR,none,461,1,0,0,0,nan,nan,0.852307194471359
0,AINR,none,462,1,0,0,0,nan,nan,0.852307194471359
0,AINR,none,463,1,0,0,0,nan,nan,0.852307194471359
0,AINR,none,464,1,0,0,0,nan,nan,0.852307194471359
0,AINR,none,465,1,0,0,0,nan,nan,0.852307194471359
0,AINR,none,466,1,0,0,0,nan,nan,0.852307194471359
0,AINR,none,467,1,0,0,0,nan,nan,0.852307194471359
0,AINR,none,468,1,0,0,0,nan,nan,0.852307194471359
0,AINR,none,469,1,0,0,0,nan,nan,0.852307194471359
0,AINR,none,470,1,0,0,0,nan,nan,0.852307194471359
0,AINR,none,471,1,0,0,0,nan,nan,0.852307194471359
0,AINR,none,472,1,0,0,0,nan,nan,0.852307194471359
0,AINR,none,473,1,0,0,0,nan,nan,0.852307194471359
0,AINR,none,474,1,0,0,0,nan,nan,0.852307194471359
0,AINR,none,475,1,0,0,0,nan,nan,0.852307194471359
0,AINR,none,476,1,0,0,0,nan,nan,0.852307194471359
0,AINR,none,477,1,0,0,0,nan,nan,0.852307194471359
0,AINR,none,478,1,0,0,0,nan,nan,0.852307194471359
0,AINR,none,479,1,0,0,0,nan,nan,0.852307194471359
0,AINR,none,480,1,0,0,0,nan,nan,0.852307194471359
0,AINR,none,481,1,0,0,0,nan,nan,0.852307194471359
0,AINR,none,482,1,0,0,0,nan,nan,0.852307194471359
0,AINR,none,483,1,0,0,0,nan,nan,0.852307194471359
0,AINR,none,484,1,0,0,0,nan,nan,0.852307194471359
0,AINR,none,485,1,0,0,0,nan,nan,0.852307194471359
0,AINR,none,486,1,0,0,0,nan,nan,0.852307194471359
0,AINR,none,487,0,1,0,0,nan,nan,0.852307194471359
0,AINR,none,488,1,0,0,0,nan,nan,0.852307194471359
0,AINR,none,489,1,0,0,0,nan,nan,0.852307194471359
0,AINR,none,490,0,1,0,0,nan,nan,0.852307194471359
0,AINR,none,491,1,0,0,0,nan,nan,0.852307194471359
0,AINR,none,492,1,0,0,0,nan,nan,0.852307194471359
0,AINR,none,493,1,0,0,0,nan,nan,0.852307194471359
0,AINR,none,494,1,0,0,0,nan,nan,0.852307194471359
0,AINR,none,495,1,0,0,0,nan,nan,0.852307194471359
0,AINR,none,496,1,0,0,0,nan,nan,0.852307194471359
0,AINR,none,497,1,0,0,0,nan,nan,0.852307194471359
0,AINR,none,498,0,1,0,0,nan,nan,0.852307194471359
0,AINR,none,499,1,0,0,0,nan,nan,0.852307194471359
0,AINR,none,500,1,0,0,0,nan,nan,0.852307194471359
0,AINR,none,501,0,1,0,0,nan,nan,0.852307194471359
0,AINR,none,502,1,0,0,0,nan,nan,0.852307194471359
0,AINR,none,503,1,0,0,0,nan,nan,0.852307194471359
0,AINR,none,504,1,0,0,0,nan,nan,0.852307194471359
0,AINR,none,505,1,0,0,0,nan,nan,0.852307194471359
0,AINR,none,506,1,0,0,0,nan,nan,0.852307194471359
0,AINR,none,507,1,0,0,0,nan,nan,0.852307194471359
0,AINR,none,508,1,0,0,0,nan,nan,0.852307194471359
0,AINR,none,509,1,0,0,0,nan,nan,0.852307194471359
0,AINR,none,510,1,0,0,0,nan,nan,0.852307194471359
0,AINR,none,511,1,0,0,0,nan,nan,0.852307194471359
0,AINR,none,512,1,0,0,0,nan,nan,0.852307194471359
0,AINR,none,513,1,0,0,0,nan,nan,0.852307194471359
0,AINR,none,514,1,0,0,0,nan,nan,0.852307194471359
0,AINR,none,515,1,0,0,0,nan,nan,0.852307194471359
0,AINR,none,516,0,1,0,0,nan,nan,0.852307194471359
0,AINR,none,517,1,0,0,0,nan,nan,0.852307194471359
0,AINR,none,518,1,0,0,0,nan,nan,0.852307194471359
0,AINR,none,519,1,0,0,0,nan,nan,0.852307194471359
0,AINR,none,520,1,0,0,0,nan,nan,0.852307194471359
0,AINR,none,521,1,0,0,0,nan,nan,0.852307194471359
0,AINR,none,522,1,0,0,0,nan,nan,0.852307194471359
0,AINR,none,523,1,0,0,0,nan,nan,0.852307194471359
0,AINR,none,524,1,0,0,0,nan,nan,0.852307194471359
0,AINR,none,525,1,0,0,0,nan,nan,0.852307194471359
0,AINR,none,526,1,0,0,0,nan,nan,0.852307194471359
0,AINR,none,527,1,0,0,0,nan,nan,0.852307194471359
0,AINR,none,528,1,0,0,0,nan,nan,0.852307194471359
0,AINR,none,529,1,0,0,0,nan,nan,0.852307194471359
0,AINR,none,530,1,0,0,0,nan,nan,0.852307194471359
0,AINR,none,531,1,0,0,0,nan,nan,0.852307194471359
0,AINR,none,532,1,0,0,0,nan,nan,0.852307194471359
0,AINR,none,533,1,0,0,0,nan,nan,0.852307194471359
0,AINR,none,534,1,0,0,0,nan,nan,0.852307194471359
0,AINR,none,535,1,0,0,0,nan,nan,0.852307194471359
0,AINR,none,536,1,0,0,0,nan,nan,0.852307194471359
0,AINR,none,537,1,0,0,0,nan,nan,0.852307194471359
0,AINR,none,538,1,0,0,0,nan,nan,0.852307194471359
0,AINR,none,539,1,0,0,0,nan,nan,0.852307194471359
0,AINR,none,540,1,0,0,0,nan,nan,0.852307194471359
0,AINR,none,541,1,0,0,0,nan,nan,0.852307194471359
0,AINR,none,542,1,0,0,0,nan,nan,0.852307194471359
0,AINR,none,543,1,0,0,0,nan,nan,0.852307194471359
0,AINR,none,544,1,0,0,0,nan,nan,0.852307194471359
0,AINR,none,545,1,0,0,0,nan,nan,0.852307194471359
0,AINR,none,546,1,0,0,0,nan,nan,0.852307194471359
0,AINR,none,547,1,0,0,0,nan,nan,0.852307194471359
0,AINR,none,548,1,0,0,0,nan,nan,0.852307194471359
0,AINR,none,549,0,1,0,0,nan,nan,0.852307194471359
0,AINR,none,550,1,0,0,0,nan,nan,0.852307194471359
0,AINR,none,551,1,0,0,0,nan,nan,0.852307194471359
0,AINR,none,552,1,0,0,0,nan,nan,0.852307194471359
0,AINR,none,553,1,0,0,0,nan,nan,0.852307194471359
0,AINR,none,554,1,0,0,0,nan,nan,0.852307194471359
0,AINR,none,555,1,0,0,0,nan,nan,0.852307194471359
0,AINR,none,556,1,0,0,0,nan,nan,0.852307194471359
0,AINR,none,557,1,0,0,0,nan,nan,0.852307194471359
0,AINR,none,558,1,0,0,0,nan,nan,0.852307194471359
0,AINR,none,559,1,0,0,0,nan,nan,0.852307194471359
0,AINR,none,560,1,0,0,0,nan,nan,0.852307194471359
0,AINR,none,561,1,0,0,0,nan,nan,0.852307194471359
0,AINR,none,562,1,0,0,0,nan,nan,0.852307194471359
0,AINR,none,563,1,0,0,0,nan,nan,0.852307194471359
0,AINR,none,564,1,0,0,0,nan,nan,0.852307194471359
0,AINR,none,565,1,0,0,0,nan,nan,0.852307194471359
0,AINR,none,566,1,0,0,0,nan,nan,0.852307194471359
0,AINR,none,567,1,0,0,0,nan,nan,0.852307194471359
0,AINR,none,568,1,0,0,0,nan,nan,0.852307194471359
0,AINR,none,569,1,0,0,0,nan,nan,0.852307194471359
0,AINR,none,570,1,0,0,0,nan,nan,0.852307194471359
0,AINR,none,571,1,0,0,0,nan,nan,0.852307194471359
0,AINR,none,572,1,0,0,0,nan,nan,0.852307194471359
0,AINR,none,573,1,0,0,0,nan,nan,0.852307194471359
0,AINR,none,574,1,0,0,0,nan,nan,0.852307194471359
0,AINR,none,575,1,0,0,0,nan,nan,0.852307194471359
0,AINR,none,576,1,0,0,0,nan,nan,0.852307194471359
0,AINR,none,577,1,0,0,0,nan,nan,0.852307194471359
0,AINR,none,578,1,0,0,0,nan,nan,0.852307194471359
0,AINR,none,579,0,1,0,0,nan,nan,0.852307194471359
0,AINR,none,580,1,0,0,0,nan,nan,0.852307194471359
0,AINR,none,581,1,0,0,0,nan,nan,0.852307194471359
0,AINR,none,582,1,0,0,0,nan,nan,0.852307194471359
0,AINR,none,583,1,0,0,0,nan,nan,0.852307194471359
0,AINR,none,584,1,0,0,0,nan,nan,0.852307194471359
0,AINR,none,585,1,0,0,0,nan,nan,0.852307194471359
0,AINR,none,586,1,0,0,0,nan,nan,0.852307194471359
0,AINR,none,587,1,0,0,0,nan,nan,0.852307194471359
0,AINR,none,588,1,0,0,0,nan,nan,0.852307194471359
0,AINR,none,589,1,0,0,0,nan,nan,0.852307194471359
0,AINR,none,590,1,0,0,0,nan,nan,0.852307194471359
0,AINR,none,591,1,0,0,0,nan,nan,0.852307194471359
0,AINR,none,592,1,0,0,0,nan,nan,0.852307194471359
0,AINR,none,593,0,1,0,0,nan,nan,0.852307194471359
0,AINR,none,594,1,0,0,0,nan,nan,0.852307194471359
0,AINR,none,595,1,0,0,0,nan,nan,0.852307194471359
0,AINR,none,596,1,0,0,0,nan,nan,0.852307194471359
0,AINR,none,597,1,0,0,0,nan,nan,0.852307194471359
0,AINR,none,598,1,0,0,0,nan,nan,0.852307194471359
0,AINR,none,599,1,0,0,0,nan,nan,0.852307194471359
0,AINR,none,600,0,1,0,0,nan,nan,0.852307194471359
0,AINR,none,601,0,1,0,0,nan,nan,0.852307194471359
0,AINR,none,602,1,0,0,0,nan,nan,0.852307194471359
0,AINR,none,603,1,0,0,0,nan,nan,0.852307194471359
0,AINR,none,604,1,0,0,0,nan,nan,0.852307194471359
0,AINR,none,605,1,0,0,0,nan,nan,0.852307194471359
0,AINR,none,606,1,0,0,0,nan,nan,0.852307194471359
0,AINR,none,607,1,0,0,0,nan,nan,0.852307194471359
0,AINR,none,608,1,0,0,0,nan,nan,0.852307194471359
0,AINR,none,609,1,0,0,0,nan,nan,0.852307194471359
0,AINR,none,610,1,0,0,0,nan,nan,0.852307194471359
0,AINR,none,611,0,1,0,0,nan,nan,0.852307194471359
0,AINR,none,612,1,0,0,0,nan,nan,0.852307194471359
0,AINR,none,613,1,0,0,0,nan,nan,0.852307194471359
0,AINR,none,614,1,0,0,0,nan,nan,0.852307194471359
0,AINR,none,615,1,0,0,0,nan,nan,0.852307194471359
0,AINR,none,616,1,0,0,0,nan,nan,0.852307194471359
0,AINR,none,617,1,0,0,0,nan,nan,0.852307194471359
0,AINR,none,618,1,0,0,0,nan,nan,0.852307194471359
0,AINR,none,619,1,0,0,0,nan,nan,0.852307194471359
0,AINR,none,620,1,0,0,0,nan,nan,0.852307194471359
0,AINR,none,621,1,0,0,0,nan,nan,0.852307194471359
0,AINR,none,622,1,0,0,0,nan,nan,0.852307194471359
0,AINR,none,623,1,0,0,0,nan,nan,0.852307194471359
0,AINR,none,624,1,0,0,0,nan,nan,0.852307194471359
0,AINR,none,625,0,1,0,0,nan,nan,0.852307194471359
0,AINR,none,626,1,0,0,0,nan,nan,0.852307194471359
0,AINR,none,627,1,0,0,0,nan,nan,0.852307194471359
0,AINR,none,628,1,0,0,0,nan,nan,0.852307194471359
0,AINR,none,629,1,0,0,0,nan,nan,0.852307194471359
0,AINR,none,630,1,0,0,0,nan,nan,0.852307194471359
0,AINR,none,631,1,0,0,0,nan,nan,0.852307194471359
0,AINR,none,632,0,1,0,0,nan,nan,0.852307194471359
0,AINR,none,633,1,0,0,0,nan,nan,0.852307194471359
0,AINR,none,634,1,0,0,0,nan,nan,0.852307194471359
0,AINR,none,635,1,0,0,0,nan,nan,0.852307194471359
0,AINR,none,636,1,0,0,0,nan,nan,0.852307194471359
0,AINR,none,637,1,0,0,0,nan,nan,0.852307194471359
0,AINR,none,638,1,0,0,0,nan,nan,0.852307194471359
0,AINR,none,639,1,0,0,0,nan,nan,0.852307194471359
0,AINR,none,640,1,0,0,0,nan,nan,0.852307194471359
0,AINR,none,641,1,0,0,0,nan,nan,0.852307194471359
0,AINR,none,642,0,1,0,0,nan,nan,0.852307194471359
0,AINR,none,643,0,1,0,0,nan,nan,0.852307194471359
0,AINR,none,644,1,0,0,0,nan,nan,0.852307194471359
0,AINR,none,645,1,0,0,0,nan,nan,0.852307194471359
0,AINR,none,646,1,0,0,0,nan,nan,0.852307194471359
0,AINR,none,647,1,0,0,0,nan,nan,0.852307194471359
0,AINR,none,648,1,0,0,0,nan,nan,0.852307194471359
0,AINR,none,649,1,0,0,0,nan,nan,0.852307194471359
0,AINR,none,650,1,0,0,0,nan,nan,0.852307194471359
0,AINR,none,651,1,0,0,0,nan,nan,0.852307194471359
0,AINR,none,652,1,0,0,0,nan,nan,0.852307194471359
0,AINR,none,653,1,0,0,0,nan,nan,0.852307194471359
0,AINR,none,654,1,0,0,0,nan,nan,0.852307194471359
0,AINR,none,655,1,0,0,0,nan,nan,0.852307194471359
0,AINR,none,656,1,0,0,0,nan,nan,0.852307194471359
0,AINR,none,657,1,0,0,0,nan,nan,0.852307194471359
0,AINR,none,658,1,0,0,0,nan,nan,0.852307194471359
0,AINR,none,659,1,0,0,0,nan,nan,0.852307194471359
0,AINR,none,660,1,0,0,0,nan,nan,0.852307194471359
0,AINR,none,661,1,0,0,0,nan,nan,0.852307194471359
0,AINR,none,662,1,0,0,0,nan,nan,0.852307194471359
0,AINR,none,663,1,0,0,0,nan,nan,0.852307194471359
0,AINR,none,664,1,0,0,0,nan,nan,0.852307194471359
0,AINR,none,665,1,0,0,0,nan,nan,0.852307194471359
0,AINR,none,666,1,0,0,0,nan,nan,0.852307194471359
0,AINR,none,667,1,0,0,0,nan,nan,0.852307194471359
0,AINR,none,668,1,0,0,0,nan,nan,0.852307194471359
0,AINR,none,669,1,0,0,0,nan,nan,0.852307194471359
0,AINR,none,670,1,0,0,0,nan,nan,0.852307194471359
0,AINR,none,671,1,0,0,0,nan,nan,0.852307194471359
0,AINR,none,672,1,0,0,0,nan,nan,0.852307194471359
0,AINR,none,673,1,0,0,0,nan,nan,0.852307194471359
0,AINR,none,674,1,0,0,0,nan,nan,0.852307194471359
0,AINR,none,675,1,0,0,0,nan,nan,0.852307194471359
0,AINR,none,676,1,0,0,0,nan,nan,0.852307194471359
0,AINR,none,677,1,0,0,0,nan,nan,0.852307194471359
0,AINR,none,678,1,0,0,0,nan,nan,0.852307194471359
0,AINR,none,679,1,0,0,0,nan,nan,0.852307194471359
0,AINR,none,680,1,0,0,0,nan,nan,0.852307194471359
0,AINR,none,681,1,0,0,0,nan,nan,0.852307194471359
0,AINR,none,682,1,0,0,0,nan,nan,0.852307194471359
0,AINR,none,683,1,0,0,0,nan,nan,0.852307194471359
0,AINR,none,684,1,0,0,0,nan,nan,0.852307194471359
0,AINR,none,685,1,0,0,0,nan,nan,0.852307194471359
0,AINR,none,686,1,0,0,0,nan,nan,0.852307194471359
0,AINR,none,687,1,0,0,0,nan,nan,0.852307194471359
0,AINR,none,688,1,0,0,0,nan,nan,0.852307194471359
0,AINR,none,689,1,0,0,0,nan,nan,0.852307194471359
0,AINR,none,690,1,0,0,0,nan,nan,0.852307194471359
0,AINR,none,691,1,0,0,0,nan,nan,0.852307194471359
0,AINR,none,692,1,0,0,0,nan,nan,0.852307194471359
0,AINR,none,693,1,0,0,0,nan,nan,0.852307194471359
0,AINR,none,694,1,0,0,0,nan,nan,0.852307194471359
0,AINR,none,695,1,0,0,0,nan,nan,0.852307194471359
0,AINR,none,696,1,0,0,0,nan,nan,0.852307194471359
0,AINR,none,697,1,0,0,0,nan,nan,0.852307194471359
0,AINR,none,698,1,0,0,0,nan,nan,0.852307194471359
0,AINR,none,699,1,0,0,0,nan,nan,0.852307194471359
0,AINR,none,700,1,0,0,0,nan,nan,0.852307194471359
0,AINR,none,701,1,0,0,0,nan,nan,0.852307194471359
0,AINR,none,702,1,0,0,0,nan,nan,0.852307194471359
0,AINR,none,703,1,0,0,0,nan,nan,0.852307194471359
0,AINR,none,704,1,0,0,0,nan,nan,0.852307194471359
0,AINR,none,705,1,0,0,0,nan,nan,0.852307194471359
0,AINR,none,706,1,0,0,0,nan,nan,0.852307194471359
0,AINR,none,707,1,0,0,0,nan,nan,0.852307194471359
0,AINR,none,708,1,0,0,0,nan,nan,0.852307194471359
0,AINR,none,709,1,0,0,0,nan,nan,0.852307194471359
0,AINR,none,710,1,0,0,0,nan,nan,0.852307194471359
0,AINR,none,711,1,0,0,0,nan,nan,0.852307194471359
0,AINR,none,712,1,0,0,0,nan,nan,0.852307194471359
0,AINR,none,713,1,0,0,0,nan,nan,0.852307194471359
0,AINR,none,714,1,0,0,0,nan,nan,0.852307194471359
0,AINR,none,715,1,0,0,0,nan,nan,0.852307194471359
0,AINR,none,716,1,0,0,0,nan,nan,0.852307194471359
0,AINR,none,717,1,0,0,0,nan,nan,0.852307194471359
0,AINR,none,718,1,0,0,0,nan,nan,0.852307194471359
0,AINR,none,719,1,0,0,0,nan,nan,0.852307194471359
0,AINR,none,720,1,0,0,0,nan,nan,0.852307194471359
0,AINR,none,721,1,0,0,0,nan,nan,0.852307194471359
0,AINR,none,722,1,0,0,0,nan,nan,0.852307194471359
0,AINR,none,723,1,0,0,0,nan,nan,0.852307194471359
0,AINR,none,724,1,0,0,0,nan,nan,0.852307194471359
0,AINR,none,725,1,0,0,0,nan,nan,0.852307194471359
0,AINR,none,726,1,0,0,0,nan,nan,0.852307194471359
0,AINR,none,727,1,0,0,0,nan,nan,0.852307194471359
0,AINR,none,728,1,0,0,0,nan,nan,0.852307194471359
0,AINR,none,729,1,0,0,0,nan,nan,0.852307194471359
0,AINR,none,730,1,0,0,0,nan,nan,0.852307194471359
0,AINR,none,731,1,0,0,0,nan,nan,0.852307194471359
0,AINR,none,732,1,0,0,0,nan,nan,0.852307194471359
0,AINR,none,733,1,0,0,0,nan,nan,0.852307194471359
0,AINR,none,734,1,0,0,0,nan,nan,0.852307194471359
0,AINR,none,735,1,0,0,0,nan,nan,0.852307194471359
0,AINR,none,736,1,0,0,0,nan,nan,0.852307194471359
0,AINR,none,737,1,0,0,0,nan,nan,0.852307194471359
0,AINR,none,738,1,0,0,0,nan,nan,0.852307194471359
0,AINR,none,739,1,0,0,0,nan,nan,0.852307194471359
0,AINR,none,740,1,0,0,0,nan,nan,0.852307194471359
0,AINR,none,741,1,0,0,0,nan,nan,0.852307194471359
0,AINR,none,742,1,0,0,0,nan,nan,0.852307194471359
0,AINR,none,743,1,0,0,0,nan,nan,0.852307194471359
0,AINR,none,744,1,0,0,0,nan,nan,0.852307194471359
0,AINR,none,745,1,0,0,0,nan,nan,0.852307194471359
0,AINR,none,746,1,0,0,0,nan,nan,0.852307194471359
0,AINR,none,747,1,0,0,0,nan,nan,0.852307194471359
0,AINR,none,748,1,0,0,0,nan,nan,0.852307194471359
0,AINR,none,749,1,0,0,0,nan,nan,0.852307194471359
0,AINR,none,750,1,0,0,0,nan,nan,0.852307194471359
0,AINR,none,751,1,0,0,0,nan,nan,0.852307194471359
0,AINR,none,752,1,0,0,0,nan,nan,0.852307194471359
0,AINR,none,753,1,0,0,0,nan,nan,0.852307194471359
0,AINR,none,754,1,0,0,0,nan,nan,0.852307194471359
0,AINR,none,755,1,0,0,0,nan,nan,0.852307194471359
0,AINR,none,756,1,0,0,0,nan,nan,0.852307194471359
0,AINR,none,757,1,0,0,0,nan,nan,0.852307194471359
0,AINR,none,758,1,0,0,0,nan,nan,0.852307194471359
0,AINR,none,759,1,0,0,0,nan,nan,0.852307194471359
0,AINR,none,760,1,0,0,0,nan,nan,0.852307194471359
0,AINR,none,761,1,0,0,0,nan,nan,0.852307194471359
0,AINR,none,762,1,0,0,0,nan,nan,0.852307194471359
0,AINR,none,763,1,0,0,0,nan,nan,0.852307194471359
0,AINR,none,764,1,0,0,0,nan,nan,0.852307194471359
0,AINR,none,765,1,0,0,0,nan,nan,0.852307194471359
0,AINR,none,766,1,0,0,0,nan,nan,0.852307194471359
0,AINR,none,767,1,0,0,0,nan,nan,0.852307194471359
0,AINR,none,768,1,0,0,0,nan,nan,0.852307194471359
0,AINR,none,769,1,0,0,0,nan,nan,0.852307194471359
0,AINR,none,770,1,0,0,0,nan,nan,0.852307194471359
0,AINR,none,771,1,0,0,0,nan,nan,0.852307194471359
0,AINR,none,772,1,0,0,0,nan,nan,0.852307194471359
0,AINR,none,773,0,1,0,0,nan,nan,0.852307194471359
0,AINR,none,774,1,0,0,0,nan,nan,0.852307194471359
0,AINR,none,775,1,0,0,0,nan,nan,0.852307194471359
0,AINR,none,776,1,0,0,0,nan,nan,0.852307194471359
0,AINR,none,777,1,0,0,0,nan,nan,0.852307194471359
0,AINR,none,778,1,0,0,0,nan,nan,0.852307194471359
0,AINR,none,779,1,0,0,0,nan,nan,0.852307194471359
0,AINR,none,780,1,0,0,0,nan,nan,0.852307194471359
0,AINR,none,781,1,0,0,0,nan,nan,0.852307194471359
0,AINR,none,782,1,0,0,0,nan,nan,0.852307194471359
0,AINR,none,783,1,0,0,0,nan,nan,0.852307194471359
0,AINR,none,784,1,0,0,0,nan,nan,0.852307194471359
0,AINR,none,785,1,0,0,0,nan,nan,0.852307194471359
0,AINR,none,786,1,0,0,0,nan,nan,0.852307194471359
0,AINR,none,787,1,0,0,0,nan,nan,0.852307194471359
0,AINR,none,788,1,0,0,0,nan,nan,0.852307194471359
0,AINR,none,789,1,0,0,0,nan,nan,0.852307194471359
0,AINR,none,790,1,0,0,0,nan,nan,0.852307194471359
0,AINR,none,791,1,0,0,0,nan,nan,0.852307194471359
0,AINR,none,792,1,0,0,0,nan,nan,0.852307194471359
0,AINR,none,793,1,0,0,0,nan,nan,0.852307194471359
0,AINR,none,794,1,0,0,0,nan,nan,0.852307194471359
0,AINR,none,795,1,0,0,0,nan,nan,0.852307194471359
0,AINR,none,796,1,0,0,0,nan,nan,0.852307194471359
0,AINR,none,797,1,0,0,0,nan,nan,0.852307194471359
0,AINR,none,798,1,0,0,0,nan,nan,0.852307194471359
0,AINR,none,799,1,0,0,0,nan,nan,0.852307194471359
0,AINR,none,800,1,0,0,0,nan,nan,0.852307194471359
0,AINR,none,801,1,0,0,0,nan,nan,0.852307194471359
0,AINR,none,802,1,0,0,0,nan,nan,0.852307194471359
0,AINR,none,803,0,1,0,0,nan,nan,0.852307194471359
0,AINR,none,804,1,0,0,0,nan,nan,0.852307194471359
0,AINR,none,805,1,0,0,0,nan,nan,0.852307194471359
0,AINR,none,806,1,0,0,0,nan,nan,0.852307194471359
0,AINR,none,807,1,0,0,0,nan,nan,0.852307194471359
0,AINR,none,808,1,0,0,0,nan,nan,0.852307194471359
0,AINR,none,809,1,0,0,0,nan,nan,0.852307194471359
0,AINR,none,810,1,0,0,0,nan,nan,0.852307194471359
0,AINR,none,811,1,0,0,0,nan,nan,0.852307194471359
0,AINR,none,812,1,0,0,0,nan,nan,0.852307194471359
0,AINR,none,813,1,0,0,0,nan,nan,0.852307194471359
0,AINR,none,814,1,0,0,0,nan,nan,0.852307194471359
0,AINR,none,815,1,0,0,0,nan,nan,0.852307194471359
0,AINR,none,816,1,0,0,0,nan,nan,0.852307194471359
0,AINR,none,817,1,0,0,0,nan,nan,0.852307194471359
0,AINR,none,818,1,0,0,0,nan,nan,0.852307194471359
0,AINR,none,819,1,0,0,0,nan,nan,0.852307194471359
0,AINR,none,820,1,0,0,0,nan,nan,0.852307194471359
0,AINR,none,821,1,0,0,0,nan,nan,0.852307194471359
0,AINR,none,822,1,0,0,0,nan,nan,0.852307194471359
0,AINR,none,823,1,0,0,0,nan,nan,0.852307194471359
0,AINR,none,824,1,0,0,0,nan,nan,0.852307194471359
0,AINR,none,825,1,0,0,0,nan,nan,0.852307194471359
0,AINR,none,826,1,0,0,0,nan,nan,0.852307194471359
0,AINR,none,827,1,0,0,0,nan,nan,0.852307194471359
0,AINR,none,828,1,0,0,0,nan,nan,0.852307194471359
0,AINR,none,829,1,0,0,0,nan,nan,0.852307194471359
0,AINR,none,830,1,0,0,0,nan,nan,0.852307194471359
0,AINR,none,831,1,0,0,0,nan,nan,0.852307194471359
0,AINR,none,832,1,0,0,0,nan,nan,0.852307194471359
0,AINR,none,833,1,0,0,0,nan,nan,0.852307194471359
0,AINR,none,834,1,0,0,0,nan,nan,0.852307194471359
0,AINR,none,835,1,0,0,0,nan,nan,0.852307194471359
0,AINR,none,836,1,0,0,0,nan,nan,0.852307194471359
0,AINR,none,837,1,0,0,0,nan,nan,0.852307194471359
0,AINR,none,838,0,1,0,0,nan,nan,0.852307194471359
0,AINR,none,839,1,0,0,0,nan,nan,0.852307194471359
0,AINR,none,840,1,0,0,0,nan,nan,0.852307194471359
0,AINR,none,841,1,0,0,0,nan,nan,0.852307194471359
0,AINR,none,842,1,0,0,0,nan,nan,0.852307194471359
0,AINR,none,843,0,1,0,0,nan,nan,0.852307194471359
0,AINR,none,844,1,0,0,0,nan,nan,0.852307194471359
0,AINR,none,845,0,1,0,0,nan,nan,0.852307194471359
0,AINR,none,846,1,0,0,0,nan,nan,0.852307194471359
0,AINR,none,847,1,0,0,0,nan,nan,0.852307194471359
0,AINR,none,848,1,0,0,0,nan,nan,0.852307194471359
0,AINR,none,849,1,0,0,0,nan,nan,0.852307194471359
0,AINR,none,850,1,0,0,0,nan,nan,0.852307194471359
0,AINR,none,851,1,0,0,0,nan,nan,0.852307194471359
0,AINR,none,852,1,0,0,0,nan,nan,0.852307194471359
0,AINR,none,853,1,0,0,0,nan,nan,0.852307194471359
0,AINR,none,854,1,0,0,0,nan,nan,0.852307194471359
0,AINR,none,855,1,0,0,0,nan,nan,0.852307194471359
0,AINR,none,856,1,0,0,0,nan,nan,0.852307194471359
0,AINR,none,857,1,0,0,0,nan,nan,0.852307194471359
0,AINR,none,858,1,0,0,0,nan,nan,0.852307194471359
0,AINR,none,859,1,0,0,0,nan,nan,0.852307194471359
0,AINR,none,860,1,0,0,0,nan,nan,0.852307194471359
0,AINR,none,861,1,0,0,0,nan,nan,0.852307194471359
0,AINR,none,862,1,0,0,0,nan,nan,0.852307194471359
0,AINR,none,863,1,0,0,0,nan,nan,0.852307194471359
0,AINR,none,864,1,0,0,0,nan,nan,0.852307194471359
0,AINR,none,865,1,0,0,0,nan,nan,0.852307194471359
0,AINR,none,866,1,0,0,0,nan,nan,0.852307194471359
0,AINR,none,867,1,0,0,0,nan,nan,0.852307194471359
0,AINR,none,868,1,0,0,0,nan,nan,0.852307194471359
0,AINR,none,869,1,0,0,0,nan,nan,0.852307194471359
0,AINR,none,870,1,0,0,0,nan,nan,0.852307194471359
0,AINR,none,871,1,0,0,0,nan,nan,0.852307194471359
0,AINR,none,872,1,0,0,0,nan,nan,0.852307194471359
0,AINR,none,873,1,0,0,0,nan,nan,0.852307194471359
0,AINR,none,874,1,0,0,0,nan,nan,0.852307194471359
0,AINR,none,875,0,1,0,0,nan,nan,0.852307194471359
0,AINR,none,876,1,0,0,0,nan,nan,0.852307194471359
0,AINR,none,877,1,0,0,0,nan,nan,0.852307194471359
0,AINR,none,878,1,0,0,0,nan,nan,0.852307194471359
0,AINR,none,879,1,0,0,0,nan,nan,0.852307194471359
0,AINR,none,880,1,0,0,0,nan,nan,0.852307194471359
0,AINR,none,881,1,0,0,0,nan,nan,0.852307194471359
0,AINR,none,882,0,1,0,0,nan,nan,0.852307194471359
0,AINR,none,883,1,0,0,0,nan,nan,0.852307194471359
0,AINR,none,884,1,0,0,0,nan,nan,0.852307194471359
0,AINR,none,885,1,0,0,0,nan,nan,0.852307194471359
0,AINR,none,886,1,0,0,0,nan,nan,0.852307194471359
0,AINR,none,887,0,1,0,0,nan,nan,0.852307194471359
0,AINR,none,888,1,0,0,0,nan,nan,0.852307194471359
0,AINR,none,889,1,0,0,0,nan,nan,0.852307194471359
0,AINR,none,890,1,0,0,0,nan,nan,0.852307194471359
0,AINR,none,891,1,0,0,0,nan,nan,0.852307194471359
0,AINR,none,892,1,0,0,0,nan,nan,0.852307194471359
0,AINR,none,893,1,0,0,0,nan,nan,0.852307194471359
0,AINR,none,894,1,0,0,0,nan,nan,0.852307194471359
0,AINR,none,895,1,0,0,0,nan,nan,0.852307194471359
0,AINR,none,896,1,0,0,0,nan,nan,0.852307194471359
0,AINR,none,897,1,0,0,0,nan,nan,0.852307194471359
0,AINR,none,898,1,0,0,0,nan,nan,0.852307194471359
0,AINR,none,899,1,0,0,0,nan,nan,0.852307194471359
0,AINR,none,900,1,0,0,0,nan,nan,0.852307194471359
0,AINR,none,901,1,0,0,0,nan,nan,0.852307194471359
0,AINR,none,902,1,0,0,0,nan,nan,0.852307194471359
0,AINR,none,903,1,0,0,0,nan,nan,0.852307194471359
0,AINR,none,904,1,0,0,0,nan,nan,0.852307194471359
0,AINR,none,905,1,0,0,0,nan,nan,0.852307194471359
0,AINR,none,906,1,0,0,0,nan,nan,0.852307194471359
0,AINR,none,907,1,0,0,0,nan,nan,0.852307194471359
0,AINR,none,908,1,0,0,0,nan,nan,0.852307194471359
0,AINR,none,909,1,0,0,0,nan,nan,0.852307194471359
0,AINR,none,910,1,0,0,0,nan,nan,0.852307194471359
0,AINR,none,911,1,0,0,0,nan,nan,0.852307194471359
0,AINR,none,912,1,0,0,0,nan,nan,0.852307194471359
0,AINR,none,913,1,0,0,0,nan,nan,0.852307194471359
0,AINR,none,914,1,0,0,0,nan,nan,0.852307194471359
0,AINR,none,915,1,0,0,0,nan,nan,0.852307194471359
0,AINR,none,916,1,0,0,0,nan,nan,0.852307194471359
0,AINR,none,917,1,0,0,0,nan,nan,0.852307194471359
0,AINR,none,918,1,0,0,0,nan,nan,0.852307194471359
0,AINR,none,919,1,0,0,0,nan,nan,0.852307194471359
0,AINR,none,920,1,0,0,0,nan,nan,0.852307194471359
0,AINR,none,921,0,1,0,0,nan,nan,0.852307194471359
0,AINR,none,922,1,0,0,0,nan,nan,0.852307194471359
0,AINR,none,923,1,0,0,0,nan,nan,0.852307194471359
0,AINR,none,924,1,0,0,0,nan,nan,0.852307194471359
0,AINR,none,925,1,0,0,0,nan,nan,0.852307194471359
0,AINR,none,926,0,1,0,0,nan,nan,0.852307194471359
0,AINR,none,927,1,0,0,0,nan,nan,0.852307194471359
0,AINR,none,928,1,0,0,0,nan,nan,0.852307194471359
0,AINR,none,929,1,0,0,0,nan,nan,0.852307194471359
0,AINR,none,930,1,0,0,0,nan,nan,0.852307194471359
0,AINR,none,931,1,0,0,0,nan,nan,0.852307194471359
0,AINR,none,932,1,0,0,0,nan,nan,0.852307194471359
0,AINR,none,933,1,0,0,0,nan,nan,0.852307194471359
0,AINR,none,934,1,0,0,0,nan,nan,0.852307194471359
0,AINR,none,935,1,0,0,0,nan,nan,0.852307194471359
0,AINR,none,936,1,0,0,0,nan,nan,0.852307194471359
0,AINR,none,937,0,1,0,0,nan,nan,0.852307194471359
0,AINR,none,938,1,0,0,0,nan,nan,0.852307194471359
0,AINR,none,939,1,0,0,0,nan,nan,0.852307194471359
0,AINR,none,940,1,0,0,0,nan,nan,0.852307194471359
0,AINR,none,941,1,0,0,0,nan,nan,0.852307194471359
0,AINR,none,942,1,0,0,0,nan,nan,0.852307194471359
0,AINR,none,943,1,0,0,0,nan,nan,0.852307194471359
0,AINR,none,944,1,0,0,0,nan,nan,0.852307194471359
0,AINR,none,945,1,0,0,0,nan,nan,0.852307194471359
0,AINR,none,946,1,0,0,0,nan,nan,0.852307194471359
0,AINR,none,947,1,0,0,0,nan,nan,0.852307194471359
0,AINR,none,948,1,0,0,0,nan,nan,0.852307194471359
0,AINR,none,949,1,0,0,0,nan,nan,0.852307194471359
0,AINR,none,950,1,0,0,0,nan,nan,0.852307194471359
0,AINR,none,951,1,0,0,0,nan,nan,0.852307194471359
0,AINR,none,952,1,0,0,0,nan,nan,0.852307194471359
0,AINR,none,953,1,0,0,0,nan,nan,0.852307194471359
0,AINR,none,954,1,0,0,0,nan,nan,0.852307194471359
0,AINR,none,955,1,0,0,0,nan,nan,0.852307194471359
0,AINR,none,956,1,0,0,0,nan,nan,0.852307194471359
0,AINR,none,957,1,0,0,0,nan,nan,0.852307194471359
0,AINR,none,958,1,0,0,0,nan,nan,0.852307194471359
0,AINR,none,959,1,0,0,0,nan,nan,0.852307194471359
0,AINR,none,960,1,0,0,0,nan,nan,0.852307194471359
0,AINR,none,961,1,0,0,0,nan,nan,0.852307194471359
0,AINR,none,962,1,0,0,0,nan,nan,0.852307194471359
0,AINR,none,963,1,0,0,0,nan,nan,0.852307194471359
0,AINR,none,964,1,0,0,0,nan,nan,0.852307194471359
0,AINR,none,965,1,0,0,0,nan,nan,0.852307194471359
0,AINR,none,966,1,0,0,0,nan,nan,0.852307194471359
0,AINR,none,967,1,0,0,0,nan,nan,0.852307194471359
0,AINR,none,968,1,0,0,0,nan,nan,0.852307194471359
0,AINR,none,969,1,0,0,0,nan,nan,0.852307194471359
0,AINR,none,970,1,0,0,0,nan,nan,0.852307194471359
0,AINR,none,971,1,0,0,0,nan,nan,0.852307194471359
0,AINR,none,972,1,0,0,0,nan,nan,0.852307194471359
0,AINR,none,973,1,0,0,0,nan,nan,0.852307194471359
0,AINR,none,974,1,0,0,0,nan,nan,0.852307194471359
0,AINR,none,975,1,0,0,0,nan,nan,0.852307194471359
0,AINR,none,976,1,0,0,0,nan,nan,0.852307194471359
0,AINR,none,977,1,0,0,0,nan,nan,0.852307194471359
0,AINR,none,978,1,0,0,0,nan,nan,0.852307194471359
0,AINR,none,979,1,0,0,0,nan,nan,0.852307194471359
0,AINR,none,980,1,0,0,0,nan,nan,0.852307194471359
0,AINR,none,981,1,0,0,0,nan,nan,0.852307194471359
0,AINR,none,982,1,0,0,0,nan,nan,0.852307194471359
0,AINR,none,983,1,0,0,0,nan,nan,0.852307194471359
0,AINR,none,984,1,0,0,0,nan,nan,0.852307194471359
0,AINR,none,985,1,0,0,0,nan,nan,0.852307194471359
0,AINR,none,986,1,0,0,0,nan,nan,0.852307194471359
0,AINR,none,987,1,0,0,0,nan,nan,0.852307194471359
0,AINR,none,988,1,0,0,0,nan,nan,0.852307194471359
0,AINR,none,989,1,0,0,0,nan,nan,0.852307194471359
0,AINR,none,990,1,0,0,0,nan,nan,0.852307194471359
0,AINR,none,991,1,0,0,0,nan,nan,0.852307194471359
0,AINR,none,992,1,0,0,0,nan,nan,0.852307194471359
0,AINR,none,993,1,0,0,0,nan,nan,0.852307194471359
0,AINR,none,994,1,0,0,0,nan,nan,0.852307194471359
0,AINR,none,995,1,0,0,0,nan,nan,0.852307194471359
0,AINR,none,996,1,0,0,0,nan,nan,0.852307194471359
0,AINR,none,997,1,0,0,0,nan,nan,0.852307194471359
0,AINR,none,998,1,0,0,0,nan,nan,0.852307194471359
0,AINR,none,999,1,0,0,0,nan,nan,0.852307194471359
0,AINR,ungated,0,1,0,0,1,632.8337000004467,nan,0.852307194471359
0,AINR,ungated,1,1,0,0,1,67.63409999985015,nan,0.852307194471359
0,AINR,ungated,2,1,0,0,1,64.90720000056172,nan,0.852307194471359
0,AINR,ungated,3,1,0,0,1,96.002999999655,nan,0.852307194471359
0,AINR,ungated,4,1,0,0,1,100.66249999999854,nan,0.852307194471359
0,AINR,ungated,5,1,0,0,1,96.06540000004316,nan,0.852307194471359
0,AINR,ungated,6,1,0,0,1,77.40970000031666,nan,0.852307194471359
0,AINR,ungated,7,1,0,0,1,69.68620000043302,nan,0.852307194471359
0,AINR,ungated,8,1,0,0,1,74.90760000018781,nan,0.852307194471359
0,AINR,ungated,9,1,0,0,1,72.7206000001388,nan,0.852307194471359
0,AINR,ungated,10,1,0,0,1,69.24760000038077,nan,0.852307194471359
0,AINR,ungated,11,1,0,0,1,70.14110000000073,nan,0.852307194471359
0,AINR,ungated,12,1,0,0,1,70.49230000029638,nan,0.852307194471359
0,AINR,ungated,13,1,0,0,1,68.42349999988073,nan,0.852307194471359
0,AINR,ungated,14,1,0,0,1,66.336500000034,nan,0.852307194471359
0,AINR,ungated,15,1,0,0,1,62.67089999983,nan,0.852307194471359
0,AINR,ungated,16,1,0,0,1,65.90419999974984,nan,0.852307194471359
0,AINR,ungated,17,1,0,0,1,67.43140000071435,nan,0.852307194471359
0,AINR,ungated,18,1,0,0,1,535.040000000663,nan,0.852307194471359
0,AINR,ungated,19,1,0,0,1,74.01899999968009,nan,0.852307194471359
0,AINR,ungated,20,1,0,0,1,67.99920000048587,nan,0.852307194471359
0,AINR,ungated,21,1,0,0,1,69.23330000063288,nan,0.852307194471359
0,AINR,ungated,22,1,0,0,1,68.14910000048258,nan,0.852307194471359
0,AINR,ungated,23,1,0,0,1,68.94780000038736,nan,0.852307194471359
0,AINR,ungated,24,1,0,0,1,68.49050000073476,nan,0.852307194471359
0,AINR,ungated,25,1,0,0,1,53.49240000032296,nan,0.852307194471359
0,AINR,ungated,26,1,0,0,1,52.709800000229734,nan,0.852307194471359
0,AINR,ungated,27,1,0,0,1,51.530100000491075,nan,0.852307194471359
0,AINR,ungated,28,1,0,0,1,55.957800000214775,nan,0.852307194471359
0,AINR,ungated,29,1,0,0,1,57.55079999926238,nan,0.852307194471359
0,AINR,ungated,30,1,0,0,1,52.03520000031858,nan,0.852307194471359
0,AINR,ungated,31,1,0,0,1,54.808699999739474,nan,0.852307194471359
0,AINR,ungated,32,1,0,0,1,55.91510000067501,nan,0.852307194471359
0,AINR,ungated,33,1,0,0,1,54.53639999996085,nan,0.852307194471359
0,AINR,ungated,34,1,0,0,1,55.11879999994562,nan,0.852307194471359
0,AINR,ungated,35,1,0,0,1,52.495599999929254,nan,0.852307194471359
0,AINR,ungated,36,1,0,0,1,53.539700000328594,nan,0.852307194471359
0,AINR,ungated,37,1,0,0,1,55.09950000032404,nan,0.852307194471359
0,AINR,ungated,38,1,0,0,1,55.33370000011928,nan,0.852307194471359
0,AINR,ungated,39,1,0,0,1,53.354599999693164,nan,0.852307194471359
0,AINR,ungated,40,1,0,0,1,53.58370000067225,nan,0.852307194471359
0,AINR,ungated,41,1,0,0,1,53.48189999949682,nan,0.852307194471359
0,AINR,ungated,42,1,0,0,1,51.91839999952208,nan,0.852307194471359
0,AINR,ungated,43,1,0,0,1,54.455000000416476,nan,0.852307194471359
0,AINR,ungated,44,1,0,0,1,58.33710000024439,nan,0.852307194471359
0,AINR,ungated,45,1,0,0,1,60.73599999945145,nan,0.852307194471359
0,AINR,ungated,46,1,0,0,1,72.39410000056523,nan,0.852307194471359
0,AINR,ungated,47,1,0,0,1,538.453600000139,nan,0.852307194471359
0,AINR,ungated,48,1,0,0,1,64.34689999969123,nan,0.852307194471359
0,AINR,ungated,49,1,0,0,1,51.49189999974624,nan,0.852307194471359
0,AINR,ungated,50,1,0,0,1,50.69809999986319,nan,0.852307194471359
0,AINR,ungated,51,1,0,0,1,49.84549999971932,nan,0.852307194471359
0,AINR,ungated,52,1,0,0,1,52.19859999942855,nan,0.852307194471359
0,AINR,ungated,53,1,0,0,1,50.85570000028383,nan,0.852307194471359
0,AINR,ungated,54,1,0,0,1,49.787900000410446,nan,0.852307194471359
0,AINR,ungated,55,1,0,0,1,53.7384999997812,nan,0.852307194471359
0,AINR,ungated,56,1,0,0,1,89.26190000056522,nan,0.852307194471359
0,AINR,ungated,57,1,0,0,1,108.70249999970838,nan,0.852307194471359
0,AINR,ungated,58,1,0,0,1,104.47060000024067,nan,0.852307194471359
0,AINR,ungated,59,1,0,0,1,104.82900000079098,nan,0.852307194471359
0,AINR,ungated,60,1,0,0,1,103.61700000066776,nan,0.852307194471359
0,AINR,ungated,61,1,0,0,1,97.83260000040173,nan,0.852307194471359
0,AINR,ungated,62,1,0,0,1,95.07829999984097,nan,0.852307194471359
0,AINR,ungated,63,1,0,0,1,100.11759999997594,nan,0.852307194471359
0,AINR,ungated,64,1,0,0,1,98.06990000015503,nan,0.852307194471359
0,AINR,ungated,65,1,0,0,1,95.75159999985772,nan,0.852307194471359
0,AINR,ungated,66,1,0,0,1,95.07039999971312,nan,0.852307194471359
0,AINR,ungated,67,1,0,0,1,58.14339999960794,nan,0.852307194471359
0,AINR,ungated,68,1,0,0,1,50.87889999958861,nan,0.852307194471359
0,AINR,ungated,69,1,0,0,1,49.003900000570866,nan,0.852307194471359
0,AINR,ungated,70,1,0,0,1,52.965199999562174,nan,0.852307194471359
0,AINR,ungated,71,1,0,0,1,54.55259999962436,nan,0.852307194471359
0,AINR,ungated,72,1,0,0,1,52.862000000459375,nan,0.852307194471359
0,AINR,ungated,73,1,0,0,1,53.22679999972024,nan,0.852307194471359
0,AINR,ungated,74,1,0,0,1,54.947799999354174,nan,0.852307194471359
0,AINR,ungated,75,1,0,0,1,58.553500000016356,nan,0.852307194471359
0,AINR,ungated,76,1,0,0,1,52.743199999895296,nan,0.852307194471359
0,AINR,ungated,77,1,0,0,1,55.63480000000709,nan,0.852307194471359
0,AINR,ungated,78,1,0,0,1,54.774400000496826,nan,0.852307194471359
0,AINR,ungated,79,1,0,0,1,55.43479999960255,nan,0.852307194471359
0,AINR,ungated,80,1,0,0,1,60.10909999986325,nan,0.852307194471359
0,AINR,ungated,81,1,0,0,1,57.17929999991611,nan,0.852307194471359
0,AINR,ungated,82,1,0,0,1,57.54799999976967,nan,0.852307194471359
0,AINR,ungated,83,1,0,0,1,56.630399999448855,nan,0.852307194471359
0,AINR,ungated,84,1,0,0,1,56.46890000025451,nan,0.852307194471359
0,AINR,ungated,85,1,0,0,1,56.72549999962939,nan,0.852307194471359
0,AINR,ungated,86,1,0,0,1,56.6369999996823,nan,0.852307194471359
0,AINR,ungated,87,1,0,0,1,56.40270000003511,nan,0.852307194471359
0,AINR,ungated,88,1,0,0,1,57.21889999949781,nan,0.852307194471359
0,AINR,ungated,89,1,0,0,1,53.0546999998478,nan,0.852307194471359
0,AINR,ungated,90,1,0,0,1,54.716300000109186,nan,0.852307194471359
0,AINR,ungated,91,1,0,0,1,56.799400000272726,nan,0.852307194471359
0,AINR,ungated,92,1,0,0,1,58.12820000028296,nan,0.852307194471359
0,AINR,ungated,93,1,0,0,1,59.42770000001474,nan,0.852307194471359
0,AINR,ungated,94,1,0,0,1,58.30260000038834,nan,0.852307194471359
0,AINR,ungated,95,1,0,0,1,64.50820000009116,nan,0.852307194471359
0,AINR,ungated,96,1,0,0,1,58.51630000051955,nan,0.852307194471359
0,AINR,ungated,97,1,0,0,1,63.634600000114006,nan,0.852307194471359
0,AINR,ungated,98,1,0,0,1,60.11029999990569,nan,0.852307194471359
0,AINR,ungated,99,1,0,0,1,67.63169999976526,nan,0.852307194471359
0,AINR,ungated,100,1,0,0,1,62.247300000308314,nan,0.852307194471359
0,AINR,ungated,101,1,0,0,1,110.04109999976208,nan,0.852307194471359
0,AINR,ungated,102,1,0,0,1,58.87729999994917,nan,0.852307194471359
0,AINR,ungated,103,1,0,0,1,59.47050000031595,nan,0.852307194471359
0,AINR,ungated,104,1,0,0,1,63.78130000030069,nan,0.852307194471359
0,AINR,ungated,105,1,0,0,1,60.18210000002,nan,0.852307194471359
0,AINR,ungated,106,1,0,0,1,58.98879999949713,nan,0.852307194471359
0,AINR,ungated,107,1,0,0,1,60.782100000324135,nan,0.852307194471359
0,AINR,ungated,108,1,0,0,1,57.68250000073749,nan,0.852307194471359
0,AINR,ungated,109,1,0,0,1,61.671100000239676,nan,0.852307194471359
0,AINR,ungated,110,1,0,0,1,57.3021999998673,nan,0.852307194471359
0,AINR,ungated,111,1,0,0,1,59.924499999397085,nan,0.852307194471359
0,AINR,ungated,112,1,0,0,1,58.24349999966216,nan,0.852307194471359
0,AINR,ungated,113,1,0,0,1,57.80129999948258,nan,0.852307194471359
0,AINR,ungated,114,1,0,0,1,55.310300000201096,nan,0.852307194471359
0,AINR,ungated,115,1,0,0,1,58.7641000001895,nan,0.852307194471359
0,AINR,ungated,116,1,0,0,1,57.833199999549834,nan,0.852307194471359
0,AINR,ungated,117,1,0,0,1,58.82969999947818,nan,0.852307194471359
0,AINR,ungated,118,1,0,0,1,58.12859999969078,nan,0.852307194471359
0,AINR,ungated,119,1,0,0,1,58.90240000007907,nan,0.852307194471359
0,AINR,ungated,120,1,0,0,1,61.3418000002639,nan,0.852307194471359
0,AINR,ungated,121,1,0,0,1,56.95549999927607,nan,0.852307194471359
0,AINR,ungated,122,1,0,0,1,54.95500000051834,nan,0.852307194471359
0,AINR,ungated,123,1,0,0,1,56.24939999961498,nan,0.852307194471359
0,AINR,ungated,124,1,0,0,1,55.58920000021317,nan,0.852307194471359
0,AINR,ungated,125,1,0,0,1,56.951999999910186,nan,0.852307194471359
0,AINR,ungated,126,1,0,0,1,56.27889999959734,nan,0.852307194471359
0,AINR,ungated,127,1,0,0,1,54.27069999950618,nan,0.852307194471359
0,AINR,ungated,128,1,0,0,1,59.35719999979483,nan,0.852307194471359
0,AINR,ungated,129,1,0,0,1,58.57990000004065,nan,0.852307194471359
0,AINR,ungated,130,1,0,0,1,59.37510000057955,nan,0.852307194471359
0,AINR,ungated,131,1,0,0,1,59.22889999965264,nan,0.852307194471359
0,AINR,ungated,132,1,0,0,1,58.04519999946933,nan,0.852307194471359
0,AINR,ungated,133,1,0,0,1,56.29410000074131,nan,0.852307194471359
0,AINR,ungated,134,1,0,0,1,60.05989999994199,nan,0.852307194471359
0,AINR,ungated,135,1,0,0,1,59.218200000032084,nan,0.852307194471359
0,AINR,ungated,136,1,0,0,1,56.41550000018469,nan,0.852307194471359
0,AINR,ungated,137,1,0,0,1,60.46650000007503,nan,0.852307194471359
0,AINR,ungated,138,1,0,0,1,57.36849999993865,nan,0.852307194471359
0,AINR,ungated,139,1,0,0,1,57.260300000052666,nan,0.852307194471359
0,AINR,ungated,140,1,0,0,1,57.60350000036851,nan,0.852307194471359
0,AINR,ungated,141,1,0,0,1,59.21750000015891,nan,0.852307194471359
0,AINR,ungated,142,1,0,0,1,58.758299999681185,nan,0.852307194471359
0,AINR,ungated,143,1,0,0,1,62.37719999990077,nan,0.852307194471359
0,AINR,ungated,144,1,0,0,1,60.499199999867415,nan,0.852307194471359
0,AINR,ungated,145,1,0,0,1,59.33160000040516,nan,0.852307194471359
0,AINR,ungated,146,1,0,0,1,57.78649999956542,nan,0.852307194471359
0,AINR,ungated,147,1,0,0,1,59.105299999828276,nan,0.852307194471359
0,AINR,ungated,148,1,0,0,1,58.31040000066423,nan,0.852307194471359
0,AINR,ungated,149,1,0,0,1,59.411700000055134,nan,0.852307194471359
0,AINR,ungated,150,1,0,0,1,60.71980000069743,nan,0.852307194471359
0,AINR,ungated,151,1,0,0,1,62.62319999950705,nan,0.852307194471359
0,AINR,ungated,152,1,0,0,1,57.02560000008816,nan,0.852307194471359
0,AINR,ungated,153,1,0,0,1,56.246500000270316,nan,0.852307194471359
0,AINR,ungated,154,1,0,0,1,53.87049999990268,nan,0.852307194471359
0,AINR,ungated,155,1,0,0,1,59.69900000036432,nan,0.852307194471359
0,AINR,ungated,156,1,0,0,1,56.69149999994261,nan,0.852307194471359
0,AINR,ungated,157,1,0,0,1,60.96270000034565,nan,0.852307194471359
0,AINR,ungated,158,1,0,0,1,59.73329999960697,nan,0.852307194471359
0,AINR,ungated,159,1,0,0,1,64.59020000056626,nan,0.852307194471359
0,AINR,ungated,160,1,0,0,1,59.226599999419705,nan,0.852307194471359
0,AINR,ungated,161,1,0,0,1,57.93640000047162,nan,0.852307194471359
0,AINR,ungated,162,1,0,0,1,57.645099999717786,nan,0.852307194471359
0,AINR,ungated,163,1,0,0,1,57.17330000061338,nan,0.852307194471359
0,AINR,ungated,164,1,0,0,1,55.2983999996286,nan,0.852307194471359
0,AINR,ungated,165,1,0,0,1,56.97059999965859,nan,0.852307194471359
0,AINR,ungated,166,1,0,0,1,59.209199999713746,nan,0.852307194471359
0,AINR,ungated,167,1,0,0,1,58.864700000412995,nan,0.852307194471359
0,AINR,ungated,168,1,0,0,1,57.138299999678566,nan,0.852307194471359
0,AINR,ungated,169,1,0,0,1,58.6405999993076,nan,0.852307194471359
0,AINR,ungated,170,1,0,0,1,57.13449999984732,nan,0.852307194471359
0,AINR,ungated,171,1,0,0,1,57.181700000001,nan,0.852307194471359
0,AINR,ungated,172,1,0,0,1,54.750700000113284,nan,0.852307194471359
0,AINR,ungated,173,1,0,0,1,58.63339999996242,nan,0.852307194471359
0,AINR,ungated,174,1,0,0,1,58.74630000016623,nan,0.852307194471359
0,AINR,ungated,175,1,0,0,1,53.77810000027239,nan,0.852307194471359
0,AINR,ungated,176,1,0,0,1,58.83500000072672,nan,0.852307194471359
0,AINR,ungated,177,1,0,0,1,60.78270000034536,nan,0.852307194471359
0,AINR,ungated,178,1,0,0,1,57.315099999868835,nan,0.852307194471359
0,AINR,ungated,179,1,0,0,1,56.57650000011927,nan,0.852307194471359
0,AINR,ungated,180,1,0,0,1,57.83019999944372,nan,0.852307194471359
0,AINR,ungated,181,1,0,0,1,55.694100000437174,nan,0.852307194471359
0,AINR,ungated,182,1,0,0,1,57.7038999999786,nan,0.852307194471359
0,AINR,ungated,183,1,0,0,1,58.840899999268004,nan,0.852307194471359
0,AINR,ungated,184,1,0,0,1,55.34850000003644,nan,0.852307194471359
0,AINR,ungated,185,1,0,0,1,55.703400000311376,nan,0.852307194471359
0,AINR,ungated,186,1,0,0,1,55.5450000001656,nan,0.852307194471359
0,AINR,ungated,187,1,0,0,1,55.07590000070195,nan,0.852307194471359
0,AINR,ungated,188,1,0,0,1,58.776799999577634,nan,0.852307194471359
0,AINR,ungated,189,1,0,0,1,58.14079999981914,nan,0.852307194471359
0,AINR,ungated,190,1,0,0,1,55.64920000051643,nan,0.852307194471359
0,AINR,ungated,191,1,0,0,1,59.7870999999941,nan,0.852307194471359
0,AINR,ungated,192,1,0,0,1,55.871700000352575,nan,0.852307194471359
0,AINR,ungated,193,1,0,0,1,56.811499999639636,nan,0.852307194471359
0,AINR,ungated,194,1,0,0,1,57.92730000030133,nan,0.852307194471359
0,AINR,ungated,195,1,0,0,1,59.30110000008426,nan,0.852307194471359
0,AINR,ungated,196,1,0,0,1,56.45530000037979,nan,0.852307194471359
0,AINR,ungated,197,1,0,0,1,57.43650000022171,nan,0.852307194471359
0,AINR,ungated,198,1,0,0,1,57.76460000015504,nan,0.852307194471359
0,AINR,ungated,199,1,0,0,1,58.71229999956995,nan,0.852307194471359
0,AINR,ungated,200,1,0,0,1,57.74959999962448,nan,0.852307194471359
0,AINR,ungated,201,1,0,0,1,54.76550000003044,nan,0.852307194471359
0,AINR,ungated,202,1,0,0,1,60.289799999736715,nan,0.852307194471359
0,AINR,ungated,203,1,0,0,1,57.40739999964717,nan,0.852307194471359
0,AINR,ungated,204,1,0,0,1,55.147199999737495,nan,0.852307194471359
0,AINR,ungated,205,1,0,0,1,60.94250000023749,nan,0.852307194471359
0,AINR,ungated,206,1,0,0,1,57.90199999955803,nan,0.852307194471359
0,AINR,ungated,207,1,0,0,1,61.28690000059578,nan,0.852307194471359
0,AINR,ungated,208,1,0,0,1,59.45079999946756,nan,0.852307194471359
0,AINR,ungated,209,1,0,0,1,57.633000000350876,nan,0.852307194471359
0,AINR,ungated,210,1,0,0,1,56.26799999936338,nan,0.852307194471359
0,AINR,ungated,211,1,0,0,1,58.90260000069247,nan,0.852307194471359
0,AINR,ungated,212,1,0,0,1,57.8840999996828,nan,0.852307194471359
0,AINR,ungated,213,1,0,0,1,56.556899999122834,nan,0.852307194471359
0,AINR,ungated,214,1,0,0,1,56.829099999959,nan,0.852307194471359
0,AINR,ungated,215,1,0,0,1,61.90399999923102,nan,0.852307194471359
0,AINR,ungated,216,1,0,0,1,63.00149999970017,nan,0.852307194471359
0,AINR,ungated,217,1,0,0,1,60.7772000003024,nan,0.852307194471359
0,AINR,ungated,218,1,0,0,1,57.40200000036566,nan,0.852307194471359
0,AINR,ungated,219,1,0,0,1,58.10979999932897,nan,0.852307194471359
0,AINR,ungated,220,1,0,0,1,55.43479999960255,nan,0.852307194471359
0,AINR,ungated,221,1,0,0,1,54.186399999707646,nan,0.852307194471359
0,AINR,ungated,222,1,0,0,1,56.014699999650475,nan,0.852307194471359
0,AINR,ungated,223,1,0,0,1,56.13939999966533,nan,0.852307194471359
0,AINR,ungated,224,1,0,0,1,55.0837999999203,nan,0.852307194471359
0,AINR,ungated,225,1,0,0,1,55.14709999988554,nan,0.852307194471359
0,AINR,ungated,226,1,0,0,1,56.826600000022154,nan,0.852307194471359
0,AINR,ungated,227,1,0,0,1,58.56669999957376,nan,0.852307194471359
0,AINR,ungated,228,1,0,0,1,57.55749999934778,nan,0.852307194471359
0,AINR,ungated,229,1,0,0,1,58.57689999993454,nan,0.852307194471359
0,AINR,ungated,230,1,0,0,1,56.85010000070179,nan,0.852307194471359
0,AINR,ungated,231,1,0,0,1,61.30799999937153,nan,0.852307194471359
0,AINR,ungated,232,1,0,0,1,61.003700000583194,nan,0.852307194471359
0,AINR,ungated,233,1,0,0,1,59.1377000000648,nan,0.852307194471359
0,AINR,ungated,234,1,0,0,1,57.174599999598286,nan,0.852307194471359
0,AINR,ungated,235,1,0,0,1,58.86129999998957,nan,0.852307194471359
0,AINR,ungated,236,1,0,0,1,59.64339999991353,nan,0.852307194471359
0,AINR,ungated,237,1,0,0,1,58.927899999616784,nan,0.852307194471359
0,AINR,ungated,238,1,0,0,1,56.11920000046666,nan,0.852307194471359
0,AINR,ungated,239,1,0,0,1,55.027700000209734,nan,0.852307194471359
0,AINR,ungated,240,1,0,0,1,51.42760000035196,nan,0.852307194471359
0,AINR,ungated,241,1,0,0,1,55.20780000006198,nan,0.852307194471359
0,AINR,ungated,242,1,0,0,1,56.771600000502076,nan,0.852307194471359
0,AINR,ungated,243,1,0,0,1,56.524999999965075,nan,0.852307194471359
0,AINR,ungated,244,1,0,0,1,56.12750000000233,nan,0.852307194471359
0,AINR,ungated,245,1,0,0,1,59.98819999967964,nan,0.852307194471359
0,AINR,ungated,246,1,0,0,1,57.71120000008523,nan,0.852307194471359
0,AINR,ungated,247,1,0,0,1,56.54739999954472,nan,0.852307194471359
0,AINR,ungated,248,1,0,0,1,59.046399999715504,nan,0.852307194471359
0,AINR,ungated,249,1,0,0,1,59.901600000557664,nan,0.852307194471359
0,AINR,ungated,250,1,0,0,1,90.27210000022023,nan,0.852307194471359
0,AINR,ungated,251,1,0,0,1,66.39170000016748,nan,0.852307194471359
0,AINR,ungated,252,1,0,0,1,62.13509999997768,nan,0.852307194471359
0,AINR,ungated,253,1,0,0,1,60.93650000002526,nan,0.852307194471359
0,AINR,ungated,254,1,0,0,1,59.03459999990446,nan,0.852307194471359
0,AINR,ungated,255,1,0,0,1,57.68850000004022,nan,0.852307194471359
0,AINR,ungated,256,1,0,0,1,58.69840000013937,nan,0.852307194471359
0,AINR,ungated,257,1,0,0,1,58.40679999982967,nan,0.852307194471359
0,AINR,ungated,258,1,0,0,1,58.478500000092026,nan,0.852307194471359
0,AINR,ungated,259,1,0,0,1,56.76620000031107,nan,0.852307194471359
0,AINR,ungated,260,1,0,0,1,58.73790000077861,nan,0.852307194471359
0,AINR,ungated,261,1,0,0,1,56.21359999986453,nan,0.852307194471359
0,AINR,ungated,262,1,0,0,1,56.5281999997751,nan,0.852307194471359
0,AINR,ungated,263,1,0,0,1,58.309700000791054,nan,0.852307194471359
0,AINR,ungated,264,1,0,0,1,57.681899999806774,nan,0.852307194471359
0,AINR,ungated,265,1,0,0,1,58.804399999644374,nan,0.852307194471359
0,AINR,ungated,266,1,0,0,1,61.863899999480054,nan,0.852307194471359
0,AINR,ungated,267,1,0,0,1,60.17679999968095,nan,0.852307194471359
0,AINR,ungated,268,1,0,0,1,76.89050000044517,nan,0.852307194471359
0,AINR,ungated,269,1,0,0,1,57.352499999979045,nan,0.852307194471359
0,AINR,ungated,270,1,0,0,1,63.07660000038595,nan,0.852307194471359
0,AINR,ungated,271,1,0,0,1,57.279700000435696,nan,0.852307194471359
0,AINR,ungated,272,1,0,0,1,58.61709999953746,nan,0.852307194471359
0,AINR,ungated,273,1,0,0,1,58.74599999970087,nan,0.852307194471359
0,AINR,ungated,274,1,0,0,1,54.048700000748795,nan,0.852307194471359
0,AINR,ungated,275,1,0,0,1,57.45909999950527,nan,0.852307194471359
0,AINR,ungated,276,1,0,0,1,59.12910000006377,nan,0.852307194471359
0,AINR,ungated,277,1,0,0,1,57.36290000004374,nan,0.852307194471359
0,AINR,ungated,278,1,0,0,1,57.643199999802164,nan,0.852307194471359
0,AINR,ungated,279,1,0,0,1,65.61379999948258,nan,0.852307194471359
0,AINR,ungated,280,1,0,0,1,58.15419999998994,nan,0.852307194471359
0,AINR,ungated,281,1,0,0,1,56.73490000026504,nan,0.852307194471359
0,AINR,ungated,282,1,0,0,1,57.94140000034531,nan,0.852307194471359
0,AINR,ungated,283,1,0,0,1,58.23140000029525,nan,0.852307194471359
0,AINR,ungated,284,1,0,0,1,57.40590000004886,nan,0.852307194471359
0,AINR,ungated,285,1,0,0,1,54.45400000007794,nan,0.852307194471359
0,AINR,ungated,286,1,0,0,1,57.37189999945258,nan,0.852307194471359
0,AINR,ungated,287,1,0,0,1,56.58289999973931,nan,0.852307194471359
0,AINR,ungated,288,1,0,0,1,56.566499999462394,nan,0.852307194471359
0,AINR,ungated,289,1,0,0,1,58.44090000027791,nan,0.852307194471359
0,AINR,ungated,290,1,0,0,1,58.19729999984702,nan,0.852307194471359
0,AINR,ungated,291,1,0,0,1,54.57920000026206,nan,0.852307194471359
0,AINR,ungated,292,1,0,0,1,56.02920000001177,nan,0.852307194471359
0,AINR,ungated,293,1,0,0,1,56.230199999845354,nan,0.852307194471359
0,AINR,ungated,294,1,0,0,1,56.13640000046871,nan,0.852307194471359
0,AINR,ungated,295,1,0,0,1,57.065699999839126,nan,0.852307194471359
0,AINR,ungated,296,1,0,0,1,58.035799999743176,nan,0.852307194471359
0,AINR,ungated,297,1,0,0,1,56.33439999928669,nan,0.852307194471359
0,AINR,ungated,298,1,0,0,1,59.67770000006567,nan,0.852307194471359
0,AINR,ungated,299,1,0,0,1,58.46800000017538,nan,0.852307194471359
0,AINR,ungated,300,1,0,0,1,58.61240000012913,nan,0.852307194471359
0,AINR,ungated,301,1,0,0,1,60.35919999976613,nan,0.852307194471359
0,AINR,ungated,302,1,0,0,1,57.808599999589205,nan,0.852307194471359
0,AINR,ungated,303,1,0,0,1,57.88690000008501,nan,0.852307194471359
0,AINR,ungated,304,1,0,0,1,56.77970000033383,nan,0.852307194471359
0,AINR,ungated,305,1,0,0,1,56.42159999933938,nan,0.852307194471359
0,AINR,ungated,306,1,0,0,1,57.42559999998775,nan,0.852307194471359
0,AINR,ungated,307,1,0,0,1,57.79849999998987,nan,0.852307194471359
0,AINR,ungated,308,1,0,0,1,59.72380000002886,nan,0.852307194471359
0,AINR,ungated,309,1,0,0,1,56.01750000005268,nan,0.852307194471359
0,AINR,ungated,310,1,0,0,1,57.40370000057737,nan,0.852307194471359
0,AINR,ungated,311,1,0,0,1,55.79029999989871,nan,0.852307194471359
0,AINR,ungated,312,1,0,0,1,55.368499999531195,nan,0.852307194471359
0,AINR,ungated,313,1,0,0,1,59.52940000042872,nan,0.852307194471359
0,AINR,ungated,314,1,0,0,1,56.317200000194134,nan,0.852307194471359
0,AINR,ungated,315,1,0,0,1,58.32250000003114,nan,0.852307194471359
0,AINR,ungated,316,1,0,0,1,55.39239999961865,nan,0.852307194471359
0,AINR,ungated,317,1,0,0,1,58.483899999373534,nan,0.852307194471359
0,AINR,ungated,318,1,0,0,1,57.32030000035593,nan,0.852307194471359
0,AINR,ungated,319,1,0,0,1,56.25370000052499,nan,0.852307194471359
0,AINR,ungated,320,1,0,0,1,59.85750000036205,nan,0.852307194471359
0,AINR,ungated,321,1,0,0,1,58.366299999761395,nan,0.852307194471359
0,AINR,ungated,322,1,0,0,1,59.70490000072459,nan,0.852307194471359
0,AINR,ungated,323,1,0,0,1,57.29780000001483,nan,0.852307194471359
0,AINR,ungated,324,1,0,0,1,58.15410000013799,nan,0.852307194471359
0,AINR,ungated,325,1,0,0,1,59.74160000005213,nan,0.852307194471359
0,AINR,ungated,326,1,0,0,1,57.81160000060481,nan,0.852307194471359
0,AINR,ungated,327,1,0,0,1,59.1231999997035,nan,0.852307194471359
0,AINR,ungated,328,1,0,0,1,55.242899999939254,nan,0.852307194471359
0,AINR,ungated,329,1,0,0,1,56.04979999952775,nan,0.852307194471359
0,AINR,ungated,330,1,0,0,1,57.26700000013807,nan,0.852307194471359
0,AINR,ungated,331,1,0,0,1,57.25280000024213,nan,0.852307194471359
0,AINR,ungated,332,1,0,0,1,53.81850000048871,nan,0.852307194471359
0,AINR,ungated,333,1,0,0,1,56.57439999959024,nan,0.852307194471359
0,AINR,ungated,334,1,0,0,1,59.148800000002666,nan,0.852307194471359
0,AINR,ungated,335,1,0,0,1,58.376099999804865,nan,0.852307194471359
0,AINR,ungated,336,1,0,0,1,59.126399999513524,nan,0.852307194471359
0,AINR,ungated,337,1,0,0,1,58.34279999999126,nan,0.852307194471359
0,AINR,ungated,338,1,0,0,1,59.96400000003632,nan,0.852307194471359
0,AINR,ungated,339,1,0,0,1,57.67920000016602,nan,0.852307194471359
0,AINR,ungated,340,1,0,0,1,57.70880000000034,nan,0.852307194471359
0,AINR,ungated,341,1,0,0,1,57.752099999561324,nan,0.852307194471359
0,AINR,ungated,342,1,0,0,1,59.58040000041365,nan,0.852307194471359
0,AINR,ungated,343,1,0,0,1,58.493499999713094,nan,0.852307194471359
0,AINR,ungated,344,1,0,0,1,59.033999999883235,nan,0.852307194471359
0,AINR,ungated,345,1,0,0,1,58.43769999955839,nan,0.852307194471359
0,AINR,ungated,346,1,0,0,1,57.35240000012709,nan,0.852307194471359
0,AINR,ungated,347,1,0,0,1,58.390300000610296,nan,0.852307194471359
0,AINR,ungated,348,1,0,0,1,58.58189999980823,nan,0.852307194471359
0,AINR,ungated,349,1,0,0,1,58.7204000003112,nan,0.852307194471359
0,AINR,ungated,350,1,0,0,1,58.89839999963442,nan,0.852307194471359
0,AINR,ungated,351,1,0,0,1,57.674300000144285,nan,0.852307194471359
0,AINR,ungated,352,1,0,0,1,58.56579999999667,nan,0.852307194471359
0,AINR,ungated,353,1,0,0,1,60.24269999943499,nan,0.852307194471359
0,AINR,ungated,354,1,0,0,1,58.74899999980698,nan,0.852307194471359
0,AINR,ungated,355,1,0,0,1,59.00019999990036,nan,0.852307194471359
0,AINR,ungated,356,1,0,0,1,59.82250000033673,nan,0.852307194471359
0,AINR,ungated,357,1,0,0,1,58.165599999483675,nan,0.852307194471359
0,AINR,ungated,358,1,0,0,1,59.21649999982037,nan,0.852307194471359
0,AINR,ungated,359,1,0,0,1,62.902800000301795,nan,0.852307194471359
0,AINR,ungated,360,1,0,0,1,60.21989999953803,nan,0.852307194471359
0,AINR,ungated,361,1,0,0,1,59.0516000002026,nan,0.852307194471359
0,AINR,ungated,362,1,0,0,1,57.551199999579694,nan,0.852307194471359
0,AINR,ungated,363,1,0,0,1,56.28249999972468,nan,0.852307194471359
0,AINR,ungated,364,1,0,0,1,54.9592000006669,nan,0.852307194471359
0,AINR,ungated,365,1,0,0,1,57.04220000006899,nan,0.852307194471359
0,AINR,ungated,366,1,0,0,1,58.39670000023034,nan,0.852307194471359
0,AINR,ungated,367,1,0,0,1,58.18920000001526,nan,0.852307194471359
0,AINR,ungated,368,1,0,0,1,59.458400000039546,nan,0.852307194471359
0,AINR,ungated,369,1,0,0,1,58.11180000000604,nan,0.852307194471359
0,AINR,ungated,370,1,0,0,1,58.10120000023744,nan,0.852307194471359
0,AINR,ungated,371,1,0,0,1,60.07229999977426,nan,0.852307194471359
0,AINR,ungated,372,1,0,0,1,56.95190000005823,nan,0.852307194471359
0,AINR,ungated,373,1,0,0,1,59.86200000006647,nan,0.852307194471359
0,AINR,ungated,374,1,0,0,1,58.582900000146765,nan,0.852307194471359
0,AINR,ungated,375,1,0,0,1,58.197199999995064,nan,0.852307194471359
0,AINR,ungated,376,1,0,0,1,59.024199999839766,nan,0.852307194471359
0,AINR,ungated,377,1,0,0,1,56.34089999966818,nan,0.852307194471359
0,AINR,ungated,378,1,0,0,1,58.706099999653816,nan,0.852307194471359
0,AINR,ungated,379,1,0,0,1,62.45239999952901,nan,0.852307194471359
0,AINR,ungated,380,1,0,0,1,59.254499999951804,nan,0.852307194471359
0,AINR,ungated,381,1,0,0,1,60.83680000028835,nan,0.852307194471359
0,AINR,ungated,382,1,0,0,1,58.66340000011405,nan,0.852307194471359
0,AINR,ungated,383,1,0,0,1,56.69949999992241,nan,0.852307194471359
0,AINR,ungated,384,1,0,0,1,60.1913999998942,nan,0.852307194471359
0,AINR,ungated,385,1,0,0,1,61.173799999778566,nan,0.852307194471359
0,AINR,ungated,386,1,0,0,1,59.2888999999559,nan,0.852307194471359
0,AINR,ungated,387,1,0,0,1,57.81030000071041,nan,0.852307194471359
0,AINR,ungated,388,1,0,0,1,61.9858000000022,nan,0.852307194471359
0,AINR,ungated,389,1,0,0,1,59.76379999992787,nan,0.852307194471359
0,AINR,ungated,390,1,0,0,1,60.954900000069756,nan,0.852307194471359
0,AINR,ungated,391,1,0,0,1,59.42030000005616,nan,0.852307194471359
0,AINR,ungated,392,1,0,0,1,59.14380000012898,nan,0.852307194471359
0,AINR,ungated,393,1,0,0,1,64.23319999976229,nan,0.852307194471359
0,AINR,ungated,394,1,0,0,1,61.85000000004948,nan,0.852307194471359
0,AINR,ungated,395,1,0,0,1,57.444300000497606,nan,0.852307194471359
0,AINR,ungated,396,1,0,0,1,58.84839999998803,nan,0.852307194471359
0,AINR,ungated,397,1,0,0,1,57.92509999992035,nan,0.852307194471359
0,AINR,ungated,398,1,0,0,1,54.24059999950259,nan,0.852307194471359
0,AINR,ungated,399,1,0,0,1,54.803500000161876,nan,0.852307194471359
0,AINR,ungated,400,1,0,0,1,58.94399999942834,nan,0.852307194471359
0,AINR,ungated,401,1,0,0,1,57.46450000060577,nan,0.852307194471359
0,AINR,ungated,402,1,0,0,1,57.01390000012907,nan,0.852307194471359
0,AINR,ungated,403,1,0,0,1,58.892800000649004,nan,0.852307194471359
0,AINR,ungated,404,1,0,0,1,58.954399999493035,nan,0.852307194471359
0,AINR,ungated,405,1,0,0,1,58.406499999364314,nan,0.852307194471359
0,AINR,ungated,406,1,0,0,1,62.16909999966447,nan,0.852307194471359
0,AINR,ungated,407,1,0,0,1,58.085700000447105,nan,0.852307194471359
0,AINR,ungated,408,1,0,0,1,56.54500000036933,nan,0.852307194471359
0,AINR,ungated,409,1,0,0,1,58.23630000031699,nan,0.852307194471359
0,AINR,ungated,410,1,0,0,1,57.541000000128406,nan,0.852307194471359
0,AINR,ungated,411,1,0,0,1,58.57599999944796,nan,0.852307194471359
0,AINR,ungated,412,1,0,0,1,56.962700000440236,nan,0.852307194471359
0,AINR,ungated,413,1,0,0,1,58.229600000231585,nan,0.852307194471359
0,AINR,ungated,414,1,0,0,1,58.287599999857775,nan,0.852307194471359
0,AINR,ungated,415,1,0,0,1,56.71520000032615,nan,0.852307194471359
0,AINR,ungated,416,1,0,0,1,58.954000000085216,nan,0.852307194471359
0,AINR,ungated,417,1,0,0,1,60.03179999970598,nan,0.852307194471359
0,AINR,ungated,418,1,0,0,1,61.58250000044063,nan,0.852307194471359
0,AINR,ungated,419,1,0,0,1,58.19419999988895,nan,0.852307194471359
0,AINR,ungated,420,1,0,0,1,58.90509999971982,nan,0.852307194471359
0,AINR,ungated,421,1,0,0,1,57.40759999935108,nan,0.852307194471359
0,AINR,ungated,422,1,0,0,1,60.23800000002666,nan,0.852307194471359
0,AINR,ungated,423,1,0,0,1,56.40549999952782,nan,0.852307194471359
0,AINR,ungated,424,1,0,0,1,57.51179999970191,nan,0.852307194471359
0,AINR,ungated,425,1,0,0,1,55.09879999954137,nan,0.852307194471359
0,AINR,ungated,426,1,0,0,1,57.1380000001227,nan,0.852307194471359
0,AINR,ungated,427,1,0,0,1,55.722099999911734,nan,0.852307194471359
0,AINR,ungated,428,1,0,0,1,57.69750000035856,nan,0.852307194471359
0,AINR,ungated,429,1,0,0,1,57.545200000276964,nan,0.852307194471359
0,AINR,ungated,430,1,0,0,1,56.055799999739975,nan,0.852307194471359
0,AINR,ungated,431,1,0,0,1,56.42549999993207,nan,0.852307194471359
0,AINR,ungated,432,1,0,0,1,56.4315000001443,nan,0.852307194471359
0,AINR,ungated,433,1,0,0,1,57.6958999999988,nan,0.852307194471359
0,AINR,ungated,434,1,0,0,1,57.07729999994626,nan,0.852307194471359
0,AINR,ungated,435,1,0,0,1,59.181700000408455,nan,0.852307194471359
0,AINR,ungated,436,1,0,0,1,58.0761999999595,nan,0.852307194471359
0,AINR,ungated,437,1,0,0,1,57.230100000197126,nan,0.852307194471359
0,AINR,ungated,438,1,0,0,1,56.256699999721604,nan,0.852307194471359
0,AINR,ungated,439,1,0,0,1,57.432100000369246,nan,0.852307194471359
0,AINR,ungated,440,1,0,0,1,56.948299999930896,nan,0.852307194471359
0,AINR,ungated,441,1,0,0,1,55.877800000416755,nan,0.852307194471359
0,AINR,ungated,442,1,0,0,1,57.59870000019873,nan,0.852307194471359
0,AINR,ungated,443,1,0,0,1,57.7781000001778,nan,0.852307194471359
0,AINR,ungated,444,1,0,0,1,57.57309999989957,nan,0.852307194471359
0,AINR,ungated,445,1,0,0,1,58.98279999928491,nan,0.852307194471359
0,AINR,ungated,446,1,0,0,1,55.83480000041163,nan,0.852307194471359
0,AINR,ungated,447,1,0,0,1,55.956399999558926,nan,0.852307194471359
0,AINR,ungated,448,1,0,0,1,57.44610000056127,nan,0.852307194471359
0,AINR,ungated,449,1,0,0,1,57.132500000079744,nan,0.852307194471359
0,AINR,ungated,450,1,0,0,1,57.42079999981797,nan,0.852307194471359
0,AINR,ungated,451,1,0,0,1,59.468700000252284,nan,0.852307194471359
0,AINR,ungated,452,1,0,0,1,56.85579999953916,nan,0.852307194471359
0,AINR,ungated,453,1,0,0,1,56.46620000061375,nan,0.852307194471359
0,AINR,ungated,454,1,0,0,1,58.773099999598344,nan,0.852307194471359
0,AINR,ungated,455,1,0,0,1,59.056999999484106,nan,0.852307194471359
0,AINR,ungated,456,1,0,0,1,58.66700000024139,nan,0.852307194471359
0,AINR,ungated,457,1,0,0,1,57.958500000495405,nan,0.852307194471359
0,AINR,ungated,458,1,0,0,1,57.584700000006706,nan,0.852307194471359
0,AINR,ungated,459,1,0,0,1,60.77910000021802,nan,0.852307194471359
0,AINR,ungated,460,1,0,0,1,58.96779999966384,nan,0.852307194471359
0,AINR,ungated,461,1,0,0,1,58.56990000029327,nan,0.852307194471359
0,AINR,ungated,462,1,0,0,1,56.394499999441905,nan,0.852307194471359
0,AINR,ungated,463,1,0,0,1,59.227499999906286,nan,0.852307194471359
0,AINR,ungated,464,1,0,0,1,56.64529999921797,nan,0.852307194471359
0,AINR,ungated,465,1,0,0,1,56.51589999979478,nan,0.852307194471359
0,AINR,ungated,466,1,0,0,1,56.942199999866716,nan,0.852307194471359
0,AINR,ungated,467,1,0,0,1,56.49549999998271,nan,0.852307194471359
0,AINR,ungated,468,1,0,0,1,58.138500000495696,nan,0.852307194471359
0,AINR,ungated,469,1,0,0,1,55.8523999998215,nan,0.852307194471359
0,AINR,ungated,470,1,0,0,1,55.16749999969761,nan,0.852307194471359
0,AINR,ungated,471,1,0,0,1,60.41339999956108,nan,0.852307194471359
0,AINR,ungated,472,1,0,0,1,56.61520000012388,nan,0.852307194471359
0,AINR,ungated,473,1,0,0,1,58.16400000003341,nan,0.852307194471359
0,AINR,ungated,474,1,0,0,1,57.530200000655896,nan,0.852307194471359
0,AINR,ungated,475,1,0,0,1,53.45729999953619,nan,0.852307194471359
0,AINR,ungated,476,1,0,0,1,57.06999999983964,nan,0.852307194471359
0,AINR,ungated,477,1,0,0,1,58.779900000445195,nan,0.852307194471359
0,AINR,ungated,478,1,0,0,1,57.08039999990433,nan,0.852307194471359
0,AINR,ungated,479,1,0,0,1,56.11789999966277,nan,0.852307194471359
0,AINR,ungated,480,1,0,0,1,57.240299999648414,nan,0.852307194471359
0,AINR,ungated,481,1,0,0,1,59.84179999995831,nan,0.852307194471359
0,AINR,ungated,482,1,0,0,1,62.3648000000685,nan,0.852307194471359
0,AINR,ungated,483,1,0,0,1,59.181900000112364,nan,0.852307194471359
0,AINR,ungated,484,1,0,0,1,57.44550000054005,nan,0.852307194471359
0,AINR,ungated,485,1,0,0,1,62.39649999952235,nan,0.852307194471359
0,AINR,ungated,486,1,0,0,1,61.52660000043397,nan,0.852307194471359
0,AINR,ungated,487,1,0,0,1,59.28270000003977,nan,0.852307194471359
0,AINR,ungated,488,1,0,0,1,57.63349999961065,nan,0.852307194471359
0,AINR,ungated,489,1,0,0,1,56.08399999982794,nan,0.852307194471359
0,AINR,ungated,490,1,0,0,1,56.61140000029263,nan,0.852307194471359
0,AINR,ungated,491,1,0,0,1,56.67319999975007,nan,0.852307194471359
0,AINR,ungated,492,1,0,0,1,58.49029999990307,nan,0.852307194471359
0,AINR,ungated,493,1,0,0,1,55.82689999937429,nan,0.852307194471359
0,AINR,ungated,494,1,0,0,1,58.76429999989341,nan,0.852307194471359
0,AINR,ungated,495,1,0,0,1,58.88760000016191,nan,0.852307194471359
0,AINR,ungated,496,1,0,0,1,56.677200000194716,nan,0.852307194471359
0,AINR,ungated,497,1,0,0,1,55.28549999962706,nan,0.852307194471359
0,AINR,ungated,498,1,0,0,1,57.1842999997898,nan,0.852307194471359
0,AINR,ungated,499,1,0,0,1,295.04569999971864,nan,0.852307194471359
0,AINR,ungated,500,1,0,0,1,246.763799999826,nan,0.852307194471359
0,AINR,ungated,501,1,0,0,1,65.45589999950607,nan,0.852307194471359
0,AINR,ungated,502,1,0,0,1,62.3249999998734,nan,0.852307194471359
0,AINR,ungated,503,1,0,0,1,64.69469999956345,nan,0.852307194471359
0,AINR,ungated,504,1,0,0,1,63.6954000001424,nan,0.852307194471359
0,AINR,ungated,505,1,0,0,1,58.058199999322824,nan,0.852307194471359
0,AINR,ungated,506,1,0,0,1,59.65329999980895,nan,0.852307194471359
0,AINR,ungated,507,1,0,0,1,59.21589999979915,nan,0.852307194471359
0,AINR,ungated,508,1,0,0,1,59.42289999984496,nan,0.852307194471359
0,AINR,ungated,509,1,0,0,1,61.879700000645244,nan,0.852307194471359
0,AINR,ungated,510,1,0,0,1,60.77679999998509,nan,0.852307194471359
0,AINR,ungated,511,1,0,0,1,59.550599999965925,nan,0.852307194471359
0,AINR,ungated,512,1,0,0,1,96.07159999995929,nan,0.852307194471359
0,AINR,ungated,513,1,0,0,1,61.03299999995215,nan,0.852307194471359
0,AINR,ungated,514,1,0,0,1,64.63989999974729,nan,0.852307194471359
0,AINR,ungated,515,1,0,0,1,68.9873000001171,nan,0.852307194471359
0,AINR,ungated,516,1,0,0,1,61.37169999965408,nan,0.852307194471359
0,AINR,ungated,517,1,0,0,1,58.31340000077034,nan,0.852307194471359
0,AINR,ungated,518,1,0,0,1,61.376100000416045,nan,0.852307194471359
0,AINR,ungated,519,1,0,0,1,58.86610000015935,nan,0.852307194471359
0,AINR,ungated,520,1,0,0,1,57.87030000010418,nan,0.852307194471359
0,AINR,ungated,521,1,0,0,1,58.4711999999854,nan,0.852307194471359
0,AINR,ungated,522,1,0,0,1,61.077100000147766,nan,0.852307194471359
0,AINR,ungated,523,1,0,0,1,59.57600000056118,nan,0.852307194471359
0,AINR,ungated,524,1,0,0,1,57.94960000002902,nan,0.852307194471359
0,AINR,ungated,525,1,0,0,1,59.29329999980837,nan,0.852307194471359
0,AINR,ungated,526,1,0,0,1,61.006999999335676,nan,0.852307194471359
0,AINR,ungated,527,1,0,0,1,61.35019999965152,nan,0.852307194471359
0,AINR,ungated,528,1,0,0,1,63.77669999983482,nan,0.852307194471359
0,AINR,ungated,529,1,0,0,1,60.028199999578646,nan,0.852307194471359
0,AINR,ungated,530,1,0,0,1,58.17209999986517,nan,0.852307194471359
0,AINR,ungated,531,1,0,0,1,56.71319999964908,nan,0.852307194471359
0,AINR,ungated,532,1,0,0,1,56.99529999947117,nan,0.852307194471359
0,AINR,ungated,533,1,0,0,1,55.109599999923375,nan,0.852307194471359
0,AINR,ungated,534,1,0,0,1,58.04950000037934,nan,0.852307194471359
0,AINR,ungated,535,1,0,0,1,58.501499999692896,nan,0.852307194471359
0,AINR,ungated,536,1,0,0,1,58.8858999999502,nan,0.852307194471359
0,AINR,ungated,537,1,0,0,1,57.71139999978914,nan,0.852307194471359
0,AINR,ungated,538,1,0,0,1,60.067000000344706,nan,0.852307194471359
0,AINR,ungated,539,1,0,0,1,59.06810000033147,nan,0.852307194471359
0,AINR,ungated,540,1,0,0,1,66.47220000013476,nan,0.852307194471359
0,AINR,ungated,541,1,0,0,1,61.67159999949945,nan,0.852307194471359
0,AINR,ungated,542,1,0,0,1,58.30130000049394,nan,0.852307194471359
0,AINR,ungated,543,1,0,0,1,57.62159999994765,nan,0.852307194471359
0,AINR,ungated,544,1,0,0,1,59.89320000026055,nan,0.852307194471359
0,AINR,ungated,545,1,0,0,1,56.813099999999395,nan,0.852307194471359
0,AINR,ungated,546,1,0,0,1,62.532600000849925,nan,0.852307194471359
0,AINR,ungated,547,1,0,0,1,60.321599999952014,nan,0.852307194471359
0,AINR,ungated,548,1,0,0,1,53.758400000333495,nan,0.852307194471359
0,AINR,ungated,549,1,0,0,1,60.011800000211224,nan,0.852307194471359
0,AINR,ungated,550,1,0,0,1,57.61199999960809,nan,0.852307194471359
0,AINR,ungated,551,1,0,0,1,60.39099999998143,nan,0.852307194471359
0,AINR,ungated,552,1,0,0,1,58.51689999963128,nan,0.852307194471359
0,AINR,ungated,553,1,0,0,1,63.241699999707635,nan,0.852307194471359
0,AINR,ungated,554,1,0,0,1,58.76590000025317,nan,0.852307194471359
0,AINR,ungated,555,1,0,0,1,61.24530000033701,nan,0.852307194471359
0,AINR,ungated,556,1,0,0,1,56.714000000283704,nan,0.852307194471359
0,AINR,ungated,557,1,0,0,1,63.89949999993405,nan,0.852307194471359
0,AINR,ungated,558,1,0,0,1,63.258599999244325,nan,0.852307194471359
0,AINR,ungated,559,1,0,0,1,60.76669999947626,nan,0.852307194471359
0,AINR,ungated,560,1,0,0,1,64.52249999983906,nan,0.852307194471359
0,AINR,ungated,561,1,0,0,1,63.10459999986051,nan,0.852307194471359
0,AINR,ungated,562,1,0,0,1,60.76020000000426,nan,0.852307194471359
0,AINR,ungated,563,1,0,0,1,62.788799999907496,nan,0.852307194471359
0,AINR,ungated,564,1,0,0,1,61.82829999943351,nan,0.852307194471359
0,AINR,ungated,565,1,0,0,1,60.179600000083155,nan,0.852307194471359
0,AINR,ungated,566,1,0,0,1,60.60879999949975,nan,0.852307194471359
0,AINR,ungated,567,1,0,0,1,58.365199999570905,nan,0.852307194471359
0,AINR,ungated,568,1,0,0,1,59.268599999995786,nan,0.852307194471359
0,AINR,ungated,569,1,0,0,1,60.948199999984354,nan,0.852307194471359
0,AINR,ungated,570,1,0,0,1,59.39429999943968,nan,0.852307194471359
0,AINR,ungated,571,1,0,0,1,58.951799999704235,nan,0.852307194471359
0,AINR,ungated,572,1,0,0,1,59.07200000001467,nan,0.852307194471359
0,AINR,ungated,573,1,0,0,1,57.99860000024637,nan,0.852307194471359
0,AINR,ungated,574,1,0,0,1,54.61820000073203,nan,0.852307194471359
0,AINR,ungated,575,1,0,0,1,57.02149999979156,nan,0.852307194471359
0,AINR,ungated,576,1,0,0,1,57.149000000208616,nan,0.852307194471359
0,AINR,ungated,577,1,0,0,1,55.74720000004163,nan,0.852307194471359
0,AINR,ungated,578,1,0,0,1,59.831300000041665,nan,0.852307194471359
0,AINR,ungated,579,1,0,0,1,58.80220000017289,nan,0.852307194471359
0,AINR,ungated,580,1,0,0,1,60.32500000037544,nan,0.852307194471359
0,AINR,ungated,581,1,0,0,1,58.46379999911733,nan,0.852307194471359
0,AINR,ungated,582,1,0,0,1,57.87400000008347,nan,0.852307194471359
0,AINR,ungated,583,1,0,0,1,61.90580000020418,nan,0.852307194471359
0,AINR,ungated,584,1,0,0,1,59.36999999994441,nan,0.852307194471359
0,AINR,ungated,585,1,0,0,1,59.70119999983581,nan,0.852307194471359
0,AINR,ungated,586,1,0,0,1,60.86500000037631,nan,0.852307194471359
0,AINR,ungated,587,1,0,0,1,59.59989999973914,nan,0.852307194471359
0,AINR,ungated,588,1,0,0,1,60.44149999979709,nan,0.852307194471359
0,AINR,ungated,589,1,0,0,1,59.83250000008411,nan,0.852307194471359
0,AINR,ungated,590,1,0,0,1,65.64549999984592,nan,0.852307194471359
0,AINR,ungated,591,1,0,0,1,59.613399999761896,nan,0.852307194471359
0,AINR,ungated,592,1,0,0,1,58.85599999965052,nan,0.852307194471359
0,AINR,ungated,593,1,0,0,1,56.69190000025992,nan,0.852307194471359
0,AINR,ungated,594,1,0,0,1,61.232099999870115,nan,0.852307194471359
0,AINR,ungated,595,1,0,0,1,59.463599999617145,nan,0.852307194471359
0,AINR,ungated,596,1,0,0,1,56.902500000433065,nan,0.852307194471359
0,AINR,ungated,597,1,0,0,1,56.47990000034042,nan,0.852307194471359
0,AINR,ungated,598,1,0,0,1,59.924400000454625,nan,0.852307194471359
0,AINR,ungated,599,1,0,0,1,59.217300000455,nan,0.852307194471359
0,AINR,ungated,600,1,0,0,1,61.853700000028766,nan,0.852307194471359
0,AINR,ungated,601,1,0,0,1,58.88279999999213,nan,0.852307194471359
0,AINR,ungated,602,1,0,0,1,58.000799999717856,nan,0.852307194471359
0,AINR,ungated,603,1,0,0,1,55.851000000075146,nan,0.852307194471359
0,AINR,ungated,604,1,0,0,1,57.652299999972456,nan,0.852307194471359
0,AINR,ungated,605,1,0,0,1,57.99569999999221,nan,0.852307194471359
0,AINR,ungated,606,1,0,0,1,61.360400000012305,nan,0.852307194471359
0,AINR,ungated,607,1,0,0,1,65.6146000001172,nan,0.852307194471359
0,AINR,ungated,608,1,0,0,1,62.3329999998532,nan,0.852307194471359
0,AINR,ungated,609,1,0,0,1,61.093399999663234,nan,0.852307194471359
0,AINR,ungated,610,1,0,0,1,57.73909999970783,nan,0.852307194471359
0,AINR,ungated,611,1,0,0,1,60.02649999936693,nan,0.852307194471359
0,AINR,ungated,612,1,0,0,1,60.391200000594836,nan,0.852307194471359
0,AINR,ungated,613,1,0,0,1,56.11289999978908,nan,0.852307194471359
0,AINR,ungated,614,1,0,0,1,58.221100000082515,nan,0.852307194471359
0,AINR,ungated,615,1,0,0,1,58.93590000050608,nan,0.852307194471359
0,AINR,ungated,616,1,0,0,1,56.71579999943788,nan,0.852307194471359
0,AINR,ungated,617,1,0,0,1,56.42179999995278,nan,0.852307194471359
0,AINR,ungated,618,1,0,0,1,61.63139999989653,nan,0.852307194471359
0,AINR,ungated,619,1,0,0,1,61.57389999953011,nan,0.852307194471359
0,AINR,ungated,620,1,0,0,1,60.71130000054836,nan,0.852307194471359
0,AINR,ungated,621,1,0,0,1,58.5146999992503,nan,0.852307194471359
0,AINR,ungated,622,1,0,0,1,57.65340000016295,nan,0.852307194471359
0,AINR,ungated,623,1,0,0,1,59.095999999954074,nan,0.852307194471359
0,AINR,ungated,624,1,0,0,1,58.3414000002449,nan,0.852307194471359
0,AINR,ungated,625,1,0,0,1,60.679199999867706,nan,0.852307194471359
0,AINR,ungated,626,1,0,0,1,58.45169999975042,nan,0.852307194471359
0,AINR,ungated,627,1,0,0,1,60.53639999936422,nan,0.852307194471359
0,AINR,ungated,628,1,0,0,1,58.68250000003172,nan,0.852307194471359
0,AINR,ungated,629,1,0,0,1,59.72990000009304,nan,0.852307194471359
0,AINR,ungated,630,1,0,0,1,62.47200000052544,nan,0.852307194471359
0,AINR,ungated,631,1,0,0,1,61.21110000003682,nan,0.852307194471359
0,AINR,ungated,632,1,0,0,1,58.049600000231294,nan,0.852307194471359
0,AINR,ungated,633,1,0,0,1,58.659399999669404,nan,0.852307194471359
0,AINR,ungated,634,1,0,0,1,61.62590000076307,nan,0.852307194471359
0,AINR,ungated,635,1,0,0,1,59.549499999775435,nan,0.852307194471359
0,AINR,ungated,636,1,0,0,1,65.4088999999658,nan,0.852307194471359
0,AINR,ungated,637,1,0,0,1,64.22259999999369,nan,0.852307194471359
0,AINR,ungated,638,1,0,0,1,63.687700000627956,nan,0.852307194471359
0,AINR,ungated,639,1,0,0,1,56.767199999740114,nan,0.852307194471359
0,AINR,ungated,640,1,0,0,1,59.35109999973065,nan,0.852307194471359
0,AINR,ungated,641,1,0,0,1,59.51379999987694,nan,0.852307194471359
0,AINR,ungated,642,1,0,0,1,60.98000000019965,nan,0.852307194471359
0,AINR,ungated,643,1,0,0,1,59.537299999647075,nan,0.852307194471359
0,AINR,ungated,644,1,0,0,1,59.06970000069123,nan,0.852307194471359
0,AINR,ungated,645,1,0,0,1,66.9648999992205,nan,0.852307194471359
0,AINR,ungated,646,1,0,0,1,63.776099999813596,nan,0.852307194471359
0,AINR,ungated,647,1,0,0,1,68.41789999998582,nan,0.852307194471359
0,AINR,ungated,648,1,0,0,1,61.96120000004157,nan,0.852307194471359
0,AINR,ungated,649,1,0,0,1,61.796800000593066,nan,0.852307194471359
0,AINR,ungated,650,1,0,0,1,58.65769999945769,nan,0.852307194471359
0,AINR,ungated,651,1,0,0,1,59.959499999422405,nan,0.852307194471359
0,AINR,ungated,652,1,0,0,1,59.103999999933876,nan,0.852307194471359
0,AINR,ungated,653,1,0,0,1,57.740799999919545,nan,0.852307194471359
0,AINR,ungated,654,1,0,0,1,57.4068999994779,nan,0.852307194471359
0,AINR,ungated,655,1,0,0,1,62.0307999997749,nan,0.852307194471359
0,AINR,ungated,656,1,0,0,1,61.34219999967172,nan,0.852307194471359
0,AINR,ungated,657,1,0,0,1,62.08179999975982,nan,0.852307194471359
0,AINR,ungated,658,1,0,0,1,60.60330000036629,nan,0.852307194471359
0,AINR,ungated,659,1,0,0,1,60.10820000028616,nan,0.852307194471359
0,AINR,ungated,660,1,0,0,1,59.970199999952456,nan,0.852307194471359
0,AINR,ungated,661,1,0,0,1,57.63760000081675,nan,0.852307194471359
0,AINR,ungated,662,1,0,0,1,59.63659999997617,nan,0.852307194471359
0,AINR,ungated,663,1,0,0,1,59.40089999967313,nan,0.852307194471359
0,AINR,ungated,664,1,0,0,1,59.86329999996087,nan,0.852307194471359
0,AINR,ungated,665,1,0,0,1,61.874600000010105,nan,0.852307194471359
0,AINR,ungated,666,1,0,0,1,60.2443999996467,nan,0.852307194471359
0,AINR,ungated,667,1,0,0,1,62.22220000017842,nan,0.852307194471359
0,AINR,ungated,668,1,0,0,1,59.34979999983625,nan,0.852307194471359
0,AINR,ungated,669,1,0,0,1,55.37749999984953,nan,0.852307194471359
0,AINR,ungated,670,1,0,0,1,56.08940000001894,nan,0.852307194471359
0,AINR,ungated,671,1,0,0,1,56.746499999462685,nan,0.852307194471359
0,AINR,ungated,672,1,0,0,1,57.11169999995036,nan,0.852307194471359
0,AINR,ungated,673,1,0,0,1,66.62380000034318,nan,0.852307194471359
0,AINR,ungated,674,1,0,0,1,57.84070000026986,nan,0.852307194471359
0,AINR,ungated,675,1,0,0,1,59.46420000054786,nan,0.852307194471359
0,AINR,ungated,676,1,0,0,1,60.3848000000653,nan,0.852307194471359
0,AINR,ungated,677,1,0,0,1,57.00740000065707,nan,0.852307194471359
0,AINR,ungated,678,1,0,0,1,58.824599999752536,nan,0.852307194471359
0,AINR,ungated,679,1,0,0,1,60.04099999972823,nan,0.852307194471359
0,AINR,ungated,680,1,0,0,1,60.010599999259284,nan,0.852307194471359
0,AINR,ungated,681,1,0,0,1,59.235000000626314,nan,0.852307194471359
0,AINR,ungated,682,1,0,0,1,59.85110000074201,nan,0.852307194471359
0,AINR,ungated,683,1,0,0,1,59.37180000000808,nan,0.852307194471359
0,AINR,ungated,684,1,0,0,1,57.83820000033302,nan,0.852307194471359
0,AINR,ungated,685,1,0,0,1,58.00470000031055,nan,0.852307194471359
0,AINR,ungated,686,1,0,0,1,56.31390000053216,nan,0.852307194471359
0,AINR,ungated,687,1,0,0,1,63.41510000038397,nan,0.852307194471359
0,AINR,ungated,688,1,0,0,1,61.94359999972221,nan,0.852307194471359
0,AINR,ungated,689,1,0,0,1,61.63950000063778,nan,0.852307194471359
0,AINR,ungated,690,1,0,0,1,61.713300000519666,nan,0.852307194471359
0,AINR,ungated,691,1,0,0,1,61.37140000009822,nan,0.852307194471359
0,AINR,ungated,692,1,0,0,1,61.9022999999288,nan,0.852307194471359
0,AINR,ungated,693,1,0,0,1,59.83040000046458,nan,0.852307194471359
0,AINR,ungated,694,1,0,0,1,60.453400000369584,nan,0.852307194471359
0,AINR,ungated,695,1,0,0,1,60.03409999993892,nan,0.852307194471359
0,AINR,ungated,696,1,0,0,1,59.37990000074933,nan,0.852307194471359
0,AINR,ungated,697,1,0,0,1,57.62199999935547,nan,0.852307194471359
0,AINR,ungated,698,1,0,0,1,60.96720000005007,nan,0.852307194471359
0,AINR,ungated,699,1,0,0,1,60.93109999983426,nan,0.852307194471359
0,AINR,ungated,700,1,0,0,1,59.47749999995722,nan,0.852307194471359
0,AINR,ungated,701,1,0,0,1,58.88000000049942,nan,0.852307194471359
0,AINR,ungated,702,1,0,0,1,58.81070000032196,nan,0.852307194471359
0,AINR,ungated,703,1,0,0,1,59.19569999969099,nan,0.852307194471359
0,AINR,ungated,704,1,0,0,1,59.053499999208725,nan,0.852307194471359
0,AINR,ungated,705,1,0,0,1,58.21970000033616,nan,0.852307194471359
0,AINR,ungated,706,1,0,0,1,56.40810000022611,nan,0.852307194471359
0,AINR,ungated,707,1,0,0,1,58.24979999943025,nan,0.852307194471359
0,AINR,ungated,708,1,0,0,1,59.85109999983251,nan,0.852307194471359
0,AINR,ungated,709,1,0,0,1,58.85670000043319,nan,0.852307194471359
0,AINR,ungated,710,1,0,0,1,56.24420000003738,nan,0.852307194471359
0,AINR,ungated,711,1,0,0,1,60.53959999917424,nan,0.852307194471359
0,AINR,ungated,712,1,0,0,1,59.66409999928146,nan,0.852307194471359
0,AINR,ungated,713,1,0,0,1,60.15969999953086,nan,0.852307194471359
0,AINR,ungated,714,1,0,0,1,57.5195999999778,nan,0.852307194471359
0,AINR,ungated,715,1,0,0,1,61.27269999979035,nan,0.852307194471359
0,AINR,ungated,716,1,0,0,1,61.36470000001282,nan,0.852307194471359
0,AINR,ungated,717,1,0,0,1,61.99079999987589,nan,0.852307194471359
0,AINR,ungated,718,1,0,0,1,53.51150000024063,nan,0.852307194471359
0,AINR,ungated,719,1,0,0,1,58.71879999995144,nan,0.852307194471359
0,AINR,ungated,720,1,0,0,1,61.66610000036599,nan,0.852307194471359
0,AINR,ungated,721,1,0,0,1,62.790099999801896,nan,0.852307194471359
0,AINR,ungated,722,1,0,0,1,63.386699999682605,nan,0.852307194471359
0,AINR,ungated,723,1,0,0,1,67.68469999951776,nan,0.852307194471359
0,AINR,ungated,724,1,0,0,1,64.74979999984498,nan,0.852307194471359
0,AINR,ungated,725,1,0,0,1,63.08030000036524,nan,0.852307194471359
0,AINR,ungated,726,1,0,0,1,64.34820000049513,nan,0.852307194471359
0,AINR,ungated,727,1,0,0,1,66.14690000060364,nan,0.852307194471359
0,AINR,ungated,728,1,0,0,1,61.68669999988197,nan,0.852307194471359
0,AINR,ungated,729,1,0,0,1,64.20810000054189,nan,0.852307194471359
0,AINR,ungated,730,1,0,0,1,59.51230000027863,nan,0.852307194471359
0,AINR,ungated,731,1,0,0,1,63.78709999989951,nan,0.852307194471359
0,AINR,ungated,732,1,0,0,1,58.1041000004916,nan,0.852307194471359
0,AINR,ungated,733,1,0,0,1,59.70580000030168,nan,0.852307194471359
0,AINR,ungated,734,1,0,0,1,61.01159999980155,nan,0.852307194471359
0,AINR,ungated,735,1,0,0,1,61.66719999964698,nan,0.852307194471359
0,AINR,ungated,736,1,0,0,1,58.98639999941224,nan,0.852307194471359
0,AINR,ungated,737,1,0,0,1,59.162499999729334,nan,0.852307194471359
0,AINR,ungated,738,1,0,0,1,59.22959999952582,nan,0.852307194471359
0,AINR,ungated,739,1,0,0,1,59.30669999997917,nan,0.852307194471359
0,AINR,ungated,740,1,0,0,1,59.85719999989669,nan,0.852307194471359
0,AINR,ungated,741,1,0,0,1,60.232900000301015,nan,0.852307194471359
0,AINR,ungated,742,1,0,0,1,60.409900000195194,nan,0.852307194471359
0,AINR,ungated,743,1,0,0,1,61.91519999993034,nan,0.852307194471359
0,AINR,ungated,744,1,0,0,1,58.4021999993638,nan,0.852307194471359
0,AINR,ungated,745,1,0,0,1,60.23740000000544,nan,0.852307194471359
0,AINR,ungated,746,1,0,0,1,64.61070000023028,nan,0.852307194471359
0,AINR,ungated,747,1,0,0,1,69.05579999965994,nan,0.852307194471359
0,AINR,ungated,748,1,0,0,1,62.59810000028665,nan,0.852307194471359
0,AINR,ungated,749,1,0,0,1,57.65339999925345,nan,0.852307194471359
0,AINR,ungated,750,1,0,0,1,59.691199999178934,nan,0.852307194471359
0,AINR,ungated,751,1,0,0,1,61.09199999991688,nan,0.852307194471359
0,AINR,ungated,752,1,0,0,1,61.73220000073343,nan,0.852307194471359
0,AINR,ungated,753,1,0,0,1,58.33890000030806,nan,0.852307194471359
0,AINR,ungated,754,1,0,0,1,60.7624999993277,nan,0.852307194471359
0,AINR,ungated,755,1,0,0,1,60.124200000245764,nan,0.852307194471359
0,AINR,ungated,756,1,0,0,1,60.08829999973386,nan,0.852307194471359
0,AINR,ungated,757,1,0,0,1,57.30000000039581,nan,0.852307194471359
0,AINR,ungated,758,1,0,0,1,60.0812999991831,nan,0.852307194471359
0,AINR,ungated,759,1,0,0,1,58.92130000029283,nan,0.852307194471359
0,AINR,ungated,760,1,0,0,1,59.03570000009495,nan,0.852307194471359
0,AINR,ungated,761,1,0,0,1,58.98849999994127,nan,0.852307194471359
0,AINR,ungated,762,1,0,0,1,59.50929999926302,nan,0.852307194471359
0,AINR,ungated,763,1,0,0,1,62.51889999930427,nan,0.852307194471359
0,AINR,ungated,764,1,0,0,1,56.45669999921665,nan,0.852307194471359
0,AINR,ungated,765,1,0,0,1,58.314099999734026,nan,0.852307194471359
0,AINR,ungated,766,1,0,0,1,60.359000000062224,nan,0.852307194471359
0,AINR,ungated,767,1,0,0,1,60.43099999988044,nan,0.852307194471359
0,AINR,ungated,768,1,0,0,1,59.03219999981957,nan,0.852307194471359
0,AINR,ungated,769,1,0,0,1,60.66929999997228,nan,0.852307194471359
0,AINR,ungated,770,1,0,0,1,59.91569999969215,nan,0.852307194471359
0,AINR,ungated,771,1,0,0,1,57.44140000024345,nan,0.852307194471359
0,AINR,ungated,772,1,0,0,1,60.020199999598844,nan,0.852307194471359
0,AINR,ungated,773,1,0,0,1,59.23809999967489,nan,0.852307194471359
0,AINR,ungated,774,1,0,0,1,58.97420000019338,nan,0.852307194471359
0,AINR,ungated,775,1,0,0,1,59.15160000040487,nan,0.852307194471359
0,AINR,ungated,776,1,0,0,1,60.32779999986815,nan,0.852307194471359
0,AINR,ungated,777,1,0,0,1,58.71980000028998,nan,0.852307194471359
0,AINR,ungated,778,1,0,0,1,60.5264999994688,nan,0.852307194471359
0,AINR,ungated,779,1,0,0,1,59.25999999999476,nan,0.852307194471359
0,AINR,ungated,780,1,0,0,1,58.122999999795866,nan,0.852307194471359
0,AINR,ungated,781,1,0,0,1,56.80889999985084,nan,0.852307194471359
0,AINR,ungated,782,1,0,0,1,59.89000000045053,nan,0.852307194471359
0,AINR,ungated,783,1,0,0,1,62.90739999985817,nan,0.852307194471359
0,AINR,ungated,784,1,0,0,1,58.748699999341625,nan,0.852307194471359
0,AINR,ungated,785,1,0,0,1,56.830900000022666,nan,0.852307194471359
0,AINR,ungated,786,1,0,0,1,61.235799999849405,nan,0.852307194471359
0,AINR,ungated,787,1,0,0,1,59.644699999807926,nan,0.852307194471359
0,AINR,ungated,788,1,0,0,1,60.16910000016651,nan,0.852307194471359
0,AINR,ungated,789,1,0,0,1,57.84540000058769,nan,0.852307194471359
0,AINR,ungated,790,1,0,0,1,62.824300000102085,nan,0.852307194471359
0,AINR,ungated,791,1,0,0,1,61.42619999991439,nan,0.852307194471359
0,AINR,ungated,792,1,0,0,1,65.55539999953908,nan,0.852307194471359
0,AINR,ungated,793,1,0,0,1,60.97510000017792,nan,0.852307194471359
0,AINR,ungated,794,1,0,0,1,61.189800000647665,nan,0.852307194471359
0,AINR,ungated,795,1,0,0,1,58.55669999982638,nan,0.852307194471359
0,AINR,ungated,796,1,0,0,1,59.540999999626365,nan,0.852307194471359
0,AINR,ungated,797,1,0,0,1,58.40989999978774,nan,0.852307194471359
0,AINR,ungated,798,1,0,0,1,56.263500000568456,nan,0.852307194471359
0,AINR,ungated,799,1,0,0,1,57.75360000006913,nan,0.852307194471359
0,AINR,ungated,800,1,0,0,1,63.546299999870826,nan,0.852307194471359
0,AINR,ungated,801,1,0,0,1,59.24539999978151,nan,0.852307194471359
0,AINR,ungated,802,1,0,0,1,57.84959999982675,nan,0.852307194471359
0,AINR,ungated,803,1,0,0,1,60.66720000035275,nan,0.852307194471359
0,AINR,ungated,804,1,0,0,1,59.41600000005565,nan,0.852307194471359
0,AINR,ungated,805,1,0,0,1,57.020899999770336,nan,0.852307194471359
0,AINR,ungated,806,1,0,0,1,64.5753999997396,nan,0.852307194471359
0,AINR,ungated,807,1,0,0,1,58.031100000334845,nan,0.852307194471359
0,AINR,ungated,808,1,0,0,1,60.90889999995852,nan,0.852307194471359
0,AINR,ungated,809,1,0,0,1,62.05419999969308,nan,0.852307194471359
0,AINR,ungated,810,1,0,0,1,58.96670000038284,nan,0.852307194471359
0,AINR,ungated,811,1,0,0,1,60.04399999983434,nan,0.852307194471359
0,AINR,ungated,812,1,0,0,1,60.21950000013021,nan,0.852307194471359
0,AINR,ungated,813,1,0,0,1,59.04550000013842,nan,0.852307194471359
0,AINR,ungated,814,1,0,0,1,62.17150000065885,nan,0.852307194471359
0,AINR,ungated,815,1,0,0,1,59.85320000036154,nan,0.852307194471359
0,AINR,ungated,816,1,0,0,1,58.952700000190816,nan,0.852307194471359
0,AINR,ungated,817,1,0,0,1,56.805300000633,nan,0.852307194471359
0,AINR,ungated,818,1,0,0,1,62.84660000073927,nan,0.852307194471359
0,AINR,ungated,819,1,0,0,1,61.379699999633885,nan,0.852307194471359
0,AINR,ungated,820,1,0,0,1,59.27539999993314,nan,0.852307194471359
0,AINR,ungated,821,1,0,0,1,58.465199999773176,nan,0.852307194471359
0,AINR,ungated,822,1,0,0,1,59.32470000061585,nan,0.852307194471359
0,AINR,ungated,823,1,0,0,1,56.66399999972782,nan,0.852307194471359
0,AINR,ungated,824,1,0,0,1,56.78970000008121,nan,0.852307194471359
0,AINR,ungated,825,1,0,0,1,57.2559000002002,nan,0.852307194471359
0,AINR,ungated,826,1,0,0,1,59.78049999976065,nan,0.852307194471359
0,AINR,ungated,827,1,0,0,1,58.59309999959805,nan,0.852307194471359
0,AINR,ungated,828,1,0,0,1,61.018200000034994,nan,0.852307194471359
0,AINR,ungated,829,1,0,0,1,57.0690000004106,nan,0.852307194471359
0,AINR,ungated,830,1,0,0,1,57.99209999986488,nan,0.852307194471359
0,AINR,ungated,831,1,0,0,1,58.8473999996495,nan,0.852307194471359
0,AINR,ungated,832,1,0,0,1,59.41789999997127,nan,0.852307194471359
0,AINR,ungated,833,1,0,0,1,61.694400000305905,nan,0.852307194471359
0,AINR,ungated,834,1,0,0,1,61.48679999932938,nan,0.852307194471359
0,AINR,ungated,835,1,0,0,1,60.746799999833456,nan,0.852307194471359
0,AINR,ungated,836,1,0,0,1,58.87600000005477,nan,0.852307194471359
0,AINR,ungated,837,1,0,0,1,60.90500000027532,nan,0.852307194471359
0,AINR,ungated,838,1,0,0,1,56.282000000464905,nan,0.852307194471359
0,AINR,ungated,839,1,0,0,1,60.028699999747914,nan,0.852307194471359
0,AINR,ungated,840,1,0,0,1,57.874800000718096,nan,0.852307194471359
0,AINR,ungated,841,1,0,0,1,61.939900000652415,nan,0.852307194471359
0,AINR,ungated,842,1,0,0,1,56.00919999960752,nan,0.852307194471359
0,AINR,ungated,843,1,0,0,1,58.30170000081125,nan,0.852307194471359
0,AINR,ungated,844,1,0,0,1,58.92120000044088,nan,0.852307194471359
0,AINR,ungated,845,1,0,0,1,61.689799999840034,nan,0.852307194471359
0,AINR,ungated,846,1,0,0,1,58.61209999966377,nan,0.852307194471359
0,AINR,ungated,847,1,0,0,1,59.10750000020926,nan,0.852307194471359
0,AINR,ungated,848,1,0,0,1,59.25730000035401,nan,0.852307194471359
0,AINR,ungated,849,1,0,0,1,53.55390000022453,nan,0.852307194471359
0,AINR,ungated,850,1,0,0,1,56.2792000000627,nan,0.852307194471359
0,AINR,ungated,851,1,0,0,1,59.441599999445316,nan,0.852307194471359
0,AINR,ungated,852,1,0,0,1,60.4670000002443,nan,0.852307194471359
0,AINR,ungated,853,1,0,0,1,59.949800000140385,nan,0.852307194471359
0,AINR,ungated,854,1,0,0,1,66.37200000022858,nan,0.852307194471359
0,AINR,ungated,855,1,0,0,1,62.84609999966051,nan,0.852307194471359
0,AINR,ungated,856,1,0,0,1,59.13189999955648,nan,0.852307194471359
0,AINR,ungated,857,1,0,0,1,60.61720000070636,nan,0.852307194471359
0,AINR,ungated,858,1,0,0,1,60.57959999998275,nan,0.852307194471359
0,AINR,ungated,859,1,0,0,1,59.88199999956123,nan,0.852307194471359
0,AINR,ungated,860,1,0,0,1,65.10549999984505,nan,0.852307194471359
0,AINR,ungated,861,1,0,0,1,57.750400000259106,nan,0.852307194471359
0,AINR,ungated,862,1,0,0,1,61.16769999971439,nan,0.852307194471359
0,AINR,ungated,863,1,0,0,1,57.662100000015926,nan,0.852307194471359
0,AINR,ungated,864,1,0,0,1,57.36960000012914,nan,0.852307194471359
0,AINR,ungated,865,1,0,0,1,59.89540000064153,nan,0.852307194471359
0,AINR,ungated,866,1,0,0,1,58.99169999975129,nan,0.852307194471359
0,AINR,ungated,867,1,0,0,1,59.665799999493174,nan,0.852307194471359
0,AINR,ungated,868,1,0,0,1,59.43070000012085,nan,0.852307194471359
0,AINR,ungated,869,1,0,0,1,59.25600000045961,nan,0.852307194471359
0,AINR,ungated,870,1,0,0,1,61.82069999977102,nan,0.852307194471359
0,AINR,ungated,871,1,0,0,1,58.470699999816134,nan,0.852307194471359
0,AINR,ungated,872,1,0,0,1,58.37340000016411,nan,0.852307194471359
0,AINR,ungated,873,1,0,0,1,60.55300000025454,nan,0.852307194471359
0,AINR,ungated,874,1,0,0,1,58.789400000023306,nan,0.852307194471359
0,AINR,ungated,875,1,0,0,1,57.79849999998987,nan,0.852307194471359
0,AINR,ungated,876,1,0,0,1,61.86170000000857,nan,0.852307194471359
0,AINR,ungated,877,1,0,0,1,60.73500000002241,nan,0.852307194471359
0,AINR,ungated,878,1,0,0,1,58.44549999983428,nan,0.852307194471359
0,AINR,ungated,879,1,0,0,1,60.064799999963725,nan,0.852307194471359
0,AINR,ungated,880,1,0,0,1,60.19899999955669,nan,0.852307194471359
0,AINR,ungated,881,1,0,0,1,59.81620000056864,nan,0.852307194471359
0,AINR,ungated,882,1,0,0,1,60.412199999518634,nan,0.852307194471359
0,AINR,ungated,883,1,0,0,1,63.90629999987141,nan,0.852307194471359
0,AINR,ungated,884,1,0,0,1,61.97229999997944,nan,0.852307194471359
0,AINR,ungated,885,1,0,0,1,59.42640000012034,nan,0.852307194471359
0,AINR,ungated,886,1,0,0,1,60.48749999990832,nan,0.852307194471359
0,AINR,ungated,887,1,0,0,1,60.65560000024561,nan,0.852307194471359
0,AINR,ungated,888,1,0,0,1,63.18790000023,nan,0.852307194471359
0,AINR,ungated,889,1,0,0,1,62.32139999974606,nan,0.852307194471359
0,AINR,ungated,890,1,0,0,1,63.04939999972703,nan,0.852307194471359
0,AINR,ungated,891,1,0,0,1,60.29789999956847,nan,0.852307194471359
0,AINR,ungated,892,1,0,0,1,57.61419999998907,nan,0.852307194471359
0,AINR,ungated,893,1,0,0,1,60.075500000493776,nan,0.852307194471359
0,AINR,ungated,894,1,0,0,1,58.52199999935692,nan,0.852307194471359
0,AINR,ungated,895,1,0,0,1,61.9382000004407,nan,0.852307194471359
0,AINR,ungated,896,1,0,0,1,63.2421999998769,nan,0.852307194471359
0,AINR,ungated,897,1,0,0,1,61.58659999982774,nan,0.852307194471359
0,AINR,ungated,898,1,0,0,1,58.25959999947372,nan,0.852307194471359
0,AINR,ungated,899,1,0,0,1,60.101299999587354,nan,0.852307194471359
0,AINR,ungated,900,1,0,0,1,56.86799999966752,nan,0.852307194471359
0,AINR,ungated,901,1,0,0,1,58.51910000001226,nan,0.852307194471359
0,AINR,ungated,902,1,0,0,1,59.29310000010446,nan,0.852307194471359
0,AINR,ungated,903,1,0,0,1,61.27130000004399,nan,0.852307194471359
0,AINR,ungated,904,1,0,0,1,64.44989999999962,nan,0.852307194471359
0,AINR,ungated,905,1,0,0,1,58.80110000089189,nan,0.852307194471359
0,AINR,ungated,906,1,0,0,1,58.01640000026964,nan,0.852307194471359
0,AINR,ungated,907,1,0,0,1,61.062499999934516,nan,0.852307194471359
0,AINR,ungated,908,1,0,0,1,58.91460000020743,nan,0.852307194471359
0,AINR,ungated,909,1,0,0,1,61.42499999987194,nan,0.852307194471359
0,AINR,ungated,910,1,0,0,1,65.0020000002769,nan,0.852307194471359
0,AINR,ungated,911,1,0,0,1,60.83059999946272,nan,0.852307194471359
0,AINR,ungated,912,1,0,0,1,58.76869999974588,nan,0.852307194471359
0,AINR,ungated,913,1,0,0,1,61.33219999992434,nan,0.852307194471359
0,AINR,ungated,914,1,0,0,1,60.07309999949939,nan,0.852307194471359
0,AINR,ungated,915,1,0,0,1,65.67629999972269,nan,0.852307194471359
0,AINR,ungated,916,1,0,0,1,61.97939999947266,nan,0.852307194471359
0,AINR,ungated,917,1,0,0,1,60.60119999983726,nan,0.852307194471359
0,AINR,ungated,918,1,0,0,1,60.150700000122015,nan,0.852307194471359
0,AINR,ungated,919,1,0,0,1,60.70960000033665,nan,0.852307194471359
0,AINR,ungated,920,1,0,0,1,59.88780000006955,nan,0.852307194471359
0,AINR,ungated,921,1,0,0,1,58.86049999935494,nan,0.852307194471359
0,AINR,ungated,922,1,0,0,1,56.73999999999069,nan,0.852307194471359
0,AINR,ungated,923,1,0,0,1,60.05399999958172,nan,0.852307194471359
0,AINR,ungated,924,1,0,0,1,59.42159999995056,nan,0.852307194471359
0,AINR,ungated,925,1,0,0,1,59.85750000036205,nan,0.852307194471359
0,AINR,ungated,926,1,0,0,1,56.65969999972731,nan,0.852307194471359
0,AINR,ungated,927,1,0,0,1,59.268599999995786,nan,0.852307194471359
0,AINR,ungated,928,1,0,0,1,59.55149999954301,nan,0.852307194471359
0,AINR,ungated,929,1,0,0,1,58.67289999969216,nan,0.852307194471359
0,AINR,ungated,930,1,0,0,1,58.158300000286545,nan,0.852307194471359
0,AINR,ungated,931,1,0,0,1,59.44139999974141,nan,0.852307194471359
0,AINR,ungated,932,1,0,0,1,57.72459999934654,nan,0.852307194471359
0,AINR,ungated,933,1,0,0,1,60.26729999939562,nan,0.852307194471359
0,AINR,ungated,934,1,0,0,1,58.99929999941378,nan,0.852307194471359
0,AINR,ungated,935,1,0,0,1,58.321600000454055,nan,0.852307194471359
0,AINR,ungated,936,1,0,0,1,60.759199999665725,nan,0.852307194471359
0,AINR,ungated,937,1,0,0,1,60.89260000044305,nan,0.852307194471359
0,AINR,ungated,938,1,0,0,1,59.59149999944202,nan,0.852307194471359
0,AINR,ungated,939,1,0,0,1,58.19329999940237,nan,0.852307194471359
0,AINR,ungated,940,1,0,0,1,65.9339000003456,nan,0.852307194471359
0,AINR,ungated,941,1,0,0,1,59.40240000018093,nan,0.852307194471359
0,AINR,ungated,942,1,0,0,1,58.5004000004119,nan,0.852307194471359
0,AINR,ungated,943,1,0,0,1,57.812499999272404,nan,0.852307194471359
0,AINR,ungated,944,1,0,0,1,59.35440000030212,nan,0.852307194471359
0,AINR,ungated,945,1,0,0,1,59.19369999992341,nan,0.852307194471359
0,AINR,ungated,946,1,0,0,1,61.45230000038282,nan,0.852307194471359
0,AINR,ungated,947,1,0,0,1,59.78820000018459,nan,0.852307194471359
0,AINR,ungated,948,1,0,0,1,59.25180000031105,nan,0.852307194471359
0,AINR,ungated,949,1,0,0,1,59.21530000068742,nan,0.852307194471359
0,AINR,ungated,950,1,0,0,1,63.18030000056751,nan,0.852307194471359
0,AINR,ungated,951,1,0,0,1,61.86809999962861,nan,0.852307194471359
0,AINR,ungated,952,1,0,0,1,59.074399999190064,nan,0.852307194471359
0,AINR,ungated,953,1,0,0,1,57.52940000002127,nan,0.852307194471359
0,AINR,ungated,954,1,0,0,1,62.198999999964144,nan,0.852307194471359
0,AINR,ungated,955,1,0,0,1,59.59350000011909,nan,0.852307194471359
0,AINR,ungated,956,1,0,0,1,57.76229999992211,nan,0.852307194471359
0,AINR,ungated,957,1,0,0,1,60.25789999966946,nan,0.852307194471359
0,AINR,ungated,958,1,0,0,1,57.11020000035205,nan,0.852307194471359
0,AINR,ungated,959,1,0,0,1,57.410600000366685,nan,0.852307194471359
0,AINR,ungated,960,1,0,0,1,56.97830000008253,nan,0.852307194471359
0,AINR,ungated,961,1,0,0,1,59.643599999617436,nan,0.852307194471359
0,AINR,ungated,962,1,0,0,1,60.16029999955208,nan,0.852307194471359
0,AINR,ungated,963,1,0,0,1,59.769800000140094,nan,0.852307194471359
0,AINR,ungated,964,1,0,0,1,61.345999999502965,nan,0.852307194471359
0,AINR,ungated,965,1,0,0,1,60.218100000383856,nan,0.852307194471359
0,AINR,ungated,966,1,0,0,1,60.185500000443426,nan,0.852307194471359
0,AINR,ungated,967,1,0,0,1,61.51549999958661,nan,0.852307194471359
0,AINR,ungated,968,1,0,0,1,59.1591000002154,nan,0.852307194471359
0,AINR,ungated,969,1,0,0,1,58.29069999981584,nan,0.852307194471359
0,AINR,ungated,970,1,0,0,1,60.32610000056593,nan,0.852307194471359
0,AINR,ungated,971,1,0,0,1,59.49099999997998,nan,0.852307194471359
0,AINR,ungated,972,1,0,0,1,60.01819999983127,nan,0.852307194471359
0,AINR,ungated,973,1,0,0,1,64.36089999988326,nan,0.852307194471359
0,AINR,ungated,974,1,0,0,1,57.373399999960384,nan,0.852307194471359
0,AINR,ungated,975,1,0,0,1,57.25419999998849,nan,0.852307194471359
0,AINR,ungated,976,1,0,0,1,59.314699999958975,nan,0.852307194471359
0,AINR,ungated,977,1,0,0,1,58.64409999958298,nan,0.852307194471359
0,AINR,ungated,978,1,0,0,1,61.91169999965496,nan,0.852307194471359
0,AINR,ungated,979,1,0,0,1,62.724700000217126,nan,0.852307194471359
0,AINR,ungated,980,1,0,0,1,61.39759999950911,nan,0.852307194471359
0,AINR,ungated,981,1,0,0,1,58.21830000058981,nan,0.852307194471359
0,AINR,ungated,982,1,0,0,1,58.02119999952993,nan,0.852307194471359
0,AINR,ungated,983,1,0,0,1,74.10999999956402,nan,0.852307194471359
0,AINR,ungated,984,1,0,0,1,91.88189999986207,nan,0.852307194471359
0,AINR,ungated,985,1,0,0,1,97.8237999997873,nan,0.852307194471359
0,AINR,ungated,986,1,0,0,1,100.96560000056343,nan,0.852307194471359
0,AINR,ungated,987,1,0,0,1,94.68470000047091,nan,0.852307194471359
0,AINR,ungated,988,1,0,0,1,104.17359999973996,nan,0.852307194471359
0,AINR,ungated,989,1,0,0,1,100.89120000066032,nan,0.852307194471359
0,AINR,ungated,990,1,0,0,1,97.59000000030937,nan,0.852307194471359
0,AINR,ungated,991,1,0,0,1,98.91330000027665,nan,0.852307194471359
0,AINR,ungated,992,1,0,0,1,94.50569999989966,nan,0.852307194471359
0,AINR,ungated,993,1,0,0,1,96.61289999985456,nan,0.852307194471359
0,AINR,ungated,994,1,0,0,1,95.74500000053376,nan,0.852307194471359
0,AINR,ungated,995,1,0,0,1,93.84429999954591,nan,0.852307194471359
0,AINR,ungated,996,1,0,0,1,98.396600000342,nan,0.852307194471359
0,AINR,ungated,997,1,0,0,1,99.65980000015406,nan,0.852307194471359
0,AINR,ungated,998,1,0,0,1,101.00659999989148,nan,0.852307194471359
0,AINR,ungated,999,1,0,0,1,99.74160000001575,nan,0.852307194471359
0,AINR,gated,0,1,0,0,0,nan,nan,0.852307194471359
0,AINR,gated,1,1,0,0,0,nan,nan,0.852307194471359
0,AINR,gated,2,1,0,0,0,nan,nan,0.852307194471359
0,AINR,gated,3,1,0,0,0,nan,nan,0.852307194471359
0,AINR,gated,4,1,0,0,0,nan,nan,0.852307194471359
0,AINR,gated,5,1,0,0,0,nan,nan,0.852307194471359
0,AINR,gated,6,0,1,0,1,64.17070000043168,nan,0.852307194471359
0,AINR,gated,7,1,0,0,0,nan,nan,0.852307194471359
0,AINR,gated,8,1,0,0,0,nan,nan,0.852307194471359
0,AINR,gated,9,1,0,0,0,nan,nan,0.852307194471359
0,AINR,gated,10,1,0,0,0,nan,nan,0.852307194471359
0,AINR,gated,11,1,0,0,0,nan,nan,0.852307194471359
0,AINR,gated,12,1,0,0,0,nan,nan,0.852307194471359
0,AINR,gated,13,1,0,0,0,nan,nan,0.852307194471359
0,AINR,gated,14,1,0,0,0,nan,nan,0.852307194471359
0,AINR,gated,15,1,0,0,0,nan,nan,0.852307194471359
0,AINR,gated,16,1,0,0,0,nan,nan,0.852307194471359
0,AINR,gated,17,1,0,0,0,nan,nan,0.852307194471359
0,AINR,gated,18,0,1,0,1,58.083500000066124,nan,0.852307194471359
0,AINR,gated,19,1,0,0,0,nan,nan,0.852307194471359
0,AINR,gated,20,1,0,0,0,nan,nan,0.852307194471359
0,AINR,gated,21,1,0,0,0,nan,nan,0.852307194471359
0,AINR,gated,22,1,0,0,0,nan,nan,0.852307194471359
0,AINR,gated,23,0,1,0,1,51.4234000002034,nan,0.852307194471359
0,AINR,gated,24,1,0,0,0,nan,nan,0.852307194471359
0,AINR,gated,25,1,0,0,0,nan,nan,0.852307194471359
0,AINR,gated,26,1,0,0,0,nan,nan,0.852307194471359
0,AINR,gated,27,0,1,0,1,60.92649999936839,nan,0.852307194471359
0,AINR,gated,28,0,1,0,1,62.968300000648014,nan,0.852307194471359
0,AINR,gated,29,1,0,0,0,nan,nan,0.852307194471359
0,AINR,gated,30,0,1,0,1,65.97200000032899,nan,0.852307194471359
0,AINR,gated,31,1,0,0,0,nan,nan,0.852307194471359
0,AINR,gated,32,1,0,0,0,nan,nan,0.852307194471359
0,AINR,gated,33,0,1,0,1,65.60590000026423,nan,0.852307194471359
0,AINR,gated,34,1,0,0,0,nan,nan,0.852307194471359
0,AINR,gated,35,1,0,0,0,nan,nan,0.852307194471359
0,AINR,gated,36,0,1,0,1,51.43560000033176,nan,0.852307194471359
0,AINR,gated,37,0,1,0,1,49.74659999970754,nan,0.852307194471359
0,AINR,gated,38,0,1,0,1,54.06500000026426,nan,0.852307194471359
0,AINR,gated,39,0,1,0,1,60.20859999989625,nan,0.852307194471359
0,AINR,gated,40,0,1,0,1,61.102800000298885,nan,0.852307194471359
0,AINR,gated,41,0,1,0,1,58.74339999991207,nan,0.852307194471359
0,AINR,gated,42,0,1,0,1,60.30170000030921,nan,0.852307194471359
0,AINR,gated,43,0,1,0,1,58.836000000155764,nan,0.852307194471359
0,AINR,gated,44,1,0,0,0,nan,nan,0.852307194471359
0,AINR,gated,45,0,1,0,1,74.007299999721,nan,0.852307194471359
0,AINR,gated,46,0,1,0,1,80.67469999969035,nan,0.852307194471359
0,AINR,gated,47,1,0,0,0,nan,nan,0.852307194471359
0,AINR,gated,48,0,1,0,1,51.03460000009363,nan,0.852307194471359
0,AINR,gated,49,0,1,0,1,56.635199999618635,nan,0.852307194471359
0,AINR,gated,50,0,1,0,1,56.46549999983108,nan,0.852307194471359
0,AINR,gated,51,0,1,0,1,59.200000000600994,nan,0.852307194471359
0,AINR,gated,52,1,0,0,0,nan,nan,0.852307194471359
0,AINR,gated,53,0,1,0,1,72.29579999966518,nan,0.852307194471359
0,AINR,gated,54,0,1,0,1,73.70330000048853,nan,0.852307194471359
0,AINR,gated,55,0,1,0,1,72.07089999974414,nan,0.852307194471359
0,AINR,gated,56,0,1,0,1,70.67969999934576,nan,0.852307194471359
0,AINR,gated,57,0,1,0,1,68.3060999999725,nan,0.852307194471359
0,AINR,gated,58,0,1,0,1,69.34499999988475,nan,0.852307194471359
0,AINR,gated,59,0,1,0,1,67.78719999965688,nan,0.852307194471359
0,AINR,gated,60,0,1,0,1,66.30419999964943,nan,0.852307194471359
0,AINR,gated,61,0,1,0,1,64.54389999998966,nan,0.852307194471359
0,AINR,gated,62,0,1,0,1,56.13569999968604,nan,0.852307194471359
0,AINR,gated,63,0,1,0,1,53.47559999972873,nan,0.852307194471359
0,AINR,gated,64,0,1,0,1,54.22709999947983,nan,0.852307194471359
0,AINR,gated,65,0,1,0,1,54.30470000010246,nan,0.852307194471359
0,AINR,gated,66,0,1,0,1,57.97990000064601,nan,0.852307194471359
0,AINR,gated,67,0,1,0,1,59.97750000005908,nan,0.852307194471359
0,AINR,gated,68,0,1,0,1,59.84989999979007,nan,0.852307194471359
0,AINR,gated,69,0,1,0,1,60.304599999653874,nan,0.852307194471359
0,AINR,gated,70,1,0,0,0,nan,nan,0.852307194471359
0,AINR,gated,71,0,1,0,1,72.78580000001966,nan,0.852307194471359
0,AINR,gated,72,0,1,0,1,76.2112000002162,nan,0.852307194471359
0,AINR,gated,73,0,1,0,1,73.67109999995591,nan,0.852307194471359
0,AINR,gated,74,0,1,0,1,71.77330000013171,nan,0.852307194471359
0,AINR,gated,75,0,1,0,1,70.17350000023725,nan,0.852307194471359
0,AINR,gated,76,0,1,0,1,69.60380000055011,nan,0.852307194471359
0,AINR,gated,77,0,1,0,1,65.3903000002174,nan,0.852307194471359
0,AINR,gated,78,0,1,0,1,62.57750000077067,nan,0.852307194471359
0,AINR,gated,79,0,1,0,1,52.92780000036146,nan,0.852307194471359
0,AINR,gated,80,0,1,0,1,53.47520000032091,nan,0.852307194471359
0,AINR,gated,81,0,1,0,1,55.47200000000885,nan,0.852307194471359
0,AINR,gated,82,0,1,0,1,57.96009999994567,nan,0.852307194471359
0,AINR,gated,83,0,1,0,1,59.36790000032488,nan,0.852307194471359
0,AINR,gated,84,0,1,0,1,57.29729999984556,nan,0.852307194471359
0,AINR,gated,85,0,1,0,1,60.4827999995905,nan,0.852307194471359
0,AINR,gated,86,0,1,0,1,58.05289999989327,nan,0.852307194471359
0,AINR,gated,87,0,1,0,1,58.27360000057524,nan,0.852307194471359
0,AINR,gated,88,0,1,0,1,57.68699999953242,nan,0.852307194471359
0,AINR,gated,89,0,1,0,1,58.775299999979325,nan,0.852307194471359
0,AINR,gated,90,1,0,0,0,nan,nan,0.852307194471359
0,AINR,gated,91,0,1,0,1,73.99270000041724,nan,0.852307194471359
0,AINR,gated,92,0,1,0,1,74.29279999996652,nan,0.852307194471359
0,AINR,gated,93,0,1,0,1,76.66450000033365,nan,0.852307194471359
0,AINR,gated,94,0,1,0,1,73.00219999979163,nan,0.852307194471359
0,AINR,gated,95,0,1,0,1,72.85769999998593,nan,0.852307194471359
0,AINR,gated,96,0,1,0,1,71.45740000032674,nan,0.852307194471359
0,AINR,gated,97,0,1,0,1,73.59699999960867,nan,0.852307194471359
0,AINR,gated,98,0,1,0,1,75.8280999998533,nan,0.852307194471359
0,AINR,gated,99,1,0,0,0,nan,nan,0.852307194471359
0,AINR,gated,100,0,1,0,1,52.06679999992048,nan,0.852307194471359
0,AINR,gated,101,0,1,0,1,55.43089999991935,nan,0.852307194471359
0,AINR,gated,102,0,1,0,1,58.237000000190164,nan,0.852307194471359
0,AINR,gated,103,0,1,0,1,57.94789999981731,nan,0.852307194471359
0,AINR,gated,104,0,1,0,1,58.57319999995525,nan,0.852307194471359
0,AINR,gated,105,0,1,0,1,59.226200000011886,nan,0.852307194471359
0,AINR,gated,106,0,1,0,1,58.89370000022609,nan,0.852307194471359
0,AINR,gated,107,0,1,0,1,58.57289999948989,nan,0.852307194471359
0,AINR,gated,108,0,1,0,1,60.40040000061708,nan,0.852307194471359
0,AINR,gated,109,0,1,0,1,59.967000000142434,nan,0.852307194471359
0,AINR,gated,110,0,1,0,1,149.80890000060754,nan,0.852307194471359
0,AINR,gated,111,0,1,0,1,354.89550000056624,nan,0.852307194471359
0,AINR,gated,112,0,1,0,1,67.35159999971074,nan,0.852307194471359
0,AINR,gated,113,0,1,0,1,52.47510000026523,nan,0.852307194471359
0,AINR,gated,114,0,1,0,1,52.70849999942584,nan,0.852307194471359
0,AINR,gated,115,0,1,0,1,48.16899999968882,nan,0.852307194471359
0,AINR,gated,116,0,1,0,1,50.63909999989846,nan,0.852307194471359
0,AINR,gated,117,0,1,0,1,46.51449999983015,nan,0.852307194471359
0,AINR,gated,118,0,1,0,1,49.403399999391695,nan,0.852307194471359
0,AINR,gated,119,0,1,0,1,52.12310000024445,nan,0.852307194471359
0,AINR,gated,120,0,1,0,1,56.24710000029154,nan,0.852307194471359
0,AINR,gated,121,0,1,0,1,64.15599999945698,nan,0.852307194471359
0,AINR,gated,122,0,1,0,1,65.89940000048955,nan,0.852307194471359
0,AINR,gated,123,0,1,0,1,63.079499999730615,nan,0.852307194471359
0,AINR,gated,124,0,1,0,1,64.6098000006532,nan,0.852307194471359
0,AINR,gated,125,1,0,0,0,nan,nan,0.852307194471359
0,AINR,gated,126,0,1,0,1,76.94269999956305,nan,0.852307194471359
0,AINR,gated,127,0,1,0,1,77.71999999931722,nan,0.852307194471359
0,AINR,gated,128,0,1,0,1,75.94719999997324,nan,0.852307194471359
0,AINR,gated,129,1,0,0,0,nan,nan,0.852307194471359
0,AINR,gated,130,0,1,0,1,54.39910000040982,nan,0.852307194471359
0,AINR,gated,131,0,1,0,1,56.6556000003402,nan,0.852307194471359
0,AINR,gated,132,0,1,0,1,60.05359999926441,nan,0.852307194471359
0,AINR,gated,133,1,0,0,0,nan,nan,0.852307194471359
0,AINR,gated,134,0,1,0,1,78.63290000022971,nan,0.852307194471359
0,AINR,gated,135,0,1,0,1,75.24969999940367,nan,0.852307194471359
0,AINR,gated,136,0,1,0,1,71.48589999997057,nan,0.852307194471359
0,AINR,gated,137,0,1,0,1,64.30679999994027,nan,0.852307194471359
0,AINR,gated,138,0,1,0,1,63.43659999947704,nan,0.852307194471359
0,AINR,gated,139,0,1,0,1,60.97689999933209,nan,0.852307194471359
0,AINR,gated,140,0,1,0,1,53.57189999995171,nan,0.852307194471359
0,AINR,gated,141,0,1,0,1,54.9496999992698,nan,0.852307194471359
0,AINR,gated,142,0,1,0,1,59.520700000575744,nan,0.852307194471359
0,AINR,gated,143,1,0,0,0,nan,nan,0.852307194471359
0,AINR,gated,144,0,1,0,1,74.61779999994178,nan,0.852307194471359
0,AINR,gated,145,0,1,0,1,70.42900000033114,nan,0.852307194471359
0,AINR,gated,146,0,1,0,1,64.07969999963825,nan,0.852307194471359
0,AINR,gated,147,0,1,0,1,59.10949999997683,nan,0.852307194471359
0,AINR,gated,148,0,1,0,1,52.57530000017141,nan,0.852307194471359
0,AINR,gated,149,0,1,0,1,59.872299999369716,nan,0.852307194471359
0,AINR,gated,150,0,1,0,1,60.264200000347046,nan,0.852307194471359
0,AINR,gated,151,0,1,0,1,62.993900000037684,nan,0.852307194471359
0,AINR,gated,152,0,1,0,1,64.55849999929342,nan,0.852307194471359
0,AINR,gated,153,0,1,0,1,65.4764000000796,nan,0.852307194471359
0,AINR,gated,154,0,1,0,1,64.31780000002618,nan,0.852307194471359
0,AINR,gated,155,0,1,0,1,61.50900000011461,nan,0.852307194471359
0,AINR,gated,156,0,1,0,1,61.61849999989499,nan,0.852307194471359
0,AINR,gated,157,0,1,0,1,60.68299999969895,nan,0.852307194471359
0,AINR,gated,158,0,1,0,1,60.40159999975003,nan,0.852307194471359
0,AINR,gated,159,0,1,0,1,61.32049999996525,nan,0.852307194471359
0,AINR,gated,160,0,1,0,1,60.36579999999958,nan,0.852307194471359
0,AINR,gated,161,0,1,0,1,58.327700000518234,nan,0.852307194471359
0,AINR,gated,162,0,1,0,1,60.50820000018575,nan,0.852307194471359
0,AINR,gated,163,0,1,0,1,62.36819999958243,nan,0.852307194471359
0,AINR,gated,164,0,1,0,1,60.209900000700145,nan,0.852307194471359
0,AINR,gated,165,0,1,0,1,61.2942000007024,nan,0.852307194471359
0,AINR,gated,166,0,1,0,1,63.666299999567855,nan,0.852307194471359
0,AINR,gated,167,0,1,0,1,60.92629999966448,nan,0.852307194471359
0,AINR,gated,168,0,1,0,1,62.568800000008196,nan,0.852307194471359
0,AINR,gated,169,0,1,0,1,57.07249999977648,nan,0.852307194471359
0,AINR,gated,170,0,1,0,1,60.87730000035663,nan,0.852307194471359
0,AINR,gated,171,0,1,0,1,61.76740000046266,nan,0.852307194471359
0,AINR,gated,172,0,1,0,1,61.49770000047283,nan,0.852307194471359
0,AINR,gated,173,0,1,0,1,61.142800000197894,nan,0.852307194471359
0,AINR,gated,174,0,1,0,1,61.7789999996603,nan,0.852307194471359
0,AINR,gated,175,1,0,0,0,nan,nan,0.852307194471359
0,AINR,gated,176,0,1,0,1,77.75309999942692,nan,0.852307194471359
0,AINR,gated,177,0,1,0,1,73.7050999996427,nan,0.852307194471359
0,AINR,gated,178,0,1,0,1,72.64459999987594,nan,0.852307194471359
0,AINR,gated,179,0,1,0,1,71.89959999959683,nan,0.852307194471359
0,AINR,gated,180,0,1,0,1,71.49200000003475,nan,0.852307194471359
0,AINR,gated,181,0,1,0,1,69.7556999994049,nan,0.852307194471359
0,AINR,gated,182,0,1,0,1,58.72579999959271,nan,0.852307194471359
0,AINR,gated,183,0,1,0,1,53.1117999998969,nan,0.852307194471359
0,AINR,gated,184,0,1,0,1,60.7505999996647,nan,0.852307194471359
0,AINR,gated,185,0,1,0,1,61.137499999858846,nan,0.852307194471359
0,AINR,gated,186,1,0,0,0,nan,nan,0.852307194471359
0,AINR,gated,187,0,1,0,1,80.28869999998278,nan,0.852307194471359
0,AINR,gated,188,1,0,0,0,nan,nan,0.852307194471359
0,AINR,gated,189,0,1,0,1,52.1853000000192,nan,0.852307194471359
0,AINR,gated,190,0,1,0,1,59.236000000055355,nan,0.852307194471359
0,AINR,gated,191,0,1,0,1,61.40860000050452,nan,0.852307194471359
0,AINR,gated,192,0,1,0,1,64.1328000001522,nan,0.852307194471359
0,AINR,gated,193,0,1,0,1,61.46870000065974,nan,0.852307194471359
0,AINR,gated,194,0,1,0,1,61.35519999952521,nan,0.852307194471359
0,AINR,gated,195,0,1,0,1,62.26119999973889,nan,0.852307194471359
0,AINR,gated,196,0,1,0,1,59.99530000008235,nan,0.852307194471359
0,AINR,gated,197,0,1,0,1,63.40810000074271,nan,0.852307194471359
0,AINR,gated,198,0,1,0,1,61.75280000024941,nan,0.852307194471359
0,AINR,gated,199,0,1,0,1,61.60660000023199,nan,0.852307194471359
0,AINR,gated,200,0,1,0,1,63.68020000081742,nan,0.852307194471359
0,AINR,gated,201,0,1,0,1,55.27020000045013,nan,0.852307194471359
0,AINR,gated,202,0,1,0,1,61.885100000836246,nan,0.852307194471359
0,AINR,gated,203,0,1,0,1,62.61720000020432,nan,0.852307194471359
0,AINR,gated,204,0,1,0,1,60.708099999828846,nan,0.852307194471359
0,AINR,gated,205,0,1,0,1,60.358800000358315,nan,0.852307194471359
0,AINR,gated,206,0,1,0,1,59.33550000008836,nan,0.852307194471359
0,AINR,gated,207,0,1,0,1,60.2614999997968,nan,0.852307194471359
0,AINR,gated,208,0,1,0,1,60.80000000019936,nan,0.852307194471359
0,AINR,gated,209,0,1,0,1,61.083099999450496,nan,0.852307194471359
0,AINR,gated,210,0,1,0,1,64.40510000084032,nan,0.852307194471359
0,AINR,gated,211,0,1,0,1,60.66559999999299,nan,0.852307194471359
0,AINR,gated,212,0,1,0,1,61.874200000602286,nan,0.852307194471359
0,AINR,gated,213,0,1,0,1,62.49810000008438,nan,0.852307194471359
0,AINR,gated,214,0,1,0,1,62.09299999954965,nan,0.852307194471359
0,AINR,gated,215,0,1,0,1,63.45859999964887,nan,0.852307194471359
0,AINR,gated,216,0,1,0,1,62.92909999956464,nan,0.852307194471359
0,AINR,gated,217,0,1,0,1,64.14300000051298,nan,0.852307194471359
0,AINR,gated,218,1,0,0,0,nan,nan,0.852307194471359
0,AINR,gated,219,0,1,0,1,78.38679999986198,nan,0.852307194471359
0,AINR,gated,220,0,1,0,1,73.9622999999483,nan,0.852307194471359
0,AINR,gated,221,0,1,0,1,74.69680000031076,nan,0.852307194471359
0,AINR,gated,222,0,1,0,1,79.28019999962999,nan,0.852307194471359
0,AINR,gated,223,0,1,0,1,78.08599999953003,nan,0.852307194471359
0,AINR,gated,224,0,1,0,1,73.16149999951449,nan,0.852307194471359
0,AINR,gated,225,0,1,0,1,78.8326000001689,nan,0.852307194471359
0,AINR,gated,226,1,0,0,0,nan,nan,0.852307194471359
0,AINR,gated,227,0,1,0,1,56.188599999586586,nan,0.852307194471359
0,AINR,gated,228,0,1,0,1,58.89789999946515,nan,0.852307194471359
0,AINR,gated,229,0,1,0,1,62.27519999993092,nan,0.852307194471359
0,AINR,gated,230,0,1,0,1,56.28039999919565,nan,0.852307194471359
0,AINR,gated,231,0,1,0,1,61.90080000033049,nan,0.852307194471359
0,AINR,gated,232,0,1,0,1,62.14159999944968,nan,0.852307194471359
0,AINR,gated,233,0,1,0,1,61.31310000000667,nan,0.852307194471359
0,AINR,gated,234,0,1,0,1,68.03930000023684,nan,0.852307194471359
0,AINR,gated,235,0,1,0,1,60.24119999983668,nan,0.852307194471359
0,AINR,gated,236,0,1,0,1,61.530799999673036,nan,0.852307194471359
0,AINR,gated,237,0,1,0,1,62.52490000042599,nan,0.852307194471359
0,AINR,gated,238,0,1,0,1,64.2625999998927,nan,0.852307194471359
0,AINR,gated,239,0,1,0,1,60.48299999929441,nan,0.852307194471359
0,AINR,gated,240,0,1,0,1,62.49429999934364,nan,0.852307194471359
0,AINR,gated,241,0,1,0,1,62.92289999964851,nan,0.852307194471359
0,AINR,gated,242,0,1,0,1,59.4664999998713,nan,0.852307194471359
0,AINR,gated,243,0,1,0,1,64.106200000424,nan,0.852307194471359
0,AINR,gated,244,0,1,0,1,64.41759999961505,nan,0.852307194471359
0,AINR,gated,245,0,1,0,1,60.75359999977081,nan,0.852307194471359
0,AINR,gated,246,0,1,0,1,59.70179999985703,nan,0.852307194471359
0,AINR,gated,247,0,1,0,1,61.06830000044283,nan,0.852307194471359
0,AINR,gated,248,0,1,0,1,64.21829999999318,nan,0.852307194471359
0,AINR,gated,249,0,1,0,1,61.47400000008929,nan,0.852307194471359
0,AINR,gated,250,0,1,0,1,61.222799999995914,nan,0.852307194471359
0,AINR,gated,251,0,1,0,1,62.66349999987142,nan,0.852307194471359
0,AINR,gated,252,0,1,0,1,62.51880000036181,nan,0.852307194471359
0,AINR,gated,253,0,1,0,1,64.40610000026936,nan,0.852307194471359
0,AINR,gated,254,0,1,0,1,60.30529999952705,nan,0.852307194471359
0,AINR,gated,255,0,1,0,1,59.171900000364985,nan,0.852307194471359
0,AINR,gated,256,0,1,0,1,60.94329999996262,nan,0.852307194471359
0,AINR,gated,257,0,1,0,1,62.38819999998668,nan,0.852307194471359
0,AINR,gated,258,0,1,0,1,60.34980000003998,nan,0.852307194471359
0,AINR,gated,259,0,1,0,1,65.19140000000334,nan,0.852307194471359
0,AINR,gated,260,0,1,0,1,59.38590000005206,nan,0.852307194471359
0,AINR,gated,261,0,1,0,1,61.824000000342494,nan,0.852307194471359
0,AINR,gated,262,0,1,0,1,60.26599999950122,nan,0.852307194471359
0,AINR,gated,263,0,1,0,1,58.852899999692454,nan,0.852307194471359
0,AINR,gated,264,0,1,0,1,59.99919999976555,nan,0.852307194471359
0,AINR,gated,265,0,1,0,1,61.33680000039021,nan,0.852307194471359
0,AINR,gated,266,0,1,0,1,61.447600000064995,nan,0.852307194471359
0,AINR,gated,267,0,1,0,1,65.67850000010367,nan,0.852307194471359
0,AINR,gated,268,0,1,0,1,62.01080000028014,nan,0.852307194471359
0,AINR,gated,269,0,1,0,1,58.56960000073741,nan,0.852307194471359
0,AINR,gated,270,0,1,0,1,62.228699999650416,nan,0.852307194471359
0,AINR,gated,271,0,1,0,1,62.97140000060608,nan,0.852307194471359
0,AINR,gated,272,0,1,0,1,62.25949999952718,nan,0.852307194471359
0,AINR,gated,273,0,1,0,1,67.900500000178,nan,0.852307194471359
0,AINR,gated,274,0,1,0,1,63.70890000016516,nan,0.852307194471359
0,AINR,gated,275,0,1,0,1,60.68739999955142,nan,0.852307194471359
0,AINR,gated,276,0,1,0,1,65.68830000014714,nan,0.852307194471359
0,AINR,gated,277,0,1,0,1,65.04540000059933,nan,0.852307194471359
0,AINR,gated,278,0,1,0,1,60.30449999980192,nan,0.852307194471359
0,AINR,gated,279,0,1,0,1,63.04000000000087,nan,0.852307194471359
0,AINR,gated,280,0,1,0,1,62.48099999993428,nan,0.852307194471359
0,AINR,gated,281,0,1,0,1,62.86569999974745,nan,0.852307194471359
0,AINR,gated,282,0,1,0,1,64.07149999995454,nan,0.852307194471359
0,AINR,gated,283,0,1,0,1,63.44279999939317,nan,0.852307194471359
0,AINR,gated,284,0,1,0,1,62.90450000051351,nan,0.852307194471359
0,AINR,gated,285,0,1,0,1,63.32849999944301,nan,0.852307194471359
0,AINR,gated,286,0,1,0,1,64.06950000018696,nan,0.852307194471359
0,AINR,gated,287,0,1,0,1,66.00799999978335,nan,0.852307194471359
0,AINR,gated,288,0,1,0,1,66.26000000051135,nan,0.852307194471359
0,AINR,gated,289,0,1,0,1,62.10319999991043,nan,0.852307194471359
0,AINR,gated,290,0,1,0,1,61.17859999994835,nan,0.852307194471359
0,AINR,gated,291,0,1,0,1,60.40430000030028,nan,0.852307194471359
0,AINR,gated,292,0,1,0,1,59.33219999951689,nan,0.852307194471359
0,AINR,gated,293,0,1,0,1,60.77610000011191,nan,0.852307194471359
0,AINR,gated,294,0,1,0,1,60.03210000017134,nan,0.852307194471359
0,AINR,gated,295,0,1,0,1,63.37019999955373,nan,0.852307194471359
0,AINR,gated,296,0,1,0,1,62.96870000005583,nan,0.852307194471359
0,AINR,gated,297,0,1,0,1,64.22719999955007,nan,0.852307194471359
0,AINR,gated,298,0,1,0,1,60.9969999995883,nan,0.852307194471359
0,AINR,gated,299,0,1,0,1,61.81589999960124,nan,0.852307194471359
0,AINR,gated,300,0,1,0,1,62.99399999988964,nan,0.852307194471359
0,AINR,gated,301,1,0,0,0,nan,nan,0.852307194471359
0,AINR,gated,302,0,1,0,1,78.89010000053531,nan,0.852307194471359
0,AINR,gated,303,0,1,0,1,76.15540000006149,nan,0.852307194471359
0,AINR,gated,304,0,1,0,1,72.27379999949335,nan,0.852307194471359
0,AINR,gated,305,0,1,0,1,80.42139999997744,nan,0.852307194471359
0,AINR,gated,306,0,1,0,1,78.26240000031248,nan,0.852307194471359
0,AINR,gated,307,0,1,0,1,75.20670000030805,nan,0.852307194471359
0,AINR,gated,308,0,1,0,1,78.82719999997789,nan,0.852307194471359
0,AINR,gated,309,0,1,0,1,79.53659999930096,nan,0.852307194471359
0,AINR,gated,310,0,1,0,1,74.44379999924422,nan,0.852307194471359
0,AINR,gated,311,0,1,0,1,72.88840000001073,nan,0.852307194471359
0,AINR,gated,312,0,1,0,1,73.78749999952561,nan,0.852307194471359
0,AINR,gated,313,0,1,0,1,65.00380000034056,nan,0.852307194471359
0,AINR,gated,314,0,1,0,1,69.52619999992748,nan,0.852307194471359
0,AINR,gated,315,0,1,0,1,66.77380000019184,nan,0.852307194471359
0,AINR,gated,316,0,1,0,1,64.89260000034847,nan,0.852307194471359
0,AINR,gated,317,0,1,0,1,61.97569999949337,nan,0.852307194471359
0,AINR,gated,318,0,1,0,1,61.187400000562775,nan,0.852307194471359
0,AINR,gated,319,0,1,0,1,62.69040000006498,nan,0.852307194471359
0,AINR,gated,320,0,1,0,1,62.3740999999427,nan,0.852307194471359
0,AINR,gated,321,0,1,0,1,63.570399999662186,nan,0.852307194471359
0,AINR,gated,322,0,1,0,1,61.937799999213894,nan,0.852307194471359
0,AINR,gated,323,0,1,0,1,61.32679999973334,nan,0.852307194471359
0,AINR,gated,324,0,1,0,1,62.33220000012807,nan,0.852307194471359
0,AINR,gated,325,0,1,0,1,60.95200000072509,nan,0.852307194471359
0,AINR,gated,326,1,0,0,0,nan,nan,0.852307194471359
0,AINR,gated,327,0,1,0,1,68.27960000009625,nan,0.852307194471359
0,AINR,gated,328,0,1,0,1,69.21489999967889,nan,0.852307194471359
0,AINR,gated,329,0,1,0,1,63.27329999930953,nan,0.852307194471359
0,AINR,gated,330,0,1,0,1,53.46839999947406,nan,0.852307194471359
0,AINR,gated,331,0,1,0,1,56.805599999279366,nan,0.852307194471359
0,AINR,gated,332,0,1,0,1,59.74439999954484,nan,0.852307194471359
0,AINR,gated,333,0,1,0,1,62.4524000004385,nan,0.852307194471359
0,AINR,gated,334,0,1,0,1,58.909300000777876,nan,0.852307194471359
0,AINR,gated,335,0,1,0,1,60.374400000000605,nan,0.852307194471359
0,AINR,gated,336,0,1,0,1,63.61500000002707,nan,0.852307194471359
0,AINR,gated,337,0,1,0,1,64.2041999999492,nan,0.852307194471359
0,AINR,gated,338,0,1,0,1,63.1069999999454,nan,0.852307194471359
0,AINR,gated,339,0,1,0,1,61.27040000046691,nan,0.852307194471359
0,AINR,gated,340,0,1,0,1,60.959899999943445,nan,0.852307194471359
0,AINR,gated,341,0,1,0,1,60.82590000005439,nan,0.852307194471359
0,AINR,gated,342,0,1,0,1,59.22759999975824,nan,0.852307194471359
0,AINR,gated,343,0,1,0,1,59.256399999867426,nan,0.852307194471359
0,AINR,gated,344,0,1,0,1,61.88800000018091,nan,0.852307194471359
0,AINR,gated,345,0,1,0,1,59.95549999988725,nan,0.852307194471359
0,AINR,gated,346,0,1,0,1,58.033899999827554,nan,0.852307194471359
0,AINR,gated,347,0,1,0,1,61.086900000191235,nan,0.852307194471359
0,AINR,gated,348,0,1,0,1,64.39620000037394,nan,0.852307194471359
0,AINR,gated,349,0,1,0,1,67.9904999997234,nan,0.852307194471359
0,AINR,gated,350,0,1,0,1,61.22560000039812,nan,0.852307194471359
0,AINR,gated,351,0,1,0,1,61.452599999938684,nan,0.852307194471359
0,AINR,gated,352,0,1,0,1,61.22059999961493,nan,0.852307194471359
0,AINR,gated,353,0,1,0,1,63.6450000001787,nan,0.852307194471359
0,AINR,gated,354,0,1,0,1,60.130300000309944,nan,0.852307194471359
0,AINR,gated,355,0,1,0,1,59.786300000268966,nan,0.852307194471359
0,AINR,gated,356,0,1,0,1,64.39349999982369,nan,0.852307194471359
0,AINR,gated,357,0,1,0,1,60.77709999954095,nan,0.852307194471359
0,AINR,gated,358,1,0,0,0,nan,nan,0.852307194471359
0,AINR,gated,359,0,1,0,1,76.21800000015355,nan,0.852307194471359
0,AINR,gated,360,0,1,0,1,64.83250000019325,nan,0.852307194471359
0,AINR,gated,361,1,0,0,0,nan,nan,0.852307194471359
0,AINR,gated,362,0,1,0,1,58.734199999889825,nan,0.852307194471359
0,AINR,gated,363,0,1,0,1,69.2125000005035,nan,0.852307194471359
0,AINR,gated,364,0,1,0,1,65.75859999975364,nan,0.852307194471359
0,AINR,gated,365,0,1,0,1,67.35889999981737,nan,0.852307194471359
0,AINR,gated,366,0,1,0,1,72.62549999995827,nan,0.852307194471359
0,AINR,gated,367,0,1,0,1,63.26520000038727,nan,0.852307194471359
0,AINR,gated,368,0,1,0,1,61.339699999734876,nan,0.852307194471359
0,AINR,gated,369,0,1,0,1,61.25640000027488,nan,0.852307194471359
0,AINR,gated,370,0,1,0,1,61.17259999973612,nan,0.852307194471359
0,AINR,gated,371,0,1,0,1,59.52699999943434,nan,0.852307194471359
0,AINR,gated,372,0,1,0,1,63.117599999714,nan,0.852307194471359
0,AINR,gated,373,0,1,0,1,57.92380000002595,nan,0.852307194471359
0,AINR,gated,374,0,1,0,1,61.255000000528526,nan,0.852307194471359
0,AINR,gated,375,0,1,0,1,60.8553000001848,nan,0.852307194471359
0,AINR,gated,376,0,1,0,1,56.47309999949357,nan,0.852307194471359
0,AINR,gated,377,0,1,0,1,61.70990000009624,nan,0.852307194471359
0,AINR,gated,378,0,1,0,1,62.00009999975009,nan,0.852307194471359
0,AINR,gated,379,0,1,0,1,59.03370000032737,nan,0.852307194471359
0,AINR,gated,380,0,1,0,1,62.51609999981156,nan,0.852307194471359
0,AINR,gated,381,0,1,0,1,60.55819999983214,nan,0.852307194471359
0,AINR,gated,382,0,1,0,1,58.505500000137545,nan,0.852307194471359
0,AINR,gated,383,0,1,0,1,64.1021000001274,nan,0.852307194471359
0,AINR,gated,384,0,1,0,1,61.51549999958661,nan,0.852307194471359
0,AINR,gated,385,0,1,0,1,62.28770000052464,nan,0.852307194471359
0,AINR,gated,386,0,1,0,1,63.029899999492045,nan,0.852307194471359
0,AINR,gated,387,0,1,0,1,63.14640000073268,nan,0.852307194471359
0,AINR,gated,388,0,1,0,1,62.45790000048146,nan,0.852307194471359
0,AINR,gated,389,0,1,0,1,63.054299999748764,nan,0.852307194471359
0,AINR,gated,390,0,1,0,1,59.875900000406546,nan,0.852307194471359
0,AINR,gated,391,0,1,0,1,64.82919999962178,nan,0.852307194471359
0,AINR,gated,392,0,1,0,1,65.28679999973974,nan,0.852307194471359
0,AINR,gated,393,0,1,0,1,63.023900000189315,nan,0.852307194471359
0,AINR,gated,394,0,1,0,1,63.39899999966292,nan,0.852307194471359
0,AINR,gated,395,0,1,0,1,60.38340000031894,nan,0.852307194471359
0,AINR,gated,396,0,1,0,1,64.4892999998774,nan,0.852307194471359
0,AINR,gated,397,0,1,0,1,67.38599999971484,nan,0.852307194471359
0,AINR,gated,398,0,1,0,1,60.1223999992726,nan,0.852307194471359
0,AINR,gated,399,0,1,0,1,64.58440000005794,nan,0.852307194471359
0,AINR,gated,400,0,1,0,1,58.626400000321155,nan,0.852307194471359
0,AINR,gated,401,0,1,0,1,62.15169999995851,nan,0.852307194471359
0,AINR,gated,402,0,1,0,1,64.91840000035154,nan,0.852307194471359
0,AINR,gated,403,0,1,0,1,62.30809999942721,nan,0.852307194471359
0,AINR,gated,404,0,1,0,1,63.30789999992703,nan,0.852307194471359
0,AINR,gated,405,0,1,0,1,61.37259999923117,nan,0.852307194471359
0,AINR,gated,406,0,1,0,1,63.13640000007581,nan,0.852307194471359
0,AINR,gated,407,0,1,0,1,63.71240000044054,nan,0.852307194471359
0,AINR,gated,408,0,1,0,1,64.17349999992439,nan,0.852307194471359
0,AINR,gated,409,0,1,0,1,60.92979999993986,nan,0.852307194471359
0,AINR,gated,410,0,1,0,1,61.811000000489,nan,0.852307194471359
0,AINR,gated,411,0,1,0,1,59.80009999984759,nan,0.852307194471359
0,AINR,gated,412,1,0,0,0,nan,nan,0.852307194471359
0,AINR,gated,413,0,1,0,1,76.85500000025058,nan,0.852307194471359
0,AINR,gated,414,0,1,0,1,74.95079999989684,nan,0.852307194471359
0,AINR,gated,415,0,1,0,1,77.44869999987714,nan,0.852307194471359
0,AINR,gated,416,0,1,0,1,74.67069999984233,nan,0.852307194471359
0,AINR,gated,417,0,1,0,1,73.25440000022354,nan,0.852307194471359
0,AINR,gated,418,0,1,0,1,70.99339999967924,nan,0.852307194471359
0,AINR,gated,419,0,1,0,1,63.756800000192015,nan,0.852307194471359
0,AINR,gated,420,0,1,0,1,59.379100000114704,nan,0.852307194471359
0,AINR,gated,421,0,1,0,1,53.00910000005388,nan,0.852307194471359
0,AINR,gated,422,0,1,0,1,59.93529999977909,nan,0.852307194471359
0,AINR,gated,423,0,1,0,1,60.42280000019673,nan,0.852307194471359
0,AINR,gated,424,0,1,0,1,58.89850000039587,nan,0.852307194471359
0,AINR,gated,425,0,1,0,1,61.310600000069826,nan,0.852307194471359
0,AINR,gated,426,0,1,0,1,61.65419999979349,nan,0.852307194471359
0,AINR,gated,427,0,1,0,1,63.15160000031028,nan,0.852307194471359
0,AINR,gated,428,0,1,0,1,58.72400000043854,nan,0.852307194471359
0,AINR,gated,429,1,0,0,0,nan,nan,0.852307194471359
0,AINR,gated,430,0,1,0,1,67.52810000034515,nan,0.852307194471359
0,AINR,gated,431,0,1,0,1,68.84189999982482,nan,0.852307194471359
0,AINR,gated,432,0,1,0,1,62.40940000043338,nan,0.852307194471359
0,AINR,gated,433,0,1,0,1,59.758100000181,nan,0.852307194471359
0,AINR,gated,434,1,0,0,0,nan,nan,0.852307194471359
0,AINR,gated,435,0,1,0,1,62.61369999992894,nan,0.852307194471359
0,AINR,gated,436,0,1,0,1,65.7242999996015,nan,0.852307194471359
0,AINR,gated,437,0,1,0,1,65.54249999953754,nan,0.852307194471359
0,AINR,gated,438,1,0,0,0,nan,nan,0.852307194471359
0,AINR,gated,439,0,1,0,1,69.14959999994608,nan,0.852307194471359
0,AINR,gated,440,0,1,0,1,67.35599999956321,nan,0.852307194471359
0,AINR,gated,441,0,1,0,1,52.273799999966286,nan,0.852307194471359
0,AINR,gated,442,0,1,0,1,55.430400000659574,nan,0.852307194471359
0,AINR,gated,443,0,1,0,1,55.109799999627285,nan,0.852307194471359
0,AINR,gated,444,0,1,0,1,56.960300000355346,nan,0.852307194471359
0,AINR,gated,445,0,1,0,1,62.08329999935813,nan,0.852307194471359
0,AINR,gated,446,0,1,0,1,60.85879999955068,nan,0.852307194471359
0,AINR,gated,447,0,1,0,1,63.801999999668624,nan,0.852307194471359
0,AINR,gated,448,0,1,0,1,60.58659999962401,nan,0.852307194471359
0,AINR,gated,449,0,1,0,1,60.18489999951271,nan,0.852307194471359
0,AINR,gated,450,0,1,0,1,59.26180000005843,nan,0.852307194471359
0,AINR,gated,451,0,1,0,1,61.235999999553314,nan,0.852307194471359
0,AINR,gated,452,0,1,0,1,61.82429999989836,nan,0.852307194471359
0,AINR,gated,453,0,1,0,1,60.529200000019046,nan,0.852307194471359
0,AINR,gated,454,0,1,0,1,61.046100000567094,nan,0.852307194471359
0,AINR,gated,455,0,1,0,1,60.665899999548856,nan,0.852307194471359
0,AINR,gated,456,0,1,0,1,58.697599999504746,nan,0.852307194471359
0,AINR,gated,457,0,1,0,1,59.30900000021211,nan,0.852307194471359
0,AINR,gated,458,0,1,0,1,61.52430000020104,nan,0.852307194471359
0,AINR,gated,459,0,1,0,1,63.87119999999413,nan,0.852307194471359
0,AINR,gated,460,0,1,0,1,60.92839999928401,nan,0.852307194471359
0,AINR,gated,461,0,1,0,1,61.50869999964925,nan,0.852307194471359
0,AINR,gated,462,0,1,0,1,60.60990000059974,nan,0.852307194471359
0,AINR,gated,463,0,1,0,1,59.36350000047241,nan,0.852307194471359
0,AINR,gated,464,0,1,0,1,59.0862000008201,nan,0.852307194471359
0,AINR,gated,465,0,1,0,1,58.73249999967811,nan,0.852307194471359
0,AINR,gated,466,0,1,0,1,60.72070000027452,nan,0.852307194471359
0,AINR,gated,467,0,1,0,1,62.96070000007603,nan,0.852307194471359
0,AINR,gated,468,0,1,0,1,62.623400000120455,nan,0.852307194471359
0,AINR,gated,469,0,1,0,1,63.441400000556314,nan,0.852307194471359
0,AINR,gated,470,0,1,0,1,65.33949999993638,nan,0.852307194471359
0,AINR,gated,471,0,1,0,1,61.66459999985818,nan,0.852307194471359
0,AINR,gated,472,0,1,0,1,61.72749999950611,nan,0.852307194471359
0,AINR,gated,473,0,1,0,1,59.60880000020552,nan,0.852307194471359
0,AINR,gated,474,0,1,0,1,59.234899999864865,nan,0.852307194471359
0,AINR,gated,475,0,1,0,1,58.104099999582104,nan,0.852307194471359
0,AINR,gated,476,0,1,0,1,62.00580000040645,nan,0.852307194471359
0,AINR,gated,477,0,1,0,1,60.62889999975596,nan,0.852307194471359
0,AINR,gated,478,0,1,0,1,59.715000000323926,nan,0.852307194471359
0,AINR,gated,479,0,1,0,1,60.821199999736564,nan,0.852307194471359
0,AINR,gated,480,0,1,0,1,62.58720000005269,nan,0.852307194471359
0,AINR,gated,481,0,1,0,1,62.275100000078965,nan,0.852307194471359
0,AINR,gated,482,0,1,0,1,63.25769999966724,nan,0.852307194471359
0,AINR,gated,483,0,1,0,1,62.37650000002759,nan,0.852307194471359
0,AINR,gated,484,0,1,0,1,61.828300000343006,nan,0.852307194471359
0,AINR,gated,485,0,1,0,1,61.2991999996666,nan,0.852307194471359
0,AINR,gated,486,0,1,0,1,62.850699999216886,nan,0.852307194471359
0,AINR,gated,487,0,1,0,1,62.8034999999727,nan,0.852307194471359
0,AINR,gated,488,0,1,0,1,63.47249999998894,nan,0.852307194471359
0,AINR,gated,489,0,1,0,1,61.70419999943988,nan,0.852307194471359
0,AINR,gated,490,0,1,0,1,59.64510000012524,nan,0.852307194471359
0,AINR,gated,491,0,1,0,1,59.6361000007164,nan,0.852307194471359
0,AINR,gated,492,0,1,0,1,59.96860000050219,nan,0.852307194471359
0,AINR,gated,493,0,1,0,1,59.0368999992279,nan,0.852307194471359
0,AINR,gated,494,0,1,0,1,58.56760000006034,nan,0.852307194471359
0,AINR,gated,495,0,1,0,1,62.17039999955887,nan,0.852307194471359
0,AINR,gated,496,0,1,0,1,64.14769999992131,nan,0.852307194471359
0,AINR,gated,497,0,1,0,1,62.36960000023828,nan,0.852307194471359
0,AINR,gated,498,0,1,0,1,63.85500000033062,nan,0.852307194471359
0,AINR,gated,499,0,1,0,1,62.43410000024596,nan,0.852307194471359
0,AINR,gated,500,0,1,0,1,59.46680000033666,nan,0.852307194471359
0,AINR,gated,501,0,1,0,1,61.87250000039057,nan,0.852307194471359
0,AINR,gated,502,0,1,0,1,60.085500000241154,nan,0.852307194471359
0,AINR,gated,503,0,1,0,1,62.62530000003608,nan,0.852307194471359
0,AINR,gated,504,0,1,0,1,59.2837000003783,nan,0.852307194471359
0,AINR,gated,505,0,1,0,1,57.877299999745446,nan,0.852307194471359
0,AINR,gated,506,0,1,0,1,60.48890000056417,nan,0.852307194471359
0,AINR,gated,507,0,1,0,1,60.61980000049516,nan,0.852307194471359
0,AINR,gated,508,0,1,0,1,60.26659999952244,nan,0.852307194471359
0,AINR,gated,509,1,0,0,0,nan,nan,0.852307194471359
0,AINR,gated,510,0,1,0,1,74.36159999997471,nan,0.852307194471359
0,AINR,gated,511,0,1,0,1,75.31270000072254,nan,0.852307194471359
0,AINR,gated,512,1,0,0,0,nan,nan,0.852307194471359
0,AINR,gated,513,0,1,0,1,55.66059999910067,nan,0.852307194471359
0,AINR,gated,514,0,1,0,1,59.509699999580334,nan,0.852307194471359
0,AINR,gated,515,0,1,0,1,61.86290000005101,nan,0.852307194471359
0,AINR,gated,516,0,1,0,1,61.05509999997594,nan,0.852307194471359
0,AINR,gated,517,0,1,0,1,62.36369999987801,nan,0.852307194471359
0,AINR,gated,518,0,1,0,1,59.59700000039447,nan,0.852307194471359
0,AINR,gated,519,0,1,0,1,58.39319999995496,nan,0.852307194471359
0,AINR,gated,520,0,1,0,1,61.492099999668426,nan,0.852307194471359
0,AINR,gated,521,0,1,0,1,60.38230000012845,nan,0.852307194471359
0,AINR,gated,522,0,1,0,1,61.686899999585876,nan,0.852307194471359
0,AINR,gated,523,0,1,0,1,62.7690999999686,nan,0.852307194471359
0,AINR,gated,524,0,1,0,1,64.93890000001556,nan,0.852307194471359
0,AINR,gated,525,0,1,0,1,63.49769999997079,nan,0.852307194471359
0,AINR,gated,526,0,1,0,1,61.12529999973049,nan,0.852307194471359
0,AINR,gated,527,0,1,0,1,64.64010000036069,nan,0.852307194471359
0,AINR,gated,528,0,1,0,1,63.24129999939032,nan,0.852307194471359
0,AINR,gated,529,0,1,0,1,71.88419999965845,nan,0.852307194471359
0,AINR,gated,530,0,1,0,1,65.68489999972371,nan,0.852307194471359
0,AINR,gated,531,0,1,0,1,61.5124999994805,nan,0.852307194471359
0,AINR,gated,532,0,1,0,1,60.95110000023851,nan,0.852307194471359
0,AINR,gated,533,1,0,0,0,nan,nan,0.852307194471359
0,AINR,gated,534,0,1,0,1,77.60049999978946,nan,0.852307194471359
0,AINR,gated,535,0,1,0,1,71.36030000037863,nan,0.852307194471359
0,AINR,gated,536,0,1,0,1,67.6143000000593,nan,0.852307194471359
0,AINR,gated,537,0,1,0,1,63.329999999950815,nan,0.852307194471359
0,AINR,gated,538,0,1,0,1,53.08030000014696,nan,0.852307194471359
0,AINR,gated,539,0,1,0,1,54.32620000010502,nan,0.852307194471359
0,AINR,gated,540,0,1,0,1,55.35129999952915,nan,0.852307194471359
0,AINR,gated,541,0,1,0,1,57.63600000045699,nan,0.852307194471359
0,AINR,gated,542,0,1,0,1,58.92390000008163,nan,0.852307194471359
0,AINR,gated,543,0,1,0,1,58.05199999940669,nan,0.852307194471359
0,AINR,gated,544,0,1,0,1,58.2522999993671,nan,0.852307194471359
0,AINR,gated,545,0,1,0,1,59.59640000037325,nan,0.852307194471359
0,AINR,gated,546,0,1,0,1,60.722700000042096,nan,0.852307194471359
0,AINR,gated,547,0,1,0,1,59.45570000039879,nan,0.852307194471359
0,AINR,gated,548,0,1,0,1,64.50490000042919,nan,0.852307194471359
0,AINR,gated,549,0,1,0,1,60.98900000051799,nan,0.852307194471359
0,AINR,gated,550,0,1,0,1,61.83620000047085,nan,0.852307194471359
0,AINR,gated,551,0,1,0,1,59.46380000023055,nan,0.852307194471359
0,AINR,gated,552,0,1,0,1,60.068499999943015,nan,0.852307194471359
0,AINR,gated,553,0,1,0,1,60.712299999977404,nan,0.852307194471359
0,AINR,gated,554,0,1,0,1,59.67950000012934,nan,0.852307194471359
0,AINR,gated,555,0,1,0,1,61.349800000243704,nan,0.852307194471359
0,AINR,gated,556,0,1,0,1,60.674599999401835,nan,0.852307194471359
0,AINR,gated,557,0,1,0,1,64.5459999996092,nan,0.852307194471359
0,AINR,gated,558,0,1,0,1,62.78580000071088,nan,0.852307194471359
0,AINR,gated,559,0,1,0,1,62.62189999961265,nan,0.852307194471359
0,AINR,gated,560,0,1,0,1,62.56089999988035,nan,0.852307194471359
0,AINR,gated,561,0,1,0,1,59.15819999972882,nan,0.852307194471359
0,AINR,gated,562,0,1,0,1,61.446100000466686,nan,0.852307194471359
0,AINR,gated,563,0,1,0,1,57.4029999997947,nan,0.852307194471359
0,AINR,gated,564,0,1,0,1,59.201000000030035,nan,0.852307194471359
0,AINR,gated,565,0,1,0,1,63.80390000049374,nan,0.852307194471359
0,AINR,gated,566,0,1,0,1,59.99340000016673,nan,0.852307194471359
0,AINR,gated,567,0,1,0,1,60.833099999399565,nan,0.852307194471359
0,AINR,gated,568,0,1,0,1,59.304899999915506,nan,0.852307194471359
0,AINR,gated,569,0,1,0,1,61.55069999931584,nan,0.852307194471359
0,AINR,gated,570,0,1,0,1,57.44159999994736,nan,0.852307194471359
0,AINR,gated,571,0,1,0,1,60.75819999932719,nan,0.852307194471359
0,AINR,gated,572,0,1,0,1,60.118899999906716,nan,0.852307194471359
0,AINR,gated,573,0,1,0,1,60.676799999782816,nan,0.852307194471359
0,AINR,gated,574,0,1,0,1,60.6446000001597,nan,0.852307194471359
0,AINR,gated,575,0,1,0,1,62.0189000001119,nan,0.852307194471359
0,AINR,gated,576,0,1,0,1,60.036800000489166,nan,0.852307194471359
0,AINR,gated,577,0,1,0,1,57.64470000030997,nan,0.852307194471359
0,AINR,gated,578,0,1,0,1,60.31950000033248,nan,0.852307194471359
0,AINR,gated,579,0,1,0,1,55.897299999742245,nan,0.852307194471359
0,AINR,gated,580,0,1,0,1,60.41610000011133,nan,0.852307194471359
0,AINR,gated,581,0,1,0,1,58.089099999961036,nan,0.852307194471359
0,AINR,gated,582,0,1,0,1,59.91519999952288,nan,0.852307194471359
0,AINR,gated,583,0,1,0,1,59.42030000005616,nan,0.852307194471359
0,AINR,gated,584,0,1,0,1,63.12589999924967,nan,0.852307194471359
0,AINR,gated,585,0,1,0,1,60.968799999500334,nan,0.852307194471359
0,AINR,gated,586,1,0,0,0,nan,nan,0.852307194471359
0,AINR,gated,587,0,1,0,1,74.83479999973497,nan,0.852307194471359
0,AINR,gated,588,0,1,0,1,77.31760000024224,nan,0.852307194471359
0,AINR,gated,589,0,1,0,1,69.82370000059746,nan,0.852307194471359
0,AINR,gated,590,0,1,0,1,75.44489999963844,nan,0.852307194471359
0,AINR,gated,591,0,1,0,1,68.97480000043288,nan,0.852307194471359
0,AINR,gated,592,0,1,0,1,74.60569999966538,nan,0.852307194471359
0,AINR,gated,593,0,1,0,1,67.38709999990533,nan,0.852307194471359
0,AINR,gated,594,0,1,0,1,61.72919999971782,nan,0.852307194471359
0,AINR,gated,595,0,1,0,1,50.307100000281935,nan,0.852307194471359
0,AINR,gated,596,0,1,0,1,56.63559999993595,nan,0.852307194471359
0,AINR,gated,597,0,1,0,1,57.80419999973674,nan,0.852307194471359
0,AINR,gated,598,0,1,0,1,58.804000000236556,nan,0.852307194471359
0,AINR,gated,599,0,1,0,1,61.56689999988885,nan,0.852307194471359
0,AINR,gated,600,0,1,0,1,61.92559999999503,nan,0.852307194471359
0,AINR,gated,601,0,1,0,1,61.580399999911606,nan,0.852307194471359
0,AINR,gated,602,0,1,0,1,63.73960000018997,nan,0.852307194471359
0,AINR,gated,603,0,1,0,1,62.915000000430155,nan,0.852307194471359
0,AINR,gated,604,0,1,0,1,64.52850000005128,nan,0.852307194471359
0,AINR,gated,605,0,1,0,1,60.783200000514626,nan,0.852307194471359
0,AINR,gated,606,0,1,0,1,62.0481000005384,nan,0.852307194471359
0,AINR,gated,607,0,1,0,1,56.7256999993333,nan,0.852307194471359
0,AINR,gated,608,0,1,0,1,61.667799999668205,nan,0.852307194471359
0,AINR,gated,609,0,1,0,1,58.26650000017253,nan,0.852307194471359
0,AINR,gated,610,0,1,0,1,60.69320000005973,nan,0.852307194471359
0,AINR,gated,611,0,1,0,1,60.93830000008893,nan,0.852307194471359
0,AINR,gated,612,0,1,0,1,60.41049999930692,nan,0.852307194471359
0,AINR,gated,613,0,1,0,1,61.25470000006317,nan,0.852307194471359
0,AINR,gated,614,0,1,0,1,60.905299999831186,nan,0.852307194471359
0,AINR,gated,615,0,1,0,1,65.18049999976938,nan,0.852307194471359
0,AINR,gated,616,0,1,0,1,62.10430000010092,nan,0.852307194471359
0,AINR,gated,617,0,1,0,1,59.73519999952259,nan,0.852307194471359
0,AINR,gated,618,0,1,0,1,59.393399999862595,nan,0.852307194471359
0,AINR,gated,619,0,1,0,1,62.3808000000281,nan,0.852307194471359
0,AINR,gated,620,0,1,0,1,62.49260000004142,nan,0.852307194471359
0,AINR,gated,621,0,1,0,1,60.84129999999277,nan,0.852307194471359
0,AINR,gated,622,0,1,0,1,62.49779999961902,nan,0.852307194471359
0,AINR,gated,623,0,1,0,1,60.127900000225054,nan,0.852307194471359
0,AINR,gated,624,0,1,0,1,58.65710000034596,nan,0.852307194471359
0,AINR,gated,625,0,1,0,1,62.858199999936915,nan,0.852307194471359
0,AINR,gated,626,0,1,0,1,58.32769999960874,nan,0.852307194471359
0,AINR,gated,627,0,1,0,1,59.99439999959577,nan,0.852307194471359
0,AINR,gated,628,0,1,0,1,58.65639999956329,nan,0.852307194471359
0,AINR,gated,629,0,1,0,1,61.499800000092364,nan,0.852307194471359
0,AINR,gated,630,0,1,0,1,60.741399999642454,nan,0.852307194471359
0,AINR,gated,631,0,1,0,1,63.43829999968875,nan,0.852307194471359
0,AINR,gated,632,0,1,0,1,62.32639999961975,nan,0.852307194471359
0,AINR,gated,633,0,1,0,1,60.15480000041862,nan,0.852307194471359
0,AINR,gated,634,0,1,0,1,62.69030000021303,nan,0.852307194471359
0,AINR,gated,635,0,1,0,1,59.158900000511494,nan,0.852307194471359
0,AINR,gated,636,0,1,0,1,62.878900000214344,nan,0.852307194471359
0,AINR,gated,637,0,1,0,1,62.87439999960043,nan,0.852307194471359
0,AINR,gated,638,0,1,0,1,59.29070000001957,nan,0.852307194471359
0,AINR,gated,639,0,1,0,1,63.34119999974064,nan,0.852307194471359
0,AINR,gated,640,0,1,0,1,60.2363999996669,nan,0.852307194471359
0,AINR,gated,641,0,1,0,1,62.019799999688985,nan,0.852307194471359
0,AINR,gated,642,0,1,0,1,61.67439999990165,nan,0.852307194471359
0,AINR,gated,643,0,1,0,1,65.3333999998722,nan,0.852307194471359
0,AINR,gated,644,0,1,0,1,63.38359999972454,nan,0.852307194471359
0,AINR,gated,645,0,1,0,1,63.185799999700976,nan,0.852307194471359
0,AINR,gated,646,0,1,0,1,58.55700000029174,nan,0.852307194471359
0,AINR,gated,647,0,1,0,1,62.746700000388955,nan,0.852307194471359
0,AINR,gated,648,0,1,0,1,61.775699999998324,nan,0.852307194471359
0,AINR,gated,649,0,1,0,1,62.096200000269164,nan,0.852307194471359
0,AINR,gated,650,0,1,0,1,59.28010000025097,nan,0.852307194471359
0,AINR,gated,651,0,1,0,1,61.35779999931401,nan,0.852307194471359
0,AINR,gated,652,0,1,0,1,64.3233999999211,nan,0.852307194471359
0,AINR,gated,653,0,1,0,1,60.41910000021744,nan,0.852307194471359
0,AINR,gated,654,0,1,0,1,61.70560000009573,nan,0.852307194471359
0,AINR,gated,655,0,1,0,1,59.912200000326266,nan,0.852307194471359
0,AINR,gated,656,0,1,0,1,60.5135000005248,nan,0.852307194471359
0,AINR,gated,657,0,1,0,1,60.237900000174704,nan,0.852307194471359
0,AINR,gated,658,0,1,0,1,61.55440000020462,nan,0.852307194471359
0,AINR,gated,659,0,1,0,1,62.15449999945122,nan,0.852307194471359
0,AINR,gated,660,0,1,0,1,62.411900000370224,nan,0.852307194471359
0,AINR,gated,661,0,1,0,1,58.580300000357965,nan,0.852307194471359
0,AINR,gated,662,0,1,0,1,60.288499999842315,nan,0.852307194471359
0,AINR,gated,663,0,1,0,1,61.48159999975178,nan,0.852307194471359
0,AINR,gated,664,0,1,0,1,62.1129999999539,nan,0.852307194471359
0,AINR,gated,665,0,1,0,1,62.4868000004426,nan,0.852307194471359
0,AINR,gated,666,0,1,0,1,66.90939999953116,nan,0.852307194471359
0,AINR,gated,667,0,1,0,1,62.56500000017695,nan,0.852307194471359
0,AINR,gated,668,0,1,0,1,61.419699999532895,nan,0.852307194471359
0,AINR,gated,669,0,1,0,1,59.93839999973716,nan,0.852307194471359
0,AINR,gated,670,0,1,0,1,61.67549999918265,nan,0.852307194471359
0,AINR,gated,671,0,1,0,1,60.11099999977887,nan,0.852307194471359
0,AINR,gated,672,0,1,0,1,57.28760000056354,nan,0.852307194471359
0,AINR,gated,673,0,1,0,1,59.02280000009341,nan,0.852307194471359
0,AINR,gated,674,0,1,0,1,59.27080000037677,nan,0.852307194471359
0,AINR,gated,675,0,1,0,1,59.22180000015942,nan,0.852307194471359
0,AINR,gated,676,0,1,0,1,61.76789999972243,nan,0.852307194471359
0,AINR,gated,677,0,1,0,1,61.11160000000382,nan,0.852307194471359
0,AINR,gated,678,0,1,0,1,62.94239999988349,nan,0.852307194471359
0,AINR,gated,679,0,1,0,1,61.34750000001077,nan,0.852307194471359
0,AINR,gated,680,0,1,0,1,62.5491000000693,nan,0.852307194471359
0,AINR,gated,681,0,1,0,1,60.15979999938281,nan,0.852307194471359
0,AINR,gated,682,0,1,0,1,59.46750000020984,nan,0.852307194471359
0,AINR,gated,683,0,1,0,1,59.94399999963207,nan,0.852307194471359
0,AINR,gated,684,0,1,0,1,61.42040000031557,nan,0.852307194471359
0,AINR,gated,685,0,1,0,1,62.384900000324706,nan,0.852307194471359
0,AINR,gated,686,0,1,0,1,62.635499999487365,nan,0.852307194471359
0,AINR,gated,687,0,1,0,1,59.75829999988491,nan,0.852307194471359
0,AINR,gated,688,0,1,0,1,63.252200000533776,nan,0.852307194471359
0,AINR,gated,689,0,1,0,1,62.99289999969915,nan,0.852307194471359
0,AINR,gated,690,0,1,0,1,61.182800000096904,nan,0.852307194471359
0,AINR,gated,691,0,1,0,1,61.931299999741896,nan,0.852307194471359
0,AINR,gated,692,0,1,0,1,58.95680000048742,nan,0.852307194471359
0,AINR,gated,693,0,1,0,1,59.604099999887694,nan,0.852307194471359
0,AINR,gated,694,0,1,0,1,61.08499999936612,nan,0.852307194471359
0,AINR,gated,695,0,1,0,1,61.78410000029544,nan,0.852307194471359
0,AINR,gated,696,0,1,0,1,60.27269999958662,nan,0.852307194471359
0,AINR,gated,697,0,1,0,1,59.87790000017412,nan,0.852307194471359
0,AINR,gated,698,0,1,0,1,60.66499999997177,nan,0.852307194471359
0,AINR,gated,699,0,1,0,1,60.602100000323844,nan,0.852307194471359
0,AINR,gated,700,1,0,0,0,nan,nan,0.852307194471359
0,AINR,gated,701,0,1,0,1,75.95849999961501,nan,0.852307194471359
0,AINR,gated,702,0,1,0,1,70.3083999997034,nan,0.852307194471359
0,AINR,gated,703,0,1,0,1,70.11619999957475,nan,0.852307194471359
0,AINR,gated,704,0,1,0,1,69.89150000026711,nan,0.852307194471359
0,AINR,gated,705,0,1,0,1,62.79340000037337,nan,0.852307194471359
0,AINR,gated,706,0,1,0,1,57.951499999944645,nan,0.852307194471359
0,AINR,gated,707,0,1,0,1,57.71850000019185,nan,0.852307194471359
0,AINR,gated,708,0,1,0,1,56.810800000675954,nan,0.852307194471359
0,AINR,gated,709,0,1,0,1,54.613899999822024,nan,0.852307194471359
0,AINR,gated,710,0,1,0,1,54.30549999982759,nan,0.852307194471359
0,AINR,gated,711,0,1,0,1,54.92019999928743,nan,0.852307194471359
0,AINR,gated,712,0,1,0,1,60.530499999913445,nan,0.852307194471359
0,AINR,gated,713,0,1,0,1,63.7085999996998,nan,0.852307194471359
0,AINR,gated,714,0,1,0,1,61.500700000578945,nan,0.852307194471359
0,AINR,gated,715,0,1,0,1,60.75409999994008,nan,0.852307194471359
0,AINR,gated,716,0,1,0,1,59.20220000007248,nan,0.852307194471359
0,AINR,gated,717,0,1,0,1,60.12090000058379,nan,0.852307194471359
0,AINR,gated,718,0,1,0,1,60.85419999999431,nan,0.852307194471359
0,AINR,gated,719,0,1,0,1,60.86729999969975,nan,0.852307194471359
0,AINR,gated,720,0,1,0,1,61.878100000285485,nan,0.852307194471359
0,AINR,gated,721,1,0,0,0,nan,nan,0.852307194471359
0,AINR,gated,722,0,1,0,1,78.27999999972235,nan,0.852307194471359
0,AINR,gated,723,0,1,0,1,78.28109999991284,nan,0.852307194471359
0,AINR,gated,724,0,1,0,1,75.53250000000844,nan,0.852307194471359
0,AINR,gated,725,0,1,0,1,72.04120000005787,nan,0.852307194471359
0,AINR,gated,726,0,1,0,1,75.58650000009948,nan,0.852307194471359
0,AINR,gated,727,0,1,0,1,73.70840000021417,nan,0.852307194471359
0,AINR,gated,728,0,1,0,1,77.62180000008811,nan,0.852307194471359
0,AINR,gated,729,0,1,0,1,77.1853000005649,nan,0.852307194471359
0,AINR,gated,730,0,1,0,1,68.7631999999212,nan,0.852307194471359
0,AINR,gated,731,0,1,0,1,67.7202999995643,nan,0.852307194471359
0,AINR,gated,732,0,1,0,1,68.7432999993689,nan,0.852307194471359
0,AINR,gated,733,0,1,0,1,70.13780000033876,nan,0.852307194471359
0,AINR,gated,734,0,1,0,1,66.81379999918136,nan,0.852307194471359
0,AINR,gated,735,0,1,0,1,59.923499999968044,nan,0.852307194471359
0,AINR,gated,736,0,1,0,1,50.67669999971258,nan,0.852307194471359
0,AINR,gated,737,0,1,0,1,53.50449999968987,nan,0.852307194471359
0,AINR,gated,738,0,1,0,1,60.638400000243564,nan,0.852307194471359
0,AINR,gated,739,0,1,0,1,59.733300000516465,nan,0.852307194471359
0,AINR,gated,740,0,1,0,1,60.28169999990496,nan,0.852307194471359
0,AINR,gated,741,0,1,0,1,58.47970000013447,nan,0.852307194471359
0,AINR,gated,742,0,1,0,1,57.85869999999704,nan,0.852307194471359
0,AINR,gated,743,0,1,0,1,59.54239999937272,nan,0.852307194471359
0,AINR,gated,744,0,1,0,1,58.44230000002426,nan,0.852307194471359
0,AINR,gated,745,1,0,0,0,nan,nan,0.852307194471359
0,AINR,gated,746,0,1,0,1,74.30380000005243,nan,0.852307194471359
0,AINR,gated,747,0,1,0,1,71.39240000014979,nan,0.852307194471359
0,AINR,gated,748,0,1,0,1,74.34069999999338,nan,0.852307194471359
0,AINR,gated,749,0,1,0,1,71.8323999999484,nan,0.852307194471359
0,AINR,gated,750,0,1,0,1,69.41499999993539,nan,0.852307194471359
0,AINR,gated,751,0,1,0,1,68.91329999962181,nan,0.852307194471359
0,AINR,gated,752,0,1,0,1,67.30369999968389,nan,0.852307194471359
0,AINR,gated,753,0,1,0,1,64.46439999945142,nan,0.852307194471359
0,AINR,gated,754,0,1,0,1,59.87349999941216,nan,0.852307194471359
0,AINR,gated,755,0,1,0,1,52.840199999991455,nan,0.852307194471359
0,AINR,gated,756,0,1,0,1,59.15199999981269,nan,0.852307194471359
0,AINR,gated,757,0,1,0,1,60.11320000015985,nan,0.852307194471359
0,AINR,gated,758,0,1,0,1,61.90689999948518,nan,0.852307194471359
0,AINR,gated,759,0,1,0,1,61.76490000052581,nan,0.852307194471359
0,AINR,gated,760,0,1,0,1,62.55440000040835,nan,0.852307194471359
0,AINR,gated,761,1,0,0,0,nan,nan,0.852307194471359
0,AINR,gated,762,0,1,0,1,75.19369999954506,nan,0.852307194471359
0,AINR,gated,763,0,1,0,1,75.55679999950371,nan,0.852307194471359
0,AINR,gated,764,0,1,0,1,71.34659999974247,nan,0.852307194471359
0,AINR,gated,765,0,1,0,1,72.62350000019069,nan,0.852307194471359
0,AINR,gated,766,0,1,0,1,72.46590000067954,nan,0.852307194471359
0,AINR,gated,767,0,1,0,1,74.42499999979191,nan,0.852307194471359
0,AINR,gated,768,1,0,0,0,nan,nan,0.852307194471359
0,AINR,gated,769,0,1,0,1,56.58280000079685,nan,0.852307194471359
0,AINR,gated,770,0,1,0,1,61.065099999723316,nan,0.852307194471359
0,AINR,gated,771,0,1,0,1,59.5776999998634,nan,0.852307194471359
0,AINR,gated,772,0,1,0,1,60.26079999992362,nan,0.852307194471359
0,AINR,gated,773,0,1,0,1,62.80960000003688,nan,0.852307194471359
0,AINR,gated,774,0,1,0,1,62.99530000069353,nan,0.852307194471359
0,AINR,gated,775,0,1,0,1,60.35199999951146,nan,0.852307194471359
0,AINR,gated,776,0,1,0,1,58.35010000009788,nan,0.852307194471359
0,AINR,gated,777,0,1,0,1,60.99089999952412,nan,0.852307194471359
0,AINR,gated,778,1,0,0,0,nan,nan,0.852307194471359
0,AINR,gated,779,0,1,0,1,76.45969999975932,nan,0.852307194471359
0,AINR,gated,780,0,1,0,1,75.80810000035854,nan,0.852307194471359
0,AINR,gated,781,0,1,0,1,74.73140000001877,nan,0.852307194471359
0,AINR,gated,782,0,1,0,1,71.61889999952109,nan,0.852307194471359
0,AINR,gated,783,0,1,0,1,70.71369999994204,nan,0.852307194471359
0,AINR,gated,784,0,1,0,1,74.24919999994017,nan,0.852307194471359
0,AINR,gated,785,0,1,0,1,73.3368999999584,nan,0.852307194471359
0,AINR,gated,786,0,1,0,1,77.53369999954884,nan,0.852307194471359
0,AINR,gated,787,0,1,0,1,70.5035000000862,nan,0.852307194471359
0,AINR,gated,788,0,1,0,1,74.56910000018979,nan,0.852307194471359
0,AINR,gated,789,0,1,0,1,71.72850000006292,nan,0.852307194471359
0,AINR,gated,790,0,1,0,1,76.75899999958347,nan,0.852307194471359
0,AINR,gated,791,0,1,0,1,78.2707999997001,nan,0.852307194471359
0,AINR,gated,792,0,1,0,1,74.75770000019111,nan,0.852307194471359
0,AINR,gated,793,0,1,0,1,70.70740000017395,nan,0.852307194471359
0,AINR,gated,794,0,1,0,1,73.131199999807,nan,0.852307194471359
0,AINR,gated,795,0,1,0,1,69.85179999992397,nan,0.852307194471359
0,AINR,gated,796,0,1,0,1,64.64400000004389,nan,0.852307194471359
0,AINR,gated,797,0,1,0,1,52.475800000138406,nan,0.852307194471359
0,AINR,gated,798,0,1,0,1,58.394200000293495,nan,0.852307194471359
0,AINR,gated,799,0,1,0,1,61.40699999923527,nan,0.852307194471359
0,AINR,gated,800,0,1,0,1,70.74370000009367,nan,0.852307194471359
0,AINR,gated,801,0,1,0,1,59.83050000031653,nan,0.852307194471359
0,AINR,gated,802,0,1,0,1,62.3753999998371,nan,0.852307194471359
0,AINR,gated,803,0,1,0,1,61.047099999996135,nan,0.852307194471359
0,AINR,gated,804,0,1,0,1,59.83760000071925,nan,0.852307194471359
0,AINR,gated,805,0,1,0,1,61.72450000030949,nan,0.852307194471359
0,AINR,gated,806,0,1,0,1,59.64099999982864,nan,0.852307194471359
0,AINR,gated,807,0,1,0,1,60.79010000030394,nan,0.852307194471359
0,AINR,gated,808,0,1,0,1,60.32779999986815,nan,0.852307194471359
0,AINR,gated,809,0,1,0,1,64.72570000005362,nan,0.852307194471359
0,AINR,gated,810,0,1,0,1,62.34909999966476,nan,0.852307194471359
0,AINR,gated,811,0,1,0,1,59.092100000270875,nan,0.852307194471359
0,AINR,gated,812,0,1,0,1,64.636199999768,nan,0.852307194471359
0,AINR,gated,813,0,1,0,1,66.46039999941422,nan,0.852307194471359
0,AINR,gated,814,1,0,0,0,nan,nan,0.852307194471359
0,AINR,gated,815,0,1,0,1,73.99480000003678,nan,0.852307194471359
0,AINR,gated,816,0,1,0,1,70.7234999999855,nan,0.852307194471359
0,AINR,gated,817,0,1,0,1,67.9798999999548,nan,0.852307194471359
0,AINR,gated,818,0,1,0,1,64.89099999998871,nan,0.852307194471359
0,AINR,gated,819,1,0,0,0,nan,nan,0.852307194471359
0,AINR,gated,820,0,1,0,1,62.43979999999283,nan,0.852307194471359
0,AINR,gated,821,0,1,0,1,70.88670000030106,nan,0.852307194471359
0,AINR,gated,822,1,0,0,0,nan,nan,0.852307194471359
0,AINR,gated,823,0,1,0,1,69.50809999943885,nan,0.852307194471359
0,AINR,gated,824,0,1,0,1,72.0049999999901,nan,0.852307194471359
0,AINR,gated,825,0,1,0,1,68.72569999995903,nan,0.852307194471359
0,AINR,gated,826,0,1,0,1,73.8232000003336,nan,0.852307194471359
0,AINR,gated,827,0,1,0,1,74.29920000049606,nan,0.852307194471359
0,AINR,gated,828,0,1,0,1,70.62500000029104,nan,0.852307194471359
0,AINR,gated,829,0,1,0,1,66.77139999919746,nan,0.852307194471359
0,AINR,gated,830,0,1,0,1,58.942499999830034,nan,0.852307194471359
0,AINR,gated,831,0,1,0,1,54.889799999727984,nan,0.852307194471359
0,AINR,gated,832,0,1,0,1,54.136700000526616,nan,0.852307194471359
0,AINR,gated,833,0,1,0,1,56.16630000076839,nan,0.852307194471359
0,AINR,gated,834,0,1,0,1,58.378199999424396,nan,0.852307194471359
0,AINR,gated,835,0,1,0,1,52.7710999995179,nan,0.852307194471359
0,AINR,gated,836,0,1,0,1,55.7637000001705,nan,0.852307194471359
0,AINR,gated,837,0,1,0,1,61.50560000060068,nan,0.852307194471359
0,AINR,gated,838,0,1,0,1,59.808300000440795,nan,0.852307194471359
0,AINR,gated,839,0,1,0,1,58.14050000026327,nan,0.852307194471359
0,AINR,gated,840,0,1,0,1,58.5505999997622,nan,0.852307194471359
0,AINR,gated,841,0,1,0,1,62.12179999965883,nan,0.852307194471359
0,AINR,gated,842,0,1,0,1,64.63370000074065,nan,0.852307194471359
0,AINR,gated,843,0,1,0,1,61.05639999987034,nan,0.852307194471359
0,AINR,gated,844,0,1,0,1,64.0691999997216,nan,0.852307194471359
0,AINR,gated,845,0,1,0,1,64.16300000000774,nan,0.852307194471359
0,AINR,gated,846,0,1,0,1,63.83070000083535,nan,0.852307194471359
0,AINR,gated,847,0,1,0,1,65.95859999924869,nan,0.852307194471359
0,AINR,gated,848,0,1,0,1,62.60220000058325,nan,0.852307194471359
0,AINR,gated,849,0,1,0,1,60.699599999679776,nan,0.852307194471359
0,AINR,gated,850,0,1,0,1,57.14110000008077,nan,0.852307194471359
0,AINR,gated,851,0,1,0,1,58.7310000000798,nan,0.852307194471359
0,AINR,gated,852,0,1,0,1,60.60799999977462,nan,0.852307194471359
0,AINR,gated,853,0,1,0,1,62.83770000027289,nan,0.852307194471359
0,AINR,gated,854,0,1,0,1,60.57070000042586,nan,0.852307194471359
0,AINR,gated,855,0,1,0,1,62.73799999962648,nan,0.852307194471359
0,AINR,gated,856,0,1,0,1,60.9429000005548,nan,0.852307194471359
0,AINR,gated,857,0,1,0,1,61.6838000005373,nan,0.852307194471359
0,AINR,gated,858,0,1,0,1,58.84200000036799,nan,0.852307194471359
0,AINR,gated,859,0,1,0,1,62.17159999960131,nan,0.852307194471359
0,AINR,gated,860,0,1,0,1,59.42629999935889,nan,0.852307194471359
0,AINR,gated,861,0,1,0,1,64.63160000021162,nan,0.852307194471359
0,AINR,gated,862,0,1,0,1,60.70350000027247,nan,0.852307194471359
0,AINR,gated,863,1,0,0,0,nan,nan,0.852307194471359
0,AINR,gated,864,0,1,0,1,80.6033999997453,nan,0.852307194471359
0,AINR,gated,865,0,1,0,1,76.28740000018297,nan,0.852307194471359
0,AINR,gated,866,1,0,0,0,nan,nan,0.852307194471359
0,AINR,gated,867,0,1,0,1,54.89599999964412,nan,0.852307194471359
0,AINR,gated,868,0,1,0,1,60.204200000043784,nan,0.852307194471359
0,AINR,gated,869,0,1,0,1,60.06280000019615,nan,0.852307194471359
0,AINR,gated,870,0,1,0,1,60.78539999998611,nan,0.852307194471359
0,AINR,gated,871,0,1,0,1,60.81410000024334,nan,0.852307194471359
0,AINR,gated,872,0,1,0,1,61.97749999955704,nan,0.852307194471359
0,AINR,gated,873,1,0,0,0,nan,nan,0.852307194471359
0,AINR,gated,874,0,1,0,1,76.47780000024795,nan,0.852307194471359
0,AINR,gated,875,0,1,0,1,74.34160000047996,nan,0.852307194471359
0,AINR,gated,876,0,1,0,1,76.83240000005753,nan,0.852307194471359
0,AINR,gated,877,0,1,0,1,74.87960000071325,nan,0.852307194471359
0,AINR,gated,878,0,1,0,1,73.57419999971171,nan,0.852307194471359
0,AINR,gated,879,0,1,0,1,79.36140000037994,nan,0.852307194471359
0,AINR,gated,880,0,1,0,1,76.2139999997089,nan,0.852307194471359
0,AINR,gated,881,0,1,0,1,72.0404999992752,nan,0.852307194471359
0,AINR,gated,882,0,1,0,1,71.65220000024419,nan,0.852307194471359
0,AINR,gated,883,0,1,0,1,63.387600000169186,nan,0.852307194471359
0,AINR,gated,884,0,1,0,1,51.12329999974463,nan,0.852307194471359
0,AINR,gated,885,0,1,0,1,63.471499999650405,nan,0.852307194471359
0,AINR,gated,886,0,1,0,1,55.998599999838916,nan,0.852307194471359
0,AINR,gated,887,0,1,0,1,54.66270000033546,nan,0.852307194471359
0,AINR,gated,888,0,1,0,1,53.162300000622054,nan,0.852307194471359
0,AINR,gated,889,0,1,0,1,56.10330000035901,nan,0.852307194471359
0,AINR,gated,890,0,1,0,1,61.87140000020008,nan,0.852307194471359
0,AINR,gated,891,0,1,0,1,62.47090000033495,nan,0.852307194471359
0,AINR,gated,892,0,1,0,1,59.995900000103575,nan,0.852307194471359
0,AINR,gated,893,0,1,0,1,62.97360000007757,nan,0.852307194471359
0,AINR,gated,894,0,1,0,1,60.23189999996248,nan,0.852307194471359
0,AINR,gated,895,0,1,0,1,60.6314000006023,nan,0.852307194471359
0,AINR,gated,896,1,0,0,0,nan,nan,0.852307194471359
0,AINR,gated,897,0,1,0,1,68.36099999964063,nan,0.852307194471359
0,AINR,gated,898,0,1,0,1,66.62690000030125,nan,0.852307194471359
0,AINR,gated,899,0,1,0,1,61.29109999983484,nan,0.852307194471359
0,AINR,gated,900,0,1,0,1,60.84909999935917,nan,0.852307194471359
0,AINR,gated,901,1,0,0,0,nan,nan,0.852307194471359
0,AINR,gated,902,0,1,0,1,64.9210999999923,nan,0.852307194471359
0,AINR,gated,903,1,0,0,0,nan,nan,0.852307194471359
0,AINR,gated,904,0,1,0,1,74.47700000011537,nan,0.852307194471359
0,AINR,gated,905,0,1,0,1,72.77520000025106,nan,0.852307194471359
0,AINR,gated,906,0,1,0,1,71.40270000036253,nan,0.852307194471359
0,AINR,gated,907,0,1,0,1,70.46329999957379,nan,0.852307194471359
0,AINR,gated,908,0,1,0,1,69.11170000057609,nan,0.852307194471359
0,AINR,gated,909,0,1,0,1,62.14799999997922,nan,0.852307194471359
0,AINR,gated,910,0,1,0,1,60.03820000023552,nan,0.852307194471359
0,AINR,gated,911,0,1,0,1,53.026800000225194,nan,0.852307194471359
0,AINR,gated,912,0,1,0,1,55.25279999983468,nan,0.852307194471359
0,AINR,gated,913,0,1,0,1,60.17790000078094,nan,0.852307194471359
0,AINR,gated,914,0,1,0,1,62.30959999993502,nan,0.852307194471359
0,AINR,gated,915,0,1,0,1,59.226200000011886,nan,0.852307194471359
0,AINR,gated,916,0,1,0,1,63.621600000260514,nan,0.852307194471359
0,AINR,gated,917,0,1,0,1,62.83230000008189,nan,0.852307194471359
0,AINR,gated,918,0,1,0,1,61.6386000001512,nan,0.852307194471359
0,AINR,gated,919,0,1,0,1,62.875200000235054,nan,0.852307194471359
0,AINR,gated,920,0,1,0,1,61.4517000003616,nan,0.852307194471359
0,AINR,gated,921,0,1,0,1,62.29929999972228,nan,0.852307194471359
0,AINR,gated,922,0,1,0,1,62.2890999993615,nan,0.852307194471359
0,AINR,gated,923,0,1,0,1,60.767500000110886,nan,0.852307194471359
0,AINR,gated,924,0,1,0,1,59.405299999525596,nan,0.852307194471359
0,AINR,gated,925,0,1,0,1,64.31189999966591,nan,0.852307194471359
0,AINR,gated,926,0,1,0,1,61.63079999987531,nan,0.852307194471359
0,AINR,gated,927,0,1,0,1,61.668700000154786,nan,0.852307194471359
0,AINR,gated,928,0,1,0,1,62.685499999133754,nan,0.852307194471359
0,AINR,gated,929,0,1,0,1,61.95159999970201,nan,0.852307194471359
0,AINR,gated,930,0,1,0,1,63.052699999389006,nan,0.852307194471359
0,AINR,gated,931,0,1,0,1,62.37260000034439,nan,0.852307194471359
0,AINR,gated,932,0,1,0,1,61.254899999767076,nan,0.852307194471359
0,AINR,gated,933,0,1,0,1,59.67929999951593,nan,0.852307194471359
0,AINR,gated,934,0,1,0,1,61.90599999990809,nan,0.852307194471359
0,AINR,gated,935,0,1,0,1,61.72499999956926,nan,0.852307194471359
0,AINR,gated,936,0,1,0,1,62.55620000047202,nan,0.852307194471359
0,AINR,gated,937,0,1,0,1,63.40009999985341,nan,0.852307194471359
0,AINR,gated,938,0,1,0,1,62.59859999954642,nan,0.852307194471359
0,AINR,gated,939,0,1,0,1,60.88920000001963,nan,0.852307194471359
0,AINR,gated,940,0,1,0,1,60.199399999874004,nan,0.852307194471359
0,AINR,gated,941,0,1,0,1,60.665899999548856,nan,0.852307194471359
0,AINR,gated,942,0,1,0,1,60.12809999992896,nan,0.852307194471359
0,AINR,gated,943,0,1,0,1,61.5047000001141,nan,0.852307194471359
0,AINR,gated,944,0,1,0,1,62.7556999997978,nan,0.852307194471359
0,AINR,gated,945,0,1,0,1,59.931699999651755,nan,0.852307194471359
0,AINR,gated,946,0,1,0,1,59.54939999992348,nan,0.852307194471359
0,AINR,gated,947,0,1,0,1,60.581400000046415,nan,0.852307194471359
0,AINR,gated,948,0,1,0,1,62.860600000021805,nan,0.852307194471359
0,AINR,gated,949,0,1,0,1,61.62709999989602,nan,0.852307194471359
0,AINR,gated,950,0,1,0,1,62.67950000074052,nan,0.852307194471359
0,AINR,gated,951,0,1,0,1,61.972900000000664,nan,0.852307194471359
0,AINR,gated,952,0,1,0,1,64.57839999984571,nan,0.852307194471359
0,AINR,gated,953,0,1,0,1,63.8238999999885,nan,0.852307194471359
0,AINR,gated,954,0,1,0,1,63.95989999964513,nan,0.852307194471359
0,AINR,gated,955,0,1,0,1,61.522299999523966,nan,0.852307194471359
0,AINR,gated,956,0,1,0,1,61.26649999987421,nan,0.852307194471359
0,AINR,gated,957,0,1,0,1,62.351399999897694,nan,0.852307194471359
0,AINR,gated,958,0,1,0,1,61.075800000253366,nan,0.852307194471359
0,AINR,gated,959,0,1,0,1,58.875699999589415,nan,0.852307194471359
0,AINR,gated,960,0,1,0,1,64.7713999996995,nan,0.852307194471359
0,AINR,gated,961,0,1,0,1,62.90979999994306,nan,0.852307194471359
0,AINR,gated,962,0,1,0,1,65.7932999993136,nan,0.852307194471359
0,AINR,gated,963,0,1,0,1,114.36580000008689,nan,0.852307194471359
0,AINR,gated,964,0,1,0,1,113.60249999961525,nan,0.852307194471359
0,AINR,gated,965,0,1,0,1,113.63199999959761,nan,0.852307194471359
0,AINR,gated,966,0,1,0,1,115.14770000030694,nan,0.852307194471359
0,AINR,gated,967,0,1,0,1,115.56969999946887,nan,0.852307194471359
0,AINR,gated,968,0,1,0,1,111.70330000004469,nan,0.852307194471359
0,AINR,gated,969,0,1,0,1,111.01439999947615,nan,0.852307194471359
0,AINR,gated,970,0,1,0,1,117.30089999946358,nan,0.852307194471359
0,AINR,gated,971,0,1,0,1,110.21689999961382,nan,0.852307194471359
0,AINR,gated,972,0,1,0,1,119.38669999926788,nan,0.852307194471359
0,AINR,gated,973,0,1,0,1,113.4570000003805,nan,0.852307194471359
0,AINR,gated,974,0,1,0,1,111.8557999998302,nan,0.852307194471359
0,AINR,gated,975,0,1,0,1,113.50069999934931,nan,0.852307194471359
0,AINR,gated,976,0,1,0,1,111.91739999958372,nan,0.852307194471359
0,AINR,gated,977,0,1,0,1,114.30440000003728,nan,0.852307194471359
0,AINR,gated,978,0,1,0,1,108.1506000000445,nan,0.852307194471359
0,AINR,gated,979,0,1,0,1,109.6784999999727,nan,0.852307194471359
0,AINR,gated,980,0,1,0,1,112.50209999980143,nan,0.852307194471359
0,AINR,gated,981,0,1,0,1,113.57589999988704,nan,0.852307194471359
0,AINR,gated,982,0,1,0,1,111.4850000003571,nan,0.852307194471359
0,AINR,gated,983,0,1,0,1,116.72289999933128,nan,0.852307194471359
0,AINR,gated,984,0,1,0,1,112.44210000040766,nan,0.852307194471359
0,AINR,gated,985,0,1,0,1,119.12860000029468,nan,0.852307194471359
0,AINR,gated,986,0,1,0,1,110.03640000035375,nan,0.852307194471359
0,AINR,gated,987,0,1,0,1,111.82850000022881,nan,0.852307194471359
0,AINR,gated,988,0,1,0,1,111.70800000036252,nan,0.852307194471359
0,AINR,gated,989,0,1,0,1,55.60999999943306,nan,0.852307194471359
0,AINR,gated,990,0,1,0,1,51.22440000013739,nan,0.852307194471359
0,AINR,gated,991,0,1,0,1,56.05820000073436,nan,0.852307194471359
0,AINR,gated,992,0,1,0,1,53.97939999966184,nan,0.852307194471359
0,AINR,gated,993,0,1,0,1,53.493499999603955,nan,0.852307194471359
0,AINR,gated,994,0,1,0,1,55.56990000059159,nan,0.852307194471359
0,AINR,gated,995,0,1,0,1,53.84539999977278,nan,0.852307194471359
0,AINR,gated,996,0,1,0,1,57.05870000019786,nan,0.852307194471359
0,AINR,gated,997,0,1,0,1,56.32509999941249,nan,0.852307194471359
0,AINR,gated,998,0,1,0,1,58.11919999996462,nan,0.852307194471359
0,AINR,gated,999,0,1,0,1,51.345999999284686,nan,0.852307194471359
0,AINR,trig,0,1,0,0,0,nan,1.6363863945007324,0.852307194471359
0,AINR,trig,1,1,0,0,0,nan,1.6379716396331787,0.852307194471359
0,AINR,trig,2,1,0,0,0,nan,1.5142396688461304,0.852307194471359
0,AINR,trig,3,1,0,0,0,nan,1.6537889242172241,0.852307194471359
0,AINR,trig,4,1,0,0,0,nan,1.5529661178588867,0.852307194471359
0,AINR,trig,5,1,0,0,0,nan,1.6173466444015503,0.852307194471359
0,AINR,trig,6,0,1,0,1,61.81219999962195,1.6787570714950562,0.852307194471359
0,AINR,trig,7,1,0,0,0,nan,1.4076542854309082,0.852307194471359
0,AINR,trig,8,1,0,0,0,nan,1.495435357093811,0.852307194471359
0,AINR,trig,9,1,0,0,0,nan,1.6192958354949951,0.852307194471359
0,AINR,trig,10,1,0,0,0,nan,1.770247220993042,0.852307194471359
0,AINR,trig,11,1,0,0,0,nan,1.8246548175811768,0.852307194471359
0,AINR,trig,12,1,0,0,0,nan,1.7727036476135254,0.852307194471359
0,AINR,trig,13,1,0,0,0,nan,1.4084397554397583,0.852307194471359
0,AINR,trig,14,1,0,0,0,nan,1.7066694498062134,0.852307194471359
0,AINR,trig,15,1,0,0,0,nan,1.5964157581329346,0.852307194471359
0,AINR,trig,16,1,0,0,0,nan,1.637609839439392,0.852307194471359
0,AINR,trig,17,1,0,0,0,nan,1.5255919694900513,0.852307194471359
0,AINR,trig,18,0,1,0,1,60.90000000040163,1.5438969135284424,0.852307194471359
0,AINR,trig,19,1,0,0,0,nan,1.591826319694519,0.852307194471359
0,AINR,trig,20,1,0,0,0,nan,1.5456255674362183,0.852307194471359
0,AINR,trig,21,1,0,0,0,nan,1.6080467700958252,0.852307194471359
0,AINR,trig,22,1,0,0,0,nan,1.496402382850647,0.852307194471359
0,AINR,trig,23,0,1,0,1,54.73820000042906,1.5578030347824097,0.852307194471359
0,AINR,trig,24,1,0,0,0,nan,1.6202303171157837,0.852307194471359
0,AINR,trig,25,1,0,0,0,nan,1.5992213487625122,0.852307194471359
0,AINR,trig,26,1,0,0,0,nan,1.4885278940200806,0.852307194471359
0,AINR,trig,27,0,1,0,1,60.6805000006716,1.5168218612670898,0.852307194471359
0,AINR,trig,28,0,1,0,1,52.14330000035261,1.5261505842208862,0.852307194471359
0,AINR,trig,29,1,0,0,0,nan,1.4857747554779053,0.852307194471359
0,AINR,trig,30,0,1,0,1,67.55350000003091,1.6417826414108276,0.852307194471359
0,AINR,trig,31,1,0,0,0,nan,1.5829704999923706,0.852307194471359
0,AINR,trig,32,1,0,0,0,nan,1.453125238418579,0.852307194471359
0,AINR,trig,33,0,1,0,1,63.38739999955578,1.5771516561508179,0.852307194471359
0,AINR,trig,34,1,0,0,0,nan,1.568084478378296,0.852307194471359
0,AINR,trig,35,1,0,0,0,nan,1.5160800218582153,0.852307194471359
0,AINR,trig,36,0,1,0,1,72.46959999974933,1.5033197402954102,0.852307194471359
0,AINR,trig,37,0,1,0,1,67.06969999959256,1.6544455289840698,0.852307194471359
0,AINR,trig,38,0,1,0,1,65.60190000072907,1.4841082096099854,0.852307194471359
0,AINR,trig,39,0,1,0,1,55.28309999954217,1.7106693983078003,0.852307194471359
0,AINR,trig,40,0,1,0,1,56.81480000021111,1.5863425731658936,0.852307194471359
0,AINR,trig,41,0,1,0,1,53.16229999971256,1.5720030069351196,0.852307194471359
0,AINR,trig,42,0,1,0,1,55.17650000001595,1.5281999111175537,0.852307194471359
0,AINR,trig,43,0,1,0,1,55.97299999953975,1.7290383577346802,0.852307194471359
0,AINR,trig,44,1,0,0,0,nan,1.4977353811264038,0.852307194471359
0,AINR,trig,45,0,1,0,1,71.04069999968488,1.6658018827438354,0.852307194471359
0,AINR,trig,46,0,1,0,1,68.85650000003807,1.4690579175949097,0.852307194471359
0,AINR,trig,47,1,0,0,0,nan,1.767683982849121,0.852307194471359
0,AINR,trig,48,0,1,0,1,72.01840000016091,1.401268482208252,0.852307194471359
0,AINR,trig,49,0,1,0,1,62.87140000040381,1.516144037246704,0.852307194471359
0,AINR,trig,50,0,1,0,1,60.8302000000549,1.5994071960449219,0.852307194471359
0,AINR,trig,51,0,1,0,1,56.46130000059202,1.604283094406128,0.852307194471359
0,AINR,trig,52,1,0,0,0,nan,1.7150782346725464,0.852307194471359
0,AINR,trig,53,0,1,0,1,66.74539999949047,1.4908241033554077,0.852307194471359
0,AINR,trig,54,0,1,0,1,68.12640000043757,1.4997419118881226,0.852307194471359
0,AINR,trig,55,0,1,0,1,57.319799999277166,1.322848916053772,0.852307194471359
0,AINR,trig,56,0,1,0,1,55.502899999737565,1.52385675907135,0.852307194471359
0,AINR,trig,57,0,1,0,1,53.597500000250875,1.3373932838439941,0.852307194471359
0,AINR,trig,58,0,1,0,1,53.95370000042021,1.5697671175003052,0.852307194471359
0,AINR,trig,59,0,1,0,1,55.546799999319774,1.6394922733306885,0.852307194471359
0,AINR,trig,60,0,1,0,1,56.46230000002106,1.7139068841934204,0.852307194471359
0,AINR,trig,61,0,1,0,1,55.377900000166846,1.7074552774429321,0.852307194471359
0,AINR,trig,62,0,1,0,1,51.20619999979681,1.606835961341858,0.852307194471359
0,AINR,trig,63,0,1,0,1,52.51959999986866,1.6404409408569336,0.852307194471359
0,AINR,trig,64,0,1,0,1,54.375400000026275,1.7004555463790894,0.852307194471359
0,AINR,trig,65,0,1,0,1,52.84790000041539,1.5416775941848755,0.852307194471359
0,AINR,trig,66,0,1,0,1,58.97050000021409,1.4615190029144287,0.852307194471359
0,AINR,trig,67,0,1,0,1,60.33759999991162,1.586317777633667,0.852307194471359
0,AINR,trig,68,0,1,0,1,63.02059999961784,1.532524824142456,0.852307194471359
0,AINR,trig,69,0,1,0,1,50.415800000337185,1.595900058746338,0.852307194471359
0,AINR,trig,70,1,0,0,0,nan,1.4262033700942993,0.852307194471359
0,AINR,trig,71,0,1,0,1,72.73159999931522,1.5783120393753052,0.852307194471359
0,AINR,trig,72,0,1,0,1,72.52129999960744,1.7449970245361328,0.852307194471359
0,AINR,trig,73,0,1,0,1,62.796399999569985,1.501660704612732,0.852307194471359
0,AINR,trig,74,0,1,0,1,63.732900000104564,1.3650075197219849,0.852307194471359
0,AINR,trig,75,0,1,0,1,61.27259999993839,1.5212644338607788,0.852307194471359
0,AINR,trig,76,0,1,0,1,55.040500000359316,1.7064671516418457,0.852307194471359
0,AINR,trig,77,0,1,0,1,55.61149999994086,1.5304524898529053,0.852307194471359
0,AINR,trig,78,0,1,0,1,54.6145999996952,1.5959649085998535,0.852307194471359
0,AINR,trig,79,0,1,0,1,56.738299999778974,1.4054673910140991,0.852307194471359
0,AINR,trig,80,0,1,0,1,56.37320000005275,1.3409667015075684,0.852307194471359
0,AINR,trig,81,0,1,0,1,54.04169999928854,1.547737956047058,0.852307194471359
0,AINR,trig,82,0,1,0,1,62.55779999992228,1.489210605621338,0.852307194471359
0,AINR,trig,83,0,1,0,1,52.06290000023728,1.6018832921981812,0.852307194471359
0,AINR,trig,84,0,1,0,1,55.633700000726094,1.5776900053024292,0.852307194471359
0,AINR,trig,85,0,1,0,1,57.36239999987447,1.6831121444702148,0.852307194471359
0,AINR,trig,86,0,1,0,1,52.367299999787065,1.6478551626205444,0.852307194471359
0,AINR,trig,87,0,1,0,1,51.92799999986164,1.5700715780258179,0.852307194471359
0,AINR,trig,88,0,1,0,1,54.37069999970845,1.557232141494751,0.852307194471359
0,AINR,trig,89,0,1,0,1,55.925999999999476,1.3248149156570435,0.852307194471359
0,AINR,trig,90,1,0,0,0,nan,1.5703719854354858,0.852307194471359
0,AINR,trig,91,0,1,0,1,69.2613999999594,1.637232780456543,0.852307194471359
0,AINR,trig,92,0,1,0,1,58.65289999928791,1.651716947555542,0.852307194471359
0,AINR,trig,93,0,1,0,1,58.3187000001999,1.5396312475204468,0.852307194471359
0,AINR,trig,94,0,1,0,1,53.880800000115414,1.3699252605438232,0.852307194471359
0,AINR,trig,95,0,1,0,1,51.90009999932954,1.3717296123504639,0.852307194471359
0,AINR,trig,96,0,1,0,1,55.26430000008986,1.498717188835144,0.852307194471359
0,AINR,trig,97,0,1,0,1,55.256200000258104,1.4016813039779663,0.852307194471359
0,AINR,trig,98,0,1,0,1,55.87979999927484,1.5443848371505737,0.852307194471359
0,AINR,trig,99,1,0,0,0,nan,1.525714635848999,0.852307194471359
0,AINR,trig,100,0,1,0,1,67.77819999933854,1.685660719871521,0.852307194471359
0,AINR,trig,101,0,1,0,1,58.554799999910756,1.5490652322769165,0.852307194471359
0,AINR,trig,102,0,1,0,1,54.64399999982561,1.6463850736618042,0.852307194471359
0,AINR,trig,103,0,1,0,1,55.241499999283405,1.3719229698181152,0.852307194471359
0,AINR,trig,104,0,1,0,1,52.27230000036798,1.5606372356414795,0.852307194471359
0,AINR,trig,105,0,1,0,1,55.24689999947441,1.6523149013519287,0.852307194471359
0,AINR,trig,106,0,1,0,1,48.57150000043475,1.5531628131866455,0.852307194471359
0,AINR,trig,107,0,1,0,1,52.51299999963521,1.6319676637649536,0.852307194471359
0,AINR,trig,108,0,1,0,1,54.48460000025079,1.5378283262252808,0.852307194471359
0,AINR,trig,109,0,1,0,1,57.14720000014495,1.6089788675308228,0.852307194471359
0,AINR,trig,110,0,1,0,1,62.3262999997678,1.4318749904632568,0.852307194471359
0,AINR,trig,111,0,1,0,1,60.59300000015355,1.6568642854690552,0.852307194471359
0,AINR,trig,112,0,1,0,1,59.65669999932288,1.572935700416565,0.852307194471359
0,AINR,trig,113,0,1,0,1,58.456899999328016,1.4159846305847168,0.852307194471359
0,AINR,trig,114,0,1,0,1,62.099400000079186,1.695472240447998,0.852307194471359
0,AINR,trig,115,0,1,0,1,63.139099999716564,1.7137928009033203,0.852307194471359
0,AINR,trig,116,0,1,0,1,58.90229999931762,1.6406760215759277,0.852307194471359
0,AINR,trig,117,0,1,0,1,59.69089999962307,1.4876391887664795,0.852307194471359
0,AINR,trig,118,0,1,0,1,64.10190000042348,1.4443676471710205,0.852307194471359
0,AINR,trig,119,0,1,0,1,62.71519999972952,1.545264720916748,0.852307194471359
0,AINR,trig,120,0,1,0,1,60.98259999998845,1.5295424461364746,0.852307194471359
0,AINR,trig,121,0,1,0,1,59.34090000027936,1.643312931060791,0.852307194471359
0,AINR,trig,122,0,1,0,1,62.46680000003835,1.4948537349700928,0.852307194471359
0,AINR,trig,123,0,1,0,1,63.329999999950815,1.501796841621399,0.852307194471359
0,AINR,trig,124,0,1,0,1,62.37429999964661,1.3588626384735107,0.852307194471359
0,AINR,trig,125,1,0,0,0,nan,1.5642027854919434,0.852307194471359
0,AINR,trig,126,0,1,0,1,77.14569999916421,1.5966267585754395,0.852307194471359
0,AINR,trig,127,0,1,0,1,74.13650000034977,1.483076572418213,0.852307194471359
0,AINR,trig,128,0,1,0,1,69.50640000013664,1.3771228790283203,0.852307194471359
0,AINR,trig,129,1,0,0,0,nan,1.3728728294372559,0.852307194471359
0,AINR,trig,130,0,1,0,1,85.14180000020133,1.6969653367996216,0.852307194471359
0,AINR,trig,131,0,1,0,1,77.76800000010553,1.4704351425170898,0.852307194471359
0,AINR,trig,132,0,1,0,1,70.61249999969732,1.6051949262619019,0.852307194471359
0,AINR,trig,133,1,0,0,0,nan,1.3026156425476074,0.852307194471359
0,AINR,trig,134,0,1,0,1,85.31330000005255,1.5635366439819336,0.852307194471359
0,AINR,trig,135,0,1,0,1,76.4843999995719,1.5035557746887207,0.852307194471359
0,AINR,trig,136,0,1,0,1,70.75780000013765,1.4982088804244995,0.852307194471359
0,AINR,trig,137,0,1,0,1,65.62590000066848,1.6025656461715698,0.852307194471359
0,AINR,trig,138,0,1,0,1,61.81820000074367,1.4718296527862549,0.852307194471359
0,AINR,trig,139,0,1,0,1,62.22339999931137,1.5911204814910889,0.852307194471359
0,AINR,trig,140,0,1,0,1,60.81919999996899,1.6296075582504272,0.852307194471359
0,AINR,trig,141,0,1,0,1,58.624999999665306,1.4495038986206055,0.852307194471359
0,AINR,trig,142,0,1,0,1,62.10730000020703,1.6292576789855957,0.852307194471359
0,AINR,trig,143,1,0,0,0,nan,1.5641627311706543,0.852307194471359
0,AINR,trig,144,0,1,0,1,83.76099999986764,1.3688313961029053,0.852307194471359
0,AINR,trig,145,0,1,0,1,80.39649999955145,1.4858628511428833,0.852307194471359
0,AINR,trig,146,0,1,0,1,68.824200000563,1.6178215742111206,0.852307194471359
0,AINR,trig,147,0,1,0,1,60.11419999958889,1.6548491716384888,0.852307194471359
0,AINR,trig,148,0,1,0,1,62.10060000012163,1.467848539352417,0.852307194471359
0,AINR,trig,149,0,1,0,1,59.04699999973673,1.5452778339385986,0.852307194471359
0,AINR,trig,150,0,1,0,1,59.88650000017515,1.4285272359848022,0.852307194471359
0,AINR,trig,151,0,1,0,1,63.4741000003487,1.439623475074768,0.852307194471359
0,AINR,trig,152,0,1,0,1,61.80289999974775,1.4986560344696045,0.852307194471359
0,AINR,trig,153,0,1,0,1,60.83739999940008,1.6026651859283447,0.852307194471359
0,AINR,trig,154,0,1,0,1,58.60299999949348,1.5497592687606812,0.852307194471359
0,AINR,trig,155,0,1,0,1,59.80640000052517,1.5956687927246094,0.852307194471359
0,AINR,trig,156,0,1,0,1,60.54260000018985,1.4815477132797241,0.852307194471359
0,AINR,trig,157,0,1,0,1,63.68469999961235,1.4343854188919067,0.852307194471359
0,AINR,trig,158,0,1,0,1,60.55949999972654,1.4548672437667847,0.852307194471359
0,AINR,trig,159,0,1,0,1,63.03829999978916,1.3777574300765991,0.852307194471359
0,AINR,trig,160,0,1,0,1,61.46439999974973,1.3598244190216064,0.852307194471359
0,AINR,trig,161,0,1,0,1,62.81159999980446,1.537826657295227,0.852307194471359
0,AINR,trig,162,0,1,0,1,60.409299999264476,1.6479675769805908,0.852307194471359
0,AINR,trig,163,0,1,0,1,62.098100000184786,1.5050820112228394,0.852307194471359
0,AINR,trig,164,0,1,0,1,59.314699999958975,1.421080231666565,0.852307194471359
0,AINR,trig,165,0,1,0,1,61.939000000165834,1.4546719789505005,0.852307194471359
0,AINR,trig,166,0,1,0,1,58.43800000002375,1.4341775178909302,0.852307194471359
0,AINR,trig,167,0,1,0,1,60.153100000206905,1.3741294145584106,0.852307194471359
0,AINR,trig,168,0,1,0,1,61.19940000007773,1.347001314163208,0.852307194471359
0,AINR,trig,169,0,1,0,1,61.55849999959173,1.5454133749008179,0.852307194471359
0,AINR,trig,170,0,1,0,1,60.20619999981136,1.28322172164917,0.852307194471359
0,AINR,trig,171,0,1,0,1,61.565100000734674,1.4204225540161133,0.852307194471359
0,AINR,trig,172,0,1,0,1,57.21850000008999,1.5366493463516235,0.852307194471359
0,AINR,trig,173,0,1,0,1,61.45379999998113,1.342250943183899,0.852307194471359
0,AINR,trig,174,0,1,0,1,58.65859999994427,1.3924200534820557,0.852307194471359
0,AINR,trig,175,1,0,0,0,nan,1.5478709936141968,0.852307194471359
0,AINR,trig,176,0,1,0,1,80.70140000018,1.5280412435531616,0.852307194471359
0,AINR,trig,177,0,1,0,1,76.34280000002036,1.8016066551208496,0.852307194471359
0,AINR,trig,178,0,1,0,1,72.33420000011392,1.5321682691574097,0.852307194471359
0,AINR,trig,179,0,1,0,1,66.74549999934243,1.3978090286254883,0.852307194471359
0,AINR,trig,180,0,1,0,1,62.479700000039884,1.63174307346344,0.852307194471359
0,AINR,trig,181,0,1,0,1,61.7989000002126,1.6381579637527466,0.852307194471359
0,AINR,trig,182,0,1,0,1,63.160700000480574,1.4746534824371338,0.852307194471359
0,AINR,trig,183,0,1,0,1,64.06520000018645,1.639399766921997,0.852307194471359
0,AINR,trig,184,0,1,0,1,63.51119999999355,1.3727773427963257,0.852307194471359
0,AINR,trig,185,0,1,0,1,61.33849999969243,1.7543870210647583,0.852307194471359
0,AINR,trig,186,1,0,0,0,nan,1.465166687965393,0.852307194471359
0,AINR,trig,187,0,1,0,1,81.60599999973783,1.3618195056915283,0.852307194471359
0,AINR,trig,188,1,0,0,0,nan,1.5223779678344727,0.852307194471359
0,AINR,trig,189,0,1,0,1,76.74500000030093,1.4431928396224976,0.852307194471359
0,AINR,trig,190,0,1,0,1,73.34309999987454,1.449317216873169,0.852307194471359
0,AINR,trig,191,0,1,0,1,77.81960000011168,1.4677844047546387,0.852307194471359
0,AINR,trig,192,0,1,0,1,74.5664999994915,1.590374231338501,0.852307194471359
0,AINR,trig,193,0,1,0,1,67.07409999944502,1.4664586782455444,0.852307194471359
0,AINR,trig,194,0,1,0,1,69.73049999942305,1.689653754234314,0.852307194471359
0,AINR,trig,195,0,1,0,1,64.01370000003226,1.350031852722168,0.852307194471359
0,AINR,trig,196,0,1,0,1,64.76290000045992,1.7090991735458374,0.852307194471359
0,AINR,trig,197,0,1,0,1,60.57020000025659,1.5520232915878296,0.852307194471359
0,AINR,trig,198,0,1,0,1,59.88019999949756,1.6599332094192505,0.852307194471359
0,AINR,trig,199,0,1,0,1,60.63640000047599,1.4399133920669556,0.852307194471359
0,AINR,trig,200,0,1,0,1,62.342599999283266,1.5964913368225098,0.852307194471359
0,AINR,trig,201,0,1,0,1,60.32180000056542,1.5849530696868896,0.852307194471359
0,AINR,trig,202,0,1,0,1,61.137699999562756,1.441184639930725,0.852307194471359
0,AINR,trig,203,0,1,0,1,59.09299999984796,1.4397358894348145,0.852307194471359
0,AINR,trig,204,0,1,0,1,60.07020000015473,1.6327506303787231,0.852307194471359
0,AINR,trig,205,0,1,0,1,63.016899999638554,1.5139241218566895,0.852307194471359
0,AINR,trig,206,0,1,0,1,62.933000000157335,1.633982539176941,0.852307194471359
0,AINR,trig,207,0,1,0,1,61.55609999950684,1.6366323232650757,0.852307194471359
0,AINR,trig,208,0,1,0,1,65.38040000032197,1.713904857635498,0.852307194471359
0,AINR,trig,209,0,1,0,1,65.3903000002174,1.4069253206253052,0.852307194471359
0,AINR,trig,210,0,1,0,1,62.48510000023089,1.5045198202133179,0.852307194471359
0,AINR,trig,211,0,1,0,1,61.873100000411796,1.420966625213623,0.852307194471359
0,AINR,trig,212,0,1,0,1,62.10800000008021,1.4797683954238892,0.852307194471359
0,AINR,trig,213,0,1,0,1,62.98429999969812,1.5617762804031372,0.852307194471359
0,AINR,trig,214,0,1,0,1,63.82140000005165,1.6112490892410278,0.852307194471359
0,AINR,trig,215,0,1,0,1,62.749199999416305,1.3251147270202637,0.852307194471359
0,AINR,trig,216,0,1,0,1,62.24029999975755,1.5064553022384644,0.852307194471359
0,AINR,trig,217,0,1,0,1,62.46499999997468,1.5451136827468872,0.852307194471359
0,AINR,trig,218,1,0,0,0,nan,1.4745969772338867,0.852307194471359
0,AINR,trig,219,0,1,0,1,81.95389999946201,1.6777100563049316,0.852307194471359
0,AINR,trig,220,0,1,0,1,78.56480000009469,1.364502191543579,0.852307194471359
0,AINR,trig,221,0,1,0,1,69.14859999960754,1.4878807067871094,0.852307194471359
0,AINR,trig,222,0,1,0,1,66.01959999989049,1.3344135284423828,0.852307194471359
0,AINR,trig,223,0,1,0,1,65.2129000000059,1.582503318786621,0.852307194471359
0,AINR,trig,224,0,1,0,1,65.47769999997399,1.7500708103179932,0.852307194471359
0,AINR,trig,225,0,1,0,1,58.04129999978613,1.5693634748458862,0.852307194471359
0,AINR,trig,226,1,0,0,0,nan,1.4092018604278564,0.852307194471359
0,AINR,trig,227,0,1,0,1,81.19190000070375,1.395643711090088,0.852307194471359
0,AINR,trig,228,0,1,0,1,80.65739999983634,1.7618597745895386,0.852307194471359
0,AINR,trig,229,0,1,0,1,78.19329999983893,1.406309962272644,0.852307194471359
0,AINR,trig,230,0,1,0,1,63.75370000023395,1.3480926752090454,0.852307194471359
0,AINR,trig,231,0,1,0,1,62.80910000077711,1.5573714971542358,0.852307194471359
0,AINR,trig,232,0,1,0,1,60.87219999972149,1.5545767545700073,0.852307194471359
0,AINR,trig,233,0,1,0,1,61.53699999958917,1.5431827306747437,0.852307194471359
0,AINR,trig,234,0,1,0,1,61.3364000000729,1.5990573167800903,0.852307194471359
0,AINR,trig,235,0,1,0,1,63.4384000004502,1.5660102367401123,0.852307194471359
0,AINR,trig,236,0,1,0,1,61.84730000040872,1.4776757955551147,0.852307194471359
0,AINR,trig,237,0,1,0,1,61.4359000001059,1.522447109222412,0.852307194471359
0,AINR,trig,238,0,1,0,1,61.6039999995337,1.6114647388458252,0.852307194471359
0,AINR,trig,239,0,1,0,1,64.5092000004297,1.3458062410354614,0.852307194471359
0,AINR,trig,240,0,1,0,1,61.55049999961193,1.473797082901001,0.852307194471359
0,AINR,trig,241,0,1,0,1,63.139600000795326,1.6160717010498047,0.852307194471359
0,AINR,trig,242,0,1,0,1,60.43330000011338,1.4789758920669556,0.852307194471359
0,AINR,trig,243,0,1,0,1,61.65340000006836,1.4203991889953613,0.852307194471359
0,AINR,trig,244,0,1,0,1,59.73269999958575,1.5134012699127197,0.852307194471359
0,AINR,trig,245,0,1,0,1,61.382299999422685,1.3804184198379517,0.852307194471359
0,AINR,trig,246,0,1,0,1,58.94339999940712,1.5113720893859863,0.852307194471359
0,AINR,trig,247,0,1,0,1,62.2176999995645,1.5343871116638184,0.852307194471359
0,AINR,trig,248,0,1,0,1,61.86310000066442,1.47782564163208,0.852307194471359
0,AINR,trig,249,0,1,0,1,63.34269999933895,1.4879635572433472,0.852307194471359
0,AINR,trig,250,0,1,0,1,63.13570000020263,1.560765027999878,0.852307194471359
0,AINR,trig,251,0,1,0,1,59.683700000277895,1.4872392416000366,0.852307194471359
0,AINR,trig,252,0,1,0,1,60.603099999752885,1.3787380456924438,0.852307194471359
0,AINR,trig,253,0,1,0,1,62.12929999946937,1.4469430446624756,0.852307194471359
0,AINR,trig,254,0,1,0,1,63.0964000001768,1.5267781019210815,0.852307194471359
0,AINR,trig,255,0,1,0,1,61.839799999688694,1.4258085489273071,0.852307194471359
0,AINR,trig,256,0,1,0,1,62.413000000560714,1.322023630142212,0.852307194471359
0,AINR,trig,257,0,1,0,1,61.68919999981881,1.511162281036377,0.852307194471359
0,AINR,trig,258,0,1,0,1,63.17820000003849,1.6083799600601196,0.852307194471359
0,AINR,trig,259,0,1,0,1,64.41280000035476,1.6772862672805786,0.852307194471359
0,AINR,trig,260,0,1,0,1,59.919299999819486,1.592280626296997,0.852307194471359
0,AINR,trig,261,0,1,0,1,60.00930000027438,1.4411858320236206,0.852307194471359
0,AINR,trig,262,0,1,0,1,61.51700000009441,1.58119535446167,0.852307194471359
0,AINR,trig,263,0,1,0,1,61.567000000650296,1.5938533544540405,0.852307194471359
0,AINR,trig,264,0,1,0,1,59.989600000335486,1.50502610206604,0.852307194471359
0,AINR,trig,265,0,1,0,1,63.688299999739684,1.7073711156845093,0.852307194471359
0,AINR,trig,266,0,1,0,1,62.34180000046763,1.47970449924469,0.852307194471359
0,AINR,trig,267,0,1,0,1,62.8019999994649,1.725847840309143,0.852307194471359
0,AINR,trig,268,0,1,0,1,62.22139999954379,1.5885508060455322,0.852307194471359
0,AINR,trig,269,0,1,0,1,60.69119999938266,1.4522401094436646,0.852307194471359
0,AINR,trig,270,0,1,0,1,62.647499999911815,1.4346058368682861,0.852307194471359
0,AINR,trig,271,0,1,0,1,61.294899999666086,1.35450279712677,0.852307194471359
0,AINR,trig,272,0,1,0,1,61.77100000058999,1.3785035610198975,0.852307194471359
0,AINR,trig,273,0,1,0,1,62.773099999503756,1.7196348905563354,0.852307194471359
0,AINR,trig,274,0,1,0,1,63.155599999845435,1.5045716762542725,0.852307194471359
0,AINR,trig,275,0,1,0,1,62.078800000563206,1.5354965925216675,0.852307194471359
0,AINR,trig,276,0,1,0,1,62.85250000019005,1.472408652305603,0.852307194471359
0,AINR,trig,277,0,1,0,1,63.53360000048269,1.6583993434906006,0.852307194471359
0,AINR,trig,278,0,1,0,1,60.53269999938493,1.707011342048645,0.852307194471359
0,AINR,trig,279,0,1,0,1,67.86040000042703,1.5772457122802734,0.852307194471359
0,AINR,trig,280,0,1,0,1,60.4935999999725,1.5853265523910522,0.852307194471359
0,AINR,trig,281,0,1,0,1,62.28300000020681,1.4694095849990845,0.852307194471359
0,AINR,trig,282,0,1,0,1,62.45139999919047,1.5158456563949585,0.852307194471359
0,AINR,trig,283,0,1,0,1,59.67069999951491,1.5711920261383057,0.852307194471359
0,AINR,trig,284,0,1,0,1,65.95149999975547,1.4905211925506592,0.852307194471359
0,AINR,trig,285,0,1,0,1,63.67049999971641,1.5273354053497314,0.852307194471359
0,AINR,trig,286,0,1,0,1,60.297300000456744,1.6308082342147827,0.852307194471359
0,AINR,trig,287,0,1,0,1,60.55430000014894,1.6283072233200073,0.852307194471359
0,AINR,trig,288,0,1,0,1,61.16860000020097,1.3408193588256836,0.852307194471359
0,AINR,trig,289,0,1,0,1,63.30359999992652,1.2865957021713257,0.852307194471359
0,AINR,trig,290,0,1,0,1,67.20469999982015,1.5926967859268188,0.852307194471359
0,AINR,trig,291,0,1,0,1,65.52970000029745,1.6852647066116333,0.852307194471359
0,AINR,trig,292,0,1,0,1,66.18019999950775,1.6202846765518188,0.852307194471359
0,AINR,trig,293,0,1,0,1,64.8258999999598,1.5371001958847046,0.852307194471359
0,AINR,trig,294,0,1,0,1,59.90550000024086,1.4142202138900757,0.852307194471359
0,AINR,trig,295,0,1,0,1,61.17580000045564,1.5465996265411377,0.852307194471359
0,AINR,trig,296,0,1,0,1,61.609800000042014,1.6624681949615479,0.852307194471359
0,AINR,trig,297,0,1,0,1,61.55090000083874,1.577500343322754,0.852307194471359
0,AINR,trig,298,0,1,0,1,63.19509999957518,1.4229974746704102,0.852307194471359
0,AINR,trig,299,0,1,0,1,62.552299999879324,1.3830689191818237,0.852307194471359
0,AINR,trig,300,0,1,0,1,61.52369999927032,1.638580083847046,0.852307194471359
0,AINR,trig,301,1,0,0,0,nan,1.4884181022644043,0.852307194471359
0,AINR,trig,302,0,1,0,1,80.19340000009834,1.424672245979309,0.852307194471359
0,AINR,trig,303,0,1,0,1,75.43190000069444,1.4632681608200073,0.852307194471359
0,AINR,trig,304,0,1,0,1,69.66509999983828,1.6020689010620117,0.852307194471359
0,AINR,trig,305,0,1,0,1,64.9663000003784,1.3578882217407227,0.852307194471359
0,AINR,trig,306,0,1,0,1,61.86650000017835,1.4072986841201782,0.852307194471359
0,AINR,trig,307,0,1,0,1,63.94860000000335,1.5200353860855103,0.852307194471359
0,AINR,trig,308,0,1,0,1,61.10290000015084,1.4158422946929932,0.852307194471359
0,AINR,trig,309,0,1,0,1,63.09739999960584,1.5809680223464966,0.852307194471359
0,AINR,trig,310,0,1,0,1,62.840800000230956,1.3987542390823364,0.852307194471359
0,AINR,trig,311,0,1,0,1,62.4431000005643,1.4939123392105103,0.852307194471359
0,AINR,trig,312,0,1,0,1,63.02189999951224,1.5380362272262573,0.852307194471359
0,AINR,trig,313,0,1,0,1,60.26099999962753,1.5158172845840454,0.852307194471359
0,AINR,trig,314,0,1,0,1,62.36049999915849,1.6463353633880615,0.852307194471359
0,AINR,trig,315,0,1,0,1,58.68410000039148,1.685567855834961,0.852307194471359
0,AINR,trig,316,0,1,0,1,63.74549999964074,1.3962262868881226,0.852307194471359
0,AINR,trig,317,0,1,0,1,59.44590000035532,1.5736117362976074,0.852307194471359
0,AINR,trig,318,0,1,0,1,64.16640000043117,1.3365153074264526,0.852307194471359
0,AINR,trig,319,0,1,0,1,58.95259999942937,1.4694299697875977,0.852307194471359
0,AINR,trig,320,0,1,0,1,55.1393999994616,1.3212573528289795,0.852307194471359
0,AINR,trig,321,0,1,0,1,59.87310000000434,1.693300724029541,0.852307194471359
0,AINR,trig,322,0,1,0,1,63.92180000057124,1.6953544616699219,0.852307194471359
0,AINR,trig,323,0,1,0,1,57.414500000049884,1.6791269779205322,0.852307194471359
0,AINR,trig,324,0,1,0,1,57.46039999939967,1.6755882501602173,0.852307194471359
0,AINR,trig,325,0,1,0,1,63.43319999996311,1.427168369293213,0.852307194471359
0,AINR,trig,326,1,0,0,0,nan,1.544830322265625,0.852307194471359
0,AINR,trig,327,0,1,0,1,78.29060000040045,1.5762848854064941,0.852307194471359
0,AINR,trig,328,0,1,0,1,72.2276000005877,1.4860482215881348,0.852307194471359
0,AINR,trig,329,0,1,0,1,64.807099999598,1.5118553638458252,0.852307194471359
0,AINR,trig,330,0,1,0,1,59.530000000449945,1.5063729286193848,0.852307194471359
0,AINR,trig,331,0,1,0,1,64.59720000020752,1.407801866531372,0.852307194471359
0,AINR,trig,332,0,1,0,1,61.88130000009551,1.3895667791366577,0.852307194471359
0,AINR,trig,333,0,1,0,1,58.01979999978357,1.6320486068725586,0.852307194471359
0,AINR,trig,334,0,1,0,1,62.84670000059123,1.4638420343399048,0.852307194471359
0,AINR,trig,335,0,1,0,1,59.6679000000222,1.4227526187896729,0.852307194471359
0,AINR,trig,336,0,1,0,1,61.42510000063339,1.5763098001480103,0.852307194471359
0,AINR,trig,337,0,1,0,1,63.058700000510726,1.546973705291748,0.852307194471359
0,AINR,trig,338,0,1,0,1,60.81439999979921,1.6200281381607056,0.852307194471359
0,AINR,trig,339,0,1,0,1,62.18249999983527,1.4291797876358032,0.852307194471359
0,AINR,trig,340,0,1,0,1,56.73120000028575,1.5234558582305908,0.852307194471359
0,AINR,trig,341,0,1,0,1,57.71359999926062,1.3606514930725098,0.852307194471359
0,AINR,trig,342,0,1,0,1,54.547000000638945,1.5616310834884644,0.852307194471359
0,AINR,trig,343,0,1,0,1,57.05870000019786,1.5978115797042847,0.852307194471359
0,AINR,trig,344,0,1,0,1,59.146399999917776,1.4467535018920898,0.852307194471359
0,AINR,trig,345,0,1,0,1,60.903000000507745,1.4867758750915527,0.852307194471359
0,AINR,trig,346,0,1,0,1,62.74669999947946,1.4294637441635132,0.852307194471359
0,AINR,trig,347,0,1,0,1,60.4920999994647,1.5086270570755005,0.852307194471359
0,AINR,trig,348,0,1,0,1,56.56840000028751,1.5108280181884766,0.852307194471359
0,AINR,trig,349,0,1,0,1,61.003299999356386,1.422602891921997,0.852307194471359
0,AINR,trig,350,0,1,0,1,61.18590000005497,1.3941642045974731,0.852307194471359
0,AINR,trig,351,0,1,0,1,65.57729999985895,1.4201149940490723,0.852307194471359
0,AINR,trig,352,0,1,0,1,69.28429999970831,1.4122698307037354,0.852307194471359
0,AINR,trig,353,0,1,0,1,64.04769999971904,1.2785604000091553,0.852307194471359
0,AINR,trig,354,0,1,0,1,69.68530000085593,1.6361814737319946,0.852307194471359
0,AINR,trig,355,0,1,0,1,68.29479999942123,1.4292265176773071,0.852307194471359
0,AINR,trig,356,0,1,0,1,81.55040000019653,1.338403344154358,0.852307194471359
0,AINR,trig,357,0,1,0,1,75.92359999944165,1.784457802772522,0.852307194471359
0,AINR,trig,358,1,0,0,0,nan,1.22029709815979,0.852307194471359
0,AINR,trig,359,0,1,0,1,66.92339999972319,1.2163476943969727,0.852307194471359
0,AINR,trig,360,0,1,0,1,69.7360000003755,1.6127078533172607,0.852307194471359
0,AINR,trig,361,1,0,0,0,nan,1.572638750076294,0.852307194471359
0,AINR,trig,362,0,1,0,1,72.93470000058733,1.295134425163269,0.852307194471359
0,AINR,trig,363,0,1,0,1,62.63889999991079,1.6287333965301514,0.852307194471359
0,AINR,trig,364,0,1,0,1,59.18759999985923,1.7065094709396362,0.852307194471359
0,AINR,trig,365,0,1,0,1,59.42449999929522,1.437745213508606,0.852307194471359
0,AINR,trig,366,0,1,0,1,51.90940000011324,1.3527660369873047,0.852307194471359
0,AINR,trig,367,0,1,0,1,52.33719999978348,1.598525047302246,0.852307194471359
0,AINR,trig,368,0,1,0,1,51.33720000048925,1.5207465887069702,0.852307194471359
0,AINR,trig,369,0,1,0,1,384.9823999998989,1.5605279207229614,0.852307194471359
0,AINR,trig,370,0,1,0,1,87.90200000021287,1.5721510648727417,0.852307194471359
0,AINR,trig,371,0,1,0,1,51.875099999961094,1.3214017152786255,0.852307194471359
0,AINR,trig,372,0,1,0,1,49.5850999996037,1.5688745975494385,0.852307194471359
0,AINR,trig,373,0,1,0,1,51.36320000019623,1.599878191947937,0.852307194471359
0,AINR,trig,374,0,1,0,1,48.773999999866646,1.6978992223739624,0.852307194471359
0,AINR,trig,375,0,1,0,1,49.99520000001212,1.8132048845291138,0.852307194471359
0,AINR,trig,376,0,1,0,1,50.40030000054685,1.820760726928711,0.852307194471359
0,AINR,trig,377,0,1,0,1,48.403899999357236,1.581921935081482,0.852307194471359
0,AINR,trig,378,0,1,0,1,53.73359999975946,1.4148364067077637,0.852307194471359
0,AINR,trig,379,0,1,0,1,50.93979999946896,1.7265522480010986,0.852307194471359
0,AINR,trig,380,0,1,0,1,51.50990000038291,1.5995306968688965,0.852307194471359
0,AINR,trig,381,0,1,0,1,49.95359999975335,1.4150571823120117,0.852307194471359
0,AINR,trig,382,0,1,0,1,58.92450000010285,1.2978979349136353,0.852307194471359
0,AINR,trig,383,0,1,0,1,62.37359999977343,1.6136021614074707,0.852307194471359
0,AINR,trig,384,0,1,0,1,64.5844999999099,1.4129520654678345,0.852307194471359
0,AINR,trig,385,0,1,0,1,66.3299999996525,1.5893008708953857,0.852307194471359
0,AINR,trig,386,0,1,0,1,69.48719999945752,1.5730019807815552,0.852307194471359
0,AINR,trig,387,0,1,0,1,67.68339999962336,1.2927700281143188,0.852307194471359
0,AINR,trig,388,0,1,0,1,69.23490000008314,1.6997733116149902,0.852307194471359
0,AINR,trig,389,0,1,0,1,65.17249999978958,1.3373346328735352,0.852307194471359
0,AINR,trig,390,0,1,0,1,58.891399999993155,1.350414752960205,0.852307194471359
0,AINR,trig,391,0,1,0,1,61.475599999539554,1.456607460975647,0.852307194471359
0,AINR,trig,392,0,1,0,1,54.60820000007516,1.3310109376907349,0.852307194471359
0,AINR,trig,393,0,1,0,1,53.82789999930537,1.5738047361373901,0.852307194471359
0,AINR,trig,394,0,1,0,1,52.330999999867345,1.819141149520874,0.852307194471359
0,AINR,trig,395,0,1,0,1,60.99129999984143,1.3343039751052856,0.852307194471359
0,AINR,trig,396,0,1,0,1,61.89199999971606,1.6067012548446655,0.852307194471359
0,AINR,trig,397,0,1,0,1,65.03030000021681,1.6546647548675537,0.852307194471359
0,AINR,trig,398,0,1,0,1,70.09550000020681,1.5306501388549805,0.852307194471359
0,AINR,trig,399,0,1,0,1,67.40019999961078,1.5777759552001953,0.852307194471359
0,AINR,trig,400,0,1,0,1,74.88530000046012,1.488116979598999,0.852307194471359
0,AINR,trig,401,0,1,0,1,71.82780000039202,1.6334706544876099,0.852307194471359
0,AINR,trig,402,0,1,0,1,81.63740000054531,1.4856308698654175,0.852307194471359
0,AINR,trig,403,0,1,0,1,81.95660000001226,1.4862644672393799,0.852307194471359
0,AINR,trig,404,0,1,0,1,76.3040000001638,1.4804822206497192,0.852307194471359
0,AINR,trig,405,0,1,0,1,70.68900000012945,1.6972824335098267,0.852307194471359
0,AINR,trig,406,0,1,0,1,72.30519999939133,1.4624273777008057,0.852307194471359
0,AINR,trig,407,0,1,0,1,72.17480000053911,1.4836896657943726,0.852307194471359
0,AINR,trig,408,0,1,0,1,71.53639999978623,1.4205248355865479,0.852307194471359
0,AINR,trig,409,0,1,0,1,90.24239999962447,1.403931736946106,0.852307194471359
0,AINR,trig,410,0,1,0,1,61.48059999941324,1.6315491199493408,0.852307194471359
0,AINR,trig,411,0,1,0,1,73.60430000062479,1.345065951347351,0.852307194471359
0,AINR,trig,412,1,0,0,0,nan,1.4946706295013428,0.852307194471359
0,AINR,trig,413,0,1,0,1,97.49240000019199,1.6587501764297485,0.852307194471359
0,AINR,trig,414,0,1,0,1,95.99789999992936,1.4591056108474731,0.852307194471359
0,AINR,trig,415,0,1,0,1,82.04789999945206,1.807058572769165,0.852307194471359
0,AINR,trig,416,0,1,0,1,81.47689999987051,1.335159420967102,0.852307194471359
0,AINR,trig,417,0,1,0,1,79.42619999994349,1.7037062644958496,0.852307194471359
0,AINR,trig,418,0,1,0,1,80.06049999949028,1.3551193475723267,0.852307194471359
0,AINR,trig,419,0,1,0,1,80.13769999979559,1.4793434143066406,0.852307194471359
0,AINR,trig,420,0,1,0,1,82.48460000049818,1.5099965333938599,0.852307194471359
0,AINR,trig,421,0,1,0,1,77.95360000000073,1.3855478763580322,0.852307194471359
0,AINR,trig,422,0,1,0,1,72.88659999994707,1.6236728429794312,0.852307194471359
0,AINR,trig,423,0,1,0,1,75.43900000018766,1.5367971658706665,0.852307194471359
0,AINR,trig,424,0,1,0,1,78.80790000035631,1.692204236984253,0.852307194471359
0,AINR,trig,425,0,1,0,1,84.06379999996716,1.3890032768249512,0.852307194471359
0,AINR,trig,426,0,1,0,1,73.30889999957435,1.5940757989883423,0.852307194471359
0,AINR,trig,427,0,1,0,1,69.78090000029624,1.5317022800445557,0.852307194471359
0,AINR,trig,428,0,1,0,1,68.425099999331,1.3838192224502563,0.852307194471359
0,AINR,trig,429,1,0,0,0,nan,1.452258586883545,0.852307194471359
0,AINR,trig,430,0,1,0,1,61.54659999992873,1.5253244638442993,0.852307194471359
0,AINR,trig,431,0,1,0,1,54.707799999960116,1.4844774007797241,0.852307194471359
0,AINR,trig,432,0,1,0,1,56.190999999671476,1.4253790378570557,0.852307194471359
0,AINR,trig,433,0,1,0,1,50.68290000053821,1.3110613822937012,0.852307194471359
0,AINR,trig,434,1,0,0,0,nan,1.4540526866912842,0.852307194471359
0,AINR,trig,435,0,1,0,1,51.886000000195054,1.4023749828338623,0.852307194471359
0,AINR,trig,436,0,1,0,1,57.761399999435525,1.6396349668502808,0.852307194471359
0,AINR,trig,437,0,1,0,1,57.66640000001644,1.3609713315963745,0.852307194471359
0,AINR,trig,438,1,0,0,0,nan,1.4643679857254028,0.852307194471359
0,AINR,trig,439,0,1,0,1,312.218799999755,1.3522344827651978,0.852307194471359
0,AINR,trig,440,0,1,0,1,57.843700000375975,1.6463221311569214,0.852307194471359
0,AINR,trig,441,0,1,0,1,57.70399999983056,1.4306617975234985,0.852307194471359
0,AINR,trig,442,0,1,0,1,58.84590000005119,1.4210938215255737,0.852307194471359
0,AINR,trig,443,0,1,0,1,62.40429999979824,1.5054234266281128,0.852307194471359
0,AINR,trig,444,0,1,0,1,68.1393000004391,1.3126487731933594,0.852307194471359
0,AINR,trig,445,0,1,0,1,73.40190000013536,1.5717443227767944,0.852307194471359
0,AINR,trig,446,0,1,0,1,65.56430000000546,1.483684778213501,0.852307194471359
0,AINR,trig,447,0,1,0,1,58.68779999946128,1.4257500171661377,0.852307194471359
0,AINR,trig,448,0,1,0,1,57.49930000001768,1.4763215780258179,0.852307194471359
0,AINR,trig,449,0,1,0,1,53.83609999989858,1.448512315750122,0.852307194471359
0,AINR,trig,450,0,1,0,1,54.13719999978639,1.4336518049240112,0.852307194471359
0,AINR,trig,451,0,1,0,1,52.29959999996936,1.5645837783813477,0.852307194471359
0,AINR,trig,452,0,1,0,1,59.556700000030105,1.4797903299331665,0.852307194471359
0,AINR,trig,453,0,1,0,1,59.50170000051003,1.5059641599655151,0.852307194471359
0,AINR,trig,454,0,1,0,1,61.16049999945972,1.569125771522522,0.852307194471359
0,AINR,trig,455,0,1,0,1,69.03379999948811,1.399500846862793,0.852307194471359
0,AINR,trig,456,0,1,0,1,72.84159999926487,1.6169339418411255,0.852307194471359
0,AINR,trig,457,0,1,0,1,73.377800000344,1.383769154548645,0.852307194471359
0,AINR,trig,458,0,1,0,1,76.30090000020573,1.8326971530914307,0.852307194471359
0,AINR,trig,459,0,1,0,1,75.46039999942877,1.5459129810333252,0.852307194471359
0,AINR,trig,460,0,1,0,1,79.93239999996149,1.752658486366272,0.852307194471359
0,AINR,trig,461,0,1,0,1,81.7576999997982,1.4111883640289307,0.852307194471359
0,AINR,trig,462,0,1,0,1,84.04130000053556,1.529748558998108,0.852307194471359
0,AINR,trig,463,0,1,0,1,75.01010000032693,1.4050960540771484,0.852307194471359
0,AINR,trig,464,0,1,0,1,75.8534000005966,1.356693148612976,0.852307194471359
0,AINR,trig,465,0,1,0,1,71.9505000006393,1.6946698427200317,0.852307194471359
0,AINR,trig,466,0,1,0,1,73.61309999942023,1.6520946025848389,0.852307194471359
0,AINR,trig,467,0,1,0,1,69.89259999954811,1.6473883390426636,0.852307194471359
0,AINR,trig,468,0,1,0,1,71.92089999989548,1.667746663093567,0.852307194471359
0,AINR,trig,469,0,1,0,1,76.85190000029252,1.3290935754776,0.852307194471359
0,AINR,trig,470,0,1,0,1,59.283399999912945,1.6194626092910767,0.852307194471359
0,AINR,trig,471,0,1,0,1,65.10079999952723,1.481945276260376,0.852307194471359
0,AINR,trig,472,0,1,0,1,68.09179999982007,1.4069266319274902,0.852307194471359
0,AINR,trig,473,0,1,0,1,62.150399999154615,1.5050140619277954,0.852307194471359
0,AINR,trig,474,0,1,0,1,57.30260000018461,1.5205765962600708,0.852307194471359
0,AINR,trig,475,0,1,0,1,53.18820000047708,1.3779423236846924,0.852307194471359
0,AINR,trig,476,0,1,0,1,52.53599999923608,1.6323437690734863,0.852307194471359
0,AINR,trig,477,0,1,0,1,65.69850000050792,1.5259069204330444,0.852307194471359
0,AINR,trig,478,0,1,0,1,151.74990000014077,1.3651107549667358,0.852307194471359
0,AINR,trig,479,0,1,0,1,178.04120000073453,1.4736835956573486,0.852307194471359
0,AINR,trig,480,0,1,0,1,163.7884000001577,1.2491902112960815,0.852307194471359
0,AINR,trig,481,0,1,0,1,120.09850000049482,1.5109570026397705,0.852307194471359
0,AINR,trig,482,0,1,0,1,58.80669999987731,1.6921818256378174,0.852307194471359
0,AINR,trig,483,0,1,0,1,54.97209999975894,1.487654447555542,0.852307194471359
0,AINR,trig,484,0,1,0,1,56.795899999997346,1.5263477563858032,0.852307194471359
0,AINR,trig,485,0,1,0,1,57.12099999982456,1.6612895727157593,0.852307194471359
0,AINR,trig,486,0,1,0,1,60.991199999989476,1.574218511581421,0.852307194471359
0,AINR,trig,487,0,1,0,1,65.98440000016126,1.237937569618225,0.852307194471359
0,AINR,trig,488,0,1,0,1,64.03419999969628,1.406801700592041,0.852307194471359
0,AINR,trig,489,0,1,0,1,67.99119999959657,1.2996439933776855,0.852307194471359
0,AINR,trig,490,0,1,0,1,68.73749999977008,1.6816909313201904,0.852307194471359
0,AINR,trig,491,0,1,0,1,71.81039999977656,1.6436079740524292,0.852307194471359
0,AINR,trig,492,0,1,0,1,67.33359999998356,1.457793951034546,0.852307194471359
0,AINR,trig,493,0,1,0,1,62.46180000016466,1.5300086736679077,0.852307194471359
0,AINR,trig,494,0,1,0,1,62.13400000069669,1.7450964450836182,0.852307194471359
0,AINR,trig,495,0,1,0,1,55.03029999999853,1.6465517282485962,0.852307194471359
0,AINR,trig,496,0,1,0,1,53.705100000115635,1.3940626382827759,0.852307194471359
0,AINR,trig,497,0,1,0,1,52.87970000063069,1.6733442544937134,0.852307194471359
0,AINR,trig,498,0,1,0,1,51.230000000032305,1.6652275323867798,0.852307194471359
0,AINR,trig,499,0,1,0,1,63.81549999969138,1.5900123119354248,0.852307194471359
0,AINR,trig,500,0,1,0,1,75.99729999947158,1.4708991050720215,0.852307194471359
0,AINR,trig,501,0,1,0,1,56.87859999943612,1.4722833633422852,0.852307194471359
0,AINR,trig,502,0,1,0,1,53.90400000032969,1.5055058002471924,0.852307194471359
0,AINR,trig,503,0,1,0,1,66.49560000005295,1.4987512826919556,0.852307194471359
0,AINR,trig,504,0,1,0,1,64.10720000076253,1.5597572326660156,0.852307194471359
0,AINR,trig,505,0,1,0,1,77.8347000004942,1.7054030895233154,0.852307194471359
0,AINR,trig,506,0,1,0,1,66.97100000019418,1.4298527240753174,0.852307194471359
0,AINR,trig,507,0,1,0,1,61.68690000049537,1.5880820751190186,0.852307194471359
0,AINR,trig,508,0,1,0,1,108.07119999935821,1.4284511804580688,0.852307194471359
0,AINR,trig,509,1,0,0,0,nan,1.642515778541565,0.852307194471359
0,AINR,trig,510,0,1,0,1,82.19960000042192,1.5095961093902588,0.852307194471359
0,AINR,trig,511,0,1,0,1,78.00309999947785,1.5740175247192383,0.852307194471359
0,AINR,trig,512,1,0,0,0,nan,1.5890772342681885,0.852307194471359
0,AINR,trig,513,0,1,0,1,92.32129999963945,1.6757196187973022,0.852307194471359
0,AINR,trig,514,0,1,0,1,91.63080000053014,1.4860936403274536,0.852307194471359
0,AINR,trig,515,0,1,0,1,79.6504999998433,1.5181430578231812,0.852307194471359
0,AINR,trig,516,0,1,0,1,79.80269999916345,1.4064302444458008,0.852307194471359
0,AINR,trig,517,0,1,0,1,79.34759999989183,1.4328680038452148,0.852307194471359
0,AINR,trig,518,0,1,0,1,86.78789999976289,1.504982590675354,0.852307194471359
0,AINR,trig,519,0,1,0,1,69.09340000038355,1.4874520301818848,0.852307194471359
0,AINR,trig,520,0,1,0,1,73.2679000002463,1.4873367547988892,0.852307194471359
0,AINR,trig,521,0,1,0,1,75.42610000018612,1.5851099491119385,0.852307194471359
0,AINR,trig,522,0,1,0,1,80.63469999979134,1.4078694581985474,0.852307194471359
0,AINR,trig,523,0,1,0,1,76.88680000046588,1.4436664581298828,0.852307194471359
0,AINR,trig,524,0,1,0,1,79.76460000008956,1.540999174118042,0.852307194471359
0,AINR,trig,525,0,1,0,1,83.57859999978245,1.698736548423767,0.852307194471359
0,AINR,trig,526,0,1,0,1,73.30030000048282,1.4741450548171997,0.852307194471359
0,AINR,trig,527,0,1,0,1,77.9091000003973,1.6334012746810913,0.852307194471359
0,AINR,trig,528,0,1,0,1,82.08800000011252,1.592871904373169,0.852307194471359
0,AINR,trig,529,0,1,0,1,73.33569999991596,1.6080389022827148,0.852307194471359
0,AINR,trig,530,0,1,0,1,76.52430000052846,1.675657868385315,0.852307194471359
0,AINR,trig,531,0,1,0,1,77.68399999986286,1.4832020998001099,0.852307194471359
0,AINR,trig,532,0,1,0,1,89.51909999996133,1.5619069337844849,0.852307194471359
0,AINR,trig,533,1,0,0,0,nan,1.4734948873519897,0.852307194471359
0,AINR,trig,534,0,1,0,1,70.12630000008357,1.586534857749939,0.852307194471359
0,AINR,trig,535,0,1,0,1,78.56960000026447,1.6131826639175415,0.852307194471359
0,AINR,trig,536,0,1,0,1,77.23740000074031,1.4083735942840576,0.852307194471359
0,AINR,trig,537,0,1,0,1,85.7919000000038,1.3960044384002686,0.852307194471359
0,AINR,trig,538,0,1,0,1,83.16450000074838,1.6284804344177246,0.852307194471359
0,AINR,trig,539,0,1,0,1,76.80419999996957,1.3434613943099976,0.852307194471359
0,AINR,trig,540,0,1,0,1,87.60809999967023,1.5578449964523315,0.852307194471359
0,AINR,trig,541,0,1,0,1,78.40589999977965,1.5664803981781006,0.852307194471359
0,AINR,trig,542,0,1,0,1,83.53400000032707,1.4867522716522217,0.852307194471359
0,AINR,trig,543,0,1,0,1,71.6112999998586,1.4756449460983276,0.852307194471359
0,AINR,trig,544,0,1,0,1,58.91619999965769,1.4674699306488037,0.852307194471359
0,AINR,trig,545,0,1,0,1,65.11740000041755,1.4072316884994507,0.852307194471359
0,AINR,trig,546,0,1,0,1,53.79220000031637,1.4488911628723145,0.852307194471359
0,AINR,trig,547,0,1,0,1,65.0575999998182,1.2724097967147827,0.852307194471359
0,AINR,trig,548,0,1,0,1,53.62890000014886,1.5293653011322021,0.852307194471359
0,AINR,trig,549,0,1,0,1,113.60140000033425,1.4495394229888916,0.852307194471359
0,AINR,trig,550,0,1,0,1,111.20059999939258,1.6433156728744507,0.852307194471359
0,AINR,trig,551,0,1,0,1,119.33469999985391,1.3958673477172852,0.852307194471359
0,AINR,trig,552,0,1,0,1,104.68660000060481,1.4451448917388916,0.852307194471359
0,AINR,trig,553,0,1,0,1,102.81709999981103,1.3205766677856445,0.852307194471359
0,AINR,trig,554,0,1,0,1,105.62079999999696,1.5138579607009888,0.852307194471359
0,AINR,trig,555,0,1,0,1,67.08109999999579,1.5459994077682495,0.852307194471359
0,AINR,trig,556,0,1,0,1,68.11550000020361,1.5672848224639893,0.852307194471359
0,AINR,trig,557,0,1,0,1,59.622200000376324,1.4255452156066895,0.852307194471359
0,AINR,trig,558,0,1,0,1,48.62950000006094,1.4051886796951294,0.852307194471359
0,AINR,trig,559,0,1,0,1,59.585900000456604,1.6251453161239624,0.852307194471359
0,AINR,trig,560,0,1,0,1,51.63509999965754,1.399482250213623,0.852307194471359
0,AINR,trig,561,0,1,0,1,57.455600000139384,1.648615837097168,0.852307194471359
0,AINR,trig,562,0,1,0,1,199.53809999969963,1.3181486129760742,0.852307194471359
0,AINR,trig,563,0,1,0,1,160.65809999963676,1.5100194215774536,0.852307194471359
0,AINR,trig,564,0,1,0,1,70.73490000038873,1.6459407806396484,0.852307194471359
0,AINR,trig,565,0,1,0,1,61.882799999693816,1.7565745115280151,0.852307194471359
0,AINR,trig,566,0,1,0,1,58.50589999954536,1.4658031463623047,0.852307194471359
0,AINR,trig,567,0,1,0,1,50.817600000300445,1.4961496591567993,0.852307194471359
0,AINR,trig,568,0,1,0,1,60.44720000045345,1.550921082496643,0.852307194471359
0,AINR,trig,569,0,1,0,1,53.78430000018852,1.6699604988098145,0.852307194471359
0,AINR,trig,570,0,1,0,1,49.22129999977187,1.6208006143569946,0.852307194471359
0,AINR,trig,571,0,1,0,1,66.19599999976344,1.504699945449829,0.852307194471359
0,AINR,trig,572,0,1,0,1,54.32650000057038,1.462687611579895,0.852307194471359
0,AINR,trig,573,0,1,0,1,68.27080000039132,1.367273211479187,0.852307194471359
0,AINR,trig,574,0,1,0,1,361.15650000010646,1.4111777544021606,0.852307194471359
0,AINR,trig,575,0,1,0,1,148.4055000000808,1.678338646888733,0.852307194471359
0,AINR,trig,576,0,1,0,1,67.52289999985805,1.5481808185577393,0.852307194471359
0,AINR,trig,577,0,1,0,1,62.600299999758136,1.4659473896026611,0.852307194471359
0,AINR,trig,578,0,1,0,1,64.58810000003723,1.7227140665054321,0.852307194471359
0,AINR,trig,579,0,1,0,1,52.95789999945555,1.7197372913360596,0.852307194471359
0,AINR,trig,580,0,1,0,1,57.333400000061374,1.4674774408340454,0.852307194471359
0,AINR,trig,581,0,1,0,1,137.9572999994707,1.503614068031311,0.852307194471359
0,AINR,trig,582,0,1,0,1,145.28210000025865,1.7386672496795654,0.852307194471359
0,AINR,trig,583,0,1,0,1,156.27469999981258,1.6292773485183716,0.852307194471359
0,AINR,trig,584,0,1,0,1,59.600399999908404,1.5215973854064941,0.852307194471359
0,AINR,trig,585,0,1,0,1,52.731199999470846,1.3361200094223022,0.852307194471359
0,AINR,trig,586,1,0,0,0,nan,1.7294467687606812,0.852307194471359
0,AINR,trig,587,0,1,0,1,57.52510000002076,1.574588418006897,0.852307194471359
0,AINR,trig,588,0,1,0,1,53.58870000054594,1.7780539989471436,0.852307194471359
0,AINR,trig,589,0,1,0,1,53.67780000051425,1.4542162418365479,0.852307194471359
0,AINR,trig,590,0,1,0,1,50.65720000038709,1.611289143562317,0.852307194471359
0,AINR,trig,591,0,1,0,1,57.4386999996932,1.4252829551696777,0.852307194471359
0,AINR,trig,592,0,1,0,1,58.237999999619205,1.4735275506973267,0.852307194471359
0,AINR,trig,593,0,1,0,1,52.25179999979446,1.7335246801376343,0.852307194471359
0,AINR,trig,594,0,1,0,1,51.32890000004409,1.6514639854431152,0.852307194471359
0,AINR,trig,595,0,1,0,1,63.54469999951107,1.6717275381088257,0.852307194471359
0,AINR,trig,596,0,1,0,1,69.48639999973238,1.5535094738006592,0.852307194471359
0,AINR,trig,597,0,1,0,1,65.96449999960896,1.4683959484100342,0.852307194471359
0,AINR,trig,598,0,1,0,1,57.68589999934193,1.3819549083709717,0.852307194471359
0,AINR,trig,599,0,1,0,1,57.547100000192586,1.3128718137741089,0.852307194471359
0,AINR,trig,600,0,1,0,1,52.37200000010489,1.3934601545333862,0.852307194471359
0,AINR,trig,601,0,1,0,1,52.79000000064116,1.3667932748794556,0.852307194471359
0,AINR,trig,602,0,1,0,1,67.38120000045456,1.6303472518920898,0.852307194471359
0,AINR,trig,603,0,1,0,1,73.31349999913073,1.676119089126587,0.852307194471359
0,AINR,trig,604,0,1,0,1,74.59130000006553,1.472157597541809,0.852307194471359
0,AINR,trig,605,0,1,0,1,76.63030000003346,1.4024919271469116,0.852307194471359
0,AINR,trig,606,0,1,0,1,67.22569999965344,1.721062421798706,0.852307194471359
0,AINR,trig,607,0,1,0,1,57.83000000064931,1.454993486404419,0.852307194471359
0,AINR,trig,608,0,1,0,1,63.49990000035177,1.4510470628738403,0.852307194471359
0,AINR,trig,609,0,1,0,1,60.40399999983492,1.65789794921875,0.852307194471359
0,AINR,trig,610,0,1,0,1,58.74189999940427,1.3402115106582642,0.852307194471359
0,AINR,trig,611,0,1,0,1,68.93500000023778,1.5024569034576416,0.852307194471359
0,AINR,trig,612,0,1,0,1,68.34660000004078,1.655015230178833,0.852307194471359
0,AINR,trig,613,0,1,0,1,91.41060000001744,1.577926754951477,0.852307194471359
0,AINR,trig,614,0,1,0,1,77.26989999991929,1.522594928741455,0.852307194471359
0,AINR,trig,615,0,1,0,1,62.1859000002587,1.6139858961105347,0.852307194471359
0,AINR,trig,616,0,1,0,1,61.69869999939692,1.6742647886276245,0.852307194471359
0,AINR,trig,617,0,1,0,1,57.85509999986971,1.5049337148666382,0.852307194471359
0,AINR,trig,618,0,1,0,1,59.02669999977661,1.3816239833831787,0.852307194471359
0,AINR,trig,619,0,1,0,1,64.47750000006636,1.550249457359314,0.852307194471359
0,AINR,trig,620,0,1,0,1,79.47449999937817,1.4599907398223877,0.852307194471359
0,AINR,trig,621,0,1,0,1,86.39320000020234,1.5082052946090698,0.852307194471359
0,AINR,trig,622,0,1,0,1,76.3825000003635,1.3365964889526367,0.852307194471359
0,AINR,trig,623,0,1,0,1,61.33669999962876,1.46877920627594,0.852307194471359
0,AINR,trig,624,0,1,0,1,57.49279999963619,1.5101871490478516,0.852307194471359
0,AINR,trig,625,0,1,0,1,56.330000000343716,1.4382281303405762,0.852307194471359
0,AINR,trig,626,0,1,0,1,58.50620000001072,1.399794578552246,0.852307194471359
0,AINR,trig,627,0,1,0,1,59.37119999998686,1.5552549362182617,0.852307194471359
0,AINR,trig,628,0,1,0,1,57.18379999962053,1.4202327728271484,0.852307194471359
0,AINR,trig,629,0,1,0,1,57.31219999961468,1.4390541315078735,0.852307194471359
0,AINR,trig,630,0,1,0,1,55.45530000017607,1.4342737197875977,0.852307194471359
0,AINR,trig,631,0,1,0,1,58.33150000034948,1.5510050058364868,0.852307194471359
0,AINR,trig,632,0,1,0,1,57.2505000000092,1.497066617012024,0.852307194471359
0,AINR,trig,633,0,1,0,1,58.7852999997267,1.382379412651062,0.852307194471359
0,AINR,trig,634,0,1,0,1,55.347900000015215,1.6111081838607788,0.852307194471359
0,AINR,trig,635,0,1,0,1,59.25859999933891,1.5921640396118164,0.852307194471359
0,AINR,trig,636,0,1,0,1,61.534299999948416,1.6262180805206299,0.852307194471359
0,AINR,trig,637,0,1,0,1,57.17389999972511,1.397983431816101,0.852307194471359
0,AINR,trig,638,0,1,0,1,58.14199999986158,1.457685947418213,0.852307194471359
0,AINR,trig,639,0,1,0,1,56.19399999977759,1.4949086904525757,0.852307194471359
0,AINR,trig,640,0,1,0,1,56.45929999991495,1.355148434638977,0.852307194471359
0,AINR,trig,641,0,1,0,1,52.6718000000983,1.352325677871704,0.852307194471359
0,AINR,trig,642,0,1,0,1,56.99519999961922,1.505327820777893,0.852307194471359
0,AINR,trig,643,0,1,0,1,56.4686999996411,1.6919379234313965,0.852307194471359
0,AINR,trig,644,0,1,0,1,60.59229999937088,1.499044418334961,0.852307194471359
0,AINR,trig,645,0,1,0,1,57.024400000045716,1.5924739837646484,0.852307194471359
0,AINR,trig,646,0,1,0,1,57.8880000002755,1.4685585498809814,0.852307194471359
0,AINR,trig,647,0,1,0,1,56.23509999986709,1.5689846277236938,0.852307194471359
0,AINR,trig,648,0,1,0,1,72.5748000004387,1.4386060237884521,0.852307194471359
0,AINR,trig,649,0,1,0,1,55.63669999992271,1.3067262172698975,0.852307194471359
0,AINR,trig,650,0,1,0,1,66.59080000008544,1.4940179586410522,0.852307194471359
0,AINR,trig,651,0,1,0,1,74.53290000012203,1.5973987579345703,0.852307194471359
0,AINR,trig,652,0,1,0,1,76.83569999971951,1.3909668922424316,0.852307194471359
0,AINR,trig,653,0,1,0,1,77.00420000037411,1.271894097328186,0.852307194471359
0,AINR,trig,654,0,1,0,1,82.31780000005529,1.562022089958191,0.852307194471359
0,AINR,trig,655,0,1,0,1,79.53300000008312,1.3882675170898438,0.852307194471359
0,AINR,trig,656,0,1,0,1,77.61120000031951,1.6639691591262817,0.852307194471359
0,AINR,trig,657,0,1,0,1,69.74219999938214,1.546576976776123,0.852307194471359
0,AINR,trig,658,0,1,0,1,62.168600000404695,1.4910831451416016,0.852307194471359
0,AINR,trig,659,0,1,0,1,56.73819999992702,1.3408526182174683,0.852307194471359
0,AINR,trig,660,0,1,0,1,57.61309999979858,1.682246208190918,0.852307194471359
0,AINR,trig,661,0,1,0,1,55.022599999574595,1.4817103147506714,0.852307194471359
0,AINR,trig,662,0,1,0,1,57.53900000036083,1.5364495515823364,0.852307194471359
0,AINR,trig,663,0,1,0,1,57.35569999978907,1.4059829711914062,0.852307194471359
0,AINR,trig,664,0,1,0,1,57.52539999957662,1.6915689706802368,0.852307194471359
0,AINR,trig,665,0,1,0,1,53.55189999954746,1.5080567598342896,0.852307194471359
0,AINR,trig,666,0,1,0,1,59.62069999986852,1.4292443990707397,0.852307194471359
0,AINR,trig,667,0,1,0,1,63.709600000038336,1.7629555463790894,0.852307194471359
0,AINR,trig,668,0,1,0,1,57.58679999962624,1.472826361656189,0.852307194471359
0,AINR,trig,669,0,1,0,1,56.605900000249676,1.338042140007019,0.852307194471359
0,AINR,trig,670,0,1,0,1,57.639100000415056,1.7590481042861938,0.852307194471359
0,AINR,trig,671,0,1,0,1,57.66940000012255,1.3739197254180908,0.852307194471359
0,AINR,trig,672,0,1,0,1,58.45990000034362,1.4915522336959839,0.852307194471359
0,AINR,trig,673,0,1,0,1,57.56660000042757,1.5673209428787231,0.852307194471359
0,AINR,trig,674,0,1,0,1,56.53690000053757,1.4475704431533813,0.852307194471359
0,AINR,trig,675,0,1,0,1,58.526099999653525,1.6119937896728516,0.852307194471359
0,AINR,trig,676,0,1,0,1,54.93419999947946,1.7531445026397705,0.852307194471359
0,AINR,trig,677,0,1,0,1,56.36729999969248,1.4307807683944702,0.852307194471359
0,AINR,trig,678,0,1,0,1,60.67059999986668,1.4956763982772827,0.852307194471359
0,AINR,trig,679,0,1,0,1,73.34050000008574,1.622189998626709,0.852307194471359
0,AINR,trig,680,0,1,0,1,73.49489999978687,1.6425623893737793,0.852307194471359
0,AINR,trig,681,0,1,0,1,84.55719999983557,1.6659408807754517,0.852307194471359
0,AINR,trig,682,0,1,0,1,79.59270000083052,1.3505345582962036,0.852307194471359
0,AINR,trig,683,0,1,0,1,74.95080000080634,1.432327389717102,0.852307194471359
0,AINR,trig,684,0,1,0,1,69.99379999979283,1.4378920793533325,0.852307194471359
0,AINR,trig,685,0,1,0,1,58.711100000437,1.5370302200317383,0.852307194471359
0,AINR,trig,686,0,1,0,1,61.85650000043097,1.4494562149047852,0.852307194471359
0,AINR,trig,687,0,1,0,1,56.042600000182574,1.6523956060409546,0.852307194471359
0,AINR,trig,688,0,1,0,1,84.11230000001524,1.6863300800323486,0.852307194471359
0,AINR,trig,689,0,1,0,1,53.31350000051316,1.3703386783599854,0.852307194471359
0,AINR,trig,690,0,1,0,1,55.37319999984902,1.4670580625534058,0.852307194471359
0,AINR,trig,691,0,1,0,1,56.7615999998452,1.4271959066390991,0.852307194471359
0,AINR,trig,692,0,1,0,1,54.53769999985525,1.6747928857803345,0.852307194471359
0,AINR,trig,693,0,1,0,1,58.59359999976732,1.5368047952651978,0.852307194471359
0,AINR,trig,694,0,1,0,1,57.3259999991933,1.4415054321289062,0.852307194471359
0,AINR,trig,695,0,1,0,1,57.568999999602966,1.5378247499465942,0.852307194471359
0,AINR,trig,696,0,1,0,1,53.61859999993612,1.384272575378418,0.852307194471359
0,AINR,trig,697,0,1,0,1,56.27360000016779,1.6402122974395752,0.852307194471359
0,AINR,trig,698,0,1,0,1,59.44349999936094,1.4065837860107422,0.852307194471359
0,AINR,trig,699,0,1,0,1,57.31480000031297,1.3508617877960205,0.852307194471359
0,AINR,trig,700,1,0,0,0,nan,1.2607332468032837,0.852307194471359
0,AINR,trig,701,0,1,0,1,69.06590000016877,1.4435094594955444,0.852307194471359
0,AINR,trig,702,0,1,0,1,75.63060000029509,1.630995512008667,0.852307194471359
0,AINR,trig,703,0,1,0,1,64.34850000005099,1.4408254623413086,0.852307194471359
0,AINR,trig,704,0,1,0,1,59.76009999994858,1.55398690700531,0.852307194471359
0,AINR,trig,705,0,1,0,1,59.63729999984935,1.365034818649292,0.852307194471359
0,AINR,trig,706,0,1,0,1,55.823400000008405,1.4098033905029297,0.852307194471359
0,AINR,trig,707,0,1,0,1,58.2021000000168,1.4734643697738647,0.852307194471359
0,AINR,trig,708,0,1,0,1,58.69630000051984,1.6250255107879639,0.852307194471359
0,AINR,trig,709,0,1,0,1,55.87730000024749,1.449519157409668,0.852307194471359
0,AINR,trig,710,0,1,0,1,58.31510000007256,1.5191490650177002,0.852307194471359
0,AINR,trig,711,0,1,0,1,57.23870000019815,1.5548899173736572,0.852307194471359
0,AINR,trig,712,0,1,0,1,61.30140000004758,1.4064520597457886,0.852307194471359
0,AINR,trig,713,0,1,0,1,58.41659999987314,1.5971542596817017,0.852307194471359
0,AINR,trig,714,0,1,0,1,60.998700000709505,1.6251540184020996,0.852307194471359
0,AINR,trig,715,0,1,0,1,59.872700000596524,1.6121796369552612,0.852307194471359
0,AINR,trig,716,0,1,0,1,57.19940000017232,1.7042278051376343,0.852307194471359
0,AINR,trig,717,0,1,0,1,57.55500000032043,1.4737498760223389,0.852307194471359
0,AINR,trig,718,0,1,0,1,58.202900000651425,1.3977279663085938,0.852307194471359
0,AINR,trig,719,0,1,0,1,58.54559999988851,1.4189563989639282,0.852307194471359
0,AINR,trig,720,0,1,0,1,58.021699999699194,1.5828367471694946,0.852307194471359
0,AINR,trig,721,1,0,0,0,nan,1.5020561218261719,0.852307194471359
0,AINR,trig,722,0,1,0,1,72.78609999957553,1.5738683938980103,0.852307194471359
0,AINR,trig,723,0,1,0,1,74.37010000012378,1.527523398399353,0.852307194471359
0,AINR,trig,724,0,1,0,1,65.92210000053456,1.367109775543213,0.852307194471359
0,AINR,trig,725,0,1,0,1,58.64740000015445,1.4645271301269531,0.852307194471359
0,AINR,trig,726,0,1,0,1,56.61640000016632,1.4819339513778687,0.852307194471359
0,AINR,trig,727,0,1,0,1,57.816900000034366,1.5581200122833252,0.852307194471359
0,AINR,trig,728,0,1,0,1,54.817199999888544,1.4126616716384888,0.852307194471359
0,AINR,trig,729,0,1,0,1,53.054599999995844,1.5353752374649048,0.852307194471359
0,AINR,trig,730,0,1,0,1,56.23190000005707,1.3907873630523682,0.852307194471359
0,AINR,trig,731,0,1,0,1,57.01090000002296,1.5900908708572388,0.852307194471359
0,AINR,trig,732,0,1,0,1,57.53710000044521,1.3323544263839722,0.852307194471359
0,AINR,trig,733,0,1,0,1,55.98999999983789,1.562087059020996,0.852307194471359
0,AINR,trig,734,0,1,0,1,55.47790000036912,1.437476396560669,0.852307194471359
0,AINR,trig,735,0,1,0,1,59.632600000441016,1.4909998178482056,0.852307194471359
0,AINR,trig,736,0,1,0,1,56.99750000076165,1.4730768203735352,0.852307194471359
0,AINR,trig,737,0,1,0,1,58.709799999633105,1.5083895921707153,0.852307194471359
0,AINR,trig,738,0,1,0,1,58.0443999997442,1.6664894819259644,0.852307194471359
0,AINR,trig,739,0,1,0,1,58.2036000005246,1.4320653676986694,0.852307194471359
0,AINR,trig,740,0,1,0,1,56.74799999997049,1.6287285089492798,0.852307194471359
0,AINR,trig,741,0,1,0,1,57.19890000000305,1.5878382921218872,0.852307194471359
0,AINR,trig,742,0,1,0,1,59.657400000105554,1.5508947372436523,0.852307194471359
0,AINR,trig,743,0,1,0,1,55.66799999996874,1.5288617610931396,0.852307194471359
0,AINR,trig,744,0,1,0,1,58.350500000415195,1.4195958375930786,0.852307194471359
0,AINR,trig,745,1,0,0,0,nan,1.3677525520324707,0.852307194471359
0,AINR,trig,746,0,1,0,1,70.86049999998068,1.4340163469314575,0.852307194471359
0,AINR,trig,747,0,1,0,1,69.81710000036401,1.5329805612564087,0.852307194471359
0,AINR,trig,748,0,1,0,1,64.3882999993366,1.5262269973754883,0.852307194471359
0,AINR,trig,749,0,1,0,1,59.34940000042843,1.5644347667694092,0.852307194471359
0,AINR,trig,750,0,1,0,1,57.68089999946824,1.3730239868164062,0.852307194471359
0,AINR,trig,751,0,1,0,1,58.58810000063386,1.6612229347229004,0.852307194471359
0,AINR,trig,752,0,1,0,1,59.37129999983881,1.4915746450424194,0.852307194471359
0,AINR,trig,753,0,1,0,1,55.24059999970632,1.471773386001587,0.852307194471359
0,AINR,trig,754,0,1,0,1,56.194699999650766,1.5917658805847168,0.852307194471359
0,AINR,trig,755,0,1,0,1,58.67870000020048,1.6311602592468262,0.852307194471359
0,AINR,trig,756,0,1,0,1,60.43249999947875,1.5817738771438599,0.852307194471359
0,AINR,trig,757,0,1,0,1,59.1048000005685,1.537273645401001,0.852307194471359
0,AINR,trig,758,0,1,0,1,57.59020000004966,1.5744082927703857,0.852307194471359
0,AINR,trig,759,0,1,0,1,56.6649000002144,1.3845031261444092,0.852307194471359
0,AINR,trig,760,0,1,0,1,60.00399999993533,1.4185080528259277,0.852307194471359
0,AINR,trig,761,1,0,0,0,nan,1.5393075942993164,0.852307194471359
0,AINR,trig,762,0,1,0,1,68.42539999979635,1.547137975692749,0.852307194471359
0,AINR,trig,763,0,1,0,1,63.18569999984902,1.5677086114883423,0.852307194471359
0,AINR,trig,764,0,1,0,1,57.695800000146846,1.5225952863693237,0.852307194471359
0,AINR,trig,765,0,1,0,1,55.01639999965846,1.5771324634552002,0.852307194471359
0,AINR,trig,766,0,1,0,1,58.81890000000567,1.4912166595458984,0.852307194471359
0,AINR,trig,767,0,1,0,1,57.582299999921815,1.5291460752487183,0.852307194471359
0,AINR,trig,768,1,0,0,0,nan,1.4808850288391113,0.852307194471359
0,AINR,trig,769,0,1,0,1,77.75479999963864,1.547926664352417,0.852307194471359
0,AINR,trig,770,0,1,0,1,74.71030000033352,1.5556674003601074,0.852307194471359
0,AINR,trig,771,0,1,0,1,62.53939999987779,1.3875035047531128,0.852307194471359
0,AINR,trig,772,0,1,0,1,59.980399999403744,1.5303053855895996,0.852307194471359
0,AINR,trig,773,0,1,0,1,59.43509999997332,1.6603299379348755,0.852307194471359
0,AINR,trig,774,0,1,0,1,57.467600000563834,1.6134899854660034,0.852307194471359
0,AINR,trig,775,0,1,0,1,53.48809999941295,1.8312513828277588,0.852307194471359
0,AINR,trig,776,0,1,0,1,57.0015000002968,1.3203998804092407,0.852307194471359
0,AINR,trig,777,0,1,0,1,58.211399999891,1.5183513164520264,0.852307194471359
0,AINR,trig,778,1,0,0,0,nan,1.3945480585098267,0.852307194471359
0,AINR,trig,779,0,1,0,1,67.26379999963683,1.5067265033721924,0.852307194471359
0,AINR,trig,780,0,1,0,1,68.0197000001499,1.4284898042678833,0.852307194471359
0,AINR,trig,781,0,1,0,1,58.46289999954024,1.5000900030136108,0.852307194471359
0,AINR,trig,782,0,1,0,1,59.071900000162714,1.5958256721496582,0.852307194471359
0,AINR,trig,783,0,1,0,1,58.3440000000337,1.5433359146118164,0.852307194471359
0,AINR,trig,784,0,1,0,1,56.97809999946912,1.5067086219787598,0.852307194471359
0,AINR,trig,785,0,1,0,1,54.05679999967106,1.4259514808654785,0.852307194471359
0,AINR,trig,786,0,1,0,1,57.74250000013126,1.5923981666564941,0.852307194471359
0,AINR,trig,787,0,1,0,1,58.19390000033309,1.6502139568328857,0.852307194471359
0,AINR,trig,788,0,1,0,1,57.05200000011246,1.6560581922531128,0.852307194471359
0,AINR,trig,789,0,1,0,1,56.65260000023409,1.4635487794876099,0.852307194471359
0,AINR,trig,790,0,1,0,1,57.40590000004886,1.452589988708496,0.852307194471359
0,AINR,trig,791,0,1,0,1,57.69400000008318,1.5430784225463867,0.852307194471359
0,AINR,trig,792,0,1,0,1,57.2716999995464,1.538268804550171,0.852307194471359
0,AINR,trig,793,0,1,0,1,57.382500000130676,1.4855904579162598,0.852307194471359
0,AINR,trig,794,0,1,0,1,56.73479999950359,1.189536690711975,0.852307194471359
0,AINR,trig,795,0,1,0,1,56.68690000038623,1.5208736658096313,0.852307194471359
0,AINR,trig,796,0,1,0,1,56.340000000091095,1.489960789680481,0.852307194471359
0,AINR,trig,797,0,1,0,1,57.02019999989716,1.341064214706421,0.852307194471359
0,AINR,trig,798,0,1,0,1,55.91829999957554,1.5711778402328491,0.852307194471359
0,AINR,trig,799,0,1,0,1,56.99729999923875,1.2973942756652832,0.852307194471359
0,AINR,trig,800,0,1,0,1,58.75830000059068,1.5686942338943481,0.852307194471359
0,AINR,trig,801,0,1,0,1,55.74049999995623,1.31805419921875,0.852307194471359
0,AINR,trig,802,0,1,0,1,55.39740000040183,1.4075952768325806,0.852307194471359
0,AINR,trig,803,0,1,0,1,56.70209999971121,1.4985393285751343,0.852307194471359
0,AINR,trig,804,0,1,0,1,56.53029999939463,1.3936161994934082,0.852307194471359
0,AINR,trig,805,0,1,0,1,57.162399999469926,1.5144833326339722,0.852307194471359
0,AINR,trig,806,0,1,0,1,56.11330000010639,1.4865877628326416,0.852307194471359
0,AINR,trig,807,0,1,0,1,57.62630000026547,1.5493090152740479,0.852307194471359
0,AINR,trig,808,0,1,0,1,57.66010000024835,1.4568523168563843,0.852307194471359
0,AINR,trig,809,0,1,0,1,55.63689999962662,1.571956992149353,0.852307194471359
0,AINR,trig,810,0,1,0,1,56.30079999991722,1.6549240350723267,0.852307194471359
0,AINR,trig,811,0,1,0,1,56.68650000006892,1.52388334274292,0.852307194471359
0,AINR,trig,812,0,1,0,1,55.73629999980767,1.692536473274231,0.852307194471359
0,AINR,trig,813,0,1,0,1,57.116700000733545,1.4169949293136597,0.852307194471359
0,AINR,trig,814,1,0,0,0,nan,1.2875244617462158,0.852307194471359
0,AINR,trig,815,0,1,0,1,73.23489999998856,1.7808948755264282,0.852307194471359
0,AINR,trig,816,0,1,0,1,68.34189999972295,1.3885717391967773,0.852307194471359
0,AINR,trig,817,0,1,0,1,61.04770000001736,1.5095949172973633,0.852307194471359
0,AINR,trig,818,0,1,0,1,61.7856999997457,1.5917471647262573,0.852307194471359
0,AINR,trig,819,1,0,0,0,nan,1.5199862718582153,0.852307194471359
0,AINR,trig,820,0,1,0,1,71.28080000074988,1.451092004776001,0.852307194471359
0,AINR,trig,821,0,1,0,1,73.08979999925214,1.7564942836761475,0.852307194471359
0,AINR,trig,822,1,0,0,0,nan,1.4251734018325806,0.852307194471359
0,AINR,trig,823,0,1,0,1,76.55869999962306,1.2214272022247314,0.852307194471359
0,AINR,trig,824,0,1,0,1,73.83100000060949,1.7758382558822632,0.852307194471359
0,AINR,trig,825,0,1,0,1,63.83220000043366,1.5271707773208618,0.852307194471359
0,AINR,trig,826,0,1,0,1,62.90869999975257,1.4433741569519043,0.852307194471359
0,AINR,trig,827,0,1,0,1,58.00349999935861,1.6645792722702026,0.852307194471359
0,AINR,trig,828,0,1,0,1,59.15480000021489,1.4230097532272339,0.852307194471359
0,AINR,trig,829,0,1,0,1,58.30650000007154,1.6544921398162842,0.852307194471359
0,AINR,trig,830,0,1,0,1,56.34520000057819,1.539596676826477,0.852307194471359
0,AINR,trig,831,0,1,0,1,57.8005999996094,1.5051226615905762,0.852307194471359
0,AINR,trig,832,0,1,0,1,58.276300000216,1.5733882188796997,0.852307194471359
0,AINR,trig,833,0,1,0,1,57.54380000053061,1.5891790390014648,0.852307194471359
0,AINR,trig,834,0,1,0,1,57.806300000265765,1.520998239517212,0.852307194471359
0,AINR,trig,835,0,1,0,1,59.24429999959102,1.5369843244552612,0.852307194471359
0,AINR,trig,836,0,1,0,1,56.14930000047025,1.503461241722107,0.852307194471359
0,AINR,trig,837,0,1,0,1,56.50760000025912,1.5897364616394043,0.852307194471359
0,AINR,trig,838,0,1,0,1,57.51759999930073,1.4523512125015259,0.852307194471359
0,AINR,trig,839,0,1,0,1,57.56119999932707,1.378440260887146,0.852307194471359
0,AINR,trig,840,0,1,0,1,59.318299999176816,1.6047762632369995,0.852307194471359
0,AINR,trig,841,0,1,0,1,56.98240000037913,1.4566783905029297,0.852307194471359
0,AINR,trig,842,0,1,0,1,58.03889999970124,1.6774531602859497,0.852307194471359
0,AINR,trig,843,0,1,0,1,57.240099999944505,1.4956310987472534,0.852307194471359
0,AINR,trig,844,0,1,0,1,56.92950000047858,1.33909273147583,0.852307194471359
0,AINR,trig,845,0,1,0,1,55.3064000005179,1.5130254030227661,0.852307194471359
0,AINR,trig,846,0,1,0,1,56.52109999937238,1.5553544759750366,0.852307194471359
0,AINR,trig,847,0,1,0,1,58.38840000069467,1.639375925064087,0.852307194471359
0,AINR,trig,848,0,1,0,1,60.10759999935544,1.5363926887512207,0.852307194471359
0,AINR,trig,849,0,1,0,1,59.12889999945037,1.63640558719635,0.852307194471359
0,AINR,trig,850,0,1,0,1,58.107400000153575,1.5829020738601685,0.852307194471359
0,AINR,trig,851,0,1,0,1,55.598799999643234,1.545733094215393,0.852307194471359
0,AINR,trig,852,0,1,0,1,59.13859999964188,1.584320306777954,0.852307194471359
0,AINR,trig,853,0,1,0,1,55.396599999767204,1.575194001197815,0.852307194471359
0,AINR,trig,854,0,1,0,1,57.65330000031099,1.698547601699829,0.852307194471359
0,AINR,trig,855,0,1,0,1,58.25210000057268,1.6491844654083252,0.852307194471359
0,AINR,trig,856,0,1,0,1,57.09389999992709,1.535689115524292,0.852307194471359
0,AINR,trig,857,0,1,0,1,59.25370000022667,1.372267723083496,0.852307194471359
0,AINR,trig,858,0,1,0,1,57.31790000027104,1.5355732440948486,0.852307194471359
0,AINR,trig,859,0,1,0,1,57.63019999994867,1.6191060543060303,0.852307194471359
0,AINR,trig,860,0,1,0,1,59.82929999936459,1.375305414199829,0.852307194471359
0,AINR,trig,861,0,1,0,1,59.27520000022923,1.4856306314468384,0.852307194471359
0,AINR,trig,862,0,1,0,1,56.974900000568596,1.534328818321228,0.852307194471359
0,AINR,trig,863,1,0,0,0,nan,1.52544105052948,0.852307194471359
0,AINR,trig,864,0,1,0,1,75.97139999961655,1.5676478147506714,0.852307194471359
0,AINR,trig,865,0,1,0,1,70.70789999943372,1.6310194730758667,0.852307194471359
0,AINR,trig,866,1,0,0,0,nan,1.558397889137268,0.852307194471359
0,AINR,trig,867,0,1,0,1,78.72950000000856,1.4625710248947144,0.852307194471359
0,AINR,trig,868,0,1,0,1,80.03830000052403,1.4145162105560303,0.852307194471359
0,AINR,trig,869,0,1,0,1,71.40770000023622,1.6166833639144897,0.852307194471359
0,AINR,trig,870,0,1,0,1,74.54090000010183,1.5590460300445557,0.852307194471359
0,AINR,trig,871,0,1,0,1,58.64889999975276,1.4892441034317017,0.852307194471359
0,AINR,trig,872,0,1,0,1,58.009600000332284,1.4528264999389648,0.852307194471359
0,AINR,trig,873,1,0,0,0,nan,1.5017191171646118,0.852307194471359
0,AINR,trig,874,0,1,0,1,70.6664000008459,1.5331162214279175,0.852307194471359
0,AINR,trig,875,0,1,0,1,66.29440000051545,1.4682457447052002,0.852307194471359
0,AINR,trig,876,0,1,0,1,59.785000000374566,1.5982930660247803,0.852307194471359
0,AINR,trig,877,0,1,0,1,56.86100000002625,1.4063092470169067,0.852307194471359
0,AINR,trig,878,0,1,0,1,57.68739999984973,1.276504397392273,0.852307194471359
0,AINR,trig,879,0,1,0,1,56.616099999700964,1.4162201881408691,0.852307194471359
0,AINR,trig,880,0,1,0,1,58.89960000058636,1.5524801015853882,0.852307194471359
0,AINR,trig,881,0,1,0,1,56.5692999998646,1.536498785018921,0.852307194471359
0,AINR,trig,882,0,1,0,1,58.805600000596314,1.4820916652679443,0.852307194471359
0,AINR,trig,883,0,1,0,1,56.1625999998796,1.3641948699951172,0.852307194471359
0,AINR,trig,884,0,1,0,1,55.21659999976691,1.3920801877975464,0.852307194471359
0,AINR,trig,885,0,1,0,1,58.15999999958876,1.2496129274368286,0.852307194471359
0,AINR,trig,886,0,1,0,1,55.33839999952761,1.5546842813491821,0.852307194471359
0,AINR,trig,887,0,1,0,1,58.14559999998892,1.5453828573226929,0.852307194471359
0,AINR,trig,888,0,1,0,1,58.53730000035284,1.3080979585647583,0.852307194471359
0,AINR,trig,889,0,1,0,1,56.971799999701034,1.6558817625045776,0.852307194471359
0,AINR,trig,890,0,1,0,1,58.24780000057217,1.5830585956573486,0.852307194471359
0,AINR,trig,891,0,1,0,1,57.67569999989064,1.6163406372070312,0.852307194471359
0,AINR,trig,892,0,1,0,1,58.592700000190234,1.6343379020690918,0.852307194471359
0,AINR,trig,893,0,1,0,1,56.86330000025919,1.4704347848892212,0.852307194471359
0,AINR,trig,894,0,1,0,1,55.85140000039246,1.5472214221954346,0.852307194471359
0,AINR,trig,895,0,1,0,1,55.905799999891315,1.5843464136123657,0.852307194471359
0,AINR,trig,896,1,0,0,0,nan,1.4478795528411865,0.852307194471359
0,AINR,trig,897,0,1,0,1,64.44999999985157,1.525593638420105,0.852307194471359
0,AINR,trig,898,0,1,0,1,70.67970000025525,1.4834595918655396,0.852307194471359
0,AINR,trig,899,0,1,0,1,63.70900000001711,1.5575623512268066,0.852307194471359
0,AINR,trig,900,0,1,0,1,57.16449999999895,1.6214643716812134,0.852307194471359
0,AINR,trig,901,1,0,0,0,nan,1.4621728658676147,0.852307194471359
0,AINR,trig,902,0,1,0,1,74.25409999996191,1.493906855583191,0.852307194471359
0,AINR,trig,903,1,0,0,0,nan,1.3234204053878784,0.852307194471359
0,AINR,trig,904,0,1,0,1,84.1696999996202,1.580610752105713,0.852307194471359
0,AINR,trig,905,0,1,0,1,78.61939999929746,1.628138780593872,0.852307194471359
0,AINR,trig,906,0,1,0,1,69.7874999996202,1.702791690826416,0.852307194471359
0,AINR,trig,907,0,1,0,1,66.31120000020019,1.4786585569381714,0.852307194471359
0,AINR,trig,908,0,1,0,1,59.11580000065442,1.4307115077972412,0.852307194471359
0,AINR,trig,909,0,1,0,1,57.51479999980802,1.5281262397766113,0.852307194471359
0,AINR,trig,910,0,1,0,1,56.671800000003714,1.469738483428955,0.852307194471359
0,AINR,trig,911,0,1,0,1,58.446400000320864,1.485602855682373,0.852307194471359
0,AINR,trig,912,0,1,0,1,58.39850000029401,1.6396445035934448,0.852307194471359
0,AINR,trig,913,0,1,0,1,57.13729999934003,1.527167797088623,0.852307194471359
0,AINR,trig,914,0,1,0,1,58.364800000163086,1.519335389137268,0.852307194471359
0,AINR,trig,915,0,1,0,1,58.69870000060473,1.5486204624176025,0.852307194471359
0,AINR,trig,916,0,1,0,1,58.91189999965718,1.6090779304504395,0.852307194471359
0,AINR,trig,917,0,1,0,1,57.986199999504606,1.491581678390503,0.852307194471359
0,AINR,trig,918,0,1,0,1,57.28680000083841,1.462809443473816,0.852307194471359
0,AINR,trig,919,0,1,0,1,59.64949999997771,1.4770739078521729,0.852307194471359
0,AINR,trig,920,0,1,0,1,61.5776000004189,1.5320072174072266,0.852307194471359
0,AINR,trig,921,0,1,0,1,57.87319999944884,1.5271906852722168,0.852307194471359
0,AINR,trig,922,0,1,0,1,58.04230000012467,1.4982794523239136,0.852307194471359
0,AINR,trig,923,0,1,0,1,59.05410000013944,1.5953092575073242,0.852307194471359
0,AINR,trig,924,0,1,0,1,53.15530000007129,1.5960164070129395,0.852307194471359
0,AINR,trig,925,0,1,0,1,56.26719999963825,1.4657418727874756,0.852307194471359
0,AINR,trig,926,0,1,0,1,56.31549999998242,1.5181883573532104,0.852307194471359
0,AINR,trig,927,0,1,0,1,56.64400000023306,1.686337947845459,0.852307194471359
0,AINR,trig,928,0,1,0,1,58.63320000025851,1.6295533180236816,0.852307194471359
0,AINR,trig,929,0,1,0,1,56.508499999836204,1.3540527820587158,0.852307194471359
0,AINR,trig,930,0,1,0,1,57.85980000018753,1.4792035818099976,0.852307194471359
0,AINR,trig,931,0,1,0,1,56.84930000006716,1.5506465435028076,0.852307194471359
0,AINR,trig,932,0,1,0,1,59.58639999971638,1.4168155193328857,0.852307194471359
0,AINR,trig,933,0,1,0,1,56.847700000616896,1.4629725217819214,0.852307194471359
0,AINR,trig,934,0,1,0,1,57.329500000378175,1.3724980354309082,0.852307194471359
0,AINR,trig,935,0,1,0,1,56.67689999972936,1.5051023960113525,0.852307194471359
0,AINR,trig,936,0,1,0,1,56.24259999967762,1.3579219579696655,0.852307194471359
0,AINR,trig,937,0,1,0,1,57.33849999978702,1.5700864791870117,0.852307194471359
0,AINR,trig,938,0,1,0,1,57.605400000284135,1.507601022720337,0.852307194471359
0,AINR,trig,939,0,1,0,1,54.91580000034446,1.5257534980773926,0.852307194471359
0,AINR,trig,940,0,1,0,1,59.686100000362785,1.4055869579315186,0.852307194471359
0,AINR,trig,941,0,1,0,1,59.751300000243646,1.4315177202224731,0.852307194471359
0,AINR,trig,942,0,1,0,1,59.48959999932413,1.398734211921692,0.852307194471359
0,AINR,trig,943,0,1,0,1,57.38359999941167,1.467190146446228,0.852307194471359
0,AINR,trig,944,0,1,0,1,57.31160000050295,1.5863083600997925,0.852307194471359
0,AINR,trig,945,0,1,0,1,58.556599999974424,1.5516458749771118,0.852307194471359
0,AINR,trig,946,0,1,0,1,55.81210000036663,1.4696520566940308,0.852307194471359
0,AINR,trig,947,0,1,0,1,55.82509999931062,1.4407432079315186,0.852307194471359
0,AINR,trig,948,0,1,0,1,55.88079999961337,1.6493525505065918,0.852307194471359
0,AINR,trig,949,0,1,0,1,57.58880000030331,1.5698459148406982,0.852307194471359
0,AINR,trig,950,0,1,0,1,59.12040000021079,1.460920810699463,0.852307194471359
0,AINR,trig,951,0,1,0,1,57.485299999825656,1.5571893453598022,0.852307194471359
0,AINR,trig,952,0,1,0,1,56.21860000064771,1.4945471286773682,0.852307194471359
0,AINR,trig,953,0,1,0,1,57.239799999479146,1.4739274978637695,0.852307194471359
0,AINR,trig,954,0,1,0,1,56.53540000002977,1.6639810800552368,0.852307194471359
0,AINR,trig,955,0,1,0,1,56.836000000657805,1.4679979085922241,0.852307194471359
0,AINR,trig,956,0,1,0,1,58.841600000050676,1.5598962306976318,0.852307194471359
0,AINR,trig,957,0,1,0,1,56.17080000047281,1.4876179695129395,0.852307194471359
0,AINR,trig,958,0,1,0,1,57.94080000032409,1.4839599132537842,0.852307194471359
0,AINR,trig,959,0,1,0,1,59.13619999955699,1.6567625999450684,0.852307194471359
0,AINR,trig,960,0,1,0,1,58.54460000045947,1.3573392629623413,0.852307194471359
0,AINR,trig,961,0,1,0,1,57.166500000676024,1.6242427825927734,0.852307194471359
0,AINR,trig,962,0,1,0,1,58.39399999968009,1.4499658346176147,0.852307194471359
0,AINR,trig,963,0,1,0,1,57.563399999708054,1.5490487813949585,0.852307194471359
0,AINR,trig,964,0,1,0,1,57.10720000024594,1.7040057182312012,0.852307194471359
0,AINR,trig,965,0,1,0,1,54.5760999993945,1.579526424407959,0.852307194471359
0,AINR,trig,966,0,1,0,1,57.05440000019735,1.539904236793518,0.852307194471359
0,AINR,trig,967,0,1,0,1,57.7341999996861,1.6207696199417114,0.852307194471359
0,AINR,trig,968,0,1,0,1,56.67460000040592,1.4305182695388794,0.852307194471359
0,AINR,trig,969,0,1,0,1,56.57900000005611,1.6433433294296265,0.852307194471359
0,AINR,trig,970,0,1,0,1,63.18420000025071,1.369815707206726,0.852307194471359
0,AINR,trig,971,0,1,0,1,56.6116999998485,1.477838397026062,0.852307194471359
0,AINR,trig,972,0,1,0,1,59.50060000031954,1.5988126993179321,0.852307194471359
0,AINR,trig,973,0,1,0,1,56.79099999997561,1.507224202156067,0.852307194471359
0,AINR,trig,974,0,1,0,1,58.28349999956117,1.6640818119049072,0.852307194471359
0,AINR,trig,975,0,1,0,1,56.325500000639295,1.662595272064209,0.852307194471359
0,AINR,trig,976,0,1,0,1,57.531599999492755,1.4973689317703247,0.852307194471359
0,AINR,trig,977,0,1,0,1,57.234100000641774,1.4379146099090576,0.852307194471359
0,AINR,trig,978,0,1,0,1,58.709700000690646,1.2987725734710693,0.852307194471359
0,AINR,trig,979,0,1,0,1,57.59860000034678,1.596279501914978,0.852307194471359
0,AINR,trig,980,0,1,0,1,58.53520000073331,1.3421741724014282,0.852307194471359
0,AINR,trig,981,0,1,0,1,58.701400000245485,1.5268133878707886,0.852307194471359
0,AINR,trig,982,0,1,0,1,58.796799999981886,1.6710567474365234,0.852307194471359
0,AINR,trig,983,0,1,0,1,55.07649999981368,1.3873131275177002,0.852307194471359
0,AINR,trig,984,0,1,0,1,58.09030000000348,1.530654788017273,0.852307194471359
0,AINR,trig,985,0,1,0,1,57.800200000201585,1.4595577716827393,0.852307194471359
0,AINR,trig,986,0,1,0,1,56.23470000045927,1.4276690483093262,0.852307194471359
0,AINR,trig,987,0,1,0,1,58.081700000002456,1.4525476694107056,0.852307194471359
0,AINR,trig,988,0,1,0,1,56.75419999988662,1.5555176734924316,0.852307194471359
0,AINR,trig,989,0,1,0,1,55.609100000765466,1.6481950283050537,0.852307194471359
0,AINR,trig,990,0,1,0,1,59.07120000028954,1.500549077987671,0.852307194471359
0,AINR,trig,991,0,1,0,1,57.651399999485875,1.5386284589767456,0.852307194471359
0,AINR,trig,992,0,1,0,1,57.65380000048026,1.5554274320602417,0.852307194471359
0,AINR,trig,993,0,1,0,1,58.168199999272474,1.613280177116394,0.852307194471359
0,AINR,trig,994,0,1,0,1,57.69320000035805,1.4837844371795654,0.852307194471359
0,AINR,trig,995,0,1,0,1,56.92490000001271,1.5292450189590454,0.852307194471359
0,AINR,trig,996,0,1,0,1,55.939300000318326,1.483527660369873,0.852307194471359
0,AINR,trig,997,0,1,0,1,58.729499999572,1.354399561882019,0.852307194471359
0,AINR,trig,998,0,1,0,1,58.696200000667886,1.5071361064910889,0.852307194471359
0,AINR,trig,999,0,1,0,1,57.140699999763456,1.5342463254928589,0.852307194471359
0,DiscNRX,none,0,1,0,0,0,nan,nan,-0.8066166520118714
0,DiscNRX,none,1,1,0,0,0,nan,nan,-0.8066166520118714
0,DiscNRX,none,2,1,0,0,0,nan,nan,-0.8066166520118714
0,DiscNRX,none,3,1,0,0,0,nan,nan,-0.8066166520118714
0,DiscNRX,none,4,1,0,0,0,nan,nan,-0.8066166520118714
0,DiscNRX,none,5,1,0,0,0,nan,nan,-0.8066166520118714
0,DiscNRX,none,6,1,0,0,0,nan,nan,-0.8066166520118714
0,DiscNRX,none,7,1,0,0,0,nan,nan,-0.8066166520118714
0,DiscNRX,none,8,1,0,0,0,nan,nan,-0.8066166520118714
0,DiscNRX,none,9,1,0,0,0,nan,nan,-0.8066166520118714
0,DiscNRX,none,10,1,0,0,0,nan,nan,-0.8066166520118714
0,DiscNRX,none,11,1,0,0,0,nan,nan,-0.8066166520118714
0,DiscNRX,none,12,1,0,0,0,nan,nan,-0.8066166520118714
0,DiscNRX,none,13,1,0,0,0,nan,nan,-0.8066166520118714
0,DiscNRX,none,14,1,0,0,0,nan,nan,-0.8066166520118714
0,DiscNRX,none,15,1,0,0,0,nan,nan,-0.8066166520118714
0,DiscNRX,none,16,1,0,0,0,nan,nan,-0.8066166520118714
0,DiscNRX,none,17,1,0,0,0,nan,nan,-0.8066166520118714
0,DiscNRX,none,18,1,0,0,0,nan,nan,-0.8066166520118714
0,DiscNRX,none,19,1,0,0,0,nan,nan,-0.8066166520118714
0,DiscNRX,none,20,1,0,0,0,nan,nan,-0.8066166520118714
0,DiscNRX,none,21,1,0,0,0,nan,nan,-0.8066166520118714
0,DiscNRX,none,22,1,0,0,0,nan,nan,-0.8066166520118714
0,DiscNRX,none,23,1,0,0,0,nan,nan,-0.8066166520118714
0,DiscNRX,none,24,1,0,0,0,nan,nan,-0.8066166520118714
0,DiscNRX,none,25,1,0,0,0,nan,nan,-0.8066166520118714
0,DiscNRX,none,26,1,0,0,0,nan,nan,-0.8066166520118714
0,DiscNRX,none,27,1,0,0,0,nan,nan,-0.8066166520118714
0,DiscNRX,none,28,1,0,0,0,nan,nan,-0.8066166520118714
0,DiscNRX,none,29,1,0,0,0,nan,nan,-0.8066166520118714
0,DiscNRX,none,30,1,0,0,0,nan,nan,-0.8066166520118714
0,DiscNRX,none,31,1,0,0,0,nan,nan,-0.8066166520118714
0,DiscNRX,none,32,1,0,0,0,nan,nan,-0.8066166520118714
0,DiscNRX,none,33,1,0,0,0,nan,nan,-0.8066166520118714
0,DiscNRX,none,34,1,0,0,0,nan,nan,-0.8066166520118714
0,DiscNRX,none,35,1,0,0,0,nan,nan,-0.8066166520118714
0,DiscNRX,none,36,1,0,0,0,nan,nan,-0.8066166520118714
0,DiscNRX,none,37,1,0,0,0,nan,nan,-0.8066166520118714
0,DiscNRX,none,38,1,0,0,0,nan,nan,-0.8066166520118714
0,DiscNRX,none,39,1,0,0,0,nan,nan,-0.8066166520118714
0,DiscNRX,none,40,1,0,0,0,nan,nan,-0.8066166520118714
0,DiscNRX,none,41,1,0,0,0,nan,nan,-0.8066166520118714
0,DiscNRX,none,42,1,0,0,0,nan,nan,-0.8066166520118714
0,DiscNRX,none,43,1,0,0,0,nan,nan,-0.8066166520118714
0,DiscNRX,none,44,1,0,0,0,nan,nan,-0.8066166520118714
0,DiscNRX,none,45,1,0,0,0,nan,nan,-0.8066166520118714
0,DiscNRX,none,46,1,0,0,0,nan,nan,-0.8066166520118714
0,DiscNRX,none,47,1,0,0,0,nan,nan,-0.8066166520118714
0,DiscNRX,none,48,1,0,0,0,nan,nan,-0.8066166520118714
0,DiscNRX,none,49,1,0,0,0,nan,nan,-0.8066166520118714
0,DiscNRX,none,50,1,0,0,0,nan,nan,-0.8066166520118714
0,DiscNRX,none,51,1,0,0,0,nan,nan,-0.8066166520118714
0,DiscNRX,none,52,1,0,0,0,nan,nan,-0.8066166520118714
0,DiscNRX,none,53,1,0,0,0,nan,nan,-0.8066166520118714
0,DiscNRX,none,54,1,0,0,0,nan,nan,-0.8066166520118714
0,DiscNRX,none,55,1,0,0,0,nan,nan,-0.8066166520118714
0,DiscNRX,none,56,1,0,0,0,nan,nan,-0.8066166520118714
0,DiscNRX,none,57,1,0,0,0,nan,nan,-0.8066166520118714
0,DiscNRX,none,58,1,0,0,0,nan,nan,-0.8066166520118714
0,DiscNRX,none,59,1,0,0,0,nan,nan,-0.8066166520118714
0,DiscNRX,none,60,1,0,0,0,nan,nan,-0.8066166520118714
0,DiscNRX,none,61,1,0,0,0,nan,nan,-0.8066166520118714
0,DiscNRX,none,62,1,0,0,0,nan,nan,-0.8066166520118714
0,DiscNRX,none,63,1,0,0,0,nan,nan,-0.8066166520118714
0,DiscNRX,none,64,1,0,0,0,nan,nan,-0.8066166520118714
0,DiscNRX,none,65,1,0,0,0,nan,nan,-0.8066166520118714
0,DiscNRX,none,66,1,0,0,0,nan,nan,-0.8066166520118714
0,DiscNRX,none,67,1,0,0,0,nan,nan,-0.8066166520118714
0,DiscNRX,none,68,1,0,0,0,nan,nan,-0.8066166520118714
0,DiscNRX,none,69,1,0,0,0,nan,nan,-0.8066166520118714
0,DiscNRX,none,70,1,0,0,0,nan,nan,-0.8066166520118714
0,DiscNRX,none,71,1,0,0,0,nan,nan,-0.8066166520118714
0,DiscNRX,none,72,1,0,0,0,nan,nan,-0.8066166520118714
0,DiscNRX,none,73,1,0,0,0,nan,nan,-0.8066166520118714
0,DiscNRX,none,74,1,0,0,0,nan,nan,-0.8066166520118714
0,DiscNRX,none,75,1,0,0,0,nan,nan,-0.8066166520118714
0,DiscNRX,none,76,1,0,0,0,nan,nan,-0.8066166520118714
0,DiscNRX,none,77,1,0,0,0,nan,nan,-0.8066166520118714
0,DiscNRX,none,78,1,0,0,0,nan,nan,-0.8066166520118714
0,DiscNRX,none,79,1,0,0,0,nan,nan,-0.8066166520118714
0,DiscNRX,none,80,1,0,0,0,nan,nan,-0.8066166520118714
0,DiscNRX,none,81,1,0,0,0,nan,nan,-0.8066166520118714
0,DiscNRX,none,82,1,0,0,0,nan,nan,-0.8066166520118714
0,DiscNRX,none,83,1,0,0,0,nan,nan,-0.8066166520118714
0,DiscNRX,none,84,1,0,0,0,nan,nan,-0.8066166520118714
0,DiscNRX,none,85,1,0,0,0,nan,nan,-0.8066166520118714
0,DiscNRX,none,86,1,0,0,0,nan,nan,-0.8066166520118714
0,DiscNRX,none,87,1,0,0,0,nan,nan,-0.8066166520118714
0,DiscNRX,none,88,1,0,0,0,nan,nan,-0.8066166520118714
0,DiscNRX,none,89,1,0,0,0,nan,nan,-0.8066166520118714
0,DiscNRX,none,90,1,0,0,0,nan,nan,-0.8066166520118714
0,DiscNRX,none,91,1,0,0,0,nan,nan,-0.8066166520118714
0,DiscNRX,none,92,1,0,0,0,nan,nan,-0.8066166520118714
0,DiscNRX,none,93,1,0,0,0,nan,nan,-0.8066166520118714
0,DiscNRX,none,94,1,0,0,0,nan,nan,-0.8066166520118714
0,DiscNRX,none,95,1,0,0,0,nan,nan,-0.8066166520118714
0,DiscNRX,none,96,1,0,0,0,nan,nan,-0.8066166520118714
0,DiscNRX,none,97,1,0,0,0,nan,nan,-0.8066166520118714
0,DiscNRX,none,98,1,0,0,0,nan,nan,-0.8066166520118714
0,DiscNRX,none,99,1,0,0,0,nan,nan,-0.8066166520118714
0,DiscNRX,none,100,1,0,0,0,nan,nan,-0.8066166520118714
0,DiscNRX,none,101,1,0,0,0,nan,nan,-0.8066166520118714
0,DiscNRX,none,102,1,0,0,0,nan,nan,-0.8066166520118714
0,DiscNRX,none,103,1,0,0,0,nan,nan,-0.8066166520118714
0,DiscNRX,none,104,1,0,0,0,nan,nan,-0.8066166520118714
0,DiscNRX,none,105,1,0,0,0,nan,nan,-0.8066166520118714
0,DiscNRX,none,106,1,0,0,0,nan,nan,-0.8066166520118714
0,DiscNRX,none,107,1,0,0,0,nan,nan,-0.8066166520118714
0,DiscNRX,none,108,1,0,0,0,nan,nan,-0.8066166520118714
0,DiscNRX,none,109,1,0,0,0,nan,nan,-0.8066166520118714
0,DiscNRX,none,110,1,0,0,0,nan,nan,-0.8066166520118714
0,DiscNRX,none,111,1,0,0,0,nan,nan,-0.8066166520118714
0,DiscNRX,none,112,1,0,0,0,nan,nan,-0.8066166520118714
0,DiscNRX,none,113,1,0,0,0,nan,nan,-0.8066166520118714
0,DiscNRX,none,114,1,0,0,0,nan,nan,-0.8066166520118714
0,DiscNRX,none,115,1,0,0,0,nan,nan,-0.8066166520118714
0,DiscNRX,none,116,1,0,0,0,nan,nan,-0.8066166520118714
0,DiscNRX,none,117,1,0,0,0,nan,nan,-0.8066166520118714
0,DiscNRX,none,118,1,0,0,0,nan,nan,-0.8066166520118714
0,DiscNRX,none,119,1,0,0,0,nan,nan,-0.8066166520118714
0,DiscNRX,none,120,1,0,0,0,nan,nan,-0.8066166520118714
0,DiscNRX,none,121,1,0,0,0,nan,nan,-0.8066166520118714
0,DiscNRX,none,122,1,0,0,0,nan,nan,-0.8066166520118714
0,DiscNRX,none,123,1,0,0,0,nan,nan,-0.8066166520118714
0,DiscNRX,none,124,1,0,0,0,nan,nan,-0.8066166520118714
0,DiscNRX,none,125,1,0,0,0,nan,nan,-0.8066166520118714
0,DiscNRX,none,126,1,0,0,0,nan,nan,-0.8066166520118714
0,DiscNRX,none,127,1,0,0,0,nan,nan,-0.8066166520118714
0,DiscNRX,none,128,1,0,0,0,nan,nan,-0.8066166520118714
0,DiscNRX,none,129,1,0,0,0,nan,nan,-0.8066166520118714
0,DiscNRX,none,130,1,0,0,0,nan,nan,-0.8066166520118714
0,DiscNRX,none,131,1,0,0,0,nan,nan,-0.8066166520118714
0,DiscNRX,none,132,1,0,0,0,nan,nan,-0.8066166520118714
0,DiscNRX,none,133,1,0,0,0,nan,nan,-0.8066166520118714
0,DiscNRX,none,134,1,0,0,0,nan,nan,-0.8066166520118714
0,DiscNRX,none,135,1,0,0,0,nan,nan,-0.8066166520118714
0,DiscNRX,none,136,1,0,0,0,nan,nan,-0.8066166520118714
0,DiscNRX,none,137,1,0,0,0,nan,nan,-0.8066166520118714
0,DiscNRX,none,138,1,0,0,0,nan,nan,-0.8066166520118714
0,DiscNRX,none,139,1,0,0,0,nan,nan,-0.8066166520118714
0,DiscNRX,none,140,1,0,0,0,nan,nan,-0.8066166520118714
0,DiscNRX,none,141,1,0,0,0,nan,nan,-0.8066166520118714
0,DiscNRX,none,142,1,0,0,0,nan,nan,-0.8066166520118714
0,DiscNRX,none,143,1,0,0,0,nan,nan,-0.8066166520118714
0,DiscNRX,none,144,1,0,0,0,nan,nan,-0.8066166520118714
0,DiscNRX,none,145,1,0,0,0,nan,nan,-0.8066166520118714
0,DiscNRX,none,146,1,0,0,0,nan,nan,-0.8066166520118714
0,DiscNRX,none,147,1,0,0,0,nan,nan,-0.8066166520118714
0,DiscNRX,none,148,1,0,0,0,nan,nan,-0.8066166520118714
0,DiscNRX,none,149,1,0,0,0,nan,nan,-0.8066166520118714
0,DiscNRX,none,150,1,0,0,0,nan,nan,-0.8066166520118714
0,DiscNRX,none,151,1,0,0,0,nan,nan,-0.8066166520118714
0,DiscNRX,none,152,1,0,0,0,nan,nan,-0.8066166520118714
0,DiscNRX,none,153,1,0,0,0,nan,nan,-0.8066166520118714
0,DiscNRX,none,154,1,0,0,0,nan,nan,-0.8066166520118714
0,DiscNRX,none,155,1,0,0,0,nan,nan,-0.8066166520118714
0,DiscNRX,none,156,1,0,0,0,nan,nan,-0.8066166520118714
0,DiscNRX,none,157,1,0,0,0,nan,nan,-0.8066166520118714
0,DiscNRX,none,158,1,0,0,0,nan,nan,-0.8066166520118714
0,DiscNRX,none,159,1,0,0,0,nan,nan,-0.8066166520118714
0,DiscNRX,none,160,1,0,0,0,nan,nan,-0.8066166520118714
0,DiscNRX,none,161,1,0,0,0,nan,nan,-0.8066166520118714
0,DiscNRX,none,162,1,0,0,0,nan,nan,-0.8066166520118714
0,DiscNRX,none,163,1,0,0,0,nan,nan,-0.8066166520118714
0,DiscNRX,none,164,1,0,0,0,nan,nan,-0.8066166520118714
0,DiscNRX,none,165,1,0,0,0,nan,nan,-0.8066166520118714
0,DiscNRX,none,166,1,0,0,0,nan,nan,-0.8066166520118714
0,DiscNRX,none,167,1,0,0,0,nan,nan,-0.8066166520118714
0,DiscNRX,none,168,1,0,0,0,nan,nan,-0.8066166520118714
0,DiscNRX,none,169,1,0,0,0,nan,nan,-0.8066166520118714
0,DiscNRX,none,170,1,0,0,0,nan,nan,-0.8066166520118714
0,DiscNRX,none,171,1,0,0,0,nan,nan,-0.8066166520118714
0,DiscNRX,none,172,1,0,0,0,nan,nan,-0.8066166520118714
0,DiscNRX,none,173,1,0,0,0,nan,nan,-0.8066166520118714
0,DiscNRX,none,174,1,0,0,0,nan,nan,-0.8066166520118714
0,DiscNRX,none,175,1,0,0,0,nan,nan,-0.8066166520118714
0,DiscNRX,none,176,1,0,0,0,nan,nan,-0.8066166520118714
0,DiscNRX,none,177,1,0,0,0,nan,nan,-0.8066166520118714
0,DiscNRX,none,178,1,0,0,0,nan,nan,-0.8066166520118714
0,DiscNRX,none,179,1,0,0,0,nan,nan,-0.8066166520118714
0,DiscNRX,none,180,1,0,0,0,nan,nan,-0.8066166520118714
0,DiscNRX,none,181,1,0,0,0,nan,nan,-0.8066166520118714
0,DiscNRX,none,182,1,0,0,0,nan,nan,-0.8066166520118714
0,DiscNRX,none,183,1,0,0,0,nan,nan,-0.8066166520118714
0,DiscNRX,none,184,1,0,0,0,nan,nan,-0.8066166520118714
0,DiscNRX,none,185,1,0,0,0,nan,nan,-0.8066166520118714
0,DiscNRX,none,186,1,0,0,0,nan,nan,-0.8066166520118714
0,DiscNRX,none,187,1,0,0,0,nan,nan,-0.8066166520118714
0,DiscNRX,none,188,1,0,0,0,nan,nan,-0.8066166520118714
0,DiscNRX,none,189,1,0,0,0,nan,nan,-0.8066166520118714
0,DiscNRX,none,190,1,0,0,0,nan,nan,-0.8066166520118714
0,DiscNRX,none,191,1,0,0,0,nan,nan,-0.8066166520118714
0,DiscNRX,none,192,1,0,0,0,nan,nan,-0.8066166520118714
0,DiscNRX,none,193,1,0,0,0,nan,nan,-0.8066166520118714
0,DiscNRX,none,194,1,0,0,0,nan,nan,-0.8066166520118714
0,DiscNRX,none,195,1,0,0,0,nan,nan,-0.8066166520118714
0,DiscNRX,none,196,1,0,0,0,nan,nan,-0.8066166520118714
0,DiscNRX,none,197,1,0,0,0,nan,nan,-0.8066166520118714
0,DiscNRX,none,198,1,0,0,0,nan,nan,-0.8066166520118714
0,DiscNRX,none,199,1,0,0,0,nan,nan,-0.8066166520118714
0,DiscNRX,none,200,1,0,0,0,nan,nan,-0.8066166520118714
0,DiscNRX,none,201,1,0,0,0,nan,nan,-0.8066166520118714
0,DiscNRX,none,202,1,0,0,0,nan,nan,-0.8066166520118714
0,DiscNRX,none,203,1,0,0,0,nan,nan,-0.8066166520118714
0,DiscNRX,none,204,1,0,0,0,nan,nan,-0.8066166520118714
0,DiscNRX,none,205,1,0,0,0,nan,nan,-0.8066166520118714
0,DiscNRX,none,206,1,0,0,0,nan,nan,-0.8066166520118714
0,DiscNRX,none,207,1,0,0,0,nan,nan,-0.8066166520118714
0,DiscNRX,none,208,1,0,0,0,nan,nan,-0.8066166520118714
0,DiscNRX,none,209,1,0,0,0,nan,nan,-0.8066166520118714
0,DiscNRX,none,210,1,0,0,0,nan,nan,-0.8066166520118714
0,DiscNRX,none,211,1,0,0,0,nan,nan,-0.8066166520118714
0,DiscNRX,none,212,1,0,0,0,nan,nan,-0.8066166520118714
0,DiscNRX,none,213,1,0,0,0,nan,nan,-0.8066166520118714
0,DiscNRX,none,214,1,0,0,0,nan,nan,-0.8066166520118714
0,DiscNRX,none,215,1,0,0,0,nan,nan,-0.8066166520118714
0,DiscNRX,none,216,1,0,0,0,nan,nan,-0.8066166520118714
0,DiscNRX,none,217,1,0,0,0,nan,nan,-0.8066166520118714
0,DiscNRX,none,218,1,0,0,0,nan,nan,-0.8066166520118714
0,DiscNRX,none,219,1,0,0,0,nan,nan,-0.8066166520118714
0,DiscNRX,none,220,1,0,0,0,nan,nan,-0.8066166520118714
0,DiscNRX,none,221,1,0,0,0,nan,nan,-0.8066166520118714
0,DiscNRX,none,222,1,0,0,0,nan,nan,-0.8066166520118714
0,DiscNRX,none,223,1,0,0,0,nan,nan,-0.8066166520118714
0,DiscNRX,none,224,1,0,0,0,nan,nan,-0.8066166520118714
0,DiscNRX,none,225,1,0,0,0,nan,nan,-0.8066166520118714
0,DiscNRX,none,226,1,0,0,0,nan,nan,-0.8066166520118714
0,DiscNRX,none,227,1,0,0,0,nan,nan,-0.8066166520118714
0,DiscNRX,none,228,1,0,0,0,nan,nan,-0.8066166520118714
0,DiscNRX,none,229,1,0,0,0,nan,nan,-0.8066166520118714
0,DiscNRX,none,230,1,0,0,0,nan,nan,-0.8066166520118714
0,DiscNRX,none,231,1,0,0,0,nan,nan,-0.8066166520118714
0,DiscNRX,none,232,1,0,0,0,nan,nan,-0.8066166520118714
0,DiscNRX,none,233,1,0,0,0,nan,nan,-0.8066166520118714
0,DiscNRX,none,234,1,0,0,0,nan,nan,-0.8066166520118714
0,DiscNRX,none,235,1,0,0,0,nan,nan,-0.8066166520118714
0,DiscNRX,none,236,1,0,0,0,nan,nan,-0.8066166520118714
0,DiscNRX,none,237,1,0,0,0,nan,nan,-0.8066166520118714
0,DiscNRX,none,238,1,0,0,0,nan,nan,-0.8066166520118714
0,DiscNRX,none,239,1,0,0,0,nan,nan,-0.8066166520118714
0,DiscNRX,none,240,1,0,0,0,nan,nan,-0.8066166520118714
0,DiscNRX,none,241,1,0,0,0,nan,nan,-0.8066166520118714
0,DiscNRX,none,242,1,0,0,0,nan,nan,-0.8066166520118714
0,DiscNRX,none,243,1,0,0,0,nan,nan,-0.8066166520118714
0,DiscNRX,none,244,1,0,0,0,nan,nan,-0.8066166520118714
0,DiscNRX,none,245,1,0,0,0,nan,nan,-0.8066166520118714
0,DiscNRX,none,246,1,0,0,0,nan,nan,-0.8066166520118714
0,DiscNRX,none,247,1,0,0,0,nan,nan,-0.8066166520118714
0,DiscNRX,none,248,1,0,0,0,nan,nan,-0.8066166520118714
0,DiscNRX,none,249,1,0,0,0,nan,nan,-0.8066166520118714
0,DiscNRX,none,250,1,0,0,0,nan,nan,-0.8066166520118714
0,DiscNRX,none,251,1,0,0,0,nan,nan,-0.8066166520118714
0,DiscNRX,none,252,1,0,0,0,nan,nan,-0.8066166520118714
0,DiscNRX,none,253,1,0,0,0,nan,nan,-0.8066166520118714
0,DiscNRX,none,254,1,0,0,0,nan,nan,-0.8066166520118714
0,DiscNRX,none,255,1,0,0,0,nan,nan,-0.8066166520118714
0,DiscNRX,none,256,1,0,0,0,nan,nan,-0.8066166520118714
0,DiscNRX,none,257,1,0,0,0,nan,nan,-0.8066166520118714
0,DiscNRX,none,258,1,0,0,0,nan,nan,-0.8066166520118714
0,DiscNRX,none,259,1,0,0,0,nan,nan,-0.8066166520118714
0,DiscNRX,none,260,1,0,0,0,nan,nan,-0.8066166520118714
0,DiscNRX,none,261,1,0,0,0,nan,nan,-0.8066166520118714
0,DiscNRX,none,262,1,0,0,0,nan,nan,-0.8066166520118714
0,DiscNRX,none,263,1,0,0,0,nan,nan,-0.8066166520118714
0,DiscNRX,none,264,1,0,0,0,nan,nan,-0.8066166520118714
0,DiscNRX,none,265,1,0,0,0,nan,nan,-0.8066166520118714
0,DiscNRX,none,266,1,0,0,0,nan,nan,-0.8066166520118714
0,DiscNRX,none,267,1,0,0,0,nan,nan,-0.8066166520118714
0,DiscNRX,none,268,1,0,0,0,nan,nan,-0.8066166520118714
0,DiscNRX,none,269,1,0,0,0,nan,nan,-0.8066166520118714
0,DiscNRX,none,270,1,0,0,0,nan,nan,-0.8066166520118714
0,DiscNRX,none,271,1,0,0,0,nan,nan,-0.8066166520118714
0,DiscNRX,none,272,1,0,0,0,nan,nan,-0.8066166520118714
0,DiscNRX,none,273,1,0,0,0,nan,nan,-0.8066166520118714
0,DiscNRX,none,274,1,0,0,0,nan,nan,-0.8066166520118714
0,DiscNRX,none,275,1,0,0,0,nan,nan,-0.8066166520118714
0,DiscNRX,none,276,1,0,0,0,nan,nan,-0.8066166520118714
0,DiscNRX,none,277,1,0,0,0,nan,nan,-0.8066166520118714
0,DiscNRX,none,278,1,0,0,0,nan,nan,-0.8066166520118714
0,DiscNRX,none,279,1,0,0,0,nan,nan,-0.8066166520118714
0,DiscNRX,none,280,1,0,0,0,nan,nan,-0.8066166520118714
0,DiscNRX,none,281,1,0,0,0,nan,nan,-0.8066166520118714
0,DiscNRX,none,282,1,0,0,0,nan,nan,-0.8066166520118714
0,DiscNRX,none,283,1,0,0,0,nan,nan,-0.8066166520118714
0,DiscNRX,none,284,1,0,0,0,nan,nan,-0.8066166520118714
0,DiscNRX,none,285,1,0,0,0,nan,nan,-0.8066166520118714
0,DiscNRX,none,286,1,0,0,0,nan,nan,-0.8066166520118714
0,DiscNRX,none,287,1,0,0,0,nan,nan,-0.8066166520118714
0,DiscNRX,none,288,1,0,0,0,nan,nan,-0.8066166520118714
0,DiscNRX,none,289,1,0,0,0,nan,nan,-0.8066166520118714
0,DiscNRX,none,290,1,0,0,0,nan,nan,-0.8066166520118714
0,DiscNRX,none,291,1,0,0,0,nan,nan,-0.8066166520118714
0,DiscNRX,none,292,1,0,0,0,nan,nan,-0.8066166520118714
0,DiscNRX,none,293,1,0,0,0,nan,nan,-0.8066166520118714
0,DiscNRX,none,294,1,0,0,0,nan,nan,-0.8066166520118714
0,DiscNRX,none,295,1,0,0,0,nan,nan,-0.8066166520118714
0,DiscNRX,none,296,1,0,0,0,nan,nan,-0.8066166520118714
0,DiscNRX,none,297,1,0,0,0,nan,nan,-0.8066166520118714
0,DiscNRX,none,298,1,0,0,0,nan,nan,-0.8066166520118714
0,DiscNRX,none,299,1,0,0,0,nan,nan,-0.8066166520118714
0,DiscNRX,none,300,1,0,0,0,nan,nan,-0.8066166520118714
0,DiscNRX,none,301,1,0,0,0,nan,nan,-0.8066166520118714
0,DiscNRX,none,302,1,0,0,0,nan,nan,-0.8066166520118714
0,DiscNRX,none,303,1,0,0,0,nan,nan,-0.8066166520118714
0,DiscNRX,none,304,1,0,0,0,nan,nan,-0.8066166520118714
0,DiscNRX,none,305,1,0,0,0,nan,nan,-0.8066166520118714
0,DiscNRX,none,306,1,0,0,0,nan,nan,-0.8066166520118714
0,DiscNRX,none,307,1,0,0,0,nan,nan,-0.8066166520118714
0,DiscNRX,none,308,1,0,0,0,nan,nan,-0.8066166520118714
0,DiscNRX,none,309,1,0,0,0,nan,nan,-0.8066166520118714
0,DiscNRX,none,310,1,0,0,0,nan,nan,-0.8066166520118714
0,DiscNRX,none,311,1,0,0,0,nan,nan,-0.8066166520118714
0,DiscNRX,none,312,1,0,0,0,nan,nan,-0.8066166520118714
0,DiscNRX,none,313,1,0,0,0,nan,nan,-0.8066166520118714
0,DiscNRX,none,314,1,0,0,0,nan,nan,-0.8066166520118714
0,DiscNRX,none,315,1,0,0,0,nan,nan,-0.8066166520118714
0,DiscNRX,none,316,1,0,0,0,nan,nan,-0.8066166520118714
0,DiscNRX,none,317,1,0,0,0,nan,nan,-0.8066166520118714
0,DiscNRX,none,318,1,0,0,0,nan,nan,-0.8066166520118714
0,DiscNRX,none,319,1,0,0,0,nan,nan,-0.8066166520118714
0,DiscNRX,none,320,1,0,0,0,nan,nan,-0.8066166520118714
0,DiscNRX,none,321,1,0,0,0,nan,nan,-0.8066166520118714
0,DiscNRX,none,322,1,0,0,0,nan,nan,-0.8066166520118714
0,DiscNRX,none,323,1,0,0,0,nan,nan,-0.8066166520118714
0,DiscNRX,none,324,1,0,0,0,nan,nan,-0.8066166520118714
0,DiscNRX,none,325,1,0,0,0,nan,nan,-0.8066166520118714
0,DiscNRX,none,326,1,0,0,0,nan,nan,-0.8066166520118714
0,DiscNRX,none,327,1,0,0,0,nan,nan,-0.8066166520118714
0,DiscNRX,none,328,1,0,0,0,nan,nan,-0.8066166520118714
0,DiscNRX,none,329,1,0,0,0,nan,nan,-0.8066166520118714
0,DiscNRX,none,330,1,0,0,0,nan,nan,-0.8066166520118714
0,DiscNRX,none,331,1,0,0,0,nan,nan,-0.8066166520118714
0,DiscNRX,none,332,1,0,0,0,nan,nan,-0.8066166520118714
0,DiscNRX,none,333,1,0,0,0,nan,nan,-0.8066166520118714
0,DiscNRX,none,334,1,0,0,0,nan,nan,-0.8066166520118714
0,DiscNRX,none,335,1,0,0,0,nan,nan,-0.8066166520118714
0,DiscNRX,none,336,1,0,0,0,nan,nan,-0.8066166520118714
0,DiscNRX,none,337,1,0,0,0,nan,nan,-0.8066166520118714
0,DiscNRX,none,338,1,0,0,0,nan,nan,-0.8066166520118714
0,DiscNRX,none,339,1,0,0,0,nan,nan,-0.8066166520118714
0,DiscNRX,none,340,1,0,0,0,nan,nan,-0.8066166520118714
0,DiscNRX,none,341,1,0,0,0,nan,nan,-0.8066166520118714
0,DiscNRX,none,342,1,0,0,0,nan,nan,-0.8066166520118714
0,DiscNRX,none,343,1,0,0,0,nan,nan,-0.8066166520118714
0,DiscNRX,none,344,1,0,0,0,nan,nan,-0.8066166520118714
0,DiscNRX,none,345,1,0,0,0,nan,nan,-0.8066166520118714
0,DiscNRX,none,346,1,0,0,0,nan,nan,-0.8066166520118714
0,DiscNRX,none,347,1,0,0,0,nan,nan,-0.8066166520118714
0,DiscNRX,none,348,1,0,0,0,nan,nan,-0.8066166520118714
0,DiscNRX,none,349,1,0,0,0,nan,nan,-0.8066166520118714
0,DiscNRX,none,350,1,0,0,0,nan,nan,-0.8066166520118714
0,DiscNRX,none,351,1,0,0,0,nan,nan,-0.8066166520118714
0,DiscNRX,none,352,1,0,0,0,nan,nan,-0.8066166520118714
0,DiscNRX,none,353,1,0,0,0,nan,nan,-0.8066166520118714
0,DiscNRX,none,354,1,0,0,0,nan,nan,-0.8066166520118714
0,DiscNRX,none,355,1,0,0,0,nan,nan,-0.8066166520118714
0,DiscNRX,none,356,1,0,0,0,nan,nan,-0.8066166520118714
0,DiscNRX,none,357,1,0,0,0,nan,nan,-0.8066166520118714
0,DiscNRX,none,358,1,0,0,0,nan,nan,-0.8066166520118714
0,DiscNRX,none,359,1,0,0,0,nan,nan,-0.8066166520118714
0,DiscNRX,none,360,1,0,0,0,nan,nan,-0.8066166520118714
0,DiscNRX,none,361,1,0,0,0,nan,nan,-0.8066166520118714
0,DiscNRX,none,362,1,0,0,0,nan,nan,-0.8066166520118714
0,DiscNRX,none,363,1,0,0,0,nan,nan,-0.8066166520118714
0,DiscNRX,none,364,1,0,0,0,nan,nan,-0.8066166520118714
0,DiscNRX,none,365,1,0,0,0,nan,nan,-0.8066166520118714
0,DiscNRX,none,366,1,0,0,0,nan,nan,-0.8066166520118714
0,DiscNRX,none,367,1,0,0,0,nan,nan,-0.8066166520118714
0,DiscNRX,none,368,1,0,0,0,nan,nan,-0.8066166520118714
0,DiscNRX,none,369,1,0,0,0,nan,nan,-0.8066166520118714
0,DiscNRX,none,370,1,0,0,0,nan,nan,-0.8066166520118714
0,DiscNRX,none,371,1,0,0,0,nan,nan,-0.8066166520118714
0,DiscNRX,none,372,1,0,0,0,nan,nan,-0.8066166520118714
0,DiscNRX,none,373,1,0,0,0,nan,nan,-0.8066166520118714
0,DiscNRX,none,374,1,0,0,0,nan,nan,-0.8066166520118714
0,DiscNRX,none,375,1,0,0,0,nan,nan,-0.8066166520118714
0,DiscNRX,none,376,1,0,0,0,nan,nan,-0.8066166520118714
0,DiscNRX,none,377,1,0,0,0,nan,nan,-0.8066166520118714
0,DiscNRX,none,378,1,0,0,0,nan,nan,-0.8066166520118714
0,DiscNRX,none,379,1,0,0,0,nan,nan,-0.8066166520118714
0,DiscNRX,none,380,1,0,0,0,nan,nan,-0.8066166520118714
0,DiscNRX,none,381,1,0,0,0,nan,nan,-0.8066166520118714
0,DiscNRX,none,382,1,0,0,0,nan,nan,-0.8066166520118714
0,DiscNRX,none,383,1,0,0,0,nan,nan,-0.8066166520118714
0,DiscNRX,none,384,1,0,0,0,nan,nan,-0.8066166520118714
0,DiscNRX,none,385,1,0,0,0,nan,nan,-0.8066166520118714
0,DiscNRX,none,386,1,0,0,0,nan,nan,-0.8066166520118714
0,DiscNRX,none,387,1,0,0,0,nan,nan,-0.8066166520118714
0,DiscNRX,none,388,1,0,0,0,nan,nan,-0.8066166520118714
0,DiscNRX,none,389,1,0,0,0,nan,nan,-0.8066166520118714
0,DiscNRX,none,390,1,0,0,0,nan,nan,-0.8066166520118714
0,DiscNRX,none,391,1,0,0,0,nan,nan,-0.8066166520118714
0,DiscNRX,none,392,1,0,0,0,nan,nan,-0.8066166520118714
0,DiscNRX,none,393,1,0,0,0,nan,nan,-0.8066166520118714
0,DiscNRX,none,394,1,0,0,0,nan,nan,-0.8066166520118714
0,DiscNRX,none,395,1,0,0,0,nan,nan,-0.8066166520118714
0,DiscNRX,none,396,1,0,0,0,nan,nan,-0.8066166520118714
0,DiscNRX,none,397,1,0,0,0,nan,nan,-0.8066166520118714
0,DiscNRX,none,398,1,0,0,0,nan,nan,-0.8066166520118714
0,DiscNRX,none,399,1,0,0,0,nan,nan,-0.8066166520118714
0,DiscNRX,none,400,1,0,0,0,nan,nan,-0.8066166520118714
0,DiscNRX,none,401,1,0,0,0,nan,nan,-0.8066166520118714
0,DiscNRX,none,402,1,0,0,0,nan,nan,-0.8066166520118714
0,DiscNRX,none,403,1,0,0,0,nan,nan,-0.8066166520118714
0,DiscNRX,none,404,1,0,0,0,nan,nan,-0.8066166520118714
0,DiscNRX,none,405,1,0,0,0,nan,nan,-0.8066166520118714
0,DiscNRX,none,406,1,0,0,0,nan,nan,-0.8066166520118714
0,DiscNRX,none,407,1,0,0,0,nan,nan,-0.8066166520118714
0,DiscNRX,none,408,1,0,0,0,nan,nan,-0.8066166520118714
0,DiscNRX,none,409,1,0,0,0,nan,nan,-0.8066166520118714
0,DiscNRX,none,410,1,0,0,0,nan,nan,-0.8066166520118714
0,DiscNRX,none,411,1,0,0,0,nan,nan,-0.8066166520118714
0,DiscNRX,none,412,1,0,0,0,nan,nan,-0.8066166520118714
0,DiscNRX,none,413,1,0,0,0,nan,nan,-0.8066166520118714
0,DiscNRX,none,414,1,0,0,0,nan,nan,-0.8066166520118714
0,DiscNRX,none,415,1,0,0,0,nan,nan,-0.8066166520118714
0,DiscNRX,none,416,1,0,0,0,nan,nan,-0.8066166520118714
0,DiscNRX,none,417,1,0,0,0,nan,nan,-0.8066166520118714
0,DiscNRX,none,418,1,0,0,0,nan,nan,-0.8066166520118714
0,DiscNRX,none,419,1,0,0,0,nan,nan,-0.8066166520118714
0,DiscNRX,none,420,1,0,0,0,nan,nan,-0.8066166520118714
0,DiscNRX,none,421,1,0,0,0,nan,nan,-0.8066166520118714
0,DiscNRX,none,422,1,0,0,0,nan,nan,-0.8066166520118714
0,DiscNRX,none,423,1,0,0,0,nan,nan,-0.8066166520118714
0,DiscNRX,none,424,1,0,0,0,nan,nan,-0.8066166520118714
0,DiscNRX,none,425,1,0,0,0,nan,nan,-0.8066166520118714
0,DiscNRX,none,426,1,0,0,0,nan,nan,-0.8066166520118714
0,DiscNRX,none,427,1,0,0,0,nan,nan,-0.8066166520118714
0,DiscNRX,none,428,1,0,0,0,nan,nan,-0.8066166520118714
0,DiscNRX,none,429,1,0,0,0,nan,nan,-0.8066166520118714
0,DiscNRX,none,430,1,0,0,0,nan,nan,-0.8066166520118714
0,DiscNRX,none,431,1,0,0,0,nan,nan,-0.8066166520118714
0,DiscNRX,none,432,1,0,0,0,nan,nan,-0.8066166520118714
0,DiscNRX,none,433,1,0,0,0,nan,nan,-0.8066166520118714
0,DiscNRX,none,434,1,0,0,0,nan,nan,-0.8066166520118714
0,DiscNRX,none,435,1,0,0,0,nan,nan,-0.8066166520118714
0,DiscNRX,none,436,1,0,0,0,nan,nan,-0.8066166520118714
0,DiscNRX,none,437,1,0,0,0,nan,nan,-0.8066166520118714
0,DiscNRX,none,438,1,0,0,0,nan,nan,-0.8066166520118714
0,DiscNRX,none,439,1,0,0,0,nan,nan,-0.8066166520118714
0,DiscNRX,none,440,1,0,0,0,nan,nan,-0.8066166520118714
0,DiscNRX,none,441,1,0,0,0,nan,nan,-0.8066166520118714
0,DiscNRX,none,442,1,0,0,0,nan,nan,-0.8066166520118714
0,DiscNRX,none,443,1,0,0,0,nan,nan,-0.8066166520118714
0,DiscNRX,none,444,1,0,0,0,nan,nan,-0.8066166520118714
0,DiscNRX,none,445,1,0,0,0,nan,nan,-0.8066166520118714
0,DiscNRX,none,446,1,0,0,0,nan,nan,-0.8066166520118714
0,DiscNRX,none,447,1,0,0,0,nan,nan,-0.8066166520118714
0,DiscNRX,none,448,1,0,0,0,nan,nan,-0.8066166520118714
0,DiscNRX,none,449,1,0,0,0,nan,nan,-0.8066166520118714
0,DiscNRX,none,450,1,0,0,0,nan,nan,-0.8066166520118714
0,DiscNRX,none,451,1,0,0,0,nan,nan,-0.8066166520118714
0,DiscNRX,none,452,1,0,0,0,nan,nan,-0.8066166520118714
0,DiscNRX,none,453,1,0,0,0,nan,nan,-0.8066166520118714
0,DiscNRX,none,454,1,0,0,0,nan,nan,-0.8066166520118714
0,DiscNRX,none,455,1,0,0,0,nan,nan,-0.8066166520118714
0,DiscNRX,none,456,1,0,0,0,nan,nan,-0.8066166520118714
0,DiscNRX,none,457,1,0,0,0,nan,nan,-0.8066166520118714
0,DiscNRX,none,458,1,0,0,0,nan,nan,-0.8066166520118714
0,DiscNRX,none,459,1,0,0,0,nan,nan,-0.8066166520118714
0,DiscNRX,none,460,1,0,0,0,nan,nan,-0.8066166520118714
0,DiscNRX,none,461,1,0,0,0,nan,nan,-0.8066166520118714
0,DiscNRX,none,462,1,0,0,0,nan,nan,-0.8066166520118714
0,DiscNRX,none,463,1,0,0,0,nan,nan,-0.8066166520118714
0,DiscNRX,none,464,1,0,0,0,nan,nan,-0.8066166520118714
0,DiscNRX,none,465,1,0,0,0,nan,nan,-0.8066166520118714
0,DiscNRX,none,466,1,0,0,0,nan,nan,-0.8066166520118714
0,DiscNRX,none,467,1,0,0,0,nan,nan,-0.8066166520118714
0,DiscNRX,none,468,1,0,0,0,nan,nan,-0.8066166520118714
0,DiscNRX,none,469,1,0,0,0,nan,nan,-0.8066166520118714
0,DiscNRX,none,470,1,0,0,0,nan,nan,-0.8066166520118714
0,DiscNRX,none,471,1,0,0,0,nan,nan,-0.8066166520118714
0,DiscNRX,none,472,1,0,0,0,nan,nan,-0.8066166520118714
0,DiscNRX,none,473,1,0,0,0,nan,nan,-0.8066166520118714
0,DiscNRX,none,474,1,0,0,0,nan,nan,-0.8066166520118714
0,DiscNRX,none,475,1,0,0,0,nan,nan,-0.8066166520118714
0,DiscNRX,none,476,1,0,0,0,nan,nan,-0.8066166520118714
0,DiscNRX,none,477,1,0,0,0,nan,nan,-0.8066166520118714
0,DiscNRX,none,478,1,0,0,0,nan,nan,-0.8066166520118714
0,DiscNRX,none,479,1,0,0,0,nan,nan,-0.8066166520118714
0,DiscNRX,none,480,1,0,0,0,nan,nan,-0.8066166520118714
0,DiscNRX,none,481,1,0,0,0,nan,nan,-0.8066166520118714
0,DiscNRX,none,482,1,0,0,0,nan,nan,-0.8066166520118714
0,DiscNRX,none,483,1,0,0,0,nan,nan,-0.8066166520118714
0,DiscNRX,none,484,1,0,0,0,nan,nan,-0.8066166520118714
0,DiscNRX,none,485,1,0,0,0,nan,nan,-0.8066166520118714
0,DiscNRX,none,486,1,0,0,0,nan,nan,-0.8066166520118714
0,DiscNRX,none,487,1,0,0,0,nan,nan,-0.8066166520118714
0,DiscNRX,none,488,1,0,0,0,nan,nan,-0.8066166520118714
0,DiscNRX,none,489,1,0,0,0,nan,nan,-0.8066166520118714
0,DiscNRX,none,490,1,0,0,0,nan,nan,-0.8066166520118714
0,DiscNRX,none,491,1,0,0,0,nan,nan,-0.8066166520118714
0,DiscNRX,none,492,1,0,0,0,nan,nan,-0.8066166520118714
0,DiscNRX,none,493,1,0,0,0,nan,nan,-0.8066166520118714
0,DiscNRX,none,494,1,0,0,0,nan,nan,-0.8066166520118714
0,DiscNRX,none,495,1,0,0,0,nan,nan,-0.8066166520118714
0,DiscNRX,none,496,1,0,0,0,nan,nan,-0.8066166520118714
0,DiscNRX,none,497,1,0,0,0,nan,nan,-0.8066166520118714
0,DiscNRX,none,498,1,0,0,0,nan,nan,-0.8066166520118714
0,DiscNRX,none,499,1,0,0,0,nan,nan,-0.8066166520118714
0,DiscNRX,none,500,1,0,0,0,nan,nan,-0.8066166520118714
0,DiscNRX,none,501,1,0,0,0,nan,nan,-0.8066166520118714
0,DiscNRX,none,502,1,0,0,0,nan,nan,-0.8066166520118714
0,DiscNRX,none,503,1,0,0,0,nan,nan,-0.8066166520118714
0,DiscNRX,none,504,1,0,0,0,nan,nan,-0.8066166520118714
0,DiscNRX,none,505,1,0,0,0,nan,nan,-0.8066166520118714
0,DiscNRX,none,506,1,0,0,0,nan,nan,-0.8066166520118714
0,DiscNRX,none,507,1,0,0,0,nan,nan,-0.8066166520118714
0,DiscNRX,none,508,1,0,0,0,nan,nan,-0.8066166520118714
0,DiscNRX,none,509,1,0,0,0,nan,nan,-0.8066166520118714
0,DiscNRX,none,510,1,0,0,0,nan,nan,-0.8066166520118714
0,DiscNRX,none,511,1,0,0,0,nan,nan,-0.8066166520118714
0,DiscNRX,none,512,1,0,0,0,nan,nan,-0.8066166520118714
0,DiscNRX,none,513,1,0,0,0,nan,nan,-0.8066166520118714
0,DiscNRX,none,514,1,0,0,0,nan,nan,-0.8066166520118714
0,DiscNRX,none,515,1,0,0,0,nan,nan,-0.8066166520118714
0,DiscNRX,none,516,1,0,0,0,nan,nan,-0.8066166520118714
0,DiscNRX,none,517,1,0,0,0,nan,nan,-0.8066166520118714
0,DiscNRX,none,518,1,0,0,0,nan,nan,-0.8066166520118714
0,DiscNRX,none,519,1,0,0,0,nan,nan,-0.8066166520118714
0,DiscNRX,none,520,1,0,0,0,nan,nan,-0.8066166520118714
0,DiscNRX,none,521,1,0,0,0,nan,nan,-0.8066166520118714
0,DiscNRX,none,522,1,0,0,0,nan,nan,-0.8066166520118714
0,DiscNRX,none,523,1,0,0,0,nan,nan,-0.8066166520118714
0,DiscNRX,none,524,1,0,0,0,nan,nan,-0.8066166520118714
0,DiscNRX,none,525,1,0,0,0,nan,nan,-0.8066166520118714
0,DiscNRX,none,526,1,0,0,0,nan,nan,-0.8066166520118714
0,DiscNRX,none,527,1,0,0,0,nan,nan,-0.8066166520118714
0,DiscNRX,none,528,1,0,0,0,nan,nan,-0.8066166520118714
0,DiscNRX,none,529,1,0,0,0,nan,nan,-0.8066166520118714
0,DiscNRX,none,530,1,0,0,0,nan,nan,-0.8066166520118714
0,DiscNRX,none,531,1,0,0,0,nan,nan,-0.8066166520118714
0,DiscNRX,none,532,1,0,0,0,nan,nan,-0.8066166520118714
0,DiscNRX,none,533,1,0,0,0,nan,nan,-0.8066166520118714
0,DiscNRX,none,534,1,0,0,0,nan,nan,-0.8066166520118714
0,DiscNRX,none,535,1,0,0,0,nan,nan,-0.8066166520118714
0,DiscNRX,none,536,1,0,0,0,nan,nan,-0.8066166520118714
0,DiscNRX,none,537,1,0,0,0,nan,nan,-0.8066166520118714
0,DiscNRX,none,538,1,0,0,0,nan,nan,-0.8066166520118714
0,DiscNRX,none,539,1,0,0,0,nan,nan,-0.8066166520118714
0,DiscNRX,none,540,1,0,0,0,nan,nan,-0.8066166520118714
0,DiscNRX,none,541,1,0,0,0,nan,nan,-0.8066166520118714
0,DiscNRX,none,542,1,0,0,0,nan,nan,-0.8066166520118714
0,DiscNRX,none,543,1,0,0,0,nan,nan,-0.8066166520118714
0,DiscNRX,none,544,1,0,0,0,nan,nan,-0.8066166520118714
0,DiscNRX,none,545,1,0,0,0,nan,nan,-0.8066166520118714
0,DiscNRX,none,546,1,0,0,0,nan,nan,-0.8066166520118714
0,DiscNRX,none,547,1,0,0,0,nan,nan,-0.8066166520118714
0,DiscNRX,none,548,1,0,0,0,nan,nan,-0.8066166520118714
0,DiscNRX,none,549,1,0,0,0,nan,nan,-0.8066166520118714
0,DiscNRX,none,550,1,0,0,0,nan,nan,-0.8066166520118714
0,DiscNRX,none,551,1,0,0,0,nan,nan,-0.8066166520118714
0,DiscNRX,none,552,1,0,0,0,nan,nan,-0.8066166520118714
0,DiscNRX,none,553,1,0,0,0,nan,nan,-0.8066166520118714
0,DiscNRX,none,554,1,0,0,0,nan,nan,-0.8066166520118714
0,DiscNRX,none,555,1,0,0,0,nan,nan,-0.8066166520118714
0,DiscNRX,none,556,1,0,0,0,nan,nan,-0.8066166520118714
0,DiscNRX,none,557,1,0,0,0,nan,nan,-0.8066166520118714
0,DiscNRX,none,558,1,0,0,0,nan,nan,-0.8066166520118714
0,DiscNRX,none,559,1,0,0,0,nan,nan,-0.8066166520118714
0,DiscNRX,none,560,1,0,0,0,nan,nan,-0.8066166520118714
0,DiscNRX,none,561,1,0,0,0,nan,nan,-0.8066166520118714
0,DiscNRX,none,562,1,0,0,0,nan,nan,-0.8066166520118714
0,DiscNRX,none,563,1,0,0,0,nan,nan,-0.8066166520118714
0,DiscNRX,none,564,1,0,0,0,nan,nan,-0.8066166520118714
0,DiscNRX,none,565,1,0,0,0,nan,nan,-0.8066166520118714
0,DiscNRX,none,566,1,0,0,0,nan,nan,-0.8066166520118714
0,DiscNRX,none,567,1,0,0,0,nan,nan,-0.8066166520118714
0,DiscNRX,none,568,1,0,0,0,nan,nan,-0.8066166520118714
0,DiscNRX,none,569,1,0,0,0,nan,nan,-0.8066166520118714
0,DiscNRX,none,570,1,0,0,0,nan,nan,-0.8066166520118714
0,DiscNRX,none,571,1,0,0,0,nan,nan,-0.8066166520118714
0,DiscNRX,none,572,1,0,0,0,nan,nan,-0.8066166520118714
0,DiscNRX,none,573,1,0,0,0,nan,nan,-0.8066166520118714
0,DiscNRX,none,574,1,0,0,0,nan,nan,-0.8066166520118714
0,DiscNRX,none,575,1,0,0,0,nan,nan,-0.8066166520118714
0,DiscNRX,none,576,1,0,0,0,nan,nan,-0.8066166520118714
0,DiscNRX,none,577,1,0,0,0,nan,nan,-0.8066166520118714
0,DiscNRX,none,578,1,0,0,0,nan,nan,-0.8066166520118714
0,DiscNRX,none,579,1,0,0,0,nan,nan,-0.8066166520118714
0,DiscNRX,none,580,1,0,0,0,nan,nan,-0.8066166520118714
0,DiscNRX,none,581,1,0,0,0,nan,nan,-0.8066166520118714
0,DiscNRX,none,582,1,0,0,0,nan,nan,-0.8066166520118714
0,DiscNRX,none,583,1,0,0,0,nan,nan,-0.8066166520118714
0,DiscNRX,none,584,1,0,0,0,nan,nan,-0.8066166520118714
0,DiscNRX,none,585,1,0,0,0,nan,nan,-0.8066166520118714
0,DiscNRX,none,586,1,0,0,0,nan,nan,-0.8066166520118714
0,DiscNRX,none,587,1,0,0,0,nan,nan,-0.8066166520118714
0,DiscNRX,none,588,1,0,0,0,nan,nan,-0.8066166520118714
0,DiscNRX,none,589,1,0,0,0,nan,nan,-0.8066166520118714
0,DiscNRX,none,590,1,0,0,0,nan,nan,-0.8066166520118714
0,DiscNRX,none,591,1,0,0,0,nan,nan,-0.8066166520118714
0,DiscNRX,none,592,1,0,0,0,nan,nan,-0.8066166520118714
0,DiscNRX,none,593,1,0,0,0,nan,nan,-0.8066166520118714
0,DiscNRX,none,594,1,0,0,0,nan,nan,-0.8066166520118714
0,DiscNRX,none,595,1,0,0,0,nan,nan,-0.8066166520118714
0,DiscNRX,none,596,1,0,0,0,nan,nan,-0.8066166520118714
0,DiscNRX,none,597,1,0,0,0,nan,nan,-0.8066166520118714
0,DiscNRX,none,598,1,0,0,0,nan,nan,-0.8066166520118714
0,DiscNRX,none,599,1,0,0,0,nan,nan,-0.8066166520118714
0,DiscNRX,none,600,1,0,0,0,nan,nan,-0.8066166520118714
0,DiscNRX,none,601,1,0,0,0,nan,nan,-0.8066166520118714
0,DiscNRX,none,602,1,0,0,0,nan,nan,-0.8066166520118714
0,DiscNRX,none,603,1,0,0,0,nan,nan,-0.8066166520118714
0,DiscNRX,none,604,1,0,0,0,nan,nan,-0.8066166520118714
0,DiscNRX,none,605,1,0,0,0,nan,nan,-0.8066166520118714
0,DiscNRX,none,606,1,0,0,0,nan,nan,-0.8066166520118714
0,DiscNRX,none,607,1,0,0,0,nan,nan,-0.8066166520118714
0,DiscNRX,none,608,1,0,0,0,nan,nan,-0.8066166520118714
0,DiscNRX,none,609,1,0,0,0,nan,nan,-0.8066166520118714
0,DiscNRX,none,610,1,0,0,0,nan,nan,-0.8066166520118714
0,DiscNRX,none,611,1,0,0,0,nan,nan,-0.8066166520118714
0,DiscNRX,none,612,1,0,0,0,nan,nan,-0.8066166520118714
0,DiscNRX,none,613,1,0,0,0,nan,nan,-0.8066166520118714
0,DiscNRX,none,614,1,0,0,0,nan,nan,-0.8066166520118714
0,DiscNRX,none,615,1,0,0,0,nan,nan,-0.8066166520118714
0,DiscNRX,none,616,1,0,0,0,nan,nan,-0.8066166520118714
0,DiscNRX,none,617,1,0,0,0,nan,nan,-0.8066166520118714
0,DiscNRX,none,618,1,0,0,0,nan,nan,-0.8066166520118714
0,DiscNRX,none,619,1,0,0,0,nan,nan,-0.8066166520118714
0,DiscNRX,none,620,1,0,0,0,nan,nan,-0.8066166520118714
0,DiscNRX,none,621,1,0,0,0,nan,nan,-0.8066166520118714
0,DiscNRX,none,622,1,0,0,0,nan,nan,-0.8066166520118714
0,DiscNRX,none,623,1,0,0,0,nan,nan,-0.8066166520118714
0,DiscNRX,none,624,1,0,0,0,nan,nan,-0.8066166520118714
0,DiscNRX,none,625,1,0,0,0,nan,nan,-0.8066166520118714
0,DiscNRX,none,626,1,0,0,0,nan,nan,-0.8066166520118714
0,DiscNRX,none,627,1,0,0,0,nan,nan,-0.8066166520118714
0,DiscNRX,none,628,1,0,0,0,nan,nan,-0.8066166520118714
0,DiscNRX,none,629,1,0,0,0,nan,nan,-0.8066166520118714
0,DiscNRX,none,630,1,0,0,0,nan,nan,-0.8066166520118714
0,DiscNRX,none,631,1,0,0,0,nan,nan,-0.8066166520118714
0,DiscNRX,none,632,1,0,0,0,nan,nan,-0.8066166520118714
0,DiscNRX,none,633,1,0,0,0,nan,nan,-0.8066166520118714
0,DiscNRX,none,634,1,0,0,0,nan,nan,-0.8066166520118714
0,DiscNRX,none,635,1,0,0,0,nan,nan,-0.8066166520118714
0,DiscNRX,none,636,1,0,0,0,nan,nan,-0.8066166520118714
0,DiscNRX,none,637,1,0,0,0,nan,nan,-0.8066166520118714
0,DiscNRX,none,638,1,0,0,0,nan,nan,-0.8066166520118714
0,DiscNRX,none,639,1,0,0,0,nan,nan,-0.8066166520118714
0,DiscNRX,none,640,1,0,0,0,nan,nan,-0.8066166520118714
0,DiscNRX,none,641,1,0,0,0,nan,nan,-0.8066166520118714
0,DiscNRX,none,642,1,0,0,0,nan,nan,-0.8066166520118714
0,DiscNRX,none,643,1,0,0,0,nan,nan,-0.8066166520118714
0,DiscNRX,none,644,1,0,0,0,nan,nan,-0.8066166520118714
0,DiscNRX,none,645,1,0,0,0,nan,nan,-0.8066166520118714
0,DiscNRX,none,646,1,0,0,0,nan,nan,-0.8066166520118714
0,DiscNRX,none,647,1,0,0,0,nan,nan,-0.8066166520118714
0,DiscNRX,none,648,1,0,0,0,nan,nan,-0.8066166520118714
0,DiscNRX,none,649,1,0,0,0,nan,nan,-0.8066166520118714
0,DiscNRX,none,650,1,0,0,0,nan,nan,-0.8066166520118714
0,DiscNRX,none,651,1,0,0,0,nan,nan,-0.8066166520118714
0,DiscNRX,none,652,1,0,0,0,nan,nan,-0.8066166520118714
0,DiscNRX,none,653,1,0,0,0,nan,nan,-0.8066166520118714
0,DiscNRX,none,654,1,0,0,0,nan,nan,-0.8066166520118714
0,DiscNRX,none,655,1,0,0,0,nan,nan,-0.8066166520118714
0,DiscNRX,none,656,1,0,0,0,nan,nan,-0.8066166520118714
0,DiscNRX,none,657,1,0,0,0,nan,nan,-0.8066166520118714
0,DiscNRX,none,658,1,0,0,0,nan,nan,-0.8066166520118714
0,DiscNRX,none,659,1,0,0,0,nan,nan,-0.8066166520118714
0,DiscNRX,none,660,1,0,0,0,nan,nan,-0.8066166520118714
0,DiscNRX,none,661,1,0,0,0,nan,nan,-0.8066166520118714
0,DiscNRX,none,662,1,0,0,0,nan,nan,-0.8066166520118714
0,DiscNRX,none,663,1,0,0,0,nan,nan,-0.8066166520118714
0,DiscNRX,none,664,1,0,0,0,nan,nan,-0.8066166520118714
0,DiscNRX,none,665,1,0,0,0,nan,nan,-0.8066166520118714
0,DiscNRX,none,666,1,0,0,0,nan,nan,-0.8066166520118714
0,DiscNRX,none,667,1,0,0,0,nan,nan,-0.8066166520118714
0,DiscNRX,none,668,1,0,0,0,nan,nan,-0.8066166520118714
0,DiscNRX,none,669,1,0,0,0,nan,nan,-0.8066166520118714
0,DiscNRX,none,670,1,0,0,0,nan,nan,-0.8066166520118714
0,DiscNRX,none,671,1,0,0,0,nan,nan,-0.8066166520118714
0,DiscNRX,none,672,1,0,0,0,nan,nan,-0.8066166520118714
0,DiscNRX,none,673,1,0,0,0,nan,nan,-0.8066166520118714
0,DiscNRX,none,674,1,0,0,0,nan,nan,-0.8066166520118714
0,DiscNRX,none,675,1,0,0,0,nan,nan,-0.8066166520118714
0,DiscNRX,none,676,1,0,0,0,nan,nan,-0.8066166520118714
0,DiscNRX,none,677,1,0,0,0,nan,nan,-0.8066166520118714
0,DiscNRX,none,678,1,0,0,0,nan,nan,-0.8066166520118714
0,DiscNRX,none,679,1,0,0,0,nan,nan,-0.8066166520118714
0,DiscNRX,none,680,1,0,0,0,nan,nan,-0.8066166520118714
0,DiscNRX,none,681,1,0,0,0,nan,nan,-0.8066166520118714
0,DiscNRX,none,682,1,0,0,0,nan,nan,-0.8066166520118714
0,DiscNRX,none,683,1,0,0,0,nan,nan,-0.8066166520118714
0,DiscNRX,none,684,1,0,0,0,nan,nan,-0.8066166520118714
0,DiscNRX,none,685,1,0,0,0,nan,nan,-0.8066166520118714
0,DiscNRX,none,686,1,0,0,0,nan,nan,-0.8066166520118714
0,DiscNRX,none,687,1,0,0,0,nan,nan,-0.8066166520118714
0,DiscNRX,none,688,1,0,0,0,nan,nan,-0.8066166520118714
0,DiscNRX,none,689,1,0,0,0,nan,nan,-0.8066166520118714
0,DiscNRX,none,690,1,0,0,0,nan,nan,-0.8066166520118714
0,DiscNRX,none,691,1,0,0,0,nan,nan,-0.8066166520118714
0,DiscNRX,none,692,1,0,0,0,nan,nan,-0.8066166520118714
0,DiscNRX,none,693,1,0,0,0,nan,nan,-0.8066166520118714
0,DiscNRX,none,694,1,0,0,0,nan,nan,-0.8066166520118714
0,DiscNRX,none,695,1,0,0,0,nan,nan,-0.8066166520118714
0,DiscNRX,none,696,1,0,0,0,nan,nan,-0.8066166520118714
0,DiscNRX,none,697,1,0,0,0,nan,nan,-0.8066166520118714
0,DiscNRX,none,698,1,0,0,0,nan,nan,-0.8066166520118714
0,DiscNRX,none,699,1,0,0,0,nan,nan,-0.8066166520118714
0,DiscNRX,none,700,1,0,0,0,nan,nan,-0.8066166520118714
0,DiscNRX,none,701,1,0,0,0,nan,nan,-0.8066166520118714
0,DiscNRX,none,702,1,0,0,0,nan,nan,-0.8066166520118714
0,DiscNRX,none,703,1,0,0,0,nan,nan,-0.8066166520118714
0,DiscNRX,none,704,1,0,0,0,nan,nan,-0.8066166520118714
0,DiscNRX,none,705,1,0,0,0,nan,nan,-0.8066166520118714
0,DiscNRX,none,706,1,0,0,0,nan,nan,-0.8066166520118714
0,DiscNRX,none,707,1,0,0,0,nan,nan,-0.8066166520118714
0,DiscNRX,none,708,1,0,0,0,nan,nan,-0.8066166520118714
0,DiscNRX,none,709,1,0,0,0,nan,nan,-0.8066166520118714
0,DiscNRX,none,710,1,0,0,0,nan,nan,-0.8066166520118714
0,DiscNRX,none,711,1,0,0,0,nan,nan,-0.8066166520118714
0,DiscNRX,none,712,1,0,0,0,nan,nan,-0.8066166520118714
0,DiscNRX,none,713,1,0,0,0,nan,nan,-0.8066166520118714
0,DiscNRX,none,714,1,0,0,0,nan,nan,-0.8066166520118714
0,DiscNRX,none,715,1,0,0,0,nan,nan,-0.8066166520118714
0,DiscNRX,none,716,1,0,0,0,nan,nan,-0.8066166520118714
0,DiscNRX,none,717,1,0,0,0,nan,nan,-0.8066166520118714
0,DiscNRX,none,718,1,0,0,0,nan,nan,-0.8066166520118714
0,DiscNRX,none,719,1,0,0,0,nan,nan,-0.8066166520118714
0,DiscNRX,none,720,1,0,0,0,nan,nan,-0.8066166520118714
0,DiscNRX,none,721,1,0,0,0,nan,nan,-0.8066166520118714
0,DiscNRX,none,722,1,0,0,0,nan,nan,-0.8066166520118714
0,DiscNRX,none,723,1,0,0,0,nan,nan,-0.8066166520118714
0,DiscNRX,none,724,1,0,0,0,nan,nan,-0.8066166520118714
0,DiscNRX,none,725,1,0,0,0,nan,nan,-0.8066166520118714
0,DiscNRX,none,726,1,0,0,0,nan,nan,-0.8066166520118714
0,DiscNRX,none,727,1,0,0,0,nan,nan,-0.8066166520118714
0,DiscNRX,none,728,1,0,0,0,nan,nan,-0.8066166520118714
0,DiscNRX,none,729,1,0,0,0,nan,nan,-0.8066166520118714
0,DiscNRX,none,730,1,0,0,0,nan,nan,-0.8066166520118714
0,DiscNRX,none,731,1,0,0,0,nan,nan,-0.8066166520118714
0,DiscNRX,none,732,1,0,0,0,nan,nan,-0.8066166520118714
0,DiscNRX,none,733,1,0,0,0,nan,nan,-0.8066166520118714
0,DiscNRX,none,734,1,0,0,0,nan,nan,-0.8066166520118714
0,DiscNRX,none,735,1,0,0,0,nan,nan,-0.8066166520118714
0,DiscNRX,none,736,1,0,0,0,nan,nan,-0.8066166520118714
0,DiscNRX,none,737,1,0,0,0,nan,nan,-0.8066166520118714
0,DiscNRX,none,738,1,0,0,0,nan,nan,-0.8066166520118714
0,DiscNRX,none,739,1,0,0,0,nan,nan,-0.8066166520118714
0,DiscNRX,none,740,1,0,0,0,nan,nan,-0.8066166520118714
0,DiscNRX,none,741,1,0,0,0,nan,nan,-0.8066166520118714
0,DiscNRX,none,742,1,0,0,0,nan,nan,-0.8066166520118714
0,DiscNRX,none,743,1,0,0,0,nan,nan,-0.8066166520118714
0,DiscNRX,none,744,1,0,0,0,nan,nan,-0.8066166520118714
0,DiscNRX,none,745,1,0,0,0,nan,nan,-0.8066166520118714
0,DiscNRX,none,746,1,0,0,0,nan,nan,-0.8066166520118714
0,DiscNRX,none,747,1,0,0,0,nan,nan,-0.8066166520118714
0,DiscNRX,none,748,1,0,0,0,nan,nan,-0.8066166520118714
0,DiscNRX,none,749,1,0,0,0,nan,nan,-0.8066166520118714
0,DiscNRX,none,750,1,0,0,0,nan,nan,-0.8066166520118714
0,DiscNRX,none,751,1,0,0,0,nan,nan,-0.8066166520118714
0,DiscNRX,none,752,1,0,0,0,nan,nan,-0.8066166520118714
0,DiscNRX,none,753,1,0,0,0,nan,nan,-0.8066166520118714
0,DiscNRX,none,754,1,0,0,0,nan,nan,-0.8066166520118714
0,DiscNRX,none,755,1,0,0,0,nan,nan,-0.8066166520118714
0,DiscNRX,none,756,1,0,0,0,nan,nan,-0.8066166520118714
0,DiscNRX,none,757,1,0,0,0,nan,nan,-0.8066166520118714
0,DiscNRX,none,758,1,0,0,0,nan,nan,-0.8066166520118714
0,DiscNRX,none,759,1,0,0,0,nan,nan,-0.8066166520118714
0,DiscNRX,none,760,1,0,0,0,nan,nan,-0.8066166520118714
0,DiscNRX,none,761,1,0,0,0,nan,nan,-0.8066166520118714
0,DiscNRX,none,762,1,0,0,0,nan,nan,-0.8066166520118714
0,DiscNRX,none,763,1,0,0,0,nan,nan,-0.8066166520118714
0,DiscNRX,none,764,1,0,0,0,nan,nan,-0.8066166520118714
0,DiscNRX,none,765,1,0,0,0,nan,nan,-0.8066166520118714
0,DiscNRX,none,766,1,0,0,0,nan,nan,-0.8066166520118714
0,DiscNRX,none,767,1,0,0,0,nan,nan,-0.8066166520118714
0,DiscNRX,none,768,1,0,0,0,nan,nan,-0.8066166520118714
0,DiscNRX,none,769,1,0,0,0,nan,nan,-0.8066166520118714
0,DiscNRX,none,770,1,0,0,0,nan,nan,-0.8066166520118714
0,DiscNRX,none,771,1,0,0,0,nan,nan,-0.8066166520118714
0,DiscNRX,none,772,1,0,0,0,nan,nan,-0.8066166520118714
0,DiscNRX,none,773,1,0,0,0,nan,nan,-0.8066166520118714
0,DiscNRX,none,774,1,0,0,0,nan,nan,-0.8066166520118714
0,DiscNRX,none,775,1,0,0,0,nan,nan,-0.8066166520118714
0,DiscNRX,none,776,1,0,0,0,nan,nan,-0.8066166520118714
0,DiscNRX,none,777,1,0,0,0,nan,nan,-0.8066166520118714
0,DiscNRX,none,778,1,0,0,0,nan,nan,-0.8066166520118714
0,DiscNRX,none,779,1,0,0,0,nan,nan,-0.8066166520118714
0,DiscNRX,none,780,1,0,0,0,nan,nan,-0.8066166520118714
0,DiscNRX,none,781,1,0,0,0,nan,nan,-0.8066166520118714
0,DiscNRX,none,782,1,0,0,0,nan,nan,-0.8066166520118714
0,DiscNRX,none,783,1,0,0,0,nan,nan,-0.8066166520118714
0,DiscNRX,none,784,1,0,0,0,nan,nan,-0.8066166520118714
0,DiscNRX,none,785,1,0,0,0,nan,nan,-0.8066166520118714
0,DiscNRX,none,786,1,0,0,0,nan,nan,-0.8066166520118714
0,DiscNRX,none,787,1,0,0,0,nan,nan,-0.8066166520118714
0,DiscNRX,none,788,1,0,0,0,nan,nan,-0.8066166520118714
0,DiscNRX,none,789,1,0,0,0,nan,nan,-0.8066166520118714
0,DiscNRX,none,790,1,0,0,0,nan,nan,-0.8066166520118714
0,DiscNRX,none,791,1,0,0,0,nan,nan,-0.8066166520118714
0,DiscNRX,none,792,1,0,0,0,nan,nan,-0.8066166520118714
0,DiscNRX,none,793,1,0,0,0,nan,nan,-0.8066166520118714
0,DiscNRX,none,794,1,0,0,0,nan,nan,-0.8066166520118714
0,DiscNRX,none,795,1,0,0,0,nan,nan,-0.8066166520118714
0,DiscNRX,none,796,1,0,0,0,nan,nan,-0.8066166520118714
0,DiscNRX,none,797,1,0,0,0,nan,nan,-0.8066166520118714
0,DiscNRX,none,798,1,0,0,0,nan,nan,-0.8066166520118714
0,DiscNRX,none,799,1,0,0,0,nan,nan,-0.8066166520118714
0,DiscNRX,none,800,1,0,0,0,nan,nan,-0.8066166520118714
0,DiscNRX,none,801,1,0,0,0,nan,nan,-0.8066166520118714
0,DiscNRX,none,802,1,0,0,0,nan,nan,-0.8066166520118714
0,DiscNRX,none,803,1,0,0,0,nan,nan,-0.8066166520118714
0,DiscNRX,none,804,1,0,0,0,nan,nan,-0.8066166520118714
0,DiscNRX,none,805,1,0,0,0,nan,nan,-0.8066166520118714
0,DiscNRX,none,806,1,0,0,0,nan,nan,-0.8066166520118714
0,DiscNRX,none,807,1,0,0,0,nan,nan,-0.8066166520118714
0,DiscNRX,none,808,1,0,0,0,nan,nan,-0.8066166520118714
0,DiscNRX,none,809,1,0,0,0,nan,nan,-0.8066166520118714
0,DiscNRX,none,810,1,0,0,0,nan,nan,-0.8066166520118714
0,DiscNRX,none,811,1,0,0,0,nan,nan,-0.8066166520118714
0,DiscNRX,none,812,1,0,0,0,nan,nan,-0.8066166520118714
0,DiscNRX,none,813,1,0,0,0,nan,nan,-0.8066166520118714
0,DiscNRX,none,814,1,0,0,0,nan,nan,-0.8066166520118714
0,DiscNRX,none,815,1,0,0,0,nan,nan,-0.8066166520118714
0,DiscNRX,none,816,1,0,0,0,nan,nan,-0.8066166520118714
0,DiscNRX,none,817,1,0,0,0,nan,nan,-0.8066166520118714
0,DiscNRX,none,818,1,0,0,0,nan,nan,-0.8066166520118714
0,DiscNRX,none,819,1,0,0,0,nan,nan,-0.8066166520118714
0,DiscNRX,none,820,1,0,0,0,nan,nan,-0.8066166520118714
0,DiscNRX,none,821,1,0,0,0,nan,nan,-0.8066166520118714
0,DiscNRX,none,822,1,0,0,0,nan,nan,-0.8066166520118714
0,DiscNRX,none,823,1,0,0,0,nan,nan,-0.8066166520118714
0,DiscNRX,none,824,1,0,0,0,nan,nan,-0.8066166520118714
0,DiscNRX,none,825,1,0,0,0,nan,nan,-0.8066166520118714
0,DiscNRX,none,826,1,0,0,0,nan,nan,-0.8066166520118714
0,DiscNRX,none,827,1,0,0,0,nan,nan,-0.8066166520118714
0,DiscNRX,none,828,1,0,0,0,nan,nan,-0.8066166520118714
0,DiscNRX,none,829,1,0,0,0,nan,nan,-0.8066166520118714
0,DiscNRX,none,830,1,0,0,0,nan,nan,-0.8066166520118714
0,DiscNRX,none,831,1,0,0,0,nan,nan,-0.8066166520118714
0,DiscNRX,none,832,1,0,0,0,nan,nan,-0.8066166520118714
0,DiscNRX,none,833,1,0,0,0,nan,nan,-0.8066166520118714
0,DiscNRX,none,834,1,0,0,0,nan,nan,-0.8066166520118714
0,DiscNRX,none,835,1,0,0,0,nan,nan,-0.8066166520118714
0,DiscNRX,none,836,1,0,0,0,nan,nan,-0.8066166520118714
0,DiscNRX,none,837,1,0,0,0,nan,nan,-0.8066166520118714
0,DiscNRX,none,838,1,0,0,0,nan,nan,-0.8066166520118714
0,DiscNRX,none,839,1,0,0,0,nan,nan,-0.8066166520118714
0,DiscNRX,none,840,1,0,0,0,nan,nan,-0.8066166520118714
0,DiscNRX,none,841,1,0,0,0,nan,nan,-0.8066166520118714
0,DiscNRX,none,842,1,0,0,0,nan,nan,-0.8066166520118714
0,DiscNRX,none,843,1,0,0,0,nan,nan,-0.8066166520118714
0,DiscNRX,none,844,1,0,0,0,nan,nan,-0.8066166520118714
0,DiscNRX,none,845,1,0,0,0,nan,nan,-0.8066166520118714
0,DiscNRX,none,846,1,0,0,0,nan,nan,-0.8066166520118714
0,DiscNRX,none,847,1,0,0,0,nan,nan,-0.8066166520118714
0,DiscNRX,none,848,1,0,0,0,nan,nan,-0.8066166520118714
0,DiscNRX,none,849,1,0,0,0,nan,nan,-0.8066166520118714
0,DiscNRX,none,850,1,0,0,0,nan,nan,-0.8066166520118714
0,DiscNRX,none,851,1,0,0,0,nan,nan,-0.8066166520118714
0,DiscNRX,none,852,1,0,0,0,nan,nan,-0.8066166520118714
0,DiscNRX,none,853,1,0,0,0,nan,nan,-0.8066166520118714
0,DiscNRX,none,854,1,0,0,0,nan,nan,-0.8066166520118714
0,DiscNRX,none,855,1,0,0,0,nan,nan,-0.8066166520118714
0,DiscNRX,none,856,1,0,0,0,nan,nan,-0.8066166520118714
0,DiscNRX,none,857,1,0,0,0,nan,nan,-0.8066166520118714
0,DiscNRX,none,858,1,0,0,0,nan,nan,-0.8066166520118714
0,DiscNRX,none,859,1,0,0,0,nan,nan,-0.8066166520118714
0,DiscNRX,none,860,1,0,0,0,nan,nan,-0.8066166520118714
0,DiscNRX,none,861,1,0,0,0,nan,nan,-0.8066166520118714
0,DiscNRX,none,862,1,0,0,0,nan,nan,-0.8066166520118714
0,DiscNRX,none,863,1,0,0,0,nan,nan,-0.8066166520118714
0,DiscNRX,none,864,1,0,0,0,nan,nan,-0.8066166520118714
0,DiscNRX,none,865,1,0,0,0,nan,nan,-0.8066166520118714
0,DiscNRX,none,866,1,0,0,0,nan,nan,-0.8066166520118714
0,DiscNRX,none,867,1,0,0,0,nan,nan,-0.8066166520118714
0,DiscNRX,none,868,1,0,0,0,nan,nan,-0.8066166520118714
0,DiscNRX,none,869,1,0,0,0,nan,nan,-0.8066166520118714
0,DiscNRX,none,870,1,0,0,0,nan,nan,-0.8066166520118714
0,DiscNRX,none,871,1,0,0,0,nan,nan,-0.8066166520118714
0,DiscNRX,none,872,1,0,0,0,nan,nan,-0.8066166520118714
0,DiscNRX,none,873,1,0,0,0,nan,nan,-0.8066166520118714
0,DiscNRX,none,874,1,0,0,0,nan,nan,-0.8066166520118714
0,DiscNRX,none,875,1,0,0,0,nan,nan,-0.8066166520118714
0,DiscNRX,none,876,1,0,0,0,nan,nan,-0.8066166520118714
0,DiscNRX,none,877,1,0,0,0,nan,nan,-0.8066166520118714
0,DiscNRX,none,878,1,0,0,0,nan,nan,-0.8066166520118714
0,DiscNRX,none,879,1,0,0,0,nan,nan,-0.8066166520118714
0,DiscNRX,none,880,1,0,0,0,nan,nan,-0.8066166520118714
0,DiscNRX,none,881,1,0,0,0,nan,nan,-0.8066166520118714
0,DiscNRX,none,882,1,0,0,0,nan,nan,-0.8066166520118714
0,DiscNRX,none,883,1,0,0,0,nan,nan,-0.8066166520118714
0,DiscNRX,none,884,1,0,0,0,nan,nan,-0.8066166520118714
0,DiscNRX,none,885,1,0,0,0,nan,nan,-0.8066166520118714
0,DiscNRX,none,886,1,0,0,0,nan,nan,-0.8066166520118714
0,DiscNRX,none,887,1,0,0,0,nan,nan,-0.8066166520118714
0,DiscNRX,none,888,1,0,0,0,nan,nan,-0.8066166520118714
0,DiscNRX,none,889,1,0,0,0,nan,nan,-0.8066166520118714
0,DiscNRX,none,890,1,0,0,0,nan,nan,-0.8066166520118714
0,DiscNRX,none,891,1,0,0,0,nan,nan,-0.8066166520118714
0,DiscNRX,none,892,1,0,0,0,nan,nan,-0.8066166520118714
0,DiscNRX,none,893,1,0,0,0,nan,nan,-0.8066166520118714
0,DiscNRX,none,894,1,0,0,0,nan,nan,-0.8066166520118714
0,DiscNRX,none,895,1,0,0,0,nan,nan,-0.8066166520118714
0,DiscNRX,none,896,1,0,0,0,nan,nan,-0.8066166520118714
0,DiscNRX,none,897,1,0,0,0,nan,nan,-0.8066166520118714
0,DiscNRX,none,898,1,0,0,0,nan,nan,-0.8066166520118714
0,DiscNRX,none,899,1,0,0,0,nan,nan,-0.8066166520118714
0,DiscNRX,none,900,1,0,0,0,nan,nan,-0.8066166520118714
0,DiscNRX,none,901,1,0,0,0,nan,nan,-0.8066166520118714
0,DiscNRX,none,902,1,0,0,0,nan,nan,-0.8066166520118714
0,DiscNRX,none,903,1,0,0,0,nan,nan,-0.8066166520118714
0,DiscNRX,none,904,1,0,0,0,nan,nan,-0.8066166520118714
0,DiscNRX,none,905,1,0,0,0,nan,nan,-0.8066166520118714
0,DiscNRX,none,906,1,0,0,0,nan,nan,-0.8066166520118714
0,DiscNRX,none,907,1,0,0,0,nan,nan,-0.8066166520118714
0,DiscNRX,none,908,1,0,0,0,nan,nan,-0.8066166520118714
0,DiscNRX,none,909,1,0,0,0,nan,nan,-0.8066166520118714
0,DiscNRX,none,910,1,0,0,0,nan,nan,-0.8066166520118714
0,DiscNRX,none,911,1,0,0,0,nan,nan,-0.8066166520118714
0,DiscNRX,none,912,1,0,0,0,nan,nan,-0.8066166520118714
0,DiscNRX,none,913,1,0,0,0,nan,nan,-0.8066166520118714
0,DiscNRX,none,914,1,0,0,0,nan,nan,-0.8066166520118714
0,DiscNRX,none,915,1,0,0,0,nan,nan,-0.8066166520118714
0,DiscNRX,none,916,1,0,0,0,nan,nan,-0.8066166520118714
0,DiscNRX,none,917,1,0,0,0,nan,nan,-0.8066166520118714
0,DiscNRX,none,918,1,0,0,0,nan,nan,-0.8066166520118714
0,DiscNRX,none,919,1,0,0,0,nan,nan,-0.8066166520118714
0,DiscNRX,none,920,1,0,0,0,nan,nan,-0.8066166520118714
0,DiscNRX,none,921,1,0,0,0,nan,nan,-0.8066166520118714
0,DiscNRX,none,922,1,0,0,0,nan,nan,-0.8066166520118714
0,DiscNRX,none,923,1,0,0,0,nan,nan,-0.8066166520118714
0,DiscNRX,none,924,1,0,0,0,nan,nan,-0.8066166520118714
0,DiscNRX,none,925,1,0,0,0,nan,nan,-0.8066166520118714
0,DiscNRX,none,926,1,0,0,0,nan,nan,-0.8066166520118714
0,DiscNRX,none,927,1,0,0,0,nan,nan,-0.8066166520118714
0,DiscNRX,none,928,1,0,0,0,nan,nan,-0.8066166520118714
0,DiscNRX,none,929,1,0,0,0,nan,nan,-0.8066166520118714
0,DiscNRX,none,930,1,0,0,0,nan,nan,-0.8066166520118714
0,DiscNRX,none,931,1,0,0,0,nan,nan,-0.8066166520118714
0,DiscNRX,none,932,1,0,0,0,nan,nan,-0.8066166520118714
0,DiscNRX,none,933,1,0,0,0,nan,nan,-0.8066166520118714
0,DiscNRX,none,934,1,0,0,0,nan,nan,-0.8066166520118714
0,DiscNRX,none,935,1,0,0,0,nan,nan,-0.8066166520118714
0,DiscNRX,none,936,1,0,0,0,nan,nan,-0.8066166520118714
0,DiscNRX,none,937,1,0,0,0,nan,nan,-0.8066166520118714
0,DiscNRX,none,938,1,0,0,0,nan,nan,-0.8066166520118714
0,DiscNRX,none,939,1,0,0,0,nan,nan,-0.8066166520118714
0,DiscNRX,none,940,1,0,0,0,nan,nan,-0.8066166520118714
0,DiscNRX,none,941,1,0,0,0,nan,nan,-0.8066166520118714
0,DiscNRX,none,942,1,0,0,0,nan,nan,-0.8066166520118714
0,DiscNRX,none,943,1,0,0,0,nan,nan,-0.8066166520118714
0,DiscNRX,none,944,1,0,0,0,nan,nan,-0.8066166520118714
0,DiscNRX,none,945,1,0,0,0,nan,nan,-0.8066166520118714
0,DiscNRX,none,946,1,0,0,0,nan,nan,-0.8066166520118714
0,DiscNRX,none,947,1,0,0,0,nan,nan,-0.8066166520118714
0,DiscNRX,none,948,1,0,0,0,nan,nan,-0.8066166520118714
0,DiscNRX,none,949,1,0,0,0,nan,nan,-0.8066166520118714
0,DiscNRX,none,950,1,0,0,0,nan,nan,-0.8066166520118714
0,DiscNRX,none,951,1,0,0,0,nan,nan,-0.8066166520118714
0,DiscNRX,none,952,1,0,0,0,nan,nan,-0.8066166520118714
0,DiscNRX,none,953,1,0,0,0,nan,nan,-0.8066166520118714
0,DiscNRX,none,954,1,0,0,0,nan,nan,-0.8066166520118714
0,DiscNRX,none,955,1,0,0,0,nan,nan,-0.8066166520118714
0,DiscNRX,none,956,1,0,0,0,nan,nan,-0.8066166520118714
0,DiscNRX,none,957,1,0,0,0,nan,nan,-0.8066166520118714
0,DiscNRX,none,958,1,0,0,0,nan,nan,-0.8066166520118714
0,DiscNRX,none,959,1,0,0,0,nan,nan,-0.8066166520118714
0,DiscNRX,none,960,1,0,0,0,nan,nan,-0.8066166520118714
0,DiscNRX,none,961,1,0,0,0,nan,nan,-0.8066166520118714
0,DiscNRX,none,962,1,0,0,0,nan,nan,-0.8066166520118714
0,DiscNRX,none,963,1,0,0,0,nan,nan,-0.8066166520118714
0,DiscNRX,none,964,1,0,0,0,nan,nan,-0.8066166520118714
0,DiscNRX,none,965,1,0,0,0,nan,nan,-0.8066166520118714
0,DiscNRX,none,966,1,0,0,0,nan,nan,-0.8066166520118714
0,DiscNRX,none,967,1,0,0,0,nan,nan,-0.8066166520118714
0,DiscNRX,none,968,1,0,0,0,nan,nan,-0.8066166520118714
0,DiscNRX,none,969,1,0,0,0,nan,nan,-0.8066166520118714
0,DiscNRX,none,970,1,0,0,0,nan,nan,-0.8066166520118714
0,DiscNRX,none,971,1,0,0,0,nan,nan,-0.8066166520118714
0,DiscNRX,none,972,1,0,0,0,nan,nan,-0.8066166520118714
0,DiscNRX,none,973,1,0,0,0,nan,nan,-0.8066166520118714
0,DiscNRX,none,974,1,0,0,0,nan,nan,-0.8066166520118714
0,DiscNRX,none,975,1,0,0,0,nan,nan,-0.8066166520118714
0,DiscNRX,none,976,1,0,0,0,nan,nan,-0.8066166520118714
0,DiscNRX,none,977,1,0,0,0,nan,nan,-0.8066166520118714
0,DiscNRX,none,978,1,0,0,0,nan,nan,-0.8066166520118714
0,DiscNRX,none,979,1,0,0,0,nan,nan,-0.8066166520118714
0,DiscNRX,none,980,1,0,0,0,nan,nan,-0.8066166520118714
0,DiscNRX,none,981,1,0,0,0,nan,nan,-0.8066166520118714
0,DiscNRX,none,982,1,0,0,0,nan,nan,-0.8066166520118714
0,DiscNRX,none,983,1,0,0,0,nan,nan,-0.8066166520118714
0,DiscNRX,none,984,1,0,0,0,nan,nan,-0.8066166520118714
0,DiscNRX,none,985,1,0,0,0,nan,nan,-0.8066166520118714
0,DiscNRX,none,986,1,0,0,0,nan,nan,-0.8066166520118714
0,DiscNRX,none,987,1,0,0,0,nan,nan,-0.8066166520118714
0,DiscNRX,none,988,1,0,0,0,nan,nan,-0.8066166520118714
0,DiscNRX,none,989,1,0,0,0,nan,nan,-0.8066166520118714
0,DiscNRX,none,990,1,0,0,0,nan,nan,-0.8066166520118714
0,DiscNRX,none,991,1,0,0,0,nan,nan,-0.8066166520118714
0,DiscNRX,none,992,1,0,0,0,nan,nan,-0.8066166520118714
0,DiscNRX,none,993,1,0,0,0,nan,nan,-0.8066166520118714
0,DiscNRX,none,994,1,0,0,0,nan,nan,-0.8066166520118714
0,DiscNRX,none,995,1,0,0,0,nan,nan,-0.8066166520118714
0,DiscNRX,none,996,1,0,0,0,nan,nan,-0.8066166520118714
0,DiscNRX,none,997,1,0,0,0,nan,nan,-0.8066166520118714
0,DiscNRX,none,998,1,0,0,0,nan,nan,-0.8066166520118714
0,DiscNRX,none,999,1,0,0,0,nan,nan,-0.8066166520118714
0,DiscNRX,ungated,0,1,0,0,1,27.910699999665667,nan,-0.8066166520118714
0,DiscNRX,ungated,1,1,0,0,1,20.126600000367034,nan,-0.8066166520118714
0,DiscNRX,ungated,2,1,0,0,1,20.16139999977895,nan,-0.8066166520118714
0,DiscNRX,ungated,3,1,0,0,1,20.704000000478118,nan,-0.8066166520118714
0,DiscNRX,ungated,4,1,0,0,1,21.453700000165554,nan,-0.8066166520118714
0,DiscNRX,ungated,5,1,0,0,1,21.52010000008886,nan,-0.8066166520118714
0,DiscNRX,ungated,6,1,0,0,1,21.371799999542418,nan,-0.8066166520118714
0,DiscNRX,ungated,7,1,0,0,1,21.28869999978633,nan,-0.8066166520118714
0,DiscNRX,ungated,8,1,0,0,1,20.397399999637855,nan,-0.8066166520118714
0,DiscNRX,ungated,9,1,0,0,1,18.71610000034707,nan,-0.8066166520118714
0,DiscNRX,ungated,10,1,0,0,1,20.877699999800825,nan,-0.8066166520118714
0,DiscNRX,ungated,11,1,0,0,1,21.385299999565177,nan,-0.8066166520118714
0,DiscNRX,ungated,12,1,0,0,1,18.588200000522193,nan,-0.8066166520118714
0,DiscNRX,ungated,13,1,0,0,1,19.05819999956293,nan,-0.8066166520118714
0,DiscNRX,ungated,14,1,0,0,1,20.58740000029502,nan,-0.8066166520118714
0,DiscNRX,ungated,15,1,0,0,1,19.960900000114634,nan,-0.8066166520118714
0,DiscNRX,ungated,16,1,0,0,1,22.079499999563268,nan,-0.8066166520118714
0,DiscNRX,ungated,17,1,0,0,1,17.51429999967513,nan,-0.8066166520118714
0,DiscNRX,ungated,18,1,0,0,1,19.80490000005375,nan,-0.8066166520118714
0,DiscNRX,ungated,19,1,0,0,1,20.439099999748578,nan,-0.8066166520118714
0,DiscNRX,ungated,20,1,0,0,1,19.83459999974002,nan,-0.8066166520118714
0,DiscNRX,ungated,21,1,0,0,1,21.815300000525895,nan,-0.8066166520118714
0,DiscNRX,ungated,22,1,0,0,1,20.48220000051515,nan,-0.8066166520118714
0,DiscNRX,ungated,23,1,0,0,1,20.099300000765652,nan,-0.8066166520118714
0,DiscNRX,ungated,24,1,0,0,1,19.772699999521137,nan,-0.8066166520118714
0,DiscNRX,ungated,25,1,0,0,1,21.03819999956613,nan,-0.8066166520118714
0,DiscNRX,ungated,26,1,0,0,1,19.273299999440496,nan,-0.8066166520118714
0,DiscNRX,ungated,27,1,0,0,1,21.661699999640405,nan,-0.8066166520118714
0,DiscNRX,ungated,28,1,0,0,1,20.77689999987342,nan,-0.8066166520118714
0,DiscNRX,ungated,29,1,0,0,1,21.384800000305404,nan,-0.8066166520118714
0,DiscNRX,ungated,30,1,0,0,1,18.208599999525177,nan,-0.8066166520118714
0,DiscNRX,ungated,31,1,0,0,1,19.669100000101025,nan,-0.8066166520118714
0,DiscNRX,ungated,32,1,0,0,1,20.06470000014815,nan,-0.8066166520118714
0,DiscNRX,ungated,33,1,0,0,1,21.608199999718636,nan,-0.8066166520118714
0,DiscNRX,ungated,34,1,0,0,1,20.226499999807857,nan,-0.8066166520118714
0,DiscNRX,ungated,35,1,0,0,1,22.18020000054821,nan,-0.8066166520118714
0,DiscNRX,ungated,36,1,0,0,1,20.76240000042162,nan,-0.8066166520118714
0,DiscNRX,ungated,37,1,0,0,1,35.70289999970555,nan,-0.8066166520118714
0,DiscNRX,ungated,38,1,0,0,1,44.11069999969186,nan,-0.8066166520118714
0,DiscNRX,ungated,39,1,0,0,1,32.51780000027793,nan,-0.8066166520118714
0,DiscNRX,ungated,40,1,0,0,1,21.14220000021305,nan,-0.8066166520118714
0,DiscNRX,ungated,41,1,0,0,1,20.55819999986852,nan,-0.8066166520118714
0,DiscNRX,ungated,42,1,0,0,1,21.55060000040976,nan,-0.8066166520118714
0,DiscNRX,ungated,43,1,0,0,1,19.565799999327282,nan,-0.8066166520118714
0,DiscNRX,ungated,44,1,0,0,1,22.303400000055262,nan,-0.8066166520118714
0,DiscNRX,ungated,45,1,0,0,1,20.70960000037303,nan,-0.8066166520118714
0,DiscNRX,ungated,46,1,0,0,1,20.406299999194744,nan,-0.8066166520118714
0,DiscNRX,ungated,47,1,0,0,1,19.36389999991661,nan,-0.8066166520118714
0,DiscNRX,ungated,48,1,0,0,1,19.17409999987285,nan,-0.8066166520118714
0,DiscNRX,ungated,49,1,0,0,1,19.659800000226824,nan,-0.8066166520118714
0,DiscNRX,ungated,50,1,0,0,1,20.669200000156707,nan,-0.8066166520118714
0,DiscNRX,ungated,51,1,0,0,1,21.312699999725737,nan,-0.8066166520118714
0,DiscNRX,ungated,52,1,0,0,1,21.3980000007723,nan,-0.8066166520118714
0,DiscNRX,ungated,53,1,0,0,1,21.79100000012113,nan,-0.8066166520118714
0,DiscNRX,ungated,54,1,0,0,1,20.699400000012247,nan,-0.8066166520118714
0,DiscNRX,ungated,55,1,0,0,1,21.444899999551126,nan,-0.8066166520118714
0,DiscNRX,ungated,56,1,0,0,1,20.761299999321636,nan,-0.8066166520118714
0,DiscNRX,ungated,57,1,0,0,1,23.45839999998134,nan,-0.8066166520118714
0,DiscNRX,ungated,58,1,0,0,1,21.659400000316964,nan,-0.8066166520118714
0,DiscNRX,ungated,59,1,0,0,1,21.2095999995654,nan,-0.8066166520118714
0,DiscNRX,ungated,60,1,0,0,1,19.58120000017516,nan,-0.8066166520118714
0,DiscNRX,ungated,61,1,0,0,1,27.533600000424485,nan,-0.8066166520118714
0,DiscNRX,ungated,62,1,0,0,1,21.824099999321334,nan,-0.8066166520118714
0,DiscNRX,ungated,63,1,0,0,1,18.17269999992277,nan,-0.8066166520118714
0,DiscNRX,ungated,64,1,0,0,1,19.987399999990885,nan,-0.8066166520118714
0,DiscNRX,ungated,65,1,0,0,1,17.700200000035693,nan,-0.8066166520118714
0,DiscNRX,ungated,66,1,0,0,1,19.819800000732357,nan,-0.8066166520118714
0,DiscNRX,ungated,67,1,0,0,1,22.9393000008713,nan,-0.8066166520118714
0,DiscNRX,ungated,68,1,0,0,1,20.191100000374718,nan,-0.8066166520118714
0,DiscNRX,ungated,69,1,0,0,1,20.68520000011631,nan,-0.8066166520118714
0,DiscNRX,ungated,70,1,0,0,1,22.1585999997842,nan,-0.8066166520118714
0,DiscNRX,ungated,71,1,0,0,1,20.99129999987781,nan,-0.8066166520118714
0,DiscNRX,ungated,72,1,0,0,1,18.57689999997092,nan,-0.8066166520118714
0,DiscNRX,ungated,73,1,0,0,1,21.781899999950838,nan,-0.8066166520118714
0,DiscNRX,ungated,74,1,0,0,1,22.991599999841128,nan,-0.8066166520118714
0,DiscNRX,ungated,75,1,0,0,1,21.560900000622496,nan,-0.8066166520118714
0,DiscNRX,ungated,76,1,0,0,1,19.918900000448048,nan,-0.8066166520118714
0,DiscNRX,ungated,77,1,0,0,1,22.3628000003373,nan,-0.8066166520118714
0,DiscNRX,ungated,78,1,0,0,1,21.54080000036629,nan,-0.8066166520118714
0,DiscNRX,ungated,79,1,0,0,1,19.430400000601367,nan,-0.8066166520118714
0,DiscNRX,ungated,80,1,0,0,1,18.890499999542953,nan,-0.8066166520118714
0,DiscNRX,ungated,81,1,0,0,1,20.889899999929185,nan,-0.8066166520118714
0,DiscNRX,ungated,82,1,0,0,1,18.144399999982852,nan,-0.8066166520118714
0,DiscNRX,ungated,83,1,0,0,1,22.00970000012603,nan,-0.8066166520118714
0,DiscNRX,ungated,84,1,0,0,1,20.3324000003704,nan,-0.8066166520118714
0,DiscNRX,ungated,85,1,0,0,1,20.606600000064645,nan,-0.8066166520118714
0,DiscNRX,ungated,86,1,0,0,1,21.616399999402347,nan,-0.8066166520118714
0,DiscNRX,ungated,87,1,0,0,1,21.017300000494288,nan,-0.8066166520118714
0,DiscNRX,ungated,88,1,0,0,1,21.12100000067585,nan,-0.8066166520118714
0,DiscNRX,ungated,89,1,0,0,1,20.346000000245112,nan,-0.8066166520118714
0,DiscNRX,ungated,90,1,0,0,1,19.107699999949546,nan,-0.8066166520118714
0,DiscNRX,ungated,91,1,0,0,1,18.837300000086543,nan,-0.8066166520118714
0,DiscNRX,ungated,92,1,0,0,1,21.152899999833608,nan,-0.8066166520118714
0,DiscNRX,ungated,93,1,0,0,1,21.509700000024168,nan,-0.8066166520118714
0,DiscNRX,ungated,94,1,0,0,1,17.264699999941513,nan,-0.8066166520118714
0,DiscNRX,ungated,95,1,0,0,1,21.38680000007298,nan,-0.8066166520118714
0,DiscNRX,ungated,96,1,0,0,1,19.692800000484567,nan,-0.8066166520118714
0,DiscNRX,ungated,97,1,0,0,1,23.89210000001185,nan,-0.8066166520118714
0,DiscNRX,ungated,98,1,0,0,1,20.430900000064867,nan,-0.8066166520118714
0,DiscNRX,ungated,99,1,0,0,1,18.824900000254274,nan,-0.8066166520118714
0,DiscNRX,ungated,100,1,0,0,1,18.46540000042296,nan,-0.8066166520118714
0,DiscNRX,ungated,101,1,0,0,1,20.07450000019162,nan,-0.8066166520118714
0,DiscNRX,ungated,102,1,0,0,1,17.614399999729358,nan,-0.8066166520118714
0,DiscNRX,ungated,103,1,0,0,1,25.430400000004738,nan,-0.8066166520118714
0,DiscNRX,ungated,104,1,0,0,1,18.808199999512,nan,-0.8066166520118714
0,DiscNRX,ungated,105,1,0,0,1,18.96599999963655,nan,-0.8066166520118714
0,DiscNRX,ungated,106,1,0,0,1,21.033999999417574,nan,-0.8066166520118714
0,DiscNRX,ungated,107,1,0,0,1,21.4654999999766,nan,-0.8066166520118714
0,DiscNRX,ungated,108,1,0,0,1,19.55199999974866,nan,-0.8066166520118714
0,DiscNRX,ungated,109,1,0,0,1,22.031200000128592,nan,-0.8066166520118714
0,DiscNRX,ungated,110,1,0,0,1,21.396199999799137,nan,-0.8066166520118714
0,DiscNRX,ungated,111,1,0,0,1,18.501300000025367,nan,-0.8066166520118714
0,DiscNRX,ungated,112,1,0,0,1,23.159299999861105,nan,-0.8066166520118714
0,DiscNRX,ungated,113,1,0,0,1,20.299400000112655,nan,-0.8066166520118714
0,DiscNRX,ungated,114,1,0,0,1,19.903500000509666,nan,-0.8066166520118714
0,DiscNRX,ungated,115,1,0,0,1,20.40500000020984,nan,-0.8066166520118714
0,DiscNRX,ungated,116,1,0,0,1,18.15549999992072,nan,-0.8066166520118714
0,DiscNRX,ungated,117,1,0,0,1,20.243500000105996,nan,-0.8066166520118714
0,DiscNRX,ungated,118,1,0,0,1,18.618900000547,nan,-0.8066166520118714
0,DiscNRX,ungated,119,1,0,0,1,19.5371999998315,nan,-0.8066166520118714
0,DiscNRX,ungated,120,1,0,0,1,20.385899999382673,nan,-0.8066166520118714
0,DiscNRX,ungated,121,1,0,0,1,19.694300000082876,nan,-0.8066166520118714
0,DiscNRX,ungated,122,1,0,0,1,20.545100000163075,nan,-0.8066166520118714
0,DiscNRX,ungated,123,1,0,0,1,17.625800000132585,nan,-0.8066166520118714
0,DiscNRX,ungated,124,1,0,0,1,21.78029999959108,nan,-0.8066166520118714
0,DiscNRX,ungated,125,1,0,0,1,17.917099999976926,nan,-0.8066166520118714
0,DiscNRX,ungated,126,1,0,0,1,17.817599999943923,nan,-0.8066166520118714
0,DiscNRX,ungated,127,1,0,0,1,17.643500000303902,nan,-0.8066166520118714
0,DiscNRX,ungated,128,1,0,0,1,19.647900000563823,nan,-0.8066166520118714
0,DiscNRX,ungated,129,1,0,0,1,20.32879999933357,nan,-0.8066166520118714
0,DiscNRX,ungated,130,1,0,0,1,21.386700000221026,nan,-0.8066166520118714
0,DiscNRX,ungated,131,1,0,0,1,21.05630000005476,nan,-0.8066166520118714
0,DiscNRX,ungated,132,1,0,0,1,18.761299999823677,nan,-0.8066166520118714
0,DiscNRX,ungated,133,1,0,0,1,21.603700000014214,nan,-0.8066166520118714
0,DiscNRX,ungated,134,1,0,0,1,20.727899999656074,nan,-0.8066166520118714
0,DiscNRX,ungated,135,1,0,0,1,20.40740000029473,nan,-0.8066166520118714
0,DiscNRX,ungated,136,1,0,0,1,21.61549999982526,nan,-0.8066166520118714
0,DiscNRX,ungated,137,1,0,0,1,21.047299999736424,nan,-0.8066166520118714
0,DiscNRX,ungated,138,1,0,0,1,22.268200000326033,nan,-0.8066166520118714
0,DiscNRX,ungated,139,1,0,0,1,30.632299999524548,nan,-0.8066166520118714
0,DiscNRX,ungated,140,1,0,0,1,19.250000000283762,nan,-0.8066166520118714
0,DiscNRX,ungated,141,1,0,0,1,20.425900000191177,nan,-0.8066166520118714
0,DiscNRX,ungated,142,1,0,0,1,20.520699999906356,nan,-0.8066166520118714
0,DiscNRX,ungated,143,1,0,0,1,18.667700000150944,nan,-0.8066166520118714
0,DiscNRX,ungated,144,1,0,0,1,19.05429999987973,nan,-0.8066166520118714
0,DiscNRX,ungated,145,1,0,0,1,19.53270000012708,nan,-0.8066166520118714
0,DiscNRX,ungated,146,1,0,0,1,26.797499999702268,nan,-0.8066166520118714
0,DiscNRX,ungated,147,1,0,0,1,20.061899999745947,nan,-0.8066166520118714
0,DiscNRX,ungated,148,1,0,0,1,24.647499999446154,nan,-0.8066166520118714
0,DiscNRX,ungated,149,1,0,0,1,20.502399999713816,nan,-0.8066166520118714
0,DiscNRX,ungated,150,1,0,0,1,29.189799999585375,nan,-0.8066166520118714
0,DiscNRX,ungated,151,1,0,0,1,20.342400000117777,nan,-0.8066166520118714
0,DiscNRX,ungated,152,1,0,0,1,22.99250000032771,nan,-0.8066166520118714
0,DiscNRX,ungated,153,1,0,0,1,21.328999999241205,nan,-0.8066166520118714
0,DiscNRX,ungated,154,1,0,0,1,21.705700000893557,nan,-0.8066166520118714
0,DiscNRX,ungated,155,1,0,0,1,21.47560000048543,nan,-0.8066166520118714
0,DiscNRX,ungated,156,1,0,0,1,18.96000000033382,nan,-0.8066166520118714
0,DiscNRX,ungated,157,1,0,0,1,21.616199999698438,nan,-0.8066166520118714
0,DiscNRX,ungated,158,1,0,0,1,21.196599999711907,nan,-0.8066166520118714
0,DiscNRX,ungated,159,1,0,0,1,20.6542999994781,nan,-0.8066166520118714
0,DiscNRX,ungated,160,1,0,0,1,20.509599999968486,nan,-0.8066166520118714
0,DiscNRX,ungated,161,1,0,0,1,18.48260000042501,nan,-0.8066166520118714
0,DiscNRX,ungated,162,1,0,0,1,20.983600000363367,nan,-0.8066166520118714
0,DiscNRX,ungated,163,1,0,0,1,19.568599999729486,nan,-0.8066166520118714
0,DiscNRX,ungated,164,1,0,0,1,28.6324999997305,nan,-0.8066166520118714
0,DiscNRX,ungated,165,1,0,0,1,18.909700000222074,nan,-0.8066166520118714
0,DiscNRX,ungated,166,1,0,0,1,20.93349999995553,nan,-0.8066166520118714
0,DiscNRX,ungated,167,1,0,0,1,17.081599999983155,nan,-0.8066166520118714
0,DiscNRX,ungated,168,1,0,0,1,20.36020000014105,nan,-0.8066166520118714
0,DiscNRX,ungated,169,1,0,0,1,22.200299999894924,nan,-0.8066166520118714
0,DiscNRX,ungated,170,1,0,0,1,23.769600000377977,nan,-0.8066166520118714
0,DiscNRX,ungated,171,1,0,0,1,17.474199999924167,nan,-0.8066166520118714
0,DiscNRX,ungated,172,1,0,0,1,18.92279999992752,nan,-0.8066166520118714
0,DiscNRX,ungated,173,1,0,0,1,18.07619999999588,nan,-0.8066166520118714
0,DiscNRX,ungated,174,1,0,0,1,20.343299999694864,nan,-0.8066166520118714
0,DiscNRX,ungated,175,1,0,0,1,20.580500000505708,nan,-0.8066166520118714
0,DiscNRX,ungated,176,1,0,0,1,21.739800000432297,nan,-0.8066166520118714
0,DiscNRX,ungated,177,1,0,0,1,20.372700000734767,nan,-0.8066166520118714
0,DiscNRX,ungated,178,1,0,0,1,19.332500000018626,nan,-0.8066166520118714
0,DiscNRX,ungated,179,1,0,0,1,21.352800000386196,nan,-0.8066166520118714
0,DiscNRX,ungated,180,1,0,0,1,26.76270000029035,nan,-0.8066166520118714
0,DiscNRX,ungated,181,1,0,0,1,20.34500000081607,nan,-0.8066166520118714
0,DiscNRX,ungated,182,1,0,0,1,20.294700000704324,nan,-0.8066166520118714
0,DiscNRX,ungated,183,1,0,0,1,20.815800000491436,nan,-0.8066166520118714
0,DiscNRX,ungated,184,1,0,0,1,20.431799999641953,nan,-0.8066166520118714
0,DiscNRX,ungated,185,1,0,0,1,20.54709999993065,nan,-0.8066166520118714
0,DiscNRX,ungated,186,1,0,0,1,21.20809999996709,nan,-0.8066166520118714
0,DiscNRX,ungated,187,1,0,0,1,21.582500000477012,nan,-0.8066166520118714
0,DiscNRX,ungated,188,1,0,0,1,20.935800000188465,nan,-0.8066166520118714
0,DiscNRX,ungated,189,1,0,0,1,21.505000000615837,nan,-0.8066166520118714
0,DiscNRX,ungated,190,1,0,0,1,18.399899999167246,nan,-0.8066166520118714
0,DiscNRX,ungated,191,1,0,0,1,18.12690000042494,nan,-0.8066166520118714
0,DiscNRX,ungated,192,1,0,0,1,21.425599999929545,nan,-0.8066166520118714
0,DiscNRX,ungated,193,1,0,0,1,20.424699999239238,nan,-0.8066166520118714
0,DiscNRX,ungated,194,1,0,0,1,17.96349999949598,nan,-0.8066166520118714
0,DiscNRX,ungated,195,1,0,0,1,19.728899999790883,nan,-0.8066166520118714
0,DiscNRX,ungated,196,1,0,0,1,20.19560000007914,nan,-0.8066166520118714
0,DiscNRX,ungated,197,1,0,0,1,19.05720000013389,nan,-0.8066166520118714
0,DiscNRX,ungated,198,1,0,0,1,19.478000000162865,nan,-0.8066166520118714
0,DiscNRX,ungated,199,1,0,0,1,18.802499999765132,nan,-0.8066166520118714
0,DiscNRX,ungated,200,1,0,0,1,20.92240000001766,nan,-0.8066166520118714
0,DiscNRX,ungated,201,1,0,0,1,23.150799999712035,nan,-0.8066166520118714
0,DiscNRX,ungated,202,1,0,0,1,19.92210000025807,nan,-0.8066166520118714
0,DiscNRX,ungated,203,1,0,0,1,22.253600000112783,nan,-0.8066166520118714
0,DiscNRX,ungated,204,1,0,0,1,21.603899999718124,nan,-0.8066166520118714
0,DiscNRX,ungated,205,1,0,0,1,19.749499999306863,nan,-0.8066166520118714
0,DiscNRX,ungated,206,1,0,0,1,19.340400000146474,nan,-0.8066166520118714
0,DiscNRX,ungated,207,1,0,0,1,20.472000000154367,nan,-0.8066166520118714
0,DiscNRX,ungated,208,1,0,0,1,20.54279999993014,nan,-0.8066166520118714
0,DiscNRX,ungated,209,1,0,0,1,18.77599999988888,nan,-0.8066166520118714
0,DiscNRX,ungated,210,1,0,0,1,18.95429999967746,nan,-0.8066166520118714
0,DiscNRX,ungated,211,1,0,0,1,16.431199999715318,nan,-0.8066166520118714
0,DiscNRX,ungated,212,1,0,0,1,20.47699999911856,nan,-0.8066166520118714
0,DiscNRX,ungated,213,1,0,0,1,20.320499999797903,nan,-0.8066166520118714
0,DiscNRX,ungated,214,1,0,0,1,22.3798999995779,nan,-0.8066166520118714
0,DiscNRX,ungated,215,1,0,0,1,19.842800000333227,nan,-0.8066166520118714
0,DiscNRX,ungated,216,1,0,0,1,21.040599999651022,nan,-0.8066166520118714
0,DiscNRX,ungated,217,1,0,0,1,19.443999999566586,nan,-0.8066166520118714
0,DiscNRX,ungated,218,1,0,0,1,17.534300000079384,nan,-0.8066166520118714
0,DiscNRX,ungated,219,1,0,0,1,21.65839999997843,nan,-0.8066166520118714
0,DiscNRX,ungated,220,1,0,0,1,19.546100000297884,nan,-0.8066166520118714
0,DiscNRX,ungated,221,1,0,0,1,20.47080000011192,nan,-0.8066166520118714
0,DiscNRX,ungated,222,1,0,0,1,21.06000000003405,nan,-0.8066166520118714
0,DiscNRX,ungated,223,1,0,0,1,19.851399999424757,nan,-0.8066166520118714
0,DiscNRX,ungated,224,1,0,0,1,21.332299999812676,nan,-0.8066166520118714
0,DiscNRX,ungated,225,1,0,0,1,18.448199999511417,nan,-0.8066166520118714
0,DiscNRX,ungated,226,1,0,0,1,20.813400000406546,nan,-0.8066166520118714
0,DiscNRX,ungated,227,1,0,0,1,20.29240000047139,nan,-0.8066166520118714
0,DiscNRX,ungated,228,1,0,0,1,20.454900000004272,nan,-0.8066166520118714
0,DiscNRX,ungated,229,1,0,0,1,18.027799999799754,nan,-0.8066166520118714
0,DiscNRX,ungated,230,1,0,0,1,20.06139999957668,nan,-0.8066166520118714
0,DiscNRX,ungated,231,1,0,0,1,21.107600000505045,nan,-0.8066166520118714
0,DiscNRX,ungated,232,1,0,0,1,23.495700000239594,nan,-0.8066166520118714
0,DiscNRX,ungated,233,1,0,0,1,22.510699999656936,nan,-0.8066166520118714
0,DiscNRX,ungated,234,1,0,0,1,22.213499999452324,nan,-0.8066166520118714
0,DiscNRX,ungated,235,1,0,0,1,20.4011999994691,nan,-0.8066166520118714
0,DiscNRX,ungated,236,1,0,0,1,19.25389999996696,nan,-0.8066166520118714
0,DiscNRX,ungated,237,1,0,0,1,20.13509999960661,nan,-0.8066166520118714
0,DiscNRX,ungated,238,1,0,0,1,20.409599999766215,nan,-0.8066166520118714
0,DiscNRX,ungated,239,1,0,0,1,18.418499999825144,nan,-0.8066166520118714
0,DiscNRX,ungated,240,1,0,0,1,21.668399999725807,nan,-0.8066166520118714
0,DiscNRX,ungated,241,1,0,0,1,23.651600000448525,nan,-0.8066166520118714
0,DiscNRX,ungated,242,1,0,0,1,20.69530000062514,nan,-0.8066166520118714
0,DiscNRX,ungated,243,1,0,0,1,22.711099999469297,nan,-0.8066166520118714
0,DiscNRX,ungated,244,1,0,0,1,21.883499999603373,nan,-0.8066166520118714
0,DiscNRX,ungated,245,1,0,0,1,19.989800000075775,nan,-0.8066166520118714
0,DiscNRX,ungated,246,1,0,0,1,21.941099999821745,nan,-0.8066166520118714
0,DiscNRX,ungated,247,1,0,0,1,19.88069999970321,nan,-0.8066166520118714
0,DiscNRX,ungated,248,1,0,0,1,19.427999999606982,nan,-0.8066166520118714
0,DiscNRX,ungated,249,1,0,0,1,20.395500000631728,nan,-0.8066166520118714
0,DiscNRX,ungated,250,1,0,0,1,19.616399999904388,nan,-0.8066166520118714
0,DiscNRX,ungated,251,1,0,0,1,17.904899999848567,nan,-0.8066166520118714
0,DiscNRX,ungated,252,1,0,0,1,18.069699999614386,nan,-0.8066166520118714
0,DiscNRX,ungated,253,1,0,0,1,19.234899999901245,nan,-0.8066166520118714
0,DiscNRX,ungated,254,1,0,0,1,17.791100000067672,nan,-0.8066166520118714
0,DiscNRX,ungated,255,1,0,0,1,21.503300000404124,nan,-0.8066166520118714
0,DiscNRX,ungated,256,1,0,0,1,21.737000000030093,nan,-0.8066166520118714
0,DiscNRX,ungated,257,1,0,0,1,18.574599999737984,nan,-0.8066166520118714
0,DiscNRX,ungated,258,1,0,0,1,19.547200000488374,nan,-0.8066166520118714
0,DiscNRX,ungated,259,1,0,0,1,18.491899999389716,nan,-0.8066166520118714
0,DiscNRX,ungated,260,1,0,0,1,18.328500000279746,nan,-0.8066166520118714
0,DiscNRX,ungated,261,1,0,0,1,18.22119999997085,nan,-0.8066166520118714
0,DiscNRX,ungated,262,1,0,0,1,21.835900000041875,nan,-0.8066166520118714
0,DiscNRX,ungated,263,1,0,0,1,20.38139999967825,nan,-0.8066166520118714
0,DiscNRX,ungated,264,1,0,0,1,19.575499999518797,nan,-0.8066166520118714
0,DiscNRX,ungated,265,1,0,0,1,16.11769999999524,nan,-0.8066166520118714
0,DiscNRX,ungated,266,1,0,0,1,19.65219999965484,nan,-0.8066166520118714
0,DiscNRX,ungated,267,1,0,0,1,17.68069999980071,nan,-0.8066166520118714
0,DiscNRX,ungated,268,1,0,0,1,20.913299999847368,nan,-0.8066166520118714
0,DiscNRX,ungated,269,1,0,0,1,16.89059999989695,nan,-0.8066166520118714
0,DiscNRX,ungated,270,1,0,0,1,16.83119999961491,nan,-0.8066166520118714
0,DiscNRX,ungated,271,1,0,0,1,18.8877999999022,nan,-0.8066166520118714
0,DiscNRX,ungated,272,1,0,0,1,19.132700000227487,nan,-0.8066166520118714
0,DiscNRX,ungated,273,1,0,0,1,20.424999999704596,nan,-0.8066166520118714
0,DiscNRX,ungated,274,1,0,0,1,17.50120000087918,nan,-0.8066166520118714
0,DiscNRX,ungated,275,1,0,0,1,21.49490000010701,nan,-0.8066166520118714
0,DiscNRX,ungated,276,1,0,0,1,21.754000000328233,nan,-0.8066166520118714
0,DiscNRX,ungated,277,1,0,0,1,21.93489999990561,nan,-0.8066166520118714
0,DiscNRX,ungated,278,1,0,0,1,20.03839999997581,nan,-0.8066166520118714
0,DiscNRX,ungated,279,1,0,0,1,19.832900000437803,nan,-0.8066166520118714
0,DiscNRX,ungated,280,1,0,0,1,20.288099999561382,nan,-0.8066166520118714
0,DiscNRX,ungated,281,1,0,0,1,21.315400000275986,nan,-0.8066166520118714
0,DiscNRX,ungated,282,1,0,0,1,19.150099999933445,nan,-0.8066166520118714
0,DiscNRX,ungated,283,1,0,0,1,20.212200000059966,nan,-0.8066166520118714
0,DiscNRX,ungated,284,1,0,0,1,18.05789999980334,nan,-0.8066166520118714
0,DiscNRX,ungated,285,1,0,0,1,21.284600000399223,nan,-0.8066166520118714
0,DiscNRX,ungated,286,1,0,0,1,19.061299999520998,nan,-0.8066166520118714
0,DiscNRX,ungated,287,1,0,0,1,19.487800000206335,nan,-0.8066166520118714
0,DiscNRX,ungated,288,1,0,0,1,22.31480000045849,nan,-0.8066166520118714
0,DiscNRX,ungated,289,1,0,0,1,22.420899999815447,nan,-0.8066166520118714
0,DiscNRX,ungated,290,1,0,0,1,19.57239999956073,nan,-0.8066166520118714
0,DiscNRX,ungated,291,1,0,0,1,21.26349999980448,nan,-0.8066166520118714
0,DiscNRX,ungated,292,1,0,0,1,17.283099999986007,nan,-0.8066166520118714
0,DiscNRX,ungated,293,1,0,0,1,18.947900000057416,nan,-0.8066166520118714
0,DiscNRX,ungated,294,1,0,0,1,22.48509999935777,nan,-0.8066166520118714
0,DiscNRX,ungated,295,1,0,0,1,22.768099999666447,nan,-0.8066166520118714
0,DiscNRX,ungated,296,1,0,0,1,20.09879999968689,nan,-0.8066166520118714
0,DiscNRX,ungated,297,1,0,0,1,19.08830000047601,nan,-0.8066166520118714
0,DiscNRX,ungated,298,1,0,0,1,20.730700000058278,nan,-0.8066166520118714
0,DiscNRX,ungated,299,1,0,0,1,20.55560000007972,nan,-0.8066166520118714
0,DiscNRX,ungated,300,1,0,0,1,21.861100000023725,nan,-0.8066166520118714
0,DiscNRX,ungated,301,1,0,0,1,20.477199999731965,nan,-0.8066166520118714
0,DiscNRX,ungated,302,1,0,0,1,19.565699999475328,nan,-0.8066166520118714
0,DiscNRX,ungated,303,1,0,0,1,18.22139999967476,nan,-0.8066166520118714
0,DiscNRX,ungated,304,1,0,0,1,21.753300000455056,nan,-0.8066166520118714
0,DiscNRX,ungated,305,1,0,0,1,22.375900000042748,nan,-0.8066166520118714
0,DiscNRX,ungated,306,1,0,0,1,21.006799999668146,nan,-0.8066166520118714
0,DiscNRX,ungated,307,1,0,0,1,19.334699999490113,nan,-0.8066166520118714
0,DiscNRX,ungated,308,1,0,0,1,21.541699999943376,nan,-0.8066166520118714
0,DiscNRX,ungated,309,1,0,0,1,19.02810000046884,nan,-0.8066166520118714
0,DiscNRX,ungated,310,1,0,0,1,20.96140000048763,nan,-0.8066166520118714
0,DiscNRX,ungated,311,1,0,0,1,20.554099999571918,nan,-0.8066166520118714
0,DiscNRX,ungated,312,1,0,0,1,20.412999999280146,nan,-0.8066166520118714
0,DiscNRX,ungated,313,1,0,0,1,21.44250000037573,nan,-0.8066166520118714
0,DiscNRX,ungated,314,1,0,0,1,18.916799999715295,nan,-0.8066166520118714
0,DiscNRX,ungated,315,1,0,0,1,21.651899999596935,nan,-0.8066166520118714
0,DiscNRX,ungated,316,1,0,0,1,21.185699999477947,nan,-0.8066166520118714
0,DiscNRX,ungated,317,1,0,0,1,18.77180000064982,nan,-0.8066166520118714
0,DiscNRX,ungated,318,1,0,0,1,18.831300000783813,nan,-0.8066166520118714
0,DiscNRX,ungated,319,1,0,0,1,19.77219999935187,nan,-0.8066166520118714
0,DiscNRX,ungated,320,1,0,0,1,17.531200000121316,nan,-0.8066166520118714
0,DiscNRX,ungated,321,1,0,0,1,21.547800000007555,nan,-0.8066166520118714
0,DiscNRX,ungated,322,1,0,0,1,19.951500000388478,nan,-0.8066166520118714
0,DiscNRX,ungated,323,1,0,0,1,20.031299999573093,nan,-0.8066166520118714
0,DiscNRX,ungated,324,1,0,0,1,19.253099999332335,nan,-0.8066166520118714
0,DiscNRX,ungated,325,1,0,0,1,21.564800000305695,nan,-0.8066166520118714
0,DiscNRX,ungated,326,1,0,0,1,19.266199999947276,nan,-0.8066166520118714
0,DiscNRX,ungated,327,1,0,0,1,20.07809999940946,nan,-0.8066166520118714
0,DiscNRX,ungated,328,1,0,0,1,20.951599999534665,nan,-0.8066166520118714
0,DiscNRX,ungated,329,1,0,0,1,20.068899999387213,nan,-0.8066166520118714
0,DiscNRX,ungated,330,1,0,0,1,16.918100000111735,nan,-0.8066166520118714
0,DiscNRX,ungated,331,1,0,0,1,18.693699999857927,nan,-0.8066166520118714
0,DiscNRX,ungated,332,1,0,0,1,20.490500000050815,nan,-0.8066166520118714
0,DiscNRX,ungated,333,1,0,0,1,19.695099999808008,nan,-0.8066166520118714
0,DiscNRX,ungated,334,1,0,0,1,20.82590000009077,nan,-0.8066166520118714
0,DiscNRX,ungated,335,1,0,0,1,19.94990000002872,nan,-0.8066166520118714
0,DiscNRX,ungated,336,1,0,0,1,18.14360000025772,nan,-0.8066166520118714
0,DiscNRX,ungated,337,1,0,0,1,22.977200000241282,nan,-0.8066166520118714
0,DiscNRX,ungated,338,1,0,0,1,17.584700000043085,nan,-0.8066166520118714
0,DiscNRX,ungated,339,1,0,0,1,18.174699999690347,nan,-0.8066166520118714
0,DiscNRX,ungated,340,1,0,0,1,22.165899999890826,nan,-0.8066166520118714
0,DiscNRX,ungated,341,1,0,0,1,19.863200000145298,nan,-0.8066166520118714
0,DiscNRX,ungated,342,1,0,0,1,19.6961999999985,nan,-0.8066166520118714
0,DiscNRX,ungated,343,1,0,0,1,21.081599999888567,nan,-0.8066166520118714
0,DiscNRX,ungated,344,1,0,0,1,20.571400000335416,nan,-0.8066166520118714
0,DiscNRX,ungated,345,1,0,0,1,18.786500000715023,nan,-0.8066166520118714
0,DiscNRX,ungated,346,1,0,0,1,20.032999999784806,nan,-0.8066166520118714
0,DiscNRX,ungated,347,1,0,0,1,16.696499999852676,nan,-0.8066166520118714
0,DiscNRX,ungated,348,1,0,0,1,17.881700000543788,nan,-0.8066166520118714
0,DiscNRX,ungated,349,1,0,0,1,19.82919999954902,nan,-0.8066166520118714
0,DiscNRX,ungated,350,1,0,0,1,20.462299999962852,nan,-0.8066166520118714
0,DiscNRX,ungated,351,1,0,0,1,18.1693999993513,nan,-0.8066166520118714
0,DiscNRX,ungated,352,1,0,0,1,17.523599999549333,nan,-0.8066166520118714
0,DiscNRX,ungated,353,1,0,0,1,19.737399999939953,nan,-0.8066166520118714
0,DiscNRX,ungated,354,1,0,0,1,20.450699999855715,nan,-0.8066166520118714
0,DiscNRX,ungated,355,1,0,0,1,18.89469999969151,nan,-0.8066166520118714
0,DiscNRX,ungated,356,1,0,0,1,20.8135000002585,nan,-0.8066166520118714
0,DiscNRX,ungated,357,1,0,0,1,20.234800000253017,nan,-0.8066166520118714
0,DiscNRX,ungated,358,1,0,0,1,18.481899999642337,nan,-0.8066166520118714
0,DiscNRX,ungated,359,1,0,0,1,20.156400000814756,nan,-0.8066166520118714
0,DiscNRX,ungated,360,1,0,0,1,22.2170000006372,nan,-0.8066166520118714
0,DiscNRX,ungated,361,1,0,0,1,20.265699999981734,nan,-0.8066166520118714
0,DiscNRX,ungated,362,1,0,0,1,18.986400000358117,nan,-0.8066166520118714
0,DiscNRX,ungated,363,1,0,0,1,18.749199999547272,nan,-0.8066166520118714
0,DiscNRX,ungated,364,1,0,0,1,21.83690000038041,nan,-0.8066166520118714
0,DiscNRX,ungated,365,1,0,0,1,19.745399999919755,nan,-0.8066166520118714
0,DiscNRX,ungated,366,1,0,0,1,20.842099999754282,nan,-0.8066166520118714
0,DiscNRX,ungated,367,1,0,0,1,21.54900000005,nan,-0.8066166520118714
0,DiscNRX,ungated,368,1,0,0,1,21.054699999695003,nan,-0.8066166520118714
0,DiscNRX,ungated,369,1,0,0,1,22.70829999997659,nan,-0.8066166520118714
0,DiscNRX,ungated,370,1,0,0,1,21.534499999688705,nan,-0.8066166520118714
0,DiscNRX,ungated,371,1,0,0,1,21.714399999837042,nan,-0.8066166520118714
0,DiscNRX,ungated,372,1,0,0,1,22.09359999960725,nan,-0.8066166520118714
0,DiscNRX,ungated,373,1,0,0,1,19.89289999983157,nan,-0.8066166520118714
0,DiscNRX,ungated,374,1,0,0,1,20.990700000766083,nan,-0.8066166520118714
0,DiscNRX,ungated,375,1,0,0,1,19.758099999307888,nan,-0.8066166520118714
0,DiscNRX,ungated,376,1,0,0,1,20.178300000225136,nan,-0.8066166520118714
0,DiscNRX,ungated,377,1,0,0,1,20.24130000063451,nan,-0.8066166520118714
0,DiscNRX,ungated,378,1,0,0,1,20.54870000029041,nan,-0.8066166520118714
0,DiscNRX,ungated,379,1,0,0,1,21.457900000314112,nan,-0.8066166520118714
0,DiscNRX,ungated,380,1,0,0,1,18.995499999618914,nan,-0.8066166520118714
0,DiscNRX,ungated,381,1,0,0,1,21.02389999981824,nan,-0.8066166520118714
0,DiscNRX,ungated,382,1,0,0,1,19.394899999497284,nan,-0.8066166520118714
0,DiscNRX,ungated,383,1,0,0,1,20.132200000261946,nan,-0.8066166520118714
0,DiscNRX,ungated,384,1,0,0,1,20.058399999470566,nan,-0.8066166520118714
0,DiscNRX,ungated,385,1,0,0,1,22.01119999972434,nan,-0.8066166520118714
0,DiscNRX,ungated,386,1,0,0,1,18.716800000220246,nan,-0.8066166520118714
0,DiscNRX,ungated,387,1,0,0,1,22.933799999918847,nan,-0.8066166520118714
0,DiscNRX,ungated,388,1,0,0,1,18.97090000056778,nan,-0.8066166520118714
0,DiscNRX,ungated,389,1,0,0,1,21.42939999976079,nan,-0.8066166520118714
0,DiscNRX,ungated,390,1,0,0,1,21.04330000020127,nan,-0.8066166520118714
0,DiscNRX,ungated,391,1,0,0,1,19.59629999964818,nan,-0.8066166520118714
0,DiscNRX,ungated,392,1,0,0,1,22.4065000002156,nan,-0.8066166520118714
0,DiscNRX,ungated,393,1,0,0,1,20.230000000083237,nan,-0.8066166520118714
0,DiscNRX,ungated,394,1,0,0,1,19.223299999794108,nan,-0.8066166520118714
0,DiscNRX,ungated,395,1,0,0,1,19.893499999852793,nan,-0.8066166520118714
0,DiscNRX,ungated,396,1,0,0,1,19.418099999711558,nan,-0.8066166520118714
0,DiscNRX,ungated,397,1,0,0,1,20.347599999695376,nan,-0.8066166520118714
0,DiscNRX,ungated,398,1,0,0,1,17.630199999985052,nan,-0.8066166520118714
0,DiscNRX,ungated,399,1,0,0,1,20.7220000002053,nan,-0.8066166520118714
0,DiscNRX,ungated,400,1,0,0,1,18.816999999216932,nan,-0.8066166520118714
0,DiscNRX,ungated,401,1,0,0,1,20.914499999889813,nan,-0.8066166520118714
0,DiscNRX,ungated,402,1,0,0,1,18.169799999668612,nan,-0.8066166520118714
0,DiscNRX,ungated,403,1,0,0,1,19.72959999966406,nan,-0.8066166520118714
0,DiscNRX,ungated,404,1,0,0,1,20.723300000099698,nan,-0.8066166520118714
0,DiscNRX,ungated,405,1,0,0,1,19.550199999684992,nan,-0.8066166520118714
0,DiscNRX,ungated,406,1,0,0,1,21.49749999989581,nan,-0.8066166520118714
0,DiscNRX,ungated,407,1,0,0,1,20.631500000490632,nan,-0.8066166520118714
0,DiscNRX,ungated,408,1,0,0,1,20.341800000096555,nan,-0.8066166520118714
0,DiscNRX,ungated,409,1,0,0,1,26.299199999812117,nan,-0.8066166520118714
0,DiscNRX,ungated,410,1,0,0,1,20.680499999798485,nan,-0.8066166520118714
0,DiscNRX,ungated,411,1,0,0,1,18.442399999912595,nan,-0.8066166520118714
0,DiscNRX,ungated,412,1,0,0,1,20.89059999980236,nan,-0.8066166520118714
0,DiscNRX,ungated,413,1,0,0,1,19.655900000543625,nan,-0.8066166520118714
0,DiscNRX,ungated,414,1,0,0,1,19.752000000153203,nan,-0.8066166520118714
0,DiscNRX,ungated,415,1,0,0,1,18.626800000674848,nan,-0.8066166520118714
0,DiscNRX,ungated,416,1,0,0,1,19.36900000055175,nan,-0.8066166520118714
0,DiscNRX,ungated,417,1,0,0,1,19.56069999960164,nan,-0.8066166520118714
0,DiscNRX,ungated,418,1,0,0,1,19.005899999683606,nan,-0.8066166520118714
0,DiscNRX,ungated,419,1,0,0,1,20.02959999936138,nan,-0.8066166520118714
0,DiscNRX,ungated,420,1,0,0,1,19.085599999925762,nan,-0.8066166520118714
0,DiscNRX,ungated,421,1,0,0,1,19.581199999265664,nan,-0.8066166520118714
0,DiscNRX,ungated,422,1,0,0,1,20.44500000010885,nan,-0.8066166520118714
0,DiscNRX,ungated,423,1,0,0,1,17.9165000008652,nan,-0.8066166520118714
0,DiscNRX,ungated,424,1,0,0,1,19.112300000415416,nan,-0.8066166520118714
0,DiscNRX,ungated,425,1,0,0,1,22.73189999959868,nan,-0.8066166520118714
0,DiscNRX,ungated,426,1,0,0,1,20.826199999646633,nan,-0.8066166520118714
0,DiscNRX,ungated,427,1,0,0,1,21.593100000245613,nan,-0.8066166520118714
0,DiscNRX,ungated,428,1,0,0,1,20.691599999736354,nan,-0.8066166520118714
0,DiscNRX,ungated,429,1,0,0,1,22.542100000464416,nan,-0.8066166520118714
0,DiscNRX,ungated,430,1,0,0,1,19.669799999974202,nan,-0.8066166520118714
0,DiscNRX,ungated,431,1,0,0,1,20.479400000112946,nan,-0.8066166520118714
0,DiscNRX,ungated,432,1,0,0,1,18.95330000024842,nan,-0.8066166520118714
0,DiscNRX,ungated,433,1,0,0,1,20.2765999993062,nan,-0.8066166520118714
0,DiscNRX,ungated,434,1,0,0,1,20.733999999720254,nan,-0.8066166520118714
0,DiscNRX,ungated,435,1,0,0,1,21.438100000523264,nan,-0.8066166520118714
0,DiscNRX,ungated,436,1,0,0,1,20.176699999865377,nan,-0.8066166520118714
0,DiscNRX,ungated,437,1,0,0,1,19.852399999763293,nan,-0.8066166520118714
0,DiscNRX,ungated,438,1,0,0,1,23.52589999918564,nan,-0.8066166520118714
0,DiscNRX,ungated,439,1,0,0,1,23.029500000120606,nan,-0.8066166520118714
0,DiscNRX,ungated,440,1,0,0,1,20.054299999173963,nan,-0.8066166520118714
0,DiscNRX,ungated,441,1,0,0,1,20.32469999994646,nan,-0.8066166520118714
0,DiscNRX,ungated,442,1,0,0,1,19.577800000661227,nan,-0.8066166520118714
0,DiscNRX,ungated,443,1,0,0,1,17.44840000083059,nan,-0.8066166520118714
0,DiscNRX,ungated,444,1,0,0,1,19.616300000052433,nan,-0.8066166520118714
0,DiscNRX,ungated,445,1,0,0,1,21.553299999141018,nan,-0.8066166520118714
0,DiscNRX,ungated,446,1,0,0,1,16.310499999235617,nan,-0.8066166520118714
0,DiscNRX,ungated,447,1,0,0,1,18.50560000002588,nan,-0.8066166520118714
0,DiscNRX,ungated,448,1,0,0,1,17.955799999981537,nan,-0.8066166520118714
0,DiscNRX,ungated,449,1,0,0,1,30.43809999962832,nan,-0.8066166520118714
0,DiscNRX,ungated,450,1,0,0,1,20.419899999978952,nan,-0.8066166520118714
0,DiscNRX,ungated,451,1,0,0,1,21.699699999771838,nan,-0.8066166520118714
0,DiscNRX,ungated,452,1,0,0,1,20.589400000062597,nan,-0.8066166520118714
0,DiscNRX,ungated,453,1,0,0,1,20.223800000167103,nan,-0.8066166520118714
0,DiscNRX,ungated,454,1,0,0,1,20.548100000269187,nan,-0.8066166520118714
0,DiscNRX,ungated,455,1,0,0,1,18.962699999974575,nan,-0.8066166520118714
0,DiscNRX,ungated,456,1,0,0,1,20.7737000000634,nan,-0.8066166520118714
0,DiscNRX,ungated,457,1,0,0,1,19.820099999378726,nan,-0.8066166520118714
0,DiscNRX,ungated,458,1,0,0,1,20.885599999928672,nan,-0.8066166520118714
0,DiscNRX,ungated,459,1,0,0,1,21.27109999946697,nan,-0.8066166520118714
0,DiscNRX,ungated,460,1,0,0,1,21.799799999826064,nan,-0.8066166520118714
0,DiscNRX,ungated,461,1,0,0,1,20.75890000014624,nan,-0.8066166520118714
0,DiscNRX,ungated,462,1,0,0,1,20.65119999952003,nan,-0.8066166520118714
0,DiscNRX,ungated,463,1,0,0,1,18.781299999318435,nan,-0.8066166520118714
0,DiscNRX,ungated,464,1,0,0,1,19.31349999995291,nan,-0.8066166520118714
0,DiscNRX,ungated,465,1,0,0,1,21.744399999988673,nan,-0.8066166520118714
0,DiscNRX,ungated,466,1,0,0,1,21.98599999974249,nan,-0.8066166520118714
0,DiscNRX,ungated,467,1,0,0,1,22.355299999617273,nan,-0.8066166520118714
0,DiscNRX,ungated,468,1,0,0,1,20.221300000230258,nan,-0.8066166520118714
0,DiscNRX,ungated,469,1,0,0,1,20.540800000162562,nan,-0.8066166520118714
0,DiscNRX,ungated,470,1,0,0,1,23.578299999826413,nan,-0.8066166520118714
0,DiscNRX,ungated,471,1,0,0,1,19.802400000116904,nan,-0.8066166520118714
0,DiscNRX,ungated,472,1,0,0,1,19.834499999888067,nan,-0.8066166520118714
0,DiscNRX,ungated,473,1,0,0,1,19.834300000184157,nan,-0.8066166520118714
0,DiscNRX,ungated,474,1,0,0,1,20.081300000128977,nan,-0.8066166520118714
0,DiscNRX,ungated,475,1,0,0,1,18.98180000080174,nan,-0.8066166520118714
0,DiscNRX,ungated,476,1,0,0,1,19.935799999984738,nan,-0.8066166520118714
0,DiscNRX,ungated,477,1,0,0,1,20.59110000027431,nan,-0.8066166520118714
0,DiscNRX,ungated,478,1,0,0,1,19.300099999782105,nan,-0.8066166520118714
0,DiscNRX,ungated,479,1,0,0,1,19.744100000025355,nan,-0.8066166520118714
0,DiscNRX,ungated,480,1,0,0,1,20.66319999994448,nan,-0.8066166520118714
0,DiscNRX,ungated,481,1,0,0,1,27.393999999731022,nan,-0.8066166520118714
0,DiscNRX,ungated,482,1,0,0,1,20.648400000027323,nan,-0.8066166520118714
0,DiscNRX,ungated,483,1,0,0,1,21.597900000415393,nan,-0.8066166520118714
0,DiscNRX,ungated,484,1,0,0,1,21.52360000036424,nan,-0.8066166520118714
0,DiscNRX,ungated,485,1,0,0,1,20.15469999969355,nan,-0.8066166520118714
0,DiscNRX,ungated,486,1,0,0,1,20.95610000014858,nan,-0.8066166520118714
0,DiscNRX,ungated,487,1,0,0,1,21.835100000316743,nan,-0.8066166520118714
0,DiscNRX,ungated,488,1,0,0,1,17.927400000189664,nan,-0.8066166520118714
0,DiscNRX,ungated,489,1,0,0,1,19.765200000620098,nan,-0.8066166520118714
0,DiscNRX,ungated,490,1,0,0,1,19.24090000011347,nan,-0.8066166520118714
0,DiscNRX,ungated,491,1,0,0,1,22.513899999466958,nan,-0.8066166520118714
0,DiscNRX,ungated,492,1,0,0,1,19.59069999975327,nan,-0.8066166520118714
0,DiscNRX,ungated,493,1,0,0,1,19.5291999998517,nan,-0.8066166520118714
0,DiscNRX,ungated,494,1,0,0,1,19.47199999995064,nan,-0.8066166520118714
0,DiscNRX,ungated,495,1,0,0,1,19.886099999894213,nan,-0.8066166520118714
0,DiscNRX,ungated,496,1,0,0,1,18.40859999992972,nan,-0.8066166520118714
0,DiscNRX,ungated,497,1,0,0,1,19.627699999546167,nan,-0.8066166520118714
0,DiscNRX,ungated,498,1,0,0,1,21.775799999886658,nan,-0.8066166520118714
0,DiscNRX,ungated,499,1,0,0,1,20.266800000172225,nan,-0.8066166520118714
0,DiscNRX,ungated,500,1,0,0,1,20.404400000188616,nan,-0.8066166520118714
0,DiscNRX,ungated,501,1,0,0,1,20.775099999809754,nan,-0.8066166520118714
0,DiscNRX,ungated,502,1,0,0,1,20.86460000009538,nan,-0.8066166520118714
0,DiscNRX,ungated,503,1,0,0,1,19.743500000004133,nan,-0.8066166520118714
0,DiscNRX,ungated,504,1,0,0,1,19.433000000390166,nan,-0.8066166520118714
0,DiscNRX,ungated,505,1,0,0,1,19.28719999978057,nan,-0.8066166520118714
0,DiscNRX,ungated,506,1,0,0,1,19.609500000115077,nan,-0.8066166520118714
0,DiscNRX,ungated,507,1,0,0,1,19.79239999946003,nan,-0.8066166520118714
0,DiscNRX,ungated,508,1,0,0,1,19.289799999569368,nan,-0.8066166520118714
0,DiscNRX,ungated,509,1,0,0,1,18.081399999573478,nan,-0.8066166520118714
0,DiscNRX,ungated,510,1,0,0,1,21.50880000044708,nan,-0.8066166520118714
0,DiscNRX,ungated,511,1,0,0,1,19.299300000056974,nan,-0.8066166520118714
0,DiscNRX,ungated,512,1,0,0,1,20.120399999541405,nan,-0.8066166520118714
0,DiscNRX,ungated,513,1,0,0,1,20.29339999990043,nan,-0.8066166520118714
0,DiscNRX,ungated,514,1,0,0,1,19.76250000006985,nan,-0.8066166520118714
0,DiscNRX,ungated,515,1,0,0,1,17.429100000299513,nan,-0.8066166520118714
0,DiscNRX,ungated,516,1,0,0,1,19.645099999252125,nan,-0.8066166520118714
0,DiscNRX,ungated,517,1,0,0,1,19.86750000014581,nan,-0.8066166520118714
0,DiscNRX,ungated,518,1,0,0,1,22.381900000254973,nan,-0.8066166520118714
0,DiscNRX,ungated,519,1,0,0,1,19.85030000014376,nan,-0.8066166520118714
0,DiscNRX,ungated,520,1,0,0,1,19.777200000135053,nan,-0.8066166520118714
0,DiscNRX,ungated,521,1,0,0,1,19.352100000105565,nan,-0.8066166520118714
0,DiscNRX,ungated,522,1,0,0,1,20.521399999779533,nan,-0.8066166520118714
0,DiscNRX,ungated,523,1,0,0,1,20.934699999997974,nan,-0.8066166520118714
0,DiscNRX,ungated,524,1,0,0,1,20.52209999965271,nan,-0.8066166520118714
0,DiscNRX,ungated,525,1,0,0,1,18.461899999238085,nan,-0.8066166520118714
0,DiscNRX,ungated,526,1,0,0,1,17.80010000038601,nan,-0.8066166520118714
0,DiscNRX,ungated,527,1,0,0,1,19.458099999610567,nan,-0.8066166520118714
0,DiscNRX,ungated,528,1,0,0,1,18.934200000330748,nan,-0.8066166520118714
0,DiscNRX,ungated,529,1,0,0,1,20.020400000248628,nan,-0.8066166520118714
0,DiscNRX,ungated,530,1,0,0,1,22.238800000195624,nan,-0.8066166520118714
0,DiscNRX,ungated,531,1,0,0,1,18.804500000442204,nan,-0.8066166520118714
0,DiscNRX,ungated,532,1,0,0,1,20.802800000637944,nan,-0.8066166520118714
0,DiscNRX,ungated,533,1,0,0,1,21.185999999943306,nan,-0.8066166520118714
0,DiscNRX,ungated,534,1,0,0,1,21.483900000021094,nan,-0.8066166520118714
0,DiscNRX,ungated,535,1,0,0,1,18.30789999985427,nan,-0.8066166520118714
0,DiscNRX,ungated,536,1,0,0,1,18.796499999552907,nan,-0.8066166520118714
0,DiscNRX,ungated,537,1,0,0,1,21.241100000224833,nan,-0.8066166520118714
0,DiscNRX,ungated,538,1,0,0,1,19.61510000000999,nan,-0.8066166520118714
0,DiscNRX,ungated,539,1,0,0,1,20.604000000275846,nan,-0.8066166520118714
0,DiscNRX,ungated,540,1,0,0,1,17.54330000039772,nan,-0.8066166520118714
0,DiscNRX,ungated,541,1,0,0,1,20.50469999994675,nan,-0.8066166520118714
0,DiscNRX,ungated,542,1,0,0,1,18.996599999809405,nan,-0.8066166520118714
0,DiscNRX,ungated,543,1,0,0,1,20.81810000072437,nan,-0.8066166520118714
0,DiscNRX,ungated,544,1,0,0,1,23.82679999936954,nan,-0.8066166520118714
0,DiscNRX,ungated,545,1,0,0,1,23.028900000099384,nan,-0.8066166520118714
0,DiscNRX,ungated,546,1,0,0,1,19.43409999967116,nan,-0.8066166520118714
0,DiscNRX,ungated,547,1,0,0,1,20.47469999979512,nan,-0.8066166520118714
0,DiscNRX,ungated,548,1,0,0,1,22.46090000062395,nan,-0.8066166520118714
0,DiscNRX,ungated,549,1,0,0,1,21.153299999241426,nan,-0.8066166520118714
0,DiscNRX,ungated,550,1,0,0,1,21.444099999825994,nan,-0.8066166520118714
0,DiscNRX,ungated,551,1,0,0,1,20.798800000193296,nan,-0.8066166520118714
0,DiscNRX,ungated,552,1,0,0,1,23.289800000384275,nan,-0.8066166520118714
0,DiscNRX,ungated,553,1,0,0,1,22.220999999262858,nan,-0.8066166520118714
0,DiscNRX,ungated,554,1,0,0,1,25.10840000013559,nan,-0.8066166520118714
0,DiscNRX,ungated,555,1,0,0,1,20.736899999974412,nan,-0.8066166520118714
0,DiscNRX,ungated,556,1,0,0,1,18.78000000033353,nan,-0.8066166520118714
0,DiscNRX,ungated,557,1,0,0,1,20.896999999422405,nan,-0.8066166520118714
0,DiscNRX,ungated,558,1,0,0,1,18.385899999884714,nan,-0.8066166520118714
0,DiscNRX,ungated,559,1,0,0,1,20.02639999955136,nan,-0.8066166520118714
0,DiscNRX,ungated,560,1,0,0,1,18.955300000015995,nan,-0.8066166520118714
0,DiscNRX,ungated,561,1,0,0,1,21.02370000011433,nan,-0.8066166520118714
0,DiscNRX,ungated,562,1,0,0,1,18.613400000504043,nan,-0.8066166520118714
0,DiscNRX,ungated,563,1,0,0,1,21.54750000045169,nan,-0.8066166520118714
0,DiscNRX,ungated,564,1,0,0,1,20.835600000282284,nan,-0.8066166520118714
0,DiscNRX,ungated,565,1,0,0,1,20.146699999713746,nan,-0.8066166520118714
0,DiscNRX,ungated,566,1,0,0,1,21.17199999975128,nan,-0.8066166520118714
0,DiscNRX,ungated,567,1,0,0,1,19.441100000221923,nan,-0.8066166520118714
0,DiscNRX,ungated,568,1,0,0,1,19.672000000355183,nan,-0.8066166520118714
0,DiscNRX,ungated,569,1,0,0,1,19.546399999853747,nan,-0.8066166520118714
0,DiscNRX,ungated,570,1,0,0,1,21.0666000002675,nan,-0.8066166520118714
0,DiscNRX,ungated,571,1,0,0,1,21.54679999966902,nan,-0.8066166520118714
0,DiscNRX,ungated,572,1,0,0,1,20.482900000388327,nan,-0.8066166520118714
0,DiscNRX,ungated,573,1,0,0,1,20.587300000443065,nan,-0.8066166520118714
0,DiscNRX,ungated,574,1,0,0,1,22.99270000003162,nan,-0.8066166520118714
0,DiscNRX,ungated,575,1,0,0,1,20.735299999614654,nan,-0.8066166520118714
0,DiscNRX,ungated,576,1,0,0,1,19.18050000040239,nan,-0.8066166520118714
0,DiscNRX,ungated,577,1,0,0,1,20.254999999451684,nan,-0.8066166520118714
0,DiscNRX,ungated,578,1,0,0,1,18.461099999512953,nan,-0.8066166520118714
0,DiscNRX,ungated,579,1,0,0,1,20.77030000054947,nan,-0.8066166520118714
0,DiscNRX,ungated,580,1,0,0,1,21.345099999962258,nan,-0.8066166520118714
0,DiscNRX,ungated,581,1,0,0,1,17.881900000247697,nan,-0.8066166520118714
0,DiscNRX,ungated,582,1,0,0,1,19.70900000014808,nan,-0.8066166520118714
0,DiscNRX,ungated,583,1,0,0,1,20.897899999908987,nan,-0.8066166520118714
0,DiscNRX,ungated,584,1,0,0,1,23.241699999744014,nan,-0.8066166520118714
0,DiscNRX,ungated,585,1,0,0,1,23.73399999942194,nan,-0.8066166520118714
0,DiscNRX,ungated,586,1,0,0,1,28.51600000030885,nan,-0.8066166520118714
0,DiscNRX,ungated,587,1,0,0,1,22.595400000682275,nan,-0.8066166520118714
0,DiscNRX,ungated,588,1,0,0,1,20.08919999934733,nan,-0.8066166520118714
0,DiscNRX,ungated,589,1,0,0,1,22.664999999506108,nan,-0.8066166520118714
0,DiscNRX,ungated,590,1,0,0,1,22.614900000007765,nan,-0.8066166520118714
0,DiscNRX,ungated,591,1,0,0,1,20.542100000056962,nan,-0.8066166520118714
0,DiscNRX,ungated,592,1,0,0,1,20.905999999740743,nan,-0.8066166520118714
0,DiscNRX,ungated,593,1,0,0,1,19.941999999900872,nan,-0.8066166520118714
0,DiscNRX,ungated,594,1,0,0,1,20.676799999819195,nan,-0.8066166520118714
0,DiscNRX,ungated,595,1,0,0,1,22.785799999837764,nan,-0.8066166520118714
0,DiscNRX,ungated,596,1,0,0,1,18.416000000797794,nan,-0.8066166520118714
0,DiscNRX,ungated,597,1,0,0,1,16.840100000081293,nan,-0.8066166520118714
0,DiscNRX,ungated,598,1,0,0,1,38.8492000001861,nan,-0.8066166520118714
0,DiscNRX,ungated,599,1,0,0,1,47.74199999974371,nan,-0.8066166520118714
0,DiscNRX,ungated,600,1,0,0,1,21.892000000661938,nan,-0.8066166520118714
0,DiscNRX,ungated,601,1,0,0,1,20.15060000030644,nan,-0.8066166520118714
0,DiscNRX,ungated,602,1,0,0,1,19.148499999573687,nan,-0.8066166520118714
0,DiscNRX,ungated,603,1,0,0,1,20.352399999865156,nan,-0.8066166520118714
0,DiscNRX,ungated,604,1,0,0,1,21.779899999273766,nan,-0.8066166520118714
0,DiscNRX,ungated,605,1,0,0,1,19.165600000633276,nan,-0.8066166520118714
0,DiscNRX,ungated,606,1,0,0,1,20.025599999826227,nan,-0.8066166520118714
0,DiscNRX,ungated,607,1,0,0,1,18.062299999655806,nan,-0.8066166520118714
0,DiscNRX,ungated,608,1,0,0,1,19.945699999880162,nan,-0.8066166520118714
0,DiscNRX,ungated,609,1,0,0,1,21.040200000243203,nan,-0.8066166520118714
0,DiscNRX,ungated,610,1,0,0,1,21.144700000149896,nan,-0.8066166520118714
0,DiscNRX,ungated,611,1,0,0,1,20.33930000015971,nan,-0.8066166520118714
0,DiscNRX,ungated,612,1,0,0,1,18.948099999761325,nan,-0.8066166520118714
0,DiscNRX,ungated,613,1,0,0,1,19.92670000072394,nan,-0.8066166520118714
0,DiscNRX,ungated,614,1,0,0,1,20.30460000059975,nan,-0.8066166520118714
0,DiscNRX,ungated,615,1,0,0,1,21.728799999436887,nan,-0.8066166520118714
0,DiscNRX,ungated,616,1,0,0,1,19.757400000344205,nan,-0.8066166520118714
0,DiscNRX,ungated,617,1,0,0,1,18.708499999775086,nan,-0.8066166520118714
0,DiscNRX,ungated,618,1,0,0,1,20.91420000033395,nan,-0.8066166520118714
0,DiscNRX,ungated,619,1,0,0,1,19.446000000243657,nan,-0.8066166520118714
0,DiscNRX,ungated,620,1,0,0,1,18.875800000387244,nan,-0.8066166520118714
0,DiscNRX,ungated,621,1,0,0,1,20.883900000626454,nan,-0.8066166520118714
0,DiscNRX,ungated,622,1,0,0,1,20.015500000226893,nan,-0.8066166520118714
0,DiscNRX,ungated,623,1,0,0,1,22.556900000381575,nan,-0.8066166520118714
0,DiscNRX,ungated,624,1,0,0,1,21.337800000765128,nan,-0.8066166520118714
0,DiscNRX,ungated,625,1,0,0,1,20.07450000019162,nan,-0.8066166520118714
0,DiscNRX,ungated,626,1,0,0,1,18.762900000183436,nan,-0.8066166520118714
0,DiscNRX,ungated,627,1,0,0,1,19.833500000459026,nan,-0.8066166520118714
0,DiscNRX,ungated,628,1,0,0,1,19.283399999949324,nan,-0.8066166520118714
0,DiscNRX,ungated,629,1,0,0,1,19.728700000086974,nan,-0.8066166520118714
0,DiscNRX,ungated,630,1,0,0,1,18.605100000058883,nan,-0.8066166520118714
0,DiscNRX,ungated,631,1,0,0,1,18.32139999987703,nan,-0.8066166520118714
0,DiscNRX,ungated,632,1,0,0,1,18.396800000118674,nan,-0.8066166520118714
0,DiscNRX,ungated,633,1,0,0,1,21.587299999737297,nan,-0.8066166520118714
0,DiscNRX,ungated,634,1,0,0,1,20.347900000160735,nan,-0.8066166520118714
0,DiscNRX,ungated,635,1,0,0,1,22.169200000462297,nan,-0.8066166520118714
0,DiscNRX,ungated,636,1,0,0,1,18.83280000038212,nan,-0.8066166520118714
0,DiscNRX,ungated,637,1,0,0,1,21.678500000234635,nan,-0.8066166520118714
0,DiscNRX,ungated,638,1,0,0,1,19.933199999286444,nan,-0.8066166520118714
0,DiscNRX,ungated,639,1,0,0,1,19.859799999721872,nan,-0.8066166520118714
0,DiscNRX,ungated,640,1,0,0,1,19.448500000180502,nan,-0.8066166520118714
0,DiscNRX,ungated,641,1,0,0,1,18.942700000479817,nan,-0.8066166520118714
0,DiscNRX,ungated,642,1,0,0,1,20.319199999903503,nan,-0.8066166520118714
0,DiscNRX,ungated,643,1,0,0,1,21.034500000496337,nan,-0.8066166520118714
0,DiscNRX,ungated,644,1,0,0,1,21.594399999230518,nan,-0.8066166520118714
0,DiscNRX,ungated,645,1,0,0,1,28.313900000284775,nan,-0.8066166520118714
0,DiscNRX,ungated,646,1,0,0,1,21.999200000209385,nan,-0.8066166520118714
0,DiscNRX,ungated,647,1,0,0,1,20.47000000038679,nan,-0.8066166520118714
0,DiscNRX,ungated,648,1,0,0,1,19.092600000476523,nan,-0.8066166520118714
0,DiscNRX,ungated,649,1,0,0,1,18.245000000206346,nan,-0.8066166520118714
0,DiscNRX,ungated,650,1,0,0,1,19.53159999993659,nan,-0.8066166520118714
0,DiscNRX,ungated,651,1,0,0,1,18.728299999565934,nan,-0.8066166520118714
0,DiscNRX,ungated,652,1,0,0,1,18.70729999973264,nan,-0.8066166520118714
0,DiscNRX,ungated,653,1,0,0,1,19.605799999226292,nan,-0.8066166520118714
0,DiscNRX,ungated,654,1,0,0,1,18.487000000277476,nan,-0.8066166520118714
0,DiscNRX,ungated,655,1,0,0,1,29.974200000651763,nan,-0.8066166520118714
0,DiscNRX,ungated,656,1,0,0,1,15.611099999659928,nan,-0.8066166520118714
0,DiscNRX,ungated,657,1,0,0,1,19.857299999785027,nan,-0.8066166520118714
0,DiscNRX,ungated,658,1,0,0,1,25.08840000064083,nan,-0.8066166520118714
0,DiscNRX,ungated,659,1,0,0,1,20.4926999995223,nan,-0.8066166520118714
0,DiscNRX,ungated,660,1,0,0,1,17.726699999911943,nan,-0.8066166520118714
0,DiscNRX,ungated,661,1,0,0,1,18.53170000049431,nan,-0.8066166520118714
0,DiscNRX,ungated,662,1,0,0,1,21.011599999837927,nan,-0.8066166520118714
0,DiscNRX,ungated,663,1,0,0,1,20.11820000006992,nan,-0.8066166520118714
0,DiscNRX,ungated,664,1,0,0,1,20.06729999993695,nan,-0.8066166520118714
0,DiscNRX,ungated,665,1,0,0,1,19.343400000252586,nan,-0.8066166520118714
0,DiscNRX,ungated,666,1,0,0,1,20.05289999942761,nan,-0.8066166520118714
0,DiscNRX,ungated,667,1,0,0,1,17.37779999984923,nan,-0.8066166520118714
0,DiscNRX,ungated,668,1,0,0,1,21.47679999961838,nan,-0.8066166520118714
0,DiscNRX,ungated,669,1,0,0,1,19.082699999671604,nan,-0.8066166520118714
0,DiscNRX,ungated,670,1,0,0,1,19.42440000038914,nan,-0.8066166520118714
0,DiscNRX,ungated,671,1,0,0,1,19.540399999641522,nan,-0.8066166520118714
0,DiscNRX,ungated,672,1,0,0,1,18.235900000036054,nan,-0.8066166520118714
0,DiscNRX,ungated,673,1,0,0,1,21.584700000857993,nan,-0.8066166520118714
0,DiscNRX,ungated,674,1,0,0,1,21.300399999745423,nan,-0.8066166520118714
0,DiscNRX,ungated,675,1,0,0,1,19.16350000010425,nan,-0.8066166520118714
0,DiscNRX,ungated,676,1,0,0,1,21.074100000078033,nan,-0.8066166520118714
0,DiscNRX,ungated,677,1,0,0,1,22.697899999911897,nan,-0.8066166520118714
0,DiscNRX,ungated,678,1,0,0,1,17.389499999808322,nan,-0.8066166520118714
0,DiscNRX,ungated,679,1,0,0,1,22.542100000464416,nan,-0.8066166520118714
0,DiscNRX,ungated,680,1,0,0,1,21.02629999990313,nan,-0.8066166520118714
0,DiscNRX,ungated,681,1,0,0,1,21.54179999979533,nan,-0.8066166520118714
0,DiscNRX,ungated,682,1,0,0,1,23.041700000248966,nan,-0.8066166520118714
0,DiscNRX,ungated,683,1,0,0,1,20.090500000151224,nan,-0.8066166520118714
0,DiscNRX,ungated,684,1,0,0,1,23.03829999982554,nan,-0.8066166520118714
0,DiscNRX,ungated,685,1,0,0,1,19.775199999457982,nan,-0.8066166520118714
0,DiscNRX,ungated,686,1,0,0,1,20.17040000009729,nan,-0.8066166520118714
0,DiscNRX,ungated,687,1,0,0,1,20.939699999871664,nan,-0.8066166520118714
0,DiscNRX,ungated,688,1,0,0,1,20.24470000014844,nan,-0.8066166520118714
0,DiscNRX,ungated,689,1,0,0,1,21.67509999981121,nan,-0.8066166520118714
0,DiscNRX,ungated,690,1,0,0,1,20.7817000000432,nan,-0.8066166520118714
0,DiscNRX,ungated,691,1,0,0,1,21.896600000218314,nan,-0.8066166520118714
0,DiscNRX,ungated,692,1,0,0,1,21.55380000021978,nan,-0.8066166520118714
0,DiscNRX,ungated,693,1,0,0,1,18.95150000018475,nan,-0.8066166520118714
0,DiscNRX,ungated,694,1,0,0,1,18.847100000130013,nan,-0.8066166520118714
0,DiscNRX,ungated,695,1,0,0,1,24.185799999941082,nan,-0.8066166520118714
0,DiscNRX,ungated,696,1,0,0,1,29.590999999527412,nan,-0.8066166520118714
0,DiscNRX,ungated,697,1,0,0,1,24.270099999739614,nan,-0.8066166520118714
0,DiscNRX,ungated,698,1,0,0,1,27.292200000374578,nan,-0.8066166520118714
0,DiscNRX,ungated,699,1,0,0,1,19.945699999880162,nan,-0.8066166520118714
0,DiscNRX,ungated,700,1,0,0,1,20.160000000032596,nan,-0.8066166520118714
0,DiscNRX,ungated,701,1,0,0,1,21.46880000054807,nan,-0.8066166520118714
0,DiscNRX,ungated,702,1,0,0,1,19.36929999919812,nan,-0.8066166520118714
0,DiscNRX,ungated,703,1,0,0,1,21.071000000119966,nan,-0.8066166520118714
0,DiscNRX,ungated,704,1,0,0,1,21.18109999992157,nan,-0.8066166520118714
0,DiscNRX,ungated,705,1,0,0,1,21.024499999839463,nan,-0.8066166520118714
0,DiscNRX,ungated,706,1,0,0,1,20.83420000053593,nan,-0.8066166520118714
0,DiscNRX,ungated,707,1,0,0,1,18.885999999838532,nan,-0.8066166520118714
0,DiscNRX,ungated,708,1,0,0,1,18.318599999474827,nan,-0.8066166520118714
0,DiscNRX,ungated,709,1,0,0,1,20.058099999914702,nan,-0.8066166520118714
0,DiscNRX,ungated,710,1,0,0,1,23.048000000017055,nan,-0.8066166520118714
0,DiscNRX,ungated,711,1,0,0,1,20.45260000068083,nan,-0.8066166520118714
0,DiscNRX,ungated,712,1,0,0,1,21.789000000353553,nan,-0.8066166520118714
0,DiscNRX,ungated,713,1,0,0,1,23.59729999989213,nan,-0.8066166520118714
0,DiscNRX,ungated,714,1,0,0,1,23.350899999968533,nan,-0.8066166520118714
0,DiscNRX,ungated,715,1,0,0,1,19.412100000408827,nan,-0.8066166520118714
0,DiscNRX,ungated,716,1,0,0,1,21.34680000017397,nan,-0.8066166520118714
0,DiscNRX,ungated,717,1,0,0,1,20.177999999759777,nan,-0.8066166520118714
0,DiscNRX,ungated,718,1,0,0,1,22.191600000041944,nan,-0.8066166520118714
0,DiscNRX,ungated,719,1,0,0,1,19.72470000055182,nan,-0.8066166520118714
0,DiscNRX,ungated,720,1,0,0,1,20.81039999939094,nan,-0.8066166520118714
0,DiscNRX,ungated,721,1,0,0,1,22.78519999981654,nan,-0.8066166520118714
0,DiscNRX,ungated,722,1,0,0,1,26.09130000018922,nan,-0.8066166520118714
0,DiscNRX,ungated,723,1,0,0,1,24.063699999715027,nan,-0.8066166520118714
0,DiscNRX,ungated,724,1,0,0,1,19.300000000839646,nan,-0.8066166520118714
0,DiscNRX,ungated,725,1,0,0,1,23.184399999991,nan,-0.8066166520118714
0,DiscNRX,ungated,726,1,0,0,1,25.819599999522325,nan,-0.8066166520118714
0,DiscNRX,ungated,727,1,0,0,1,19.084599999587226,nan,-0.8066166520118714
0,DiscNRX,ungated,728,1,0,0,1,20.936300000357733,nan,-0.8066166520118714
0,DiscNRX,ungated,729,1,0,0,1,22.179800000230898,nan,-0.8066166520118714
0,DiscNRX,ungated,730,1,0,0,1,24.288399999932153,nan,-0.8066166520118714
0,DiscNRX,ungated,731,1,0,0,1,21.501299999727053,nan,-0.8066166520118714
0,DiscNRX,ungated,732,1,0,0,1,23.261599999386817,nan,-0.8066166520118714
0,DiscNRX,ungated,733,1,0,0,1,22.434599999542115,nan,-0.8066166520118714
0,DiscNRX,ungated,734,1,0,0,1,24.299300000166113,nan,-0.8066166520118714
0,DiscNRX,ungated,735,1,0,0,1,27.208499999687774,nan,-0.8066166520118714
0,DiscNRX,ungated,736,1,0,0,1,23.22970000022906,nan,-0.8066166520118714
0,DiscNRX,ungated,737,1,0,0,1,22.16520000001765,nan,-0.8066166520118714
0,DiscNRX,ungated,738,1,0,0,1,20.79020000019227,nan,-0.8066166520118714
0,DiscNRX,ungated,739,1,0,0,1,22.31209999990824,nan,-0.8066166520118714
0,DiscNRX,ungated,740,1,0,0,1,21.012700000028417,nan,-0.8066166520118714
0,DiscNRX,ungated,741,1,0,0,1,21.671999999853142,nan,-0.8066166520118714
0,DiscNRX,ungated,742,1,0,0,1,22.075800000493473,nan,-0.8066166520118714
0,DiscNRX,ungated,743,1,0,0,1,23.873799999819312,nan,-0.8066166520118714
0,DiscNRX,ungated,744,1,0,0,1,42.15530000055878,nan,-0.8066166520118714
0,DiscNRX,ungated,745,1,0,0,1,22.442100000262144,nan,-0.8066166520118714
0,DiscNRX,ungated,746,1,0,0,1,20.492100000410574,nan,-0.8066166520118714
0,DiscNRX,ungated,747,1,0,0,1,21.425100000669772,nan,-0.8066166520118714
0,DiscNRX,ungated,748,1,0,0,1,19.210200000088662,nan,-0.8066166520118714
0,DiscNRX,ungated,749,1,0,0,1,20.55350000046019,nan,-0.8066166520118714
0,DiscNRX,ungated,750,1,0,0,1,23.32650000062131,nan,-0.8066166520118714
0,DiscNRX,ungated,751,1,0,0,1,20.403699999405944,nan,-0.8066166520118714
0,DiscNRX,ungated,752,1,0,0,1,19.122899999274523,nan,-0.8066166520118714
0,DiscNRX,ungated,753,1,0,0,1,27.20789999966655,nan,-0.8066166520118714
0,DiscNRX,ungated,754,1,0,0,1,21.62159999988944,nan,-0.8066166520118714
0,DiscNRX,ungated,755,1,0,0,1,24.53579999928479,nan,-0.8066166520118714
0,DiscNRX,ungated,756,1,0,0,1,23.07939999991504,nan,-0.8066166520118714
0,DiscNRX,ungated,757,1,0,0,1,22.098299999925075,nan,-0.8066166520118714
0,DiscNRX,ungated,758,1,0,0,1,20.380199999635806,nan,-0.8066166520118714
0,DiscNRX,ungated,759,1,0,0,1,20.93700000023091,nan,-0.8066166520118714
0,DiscNRX,ungated,760,1,0,0,1,20.535699999527424,nan,-0.8066166520118714
0,DiscNRX,ungated,761,1,0,0,1,18.331499999476364,nan,-0.8066166520118714
0,DiscNRX,ungated,762,1,0,0,1,19.7067999997671,nan,-0.8066166520118714
0,DiscNRX,ungated,763,1,0,0,1,21.149800000785035,nan,-0.8066166520118714
0,DiscNRX,ungated,764,1,0,0,1,23.24849999968137,nan,-0.8066166520118714
0,DiscNRX,ungated,765,1,0,0,1,22.602699999879405,nan,-0.8066166520118714
0,DiscNRX,ungated,766,1,0,0,1,20.169399999758753,nan,-0.8066166520118714
0,DiscNRX,ungated,767,1,0,0,1,22.88330000010319,nan,-0.8066166520118714
0,DiscNRX,ungated,768,1,0,0,1,22.51799999976356,nan,-0.8066166520118714
0,DiscNRX,ungated,769,1,0,0,1,22.364099999322207,nan,-0.8066166520118714
0,DiscNRX,ungated,770,1,0,0,1,21.017699999902106,nan,-0.8066166520118714
0,DiscNRX,ungated,771,1,0,0,1,21.794900000713824,nan,-0.8066166520118714
0,DiscNRX,ungated,772,1,0,0,1,22.83129999977973,nan,-0.8066166520118714
0,DiscNRX,ungated,773,1,0,0,1,24.136999999427644,nan,-0.8066166520118714
0,DiscNRX,ungated,774,1,0,0,1,24.161399999684363,nan,-0.8066166520118714
0,DiscNRX,ungated,775,1,0,0,1,22.8873999994903,nan,-0.8066166520118714
0,DiscNRX,ungated,776,1,0,0,1,21.38310000009369,nan,-0.8066166520118714
0,DiscNRX,ungated,777,1,0,0,1,22.442700000283367,nan,-0.8066166520118714
0,DiscNRX,ungated,778,1,0,0,1,19.956699999966077,nan,-0.8066166520118714
0,DiscNRX,ungated,779,1,0,0,1,25.241900000764872,nan,-0.8066166520118714
0,DiscNRX,ungated,780,1,0,0,1,21.960699999908684,nan,-0.8066166520118714
0,DiscNRX,ungated,781,1,0,0,1,21.346700000322016,nan,-0.8066166520118714
0,DiscNRX,ungated,782,1,0,0,1,33.663500000329805,nan,-0.8066166520118714
0,DiscNRX,ungated,783,1,0,0,1,21.784300000035728,nan,-0.8066166520118714
0,DiscNRX,ungated,784,1,0,0,1,19.784799999797542,nan,-0.8066166520118714
0,DiscNRX,ungated,785,1,0,0,1,19.48069999980362,nan,-0.8066166520118714
0,DiscNRX,ungated,786,1,0,0,1,21.384300000136136,nan,-0.8066166520118714
0,DiscNRX,ungated,787,1,0,0,1,25.626000000556814,nan,-0.8066166520118714
0,DiscNRX,ungated,788,1,0,0,1,26.304800000616524,nan,-0.8066166520118714
0,DiscNRX,ungated,789,1,0,0,1,23.34820000032778,nan,-0.8066166520118714
0,DiscNRX,ungated,790,1,0,0,1,34.601000000293425,nan,-0.8066166520118714
0,DiscNRX,ungated,791,1,0,0,1,20.696699999462,nan,-0.8066166520118714
0,DiscNRX,ungated,792,1,0,0,1,23.489999999583233,nan,-0.8066166520118714
0,DiscNRX,ungated,793,1,0,0,1,21.54450000034558,nan,-0.8066166520118714
0,DiscNRX,ungated,794,1,0,0,1,21.005299999160343,nan,-0.8066166520118714
0,DiscNRX,ungated,795,1,0,0,1,23.429500000020198,nan,-0.8066166520118714
0,DiscNRX,ungated,796,1,0,0,1,27.245100000072853,nan,-0.8066166520118714
0,DiscNRX,ungated,797,1,0,0,1,22.77730000059819,nan,-0.8066166520118714
0,DiscNRX,ungated,798,1,0,0,1,21.710199999688484,nan,-0.8066166520118714
0,DiscNRX,ungated,799,1,0,0,1,22.665999999844644,nan,-0.8066166520118714
0,DiscNRX,ungated,800,1,0,0,1,21.018600000388687,nan,-0.8066166520118714
0,DiscNRX,ungated,801,1,0,0,1,21.55170000060025,nan,-0.8066166520118714
0,DiscNRX,ungated,802,1,0,0,1,18.37249999971391,nan,-0.8066166520118714
0,DiscNRX,ungated,803,1,0,0,1,21.71130000078847,nan,-0.8066166520118714
0,DiscNRX,ungated,804,1,0,0,1,19.983000000138418,nan,-0.8066166520118714
0,DiscNRX,ungated,805,1,0,0,1,21.33140000023559,nan,-0.8066166520118714
0,DiscNRX,ungated,806,1,0,0,1,21.304099999724713,nan,-0.8066166520118714
0,DiscNRX,ungated,807,1,0,0,1,19.69290000033652,nan,-0.8066166520118714
0,DiscNRX,ungated,808,1,0,0,1,19.470000000183063,nan,-0.8066166520118714
0,DiscNRX,ungated,809,1,0,0,1,20.21240000067337,nan,-0.8066166520118714
0,DiscNRX,ungated,810,1,0,0,1,18.09679999951186,nan,-0.8066166520118714
0,DiscNRX,ungated,811,1,0,0,1,22.01630000035948,nan,-0.8066166520118714
0,DiscNRX,ungated,812,1,0,0,1,21.232400000371854,nan,-0.8066166520118714
0,DiscNRX,ungated,813,1,0,0,1,19.975900000645197,nan,-0.8066166520118714
0,DiscNRX,ungated,814,1,0,0,1,17.583599999852595,nan,-0.8066166520118714
0,DiscNRX,ungated,815,1,0,0,1,20.75440000044182,nan,-0.8066166520118714
0,DiscNRX,ungated,816,1,0,0,1,21.075200000268524,nan,-0.8066166520118714
0,DiscNRX,ungated,817,1,0,0,1,20.980999999665073,nan,-0.8066166520118714
0,DiscNRX,ungated,818,1,0,0,1,18.765199999506876,nan,-0.8066166520118714
0,DiscNRX,ungated,819,1,0,0,1,21.251300000585616,nan,-0.8066166520118714
0,DiscNRX,ungated,820,1,0,0,1,17.95120000042516,nan,-0.8066166520118714
0,DiscNRX,ungated,821,1,0,0,1,20.74540000012348,nan,-0.8066166520118714
0,DiscNRX,ungated,822,1,0,0,1,20.6118999994942,nan,-0.8066166520118714
0,DiscNRX,ungated,823,1,0,0,1,19.15889999963838,nan,-0.8066166520118714
0,DiscNRX,ungated,824,1,0,0,1,19.617899999502697,nan,-0.8066166520118714
0,DiscNRX,ungated,825,1,0,0,1,20.509799999672396,nan,-0.8066166520118714
0,DiscNRX,ungated,826,1,0,0,1,24.728700000196113,nan,-0.8066166520118714
0,DiscNRX,ungated,827,1,0,0,1,20.14839999992546,nan,-0.8066166520118714
0,DiscNRX,ungated,828,1,0,0,1,18.76079999965441,nan,-0.8066166520118714
0,DiscNRX,ungated,829,1,0,0,1,18.55410000007396,nan,-0.8066166520118714
0,DiscNRX,ungated,830,1,0,0,1,20.667199999479635,nan,-0.8066166520118714
0,DiscNRX,ungated,831,1,0,0,1,17.79739999983576,nan,-0.8066166520118714
0,DiscNRX,ungated,832,1,0,0,1,23.407099999531056,nan,-0.8066166520118714
0,DiscNRX,ungated,833,1,0,0,1,19.538900000043213,nan,-0.8066166520118714
0,DiscNRX,ungated,834,1,0,0,1,19.296599999506725,nan,-0.8066166520118714
0,DiscNRX,ungated,835,1,0,0,1,18.62059999984922,nan,-0.8066166520118714
0,DiscNRX,ungated,836,1,0,0,1,19.49970000077883,nan,-0.8066166520118714
0,DiscNRX,ungated,837,1,0,0,1,18.567600000096718,nan,-0.8066166520118714
0,DiscNRX,ungated,838,1,0,0,1,21.707900000365044,nan,-0.8066166520118714
0,DiscNRX,ungated,839,1,0,0,1,20.55819999986852,nan,-0.8066166520118714
0,DiscNRX,ungated,840,1,0,0,1,20.933599999807484,nan,-0.8066166520118714
0,DiscNRX,ungated,841,1,0,0,1,21.088799999233743,nan,-0.8066166520118714
0,DiscNRX,ungated,842,1,0,0,1,21.959699999570148,nan,-0.8066166520118714
0,DiscNRX,ungated,843,1,0,0,1,20.324999999502324,nan,-0.8066166520118714
0,DiscNRX,ungated,844,1,0,0,1,24.368300000787713,nan,-0.8066166520118714
0,DiscNRX,ungated,845,1,0,0,1,19.099999999525608,nan,-0.8066166520118714
0,DiscNRX,ungated,846,1,0,0,1,21.090000000185682,nan,-0.8066166520118714
0,DiscNRX,ungated,847,1,0,0,1,19.364100000530016,nan,-0.8066166520118714
0,DiscNRX,ungated,848,1,0,0,1,21.352499999920838,nan,-0.8066166520118714
0,DiscNRX,ungated,849,1,0,0,1,19.612400000369234,nan,-0.8066166520118714
0,DiscNRX,ungated,850,1,0,0,1,18.414999999549764,nan,-0.8066166520118714
0,DiscNRX,ungated,851,1,0,0,1,20.87759999994887,nan,-0.8066166520118714
0,DiscNRX,ungated,852,1,0,0,1,19.50250000027154,nan,-0.8066166520118714
0,DiscNRX,ungated,853,1,0,0,1,20.571499999277876,nan,-0.8066166520118714
0,DiscNRX,ungated,854,1,0,0,1,20.808600000236765,nan,-0.8066166520118714
0,DiscNRX,ungated,855,1,0,0,1,19.312899999931687,nan,-0.8066166520118714
0,DiscNRX,ungated,856,1,0,0,1,19.206100000701554,nan,-0.8066166520118714
0,DiscNRX,ungated,857,1,0,0,1,19.500300000800053,nan,-0.8066166520118714
0,DiscNRX,ungated,858,1,0,0,1,20.97200000025623,nan,-0.8066166520118714
0,DiscNRX,ungated,859,1,0,0,1,18.43730000018695,nan,-0.8066166520118714
0,DiscNRX,ungated,860,1,0,0,1,26.127499999347492,nan,-0.8066166520118714
0,DiscNRX,ungated,861,1,0,0,1,18.204400000286114,nan,-0.8066166520118714
0,DiscNRX,ungated,862,1,0,0,1,20.585499999469903,nan,-0.8066166520118714
0,DiscNRX,ungated,863,1,0,0,1,22.064799999498064,nan,-0.8066166520118714
0,DiscNRX,ungated,864,1,0,0,1,26.16779999971186,nan,-0.8066166520118714
0,DiscNRX,ungated,865,1,0,0,1,19.01389999966341,nan,-0.8066166520118714
0,DiscNRX,ungated,866,1,0,0,1,20.834699999795703,nan,-0.8066166520118714
0,DiscNRX,ungated,867,1,0,0,1,21.284800000103132,nan,-0.8066166520118714
0,DiscNRX,ungated,868,1,0,0,1,21.701199999370147,nan,-0.8066166520118714
0,DiscNRX,ungated,869,1,0,0,1,20.04430000033608,nan,-0.8066166520118714
0,DiscNRX,ungated,870,1,0,0,1,21.93619999980001,nan,-0.8066166520118714
0,DiscNRX,ungated,871,1,0,0,1,21.88029999979335,nan,-0.8066166520118714
0,DiscNRX,ungated,872,1,0,0,1,20.870499999546155,nan,-0.8066166520118714
0,DiscNRX,ungated,873,1,0,0,1,20.966300000509364,nan,-0.8066166520118714
0,DiscNRX,ungated,874,1,0,0,1,18.32159999958094,nan,-0.8066166520118714
0,DiscNRX,ungated,875,1,0,0,1,19.974400000137393,nan,-0.8066166520118714
0,DiscNRX,ungated,876,1,0,0,1,21.681700000044657,nan,-0.8066166520118714
0,DiscNRX,ungated,877,1,0,0,1,19.629999999779102,nan,-0.8066166520118714
0,DiscNRX,ungated,878,1,0,0,1,18.397099999674538,nan,-0.8066166520118714
0,DiscNRX,ungated,879,1,0,0,1,20.00080000016169,nan,-0.8066166520118714
0,DiscNRX,ungated,880,1,0,0,1,18.56119999956718,nan,-0.8066166520118714
0,DiscNRX,ungated,881,1,0,0,1,23.000999999567284,nan,-0.8066166520118714
0,DiscNRX,ungated,882,1,0,0,1,20.927999999912572,nan,-0.8066166520118714
0,DiscNRX,ungated,883,1,0,0,1,18.85409999977128,nan,-0.8066166520118714
0,DiscNRX,ungated,884,1,0,0,1,20.89669999986654,nan,-0.8066166520118714
0,DiscNRX,ungated,885,1,0,0,1,21.04689999941911,nan,-0.8066166520118714
0,DiscNRX,ungated,886,1,0,0,1,19.84360000005836,nan,-0.8066166520118714
0,DiscNRX,ungated,887,1,0,0,1,20.224400000188325,nan,-0.8066166520118714
0,DiscNRX,ungated,888,1,0,0,1,19.99210000030871,nan,-0.8066166520118714
0,DiscNRX,ungated,889,1,0,0,1,22.950200000195764,nan,-0.8066166520118714
0,DiscNRX,ungated,890,1,0,0,1,21.418300000732415,nan,-0.8066166520118714
0,DiscNRX,ungated,891,1,0,0,1,21.100099999785016,nan,-0.8066166520118714
0,DiscNRX,ungated,892,1,0,0,1,17.512899999928777,nan,-0.8066166520118714
0,DiscNRX,ungated,893,1,0,0,1,21.656199999597447,nan,-0.8066166520118714
0,DiscNRX,ungated,894,1,0,0,1,21.057400000245252,nan,-0.8066166520118714
0,DiscNRX,ungated,895,1,0,0,1,21.792599999571394,nan,-0.8066166520118714
0,DiscNRX,ungated,896,1,0,0,1,18.37840000007418,nan,-0.8066166520118714
0,DiscNRX,ungated,897,1,0,0,1,18.93489999929443,nan,-0.8066166520118714
0,DiscNRX,ungated,898,1,0,0,1,20.23749999989377,nan,-0.8066166520118714
0,DiscNRX,ungated,899,1,0,0,1,19.008999999641674,nan,-0.8066166520118714
0,DiscNRX,ungated,900,1,0,0,1,19.89080000021204,nan,-0.8066166520118714
0,DiscNRX,ungated,901,1,0,0,1,18.026900000222668,nan,-0.8066166520118714
0,DiscNRX,ungated,902,1,0,0,1,20.613499999853957,nan,-0.8066166520118714
0,DiscNRX,ungated,903,1,0,0,1,22.72940000057133,nan,-0.8066166520118714
0,DiscNRX,ungated,904,1,0,0,1,21.178900000450085,nan,-0.8066166520118714
0,DiscNRX,ungated,905,1,0,0,1,21.85230000031879,nan,-0.8066166520118714
0,DiscNRX,ungated,906,1,0,0,1,19.10150000003341,nan,-0.8066166520118714
0,DiscNRX,ungated,907,1,0,0,1,19.27030000024388,nan,-0.8066166520118714
0,DiscNRX,ungated,908,1,0,0,1,22.387999999409658,nan,-0.8066166520118714
0,DiscNRX,ungated,909,1,0,0,1,19.66219999940222,nan,-0.8066166520118714
0,DiscNRX,ungated,910,1,0,0,1,18.220900000414986,nan,-0.8066166520118714
0,DiscNRX,ungated,911,1,0,0,1,20.32039999994595,nan,-0.8066166520118714
0,DiscNRX,ungated,912,1,0,0,1,18.31179999953747,nan,-0.8066166520118714
0,DiscNRX,ungated,913,1,0,0,1,19.755199999963224,nan,-0.8066166520118714
0,DiscNRX,ungated,914,1,0,0,1,20.8572000001368,nan,-0.8066166520118714
0,DiscNRX,ungated,915,1,0,0,1,19.62550000007468,nan,-0.8066166520118714
0,DiscNRX,ungated,916,1,0,0,1,17.38720000048488,nan,-0.8066166520118714
0,DiscNRX,ungated,917,1,0,0,1,17.41200000014942,nan,-0.8066166520118714
0,DiscNRX,ungated,918,1,0,0,1,17.74829999976646,nan,-0.8066166520118714
0,DiscNRX,ungated,919,1,0,0,1,20.68989999952464,nan,-0.8066166520118714
0,DiscNRX,ungated,920,1,0,0,1,19.542600000022503,nan,-0.8066166520118714
0,DiscNRX,ungated,921,1,0,0,1,18.429700000524463,nan,-0.8066166520118714
0,DiscNRX,ungated,922,1,0,0,1,20.24780000010651,nan,-0.8066166520118714
0,DiscNRX,ungated,923,1,0,0,1,19.71970000067813,nan,-0.8066166520118714
0,DiscNRX,ungated,924,1,0,0,1,20.480599999245896,nan,-0.8066166520118714
0,DiscNRX,ungated,925,1,0,0,1,21.59979999942152,nan,-0.8066166520118714
0,DiscNRX,ungated,926,1,0,0,1,19.525799999428273,nan,-0.8066166520118714
0,DiscNRX,ungated,927,1,0,0,1,21.571399999629648,nan,-0.8066166520118714
0,DiscNRX,ungated,928,1,0,0,1,20.523899999716377,nan,-0.8066166520118714
0,DiscNRX,ungated,929,1,0,0,1,30.388099999981932,nan,-0.8066166520118714
0,DiscNRX,ungated,930,1,0,0,1,19.16669999991427,nan,-0.8066166520118714
0,DiscNRX,ungated,931,1,0,0,1,18.68689999992057,nan,-0.8066166520118714
0,DiscNRX,ungated,932,1,0,0,1,18.243100000290724,nan,-0.8066166520118714
0,DiscNRX,ungated,933,1,0,0,1,19.962200000009034,nan,-0.8066166520118714
0,DiscNRX,ungated,934,1,0,0,1,18.521299999520124,nan,-0.8066166520118714
0,DiscNRX,ungated,935,1,0,0,1,21.292499999617576,nan,-0.8066166520118714
0,DiscNRX,ungated,936,1,0,0,1,20.73350000046048,nan,-0.8066166520118714
0,DiscNRX,ungated,937,1,0,0,1,21.310099999936938,nan,-0.8066166520118714
0,DiscNRX,ungated,938,1,0,0,1,19.687800000610878,nan,-0.8066166520118714
0,DiscNRX,ungated,939,1,0,0,1,21.310299999640847,nan,-0.8066166520118714
0,DiscNRX,ungated,940,1,0,0,1,21.354299999984505,nan,-0.8066166520118714
0,DiscNRX,ungated,941,1,0,0,1,20.42559999972582,nan,-0.8066166520118714
0,DiscNRX,ungated,942,1,0,0,1,19.578200000069046,nan,-0.8066166520118714
0,DiscNRX,ungated,943,1,0,0,1,18.186700000114797,nan,-0.8066166520118714
0,DiscNRX,ungated,944,1,0,0,1,19.749899999624176,nan,-0.8066166520118714
0,DiscNRX,ungated,945,1,0,0,1,19.70439999968221,nan,-0.8066166520118714
0,DiscNRX,ungated,946,1,0,0,1,23.724000000584056,nan,-0.8066166520118714
0,DiscNRX,ungated,947,1,0,0,1,18.66710000012972,nan,-0.8066166520118714
0,DiscNRX,ungated,948,1,0,0,1,20.925499999975727,nan,-0.8066166520118714
0,DiscNRX,ungated,949,1,0,0,1,20.07099999991624,nan,-0.8066166520118714
0,DiscNRX,ungated,950,1,0,0,1,18.596699999761768,nan,-0.8066166520118714
0,DiscNRX,ungated,951,1,0,0,1,20.04670000042097,nan,-0.8066166520118714
0,DiscNRX,ungated,952,1,0,0,1,20.11769999990065,nan,-0.8066166520118714
0,DiscNRX,ungated,953,1,0,0,1,19.170300000041607,nan,-0.8066166520118714
0,DiscNRX,ungated,954,1,0,0,1,20.832199999858858,nan,-0.8066166520118714
0,DiscNRX,ungated,955,1,0,0,1,21.295600000485138,nan,-0.8066166520118714
0,DiscNRX,ungated,956,1,0,0,1,22.673399999803223,nan,-0.8066166520118714
0,DiscNRX,ungated,957,1,0,0,1,20.173000000795582,nan,-0.8066166520118714
0,DiscNRX,ungated,958,1,0,0,1,21.160100000088278,nan,-0.8066166520118714
0,DiscNRX,ungated,959,1,0,0,1,20.739900000080524,nan,-0.8066166520118714
0,DiscNRX,ungated,960,1,0,0,1,23.839800000132527,nan,-0.8066166520118714
0,DiscNRX,ungated,961,1,0,0,1,20.04930000020977,nan,-0.8066166520118714
0,DiscNRX,ungated,962,1,0,0,1,19.836299999951734,nan,-0.8066166520118714
0,DiscNRX,ungated,963,1,0,0,1,19.362899999578076,nan,-0.8066166520118714
0,DiscNRX,ungated,964,1,0,0,1,19.344599999385537,nan,-0.8066166520118714
0,DiscNRX,ungated,965,1,0,0,1,19.963700000516837,nan,-0.8066166520118714
0,DiscNRX,ungated,966,1,0,0,1,22.105899999587564,nan,-0.8066166520118714
0,DiscNRX,ungated,967,1,0,0,1,23.67709999998624,nan,-0.8066166520118714
0,DiscNRX,ungated,968,1,0,0,1,20.75799999965966,nan,-0.8066166520118714
0,DiscNRX,ungated,969,1,0,0,1,20.575300000018615,nan,-0.8066166520118714
0,DiscNRX,ungated,970,1,0,0,1,20.217300000695104,nan,-0.8066166520118714
0,DiscNRX,ungated,971,1,0,0,1,18.331900000703172,nan,-0.8066166520118714
0,DiscNRX,ungated,972,1,0,0,1,17.315500000222528,nan,-0.8066166520118714
0,DiscNRX,ungated,973,1,0,0,1,18.969300000208023,nan,-0.8066166520118714
0,DiscNRX,ungated,974,1,0,0,1,20.829100000810286,nan,-0.8066166520118714
0,DiscNRX,ungated,975,1,0,0,1,20.282200000110606,nan,-0.8066166520118714
0,DiscNRX,ungated,976,1,0,0,1,20.839599999817437,nan,-0.8066166520118714
0,DiscNRX,ungated,977,1,0,0,1,19.704700000147568,nan,-0.8066166520118714
0,DiscNRX,ungated,978,1,0,0,1,19.246299999394978,nan,-0.8066166520118714
0,DiscNRX,ungated,979,1,0,0,1,20.102999999835447,nan,-0.8066166520118714
0,DiscNRX,ungated,980,1,0,0,1,21.747200000390876,nan,-0.8066166520118714
0,DiscNRX,ungated,981,1,0,0,1,19.073199999184,nan,-0.8066166520118714
0,DiscNRX,ungated,982,1,0,0,1,19.450200000392215,nan,-0.8066166520118714
0,DiscNRX,ungated,983,1,0,0,1,20.6490999999005,nan,-0.8066166520118714
0,DiscNRX,ungated,984,1,0,0,1,20.158600000286242,nan,-0.8066166520118714
0,DiscNRX,ungated,985,1,0,0,1,20.665400000325462,nan,-0.8066166520118714
0,DiscNRX,ungated,986,1,0,0,1,21.521700000448618,nan,-0.8066166520118714
0,DiscNRX,ungated,987,1,0,0,1,22.05950000006851,nan,-0.8066166520118714
0,DiscNRX,ungated,988,1,0,0,1,22.29650000026595,nan,-0.8066166520118714
0,DiscNRX,ungated,989,1,0,0,1,17.02449999993405,nan,-0.8066166520118714
0,DiscNRX,ungated,990,1,0,0,1,19.104799999695388,nan,-0.8066166520118714
0,DiscNRX,ungated,991,1,0,0,1,20.077400000445778,nan,-0.8066166520118714
0,DiscNRX,ungated,992,1,0,0,1,18.511400000534195,nan,-0.8066166520118714
0,DiscNRX,ungated,993,1,0,0,1,19.9386999993294,nan,-0.8066166520118714
0,DiscNRX,ungated,994,1,0,0,1,21.197700000811892,nan,-0.8066166520118714
0,DiscNRX,ungated,995,1,0,0,1,20.963599999959115,nan,-0.8066166520118714
0,DiscNRX,ungated,996,1,0,0,1,21.261500000036904,nan,-0.8066166520118714
0,DiscNRX,ungated,997,1,0,0,1,20.20429999993212,nan,-0.8066166520118714
0,DiscNRX,ungated,998,1,0,0,1,18.48340000015014,nan,-0.8066166520118714
0,DiscNRX,ungated,999,1,0,0,1,19.661300000734627,nan,-0.8066166520118714
0,DiscNRX,gated,0,1,0,0,0,nan,nan,-0.8066166520118714
0,DiscNRX,gated,1,1,0,0,0,nan,nan,-0.8066166520118714
0,DiscNRX,gated,2,1,0,0,0,nan,nan,-0.8066166520118714
0,DiscNRX,gated,3,1,0,0,0,nan,nan,-0.8066166520118714
0,DiscNRX,gated,4,1,0,0,0,nan,nan,-0.8066166520118714
0,DiscNRX,gated,5,1,0,0,0,nan,nan,-0.8066166520118714
0,DiscNRX,gated,6,1,0,0,0,nan,nan,-0.8066166520118714
0,DiscNRX,gated,7,1,0,0,0,nan,nan,-0.8066166520118714
0,DiscNRX,gated,8,1,0,0,0,nan,nan,-0.8066166520118714
0,DiscNRX,gated,9,1,0,0,0,nan,nan,-0.8066166520118714
0,DiscNRX,gated,10,1,0,0,0,nan,nan,-0.8066166520118714
0,DiscNRX,gated,11,1,0,0,0,nan,nan,-0.8066166520118714
0,DiscNRX,gated,12,1,0,0,0,nan,nan,-0.8066166520118714
0,DiscNRX,gated,13,1,0,0,0,nan,nan,-0.8066166520118714
0,DiscNRX,gated,14,1,0,0,0,nan,nan,-0.8066166520118714
0,DiscNRX,gated,15,1,0,0,0,nan,nan,-0.8066166520118714
0,DiscNRX,gated,16,1,0,0,0,nan,nan,-0.8066166520118714
0,DiscNRX,gated,17,1,0,0,0,nan,nan,-0.8066166520118714
0,DiscNRX,gated,18,1,0,0,0,nan,nan,-0.8066166520118714
0,DiscNRX,gated,19,1,0,0,0,nan,nan,-0.8066166520118714
0,DiscNRX,gated,20,1,0,0,0,nan,nan,-0.8066166520118714
0,DiscNRX,gated,21,1,0,0,0,nan,nan,-0.8066166520118714
0,DiscNRX,gated,22,1,0,0,0,nan,nan,-0.8066166520118714
0,DiscNRX,gated,23,1,0,0,0,nan,nan,-0.8066166520118714
0,DiscNRX,gated,24,1,0,0,0,nan,nan,-0.8066166520118714
0,DiscNRX,gated,25,1,0,0,0,nan,nan,-0.8066166520118714
0,DiscNRX,gated,26,1,0,0,0,nan,nan,-0.8066166520118714
0,DiscNRX,gated,27,1,0,0,0,nan,nan,-0.8066166520118714
0,DiscNRX,gated,28,1,0,0,0,nan,nan,-0.8066166520118714
0,DiscNRX,gated,29,1,0,0,0,nan,nan,-0.8066166520118714
0,DiscNRX,gated,30,1,0,0,0,nan,nan,-0.8066166520118714
0,DiscNRX,gated,31,1,0,0,0,nan,nan,-0.8066166520118714
0,DiscNRX,gated,32,1,0,0,0,nan,nan,-0.8066166520118714
0,DiscNRX,gated,33,1,0,0,0,nan,nan,-0.8066166520118714
0,DiscNRX,gated,34,1,0,0,0,nan,nan,-0.8066166520118714
0,DiscNRX,gated,35,1,0,0,0,nan,nan,-0.8066166520118714
0,DiscNRX,gated,36,1,0,0,0,nan,nan,-0.8066166520118714
0,DiscNRX,gated,37,1,0,0,0,nan,nan,-0.8066166520118714
0,DiscNRX,gated,38,1,0,0,0,nan,nan,-0.8066166520118714
0,DiscNRX,gated,39,1,0,0,0,nan,nan,-0.8066166520118714
0,DiscNRX,gated,40,1,0,0,0,nan,nan,-0.8066166520118714
0,DiscNRX,gated,41,1,0,0,0,nan,nan,-0.8066166520118714
0,DiscNRX,gated,42,1,0,0,0,nan,nan,-0.8066166520118714
0,DiscNRX,gated,43,1,0,0,0,nan,nan,-0.8066166520118714
0,DiscNRX,gated,44,1,0,0,0,nan,nan,-0.8066166520118714
0,DiscNRX,gated,45,1,0,0,0,nan,nan,-0.8066166520118714
0,DiscNRX,gated,46,1,0,0,0,nan,nan,-0.8066166520118714
0,DiscNRX,gated,47,1,0,0,0,nan,nan,-0.8066166520118714
0,DiscNRX,gated,48,1,0,0,0,nan,nan,-0.8066166520118714
0,DiscNRX,gated,49,1,0,0,0,nan,nan,-0.8066166520118714
0,DiscNRX,gated,50,1,0,0,0,nan,nan,-0.8066166520118714
0,DiscNRX,gated,51,1,0,0,0,nan,nan,-0.8066166520118714
0,DiscNRX,gated,52,1,0,0,0,nan,nan,-0.8066166520118714
0,DiscNRX,gated,53,1,0,0,0,nan,nan,-0.8066166520118714
0,DiscNRX,gated,54,1,0,0,0,nan,nan,-0.8066166520118714
0,DiscNRX,gated,55,1,0,0,0,nan,nan,-0.8066166520118714
0,DiscNRX,gated,56,1,0,0,0,nan,nan,-0.8066166520118714
0,DiscNRX,gated,57,1,0,0,0,nan,nan,-0.8066166520118714
0,DiscNRX,gated,58,1,0,0,0,nan,nan,-0.8066166520118714
0,DiscNRX,gated,59,1,0,0,0,nan,nan,-0.8066166520118714
0,DiscNRX,gated,60,1,0,0,0,nan,nan,-0.8066166520118714
0,DiscNRX,gated,61,1,0,0,0,nan,nan,-0.8066166520118714
0,DiscNRX,gated,62,1,0,0,0,nan,nan,-0.8066166520118714
0,DiscNRX,gated,63,1,0,0,0,nan,nan,-0.8066166520118714
0,DiscNRX,gated,64,1,0,0,0,nan,nan,-0.8066166520118714
0,DiscNRX,gated,65,1,0,0,0,nan,nan,-0.8066166520118714
0,DiscNRX,gated,66,1,0,0,0,nan,nan,-0.8066166520118714
0,DiscNRX,gated,67,1,0,0,0,nan,nan,-0.8066166520118714
0,DiscNRX,gated,68,1,0,0,0,nan,nan,-0.8066166520118714
0,DiscNRX,gated,69,1,0,0,0,nan,nan,-0.8066166520118714
0,DiscNRX,gated,70,1,0,0,0,nan,nan,-0.8066166520118714
0,DiscNRX,gated,71,1,0,0,0,nan,nan,-0.8066166520118714
0,DiscNRX,gated,72,1,0,0,0,nan,nan,-0.8066166520118714
0,DiscNRX,gated,73,1,0,0,0,nan,nan,-0.8066166520118714
0,DiscNRX,gated,74,1,0,0,0,nan,nan,-0.8066166520118714
0,DiscNRX,gated,75,1,0,0,0,nan,nan,-0.8066166520118714
0,DiscNRX,gated,76,1,0,0,0,nan,nan,-0.8066166520118714
0,DiscNRX,gated,77,1,0,0,0,nan,nan,-0.8066166520118714
0,DiscNRX,gated,78,1,0,0,0,nan,nan,-0.8066166520118714
0,DiscNRX,gated,79,1,0,0,0,nan,nan,-0.8066166520118714
0,DiscNRX,gated,80,1,0,0,0,nan,nan,-0.8066166520118714
0,DiscNRX,gated,81,1,0,0,0,nan,nan,-0.8066166520118714
0,DiscNRX,gated,82,1,0,0,0,nan,nan,-0.8066166520118714
0,DiscNRX,gated,83,1,0,0,0,nan,nan,-0.8066166520118714
0,DiscNRX,gated,84,1,0,0,0,nan,nan,-0.8066166520118714
0,DiscNRX,gated,85,1,0,0,0,nan,nan,-0.8066166520118714
0,DiscNRX,gated,86,1,0,0,0,nan,nan,-0.8066166520118714
0,DiscNRX,gated,87,1,0,0,0,nan,nan,-0.8066166520118714
0,DiscNRX,gated,88,1,0,0,0,nan,nan,-0.8066166520118714
0,DiscNRX,gated,89,1,0,0,0,nan,nan,-0.8066166520118714
0,DiscNRX,gated,90,1,0,0,0,nan,nan,-0.8066166520118714
0,DiscNRX,gated,91,1,0,0,0,nan,nan,-0.8066166520118714
0,DiscNRX,gated,92,1,0,0,0,nan,nan,-0.8066166520118714
0,DiscNRX,gated,93,1,0,0,0,nan,nan,-0.8066166520118714
0,DiscNRX,gated,94,1,0,0,0,nan,nan,-0.8066166520118714
0,DiscNRX,gated,95,1,0,0,0,nan,nan,-0.8066166520118714
0,DiscNRX,gated,96,1,0,0,0,nan,nan,-0.8066166520118714
0,DiscNRX,gated,97,1,0,0,0,nan,nan,-0.8066166520118714
0,DiscNRX,gated,98,1,0,0,0,nan,nan,-0.8066166520118714
0,DiscNRX,gated,99,1,0,0,0,nan,nan,-0.8066166520118714
0,DiscNRX,gated,100,1,0,0,0,nan,nan,-0.8066166520118714
0,DiscNRX,gated,101,1,0,0,0,nan,nan,-0.8066166520118714
0,DiscNRX,gated,102,1,0,0,0,nan,nan,-0.8066166520118714
0,DiscNRX,gated,103,1,0,0,0,nan,nan,-0.8066166520118714
0,DiscNRX,gated,104,1,0,0,0,nan,nan,-0.8066166520118714
0,DiscNRX,gated,105,1,0,0,0,nan,nan,-0.8066166520118714
0,DiscNRX,gated,106,1,0,0,0,nan,nan,-0.8066166520118714
0,DiscNRX,gated,107,1,0,0,0,nan,nan,-0.8066166520118714
0,DiscNRX,gated,108,1,0,0,0,nan,nan,-0.8066166520118714
0,DiscNRX,gated,109,1,0,0,0,nan,nan,-0.8066166520118714
0,DiscNRX,gated,110,1,0,0,0,nan,nan,-0.8066166520118714
0,DiscNRX,gated,111,1,0,0,0,nan,nan,-0.8066166520118714
0,DiscNRX,gated,112,1,0,0,0,nan,nan,-0.8066166520118714
0,DiscNRX,gated,113,1,0,0,0,nan,nan,-0.8066166520118714
0,DiscNRX,gated,114,1,0,0,0,nan,nan,-0.8066166520118714
0,DiscNRX,gated,115,1,0,0,0,nan,nan,-0.8066166520118714
0,DiscNRX,gated,116,1,0,0,0,nan,nan,-0.8066166520118714
0,DiscNRX,gated,117,1,0,0,0,nan,nan,-0.8066166520118714
0,DiscNRX,gated,118,1,0,0,0,nan,nan,-0.8066166520118714
0,DiscNRX,gated,119,1,0,0,0,nan,nan,-0.8066166520118714
0,DiscNRX,gated,120,1,0,0,0,nan,nan,-0.8066166520118714
0,DiscNRX,gated,121,1,0,0,0,nan,nan,-0.8066166520118714
0,DiscNRX,gated,122,1,0,0,0,nan,nan,-0.8066166520118714
0,DiscNRX,gated,123,1,0,0,0,nan,nan,-0.8066166520118714
0,DiscNRX,gated,124,1,0,0,0,nan,nan,-0.8066166520118714
0,DiscNRX,gated,125,1,0,0,0,nan,nan,-0.8066166520118714
0,DiscNRX,gated,126,1,0,0,0,nan,nan,-0.8066166520118714
0,DiscNRX,gated,127,1,0,0,0,nan,nan,-0.8066166520118714
0,DiscNRX,gated,128,1,0,0,0,nan,nan,-0.8066166520118714
0,DiscNRX,gated,129,1,0,0,0,nan,nan,-0.8066166520118714
0,DiscNRX,gated,130,1,0,0,0,nan,nan,-0.8066166520118714
0,DiscNRX,gated,131,1,0,0,0,nan,nan,-0.8066166520118714
0,DiscNRX,gated,132,1,0,0,0,nan,nan,-0.8066166520118714
0,DiscNRX,gated,133,1,0,0,0,nan,nan,-0.8066166520118714
0,DiscNRX,gated,134,1,0,0,0,nan,nan,-0.8066166520118714
0,DiscNRX,gated,135,1,0,0,0,nan,nan,-0.8066166520118714
0,DiscNRX,gated,136,1,0,0,0,nan,nan,-0.8066166520118714
0,DiscNRX,gated,137,1,0,0,0,nan,nan,-0.8066166520118714
0,DiscNRX,gated,138,1,0,0,0,nan,nan,-0.8066166520118714
0,DiscNRX,gated,139,1,0,0,0,nan,nan,-0.8066166520118714
0,DiscNRX,gated,140,1,0,0,0,nan,nan,-0.8066166520118714
0,DiscNRX,gated,141,1,0,0,0,nan,nan,-0.8066166520118714
0,DiscNRX,gated,142,1,0,0,0,nan,nan,-0.8066166520118714
0,DiscNRX,gated,143,1,0,0,0,nan,nan,-0.8066166520118714
0,DiscNRX,gated,144,1,0,0,0,nan,nan,-0.8066166520118714
0,DiscNRX,gated,145,1,0,0,0,nan,nan,-0.8066166520118714
0,DiscNRX,gated,146,1,0,0,0,nan,nan,-0.8066166520118714
0,DiscNRX,gated,147,1,0,0,0,nan,nan,-0.8066166520118714
0,DiscNRX,gated,148,1,0,0,0,nan,nan,-0.8066166520118714
0,DiscNRX,gated,149,1,0,0,0,nan,nan,-0.8066166520118714
0,DiscNRX,gated,150,1,0,0,0,nan,nan,-0.8066166520118714
0,DiscNRX,gated,151,1,0,0,0,nan,nan,-0.8066166520118714
0,DiscNRX,gated,152,1,0,0,0,nan,nan,-0.8066166520118714
0,DiscNRX,gated,153,1,0,0,0,nan,nan,-0.8066166520118714
0,DiscNRX,gated,154,1,0,0,0,nan,nan,-0.8066166520118714
0,DiscNRX,gated,155,1,0,0,0,nan,nan,-0.8066166520118714
0,DiscNRX,gated,156,1,0,0,0,nan,nan,-0.8066166520118714
0,DiscNRX,gated,157,1,0,0,0,nan,nan,-0.8066166520118714
0,DiscNRX,gated,158,1,0,0,0,nan,nan,-0.8066166520118714
0,DiscNRX,gated,159,1,0,0,0,nan,nan,-0.8066166520118714
0,DiscNRX,gated,160,1,0,0,0,nan,nan,-0.8066166520118714
0,DiscNRX,gated,161,1,0,0,0,nan,nan,-0.8066166520118714
0,DiscNRX,gated,162,1,0,0,0,nan,nan,-0.8066166520118714
0,DiscNRX,gated,163,1,0,0,0,nan,nan,-0.8066166520118714
0,DiscNRX,gated,164,1,0,0,0,nan,nan,-0.8066166520118714
0,DiscNRX,gated,165,1,0,0,0,nan,nan,-0.8066166520118714
0,DiscNRX,gated,166,1,0,0,0,nan,nan,-0.8066166520118714
0,DiscNRX,gated,167,1,0,0,0,nan,nan,-0.8066166520118714
0,DiscNRX,gated,168,1,0,0,0,nan,nan,-0.8066166520118714
0,DiscNRX,gated,169,1,0,0,0,nan,nan,-0.8066166520118714
0,DiscNRX,gated,170,1,0,0,0,nan,nan,-0.8066166520118714
0,DiscNRX,gated,171,1,0,0,0,nan,nan,-0.8066166520118714
0,DiscNRX,gated,172,1,0,0,0,nan,nan,-0.8066166520118714
0,DiscNRX,gated,173,1,0,0,0,nan,nan,-0.8066166520118714
0,DiscNRX,gated,174,1,0,0,0,nan,nan,-0.8066166520118714
0,DiscNRX,gated,175,1,0,0,0,nan,nan,-0.8066166520118714
0,DiscNRX,gated,176,1,0,0,0,nan,nan,-0.8066166520118714
0,DiscNRX,gated,177,1,0,0,0,nan,nan,-0.8066166520118714
0,DiscNRX,gated,178,1,0,0,0,nan,nan,-0.8066166520118714
0,DiscNRX,gated,179,1,0,0,0,nan,nan,-0.8066166520118714
0,DiscNRX,gated,180,1,0,0,0,nan,nan,-0.8066166520118714
0,DiscNRX,gated,181,1,0,0,0,nan,nan,-0.8066166520118714
0,DiscNRX,gated,182,1,0,0,0,nan,nan,-0.8066166520118714
0,DiscNRX,gated,183,1,0,0,0,nan,nan,-0.8066166520118714
0,DiscNRX,gated,184,1,0,0,0,nan,nan,-0.8066166520118714
0,DiscNRX,gated,185,1,0,0,0,nan,nan,-0.8066166520118714
0,DiscNRX,gated,186,1,0,0,0,nan,nan,-0.8066166520118714
0,DiscNRX,gated,187,1,0,0,0,nan,nan,-0.8066166520118714
0,DiscNRX,gated,188,1,0,0,0,nan,nan,-0.8066166520118714
0,DiscNRX,gated,189,1,0,0,0,nan,nan,-0.8066166520118714
0,DiscNRX,gated,190,1,0,0,0,nan,nan,-0.8066166520118714
0,DiscNRX,gated,191,1,0,0,0,nan,nan,-0.8066166520118714
0,DiscNRX,gated,192,1,0,0,0,nan,nan,-0.8066166520118714
0,DiscNRX,gated,193,1,0,0,0,nan,nan,-0.8066166520118714
0,DiscNRX,gated,194,1,0,0,0,nan,nan,-0.8066166520118714
0,DiscNRX,gated,195,1,0,0,0,nan,nan,-0.8066166520118714
0,DiscNRX,gated,196,1,0,0,0,nan,nan,-0.8066166520118714
0,DiscNRX,gated,197,1,0,0,0,nan,nan,-0.8066166520118714
0,DiscNRX,gated,198,1,0,0,0,nan,nan,-0.8066166520118714
0,DiscNRX,gated,199,1,0,0,0,nan,nan,-0.8066166520118714
0,DiscNRX,gated,200,1,0,0,0,nan,nan,-0.8066166520118714
0,DiscNRX,gated,201,1,0,0,0,nan,nan,-0.8066166520118714
0,DiscNRX,gated,202,1,0,0,0,nan,nan,-0.8066166520118714
0,DiscNRX,gated,203,1,0,0,0,nan,nan,-0.8066166520118714
0,DiscNRX,gated,204,1,0,0,0,nan,nan,-0.8066166520118714
0,DiscNRX,gated,205,1,0,0,0,nan,nan,-0.8066166520118714
0,DiscNRX,gated,206,1,0,0,0,nan,nan,-0.8066166520118714
0,DiscNRX,gated,207,1,0,0,0,nan,nan,-0.8066166520118714
0,DiscNRX,gated,208,1,0,0,0,nan,nan,-0.8066166520118714
0,DiscNRX,gated,209,1,0,0,0,nan,nan,-0.8066166520118714
0,DiscNRX,gated,210,1,0,0,0,nan,nan,-0.8066166520118714
0,DiscNRX,gated,211,1,0,0,0,nan,nan,-0.8066166520118714
0,DiscNRX,gated,212,1,0,0,0,nan,nan,-0.8066166520118714
0,DiscNRX,gated,213,1,0,0,0,nan,nan,-0.8066166520118714
0,DiscNRX,gated,214,1,0,0,0,nan,nan,-0.8066166520118714
0,DiscNRX,gated,215,1,0,0,0,nan,nan,-0.8066166520118714
0,DiscNRX,gated,216,1,0,0,0,nan,nan,-0.8066166520118714
0,DiscNRX,gated,217,1,0,0,0,nan,nan,-0.8066166520118714
0,DiscNRX,gated,218,1,0,0,0,nan,nan,-0.8066166520118714
0,DiscNRX,gated,219,1,0,0,0,nan,nan,-0.8066166520118714
0,DiscNRX,gated,220,1,0,0,0,nan,nan,-0.8066166520118714
0,DiscNRX,gated,221,1,0,0,0,nan,nan,-0.8066166520118714
0,DiscNRX,gated,222,1,0,0,0,nan,nan,-0.8066166520118714
0,DiscNRX,gated,223,1,0,0,0,nan,nan,-0.8066166520118714
0,DiscNRX,gated,224,1,0,0,0,nan,nan,-0.8066166520118714
0,DiscNRX,gated,225,1,0,0,0,nan,nan,-0.8066166520118714
0,DiscNRX,gated,226,1,0,0,0,nan,nan,-0.8066166520118714
0,DiscNRX,gated,227,1,0,0,0,nan,nan,-0.8066166520118714
0,DiscNRX,gated,228,1,0,0,0,nan,nan,-0.8066166520118714
0,DiscNRX,gated,229,1,0,0,0,nan,nan,-0.8066166520118714
0,DiscNRX,gated,230,1,0,0,0,nan,nan,-0.8066166520118714
0,DiscNRX,gated,231,1,0,0,0,nan,nan,-0.8066166520118714
0,DiscNRX,gated,232,1,0,0,0,nan,nan,-0.8066166520118714
0,DiscNRX,gated,233,1,0,0,0,nan,nan,-0.8066166520118714
0,DiscNRX,gated,234,1,0,0,0,nan,nan,-0.8066166520118714
0,DiscNRX,gated,235,1,0,0,0,nan,nan,-0.8066166520118714
0,DiscNRX,gated,236,1,0,0,0,nan,nan,-0.8066166520118714
0,DiscNRX,gated,237,1,0,0,0,nan,nan,-0.8066166520118714
0,DiscNRX,gated,238,1,0,0,0,nan,nan,-0.8066166520118714
0,DiscNRX,gated,239,1,0,0,0,nan,nan,-0.8066166520118714
0,DiscNRX,gated,240,1,0,0,0,nan,nan,-0.8066166520118714
0,DiscNRX,gated,241,1,0,0,0,nan,nan,-0.8066166520118714
0,DiscNRX,gated,242,1,0,0,0,nan,nan,-0.8066166520118714
0,DiscNRX,gated,243,1,0,0,0,nan,nan,-0.8066166520118714
0,DiscNRX,gated,244,1,0,0,0,nan,nan,-0.8066166520118714
0,DiscNRX,gated,245,1,0,0,0,nan,nan,-0.8066166520118714
0,DiscNRX,gated,246,1,0,0,0,nan,nan,-0.8066166520118714
0,DiscNRX,gated,247,1,0,0,0,nan,nan,-0.8066166520118714
0,DiscNRX,gated,248,1,0,0,0,nan,nan,-0.8066166520118714
0,DiscNRX,gated,249,1,0,0,0,nan,nan,-0.8066166520118714
0,DiscNRX,gated,250,1,0,0,0,nan,nan,-0.8066166520118714
0,DiscNRX,gated,251,1,0,0,0,nan,nan,-0.8066166520118714
0,DiscNRX,gated,252,1,0,0,0,nan,nan,-0.8066166520118714
0,DiscNRX,gated,253,1,0,0,0,nan,nan,-0.8066166520118714
0,DiscNRX,gated,254,1,0,0,0,nan,nan,-0.8066166520118714
0,DiscNRX,gated,255,1,0,0,0,nan,nan,-0.8066166520118714
0,DiscNRX,gated,256,1,0,0,0,nan,nan,-0.8066166520118714
0,DiscNRX,gated,257,1,0,0,0,nan,nan,-0.8066166520118714
0,DiscNRX,gated,258,1,0,0,0,nan,nan,-0.8066166520118714
0,DiscNRX,gated,259,1,0,0,0,nan,nan,-0.8066166520118714
0,DiscNRX,gated,260,1,0,0,0,nan,nan,-0.8066166520118714
0,DiscNRX,gated,261,1,0,0,0,nan,nan,-0.8066166520118714
0,DiscNRX,gated,262,1,0,0,0,nan,nan,-0.8066166520118714
0,DiscNRX,gated,263,1,0,0,0,nan,nan,-0.8066166520118714
0,DiscNRX,gated,264,1,0,0,0,nan,nan,-0.8066166520118714
0,DiscNRX,gated,265,1,0,0,0,nan,nan,-0.8066166520118714
0,DiscNRX,gated,266,1,0,0,0,nan,nan,-0.8066166520118714
0,DiscNRX,gated,267,1,0,0,0,nan,nan,-0.8066166520118714
0,DiscNRX,gated,268,1,0,0,0,nan,nan,-0.8066166520118714
0,DiscNRX,gated,269,1,0,0,0,nan,nan,-0.8066166520118714
0,DiscNRX,gated,270,1,0,0,0,nan,nan,-0.8066166520118714
0,DiscNRX,gated,271,1,0,0,0,nan,nan,-0.8066166520118714
0,DiscNRX,gated,272,1,0,0,0,nan,nan,-0.8066166520118714
0,DiscNRX,gated,273,1,0,0,0,nan,nan,-0.8066166520118714
0,DiscNRX,gated,274,1,0,0,0,nan,nan,-0.8066166520118714
0,DiscNRX,gated,275,1,0,0,0,nan,nan,-0.8066166520118714
0,DiscNRX,gated,276,1,0,0,0,nan,nan,-0.8066166520118714
0,DiscNRX,gated,277,1,0,0,0,nan,nan,-0.8066166520118714
0,DiscNRX,gated,278,1,0,0,0,nan,nan,-0.8066166520118714
0,DiscNRX,gated,279,1,0,0,0,nan,nan,-0.8066166520118714
0,DiscNRX,gated,280,1,0,0,0,nan,nan,-0.8066166520118714
0,DiscNRX,gated,281,1,0,0,0,nan,nan,-0.8066166520118714
0,DiscNRX,gated,282,1,0,0,0,nan,nan,-0.8066166520118714
0,DiscNRX,gated,283,1,0,0,0,nan,nan,-0.8066166520118714
0,DiscNRX,gated,284,1,0,0,0,nan,nan,-0.8066166520118714
0,DiscNRX,gated,285,1,0,0,0,nan,nan,-0.8066166520118714
0,DiscNRX,gated,286,1,0,0,0,nan,nan,-0.8066166520118714
0,DiscNRX,gated,287,1,0,0,0,nan,nan,-0.8066166520118714
0,DiscNRX,gated,288,1,0,0,0,nan,nan,-0.8066166520118714
0,DiscNRX,gated,289,1,0,0,0,nan,nan,-0.8066166520118714
0,DiscNRX,gated,290,1,0,0,0,nan,nan,-0.8066166520118714
0,DiscNRX,gated,291,1,0,0,0,nan,nan,-0.8066166520118714
0,DiscNRX,gated,292,1,0,0,0,nan,nan,-0.8066166520118714
0,DiscNRX,gated,293,1,0,0,0,nan,nan,-0.8066166520118714
0,DiscNRX,gated,294,1,0,0,0,nan,nan,-0.8066166520118714
0,DiscNRX,gated,295,1,0,0,0,nan,nan,-0.8066166520118714
0,DiscNRX,gated,296,1,0,0,0,nan,nan,-0.8066166520118714
0,DiscNRX,gated,297,1,0,0,0,nan,nan,-0.8066166520118714
0,DiscNRX,gated,298,1,0,0,0,nan,nan,-0.8066166520118714
0,DiscNRX,gated,299,1,0,0,0,nan,nan,-0.8066166520118714
0,DiscNRX,gated,300,1,0,0,0,nan,nan,-0.8066166520118714
0,DiscNRX,gated,301,1,0,0,0,nan,nan,-0.8066166520118714
0,DiscNRX,gated,302,1,0,0,0,nan,nan,-0.8066166520118714
0,DiscNRX,gated,303,1,0,0,0,nan,nan,-0.8066166520118714
0,DiscNRX,gated,304,1,0,0,0,nan,nan,-0.8066166520118714
0,DiscNRX,gated,305,1,0,0,0,nan,nan,-0.8066166520118714
0,DiscNRX,gated,306,1,0,0,0,nan,nan,-0.8066166520118714
0,DiscNRX,gated,307,1,0,0,0,nan,nan,-0.8066166520118714
0,DiscNRX,gated,308,1,0,0,0,nan,nan,-0.8066166520118714
0,DiscNRX,gated,309,1,0,0,0,nan,nan,-0.8066166520118714
0,DiscNRX,gated,310,1,0,0,0,nan,nan,-0.8066166520118714
0,DiscNRX,gated,311,1,0,0,0,nan,nan,-0.8066166520118714
0,DiscNRX,gated,312,1,0,0,0,nan,nan,-0.8066166520118714
0,DiscNRX,gated,313,1,0,0,0,nan,nan,-0.8066166520118714
0,DiscNRX,gated,314,1,0,0,0,nan,nan,-0.8066166520118714
0,DiscNRX,gated,315,1,0,0,0,nan,nan,-0.8066166520118714
0,DiscNRX,gated,316,1,0,0,0,nan,nan,-0.8066166520118714
0,DiscNRX,gated,317,1,0,0,0,nan,nan,-0.8066166520118714
0,DiscNRX,gated,318,1,0,0,0,nan,nan,-0.8066166520118714
0,DiscNRX,gated,319,1,0,0,0,nan,nan,-0.8066166520118714
0,DiscNRX,gated,320,1,0,0,0,nan,nan,-0.8066166520118714
0,DiscNRX,gated,321,1,0,0,0,nan,nan,-0.8066166520118714
0,DiscNRX,gated,322,1,0,0,0,nan,nan,-0.8066166520118714
0,DiscNRX,gated,323,1,0,0,0,nan,nan,-0.8066166520118714
0,DiscNRX,gated,324,1,0,0,0,nan,nan,-0.8066166520118714
0,DiscNRX,gated,325,1,0,0,0,nan,nan,-0.8066166520118714
0,DiscNRX,gated,326,1,0,0,0,nan,nan,-0.8066166520118714
0,DiscNRX,gated,327,1,0,0,0,nan,nan,-0.8066166520118714
0,DiscNRX,gated,328,1,0,0,0,nan,nan,-0.8066166520118714
0,DiscNRX,gated,329,1,0,0,0,nan,nan,-0.8066166520118714
0,DiscNRX,gated,330,1,0,0,0,nan,nan,-0.8066166520118714
0,DiscNRX,gated,331,1,0,0,0,nan,nan,-0.8066166520118714
0,DiscNRX,gated,332,1,0,0,0,nan,nan,-0.8066166520118714
0,DiscNRX,gated,333,1,0,0,0,nan,nan,-0.8066166520118714
0,DiscNRX,gated,334,1,0,0,0,nan,nan,-0.8066166520118714
0,DiscNRX,gated,335,1,0,0,0,nan,nan,-0.8066166520118714
0,DiscNRX,gated,336,1,0,0,0,nan,nan,-0.8066166520118714
0,DiscNRX,gated,337,1,0,0,0,nan,nan,-0.8066166520118714
0,DiscNRX,gated,338,1,0,0,0,nan,nan,-0.8066166520118714
0,DiscNRX,gated,339,1,0,0,0,nan,nan,-0.8066166520118714
0,DiscNRX,gated,340,1,0,0,0,nan,nan,-0.8066166520118714
0,DiscNRX,gated,341,1,0,0,0,nan,nan,-0.8066166520118714
0,DiscNRX,gated,342,1,0,0,0,nan,nan,-0.8066166520118714
0,DiscNRX,gated,343,1,0,0,0,nan,nan,-0.8066166520118714
0,DiscNRX,gated,344,1,0,0,0,nan,nan,-0.8066166520118714
0,DiscNRX,gated,345,1,0,0,0,nan,nan,-0.8066166520118714
0,DiscNRX,gated,346,1,0,0,0,nan,nan,-0.8066166520118714
0,DiscNRX,gated,347,1,0,0,0,nan,nan,-0.8066166520118714
0,DiscNRX,gated,348,1,0,0,0,nan,nan,-0.8066166520118714
0,DiscNRX,gated,349,1,0,0,0,nan,nan,-0.8066166520118714
0,DiscNRX,gated,350,1,0,0,0,nan,nan,-0.8066166520118714
0,DiscNRX,gated,351,1,0,0,0,nan,nan,-0.8066166520118714
0,DiscNRX,gated,352,1,0,0,0,nan,nan,-0.8066166520118714
0,DiscNRX,gated,353,1,0,0,0,nan,nan,-0.8066166520118714
0,DiscNRX,gated,354,1,0,0,0,nan,nan,-0.8066166520118714
0,DiscNRX,gated,355,1,0,0,0,nan,nan,-0.8066166520118714
0,DiscNRX,gated,356,1,0,0,0,nan,nan,-0.8066166520118714
0,DiscNRX,gated,357,1,0,0,0,nan,nan,-0.8066166520118714
0,DiscNRX,gated,358,1,0,0,0,nan,nan,-0.8066166520118714
0,DiscNRX,gated,359,1,0,0,0,nan,nan,-0.8066166520118714
0,DiscNRX,gated,360,1,0,0,0,nan,nan,-0.8066166520118714
0,DiscNRX,gated,361,1,0,0,0,nan,nan,-0.8066166520118714
0,DiscNRX,gated,362,1,0,0,0,nan,nan,-0.8066166520118714
0,DiscNRX,gated,363,1,0,0,0,nan,nan,-0.8066166520118714
0,DiscNRX,gated,364,1,0,0,0,nan,nan,-0.8066166520118714
0,DiscNRX,gated,365,1,0,0,0,nan,nan,-0.8066166520118714
0,DiscNRX,gated,366,1,0,0,0,nan,nan,-0.8066166520118714
0,DiscNRX,gated,367,1,0,0,0,nan,nan,-0.8066166520118714
0,DiscNRX,gated,368,1,0,0,0,nan,nan,-0.8066166520118714
0,DiscNRX,gated,369,1,0,0,0,nan,nan,-0.8066166520118714
0,DiscNRX,gated,370,1,0,0,0,nan,nan,-0.8066166520118714
0,DiscNRX,gated,371,1,0,0,0,nan,nan,-0.8066166520118714
0,DiscNRX,gated,372,1,0,0,0,nan,nan,-0.8066166520118714
0,DiscNRX,gated,373,1,0,0,0,nan,nan,-0.8066166520118714
0,DiscNRX,gated,374,1,0,0,0,nan,nan,-0.8066166520118714
0,DiscNRX,gated,375,1,0,0,0,nan,nan,-0.8066166520118714
0,DiscNRX,gated,376,1,0,0,0,nan,nan,-0.8066166520118714
0,DiscNRX,gated,377,1,0,0,0,nan,nan,-0.8066166520118714
0,DiscNRX,gated,378,1,0,0,0,nan,nan,-0.8066166520118714
0,DiscNRX,gated,379,1,0,0,0,nan,nan,-0.8066166520118714
0,DiscNRX,gated,380,1,0,0,0,nan,nan,-0.8066166520118714
0,DiscNRX,gated,381,1,0,0,0,nan,nan,-0.8066166520118714
0,DiscNRX,gated,382,1,0,0,0,nan,nan,-0.8066166520118714
0,DiscNRX,gated,383,1,0,0,0,nan,nan,-0.8066166520118714
0,DiscNRX,gated,384,1,0,0,0,nan,nan,-0.8066166520118714
0,DiscNRX,gated,385,1,0,0,0,nan,nan,-0.8066166520118714
0,DiscNRX,gated,386,1,0,0,0,nan,nan,-0.8066166520118714
0,DiscNRX,gated,387,1,0,0,0,nan,nan,-0.8066166520118714
0,DiscNRX,gated,388,1,0,0,0,nan,nan,-0.8066166520118714
0,DiscNRX,gated,389,1,0,0,0,nan,nan,-0.8066166520118714
0,DiscNRX,gated,390,1,0,0,0,nan,nan,-0.8066166520118714
0,DiscNRX,gated,391,1,0,0,0,nan,nan,-0.8066166520118714
0,DiscNRX,gated,392,1,0,0,0,nan,nan,-0.8066166520118714
0,DiscNRX,gated,393,1,0,0,0,nan,nan,-0.8066166520118714
0,DiscNRX,gated,394,1,0,0,0,nan,nan,-0.8066166520118714
0,DiscNRX,gated,395,1,0,0,0,nan,nan,-0.8066166520118714
0,DiscNRX,gated,396,1,0,0,0,nan,nan,-0.8066166520118714
0,DiscNRX,gated,397,1,0,0,0,nan,nan,-0.8066166520118714
0,DiscNRX,gated,398,1,0,0,0,nan,nan,-0.8066166520118714
0,DiscNRX,gated,399,1,0,0,0,nan,nan,-0.8066166520118714
0,DiscNRX,gated,400,1,0,0,0,nan,nan,-0.8066166520118714
0,DiscNRX,gated,401,1,0,0,0,nan,nan,-0.8066166520118714
0,DiscNRX,gated,402,1,0,0,0,nan,nan,-0.8066166520118714
0,DiscNRX,gated,403,1,0,0,0,nan,nan,-0.8066166520118714
0,DiscNRX,gated,404,1,0,0,0,nan,nan,-0.8066166520118714
0,DiscNRX,gated,405,1,0,0,0,nan,nan,-0.8066166520118714
0,DiscNRX,gated,406,1,0,0,0,nan,nan,-0.8066166520118714
0,DiscNRX,gated,407,1,0,0,0,nan,nan,-0.8066166520118714
0,DiscNRX,gated,408,1,0,0,0,nan,nan,-0.8066166520118714
0,DiscNRX,gated,409,1,0,0,0,nan,nan,-0.8066166520118714
0,DiscNRX,gated,410,1,0,0,0,nan,nan,-0.8066166520118714
0,DiscNRX,gated,411,1,0,0,0,nan,nan,-0.8066166520118714
0,DiscNRX,gated,412,1,0,0,0,nan,nan,-0.8066166520118714
0,DiscNRX,gated,413,1,0,0,0,nan,nan,-0.8066166520118714
0,DiscNRX,gated,414,1,0,0,0,nan,nan,-0.8066166520118714
0,DiscNRX,gated,415,1,0,0,0,nan,nan,-0.8066166520118714
0,DiscNRX,gated,416,1,0,0,0,nan,nan,-0.8066166520118714
0,DiscNRX,gated,417,1,0,0,0,nan,nan,-0.8066166520118714
0,DiscNRX,gated,418,1,0,0,0,nan,nan,-0.8066166520118714
0,DiscNRX,gated,419,1,0,0,0,nan,nan,-0.8066166520118714
0,DiscNRX,gated,420,1,0,0,0,nan,nan,-0.8066166520118714
0,DiscNRX,gated,421,1,0,0,0,nan,nan,-0.8066166520118714
0,DiscNRX,gated,422,1,0,0,0,nan,nan,-0.8066166520118714
0,DiscNRX,gated,423,1,0,0,0,nan,nan,-0.8066166520118714
0,DiscNRX,gated,424,1,0,0,0,nan,nan,-0.8066166520118714
0,DiscNRX,gated,425,1,0,0,0,nan,nan,-0.8066166520118714
0,DiscNRX,gated,426,1,0,0,0,nan,nan,-0.8066166520118714
0,DiscNRX,gated,427,1,0,0,0,nan,nan,-0.8066166520118714
0,DiscNRX,gated,428,1,0,0,0,nan,nan,-0.8066166520118714
0,DiscNRX,gated,429,1,0,0,0,nan,nan,-0.8066166520118714
0,DiscNRX,gated,430,1,0,0,0,nan,nan,-0.8066166520118714
0,DiscNRX,gated,431,1,0,0,0,nan,nan,-0.8066166520118714
0,DiscNRX,gated,432,1,0,0,0,nan,nan,-0.8066166520118714
0,DiscNRX,gated,433,1,0,0,0,nan,nan,-0.8066166520118714
0,DiscNRX,gated,434,1,0,0,0,nan,nan,-0.8066166520118714
0,DiscNRX,gated,435,1,0,0,0,nan,nan,-0.8066166520118714
0,DiscNRX,gated,436,1,0,0,0,nan,nan,-0.8066166520118714
0,DiscNRX,gated,437,1,0,0,0,nan,nan,-0.8066166520118714
0,DiscNRX,gated,438,1,0,0,0,nan,nan,-0.8066166520118714
0,DiscNRX,gated,439,1,0,0,0,nan,nan,-0.8066166520118714
0,DiscNRX,gated,440,1,0,0,0,nan,nan,-0.8066166520118714
0,DiscNRX,gated,441,1,0,0,0,nan,nan,-0.8066166520118714
0,DiscNRX,gated,442,1,0,0,0,nan,nan,-0.8066166520118714
0,DiscNRX,gated,443,1,0,0,0,nan,nan,-0.8066166520118714
0,DiscNRX,gated,444,1,0,0,0,nan,nan,-0.8066166520118714
0,DiscNRX,gated,445,1,0,0,0,nan,nan,-0.8066166520118714
0,DiscNRX,gated,446,1,0,0,0,nan,nan,-0.8066166520118714
0,DiscNRX,gated,447,1,0,0,0,nan,nan,-0.8066166520118714
0,DiscNRX,gated,448,1,0,0,0,nan,nan,-0.8066166520118714
0,DiscNRX,gated,449,1,0,0,0,nan,nan,-0.8066166520118714
0,DiscNRX,gated,450,1,0,0,0,nan,nan,-0.8066166520118714
0,DiscNRX,gated,451,1,0,0,0,nan,nan,-0.8066166520118714
0,DiscNRX,gated,452,1,0,0,0,nan,nan,-0.8066166520118714
0,DiscNRX,gated,453,1,0,0,0,nan,nan,-0.8066166520118714
0,DiscNRX,gated,454,1,0,0,0,nan,nan,-0.8066166520118714
0,DiscNRX,gated,455,1,0,0,0,nan,nan,-0.8066166520118714
0,DiscNRX,gated,456,1,0,0,0,nan,nan,-0.8066166520118714
0,DiscNRX,gated,457,1,0,0,0,nan,nan,-0.8066166520118714
0,DiscNRX,gated,458,1,0,0,0,nan,nan,-0.8066166520118714
0,DiscNRX,gated,459,1,0,0,0,nan,nan,-0.8066166520118714
0,DiscNRX,gated,460,1,0,0,0,nan,nan,-0.8066166520118714
0,DiscNRX,gated,461,1,0,0,0,nan,nan,-0.8066166520118714
0,DiscNRX,gated,462,1,0,0,0,nan,nan,-0.8066166520118714
0,DiscNRX,gated,463,1,0,0,0,nan,nan,-0.8066166520118714
0,DiscNRX,gated,464,1,0,0,0,nan,nan,-0.8066166520118714
0,DiscNRX,gated,465,1,0,0,0,nan,nan,-0.8066166520118714
0,DiscNRX,gated,466,1,0,0,0,nan,nan,-0.8066166520118714
0,DiscNRX,gated,467,1,0,0,0,nan,nan,-0.8066166520118714
0,DiscNRX,gated,468,1,0,0,0,nan,nan,-0.8066166520118714
0,DiscNRX,gated,469,1,0,0,0,nan,nan,-0.8066166520118714
0,DiscNRX,gated,470,1,0,0,0,nan,nan,-0.8066166520118714
0,DiscNRX,gated,471,1,0,0,0,nan,nan,-0.8066166520118714
0,DiscNRX,gated,472,1,0,0,0,nan,nan,-0.8066166520118714
0,DiscNRX,gated,473,1,0,0,0,nan,nan,-0.8066166520118714
0,DiscNRX,gated,474,1,0,0,0,nan,nan,-0.8066166520118714
0,DiscNRX,gated,475,1,0,0,0,nan,nan,-0.8066166520118714
0,DiscNRX,gated,476,1,0,0,0,nan,nan,-0.8066166520118714
0,DiscNRX,gated,477,1,0,0,0,nan,nan,-0.8066166520118714
0,DiscNRX,gated,478,1,0,0,0,nan,nan,-0.8066166520118714
0,DiscNRX,gated,479,1,0,0,0,nan,nan,-0.8066166520118714
0,DiscNRX,gated,480,1,0,0,0,nan,nan,-0.8066166520118714
0,DiscNRX,gated,481,1,0,0,0,nan,nan,-0.8066166520118714
0,DiscNRX,gated,482,1,0,0,0,nan,nan,-0.8066166520118714
0,DiscNRX,gated,483,1,0,0,0,nan,nan,-0.8066166520118714
0,DiscNRX,gated,484,1,0,0,0,nan,nan,-0.8066166520118714
0,DiscNRX,gated,485,1,0,0,0,nan,nan,-0.8066166520118714
0,DiscNRX,gated,486,1,0,0,0,nan,nan,-0.8066166520118714
0,DiscNRX,gated,487,1,0,0,0,nan,nan,-0.8066166520118714
0,DiscNRX,gated,488,1,0,0,0,nan,nan,-0.8066166520118714
0,DiscNRX,gated,489,1,0,0,0,nan,nan,-0.8066166520118714
0,DiscNRX,gated,490,1,0,0,0,nan,nan,-0.8066166520118714
0,DiscNRX,gated,491,1,0,0,0,nan,nan,-0.8066166520118714
0,DiscNRX,gated,492,1,0,0,0,nan,nan,-0.8066166520118714
0,DiscNRX,gated,493,1,0,0,0,nan,nan,-0.8066166520118714
0,DiscNRX,gated,494,1,0,0,0,nan,nan,-0.8066166520118714
0,DiscNRX,gated,495,1,0,0,0,nan,nan,-0.8066166520118714
0,DiscNRX,gated,496,1,0,0,0,nan,nan,-0.8066166520118714
0,DiscNRX,gated,497,1,0,0,0,nan,nan,-0.8066166520118714
0,DiscNRX,gated,498,1,0,0,0,nan,nan,-0.8066166520118714
0,DiscNRX,gated,499,1,0,0,0,nan,nan,-0.8066166520118714
0,DiscNRX,gated,500,1,0,0,0,nan,nan,-0.8066166520118714
0,DiscNRX,gated,501,1,0,0,0,nan,nan,-0.8066166520118714
0,DiscNRX,gated,502,1,0,0,0,nan,nan,-0.8066166520118714
0,DiscNRX,gated,503,1,0,0,0,nan,nan,-0.8066166520118714
0,DiscNRX,gated,504,1,0,0,0,nan,nan,-0.8066166520118714
0,DiscNRX,gated,505,1,0,0,0,nan,nan,-0.8066166520118714
0,DiscNRX,gated,506,1,0,0,0,nan,nan,-0.8066166520118714
0,DiscNRX,gated,507,1,0,0,0,nan,nan,-0.8066166520118714
0,DiscNRX,gated,508,1,0,0,0,nan,nan,-0.8066166520118714
0,DiscNRX,gated,509,1,0,0,0,nan,nan,-0.8066166520118714
0,DiscNRX,gated,510,1,0,0,0,nan,nan,-0.8066166520118714
0,DiscNRX,gated,511,1,0,0,0,nan,nan,-0.8066166520118714
0,DiscNRX,gated,512,1,0,0,0,nan,nan,-0.8066166520118714
0,DiscNRX,gated,513,1,0,0,0,nan,nan,-0.8066166520118714
0,DiscNRX,gated,514,1,0,0,0,nan,nan,-0.8066166520118714
0,DiscNRX,gated,515,1,0,0,0,nan,nan,-0.8066166520118714
0,DiscNRX,gated,516,1,0,0,0,nan,nan,-0.8066166520118714
0,DiscNRX,gated,517,1,0,0,0,nan,nan,-0.8066166520118714
0,DiscNRX,gated,518,1,0,0,0,nan,nan,-0.8066166520118714
0,DiscNRX,gated,519,1,0,0,0,nan,nan,-0.8066166520118714
0,DiscNRX,gated,520,1,0,0,0,nan,nan,-0.8066166520118714
0,DiscNRX,gated,521,1,0,0,0,nan,nan,-0.8066166520118714
0,DiscNRX,gated,522,1,0,0,0,nan,nan,-0.8066166520118714
0,DiscNRX,gated,523,1,0,0,0,nan,nan,-0.8066166520118714
0,DiscNRX,gated,524,1,0,0,0,nan,nan,-0.8066166520118714
0,DiscNRX,gated,525,1,0,0,0,nan,nan,-0.8066166520118714
0,DiscNRX,gated,526,1,0,0,0,nan,nan,-0.8066166520118714
0,DiscNRX,gated,527,1,0,0,0,nan,nan,-0.8066166520118714
0,DiscNRX,gated,528,1,0,0,0,nan,nan,-0.8066166520118714
0,DiscNRX,gated,529,1,0,0,0,nan,nan,-0.8066166520118714
0,DiscNRX,gated,530,1,0,0,0,nan,nan,-0.8066166520118714
0,DiscNRX,gated,531,1,0,0,0,nan,nan,-0.8066166520118714
0,DiscNRX,gated,532,1,0,0,0,nan,nan,-0.8066166520118714
0,DiscNRX,gated,533,1,0,0,0,nan,nan,-0.8066166520118714
0,DiscNRX,gated,534,1,0,0,0,nan,nan,-0.8066166520118714
0,DiscNRX,gated,535,1,0,0,0,nan,nan,-0.8066166520118714
0,DiscNRX,gated,536,1,0,0,0,nan,nan,-0.8066166520118714
0,DiscNRX,gated,537,1,0,0,0,nan,nan,-0.8066166520118714
0,DiscNRX,gated,538,1,0,0,0,nan,nan,-0.8066166520118714
0,DiscNRX,gated,539,1,0,0,0,nan,nan,-0.8066166520118714
0,DiscNRX,gated,540,1,0,0,0,nan,nan,-0.8066166520118714
0,DiscNRX,gated,541,1,0,0,0,nan,nan,-0.8066166520118714
0,DiscNRX,gated,542,1,0,0,0,nan,nan,-0.8066166520118714
0,DiscNRX,gated,543,1,0,0,0,nan,nan,-0.8066166520118714
0,DiscNRX,gated,544,1,0,0,0,nan,nan,-0.8066166520118714
0,DiscNRX,gated,545,1,0,0,0,nan,nan,-0.8066166520118714
0,DiscNRX,gated,546,1,0,0,0,nan,nan,-0.8066166520118714
0,DiscNRX,gated,547,1,0,0,0,nan,nan,-0.8066166520118714
0,DiscNRX,gated,548,1,0,0,0,nan,nan,-0.8066166520118714
0,DiscNRX,gated,549,1,0,0,0,nan,nan,-0.8066166520118714
0,DiscNRX,gated,550,1,0,0,0,nan,nan,-0.8066166520118714
0,DiscNRX,gated,551,1,0,0,0,nan,nan,-0.8066166520118714
0,DiscNRX,gated,552,1,0,0,0,nan,nan,-0.8066166520118714
0,DiscNRX,gated,553,1,0,0,0,nan,nan,-0.8066166520118714
0,DiscNRX,gated,554,1,0,0,0,nan,nan,-0.8066166520118714
0,DiscNRX,gated,555,1,0,0,0,nan,nan,-0.8066166520118714
0,DiscNRX,gated,556,1,0,0,0,nan,nan,-0.8066166520118714
0,DiscNRX,gated,557,1,0,0,0,nan,nan,-0.8066166520118714
0,DiscNRX,gated,558,1,0,0,0,nan,nan,-0.8066166520118714
0,DiscNRX,gated,559,1,0,0,0,nan,nan,-0.8066166520118714
0,DiscNRX,gated,560,1,0,0,0,nan,nan,-0.8066166520118714
0,DiscNRX,gated,561,1,0,0,0,nan,nan,-0.8066166520118714
0,DiscNRX,gated,562,1,0,0,0,nan,nan,-0.8066166520118714
0,DiscNRX,gated,563,1,0,0,0,nan,nan,-0.8066166520118714
0,DiscNRX,gated,564,1,0,0,0,nan,nan,-0.8066166520118714
0,DiscNRX,gated,565,1,0,0,0,nan,nan,-0.8066166520118714
0,DiscNRX,gated,566,1,0,0,0,nan,nan,-0.8066166520118714
0,DiscNRX,gated,567,1,0,0,0,nan,nan,-0.8066166520118714
0,DiscNRX,gated,568,1,0,0,0,nan,nan,-0.8066166520118714
0,DiscNRX,gated,569,1,0,0,0,nan,nan,-0.8066166520118714
0,DiscNRX,gated,570,1,0,0,0,nan,nan,-0.8066166520118714
0,DiscNRX,gated,571,1,0,0,0,nan,nan,-0.8066166520118714
0,DiscNRX,gated,572,1,0,0,0,nan,nan,-0.8066166520118714
0,DiscNRX,gated,573,1,0,0,0,nan,nan,-0.8066166520118714
0,DiscNRX,gated,574,1,0,0,0,nan,nan,-0.8066166520118714
0,DiscNRX,gated,575,1,0,0,0,nan,nan,-0.8066166520118714
0,DiscNRX,gated,576,1,0,0,0,nan,nan,-0.8066166520118714
0,DiscNRX,gated,577,1,0,0,0,nan,nan,-0.8066166520118714
0,DiscNRX,gated,578,1,0,0,0,nan,nan,-0.8066166520118714
0,DiscNRX,gated,579,1,0,0,0,nan,nan,-0.8066166520118714
0,DiscNRX,gated,580,1,0,0,0,nan,nan,-0.8066166520118714
0,DiscNRX,gated,581,1,0,0,0,nan,nan,-0.8066166520118714
0,DiscNRX,gated,582,1,0,0,0,nan,nan,-0.8066166520118714
0,DiscNRX,gated,583,1,0,0,0,nan,nan,-0.8066166520118714
0,DiscNRX,gated,584,1,0,0,0,nan,nan,-0.8066166520118714
0,DiscNRX,gated,585,1,0,0,0,nan,nan,-0.8066166520118714
0,DiscNRX,gated,586,1,0,0,0,nan,nan,-0.8066166520118714
0,DiscNRX,gated,587,1,0,0,0,nan,nan,-0.8066166520118714
0,DiscNRX,gated,588,1,0,0,0,nan,nan,-0.8066166520118714
0,DiscNRX,gated,589,1,0,0,0,nan,nan,-0.8066166520118714
0,DiscNRX,gated,590,1,0,0,0,nan,nan,-0.8066166520118714
0,DiscNRX,gated,591,1,0,0,0,nan,nan,-0.8066166520118714
0,DiscNRX,gated,592,1,0,0,0,nan,nan,-0.8066166520118714
0,DiscNRX,gated,593,1,0,0,0,nan,nan,-0.8066166520118714
0,DiscNRX,gated,594,1,0,0,0,nan,nan,-0.8066166520118714
0,DiscNRX,gated,595,1,0,0,0,nan,nan,-0.8066166520118714
0,DiscNRX,gated,596,1,0,0,0,nan,nan,-0.8066166520118714
0,DiscNRX,gated,597,1,0,0,0,nan,nan,-0.8066166520118714
0,DiscNRX,gated,598,1,0,0,0,nan,nan,-0.8066166520118714
0,DiscNRX,gated,599,1,0,0,0,nan,nan,-0.8066166520118714
0,DiscNRX,gated,600,1,0,0,0,nan,nan,-0.8066166520118714
0,DiscNRX,gated,601,1,0,0,0,nan,nan,-0.8066166520118714
0,DiscNRX,gated,602,1,0,0,0,nan,nan,-0.8066166520118714
0,DiscNRX,gated,603,1,0,0,0,nan,nan,-0.8066166520118714
0,DiscNRX,gated,604,1,0,0,0,nan,nan,-0.8066166520118714
0,DiscNRX,gated,605,1,0,0,0,nan,nan,-0.8066166520118714
0,DiscNRX,gated,606,1,0,0,0,nan,nan,-0.8066166520118714
0,DiscNRX,gated,607,1,0,0,0,nan,nan,-0.8066166520118714
0,DiscNRX,gated,608,1,0,0,0,nan,nan,-0.8066166520118714
0,DiscNRX,gated,609,1,0,0,0,nan,nan,-0.8066166520118714
0,DiscNRX,gated,610,1,0,0,0,nan,nan,-0.8066166520118714
0,DiscNRX,gated,611,1,0,0,0,nan,nan,-0.8066166520118714
0,DiscNRX,gated,612,1,0,0,0,nan,nan,-0.8066166520118714
0,DiscNRX,gated,613,1,0,0,0,nan,nan,-0.8066166520118714
0,DiscNRX,gated,614,1,0,0,0,nan,nan,-0.8066166520118714
0,DiscNRX,gated,615,1,0,0,0,nan,nan,-0.8066166520118714
0,DiscNRX,gated,616,1,0,0,0,nan,nan,-0.8066166520118714
0,DiscNRX,gated,617,1,0,0,0,nan,nan,-0.8066166520118714
0,DiscNRX,gated,618,1,0,0,0,nan,nan,-0.8066166520118714
0,DiscNRX,gated,619,1,0,0,0,nan,nan,-0.8066166520118714
0,DiscNRX,gated,620,1,0,0,0,nan,nan,-0.8066166520118714
0,DiscNRX,gated,621,1,0,0,0,nan,nan,-0.8066166520118714
0,DiscNRX,gated,622,1,0,0,0,nan,nan,-0.8066166520118714
0,DiscNRX,gated,623,1,0,0,0,nan,nan,-0.8066166520118714
0,DiscNRX,gated,624,1,0,0,0,nan,nan,-0.8066166520118714
0,DiscNRX,gated,625,1,0,0,0,nan,nan,-0.8066166520118714
0,DiscNRX,gated,626,1,0,0,0,nan,nan,-0.8066166520118714
0,DiscNRX,gated,627,1,0,0,0,nan,nan,-0.8066166520118714
0,DiscNRX,gated,628,1,0,0,0,nan,nan,-0.8066166520118714
0,DiscNRX,gated,629,1,0,0,0,nan,nan,-0.8066166520118714
0,DiscNRX,gated,630,1,0,0,0,nan,nan,-0.8066166520118714
0,DiscNRX,gated,631,1,0,0,0,nan,nan,-0.8066166520118714
0,DiscNRX,gated,632,1,0,0,0,nan,nan,-0.8066166520118714
0,DiscNRX,gated,633,1,0,0,0,nan,nan,-0.8066166520118714
0,DiscNRX,gated,634,1,0,0,0,nan,nan,-0.8066166520118714
0,DiscNRX,gated,635,1,0,0,0,nan,nan,-0.8066166520118714
0,DiscNRX,gated,636,1,0,0,0,nan,nan,-0.8066166520118714
0,DiscNRX,gated,637,1,0,0,0,nan,nan,-0.8066166520118714
0,DiscNRX,gated,638,1,0,0,0,nan,nan,-0.8066166520118714
0,DiscNRX,gated,639,1,0,0,0,nan,nan,-0.8066166520118714
0,DiscNRX,gated,640,1,0,0,0,nan,nan,-0.8066166520118714
0,DiscNRX,gated,641,1,0,0,0,nan,nan,-0.8066166520118714
0,DiscNRX,gated,642,1,0,0,0,nan,nan,-0.8066166520118714
0,DiscNRX,gated,643,1,0,0,0,nan,nan,-0.8066166520118714
0,DiscNRX,gated,644,1,0,0,0,nan,nan,-0.8066166520118714
0,DiscNRX,gated,645,1,0,0,0,nan,nan,-0.8066166520118714
0,DiscNRX,gated,646,1,0,0,0,nan,nan,-0.8066166520118714
0,DiscNRX,gated,647,1,0,0,0,nan,nan,-0.8066166520118714
0,DiscNRX,gated,648,1,0,0,0,nan,nan,-0.8066166520118714
0,DiscNRX,gated,649,1,0,0,0,nan,nan,-0.8066166520118714
0,DiscNRX,gated,650,1,0,0,0,nan,nan,-0.8066166520118714
0,DiscNRX,gated,651,1,0,0,0,nan,nan,-0.8066166520118714
0,DiscNRX,gated,652,1,0,0,0,nan,nan,-0.8066166520118714
0,DiscNRX,gated,653,1,0,0,0,nan,nan,-0.8066166520118714
0,DiscNRX,gated,654,1,0,0,0,nan,nan,-0.8066166520118714
0,DiscNRX,gated,655,1,0,0,0,nan,nan,-0.8066166520118714
0,DiscNRX,gated,656,1,0,0,0,nan,nan,-0.8066166520118714
0,DiscNRX,gated,657,1,0,0,0,nan,nan,-0.8066166520118714
0,DiscNRX,gated,658,1,0,0,0,nan,nan,-0.8066166520118714
0,DiscNRX,gated,659,1,0,0,0,nan,nan,-0.8066166520118714
0,DiscNRX,gated,660,1,0,0,0,nan,nan,-0.8066166520118714
0,DiscNRX,gated,661,1,0,0,0,nan,nan,-0.8066166520118714
0,DiscNRX,gated,662,1,0,0,0,nan,nan,-0.8066166520118714
0,DiscNRX,gated,663,1,0,0,0,nan,nan,-0.8066166520118714
0,DiscNRX,gated,664,1,0,0,0,nan,nan,-0.8066166520118714
0,DiscNRX,gated,665,1,0,0,0,nan,nan,-0.8066166520118714
0,DiscNRX,gated,666,1,0,0,0,nan,nan,-0.8066166520118714
0,DiscNRX,gated,667,1,0,0,0,nan,nan,-0.8066166520118714
0,DiscNRX,gated,668,1,0,0,0,nan,nan,-0.8066166520118714
0,DiscNRX,gated,669,1,0,0,0,nan,nan,-0.8066166520118714
0,DiscNRX,gated,670,1,0,0,0,nan,nan,-0.8066166520118714
0,DiscNRX,gated,671,1,0,0,0,nan,nan,-0.8066166520118714
0,DiscNRX,gated,672,1,0,0,0,nan,nan,-0.8066166520118714
0,DiscNRX,gated,673,1,0,0,0,nan,nan,-0.8066166520118714
0,DiscNRX,gated,674,1,0,0,0,nan,nan,-0.8066166520118714
0,DiscNRX,gated,675,1,0,0,0,nan,nan,-0.8066166520118714
0,DiscNRX,gated,676,1,0,0,0,nan,nan,-0.8066166520118714
0,DiscNRX,gated,677,1,0,0,0,nan,nan,-0.8066166520118714
0,DiscNRX,gated,678,1,0,0,0,nan,nan,-0.8066166520118714
0,DiscNRX,gated,679,1,0,0,0,nan,nan,-0.8066166520118714
0,DiscNRX,gated,680,1,0,0,0,nan,nan,-0.8066166520118714
0,DiscNRX,gated,681,1,0,0,0,nan,nan,-0.8066166520118714
0,DiscNRX,gated,682,1,0,0,0,nan,nan,-0.8066166520118714
0,DiscNRX,gated,683,1,0,0,0,nan,nan,-0.8066166520118714
0,DiscNRX,gated,684,1,0,0,0,nan,nan,-0.8066166520118714
0,DiscNRX,gated,685,1,0,0,0,nan,nan,-0.8066166520118714
0,DiscNRX,gated,686,1,0,0,0,nan,nan,-0.8066166520118714
0,DiscNRX,gated,687,1,0,0,0,nan,nan,-0.8066166520118714
0,DiscNRX,gated,688,1,0,0,0,nan,nan,-0.8066166520118714
0,DiscNRX,gated,689,1,0,0,0,nan,nan,-0.8066166520118714
0,DiscNRX,gated,690,1,0,0,0,nan,nan,-0.8066166520118714
0,DiscNRX,gated,691,1,0,0,0,nan,nan,-0.8066166520118714
0,DiscNRX,gated,692,1,0,0,0,nan,nan,-0.8066166520118714
0,DiscNRX,gated,693,1,0,0,0,nan,nan,-0.8066166520118714
0,DiscNRX,gated,694,1,0,0,0,nan,nan,-0.8066166520118714
0,DiscNRX,gated,695,1,0,0,0,nan,nan,-0.8066166520118714
0,DiscNRX,gated,696,1,0,0,0,nan,nan,-0.8066166520118714
0,DiscNRX,gated,697,1,0,0,0,nan,nan,-0.8066166520118714
0,DiscNRX,gated,698,1,0,0,0,nan,nan,-0.8066166520118714
0,DiscNRX,gated,699,1,0,0,0,nan,nan,-0.8066166520118714
0,DiscNRX,gated,700,1,0,0,0,nan,nan,-0.8066166520118714
0,DiscNRX,gated,701,1,0,0,0,nan,nan,-0.8066166520118714
0,DiscNRX,gated,702,1,0,0,0,nan,nan,-0.8066166520118714
0,DiscNRX,gated,703,1,0,0,0,nan,nan,-0.8066166520118714
0,DiscNRX,gated,704,1,0,0,0,nan,nan,-0.8066166520118714
0,DiscNRX,gated,705,1,0,0,0,nan,nan,-0.8066166520118714
0,DiscNRX,gated,706,1,0,0,0,nan,nan,-0.8066166520118714
0,DiscNRX,gated,707,1,0,0,0,nan,nan,-0.8066166520118714
0,DiscNRX,gated,708,1,0,0,0,nan,nan,-0.8066166520118714
0,DiscNRX,gated,709,1,0,0,0,nan,nan,-0.8066166520118714
0,DiscNRX,gated,710,1,0,0,0,nan,nan,-0.8066166520118714
0,DiscNRX,gated,711,1,0,0,0,nan,nan,-0.8066166520118714
0,DiscNRX,gated,712,1,0,0,0,nan,nan,-0.8066166520118714
0,DiscNRX,gated,713,1,0,0,0,nan,nan,-0.8066166520118714
0,DiscNRX,gated,714,1,0,0,0,nan,nan,-0.8066166520118714
0,DiscNRX,gated,715,1,0,0,0,nan,nan,-0.8066166520118714
0,DiscNRX,gated,716,1,0,0,0,nan,nan,-0.8066166520118714
0,DiscNRX,gated,717,1,0,0,0,nan,nan,-0.8066166520118714
0,DiscNRX,gated,718,1,0,0,0,nan,nan,-0.8066166520118714
0,DiscNRX,gated,719,1,0,0,0,nan,nan,-0.8066166520118714
0,DiscNRX,gated,720,1,0,0,0,nan,nan,-0.8066166520118714
0,DiscNRX,gated,721,1,0,0,0,nan,nan,-0.8066166520118714
0,DiscNRX,gated,722,1,0,0,0,nan,nan,-0.8066166520118714
0,DiscNRX,gated,723,1,0,0,0,nan,nan,-0.8066166520118714
0,DiscNRX,gated,724,1,0,0,0,nan,nan,-0.8066166520118714
0,DiscNRX,gated,725,1,0,0,0,nan,nan,-0.8066166520118714
0,DiscNRX,gated,726,1,0,0,0,nan,nan,-0.8066166520118714
0,DiscNRX,gated,727,1,0,0,0,nan,nan,-0.8066166520118714
0,DiscNRX,gated,728,1,0,0,0,nan,nan,-0.8066166520118714
0,DiscNRX,gated,729,1,0,0,0,nan,nan,-0.8066166520118714
0,DiscNRX,gated,730,1,0,0,0,nan,nan,-0.8066166520118714
0,DiscNRX,gated,731,1,0,0,0,nan,nan,-0.8066166520118714
0,DiscNRX,gated,732,1,0,0,0,nan,nan,-0.8066166520118714
0,DiscNRX,gated,733,1,0,0,0,nan,nan,-0.8066166520118714
0,DiscNRX,gated,734,1,0,0,0,nan,nan,-0.8066166520118714
0,DiscNRX,gated,735,1,0,0,0,nan,nan,-0.8066166520118714
0,DiscNRX,gated,736,1,0,0,0,nan,nan,-0.8066166520118714
0,DiscNRX,gated,737,1,0,0,0,nan,nan,-0.8066166520118714
0,DiscNRX,gated,738,1,0,0,0,nan,nan,-0.8066166520118714
0,DiscNRX,gated,739,1,0,0,0,nan,nan,-0.8066166520118714
0,DiscNRX,gated,740,1,0,0,0,nan,nan,-0.8066166520118714
0,DiscNRX,gated,741,1,0,0,0,nan,nan,-0.8066166520118714
0,DiscNRX,gated,742,1,0,0,0,nan,nan,-0.8066166520118714
0,DiscNRX,gated,743,1,0,0,0,nan,nan,-0.8066166520118714
0,DiscNRX,gated,744,1,0,0,0,nan,nan,-0.8066166520118714
0,DiscNRX,gated,745,1,0,0,0,nan,nan,-0.8066166520118714
0,DiscNRX,gated,746,1,0,0,0,nan,nan,-0.8066166520118714
0,DiscNRX,gated,747,1,0,0,0,nan,nan,-0.8066166520118714
0,DiscNRX,gated,748,1,0,0,0,nan,nan,-0.8066166520118714
0,DiscNRX,gated,749,1,0,0,0,nan,nan,-0.8066166520118714
0,DiscNRX,gated,750,1,0,0,0,nan,nan,-0.8066166520118714
0,DiscNRX,gated,751,1,0,0,0,nan,nan,-0.8066166520118714
0,DiscNRX,gated,752,1,0,0,0,nan,nan,-0.8066166520118714
0,DiscNRX,gated,753,1,0,0,0,nan,nan,-0.8066166520118714
0,DiscNRX,gated,754,1,0,0,0,nan,nan,-0.8066166520118714
0,DiscNRX,gated,755,1,0,0,0,nan,nan,-0.8066166520118714
0,DiscNRX,gated,756,1,0,0,0,nan,nan,-0.8066166520118714
0,DiscNRX,gated,757,1,0,0,0,nan,nan,-0.8066166520118714
0,DiscNRX,gated,758,1,0,0,0,nan,nan,-0.8066166520118714
0,DiscNRX,gated,759,1,0,0,0,nan,nan,-0.8066166520118714
0,DiscNRX,gated,760,1,0,0,0,nan,nan,-0.8066166520118714
0,DiscNRX,gated,761,1,0,0,0,nan,nan,-0.8066166520118714
0,DiscNRX,gated,762,1,0,0,0,nan,nan,-0.8066166520118714
0,DiscNRX,gated,763,1,0,0,0,nan,nan,-0.8066166520118714
0,DiscNRX,gated,764,1,0,0,0,nan,nan,-0.8066166520118714
0,DiscNRX,gated,765,1,0,0,0,nan,nan,-0.8066166520118714
0,DiscNRX,gated,766,1,0,0,0,nan,nan,-0.8066166520118714
0,DiscNRX,gated,767,1,0,0,0,nan,nan,-0.8066166520118714
0,DiscNRX,gated,768,1,0,0,0,nan,nan,-0.8066166520118714
0,DiscNRX,gated,769,1,0,0,0,nan,nan,-0.8066166520118714
0,DiscNRX,gated,770,1,0,0,0,nan,nan,-0.8066166520118714
0,DiscNRX,gated,771,1,0,0,0,nan,nan,-0.8066166520118714
0,DiscNRX,gated,772,1,0,0,0,nan,nan,-0.8066166520118714
0,DiscNRX,gated,773,1,0,0,0,nan,nan,-0.8066166520118714
0,DiscNRX,gated,774,1,0,0,0,nan,nan,-0.8066166520118714
0,DiscNRX,gated,775,1,0,0,0,nan,nan,-0.8066166520118714
0,DiscNRX,gated,776,1,0,0,0,nan,nan,-0.8066166520118714
0,DiscNRX,gated,777,1,0,0,0,nan,nan,-0.8066166520118714
0,DiscNRX,gated,778,1,0,0,0,nan,nan,-0.8066166520118714
0,DiscNRX,gated,779,1,0,0,0,nan,nan,-0.8066166520118714
0,DiscNRX,gated,780,1,0,0,0,nan,nan,-0.8066166520118714
0,DiscNRX,gated,781,1,0,0,0,nan,nan,-0.8066166520118714
0,DiscNRX,gated,782,1,0,0,0,nan,nan,-0.8066166520118714
0,DiscNRX,gated,783,1,0,0,0,nan,nan,-0.8066166520118714
0,DiscNRX,gated,784,1,0,0,0,nan,nan,-0.8066166520118714
0,DiscNRX,gated,785,1,0,0,0,nan,nan,-0.8066166520118714
0,DiscNRX,gated,786,1,0,0,0,nan,nan,-0.8066166520118714
0,DiscNRX,gated,787,1,0,0,0,nan,nan,-0.8066166520118714
0,DiscNRX,gated,788,1,0,0,0,nan,nan,-0.8066166520118714
0,DiscNRX,gated,789,1,0,0,0,nan,nan,-0.8066166520118714
0,DiscNRX,gated,790,1,0,0,0,nan,nan,-0.8066166520118714
0,DiscNRX,gated,791,1,0,0,0,nan,nan,-0.8066166520118714
0,DiscNRX,gated,792,1,0,0,0,nan,nan,-0.8066166520118714
0,DiscNRX,gated,793,1,0,0,0,nan,nan,-0.8066166520118714
0,DiscNRX,gated,794,1,0,0,0,nan,nan,-0.8066166520118714
0,DiscNRX,gated,795,1,0,0,0,nan,nan,-0.8066166520118714
0,DiscNRX,gated,796,1,0,0,0,nan,nan,-0.8066166520118714
0,DiscNRX,gated,797,1,0,0,0,nan,nan,-0.8066166520118714
0,DiscNRX,gated,798,1,0,0,0,nan,nan,-0.8066166520118714
0,DiscNRX,gated,799,1,0,0,0,nan,nan,-0.8066166520118714
0,DiscNRX,gated,800,1,0,0,0,nan,nan,-0.8066166520118714
0,DiscNRX,gated,801,1,0,0,0,nan,nan,-0.8066166520118714
0,DiscNRX,gated,802,1,0,0,0,nan,nan,-0.8066166520118714
0,DiscNRX,gated,803,1,0,0,0,nan,nan,-0.8066166520118714
0,DiscNRX,gated,804,1,0,0,0,nan,nan,-0.8066166520118714
0,DiscNRX,gated,805,1,0,0,0,nan,nan,-0.8066166520118714
0,DiscNRX,gated,806,1,0,0,0,nan,nan,-0.8066166520118714
0,DiscNRX,gated,807,1,0,0,0,nan,nan,-0.8066166520118714
0,DiscNRX,gated,808,1,0,0,0,nan,nan,-0.8066166520118714
0,DiscNRX,gated,809,1,0,0,0,nan,nan,-0.8066166520118714
0,DiscNRX,gated,810,1,0,0,0,nan,nan,-0.8066166520118714
0,DiscNRX,gated,811,1,0,0,0,nan,nan,-0.8066166520118714
0,DiscNRX,gated,812,1,0,0,0,nan,nan,-0.8066166520118714
0,DiscNRX,gated,813,1,0,0,0,nan,nan,-0.8066166520118714
0,DiscNRX,gated,814,1,0,0,0,nan,nan,-0.8066166520118714
0,DiscNRX,gated,815,1,0,0,0,nan,nan,-0.8066166520118714
0,DiscNRX,gated,816,1,0,0,0,nan,nan,-0.8066166520118714
0,DiscNRX,gated,817,1,0,0,0,nan,nan,-0.8066166520118714
0,DiscNRX,gated,818,1,0,0,0,nan,nan,-0.8066166520118714
0,DiscNRX,gated,819,1,0,0,0,nan,nan,-0.8066166520118714
0,DiscNRX,gated,820,1,0,0,0,nan,nan,-0.8066166520118714
0,DiscNRX,gated,821,1,0,0,0,nan,nan,-0.8066166520118714
0,DiscNRX,gated,822,1,0,0,0,nan,nan,-0.8066166520118714
0,DiscNRX,gated,823,1,0,0,0,nan,nan,-0.8066166520118714
0,DiscNRX,gated,824,1,0,0,0,nan,nan,-0.8066166520118714
0,DiscNRX,gated,825,1,0,0,0,nan,nan,-0.8066166520118714
0,DiscNRX,gated,826,1,0,0,0,nan,nan,-0.8066166520118714
0,DiscNRX,gated,827,1,0,0,0,nan,nan,-0.8066166520118714
0,DiscNRX,gated,828,1,0,0,0,nan,nan,-0.8066166520118714
0,DiscNRX,gated,829,1,0,0,0,nan,nan,-0.8066166520118714
0,DiscNRX,gated,830,1,0,0,0,nan,nan,-0.8066166520118714
0,DiscNRX,gated,831,1,0,0,0,nan,nan,-0.8066166520118714
0,DiscNRX,gated,832,1,0,0,0,nan,nan,-0.8066166520118714
0,DiscNRX,gated,833,1,0,0,0,nan,nan,-0.8066166520118714
0,DiscNRX,gated,834,1,0,0,0,nan,nan,-0.8066166520118714
0,DiscNRX,gated,835,1,0,0,0,nan,nan,-0.8066166520118714
0,DiscNRX,gated,836,1,0,0,0,nan,nan,-0.8066166520118714
0,DiscNRX,gated,837,1,0,0,0,nan,nan,-0.8066166520118714
0,DiscNRX,gated,838,1,0,0,0,nan,nan,-0.8066166520118714
0,DiscNRX,gated,839,1,0,0,0,nan,nan,-0.8066166520118714
0,DiscNRX,gated,840,1,0,0,0,nan,nan,-0.8066166520118714
0,DiscNRX,gated,841,1,0,0,0,nan,nan,-0.8066166520118714
0,DiscNRX,gated,842,1,0,0,0,nan,nan,-0.8066166520118714
0,DiscNRX,gated,843,1,0,0,0,nan,nan,-0.8066166520118714
0,DiscNRX,gated,844,1,0,0,0,nan,nan,-0.8066166520118714
0,DiscNRX,gated,845,1,0,0,0,nan,nan,-0.8066166520118714
0,DiscNRX,gated,846,1,0,0,0,nan,nan,-0.8066166520118714
0,DiscNRX,gated,847,1,0,0,0,nan,nan,-0.8066166520118714
0,DiscNRX,gated,848,1,0,0,0,nan,nan,-0.8066166520118714
0,DiscNRX,gated,849,1,0,0,0,nan,nan,-0.8066166520118714
0,DiscNRX,gated,850,1,0,0,0,nan,nan,-0.8066166520118714
0,DiscNRX,gated,851,1,0,0,0,nan,nan,-0.8066166520118714
0,DiscNRX,gated,852,1,0,0,0,nan,nan,-0.8066166520118714
0,DiscNRX,gated,853,1,0,0,0,nan,nan,-0.8066166520118714
0,DiscNRX,gated,854,1,0,0,0,nan,nan,-0.8066166520118714
0,DiscNRX,gated,855,1,0,0,0,nan,nan,-0.8066166520118714
0,DiscNRX,gated,856,1,0,0,0,nan,nan,-0.8066166520118714
0,DiscNRX,gated,857,1,0,0,0,nan,nan,-0.8066166520118714
0,DiscNRX,gated,858,1,0,0,0,nan,nan,-0.8066166520118714
0,DiscNRX,gated,859,1,0,0,0,nan,nan,-0.8066166520118714
0,DiscNRX,gated,860,1,0,0,0,nan,nan,-0.8066166520118714
0,DiscNRX,gated,861,1,0,0,0,nan,nan,-0.8066166520118714
0,DiscNRX,gated,862,1,0,0,0,nan,nan,-0.8066166520118714
0,DiscNRX,gated,863,1,0,0,0,nan,nan,-0.8066166520118714
0,DiscNRX,gated,864,1,0,0,0,nan,nan,-0.8066166520118714
0,DiscNRX,gated,865,1,0,0,0,nan,nan,-0.8066166520118714
0,DiscNRX,gated,866,1,0,0,0,nan,nan,-0.8066166520118714
0,DiscNRX,gated,867,1,0,0,0,nan,nan,-0.8066166520118714
0,DiscNRX,gated,868,1,0,0,0,nan,nan,-0.8066166520118714
0,DiscNRX,gated,869,1,0,0,0,nan,nan,-0.8066166520118714
0,DiscNRX,gated,870,1,0,0,0,nan,nan,-0.8066166520118714
0,DiscNRX,gated,871,1,0,0,0,nan,nan,-0.8066166520118714
0,DiscNRX,gated,872,1,0,0,0,nan,nan,-0.8066166520118714
0,DiscNRX,gated,873,1,0,0,0,nan,nan,-0.8066166520118714
0,DiscNRX,gated,874,1,0,0,0,nan,nan,-0.8066166520118714
0,DiscNRX,gated,875,1,0,0,0,nan,nan,-0.8066166520118714
0,DiscNRX,gated,876,1,0,0,0,nan,nan,-0.8066166520118714
0,DiscNRX,gated,877,1,0,0,0,nan,nan,-0.8066166520118714
0,DiscNRX,gated,878,1,0,0,0,nan,nan,-0.8066166520118714
0,DiscNRX,gated,879,1,0,0,0,nan,nan,-0.8066166520118714
0,DiscNRX,gated,880,1,0,0,0,nan,nan,-0.8066166520118714
0,DiscNRX,gated,881,1,0,0,0,nan,nan,-0.8066166520118714
0,DiscNRX,gated,882,1,0,0,0,nan,nan,-0.8066166520118714
0,DiscNRX,gated,883,1,0,0,0,nan,nan,-0.8066166520118714
0,DiscNRX,gated,884,1,0,0,0,nan,nan,-0.8066166520118714
0,DiscNRX,gated,885,1,0,0,0,nan,nan,-0.8066166520118714
0,DiscNRX,gated,886,1,0,0,0,nan,nan,-0.8066166520118714
0,DiscNRX,gated,887,1,0,0,0,nan,nan,-0.8066166520118714
0,DiscNRX,gated,888,1,0,0,0,nan,nan,-0.8066166520118714
0,DiscNRX,gated,889,1,0,0,0,nan,nan,-0.8066166520118714
0,DiscNRX,gated,890,1,0,0,0,nan,nan,-0.8066166520118714
0,DiscNRX,gated,891,1,0,0,0,nan,nan,-0.8066166520118714
0,DiscNRX,gated,892,1,0,0,0,nan,nan,-0.8066166520118714
0,DiscNRX,gated,893,1,0,0,0,nan,nan,-0.8066166520118714
0,DiscNRX,gated,894,1,0,0,0,nan,nan,-0.8066166520118714
0,DiscNRX,gated,895,1,0,0,0,nan,nan,-0.8066166520118714
0,DiscNRX,gated,896,1,0,0,0,nan,nan,-0.8066166520118714
0,DiscNRX,gated,897,1,0,0,0,nan,nan,-0.8066166520118714
0,DiscNRX,gated,898,1,0,0,0,nan,nan,-0.8066166520118714
0,DiscNRX,gated,899,1,0,0,0,nan,nan,-0.8066166520118714
0,DiscNRX,gated,900,1,0,0,0,nan,nan,-0.8066166520118714
0,DiscNRX,gated,901,1,0,0,0,nan,nan,-0.8066166520118714
0,DiscNRX,gated,902,1,0,0,0,nan,nan,-0.8066166520118714
0,DiscNRX,gated,903,1,0,0,0,nan,nan,-0.8066166520118714
0,DiscNRX,gated,904,1,0,0,0,nan,nan,-0.8066166520118714
0,DiscNRX,gated,905,1,0,0,0,nan,nan,-0.8066166520118714
0,DiscNRX,gated,906,1,0,0,0,nan,nan,-0.8066166520118714
0,DiscNRX,gated,907,1,0,0,0,nan,nan,-0.8066166520118714
0,DiscNRX,gated,908,1,0,0,0,nan,nan,-0.8066166520118714
0,DiscNRX,gated,909,1,0,0,0,nan,nan,-0.8066166520118714
0,DiscNRX,gated,910,1,0,0,0,nan,nan,-0.8066166520118714
0,DiscNRX,gated,911,1,0,0,0,nan,nan,-0.8066166520118714
0,DiscNRX,gated,912,1,0,0,0,nan,nan,-0.8066166520118714
0,DiscNRX,gated,913,1,0,0,0,nan,nan,-0.8066166520118714
0,DiscNRX,gated,914,1,0,0,0,nan,nan,-0.8066166520118714
0,DiscNRX,gated,915,1,0,0,0,nan,nan,-0.8066166520118714
0,DiscNRX,gated,916,1,0,0,0,nan,nan,-0.8066166520118714
0,DiscNRX,gated,917,1,0,0,0,nan,nan,-0.8066166520118714
0,DiscNRX,gated,918,1,0,0,0,nan,nan,-0.8066166520118714
0,DiscNRX,gated,919,1,0,0,0,nan,nan,-0.8066166520118714
0,DiscNRX,gated,920,1,0,0,0,nan,nan,-0.8066166520118714
0,DiscNRX,gated,921,1,0,0,0,nan,nan,-0.8066166520118714
0,DiscNRX,gated,922,1,0,0,0,nan,nan,-0.8066166520118714
0,DiscNRX,gated,923,1,0,0,0,nan,nan,-0.8066166520118714
0,DiscNRX,gated,924,1,0,0,0,nan,nan,-0.8066166520118714
0,DiscNRX,gated,925,1,0,0,0,nan,nan,-0.8066166520118714
0,DiscNRX,gated,926,1,0,0,0,nan,nan,-0.8066166520118714
0,DiscNRX,gated,927,1,0,0,0,nan,nan,-0.8066166520118714
0,DiscNRX,gated,928,1,0,0,0,nan,nan,-0.8066166520118714
0,DiscNRX,gated,929,1,0,0,0,nan,nan,-0.8066166520118714
0,DiscNRX,gated,930,1,0,0,0,nan,nan,-0.8066166520118714
0,DiscNRX,gated,931,1,0,0,0,nan,nan,-0.8066166520118714
0,DiscNRX,gated,932,1,0,0,0,nan,nan,-0.8066166520118714
0,DiscNRX,gated,933,1,0,0,0,nan,nan,-0.8066166520118714
0,DiscNRX,gated,934,1,0,0,0,nan,nan,-0.8066166520118714
0,DiscNRX,gated,935,1,0,0,0,nan,nan,-0.8066166520118714
0,DiscNRX,gated,936,1,0,0,0,nan,nan,-0.8066166520118714
0,DiscNRX,gated,937,1,0,0,0,nan,nan,-0.8066166520118714
0,DiscNRX,gated,938,1,0,0,0,nan,nan,-0.8066166520118714
0,DiscNRX,gated,939,1,0,0,0,nan,nan,-0.8066166520118714
0,DiscNRX,gated,940,1,0,0,0,nan,nan,-0.8066166520118714
0,DiscNRX,gated,941,1,0,0,0,nan,nan,-0.8066166520118714
0,DiscNRX,gated,942,1,0,0,0,nan,nan,-0.8066166520118714
0,DiscNRX,gated,943,1,0,0,0,nan,nan,-0.8066166520118714
0,DiscNRX,gated,944,1,0,0,0,nan,nan,-0.8066166520118714
0,DiscNRX,gated,945,1,0,0,0,nan,nan,-0.8066166520118714
0,DiscNRX,gated,946,1,0,0,0,nan,nan,-0.8066166520118714
0,DiscNRX,gated,947,1,0,0,0,nan,nan,-0.8066166520118714
0,DiscNRX,gated,948,1,0,0,0,nan,nan,-0.8066166520118714
0,DiscNRX,gated,949,1,0,0,0,nan,nan,-0.8066166520118714
0,DiscNRX,gated,950,1,0,0,0,nan,nan,-0.8066166520118714
0,DiscNRX,gated,951,1,0,0,0,nan,nan,-0.8066166520118714
0,DiscNRX,gated,952,1,0,0,0,nan,nan,-0.8066166520118714
0,DiscNRX,gated,953,1,0,0,0,nan,nan,-0.8066166520118714
0,DiscNRX,gated,954,1,0,0,0,nan,nan,-0.8066166520118714
0,DiscNRX,gated,955,1,0,0,0,nan,nan,-0.8066166520118714
0,DiscNRX,gated,956,1,0,0,0,nan,nan,-0.8066166520118714
0,DiscNRX,gated,957,1,0,0,0,nan,nan,-0.8066166520118714
0,DiscNRX,gated,958,1,0,0,0,nan,nan,-0.8066166520118714
0,DiscNRX,gated,959,1,0,0,0,nan,nan,-0.8066166520118714
0,DiscNRX,gated,960,1,0,0,0,nan,nan,-0.8066166520118714
0,DiscNRX,gated,961,1,0,0,0,nan,nan,-0.8066166520118714
0,DiscNRX,gated,962,1,0,0,0,nan,nan,-0.8066166520118714
0,DiscNRX,gated,963,1,0,0,0,nan,nan,-0.8066166520118714
0,DiscNRX,gated,964,1,0,0,0,nan,nan,-0.8066166520118714
0,DiscNRX,gated,965,1,0,0,0,nan,nan,-0.8066166520118714
0,DiscNRX,gated,966,1,0,0,0,nan,nan,-0.8066166520118714
0,DiscNRX,gated,967,1,0,0,0,nan,nan,-0.8066166520118714
0,DiscNRX,gated,968,1,0,0,0,nan,nan,-0.8066166520118714
0,DiscNRX,gated,969,1,0,0,0,nan,nan,-0.8066166520118714
0,DiscNRX,gated,970,1,0,0,0,nan,nan,-0.8066166520118714
0,DiscNRX,gated,971,1,0,0,0,nan,nan,-0.8066166520118714
0,DiscNRX,gated,972,1,0,0,0,nan,nan,-0.8066166520118714
0,DiscNRX,gated,973,1,0,0,0,nan,nan,-0.8066166520118714
0,DiscNRX,gated,974,1,0,0,0,nan,nan,-0.8066166520118714
0,DiscNRX,gated,975,1,0,0,0,nan,nan,-0.8066166520118714
0,DiscNRX,gated,976,1,0,0,0,nan,nan,-0.8066166520118714
0,DiscNRX,gated,977,1,0,0,0,nan,nan,-0.8066166520118714
0,DiscNRX,gated,978,1,0,0,0,nan,nan,-0.8066166520118714
0,DiscNRX,gated,979,1,0,0,0,nan,nan,-0.8066166520118714
0,DiscNRX,gated,980,1,0,0,0,nan,nan,-0.8066166520118714
0,DiscNRX,gated,981,1,0,0,0,nan,nan,-0.8066166520118714
0,DiscNRX,gated,982,1,0,0,0,nan,nan,-0.8066166520118714
0,DiscNRX,gated,983,1,0,0,0,nan,nan,-0.8066166520118714
0,DiscNRX,gated,984,1,0,0,0,nan,nan,-0.8066166520118714
0,DiscNRX,gated,985,1,0,0,0,nan,nan,-0.8066166520118714
0,DiscNRX,gated,986,1,0,0,0,nan,nan,-0.8066166520118714
0,DiscNRX,gated,987,1,0,0,0,nan,nan,-0.8066166520118714
0,DiscNRX,gated,988,1,0,0,0,nan,nan,-0.8066166520118714
0,DiscNRX,gated,989,1,0,0,0,nan,nan,-0.8066166520118714
0,DiscNRX,gated,990,1,0,0,0,nan,nan,-0.8066166520118714
0,DiscNRX,gated,991,1,0,0,0,nan,nan,-0.8066166520118714
0,DiscNRX,gated,992,1,0,0,0,nan,nan,-0.8066166520118714
0,DiscNRX,gated,993,1,0,0,0,nan,nan,-0.8066166520118714
0,DiscNRX,gated,994,1,0,0,0,nan,nan,-0.8066166520118714
0,DiscNRX,gated,995,1,0,0,0,nan,nan,-0.8066166520118714
0,DiscNRX,gated,996,1,0,0,0,nan,nan,-0.8066166520118714
0,DiscNRX,gated,997,1,0,0,0,nan,nan,-0.8066166520118714
0,DiscNRX,gated,998,1,0,0,0,nan,nan,-0.8066166520118714
0,DiscNRX,gated,999,1,0,0,0,nan,nan,-0.8066166520118714
0,DiscNRX,trig,0,1,0,0,0,nan,-0.4426115155220032,-0.8066166520118714
0,DiscNRX,trig,1,1,0,0,0,nan,-0.5083428621292114,-0.8066166520118714
0,DiscNRX,trig,2,1,0,0,0,nan,-0.5141518115997314,-0.8066166520118714
0,DiscNRX,trig,3,1,0,0,0,nan,-0.5313690900802612,-0.8066166520118714
0,DiscNRX,trig,4,1,0,0,0,nan,-0.5231629610061646,-0.8066166520118714
0,DiscNRX,trig,5,1,0,0,0,nan,-0.5580856800079346,-0.8066166520118714
0,DiscNRX,trig,6,1,0,0,0,nan,-0.5241383910179138,-0.8066166520118714
0,DiscNRX,trig,7,1,0,0,0,nan,-0.5167553424835205,-0.8066166520118714
0,DiscNRX,trig,8,1,0,0,0,nan,-0.5034563541412354,-0.8066166520118714
0,DiscNRX,trig,9,1,0,0,0,nan,-0.4968242943286896,-0.8066166520118714
0,DiscNRX,trig,10,1,0,0,0,nan,-0.5120932459831238,-0.8066166520118714
0,DiscNRX,trig,11,1,0,0,0,nan,-0.46103665232658386,-0.8066166520118714
0,DiscNRX,trig,12,1,0,0,0,nan,-0.45965567231178284,-0.8066166520118714
0,DiscNRX,trig,13,1,0,0,0,nan,-0.5079398155212402,-0.8066166520118714
0,DiscNRX,trig,14,1,0,0,0,nan,-0.48603662848472595,-0.8066166520118714
0,DiscNRX,trig,15,1,0,0,0,nan,-0.5210984945297241,-0.8066166520118714
0,DiscNRX,trig,16,1,0,0,0,nan,-0.4840204417705536,-0.8066166520118714
0,DiscNRX,trig,17,1,0,0,0,nan,-0.47366321086883545,-0.8066166520118714
0,DiscNRX,trig,18,1,0,0,0,nan,-0.5128770470619202,-0.8066166520118714
0,DiscNRX,trig,19,1,0,0,0,nan,-0.5033589601516724,-0.8066166520118714
0,DiscNRX,trig,20,1,0,0,0,nan,-0.4378837049007416,-0.8066166520118714
0,DiscNRX,trig,21,1,0,0,0,nan,-0.49747800827026367,-0.8066166520118714
0,DiscNRX,trig,22,1,0,0,0,nan,-0.4432269036769867,-0.8066166520118714
0,DiscNRX,trig,23,1,0,0,0,nan,-0.4712170958518982,-0.8066166520118714
0,DiscNRX,trig,24,1,0,0,0,nan,-0.46735242009162903,-0.8066166520118714
0,DiscNRX,trig,25,1,0,0,0,nan,-0.49165913462638855,-0.8066166520118714
0,DiscNRX,trig,26,1,0,0,0,nan,-0.4895113408565521,-0.8066166520118714
0,DiscNRX,trig,27,1,0,0,0,nan,-0.5239028930664062,-0.8066166520118714
0,DiscNRX,trig,28,1,0,0,0,nan,-0.4928821325302124,-0.8066166520118714
0,DiscNRX,trig,29,1,0,0,0,nan,-0.4396185576915741,-0.8066166520118714
0,DiscNRX,trig,30,1,0,0,0,nan,-0.4591749608516693,-0.8066166520118714
0,DiscNRX,trig,31,1,0,0,0,nan,-0.4697009325027466,-0.8066166520118714
0,DiscNRX,trig,32,1,0,0,0,nan,-0.4439897835254669,-0.8066166520118714
0,DiscNRX,trig,33,1,0,0,0,nan,-0.5118316411972046,-0.8066166520118714
0,DiscNRX,trig,34,1,0,0,0,nan,-0.42757824063301086,-0.8066166520118714
0,DiscNRX,trig,35,1,0,0,0,nan,-0.5312474370002747,-0.8066166520118714
0,DiscNRX,trig,36,1,0,0,0,nan,-0.509621798992157,-0.8066166520118714
0,DiscNRX,trig,37,1,0,0,0,nan,-0.5164119005203247,-0.8066166520118714
0,DiscNRX,trig,38,1,0,0,0,nan,-0.43494686484336853,-0.8066166520118714
0,DiscNRX,trig,39,1,0,0,0,nan,-0.45920172333717346,-0.8066166520118714
0,DiscNRX,trig,40,1,0,0,0,nan,-0.5435249209403992,-0.8066166520118714
0,DiscNRX,trig,41,1,0,0,0,nan,-0.5194004774093628,-0.8066166520118714
0,DiscNRX,trig,42,1,0,0,0,nan,-0.5121479034423828,-0.8066166520118714
0,DiscNRX,trig,43,1,0,0,0,nan,-0.4878937602043152,-0.8066166520118714
0,DiscNRX,trig,44,1,0,0,0,nan,-0.5112712979316711,-0.8066166520118714
0,DiscNRX,trig,45,1,0,0,0,nan,-0.5170751810073853,-0.8066166520118714
0,DiscNRX,trig,46,1,0,0,0,nan,-0.4949093759059906,-0.8066166520118714
0,DiscNRX,trig,47,1,0,0,0,nan,-0.4899470806121826,-0.8066166520118714
0,DiscNRX,trig,48,1,0,0,0,nan,-0.5294447541236877,-0.8066166520118714
0,DiscNRX,trig,49,1,0,0,0,nan,-0.49079397320747375,-0.8066166520118714
0,DiscNRX,trig,50,1,0,0,0,nan,-0.4125842750072479,-0.8066166520118714
0,DiscNRX,trig,51,1,0,0,0,nan,-0.4246634244918823,-0.8066166520118714
0,DiscNRX,trig,52,1,0,0,0,nan,-0.5001924633979797,-0.8066166520118714
0,DiscNRX,trig,53,1,0,0,0,nan,-0.5516842603683472,-0.8066166520118714
0,DiscNRX,trig,54,1,0,0,0,nan,-0.4676082730293274,-0.8066166520118714
0,DiscNRX,trig,55,1,0,0,0,nan,-0.5383809208869934,-0.8066166520118714
0,DiscNRX,trig,56,1,0,0,0,nan,-0.5219066739082336,-0.8066166520118714
0,DiscNRX,trig,57,1,0,0,0,nan,-0.5385111570358276,-0.8066166520118714
0,DiscNRX,trig,58,1,0,0,0,nan,-0.487837553024292,-0.8066166520118714
0,DiscNRX,trig,59,1,0,0,0,nan,-0.4242284893989563,-0.8066166520118714
0,DiscNRX,trig,60,1,0,0,0,nan,-0.4885933995246887,-0.8066166520118714
0,DiscNRX,trig,61,1,0,0,0,nan,-0.4568173587322235,-0.8066166520118714
0,DiscNRX,trig,62,1,0,0,0,nan,-0.5157977342605591,-0.8066166520118714
0,DiscNRX,trig,63,1,0,0,0,nan,-0.4926223158836365,-0.8066166520118714
0,DiscNRX,trig,64,1,0,0,0,nan,-0.5254195332527161,-0.8066166520118714
0,DiscNRX,trig,65,1,0,0,0,nan,-0.46538832783699036,-0.8066166520118714
0,DiscNRX,trig,66,1,0,0,0,nan,-0.4884345531463623,-0.8066166520118714
0,DiscNRX,trig,67,1,0,0,0,nan,-0.4457794427871704,-0.8066166520118714
0,DiscNRX,trig,68,1,0,0,0,nan,-0.4886321425437927,-0.8066166520118714
0,DiscNRX,trig,69,1,0,0,0,nan,-0.48127612471580505,-0.8066166520118714
0,DiscNRX,trig,70,1,0,0,0,nan,-0.5025030374526978,-0.8066166520118714
0,DiscNRX,trig,71,1,0,0,0,nan,-0.5040010809898376,-0.8066166520118714
0,DiscNRX,trig,72,1,0,0,0,nan,-0.47863849997520447,-0.8066166520118714
0,DiscNRX,trig,73,1,0,0,0,nan,-0.5315852761268616,-0.8066166520118714
0,DiscNRX,trig,74,1,0,0,0,nan,-0.5596357583999634,-0.8066166520118714
0,DiscNRX,trig,75,1,0,0,0,nan,-0.5036979913711548,-0.8066166520118714
0,DiscNRX,trig,76,1,0,0,0,nan,-0.4783478081226349,-0.8066166520118714
0,DiscNRX,trig,77,1,0,0,0,nan,-0.49670425057411194,-0.8066166520118714
0,DiscNRX,trig,78,1,0,0,0,nan,-0.5191607475280762,-0.8066166520118714
0,DiscNRX,trig,79,1,0,0,0,nan,-0.5251063108444214,-0.8066166520118714
0,DiscNRX,trig,80,1,0,0,0,nan,-0.47251278162002563,-0.8066166520118714
0,DiscNRX,trig,81,1,0,0,0,nan,-0.4763767123222351,-0.8066166520118714
0,DiscNRX,trig,82,1,0,0,0,nan,-0.5334615707397461,-0.8066166520118714
0,DiscNRX,trig,83,1,0,0,0,nan,-0.4972943663597107,-0.8066166520118714
0,DiscNRX,trig,84,1,0,0,0,nan,-0.4623357951641083,-0.8066166520118714
0,DiscNRX,trig,85,1,0,0,0,nan,-0.4977622628211975,-0.8066166520118714
0,DiscNRX,trig,86,1,0,0,0,nan,-0.48297789692878723,-0.8066166520118714
0,DiscNRX,trig,87,1,0,0,0,nan,-0.5130400061607361,-0.8066166520118714
0,DiscNRX,trig,88,1,0,0,0,nan,-0.519966185092926,-0.8066166520118714
0,DiscNRX,trig,89,1,0,0,0,nan,-0.5271784067153931,-0.8066166520118714
0,DiscNRX,trig,90,1,0,0,0,nan,-0.49410778284072876,-0.8066166520118714
0,DiscNRX,trig,91,1,0,0,0,nan,-0.4801686108112335,-0.8066166520118714
0,DiscNRX,trig,92,1,0,0,0,nan,-0.49374568462371826,-0.8066166520118714
0,DiscNRX,trig,93,1,0,0,0,nan,-0.5186144113540649,-0.8066166520118714
0,DiscNRX,trig,94,1,0,0,0,nan,-0.5045900344848633,-0.8066166520118714
0,DiscNRX,trig,95,1,0,0,0,nan,-0.5044992566108704,-0.8066166520118714
0,DiscNRX,trig,96,1,0,0,0,nan,-0.5547400116920471,-0.8066166520118714
0,DiscNRX,trig,97,1,0,0,0,nan,-0.4491385519504547,-0.8066166520118714
0,DiscNRX,trig,98,1,0,0,0,nan,-0.4818249046802521,-0.8066166520118714
0,DiscNRX,trig,99,1,0,0,0,nan,-0.4400510787963867,-0.8066166520118714
0,DiscNRX,trig,100,1,0,0,0,nan,-0.5001090168952942,-0.8066166520118714
0,DiscNRX,trig,101,1,0,0,0,nan,-0.4969749450683594,-0.8066166520118714
0,DiscNRX,trig,102,1,0,0,0,nan,-0.48727285861968994,-0.8066166520118714
0,DiscNRX,trig,103,1,0,0,0,nan,-0.5180212259292603,-0.8066166520118714
0,DiscNRX,trig,104,1,0,0,0,nan,-0.49590760469436646,-0.8066166520118714
0,DiscNRX,trig,105,1,0,0,0,nan,-0.5204024314880371,-0.8066166520118714
0,DiscNRX,trig,106,1,0,0,0,nan,-0.47738218307495117,-0.8066166520118714
0,DiscNRX,trig,107,1,0,0,0,nan,-0.5008331537246704,-0.8066166520118714
0,DiscNRX,trig,108,1,0,0,0,nan,-0.4796638488769531,-0.8066166520118714
0,DiscNRX,trig,109,1,0,0,0,nan,-0.4870777726173401,-0.8066166520118714
0,DiscNRX,trig,110,1,0,0,0,nan,-0.5150838494300842,-0.8066166520118714
0,DiscNRX,trig,111,1,0,0,0,nan,-0.4370277523994446,-0.8066166520118714
0,DiscNRX,trig,112,1,0,0,0,nan,-0.5235514640808105,-0.8066166520118714
0,DiscNRX,trig,113,1,0,0,0,nan,-0.5373225808143616,-0.8066166520118714
0,DiscNRX,trig,114,1,0,0,0,nan,-0.4706912040710449,-0.8066166520118714
0,DiscNRX,trig,115,1,0,0,0,nan,-0.5006221532821655,-0.8066166520118714
0,DiscNRX,trig,116,1,0,0,0,nan,-0.5015247464179993,-0.8066166520118714
0,DiscNRX,trig,117,1,0,0,0,nan,-0.503084659576416,-0.8066166520118714
0,DiscNRX,trig,118,1,0,0,0,nan,-0.5073850154876709,-0.8066166520118714
0,DiscNRX,trig,119,1,0,0,0,nan,-0.49102047085762024,-0.8066166520118714
0,DiscNRX,trig,120,1,0,0,0,nan,-0.4361344277858734,-0.8066166520118714
0,DiscNRX,trig,121,1,0,0,0,nan,-0.49561500549316406,-0.8066166520118714
0,DiscNRX,trig,122,1,0,0,0,nan,-0.5053799152374268,-0.8066166520118714
0,DiscNRX,trig,123,1,0,0,0,nan,-0.4691275358200073,-0.8066166520118714
0,DiscNRX,trig,124,1,0,0,0,nan,-0.5401294827461243,-0.8066166520118714
0,DiscNRX,trig,125,1,0,0,0,nan,-0.4267241060733795,-0.8066166520118714
0,DiscNRX,trig,126,1,0,0,0,nan,-0.49104127287864685,-0.8066166520118714
0,DiscNRX,trig,127,1,0,0,0,nan,-0.4943416714668274,-0.8066166520118714
0,DiscNRX,trig,128,1,0,0,0,nan,-0.4740333557128906,-0.8066166520118714
0,DiscNRX,trig,129,1,0,0,0,nan,-0.5243393182754517,-0.8066166520118714
0,DiscNRX,trig,130,1,0,0,0,nan,-0.5111736059188843,-0.8066166520118714
0,DiscNRX,trig,131,1,0,0,0,nan,-0.4980725049972534,-0.8066166520118714
0,DiscNRX,trig,132,1,0,0,0,nan,-0.5096797943115234,-0.8066166520118714
0,DiscNRX,trig,133,1,0,0,0,nan,-0.5166004300117493,-0.8066166520118714
0,DiscNRX,trig,134,1,0,0,0,nan,-0.525061845779419,-0.8066166520118714
0,DiscNRX,trig,135,1,0,0,0,nan,-0.5539892315864563,-0.8066166520118714
0,DiscNRX,trig,136,1,0,0,0,nan,-0.4362201988697052,-0.8066166520118714
0,DiscNRX,trig,137,1,0,0,0,nan,-0.5131668448448181,-0.8066166520118714
0,DiscNRX,trig,138,1,0,0,0,nan,-0.5107166171073914,-0.8066166520118714
0,DiscNRX,trig,139,1,0,0,0,nan,-0.44895753264427185,-0.8066166520118714
0,DiscNRX,trig,140,1,0,0,0,nan,-0.44289571046829224,-0.8066166520118714
0,DiscNRX,trig,141,1,0,0,0,nan,-0.4557468295097351,-0.8066166520118714
0,DiscNRX,trig,142,1,0,0,0,nan,-0.46811193227767944,-0.8066166520118714
0,DiscNRX,trig,143,1,0,0,0,nan,-0.4617358446121216,-0.8066166520118714
0,DiscNRX,trig,144,1,0,0,0,nan,-0.5279341340065002,-0.8066166520118714
0,DiscNRX,trig,145,1,0,0,0,nan,-0.47994834184646606,-0.8066166520118714
0,DiscNRX,trig,146,1,0,0,0,nan,-0.386907160282135,-0.8066166520118714
0,DiscNRX,trig,147,1,0,0,0,nan,-0.5224906802177429,-0.8066166520118714
0,DiscNRX,trig,148,1,0,0,0,nan,-0.5113784670829773,-0.8066166520118714
0,DiscNRX,trig,149,1,0,0,0,nan,-0.4988802969455719,-0.8066166520118714
0,DiscNRX,trig,150,1,0,0,0,nan,-0.4432966113090515,-0.8066166520118714
0,DiscNRX,trig,151,1,0,0,0,nan,-0.5537620782852173,-0.8066166520118714
0,DiscNRX,trig,152,1,0,0,0,nan,-0.4857955873012543,-0.8066166520118714
0,DiscNRX,trig,153,1,0,0,0,nan,-0.5013790130615234,-0.8066166520118714
0,DiscNRX,trig,154,1,0,0,0,nan,-0.4785633087158203,-0.8066166520118714
0,DiscNRX,trig,155,1,0,0,0,nan,-0.4850139915943146,-0.8066166520118714
0,DiscNRX,trig,156,1,0,0,0,nan,-0.4611801505088806,-0.8066166520118714
0,DiscNRX,trig,157,1,0,0,0,nan,-0.4994560480117798,-0.8066166520118714
0,DiscNRX,trig,158,1,0,0,0,nan,-0.523248016834259,-0.8066166520118714
0,DiscNRX,trig,159,1,0,0,0,nan,-0.5038915872573853,-0.8066166520118714
0,DiscNRX,trig,160,1,0,0,0,nan,-0.5232494473457336,-0.8066166520118714
0,DiscNRX,trig,161,1,0,0,0,nan,-0.49954429268836975,-0.8066166520118714
0,DiscNRX,trig,162,1,0,0,0,nan,-0.5056740641593933,-0.8066166520118714
0,DiscNRX,trig,163,1,0,0,0,nan,-0.5603862404823303,-0.8066166520118714
0,DiscNRX,trig,164,1,0,0,0,nan,-0.528573751449585,-0.8066166520118714
0,DiscNRX,trig,165,1,0,0,0,nan,-0.4853288233280182,-0.8066166520118714
0,DiscNRX,trig,166,1,0,0,0,nan,-0.48866158723831177,-0.8066166520118714
0,DiscNRX,trig,167,1,0,0,0,nan,-0.4752922058105469,-0.8066166520118714
0,DiscNRX,trig,168,1,0,0,0,nan,-0.551633358001709,-0.8066166520118714
0,DiscNRX,trig,169,1,0,0,0,nan,-0.5440480709075928,-0.8066166520118714
0,DiscNRX,trig,170,1,0,0,0,nan,-0.5215188264846802,-0.8066166520118714
0,DiscNRX,trig,171,1,0,0,0,nan,-0.5018277764320374,-0.8066166520118714
0,DiscNRX,trig,172,1,0,0,0,nan,-0.5224409699440002,-0.8066166520118714
0,DiscNRX,trig,173,1,0,0,0,nan,-0.5182479023933411,-0.8066166520118714
0,DiscNRX,trig,174,1,0,0,0,nan,-0.4852541387081146,-0.8066166520118714
0,DiscNRX,trig,175,1,0,0,0,nan,-0.48097413778305054,-0.8066166520118714
0,DiscNRX,trig,176,1,0,0,0,nan,-0.5209733843803406,-0.8066166520118714
0,DiscNRX,trig,177,1,0,0,0,nan,-0.5031905174255371,-0.8066166520118714
0,DiscNRX,trig,178,1,0,0,0,nan,-0.49123939871788025,-0.8066166520118714
0,DiscNRX,trig,179,1,0,0,0,nan,-0.512544572353363,-0.8066166520118714
0,DiscNRX,trig,180,1,0,0,0,nan,-0.5065589547157288,-0.8066166520118714
0,DiscNRX,trig,181,1,0,0,0,nan,-0.5429649353027344,-0.8066166520118714
0,DiscNRX,trig,182,1,0,0,0,nan,-0.48058900237083435,-0.8066166520118714
0,DiscNRX,trig,183,1,0,0,0,nan,-0.4186917841434479,-0.8066166520118714
0,DiscNRX,trig,184,1,0,0,0,nan,-0.5765331983566284,-0.8066166520118714
0,DiscNRX,trig,185,1,0,0,0,nan,-0.5156880617141724,-0.8066166520118714
0,DiscNRX,trig,186,1,0,0,0,nan,-0.45964157581329346,-0.8066166520118714
0,DiscNRX,trig,187,1,0,0,0,nan,-0.5234838128089905,-0.8066166520118714
0,DiscNRX,trig,188,1,0,0,0,nan,-0.486144095659256,-0.8066166520118714
0,DiscNRX,trig,189,1,0,0,0,nan,-0.5292462110519409,-0.8066166520118714
0,DiscNRX,trig,190,1,0,0,0,nan,-0.5101376175880432,-0.8066166520118714
0,DiscNRX,trig,191,1,0,0,0,nan,-0.5462838411331177,-0.8066166520118714
0,DiscNRX,trig,192,1,0,0,0,nan,-0.4757092595100403,-0.8066166520118714
0,DiscNRX,trig,193,1,0,0,0,nan,-0.49477535486221313,-0.8066166520118714
0,DiscNRX,trig,194,1,0,0,0,nan,-0.45333781838417053,-0.8066166520118714
0,DiscNRX,trig,195,1,0,0,0,nan,-0.5118173956871033,-0.8066166520118714
0,DiscNRX,trig,196,1,0,0,0,nan,-0.5152620673179626,-0.8066166520118714
0,DiscNRX,trig,197,1,0,0,0,nan,-0.49790072441101074,-0.8066166520118714
0,DiscNRX,trig,198,1,0,0,0,nan,-0.4890769124031067,-0.8066166520118714
0,DiscNRX,trig,199,1,0,0,0,nan,-0.5276668071746826,-0.8066166520118714
0,DiscNRX,trig,200,1,0,0,0,nan,-0.43603044748306274,-0.8066166520118714
0,DiscNRX,trig,201,1,0,0,0,nan,-0.5333113074302673,-0.8066166520118714
0,DiscNRX,trig,202,1,0,0,0,nan,-0.5021891593933105,-0.8066166520118714
0,DiscNRX,trig,203,1,0,0,0,nan,-0.5242037177085876,-0.8066166520118714
0,DiscNRX,trig,204,1,0,0,0,nan,-0.47540733218193054,-0.8066166520118714
0,DiscNRX,trig,205,1,0,0,0,nan,-0.5614189505577087,-0.8066166520118714
0,DiscNRX,trig,206,1,0,0,0,nan,-0.47687745094299316,-0.8066166520118714
0,DiscNRX,trig,207,1,0,0,0,nan,-0.4987107813358307,-0.8066166520118714
0,DiscNRX,trig,208,1,0,0,0,nan,-0.45373862981796265,-0.8066166520118714
0,DiscNRX,trig,209,1,0,0,0,nan,-0.4929593503475189,-0.8066166520118714
0,DiscNRX,trig,210,1,0,0,0,nan,-0.5029515027999878,-0.8066166520118714
0,DiscNRX,trig,211,1,0,0,0,nan,-0.4916226863861084,-0.8066166520118714
0,DiscNRX,trig,212,1,0,0,0,nan,-0.4305458664894104,-0.8066166520118714
0,DiscNRX,trig,213,1,0,0,0,nan,-0.45875856280326843,-0.8066166520118714
0,DiscNRX,trig,214,1,0,0,0,nan,-0.388015478849411,-0.8066166520118714
0,DiscNRX,trig,215,1,0,0,0,nan,-0.5462719798088074,-0.8066166520118714
0,DiscNRX,trig,216,1,0,0,0,nan,-0.5005536079406738,-0.8066166520118714
0,DiscNRX,trig,217,1,0,0,0,nan,-0.5122645497322083,-0.8066166520118714
0,DiscNRX,trig,218,1,0,0,0,nan,-0.5039529204368591,-0.8066166520118714
0,DiscNRX,trig,219,1,0,0,0,nan,-0.5118915438652039,-0.8066166520118714
0,DiscNRX,trig,220,1,0,0,0,nan,-0.5054576396942139,-0.8066166520118714
0,DiscNRX,trig,221,1,0,0,0,nan,-0.43707290291786194,-0.8066166520118714
0,DiscNRX,trig,222,1,0,0,0,nan,-0.5312871932983398,-0.8066166520118714
0,DiscNRX,trig,223,1,0,0,0,nan,-0.4679315984249115,-0.8066166520118714
0,DiscNRX,trig,224,1,0,0,0,nan,-0.49547168612480164,-0.8066166520118714
0,DiscNRX,trig,225,1,0,0,0,nan,-0.52083420753479,-0.8066166520118714
0,DiscNRX,trig,226,1,0,0,0,nan,-0.518311083316803,-0.8066166520118714
0,DiscNRX,trig,227,1,0,0,0,nan,-0.5256267189979553,-0.8066166520118714
0,DiscNRX,trig,228,1,0,0,0,nan,-0.5253468751907349,-0.8066166520118714
0,DiscNRX,trig,229,1,0,0,0,nan,-0.5432835817337036,-0.8066166520118714
0,DiscNRX,trig,230,1,0,0,0,nan,-0.4937058985233307,-0.8066166520118714
0,DiscNRX,trig,231,1,0,0,0,nan,-0.5085272192955017,-0.8066166520118714
0,DiscNRX,trig,232,1,0,0,0,nan,-0.4431907832622528,-0.8066166520118714
0,DiscNRX,trig,233,1,0,0,0,nan,-0.4873630106449127,-0.8066166520118714
0,DiscNRX,trig,234,1,0,0,0,nan,-0.48523542284965515,-0.8066166520118714
0,DiscNRX,trig,235,1,0,0,0,nan,-0.4947531223297119,-0.8066166520118714
0,DiscNRX,trig,236,1,0,0,0,nan,-0.5042081475257874,-0.8066166520118714
0,DiscNRX,trig,237,1,0,0,0,nan,-0.5174106359481812,-0.8066166520118714
0,DiscNRX,trig,238,1,0,0,0,nan,-0.5118169188499451,-0.8066166520118714
0,DiscNRX,trig,239,1,0,0,0,nan,-0.4716237485408783,-0.8066166520118714
0,DiscNRX,trig,240,1,0,0,0,nan,-0.48263785243034363,-0.8066166520118714
0,DiscNRX,trig,241,1,0,0,0,nan,-0.5041423439979553,-0.8066166520118714
0,DiscNRX,trig,242,1,0,0,0,nan,-0.422882616519928,-0.8066166520118714
0,DiscNRX,trig,243,1,0,0,0,nan,-0.5161088705062866,-0.8066166520118714
0,DiscNRX,trig,244,1,0,0,0,nan,-0.5263010859489441,-0.8066166520118714
0,DiscNRX,trig,245,1,0,0,0,nan,-0.4513896405696869,-0.8066166520118714
0,DiscNRX,trig,246,1,0,0,0,nan,-0.5280171632766724,-0.8066166520118714
0,DiscNRX,trig,247,1,0,0,0,nan,-0.5250213146209717,-0.8066166520118714
0,DiscNRX,trig,248,1,0,0,0,nan,-0.5172054767608643,-0.8066166520118714
0,DiscNRX,trig,249,1,0,0,0,nan,-0.4817611575126648,-0.8066166520118714
0,DiscNRX,trig,250,1,0,0,0,nan,-0.4930633306503296,-0.8066166520118714
0,DiscNRX,trig,251,1,0,0,0,nan,-0.5263776183128357,-0.8066166520118714
0,DiscNRX,trig,252,1,0,0,0,nan,-0.5904192328453064,-0.8066166520118714
0,DiscNRX,trig,253,1,0,0,0,nan,-0.5012703537940979,-0.8066166520118714
0,DiscNRX,trig,254,1,0,0,0,nan,-0.5247726440429688,-0.8066166520118714
0,DiscNRX,trig,255,1,0,0,0,nan,-0.4977736175060272,-0.8066166520118714
0,DiscNRX,trig,256,1,0,0,0,nan,-0.537236213684082,-0.8066166520118714
0,DiscNRX,trig,257,1,0,0,0,nan,-0.4508776068687439,-0.8066166520118714
0,DiscNRX,trig,258,1,0,0,0,nan,-0.5129697918891907,-0.8066166520118714
0,DiscNRX,trig,259,1,0,0,0,nan,-0.5396782755851746,-0.8066166520118714
0,DiscNRX,trig,260,1,0,0,0,nan,-0.5025090575218201,-0.8066166520118714
0,DiscNRX,trig,261,1,0,0,0,nan,-0.5051897168159485,-0.8066166520118714
0,DiscNRX,trig,262,1,0,0,0,nan,-0.48416030406951904,-0.8066166520118714
0,DiscNRX,trig,263,1,0,0,0,nan,-0.5561314225196838,-0.8066166520118714
0,DiscNRX,trig,264,1,0,0,0,nan,-0.4411972761154175,-0.8066166520118714
0,DiscNRX,trig,265,1,0,0,0,nan,-0.5150240659713745,-0.8066166520118714
0,DiscNRX,trig,266,1,0,0,0,nan,-0.487106055021286,-0.8066166520118714
0,DiscNRX,trig,267,1,0,0,0,nan,-0.5157529711723328,-0.8066166520118714
0,DiscNRX,trig,268,1,0,0,0,nan,-0.514532744884491,-0.8066166520118714
0,DiscNRX,trig,269,1,0,0,0,nan,-0.46790003776550293,-0.8066166520118714
0,DiscNRX,trig,270,1,0,0,0,nan,-0.45255225896835327,-0.8066166520118714
0,DiscNRX,trig,271,1,0,0,0,nan,-0.49973464012145996,-0.8066166520118714
0,DiscNRX,trig,272,1,0,0,0,nan,-0.473073273897171,-0.8066166520118714
0,DiscNRX,trig,273,1,0,0,0,nan,-0.422134131193161,-0.8066166520118714
0,DiscNRX,trig,274,1,0,0,0,nan,-0.5008098483085632,-0.8066166520118714
0,DiscNRX,trig,275,1,0,0,0,nan,-0.44673049449920654,-0.8066166520118714
0,DiscNRX,trig,276,1,0,0,0,nan,-0.4695998728275299,-0.8066166520118714
0,DiscNRX,trig,277,1,0,0,0,nan,-0.4125458002090454,-0.8066166520118714
0,DiscNRX,trig,278,1,0,0,0,nan,-0.48702770471572876,-0.8066166520118714
0,DiscNRX,trig,279,1,0,0,0,nan,-0.5124495625495911,-0.8066166520118714
0,DiscNRX,trig,280,1,0,0,0,nan,-0.4932217299938202,-0.8066166520118714
0,DiscNRX,trig,281,1,0,0,0,nan,-0.4793362021446228,-0.8066166520118714
0,DiscNRX,trig,282,1,0,0,0,nan,-0.47464048862457275,-0.8066166520118714
0,DiscNRX,trig,283,1,0,0,0,nan,-0.5406992435455322,-0.8066166520118714
0,DiscNRX,trig,284,1,0,0,0,nan,-0.5106887817382812,-0.8066166520118714
0,DiscNRX,trig,285,1,0,0,0,nan,-0.45580145716667175,-0.8066166520118714
0,DiscNRX,trig,286,1,0,0,0,nan,-0.4552791714668274,-0.8066166520118714
0,DiscNRX,trig,287,1,0,0,0,nan,-0.5337724089622498,-0.8066166520118714
0,DiscNRX,trig,288,1,0,0,0,nan,-0.49127304553985596,-0.8066166520118714
0,DiscNRX,trig,289,1,0,0,0,nan,-0.5528843998908997,-0.8066166520118714
0,DiscNRX,trig,290,1,0,0,0,nan,-0.4721088409423828,-0.8066166520118714
0,DiscNRX,trig,291,1,0,0,0,nan,-0.4753020405769348,-0.8066166520118714
0,DiscNRX,trig,292,1,0,0,0,nan,-0.4221290051937103,-0.8066166520118714
0,DiscNRX,trig,293,1,0,0,0,nan,-0.54403156042099,-0.8066166520118714
0,DiscNRX,trig,294,1,0,0,0,nan,-0.5429624915122986,-0.8066166520118714
0,DiscNRX,trig,295,1,0,0,0,nan,-0.4794447422027588,-0.8066166520118714
0,DiscNRX,trig,296,1,0,0,0,nan,-0.4801492691040039,-0.8066166520118714
0,DiscNRX,trig,297,1,0,0,0,nan,-0.496422678232193,-0.8066166520118714
0,DiscNRX,trig,298,1,0,0,0,nan,-0.5502751469612122,-0.8066166520118714
0,DiscNRX,trig,299,1,0,0,0,nan,-0.5046505331993103,-0.8066166520118714
0,DiscNRX,trig,300,1,0,0,0,nan,-0.5046928524971008,-0.8066166520118714
0,DiscNRX,trig,301,1,0,0,0,nan,-0.42151007056236267,-0.8066166520118714
0,DiscNRX,trig,302,1,0,0,0,nan,-0.4676371216773987,-0.8066166520118714
0,DiscNRX,trig,303,1,0,0,0,nan,-0.5061023831367493,-0.8066166520118714
0,DiscNRX,trig,304,1,0,0,0,nan,-0.5348620414733887,-0.8066166520118714
0,DiscNRX,trig,305,1,0,0,0,nan,-0.47208505868911743,-0.8066166520118714
0,DiscNRX,trig,306,1,0,0,0,nan,-0.48082277178764343,-0.8066166520118714
0,DiscNRX,trig,307,1,0,0,0,nan,-0.5171346664428711,-0.8066166520118714
0,DiscNRX,trig,308,1,0,0,0,nan,-0.512000322341919,-0.8066166520118714
0,DiscNRX,trig,309,1,0,0,0,nan,-0.5215986371040344,-0.8066166520118714
0,DiscNRX,trig,310,1,0,0,0,nan,-0.4538901448249817,-0.8066166520118714
0,DiscNRX,trig,311,1,0,0,0,nan,-0.38890573382377625,-0.8066166520118714
0,DiscNRX,trig,312,1,0,0,0,nan,-0.46960094571113586,-0.8066166520118714
0,DiscNRX,trig,313,1,0,0,0,nan,-0.5159109234809875,-0.8066166520118714
0,DiscNRX,trig,314,1,0,0,0,nan,-0.49194926023483276,-0.8066166520118714
0,DiscNRX,trig,315,1,0,0,0,nan,-0.480286180973053,-0.8066166520118714
0,DiscNRX,trig,316,1,0,0,0,nan,-0.5601648688316345,-0.8066166520118714
0,DiscNRX,trig,317,1,0,0,0,nan,-0.49971824884414673,-0.8066166520118714
0,DiscNRX,trig,318,1,0,0,0,nan,-0.5039811134338379,-0.8066166520118714
0,DiscNRX,trig,319,1,0,0,0,nan,-0.4917396903038025,-0.8066166520118714
0,DiscNRX,trig,320,1,0,0,0,nan,-0.5065391063690186,-0.8066166520118714
0,DiscNRX,trig,321,1,0,0,0,nan,-0.5097433924674988,-0.8066166520118714
0,DiscNRX,trig,322,1,0,0,0,nan,-0.5028995871543884,-0.8066166520118714
0,DiscNRX,trig,323,1,0,0,0,nan,-0.518631100654602,-0.8066166520118714
0,DiscNRX,trig,324,1,0,0,0,nan,-0.507899820804596,-0.8066166520118714
0,DiscNRX,trig,325,1,0,0,0,nan,-0.572335958480835,-0.8066166520118714
0,DiscNRX,trig,326,1,0,0,0,nan,-0.48371458053588867,-0.8066166520118714
0,DiscNRX,trig,327,1,0,0,0,nan,-0.5154013633728027,-0.8066166520118714
0,DiscNRX,trig,328,1,0,0,0,nan,-0.4237414002418518,-0.8066166520118714
0,DiscNRX,trig,329,1,0,0,0,nan,-0.514898955821991,-0.8066166520118714
0,DiscNRX,trig,330,1,0,0,0,nan,-0.519762396812439,-0.8066166520118714
0,DiscNRX,trig,331,1,0,0,0,nan,-0.49973592162132263,-0.8066166520118714
0,DiscNRX,trig,332,1,0,0,0,nan,-0.4961656332015991,-0.8066166520118714
0,DiscNRX,trig,333,1,0,0,0,nan,-0.5020332336425781,-0.8066166520118714
0,DiscNRX,trig,334,1,0,0,0,nan,-0.4633882939815521,-0.8066166520118714
0,DiscNRX,trig,335,1,0,0,0,nan,-0.4988044500350952,-0.8066166520118714
0,DiscNRX,trig,336,1,0,0,0,nan,-0.5122856497764587,-0.8066166520118714
0,DiscNRX,trig,337,1,0,0,0,nan,-0.5204724669456482,-0.8066166520118714
0,DiscNRX,trig,338,1,0,0,0,nan,-0.49920302629470825,-0.8066166520118714
0,DiscNRX,trig,339,1,0,0,0,nan,-0.5085017681121826,-0.8066166520118714
0,DiscNRX,trig,340,1,0,0,0,nan,-0.545428991317749,-0.8066166520118714
0,DiscNRX,trig,341,1,0,0,0,nan,-0.5175687670707703,-0.8066166520118714
0,DiscNRX,trig,342,1,0,0,0,nan,-0.5120841860771179,-0.8066166520118714
0,DiscNRX,trig,343,1,0,0,0,nan,-0.4898695647716522,-0.8066166520118714
0,DiscNRX,trig,344,1,0,0,0,nan,-0.4895736277103424,-0.8066166520118714
0,DiscNRX,trig,345,1,0,0,0,nan,-0.47337931394577026,-0.8066166520118714
0,DiscNRX,trig,346,1,0,0,0,nan,-0.48472335934638977,-0.8066166520118714
0,DiscNRX,trig,347,1,0,0,0,nan,-0.4687213599681854,-0.8066166520118714
0,DiscNRX,trig,348,1,0,0,0,nan,-0.5018990635871887,-0.8066166520118714
0,DiscNRX,trig,349,1,0,0,0,nan,-0.4799390733242035,-0.8066166520118714
0,DiscNRX,trig,350,1,0,0,0,nan,-0.44616666436195374,-0.8066166520118714
0,DiscNRX,trig,351,1,0,0,0,nan,-0.5197817087173462,-0.8066166520118714
0,DiscNRX,trig,352,1,0,0,0,nan,-0.5079250931739807,-0.8066166520118714
0,DiscNRX,trig,353,1,0,0,0,nan,-0.568140983581543,-0.8066166520118714
0,DiscNRX,trig,354,1,0,0,0,nan,-0.4554862380027771,-0.8066166520118714
0,DiscNRX,trig,355,1,0,0,0,nan,-0.5110124349594116,-0.8066166520118714
0,DiscNRX,trig,356,1,0,0,0,nan,-0.5193256735801697,-0.8066166520118714
0,DiscNRX,trig,357,1,0,0,0,nan,-0.5393475294113159,-0.8066166520118714
0,DiscNRX,trig,358,1,0,0,0,nan,-0.5078417062759399,-0.8066166520118714
0,DiscNRX,trig,359,1,0,0,0,nan,-0.5238775610923767,-0.8066166520118714
0,DiscNRX,trig,360,1,0,0,0,nan,-0.48395398259162903,-0.8066166520118714
0,DiscNRX,trig,361,1,0,0,0,nan,-0.4788534641265869,-0.8066166520118714
0,DiscNRX,trig,362,1,0,0,0,nan,-0.49446991086006165,-0.8066166520118714
0,DiscNRX,trig,363,1,0,0,0,nan,-0.5402167439460754,-0.8066166520118714
0,DiscNRX,trig,364,1,0,0,0,nan,-0.5335294008255005,-0.8066166520118714
0,DiscNRX,trig,365,1,0,0,0,nan,-0.503387451171875,-0.8066166520118714
0,DiscNRX,trig,366,1,0,0,0,nan,-0.5039034485816956,-0.8066166520118714
0,DiscNRX,trig,367,1,0,0,0,nan,-0.4703105092048645,-0.8066166520118714
0,DiscNRX,trig,368,1,0,0,0,nan,-0.44888177514076233,-0.8066166520118714
0,DiscNRX,trig,369,1,0,0,0,nan,-0.5151926875114441,-0.8066166520118714
0,DiscNRX,trig,370,1,0,0,0,nan,-0.5057781338691711,-0.8066166520118714
0,DiscNRX,trig,371,1,0,0,0,nan,-0.45212388038635254,-0.8066166520118714
0,DiscNRX,trig,372,1,0,0,0,nan,-0.5475574731826782,-0.8066166520118714
0,DiscNRX,trig,373,1,0,0,0,nan,-0.45398035645484924,-0.8066166520118714
0,DiscNRX,trig,374,1,0,0,0,nan,-0.4823658764362335,-0.8066166520118714
0,DiscNRX,trig,375,1,0,0,0,nan,-0.5118904113769531,-0.8066166520118714
0,DiscNRX,trig,376,1,0,0,0,nan,-0.5045730471611023,-0.8066166520118714
0,DiscNRX,trig,377,1,0,0,0,nan,-0.5077584981918335,-0.8066166520118714
0,DiscNRX,trig,378,1,0,0,0,nan,-0.48925501108169556,-0.8066166520118714
0,DiscNRX,trig,379,1,0,0,0,nan,-0.49832674860954285,-0.8066166520118714
0,DiscNRX,trig,380,1,0,0,0,nan,-0.5037087202072144,-0.8066166520118714
0,DiscNRX,trig,381,1,0,0,0,nan,-0.5117026567459106,-0.8066166520118714
0,DiscNRX,trig,382,1,0,0,0,nan,-0.5198985934257507,-0.8066166520118714
0,DiscNRX,trig,383,1,0,0,0,nan,-0.51664137840271,-0.8066166520118714
0,DiscNRX,trig,384,1,0,0,0,nan,-0.5587201118469238,-0.8066166520118714
0,DiscNRX,trig,385,1,0,0,0,nan,-0.4342751204967499,-0.8066166520118714
0,DiscNRX,trig,386,1,0,0,0,nan,-0.5206419229507446,-0.8066166520118714
0,DiscNRX,trig,387,1,0,0,0,nan,-0.5333523750305176,-0.8066166520118714
0,DiscNRX,trig,388,1,0,0,0,nan,-0.5015794634819031,-0.8066166520118714
0,DiscNRX,trig,389,1,0,0,0,nan,-0.5358880162239075,-0.8066166520118714
0,DiscNRX,trig,390,1,0,0,0,nan,-0.49749937653541565,-0.8066166520118714
0,DiscNRX,trig,391,1,0,0,0,nan,-0.513322651386261,-0.8066166520118714
0,DiscNRX,trig,392,1,0,0,0,nan,-0.5091017484664917,-0.8066166520118714
0,DiscNRX,trig,393,1,0,0,0,nan,-0.4408225119113922,-0.8066166520118714
0,DiscNRX,trig,394,1,0,0,0,nan,-0.5080594420433044,-0.8066166520118714
0,DiscNRX,trig,395,1,0,0,0,nan,-0.5100057721138,-0.8066166520118714
0,DiscNRX,trig,396,1,0,0,0,nan,-0.45328301191329956,-0.8066166520118714
0,DiscNRX,trig,397,1,0,0,0,nan,-0.5177856087684631,-0.8066166520118714
0,DiscNRX,trig,398,1,0,0,0,nan,-0.5115197896957397,-0.8066166520118714
0,DiscNRX,trig,399,1,0,0,0,nan,-0.514362633228302,-0.8066166520118714
0,DiscNRX,trig,400,1,0,0,0,nan,-0.47785434126853943,-0.8066166520118714
0,DiscNRX,trig,401,1,0,0,0,nan,-0.5049382448196411,-0.8066166520118714
0,DiscNRX,trig,402,1,0,0,0,nan,-0.5109167695045471,-0.8066166520118714
0,DiscNRX,trig,403,1,0,0,0,nan,-0.4941542148590088,-0.8066166520118714
0,DiscNRX,trig,404,1,0,0,0,nan,-0.48168644309043884,-0.8066166520118714
0,DiscNRX,trig,405,1,0,0,0,nan,-0.5055124163627625,-0.8066166520118714
0,DiscNRX,trig,406,1,0,0,0,nan,-0.5492688417434692,-0.8066166520118714
0,DiscNRX,trig,407,1,0,0,0,nan,-0.5047000646591187,-0.8066166520118714
0,DiscNRX,trig,408,1,0,0,0,nan,-0.4676508903503418,-0.8066166520118714
0,DiscNRX,trig,409,1,0,0,0,nan,-0.4178529679775238,-0.8066166520118714
0,DiscNRX,trig,410,1,0,0,0,nan,-0.4980778098106384,-0.8066166520118714
0,DiscNRX,trig,411,1,0,0,0,nan,-0.49860790371894836,-0.8066166520118714
0,DiscNRX,trig,412,1,0,0,0,nan,-0.491679847240448,-0.8066166520118714
0,DiscNRX,trig,413,1,0,0,0,nan,-0.46939367055892944,-0.8066166520118714
0,DiscNRX,trig,414,1,0,0,0,nan,-0.415375292301178,-0.8066166520118714
0,DiscNRX,trig,415,1,0,0,0,nan,-0.5014167428016663,-0.8066166520118714
0,DiscNRX,trig,416,1,0,0,0,nan,-0.4891882836818695,-0.8066166520118714
0,DiscNRX,trig,417,1,0,0,0,nan,-0.5195298194885254,-0.8066166520118714
0,DiscNRX,trig,418,1,0,0,0,nan,-0.5258253216743469,-0.8066166520118714
0,DiscNRX,trig,419,1,0,0,0,nan,-0.51694655418396,-0.8066166520118714
0,DiscNRX,trig,420,1,0,0,0,nan,-0.5357545018196106,-0.8066166520118714
0,DiscNRX,trig,421,1,0,0,0,nan,-0.5126281976699829,-0.8066166520118714
0,DiscNRX,trig,422,1,0,0,0,nan,-0.4242869019508362,-0.8066166520118714
0,DiscNRX,trig,423,1,0,0,0,nan,-0.4714542031288147,-0.8066166520118714
0,DiscNRX,trig,424,1,0,0,0,nan,-0.5177932977676392,-0.8066166520118714
0,DiscNRX,trig,425,1,0,0,0,nan,-0.4528738260269165,-0.8066166520118714
0,DiscNRX,trig,426,1,0,0,0,nan,-0.4623897075653076,-0.8066166520118714
0,DiscNRX,trig,427,1,0,0,0,nan,-0.5485387444496155,-0.8066166520118714
0,DiscNRX,trig,428,1,0,0,0,nan,-0.4556576609611511,-0.8066166520118714
0,DiscNRX,trig,429,1,0,0,0,nan,-0.5061308741569519,-0.8066166520118714
0,DiscNRX,trig,430,1,0,0,0,nan,-0.46818703413009644,-0.8066166520118714
0,DiscNRX,trig,431,1,0,0,0,nan,-0.38978108763694763,-0.8066166520118714
0,DiscNRX,trig,432,1,0,0,0,nan,-0.369797021150589,-0.8066166520118714
0,DiscNRX,trig,433,1,0,0,0,nan,-0.5299781560897827,-0.8066166520118714
0,DiscNRX,trig,434,1,0,0,0,nan,-0.4713624119758606,-0.8066166520118714
0,DiscNRX,trig,435,1,0,0,0,nan,-0.5032744407653809,-0.8066166520118714
0,DiscNRX,trig,436,1,0,0,0,nan,-0.5288366079330444,-0.8066166520118714
0,DiscNRX,trig,437,1,0,0,0,nan,-0.5240299701690674,-0.8066166520118714
0,DiscNRX,trig,438,1,0,0,0,nan,-0.4475615620613098,-0.8066166520118714
0,DiscNRX,trig,439,1,0,0,0,nan,-0.5572721362113953,-0.8066166520118714
0,DiscNRX,trig,440,1,0,0,0,nan,-0.5132396221160889,-0.8066166520118714
0,DiscNRX,trig,441,1,0,0,0,nan,-0.5468860864639282,-0.8066166520118714
0,DiscNRX,trig,442,1,0,0,0,nan,-0.5001055002212524,-0.8066166520118714
0,DiscNRX,trig,443,1,0,0,0,nan,-0.4704950749874115,-0.8066166520118714
0,DiscNRX,trig,444,1,0,0,0,nan,-0.5257185101509094,-0.8066166520118714
0,DiscNRX,trig,445,1,0,0,0,nan,-0.49864664673805237,-0.8066166520118714
0,DiscNRX,trig,446,1,0,0,0,nan,-0.42832884192466736,-0.8066166520118714
0,DiscNRX,trig,447,1,0,0,0,nan,-0.49750077724456787,-0.8066166520118714
0,DiscNRX,trig,448,1,0,0,0,nan,-0.5197880864143372,-0.8066166520118714
0,DiscNRX,trig,449,1,0,0,0,nan,-0.5044223070144653,-0.8066166520118714
0,DiscNRX,trig,450,1,0,0,0,nan,-0.40254124999046326,-0.8066166520118714
0,DiscNRX,trig,451,1,0,0,0,nan,-0.5076169967651367,-0.8066166520118714
0,DiscNRX,trig,452,1,0,0,0,nan,-0.39149823784828186,-0.8066166520118714
0,DiscNRX,trig,453,1,0,0,0,nan,-0.526153028011322,-0.8066166520118714
0,DiscNRX,trig,454,1,0,0,0,nan,-0.5032095313072205,-0.8066166520118714
0,DiscNRX,trig,455,1,0,0,0,nan,-0.525185763835907,-0.8066166520118714
0,DiscNRX,trig,456,1,0,0,0,nan,-0.5169358849525452,-0.8066166520118714
0,DiscNRX,trig,457,1,0,0,0,nan,-0.5172973871231079,-0.8066166520118714
0,DiscNRX,trig,458,1,0,0,0,nan,-0.49378204345703125,-0.8066166520118714
0,DiscNRX,trig,459,1,0,0,0,nan,-0.4346020817756653,-0.8066166520118714
0,DiscNRX,trig,460,1,0,0,0,nan,-0.5106936097145081,-0.8066166520118714
0,DiscNRX,trig,461,1,0,0,0,nan,-0.5121340751647949,-0.8066166520118714
0,DiscNRX,trig,462,1,0,0,0,nan,-0.5107369422912598,-0.8066166520118714
0,DiscNRX,trig,463,1,0,0,0,nan,-0.4835771322250366,-0.8066166520118714
0,DiscNRX,trig,464,1,0,0,0,nan,-0.5035543441772461,-0.8066166520118714
0,DiscNRX,trig,465,1,0,0,0,nan,-0.4621966779232025,-0.8066166520118714
0,DiscNRX,trig,466,1,0,0,0,nan,-0.4635668396949768,-0.8066166520118714
0,DiscNRX,trig,467,1,0,0,0,nan,-0.48581185936927795,-0.8066166520118714
0,DiscNRX,trig,468,1,0,0,0,nan,-0.5304924249649048,-0.8066166520118714
0,DiscNRX,trig,469,1,0,0,0,nan,-0.528873860836029,-0.8066166520118714
0,DiscNRX,trig,470,1,0,0,0,nan,-0.48765429854393005,-0.8066166520118714
0,DiscNRX,trig,471,1,0,0,0,nan,-0.4910494387149811,-0.8066166520118714
0,DiscNRX,trig,472,1,0,0,0,nan,-0.523049533367157,-0.8066166520118714
0,DiscNRX,trig,473,1,0,0,0,nan,-0.48716971278190613,-0.8066166520118714
0,DiscNRX,trig,474,1,0,0,0,nan,-0.4759989380836487,-0.8066166520118714
0,DiscNRX,trig,475,1,0,0,0,nan,-0.4480048716068268,-0.8066166520118714
0,DiscNRX,trig,476,1,0,0,0,nan,-0.4789586067199707,-0.8066166520118714
0,DiscNRX,trig,477,1,0,0,0,nan,-0.3717731237411499,-0.8066166520118714
0,DiscNRX,trig,478,1,0,0,0,nan,-0.44080018997192383,-0.8066166520118714
0,DiscNRX,trig,479,1,0,0,0,nan,-0.49640440940856934,-0.8066166520118714
0,DiscNRX,trig,480,1,0,0,0,nan,-0.5296337008476257,-0.8066166520118714
0,DiscNRX,trig,481,1,0,0,0,nan,-0.5061420798301697,-0.8066166520118714
0,DiscNRX,trig,482,1,0,0,0,nan,-0.4695512354373932,-0.8066166520118714
0,DiscNRX,trig,483,1,0,0,0,nan,-0.5432353019714355,-0.8066166520118714
0,DiscNRX,trig,484,1,0,0,0,nan,-0.5128356218338013,-0.8066166520118714
0,DiscNRX,trig,485,1,0,0,0,nan,-0.4058081805706024,-0.8066166520118714
0,DiscNRX,trig,486,1,0,0,0,nan,-0.4751494526863098,-0.8066166520118714
0,DiscNRX,trig,487,1,0,0,0,nan,-0.5201209187507629,-0.8066166520118714
0,DiscNRX,trig,488,1,0,0,0,nan,-0.5312111973762512,-0.8066166520118714
0,DiscNRX,trig,489,1,0,0,0,nan,-0.5238691568374634,-0.8066166520118714
0,DiscNRX,trig,490,1,0,0,0,nan,-0.5286591053009033,-0.8066166520118714
0,DiscNRX,trig,491,1,0,0,0,nan,-0.4938373267650604,-0.8066166520118714
0,DiscNRX,trig,492,1,0,0,0,nan,-0.5178689956665039,-0.8066166520118714
0,DiscNRX,trig,493,1,0,0,0,nan,-0.4187588691711426,-0.8066166520118714
0,DiscNRX,trig,494,1,0,0,0,nan,-0.5084444880485535,-0.8066166520118714
0,DiscNRX,trig,495,1,0,0,0,nan,-0.5187338590621948,-0.8066166520118714
0,DiscNRX,trig,496,1,0,0,0,nan,-0.4630531072616577,-0.8066166520118714
0,DiscNRX,trig,497,1,0,0,0,nan,-0.4996517300605774,-0.8066166520118714
0,DiscNRX,trig,498,1,0,0,0,nan,-0.5202517509460449,-0.8066166520118714
0,DiscNRX,trig,499,1,0,0,0,nan,-0.46311450004577637,-0.8066166520118714
0,DiscNRX,trig,500,1,0,0,0,nan,-0.4016772210597992,-0.8066166520118714
0,DiscNRX,trig,501,1,0,0,0,nan,-0.5166759490966797,-0.8066166520118714
0,DiscNRX,trig,502,1,0,0,0,nan,-0.5072765946388245,-0.8066166520118714
0,DiscNRX,trig,503,1,0,0,0,nan,-0.4822520911693573,-0.8066166520118714
0,DiscNRX,trig,504,1,0,0,0,nan,-0.45433059334754944,-0.8066166520118714
0,DiscNRX,trig,505,1,0,0,0,nan,-0.379536896944046,-0.8066166520118714
0,DiscNRX,trig,506,1,0,0,0,nan,-0.5220456123352051,-0.8066166520118714
0,DiscNRX,trig,507,1,0,0,0,nan,-0.4899904429912567,-0.8066166520118714
0,DiscNRX,trig,508,1,0,0,0,nan,-0.526755154132843,-0.8066166520118714
0,DiscNRX,trig,509,1,0,0,0,nan,-0.4741087257862091,-0.8066166520118714
0,DiscNRX,trig,510,1,0,0,0,nan,-0.5116987824440002,-0.8066166520118714
0,DiscNRX,trig,511,1,0,0,0,nan,-0.4967193603515625,-0.8066166520118714
0,DiscNRX,trig,512,1,0,0,0,nan,-0.4625273048877716,-0.8066166520118714
0,DiscNRX,trig,513,1,0,0,0,nan,-0.5112714767456055,-0.8066166520118714
0,DiscNRX,trig,514,1,0,0,0,nan,-0.5129507184028625,-0.8066166520118714
0,DiscNRX,trig,515,1,0,0,0,nan,-0.5129398703575134,-0.8066166520118714
0,DiscNRX,trig,516,1,0,0,0,nan,-0.527147114276886,-0.8066166520118714
0,DiscNRX,trig,517,1,0,0,0,nan,-0.5016013383865356,-0.8066166520118714
0,DiscNRX,trig,518,1,0,0,0,nan,-0.47341176867485046,-0.8066166520118714
0,DiscNRX,trig,519,1,0,0,0,nan,-0.5157108306884766,-0.8066166520118714
0,DiscNRX,trig,520,1,0,0,0,nan,-0.4447254538536072,-0.8066166520118714
0,DiscNRX,trig,521,1,0,0,0,nan,-0.5262365937232971,-0.8066166520118714
0,DiscNRX,trig,522,1,0,0,0,nan,-0.4875725209712982,-0.8066166520118714
0,DiscNRX,trig,523,1,0,0,0,nan,-0.5149543285369873,-0.8066166520118714
0,DiscNRX,trig,524,1,0,0,0,nan,-0.4582410454750061,-0.8066166520118714
0,DiscNRX,trig,525,1,0,0,0,nan,-0.5003249645233154,-0.8066166520118714
0,DiscNRX,trig,526,1,0,0,0,nan,-0.5087087154388428,-0.8066166520118714
0,DiscNRX,trig,527,1,0,0,0,nan,-0.434122234582901,-0.8066166520118714
0,DiscNRX,trig,528,1,0,0,0,nan,-0.3843998312950134,-0.8066166520118714
0,DiscNRX,trig,529,1,0,0,0,nan,-0.5043692588806152,-0.8066166520118714
0,DiscNRX,trig,530,1,0,0,0,nan,-0.48882627487182617,-0.8066166520118714
0,DiscNRX,trig,531,1,0,0,0,nan,-0.4336194396018982,-0.8066166520118714
0,DiscNRX,trig,532,1,0,0,0,nan,-0.5003848671913147,-0.8066166520118714
0,DiscNRX,trig,533,1,0,0,0,nan,-0.4856594204902649,-0.8066166520118714
0,DiscNRX,trig,534,1,0,0,0,nan,-0.49091973900794983,-0.8066166520118714
0,DiscNRX,trig,535,1,0,0,0,nan,-0.5140835642814636,-0.8066166520118714
0,DiscNRX,trig,536,1,0,0,0,nan,-0.5199848413467407,-0.8066166520118714
0,DiscNRX,trig,537,1,0,0,0,nan,-0.5257319211959839,-0.8066166520118714
0,DiscNRX,trig,538,1,0,0,0,nan,-0.45805880427360535,-0.8066166520118714
0,DiscNRX,trig,539,1,0,0,0,nan,-0.5183386206626892,-0.8066166520118714
0,DiscNRX,trig,540,1,0,0,0,nan,-0.43922683596611023,-0.8066166520118714
0,DiscNRX,trig,541,1,0,0,0,nan,-0.5469397902488708,-0.8066166520118714
0,DiscNRX,trig,542,1,0,0,0,nan,-0.4881421625614166,-0.8066166520118714
0,DiscNRX,trig,543,1,0,0,0,nan,-0.5100415349006653,-0.8066166520118714
0,DiscNRX,trig,544,1,0,0,0,nan,-0.4816496968269348,-0.8066166520118714
0,DiscNRX,trig,545,1,0,0,0,nan,-0.4118964672088623,-0.8066166520118714
0,DiscNRX,trig,546,1,0,0,0,nan,-0.48362335562705994,-0.8066166520118714
0,DiscNRX,trig,547,1,0,0,0,nan,-0.503460705280304,-0.8066166520118714
0,DiscNRX,trig,548,1,0,0,0,nan,-0.4784509241580963,-0.8066166520118714
0,DiscNRX,trig,549,1,0,0,0,nan,-0.518477737903595,-0.8066166520118714
0,DiscNRX,trig,550,1,0,0,0,nan,-0.48341748118400574,-0.8066166520118714
0,DiscNRX,trig,551,1,0,0,0,nan,-0.5378629565238953,-0.8066166520118714
0,DiscNRX,trig,552,1,0,0,0,nan,-0.509823203086853,-0.8066166520118714
0,DiscNRX,trig,553,1,0,0,0,nan,-0.5244086980819702,-0.8066166520118714
0,DiscNRX,trig,554,1,0,0,0,nan,-0.5128041505813599,-0.8066166520118714
0,DiscNRX,trig,555,1,0,0,0,nan,-0.4948403239250183,-0.8066166520118714
0,DiscNRX,trig,556,1,0,0,0,nan,-0.5011235475540161,-0.8066166520118714
0,DiscNRX,trig,557,1,0,0,0,nan,-0.5193799138069153,-0.8066166520118714
0,DiscNRX,trig,558,1,0,0,0,nan,-0.38350531458854675,-0.8066166520118714
0,DiscNRX,trig,559,1,0,0,0,nan,-0.4270751476287842,-0.8066166520118714
0,DiscNRX,trig,560,1,0,0,0,nan,-0.5013496279716492,-0.8066166520118714
0,DiscNRX,trig,561,1,0,0,0,nan,-0.5244312882423401,-0.8066166520118714
0,DiscNRX,trig,562,1,0,0,0,nan,-0.5188302397727966,-0.8066166520118714
0,DiscNRX,trig,563,1,0,0,0,nan,-0.47908341884613037,-0.8066166520118714
0,DiscNRX,trig,564,1,0,0,0,nan,-0.46875762939453125,-0.8066166520118714
0,DiscNRX,trig,565,1,0,0,0,nan,-0.48481497168540955,-0.8066166520118714
0,DiscNRX,trig,566,1,0,0,0,nan,-0.504004180431366,-0.8066166520118714
0,DiscNRX,trig,567,1,0,0,0,nan,-0.38463258743286133,-0.8066166520118714
0,DiscNRX,trig,568,1,0,0,0,nan,-0.48382699489593506,-0.8066166520118714
0,DiscNRX,trig,569,1,0,0,0,nan,-0.4538401961326599,-0.8066166520118714
0,DiscNRX,trig,570,1,0,0,0,nan,-0.5273299217224121,-0.8066166520118714
0,DiscNRX,trig,571,1,0,0,0,nan,-0.44138696789741516,-0.8066166520118714
0,DiscNRX,trig,572,1,0,0,0,nan,-0.48312193155288696,-0.8066166520118714
0,DiscNRX,trig,573,1,0,0,0,nan,-0.501042902469635,-0.8066166520118714
0,DiscNRX,trig,574,1,0,0,0,nan,-0.491764634847641,-0.8066166520118714
0,DiscNRX,trig,575,1,0,0,0,nan,-0.4871891736984253,-0.8066166520118714
0,DiscNRX,trig,576,1,0,0,0,nan,-0.4583374857902527,-0.8066166520118714
0,DiscNRX,trig,577,1,0,0,0,nan,-0.5162766575813293,-0.8066166520118714
0,DiscNRX,trig,578,1,0,0,0,nan,-0.512831449508667,-0.8066166520118714
0,DiscNRX,trig,579,1,0,0,0,nan,-0.5440191030502319,-0.8066166520118714
0,DiscNRX,trig,580,1,0,0,0,nan,-0.4775940775871277,-0.8066166520118714
0,DiscNRX,trig,581,1,0,0,0,nan,-0.43322324752807617,-0.8066166520118714
0,DiscNRX,trig,582,1,0,0,0,nan,-0.508870542049408,-0.8066166520118714
0,DiscNRX,trig,583,1,0,0,0,nan,-0.4710346460342407,-0.8066166520118714
0,DiscNRX,trig,584,1,0,0,0,nan,-0.4956839680671692,-0.8066166520118714
0,DiscNRX,trig,585,1,0,0,0,nan,-0.48667681217193604,-0.8066166520118714
0,DiscNRX,trig,586,1,0,0,0,nan,-0.44124114513397217,-0.8066166520118714
0,DiscNRX,trig,587,1,0,0,0,nan,-0.48156020045280457,-0.8066166520118714
0,DiscNRX,trig,588,1,0,0,0,nan,-0.49942052364349365,-0.8066166520118714
0,DiscNRX,trig,589,1,0,0,0,nan,-0.531489908695221,-0.8066166520118714
0,DiscNRX,trig,590,1,0,0,0,nan,-0.44600173830986023,-0.8066166520118714
0,DiscNRX,trig,591,1,0,0,0,nan,-0.4924391806125641,-0.8066166520118714
0,DiscNRX,trig,592,1,0,0,0,nan,-0.49483415484428406,-0.8066166520118714
0,DiscNRX,trig,593,1,0,0,0,nan,-0.5121482610702515,-0.8066166520118714
0,DiscNRX,trig,594,1,0,0,0,nan,-0.4921207129955292,-0.8066166520118714
0,DiscNRX,trig,595,1,0,0,0,nan,-0.527411699295044,-0.8066166520118714
0,DiscNRX,trig,596,1,0,0,0,nan,-0.40984177589416504,-0.8066166520118714
0,DiscNRX,trig,597,1,0,0,0,nan,-0.4952576756477356,-0.8066166520118714
0,DiscNRX,trig,598,1,0,0,0,nan,-0.5242530107498169,-0.8066166520118714
0,DiscNRX,trig,599,1,0,0,0,nan,-0.5245489478111267,-0.8066166520118714
0,DiscNRX,trig,600,1,0,0,0,nan,-0.5358396768569946,-0.8066166520118714
0,DiscNRX,trig,601,1,0,0,0,nan,-0.5294272303581238,-0.8066166520118714
0,DiscNRX,trig,602,1,0,0,0,nan,-0.48937472701072693,-0.8066166520118714
0,DiscNRX,trig,603,1,0,0,0,nan,-0.4981958270072937,-0.8066166520118714
0,DiscNRX,trig,604,1,0,0,0,nan,-0.4900257885456085,-0.8066166520118714
0,DiscNRX,trig,605,1,0,0,0,nan,-0.5014693140983582,-0.8066166520118714
0,DiscNRX,trig,606,1,0,0,0,nan,-0.49382859468460083,-0.8066166520118714
0,DiscNRX,trig,607,1,0,0,0,nan,-0.49712711572647095,-0.8066166520118714
0,DiscNRX,trig,608,1,0,0,0,nan,-0.41887643933296204,-0.8066166520118714
0,DiscNRX,trig,609,1,0,0,0,nan,-0.4913631081581116,-0.8066166520118714
0,DiscNRX,trig,610,1,0,0,0,nan,-0.5047973990440369,-0.8066166520118714
0,DiscNRX,trig,611,1,0,0,0,nan,-0.5193166732788086,-0.8066166520118714
0,DiscNRX,trig,612,1,0,0,0,nan,-0.5033703446388245,-0.8066166520118714
0,DiscNRX,trig,613,1,0,0,0,nan,-0.46031108498573303,-0.8066166520118714
0,DiscNRX,trig,614,1,0,0,0,nan,-0.39293184876441956,-0.8066166520118714
0,DiscNRX,trig,615,1,0,0,0,nan,-0.47470420598983765,-0.8066166520118714
0,DiscNRX,trig,616,1,0,0,0,nan,-0.5239278674125671,-0.8066166520118714
0,DiscNRX,trig,617,1,0,0,0,nan,-0.49440276622772217,-0.8066166520118714
0,DiscNRX,trig,618,1,0,0,0,nan,-0.534404993057251,-0.8066166520118714
0,DiscNRX,trig,619,1,0,0,0,nan,-0.46803057193756104,-0.8066166520118714
0,DiscNRX,trig,620,1,0,0,0,nan,-0.46897339820861816,-0.8066166520118714
0,DiscNRX,trig,621,1,0,0,0,nan,-0.4389360249042511,-0.8066166520118714
0,DiscNRX,trig,622,1,0,0,0,nan,-0.5353736281394958,-0.8066166520118714
0,DiscNRX,trig,623,1,0,0,0,nan,-0.47908133268356323,-0.8066166520118714
0,DiscNRX,trig,624,1,0,0,0,nan,-0.5178540349006653,-0.8066166520118714
0,DiscNRX,trig,625,1,0,0,0,nan,-0.5295137763023376,-0.8066166520118714
0,DiscNRX,trig,626,1,0,0,0,nan,-0.4754503667354584,-0.8066166520118714
0,DiscNRX,trig,627,1,0,0,0,nan,-0.49045488238334656,-0.8066166520118714
0,DiscNRX,trig,628,1,0,0,0,nan,-0.42824587225914,-0.8066166520118714
0,DiscNRX,trig,629,1,0,0,0,nan,-0.5115274786949158,-0.8066166520118714
0,DiscNRX,trig,630,1,0,0,0,nan,-0.4602043330669403,-0.8066166520118714
0,DiscNRX,trig,631,1,0,0,0,nan,-0.5281902551651001,-0.8066166520118714
0,DiscNRX,trig,632,1,0,0,0,nan,-0.5098439455032349,-0.8066166520118714
0,DiscNRX,trig,633,1,0,0,0,nan,-0.5074567794799805,-0.8066166520118714
0,DiscNRX,trig,634,1,0,0,0,nan,-0.5012890100479126,-0.8066166520118714
0,DiscNRX,trig,635,1,0,0,0,nan,-0.5022799372673035,-0.8066166520118714
0,DiscNRX,trig,636,1,0,0,0,nan,-0.47245001792907715,-0.8066166520118714
0,DiscNRX,trig,637,1,0,0,0,nan,-0.5102881193161011,-0.8066166520118714
0,DiscNRX,trig,638,1,0,0,0,nan,-0.5216135382652283,-0.8066166520118714
0,DiscNRX,trig,639,1,0,0,0,nan,-0.5211807489395142,-0.8066166520118714
0,DiscNRX,trig,640,1,0,0,0,nan,-0.4790044128894806,-0.8066166520118714
0,DiscNRX,trig,641,1,0,0,0,nan,-0.513138473033905,-0.8066166520118714
0,DiscNRX,trig,642,1,0,0,0,nan,-0.5141944885253906,-0.8066166520118714
0,DiscNRX,trig,643,1,0,0,0,nan,-0.5275723934173584,-0.8066166520118714
0,DiscNRX,trig,644,1,0,0,0,nan,-0.4552583694458008,-0.8066166520118714
0,DiscNRX,trig,645,1,0,0,0,nan,-0.5264101624488831,-0.8066166520118714
0,DiscNRX,trig,646,1,0,0,0,nan,-0.48733633756637573,-0.8066166520118714
0,DiscNRX,trig,647,1,0,0,0,nan,-0.5051329731941223,-0.8066166520118714
0,DiscNRX,trig,648,1,0,0,0,nan,-0.5321705937385559,-0.8066166520118714
0,DiscNRX,trig,649,1,0,0,0,nan,-0.5530009865760803,-0.8066166520118714
0,DiscNRX,trig,650,1,0,0,0,nan,-0.46490633487701416,-0.8066166520118714
0,DiscNRX,trig,651,1,0,0,0,nan,-0.4686332941055298,-0.8066166520118714
0,DiscNRX,trig,652,1,0,0,0,nan,-0.5855531096458435,-0.8066166520118714
0,DiscNRX,trig,653,1,0,0,0,nan,-0.5399864912033081,-0.8066166520118714
0,DiscNRX,trig,654,1,0,0,0,nan,-0.45359253883361816,-0.8066166520118714
0,DiscNRX,trig,655,1,0,0,0,nan,-0.5072553157806396,-0.8066166520118714
0,DiscNRX,trig,656,1,0,0,0,nan,-0.47419625520706177,-0.8066166520118714
0,DiscNRX,trig,657,1,0,0,0,nan,-0.5046284794807434,-0.8066166520118714
0,DiscNRX,trig,658,1,0,0,0,nan,-0.4139655530452728,-0.8066166520118714
0,DiscNRX,trig,659,1,0,0,0,nan,-0.49764496088027954,-0.8066166520118714
0,DiscNRX,trig,660,1,0,0,0,nan,-0.49820423126220703,-0.8066166520118714
0,DiscNRX,trig,661,1,0,0,0,nan,-0.5103067755699158,-0.8066166520118714
0,DiscNRX,trig,662,1,0,0,0,nan,-0.48542800545692444,-0.8066166520118714
0,DiscNRX,trig,663,1,0,0,0,nan,-0.49598097801208496,-0.8066166520118714
0,DiscNRX,trig,664,1,0,0,0,nan,-0.5124050378799438,-0.8066166520118714
0,DiscNRX,trig,665,1,0,0,0,nan,-0.5223527550697327,-0.8066166520118714
0,DiscNRX,trig,666,1,0,0,0,nan,-0.49765047430992126,-0.8066166520118714
0,DiscNRX,trig,667,1,0,0,0,nan,-0.4673836827278137,-0.8066166520118714
0,DiscNRX,trig,668,1,0,0,0,nan,-0.5322887897491455,-0.8066166520118714
0,DiscNRX,trig,669,1,0,0,0,nan,-0.520308256149292,-0.8066166520118714
0,DiscNRX,trig,670,1,0,0,0,nan,-0.5042206048965454,-0.8066166520118714
0,DiscNRX,trig,671,1,0,0,0,nan,-0.5432840585708618,-0.8066166520118714
0,DiscNRX,trig,672,1,0,0,0,nan,-0.46854183077812195,-0.8066166520118714
0,DiscNRX,trig,673,1,0,0,0,nan,-0.43903854489326477,-0.8066166520118714
0,DiscNRX,trig,674,1,0,0,0,nan,-0.508682906627655,-0.8066166520118714
0,DiscNRX,trig,675,1,0,0,0,nan,-0.47534558176994324,-0.8066166520118714
0,DiscNRX,trig,676,1,0,0,0,nan,-0.476362943649292,-0.8066166520118714
0,DiscNRX,trig,677,1,0,0,0,nan,-0.5131740570068359,-0.8066166520118714
0,DiscNRX,trig,678,1,0,0,0,nan,-0.509515643119812,-0.8066166520118714
0,DiscNRX,trig,679,1,0,0,0,nan,-0.36886170506477356,-0.8066166520118714
0,DiscNRX,trig,680,1,0,0,0,nan,-0.4635011553764343,-0.8066166520118714
0,DiscNRX,trig,681,1,0,0,0,nan,-0.5147520899772644,-0.8066166520118714
0,DiscNRX,trig,682,1,0,0,0,nan,-0.5562407374382019,-0.8066166520118714
0,DiscNRX,trig,683,1,0,0,0,nan,-0.5119011998176575,-0.8066166520118714
0,DiscNRX,trig,684,1,0,0,0,nan,-0.4680340588092804,-0.8066166520118714
0,DiscNRX,trig,685,1,0,0,0,nan,-0.49075284600257874,-0.8066166520118714
0,DiscNRX,trig,686,1,0,0,0,nan,-0.4813566207885742,-0.8066166520118714
0,DiscNRX,trig,687,1,0,0,0,nan,-0.511967122554779,-0.8066166520118714
0,DiscNRX,trig,688,1,0,0,0,nan,-0.5078637003898621,-0.8066166520118714
0,DiscNRX,trig,689,1,0,0,0,nan,-0.5156362652778625,-0.8066166520118714
0,DiscNRX,trig,690,1,0,0,0,nan,-0.49172839522361755,-0.8066166520118714
0,DiscNRX,trig,691,1,0,0,0,nan,-0.48468849062919617,-0.8066166520118714
0,DiscNRX,trig,692,1,0,0,0,nan,-0.5157365798950195,-0.8066166520118714
0,DiscNRX,trig,693,1,0,0,0,nan,-0.4932403862476349,-0.8066166520118714
0,DiscNRX,trig,694,1,0,0,0,nan,-0.5234387516975403,-0.8066166520118714
0,DiscNRX,trig,695,1,0,0,0,nan,-0.5159661173820496,-0.8066166520118714
0,DiscNRX,trig,696,1,0,0,0,nan,-0.5424435138702393,-0.8066166520118714
0,DiscNRX,trig,697,1,0,0,0,nan,-0.5157455205917358,-0.8066166520118714
0,DiscNRX,trig,698,1,0,0,0,nan,-0.502751350402832,-0.8066166520118714
0,DiscNRX,trig,699,1,0,0,0,nan,-0.4622003138065338,-0.8066166520118714
0,DiscNRX,trig,700,1,0,0,0,nan,-0.5320588946342468,-0.8066166520118714
0,DiscNRX,trig,701,1,0,0,0,nan,-0.4937707483768463,-0.8066166520118714
0,DiscNRX,trig,702,1,0,0,0,nan,-0.5339425802230835,-0.8066166520118714
0,DiscNRX,trig,703,1,0,0,0,nan,-0.509075403213501,-0.8066166520118714
0,DiscNRX,trig,704,1,0,0,0,nan,-0.5095548629760742,-0.8066166520118714
0,DiscNRX,trig,705,1,0,0,0,nan,-0.49432501196861267,-0.8066166520118714
0,DiscNRX,trig,706,1,0,0,0,nan,-0.41291841864585876,-0.8066166520118714
0,DiscNRX,trig,707,1,0,0,0,nan,-0.5114321112632751,-0.8066166520118714
0,DiscNRX,trig,708,1,0,0,0,nan,-0.513285219669342,-0.8066166520118714
0,DiscNRX,trig,709,1,0,0,0,nan,-0.4788671135902405,-0.8066166520118714
0,DiscNRX,trig,710,1,0,0,0,nan,-0.5022265315055847,-0.8066166520118714
0,DiscNRX,trig,711,1,0,0,0,nan,-0.48454931378364563,-0.8066166520118714
0,DiscNRX,trig,712,1,0,0,0,nan,-0.49918246269226074,-0.8066166520118714
0,DiscNRX,trig,713,1,0,0,0,nan,-0.4358989894390106,-0.8066166520118714
0,DiscNRX,trig,714,1,0,0,0,nan,-0.5070842504501343,-0.8066166520118714
0,DiscNRX,trig,715,1,0,0,0,nan,-0.38889947533607483,-0.8066166520118714
0,DiscNRX,trig,716,1,0,0,0,nan,-0.5094890594482422,-0.8066166520118714
0,DiscNRX,trig,717,1,0,0,0,nan,-0.514542818069458,-0.8066166520118714
0,DiscNRX,trig,718,1,0,0,0,nan,-0.5133033990859985,-0.8066166520118714
0,DiscNRX,trig,719,1,0,0,0,nan,-0.4328638017177582,-0.8066166520118714
0,DiscNRX,trig,720,1,0,0,0,nan,-0.49194180965423584,-0.8066166520118714
0,DiscNRX,trig,721,1,0,0,0,nan,-0.4696454405784607,-0.8066166520118714
0,DiscNRX,trig,722,1,0,0,0,nan,-0.44106048345565796,-0.8066166520118714
0,DiscNRX,trig,723,1,0,0,0,nan,-0.5134339332580566,-0.8066166520118714
0,DiscNRX,trig,724,1,0,0,0,nan,-0.49939292669296265,-0.8066166520118714
0,DiscNRX,trig,725,1,0,0,0,nan,-0.49946630001068115,-0.8066166520118714
0,DiscNRX,trig,726,1,0,0,0,nan,-0.4686884880065918,-0.8066166520118714
0,DiscNRX,trig,727,1,0,0,0,nan,-0.5040591359138489,-0.8066166520118714
0,DiscNRX,trig,728,1,0,0,0,nan,-0.4818798005580902,-0.8066166520118714
0,DiscNRX,trig,729,1,0,0,0,nan,-0.48453500866889954,-0.8066166520118714
0,DiscNRX,trig,730,1,0,0,0,nan,-0.5127604603767395,-0.8066166520118714
0,DiscNRX,trig,731,1,0,0,0,nan,-0.5215016603469849,-0.8066166520118714
0,DiscNRX,trig,732,1,0,0,0,nan,-0.4794975221157074,-0.8066166520118714
0,DiscNRX,trig,733,1,0,0,0,nan,-0.499614417552948,-0.8066166520118714
0,DiscNRX,trig,734,1,0,0,0,nan,-0.5018529891967773,-0.8066166520118714
0,DiscNRX,trig,735,1,0,0,0,nan,-0.4028894603252411,-0.8066166520118714
0,DiscNRX,trig,736,1,0,0,0,nan,-0.4589119553565979,-0.8066166520118714
0,DiscNRX,trig,737,1,0,0,0,nan,-0.49357104301452637,-0.8066166520118714
0,DiscNRX,trig,738,1,0,0,0,nan,-0.46673792600631714,-0.8066166520118714
0,DiscNRX,trig,739,1,0,0,0,nan,-0.590454638004303,-0.8066166520118714
0,DiscNRX,trig,740,1,0,0,0,nan,-0.45802220702171326,-0.8066166520118714
0,DiscNRX,trig,741,1,0,0,0,nan,-0.5301564335823059,-0.8066166520118714
0,DiscNRX,trig,742,1,0,0,0,nan,-0.5019720196723938,-0.8066166520118714
0,DiscNRX,trig,743,1,0,0,0,nan,-0.4921833276748657,-0.8066166520118714
0,DiscNRX,trig,744,1,0,0,0,nan,-0.48196929693222046,-0.8066166520118714
0,DiscNRX,trig,745,1,0,0,0,nan,-0.49872052669525146,-0.8066166520118714
0,DiscNRX,trig,746,1,0,0,0,nan,-0.5323988795280457,-0.8066166520118714
0,DiscNRX,trig,747,1,0,0,0,nan,-0.4643298089504242,-0.8066166520118714
0,DiscNRX,trig,748,1,0,0,0,nan,-0.46557852625846863,-0.8066166520118714
0,DiscNRX,trig,749,1,0,0,0,nan,-0.4612025022506714,-0.8066166520118714
0,DiscNRX,trig,750,1,0,0,0,nan,-0.5337672829627991,-0.8066166520118714
0,DiscNRX,trig,751,1,0,0,0,nan,-0.48156219720840454,-0.8066166520118714
0,DiscNRX,trig,752,1,0,0,0,nan,-0.47056305408477783,-0.8066166520118714
0,DiscNRX,trig,753,1,0,0,0,nan,-0.4989965856075287,-0.8066166520118714
0,DiscNRX,trig,754,1,0,0,0,nan,-0.4972938299179077,-0.8066166520118714
0,DiscNRX,trig,755,1,0,0,0,nan,-0.4875487685203552,-0.8066166520118714
0,DiscNRX,trig,756,1,0,0,0,nan,-0.47049787640571594,-0.8066166520118714
0,DiscNRX,trig,757,1,0,0,0,nan,-0.525566816329956,-0.8066166520118714
0,DiscNRX,trig,758,1,0,0,0,nan,-0.5131576061248779,-0.8066166520118714
0,DiscNRX,trig,759,1,0,0,0,nan,-0.44937431812286377,-0.8066166520118714
0,DiscNRX,trig,760,1,0,0,0,nan,-0.5047576427459717,-0.8066166520118714
0,DiscNRX,trig,761,1,0,0,0,nan,-0.4389343857765198,-0.8066166520118714
0,DiscNRX,trig,762,1,0,0,0,nan,-0.493059903383255,-0.8066166520118714
0,DiscNRX,trig,763,1,0,0,0,nan,-0.4935242235660553,-0.8066166520118714
0,DiscNRX,trig,764,1,0,0,0,nan,-0.4392755627632141,-0.8066166520118714
0,DiscNRX,trig,765,1,0,0,0,nan,-0.48935064673423767,-0.8066166520118714
0,DiscNRX,trig,766,1,0,0,0,nan,-0.4929865598678589,-0.8066166520118714
0,DiscNRX,trig,767,1,0,0,0,nan,-0.414854496717453,-0.8066166520118714
0,DiscNRX,trig,768,1,0,0,0,nan,-0.47471940517425537,-0.8066166520118714
0,DiscNRX,trig,769,1,0,0,0,nan,-0.46566298604011536,-0.8066166520118714
0,DiscNRX,trig,770,1,0,0,0,nan,-0.4991672933101654,-0.8066166520118714
0,DiscNRX,trig,771,1,0,0,0,nan,-0.44934383034706116,-0.8066166520118714
0,DiscNRX,trig,772,1,0,0,0,nan,-0.4820948839187622,-0.8066166520118714
0,DiscNRX,trig,773,1,0,0,0,nan,-0.522527277469635,-0.8066166520118714
0,DiscNRX,trig,774,1,0,0,0,nan,-0.45211032032966614,-0.8066166520118714
0,DiscNRX,trig,775,1,0,0,0,nan,-0.5088592767715454,-0.8066166520118714
0,DiscNRX,trig,776,1,0,0,0,nan,-0.4908152222633362,-0.8066166520118714
0,DiscNRX,trig,777,1,0,0,0,nan,-0.5106464624404907,-0.8066166520118714
0,DiscNRX,trig,778,1,0,0,0,nan,-0.48923057317733765,-0.8066166520118714
0,DiscNRX,trig,779,1,0,0,0,nan,-0.46476131677627563,-0.8066166520118714
0,DiscNRX,trig,780,1,0,0,0,nan,-0.4740900993347168,-0.8066166520118714
0,DiscNRX,trig,781,1,0,0,0,nan,-0.4656241536140442,-0.8066166520118714
0,DiscNRX,trig,782,1,0,0,0,nan,-0.50482577085495,-0.8066166520118714
0,DiscNRX,trig,783,1,0,0,0,nan,-0.49801239371299744,-0.8066166520118714
0,DiscNRX,trig,784,1,0,0,0,nan,-0.36881884932518005,-0.8066166520118714
0,DiscNRX,trig,785,1,0,0,0,nan,-0.47685596346855164,-0.8066166520118714
0,DiscNRX,trig,786,1,0,0,0,nan,-0.4987659752368927,-0.8066166520118714
0,DiscNRX,trig,787,1,0,0,0,nan,-0.47105902433395386,-0.8066166520118714
0,DiscNRX,trig,788,1,0,0,0,nan,-0.42524591088294983,-0.8066166520118714
0,DiscNRX,trig,789,1,0,0,0,nan,-0.42261725664138794,-0.8066166520118714
0,DiscNRX,trig,790,1,0,0,0,nan,-0.5037792921066284,-0.8066166520118714
0,DiscNRX,trig,791,1,0,0,0,nan,-0.5258417129516602,-0.8066166520118714
0,DiscNRX,trig,792,1,0,0,0,nan,-0.5268537402153015,-0.8066166520118714
0,DiscNRX,trig,793,1,0,0,0,nan,-0.4368148744106293,-0.8066166520118714
0,DiscNRX,trig,794,1,0,0,0,nan,-0.5872558355331421,-0.8066166520118714
0,DiscNRX,trig,795,1,0,0,0,nan,-0.4718254804611206,-0.8066166520118714
0,DiscNRX,trig,796,1,0,0,0,nan,-0.48099491000175476,-0.8066166520118714
0,DiscNRX,trig,797,1,0,0,0,nan,-0.49794983863830566,-0.8066166520118714
0,DiscNRX,trig,798,1,0,0,0,nan,-0.49003157019615173,-0.8066166520118714
0,DiscNRX,trig,799,1,0,0,0,nan,-0.534307062625885,-0.8066166520118714
0,DiscNRX,trig,800,1,0,0,0,nan,-0.4464035630226135,-0.8066166520118714
0,DiscNRX,trig,801,1,0,0,0,nan,-0.5405576825141907,-0.8066166520118714
0,DiscNRX,trig,802,1,0,0,0,nan,-0.49467623233795166,-0.8066166520118714
0,DiscNRX,trig,803,1,0,0,0,nan,-0.5048378109931946,-0.8066166520118714
0,DiscNRX,trig,804,1,0,0,0,nan,-0.4620644748210907,-0.8066166520118714
0,DiscNRX,trig,805,1,0,0,0,nan,-0.4783898890018463,-0.8066166520118714
0,DiscNRX,trig,806,1,0,0,0,nan,-0.4574429392814636,-0.8066166520118714
0,DiscNRX,trig,807,1,0,0,0,nan,-0.4759610593318939,-0.8066166520118714
0,DiscNRX,trig,808,1,0,0,0,nan,-0.39334720373153687,-0.8066166520118714
0,DiscNRX,trig,809,1,0,0,0,nan,-0.5193580985069275,-0.8066166520118714
0,DiscNRX,trig,810,1,0,0,0,nan,-0.5085530281066895,-0.8066166520118714
0,DiscNRX,trig,811,1,0,0,0,nan,-0.48584914207458496,-0.8066166520118714
0,DiscNRX,trig,812,1,0,0,0,nan,-0.489875465631485,-0.8066166520118714
0,DiscNRX,trig,813,1,0,0,0,nan,-0.5364239811897278,-0.8066166520118714
0,DiscNRX,trig,814,1,0,0,0,nan,-0.52348792552948,-0.8066166520118714
0,DiscNRX,trig,815,1,0,0,0,nan,-0.4381343126296997,-0.8066166520118714
0,DiscNRX,trig,816,1,0,0,0,nan,-0.47360605001449585,-0.8066166520118714
0,DiscNRX,trig,817,1,0,0,0,nan,-0.4601409435272217,-0.8066166520118714
0,DiscNRX,trig,818,1,0,0,0,nan,-0.5022464990615845,-0.8066166520118714
0,DiscNRX,trig,819,1,0,0,0,nan,-0.5068567991256714,-0.8066166520118714
0,DiscNRX,trig,820,1,0,0,0,nan,-0.4655965268611908,-0.8066166520118714
0,DiscNRX,trig,821,1,0,0,0,nan,-0.48145589232444763,-0.8066166520118714
0,DiscNRX,trig,822,1,0,0,0,nan,-0.49218109250068665,-0.8066166520118714
0,DiscNRX,trig,823,1,0,0,0,nan,-0.5767969489097595,-0.8066166520118714
0,DiscNRX,trig,824,1,0,0,0,nan,-0.48752373456954956,-0.8066166520118714
0,DiscNRX,trig,825,1,0,0,0,nan,-0.5083510279655457,-0.8066166520118714
0,DiscNRX,trig,826,1,0,0,0,nan,-0.5093957185745239,-0.8066166520118714
0,DiscNRX,trig,827,1,0,0,0,nan,-0.4466301202774048,-0.8066166520118714
0,DiscNRX,trig,828,1,0,0,0,nan,-0.45163172483444214,-0.8066166520118714
0,DiscNRX,trig,829,1,0,0,0,nan,-0.4642758369445801,-0.8066166520118714
0,DiscNRX,trig,830,1,0,0,0,nan,-0.46253231167793274,-0.8066166520118714
0,DiscNRX,trig,831,1,0,0,0,nan,-0.5048321485519409,-0.8066166520118714
0,DiscNRX,trig,832,1,0,0,0,nan,-0.4460294246673584,-0.8066166520118714
0,DiscNRX,trig,833,1,0,0,0,nan,-0.5128600597381592,-0.8066166520118714
0,DiscNRX,trig,834,1,0,0,0,nan,-0.46375900506973267,-0.8066166520118714
0,DiscNRX,trig,835,1,0,0,0,nan,-0.5225083827972412,-0.8066166520118714
0,DiscNRX,trig,836,1,0,0,0,nan,-0.49541133642196655,-0.8066166520118714
0,DiscNRX,trig,837,1,0,0,0,nan,-0.5102133750915527,-0.8066166520118714
0,DiscNRX,trig,838,1,0,0,0,nan,-0.5376179814338684,-0.8066166520118714
0,DiscNRX,trig,839,1,0,0,0,nan,-0.4892124533653259,-0.8066166520118714
0,DiscNRX,trig,840,1,0,0,0,nan,-0.49920204281806946,-0.8066166520118714
0,DiscNRX,trig,841,1,0,0,0,nan,-0.44540587067604065,-0.8066166520118714
0,DiscNRX,trig,842,1,0,0,0,nan,-0.39845114946365356,-0.8066166520118714
0,DiscNRX,trig,843,1,0,0,0,nan,-0.5500667691230774,-0.8066166520118714
0,DiscNRX,trig,844,1,0,0,0,nan,-0.5101863145828247,-0.8066166520118714
0,DiscNRX,trig,845,1,0,0,0,nan,-0.5111423134803772,-0.8066166520118714
0,DiscNRX,trig,846,1,0,0,0,nan,-0.4871695339679718,-0.8066166520118714
0,DiscNRX,trig,847,1,0,0,0,nan,-0.45681095123291016,-0.8066166520118714
0,DiscNRX,trig,848,1,0,0,0,nan,-0.4205835461616516,-0.8066166520118714
0,DiscNRX,trig,849,1,0,0,0,nan,-0.49531829357147217,-0.8066166520118714
0,DiscNRX,trig,850,1,0,0,0,nan,-0.44250643253326416,-0.8066166520118714
0,DiscNRX,trig,851,1,0,0,0,nan,-0.4245915412902832,-0.8066166520118714
0,DiscNRX,trig,852,1,0,0,0,nan,-0.39247968792915344,-0.8066166520118714
0,DiscNRX,trig,853,1,0,0,0,nan,-0.4107043445110321,-0.8066166520118714
0,DiscNRX,trig,854,1,0,0,0,nan,-0.50395667552948,-0.8066166520118714
0,DiscNRX,trig,855,1,0,0,0,nan,-0.3949540853500366,-0.8066166520118714
0,DiscNRX,trig,856,1,0,0,0,nan,-0.4699912667274475,-0.8066166520118714
0,DiscNRX,trig,857,1,0,0,0,nan,-0.489303857088089,-0.8066166520118714
0,DiscNRX,trig,858,1,0,0,0,nan,-0.4911334216594696,-0.8066166520118714
0,DiscNRX,trig,859,1,0,0,0,nan,-0.48607495427131653,-0.8066166520118714
0,DiscNRX,trig,860,1,0,0,0,nan,-0.44493556022644043,-0.8066166520118714
0,DiscNRX,trig,861,1,0,0,0,nan,-0.517237663269043,-0.8066166520118714
0,DiscNRX,trig,862,1,0,0,0,nan,-0.46378448605537415,-0.8066166520118714
0,DiscNRX,trig,863,1,0,0,0,nan,-0.48202788829803467,-0.8066166520118714
0,DiscNRX,trig,864,1,0,0,0,nan,-0.5122354030609131,-0.8066166520118714
0,DiscNRX,trig,865,1,0,0,0,nan,-0.41091182827949524,-0.8066166520118714
0,DiscNRX,trig,866,1,0,0,0,nan,-0.47320669889450073,-0.8066166520118714
0,DiscNRX,trig,867,1,0,0,0,nan,-0.5194754600524902,-0.8066166520118714
0,DiscNRX,trig,868,1,0,0,0,nan,-0.4873012900352478,-0.8066166520118714
0,DiscNRX,trig,869,1,0,0,0,nan,-0.463299036026001,-0.8066166520118714
0,DiscNRX,trig,870,1,0,0,0,nan,-0.5096973776817322,-0.8066166520118714
0,DiscNRX,trig,871,1,0,0,0,nan,-0.4720962643623352,-0.8066166520118714
0,DiscNRX,trig,872,1,0,0,0,nan,-0.46652814745903015,-0.8066166520118714
0,DiscNRX,trig,873,1,0,0,0,nan,-0.48030611872673035,-0.8066166520118714
0,DiscNRX,trig,874,1,0,0,0,nan,-0.47770562767982483,-0.8066166520118714
0,DiscNRX,trig,875,1,0,0,0,nan,-0.5235691666603088,-0.8066166520118714
0,DiscNRX,trig,876,1,0,0,0,nan,-0.5171881318092346,-0.8066166520118714
0,DiscNRX,trig,877,1,0,0,0,nan,-0.5217650532722473,-0.8066166520118714
0,DiscNRX,trig,878,1,0,0,0,nan,-0.5636789202690125,-0.8066166520118714
0,DiscNRX,trig,879,1,0,0,0,nan,-0.4683661162853241,-0.8066166520118714
0,DiscNRX,trig,880,1,0,0,0,nan,-0.4792933464050293,-0.8066166520118714
0,DiscNRX,trig,881,1,0,0,0,nan,-0.5190771222114563,-0.8066166520118714
0,DiscNRX,trig,882,1,0,0,0,nan,-0.537674069404602,-0.8066166520118714
0,DiscNRX,trig,883,1,0,0,0,nan,-0.4870704114437103,-0.8066166520118714
0,DiscNRX,trig,884,1,0,0,0,nan,-0.542113721370697,-0.8066166520118714
0,DiscNRX,trig,885,1,0,0,0,nan,-0.5610185861587524,-0.8066166520118714
0,DiscNRX,trig,886,1,0,0,0,nan,-0.5230837464332581,-0.8066166520118714
0,DiscNRX,trig,887,1,0,0,0,nan,-0.5340716242790222,-0.8066166520118714
0,DiscNRX,trig,888,1,0,0,0,nan,-0.4871090054512024,-0.8066166520118714
0,DiscNRX,trig,889,1,0,0,0,nan,-0.34698325395584106,-0.8066166520118714
0,DiscNRX,trig,890,1,0,0,0,nan,-0.4946604371070862,-0.8066166520118714
0,DiscNRX,trig,891,1,0,0,0,nan,-0.5377001166343689,-0.8066166520118714
0,DiscNRX,trig,892,1,0,0,0,nan,-0.46014124155044556,-0.8066166520118714
0,DiscNRX,trig,893,1,0,0,0,nan,-0.520537257194519,-0.8066166520118714
0,DiscNRX,trig,894,1,0,0,0,nan,-0.5292690396308899,-0.8066166520118714
0,DiscNRX,trig,895,1,0,0,0,nan,-0.5231258273124695,-0.8066166520118714
0,DiscNRX,trig,896,1,0,0,0,nan,-0.47049251198768616,-0.8066166520118714
0,DiscNRX,trig,897,1,0,0,0,nan,-0.5305655598640442,-0.8066166520118714
0,DiscNRX,trig,898,1,0,0,0,nan,-0.49529367685317993,-0.8066166520118714
0,DiscNRX,trig,899,1,0,0,0,nan,-0.4897950291633606,-0.8066166520118714
0,DiscNRX,trig,900,1,0,0,0,nan,-0.4882075786590576,-0.8066166520118714
0,DiscNRX,trig,901,1,0,0,0,nan,-0.5101224184036255,-0.8066166520118714
0,DiscNRX,trig,902,1,0,0,0,nan,-0.49004971981048584,-0.8066166520118714
0,DiscNRX,trig,903,1,0,0,0,nan,-0.49888336658477783,-0.8066166520118714
0,DiscNRX,trig,904,1,0,0,0,nan,-0.5104736089706421,-0.8066166520118714
0,DiscNRX,trig,905,1,0,0,0,nan,-0.5124042630195618,-0.8066166520118714
0,DiscNRX,trig,906,1,0,0,0,nan,-0.4908376932144165,-0.8066166520118714
0,DiscNRX,trig,907,1,0,0,0,nan,-0.5037493705749512,-0.8066166520118714
0,DiscNRX,trig,908,1,0,0,0,nan,-0.5514014959335327,-0.8066166520118714
0,DiscNRX,trig,909,1,0,0,0,nan,-0.5090163350105286,-0.8066166520118714
0,DiscNRX,trig,910,1,0,0,0,nan,-0.48187872767448425,-0.8066166520118714
0,DiscNRX,trig,911,1,0,0,0,nan,-0.517525851726532,-0.8066166520118714
0,DiscNRX,trig,912,1,0,0,0,nan,-0.41654708981513977,-0.8066166520118714
0,DiscNRX,trig,913,1,0,0,0,nan,-0.49989545345306396,-0.8066166520118714
0,DiscNRX,trig,914,1,0,0,0,nan,-0.48806360363960266,-0.8066166520118714
0,DiscNRX,trig,915,1,0,0,0,nan,-0.528777003288269,-0.8066166520118714
0,DiscNRX,trig,916,1,0,0,0,nan,-0.468697726726532,-0.8066166520118714
0,DiscNRX,trig,917,1,0,0,0,nan,-0.5248902440071106,-0.8066166520118714
0,DiscNRX,trig,918,1,0,0,0,nan,-0.49042943120002747,-0.8066166520118714
0,DiscNRX,trig,919,1,0,0,0,nan,-0.4900263249874115,-0.8066166520118714
0,DiscNRX,trig,920,1,0,0,0,nan,-0.5133223533630371,-0.8066166520118714
0,DiscNRX,trig,921,1,0,0,0,nan,-0.5167374014854431,-0.8066166520118714
0,DiscNRX,trig,922,1,0,0,0,nan,-0.46573469042778015,-0.8066166520118714
0,DiscNRX,trig,923,1,0,0,0,nan,-0.42683202028274536,-0.8066166520118714
0,DiscNRX,trig,924,1,0,0,0,nan,-0.39867228269577026,-0.8066166520118714
0,DiscNRX,trig,925,1,0,0,0,nan,-0.5011138319969177,-0.8066166520118714
0,DiscNRX,trig,926,1,0,0,0,nan,-0.5221306085586548,-0.8066166520118714
0,DiscNRX,trig,927,1,0,0,0,nan,-0.5082641243934631,-0.8066166520118714
0,DiscNRX,trig,928,1,0,0,0,nan,-0.5292025804519653,-0.8066166520118714
0,DiscNRX,trig,929,1,0,0,0,nan,-0.5583438277244568,-0.8066166520118714
0,DiscNRX,trig,930,1,0,0,0,nan,-0.5173931121826172,-0.8066166520118714
0,DiscNRX,trig,931,1,0,0,0,nan,-0.4848695695400238,-0.8066166520118714
0,DiscNRX,trig,932,1,0,0,0,nan,-0.41734904050827026,-0.8066166520118714
0,DiscNRX,trig,933,1,0,0,0,nan,-0.5055164694786072,-0.8066166520118714
0,DiscNRX,trig,934,1,0,0,0,nan,-0.5292019844055176,-0.8066166520118714
0,DiscNRX,trig,935,1,0,0,0,nan,-0.42294934391975403,-0.8066166520118714
0,DiscNRX,trig,936,1,0,0,0,nan,-0.52571040391922,-0.8066166520118714
0,DiscNRX,trig,937,1,0,0,0,nan,-0.5216643810272217,-0.8066166520118714
0,DiscNRX,trig,938,1,0,0,0,nan,-0.4861140847206116,-0.8066166520118714
0,DiscNRX,trig,939,1,0,0,0,nan,-0.4666919708251953,-0.8066166520118714
0,DiscNRX,trig,940,1,0,0,0,nan,-0.518203854560852,-0.8066166520118714
0,DiscNRX,trig,941,1,0,0,0,nan,-0.46922817826271057,-0.8066166520118714
0,DiscNRX,trig,942,1,0,0,0,nan,-0.4045156240463257,-0.8066166520118714
0,DiscNRX,trig,943,1,0,0,0,nan,-0.46595048904418945,-0.8066166520118714
0,DiscNRX,trig,944,1,0,0,0,nan,-0.4605931043624878,-0.8066166520118714
0,DiscNRX,trig,945,1,0,0,0,nan,-0.5082228779792786,-0.8066166520118714
0,DiscNRX,trig,946,1,0,0,0,nan,-0.5044367909431458,-0.8066166520118714
0,DiscNRX,trig,947,1,0,0,0,nan,-0.35874947905540466,-0.8066166520118714
0,DiscNRX,trig,948,1,0,0,0,nan,-0.4698440730571747,-0.8066166520118714
0,DiscNRX,trig,949,1,0,0,0,nan,-0.4780689477920532,-0.8066166520118714
0,DiscNRX,trig,950,1,0,0,0,nan,-0.4370312988758087,-0.8066166520118714
0,DiscNRX,trig,951,1,0,0,0,nan,-0.5099314451217651,-0.8066166520118714
0,DiscNRX,trig,952,1,0,0,0,nan,-0.4887889325618744,-0.8066166520118714
0,DiscNRX,trig,953,1,0,0,0,nan,-0.45326900482177734,-0.8066166520118714
0,DiscNRX,trig,954,1,0,0,0,nan,-0.4934820532798767,-0.8066166520118714
0,DiscNRX,trig,955,1,0,0,0,nan,-0.488579124212265,-0.8066166520118714
0,DiscNRX,trig,956,1,0,0,0,nan,-0.44880247116088867,-0.8066166520118714
0,DiscNRX,trig,957,1,0,0,0,nan,-0.46182867884635925,-0.8066166520118714
0,DiscNRX,trig,958,1,0,0,0,nan,-0.5534518361091614,-0.8066166520118714
0,DiscNRX,trig,959,1,0,0,0,nan,-0.4112946391105652,-0.8066166520118714
0,DiscNRX,trig,960,1,0,0,0,nan,-0.515464723110199,-0.8066166520118714
0,DiscNRX,trig,961,1,0,0,0,nan,-0.4852171242237091,-0.8066166520118714
0,DiscNRX,trig,962,1,0,0,0,nan,-0.5199084281921387,-0.8066166520118714
0,DiscNRX,trig,963,1,0,0,0,nan,-0.4712677597999573,-0.8066166520118714
0,DiscNRX,trig,964,1,0,0,0,nan,-0.5057538151741028,-0.8066166520118714
0,DiscNRX,trig,965,1,0,0,0,nan,-0.4997519254684448,-0.8066166520118714
0,DiscNRX,trig,966,1,0,0,0,nan,-0.5146269202232361,-0.8066166520118714
0,DiscNRX,trig,967,1,0,0,0,nan,-0.4745425879955292,-0.8066166520118714
0,DiscNRX,trig,968,1,0,0,0,nan,-0.503793478012085,-0.8066166520118714
0,DiscNRX,trig,969,1,0,0,0,nan,-0.500323474407196,-0.8066166520118714
0,DiscNRX,trig,970,1,0,0,0,nan,-0.5006271600723267,-0.8066166520118714
0,DiscNRX,trig,971,1,0,0,0,nan,-0.5054733157157898,-0.8066166520118714
0,DiscNRX,trig,972,1,0,0,0,nan,-0.4676641523838043,-0.8066166520118714
0,DiscNRX,trig,973,1,0,0,0,nan,-0.4775041937828064,-0.8066166520118714
0,DiscNRX,trig,974,1,0,0,0,nan,-0.5118808746337891,-0.8066166520118714
0,DiscNRX,trig,975,1,0,0,0,nan,-0.4964112639427185,-0.8066166520118714
0,DiscNRX,trig,976,1,0,0,0,nan,-0.5254476070404053,-0.8066166520118714
0,DiscNRX,trig,977,1,0,0,0,nan,-0.5367836952209473,-0.8066166520118714
0,DiscNRX,trig,978,1,0,0,0,nan,-0.5164003968238831,-0.8066166520118714
0,DiscNRX,trig,979,1,0,0,0,nan,-0.4411086440086365,-0.8066166520118714
0,DiscNRX,trig,980,1,0,0,0,nan,-0.4722742736339569,-0.8066166520118714
0,DiscNRX,trig,981,1,0,0,0,nan,-0.5251010656356812,-0.8066166520118714
0,DiscNRX,trig,982,1,0,0,0,nan,-0.5061476826667786,-0.8066166520118714
0,DiscNRX,trig,983,1,0,0,0,nan,-0.44706904888153076,-0.8066166520118714
0,DiscNRX,trig,984,1,0,0,0,nan,-0.5100188255310059,-0.8066166520118714
0,DiscNRX,trig,985,1,0,0,0,nan,-0.5246046781539917,-0.8066166520118714
0,DiscNRX,trig,986,1,0,0,0,nan,-0.5003771781921387,-0.8066166520118714
0,DiscNRX,trig,987,1,0,0,0,nan,-0.5225529074668884,-0.8066166520118714
0,DiscNRX,trig,988,1,0,0,0,nan,-0.4370388388633728,-0.8066166520118714
0,DiscNRX,trig,989,1,0,0,0,nan,-0.5007210969924927,-0.8066166520118714
0,DiscNRX,trig,990,1,0,0,0,nan,-0.4818774461746216,-0.8066166520118714
0,DiscNRX,trig,991,1,0,0,0,nan,-0.49725934863090515,-0.8066166520118714
0,DiscNRX,trig,992,1,0,0,0,nan,-0.45831242203712463,-0.8066166520118714
0,DiscNRX,trig,993,1,0,0,0,nan,-0.4975926876068115,-0.8066166520118714
0,DiscNRX,trig,994,1,0,0,0,nan,-0.47664690017700195,-0.8066166520118714
0,DiscNRX,trig,995,1,0,0,0,nan,-0.5007476806640625,-0.8066166520118714
0,DiscNRX,trig,996,1,0,0,0,nan,-0.5130094289779663,-0.8066166520118714
0,DiscNRX,trig,997,1,0,0,0,nan,-0.5294094085693359,-0.8066166520118714
0,DiscNRX,trig,998,1,0,0,0,nan,-0.49727538228034973,-0.8066166520118714
0,DiscNRX,trig,999,1,0,0,0,nan,-0.5021886229515076,-0.8066166520118714
