seed,receiver,mode,slot,err,crc_pass,false_pass,updated,update_ms,score,tau
4,AINR,none,0,1,0,0,0,nan,nan,0.8029814392328263
4,AINR,none,1,1,0,0,0,nan,nan,0.8029814392328263
4,AINR,none,2,1,0,0,0,nan,nan,0.8029814392328263
4,AINR,none,3,1,0,0,0,nan,nan,0.8029814392328263
4,AINR,none,4,1,0,0,0,nan,nan,0.8029814392328263
4,AINR,none,5,0,1,0,0,nan,nan,0.8029814392328263
4,AINR,none,6,1,0,0,0,nan,nan,0.8029814392328263
4,AINR,none,7,1,0,0,0,nan,nan,0.8029814392328263
4,AINR,none,8,1,0,0,0,nan,nan,0.8029814392328263
4,AINR,none,9,1,0,0,0,nan,nan,0.8029814392328263
4,AINR,none,10,1,0,0,0,nan,nan,0.8029814392328263
4,AINR,none,11,1,0,0,0,nan,nan,0.8029814392328263
4,AINR,none,12,1,0,0,0,nan,nan,0.8029814392328263
4,AINR,none,13,1,0,0,0,nan,nan,0.8029814392328263
4,AINR,none,14,1,0,0,0,nan,nan,0.8029814392328263
4,AINR,none,15,1,0,0,0,nan,nan,0.8029814392328263
4,AINR,none,16,1,0,0,0,nan,nan,0.8029814392328263
4,AINR,none,17,1,0,0,0,nan,nan,0.8029814392328263
4,AINR,none,18,1,0,0,0,nan,nan,0.8029814392328263
4,AINR,none,19,1,0,0,0,nan,nan,0.8029814392328263
4,AINR,none,20,1,0,0,0,nan,nan,0.8029814392328263
4,AINR,none,21,1,0,0,0,nan,nan,0.8029814392328263
4,AINR,none,22,1,0,0,0,nan,nan,0.8029814392328263
4,AINR,none,23,1,0,0,0,nan,nan,0.8029814392328263
4,AINR,none,24,1,0,0,0,nan,nan,0.8029814392328263
4,AINR,none,25,0,1,0,0,nan,nan,0.8029814392328263
4,AINR,none,26,1,0,0,0,nan,nan,0.8029814392328263
4,AINR,none,27,1,0,0,0,nan,nan,0.8029814392328263
4,AINR,none,28,1,0,0,0,nan,nan,0.8029814392328263
4,AINR,none,29,1,0,0,0,nan,nan,0.8029814392328263
4,AINR,none,30,1,0,0,0,nan,nan,0.8029814392328263
4,AINR,none,31,0,1,0,0,nan,nan,0.8029814392328263
4,AINR,none,32,1,0,0,0,nan,nan,0.8029814392328263
4,AINR,none,33,1,0,0,0,nan,nan,0.8029814392328263
4,AINR,none,34,1,0,0,0,nan,nan,0.8029814392328263
4,AINR,none,35,1,0,0,0,nan,nan,0.8029814392328263
4,AINR,none,36,1,0,0,0,nan,nan,0.8029814392328263
4,AINR,none,37,1,0,0,0,nan,nan,0.8029814392328263
4,AINR,none,38,1,0,0,0,nan,nan,0.8029814392328263
4,AINR,none,39,1,0,0,0,nan,nan,0.8029814392328263
4,AINR,none,40,1,0,0,0,nan,nan,0.8029814392328263
4,AINR,none,41,1,0,0,0,nan,nan,0.8029814392328263
4,AINR,none,42,1,0,0,0,nan,nan,0.8029814392328263
4,AINR,none,43,1,0,0,0,nan,nan,0.8029814392328263
4,AINR,none,44,1,0,0,0,nan,nan,0.8029814392328263
4,AINR,none,45,1,0,0,0,nan,nan,0.8029814392328263
4,AINR,none,46,1,0,0,0,nan,nan,0.8029814392328263
4,AINR,none,47,1,0,0,0,nan,nan,0.8029814392328263
4,AINR,none,48,1,0,0,0,nan,nan,0.8029814392328263
4,AINR,none,49,1,0,0,0,nan,nan,0.8029814392328263
4,AINR,none,50,1,0,0,0,nan,nan,0.8029814392328263
4,AINR,none,51,1,0,0,0,nan,nan,0.8029814392328263
4,AINR,none,52,1,0,0,0,nan,nan,0.8029814392328263
4,AINR,none,53,1,0,0,0,nan,nan,0.8029814392328263
4,AINR,none,54,1,0,0,0,nan,nan,0.8029814392328263
4,AINR,none,55,1,0,0,0,nan,nan,0.8029814392328263
4,AINR,none,56,1,0,0,0,nan,nan,0.8029814392328263
4,AINR,none,57,1,0,0,0,nan,nan,0.8029814392328263
4,AINR,none,58,1,0,0,0,nan,nan,0.8029814392328263
4,AINR,none,59,1,0,0,0,nan,nan,0.8029814392328263
4,AINR,none,60,1,0,0,0,nan,nan,0.8029814392328263
4,AINR,none,61,1,0,0,0,nan,nan,0.8029814392328263
4,AINR,none,62,1,0,0,0,nan,nan,0.8029814392328263
4,AINR,none,63,1,0,0,0,nan,nan,0.8029814392328263
4,AINR,none,64,1,0,0,0,nan,nan,0.8029814392328263
4,AINR,none,65,1,0,0,0,nan,nan,0.8029814392328263
4,AINR,none,66,1,0,0,0,nan,nan,0.8029814392328263
4,AINR,none,67,1,0,0,0,nan,nan,0.8029814392328263
4,AINR,none,68,1,0,0,0,nan,nan,0.8029814392328263
4,AINR,none,69,1,0,0,0,nan,nan,0.8029814392328263
4,AINR,none,70,1,0,0,0,nan,nan,0.8029814392328263
4,AINR,none,71,1,0,0,0,nan,nan,0.8029814392328263
4,AINR,none,72,1,0,0,0,nan,nan,0.8029814392328263
4,AINR,none,73,1,0,0,0,nan,nan,0.8029814392328263
4,AINR,none,74,1,0,0,0,nan,nan,0.8029814392328263
4,AINR,none,75,1,0,0,0,nan,nan,0.8029814392328263
4,AINR,none,76,1,0,0,0,nan,nan,0.8029814392328263
4,AINR,none,77,1,0,0,0,nan,nan,0.8029814392328263
4,AINR,none,78,1,0,0,0,nan,nan,0.8029814392328263
4,AINR,none,79,1,0,0,0,nan,nan,0.8029814392328263
4,AINR,none,80,0,1,0,0,nan,nan,0.8029814392328263
4,AINR,none,81,1,0,0,0,nan,nan,0.8029814392328263
4,AINR,none,82,1,0,0,0,nan,nan,0.8029814392328263
4,AINR,none,83,0,1,0,0,nan,nan,0.8029814392328263
4,AINR,none,84,1,0,0,0,nan,nan,0.8029814392328263
4,AINR,none,85,1,0,0,0,nan,nan,0.8029814392328263
4,AINR,none,86,1,0,0,0,nan,nan,0.8029814392328263
4,AINR,none,87,1,0,0,0,nan,nan,0.8029814392328263
4,AINR,none,88,1,0,0,0,nan,nan,0.8029814392328263
4,AINR,none,89,0,1,0,0,nan,nan,0.8029814392328263
4,AINR,none,90,1,0,0,0,nan,nan,0.8029814392328263
4,AINR,none,91,1,0,0,0,nan,nan,0.8029814392328263
4,AINR,none,92,1,0,0,0,nan,nan,0.8029814392328263
4,AINR,none,93,1,0,0,0,nan,nan,0.8029814392328263
4,AINR,none,94,1,0,0,0,nan,nan,0.8029814392328263
4,AINR,none,95,1,0,0,0,nan,nan,0.8029814392328263
4,AINR,none,96,1,0,0,0,nan,nan,0.8029814392328263
4,AINR,none,97,1,0,0,0,nan,nan,0.8029814392328263
4,AINR,none,98,1,0,0,0,nan,nan,0.8029814392328263
4,AINR,none,99,1,0,0,0,nan,nan,0.8029814392328263
4,AINR,none,100,1,0,0,0,nan,nan,0.8029814392328263
4,AINR,none,101,1,0,0,0,nan,nan,0.8029814392328263
4,AINR,none,102,1,0,0,0,nan,nan,0.8029814392328263
4,AINR,none,103,1,0,0,0,nan,nan,0.8029814392328263
4,AINR,none,104,1,0,0,0,nan,nan,0.8029814392328263
4,AINR,none,105,1,0,0,0,nan,nan,0.8029814392328263
4,AINR,none,106,1,0,0,0,nan,nan,0.8029814392328263
4,AINR,none,107,1,0,0,0,nan,nan,0.8029814392328263
4,AINR,none,108,1,0,0,0,nan,nan,0.8029814392328263
4,AINR,none,109,1,0,0,0,nan,nan,0.8029814392328263
4,AINR,none,110,1,0,0,0,nan,nan,0.8029814392328263
4,AINR,none,111,1,0,0,0,nan,nan,0.8029814392328263
4,AINR,none,112,1,0,0,0,nan,nan,0.8029814392328263
4,AINR,none,113,1,0,0,0,nan,nan,0.8029814392328263
4,AINR,none,114,1,0,0,0,nan,nan,0.8029814392328263
4,AINR,none,115,1,0,0,0,nan,nan,0.8029814392328263
4,AINR,none,116,0,1,0,0,nan,nan,0.8029814392328263
4,AINR,none,117,1,0,0,0,nan,nan,0.8029814392328263
4,AINR,none,118,1,0,0,0,nan,nan,0.8029814392328263
4,AINR,none,119,1,0,0,0,nan,nan,0.8029814392328263
4,AINR,none,120,1,0,0,0,nan,nan,0.8029814392328263
4,AINR,none,121,1,0,0,0,nan,nan,0.8029814392328263
4,AINR,none,122,1,0,0,0,nan,nan,0.8029814392328263
4,AINR,none,123,1,0,0,0,nan,nan,0.8029814392328263
4,AINR,none,124,1,0,0,0,nan,nan,0.8029814392328263
4,AINR,none,125,1,0,0,0,nan,nan,0.8029814392328263
4,AINR,none,126,1,0,0,0,nan,nan,0.8029814392328263
4,AINR,none,127,1,0,0,0,nan,nan,0.8029814392328263
4,AINR,none,128,1,0,0,0,nan,nan,0.8029814392328263
4,AINR,none,129,1,0,0,0,nan,nan,0.8029814392328263
4,AINR,none,130,1,0,0,0,nan,nan,0.8029814392328263
4,AINR,none,131,1,0,0,0,nan,nan,0.8029814392328263
4,AINR,none,132,1,0,0,0,nan,nan,0.8029814392328263
4,AINR,none,133,1,0,0,0,nan,nan,0.8029814392328263
4,AINR,none,134,1,0,0,0,nan,nan,0.8029814392328263
4,AINR,none,135,1,0,0,0,nan,nan,0.8029814392328263
4,AINR,none,136,1,0,0,0,nan,nan,0.8029814392328263
4,AINR,none,137,1,0,0,0,nan,nan,0.8029814392328263
4,AINR,none,138,1,0,0,0,nan,nan,0.8029814392328263
4,AINR,none,139,1,0,0,0,nan,nan,0.8029814392328263
4,AINR,none,140,0,1,0,0,nan,nan,0.8029814392328263
4,AINR,none,141,1,0,0,0,nan,nan,0.8029814392328263
4,AINR,none,142,1,0,0,0,nan,nan,0.8029814392328263
4,AINR,none,143,1,0,0,0,nan,nan,0.8029814392328263
4,AINR,none,144,1,0,0,0,nan,nan,0.8029814392328263
4,AINR,none,145,1,0,0,0,nan,nan,0.8029814392328263
4,AINR,none,146,1,0,0,0,nan,nan,0.8029814392328263
4,AINR,none,147,1,0,0,0,nan,nan,0.8029814392328263
4,AINR,none,148,1,0,0,0,nan,nan,0.8029814392328263
4,AINR,none,149,1,0,0,0,nan,nan,0.8029814392328263
4,AINR,none,150,1,0,0,0,nan,nan,0.8029814392328263
4,AINR,none,151,1,0,0,0,nan,nan,0.8029814392328263
4,AINR,none,152,1,0,0,0,nan,nan,0.8029814392328263
4,AINR,none,153,1,0,0,0,nan,nan,0.8029814392328263
4,AINR,none,154,1,0,0,0,nan,nan,0.8029814392328263
4,AINR,none,155,1,0,0,0,nan,nan,0.8029814392328263
4,AINR,none,156,1,0,0,0,nan,nan,0.8029814392328263
4,AINR,none,157,1,0,0,0,nan,nan,0.8029814392328263
4,AINR,none,158,1,0,0,0,nan,nan,0.8029814392328263
4,AINR,none,159,1,0,0,0,nan,nan,0.8029814392328263
4,AINR,none,160,1,0,0,0,nan,nan,0.8029814392328263
4,AINR,none,161,1,0,0,0,nan,nan,0.8029814392328263
4,AINR,none,162,1,0,0,0,nan,nan,0.8029814392328263
4,AINR,none,163,1,0,0,0,nan,nan,0.8029814392328263
4,AINR,none,164,1,0,0,0,nan,nan,0.8029814392328263
4,AINR,none,165,1,0,0,0,nan,nan,0.8029814392328263
4,AINR,none,166,1,0,0,0,nan,nan,0.8029814392328263
4,AINR,none,167,1,0,0,0,nan,nan,0.8029814392328263
4,AINR,none,168,1,0,0,0,nan,nan,0.8029814392328263
4,AINR,none,169,1,0,0,0,nan,nan,0.8029814392328263
4,AINR,none,170,1,0,0,0,nan,nan,0.8029814392328263
4,AINR,none,171,1,0,0,0,nan,nan,0.8029814392328263
4,AINR,none,172,1,0,0,0,nan,nan,0.8029814392328263
4,AINR,none,173,1,0,0,0,nan,nan,0.8029814392328263
4,AINR,none,174,1,0,0,0,nan,nan,0.8029814392328263
4,AINR,none,175,1,0,0,0,nan,nan,0.8029814392328263
4,AINR,none,176,1,0,0,0,nan,nan,0.8029814392328263
4,AINR,none,177,1,0,0,0,nan,nan,0.8029814392328263
4,AINR,none,178,1,0,0,0,nan,nan,0.8029814392328263
4,AINR,none,179,1,0,0,0,nan,nan,0.8029814392328263
4,AINR,none,180,1,0,0,0,nan,nan,0.8029814392328263
4,AINR,none,181,1,0,0,0,nan,nan,0.8029814392328263
4,AINR,none,182,1,0,0,0,nan,nan,0.8029814392328263
4,AINR,none,183,1,0,0,0,nan,nan,0.8029814392328263
4,AINR,none,184,1,0,0,0,nan,nan,0.8029814392328263
4,AINR,none,185,1,0,0,0,nan,nan,0.8029814392328263
4,AINR,none,186,1,0,0,0,nan,nan,0.8029814392328263
4,AINR,none,187,1,0,0,0,nan,nan,0.8029814392328263
4,AINR,none,188,1,0,0,0,nan,nan,0.8029814392328263
4,AINR,none,189,1,0,0,0,nan,nan,0.8029814392328263
4,AINR,none,190,1,0,0,0,nan,nan,0.8029814392328263
4,AINR,none,191,1,0,0,0,nan,nan,0.8029814392328263
4,AINR,none,192,1,0,0,0,nan,nan,0.8029814392328263
4,AINR,none,193,1,0,0,0,nan,nan,0.8029814392328263
4,AINR,none,194,1,0,0,0,nan,nan,0.8029814392328263
4,AINR,none,195,1,0,0,0,nan,nan,0.8029814392328263
4,AINR,none,196,1,0,0,0,nan,nan,0.8029814392328263
4,AINR,none,197,1,0,0,0,nan,nan,0.8029814392328263
4,AINR,none,198,1,0,0,0,nan,nan,0.8029814392328263
4,AINR,none,199,1,0,0,0,nan,nan,0.8029814392328263
4,AINR,none,200,1,0,0,0,nan,nan,0.8029814392328263
4,AINR,none,201,1,0,0,0,nan,nan,0.8029814392328263
4,AINR,none,202,1,0,0,0,nan,nan,0.8029814392328263
4,AINR,none,203,1,0,0,0,nan,nan,0.8029814392328263
4,AINR,none,204,1,0,0,0,nan,nan,0.8029814392328263
4,AINR,none,205,1,0,0,0,nan,nan,0.8029814392328263
4,AINR,none,206,1,0,0,0,nan,nan,0.8029814392328263
4,AINR,none,207,1,0,0,0,nan,nan,0.8029814392328263
4,AINR,none,208,1,0,0,0,nan,nan,0.8029814392328263
4,AINR,none,209,1,0,0,0,nan,nan,0.8029814392328263
4,AINR,none,210,1,0,0,0,nan,nan,0.8029814392328263
4,AINR,none,211,1,0,0,0,nan,nan,0.8029814392328263
4,AINR,none,212,1,0,0,0,nan,nan,0.8029814392328263
4,AINR,none,213,1,0,0,0,nan,nan,0.8029814392328263
4,AINR,none,214,1,0,0,0,nan,nan,0.8029814392328263
4,AINR,none,215,1,0,0,0,nan,nan,0.8029814392328263
4,AINR,none,216,1,0,0,0,nan,nan,0.8029814392328263
4,AINR,none,217,1,0,0,0,nan,nan,0.8029814392328263
4,AINR,none,218,1,0,0,0,nan,nan,0.8029814392328263
4,AINR,none,219,1,0,0,0,nan,nan,0.8029814392328263
4,AINR,none,220,1,0,0,0,nan,nan,0.8029814392328263
4,AINR,none,221,1,0,0,0,nan,nan,0.8029814392328263
4,AINR,none,222,1,0,0,0,nan,nan,0.8029814392328263
4,AINR,none,223,1,0,0,0,nan,nan,0.8029814392328263
4,AINR,none,224,1,0,0,0,nan,nan,0.8029814392328263
4,AINR,none,225,1,0,0,0,nan,nan,0.8029814392328263
4,AINR,none,226,1,0,0,0,nan,nan,0.8029814392328263
4,AINR,none,227,1,0,0,0,nan,nan,0.8029814392328263
4,AINR,none,228,1,0,0,0,nan,nan,0.8029814392328263
4,AINR,none,229,1,0,0,0,nan,nan,0.8029814392328263
4,AINR,none,230,1,0,0,0,nan,nan,0.8029814392328263
4,AINR,none,231,1,0,0,0,nan,nan,0.8029814392328263
4,AINR,none,232,1,0,0,0,nan,nan,0.8029814392328263
4,AINR,none,233,1,0,0,0,nan,nan,0.8029814392328263
4,AINR,none,234,0,1,0,0,nan,nan,0.8029814392328263
4,AINR,none,235,1,0,0,0,nan,nan,0.8029814392328263
4,AINR,none,236,1,0,0,0,nan,nan,0.8029814392328263
4,AINR,none,237,1,0,0,0,nan,nan,0.8029814392328263
4,AINR,none,238,1,0,0,0,nan,nan,0.8029814392328263
4,AINR,none,239,1,0,0,0,nan,nan,0.8029814392328263
4,AINR,none,240,1,0,0,0,nan,nan,0.8029814392328263
4,AINR,none,241,1,0,0,0,nan,nan,0.8029814392328263
4,AINR,none,242,1,0,0,0,nan,nan,0.8029814392328263
4,AINR,none,243,1,0,0,0,nan,nan,0.8029814392328263
4,AINR,none,244,1,0,0,0,nan,nan,0.8029814392328263
4,AINR,none,245,1,0,0,0,nan,nan,0.8029814392328263
4,AINR,none,246,1,0,0,0,nan,nan,0.8029814392328263
4,AINR,none,247,1,0,0,0,nan,nan,0.8029814392328263
4,AINR,none,248,1,0,0,0,nan,nan,0.8029814392328263
4,AINR,none,249,1,0,0,0,nan,nan,0.8029814392328263
4,AINR,none,250,1,0,0,0,nan,nan,0.8029814392328263
4,AINR,none,251,1,0,0,0,nan,nan,0.8029814392328263
4,AINR,none,252,1,0,0,0,nan,nan,0.8029814392328263
4,AINR,none,253,1,0,0,0,nan,nan,0.8029814392328263
4,AINR,none,254,0,1,0,0,nan,nan,0.8029814392328263
4,AINR,none,255,1,0,0,0,nan,nan,0.8029814392328263
4,AINR,none,256,1,0,0,0,nan,nan,0.8029814392328263
4,AINR,none,257,1,0,0,0,nan,nan,0.8029814392328263
4,AINR,none,258,1,0,0,0,nan,nan,0.8029814392328263
4,AINR,none,259,1,0,0,0,nan,nan,0.8029814392328263
4,AINR,none,260,1,0,0,0,nan,nan,0.8029814392328263
4,AINR,none,261,1,0,0,0,nan,nan,0.8029814392328263
4,AINR,none,262,1,0,0,0,nan,nan,0.8029814392328263
4,AINR,none,263,1,0,0,0,nan,nan,0.8029814392328263
4,AINR,none,264,1,0,0,0,nan,nan,0.8029814392328263
4,AINR,none,265,1,0,0,0,nan,nan,0.8029814392328263
4,AINR,none,266,1,0,0,0,nan,nan,0.8029814392328263
4,AINR,none,267,1,0,0,0,nan,nan,0.8029814392328263
4,AINR,none,268,1,0,0,0,nan,nan,0.8029814392328263
4,AINR,none,269,1,0,0,0,nan,nan,0.8029814392328263
4,AINR,none,270,1,0,0,0,nan,nan,0.8029814392328263
4,AINR,none,271,1,0,0,0,nan,nan,0.8029814392328263
4,AINR,none,272,1,0,0,0,nan,nan,0.8029814392328263
4,AINR,none,273,1,0,0,0,nan,nan,0.8029814392328263
4,AINR,none,274,1,0,0,0,nan,nan,0.8029814392328263
4,AINR,none,275,1,0,0,0,nan,nan,0.8029814392328263
4,AINR,none,276,1,0,0,0,nan,nan,0.8029814392328263
4,AINR,none,277,1,0,0,0,nan,nan,0.8029814392328263
4,AINR,none,278,1,0,0,0,nan,nan,0.8029814392328263
4,AINR,none,279,1,0,0,0,nan,nan,0.8029814392328263
4,AINR,none,280,0,1,0,0,nan,nan,0.8029814392328263
4,AINR,none,281,1,0,0,0,nan,nan,0.8029814392328263
4,AINR,none,282,1,0,0,0,nan,nan,0.8029814392328263
4,AINR,none,283,1,0,0,0,nan,nan,0.8029814392328263
4,AINR,none,284,1,0,0,0,nan,nan,0.8029814392328263
4,AINR,none,285,1,0,0,0,nan,nan,0.8029814392328263
4,AINR,none,286,1,0,0,0,nan,nan,0.8029814392328263
4,AINR,none,287,1,0,0,0,nan,nan,0.8029814392328263
4,AINR,none,288,1,0,0,0,nan,nan,0.8029814392328263
4,AINR,none,289,1,0,0,0,nan,nan,0.8029814392328263
4,AINR,none,290,1,0,0,0,nan,nan,0.8029814392328263
4,AINR,none,291,1,0,0,0,nan,nan,0.8029814392328263
4,AINR,none,292,1,0,0,0,nan,nan,0.8029814392328263
4,AINR,none,293,1,0,0,0,nan,nan,0.8029814392328263
4,AINR,none,294,1,0,0,0,nan,nan,0.8029814392328263
4,AINR,none,295,1,0,0,0,nan,nan,0.8029814392328263
4,AINR,none,296,1,0,0,0,nan,nan,0.8029814392328263
4,AINR,none,297,1,0,0,0,nan,nan,0.8029814392328263
4,AINR,none,298,1,0,0,0,nan,nan,0.8029814392328263
4,AINR,none,299,1,0,0,0,nan,nan,0.8029814392328263
4,AINR,none,300,1,0,0,0,nan,nan,0.8029814392328263
4,AINR,none,301,1,0,0,0,nan,nan,0.8029814392328263
4,AINR,none,302,1,0,0,0,nan,nan,0.8029814392328263
4,AINR,none,303,1,0,0,0,nan,nan,0.8029814392328263
4,AINR,none,304,1,0,0,0,nan,nan,0.8029814392328263
4,AINR,none,305,1,0,0,0,nan,nan,0.8029814392328263
4,AINR,none,306,1,0,0,0,nan,nan,0.8029814392328263
4,AINR,none,307,1,0,0,0,nan,nan,0.8029814392328263
4,AINR,none,308,1,0,0,0,nan,nan,0.8029814392328263
4,AINR,none,309,1,0,0,0,nan,nan,0.8029814392328263
4,AINR,none,310,1,0,0,0,nan,nan,0.8029814392328263
4,AINR,none,311,1,0,0,0,nan,nan,0.8029814392328263
4,AINR,none,312,1,0,0,0,nan,nan,0.8029814392328263
4,AINR,none,313,1,0,0,0,nan,nan,0.8029814392328263
4,AINR,none,314,1,0,0,0,nan,nan,0.8029814392328263
4,AINR,none,315,1,0,0,0,nan,nan,0.8029814392328263
4,AINR,none,316,1,0,0,0,nan,nan,0.8029814392328263
4,AINR,none,317,1,0,0,0,nan,nan,0.8029814392328263
4,AINR,none,318,1,0,0,0,nan,nan,0.8029814392328263
4,AINR,none,319,1,0,0,0,nan,nan,0.8029814392328263
4,AINR,none,320,1,0,0,0,nan,nan,0.8029814392328263
4,AINR,none,321,1,0,0,0,nan,nan,0.8029814392328263
4,AINR,none,322,1,0,0,0,nan,nan,0.8029814392328263
4,AINR,none,323,1,0,0,0,nan,nan,0.8029814392328263
4,AINR,none,324,0,1,0,0,nan,nan,0.8029814392328263
4,AINR,none,325,1,0,0,0,nan,nan,0.8029814392328263
4,AINR,none,326,1,0,0,0,nan,nan,0.8029814392328263
4,AINR,none,327,0,1,0,0,nan,nan,0.8029814392328263
4,AINR,none,328,1,0,0,0,nan,nan,0.8029814392328263
4,AINR,none,329,1,0,0,0,nan,nan,0.8029814392328263
4,AINR,none,330,0,1,0,0,nan,nan,0.8029814392328263
4,AINR,none,331,1,0,0,0,nan,nan,0.8029814392328263
4,AINR,none,332,1,0,0,0,nan,nan,0.8029814392328263
4,AINR,none,333,1,0,0,0,nan,nan,0.8029814392328263
4,AINR,none,334,1,0,0,0,nan,nan,0.8029814392328263
4,AINR,none,335,1,0,0,0,nan,nan,0.8029814392328263
4,AINR,none,336,1,0,0,0,nan,nan,0.8029814392328263
4,AINR,none,337,1,0,0,0,nan,nan,0.8029814392328263
4,AINR,none,338,1,0,0,0,nan,nan,0.8029814392328263
4,AINR,none,339,1,0,0,0,nan,nan,0.8029814392328263
4,AINR,none,340,1,0,0,0,nan,nan,0.8029814392328263
4,AINR,none,341,1,0,0,0,nan,nan,0.8029814392328263
4,AINR,none,342,1,0,0,0,nan,nan,0.8029814392328263
4,AINR,none,343,1,0,0,0,nan,nan,0.8029814392328263
4,AINR,none,344,1,0,0,0,nan,nan,0.8029814392328263
4,AINR,none,345,1,0,0,0,nan,nan,0.8029814392328263
4,AINR,none,346,1,0,0,0,nan,nan,0.8029814392328263
4,AINR,none,347,1,0,0,0,nan,nan,0.8029814392328263
4,AINR,none,348,1,0,0,0,nan,nan,0.8029814392328263
4,AINR,none,349,1,0,0,0,nan,nan,0.8029814392328263
4,AINR,none,350,1,0,0,0,nan,nan,0.8029814392328263
4,AINR,none,351,1,0,0,0,nan,nan,0.8029814392328263
4,AINR,none,352,1,0,0,0,nan,nan,0.8029814392328263
4,AINR,none,353,1,0,0,0,nan,nan,0.8029814392328263
4,AINR,none,354,1,0,0,0,nan,nan,0.8029814392328263
4,AINR,none,355,1,0,0,0,nan,nan,0.8029814392328263
4,AINR,none,356,1,0,0,0,nan,nan,0.8029814392328263
4,AINR,none,357,1,0,0,0,nan,nan,0.8029814392328263
4,AINR,none,358,1,0,0,0,nan,nan,0.8029814392328263
4,AINR,none,359,1,0,0,0,nan,nan,0.8029814392328263
4,AINR,none,360,1,0,0,0,nan,nan,0.8029814392328263
4,AINR,none,361,1,0,0,0,nan,nan,0.8029814392328263
4,AINR,none,362,1,0,0,0,nan,nan,0.8029814392328263
4,AINR,none,363,1,0,0,0,nan,nan,0.8029814392328263
4,AINR,none,364,1,0,0,0,nan,nan,0.8029814392328263
4,AINR,none,365,1,0,0,0,nan,nan,0.8029814392328263
4,AINR,none,366,1,0,0,0,nan,nan,0.8029814392328263
4,AINR,none,367,1,0,0,0,nan,nan,0.8029814392328263
4,AINR,none,368,1,0,0,0,nan,nan,0.8029814392328263
4,AINR,none,369,1,0,0,0,nan,nan,0.8029814392328263
4,AINR,none,370,1,0,0,0,nan,nan,0.8029814392328263
4,AINR,none,371,1,0,0,0,nan,nan,0.8029814392328263
4,AINR,none,372,1,0,0,0,nan,nan,0.8029814392328263
4,AINR,none,373,1,0,0,0,nan,nan,0.8029814392328263
4,AINR,none,374,1,0,0,0,nan,nan,0.8029814392328263
4,AINR,none,375,1,0,0,0,nan,nan,0.8029814392328263
4,AINR,none,376,1,0,0,0,nan,nan,0.8029814392328263
4,AINR,none,377,1,0,0,0,nan,nan,0.8029814392328263
4,AINR,none,378,1,0,0,0,nan,nan,0.8029814392328263
4,AINR,none,379,1,0,0,0,nan,nan,0.8029814392328263
4,AINR,none,380,1,0,0,0,nan,nan,0.8029814392328263
4,AINR,none,381,1,0,0,0,nan,nan,0.8029814392328263
4,AINR,none,382,1,0,0,0,nan,nan,0.8029814392328263
4,AINR,none,383,1,0,0,0,nan,nan,0.8029814392328263
4,AINR,none,384,1,0,0,0,nan,nan,0.8029814392328263
4,AINR,none,385,1,0,0,0,nan,nan,0.8029814392328263
4,AINR,none,386,1,0,0,0,nan,nan,0.8029814392328263
4,AINR,none,387,1,0,0,0,nan,nan,0.8029814392328263
4,AINR,none,388,1,0,0,0,nan,nan,0.8029814392328263
4,AINR,none,389,1,0,0,0,nan,nan,0.8029814392328263
4,AINR,none,390,1,0,0,0,nan,nan,0.8029814392328263
4,AINR,none,391,1,0,0,0,nan,nan,0.8029814392328263
4,AINR,none,392,1,0,0,0,nan,nan,0.8029814392328263
4,AINR,none,393,1,0,0,0,nan,nan,0.8029814392328263
4,AINR,none,394,1,0,0,0,nan,nan,0.8029814392328263
4,AINR,none,395,1,0,0,0,nan,nan,0.8029814392328263
4,AINR,none,396,1,0,0,0,nan,nan,0.8029814392328263
4,AINR,none,397,1,0,0,0,nan,nan,0.8029814392328263
4,AINR,none,398,1,0,0,0,nan,nan,0.8029814392328263
4,AINR,none,399,1,0,0,0,nan,nan,0.8029814392328263
4,AINR,none,400,1,0,0,0,nan,nan,0.8029814392328263
4,AINR,none,401,1,0,0,0,nan,nan,0.8029814392328263
4,AINR,none,402,1,0,0,0,nan,nan,0.8029814392328263
4,AINR,none,403,1,0,0,0,nan,nan,0.8029814392328263
4,AINR,none,404,1,0,0,0,nan,nan,0.8029814392328263
4,AINR,none,405,1,0,0,0,nan,nan,0.8029814392328263
4,AINR,none,406,1,0,0,0,nan,nan,0.8029814392328263
4,AINR,none,407,1,0,0,0,nan,nan,0.8029814392328263
4,AINR,none,408,1,0,0,0,nan,nan,0.8029814392328263
4,AINR,none,409,1,0,0,0,nan,nan,0.8029814392328263
4,AINR,none,410,1,0,0,0,nan,nan,0.8029814392328263
4,AINR,none,411,1,0,0,0,nan,nan,0.8029814392328263
4,AINR,none,412,1,0,0,0,nan,nan,0.8029814392328263
4,AINR,none,413,1,0,0,0,nan,nan,0.8029814392328263
4,AINR,none,414,1,0,0,0,nan,nan,0.8029814392328263
4,AINR,none,415,1,0,0,0,nan,nan,0.8029814392328263
4,AINR,none,416,1,0,0,0,nan,nan,0.8029814392328263
4,AINR,none,417,1,0,0,0,nan,nan,0.8029814392328263
4,AINR,none,418,1,0,0,0,nan,nan,0.8029814392328263
4,AINR,none,419,1,0,0,0,nan,nan,0.8029814392328263
4,AINR,none,420,1,0,0,0,nan,nan,0.8029814392328263
4,AINR,none,421,1,0,0,0,nan,nan,0.8029814392328263
4,AINR,none,422,1,0,0,0,nan,nan,0.8029814392328263
4,AINR,none,423,1,0,0,0,nan,nan,0.8029814392328263
4,AINR,none,424,1,0,0,0,nan,nan,0.8029814392328263
4,AINR,none,425,1,0,0,0,nan,nan,0.8029814392328263
4,AINR,none,426,1,0,0,0,nan,nan,0.8029814392328263
4,AINR,none,427,1,0,0,0,nan,nan,0.8029814392328263
4,AINR,none,428,1,0,0,0,nan,nan,0.8029814392328263
4,AINR,none,429,0,1,0,0,nan,nan,0.8029814392328263
4,AINR,none,430,1,0,0,0,nan,nan,0.8029814392328263
4,AINR,none,431,1,0,0,0,nan,nan,0.8029814392328263
4,AINR,none,432,1,0,0,0,nan,nan,0.8029814392328263
4,AINR,none,433,1,0,0,0,nan,nan,0.8029814392328263
4,AINR,none,434,1,0,0,0,nan,nan,0.8029814392328263
4,AINR,none,435,1,0,0,0,nan,nan,0.8029814392328263
4,AINR,none,436,1,0,0,0,nan,nan,0.8029814392328263
4,AINR,none,437,1,0,0,0,nan,nan,0.8029814392328263
4,AINR,none,438,0,1,0,0,nan,nan,0.8029814392328263
4,AINR,none,439,1,0,0,0,nan,nan,0.8029814392328263
4,AINR,none,440,1,0,0,0,nan,nan,0.8029814392328263
4,AINR,none,441,1,0,0,0,nan,nan,0.8029814392328263
4,AINR,none,442,1,0,0,0,nan,nan,0.8029814392328263
4,AINR,none,443,1,0,0,0,nan,nan,0.8029814392328263
4,AINR,none,444,1,0,0,0,nan,nan,0.8029814392328263
4,AINR,none,445,1,0,0,0,nan,nan,0.8029814392328263
4,AINR,none,446,1,0,0,0,nan,nan,0.8029814392328263
4,AINR,none,447,1,0,0,0,nan,nan,0.8029814392328263
4,AINR,none,448,1,0,0,0,nan,nan,0.8029814392328263
4,AINR,none,449,1,0,0,0,nan,nan,0.8029814392328263
4,AINR,none,450,1,0,0,0,nan,nan,0.8029814392328263
4,AINR,none,451,1,0,0,0,nan,nan,0.8029814392328263
4,AINR,none,452,1,0,0,0,nan,nan,0.8029814392328263
4,AINR,none,453,1,0,0,0,nan,nan,0.8029814392328263
4,AINR,none,454,1,0,0,0,nan,nan,0.8029814392328263
4,AINR,none,455,1,0,0,0,nan,nan,0.8029814392328263
4,AINR,none,456,1,0,0,0,nan,nan,0.8029814392328263
4,AINR,none,457,1,0,0,0,nan,nan,0.8029814392328263
4,AINR,none,458,1,0,0,0,nan,nan,0.8029814392328263
4,AINR,none,459,1,0,0,0,nan,nan,0.8029814392328263
4,AINR,none,460,1,0,0,0,nan,nan,0.8029814392328263
4,AINR,none,461,1,0,0,0,nan,nan,0.8029814392328263
4,AINR,none,462,1,0,0,0,nan,nan,0.8029814392328263
4,AINR,none,463,1,0,0,0,nan,nan,0.8029814392328263
4,AINR,none,464,1,0,0,0,nan,nan,0.8029814392328263
4,AINR,none,465,1,0,0,0,nan,nan,0.8029814392328263
4,AINR,none,466,1,0,0,0,nan,nan,0.8029814392328263
4,AINR,none,467,1,0,0,0,nan,nan,0.8029814392328263
4,AINR,none,468,1,0,0,0,nan,nan,0.8029814392328263
4,AINR,none,469,1,0,0,0,nan,nan,0.8029814392328263
4,AINR,none,470,1,0,0,0,nan,nan,0.8029814392328263
4,AINR,none,471,1,0,0,0,nan,nan,0.8029814392328263
4,AINR,none,472,1,0,0,0,nan,nan,0.8029814392328263
4,AINR,none,473,1,0,0,0,nan,nan,0.8029814392328263
4,AINR,none,474,1,0,0,0,nan,nan,0.8029814392328263
4,AINR,none,475,1,0,0,0,nan,nan,0.8029814392328263
4,AINR,none,476,1,0,0,0,nan,nan,0.8029814392328263
4,AINR,none,477,1,0,0,0,nan,nan,0.8029814392328263
4,AINR,none,478,1,0,0,0,nan,nan,0.8029814392328263
4,AINR,none,479,1,0,0,0,nan,nan,0.8029814392328263
4,AINR,none,480,1,0,0,0,nan,nan,0.8029814392328263
4,AINR,none,481,1,0,0,0,nan,nan,0.8029814392328263
4,AINR,none,482,1,0,0,0,nan,nan,0.8029814392328263
4,AINR,none,483,1,0,0,0,nan,nan,0.8029814392328263
4,AINR,none,484,1,0,0,0,nan,nan,0.8029814392328263
4,AINR,none,485,1,0,0,0,nan,nan,0.8029814392328263
4,AINR,none,486,1,0,0,0,nan,nan,0.8029814392328263
4,AINR,none,487,1,0,0,0,nan,nan,0.8029814392328263
4,AINR,none,488,1,0,0,0,nan,nan,0.8029814392328263
4,AINR,none,489,1,0,0,0,nan,nan,0.8029814392328263
4,AINR,none,490,1,0,0,0,nan,nan,0.8029814392328263
4,AINR,none,491,1,0,0,0,nan,nan,0.8029814392328263
4,AINR,none,492,1,0,0,0,nan,nan,0.8029814392328263
4,AINR,none,493,1,0,0,0,nan,nan,0.8029814392328263
4,AINR,none,494,1,0,0,0,nan,nan,0.8029814392328263
4,AINR,none,495,1,0,0,0,nan,nan,0.8029814392328263
4,AINR,none,496,1,0,0,0,nan,nan,0.8029814392328263
4,AINR,none,497,1,0,0,0,nan,nan,0.8029814392328263
4,AINR,none,498,1,0,0,0,nan,nan,0.8029814392328263
4,AINR,none,499,1,0,0,0,nan,nan,0.8029814392328263
4,AINR,none,500,1,0,0,0,nan,nan,0.8029814392328263
4,AINR,none,501,1,0,0,0,nan,nan,0.8029814392328263
4,AINR,none,502,1,0,0,0,nan,nan,0.8029814392328263
4,AINR,none,503,1,0,0,0,nan,nan,0.8029814392328263
4,AINR,none,504,1,0,0,0,nan,nan,0.8029814392328263
4,AINR,none,505,1,0,0,0,nan,nan,0.8029814392328263
4,AINR,none,506,1,0,0,0,nan,nan,0.8029814392328263
4,AINR,none,507,1,0,0,0,nan,nan,0.8029814392328263
4,AINR,none,508,1,0,0,0,nan,nan,0.8029814392328263
4,AINR,none,509,1,0,0,0,nan,nan,0.8029814392328263
4,AINR,none,510,0,1,0,0,nan,nan,0.8029814392328263
4,AINR,none,511,1,0,0,0,nan,nan,0.8029814392328263
4,AINR,none,512,1,0,0,0,nan,nan,0.8029814392328263
4,AINR,none,513,1,0,0,0,nan,nan,0.8029814392328263
4,AINR,none,514,1,0,0,0,nan,nan,0.8029814392328263
4,AINR,none,515,1,0,0,0,nan,nan,0.8029814392328263
4,AINR,none,516,1,0,0,0,nan,nan,0.8029814392328263
4,AINR,none,517,1,0,0,0,nan,nan,0.8029814392328263
4,AINR,none,518,1,0,0,0,nan,nan,0.8029814392328263
4,AINR,none,519,1,0,0,0,nan,nan,0.8029814392328263
4,AINR,none,520,1,0,0,0,nan,nan,0.8029814392328263
4,AINR,none,521,1,0,0,0,nan,nan,0.8029814392328263
4,AINR,none,522,1,0,0,0,nan,nan,0.8029814392328263
4,AINR,none,523,1,0,0,0,nan,nan,0.8029814392328263
4,AINR,none,524,1,0,0,0,nan,nan,0.8029814392328263
4,AINR,none,525,1,0,0,0,nan,nan,0.8029814392328263
4,AINR,none,526,1,0,0,0,nan,nan,0.8029814392328263
4,AINR,none,527,1,0,0,0,nan,nan,0.8029814392328263
4,AINR,none,528,1,0,0,0,nan,nan,0.8029814392328263
4,AINR,none,529,1,0,0,0,nan,nan,0.8029814392328263
4,AINR,none,530,1,0,0,0,nan,nan,0.8029814392328263
4,AINR,none,531,1,0,0,0,nan,nan,0.8029814392328263
4,AINR,none,532,1,0,0,0,nan,nan,0.8029814392328263
4,AINR,none,533,1,0,0,0,nan,nan,0.8029814392328263
4,AINR,none,534,1,0,0,0,nan,nan,0.8029814392328263
4,AINR,none,535,1,0,0,0,nan,nan,0.8029814392328263
4,AINR,none,536,1,0,0,0,nan,nan,0.8029814392328263
4,AINR,none,537,1,0,0,0,nan,nan,0.8029814392328263
4,AINR,none,538,1,0,0,0,nan,nan,0.8029814392328263
4,AINR,none,539,1,0,0,0,nan,nan,0.8029814392328263
4,AINR,none,540,1,0,0,0,nan,nan,0.8029814392328263
4,AINR,none,541,1,0,0,0,nan,nan,0.8029814392328263
4,AINR,none,542,0,1,0,0,nan,nan,0.8029814392328263
4,AINR,none,543,1,0,0,0,nan,nan,0.8029814392328263
4,AINR,none,544,1,0,0,0,nan,nan,0.8029814392328263
4,AINR,none,545,1,0,0,0,nan,nan,0.8029814392328263
4,AINR,none,546,1,0,0,0,nan,nan,0.8029814392328263
4,AINR,none,547,1,0,0,0,nan,nan,0.8029814392328263
4,AINR,none,548,1,0,0,0,nan,nan,0.8029814392328263
4,AINR,none,549,1,0,0,0,nan,nan,0.8029814392328263
4,AINR,none,550,1,0,0,0,nan,nan,0.8029814392328263
4,AINR,none,551,1,0,0,0,nan,nan,0.8029814392328263
4,AINR,none,552,1,0,0,0,nan,nan,0.8029814392328263
4,AINR,none,553,1,0,0,0,nan,nan,0.8029814392328263
4,AINR,none,554,0,1,0,0,nan,nan,0.8029814392328263
4,AINR,none,555,1,0,0,0,nan,nan,0.8029814392328263
4,AINR,none,556,1,0,0,0,nan,nan,0.8029814392328263
4,AINR,none,557,1,0,0,0,nan,nan,0.8029814392328263
4,AINR,none,558,1,0,0,0,nan,nan,0.8029814392328263
4,AINR,none,559,1,0,0,0,nan,nan,0.8029814392328263
4,AINR,none,560,1,0,0,0,nan,nan,0.8029814392328263
4,AINR,none,561,1,0,0,0,nan,nan,0.8029814392328263
4,AINR,none,562,1,0,0,0,nan,nan,0.8029814392328263
4,AINR,none,563,1,0,0,0,nan,nan,0.8029814392328263
4,AINR,none,564,1,0,0,0,nan,nan,0.8029814392328263
4,AINR,none,565,1,0,0,0,nan,nan,0.8029814392328263
4,AINR,none,566,1,0,0,0,nan,nan,0.8029814392328263
4,AINR,none,567,1,0,0,0,nan,nan,0.8029814392328263
4,AINR,none,568,1,0,0,0,nan,nan,0.8029814392328263
4,AINR,none,569,1,0,0,0,nan,nan,0.8029814392328263
4,AINR,none,570,1,0,0,0,nan,nan,0.8029814392328263
4,AINR,none,571,0,1,0,0,nan,nan,0.8029814392328263
4,AINR,none,572,1,0,0,0,nan,nan,0.8029814392328263
4,AINR,none,573,1,0,0,0,nan,nan,0.8029814392328263
4,AINR,none,574,1,0,0,0,nan,nan,0.8029814392328263
4,AINR,none,575,1,0,0,0,nan,nan,0.8029814392328263
4,AINR,none,576,1,0,0,0,nan,nan,0.8029814392328263
4,AINR,none,577,1,0,0,0,nan,nan,0.8029814392328263
4,AINR,none,578,1,0,0,0,nan,nan,0.8029814392328263
4,AINR,none,579,1,0,0,0,nan,nan,0.8029814392328263
4,AINR,none,580,1,0,0,0,nan,nan,0.8029814392328263
4,AINR,none,581,1,0,0,0,nan,nan,0.8029814392328263
4,AINR,none,582,1,0,0,0,nan,nan,0.8029814392328263
4,AINR,none,583,1,0,0,0,nan,nan,0.8029814392328263
4,AINR,none,584,1,0,0,0,nan,nan,0.8029814392328263
4,AINR,none,585,1,0,0,0,nan,nan,0.8029814392328263
4,AINR,none,586,1,0,0,0,nan,nan,0.8029814392328263
4,AINR,none,587,1,0,0,0,nan,nan,0.8029814392328263
4,AINR,none,588,1,0,0,0,nan,nan,0.8029814392328263
4,AINR,none,589,1,0,0,0,nan,nan,0.8029814392328263
4,AINR,none,590,1,0,0,0,nan,nan,0.8029814392328263
4,AINR,none,591,1,0,0,0,nan,nan,0.8029814392328263
4,AINR,none,592,1,0,0,0,nan,nan,0.8029814392328263
4,AINR,none,593,1,0,0,0,nan,nan,0.8029814392328263
4,AINR,none,594,1,0,0,0,nan,nan,0.8029814392328263
4,AINR,none,595,1,0,0,0,nan,nan,0.8029814392328263
4,AINR,none,596,1,0,0,0,nan,nan,0.8029814392328263
4,AINR,none,597,1,0,0,0,nan,nan,0.8029814392328263
4,AINR,none,598,1,0,0,0,nan,nan,0.8029814392328263
4,AINR,none,599,1,0,0,0,nan,nan,0.8029814392328263
4,AINR,none,600,1,0,0,0,nan,nan,0.8029814392328263
4,AINR,none,601,1,0,0,0,nan,nan,0.8029814392328263
4,AINR,none,602,1,0,0,0,nan,nan,0.8029814392328263
4,AINR,none,603,1,0,0,0,nan,nan,0.8029814392328263
4,AINR,none,604,1,0,0,0,nan,nan,0.8029814392328263
4,AINR,none,605,0,1,0,0,nan,nan,0.8029814392328263
4,AINR,none,606,1,0,0,0,nan,nan,0.8029814392328263
4,AINR,none,607,1,0,0,0,nan,nan,0.8029814392328263
4,AINR,none,608,1,0,0,0,nan,nan,0.8029814392328263
4,AINR,none,609,1,0,0,0,nan,nan,0.8029814392328263
4,AINR,none,610,1,0,0,0,nan,nan,0.8029814392328263
4,AINR,none,611,1,0,0,0,nan,nan,0.8029814392328263
4,AINR,none,612,1,0,0,0,nan,nan,0.8029814392328263
4,AINR,none,613,1,0,0,0,nan,nan,0.8029814392328263
4,AINR,none,614,1,0,0,0,nan,nan,0.8029814392328263
4,AINR,none,615,1,0,0,0,nan,nan,0.8029814392328263
4,AINR,none,616,1,0,0,0,nan,nan,0.8029814392328263
4,AINR,none,617,1,0,0,0,nan,nan,0.8029814392328263
4,AINR,none,618,1,0,0,0,nan,nan,0.8029814392328263
4,AINR,none,619,1,0,0,0,nan,nan,0.8029814392328263
4,AINR,none,620,1,0,0,0,nan,nan,0.8029814392328263
4,AINR,none,621,1,0,0,0,nan,nan,0.8029814392328263
4,AINR,none,622,1,0,0,0,nan,nan,0.8029814392328263
4,AINR,none,623,1,0,0,0,nan,nan,0.8029814392328263
4,AINR,none,624,1,0,0,0,nan,nan,0.8029814392328263
4,AINR,none,625,1,0,0,0,nan,nan,0.8029814392328263
4,AINR,none,626,1,0,0,0,nan,nan,0.8029814392328263
4,AINR,none,627,1,0,0,0,nan,nan,0.8029814392328263
4,AINR,none,628,1,0,0,0,nan,nan,0.8029814392328263
4,AINR,none,629,1,0,0,0,nan,nan,0.8029814392328263
4,AINR,none,630,1,0,0,0,nan,nan,0.8029814392328263
4,AINR,none,631,1,0,0,0,nan,nan,0.8029814392328263
4,AINR,none,632,1,0,0,0,nan,nan,0.8029814392328263
4,AINR,none,633,1,0,0,0,nan,nan,0.8029814392328263
4,AINR,none,634,1,0,0,0,nan,nan,0.8029814392328263
4,AINR,none,635,0,1,0,0,nan,nan,0.8029814392328263
4,AINR,none,636,1,0,0,0,nan,nan,0.8029814392328263
4,AINR,none,637,1,0,0,0,nan,nan,0.8029814392328263
4,AINR,none,638,1,0,0,0,nan,nan,0.8029814392328263
4,AINR,none,639,1,0,0,0,nan,nan,0.8029814392328263
4,AINR,none,640,1,0,0,0,nan,nan,0.8029814392328263
4,AINR,none,641,1,0,0,0,nan,nan,0.8029814392328263
4,AINR,none,642,1,0,0,0,nan,nan,0.8029814392328263
4,AINR,none,643,1,0,0,0,nan,nan,0.8029814392328263
4,AINR,none,644,1,0,0,0,nan,nan,0.8029814392328263
4,AINR,none,645,1,0,0,0,nan,nan,0.8029814392328263
4,AINR,none,646,1,0,0,0,nan,nan,0.8029814392328263
4,AINR,none,647,1,0,0,0,nan,nan,0.8029814392328263
4,AINR,none,648,1,0,0,0,nan,nan,0.8029814392328263
4,AINR,none,649,1,0,0,0,nan,nan,0.8029814392328263
4,AINR,none,650,1,0,0,0,nan,nan,0.8029814392328263
4,AINR,none,651,1,0,0,0,nan,nan,0.8029814392328263
4,AINR,none,652,1,0,0,0,nan,nan,0.8029814392328263
4,AINR,none,653,1,0,0,0,nan,nan,0.8029814392328263
4,AINR,none,654,1,0,0,0,nan,nan,0.8029814392328263
4,AINR,none,655,1,0,0,0,nan,nan,0.8029814392328263
4,AINR,none,656,1,0,0,0,nan,nan,0.8029814392328263
4,AINR,none,657,1,0,0,0,nan,nan,0.8029814392328263
4,AINR,none,658,1,0,0,0,nan,nan,0.8029814392328263
4,AINR,none,659,1,0,0,0,nan,nan,0.8029814392328263
4,AINR,none,660,1,0,0,0,nan,nan,0.8029814392328263
4,AINR,none,661,1,0,0,0,nan,nan,0.8029814392328263
4,AINR,none,662,1,0,0,0,nan,nan,0.8029814392328263
4,AINR,none,663,1,0,0,0,nan,nan,0.8029814392328263
4,AINR,none,664,1,0,0,0,nan,nan,0.8029814392328263
4,AINR,none,665,1,0,0,0,nan,nan,0.8029814392328263
4,AINR,none,666,1,0,0,0,nan,nan,0.8029814392328263
4,AINR,none,667,1,0,0,0,nan,nan,0.8029814392328263
4,AINR,none,668,1,0,0,0,nan,nan,0.8029814392328263
4,AINR,none,669,1,0,0,0,nan,nan,0.8029814392328263
4,AINR,none,670,1,0,0,0,nan,nan,0.8029814392328263
4,AINR,none,671,1,0,0,0,nan,nan,0.8029814392328263
4,AINR,none,672,1,0,0,0,nan,nan,0.8029814392328263
4,AINR,none,673,1,0,0,0,nan,nan,0.8029814392328263
4,AINR,none,674,1,0,0,0,nan,nan,0.8029814392328263
4,AINR,none,675,1,0,0,0,nan,nan,0.8029814392328263
4,AINR,none,676,1,0,0,0,nan,nan,0.8029814392328263
4,AINR,none,677,0,1,0,0,nan,nan,0.8029814392328263
4,AINR,none,678,1,0,0,0,nan,nan,0.8029814392328263
4,AINR,none,679,1,0,0,0,nan,nan,0.8029814392328263
4,AINR,none,680,1,0,0,0,nan,nan,0.8029814392328263
4,AINR,none,681,1,0,0,0,nan,nan,0.8029814392328263
4,AINR,none,682,1,0,0,0,nan,nan,0.8029814392328263
4,AINR,none,683,1,0,0,0,nan,nan,0.8029814392328263
4,AINR,none,684,1,0,0,0,nan,nan,0.8029814392328263
4,AINR,none,685,1,0,0,0,nan,nan,0.8029814392328263
4,AINR,none,686,1,0,0,0,nan,nan,0.8029814392328263
4,AINR,none,687,1,0,0,0,nan,nan,0.8029814392328263
4,AINR,none,688,1,0,0,0,nan,nan,0.8029814392328263
4,AINR,none,689,1,0,0,0,nan,nan,0.8029814392328263
4,AINR,none,690,1,0,0,0,nan,nan,0.8029814392328263
4,AINR,none,691,1,0,0,0,nan,nan,0.8029814392328263
4,AINR,none,692,1,0,0,0,nan,nan,0.8029814392328263
4,AINR,none,693,1,0,0,0,nan,nan,0.8029814392328263
4,AINR,none,694,1,0,0,0,nan,nan,0.8029814392328263
4,AINR,none,695,1,0,0,0,nan,nan,0.8029814392328263
4,AINR,none,696,1,0,0,0,nan,nan,0.8029814392328263
4,AINR,none,697,1,0,0,0,nan,nan,0.8029814392328263
4,AINR,none,698,1,0,0,0,nan,nan,0.8029814392328263
4,AINR,none,699,1,0,0,0,nan,nan,0.8029814392328263
4,AINR,none,700,1,0,0,0,nan,nan,0.8029814392328263
4,AINR,none,701,1,0,0,0,nan,nan,0.8029814392328263
4,AINR,none,702,1,0,0,0,nan,nan,0.8029814392328263
4,AINR,none,703,1,0,0,0,nan,nan,0.8029814392328263
4,AINR,none,704,1,0,0,0,nan,nan,0.8029814392328263
4,AINR,none,705,1,0,0,0,nan,nan,0.8029814392328263
4,AINR,none,706,1,0,0,0,nan,nan,0.8029814392328263
4,AINR,none,707,1,0,0,0,nan,nan,0.8029814392328263
4,AINR,none,708,1,0,0,0,nan,nan,0.8029814392328263
4,AINR,none,709,1,0,0,0,nan,nan,0.8029814392328263
4,AINR,none,710,1,0,0,0,nan,nan,0.8029814392328263
4,AINR,none,711,1,0,0,0,nan,nan,0.8029814392328263
4,AINR,none,712,1,0,0,0,nan,nan,0.8029814392328263
4,AINR,none,713,1,0,0,0,nan,nan,0.8029814392328263
4,AINR,none,714,1,0,0,0,nan,nan,0.8029814392328263
4,AINR,none,715,1,0,0,0,nan,nan,0.8029814392328263
4,AINR,none,716,1,0,0,0,nan,nan,0.8029814392328263
4,AINR,none,717,1,0,0,0,nan,nan,0.8029814392328263
4,AINR,none,718,1,0,0,0,nan,nan,0.8029814392328263
4,AINR,none,719,1,0,0,0,nan,nan,0.8029814392328263
4,AINR,none,720,1,0,0,0,nan,nan,0.8029814392328263
4,AINR,none,721,1,0,0,0,nan,nan,0.8029814392328263
4,AINR,none,722,1,0,0,0,nan,nan,0.8029814392328263
4,AINR,none,723,1,0,0,0,nan,nan,0.8029814392328263
4,AINR,none,724,1,0,0,0,nan,nan,0.8029814392328263
4,AINR,none,725,1,0,0,0,nan,nan,0.8029814392328263
4,AINR,none,726,1,0,0,0,nan,nan,0.8029814392328263
4,AINR,none,727,1,0,0,0,nan,nan,0.8029814392328263
4,AINR,none,728,1,0,0,0,nan,nan,0.8029814392328263
4,AINR,none,729,1,0,0,0,nan,nan,0.8029814392328263
4,AINR,none,730,1,0,0,0,nan,nan,0.8029814392328263
4,AINR,none,731,1,0,0,0,nan,nan,0.8029814392328263
4,AINR,none,732,1,0,0,0,nan,nan,0.8029814392328263
4,AINR,none,733,1,0,0,0,nan,nan,0.8029814392328263
4,AINR,none,734,1,0,0,0,nan,nan,0.8029814392328263
4,AINR,none,735,1,0,0,0,nan,nan,0.8029814392328263
4,AINR,none,736,1,0,0,0,nan,nan,0.8029814392328263
4,AINR,none,737,1,0,0,0,nan,nan,0.8029814392328263
4,AINR,none,738,1,0,0,0,nan,nan,0.8029814392328263
4,AINR,none,739,1,0,0,0,nan,nan,0.8029814392328263
4,AINR,none,740,1,0,0,0,nan,nan,0.8029814392328263
4,AINR,none,741,1,0,0,0,nan,nan,0.8029814392328263
4,AINR,none,742,1,0,0,0,nan,nan,0.8029814392328263
4,AINR,none,743,1,0,0,0,nan,nan,0.8029814392328263
4,AINR,none,744,1,0,0,0,nan,nan,0.8029814392328263
4,AINR,none,745,1,0,0,0,nan,nan,0.8029814392328263
4,AINR,none,746,1,0,0,0,nan,nan,0.8029814392328263
4,AINR,none,747,1,0,0,0,nan,nan,0.8029814392328263
4,AINR,none,748,1,0,0,0,nan,nan,0.8029814392328263
4,AINR,none,749,1,0,0,0,nan,nan,0.8029814392328263
4,AINR,none,750,1,0,0,0,nan,nan,0.8029814392328263
4,AINR,none,751,1,0,0,0,nan,nan,0.8029814392328263
4,AINR,none,752,1,0,0,0,nan,nan,0.8029814392328263
4,AINR,none,753,1,0,0,0,nan,nan,0.8029814392328263
4,AINR,none,754,1,0,0,0,nan,nan,0.8029814392328263
4,AINR,none,755,1,0,0,0,nan,nan,0.8029814392328263
4,AINR,none,756,1,0,0,0,nan,nan,0.8029814392328263
4,AINR,none,757,1,0,0,0,nan,nan,0.8029814392328263
4,AINR,none,758,1,0,0,0,nan,nan,0.8029814392328263
4,AINR,none,759,1,0,0,0,nan,nan,0.8029814392328263
4,AINR,none,760,1,0,0,0,nan,nan,0.8029814392328263
4,AINR,none,761,1,0,0,0,nan,nan,0.8029814392328263
4,AINR,none,762,1,0,0,0,nan,nan,0.8029814392328263
4,AINR,none,763,1,0,0,0,nan,nan,0.8029814392328263
4,AINR,none,764,1,0,0,0,nan,nan,0.8029814392328263
4,AINR,none,765,1,0,0,0,nan,nan,0.8029814392328263
4,AINR,none,766,1,0,0,0,nan,nan,0.8029814392328263
4,AINR,none,767,1,0,0,0,nan,nan,0.8029814392328263
4,AINR,none,768,1,0,0,0,nan,nan,0.8029814392328263
4,AINR,none,769,1,0,0,0,nan,nan,0.8029814392328263
4,AINR,none,770,1,0,0,0,nan,nan,0.8029814392328263
4,AINR,none,771,1,0,0,0,nan,nan,0.8029814392328263
4,AINR,none,772,1,0,0,0,nan,nan,0.8029814392328263
4,AINR,none,773,1,0,0,0,nan,nan,0.8029814392328263
4,AINR,none,774,1,0,0,0,nan,nan,0.8029814392328263
4,AINR,none,775,1,0,0,0,nan,nan,0.8029814392328263
4,AINR,none,776,1,0,0,0,nan,nan,0.8029814392328263
4,AINR,none,777,1,0,0,0,nan,nan,0.8029814392328263
4,AINR,none,778,1,0,0,0,nan,nan,0.8029814392328263
4,AINR,none,779,1,0,0,0,nan,nan,0.8029814392328263
4,AINR,none,780,1,0,0,0,nan,nan,0.8029814392328263
4,AINR,none,781,1,0,0,0,nan,nan,0.8029814392328263
4,AINR,none,782,1,0,0,0,nan,nan,0.8029814392328263
4,AINR,none,783,1,0,0,0,nan,nan,0.8029814392328263
4,AINR,none,784,1,0,0,0,nan,nan,0.8029814392328263
4,AINR,none,785,1,0,0,0,nan,nan,0.8029814392328263
4,AINR,none,786,1,0,0,0,nan,nan,0.8029814392328263
4,AINR,none,787,0,1,0,0,nan,nan,0.8029814392328263
4,AINR,none,788,1,0,0,0,nan,nan,0.8029814392328263
4,AINR,none,789,1,0,0,0,nan,nan,0.8029814392328263
4,AINR,none,790,1,0,0,0,nan,nan,0.8029814392328263
4,AINR,none,791,1,0,0,0,nan,nan,0.8029814392328263
4,AINR,none,792,1,0,0,0,nan,nan,0.8029814392328263
4,AINR,none,793,1,0,0,0,nan,nan,0.8029814392328263
4,AINR,none,794,1,0,0,0,nan,nan,0.8029814392328263
4,AINR,none,795,1,0,0,0,nan,nan,0.8029814392328263
4,AINR,none,796,1,0,0,0,nan,nan,0.8029814392328263
4,AINR,none,797,1,0,0,0,nan,nan,0.8029814392328263
4,AINR,none,798,1,0,0,0,nan,nan,0.8029814392328263
4,AINR,none,799,1,0,0,0,nan,nan,0.8029814392328263
4,AINR,none,800,1,0,0,0,nan,nan,0.8029814392328263
4,AINR,none,801,1,0,0,0,nan,nan,0.8029814392328263
4,AINR,none,802,1,0,0,0,nan,nan,0.8029814392328263
4,AINR,none,803,1,0,0,0,nan,nan,0.8029814392328263
4,AINR,none,804,1,0,0,0,nan,nan,0.8029814392328263
4,AINR,none,805,1,0,0,0,nan,nan,0.8029814392328263
4,AINR,none,806,1,0,0,0,nan,nan,0.8029814392328263
4,AINR,none,807,0,1,0,0,nan,nan,0.8029814392328263
4,AINR,none,808,1,0,0,0,nan,nan,0.8029814392328263
4,AINR,none,809,1,0,0,0,nan,nan,0.8029814392328263
4,AINR,none,810,1,0,0,0,nan,nan,0.8029814392328263
4,AINR,none,811,1,0,0,0,nan,nan,0.8029814392328263
4,AINR,none,812,1,0,0,0,nan,nan,0.8029814392328263
4,AINR,none,813,1,0,0,0,nan,nan,0.8029814392328263
4,AINR,none,814,0,1,0,0,nan,nan,0.8029814392328263
4,AINR,none,815,1,0,0,0,nan,nan,0.8029814392328263
4,AINR,none,816,1,0,0,0,nan,nan,0.8029814392328263
4,AINR,none,817,1,0,0,0,nan,nan,0.8029814392328263
4,AINR,none,818,0,1,0,0,nan,nan,0.8029814392328263
4,AINR,none,819,1,0,0,0,nan,nan,0.8029814392328263
4,AINR,none,820,1,0,0,0,nan,nan,0.8029814392328263
4,AINR,none,821,1,0,0,0,nan,nan,0.8029814392328263
4,AINR,none,822,1,0,0,0,nan,nan,0.8029814392328263
4,AINR,none,823,1,0,0,0,nan,nan,0.8029814392328263
4,AINR,none,824,1,0,0,0,nan,nan,0.8029814392328263
4,AINR,none,825,1,0,0,0,nan,nan,0.8029814392328263
4,AINR,none,826,1,0,0,0,nan,nan,0.8029814392328263
4,AINR,none,827,1,0,0,0,nan,nan,0.8029814392328263
4,AINR,none,828,1,0,0,0,nan,nan,0.8029814392328263
4,AINR,none,829,1,0,0,0,nan,nan,0.8029814392328263
4,AINR,none,830,1,0,0,0,nan,nan,0.8029814392328263
4,AINR,none,831,1,0,0,0,nan,nan,0.8029814392328263
4,AINR,none,832,1,0,0,0,nan,nan,0.8029814392328263
4,AINR,none,833,1,0,0,0,nan,nan,0.8029814392328263
4,AINR,none,834,1,0,0,0,nan,nan,0.8029814392328263
4,AINR,none,835,1,0,0,0,nan,nan,0.8029814392328263
4,AINR,none,836,1,0,0,0,nan,nan,0.8029814392328263
4,AINR,none,837,0,1,0,0,nan,nan,0.8029814392328263
4,AINR,none,838,1,0,0,0,nan,nan,0.8029814392328263
4,AINR,none,839,1,0,0,0,nan,nan,0.8029814392328263
4,AINR,none,840,1,0,0,0,nan,nan,0.8029814392328263
4,AINR,none,841,1,0,0,0,nan,nan,0.8029814392328263
4,AINR,none,842,1,0,0,0,nan,nan,0.8029814392328263
4,AINR,none,843,1,0,0,0,nan,nan,0.8029814392328263
4,AINR,none,844,1,0,0,0,nan,nan,0.8029814392328263
4,AINR,none,845,1,0,0,0,nan,nan,0.8029814392328263
4,AINR,none,846,1,0,0,0,nan,nan,0.8029814392328263
4,AINR,none,847,1,0,0,0,nan,nan,0.8029814392328263
4,AINR,none,848,1,0,0,0,nan,nan,0.8029814392328263
4,AINR,none,849,1,0,0,0,nan,nan,0.8029814392328263
4,AINR,none,850,1,0,0,0,nan,nan,0.8029814392328263
4,AINR,none,851,1,0,0,0,nan,nan,0.8029814392328263
4,AINR,none,852,1,0,0,0,nan,nan,0.8029814392328263
4,AINR,none,853,1,0,0,0,nan,nan,0.8029814392328263
4,AINR,none,854,1,0,0,0,nan,nan,0.8029814392328263
4,AINR,none,855,1,0,0,0,nan,nan,0.8029814392328263
4,AINR,none,856,1,0,0,0,nan,nan,0.8029814392328263
4,AINR,none,857,1,0,0,0,nan,nan,0.8029814392328263
4,AINR,none,858,1,0,0,0,nan,nan,0.8029814392328263
4,AINR,none,859,1,0,0,0,nan,nan,0.8029814392328263
4,AINR,none,860,1,0,0,0,nan,nan,0.8029814392328263
4,AINR,none,861,1,0,0,0,nan,nan,0.8029814392328263
4,AINR,none,862,1,0,0,0,nan,nan,0.8029814392328263
4,AINR,none,863,1,0,0,0,nan,nan,0.8029814392328263
4,AINR,none,864,1,0,0,0,nan,nan,0.8029814392328263
4,AINR,none,865,1,0,0,0,nan,nan,0.8029814392328263
4,AINR,none,866,1,0,0,0,nan,nan,0.8029814392328263
4,AINR,none,867,1,0,0,0,nan,nan,0.8029814392328263
4,AINR,none,868,1,0,0,0,nan,nan,0.8029814392328263
4,AINR,none,869,1,0,0,0,nan,nan,0.8029814392328263
4,AINR,none,870,1,0,0,0,nan,nan,0.8029814392328263
4,AINR,none,871,1,0,0,0,nan,nan,0.8029814392328263
4,AINR,none,872,1,0,0,0,nan,nan,0.8029814392328263
4,AINR,none,873,1,0,0,0,nan,nan,0.8029814392328263
4,AINR,none,874,1,0,0,0,nan,nan,0.8029814392328263
4,AINR,none,875,1,0,0,0,nan,nan,0.8029814392328263
4,AINR,none,876,1,0,0,0,nan,nan,0.8029814392328263
4,AINR,none,877,1,0,0,0,nan,nan,0.8029814392328263
4,AINR,none,878,1,0,0,0,nan,nan,0.8029814392328263
4,AINR,none,879,1,0,0,0,nan,nan,0.8029814392328263
4,AINR,none,880,0,1,0,0,nan,nan,0.8029814392328263
4,AINR,none,881,1,0,0,0,nan,nan,0.8029814392328263
4,AINR,none,882,0,1,0,0,nan,nan,0.8029814392328263
4,AINR,none,883,1,0,0,0,nan,nan,0.8029814392328263
4,AINR,none,884,1,0,0,0,nan,nan,0.8029814392328263
4,AINR,none,885,1,0,0,0,nan,nan,0.8029814392328263
4,AINR,none,886,1,0,0,0,nan,nan,0.8029814392328263
4,AINR,none,887,1,0,0,0,nan,nan,0.8029814392328263
4,AINR,none,888,1,0,0,0,nan,nan,0.8029814392328263
4,AINR,none,889,1,0,0,0,nan,nan,0.8029814392328263
4,AINR,none,890,1,0,0,0,nan,nan,0.8029814392328263
4,AINR,none,891,1,0,0,0,nan,nan,0.8029814392328263
4,AINR,none,892,1,0,0,0,nan,nan,0.8029814392328263
4,AINR,none,893,1,0,0,0,nan,nan,0.8029814392328263
4,AINR,none,894,1,0,0,0,nan,nan,0.8029814392328263
4,AINR,none,895,1,0,0,0,nan,nan,0.8029814392328263
4,AINR,none,896,1,0,0,0,nan,nan,0.8029814392328263
4,AINR,none,897,1,0,0,0,nan,nan,0.8029814392328263
4,AINR,none,898,1,0,0,0,nan,nan,0.8029814392328263
4,AINR,none,899,1,0,0,0,nan,nan,0.8029814392328263
4,AINR,none,900,1,0,0,0,nan,nan,0.8029814392328263
4,AINR,none,901,1,0,0,0,nan,nan,0.8029814392328263
4,AINR,none,902,1,0,0,0,nan,nan,0.8029814392328263
4,AINR,none,903,1,0,0,0,nan,nan,0.8029814392328263
4,AINR,none,904,1,0,0,0,nan,nan,0.8029814392328263
4,AINR,none,905,1,0,0,0,nan,nan,0.8029814392328263
4,AINR,none,906,0,1,0,0,nan,nan,0.8029814392328263
4,AINR,none,907,1,0,0,0,nan,nan,0.8029814392328263
4,AINR,none,908,1,0,0,0,nan,nan,0.8029814392328263
4,AINR,none,909,1,0,0,0,nan,nan,0.8029814392328263
4,AINR,none,910,1,0,0,0,nan,nan,0.8029814392328263
4,AINR,none,911,1,0,0,0,nan,nan,0.8029814392328263
4,AINR,none,912,1,0,0,0,nan,nan,0.8029814392328263
4,AINR,none,913,1,0,0,0,nan,nan,0.8029814392328263
4,AINR,none,914,1,0,0,0,nan,nan,0.8029814392328263
4,AINR,none,915,0,1,0,0,nan,nan,0.8029814392328263
4,AINR,none,916,1,0,0,0,nan,nan,0.8029814392328263
4,AINR,none,917,1,0,0,0,nan,nan,0.8029814392328263
4,AINR,none,918,1,0,0,0,nan,nan,0.8029814392328263
4,AINR,none,919,1,0,0,0,nan,nan,0.8029814392328263
4,AINR,none,920,1,0,0,0,nan,nan,0.8029814392328263
4,AINR,none,921,1,0,0,0,nan,nan,0.8029814392328263
4,AINR,none,922,1,0,0,0,nan,nan,0.8029814392328263
4,AINR,none,923,1,0,0,0,nan,nan,0.8029814392328263
4,AINR,none,924,1,0,0,0,nan,nan,0.8029814392328263
4,AINR,none,925,1,0,0,0,nan,nan,0.8029814392328263
4,AINR,none,926,1,0,0,0,nan,nan,0.8029814392328263
4,AINR,none,927,0,1,0,0,nan,nan,0.8029814392328263
4,AINR,none,928,1,0,0,0,nan,nan,0.8029814392328263
4,AINR,none,929,1,0,0,0,nan,nan,0.8029814392328263
4,AINR,none,930,1,0,0,0,nan,nan,0.8029814392328263
4,AINR,none,931,1,0,0,0,nan,nan,0.8029814392328263
4,AINR,none,932,1,0,0,0,nan,nan,0.8029814392328263
4,AINR,none,933,1,0,0,0,nan,nan,0.8029814392328263
4,AINR,none,934,1,0,0,0,nan,nan,0.8029814392328263
4,AINR,none,935,1,0,0,0,nan,nan,0.8029814392328263
4,AINR,none,936,1,0,0,0,nan,nan,0.8029814392328263
4,AINR,none,937,1,0,0,0,nan,nan,0.8029814392328263
4,AINR,none,938,1,0,0,0,nan,nan,0.8029814392328263
4,AINR,none,939,1,0,0,0,nan,nan,0.8029814392328263
4,AINR,none,940,1,0,0,0,nan,nan,0.8029814392328263
4,AINR,none,941,1,0,0,0,nan,nan,0.8029814392328263
4,AINR,none,942,1,0,0,0,nan,nan,0.8029814392328263
4,AINR,none,943,1,0,0,0,nan,nan,0.8029814392328263
4,AINR,none,944,1,0,0,0,nan,nan,0.8029814392328263
4,AINR,none,945,1,0,0,0,nan,nan,0.8029814392328263
4,AINR,none,946,1,0,0,0,nan,nan,0.8029814392328263
4,AINR,none,947,1,0,0,0,nan,nan,0.8029814392328263
4,AINR,none,948,1,0,0,0,nan,nan,0.8029814392328263
4,AINR,none,949,1,0,0,0,nan,nan,0.8029814392328263
4,AINR,none,950,1,0,0,0,nan,nan,0.8029814392328263
4,AINR,none,951,1,0,0,0,nan,nan,0.8029814392328263
4,AINR,none,952,1,0,0,0,nan,nan,0.8029814392328263
4,AINR,none,953,1,0,0,0,nan,nan,0.8029814392328263
4,AINR,none,954,1,0,0,0,nan,nan,0.8029814392328263
4,AINR,none,955,1,0,0,0,nan,nan,0.8029814392328263
4,AINR,none,956,1,0,0,0,nan,nan,0.8029814392328263
4,AINR,none,957,1,0,0,0,nan,nan,0.8029814392328263
4,AINR,none,958,1,0,0,0,nan,nan,0.8029814392328263
4,AINR,none,959,1,0,0,0,nan,nan,0.8029814392328263
4,AINR,none,960,1,0,0,0,nan,nan,0.8029814392328263
4,AINR,none,961,1,0,0,0,nan,nan,0.8029814392328263
4,AINR,none,962,1,0,0,0,nan,nan,0.8029814392328263
4,AINR,none,963,1,0,0,0,nan,nan,0.8029814392328263
4,AINR,none,964,1,0,0,0,nan,nan,0.8029814392328263
4,AINR,none,965,1,0,0,0,nan,nan,0.8029814392328263
4,AINR,none,966,1,0,0,0,nan,nan,0.8029814392328263
4,AINR,none,967,1,0,0,0,nan,nan,0.8029814392328263
4,AINR,none,968,1,0,0,0,nan,nan,0.8029814392328263
4,AINR,none,969,1,0,0,0,nan,nan,0.8029814392328263
4,AINR,none,970,1,0,0,0,nan,nan,0.8029814392328263
4,AINR,none,971,1,0,0,0,nan,nan,0.8029814392328263
4,AINR,none,972,1,0,0,0,nan,nan,0.8029814392328263
4,AINR,none,973,1,0,0,0,nan,nan,0.8029814392328263
4,AINR,none,974,1,0,0,0,nan,nan,0.8029814392328263
4,AINR,none,975,1,0,0,0,nan,nan,0.8029814392328263
4,AINR,none,976,1,0,0,0,nan,nan,0.8029814392328263
4,AINR,none,977,1,0,0,0,nan,nan,0.8029814392328263
4,AINR,none,978,1,0,0,0,nan,nan,0.8029814392328263
4,AINR,none,979,1,0,0,0,nan,nan,0.8029814392328263
4,AINR,none,980,1,0,0,0,nan,nan,0.8029814392328263
4,AINR,none,981,1,0,0,0,nan,nan,0.8029814392328263
4,AINR,none,982,1,0,0,0,nan,nan,0.8029814392328263
4,AINR,none,983,1,0,0,0,nan,nan,0.8029814392328263
4,AINR,none,984,1,0,0,0,nan,nan,0.8029814392328263
4,AINR,none,985,1,0,0,0,nan,nan,0.8029814392328263
4,AINR,none,986,1,0,0,0,nan,nan,0.8029814392328263
4,AINR,none,987,1,0,0,0,nan,nan,0.8029814392328263
4,AINR,none,988,1,0,0,0,nan,nan,0.8029814392328263
4,AINR,none,989,1,0,0,0,nan,nan,0.8029814392328263
4,AINR,none,990,1,0,0,0,nan,nan,0.8029814392328263
4,AINR,none,991,1,0,0,0,nan,nan,0.8029814392328263
4,AINR,none,992,1,0,0,0,nan,nan,0.8029814392328263
4,AINR,none,993,1,0,0,0,nan,nan,0.8029814392328263
4,AINR,none,994,1,0,0,0,nan,nan,0.8029814392328263
4,AINR,none,995,1,0,0,0,nan,nan,0.8029814392328263
4,AINR,none,996,1,0,0,0,nan,nan,0.8029814392328263
4,AINR,none,997,1,0,0,0,nan,nan,0.8029814392328263
4,AINR,none,998,1,0,0,0,nan,nan,0.8029814392328263
4,AINR,none,999,1,0,0,0,nan,nan,0.8029814392328263
4,AINR,ungated,0,1,0,0,1,471.41740000006394,nan,0.8029814392328263
4,AINR,ungated,1,1,0,0,1,58.55940000037663,nan,0.8029814392328263
4,AINR,ungated,2,1,0,0,1,52.69380000027013,nan,0.8029814392328263
4,AINR,ungated,3,1,0,0,1,55.84480000015901,nan,0.8029814392328263
4,AINR,ungated,4,1,0,0,1,73.50140000016836,nan,0.8029814392328263
4,AINR,ungated,5,1,0,0,1,65.18959999993967,nan,0.8029814392328263
4,AINR,ungated,6,1,0,0,1,61.26829999993788,nan,0.8029814392328263
4,AINR,ungated,7,1,0,0,1,62.788199999886274,nan,0.8029814392328263
4,AINR,ungated,8,1,0,0,1,73.75469999988127,nan,0.8029814392328263
4,AINR,ungated,9,1,0,0,1,63.80589999935182,nan,0.8029814392328263
4,AINR,ungated,10,1,0,0,1,56.26570000003994,nan,0.8029814392328263
4,AINR,ungated,11,1,0,0,1,53.09170000055019,nan,0.8029814392328263
4,AINR,ungated,12,1,0,0,1,75.56039999963104,nan,0.8029814392328263
4,AINR,ungated,13,1,0,0,1,65.00649999998132,nan,0.8029814392328263
4,AINR,ungated,14,1,0,0,1,59.912400000030175,nan,0.8029814392328263
4,AINR,ungated,15,1,0,0,1,53.374999999505235,nan,0.8029814392328263
4,AINR,ungated,16,1,0,0,1,75.041300000521,nan,0.8029814392328263
4,AINR,ungated,17,1,0,0,1,60.59519999962504,nan,0.8029814392328263
4,AINR,ungated,18,1,0,0,1,58.01049999990937,nan,0.8029814392328263
4,AINR,ungated,19,1,0,0,1,58.567100000800565,nan,0.8029814392328263
4,AINR,ungated,20,1,0,0,1,73.75750000028347,nan,0.8029814392328263
4,AINR,ungated,21,1,0,0,1,57.70149999989371,nan,0.8029814392328263
4,AINR,ungated,22,1,0,0,1,57.96699999973498,nan,0.8029814392328263
4,AINR,ungated,23,1,0,0,1,54.83189999995375,nan,0.8029814392328263
4,AINR,ungated,24,1,0,0,1,56.513300000005984,nan,0.8029814392328263
4,AINR,ungated,25,1,0,0,1,69.6933999997782,nan,0.8029814392328263
4,AINR,ungated,26,1,0,0,1,66.84399999994639,nan,0.8029814392328263
4,AINR,ungated,27,1,0,0,1,59.26389999967796,nan,0.8029814392328263
4,AINR,ungated,28,1,0,0,1,52.80780000066443,nan,0.8029814392328263
4,AINR,ungated,29,1,0,0,1,60.28710000009596,nan,0.8029814392328263
4,AINR,ungated,30,1,0,0,1,71.23060000049009,nan,0.8029814392328263
4,AINR,ungated,31,1,0,0,1,58.28089999977237,nan,0.8029814392328263
4,AINR,ungated,32,1,0,0,1,52.160100000037346,nan,0.8029814392328263
4,AINR,ungated,33,1,0,0,1,75.08229999984906,nan,0.8029814392328263
4,AINR,ungated,34,1,0,0,1,68.6290999992707,nan,0.8029814392328263
4,AINR,ungated,35,1,0,0,1,58.63749999934953,nan,0.8029814392328263
4,AINR,ungated,36,1,0,0,1,60.28090000017983,nan,0.8029814392328263
4,AINR,ungated,37,1,0,0,1,82.56759999949281,nan,0.8029814392328263
4,AINR,ungated,38,1,0,0,1,64.04640000073414,nan,0.8029814392328263
4,AINR,ungated,39,1,0,0,1,72.1984000001612,nan,0.8029814392328263
4,AINR,ungated,40,1,0,0,1,58.40679999982967,nan,0.8029814392328263
4,AINR,ungated,41,1,0,0,1,70.22949999918637,nan,0.8029814392328263
4,AINR,ungated,42,1,0,0,1,69.08600000042497,nan,0.8029814392328263
4,AINR,ungated,43,1,0,0,1,59.248000000479806,nan,0.8029814392328263
4,AINR,ungated,44,1,0,0,1,67.71679999928892,nan,0.8029814392328263
4,AINR,ungated,45,1,0,0,1,66.36950000029174,nan,0.8029814392328263
4,AINR,ungated,46,1,0,0,1,62.30059999961668,nan,0.8029814392328263
4,AINR,ungated,47,1,0,0,1,56.14689999947586,nan,0.8029814392328263
4,AINR,ungated,48,1,0,0,1,52.620200000092154,nan,0.8029814392328263
4,AINR,ungated,49,1,0,0,1,65.54959999994026,nan,0.8029814392328263
4,AINR,ungated,50,1,0,0,1,69.01399999969726,nan,0.8029814392328263
4,AINR,ungated,51,1,0,0,1,59.259100000417675,nan,0.8029814392328263
4,AINR,ungated,52,1,0,0,1,53.127199999835284,nan,0.8029814392328263
4,AINR,ungated,53,1,0,0,1,62.92120000034629,nan,0.8029814392328263
4,AINR,ungated,54,1,0,0,1,73.29680000020744,nan,0.8029814392328263
4,AINR,ungated,55,1,0,0,1,63.92310000046564,nan,0.8029814392328263
4,AINR,ungated,56,1,0,0,1,58.5241999997379,nan,0.8029814392328263
4,AINR,ungated,57,1,0,0,1,59.02370000057999,nan,0.8029814392328263
4,AINR,ungated,58,1,0,0,1,64.66809999983525,nan,0.8029814392328263
4,AINR,ungated,59,1,0,0,1,73.39279999996506,nan,0.8029814392328263
4,AINR,ungated,60,1,0,0,1,61.36080000032962,nan,0.8029814392328263
4,AINR,ungated,61,1,0,0,1,57.944400000451424,nan,0.8029814392328263
4,AINR,ungated,62,1,0,0,1,54.96130000028643,nan,0.8029814392328263
4,AINR,ungated,63,1,0,0,1,64.52169999920443,nan,0.8029814392328263
4,AINR,ungated,64,1,0,0,1,66.81819999994332,nan,0.8029814392328263
4,AINR,ungated,65,1,0,0,1,59.24330000016198,nan,0.8029814392328263
4,AINR,ungated,66,1,0,0,1,54.71289999968576,nan,0.8029814392328263
4,AINR,ungated,67,1,0,0,1,62.13639999987208,nan,0.8029814392328263
4,AINR,ungated,68,1,0,0,1,73.61330000003363,nan,0.8029814392328263
4,AINR,ungated,69,1,0,0,1,69.1145000000688,nan,0.8029814392328263
4,AINR,ungated,70,1,0,0,1,61.949200000526616,nan,0.8029814392328263
4,AINR,ungated,71,1,0,0,1,55.57660000067699,nan,0.8029814392328263
4,AINR,ungated,72,1,0,0,1,54.50440000004164,nan,0.8029814392328263
4,AINR,ungated,73,1,0,0,1,70.53439999981492,nan,0.8029814392328263
4,AINR,ungated,74,1,0,0,1,69.83849999960512,nan,0.8029814392328263
4,AINR,ungated,75,1,0,0,1,60.71889999930136,nan,0.8029814392328263
4,AINR,ungated,76,1,0,0,1,55.29170000045269,nan,0.8029814392328263
4,AINR,ungated,77,1,0,0,1,59.634100000039325,nan,0.8029814392328263
4,AINR,ungated,78,1,0,0,1,70.74360000024171,nan,0.8029814392328263
4,AINR,ungated,79,1,0,0,1,66.23679999938759,nan,0.8029814392328263
4,AINR,ungated,80,1,0,0,1,59.75380000018049,nan,0.8029814392328263
4,AINR,ungated,81,1,0,0,1,54.475799999636365,nan,0.8029814392328263
4,AINR,ungated,82,1,0,0,1,65.48709999970015,nan,0.8029814392328263
4,AINR,ungated,83,1,0,0,1,73.54939999913768,nan,0.8029814392328263
4,AINR,ungated,84,1,0,0,1,60.70519999957469,nan,0.8029814392328263
4,AINR,ungated,85,1,0,0,1,58.62460000025749,nan,0.8029814392328263
4,AINR,ungated,86,1,0,0,1,63.905500000146276,nan,0.8029814392328263
4,AINR,ungated,87,1,0,0,1,72.32939999994414,nan,0.8029814392328263
4,AINR,ungated,88,1,0,0,1,59.37979999998788,nan,0.8029814392328263
4,AINR,ungated,89,1,0,0,1,56.31859999994049,nan,0.8029814392328263
4,AINR,ungated,90,1,0,0,1,59.593199999653734,nan,0.8029814392328263
4,AINR,ungated,91,1,0,0,1,69.37100000050123,nan,0.8029814392328263
4,AINR,ungated,92,1,0,0,1,66.03159999940544,nan,0.8029814392328263
4,AINR,ungated,93,1,0,0,1,52.57809999966412,nan,0.8029814392328263
4,AINR,ungated,94,1,0,0,1,70.44580000001588,nan,0.8029814392328263
4,AINR,ungated,95,1,0,0,1,78.57590000003256,nan,0.8029814392328263
4,AINR,ungated,96,1,0,0,1,69.0786000004664,nan,0.8029814392328263
4,AINR,ungated,97,1,0,0,1,64.45069999972475,nan,0.8029814392328263
4,AINR,ungated,98,1,0,0,1,75.61249999980646,nan,0.8029814392328263
4,AINR,ungated,99,1,0,0,1,79.87240000056772,nan,0.8029814392328263
4,AINR,ungated,100,1,0,0,1,60.4563999995662,nan,0.8029814392328263
4,AINR,ungated,101,1,0,0,1,68.72010000006412,nan,0.8029814392328263
4,AINR,ungated,102,1,0,0,1,64.97570000010455,nan,0.8029814392328263
4,AINR,ungated,103,1,0,0,1,57.2173999998995,nan,0.8029814392328263
4,AINR,ungated,104,1,0,0,1,62.58150000030582,nan,0.8029814392328263
4,AINR,ungated,105,1,0,0,1,63.49419999969541,nan,0.8029814392328263
4,AINR,ungated,106,1,0,0,1,56.504799999856914,nan,0.8029814392328263
4,AINR,ungated,107,1,0,0,1,52.52939999991213,nan,0.8029814392328263
4,AINR,ungated,108,1,0,0,1,61.340199999904144,nan,0.8029814392328263
4,AINR,ungated,109,1,0,0,1,67.92110000060347,nan,0.8029814392328263
4,AINR,ungated,110,1,0,0,1,55.430100000194216,nan,0.8029814392328263
4,AINR,ungated,111,1,0,0,1,52.045100000214006,nan,0.8029814392328263
4,AINR,ungated,112,1,0,0,1,64.89270000020042,nan,0.8029814392328263
4,AINR,ungated,113,1,0,0,1,58.9362999999139,nan,0.8029814392328263
4,AINR,ungated,114,1,0,0,1,53.64509999981237,nan,0.8029814392328263
4,AINR,ungated,115,1,0,0,1,64.65709999974933,nan,0.8029814392328263
4,AINR,ungated,116,1,0,0,1,58.1147000002602,nan,0.8029814392328263
4,AINR,ungated,117,1,0,0,1,73.32099999985076,nan,0.8029814392328263
4,AINR,ungated,118,1,0,0,1,68.7143000004653,nan,0.8029814392328263
4,AINR,ungated,119,1,0,0,1,67.78319999921223,nan,0.8029814392328263
4,AINR,ungated,120,1,0,0,1,50.34380000051897,nan,0.8029814392328263
4,AINR,ungated,121,1,0,0,1,65.21670000074664,nan,0.8029814392328263
4,AINR,ungated,122,1,0,0,1,62.42930000007618,nan,0.8029814392328263
4,AINR,ungated,123,1,0,0,1,50.7926000000225,nan,0.8029814392328263
4,AINR,ungated,124,1,0,0,1,59.390999999777705,nan,0.8029814392328263
4,AINR,ungated,125,1,0,0,1,72.49530000080995,nan,0.8029814392328263
4,AINR,ungated,126,1,0,0,1,56.579299999611976,nan,0.8029814392328263
4,AINR,ungated,127,1,0,0,1,50.134000000070955,nan,0.8029814392328263
4,AINR,ungated,128,1,0,0,1,51.382599999669765,nan,0.8029814392328263
4,AINR,ungated,129,1,0,0,1,52.04959999991843,nan,0.8029814392328263
4,AINR,ungated,130,1,0,0,1,67.93930000003456,nan,0.8029814392328263
4,AINR,ungated,131,1,0,0,1,54.47470000035537,nan,0.8029814392328263
4,AINR,ungated,132,1,0,0,1,58.54760000056558,nan,0.8029814392328263
4,AINR,ungated,133,1,0,0,1,69.3037999999433,nan,0.8029814392328263
4,AINR,ungated,134,1,0,0,1,60.02559999978985,nan,0.8029814392328263
4,AINR,ungated,135,1,0,0,1,85.11689999977534,nan,0.8029814392328263
4,AINR,ungated,136,1,0,0,1,77.69490000009682,nan,0.8029814392328263
4,AINR,ungated,137,1,0,0,1,70.9486999994624,nan,0.8029814392328263
4,AINR,ungated,138,1,0,0,1,65.27410000035161,nan,0.8029814392328263
4,AINR,ungated,139,1,0,0,1,65.21599999996397,nan,0.8029814392328263
4,AINR,ungated,140,1,0,0,1,58.07679999998072,nan,0.8029814392328263
4,AINR,ungated,141,1,0,0,1,52.815000000009604,nan,0.8029814392328263
4,AINR,ungated,142,1,0,0,1,52.46510000051785,nan,0.8029814392328263
4,AINR,ungated,143,1,0,0,1,68.45729999986361,nan,0.8029814392328263
4,AINR,ungated,144,1,0,0,1,65.57929999962653,nan,0.8029814392328263
4,AINR,ungated,145,1,0,0,1,57.58409999998548,nan,0.8029814392328263
4,AINR,ungated,146,1,0,0,1,53.71900000045571,nan,0.8029814392328263
4,AINR,ungated,147,1,0,0,1,64.77600000016537,nan,0.8029814392328263
4,AINR,ungated,148,1,0,0,1,71.05899999987741,nan,0.8029814392328263
4,AINR,ungated,149,1,0,0,1,56.61019999934069,nan,0.8029814392328263
4,AINR,ungated,150,1,0,0,1,57.83719999999448,nan,0.8029814392328263
4,AINR,ungated,151,1,0,0,1,70.17699999960314,nan,0.8029814392328263
4,AINR,ungated,152,1,0,0,1,65.47539999974106,nan,0.8029814392328263
4,AINR,ungated,153,1,0,0,1,57.72499999966385,nan,0.8029814392328263
4,AINR,ungated,154,1,0,0,1,50.23389999951178,nan,0.8029814392328263
4,AINR,ungated,155,1,0,0,1,60.75010000040493,nan,0.8029814392328263
4,AINR,ungated,156,1,0,0,1,72.56559999950696,nan,0.8029814392328263
4,AINR,ungated,157,1,0,0,1,65.31229999927746,nan,0.8029814392328263
4,AINR,ungated,158,1,0,0,1,57.93829999947775,nan,0.8029814392328263
4,AINR,ungated,159,1,0,0,1,51.62139999993087,nan,0.8029814392328263
4,AINR,ungated,160,1,0,0,1,57.67009999999573,nan,0.8029814392328263
4,AINR,ungated,161,1,0,0,1,72.1745999999257,nan,0.8029814392328263
4,AINR,ungated,162,1,0,0,1,57.53259999983129,nan,0.8029814392328263
4,AINR,ungated,163,1,0,0,1,58.44660000002477,nan,0.8029814392328263
4,AINR,ungated,164,1,0,0,1,52.35470000025089,nan,0.8029814392328263
4,AINR,ungated,165,1,0,0,1,72.01420000001235,nan,0.8029814392328263
4,AINR,ungated,166,1,0,0,1,67.07600000027014,nan,0.8029814392328263
4,AINR,ungated,167,1,0,0,1,55.71090000012191,nan,0.8029814392328263
4,AINR,ungated,168,1,0,0,1,68.24069999947824,nan,0.8029814392328263
4,AINR,ungated,169,1,0,0,1,72.59220000014466,nan,0.8029814392328263
4,AINR,ungated,170,1,0,0,1,61.64069999977073,nan,0.8029814392328263
4,AINR,ungated,171,1,0,0,1,56.082600000081584,nan,0.8029814392328263
4,AINR,ungated,172,1,0,0,1,72.09179999972548,nan,0.8029814392328263
4,AINR,ungated,173,1,0,0,1,61.56809999993129,nan,0.8029814392328263
4,AINR,ungated,174,1,0,0,1,58.522399999674235,nan,0.8029814392328263
4,AINR,ungated,175,1,0,0,1,63.160200000311306,nan,0.8029814392328263
4,AINR,ungated,176,1,0,0,1,73.2066999999006,nan,0.8029814392328263
4,AINR,ungated,177,1,0,0,1,60.84019999980228,nan,0.8029814392328263
4,AINR,ungated,178,1,0,0,1,53.460699999959616,nan,0.8029814392328263
4,AINR,ungated,179,1,0,0,1,68.53680000040185,nan,0.8029814392328263
4,AINR,ungated,180,1,0,0,1,70.89709999945626,nan,0.8029814392328263
4,AINR,ungated,181,1,0,0,1,58.459200000470446,nan,0.8029814392328263
4,AINR,ungated,182,1,0,0,1,55.38280000018858,nan,0.8029814392328263
4,AINR,ungated,183,1,0,0,1,68.31529999999475,nan,0.8029814392328263
4,AINR,ungated,184,1,0,0,1,65.08020000001125,nan,0.8029814392328263
4,AINR,ungated,185,1,0,0,1,57.49120000018593,nan,0.8029814392328263
4,AINR,ungated,186,1,0,0,1,52.76860000049055,nan,0.8029814392328263
4,AINR,ungated,187,1,0,0,1,68.30790000003617,nan,0.8029814392328263
4,AINR,ungated,188,1,0,0,1,66.99520000074699,nan,0.8029814392328263
4,AINR,ungated,189,1,0,0,1,63.622700000451005,nan,0.8029814392328263
4,AINR,ungated,190,1,0,0,1,60.35590000010416,nan,0.8029814392328263
4,AINR,ungated,191,1,0,0,1,71.28689999990456,nan,0.8029814392328263
4,AINR,ungated,192,1,0,0,1,61.113700000532845,nan,0.8029814392328263
4,AINR,ungated,193,1,0,0,1,53.37090000011813,nan,0.8029814392328263
4,AINR,ungated,194,1,0,0,1,66.28670000009151,nan,0.8029814392328263
4,AINR,ungated,195,1,0,0,1,69.59249999999884,nan,0.8029814392328263
4,AINR,ungated,196,1,0,0,1,57.82800000088173,nan,0.8029814392328263
4,AINR,ungated,197,1,0,0,1,55.334999999104184,nan,0.8029814392328263
4,AINR,ungated,198,1,0,0,1,58.033500000419735,nan,0.8029814392328263
4,AINR,ungated,199,1,0,0,1,73.25589999982185,nan,0.8029814392328263
4,AINR,ungated,200,1,0,0,1,58.46139999994193,nan,0.8029814392328263
4,AINR,ungated,201,1,0,0,1,53.9770999994289,nan,0.8029814392328263
4,AINR,ungated,202,1,0,0,1,64.06719999995403,nan,0.8029814392328263
4,AINR,ungated,203,1,0,0,1,69.69680000020162,nan,0.8029814392328263
4,AINR,ungated,204,1,0,0,1,58.15260000053968,nan,0.8029814392328263
4,AINR,ungated,205,1,0,0,1,53.334799999902316,nan,0.8029814392328263
4,AINR,ungated,206,1,0,0,1,53.37229999986448,nan,0.8029814392328263
4,AINR,ungated,207,1,0,0,1,67.23560000045836,nan,0.8029814392328263
4,AINR,ungated,208,1,0,0,1,68.02239999979065,nan,0.8029814392328263
4,AINR,ungated,209,1,0,0,1,60.0215999993452,nan,0.8029814392328263
4,AINR,ungated,210,1,0,0,1,55.01110000022891,nan,0.8029814392328263
4,AINR,ungated,211,1,0,0,1,62.89480000032199,nan,0.8029814392328263
4,AINR,ungated,212,1,0,0,1,74.2696999996042,nan,0.8029814392328263
4,AINR,ungated,213,1,0,0,1,57.4759000000995,nan,0.8029814392328263
4,AINR,ungated,214,1,0,0,1,72.40749999982654,nan,0.8029814392328263
4,AINR,ungated,215,1,0,0,1,61.09960000048886,nan,0.8029814392328263
4,AINR,ungated,216,1,0,0,1,56.58269999912591,nan,0.8029814392328263
4,AINR,ungated,217,1,0,0,1,53.43840000023192,nan,0.8029814392328263
4,AINR,ungated,218,1,0,0,1,51.915699999881326,nan,0.8029814392328263
4,AINR,ungated,219,1,0,0,1,70.76529999994818,nan,0.8029814392328263
4,AINR,ungated,220,1,0,0,1,71.69830000020738,nan,0.8029814392328263
4,AINR,ungated,221,1,0,0,1,59.42719999984547,nan,0.8029814392328263
4,AINR,ungated,222,1,0,0,1,54.67159999989235,nan,0.8029814392328263
4,AINR,ungated,223,1,0,0,1,64.05240000003687,nan,0.8029814392328263
4,AINR,ungated,224,1,0,0,1,70.11440000042057,nan,0.8029814392328263
4,AINR,ungated,225,1,0,0,1,60.53139999949053,nan,0.8029814392328263
4,AINR,ungated,226,1,0,0,1,54.77859999973589,nan,0.8029814392328263
4,AINR,ungated,227,1,0,0,1,61.66849999954138,nan,0.8029814392328263
4,AINR,ungated,228,1,0,0,1,66.18710000020656,nan,0.8029814392328263
4,AINR,ungated,229,1,0,0,1,63.30419999994774,nan,0.8029814392328263
4,AINR,ungated,230,1,0,0,1,56.57599999995,nan,0.8029814392328263
4,AINR,ungated,231,1,0,0,1,53.809000000001106,nan,0.8029814392328263
4,AINR,ungated,232,1,0,0,1,68.77989999975398,nan,0.8029814392328263
4,AINR,ungated,233,1,0,0,1,67.52609999966808,nan,0.8029814392328263
4,AINR,ungated,234,1,0,0,1,59.870199999750184,nan,0.8029814392328263
4,AINR,ungated,235,1,0,0,1,56.744000000435335,nan,0.8029814392328263
4,AINR,ungated,236,1,0,0,1,72.9124999998021,nan,0.8029814392328263
4,AINR,ungated,237,1,0,0,1,60.394900000574125,nan,0.8029814392328263
4,AINR,ungated,238,1,0,0,1,54.81049999980314,nan,0.8029814392328263
4,AINR,ungated,239,1,0,0,1,54.46120000033261,nan,0.8029814392328263
4,AINR,ungated,240,1,0,0,1,73.54129999930592,nan,0.8029814392328263
4,AINR,ungated,241,1,0,0,1,60.90499999936583,nan,0.8029814392328263
4,AINR,ungated,242,1,0,0,1,53.40460000024905,nan,0.8029814392328263
4,AINR,ungated,243,1,0,0,1,68.89419999970414,nan,0.8029814392328263
4,AINR,ungated,244,1,0,0,1,66.07700000040495,nan,0.8029814392328263
4,AINR,ungated,245,1,0,0,1,59.32159999974829,nan,0.8029814392328263
4,AINR,ungated,246,1,0,0,1,55.14359999961016,nan,0.8029814392328263
4,AINR,ungated,247,1,0,0,1,57.150800000272284,nan,0.8029814392328263
4,AINR,ungated,248,1,0,0,1,69.17169999996986,nan,0.8029814392328263
4,AINR,ungated,249,1,0,0,1,59.581900000011956,nan,0.8029814392328263
4,AINR,ungated,250,1,0,0,1,58.493499999713094,nan,0.8029814392328263
4,AINR,ungated,251,1,0,0,1,54.84809999961726,nan,0.8029814392328263
4,AINR,ungated,252,1,0,0,1,61.48949999987963,nan,0.8029814392328263
4,AINR,ungated,253,1,0,0,1,70.88310000017373,nan,0.8029814392328263
4,AINR,ungated,254,1,0,0,1,59.57080000007409,nan,0.8029814392328263
4,AINR,ungated,255,1,0,0,1,54.57900000055815,nan,0.8029814392328263
4,AINR,ungated,256,1,0,0,1,64.21020000016142,nan,0.8029814392328263
4,AINR,ungated,257,1,0,0,1,68.93769999987853,nan,0.8029814392328263
4,AINR,ungated,258,1,0,0,1,59.63010000050417,nan,0.8029814392328263
4,AINR,ungated,259,1,0,0,1,54.214199999478296,nan,0.8029814392328263
4,AINR,ungated,260,1,0,0,1,56.47339999995893,nan,0.8029814392328263
4,AINR,ungated,261,1,0,0,1,72.04550000005838,nan,0.8029814392328263
4,AINR,ungated,262,1,0,0,1,61.20989999999438,nan,0.8029814392328263
4,AINR,ungated,263,1,0,0,1,56.80480000046373,nan,0.8029814392328263
4,AINR,ungated,264,1,0,0,1,68.08189999992464,nan,0.8029814392328263
4,AINR,ungated,265,1,0,0,1,67.6952000003439,nan,0.8029814392328263
4,AINR,ungated,266,1,0,0,1,57.31960000048275,nan,0.8029814392328263
4,AINR,ungated,267,1,0,0,1,51.56450000049517,nan,0.8029814392328263
4,AINR,ungated,268,1,0,0,1,70.64979999995558,nan,0.8029814392328263
4,AINR,ungated,269,1,0,0,1,60.72359999961918,nan,0.8029814392328263
4,AINR,ungated,270,1,0,0,1,60.70439999984956,nan,0.8029814392328263
4,AINR,ungated,271,1,0,0,1,56.30440000004455,nan,0.8029814392328263
4,AINR,ungated,272,1,0,0,1,70.54919999973208,nan,0.8029814392328263
4,AINR,ungated,273,1,0,0,1,65.37370000023657,nan,0.8029814392328263
4,AINR,ungated,274,1,0,0,1,59.66030000035971,nan,0.8029814392328263
4,AINR,ungated,275,1,0,0,1,50.6625999996686,nan,0.8029814392328263
4,AINR,ungated,276,1,0,0,1,56.68519999926502,nan,0.8029814392328263
4,AINR,ungated,277,1,0,0,1,57.29530000007799,nan,0.8029814392328263
4,AINR,ungated,278,1,0,0,1,71.25750000068365,nan,0.8029814392328263
4,AINR,ungated,279,1,0,0,1,71.30760000018199,nan,0.8029814392328263
4,AINR,ungated,280,1,0,0,1,59.340200000406185,nan,0.8029814392328263
4,AINR,ungated,281,1,0,0,1,59.84109999917564,nan,0.8029814392328263
4,AINR,ungated,282,1,0,0,1,72.07680000010441,nan,0.8029814392328263
4,AINR,ungated,283,1,0,0,1,58.68670000018028,nan,0.8029814392328263
4,AINR,ungated,284,1,0,0,1,57.09769999975833,nan,0.8029814392328263
4,AINR,ungated,285,1,0,0,1,54.91540000002715,nan,0.8029814392328263
4,AINR,ungated,286,1,0,0,1,57.68840000018827,nan,0.8029814392328263
4,AINR,ungated,287,1,0,0,1,73.84730000012496,nan,0.8029814392328263
4,AINR,ungated,288,1,0,0,1,61.41180000031454,nan,0.8029814392328263
4,AINR,ungated,289,1,0,0,1,54.58649999945919,nan,0.8029814392328263
4,AINR,ungated,290,1,0,0,1,59.956099999908474,nan,0.8029814392328263
4,AINR,ungated,291,1,0,0,1,64.9796999996397,nan,0.8029814392328263
4,AINR,ungated,292,1,0,0,1,65.92149999960384,nan,0.8029814392328263
4,AINR,ungated,293,1,0,0,1,56.96739999984857,nan,0.8029814392328263
4,AINR,ungated,294,1,0,0,1,55.04689999997936,nan,0.8029814392328263
4,AINR,ungated,295,1,0,0,1,50.533399999949324,nan,0.8029814392328263
4,AINR,ungated,296,1,0,0,1,58.861200000137615,nan,0.8029814392328263
4,AINR,ungated,297,1,0,0,1,74.56309999997757,nan,0.8029814392328263
4,AINR,ungated,298,1,0,0,1,59.08670000007987,nan,0.8029814392328263
4,AINR,ungated,299,1,0,0,1,57.19090000002325,nan,0.8029814392328263
4,AINR,ungated,300,1,0,0,1,66.27090000074531,nan,0.8029814392328263
4,AINR,ungated,301,1,0,0,1,71.93370000004506,nan,0.8029814392328263
4,AINR,ungated,302,1,0,0,1,63.30609999986336,nan,0.8029814392328263
4,AINR,ungated,303,1,0,0,1,56.40179999954853,nan,0.8029814392328263
4,AINR,ungated,304,1,0,0,1,57.10529999942082,nan,0.8029814392328263
4,AINR,ungated,305,1,0,0,1,72.37810000060563,nan,0.8029814392328263
4,AINR,ungated,306,1,0,0,1,59.70939999951952,nan,0.8029814392328263
4,AINR,ungated,307,1,0,0,1,58.304900000621274,nan,0.8029814392328263
4,AINR,ungated,308,1,0,0,1,49.98729999988427,nan,0.8029814392328263
4,AINR,ungated,309,1,0,0,1,75.07369999984803,nan,0.8029814392328263
4,AINR,ungated,310,1,0,0,1,61.15589999990334,nan,0.8029814392328263
4,AINR,ungated,311,1,0,0,1,53.26340000010532,nan,0.8029814392328263
4,AINR,ungated,312,1,0,0,1,70.36800000059884,nan,0.8029814392328263
4,AINR,ungated,313,1,0,0,1,60.998599999948055,nan,0.8029814392328263
4,AINR,ungated,314,1,0,0,1,57.10009999984322,nan,0.8029814392328263
4,AINR,ungated,315,1,0,0,1,59.74979999973584,nan,0.8029814392328263
4,AINR,ungated,316,1,0,0,1,72.03060000028927,nan,0.8029814392328263
4,AINR,ungated,317,1,0,0,1,60.92939999962255,nan,0.8029814392328263
4,AINR,ungated,318,1,0,0,1,59.85820000023523,nan,0.8029814392328263
4,AINR,ungated,319,1,0,0,1,68.06400000004942,nan,0.8029814392328263
4,AINR,ungated,320,1,0,0,1,63.02719999985129,nan,0.8029814392328263
4,AINR,ungated,321,1,0,0,1,57.93470000025991,nan,0.8029814392328263
4,AINR,ungated,322,1,0,0,1,56.07070000041858,nan,0.8029814392328263
4,AINR,ungated,323,1,0,0,1,58.46419999943464,nan,0.8029814392328263
4,AINR,ungated,324,1,0,0,1,66.56149999980698,nan,0.8029814392328263
4,AINR,ungated,325,1,0,0,1,71.40129999970668,nan,0.8029814392328263
4,AINR,ungated,326,1,0,0,1,64.73779999942053,nan,0.8029814392328263
4,AINR,ungated,327,1,0,0,1,59.48259999968286,nan,0.8029814392328263
4,AINR,ungated,328,1,0,0,1,54.90589999953954,nan,0.8029814392328263
4,AINR,ungated,329,1,0,0,1,70.15549999960058,nan,0.8029814392328263
4,AINR,ungated,330,1,0,0,1,60.10599999990518,nan,0.8029814392328263
4,AINR,ungated,331,1,0,0,1,55.52160000024742,nan,0.8029814392328263
4,AINR,ungated,332,1,0,0,1,62.803900000290014,nan,0.8029814392328263
4,AINR,ungated,333,1,0,0,1,66.8986999999106,nan,0.8029814392328263
4,AINR,ungated,334,1,0,0,1,62.51960000008694,nan,0.8029814392328263
4,AINR,ungated,335,1,0,0,1,56.733900000836,nan,0.8029814392328263
4,AINR,ungated,336,1,0,0,1,62.65680000069551,nan,0.8029814392328263
4,AINR,ungated,337,1,0,0,1,71.0785000001124,nan,0.8029814392328263
4,AINR,ungated,338,1,0,0,1,62.03839999943739,nan,0.8029814392328263
4,AINR,ungated,339,1,0,0,1,53.42350000046281,nan,0.8029814392328263
4,AINR,ungated,340,1,0,0,1,74.37769999978627,nan,0.8029814392328263
4,AINR,ungated,341,1,0,0,1,62.89230000038515,nan,0.8029814392328263
4,AINR,ungated,342,1,0,0,1,51.42650000016147,nan,0.8029814392328263
4,AINR,ungated,343,1,0,0,1,59.41770000026736,nan,0.8029814392328263
4,AINR,ungated,344,1,0,0,1,72.85200000023906,nan,0.8029814392328263
4,AINR,ungated,345,1,0,0,1,59.92300000070827,nan,0.8029814392328263
4,AINR,ungated,346,1,0,0,1,57.38149999979214,nan,0.8029814392328263
4,AINR,ungated,347,1,0,0,1,65.83279999995284,nan,0.8029814392328263
4,AINR,ungated,348,1,0,0,1,69.56859999991138,nan,0.8029814392328263
4,AINR,ungated,349,1,0,0,1,61.09250000008615,nan,0.8029814392328263
4,AINR,ungated,350,1,0,0,1,51.29479999959585,nan,0.8029814392328263
4,AINR,ungated,351,1,0,0,1,64.66959999943356,nan,0.8029814392328263
4,AINR,ungated,352,1,0,0,1,59.01660000017728,nan,0.8029814392328263
4,AINR,ungated,353,1,0,0,1,53.256600000167964,nan,0.8029814392328263
4,AINR,ungated,354,1,0,0,1,67.0734999994238,nan,0.8029814392328263
4,AINR,ungated,355,1,0,0,1,70.76070000039181,nan,0.8029814392328263
4,AINR,ungated,356,1,0,0,1,60.604000000239466,nan,0.8029814392328263
4,AINR,ungated,357,1,0,0,1,54.656100000102015,nan,0.8029814392328263
4,AINR,ungated,358,1,0,0,1,65.58399999994435,nan,0.8029814392328263
4,AINR,ungated,359,1,0,0,1,71.95869999941351,nan,0.8029814392328263
4,AINR,ungated,360,1,0,0,1,63.70390000029147,nan,0.8029814392328263
4,AINR,ungated,361,1,0,0,1,61.38739999914833,nan,0.8029814392328263
4,AINR,ungated,362,1,0,0,1,56.903699999566015,nan,0.8029814392328263
4,AINR,ungated,363,1,0,0,1,60.68730000060896,nan,0.8029814392328263
4,AINR,ungated,364,1,0,0,1,72.20820000020467,nan,0.8029814392328263
4,AINR,ungated,365,1,0,0,1,62.8790000000663,nan,0.8029814392328263
4,AINR,ungated,366,1,0,0,1,57.15360000067449,nan,0.8029814392328263
4,AINR,ungated,367,1,0,0,1,56.73890000070969,nan,0.8029814392328263
4,AINR,ungated,368,1,0,0,1,63.893699999425735,nan,0.8029814392328263
4,AINR,ungated,369,1,0,0,1,71.63450000007288,nan,0.8029814392328263
4,AINR,ungated,370,1,0,0,1,58.93550000018877,nan,0.8029814392328263
4,AINR,ungated,371,1,0,0,1,57.26099999992584,nan,0.8029814392328263
4,AINR,ungated,372,1,0,0,1,59.81659999997646,nan,0.8029814392328263
4,AINR,ungated,373,1,0,0,1,73.61550000041461,nan,0.8029814392328263
4,AINR,ungated,374,1,0,0,1,59.181399999943096,nan,0.8029814392328263
4,AINR,ungated,375,1,0,0,1,57.35449999974662,nan,0.8029814392328263
4,AINR,ungated,376,1,0,0,1,58.78930000017135,nan,0.8029814392328263
4,AINR,ungated,377,1,0,0,1,67.8909999996904,nan,0.8029814392328263
4,AINR,ungated,378,1,0,0,1,59.78619999950752,nan,0.8029814392328263
4,AINR,ungated,379,1,0,0,1,53.419799999574025,nan,0.8029814392328263
4,AINR,ungated,380,1,0,0,1,56.670500000109314,nan,0.8029814392328263
4,AINR,ungated,381,1,0,0,1,67.07939999978407,nan,0.8029814392328263
4,AINR,ungated,382,1,0,0,1,60.8620000002702,nan,0.8029814392328263
4,AINR,ungated,383,1,0,0,1,54.60880000009638,nan,0.8029814392328263
4,AINR,ungated,384,1,0,0,1,60.07769999996526,nan,0.8029814392328263
4,AINR,ungated,385,1,0,0,1,73.10259999940172,nan,0.8029814392328263
4,AINR,ungated,386,1,0,0,1,59.046400000625,nan,0.8029814392328263
4,AINR,ungated,387,1,0,0,1,57.01549999957933,nan,0.8029814392328263
4,AINR,ungated,388,1,0,0,1,56.533899999521964,nan,0.8029814392328263
4,AINR,ungated,389,1,0,0,1,74.29190000038943,nan,0.8029814392328263
4,AINR,ungated,390,1,0,0,1,67.98809999963851,nan,0.8029814392328263
4,AINR,ungated,391,1,0,0,1,59.860399999706715,nan,0.8029814392328263
4,AINR,ungated,392,1,0,0,1,59.96390000018437,nan,0.8029814392328263
4,AINR,ungated,393,1,0,0,1,74.98239999949874,nan,0.8029814392328263
4,AINR,ungated,394,1,0,0,1,59.71380000028148,nan,0.8029814392328263
4,AINR,ungated,395,1,0,0,1,60.68489999961457,nan,0.8029814392328263
4,AINR,ungated,396,1,0,0,1,70.62359999963519,nan,0.8029814392328263
4,AINR,ungated,397,1,0,0,1,60.64010000045528,nan,0.8029814392328263
4,AINR,ungated,398,1,0,0,1,52.88730000029318,nan,0.8029814392328263
4,AINR,ungated,399,1,0,0,1,62.70429999949556,nan,0.8029814392328263
4,AINR,ungated,400,1,0,0,1,70.21229999918432,nan,0.8029814392328263
4,AINR,ungated,401,1,0,0,1,60.85869999969873,nan,0.8029814392328263
4,AINR,ungated,402,1,0,0,1,57.93259999973088,nan,0.8029814392328263
4,AINR,ungated,403,1,0,0,1,59.12069999976666,nan,0.8029814392328263
4,AINR,ungated,404,1,0,0,1,70.74980000015785,nan,0.8029814392328263
4,AINR,ungated,405,1,0,0,1,57.57329999960348,nan,0.8029814392328263
4,AINR,ungated,406,1,0,0,1,56.26029999984894,nan,0.8029814392328263
4,AINR,ungated,407,1,0,0,1,66.96250000004511,nan,0.8029814392328263
4,AINR,ungated,408,1,0,0,1,67.86809999994148,nan,0.8029814392328263
4,AINR,ungated,409,1,0,0,1,58.3678000002692,nan,0.8029814392328263
4,AINR,ungated,410,1,0,0,1,52.29520000011689,nan,0.8029814392328263
4,AINR,ungated,411,1,0,0,1,65.94519999998738,nan,0.8029814392328263
4,AINR,ungated,412,1,0,0,1,68.1350000004386,nan,0.8029814392328263
4,AINR,ungated,413,1,0,0,1,62.38200000007055,nan,0.8029814392328263
4,AINR,ungated,414,1,0,0,1,56.441600000653125,nan,0.8029814392328263
4,AINR,ungated,415,1,0,0,1,63.926400000127614,nan,0.8029814392328263
4,AINR,ungated,416,1,0,0,1,72.69309999992402,nan,0.8029814392328263
4,AINR,ungated,417,1,0,0,1,60.50340000001597,nan,0.8029814392328263
4,AINR,ungated,418,1,0,0,1,58.23249999957625,nan,0.8029814392328263
4,AINR,ungated,419,1,0,0,1,54.929200000515266,nan,0.8029814392328263
4,AINR,ungated,420,1,0,0,1,64.34970000009343,nan,0.8029814392328263
4,AINR,ungated,421,1,0,0,1,65.04769999992277,nan,0.8029814392328263
4,AINR,ungated,422,1,0,0,1,57.52130000018951,nan,0.8029814392328263
4,AINR,ungated,423,1,0,0,1,50.82169999968755,nan,0.8029814392328263
4,AINR,ungated,424,1,0,0,1,66.24099999953614,nan,0.8029814392328263
4,AINR,ungated,425,1,0,0,1,71.34859999951004,nan,0.8029814392328263
4,AINR,ungated,426,1,0,0,1,60.54519999997865,nan,0.8029814392328263
4,AINR,ungated,427,1,0,0,1,54.66140000044106,nan,0.8029814392328263
4,AINR,ungated,428,1,0,0,1,63.385399999788206,nan,0.8029814392328263
4,AINR,ungated,429,1,0,0,1,73.33480000033887,nan,0.8029814392328263
4,AINR,ungated,430,1,0,0,1,59.404300000096555,nan,0.8029814392328263
4,AINR,ungated,431,1,0,0,1,55.3780000000188,nan,0.8029814392328263
4,AINR,ungated,432,1,0,0,1,63.98730000000796,nan,0.8029814392328263
4,AINR,ungated,433,1,0,0,1,60.43950000002951,nan,0.8029814392328263
4,AINR,ungated,434,1,0,0,1,67.46800000018993,nan,0.8029814392328263
4,AINR,ungated,435,1,0,0,1,59.64789999961795,nan,0.8029814392328263
4,AINR,ungated,436,1,0,0,1,53.220100000544335,nan,0.8029814392328263
4,AINR,ungated,437,1,0,0,1,58.27709999994113,nan,0.8029814392328263
4,AINR,ungated,438,1,0,0,1,71.89250000010361,nan,0.8029814392328263
4,AINR,ungated,439,1,0,0,1,61.717999999928,nan,0.8029814392328263
4,AINR,ungated,440,1,0,0,1,54.86810000002151,nan,0.8029814392328263
4,AINR,ungated,441,1,0,0,1,51.91980000017793,nan,0.8029814392328263
4,AINR,ungated,442,1,0,0,1,59.15589999949589,nan,0.8029814392328263
4,AINR,ungated,443,1,0,0,1,71.98370000060095,nan,0.8029814392328263
4,AINR,ungated,444,1,0,0,1,59.24490000052174,nan,0.8029814392328263
4,AINR,ungated,445,1,0,0,1,56.34060000011232,nan,0.8029814392328263
4,AINR,ungated,446,1,0,0,1,52.5723000000653,nan,0.8029814392328263
4,AINR,ungated,447,1,0,0,1,53.35859999922832,nan,0.8029814392328263
4,AINR,ungated,448,1,0,0,1,62.09399999988818,nan,0.8029814392328263
4,AINR,ungated,449,1,0,0,1,72.89440000022296,nan,0.8029814392328263
4,AINR,ungated,450,1,0,0,1,59.401500000603846,nan,0.8029814392328263
4,AINR,ungated,451,1,0,0,1,55.48499999986234,nan,0.8029814392328263
4,AINR,ungated,452,1,0,0,1,46.85749999953259,nan,0.8029814392328263
4,AINR,ungated,453,1,0,0,1,63.90400000054797,nan,0.8029814392328263
4,AINR,ungated,454,1,0,0,1,73.18910000049073,nan,0.8029814392328263
4,AINR,ungated,455,1,0,0,1,60.48929999997199,nan,0.8029814392328263
4,AINR,ungated,456,1,0,0,1,56.4591999991535,nan,0.8029814392328263
4,AINR,ungated,457,1,0,0,1,52.60140000063984,nan,0.8029814392328263
4,AINR,ungated,458,1,0,0,1,66.15419999980077,nan,0.8029814392328263
4,AINR,ungated,459,1,0,0,1,70.95340000068973,nan,0.8029814392328263
4,AINR,ungated,460,1,0,0,1,59.799800000291725,nan,0.8029814392328263
4,AINR,ungated,461,1,0,0,1,54.71600000055332,nan,0.8029814392328263
4,AINR,ungated,462,1,0,0,1,62.33720000000176,nan,0.8029814392328263
4,AINR,ungated,463,1,0,0,1,72.80069999978878,nan,0.8029814392328263
4,AINR,ungated,464,1,0,0,1,58.637199999793665,nan,0.8029814392328263
4,AINR,ungated,465,1,0,0,1,55.724199999531265,nan,0.8029814392328263
4,AINR,ungated,466,1,0,0,1,51.55740000009246,nan,0.8029814392328263
4,AINR,ungated,467,1,0,0,1,66.78389999979117,nan,0.8029814392328263
4,AINR,ungated,468,1,0,0,1,69.31869999971241,nan,0.8029814392328263
4,AINR,ungated,469,1,0,0,1,60.02659999921889,nan,0.8029814392328263
4,AINR,ungated,470,1,0,0,1,61.55969999963418,nan,0.8029814392328263
4,AINR,ungated,471,1,0,0,1,73.077099999864,nan,0.8029814392328263
4,AINR,ungated,472,1,0,0,1,60.15729999944597,nan,0.8029814392328263
4,AINR,ungated,473,1,0,0,1,58.53630000001431,nan,0.8029814392328263
4,AINR,ungated,474,1,0,0,1,71.22729999991861,nan,0.8029814392328263
4,AINR,ungated,475,1,0,0,1,63.86029999976017,nan,0.8029814392328263
4,AINR,ungated,476,1,0,0,1,59.08869999984745,nan,0.8029814392328263
4,AINR,ungated,477,1,0,0,1,53.28670000017155,nan,0.8029814392328263
4,AINR,ungated,478,1,0,0,1,62.66879999930097,nan,0.8029814392328263
4,AINR,ungated,479,1,0,0,1,71.40400000025693,nan,0.8029814392328263
4,AINR,ungated,480,1,0,0,1,61.70540000039182,nan,0.8029814392328263
4,AINR,ungated,481,1,0,0,1,67.40819999959058,nan,0.8029814392328263
4,AINR,ungated,482,1,0,0,1,66.83180000072753,nan,0.8029814392328263
4,AINR,ungated,483,1,0,0,1,59.823700000379176,nan,0.8029814392328263
4,AINR,ungated,484,1,0,0,1,61.73289999969711,nan,0.8029814392328263
4,AINR,ungated,485,1,0,0,1,61.226399999213754,nan,0.8029814392328263
4,AINR,ungated,486,1,0,0,1,69.99550000000454,nan,0.8029814392328263
4,AINR,ungated,487,1,0,0,1,60.32699999923352,nan,0.8029814392328263
4,AINR,ungated,488,1,0,0,1,60.74790000002395,nan,0.8029814392328263
4,AINR,ungated,489,1,0,0,1,53.27839999972639,nan,0.8029814392328263
4,AINR,ungated,490,1,0,0,1,65.03339999926538,nan,0.8029814392328263
4,AINR,ungated,491,1,0,0,1,68.13150000016321,nan,0.8029814392328263
4,AINR,ungated,492,1,0,0,1,58.46899999960442,nan,0.8029814392328263
4,AINR,ungated,493,1,0,0,1,51.12900000040099,nan,0.8029814392328263
4,AINR,ungated,494,1,0,0,1,60.610100000303646,nan,0.8029814392328263
4,AINR,ungated,495,1,0,0,1,73.36440000017319,nan,0.8029814392328263
4,AINR,ungated,496,1,0,0,1,61.90370000058465,nan,0.8029814392328263
4,AINR,ungated,497,1,0,0,1,57.79990000064572,nan,0.8029814392328263
4,AINR,ungated,498,1,0,0,1,70.97350000003644,nan,0.8029814392328263
4,AINR,ungated,499,1,0,0,1,67.15320000057545,nan,0.8029814392328263
4,AINR,ungated,500,1,0,0,1,56.198399999630055,nan,0.8029814392328263
4,AINR,ungated,501,1,0,0,1,52.71179999999731,nan,0.8029814392328263
4,AINR,ungated,502,1,0,0,1,53.304900000512134,nan,0.8029814392328263
4,AINR,ungated,503,1,0,0,1,66.42269999974815,nan,0.8029814392328263
4,AINR,ungated,504,1,0,0,1,68.36060000023281,nan,0.8029814392328263
4,AINR,ungated,505,1,0,0,1,58.19859999974142,nan,0.8029814392328263
4,AINR,ungated,506,1,0,0,1,53.917100000035134,nan,0.8029814392328263
4,AINR,ungated,507,1,0,0,1,62.098499999592605,nan,0.8029814392328263
4,AINR,ungated,508,1,0,0,1,71.59689999934926,nan,0.8029814392328263
4,AINR,ungated,509,1,0,0,1,62.0323000002827,nan,0.8029814392328263
4,AINR,ungated,510,1,0,0,1,53.37710000003426,nan,0.8029814392328263
4,AINR,ungated,511,1,0,0,1,67.86809999994148,nan,0.8029814392328263
4,AINR,ungated,512,1,0,0,1,72.33570000062173,nan,0.8029814392328263
4,AINR,ungated,513,1,0,0,1,62.26580000020476,nan,0.8029814392328263
4,AINR,ungated,514,1,0,0,1,55.18669999946724,nan,0.8029814392328263
4,AINR,ungated,515,1,0,0,1,67.21999999990658,nan,0.8029814392328263
4,AINR,ungated,516,1,0,0,1,62.56949999988137,nan,0.8029814392328263
4,AINR,ungated,517,1,0,0,1,57.79900000015914,nan,0.8029814392328263
4,AINR,ungated,518,1,0,0,1,53.18790000001172,nan,0.8029814392328263
4,AINR,ungated,519,1,0,0,1,60.54199999925913,nan,0.8029814392328263
4,AINR,ungated,520,1,0,0,1,51.8621000001076,nan,0.8029814392328263
4,AINR,ungated,521,1,0,0,1,73.20530000015424,nan,0.8029814392328263
4,AINR,ungated,522,1,0,0,1,66.34539999959088,nan,0.8029814392328263
4,AINR,ungated,523,1,0,0,1,57.547100000192586,nan,0.8029814392328263
4,AINR,ungated,524,1,0,0,1,56.23749999995198,nan,0.8029814392328263
4,AINR,ungated,525,1,0,0,1,69.83289999971021,nan,0.8029814392328263
4,AINR,ungated,526,1,0,0,1,63.80379999973229,nan,0.8029814392328263
4,AINR,ungated,527,1,0,0,1,59.083900000587164,nan,0.8029814392328263
4,AINR,ungated,528,1,0,0,1,55.6496999997762,nan,0.8029814392328263
4,AINR,ungated,529,1,0,0,1,68.97469999967143,nan,0.8029814392328263
4,AINR,ungated,530,1,0,0,1,69.5767999995951,nan,0.8029814392328263
4,AINR,ungated,531,1,0,0,1,59.49849999979051,nan,0.8029814392328263
4,AINR,ungated,532,1,0,0,1,52.15229999976145,nan,0.8029814392328263
4,AINR,ungated,533,1,0,0,1,60.091499999543885,nan,0.8029814392328263
4,AINR,ungated,534,1,0,0,1,73.4839999995529,nan,0.8029814392328263
4,AINR,ungated,535,1,0,0,1,60.123100000055274,nan,0.8029814392328263
4,AINR,ungated,536,1,0,0,1,56.72099999992497,nan,0.8029814392328263
4,AINR,ungated,537,1,0,0,1,52.5723000000653,nan,0.8029814392328263
4,AINR,ungated,538,1,0,0,1,63.59280000015133,nan,0.8029814392328263
4,AINR,ungated,539,1,0,0,1,67.99609999961831,nan,0.8029814392328263
4,AINR,ungated,540,1,0,0,1,66.07510000048933,nan,0.8029814392328263
4,AINR,ungated,541,1,0,0,1,58.5094999996727,nan,0.8029814392328263
4,AINR,ungated,542,1,0,0,1,54.49559999942721,nan,0.8029814392328263
4,AINR,ungated,543,1,0,0,1,63.09330000021873,nan,0.8029814392328263
4,AINR,ungated,544,1,0,0,1,69.79119999959948,nan,0.8029814392328263
4,AINR,ungated,545,1,0,0,1,59.73040000026231,nan,0.8029814392328263
4,AINR,ungated,546,1,0,0,1,63.65560000085679,nan,0.8029814392328263
4,AINR,ungated,547,1,0,0,1,72.92909999978292,nan,0.8029814392328263
4,AINR,ungated,548,1,0,0,1,61.23550000029354,nan,0.8029814392328263
4,AINR,ungated,549,1,0,0,1,59.85979999968549,nan,0.8029814392328263
4,AINR,ungated,550,1,0,0,1,62.17649999962305,nan,0.8029814392328263
4,AINR,ungated,551,1,0,0,1,70.43249999969703,nan,0.8029814392328263
4,AINR,ungated,552,1,0,0,1,57.87439999949129,nan,0.8029814392328263
4,AINR,ungated,553,1,0,0,1,58.87559999973746,nan,0.8029814392328263
4,AINR,ungated,554,1,0,0,1,59.684099999685714,nan,0.8029814392328263
4,AINR,ungated,555,1,0,0,1,70.70850000036444,nan,0.8029814392328263
4,AINR,ungated,556,1,0,0,1,56.97349999991275,nan,0.8029814392328263
4,AINR,ungated,557,1,0,0,1,61.42279999949096,nan,0.8029814392328263
4,AINR,ungated,558,1,0,0,1,54.2953000003763,nan,0.8029814392328263
4,AINR,ungated,559,1,0,0,1,66.93170000016835,nan,0.8029814392328263
4,AINR,ungated,560,1,0,0,1,76.56310000038502,nan,0.8029814392328263
4,AINR,ungated,561,1,0,0,1,56.262600000081875,nan,0.8029814392328263
4,AINR,ungated,562,1,0,0,1,49.21040000044741,nan,0.8029814392328263
4,AINR,ungated,563,1,0,0,1,64.40820000079839,nan,0.8029814392328263
4,AINR,ungated,564,1,0,0,1,66.62859999960347,nan,0.8029814392328263
4,AINR,ungated,565,1,0,0,1,59.32550000034098,nan,0.8029814392328263
4,AINR,ungated,566,1,0,0,1,52.86119999982475,nan,0.8029814392328263
4,AINR,ungated,567,1,0,0,1,65.81650000043737,nan,0.8029814392328263
4,AINR,ungated,568,1,0,0,1,64.96719999995548,nan,0.8029814392328263
4,AINR,ungated,569,1,0,0,1,60.53229999997711,nan,0.8029814392328263
4,AINR,ungated,570,1,0,0,1,61.026399999718706,nan,0.8029814392328263
4,AINR,ungated,571,1,0,0,1,79.61319999958505,nan,0.8029814392328263
4,AINR,ungated,572,1,0,0,1,59.846099999958824,nan,0.8029814392328263
4,AINR,ungated,573,1,0,0,1,55.5675000005067,nan,0.8029814392328263
4,AINR,ungated,574,1,0,0,1,56.42529999931867,nan,0.8029814392328263
4,AINR,ungated,575,1,0,0,1,61.482600000090315,nan,0.8029814392328263
4,AINR,ungated,576,1,0,0,1,74.2499999996653,nan,0.8029814392328263
4,AINR,ungated,577,1,0,0,1,59.85979999968549,nan,0.8029814392328263
4,AINR,ungated,578,1,0,0,1,55.88220000026922,nan,0.8029814392328263
4,AINR,ungated,579,1,0,0,1,86.4214000002903,nan,0.8029814392328263
4,AINR,ungated,580,1,0,0,1,61.347400000158814,nan,0.8029814392328263
4,AINR,ungated,581,1,0,0,1,52.04009999943082,nan,0.8029814392328263
4,AINR,ungated,582,1,0,0,1,63.85330000011891,nan,0.8029814392328263
4,AINR,ungated,583,1,0,0,1,64.77439999980561,nan,0.8029814392328263
4,AINR,ungated,584,1,0,0,1,54.23460000019986,nan,0.8029814392328263
4,AINR,ungated,585,1,0,0,1,51.77590000039345,nan,0.8029814392328263
4,AINR,ungated,586,1,0,0,1,66.5039000004981,nan,0.8029814392328263
4,AINR,ungated,587,1,0,0,1,69.74970000010217,nan,0.8029814392328263
4,AINR,ungated,588,1,0,0,1,59.958499999993364,nan,0.8029814392328263
4,AINR,ungated,589,1,0,0,1,55.02580000029411,nan,0.8029814392328263
4,AINR,ungated,590,1,0,0,1,74.8159000004307,nan,0.8029814392328263
4,AINR,ungated,591,1,0,0,1,60.35960000008345,nan,0.8029814392328263
4,AINR,ungated,592,1,0,0,1,50.743900000270514,nan,0.8029814392328263
4,AINR,ungated,593,1,0,0,1,62.439399999675516,nan,0.8029814392328263
4,AINR,ungated,594,1,0,0,1,71.21070000084728,nan,0.8029814392328263
4,AINR,ungated,595,1,0,0,1,57.57019999964541,nan,0.8029814392328263
4,AINR,ungated,596,1,0,0,1,56.15510000006907,nan,0.8029814392328263
4,AINR,ungated,597,1,0,0,1,67.27119999959541,nan,0.8029814392328263
4,AINR,ungated,598,1,0,0,1,68.44679999994696,nan,0.8029814392328263
4,AINR,ungated,599,1,0,0,1,54.24070000026404,nan,0.8029814392328263
4,AINR,ungated,600,1,0,0,1,54.41470000005211,nan,0.8029814392328263
4,AINR,ungated,601,1,0,0,1,59.62510000063048,nan,0.8029814392328263
4,AINR,ungated,602,1,0,0,1,65.75909999992291,nan,0.8029814392328263
4,AINR,ungated,603,1,0,0,1,69.6551000000909,nan,0.8029814392328263
4,AINR,ungated,604,1,0,0,1,60.36240000048565,nan,0.8029814392328263
4,AINR,ungated,605,1,0,0,1,58.885600000394334,nan,0.8029814392328263
4,AINR,ungated,606,1,0,0,1,53.26650000006339,nan,0.8029814392328263
4,AINR,ungated,607,1,0,0,1,61.48459999985789,nan,0.8029814392328263
4,AINR,ungated,608,1,0,0,1,72.57659999959287,nan,0.8029814392328263
4,AINR,ungated,609,1,0,0,1,63.717300000462274,nan,0.8029814392328263
4,AINR,ungated,610,1,0,0,1,59.571499999947264,nan,0.8029814392328263
4,AINR,ungated,611,1,0,0,1,54.35250000027736,nan,0.8029814392328263
4,AINR,ungated,612,1,0,0,1,62.513000000762986,nan,0.8029814392328263
4,AINR,ungated,613,1,0,0,1,70.41170000047714,nan,0.8029814392328263
4,AINR,ungated,614,1,0,0,1,62.18129999979283,nan,0.8029814392328263
4,AINR,ungated,615,1,0,0,1,56.936099999802536,nan,0.8029814392328263
4,AINR,ungated,616,1,0,0,1,50.9673999995357,nan,0.8029814392328263
4,AINR,ungated,617,1,0,0,1,57.99769999975979,nan,0.8029814392328263
4,AINR,ungated,618,1,0,0,1,73.4639000002062,nan,0.8029814392328263
4,AINR,ungated,619,1,0,0,1,58.78110000048764,nan,0.8029814392328263
4,AINR,ungated,620,1,0,0,1,57.376500000827946,nan,0.8029814392328263
4,AINR,ungated,621,1,0,0,1,55.5395999999746,nan,0.8029814392328263
4,AINR,ungated,622,1,0,0,1,71.79790000009234,nan,0.8029814392328263
4,AINR,ungated,623,1,0,0,1,58.30210000021907,nan,0.8029814392328263
4,AINR,ungated,624,1,0,0,1,67.91530000009516,nan,0.8029814392328263
4,AINR,ungated,625,1,0,0,1,73.17320000038308,nan,0.8029814392328263
4,AINR,ungated,626,1,0,0,1,54.02850000064063,nan,0.8029814392328263
4,AINR,ungated,627,1,0,0,1,53.81059999945137,nan,0.8029814392328263
4,AINR,ungated,628,1,0,0,1,62.15269999938755,nan,0.8029814392328263
4,AINR,ungated,629,1,0,0,1,71.97799999994459,nan,0.8029814392328263
4,AINR,ungated,630,1,0,0,1,60.77189999996335,nan,0.8029814392328263
4,AINR,ungated,631,1,0,0,1,58.83270000049379,nan,0.8029814392328263
4,AINR,ungated,632,1,0,0,1,74.70360000024812,nan,0.8029814392328263
4,AINR,ungated,633,1,0,0,1,60.63540000013745,nan,0.8029814392328263
4,AINR,ungated,634,1,0,0,1,54.332000000613334,nan,0.8029814392328263
4,AINR,ungated,635,1,0,0,1,61.989400000129535,nan,0.8029814392328263
4,AINR,ungated,636,1,0,0,1,74.02960000035819,nan,0.8029814392328263
4,AINR,ungated,637,1,0,0,1,65.6435999999303,nan,0.8029814392328263
4,AINR,ungated,638,1,0,0,1,60.4085999993913,nan,0.8029814392328263
4,AINR,ungated,639,1,0,0,1,62.64000000010128,nan,0.8029814392328263
4,AINR,ungated,640,1,0,0,1,71.8974999999773,nan,0.8029814392328263
4,AINR,ungated,641,1,0,0,1,59.649800000443065,nan,0.8029814392328263
4,AINR,ungated,642,1,0,0,1,54.96690000018134,nan,0.8029814392328263
4,AINR,ungated,643,1,0,0,1,58.50129999998899,nan,0.8029814392328263
4,AINR,ungated,644,1,0,0,1,74.61520000015298,nan,0.8029814392328263
4,AINR,ungated,645,1,0,0,1,60.59110000023793,nan,0.8029814392328263
4,AINR,ungated,646,1,0,0,1,55.039599999872735,nan,0.8029814392328263
4,AINR,ungated,647,1,0,0,1,62.931599999501486,nan,0.8029814392328263
4,AINR,ungated,648,1,0,0,1,76.08700000037061,nan,0.8029814392328263
4,AINR,ungated,649,1,0,0,1,60.21989999953803,nan,0.8029814392328263
4,AINR,ungated,650,1,0,0,1,57.70959999972547,nan,0.8029814392328263
4,AINR,ungated,651,1,0,0,1,51.72540000057779,nan,0.8029814392328263
4,AINR,ungated,652,1,0,0,1,50.74160000003758,nan,0.8029814392328263
4,AINR,ungated,653,1,0,0,1,55.13670000073034,nan,0.8029814392328263
4,AINR,ungated,654,1,0,0,1,71.5263000001869,nan,0.8029814392328263
4,AINR,ungated,655,1,0,0,1,59.17589999990014,nan,0.8029814392328263
4,AINR,ungated,656,1,0,0,1,52.16310000014346,nan,0.8029814392328263
4,AINR,ungated,657,1,0,0,1,65.43390000024374,nan,0.8029814392328263
4,AINR,ungated,658,1,0,0,1,64.95689999974275,nan,0.8029814392328263
4,AINR,ungated,659,1,0,0,1,58.157999999821186,nan,0.8029814392328263
4,AINR,ungated,660,1,0,0,1,50.0941000000239,nan,0.8029814392328263
4,AINR,ungated,661,1,0,0,1,57.845000000270375,nan,0.8029814392328263
4,AINR,ungated,662,1,0,0,1,72.51150000047346,nan,0.8029814392328263
4,AINR,ungated,663,1,0,0,1,60.61249999947904,nan,0.8029814392328263
4,AINR,ungated,664,1,0,0,1,56.62800000027346,nan,0.8029814392328263
4,AINR,ungated,665,1,0,0,1,53.09260000012728,nan,0.8029814392328263
4,AINR,ungated,666,1,0,0,1,60.47820000003412,nan,0.8029814392328263
4,AINR,ungated,667,1,0,0,1,73.36089999989781,nan,0.8029814392328263
4,AINR,ungated,668,1,0,0,1,59.69420000019454,nan,0.8029814392328263
4,AINR,ungated,669,1,0,0,1,55.28420000064216,nan,0.8029814392328263
4,AINR,ungated,670,1,0,0,1,67.7295999994385,nan,0.8029814392328263
4,AINR,ungated,671,1,0,0,1,72.02070000039384,nan,0.8029814392328263
4,AINR,ungated,672,1,0,0,1,60.57239999972808,nan,0.8029814392328263
4,AINR,ungated,673,1,0,0,1,55.56799999976647,nan,0.8029814392328263
4,AINR,ungated,674,1,0,0,1,69.65420000051381,nan,0.8029814392328263
4,AINR,ungated,675,1,0,0,1,67.88489999962621,nan,0.8029814392328263
4,AINR,ungated,676,1,0,0,1,60.86400000003778,nan,0.8029814392328263
4,AINR,ungated,677,1,0,0,1,54.451699999845005,nan,0.8029814392328263
4,AINR,ungated,678,1,0,0,1,55.188499999530904,nan,0.8029814392328263
4,AINR,ungated,679,1,0,0,1,62.02889999985928,nan,0.8029814392328263
4,AINR,ungated,680,1,0,0,1,72.84170000002632,nan,0.8029814392328263
4,AINR,ungated,681,1,0,0,1,59.29600000035862,nan,0.8029814392328263
4,AINR,ungated,682,1,0,0,1,54.6530999999959,nan,0.8029814392328263
4,AINR,ungated,683,1,0,0,1,69.6989999996731,nan,0.8029814392328263
4,AINR,ungated,684,1,0,0,1,65.16560000000027,nan,0.8029814392328263
4,AINR,ungated,685,1,0,0,1,58.44900000010966,nan,0.8029814392328263
4,AINR,ungated,686,1,0,0,1,50.59259999961796,nan,0.8029814392328263
4,AINR,ungated,687,1,0,0,1,63.74009999944974,nan,0.8029814392328263
4,AINR,ungated,688,1,0,0,1,71.1964000001899,nan,0.8029814392328263
4,AINR,ungated,689,1,0,0,1,64.10869999945135,nan,0.8029814392328263
4,AINR,ungated,690,1,0,0,1,60.540499999660824,nan,0.8029814392328263
4,AINR,ungated,691,1,0,0,1,57.06670000017766,nan,0.8029814392328263
4,AINR,ungated,692,1,0,0,1,62.59070000032807,nan,0.8029814392328263
4,AINR,ungated,693,1,0,0,1,72.53530000070896,nan,0.8029814392328263
4,AINR,ungated,694,1,0,0,1,59.73840000024211,nan,0.8029814392328263
4,AINR,ungated,695,1,0,0,1,56.244199999127886,nan,0.8029814392328263
4,AINR,ungated,696,1,0,0,1,61.12399999983609,nan,0.8029814392328263
4,AINR,ungated,697,1,0,0,1,68.14180000037595,nan,0.8029814392328263
4,AINR,ungated,698,1,0,0,1,58.56550000044081,nan,0.8029814392328263
4,AINR,ungated,699,1,0,0,1,56.873300000006566,nan,0.8029814392328263
4,AINR,ungated,700,1,0,0,1,55.88350000016362,nan,0.8029814392328263
4,AINR,ungated,701,1,0,0,1,75.83210000029794,nan,0.8029814392328263
4,AINR,ungated,702,1,0,0,1,60.671799999909126,nan,0.8029814392328263
4,AINR,ungated,703,1,0,0,1,55.87370000012015,nan,0.8029814392328263
4,AINR,ungated,704,1,0,0,1,57.92380000002595,nan,0.8029814392328263
4,AINR,ungated,705,1,0,0,1,70.9420000002865,nan,0.8029814392328263
4,AINR,ungated,706,1,0,0,1,59.18999999994412,nan,0.8029814392328263
4,AINR,ungated,707,1,0,0,1,58.470999999372,nan,0.8029814392328263
4,AINR,ungated,708,1,0,0,1,65.35809999968478,nan,0.8029814392328263
4,AINR,ungated,709,1,0,0,1,69.06880000042293,nan,0.8029814392328263
4,AINR,ungated,710,1,0,0,1,52.92899999949441,nan,0.8029814392328263
4,AINR,ungated,711,1,0,0,1,62.3753999998371,nan,0.8029814392328263
4,AINR,ungated,712,1,0,0,1,72.18270000066696,nan,0.8029814392328263
4,AINR,ungated,713,1,0,0,1,67.33059999987745,nan,0.8029814392328263
4,AINR,ungated,714,1,0,0,1,54.63349999990896,nan,0.8029814392328263
4,AINR,ungated,715,1,0,0,1,62.37630000032368,nan,0.8029814392328263
4,AINR,ungated,716,1,0,0,1,69.607299999916,nan,0.8029814392328263
4,AINR,ungated,717,1,0,0,1,54.52930000046763,nan,0.8029814392328263
4,AINR,ungated,718,1,0,0,1,53.473099999791884,nan,0.8029814392328263
4,AINR,ungated,719,1,0,0,1,53.07859999993525,nan,0.8029814392328263
4,AINR,ungated,720,1,0,0,1,74.97979999970994,nan,0.8029814392328263
4,AINR,ungated,721,1,0,0,1,59.286900000188325,nan,0.8029814392328263
4,AINR,ungated,722,1,0,0,1,56.29969999972673,nan,0.8029814392328263
4,AINR,ungated,723,1,0,0,1,68.89719999981025,nan,0.8029814392328263
4,AINR,ungated,724,1,0,0,1,73.84860000001936,nan,0.8029814392328263
4,AINR,ungated,725,1,0,0,1,62.57370000002993,nan,0.8029814392328263
4,AINR,ungated,726,1,0,0,1,66.86170000011771,nan,0.8029814392328263
4,AINR,ungated,727,1,0,0,1,61.515099999269296,nan,0.8029814392328263
4,AINR,ungated,728,1,0,0,1,50.83999999988009,nan,0.8029814392328263
4,AINR,ungated,729,1,0,0,1,58.008199999676435,nan,0.8029814392328263
4,AINR,ungated,730,1,0,0,1,70.44000000041706,nan,0.8029814392328263
4,AINR,ungated,731,1,0,0,1,59.66889999945124,nan,0.8029814392328263
4,AINR,ungated,732,1,0,0,1,58.45289999979286,nan,0.8029814392328263
4,AINR,ungated,733,1,0,0,1,72.67069999943487,nan,0.8029814392328263
4,AINR,ungated,734,1,0,0,1,61.034100000142644,nan,0.8029814392328263
4,AINR,ungated,735,1,0,0,1,54.297699999551696,nan,0.8029814392328263
4,AINR,ungated,736,1,0,0,1,52.700199999890174,nan,0.8029814392328263
4,AINR,ungated,737,1,0,0,1,62.52459999996063,nan,0.8029814392328263
4,AINR,ungated,738,1,0,0,1,72.16499999958614,nan,0.8029814392328263
4,AINR,ungated,739,1,0,0,1,59.2040999999881,nan,0.8029814392328263
4,AINR,ungated,740,1,0,0,1,56.093000000146276,nan,0.8029814392328263
4,AINR,ungated,741,1,0,0,1,63.744900000529015,nan,0.8029814392328263
4,AINR,ungated,742,1,0,0,1,73.93789999969158,nan,0.8029814392328263
4,AINR,ungated,743,1,0,0,1,60.30700000064826,nan,0.8029814392328263
4,AINR,ungated,744,1,0,0,1,61.089399999218585,nan,0.8029814392328263
4,AINR,ungated,745,1,0,0,1,67.79929999993328,nan,0.8029814392328263
4,AINR,ungated,746,1,0,0,1,60.438600000452425,nan,0.8029814392328263
4,AINR,ungated,747,1,0,0,1,54.24060000041209,nan,0.8029814392328263
4,AINR,ungated,748,1,0,0,1,59.991299999637704,nan,0.8029814392328263
4,AINR,ungated,749,1,0,0,1,70.57259999965027,nan,0.8029814392328263
4,AINR,ungated,750,1,0,0,1,59.26629999976285,nan,0.8029814392328263
4,AINR,ungated,751,1,0,0,1,54.63349999990896,nan,0.8029814392328263
4,AINR,ungated,752,1,0,0,1,55.93299999964074,nan,0.8029814392328263
4,AINR,ungated,753,1,0,0,1,64.20999999954802,nan,0.8029814392328263
4,AINR,ungated,754,1,0,0,1,63.61769999966782,nan,0.8029814392328263
4,AINR,ungated,755,1,0,0,1,58.06639999991603,nan,0.8029814392328263
4,AINR,ungated,756,1,0,0,1,51.08530000052269,nan,0.8029814392328263
4,AINR,ungated,757,1,0,0,1,55.28919999960635,nan,0.8029814392328263
4,AINR,ungated,758,1,0,0,1,69.85319999967032,nan,0.8029814392328263
4,AINR,ungated,759,1,0,0,1,66.20569999995496,nan,0.8029814392328263
4,AINR,ungated,760,1,0,0,1,58.52229999982228,nan,0.8029814392328263
4,AINR,ungated,761,1,0,0,1,59.52709999928629,nan,0.8029814392328263
4,AINR,ungated,762,1,0,0,1,57.860900000378024,nan,0.8029814392328263
4,AINR,ungated,763,1,0,0,1,67.83180000002176,nan,0.8029814392328263
4,AINR,ungated,764,1,0,0,1,68.83839999954944,nan,0.8029814392328263
4,AINR,ungated,765,1,0,0,1,59.66730000000098,nan,0.8029814392328263
4,AINR,ungated,766,1,0,0,1,53.44650000006368,nan,0.8029814392328263
4,AINR,ungated,767,1,0,0,1,59.90410000049451,nan,0.8029814392328263
4,AINR,ungated,768,1,0,0,1,68.2148000005327,nan,0.8029814392328263
4,AINR,ungated,769,1,0,0,1,36.25709999960236,nan,0.8029814392328263
4,AINR,ungated,770,1,0,0,1,69.36059999952704,nan,0.8029814392328263
4,AINR,ungated,771,1,0,0,1,66.31560000005265,nan,0.8029814392328263
4,AINR,ungated,772,1,0,0,1,58.46250000013242,nan,0.8029814392328263
4,AINR,ungated,773,1,0,0,1,55.43260000013106,nan,0.8029814392328263
4,AINR,ungated,774,1,0,0,1,51.792399999612826,nan,0.8029814392328263
4,AINR,ungated,775,1,0,0,1,63.924799999767856,nan,0.8029814392328263
4,AINR,ungated,776,1,0,0,1,72.83689999985654,nan,0.8029814392328263
4,AINR,ungated,777,1,0,0,1,54.85849999968195,nan,0.8029814392328263
4,AINR,ungated,778,1,0,0,1,55.079400000067835,nan,0.8029814392328263
4,AINR,ungated,779,1,0,0,1,56.96799999986979,nan,0.8029814392328263
4,AINR,ungated,780,1,0,0,1,73.42330000028596,nan,0.8029814392328263
4,AINR,ungated,781,1,0,0,1,67.54559999990306,nan,0.8029814392328263
4,AINR,ungated,782,1,0,0,1,59.901100000388396,nan,0.8029814392328263
4,AINR,ungated,783,1,0,0,1,56.0830000003989,nan,0.8029814392328263
4,AINR,ungated,784,1,0,0,1,62.44849999984581,nan,0.8029814392328263
4,AINR,ungated,785,1,0,0,1,68.03430000036315,nan,0.8029814392328263
4,AINR,ungated,786,1,0,0,1,55.075700000088545,nan,0.8029814392328263
4,AINR,ungated,787,1,0,0,1,54.69100000027538,nan,0.8029814392328263
4,AINR,ungated,788,1,0,0,1,62.55059999966761,nan,0.8029814392328263
4,AINR,ungated,789,1,0,0,1,65.70929999998043,nan,0.8029814392328263
4,AINR,ungated,790,1,0,0,1,55.551500000547094,nan,0.8029814392328263
4,AINR,ungated,791,1,0,0,1,66.45639999987907,nan,0.8029814392328263
4,AINR,ungated,792,1,0,0,1,69.05880000067555,nan,0.8029814392328263
4,AINR,ungated,793,1,0,0,1,63.194600000315404,nan,0.8029814392328263
4,AINR,ungated,794,1,0,0,1,61.83580000015354,nan,0.8029814392328263
4,AINR,ungated,795,1,0,0,1,73.14099999985046,nan,0.8029814392328263
4,AINR,ungated,796,1,0,0,1,59.33699999968667,nan,0.8029814392328263
4,AINR,ungated,797,1,0,0,1,53.25780000021041,nan,0.8029814392328263
4,AINR,ungated,798,1,0,0,1,60.018700000000536,nan,0.8029814392328263
4,AINR,ungated,799,1,0,0,1,72.63179999972635,nan,0.8029814392328263
4,AINR,ungated,800,1,0,0,1,59.007699999710894,nan,0.8029814392328263
4,AINR,ungated,801,1,0,0,1,52.20689999987371,nan,0.8029814392328263
4,AINR,ungated,802,1,0,0,1,61.73040000066976,nan,0.8029814392328263
4,AINR,ungated,803,1,0,0,1,79.05469999968773,nan,0.8029814392328263
4,AINR,ungated,804,1,0,0,1,59.40199999986362,nan,0.8029814392328263
4,AINR,ungated,805,1,0,0,1,55.97650000072463,nan,0.8029814392328263
4,AINR,ungated,806,1,0,0,1,63.4767000001375,nan,0.8029814392328263
4,AINR,ungated,807,1,0,0,1,71.31770000069082,nan,0.8029814392328263
4,AINR,ungated,808,1,0,0,1,60.33370000022842,nan,0.8029814392328263
4,AINR,ungated,809,1,0,0,1,52.93199999960052,nan,0.8029814392328263
4,AINR,ungated,810,1,0,0,1,85.65159999943717,nan,0.8029814392328263
4,AINR,ungated,811,1,0,0,1,63.015200000336336,nan,0.8029814392328263
4,AINR,ungated,812,1,0,0,1,58.12459999924613,nan,0.8029814392328263
4,AINR,ungated,813,1,0,0,1,57.71980000008625,nan,0.8029814392328263
4,AINR,ungated,814,1,0,0,1,69.71059999978024,nan,0.8029814392328263
4,AINR,ungated,815,1,0,0,1,57.37449999924138,nan,0.8029814392328263
4,AINR,ungated,816,1,0,0,1,57.83209999935934,nan,0.8029814392328263
4,AINR,ungated,817,1,0,0,1,67.26640000033512,nan,0.8029814392328263
4,AINR,ungated,818,1,0,0,1,70.16219999968598,nan,0.8029814392328263
4,AINR,ungated,819,1,0,0,1,58.63879999924393,nan,0.8029814392328263
4,AINR,ungated,820,1,0,0,1,55.33039999954781,nan,0.8029814392328263
4,AINR,ungated,821,1,0,0,1,49.60469999969064,nan,0.8029814392328263
4,AINR,ungated,822,1,0,0,1,54.274099999929604,nan,0.8029814392328263
4,AINR,ungated,823,1,0,0,1,66.82679999994434,nan,0.8029814392328263
4,AINR,ungated,824,1,0,0,1,65.39749999956257,nan,0.8029814392328263
4,AINR,ungated,825,1,0,0,1,59.299300000020594,nan,0.8029814392328263
4,AINR,ungated,826,1,0,0,1,53.50350000026083,nan,0.8029814392328263
4,AINR,ungated,827,1,0,0,1,60.89010000050621,nan,0.8029814392328263
4,AINR,ungated,828,1,0,0,1,74.51639999999315,nan,0.8029814392328263
4,AINR,ungated,829,1,0,0,1,58.23859999964043,nan,0.8029814392328263
4,AINR,ungated,830,1,0,0,1,54.72970000027999,nan,0.8029814392328263
4,AINR,ungated,831,1,0,0,1,53.30560000038531,nan,0.8029814392328263
4,AINR,ungated,832,1,0,0,1,53.60779999955412,nan,0.8029814392328263
4,AINR,ungated,833,1,0,0,1,64.7041000001991,nan,0.8029814392328263
4,AINR,ungated,834,1,0,0,1,67.49070000023494,nan,0.8029814392328263
4,AINR,ungated,835,1,0,0,1,59.82549999953335,nan,0.8029814392328263
4,AINR,ungated,836,1,0,0,1,54.630900000120164,nan,0.8029814392328263
4,AINR,ungated,837,1,0,0,1,58.75649999961752,nan,0.8029814392328263
4,AINR,ungated,838,1,0,0,1,68.31870000041818,nan,0.8029814392328263
4,AINR,ungated,839,1,0,0,1,59.38349999996717,nan,0.8029814392328263
4,AINR,ungated,840,1,0,0,1,58.982300000025134,nan,0.8029814392328263
4,AINR,ungated,841,1,0,0,1,51.81629999970028,nan,0.8029814392328263
4,AINR,ungated,842,1,0,0,1,64.90719999965222,nan,0.8029814392328263
4,AINR,ungated,843,1,0,0,1,72.75060000029043,nan,0.8029814392328263
4,AINR,ungated,844,1,0,0,1,59.62069999986852,nan,0.8029814392328263
4,AINR,ungated,845,1,0,0,1,54.2224000000715,nan,0.8029814392328263
4,AINR,ungated,846,1,0,0,1,51.258199999210774,nan,0.8029814392328263
4,AINR,ungated,847,1,0,0,1,54.158599999936996,nan,0.8029814392328263
4,AINR,ungated,848,1,0,0,1,70.63639999978477,nan,0.8029814392328263
4,AINR,ungated,849,1,0,0,1,58.65850000009232,nan,0.8029814392328263
4,AINR,ungated,850,1,0,0,1,55.04840000048716,nan,0.8029814392328263
4,AINR,ungated,851,1,0,0,1,59.58759999975882,nan,0.8029814392328263
4,AINR,ungated,852,1,0,0,1,71.70550000046205,nan,0.8029814392328263
4,AINR,ungated,853,1,0,0,1,59.15320000076463,nan,0.8029814392328263
4,AINR,ungated,854,1,0,0,1,65.84250000014435,nan,0.8029814392328263
4,AINR,ungated,855,1,0,0,1,72.55179999992833,nan,0.8029814392328263
4,AINR,ungated,856,1,0,0,1,59.90800000017771,nan,0.8029814392328263
4,AINR,ungated,857,1,0,0,1,58.857699999862234,nan,0.8029814392328263
4,AINR,ungated,858,1,0,0,1,74.19219999974302,nan,0.8029814392328263
4,AINR,ungated,859,1,0,0,1,58.9603000007628,nan,0.8029814392328263
4,AINR,ungated,860,1,0,0,1,56.819999999788706,nan,0.8029814392328263
4,AINR,ungated,861,1,0,0,1,60.29260000013892,nan,0.8029814392328263
4,AINR,ungated,862,1,0,0,1,70.1364000005924,nan,0.8029814392328263
4,AINR,ungated,863,1,0,0,1,56.21730000075331,nan,0.8029814392328263
4,AINR,ungated,864,1,0,0,1,61.22680000044056,nan,0.8029814392328263
4,AINR,ungated,865,1,0,0,1,71.5994000001956,nan,0.8029814392328263
4,AINR,ungated,866,1,0,0,1,61.52970000039204,nan,0.8029814392328263
4,AINR,ungated,867,1,0,0,1,52.26409999977477,nan,0.8029814392328263
4,AINR,ungated,868,1,0,0,1,62.68079999972542,nan,0.8029814392328263
4,AINR,ungated,869,1,0,0,1,72.44040000023233,nan,0.8029814392328263
4,AINR,ungated,870,1,0,0,1,58.364800000163086,nan,0.8029814392328263
4,AINR,ungated,871,1,0,0,1,59.49750000036147,nan,0.8029814392328263
4,AINR,ungated,872,1,0,0,1,73.36889999987761,nan,0.8029814392328263
4,AINR,ungated,873,1,0,0,1,59.98269999963668,nan,0.8029814392328263
4,AINR,ungated,874,1,0,0,1,51.53539999992063,nan,0.8029814392328263
4,AINR,ungated,875,1,0,0,1,59.78090000007796,nan,0.8029814392328263
4,AINR,ungated,876,1,0,0,1,69.06130000061239,nan,0.8029814392328263
4,AINR,ungated,877,1,0,0,1,59.489899999789486,nan,0.8029814392328263
4,AINR,ungated,878,1,0,0,1,56.54099999992468,nan,0.8029814392328263
4,AINR,ungated,879,1,0,0,1,61.366699999780394,nan,0.8029814392328263
4,AINR,ungated,880,1,0,0,1,73.19389999975101,nan,0.8029814392328263
4,AINR,ungated,881,1,0,0,1,57.449300000371295,nan,0.8029814392328263
4,AINR,ungated,882,1,0,0,1,58.66409999998723,nan,0.8029814392328263
4,AINR,ungated,883,1,0,0,1,58.712199999717996,nan,0.8029814392328263
4,AINR,ungated,884,1,0,0,1,73.25359999958891,nan,0.8029814392328263
4,AINR,ungated,885,1,0,0,1,61.6732000007687,nan,0.8029814392328263
4,AINR,ungated,886,1,0,0,1,56.412799999634444,nan,0.8029814392328263
4,AINR,ungated,887,1,0,0,1,53.187700000307814,nan,0.8029814392328263
4,AINR,ungated,888,1,0,0,1,58.93940000078146,nan,0.8029814392328263
4,AINR,ungated,889,1,0,0,1,70.90160000007018,nan,0.8029814392328263
4,AINR,ungated,890,1,0,0,1,61.596300000019255,nan,0.8029814392328263
4,AINR,ungated,891,1,0,0,1,58.76600000010512,nan,0.8029814392328263
4,AINR,ungated,892,1,0,0,1,65.18870000036259,nan,0.8029814392328263
4,AINR,ungated,893,1,0,0,1,72.55580000037298,nan,0.8029814392328263
4,AINR,ungated,894,1,0,0,1,60.1596000005884,nan,0.8029814392328263
4,AINR,ungated,895,1,0,0,1,58.49949999992532,nan,0.8029814392328263
4,AINR,ungated,896,1,0,0,1,59.7090000001117,nan,0.8029814392328263
4,AINR,ungated,897,1,0,0,1,59.11329999980808,nan,0.8029814392328263
4,AINR,ungated,898,1,0,0,1,73.49209999938466,nan,0.8029814392328263
4,AINR,ungated,899,1,0,0,1,60.0215999993452,nan,0.8029814392328263
4,AINR,ungated,900,1,0,0,1,54.604299999482464,nan,0.8029814392328263
4,AINR,ungated,901,1,0,0,1,69.24100000014732,nan,0.8029814392328263
4,AINR,ungated,902,1,0,0,1,72.15529999939463,nan,0.8029814392328263
4,AINR,ungated,903,1,0,0,1,60.83760000001348,nan,0.8029814392328263
4,AINR,ungated,904,1,0,0,1,56.36239999967074,nan,0.8029814392328263
4,AINR,ungated,905,1,0,0,1,67.24419999954989,nan,0.8029814392328263
4,AINR,ungated,906,1,0,0,1,71.81159999981901,nan,0.8029814392328263
4,AINR,ungated,907,1,0,0,1,60.09199999971315,nan,0.8029814392328263
4,AINR,ungated,908,1,0,0,1,76.73379999960162,nan,0.8029814392328263
4,AINR,ungated,909,1,0,0,1,73.39950000005047,nan,0.8029814392328263
4,AINR,ungated,910,1,0,0,1,60.29549999948358,nan,0.8029814392328263
4,AINR,ungated,911,1,0,0,1,51.69519999981276,nan,0.8029814392328263
4,AINR,ungated,912,1,0,0,1,73.45280000026833,nan,0.8029814392328263
4,AINR,ungated,913,1,0,0,1,60.6500000003507,nan,0.8029814392328263
4,AINR,ungated,914,1,0,0,1,59.32909999955882,nan,0.8029814392328263
4,AINR,ungated,915,1,0,0,1,65.77369999922666,nan,0.8029814392328263
4,AINR,ungated,916,1,0,0,1,71.0202999998728,nan,0.8029814392328263
4,AINR,ungated,917,1,0,0,1,58.84669999977632,nan,0.8029814392328263
4,AINR,ungated,918,1,0,0,1,55.44039999949746,nan,0.8029814392328263
4,AINR,ungated,919,1,0,0,1,64.02029999935621,nan,0.8029814392328263
4,AINR,ungated,920,1,0,0,1,68.67779999993218,nan,0.8029814392328263
4,AINR,ungated,921,1,0,0,1,58.55009999959293,nan,0.8029814392328263
4,AINR,ungated,922,1,0,0,1,52.746100000149454,nan,0.8029814392328263
4,AINR,ungated,923,1,0,0,1,62.499799999386596,nan,0.8029814392328263
4,AINR,ungated,924,1,0,0,1,75.22319999952742,nan,0.8029814392328263
4,AINR,ungated,925,1,0,0,1,66.69170000077429,nan,0.8029814392328263
4,AINR,ungated,926,1,0,0,1,61.57899999925576,nan,0.8029814392328263
4,AINR,ungated,927,1,0,0,1,72.12999999956082,nan,0.8029814392328263
4,AINR,ungated,928,1,0,0,1,59.86099999972794,nan,0.8029814392328263
4,AINR,ungated,929,1,0,0,1,54.02419999973063,nan,0.8029814392328263
4,AINR,ungated,930,1,0,0,1,51.953600000160804,nan,0.8029814392328263
4,AINR,ungated,931,1,0,0,1,62.05370000043331,nan,0.8029814392328263
4,AINR,ungated,932,1,0,0,1,72.0166999999492,nan,0.8029814392328263
4,AINR,ungated,933,1,0,0,1,61.43969999993715,nan,0.8029814392328263
4,AINR,ungated,934,1,0,0,1,56.88509999981761,nan,0.8029814392328263
4,AINR,ungated,935,1,0,0,1,53.28289999943081,nan,0.8029814392328263
4,AINR,ungated,936,1,0,0,1,85.5279999996128,nan,0.8029814392328263
4,AINR,ungated,937,1,0,0,1,60.696500000631204,nan,0.8029814392328263
4,AINR,ungated,938,1,0,0,1,84.46540000022651,nan,0.8029814392328263
4,AINR,ungated,939,1,0,0,1,71.92219999978988,nan,0.8029814392328263
4,AINR,ungated,940,1,0,0,1,61.676299999817275,nan,0.8029814392328263
4,AINR,ungated,941,1,0,0,1,57.10660000022472,nan,0.8029814392328263
4,AINR,ungated,942,1,0,0,1,60.41970000023866,nan,0.8029814392328263
4,AINR,ungated,943,1,0,0,1,72.93590000062977,nan,0.8029814392328263
4,AINR,ungated,944,1,0,0,1,62.34599999970669,nan,0.8029814392328263
4,AINR,ungated,945,1,0,0,1,52.03780000010738,nan,0.8029814392328263
4,AINR,ungated,946,1,0,0,1,49.400599999898986,nan,0.8029814392328263
4,AINR,ungated,947,1,0,0,1,52.33920000046055,nan,0.8029814392328263
4,AINR,ungated,948,1,0,0,1,68.94149999970978,nan,0.8029814392328263
4,AINR,ungated,949,1,0,0,1,60.54889999995794,nan,0.8029814392328263
4,AINR,ungated,950,1,0,0,1,56.39619999965362,nan,0.8029814392328263
4,AINR,ungated,951,1,0,0,1,56.10309999974561,nan,0.8029814392328263
4,AINR,ungated,952,1,0,0,1,72.8146999999808,nan,0.8029814392328263
4,AINR,ungated,953,1,0,0,1,57.50919999991311,nan,0.8029814392328263
4,AINR,ungated,954,1,0,0,1,55.16489999990881,nan,0.8029814392328263
4,AINR,ungated,955,1,0,0,1,54.743199999393255,nan,0.8029814392328263
4,AINR,ungated,956,1,0,0,1,61.27379999998084,nan,0.8029814392328263
4,AINR,ungated,957,1,0,0,1,68.68819999999687,nan,0.8029814392328263
4,AINR,ungated,958,1,0,0,1,59.55560000074911,nan,0.8029814392328263
4,AINR,ungated,959,1,0,0,1,49.68239999925572,nan,0.8029814392328263
4,AINR,ungated,960,1,0,0,1,68.36339999972552,nan,0.8029814392328263
4,AINR,ungated,961,1,0,0,1,61.91579999995156,nan,0.8029814392328263
4,AINR,ungated,962,1,0,0,1,58.96100000063598,nan,0.8029814392328263
4,AINR,ungated,963,1,0,0,1,62.45930000022781,nan,0.8029814392328263
4,AINR,ungated,964,1,0,0,1,71.86780000029103,nan,0.8029814392328263
4,AINR,ungated,965,1,0,0,1,56.80149999989226,nan,0.8029814392328263
4,AINR,ungated,966,1,0,0,1,58.51929999971617,nan,0.8029814392328263
4,AINR,ungated,967,1,0,0,1,73.36620000023686,nan,0.8029814392328263
4,AINR,ungated,968,1,0,0,1,60.506599999825994,nan,0.8029814392328263
4,AINR,ungated,969,1,0,0,1,53.306899999370216,nan,0.8029814392328263
4,AINR,ungated,970,1,0,0,1,60.186899999280286,nan,0.8029814392328263
4,AINR,ungated,971,1,0,0,1,67.87840000015422,nan,0.8029814392328263
4,AINR,ungated,972,1,0,0,1,60.923900000489084,nan,0.8029814392328263
4,AINR,ungated,973,1,0,0,1,54.86620000010589,nan,0.8029814392328263
4,AINR,ungated,974,1,0,0,1,58.674599999903876,nan,0.8029814392328263
4,AINR,ungated,975,1,0,0,1,68.4160000000702,nan,0.8029814392328263
4,AINR,ungated,976,1,0,0,1,61.43450000035955,nan,0.8029814392328263
4,AINR,ungated,977,1,0,0,1,53.79129999982979,nan,0.8029814392328263
4,AINR,ungated,978,1,0,0,1,64.05979999999545,nan,0.8029814392328263
4,AINR,ungated,979,1,0,0,1,64.08870000086608,nan,0.8029814392328263
4,AINR,ungated,980,1,0,0,1,71.00189999982831,nan,0.8029814392328263
4,AINR,ungated,981,1,0,0,1,59.50790000042616,nan,0.8029814392328263
4,AINR,ungated,982,1,0,0,1,53.62039999999979,nan,0.8029814392328263
4,AINR,ungated,983,1,0,0,1,60.2430999997523,nan,0.8029814392328263
4,AINR,ungated,984,1,0,0,1,69.67290000011417,nan,0.8029814392328263
4,AINR,ungated,985,1,0,0,1,71.51009999961389,nan,0.8029814392328263
4,AINR,ungated,986,1,0,0,1,57.63610000030894,nan,0.8029814392328263
4,AINR,ungated,987,1,0,0,1,51.96849999992992,nan,0.8029814392328263
4,AINR,ungated,988,1,0,0,1,61.18080000032933,nan,0.8029814392328263
4,AINR,ungated,989,1,0,0,1,66.55769999997574,nan,0.8029814392328263
4,AINR,ungated,990,1,0,0,1,56.18049999975483,nan,0.8029814392328263
4,AINR,ungated,991,1,0,0,1,60.981900000115274,nan,0.8029814392328263
4,AINR,ungated,992,1,0,0,1,71.49400000071182,nan,0.8029814392328263
4,AINR,ungated,993,1,0,0,1,63.16510000033304,nan,0.8029814392328263
4,AINR,ungated,994,1,0,0,1,59.66730000000098,nan,0.8029814392328263
4,AINR,ungated,995,1,0,0,1,52.15230000067095,nan,0.8029814392328263
4,AINR,ungated,996,1,0,0,1,60.558499999388005,nan,0.8029814392328263
4,AINR,ungated,997,1,0,0,1,71.26890000017738,nan,0.8029814392328263
4,AINR,ungated,998,1,0,0,1,60.37019999985205,nan,0.8029814392328263
4,AINR,ungated,999,1,0,0,1,55.81419999998616,nan,0.8029814392328263
4,AINR,gated,0,1,0,0,0,nan,nan,0.8029814392328263
4,AINR,gated,1,1,0,0,0,nan,nan,0.8029814392328263
4,AINR,gated,2,1,0,0,0,nan,nan,0.8029814392328263
4,AINR,gated,3,1,0,0,0,nan,nan,0.8029814392328263
4,AINR,gated,4,1,0,0,0,nan,nan,0.8029814392328263
4,AINR,gated,5,0,1,0,1,66.26870000036433,nan,0.8029814392328263
4,AINR,gated,6,1,0,0,0,nan,nan,0.8029814392328263
4,AINR,gated,7,1,0,0,0,nan,nan,0.8029814392328263
4,AINR,gated,8,1,0,0,0,nan,nan,0.8029814392328263
4,AINR,gated,9,1,0,0,0,nan,nan,0.8029814392328263
4,AINR,gated,10,1,0,0,0,nan,nan,0.8029814392328263
4,AINR,gated,11,1,0,0,0,nan,nan,0.8029814392328263
4,AINR,gated,12,1,0,0,0,nan,nan,0.8029814392328263
4,AINR,gated,13,1,0,0,0,nan,nan,0.8029814392328263
4,AINR,gated,14,1,0,0,0,nan,nan,0.8029814392328263
4,AINR,gated,15,1,0,0,0,nan,nan,0.8029814392328263
4,AINR,gated,16,1,0,0,0,nan,nan,0.8029814392328263
4,AINR,gated,17,1,0,0,0,nan,nan,0.8029814392328263
4,AINR,gated,18,1,0,0,0,nan,nan,0.8029814392328263
4,AINR,gated,19,1,0,0,0,nan,nan,0.8029814392328263
4,AINR,gated,20,1,0,0,0,nan,nan,0.8029814392328263
4,AINR,gated,21,1,0,0,0,nan,nan,0.8029814392328263
4,AINR,gated,22,1,0,0,0,nan,nan,0.8029814392328263
4,AINR,gated,23,1,0,0,0,nan,nan,0.8029814392328263
4,AINR,gated,24,1,0,0,0,nan,nan,0.8029814392328263
4,AINR,gated,25,0,1,0,1,73.65839999965829,nan,0.8029814392328263
4,AINR,gated,26,1,0,0,0,nan,nan,0.8029814392328263
4,AINR,gated,27,0,1,0,1,70.5032999994728,nan,0.8029814392328263
4,AINR,gated,28,1,0,0,0,nan,nan,0.8029814392328263
4,AINR,gated,29,1,0,0,0,nan,nan,0.8029814392328263
4,AINR,gated,30,1,0,0,0,nan,nan,0.8029814392328263
4,AINR,gated,31,0,1,0,1,56.030400000054215,nan,0.8029814392328263
4,AINR,gated,32,1,0,0,0,nan,nan,0.8029814392328263
4,AINR,gated,33,1,0,0,0,nan,nan,0.8029814392328263
4,AINR,gated,34,1,0,0,0,nan,nan,0.8029814392328263
4,AINR,gated,35,1,0,0,0,nan,nan,0.8029814392328263
4,AINR,gated,36,1,0,0,0,nan,nan,0.8029814392328263
4,AINR,gated,37,1,0,0,0,nan,nan,0.8029814392328263
4,AINR,gated,38,1,0,0,0,nan,nan,0.8029814392328263
4,AINR,gated,39,1,0,0,0,nan,nan,0.8029814392328263
4,AINR,gated,40,1,0,0,0,nan,nan,0.8029814392328263
4,AINR,gated,41,0,1,0,1,56.9867999993221,nan,0.8029814392328263
4,AINR,gated,42,0,1,0,1,50.82479999964562,nan,0.8029814392328263
4,AINR,gated,43,1,0,0,0,nan,nan,0.8029814392328263
4,AINR,gated,44,0,1,0,1,54.06700000003184,nan,0.8029814392328263
4,AINR,gated,45,1,0,0,0,nan,nan,0.8029814392328263
4,AINR,gated,46,0,1,0,1,54.18420000023616,nan,0.8029814392328263
4,AINR,gated,47,1,0,0,0,nan,nan,0.8029814392328263
4,AINR,gated,48,0,1,0,1,57.29149999933725,nan,0.8029814392328263
4,AINR,gated,49,1,0,0,0,nan,nan,0.8029814392328263
4,AINR,gated,50,1,0,0,0,nan,nan,0.8029814392328263
4,AINR,gated,51,1,0,0,0,nan,nan,0.8029814392328263
4,AINR,gated,52,0,1,0,1,66.62000000051194,nan,0.8029814392328263
4,AINR,gated,53,1,0,0,0,nan,nan,0.8029814392328263
4,AINR,gated,54,1,0,0,0,nan,nan,0.8029814392328263
4,AINR,gated,55,0,1,0,1,69.49189999977534,nan,0.8029814392328263
4,AINR,gated,56,1,0,0,0,nan,nan,0.8029814392328263
4,AINR,gated,57,1,0,0,0,nan,nan,0.8029814392328263
4,AINR,gated,58,1,0,0,0,nan,nan,0.8029814392328263
4,AINR,gated,59,0,1,0,1,62.54919999992126,nan,0.8029814392328263
4,AINR,gated,60,0,1,0,1,54.03909999949974,nan,0.8029814392328263
4,AINR,gated,61,0,1,0,1,71.50050000018382,nan,0.8029814392328263
4,AINR,gated,62,0,1,0,1,60.46130000049743,nan,0.8029814392328263
4,AINR,gated,63,0,1,0,1,55.07130000023608,nan,0.8029814392328263
4,AINR,gated,64,0,1,0,1,51.8486999999368,nan,0.8029814392328263
4,AINR,gated,65,0,1,0,1,66.2105999999767,nan,0.8029814392328263
4,AINR,gated,66,0,1,0,1,72.83920000008948,nan,0.8029814392328263
4,AINR,gated,67,0,1,0,1,57.39069999981439,nan,0.8029814392328263
4,AINR,gated,68,0,1,0,1,54.87790000006498,nan,0.8029814392328263
4,AINR,gated,69,0,1,0,1,54.422699999122415,nan,0.8029814392328263
4,AINR,gated,70,0,1,0,1,65.29009999940172,nan,0.8029814392328263
4,AINR,gated,71,0,1,0,1,73.62979999925301,nan,0.8029814392328263
4,AINR,gated,72,0,1,0,1,60.41840000034426,nan,0.8029814392328263
4,AINR,gated,73,0,1,0,1,54.37190000066039,nan,0.8029814392328263
4,AINR,gated,74,0,1,0,1,57.09740000020247,nan,0.8029814392328263
4,AINR,gated,75,1,0,0,0,nan,nan,0.8029814392328263
4,AINR,gated,76,0,1,0,1,51.985899999635876,nan,0.8029814392328263
4,AINR,gated,77,0,1,0,1,59.64730000050622,nan,0.8029814392328263
4,AINR,gated,78,0,1,0,1,70.2688000001217,nan,0.8029814392328263
4,AINR,gated,79,0,1,0,1,60.863400000016554,nan,0.8029814392328263
4,AINR,gated,80,0,1,0,1,60.24430000070424,nan,0.8029814392328263
4,AINR,gated,81,0,1,0,1,79.34949999980745,nan,0.8029814392328263
4,AINR,gated,82,0,1,0,1,70.54869999956281,nan,0.8029814392328263
4,AINR,gated,83,0,1,0,1,63.35029999991093,nan,0.8029814392328263
4,AINR,gated,84,0,1,0,1,60.15469999965717,nan,0.8029814392328263
4,AINR,gated,85,0,1,0,1,59.89159999990079,nan,0.8029814392328263
4,AINR,gated,86,0,1,0,1,74.69859999946493,nan,0.8029814392328263
4,AINR,gated,87,0,1,0,1,62.3648000000685,nan,0.8029814392328263
4,AINR,gated,88,1,0,0,0,nan,nan,0.8029814392328263
4,AINR,gated,89,0,1,0,1,64.22709999969811,nan,0.8029814392328263
4,AINR,gated,90,0,1,0,1,56.84990000008838,nan,0.8029814392328263
4,AINR,gated,91,0,1,0,1,68.2211000003008,nan,0.8029814392328263
4,AINR,gated,92,1,0,0,0,nan,nan,0.8029814392328263
4,AINR,gated,93,0,1,0,1,71.04230000004463,nan,0.8029814392328263
4,AINR,gated,94,1,0,0,0,nan,nan,0.8029814392328263
4,AINR,gated,95,1,0,0,0,nan,nan,0.8029814392328263
4,AINR,gated,96,1,0,0,0,nan,nan,0.8029814392328263
4,AINR,gated,97,0,1,0,1,57.02999999994063,nan,0.8029814392328263
4,AINR,gated,98,0,1,0,1,59.68690000008792,nan,0.8029814392328263
4,AINR,gated,99,0,1,0,1,71.85540000045876,nan,0.8029814392328263
4,AINR,gated,100,0,1,0,1,59.62859999999637,nan,0.8029814392328263
4,AINR,gated,101,0,1,0,1,54.41979999977775,nan,0.8029814392328263
4,AINR,gated,102,0,1,0,1,58.74540000058914,nan,0.8029814392328263
4,AINR,gated,103,0,1,0,1,76.58790000004956,nan,0.8029814392328263
4,AINR,gated,104,0,1,0,1,60.061099999984435,nan,0.8029814392328263
4,AINR,gated,105,0,1,0,1,59.998100000484555,nan,0.8029814392328263
4,AINR,gated,106,0,1,0,1,56.95389999982581,nan,0.8029814392328263
4,AINR,gated,107,0,1,0,1,73.18719999966561,nan,0.8029814392328263
4,AINR,gated,108,0,1,0,1,60.94250000023749,nan,0.8029814392328263
4,AINR,gated,109,0,1,0,1,55.2864999999656,nan,0.8029814392328263
4,AINR,gated,110,0,1,0,1,63.4674000002633,nan,0.8029814392328263
4,AINR,gated,111,0,1,0,1,72.17659999969328,nan,0.8029814392328263
4,AINR,gated,112,0,1,0,1,61.38310000005731,nan,0.8029814392328263
4,AINR,gated,113,0,1,0,1,52.95449999994162,nan,0.8029814392328263
4,AINR,gated,114,0,1,0,1,66.2464999995791,nan,0.8029814392328263
4,AINR,gated,115,0,1,0,1,66.49170000036975,nan,0.8029814392328263
4,AINR,gated,116,0,1,0,1,60.829699999885634,nan,0.8029814392328263
4,AINR,gated,117,0,1,0,1,54.9855999997817,nan,0.8029814392328263
4,AINR,gated,118,0,1,0,1,50.7300999997824,nan,0.8029814392328263
4,AINR,gated,119,0,1,0,1,50.78649999995832,nan,0.8029814392328263
4,AINR,gated,120,0,1,0,1,54.50329999985115,nan,0.8029814392328263
4,AINR,gated,121,0,1,0,1,58.5017000003063,nan,0.8029814392328263
4,AINR,gated,122,0,1,0,1,68.5364999999365,nan,0.8029814392328263
4,AINR,gated,123,0,1,0,1,58.926200000314566,nan,0.8029814392328263
4,AINR,gated,124,0,1,0,1,52.79690000043047,nan,0.8029814392328263
4,AINR,gated,125,0,1,0,1,53.49410000053467,nan,0.8029814392328263
4,AINR,gated,126,0,1,0,1,63.965299999836134,nan,0.8029814392328263
4,AINR,gated,127,0,1,0,1,71.34839999980613,nan,0.8029814392328263
4,AINR,gated,128,0,1,0,1,57.44760000015958,nan,0.8029814392328263
4,AINR,gated,129,0,1,0,1,52.33680000037566,nan,0.8029814392328263
4,AINR,gated,130,0,1,0,1,58.75949999972363,nan,0.8029814392328263
4,AINR,gated,131,0,1,0,1,67.81659999978729,nan,0.8029814392328263
4,AINR,gated,132,0,1,0,1,62.744300000304065,nan,0.8029814392328263
4,AINR,gated,133,0,1,0,1,59.08949999957258,nan,0.8029814392328263
4,AINR,gated,134,0,1,0,1,53.5013999997318,nan,0.8029814392328263
4,AINR,gated,135,0,1,0,1,60.296800000287476,nan,0.8029814392328263
4,AINR,gated,136,0,1,0,1,70.72189999962575,nan,0.8029814392328263
4,AINR,gated,137,0,1,0,1,59.19829999947979,nan,0.8029814392328263
4,AINR,gated,138,0,1,0,1,50.42349999985163,nan,0.8029814392328263
4,AINR,gated,139,0,1,0,1,68.22310000006837,nan,0.8029814392328263
4,AINR,gated,140,0,1,0,1,58.58540000008361,nan,0.8029814392328263
4,AINR,gated,141,0,1,0,1,58.01359999986744,nan,0.8029814392328263
4,AINR,gated,142,0,1,0,1,57.10859999999229,nan,0.8029814392328263
4,AINR,gated,143,0,1,0,1,73.41429999996762,nan,0.8029814392328263
4,AINR,gated,144,1,0,0,0,nan,nan,0.8029814392328263
4,AINR,gated,145,0,1,0,1,63.21650000063528,nan,0.8029814392328263
4,AINR,gated,146,0,1,0,1,71.72780000018975,nan,0.8029814392328263
4,AINR,gated,147,0,1,0,1,64.94149999980436,nan,0.8029814392328263
4,AINR,gated,148,0,1,0,1,71.865699999762,nan,0.8029814392328263
4,AINR,gated,149,0,1,0,1,59.7022999991168,nan,0.8029814392328263
4,AINR,gated,150,0,1,0,1,55.055300000276475,nan,0.8029814392328263
4,AINR,gated,151,0,1,0,1,62.104500000714324,nan,0.8029814392328263
4,AINR,gated,152,0,1,0,1,69.59490000008373,nan,0.8029814392328263
4,AINR,gated,153,1,0,0,0,nan,nan,0.8029814392328263
4,AINR,gated,154,0,1,0,1,65.31389999963721,nan,0.8029814392328263
4,AINR,gated,155,0,1,0,1,70.30369999938557,nan,0.8029814392328263
4,AINR,gated,156,1,0,0,0,nan,nan,0.8029814392328263
4,AINR,gated,157,0,1,0,1,61.530799999673036,nan,0.8029814392328263
4,AINR,gated,158,0,1,0,1,70.5630000002202,nan,0.8029814392328263
4,AINR,gated,159,0,1,0,1,61.61369999972521,nan,0.8029814392328263
4,AINR,gated,160,0,1,0,1,53.07890000040061,nan,0.8029814392328263
4,AINR,gated,161,0,1,0,1,51.3479000001098,nan,0.8029814392328263
4,AINR,gated,162,0,1,0,1,58.84729999979754,nan,0.8029814392328263
4,AINR,gated,163,0,1,0,1,71.86039999942295,nan,0.8029814392328263
4,AINR,gated,164,0,1,0,1,67.49049999962153,nan,0.8029814392328263
4,AINR,gated,165,0,1,0,1,56.43119999967894,nan,0.8029814392328263
4,AINR,gated,166,1,0,0,0,nan,nan,0.8029814392328263
4,AINR,gated,167,0,1,0,1,58.446099999855505,nan,0.8029814392328263
4,AINR,gated,168,0,1,0,1,53.26729999978852,nan,0.8029814392328263
4,AINR,gated,169,0,1,0,1,58.45430000044871,nan,0.8029814392328263
4,AINR,gated,170,0,1,0,1,59.838500000296335,nan,0.8029814392328263
4,AINR,gated,171,0,1,0,1,72.00579999971524,nan,0.8029814392328263
4,AINR,gated,172,0,1,0,1,66.15950000013981,nan,0.8029814392328263
4,AINR,gated,173,0,1,0,1,58.34749999939959,nan,0.8029814392328263
4,AINR,gated,174,0,1,0,1,55.55780000031518,nan,0.8029814392328263
4,AINR,gated,175,0,1,0,1,72.07300000027317,nan,0.8029814392328263
4,AINR,gated,176,0,1,0,1,63.9086999999563,nan,0.8029814392328263
4,AINR,gated,177,0,1,0,1,59.527800000068964,nan,0.8029814392328263
4,AINR,gated,178,0,1,0,1,53.83310000070196,nan,0.8029814392328263
4,AINR,gated,179,0,1,0,1,53.68559999988065,nan,0.8029814392328263
4,AINR,gated,180,0,1,0,1,53.87760000030539,nan,0.8029814392328263
4,AINR,gated,181,0,1,0,1,72.43270000071789,nan,0.8029814392328263
4,AINR,gated,182,0,1,0,1,64.00249999933294,nan,0.8029814392328263
4,AINR,gated,183,0,1,0,1,58.303300000261515,nan,0.8029814392328263
4,AINR,gated,184,0,1,0,1,59.16720000004716,nan,0.8029814392328263
4,AINR,gated,185,0,1,0,1,71.24589999966702,nan,0.8029814392328263
4,AINR,gated,186,0,1,0,1,59.85430000055203,nan,0.8029814392328263
4,AINR,gated,187,0,1,0,1,53.721099999165745,nan,0.8029814392328263
4,AINR,gated,188,0,1,0,1,65.07049999981973,nan,0.8029814392328263
4,AINR,gated,189,0,1,0,1,72.73739999982354,nan,0.8029814392328263
4,AINR,gated,190,1,0,0,0,nan,nan,0.8029814392328263
4,AINR,gated,191,0,1,0,1,68.06830000004993,nan,0.8029814392328263
4,AINR,gated,192,0,1,0,1,58.249200000318524,nan,0.8029814392328263
4,AINR,gated,193,0,1,0,1,53.06289999953151,nan,0.8029814392328263
4,AINR,gated,194,0,1,0,1,54.49880000014673,nan,0.8029814392328263
4,AINR,gated,195,0,1,0,1,59.55850000009377,nan,0.8029814392328263
4,AINR,gated,196,0,1,0,1,70.97720000001573,nan,0.8029814392328263
4,AINR,gated,197,0,1,0,1,57.99349999961123,nan,0.8029814392328263
4,AINR,gated,198,0,1,0,1,54.16239999976824,nan,0.8029814392328263
4,AINR,gated,199,0,1,0,1,51.60059999980149,nan,0.8029814392328263
4,AINR,gated,200,1,0,0,0,nan,nan,0.8029814392328263
4,AINR,gated,201,0,1,0,1,53.721999999652326,nan,0.8029814392328263
4,AINR,gated,202,0,1,0,1,51.722700000027544,nan,0.8029814392328263
4,AINR,gated,203,0,1,0,1,67.71000000026106,nan,0.8029814392328263
4,AINR,gated,204,0,1,0,1,65.89520000034099,nan,0.8029814392328263
4,AINR,gated,205,0,1,0,1,57.62050000066665,nan,0.8029814392328263
4,AINR,gated,206,0,1,0,1,54.152899999280635,nan,0.8029814392328263
4,AINR,gated,207,0,1,0,1,74.84850000037113,nan,0.8029814392328263
4,AINR,gated,208,0,1,0,1,57.95799999941664,nan,0.8029814392328263
4,AINR,gated,209,0,1,0,1,56.387399999948684,nan,0.8029814392328263
4,AINR,gated,210,0,1,0,1,55.00000000029104,nan,0.8029814392328263
4,AINR,gated,211,0,1,0,1,68.01630000063597,nan,0.8029814392328263
4,AINR,gated,212,0,1,0,1,64.81330000042362,nan,0.8029814392328263
4,AINR,gated,213,0,1,0,1,57.76220000007015,nan,0.8029814392328263
4,AINR,gated,214,0,1,0,1,60.241099999984726,nan,0.8029814392328263
4,AINR,gated,215,0,1,0,1,76.38930000030086,nan,0.8029814392328263
4,AINR,gated,216,0,1,0,1,55.84350000026461,nan,0.8029814392328263
4,AINR,gated,217,0,1,0,1,67.818299999999,nan,0.8029814392328263
4,AINR,gated,218,0,1,0,1,65.28090000028897,nan,0.8029814392328263
4,AINR,gated,219,0,1,0,1,57.761300000493065,nan,0.8029814392328263
4,AINR,gated,220,0,1,0,1,75.98670000061247,nan,0.8029814392328263
4,AINR,gated,221,0,1,0,1,69.15290000051755,nan,0.8029814392328263
4,AINR,gated,222,0,1,0,1,59.21349999971426,nan,0.8029814392328263
4,AINR,gated,223,0,1,0,1,54.33220000031724,nan,0.8029814392328263
4,AINR,gated,224,0,1,0,1,64.41710000035528,nan,0.8029814392328263
4,AINR,gated,225,0,1,0,1,74.91089999984979,nan,0.8029814392328263
4,AINR,gated,226,0,1,0,1,59.452699999383185,nan,0.8029814392328263
4,AINR,gated,227,0,1,0,1,57.410600000366685,nan,0.8029814392328263
4,AINR,gated,228,0,1,0,1,69.33930000013788,nan,0.8029814392328263
4,AINR,gated,229,0,1,0,1,63.775100000384555,nan,0.8029814392328263
4,AINR,gated,230,0,1,0,1,54.972900000393565,nan,0.8029814392328263
4,AINR,gated,231,0,1,0,1,58.88090000007651,nan,0.8029814392328263
4,AINR,gated,232,0,1,0,1,60.30559999999241,nan,0.8029814392328263
4,AINR,gated,233,0,1,0,1,70.22830000005342,nan,0.8029814392328263
4,AINR,gated,234,0,1,0,1,59.14610000036191,nan,0.8029814392328263
4,AINR,gated,235,0,1,0,1,54.2953000003763,nan,0.8029814392328263
4,AINR,gated,236,0,1,0,1,60.25740000040969,nan,0.8029814392328263
4,AINR,gated,237,0,1,0,1,70.1798999998573,nan,0.8029814392328263
4,AINR,gated,238,0,1,0,1,66.56229999953212,nan,0.8029814392328263
4,AINR,gated,239,0,1,0,1,59.39380000017991,nan,0.8029814392328263
4,AINR,gated,240,0,1,0,1,57.80510000022332,nan,0.8029814392328263
4,AINR,gated,241,0,1,0,1,59.520599999814294,nan,0.8029814392328263
4,AINR,gated,242,0,1,0,1,74.35429999986809,nan,0.8029814392328263
4,AINR,gated,243,0,1,0,1,59.1457000000446,nan,0.8029814392328263
4,AINR,gated,244,0,1,0,1,53.64409999947384,nan,0.8029814392328263
4,AINR,gated,245,0,1,0,1,51.812900000186346,nan,0.8029814392328263
4,AINR,gated,246,0,1,0,1,62.69160000010743,nan,0.8029814392328263
4,AINR,gated,247,0,1,0,1,71.50060000003577,nan,0.8029814392328263
4,AINR,gated,248,0,1,0,1,57.39050000011048,nan,0.8029814392328263
4,AINR,gated,249,0,1,0,1,56.22579999999289,nan,0.8029814392328263
4,AINR,gated,250,0,1,0,1,50.627800000256684,nan,0.8029814392328263
4,AINR,gated,251,0,1,0,1,61.662799999794515,nan,0.8029814392328263
4,AINR,gated,252,0,1,0,1,71.35529999959545,nan,0.8029814392328263
4,AINR,gated,253,0,1,0,1,58.54469999940193,nan,0.8029814392328263
4,AINR,gated,254,0,1,0,1,58.36749999980384,nan,0.8029814392328263
4,AINR,gated,255,1,0,0,0,nan,nan,0.8029814392328263
4,AINR,gated,256,0,1,0,1,59.61829999978363,nan,0.8029814392328263
4,AINR,gated,257,0,1,0,1,53.85959999966872,nan,0.8029814392328263
4,AINR,gated,258,0,1,0,1,63.91760000042268,nan,0.8029814392328263
4,AINR,gated,259,0,1,0,1,69.16530000034982,nan,0.8029814392328263
4,AINR,gated,260,0,1,0,1,59.82419999963895,nan,0.8029814392328263
4,AINR,gated,261,1,0,0,0,nan,nan,0.8029814392328263
4,AINR,gated,262,0,1,0,1,62.22090000028402,nan,0.8029814392328263
4,AINR,gated,263,0,1,0,1,58.37630000041827,nan,0.8029814392328263
4,AINR,gated,264,0,1,0,1,59.05559999973775,nan,0.8029814392328263
4,AINR,gated,265,0,1,0,1,71.26479999988078,nan,0.8029814392328263
4,AINR,gated,266,0,1,0,1,64.5236999998815,nan,0.8029814392328263
4,AINR,gated,267,0,1,0,1,58.34520000007615,nan,0.8029814392328263
4,AINR,gated,268,0,1,0,1,53.18420000003243,nan,0.8029814392328263
4,AINR,gated,269,0,1,0,1,52.131300000837655,nan,0.8029814392328263
4,AINR,gated,270,0,1,0,1,67.51020000046992,nan,0.8029814392328263
4,AINR,gated,271,0,1,0,1,68.12619999982417,nan,0.8029814392328263
4,AINR,gated,272,0,1,0,1,59.39959999977873,nan,0.8029814392328263
4,AINR,gated,273,0,1,0,1,54.1203000002497,nan,0.8029814392328263
4,AINR,gated,274,0,1,0,1,65.89090000034048,nan,0.8029814392328263
4,AINR,gated,275,0,1,0,1,65.57180000072549,nan,0.8029814392328263
4,AINR,gated,276,0,1,0,1,61.140400000113004,nan,0.8029814392328263
4,AINR,gated,277,0,1,0,1,57.19020000015007,nan,0.8029814392328263
4,AINR,gated,278,0,1,0,1,51.525500000025204,nan,0.8029814392328263
4,AINR,gated,279,0,1,0,1,67.09829999999783,nan,0.8029814392328263
4,AINR,gated,280,0,1,0,1,65.96300000001065,nan,0.8029814392328263
4,AINR,gated,281,0,1,0,1,55.95480000010866,nan,0.8029814392328263
4,AINR,gated,282,0,1,0,1,58.92480000056821,nan,0.8029814392328263
4,AINR,gated,283,0,1,0,1,52.45849999937491,nan,0.8029814392328263
4,AINR,gated,284,0,1,0,1,52.92989999998099,nan,0.8029814392328263
4,AINR,gated,285,0,1,0,1,62.52279999989696,nan,0.8029814392328263
4,AINR,gated,286,0,1,0,1,66.92979999934323,nan,0.8029814392328263
4,AINR,gated,287,0,1,0,1,60.72920000042359,nan,0.8029814392328263
4,AINR,gated,288,0,1,0,1,58.400100000653765,nan,0.8029814392328263
4,AINR,gated,289,0,1,0,1,72.95579999936308,nan,0.8029814392328263
4,AINR,gated,290,0,1,0,1,58.550199999444885,nan,0.8029814392328263
4,AINR,gated,291,0,1,0,1,56.04420000054233,nan,0.8029814392328263
4,AINR,gated,292,0,1,0,1,60.757700000067416,nan,0.8029814392328263
4,AINR,gated,293,0,1,0,1,73.96909999988566,nan,0.8029814392328263
4,AINR,gated,294,0,1,0,1,60.89400000018941,nan,0.8029814392328263
4,AINR,gated,295,0,1,0,1,57.506199999806995,nan,0.8029814392328263
4,AINR,gated,296,0,1,0,1,50.83680000007007,nan,0.8029814392328263
4,AINR,gated,297,0,1,0,1,61.24169999930018,nan,0.8029814392328263
4,AINR,gated,298,0,1,0,1,73.71839999996155,nan,0.8029814392328263
4,AINR,gated,299,0,1,0,1,69.7559000000183,nan,0.8029814392328263
4,AINR,gated,300,0,1,0,1,61.705000000074506,nan,0.8029814392328263
4,AINR,gated,301,0,1,0,1,72.19359999999142,nan,0.8029814392328263
4,AINR,gated,302,0,1,0,1,69.02290000016365,nan,0.8029814392328263
4,AINR,gated,303,0,1,0,1,56.232400000226335,nan,0.8029814392328263
4,AINR,gated,304,0,1,0,1,70.00089999928605,nan,0.8029814392328263
4,AINR,gated,305,0,1,0,1,63.802900000155205,nan,0.8029814392328263
4,AINR,gated,306,0,1,0,1,58.31489999945916,nan,0.8029814392328263
4,AINR,gated,307,0,1,0,1,56.49929999981396,nan,0.8029814392328263
4,AINR,gated,308,0,1,0,1,73.18209999993996,nan,0.8029814392328263
4,AINR,gated,309,0,1,0,1,59.91919999996753,nan,0.8029814392328263
4,AINR,gated,310,0,1,0,1,53.31399999977293,nan,0.8029814392328263
4,AINR,gated,311,0,1,0,1,53.27990000023419,nan,0.8029814392328263
4,AINR,gated,312,0,1,0,1,61.50999999954365,nan,0.8029814392328263
4,AINR,gated,313,0,1,0,1,74.63050000023941,nan,0.8029814392328263
4,AINR,gated,314,0,1,0,1,59.15430000004562,nan,0.8029814392328263
4,AINR,gated,315,0,1,0,1,53.84849999973085,nan,0.8029814392328263
4,AINR,gated,316,0,1,0,1,59.3842999996923,nan,0.8029814392328263
4,AINR,gated,317,0,1,0,1,72.9178999999931,nan,0.8029814392328263
4,AINR,gated,318,0,1,0,1,61.00590000005468,nan,0.8029814392328263
4,AINR,gated,319,0,1,0,1,58.988400000089314,nan,0.8029814392328263
4,AINR,gated,320,0,1,0,1,58.91840000003867,nan,0.8029814392328263
4,AINR,gated,321,1,0,0,0,nan,nan,0.8029814392328263
4,AINR,gated,322,1,0,0,0,nan,nan,0.8029814392328263
4,AINR,gated,323,0,1,0,1,58.517200000096636,nan,0.8029814392328263
4,AINR,gated,324,0,1,0,1,51.80079999990994,nan,0.8029814392328263
4,AINR,gated,325,0,1,0,1,64.91970000024594,nan,0.8029814392328263
4,AINR,gated,326,0,1,0,1,70.07560000056401,nan,0.8029814392328263
4,AINR,gated,327,0,1,0,1,63.44319999971049,nan,0.8029814392328263
4,AINR,gated,328,0,1,0,1,61.06230000023061,nan,0.8029814392328263
4,AINR,gated,329,0,1,0,1,55.13100000007398,nan,0.8029814392328263
4,AINR,gated,330,0,1,0,1,72.16109999990294,nan,0.8029814392328263
4,AINR,gated,331,0,1,0,1,60.678099999677215,nan,0.8029814392328263
4,AINR,gated,332,0,1,0,1,59.68800000027841,nan,0.8029814392328263
4,AINR,gated,333,0,1,0,1,57.727499999600695,nan,0.8029814392328263
4,AINR,gated,334,0,1,0,1,72.49740000042948,nan,0.8029814392328263
4,AINR,gated,335,0,1,0,1,61.68889999935345,nan,0.8029814392328263
4,AINR,gated,336,0,1,0,1,54.984200000035344,nan,0.8029814392328263
4,AINR,gated,337,0,1,0,1,75.09770000069693,nan,0.8029814392328263
4,AINR,gated,338,0,1,0,1,60.196400000677386,nan,0.8029814392328263
4,AINR,gated,339,0,1,0,1,55.151800000203366,nan,0.8029814392328263
4,AINR,gated,340,0,1,0,1,66.2200999995548,nan,0.8029814392328263
4,AINR,gated,341,0,1,0,1,70.26930000029097,nan,0.8029814392328263
4,AINR,gated,342,0,1,0,1,61.86969999998837,nan,0.8029814392328263
4,AINR,gated,343,0,1,0,1,57.788199999777135,nan,0.8029814392328263
4,AINR,gated,344,0,1,0,1,53.372200000012526,nan,0.8029814392328263
4,AINR,gated,345,0,1,0,1,68.61440000011498,nan,0.8029814392328263
4,AINR,gated,346,0,1,0,1,72.31750000028114,nan,0.8029814392328263
4,AINR,gated,347,0,1,0,1,60.12060000011843,nan,0.8029814392328263
4,AINR,gated,348,0,1,0,1,63.99340000007214,nan,0.8029814392328263
4,AINR,gated,349,0,1,0,1,62.81130000024859,nan,0.8029814392328263
4,AINR,gated,350,0,1,0,1,66.93369999993593,nan,0.8029814392328263
4,AINR,gated,351,0,1,0,1,61.942500000441214,nan,0.8029814392328263
4,AINR,gated,352,0,1,0,1,53.332899999986694,nan,0.8029814392328263
4,AINR,gated,353,0,1,0,1,60.31970000003639,nan,0.8029814392328263
4,AINR,gated,354,0,1,0,1,72.37520000035147,nan,0.8029814392328263
4,AINR,gated,355,0,1,0,1,61.91630000012083,nan,0.8029814392328263
4,AINR,gated,356,0,1,0,1,58.07719999938854,nan,0.8029814392328263
4,AINR,gated,357,0,1,0,1,51.86639999919862,nan,0.8029814392328263
4,AINR,gated,358,0,1,0,1,58.823599999414,nan,0.8029814392328263
4,AINR,gated,359,0,1,0,1,71.70480000058888,nan,0.8029814392328263
4,AINR,gated,360,0,1,0,1,59.269700000186276,nan,0.8029814392328263
4,AINR,gated,361,0,1,0,1,50.836700000218116,nan,0.8029814392328263
4,AINR,gated,362,0,1,0,1,68.58660000034433,nan,0.8029814392328263
4,AINR,gated,363,0,1,0,1,64.8879999998826,nan,0.8029814392328263
4,AINR,gated,364,0,1,0,1,58.46250000013242,nan,0.8029814392328263
4,AINR,gated,365,0,1,0,1,59.56589999914286,nan,0.8029814392328263
4,AINR,gated,366,0,1,0,1,58.75830000059068,nan,0.8029814392328263
4,AINR,gated,367,0,1,0,1,71.62380000045232,nan,0.8029814392328263
4,AINR,gated,368,0,1,0,1,60.678400000142574,nan,0.8029814392328263
4,AINR,gated,369,0,1,0,1,58.747100000800856,nan,0.8029814392328263
4,AINR,gated,370,0,1,0,1,55.94849999943108,nan,0.8029814392328263
4,AINR,gated,371,0,1,0,1,63.00860000010289,nan,0.8029814392328263
4,AINR,gated,372,0,1,0,1,70.59079999999085,nan,0.8029814392328263
4,AINR,gated,373,1,0,0,0,nan,nan,0.8029814392328263
4,AINR,gated,374,0,1,0,1,69.27319999977044,nan,0.8029814392328263
4,AINR,gated,375,0,1,0,1,59.007600000768434,nan,0.8029814392328263
4,AINR,gated,376,0,1,0,1,55.643099999542756,nan,0.8029814392328263
4,AINR,gated,377,0,1,0,1,58.093900000130816,nan,0.8029814392328263
4,AINR,gated,378,0,1,0,1,60.17049999991286,nan,0.8029814392328263
4,AINR,gated,379,0,1,0,1,69.87800000024436,nan,0.8029814392328263
4,AINR,gated,380,0,1,0,1,58.0764000005729,nan,0.8029814392328263
4,AINR,gated,381,1,0,0,0,nan,nan,0.8029814392328263
4,AINR,gated,382,0,1,0,1,57.49130000003788,nan,0.8029814392328263
4,AINR,gated,383,0,1,0,1,55.26649999956135,nan,0.8029814392328263
4,AINR,gated,384,0,1,0,1,59.90849999943748,nan,0.8029814392328263
4,AINR,gated,385,0,1,0,1,64.35979999969277,nan,0.8029814392328263
4,AINR,gated,386,0,1,0,1,57.89349999940896,nan,0.8029814392328263
4,AINR,gated,387,0,1,0,1,53.70210000000952,nan,0.8029814392328263
4,AINR,gated,388,0,1,0,1,54.072099999757484,nan,0.8029814392328263
4,AINR,gated,389,0,1,0,1,69.79839999985415,nan,0.8029814392328263
4,AINR,gated,390,0,1,0,1,61.757399999805784,nan,0.8029814392328263
4,AINR,gated,391,0,1,0,1,62.01920000057726,nan,0.8029814392328263
4,AINR,gated,392,0,1,0,1,60.28079999941838,nan,0.8029814392328263
4,AINR,gated,393,0,1,0,1,68.70680000065477,nan,0.8029814392328263
4,AINR,gated,394,0,1,0,1,59.9158000004536,nan,0.8029814392328263
4,AINR,gated,395,0,1,0,1,53.46300000019255,nan,0.8029814392328263
4,AINR,gated,396,0,1,0,1,71.45240000045305,nan,0.8029814392328263
4,AINR,gated,397,0,1,0,1,67.75980000020354,nan,0.8029814392328263
4,AINR,gated,398,0,1,0,1,57.2161000000051,nan,0.8029814392328263
4,AINR,gated,399,0,1,0,1,53.98280000008526,nan,0.8029814392328263
4,AINR,gated,400,0,1,0,1,60.72089999997843,nan,0.8029814392328263
4,AINR,gated,401,0,1,0,1,71.589899999708,nan,0.8029814392328263
4,AINR,gated,402,0,1,0,1,61.86820000039006,nan,0.8029814392328263
4,AINR,gated,403,0,1,0,1,55.75129999942874,nan,0.8029814392328263
4,AINR,gated,404,0,1,0,1,55.07880000004661,nan,0.8029814392328263
4,AINR,gated,405,0,1,0,1,65.64629999957106,nan,0.8029814392328263
4,AINR,gated,406,0,1,0,1,71.53890000063257,nan,0.8029814392328263
4,AINR,gated,407,0,1,0,1,60.80079999992449,nan,0.8029814392328263
4,AINR,gated,408,0,1,0,1,53.197199999885925,nan,0.8029814392328263
4,AINR,gated,409,0,1,0,1,61.87820000013744,nan,0.8029814392328263
4,AINR,gated,410,0,1,0,1,71.41330000013113,nan,0.8029814392328263
4,AINR,gated,411,0,1,0,1,64.70770000032644,nan,0.8029814392328263
4,AINR,gated,412,0,1,0,1,61.52080000083515,nan,0.8029814392328263
4,AINR,gated,413,0,1,0,1,61.62459999995917,nan,0.8029814392328263
4,AINR,gated,414,0,1,0,1,73.56519999939337,nan,0.8029814392328263
4,AINR,gated,415,0,1,0,1,58.64629999996396,nan,0.8029814392328263
4,AINR,gated,416,0,1,0,1,53.37059999965277,nan,0.8029814392328263
4,AINR,gated,417,0,1,0,1,63.901200000145764,nan,0.8029814392328263
4,AINR,gated,418,0,1,0,1,71.28360000024259,nan,0.8029814392328263
4,AINR,gated,419,0,1,0,1,57.94479999985924,nan,0.8029814392328263
4,AINR,gated,420,0,1,0,1,56.9697000000815,nan,0.8029814392328263
4,AINR,gated,421,0,1,0,1,51.66280000048573,nan,0.8029814392328263
4,AINR,gated,422,0,1,0,1,68.99410000005446,nan,0.8029814392328263
4,AINR,gated,423,0,1,0,1,65.59910000032687,nan,0.8029814392328263
4,AINR,gated,424,0,1,0,1,56.63469999944937,nan,0.8029814392328263
4,AINR,gated,425,0,1,0,1,62.37139999939245,nan,0.8029814392328263
4,AINR,gated,426,0,1,0,1,73.84629999978642,nan,0.8029814392328263
4,AINR,gated,427,0,1,0,1,66.4768999995431,nan,0.8029814392328263
4,AINR,gated,428,0,1,0,1,58.57110000033572,nan,0.8029814392328263
4,AINR,gated,429,0,1,0,1,62.882100000024366,nan,0.8029814392328263
4,AINR,gated,430,0,1,0,1,59.93259999922884,nan,0.8029814392328263
4,AINR,gated,431,0,1,0,1,71.63959999979852,nan,0.8029814392328263
4,AINR,gated,432,0,1,0,1,62.15249999968364,nan,0.8029814392328263
4,AINR,gated,433,0,1,0,1,56.84930000006716,nan,0.8029814392328263
4,AINR,gated,434,0,1,0,1,62.283600000228034,nan,0.8029814392328263
4,AINR,gated,435,0,1,0,1,71.71409999955358,nan,0.8029814392328263
4,AINR,gated,436,0,1,0,1,61.07849999989412,nan,0.8029814392328263
4,AINR,gated,437,0,1,0,1,54.75709999973333,nan,0.8029814392328263
4,AINR,gated,438,0,1,0,1,51.9771999997829,nan,0.8029814392328263
4,AINR,gated,439,0,1,0,1,51.260300000649295,nan,0.8029814392328263
4,AINR,gated,440,0,1,0,1,61.94759999925736,nan,0.8029814392328263
4,AINR,gated,441,0,1,0,1,73.76949999979843,nan,0.8029814392328263
4,AINR,gated,442,0,1,0,1,61.029899999994086,nan,0.8029814392328263
4,AINR,gated,443,0,1,0,1,52.75350000010803,nan,0.8029814392328263
4,AINR,gated,444,0,1,0,1,66.51349999992817,nan,0.8029814392328263
4,AINR,gated,445,0,1,0,1,70.17429999996239,nan,0.8029814392328263
4,AINR,gated,446,0,1,0,1,58.55909999991127,nan,0.8029814392328263
4,AINR,gated,447,0,1,0,1,51.110000000335276,nan,0.8029814392328263
4,AINR,gated,448,0,1,0,1,56.42679999982647,nan,0.8029814392328263
4,AINR,gated,449,0,1,0,1,73.62669999929494,nan,0.8029814392328263
4,AINR,gated,450,0,1,0,1,60.296800000287476,nan,0.8029814392328263
4,AINR,gated,451,0,1,0,1,56.144099999983155,nan,0.8029814392328263
4,AINR,gated,452,0,1,0,1,52.76499999945372,nan,0.8029814392328263
4,AINR,gated,453,0,1,0,1,67.71559999924648,nan,0.8029814392328263
4,AINR,gated,454,0,1,0,1,68.5713000002579,nan,0.8029814392328263
4,AINR,gated,455,0,1,0,1,57.54170000000158,nan,0.8029814392328263
4,AINR,gated,456,0,1,0,1,54.13689999932103,nan,0.8029814392328263
4,AINR,gated,457,0,1,0,1,53.05450000014389,nan,0.8029814392328263
4,AINR,gated,458,0,1,0,1,68.39659999968717,nan,0.8029814392328263
4,AINR,gated,459,0,1,0,1,61.361800000668154,nan,0.8029814392328263
4,AINR,gated,460,0,1,0,1,57.30440000024828,nan,0.8029814392328263
4,AINR,gated,461,0,1,0,1,53.0257000000347,nan,0.8029814392328263
4,AINR,gated,462,0,1,0,1,65.56499999987864,nan,0.8029814392328263
4,AINR,gated,463,0,1,0,1,72.6702000001751,nan,0.8029814392328263
4,AINR,gated,464,0,1,0,1,59.75320000015927,nan,0.8029814392328263
4,AINR,gated,465,0,1,0,1,57.20169999949576,nan,0.8029814392328263
4,AINR,gated,466,0,1,0,1,55.373099999997066,nan,0.8029814392328263
4,AINR,gated,467,1,0,0,0,nan,nan,0.8029814392328263
4,AINR,gated,468,0,1,0,1,52.80099999981758,nan,0.8029814392328263
4,AINR,gated,469,0,1,0,1,60.908000000381435,nan,0.8029814392328263
4,AINR,gated,470,0,1,0,1,70.87270000010903,nan,0.8029814392328263
4,AINR,gated,471,0,1,0,1,60.46489999971527,nan,0.8029814392328263
4,AINR,gated,472,0,1,0,1,52.442299999711395,nan,0.8029814392328263
4,AINR,gated,473,0,1,0,1,54.876299999705225,nan,0.8029814392328263
4,AINR,gated,474,0,1,0,1,62.83439999970142,nan,0.8029814392328263
4,AINR,gated,475,0,1,0,1,73.64369999959308,nan,0.8029814392328263
4,AINR,gated,476,0,1,0,1,57.590800000070885,nan,0.8029814392328263
4,AINR,gated,477,0,1,0,1,56.388199999673816,nan,0.8029814392328263
4,AINR,gated,478,0,1,0,1,55.97789999956149,nan,0.8029814392328263
4,AINR,gated,479,0,1,0,1,58.49350000062259,nan,0.8029814392328263
4,AINR,gated,480,0,1,0,1,68.52840000010474,nan,0.8029814392328263
4,AINR,gated,481,0,1,0,1,63.76260000070033,nan,0.8029814392328263
4,AINR,gated,482,0,1,0,1,57.794100000137405,nan,0.8029814392328263
4,AINR,gated,483,0,1,0,1,55.604199999834236,nan,0.8029814392328263
4,AINR,gated,484,0,1,0,1,60.28980000064621,nan,0.8029814392328263
4,AINR,gated,485,0,1,0,1,71.88640000003943,nan,0.8029814392328263
4,AINR,gated,486,0,1,0,1,60.41910000021744,nan,0.8029814392328263
4,AINR,gated,487,0,1,0,1,66.31509999988339,nan,0.8029814392328263
4,AINR,gated,488,0,1,0,1,70.08870000026945,nan,0.8029814392328263
4,AINR,gated,489,0,1,0,1,67.72339999952237,nan,0.8029814392328263
4,AINR,gated,490,0,1,0,1,77.70609999988665,nan,0.8029814392328263
4,AINR,gated,491,0,1,0,1,60.13489999986632,nan,0.8029814392328263
4,AINR,gated,492,0,1,0,1,69.49900000017806,nan,0.8029814392328263
4,AINR,gated,493,0,1,0,1,57.72049999995943,nan,0.8029814392328263
4,AINR,gated,494,0,1,0,1,53.02320000009786,nan,0.8029814392328263
4,AINR,gated,495,0,1,0,1,60.213800000383344,nan,0.8029814392328263
4,AINR,gated,496,0,1,0,1,66.83610000072804,nan,0.8029814392328263
4,AINR,gated,497,0,1,0,1,65.09249999999156,nan,0.8029814392328263
4,AINR,gated,498,0,1,0,1,57.44600000070932,nan,0.8029814392328263
4,AINR,gated,499,0,1,0,1,56.56660000022384,nan,0.8029814392328263
4,AINR,gated,500,0,1,0,1,52.103600000009465,nan,0.8029814392328263
4,AINR,gated,501,0,1,0,1,61.78069999987201,nan,0.8029814392328263
4,AINR,gated,502,0,1,0,1,65.8476000007795,nan,0.8029814392328263
4,AINR,gated,503,0,1,0,1,63.13820000013948,nan,0.8029814392328263
4,AINR,gated,504,0,1,0,1,62.59750000026543,nan,0.8029814392328263
4,AINR,gated,505,0,1,0,1,67.24870000016381,nan,0.8029814392328263
4,AINR,gated,506,0,1,0,1,63.37299999995594,nan,0.8029814392328263
4,AINR,gated,507,0,1,0,1,57.3859000005541,nan,0.8029814392328263
4,AINR,gated,508,0,1,0,1,62.96329999986483,nan,0.8029814392328263
4,AINR,gated,509,0,1,0,1,75.35449999977573,nan,0.8029814392328263
4,AINR,gated,510,0,1,0,1,60.160699999869394,nan,0.8029814392328263
4,AINR,gated,511,0,1,0,1,53.369999999631546,nan,0.8029814392328263
4,AINR,gated,512,0,1,0,1,63.06739999945421,nan,0.8029814392328263
4,AINR,gated,513,0,1,0,1,73.38340000023891,nan,0.8029814392328263
4,AINR,gated,514,0,1,0,1,57.062500000029104,nan,0.8029814392328263
4,AINR,gated,515,0,1,0,1,56.16950000057841,nan,0.8029814392328263
4,AINR,gated,516,0,1,0,1,50.81450000034238,nan,0.8029814392328263
4,AINR,gated,517,0,1,0,1,60.23219999951834,nan,0.8029814392328263
4,AINR,gated,518,0,1,0,1,74.03250000061234,nan,0.8029814392328263
4,AINR,gated,519,0,1,0,1,63.04970000019239,nan,0.8029814392328263
4,AINR,gated,520,0,1,0,1,59.75440000020171,nan,0.8029814392328263
4,AINR,gated,521,0,1,0,1,55.0825000000259,nan,0.8029814392328263
4,AINR,gated,522,0,1,0,1,51.47080000006099,nan,0.8029814392328263
4,AINR,gated,523,0,1,0,1,66.12630000017816,nan,0.8029814392328263
4,AINR,gated,524,0,1,0,1,70.57830000030663,nan,0.8029814392328263
4,AINR,gated,525,0,1,0,1,58.75980000018899,nan,0.8029814392328263
4,AINR,gated,526,0,1,0,1,55.13220000011643,nan,0.8029814392328263
4,AINR,gated,527,0,1,0,1,62.46850000025006,nan,0.8029814392328263
4,AINR,gated,528,0,1,0,1,72.08840000021155,nan,0.8029814392328263
4,AINR,gated,529,0,1,0,1,59.981600000355684,nan,0.8029814392328263
4,AINR,gated,530,0,1,0,1,57.28590000035183,nan,0.8029814392328263
4,AINR,gated,531,0,1,0,1,53.824900000108755,nan,0.8029814392328263
4,AINR,gated,532,0,1,0,1,66.77380000019184,nan,0.8029814392328263
4,AINR,gated,533,0,1,0,1,67.0073000001139,nan,0.8029814392328263
4,AINR,gated,534,0,1,0,1,59.2834999997649,nan,0.8029814392328263
4,AINR,gated,535,0,1,0,1,57.37310000040452,nan,0.8029814392328263
4,AINR,gated,536,0,1,0,1,63.50910000037402,nan,0.8029814392328263
4,AINR,gated,537,0,1,0,1,72.43779999953404,nan,0.8029814392328263
4,AINR,gated,538,0,1,0,1,60.04500000017288,nan,0.8029814392328263
4,AINR,gated,539,0,1,0,1,56.837199999790755,nan,0.8029814392328263
4,AINR,gated,540,0,1,0,1,55.95590000029915,nan,0.8029814392328263
4,AINR,gated,541,0,1,0,1,74.82129999971221,nan,0.8029814392328263
4,AINR,gated,542,0,1,0,1,59.914800000115065,nan,0.8029814392328263
4,AINR,gated,543,0,1,0,1,56.636600000274484,nan,0.8029814392328263
4,AINR,gated,544,0,1,0,1,60.71429999974498,nan,0.8029814392328263
4,AINR,gated,545,0,1,0,1,73.00409999970725,nan,0.8029814392328263
4,AINR,gated,546,0,1,0,1,59.798500000397325,nan,0.8029814392328263
4,AINR,gated,547,0,1,0,1,54.904200000237324,nan,0.8029814392328263
4,AINR,gated,548,0,1,0,1,70.91870000022027,nan,0.8029814392328263
4,AINR,gated,549,0,1,0,1,68.98270000056073,nan,0.8029814392328263
4,AINR,gated,550,0,1,0,1,59.13020000025426,nan,0.8029814392328263
4,AINR,gated,551,0,1,0,1,54.502599999977974,nan,0.8029814392328263
4,AINR,gated,552,0,1,0,1,64.43639999997686,nan,0.8029814392328263
4,AINR,gated,553,0,1,0,1,69.20420000005834,nan,0.8029814392328263
4,AINR,gated,554,0,1,0,1,59.734800000114774,nan,0.8029814392328263
4,AINR,gated,555,0,1,0,1,54.43019999984244,nan,0.8029814392328263
4,AINR,gated,556,0,1,0,1,55.10159999994357,nan,0.8029814392328263
4,AINR,gated,557,0,1,0,1,72.21600000048056,nan,0.8029814392328263
4,AINR,gated,558,0,1,0,1,54.5670000001337,nan,0.8029814392328263
4,AINR,gated,559,0,1,0,1,52.715599999828555,nan,0.8029814392328263
4,AINR,gated,560,0,1,0,1,51.448100000015984,nan,0.8029814392328263
4,AINR,gated,561,0,1,0,1,59.57369999941875,nan,0.8029814392328263
4,AINR,gated,562,0,1,0,1,68.80189999992581,nan,0.8029814392328263
4,AINR,gated,563,0,1,0,1,59.972799999741255,nan,0.8029814392328263
4,AINR,gated,564,0,1,0,1,53.521200000432145,nan,0.8029814392328263
4,AINR,gated,565,0,1,0,1,49.460599999292754,nan,0.8029814392328263
4,AINR,gated,566,0,1,0,1,68.31360000069253,nan,0.8029814392328263
4,AINR,gated,567,0,1,0,1,274.12980000008247,nan,0.8029814392328263
4,AINR,gated,568,0,1,0,1,60.6285999992906,nan,0.8029814392328263
4,AINR,gated,569,0,1,0,1,50.05609999989247,nan,0.8029814392328263
4,AINR,gated,570,0,1,0,1,63.81309999960649,nan,0.8029814392328263
4,AINR,gated,571,0,1,0,1,63.052800000150455,nan,0.8029814392328263
4,AINR,gated,572,0,1,0,1,53.756900000735186,nan,0.8029814392328263
4,AINR,gated,573,0,1,0,1,49.825899999632384,nan,0.8029814392328263
4,AINR,gated,574,1,0,0,0,nan,nan,0.8029814392328263
4,AINR,gated,575,0,1,0,1,50.91939999965689,nan,0.8029814392328263
4,AINR,gated,576,0,1,0,1,70.24439999986498,nan,0.8029814392328263
4,AINR,gated,577,0,1,0,1,57.63920000026701,nan,0.8029814392328263
4,AINR,gated,578,0,1,0,1,65.20269999964512,nan,0.8029814392328263
4,AINR,gated,579,0,1,0,1,55.70669999997335,nan,0.8029814392328263
4,AINR,gated,580,0,1,0,1,63.786800000343646,nan,0.8029814392328263
4,AINR,gated,581,0,1,0,1,78.95490000009886,nan,0.8029814392328263
4,AINR,gated,582,0,1,0,1,61.64560000070196,nan,0.8029814392328263
4,AINR,gated,583,0,1,0,1,57.30100000073435,nan,0.8029814392328263
4,AINR,gated,584,0,1,0,1,66.82850000015605,nan,0.8029814392328263
4,AINR,gated,585,0,1,0,1,75.74810000005527,nan,0.8029814392328263
4,AINR,gated,586,0,1,0,1,56.07570000029227,nan,0.8029814392328263
4,AINR,gated,587,0,1,0,1,55.44559999998455,nan,0.8029814392328263
4,AINR,gated,588,0,1,0,1,49.52250000042113,nan,0.8029814392328263
4,AINR,gated,589,0,1,0,1,59.1973999999027,nan,0.8029814392328263
4,AINR,gated,590,0,1,0,1,65.9429999996064,nan,0.8029814392328263
4,AINR,gated,591,0,1,0,1,56.132099999558704,nan,0.8029814392328263
4,AINR,gated,592,0,1,0,1,49.745899999834364,nan,0.8029814392328263
4,AINR,gated,593,0,1,0,1,61.73750000016298,nan,0.8029814392328263
4,AINR,gated,594,0,1,0,1,65.35629999962111,nan,0.8029814392328263
4,AINR,gated,595,0,1,0,1,58.91740000060963,nan,0.8029814392328263
4,AINR,gated,596,0,1,0,1,50.151099999311555,nan,0.8029814392328263
4,AINR,gated,597,0,1,0,1,66.81060000028083,nan,0.8029814392328263
4,AINR,gated,598,0,1,0,1,62.23539999973582,nan,0.8029814392328263
4,AINR,gated,599,0,1,0,1,55.160800000521704,nan,0.8029814392328263
4,AINR,gated,600,0,1,0,1,49.917700000150944,nan,0.8029814392328263
4,AINR,gated,601,0,1,0,1,77.5275000005422,nan,0.8029814392328263
4,AINR,gated,602,0,1,0,1,43.20639999968989,nan,0.8029814392328263
4,AINR,gated,603,0,1,0,1,65.08389999999054,nan,0.8029814392328263
4,AINR,gated,604,0,1,0,1,69.75830000010319,nan,0.8029814392328263
4,AINR,gated,605,0,1,0,1,62.630800000079034,nan,0.8029814392328263
4,AINR,gated,606,0,1,0,1,52.94899999989866,nan,0.8029814392328263
4,AINR,gated,607,0,1,0,1,62.072900000202935,nan,0.8029814392328263
4,AINR,gated,608,0,1,0,1,72.91989999976067,nan,0.8029814392328263
4,AINR,gated,609,0,1,0,1,57.668200000080105,nan,0.8029814392328263
4,AINR,gated,610,0,1,0,1,67.33660000008967,nan,0.8029814392328263
4,AINR,gated,611,0,1,0,1,66.10530000034487,nan,0.8029814392328263
4,AINR,gated,612,0,1,0,1,68.28429999950458,nan,0.8029814392328263
4,AINR,gated,613,0,1,0,1,54.97379999997065,nan,0.8029814392328263
4,AINR,gated,614,0,1,0,1,58.19979999978386,nan,0.8029814392328263
4,AINR,gated,615,0,1,0,1,59.21810000018013,nan,0.8029814392328263
4,AINR,gated,616,0,1,0,1,73.17429999966407,nan,0.8029814392328263
4,AINR,gated,617,0,1,0,1,65.7904999998209,nan,0.8029814392328263
4,AINR,gated,618,0,1,0,1,59.446300000672636,nan,0.8029814392328263
4,AINR,gated,619,0,1,0,1,49.13519999990967,nan,0.8029814392328263
4,AINR,gated,620,0,1,0,1,53.67870000009134,nan,0.8029814392328263
4,AINR,gated,621,1,0,0,0,nan,nan,0.8029814392328263
4,AINR,gated,622,0,1,0,1,57.13449999984732,nan,0.8029814392328263
4,AINR,gated,623,0,1,0,1,56.46630000046571,nan,0.8029814392328263
4,AINR,gated,624,0,1,0,1,67.5504999999248,nan,0.8029814392328263
4,AINR,gated,625,0,1,0,1,69.04309999936231,nan,0.8029814392328263
4,AINR,gated,626,0,1,0,1,58.280399999603105,nan,0.8029814392328263
4,AINR,gated,627,0,1,0,1,64.40250000014203,nan,0.8029814392328263
4,AINR,gated,628,0,1,0,1,55.719399999361485,nan,0.8029814392328263
4,AINR,gated,629,0,1,0,1,57.94990000049438,nan,0.8029814392328263
4,AINR,gated,630,0,1,0,1,70.15529999989667,nan,0.8029814392328263
4,AINR,gated,631,0,1,0,1,65.15410000065458,nan,0.8029814392328263
4,AINR,gated,632,0,1,0,1,57.960799999818846,nan,0.8029814392328263
4,AINR,gated,633,0,1,0,1,53.51690000043163,nan,0.8029814392328263
4,AINR,gated,634,0,1,0,1,65.2775999997175,nan,0.8029814392328263
4,AINR,gated,635,0,1,0,1,68.84140000056505,nan,0.8029814392328263
4,AINR,gated,636,0,1,0,1,61.150999999881606,nan,0.8029814392328263
4,AINR,gated,637,0,1,0,1,54.966800000329386,nan,0.8029814392328263
4,AINR,gated,638,0,1,0,1,57.11020000035205,nan,0.8029814392328263
4,AINR,gated,639,0,1,0,1,61.85410000034608,nan,0.8029814392328263
4,AINR,gated,640,0,1,0,1,70.67850000021281,nan,0.8029814392328263
4,AINR,gated,641,0,1,0,1,52.086599999711325,nan,0.8029814392328263
4,AINR,gated,642,0,1,0,1,57.561500000701926,nan,0.8029814392328263
4,AINR,gated,643,0,1,0,1,52.070699999603676,nan,0.8029814392328263
4,AINR,gated,644,0,1,0,1,68.19999999970605,nan,0.8029814392328263
4,AINR,gated,645,0,1,0,1,64.47599999955855,nan,0.8029814392328263
4,AINR,gated,646,0,1,0,1,59.07059999935882,nan,0.8029814392328263
4,AINR,gated,647,0,1,0,1,63.439999999900465,nan,0.8029814392328263
4,AINR,gated,648,0,1,0,1,73.40610000028391,nan,0.8029814392328263
4,AINR,gated,649,0,1,0,1,62.16279999989638,nan,0.8029814392328263
4,AINR,gated,650,0,1,0,1,53.33950000022014,nan,0.8029814392328263
4,AINR,gated,651,0,1,0,1,52.65099999996892,nan,0.8029814392328263
4,AINR,gated,652,0,1,0,1,50.304700000197045,nan,0.8029814392328263
4,AINR,gated,653,0,1,0,1,53.36669999996957,nan,0.8029814392328263
4,AINR,gated,654,0,1,0,1,62.83239999993384,nan,0.8029814392328263
4,AINR,gated,655,0,1,0,1,73.68510000014794,nan,0.8029814392328263
4,AINR,gated,656,0,1,0,1,59.613399999761896,nan,0.8029814392328263
4,AINR,gated,657,0,1,0,1,53.34139999922627,nan,0.8029814392328263
4,AINR,gated,658,0,1,0,1,52.95079999996233,nan,0.8029814392328263
4,AINR,gated,659,0,1,0,1,66.08390000019426,nan,0.8029814392328263
4,AINR,gated,660,0,1,0,1,60.772499999984575,nan,0.8029814392328263
4,AINR,gated,661,0,1,0,1,60.55759999981092,nan,0.8029814392328263
4,AINR,gated,662,0,1,0,1,54.88919999970676,nan,0.8029814392328263
4,AINR,gated,663,0,1,0,1,70.0159000007261,nan,0.8029814392328263
4,AINR,gated,664,0,1,0,1,62.2854000002917,nan,0.8029814392328263
4,AINR,gated,665,0,1,0,1,52.92470000040339,nan,0.8029814392328263
4,AINR,gated,666,0,1,0,1,72.02980000056414,nan,0.8029814392328263
4,AINR,gated,667,0,1,0,1,65.0037000004886,nan,0.8029814392328263
4,AINR,gated,668,1,0,0,0,nan,nan,0.8029814392328263
4,AINR,gated,669,0,1,0,1,68.0475999997725,nan,0.8029814392328263
4,AINR,gated,670,0,1,0,1,59.71479999971052,nan,0.8029814392328263
4,AINR,gated,671,0,1,0,1,53.04069999965577,nan,0.8029814392328263
4,AINR,gated,672,0,1,0,1,65.37180000032095,nan,0.8029814392328263
4,AINR,gated,673,0,1,0,1,63.93019999995886,nan,0.8029814392328263
4,AINR,gated,674,0,1,0,1,58.65839999933087,nan,0.8029814392328263
4,AINR,gated,675,0,1,0,1,51.49210000035964,nan,0.8029814392328263
4,AINR,gated,676,0,1,0,1,65.28549999984534,nan,0.8029814392328263
4,AINR,gated,677,0,1,0,1,72.23720000001776,nan,0.8029814392328263
4,AINR,gated,678,0,1,0,1,58.80040000010922,nan,0.8029814392328263
4,AINR,gated,679,0,1,0,1,58.57079999987036,nan,0.8029814392328263
4,AINR,gated,680,0,1,0,1,53.05370000041876,nan,0.8029814392328263
4,AINR,gated,681,0,1,0,1,65.41880000077072,nan,0.8029814392328263
4,AINR,gated,682,0,1,0,1,73.47519999984797,nan,0.8029814392328263
4,AINR,gated,683,0,1,0,1,61.02000000009866,nan,0.8029814392328263
4,AINR,gated,684,0,1,0,1,58.20829999993293,nan,0.8029814392328263
4,AINR,gated,685,0,1,0,1,61.70109999948181,nan,0.8029814392328263
4,AINR,gated,686,0,1,0,1,69.89359999988665,nan,0.8029814392328263
4,AINR,gated,687,0,1,0,1,67.48449999940931,nan,0.8029814392328263
4,AINR,gated,688,0,1,0,1,59.490399999958754,nan,0.8029814392328263
4,AINR,gated,689,0,1,0,1,51.47730000044248,nan,0.8029814392328263
4,AINR,gated,690,0,1,0,1,66.7146000005232,nan,0.8029814392328263
4,AINR,gated,691,0,1,0,1,65.26649999977963,nan,0.8029814392328263
4,AINR,gated,692,0,1,0,1,61.47930000042834,nan,0.8029814392328263
4,AINR,gated,693,0,1,0,1,52.56820000067819,nan,0.8029814392328263
4,AINR,gated,694,0,1,0,1,63.230400000065856,nan,0.8029814392328263
4,AINR,gated,695,0,1,0,1,69.88000000001193,nan,0.8029814392328263
4,AINR,gated,696,1,0,0,0,nan,nan,0.8029814392328263
4,AINR,gated,697,0,1,0,1,58.344200000647106,nan,0.8029814392328263
4,AINR,gated,698,0,1,0,1,54.272800000035204,nan,0.8029814392328263
4,AINR,gated,699,0,1,0,1,54.19179999989865,nan,0.8029814392328263
4,AINR,gated,700,0,1,0,1,69.20179999997345,nan,0.8029814392328263
4,AINR,gated,701,0,1,0,1,67.90210000053776,nan,0.8029814392328263
4,AINR,gated,702,0,1,0,1,59.50389999998151,nan,0.8029814392328263
4,AINR,gated,703,0,1,0,1,59.69020000065939,nan,0.8029814392328263
4,AINR,gated,704,0,1,0,1,62.81169999965641,nan,0.8029814392328263
4,AINR,gated,705,0,1,0,1,70.59919999937847,nan,0.8029814392328263
4,AINR,gated,706,0,1,0,1,58.03070000001753,nan,0.8029814392328263
4,AINR,gated,707,0,1,0,1,53.637300000445975,nan,0.8029814392328263
4,AINR,gated,708,0,1,0,1,61.74079999982496,nan,0.8029814392328263
4,AINR,gated,709,0,1,0,1,71.33330000033311,nan,0.8029814392328263
4,AINR,gated,710,0,1,0,1,59.612099999867496,nan,0.8029814392328263
4,AINR,gated,711,0,1,0,1,54.33590000029653,nan,0.8029814392328263
4,AINR,gated,712,0,1,0,1,62.95510000018112,nan,0.8029814392328263
4,AINR,gated,713,0,1,0,1,71.77690000025905,nan,0.8029814392328263
4,AINR,gated,714,0,1,0,1,58.701599999949394,nan,0.8029814392328263
4,AINR,gated,715,0,1,0,1,55.845200000476325,nan,0.8029814392328263
4,AINR,gated,716,0,1,0,1,53.134200000386045,nan,0.8029814392328263
4,AINR,gated,717,0,1,0,1,51.71590000009019,nan,0.8029814392328263
4,AINR,gated,718,0,1,0,1,63.73379999968165,nan,0.8029814392328263
4,AINR,gated,719,0,1,0,1,70.88959999964572,nan,0.8029814392328263
4,AINR,gated,720,0,1,0,1,61.0514999998486,nan,0.8029814392328263
4,AINR,gated,721,0,1,0,1,60.98550000024261,nan,0.8029814392328263
4,AINR,gated,722,1,0,0,0,nan,nan,0.8029814392328263
4,AINR,gated,723,0,1,0,1,62.974400000712194,nan,0.8029814392328263
4,AINR,gated,724,0,1,0,1,66.4335999999821,nan,0.8029814392328263
4,AINR,gated,725,0,1,0,1,60.60799999977462,nan,0.8029814392328263
4,AINR,gated,726,0,1,0,1,54.73749999964639,nan,0.8029814392328263
4,AINR,gated,727,0,1,0,1,50.71389999920939,nan,0.8029814392328263
4,AINR,gated,728,0,1,0,1,60.7255000004443,nan,0.8029814392328263
4,AINR,gated,729,0,1,0,1,72.7270999996108,nan,0.8029814392328263
4,AINR,gated,730,0,1,0,1,62.05279999994673,nan,0.8029814392328263
4,AINR,gated,731,0,1,0,1,56.92619999990711,nan,0.8029814392328263
4,AINR,gated,732,0,1,0,1,50.69130000083533,nan,0.8029814392328263
4,AINR,gated,733,0,1,0,1,64.07269999999698,nan,0.8029814392328263
4,AINR,gated,734,0,1,0,1,69.27540000015142,nan,0.8029814392328263
4,AINR,gated,735,0,1,0,1,59.08809999982623,nan,0.8029814392328263
4,AINR,gated,736,0,1,0,1,56.7735000004177,nan,0.8029814392328263
4,AINR,gated,737,1,0,0,0,nan,nan,0.8029814392328263
4,AINR,gated,738,0,1,0,1,56.66960000053223,nan,0.8029814392328263
4,AINR,gated,739,0,1,0,1,60.922300000129326,nan,0.8029814392328263
4,AINR,gated,740,0,1,0,1,68.88720000006288,nan,0.8029814392328263
4,AINR,gated,741,0,1,0,1,58.356800000183284,nan,0.8029814392328263
4,AINR,gated,742,0,1,0,1,53.805499999725726,nan,0.8029814392328263
4,AINR,gated,743,0,1,0,1,62.29739999980666,nan,0.8029814392328263
4,AINR,gated,744,0,1,0,1,60.564200000044366,nan,0.8029814392328263
4,AINR,gated,745,0,1,0,1,62.27810000018508,nan,0.8029814392328263
4,AINR,gated,746,0,1,0,1,50.34780000005412,nan,0.8029814392328263
4,AINR,gated,747,0,1,0,1,50.82319999928586,nan,0.8029814392328263
4,AINR,gated,748,0,1,0,1,49.514499999531836,nan,0.8029814392328263
4,AINR,gated,749,0,1,0,1,62.23649999992631,nan,0.8029814392328263
4,AINR,gated,750,0,1,0,1,58.6302000001524,nan,0.8029814392328263
4,AINR,gated,751,0,1,0,1,57.73970000063855,nan,0.8029814392328263
4,AINR,gated,752,0,1,0,1,54.30950000027224,nan,0.8029814392328263
4,AINR,gated,753,0,1,0,1,52.31259999982285,nan,0.8029814392328263
4,AINR,gated,754,0,1,0,1,153.69489999920916,nan,0.8029814392328263
4,AINR,gated,755,0,1,0,1,73.5727000001134,nan,0.8029814392328263
4,AINR,gated,756,0,1,0,1,51.29839999972319,nan,0.8029814392328263
4,AINR,gated,757,0,1,0,1,61.078400000042166,nan,0.8029814392328263
4,AINR,gated,758,0,1,0,1,67.79980000010255,nan,0.8029814392328263
4,AINR,gated,759,0,1,0,1,58.12749999950029,nan,0.8029814392328263
4,AINR,gated,760,0,1,0,1,55.77389999962179,nan,0.8029814392328263
4,AINR,gated,761,0,1,0,1,62.75679999998829,nan,0.8029814392328263
4,AINR,gated,762,0,1,0,1,70.94219999999041,nan,0.8029814392328263
4,AINR,gated,763,0,1,0,1,58.87460000030842,nan,0.8029814392328263
4,AINR,gated,764,0,1,0,1,52.16070000005857,nan,0.8029814392328263
4,AINR,gated,765,0,1,0,1,62.23589999990509,nan,0.8029814392328263
4,AINR,gated,766,0,1,0,1,68.02620000053139,nan,0.8029814392328263
4,AINR,gated,767,0,1,0,1,56.21789999986504,nan,0.8029814392328263
4,AINR,gated,768,0,1,0,1,57.36630000046716,nan,0.8029814392328263
4,AINR,gated,769,0,1,0,1,68.96270000015647,nan,0.8029814392328263
4,AINR,gated,770,0,1,0,1,61.673599999267026,nan,0.8029814392328263
4,AINR,gated,771,0,1,0,1,62.32430000000022,nan,0.8029814392328263
4,AINR,gated,772,0,1,0,1,60.20700000044599,nan,0.8029814392328263
4,AINR,gated,773,0,1,0,1,73.40870000007271,nan,0.8029814392328263
4,AINR,gated,774,0,1,0,1,62.57209999967017,nan,0.8029814392328263
4,AINR,gated,775,0,1,0,1,55.87550000018382,nan,0.8029814392328263
4,AINR,gated,776,0,1,0,1,57.24099999952159,nan,0.8029814392328263
4,AINR,gated,777,0,1,0,1,71.6126000006625,nan,0.8029814392328263
4,AINR,gated,778,0,1,0,1,58.10380000002624,nan,0.8029814392328263
4,AINR,gated,779,0,1,0,1,56.7497000001822,nan,0.8029814392328263
4,AINR,gated,780,0,1,0,1,67.57900000047812,nan,0.8029814392328263
4,AINR,gated,781,0,1,0,1,64.38700000035169,nan,0.8029814392328263
4,AINR,gated,782,0,1,0,1,60.054999999920256,nan,0.8029814392328263
4,AINR,gated,783,0,1,0,1,53.23160000079952,nan,0.8029814392328263
4,AINR,gated,784,0,1,0,1,73.52309999987483,nan,0.8029814392328263
4,AINR,gated,785,0,1,0,1,58.047200000146404,nan,0.8029814392328263
4,AINR,gated,786,0,1,0,1,56.81139999978768,nan,0.8029814392328263
4,AINR,gated,787,0,1,0,1,56.47049999970477,nan,0.8029814392328263
4,AINR,gated,788,0,1,0,1,65.97439999950439,nan,0.8029814392328263
4,AINR,gated,789,0,1,0,1,69.42820000040228,nan,0.8029814392328263
4,AINR,gated,790,0,1,0,1,57.19570000019303,nan,0.8029814392328263
4,AINR,gated,791,0,1,0,1,57.23279999983788,nan,0.8029814392328263
4,AINR,gated,792,0,1,0,1,57.637899999463116,nan,0.8029814392328263
4,AINR,gated,793,0,1,0,1,64.88469999931112,nan,0.8029814392328263
4,AINR,gated,794,0,1,0,1,68.24679999954242,nan,0.8029814392328263
4,AINR,gated,795,0,1,0,1,55.766899999980524,nan,0.8029814392328263
4,AINR,gated,796,0,1,0,1,57.63050000041403,nan,0.8029814392328263
4,AINR,gated,797,0,1,0,1,53.008500000032654,nan,0.8029814392328263
4,AINR,gated,798,0,1,0,1,56.6158000001451,nan,0.8029814392328263
4,AINR,gated,799,0,1,0,1,60.93150000015157,nan,0.8029814392328263
4,AINR,gated,800,1,0,0,0,nan,nan,0.8029814392328263
4,AINR,gated,801,0,1,0,1,53.753600000163715,nan,0.8029814392328263
4,AINR,gated,802,0,1,0,1,58.77370000052906,nan,0.8029814392328263
4,AINR,gated,803,0,1,0,1,71.80909999988216,nan,0.8029814392328263
4,AINR,gated,804,0,1,0,1,58.47819999962667,nan,0.8029814392328263
4,AINR,gated,805,0,1,0,1,54.55939999956172,nan,0.8029814392328263
4,AINR,gated,806,0,1,0,1,55.90140000003885,nan,0.8029814392328263
4,AINR,gated,807,0,1,0,1,72.2725999994509,nan,0.8029814392328263
4,AINR,gated,808,0,1,0,1,60.36859999949229,nan,0.8029814392328263
4,AINR,gated,809,0,1,0,1,54.41220000011526,nan,0.8029814392328263
4,AINR,gated,810,1,0,0,0,nan,nan,0.8029814392328263
4,AINR,gated,811,0,1,0,1,52.258299999266455,nan,0.8029814392328263
4,AINR,gated,812,0,1,0,1,58.885100000225066,nan,0.8029814392328263
4,AINR,gated,813,0,1,0,1,72.97789999938686,nan,0.8029814392328263
4,AINR,gated,814,0,1,0,1,60.8234999999695,nan,0.8029814392328263
4,AINR,gated,815,0,1,0,1,54.207400000450434,nan,0.8029814392328263
4,AINR,gated,816,0,1,0,1,61.59650000063266,nan,0.8029814392328263
4,AINR,gated,817,0,1,0,1,69.94269999995595,nan,0.8029814392328263
4,AINR,gated,818,0,1,0,1,55.08800000006886,nan,0.8029814392328263
4,AINR,gated,819,0,1,0,1,54.70749999949476,nan,0.8029814392328263
4,AINR,gated,820,0,1,0,1,71.8949000001885,nan,0.8029814392328263
4,AINR,gated,821,0,1,0,1,63.23580000025686,nan,0.8029814392328263
4,AINR,gated,822,0,1,0,1,56.73690000003262,nan,0.8029814392328263
4,AINR,gated,823,0,1,0,1,47.66199999994569,nan,0.8029814392328263
4,AINR,gated,824,0,1,0,1,72.52889999926992,nan,0.8029814392328263
4,AINR,gated,825,0,1,0,1,59.254499999951804,nan,0.8029814392328263
4,AINR,gated,826,0,1,0,1,61.73080000007758,nan,0.8029814392328263
4,AINR,gated,827,1,0,0,0,nan,nan,0.8029814392328263
4,AINR,gated,828,0,1,0,1,71.5727999995579,nan,0.8029814392328263
4,AINR,gated,829,0,1,0,1,62.943700000687386,nan,0.8029814392328263
4,AINR,gated,830,0,1,0,1,51.96599999999307,nan,0.8029814392328263
4,AINR,gated,831,0,1,0,1,60.4737000003297,nan,0.8029814392328263
4,AINR,gated,832,0,1,0,1,68.39439999930619,nan,0.8029814392328263
4,AINR,gated,833,0,1,0,1,56.253199999446224,nan,0.8029814392328263
4,AINR,gated,834,0,1,0,1,56.248100000630075,nan,0.8029814392328263
4,AINR,gated,835,0,1,0,1,60.30749999990803,nan,0.8029814392328263
4,AINR,gated,836,0,1,0,1,69.84290000036708,nan,0.8029814392328263
4,AINR,gated,837,0,1,0,1,57.688900000357535,nan,0.8029814392328263
4,AINR,gated,838,0,1,0,1,57.72680000063701,nan,0.8029814392328263
4,AINR,gated,839,0,1,0,1,53.69650000011461,nan,0.8029814392328263
4,AINR,gated,840,0,1,0,1,50.995099999454396,nan,0.8029814392328263
4,AINR,gated,841,0,1,0,1,65.60480000007374,nan,0.8029814392328263
4,AINR,gated,842,0,1,0,1,64.55999999980122,nan,0.8029814392328263
4,AINR,gated,843,0,1,0,1,55.53759999929753,nan,0.8029814392328263
4,AINR,gated,844,0,1,0,1,57.247199999437726,nan,0.8029814392328263
4,AINR,gated,845,0,1,0,1,69.20939999963593,nan,0.8029814392328263
4,AINR,gated,846,0,1,0,1,59.80879999970057,nan,0.8029814392328263
4,AINR,gated,847,0,1,0,1,53.40320000050269,nan,0.8029814392328263
4,AINR,gated,848,0,1,0,1,55.61039999975037,nan,0.8029814392328263
4,AINR,gated,849,1,0,0,0,nan,nan,0.8029814392328263
4,AINR,gated,850,0,1,0,1,57.84380000022793,nan,0.8029814392328263
4,AINR,gated,851,0,1,0,1,64.99609999991662,nan,0.8029814392328263
4,AINR,gated,852,0,1,0,1,63.07490000017424,nan,0.8029814392328263
4,AINR,gated,853,0,1,0,1,58.85349999971368,nan,0.8029814392328263
4,AINR,gated,854,0,1,0,1,53.1541999998808,nan,0.8029814392328263
4,AINR,gated,855,0,1,0,1,62.36140000055457,nan,0.8029814392328263
4,AINR,gated,856,0,1,0,1,71.22509999953763,nan,0.8029814392328263
4,AINR,gated,857,0,1,0,1,60.53960000008374,nan,0.8029814392328263
4,AINR,gated,858,0,1,0,1,55.84350000026461,nan,0.8029814392328263
4,AINR,gated,859,0,1,0,1,50.966399999197165,nan,0.8029814392328263
4,AINR,gated,860,0,1,0,1,66.38099999963742,nan,0.8029814392328263
4,AINR,gated,861,0,1,0,1,62.37620000047173,nan,0.8029814392328263
4,AINR,gated,862,0,1,0,1,56.75699999937933,nan,0.8029814392328263
4,AINR,gated,863,0,1,0,1,50.85700000017823,nan,0.8029814392328263
4,AINR,gated,864,0,1,0,1,59.34400000023743,nan,0.8029814392328263
4,AINR,gated,865,0,1,0,1,69.59000000006199,nan,0.8029814392328263
4,AINR,gated,866,0,1,0,1,58.56809999932011,nan,0.8029814392328263
4,AINR,gated,867,0,1,0,1,52.98710000079154,nan,0.8029814392328263
4,AINR,gated,868,0,1,0,1,58.49899999975605,nan,0.8029814392328263
4,AINR,gated,869,0,1,0,1,66.57090000044263,nan,0.8029814392328263
4,AINR,gated,870,0,1,0,1,66.51179999971646,nan,0.8029814392328263
4,AINR,gated,871,0,1,0,1,55.57330000010552,nan,0.8029814392328263
4,AINR,gated,872,0,1,0,1,60.329200000524,nan,0.8029814392328263
4,AINR,gated,873,0,1,0,1,71.60110000040731,nan,0.8029814392328263
4,AINR,gated,874,0,1,0,1,59.04259999988426,nan,0.8029814392328263
4,AINR,gated,875,0,1,0,1,51.57599999984086,nan,0.8029814392328263
4,AINR,gated,876,0,1,0,1,50.59709999932238,nan,0.8029814392328263
4,AINR,gated,877,0,1,0,1,61.36780000088038,nan,0.8029814392328263
4,AINR,gated,878,0,1,0,1,65.89739999981248,nan,0.8029814392328263
4,AINR,gated,879,0,1,0,1,54.91489999985788,nan,0.8029814392328263
4,AINR,gated,880,0,1,0,1,52.34500000005937,nan,0.8029814392328263
4,AINR,gated,881,0,1,0,1,51.654599999892525,nan,0.8029814392328263
4,AINR,gated,882,0,1,0,1,57.81109999952605,nan,0.8029814392328263
4,AINR,gated,883,0,1,0,1,72.51859999996668,nan,0.8029814392328263
4,AINR,gated,884,0,1,0,1,58.53000000024622,nan,0.8029814392328263
4,AINR,gated,885,0,1,0,1,51.357099999222555,nan,0.8029814392328263
4,AINR,gated,886,0,1,0,1,58.48909999986063,nan,0.8029814392328263
4,AINR,gated,887,0,1,0,1,62.86220000038156,nan,0.8029814392328263
4,AINR,gated,888,0,1,0,1,59.28159999984928,nan,0.8029814392328263
4,AINR,gated,889,0,1,0,1,64.00880000001052,nan,0.8029814392328263
4,AINR,gated,890,0,1,0,1,68.55799999993906,nan,0.8029814392328263
4,AINR,gated,891,0,1,0,1,61.504699999204604,nan,0.8029814392328263
4,AINR,gated,892,0,1,0,1,53.6234000001059,nan,0.8029814392328263
4,AINR,gated,893,0,1,0,1,59.539699999731965,nan,0.8029814392328263
4,AINR,gated,894,0,1,0,1,70.88969999949768,nan,0.8029814392328263
4,AINR,gated,895,1,0,0,0,nan,nan,0.8029814392328263
4,AINR,gated,896,0,1,0,1,72.03899999967689,nan,0.8029814392328263
4,AINR,gated,897,0,1,0,1,60.21439999949507,nan,0.8029814392328263
4,AINR,gated,898,0,1,0,1,66.2679000006392,nan,0.8029814392328263
4,AINR,gated,899,1,0,0,0,nan,nan,0.8029814392328263
4,AINR,gated,900,0,1,0,1,55.23379999976896,nan,0.8029814392328263
4,AINR,gated,901,0,1,0,1,71.33520000024873,nan,0.8029814392328263
4,AINR,gated,902,0,1,0,1,58.17170000045735,nan,0.8029814392328263
4,AINR,gated,903,0,1,0,1,49.81620000035036,nan,0.8029814392328263
4,AINR,gated,904,0,1,0,1,68.15139999980602,nan,0.8029814392328263
4,AINR,gated,905,0,1,0,1,66.78460000057385,nan,0.8029814392328263
4,AINR,gated,906,0,1,0,1,60.42619999971066,nan,0.8029814392328263
4,AINR,gated,907,0,1,0,1,52.201599999534665,nan,0.8029814392328263
4,AINR,gated,908,1,0,0,0,nan,nan,0.8029814392328263
4,AINR,gated,909,0,1,0,1,54.38330000015412,nan,0.8029814392328263
4,AINR,gated,910,0,1,0,1,55.29370000022027,nan,0.8029814392328263
4,AINR,gated,911,0,1,0,1,72.61910000033822,nan,0.8029814392328263
4,AINR,gated,912,0,1,0,1,60.51779999961582,nan,0.8029814392328263
4,AINR,gated,913,0,1,0,1,56.46650000016962,nan,0.8029814392328263
4,AINR,gated,914,0,1,0,1,53.2695000001695,nan,0.8029814392328263
4,AINR,gated,915,0,1,0,1,69.0945999995165,nan,0.8029814392328263
4,AINR,gated,916,0,1,0,1,65.06459999945946,nan,0.8029814392328263
4,AINR,gated,917,0,1,0,1,55.549900000187336,nan,0.8029814392328263
4,AINR,gated,918,0,1,0,1,52.1865999999136,nan,0.8029814392328263
4,AINR,gated,919,0,1,0,1,61.748899999656714,nan,0.8029814392328263
4,AINR,gated,920,0,1,0,1,68.276899999546,nan,0.8029814392328263
4,AINR,gated,921,0,1,0,1,64.49720000000525,nan,0.8029814392328263
4,AINR,gated,922,0,1,0,1,59.852099999261554,nan,0.8029814392328263
4,AINR,gated,923,0,1,0,1,51.08749999999418,nan,0.8029814392328263
4,AINR,gated,924,0,1,0,1,62.53229999947507,nan,0.8029814392328263
4,AINR,gated,925,0,1,0,1,67.73729999986244,nan,0.8029814392328263
4,AINR,gated,926,0,1,0,1,59.23629999961122,nan,0.8029814392328263
4,AINR,gated,927,0,1,0,1,48.315899999579415,nan,0.8029814392328263
4,AINR,gated,928,0,1,0,1,71.14000000001397,nan,0.8029814392328263
4,AINR,gated,929,0,1,0,1,58.92299999959505,nan,0.8029814392328263
4,AINR,gated,930,0,1,0,1,56.19079999996757,nan,0.8029814392328263
4,AINR,gated,931,0,1,0,1,63.10349999967002,nan,0.8029814392328263
4,AINR,gated,932,0,1,0,1,67.33729999996285,nan,0.8029814392328263
4,AINR,gated,933,0,1,0,1,60.11860000035085,nan,0.8029814392328263
4,AINR,gated,934,0,1,0,1,52.67129999992903,nan,0.8029814392328263
4,AINR,gated,935,0,1,0,1,53.678299999774026,nan,0.8029814392328263
4,AINR,gated,936,0,1,0,1,67.06089999988762,nan,0.8029814392328263
4,AINR,gated,937,0,1,0,1,57.77169999964826,nan,0.8029814392328263
4,AINR,gated,938,0,1,0,1,54.13380000027246,nan,0.8029814392328263
4,AINR,gated,939,0,1,0,1,70.86090000029799,nan,0.8029814392328263
4,AINR,gated,940,0,1,0,1,59.94319999990694,nan,0.8029814392328263
4,AINR,gated,941,0,1,0,1,53.5171999999875,nan,0.8029814392328263
4,AINR,gated,942,0,1,0,1,53.958200000124634,nan,0.8029814392328263
4,AINR,gated,943,0,1,0,1,66.7702000000645,nan,0.8029814392328263
4,AINR,gated,944,0,1,0,1,69.12479999937204,nan,0.8029814392328263
4,AINR,gated,945,0,1,0,1,60.32450000020617,nan,0.8029814392328263
4,AINR,gated,946,0,1,0,1,53.747500000099535,nan,0.8029814392328263
4,AINR,gated,947,0,1,0,1,65.37959999968734,nan,0.8029814392328263
4,AINR,gated,948,0,1,0,1,64.16840000019874,nan,0.8029814392328263
4,AINR,gated,949,0,1,0,1,60.93030000010913,nan,0.8029814392328263
4,AINR,gated,950,0,1,0,1,52.17040000025008,nan,0.8029814392328263
4,AINR,gated,951,0,1,0,1,60.42600000000675,nan,0.8029814392328263
4,AINR,gated,952,0,1,0,1,71.83569999961037,nan,0.8029814392328263
4,AINR,gated,953,0,1,0,1,59.711300000344636,nan,0.8029814392328263
4,AINR,gated,954,0,1,0,1,46.968200000264915,nan,0.8029814392328263
4,AINR,gated,955,0,1,0,1,55.42940000032104,nan,0.8029814392328263
4,AINR,gated,956,0,1,0,1,77.14729999952397,nan,0.8029814392328263
4,AINR,gated,957,0,1,0,1,65.1239999997415,nan,0.8029814392328263
4,AINR,gated,958,0,1,0,1,58.34289999984321,nan,0.8029814392328263
4,AINR,gated,959,0,1,0,1,57.34579999989364,nan,0.8029814392328263
4,AINR,gated,960,0,1,0,1,71.188599999914,nan,0.8029814392328263
4,AINR,gated,961,0,1,0,1,57.80210000011721,nan,0.8029814392328263
4,AINR,gated,962,0,1,0,1,49.04880000049161,nan,0.8029814392328263
4,AINR,gated,963,0,1,0,1,63.67489999956888,nan,0.8029814392328263
4,AINR,gated,964,0,1,0,1,64.27660000008473,nan,0.8029814392328263
4,AINR,gated,965,0,1,0,1,58.57279999963794,nan,0.8029814392328263
4,AINR,gated,966,0,1,0,1,51.582000000053085,nan,0.8029814392328263
4,AINR,gated,967,0,1,0,1,67.28889999976673,nan,0.8029814392328263
4,AINR,gated,968,0,1,0,1,67.65739999991638,nan,0.8029814392328263
4,AINR,gated,969,0,1,0,1,58.234299999639916,nan,0.8029814392328263
4,AINR,gated,970,0,1,0,1,48.30519999995886,nan,0.8029814392328263
4,AINR,gated,971,0,1,0,1,45.72690000077273,nan,0.8029814392328263
4,AINR,gated,972,0,1,0,1,69.81439999981376,nan,0.8029814392328263
4,AINR,gated,973,0,1,0,1,65.53819999953703,nan,0.8029814392328263
4,AINR,gated,974,0,1,0,1,56.73989999922924,nan,0.8029814392328263
4,AINR,gated,975,0,1,0,1,52.48699999992823,nan,0.8029814392328263
4,AINR,gated,976,0,1,0,1,52.15299999963463,nan,0.8029814392328263
4,AINR,gated,977,0,1,0,1,61.108799999601615,nan,0.8029814392328263
4,AINR,gated,978,0,1,0,1,72.00640000064595,nan,0.8029814392328263
4,AINR,gated,979,0,1,0,1,56.424999999762804,nan,0.8029814392328263
4,AINR,gated,980,0,1,0,1,54.01179999989836,nan,0.8029814392328263
4,AINR,gated,981,0,1,0,1,64.13559999964491,nan,0.8029814392328263
4,AINR,gated,982,0,1,0,1,72.31149999915942,nan,0.8029814392328263
4,AINR,gated,983,0,1,0,1,56.700199999795586,nan,0.8029814392328263
4,AINR,gated,984,0,1,0,1,60.258499999690684,nan,0.8029814392328263
4,AINR,gated,985,0,1,0,1,71.37710000006336,nan,0.8029814392328263
4,AINR,gated,986,0,1,0,1,56.58519999997225,nan,0.8029814392328263
4,AINR,gated,987,0,1,0,1,67.13070000023436,nan,0.8029814392328263
4,AINR,gated,988,0,1,0,1,72.95759999942675,nan,0.8029814392328263
4,AINR,gated,989,0,1,0,1,60.07450000015524,nan,0.8029814392328263
4,AINR,gated,990,0,1,0,1,55.81069999971078,nan,0.8029814392328263
4,AINR,gated,991,0,1,0,1,49.002099999597704,nan,0.8029814392328263
4,AINR,gated,992,0,1,0,1,62.85770000067714,nan,0.8029814392328263
4,AINR,gated,993,0,1,0,1,69.18159999986528,nan,0.8029814392328263
4,AINR,gated,994,0,1,0,1,57.928399999582325,nan,0.8029814392328263
4,AINR,gated,995,0,1,0,1,61.74730000020645,nan,0.8029814392328263
4,AINR,gated,996,0,1,0,1,68.52989999970305,nan,0.8029814392328263
4,AINR,gated,997,0,1,0,1,57.158800000252086,nan,0.8029814392328263
4,AINR,gated,998,0,1,0,1,58.09800000042742,nan,0.8029814392328263
4,AINR,gated,999,0,1,0,1,59.45469999915076,nan,0.8029814392328263
4,AINR,trig,0,1,0,0,0,nan,1.577669382095337,0.8029814392328263
4,AINR,trig,1,1,0,0,0,nan,1.5707595348358154,0.8029814392328263
4,AINR,trig,2,1,0,0,0,nan,1.5289596319198608,0.8029814392328263
4,AINR,trig,3,1,0,0,0,nan,1.7508492469787598,0.8029814392328263
4,AINR,trig,4,1,0,0,0,nan,1.4657456874847412,0.8029814392328263
4,AINR,trig,5,0,1,0,1,73.12689999980648,1.52443528175354,0.8029814392328263
4,AINR,trig,6,1,0,0,0,nan,1.528678059577942,0.8029814392328263
4,AINR,trig,7,1,0,0,0,nan,1.5780507326126099,0.8029814392328263
4,AINR,trig,8,1,0,0,0,nan,1.6263338327407837,0.8029814392328263
4,AINR,trig,9,1,0,0,0,nan,1.6108970642089844,0.8029814392328263
4,AINR,trig,10,1,0,0,0,nan,1.632002830505371,0.8029814392328263
4,AINR,trig,11,1,0,0,0,nan,1.5485470294952393,0.8029814392328263
4,AINR,trig,12,1,0,0,0,nan,1.5954340696334839,0.8029814392328263
4,AINR,trig,13,1,0,0,0,nan,1.5210793018341064,0.8029814392328263
4,AINR,trig,14,1,0,0,0,nan,1.5652023553848267,0.8029814392328263
4,AINR,trig,15,1,0,0,0,nan,1.6062661409378052,0.8029814392328263
4,AINR,trig,16,1,0,0,0,nan,1.5493197441101074,0.8029814392328263
4,AINR,trig,17,1,0,0,0,nan,1.5998655557632446,0.8029814392328263
4,AINR,trig,18,1,0,0,0,nan,1.6799372434616089,0.8029814392328263
4,AINR,trig,19,1,0,0,0,nan,1.5782790184020996,0.8029814392328263
4,AINR,trig,20,1,0,0,0,nan,1.6028469800949097,0.8029814392328263
4,AINR,trig,21,1,0,0,0,nan,1.5520319938659668,0.8029814392328263
4,AINR,trig,22,1,0,0,0,nan,1.6132088899612427,0.8029814392328263
4,AINR,trig,23,1,0,0,0,nan,1.4933750629425049,0.8029814392328263
4,AINR,trig,24,1,0,0,0,nan,1.631151795387268,0.8029814392328263
4,AINR,trig,25,0,1,0,1,60.70280000039929,1.457425594329834,0.8029814392328263
4,AINR,trig,26,1,0,0,0,nan,1.5534846782684326,0.8029814392328263
4,AINR,trig,27,0,1,0,1,72.57829999980459,1.635332703590393,0.8029814392328263
4,AINR,trig,28,1,0,0,0,nan,1.5106139183044434,0.8029814392328263
4,AINR,trig,29,1,0,0,0,nan,1.6015974283218384,0.8029814392328263
4,AINR,trig,30,1,0,0,0,nan,1.5702177286148071,0.8029814392328263
4,AINR,trig,31,0,1,0,1,71.29290000011679,1.4874043464660645,0.8029814392328263
4,AINR,trig,32,1,0,0,0,nan,1.6594771146774292,0.8029814392328263
4,AINR,trig,33,1,0,0,0,nan,1.5381534099578857,0.8029814392328263
4,AINR,trig,34,1,0,0,0,nan,1.5275378227233887,0.8029814392328263
4,AINR,trig,35,1,0,0,0,nan,1.5763304233551025,0.8029814392328263
4,AINR,trig,36,1,0,0,0,nan,1.6938832998275757,0.8029814392328263
4,AINR,trig,37,1,0,0,0,nan,1.5880604982376099,0.8029814392328263
4,AINR,trig,38,1,0,0,0,nan,1.5555671453475952,0.8029814392328263
4,AINR,trig,39,1,0,0,0,nan,1.5928574800491333,0.8029814392328263
4,AINR,trig,40,1,0,0,0,nan,1.570926547050476,0.8029814392328263
4,AINR,trig,41,0,1,0,1,56.411600000501494,1.668348789215088,0.8029814392328263
4,AINR,trig,42,0,1,0,1,51.85359999995853,1.7040895223617554,0.8029814392328263
4,AINR,trig,43,1,0,0,0,nan,1.8010834455490112,0.8029814392328263
4,AINR,trig,44,0,1,0,1,68.24679999954242,1.6202698945999146,0.8029814392328263
4,AINR,trig,45,1,0,0,0,nan,1.5478417873382568,0.8029814392328263
4,AINR,trig,46,0,1,0,1,68.37989999985439,1.5455589294433594,0.8029814392328263
4,AINR,trig,47,1,0,0,0,nan,1.454985499382019,0.8029814392328263
4,AINR,trig,48,0,1,0,1,60.44050000036805,1.5237654447555542,0.8029814392328263
4,AINR,trig,49,1,0,0,0,nan,1.5838357210159302,0.8029814392328263
4,AINR,trig,50,1,0,0,0,nan,1.4961847066879272,0.8029814392328263
4,AINR,trig,51,1,0,0,0,nan,1.49654221534729,0.8029814392328263
4,AINR,trig,52,0,1,0,1,56.15450000004785,1.568595290184021,0.8029814392328263
4,AINR,trig,53,1,0,0,0,nan,1.628389835357666,0.8029814392328263
4,AINR,trig,54,1,0,0,0,nan,1.601749062538147,0.8029814392328263
4,AINR,trig,55,0,1,0,1,52.288299999418086,1.5842056274414062,0.8029814392328263
4,AINR,trig,56,1,0,0,0,nan,1.6103949546813965,0.8029814392328263
4,AINR,trig,57,1,0,0,0,nan,1.7152925729751587,0.8029814392328263
4,AINR,trig,58,1,0,0,0,nan,1.6631139516830444,0.8029814392328263
4,AINR,trig,59,0,1,0,1,56.671299999834446,1.6126827001571655,0.8029814392328263
4,AINR,trig,60,0,1,0,1,66.47650000013527,1.4714998006820679,0.8029814392328263
4,AINR,trig,61,0,1,0,1,66.10569999975269,1.6383740901947021,0.8029814392328263
4,AINR,trig,62,0,1,0,1,55.91090000052645,1.5240309238433838,0.8029814392328263
4,AINR,trig,63,0,1,0,1,70.76770000003307,1.653762698173523,0.8029814392328263
4,AINR,trig,64,0,1,0,1,57.25819999952364,1.5612385272979736,0.8029814392328263
4,AINR,trig,65,0,1,0,1,54.36730000019452,1.7725419998168945,0.8029814392328263
4,AINR,trig,66,0,1,0,1,70.3003999997236,1.6197596788406372,0.8029814392328263
4,AINR,trig,67,0,1,0,1,59.131999999408436,1.5031208992004395,0.8029814392328263
4,AINR,trig,68,0,1,0,1,64.03369999952702,1.6271218061447144,0.8029814392328263
4,AINR,trig,69,0,1,0,1,62.993700000333774,1.3220897912979126,0.8029814392328263
4,AINR,trig,70,0,1,0,1,56.78239999997459,1.7320102453231812,0.8029814392328263
4,AINR,trig,71,0,1,0,1,61.52769999971497,1.5761399269104004,0.8029814392328263
4,AINR,trig,72,0,1,0,1,52.51959999986866,1.4745506048202515,0.8029814392328263
4,AINR,trig,73,0,1,0,1,57.61069999971369,1.63441801071167,0.8029814392328263
4,AINR,trig,74,0,1,0,1,65.63649999952759,1.5332701206207275,0.8029814392328263
4,AINR,trig,75,1,0,0,0,nan,1.5693678855895996,0.8029814392328263
4,AINR,trig,76,0,1,0,1,56.98070000016742,1.5210273265838623,0.8029814392328263
4,AINR,trig,77,0,1,0,1,66.38400000065303,1.4780268669128418,0.8029814392328263
4,AINR,trig,78,0,1,0,1,59.06310000045778,1.610692024230957,0.8029814392328263
4,AINR,trig,79,0,1,0,1,64.5503000005192,1.4798437356948853,0.8029814392328263
4,AINR,trig,80,0,1,0,1,59.081399999740825,1.60700523853302,0.8029814392328263
4,AINR,trig,81,0,1,0,1,59.192499999880965,1.5563634634017944,0.8029814392328263
4,AINR,trig,82,0,1,0,1,65.98989999929472,1.5391931533813477,0.8029814392328263
4,AINR,trig,83,0,1,0,1,53.60119999932067,1.4104256629943848,0.8029814392328263
4,AINR,trig,84,0,1,0,1,62.19969999983732,1.606989860534668,0.8029814392328263
4,AINR,trig,85,0,1,0,1,67.40910000007716,1.5011087656021118,0.8029814392328263
4,AINR,trig,86,0,1,0,1,56.108900000253925,1.6032359600067139,0.8029814392328263
4,AINR,trig,87,0,1,0,1,56.94149999999354,1.5210758447647095,0.8029814392328263
4,AINR,trig,88,1,0,0,0,nan,1.3600785732269287,0.8029814392328263
4,AINR,trig,89,0,1,0,1,69.09369999993942,1.7165559530258179,0.8029814392328263
4,AINR,trig,90,0,1,0,1,55.982299999413954,1.501009464263916,0.8029814392328263
4,AINR,trig,91,0,1,0,1,53.21989999993093,1.5083001852035522,0.8029814392328263
4,AINR,trig,92,1,0,0,0,nan,1.654071569442749,0.8029814392328263
4,AINR,trig,93,0,1,0,1,67.33780000013212,1.6075890064239502,0.8029814392328263
4,AINR,trig,94,1,0,0,0,nan,1.545112133026123,0.8029814392328263
4,AINR,trig,95,1,0,0,0,nan,1.468662142753601,0.8029814392328263
4,AINR,trig,96,1,0,0,0,nan,1.4528357982635498,0.8029814392328263
4,AINR,trig,97,0,1,0,1,62.46830000054615,1.492148756980896,0.8029814392328263
4,AINR,trig,98,0,1,0,1,66.09609999941313,1.5952931642532349,0.8029814392328263
4,AINR,trig,99,0,1,0,1,58.396400000674475,1.6111005544662476,0.8029814392328263
4,AINR,trig,100,0,1,0,1,57.96439999994618,1.52937650680542,0.8029814392328263
4,AINR,trig,101,0,1,0,1,60.09890000041196,1.672162652015686,0.8029814392328263
4,AINR,trig,102,0,1,0,1,51.924399999734305,1.3828166723251343,0.8029814392328263
4,AINR,trig,103,0,1,0,1,72.96469999982946,1.3088278770446777,0.8029814392328263
4,AINR,trig,104,0,1,0,1,57.45130000013887,1.5569425821304321,0.8029814392328263
4,AINR,trig,105,0,1,0,1,59.861499999897205,1.5561447143554688,0.8029814392328263
4,AINR,trig,106,0,1,0,1,68.93160000072385,1.4018187522888184,0.8029814392328263
4,AINR,trig,107,0,1,0,1,54.30479999995441,1.5741512775421143,0.8029814392328263
4,AINR,trig,108,0,1,0,1,71.43129999985831,1.6903815269470215,0.8029814392328263
4,AINR,trig,109,0,1,0,1,57.669300000270596,1.48501455783844,0.8029814392328263
4,AINR,trig,110,0,1,0,1,58.239599999978964,1.606448769569397,0.8029814392328263
4,AINR,trig,111,0,1,0,1,65.6582999999955,1.4624921083450317,0.8029814392328263
4,AINR,trig,112,0,1,0,1,57.790700000623474,1.5952202081680298,0.8029814392328263
4,AINR,trig,113,0,1,0,1,65.9088000002157,1.6525486707687378,0.8029814392328263
4,AINR,trig,114,0,1,0,1,59.69740000000456,1.575753092765808,0.8029814392328263
4,AINR,trig,115,0,1,0,1,53.64209999970626,1.4054311513900757,0.8029814392328263
4,AINR,trig,116,0,1,0,1,71.25429999996413,1.6080533266067505,0.8029814392328263
4,AINR,trig,117,0,1,0,1,54.06390000007377,1.596191644668579,0.8029814392328263
4,AINR,trig,118,0,1,0,1,59.4651999999769,1.6685311794281006,0.8029814392328263
4,AINR,trig,119,0,1,0,1,65.67520000044169,1.5479152202606201,0.8029814392328263
4,AINR,trig,120,0,1,0,1,55.00000000029104,1.592008352279663,0.8029814392328263
4,AINR,trig,121,0,1,0,1,60.643000000709435,1.6099255084991455,0.8029814392328263
4,AINR,trig,122,0,1,0,1,57.71420000019134,1.6177417039871216,0.8029814392328263
4,AINR,trig,123,0,1,0,1,54.048599999987346,1.4717751741409302,0.8029814392328263
4,AINR,trig,124,0,1,0,1,69.58659999963857,1.529586672782898,0.8029814392328263
4,AINR,trig,125,0,1,0,1,63.95250000059605,1.623903751373291,0.8029814392328263
4,AINR,trig,126,0,1,0,1,55.18800000027113,1.3492026329040527,0.8029814392328263
4,AINR,trig,127,0,1,0,1,49.32509999980539,1.5888220071792603,0.8029814392328263
4,AINR,trig,128,0,1,0,1,71.21689999985392,1.5734062194824219,0.8029814392328263
4,AINR,trig,129,0,1,0,1,55.10310000045138,1.6851707696914673,0.8029814392328263
4,AINR,trig,130,0,1,0,1,57.69670000063343,1.4190691709518433,0.8029814392328263
4,AINR,trig,131,0,1,0,1,69.08650000059424,1.7466437816619873,0.8029814392328263
4,AINR,trig,132,0,1,0,1,55.90649999976449,1.6047801971435547,0.8029814392328263
4,AINR,trig,133,0,1,0,1,63.85520000003453,1.4015471935272217,0.8029814392328263
4,AINR,trig,134,0,1,0,1,60.636999999587715,1.6321921348571777,0.8029814392328263
4,AINR,trig,135,0,1,0,1,53.182500000730215,1.5034679174423218,0.8029814392328263
4,AINR,trig,136,0,1,0,1,71.8139999999039,1.5984902381896973,0.8029814392328263
4,AINR,trig,137,0,1,0,1,57.606500000474625,1.512937068939209,0.8029814392328263
4,AINR,trig,138,0,1,0,1,65.98010000016075,1.761765956878662,0.8029814392328263
4,AINR,trig,139,0,1,0,1,65.05089999973279,1.5976321697235107,0.8029814392328263
4,AINR,trig,140,0,1,0,1,53.05609999959415,1.7399696111679077,0.8029814392328263
4,AINR,trig,141,0,1,0,1,64.8338999999396,1.5478577613830566,0.8029814392328263
4,AINR,trig,142,0,1,0,1,59.90139999994426,1.3992782831192017,0.8029814392328263
4,AINR,trig,143,0,1,0,1,55.293299999902956,1.5731534957885742,0.8029814392328263
4,AINR,trig,144,1,0,0,0,nan,1.6011288166046143,0.8029814392328263
4,AINR,trig,145,0,1,0,1,71.08419999985927,1.5393295288085938,0.8029814392328263
4,AINR,trig,146,0,1,0,1,57.01939999926253,1.6130839586257935,0.8029814392328263
4,AINR,trig,147,0,1,0,1,66.92610000027344,1.5910570621490479,0.8029814392328263
4,AINR,trig,148,0,1,0,1,70.03970000005211,1.3789710998535156,0.8029814392328263
4,AINR,trig,149,0,1,0,1,57.75859999994282,1.5174251794815063,0.8029814392328263
4,AINR,trig,150,0,1,0,1,67.664700000023,1.671347737312317,0.8029814392328263
4,AINR,trig,151,0,1,0,1,59.02640000022075,1.3693424463272095,0.8029814392328263
4,AINR,trig,152,0,1,0,1,51.97429999952874,1.4872313737869263,0.8029814392328263
4,AINR,trig,153,1,0,0,0,nan,1.7849637269973755,0.8029814392328263
4,AINR,trig,154,0,1,0,1,58.5878000001685,1.5660181045532227,0.8029814392328263
4,AINR,trig,155,0,1,0,1,61.58000000050379,1.5257115364074707,0.8029814392328263
4,AINR,trig,156,1,0,0,0,nan,1.5734155178070068,0.8029814392328263
4,AINR,trig,157,0,1,0,1,58.190599999761616,1.50563383102417,0.8029814392328263
4,AINR,trig,158,0,1,0,1,58.945600000697596,1.688742756843567,0.8029814392328263
4,AINR,trig,159,0,1,0,1,67.55270000030578,1.5962036848068237,0.8029814392328263
4,AINR,trig,160,0,1,0,1,54.92520000007062,1.6786493062973022,0.8029814392328263
4,AINR,trig,161,0,1,0,1,61.591600000610924,1.5814553499221802,0.8029814392328263
4,AINR,trig,162,0,1,0,1,60.76619999930699,1.3962069749832153,0.8029814392328263
4,AINR,trig,163,0,1,0,1,53.49709999973129,1.5939189195632935,0.8029814392328263
4,AINR,trig,164,0,1,0,1,71.11520000034943,1.553784966468811,0.8029814392328263
4,AINR,trig,165,0,1,0,1,57.75629999970988,1.595333456993103,0.8029814392328263
4,AINR,trig,166,1,0,0,0,nan,1.5480589866638184,0.8029814392328263
4,AINR,trig,167,0,1,0,1,55.48290000024281,1.6244614124298096,0.8029814392328263
4,AINR,trig,168,0,1,0,1,75.39849999920989,1.5437647104263306,0.8029814392328263
4,AINR,trig,169,0,1,0,1,59.56419999984064,1.4709194898605347,0.8029814392328263
4,AINR,trig,170,0,1,0,1,62.607699999716715,1.6054357290267944,0.8029814392328263
4,AINR,trig,171,0,1,0,1,60.799199999564735,1.546662449836731,0.8029814392328263
4,AINR,trig,172,0,1,0,1,51.296300000103656,1.4819809198379517,0.8029814392328263
4,AINR,trig,173,0,1,0,1,55.72630000006029,1.4278514385223389,0.8029814392328263
4,AINR,trig,174,0,1,0,1,60.49090000033175,1.5646544694900513,0.8029814392328263
4,AINR,trig,175,0,1,0,1,59.72979999933159,1.2475664615631104,0.8029814392328263
4,AINR,trig,176,0,1,0,1,65.19440000010945,1.6923750638961792,0.8029814392328263
4,AINR,trig,177,0,1,0,1,60.07000000045082,1.5134187936782837,0.8029814392328263
4,AINR,trig,178,0,1,0,1,60.75650000002497,1.3949120044708252,0.8029814392328263
4,AINR,trig,179,0,1,0,1,62.170100000003,1.4822717905044556,0.8029814392328263
4,AINR,trig,180,0,1,0,1,55.40079999991576,1.576645016670227,0.8029814392328263
4,AINR,trig,181,0,1,0,1,65.05740000011428,1.5872530937194824,0.8029814392328263
4,AINR,trig,182,0,1,0,1,60.25990000034653,1.5740140676498413,0.8029814392328263
4,AINR,trig,183,0,1,0,1,58.052999999745225,1.5625582933425903,0.8029814392328263
4,AINR,trig,184,0,1,0,1,68.45079999948211,1.3677465915679932,0.8029814392328263
4,AINR,trig,185,0,1,0,1,57.40650000007008,1.5824030637741089,0.8029814392328263
4,AINR,trig,186,0,1,0,1,60.59180000011111,1.5200024843215942,0.8029814392328263
4,AINR,trig,187,0,1,0,1,61.03239999993093,1.5740032196044922,0.8029814392328263
4,AINR,trig,188,0,1,0,1,52.80930000026274,1.5022190809249878,0.8029814392328263
4,AINR,trig,189,0,1,0,1,72.524400000475,1.4478493928909302,0.8029814392328263
4,AINR,trig,190,1,0,0,0,nan,1.5300283432006836,0.8029814392328263
4,AINR,trig,191,0,1,0,1,59.70129999968776,1.4351781606674194,0.8029814392328263
4,AINR,trig,192,0,1,0,1,53.69130000053701,1.3790804147720337,0.8029814392328263
4,AINR,trig,193,0,1,0,1,61.949200000526616,1.5451979637145996,0.8029814392328263
4,AINR,trig,194,0,1,0,1,62.97809999978199,1.5138981342315674,0.8029814392328263
4,AINR,trig,195,0,1,0,1,52.886100000250735,1.5850772857666016,0.8029814392328263
4,AINR,trig,196,0,1,0,1,56.26209999991261,1.5753103494644165,0.8029814392328263
4,AINR,trig,197,0,1,0,1,71.70769999993354,1.6626465320587158,0.8029814392328263
4,AINR,trig,198,0,1,0,1,54.99950000012177,1.6415736675262451,0.8029814392328263
4,AINR,trig,199,0,1,0,1,63.14959999963321,1.7377108335494995,0.8029814392328263
4,AINR,trig,200,1,0,0,0,nan,1.5832035541534424,0.8029814392328263
4,AINR,trig,201,0,1,0,1,63.08999999964726,1.618600606918335,0.8029814392328263
4,AINR,trig,202,0,1,0,1,54.08790000001318,1.3742690086364746,0.8029814392328263
4,AINR,trig,203,0,1,0,1,68.05039999926521,1.6610082387924194,0.8029814392328263
4,AINR,trig,204,0,1,0,1,54.527600000255916,1.5187535285949707,0.8029814392328263
4,AINR,trig,205,0,1,0,1,63.03389999993669,1.6190041303634644,0.8029814392328263
4,AINR,trig,206,0,1,0,1,59.75540000054025,1.4563002586364746,0.8029814392328263
4,AINR,trig,207,0,1,0,1,51.868800000193005,1.4507510662078857,0.8029814392328263
4,AINR,trig,208,0,1,0,1,67.7536000002874,1.3894098997116089,0.8029814392328263
4,AINR,trig,209,0,1,0,1,55.96750000040629,1.500856876373291,0.8029814392328263
4,AINR,trig,210,0,1,0,1,53.592899999785004,1.5215473175048828,0.8029814392328263
4,AINR,trig,211,0,1,0,1,63.37039999925764,1.469105839729309,0.8029814392328263
4,AINR,trig,212,0,1,0,1,61.99789999936911,1.62443208694458,0.8029814392328263
4,AINR,trig,213,0,1,0,1,61.700700000073994,1.5540250539779663,0.8029814392328263
4,AINR,trig,214,0,1,0,1,64.80570000076114,1.4781588315963745,0.8029814392328263
4,AINR,trig,215,0,1,0,1,58.36329999965528,1.8201607465744019,0.8029814392328263
4,AINR,trig,216,0,1,0,1,58.053100000506674,1.5870938301086426,0.8029814392328263
4,AINR,trig,217,0,1,0,1,66.1495999993349,1.4223260879516602,0.8029814392328263
4,AINR,trig,218,0,1,0,1,66.26989999949728,1.5566127300262451,0.8029814392328263
4,AINR,trig,219,0,1,0,1,53.55929999950604,1.3268629312515259,0.8029814392328263
4,AINR,trig,220,0,1,0,1,63.06479999966541,1.6882944107055664,0.8029814392328263
4,AINR,trig,221,0,1,0,1,64.06309999965742,1.7340114116668701,0.8029814392328263
4,AINR,trig,222,0,1,0,1,55.34590000024764,1.4225425720214844,0.8029814392328263
4,AINR,trig,223,0,1,0,1,70.50290000006498,1.6405248641967773,0.8029814392328263
4,AINR,trig,224,0,1,0,1,57.30350000067119,1.6256221532821655,0.8029814392328263
4,AINR,trig,225,0,1,0,1,69.34999999975844,1.7236868143081665,0.8029814392328263
4,AINR,trig,226,0,1,0,1,60.42949999937264,1.6321989297866821,0.8029814392328263
4,AINR,trig,227,0,1,0,1,57.86989999978687,1.5957398414611816,0.8029814392328263
4,AINR,trig,228,0,1,0,1,54.907799999455165,1.5364357233047485,0.8029814392328263
4,AINR,trig,229,0,1,0,1,52.98259999926813,1.542555809020996,0.8029814392328263
4,AINR,trig,230,0,1,0,1,70.21030000032624,1.5825321674346924,0.8029814392328263
4,AINR,trig,231,0,1,0,1,58.10430000019551,1.5767265558242798,0.8029814392328263
4,AINR,trig,232,0,1,0,1,68.21219999983441,1.3326226472854614,0.8029814392328263
4,AINR,trig,233,0,1,0,1,57.99690000003466,1.381542444229126,0.8029814392328263
4,AINR,trig,234,0,1,0,1,52.9220999997051,1.5015459060668945,0.8029814392328263
4,AINR,trig,235,0,1,0,1,73.77009999981965,1.4685726165771484,0.8029814392328263
4,AINR,trig,236,0,1,0,1,59.99160000010306,1.6728852987289429,0.8029814392328263
4,AINR,trig,237,0,1,0,1,59.39860000034969,1.8021405935287476,0.8029814392328263
4,AINR,trig,238,0,1,0,1,67.8725999996459,1.297589898109436,0.8029814392328263
4,AINR,trig,239,0,1,0,1,57.007599999451486,1.4307763576507568,0.8029814392328263
4,AINR,trig,240,0,1,0,1,65.42239999998856,1.4606318473815918,0.8029814392328263
4,AINR,trig,241,0,1,0,1,56.81360000016866,1.708106279373169,0.8029814392328263
4,AINR,trig,242,0,1,0,1,68.08170000022074,1.511860728263855,0.8029814392328263
4,AINR,trig,243,0,1,0,1,71.27539999964938,1.495073914527893,0.8029814392328263
4,AINR,trig,244,0,1,0,1,53.034000000479864,1.7762731313705444,0.8029814392328263
4,AINR,trig,245,0,1,0,1,63.26780000017607,1.554006814956665,0.8029814392328263
4,AINR,trig,246,0,1,0,1,60.98860000020068,1.6089822053909302,0.8029814392328263
4,AINR,trig,247,0,1,0,1,49.77099999996426,1.616462230682373,0.8029814392328263
4,AINR,trig,248,0,1,0,1,51.6141999996762,1.4089007377624512,0.8029814392328263
4,AINR,trig,249,0,1,0,1,65.90460000006715,1.4138506650924683,0.8029814392328263
4,AINR,trig,250,0,1,0,1,57.49460000060935,1.6188939809799194,0.8029814392328263
4,AINR,trig,251,0,1,0,1,50.7010999999693,1.562576413154602,0.8029814392328263
4,AINR,trig,252,0,1,0,1,78.66370000010647,1.5732002258300781,0.8029814392328263
4,AINR,trig,253,0,1,0,1,53.62019999938639,1.481685996055603,0.8029814392328263
4,AINR,trig,254,0,1,0,1,68.40790000023844,1.5438852310180664,0.8029814392328263
4,AINR,trig,255,1,0,0,0,nan,1.5144009590148926,0.8029814392328263
4,AINR,trig,256,0,1,0,1,68.13099999999395,1.4998224973678589,0.8029814392328263
4,AINR,trig,257,0,1,0,1,54.50300000029529,1.3722405433654785,0.8029814392328263
4,AINR,trig,258,0,1,0,1,64.56380000054196,1.5702998638153076,0.8029814392328263
4,AINR,trig,259,0,1,0,1,63.99229999988165,1.4252556562423706,0.8029814392328263
4,AINR,trig,260,0,1,0,1,53.85100000057719,1.5221537351608276,0.8029814392328263
4,AINR,trig,261,1,0,0,0,nan,1.588855504989624,0.8029814392328263
4,AINR,trig,262,0,1,0,1,60.833999999886146,1.4270490407943726,0.8029814392328263
4,AINR,trig,263,0,1,0,1,69.77110000025277,1.6766647100448608,0.8029814392328263
4,AINR,trig,264,0,1,0,1,53.81440000019211,1.777630090713501,0.8029814392328263
4,AINR,trig,265,0,1,0,1,67.2432999999728,1.7483015060424805,0.8029814392328263
4,AINR,trig,266,0,1,0,1,62.07689999973809,1.6910492181777954,0.8029814392328263
4,AINR,trig,267,0,1,0,1,51.24210000030871,1.6740479469299316,0.8029814392328263
4,AINR,trig,268,0,1,0,1,72.4302999997235,1.5753129720687866,0.8029814392328263
4,AINR,trig,269,0,1,0,1,53.59069999940402,1.4593937397003174,0.8029814392328263
4,AINR,trig,270,0,1,0,1,63.486899999588786,1.5466761589050293,0.8029814392328263
4,AINR,trig,271,0,1,0,1,61.808100000234845,1.2797549962997437,0.8029814392328263
4,AINR,trig,272,0,1,0,1,58.09339999996155,1.609979510307312,0.8029814392328263
4,AINR,trig,273,0,1,0,1,69.0574000000197,1.6408641338348389,0.8029814392328263
4,AINR,trig,274,0,1,0,1,57.85439999999653,1.6852411031723022,0.8029814392328263
4,AINR,trig,275,0,1,0,1,58.825699999943026,1.5243932008743286,0.8029814392328263
4,AINR,trig,276,0,1,0,1,73.72029999987717,1.7056552171707153,0.8029814392328263
4,AINR,trig,277,0,1,0,1,56.12310000014986,1.5413671731948853,0.8029814392328263
4,AINR,trig,278,0,1,0,1,66.38339999972231,1.416205883026123,0.8029814392328263
4,AINR,trig,279,0,1,0,1,59.35200000021723,1.4064993858337402,0.8029814392328263
4,AINR,trig,280,0,1,0,1,51.74220000026253,1.5277892351150513,0.8029814392328263
4,AINR,trig,281,0,1,0,1,73.09940000050119,1.6924666166305542,0.8029814392328263
4,AINR,trig,282,0,1,0,1,55.75649999991583,1.5097383260726929,0.8029814392328263
4,AINR,trig,283,0,1,0,1,53.125599999475526,1.5601329803466797,0.8029814392328263
4,AINR,trig,284,0,1,0,1,72.2963999996864,1.6347264051437378,0.8029814392328263
4,AINR,trig,285,0,1,0,1,56.31470000025729,1.4793884754180908,0.8029814392328263
4,AINR,trig,286,0,1,0,1,71.76789999994071,1.5022222995758057,0.8029814392328263
4,AINR,trig,287,0,1,0,1,60.808400000496476,1.4723860025405884,0.8029814392328263
4,AINR,trig,288,0,1,0,1,59.081500000502274,1.6790250539779663,0.8029814392328263
4,AINR,trig,289,0,1,0,1,63.2673000000068,1.6747804880142212,0.8029814392328263
4,AINR,trig,290,0,1,0,1,52.24350000025879,1.4548890590667725,0.8029814392328263
4,AINR,trig,291,0,1,0,1,75.66440000027796,1.6009784936904907,0.8029814392328263
4,AINR,trig,292,0,1,0,1,52.70519999976386,1.593810796737671,0.8029814392328263
4,AINR,trig,293,0,1,0,1,71.20140000006359,1.5649505853652954,0.8029814392328263
4,AINR,trig,294,0,1,0,1,57.06390000068495,1.4615839719772339,0.8029814392328263
4,AINR,trig,295,0,1,0,1,63.12210000032792,1.558234453201294,0.8029814392328263
4,AINR,trig,296,0,1,0,1,57.890999999472115,1.5769933462142944,0.8029814392328263
4,AINR,trig,297,0,1,0,1,79.91730000048847,1.524756669998169,0.8029814392328263
4,AINR,trig,298,0,1,0,1,63.56390000019019,1.4581384658813477,0.8029814392328263
4,AINR,trig,299,0,1,0,1,59.13869999949384,1.605053186416626,0.8029814392328263
4,AINR,trig,300,0,1,0,1,54.981299999781186,1.6058212518692017,0.8029814392328263
4,AINR,trig,301,0,1,0,1,71.85209999988729,1.4680254459381104,0.8029814392328263
4,AINR,trig,302,0,1,0,1,56.81989999993675,1.6399739980697632,0.8029814392328263
4,AINR,trig,303,0,1,0,1,53.64480000025651,1.410815715789795,0.8029814392328263
4,AINR,trig,304,0,1,0,1,74.63330000064161,1.4419735670089722,0.8029814392328263
4,AINR,trig,305,0,1,0,1,58.9388999997027,1.4550617933273315,0.8029814392328263
4,AINR,trig,306,0,1,0,1,68.39010000021517,1.7435870170593262,0.8029814392328263
4,AINR,trig,307,0,1,0,1,57.6336000003721,1.620094656944275,0.8029814392328263
4,AINR,trig,308,0,1,0,1,51.824199999828124,1.4362704753875732,0.8029814392328263
4,AINR,trig,309,0,1,0,1,74.52190000003611,1.4483277797698975,0.8029814392328263
4,AINR,trig,310,0,1,0,1,55.624900000111666,1.6222047805786133,0.8029814392328263
4,AINR,trig,311,0,1,0,1,61.4542999992409,1.464377999305725,0.8029814392328263
4,AINR,trig,312,0,1,0,1,59.61970000043948,1.5412440299987793,0.8029814392328263
4,AINR,trig,313,0,1,0,1,56.22330000005604,1.3908522129058838,0.8029814392328263
4,AINR,trig,314,0,1,0,1,70.56029999966995,1.6622220277786255,0.8029814392328263
4,AINR,trig,315,0,1,0,1,55.70039999929577,1.3937127590179443,0.8029814392328263
4,AINR,trig,316,0,1,0,1,71.77140000021609,1.675459384918213,0.8029814392328263
4,AINR,trig,317,0,1,0,1,59.2863000001671,1.7228331565856934,0.8029814392328263
4,AINR,trig,318,0,1,0,1,50.2665000003617,1.634413719177246,0.8029814392328263
4,AINR,trig,319,0,1,0,1,72.45680000050925,1.402385950088501,0.8029814392328263
4,AINR,trig,320,0,1,0,1,56.45439999989321,1.5305451154708862,0.8029814392328263
4,AINR,trig,321,1,0,0,0,nan,1.542667269706726,0.8029814392328263
4,AINR,trig,322,1,0,0,0,nan,1.486258864402771,0.8029814392328263
4,AINR,trig,323,0,1,0,1,55.989499999668624,1.5413857698440552,0.8029814392328263
4,AINR,trig,324,0,1,0,1,49.71819999991567,1.6326714754104614,0.8029814392328263
4,AINR,trig,325,0,1,0,1,64.67330000032234,1.6788264513015747,0.8029814392328263
4,AINR,trig,326,0,1,0,1,57.22969999987981,1.668882966041565,0.8029814392328263
4,AINR,trig,327,0,1,0,1,55.48650000037014,1.457526683807373,0.8029814392328263
4,AINR,trig,328,0,1,0,1,56.8065999996179,1.4746373891830444,0.8029814392328263
4,AINR,trig,329,0,1,0,1,59.92499999956635,1.71434485912323,0.8029814392328263
4,AINR,trig,330,0,1,0,1,53.55710000003455,1.4299777746200562,0.8029814392328263
4,AINR,trig,331,0,1,0,1,65.33919999947102,1.389750361442566,0.8029814392328263
4,AINR,trig,332,0,1,0,1,60.43500000032509,1.545432209968567,0.8029814392328263
4,AINR,trig,333,0,1,0,1,55.23749999974825,1.4615670442581177,0.8029814392328263
4,AINR,trig,334,0,1,0,1,72.02229999984411,1.6354994773864746,0.8029814392328263
4,AINR,trig,335,0,1,0,1,92.73529999973107,1.276480793952942,0.8029814392328263
4,AINR,trig,336,0,1,0,1,65.13749999976426,1.4643123149871826,0.8029814392328263
4,AINR,trig,337,0,1,0,1,55.66670000007434,1.6004494428634644,0.8029814392328263
4,AINR,trig,338,0,1,0,1,55.64010000034614,1.4922187328338623,0.8029814392328263
4,AINR,trig,339,0,1,0,1,65.54469999991852,1.611365556716919,0.8029814392328263
4,AINR,trig,340,0,1,0,1,57.063400000515685,1.2873207330703735,0.8029814392328263
4,AINR,trig,341,0,1,0,1,59.39399999988382,1.4720852375030518,0.8029814392328263
4,AINR,trig,342,0,1,0,1,61.523700000179815,1.529406189918518,0.8029814392328263
4,AINR,trig,343,0,1,0,1,54.52419999983249,1.6018754243850708,0.8029814392328263
4,AINR,trig,344,0,1,0,1,70.13740000002144,1.633155345916748,0.8029814392328263
4,AINR,trig,345,0,1,0,1,56.76750000020547,1.663953185081482,0.8029814392328263
4,AINR,trig,346,0,1,0,1,53.51800000062212,1.3512722253799438,0.8029814392328263
4,AINR,trig,347,0,1,0,1,70.19080000009126,1.6164740324020386,0.8029814392328263
4,AINR,trig,348,0,1,0,1,55.418299999473675,1.6651065349578857,0.8029814392328263
4,AINR,trig,349,0,1,0,1,66.07220000023517,1.5481646060943604,0.8029814392328263
4,AINR,trig,350,0,1,0,1,57.70959999972547,1.5937901735305786,0.8029814392328263
4,AINR,trig,351,0,1,0,1,66.55939999927796,1.6138216257095337,0.8029814392328263
4,AINR,trig,352,0,1,0,1,57.86149999948975,1.3573027849197388,0.8029814392328263
4,AINR,trig,353,0,1,0,1,51.982899999529764,1.490614891052246,0.8029814392328263
4,AINR,trig,354,0,1,0,1,71.1553000001004,1.5613298416137695,0.8029814392328263
4,AINR,trig,355,0,1,0,1,57.32189999980619,1.4921501874923706,0.8029814392328263
4,AINR,trig,356,0,1,0,1,53.6790000005567,1.5717190504074097,0.8029814392328263
4,AINR,trig,357,0,1,0,1,69.62089999979071,1.4803251028060913,0.8029814392328263
4,AINR,trig,358,0,1,0,1,56.311000000278,1.5112968683242798,0.8029814392328263
4,AINR,trig,359,0,1,0,1,67.31250000029831,1.5673006772994995,0.8029814392328263
4,AINR,trig,360,0,1,0,1,60.43940000017756,1.5423080921173096,0.8029814392328263
4,AINR,trig,361,0,1,0,1,48.32540000006702,1.4553289413452148,0.8029814392328263
4,AINR,trig,362,0,1,0,1,65.4765999997835,1.3705949783325195,0.8029814392328263
4,AINR,trig,363,0,1,0,1,69.1819999992731,1.6156277656555176,0.8029814392328263
4,AINR,trig,364,0,1,0,1,53.63059999945108,1.63557767868042,0.8029814392328263
4,AINR,trig,365,0,1,0,1,53.1503000001976,1.5485249757766724,0.8029814392328263
4,AINR,trig,366,0,1,0,1,72.10189999932481,1.560538649559021,0.8029814392328263
4,AINR,trig,367,0,1,0,1,53.92299999948591,1.544069766998291,0.8029814392328263
4,AINR,trig,368,0,1,0,1,56.114800000614196,1.445842981338501,0.8029814392328263
4,AINR,trig,369,0,1,0,1,69.98349999958009,1.6671992540359497,0.8029814392328263
4,AINR,trig,370,0,1,0,1,54.976400000668946,1.3707727193832397,0.8029814392328263
4,AINR,trig,371,0,1,0,1,65.87769999987358,1.4891713857650757,0.8029814392328263
4,AINR,trig,372,0,1,0,1,62.11749999965832,1.630350112915039,0.8029814392328263
4,AINR,trig,373,1,0,0,0,nan,1.470805287361145,0.8029814392328263
4,AINR,trig,374,0,1,0,1,55.76680000012857,1.366241455078125,0.8029814392328263
4,AINR,trig,375,0,1,0,1,64.89140000030602,1.4033623933792114,0.8029814392328263
4,AINR,trig,376,0,1,0,1,63.21769999976823,1.6805610656738281,0.8029814392328263
4,AINR,trig,377,0,1,0,1,52.90880000029574,1.6163362264633179,0.8029814392328263
4,AINR,trig,378,0,1,0,1,59.27059999976336,1.507175087928772,0.8029814392328263
4,AINR,trig,379,0,1,0,1,61.84880000000703,1.5985225439071655,0.8029814392328263
4,AINR,trig,380,0,1,0,1,54.21010000009119,1.3739559650421143,0.8029814392328263
4,AINR,trig,381,1,0,0,0,nan,1.5616719722747803,0.8029814392328263
4,AINR,trig,382,0,1,0,1,53.35269999977754,1.5864624977111816,0.8029814392328263
4,AINR,trig,383,0,1,0,1,71.14640000054351,1.3621776103973389,0.8029814392328263
4,AINR,trig,384,0,1,0,1,59.47400000059133,1.5612531900405884,0.8029814392328263
4,AINR,trig,385,0,1,0,1,57.86649999936344,1.5849167108535767,0.8029814392328263
4,AINR,trig,386,0,1,0,1,65.94500000028347,1.4430322647094727,0.8029814392328263
4,AINR,trig,387,0,1,0,1,56.18070000036823,1.518832802772522,0.8029814392328263
4,AINR,trig,388,0,1,0,1,51.672700000381155,1.6004769802093506,0.8029814392328263
4,AINR,trig,389,0,1,0,1,74.30070000009437,1.59794282913208,0.8029814392328263
4,AINR,trig,390,0,1,0,1,55.42669999977079,1.5484412908554077,0.8029814392328263
4,AINR,trig,391,0,1,0,1,57.62219999996887,1.721389889717102,0.8029814392328263
4,AINR,trig,392,0,1,0,1,63.01249999978609,1.4177708625793457,0.8029814392328263
4,AINR,trig,393,0,1,0,1,55.63609999990149,1.5073713064193726,0.8029814392328263
4,AINR,trig,394,0,1,0,1,47.265499999411986,1.811964750289917,0.8029814392328263
4,AINR,trig,395,0,1,0,1,50.92300000069372,1.7631036043167114,0.8029814392328263
4,AINR,trig,396,0,1,0,1,52.047700000002806,1.5695936679840088,0.8029814392328263
4,AINR,trig,397,0,1,0,1,69.7641000006115,1.4389702081680298,0.8029814392328263
4,AINR,trig,398,0,1,0,1,57.15109999982815,1.4446815252304077,0.8029814392328263
4,AINR,trig,399,0,1,0,1,57.67230000037671,1.5257704257965088,0.8029814392328263
4,AINR,trig,400,0,1,0,1,69.21479999982694,1.3859378099441528,0.8029814392328263
4,AINR,trig,401,0,1,0,1,57.41259999922477,1.725440263748169,0.8029814392328263
4,AINR,trig,402,0,1,0,1,61.112100000173086,1.5808387994766235,0.8029814392328263
4,AINR,trig,403,0,1,0,1,68.81700000030833,1.6732327938079834,0.8029814392328263
4,AINR,trig,404,0,1,0,1,56.8303999998534,1.5759881734848022,0.8029814392328263
4,AINR,trig,405,0,1,0,1,57.352499999979045,1.4781526327133179,0.8029814392328263
4,AINR,trig,406,0,1,0,1,69.26320000002306,1.54368257522583,0.8029814392328263
4,AINR,trig,407,0,1,0,1,54.204699999900186,1.6448255777359009,0.8029814392328263
4,AINR,trig,408,0,1,0,1,62.213100000008126,1.5210578441619873,0.8029814392328263
4,AINR,trig,409,0,1,0,1,65.73650000063935,1.4152662754058838,0.8029814392328263
4,AINR,trig,410,0,1,0,1,54.938899999797286,1.4082543849945068,0.8029814392328263
4,AINR,trig,411,0,1,0,1,70.24590000037279,1.5141810178756714,0.8029814392328263
4,AINR,trig,412,0,1,0,1,58.53509999997186,1.6012089252471924,0.8029814392328263
4,AINR,trig,413,0,1,0,1,51.01569999987987,1.7138588428497314,0.8029814392328263
4,AINR,trig,414,0,1,0,1,72.23390000035579,1.3008543252944946,0.8029814392328263
4,AINR,trig,415,0,1,0,1,55.865600000288396,1.2558010816574097,0.8029814392328263
4,AINR,trig,416,0,1,0,1,55.145899999843095,1.5124515295028687,0.8029814392328263
4,AINR,trig,417,0,1,0,1,72.15330000053655,1.5774644613265991,0.8029814392328263
4,AINR,trig,418,0,1,0,1,56.3971000001402,1.5244501829147339,0.8029814392328263
4,AINR,trig,419,0,1,0,1,67.11360000008426,1.5963027477264404,0.8029814392328263
4,AINR,trig,420,0,1,0,1,67.52120000055584,1.4890798330307007,0.8029814392328263
4,AINR,trig,421,0,1,0,1,53.93430000003718,1.5947548151016235,0.8029814392328263
4,AINR,trig,422,0,1,0,1,77.8307999999015,1.4058725833892822,0.8029814392328263
4,AINR,trig,423,0,1,0,1,56.326699999772245,1.4539470672607422,0.8029814392328263
4,AINR,trig,424,0,1,0,1,63.47460000051797,1.5103663206100464,0.8029814392328263
4,AINR,trig,425,0,1,0,1,65.73970000044937,1.512846827507019,0.8029814392328263
4,AINR,trig,426,0,1,0,1,53.70229999971343,1.5356578826904297,0.8029814392328263
4,AINR,trig,427,0,1,0,1,74.95360000029905,1.5990488529205322,0.8029814392328263
4,AINR,trig,428,0,1,0,1,57.53240000012738,1.440014123916626,0.8029814392328263
4,AINR,trig,429,0,1,0,1,50.04430000008142,1.4184614419937134,0.8029814392328263
4,AINR,trig,430,0,1,0,1,65.07030000011582,1.392357349395752,0.8029814392328263
4,AINR,trig,431,0,1,0,1,60.592199999518925,1.5616506338119507,0.8029814392328263
4,AINR,trig,432,0,1,0,1,53.424799999447714,1.4711651802062988,0.8029814392328263
4,AINR,trig,433,0,1,0,1,65.41420000030485,1.4548643827438354,0.8029814392328263
4,AINR,trig,434,0,1,0,1,61.92590000046039,1.3396611213684082,0.8029814392328263
4,AINR,trig,435,0,1,0,1,54.852199999913864,1.5488035678863525,0.8029814392328263
4,AINR,trig,436,0,1,0,1,60.919799999282986,1.3157708644866943,0.8029814392328263
4,AINR,trig,437,0,1,0,1,61.09539999943081,1.47514808177948,0.8029814392328263
4,AINR,trig,438,0,1,0,1,59.00149999979476,1.5205105543136597,0.8029814392328263
4,AINR,trig,439,0,1,0,1,55.07980000038515,1.3762441873550415,0.8029814392328263
4,AINR,trig,440,0,1,0,1,56.18450000019948,1.4931632280349731,0.8029814392328263
4,AINR,trig,441,0,1,0,1,70.58800000049814,1.6701205968856812,0.8029814392328263
4,AINR,trig,442,0,1,0,1,58.19210000026942,1.7258505821228027,0.8029814392328263
4,AINR,trig,443,0,1,0,1,53.74299999948562,1.4496082067489624,0.8029814392328263
4,AINR,trig,444,0,1,0,1,55.30480000015814,1.704585075378418,0.8029814392328263
4,AINR,trig,445,0,1,0,1,61.09509999987495,1.322428584098816,0.8029814392328263
4,AINR,trig,446,0,1,0,1,57.25830000028509,1.5326988697052002,0.8029814392328263
4,AINR,trig,447,0,1,0,1,68.40620000002673,1.50175940990448,0.8029814392328263
4,AINR,trig,448,0,1,0,1,56.499499999517866,1.3763089179992676,0.8029814392328263
4,AINR,trig,449,0,1,0,1,65.5730999997104,1.7001962661743164,0.8029814392328263
4,AINR,trig,450,0,1,0,1,62.8777000001719,1.5959559679031372,0.8029814392328263
4,AINR,trig,451,0,1,0,1,51.63589999938267,1.4193072319030762,0.8029814392328263
4,AINR,trig,452,0,1,0,1,71.4176999999836,1.4247193336486816,0.8029814392328263
4,AINR,trig,453,0,1,0,1,58.25390000063635,1.6243864297866821,0.8029814392328263
4,AINR,trig,454,0,1,0,1,63.146299999971234,1.5006052255630493,0.8029814392328263
4,AINR,trig,455,0,1,0,1,62.35150000065914,1.6559432744979858,0.8029814392328263
4,AINR,trig,456,0,1,0,1,54.81159999999363,1.5846624374389648,0.8029814392328263
4,AINR,trig,457,0,1,0,1,58.38630000016565,1.292057752609253,0.8029814392328263
4,AINR,trig,458,0,1,0,1,67.7244000007704,1.39523184299469,0.8029814392328263
4,AINR,trig,459,0,1,0,1,54.10759999995207,1.409788966178894,0.8029814392328263
4,AINR,trig,460,0,1,0,1,55.93399999997928,1.4213231801986694,0.8029814392328263
4,AINR,trig,461,0,1,0,1,69.7494000005463,1.730452537536621,0.8029814392328263
4,AINR,trig,462,0,1,0,1,52.53110000012384,1.7516558170318604,0.8029814392328263
4,AINR,trig,463,0,1,0,1,63.39829999978974,1.4807357788085938,0.8029814392328263
4,AINR,trig,464,0,1,0,1,56.77470000046014,1.664836049079895,0.8029814392328263
4,AINR,trig,465,0,1,0,1,63.45049999981711,1.7853320837020874,0.8029814392328263
4,AINR,trig,466,0,1,0,1,60.480899999674875,1.5508995056152344,0.8029814392328263
4,AINR,trig,467,1,0,0,0,nan,1.4293806552886963,0.8029814392328263
4,AINR,trig,468,0,1,0,1,58.1276999992042,1.540650486946106,0.8029814392328263
4,AINR,trig,469,0,1,0,1,62.11189999976341,1.4965214729309082,0.8029814392328263
4,AINR,trig,470,0,1,0,1,72.0632000002297,1.3922288417816162,0.8029814392328263
4,AINR,trig,471,0,1,0,1,55.43330000000424,1.5304393768310547,0.8029814392328263
4,AINR,trig,472,0,1,0,1,60.751600000003236,1.384539008140564,0.8029814392328263
4,AINR,trig,473,0,1,0,1,65.50790000073903,1.4440608024597168,0.8029814392328263
4,AINR,trig,474,0,1,0,1,52.61969999992289,1.4396542310714722,0.8029814392328263
4,AINR,trig,475,0,1,0,1,57.7064999997674,1.4996089935302734,0.8029814392328263
4,AINR,trig,476,0,1,0,1,70.75519999943936,1.4934015274047852,0.8029814392328263
4,AINR,trig,477,0,1,0,1,57.44240000058198,1.379169225692749,0.8029814392328263
4,AINR,trig,478,0,1,0,1,62.31389999993553,1.524338722229004,0.8029814392328263
4,AINR,trig,479,0,1,0,1,66.56539999949018,1.6315677165985107,0.8029814392328263
4,AINR,trig,480,0,1,0,1,55.9066999994684,1.4904733896255493,0.8029814392328263
4,AINR,trig,481,0,1,0,1,64.02559999969526,1.5925801992416382,0.8029814392328263
4,AINR,trig,482,0,1,0,1,62.196299999413895,1.4232666492462158,0.8029814392328263
4,AINR,trig,483,0,1,0,1,54.49940000016795,1.2936371564865112,0.8029814392328263
4,AINR,trig,484,0,1,0,1,67.97230000029231,1.686941385269165,0.8029814392328263
4,AINR,trig,485,0,1,0,1,60.1464000001215,1.4345405101776123,0.8029814392328263
4,AINR,trig,486,0,1,0,1,53.11190000065835,1.537299633026123,0.8029814392328263
4,AINR,trig,487,0,1,0,1,68.73369999993884,1.4704393148422241,0.8029814392328263
4,AINR,trig,488,0,1,0,1,69.08040000053006,1.4168643951416016,0.8029814392328263
4,AINR,trig,489,0,1,0,1,56.19010000009439,1.7013983726501465,0.8029814392328263
4,AINR,trig,490,0,1,0,1,59.32429999938904,1.6224581003189087,0.8029814392328263
4,AINR,trig,491,0,1,0,1,60.27410000024247,1.5527992248535156,0.8029814392328263
4,AINR,trig,492,0,1,0,1,52.87880000014411,1.492660641670227,0.8029814392328263
4,AINR,trig,493,0,1,0,1,67.14689999989787,1.5618934631347656,0.8029814392328263
4,AINR,trig,494,0,1,0,1,63.60709999989922,1.5204603672027588,0.8029814392328263
4,AINR,trig,495,0,1,0,1,53.80150000019057,1.702134370803833,0.8029814392328263
4,AINR,trig,496,0,1,0,1,72.18980000016018,1.3610838651657104,0.8029814392328263
4,AINR,trig,497,0,1,0,1,57.70979999942938,1.4720591306686401,0.8029814392328263
4,AINR,trig,498,0,1,0,1,65.56339999951888,1.6098681688308716,0.8029814392328263
4,AINR,trig,499,0,1,0,1,69.38549999995303,1.658132791519165,0.8029814392328263
4,AINR,trig,500,0,1,0,1,57.13850000029197,1.4952625036239624,0.8029814392328263
4,AINR,trig,501,0,1,0,1,63.390399999661895,1.8170015811920166,0.8029814392328263
4,AINR,trig,502,0,1,0,1,64.89510000028531,1.5453842878341675,0.8029814392328263
4,AINR,trig,503,0,1,0,1,52.832999999736785,1.6321732997894287,0.8029814392328263
4,AINR,trig,504,0,1,0,1,68.08780000028491,1.4107868671417236,0.8029814392328263
4,AINR,trig,505,0,1,0,1,60.529599999426864,1.384080410003662,0.8029814392328263
4,AINR,trig,506,0,1,0,1,48.291299999618786,1.5380380153656006,0.8029814392328263
4,AINR,trig,507,0,1,0,1,71.53219999963767,1.474324107170105,0.8029814392328263
4,AINR,trig,508,0,1,0,1,57.62900000081572,1.5042860507965088,0.8029814392328263
4,AINR,trig,509,0,1,0,1,70.69870000032097,1.5741342306137085,0.8029814392328263
4,AINR,trig,510,0,1,0,1,61.95079999997688,1.3613533973693848,0.8029814392328263
4,AINR,trig,511,0,1,0,1,53.57299999923271,1.662606120109558,0.8029814392328263
4,AINR,trig,512,0,1,0,1,70.648899999469,1.5464723110198975,0.8029814392328263
4,AINR,trig,513,0,1,0,1,56.48529999962193,1.4766942262649536,0.8029814392328263
4,AINR,trig,514,0,1,0,1,66.32300000001123,1.5262311697006226,0.8029814392328263
4,AINR,trig,515,0,1,0,1,64.18930000018008,1.6644455194473267,0.8029814392328263
4,AINR,trig,516,0,1,0,1,52.17770000035671,1.5858913660049438,0.8029814392328263
4,AINR,trig,517,0,1,0,1,64.01509999977861,1.4232300519943237,0.8029814392328263
4,AINR,trig,518,0,1,0,1,69.0309999999954,1.518756628036499,0.8029814392328263
4,AINR,trig,519,0,1,0,1,55.65970000043308,1.416399359703064,0.8029814392328263
4,AINR,trig,520,0,1,0,1,67.39759999982198,1.5111823081970215,0.8029814392328263
4,AINR,trig,521,0,1,0,1,59.43399999978283,1.5108075141906738,0.8029814392328263
4,AINR,trig,522,0,1,0,1,61.05039999965811,1.4172394275665283,0.8029814392328263
4,AINR,trig,523,0,1,0,1,66.23760000002221,1.3596762418746948,0.8029814392328263
4,AINR,trig,524,0,1,0,1,56.999099999302416,1.5140461921691895,0.8029814392328263
4,AINR,trig,525,0,1,0,1,56.13480000010895,1.561720609664917,0.8029814392328263
4,AINR,trig,526,0,1,0,1,63.966400000026624,1.6365511417388916,0.8029814392328263
4,AINR,trig,527,0,1,0,1,51.73629999990226,1.539760947227478,0.8029814392328263
4,AINR,trig,528,0,1,0,1,67.75250000009692,1.6334811449050903,0.8029814392328263
4,AINR,trig,529,0,1,0,1,59.478199999830395,1.638031244277954,0.8029814392328263
4,AINR,trig,530,0,1,0,1,54.723500000363856,1.46149742603302,0.8029814392328263
4,AINR,trig,531,0,1,0,1,64.40329999986716,1.584299921989441,0.8029814392328263
4,AINR,trig,532,0,1,0,1,62.00339999941207,1.441300630569458,0.8029814392328263
4,AINR,trig,533,0,1,0,1,57.53469999945082,1.3907190561294556,0.8029814392328263
4,AINR,trig,534,0,1,0,1,62.71709999964514,1.4786723852157593,0.8029814392328263
4,AINR,trig,535,0,1,0,1,50.68840000058117,1.5283584594726562,0.8029814392328263
4,AINR,trig,536,0,1,0,1,50.441599999430764,1.39524507522583,0.8029814392328263
4,AINR,trig,537,0,1,0,1,72.9910000000018,1.3964933156967163,0.8029814392328263
4,AINR,trig,538,0,1,0,1,59.48119999993651,1.4837802648544312,0.8029814392328263
4,AINR,trig,539,0,1,0,1,70.5988999998226,1.8118239641189575,0.8029814392328263
4,AINR,trig,540,0,1,0,1,56.595000000015716,1.4645415544509888,0.8029814392328263
4,AINR,trig,541,0,1,0,1,58.05069999951229,1.5336006879806519,0.8029814392328263
4,AINR,trig,542,0,1,0,1,70.23979999939911,1.5539263486862183,0.8029814392328263
4,AINR,trig,543,0,1,0,1,56.61179999970045,1.6391841173171997,0.8029814392328263
4,AINR,trig,544,0,1,0,1,52.67690000073344,1.3845832347869873,0.8029814392328263
4,AINR,trig,545,0,1,0,1,71.0917000005793,1.4048709869384766,0.8029814392328263
4,AINR,trig,546,0,1,0,1,59.15519999962271,1.5880252122879028,0.8029814392328263
4,AINR,trig,547,0,1,0,1,53.35240000022168,1.4788703918457031,0.8029814392328263
4,AINR,trig,548,0,1,0,1,69.53909999992902,1.5547120571136475,0.8029814392328263
4,AINR,trig,549,0,1,0,1,56.63120000008348,1.4835604429244995,0.8029814392328263
4,AINR,trig,550,0,1,0,1,51.49840000012773,1.5921282768249512,0.8029814392328263
4,AINR,trig,551,0,1,0,1,70.17590000032214,1.6437495946884155,0.8029814392328263
4,AINR,trig,552,0,1,0,1,55.238299999473384,1.5771516561508179,0.8029814392328263
4,AINR,trig,553,0,1,0,1,53.32980000002863,1.5369747877120972,0.8029814392328263
4,AINR,trig,554,0,1,0,1,57.85539999942557,1.5135082006454468,0.8029814392328263
4,AINR,trig,555,0,1,0,1,63.73959999928047,1.4812244176864624,0.8029814392328263
4,AINR,trig,556,0,1,0,1,56.61010000039823,1.381440281867981,0.8029814392328263
4,AINR,trig,557,0,1,0,1,60.40070000017295,1.5372778177261353,0.8029814392328263
4,AINR,trig,558,0,1,0,1,68.22469999951863,1.4888378381729126,0.8029814392328263
4,AINR,trig,559,0,1,0,1,55.44330000066111,1.4102375507354736,0.8029814392328263
4,AINR,trig,560,0,1,0,1,50.69129999992583,1.591418981552124,0.8029814392328263
4,AINR,trig,561,0,1,0,1,61.27770000057353,1.3388543128967285,0.8029814392328263
4,AINR,trig,562,0,1,0,1,66.15460000011808,1.514771580696106,0.8029814392328263
4,AINR,trig,563,0,1,0,1,57.146600000123726,1.3719648122787476,0.8029814392328263
4,AINR,trig,564,0,1,0,1,51.88209999960236,1.5917292833328247,0.8029814392328263
4,AINR,trig,565,0,1,0,1,69.99350000023696,1.5876948833465576,0.8029814392328263
4,AINR,trig,566,0,1,0,1,56.40320000020438,1.40130615234375,0.8029814392328263
4,AINR,trig,567,0,1,0,1,69.90680000035354,1.3949016332626343,0.8029814392328263
4,AINR,trig,568,0,1,0,1,59.439100000417966,1.6870381832122803,0.8029814392328263
4,AINR,trig,569,0,1,0,1,55.97879999913857,1.5311392545700073,0.8029814392328263
4,AINR,trig,570,0,1,0,1,71.76410000010947,1.4004522562026978,0.8029814392328263
4,AINR,trig,571,0,1,0,1,56.38189999990573,1.3393988609313965,0.8029814392328263
4,AINR,trig,572,0,1,0,1,61.9922999994742,1.2992395162582397,0.8029814392328263
4,AINR,trig,573,0,1,0,1,62.50910000017029,1.428672194480896,0.8029814392328263
4,AINR,trig,574,1,0,0,0,nan,1.6409906148910522,0.8029814392328263
4,AINR,trig,575,0,1,0,1,52.664600000753126,1.4822962284088135,0.8029814392328263
4,AINR,trig,576,0,1,0,1,64.24070000048232,1.6233336925506592,0.8029814392328263
4,AINR,trig,577,0,1,0,1,58.048199999575445,1.451603889465332,0.8029814392328263
4,AINR,trig,578,0,1,0,1,53.35650000051828,1.329025149345398,0.8029814392328263
4,AINR,trig,579,0,1,0,1,81.31419999972422,1.4818171262741089,0.8029814392328263
4,AINR,trig,580,0,1,0,1,55.44170000030135,1.5430908203125,0.8029814392328263
4,AINR,trig,581,0,1,0,1,59.08999999974185,1.5399876832962036,0.8029814392328263
4,AINR,trig,582,0,1,0,1,62.00760000047012,1.7658685445785522,0.8029814392328263
4,AINR,trig,583,0,1,0,1,56.71070000062173,1.708484411239624,0.8029814392328263
4,AINR,trig,584,0,1,0,1,59.7925000001851,1.2066559791564941,0.8029814392328263
4,AINR,trig,585,0,1,0,1,68.50889999986975,1.4306899309158325,0.8029814392328263
4,AINR,trig,586,0,1,0,1,57.686500000272645,1.3683289289474487,0.8029814392328263
4,AINR,trig,587,0,1,0,1,47.04250000031607,1.6434541940689087,0.8029814392328263
4,AINR,trig,588,0,1,0,1,69.48449999981676,1.599579095840454,0.8029814392328263
4,AINR,trig,589,0,1,0,1,56.728100000327686,1.4626065492630005,0.8029814392328263
4,AINR,trig,590,0,1,0,1,56.46600000000035,1.6515494585037231,0.8029814392328263
4,AINR,trig,591,0,1,0,1,67.25040000037552,1.654011607170105,0.8029814392328263
4,AINR,trig,592,0,1,0,1,54.57050000040908,1.6267956495285034,0.8029814392328263
4,AINR,trig,593,0,1,0,1,66.28860000000714,1.7135217189788818,0.8029814392328263
4,AINR,trig,594,0,1,0,1,61.804400000255555,1.523895502090454,0.8029814392328263
4,AINR,trig,595,0,1,0,1,54.756499999712105,1.301692008972168,0.8029814392328263
4,AINR,trig,596,0,1,0,1,72.43870000002062,1.449602484703064,0.8029814392328263
4,AINR,trig,597,0,1,0,1,58.38989999938349,1.6307227611541748,0.8029814392328263
4,AINR,trig,598,0,1,0,1,68.05910000002768,1.3794240951538086,0.8029814392328263
4,AINR,trig,599,0,1,0,1,63.510199999655015,1.4969913959503174,0.8029814392328263
4,AINR,trig,600,0,1,0,1,57.6853000002302,1.5207256078720093,0.8029814392328263
4,AINR,trig,601,0,1,0,1,66.77399999989575,1.6085907220840454,0.8029814392328263
4,AINR,trig,602,0,1,0,1,57.288400000288675,1.6373428106307983,0.8029814392328263
4,AINR,trig,603,0,1,0,1,62.05409999984113,1.5473331212997437,0.8029814392328263
4,AINR,trig,604,0,1,0,1,65.05769999967015,1.4609626531600952,0.8029814392328263
4,AINR,trig,605,0,1,0,1,54.70450000029814,1.3720393180847168,0.8029814392328263
4,AINR,trig,606,0,1,0,1,67.64970000040194,1.366374135017395,0.8029814392328263
4,AINR,trig,607,0,1,0,1,59.02929999956541,1.5770461559295654,0.8029814392328263
4,AINR,trig,608,0,1,0,1,61.88150000070891,1.5190283060073853,0.8029814392328263
4,AINR,trig,609,0,1,0,1,57.24319999990257,1.5368332862854004,0.8029814392328263
4,AINR,trig,610,0,1,0,1,65.9393000005366,1.43475341796875,0.8029814392328263
4,AINR,trig,611,0,1,0,1,58.97669999922073,1.6286860704421997,0.8029814392328263
4,AINR,trig,612,0,1,0,1,50.6269000006796,1.4575629234313965,0.8029814392328263
4,AINR,trig,613,0,1,0,1,65.9654999999475,1.40682852268219,0.8029814392328263
4,AINR,trig,614,0,1,0,1,59.367099999690254,1.5245065689086914,0.8029814392328263
4,AINR,trig,615,0,1,0,1,50.56940000031318,1.6704195737838745,0.8029814392328263
4,AINR,trig,616,0,1,0,1,72.08580000042275,1.5902044773101807,0.8029814392328263
4,AINR,trig,617,0,1,0,1,54.367200000342564,1.426593542098999,0.8029814392328263
4,AINR,trig,618,0,1,0,1,51.34139999972831,1.574013590812683,0.8029814392328263
4,AINR,trig,619,0,1,0,1,73.34179999998014,1.5349245071411133,0.8029814392328263
4,AINR,trig,620,0,1,0,1,57.90869999964343,1.3916164636611938,0.8029814392328263
4,AINR,trig,621,1,0,0,0,nan,1.4661741256713867,0.8029814392328263
4,AINR,trig,622,0,1,0,1,53.65799999981391,1.5703948736190796,0.8029814392328263
4,AINR,trig,623,0,1,0,1,65.44699999994918,1.391287922859192,0.8029814392328263
4,AINR,trig,624,0,1,0,1,59.79420000039681,1.5309656858444214,0.8029814392328263
4,AINR,trig,625,0,1,0,1,54.40230000021984,1.5761750936508179,0.8029814392328263
4,AINR,trig,626,0,1,0,1,59.6332999994047,1.5405017137527466,0.8029814392328263
4,AINR,trig,627,0,1,0,1,69.7517999997217,1.5924118757247925,0.8029814392328263
4,AINR,trig,628,0,1,0,1,57.24859999918408,1.5380419492721558,0.8029814392328263
4,AINR,trig,629,0,1,0,1,58.73710000014398,1.473010778427124,0.8029814392328263
4,AINR,trig,630,0,1,0,1,68.14649999978428,1.524371862411499,0.8029814392328263
4,AINR,trig,631,0,1,0,1,56.53820000043197,1.5534592866897583,0.8029814392328263
4,AINR,trig,632,0,1,0,1,54.85289999978704,1.5809516906738281,0.8029814392328263
4,AINR,trig,633,0,1,0,1,62.53299999934825,1.4456140995025635,0.8029814392328263
4,AINR,trig,634,0,1,0,1,53.05709999993269,1.4372609853744507,0.8029814392328263
4,AINR,trig,635,0,1,0,1,63.33999999969819,1.4159870147705078,0.8029814392328263
4,AINR,trig,636,0,1,0,1,62.52599999970698,1.477881908416748,0.8029814392328263
4,AINR,trig,637,0,1,0,1,56.19939999996859,1.5376819372177124,0.8029814392328263
4,AINR,trig,638,0,1,0,1,60.29140000009647,1.5431886911392212,0.8029814392328263
4,AINR,trig,639,0,1,0,1,64.5635000000766,1.5228105783462524,0.8029814392328263
4,AINR,trig,640,0,1,0,1,56.7854000000807,1.469606637954712,0.8029814392328263
4,AINR,trig,641,0,1,0,1,65.74929999987944,1.380698561668396,0.8029814392328263
4,AINR,trig,642,0,1,0,1,56.44589999974414,1.5130525827407837,0.8029814392328263
4,AINR,trig,643,0,1,0,1,52.40109999976994,1.545619249343872,0.8029814392328263
4,AINR,trig,644,0,1,0,1,70.3944999995656,1.6331733465194702,0.8029814392328263
4,AINR,trig,645,0,1,0,1,57.58590000004915,1.4614051580429077,0.8029814392328263
4,AINR,trig,646,0,1,0,1,56.64530000012746,1.6114741563796997,0.8029814392328263
4,AINR,trig,647,0,1,0,1,67.12059999972553,1.4413704872131348,0.8029814392328263
4,AINR,trig,648,0,1,0,1,56.66489999930491,1.6118419170379639,0.8029814392328263
4,AINR,trig,649,0,1,0,1,60.55430000014894,1.499513864517212,0.8029814392328263
4,AINR,trig,650,0,1,0,1,69.14779999988241,1.4611902236938477,0.8029814392328263
4,AINR,trig,651,0,1,0,1,52.83959999997023,1.4346394538879395,0.8029814392328263
4,AINR,trig,652,0,1,0,1,62.703200000214565,1.5540618896484375,0.8029814392328263
4,AINR,trig,653,0,1,0,1,59.55709999943792,1.454311728477478,0.8029814392328263
4,AINR,trig,654,0,1,0,1,55.49640000026557,1.5015925168991089,0.8029814392328263
4,AINR,trig,655,0,1,0,1,68.88190000063332,1.4657374620437622,0.8029814392328263
4,AINR,trig,656,0,1,0,1,56.71410000013566,1.4572921991348267,0.8029814392328263
4,AINR,trig,657,0,1,0,1,51.070000000436266,1.5214341878890991,0.8029814392328263
4,AINR,trig,658,0,1,0,1,58.51830000028713,1.4445641040802002,0.8029814392328263
4,AINR,trig,659,0,1,0,1,68.80350000028557,1.618639588356018,0.8029814392328263
4,AINR,trig,660,0,1,0,1,57.65299999984563,1.3834950923919678,0.8029814392328263
4,AINR,trig,661,0,1,0,1,66.54920000073616,1.5914525985717773,0.8029814392328263
4,AINR,trig,662,0,1,0,1,62.98590000005788,1.7967019081115723,0.8029814392328263
4,AINR,trig,663,0,1,0,1,55.54389999997511,1.5410329103469849,0.8029814392328263
4,AINR,trig,664,0,1,0,1,67.32560000000376,1.636566162109375,0.8029814392328263
4,AINR,trig,665,0,1,0,1,57.56530000053317,1.554114818572998,0.8029814392328263
4,AINR,trig,666,0,1,0,1,59.47740000010526,1.5093117952346802,0.8029814392328263
4,AINR,trig,667,0,1,0,1,70.59360000039305,1.652760624885559,0.8029814392328263
4,AINR,trig,668,1,0,0,0,nan,1.575668454170227,0.8029814392328263
4,AINR,trig,669,0,1,0,1,57.85139999989042,1.444379210472107,0.8029814392328263
4,AINR,trig,670,0,1,0,1,49.086100000749866,1.444847583770752,0.8029814392328263
4,AINR,trig,671,0,1,0,1,68.00539999949251,1.8182032108306885,0.8029814392328263
4,AINR,trig,672,0,1,0,1,56.876800000281946,1.4309473037719727,0.8029814392328263
4,AINR,trig,673,0,1,0,1,53.731599999991886,1.6376054286956787,0.8029814392328263
4,AINR,trig,674,0,1,0,1,69.61169999976846,1.3996487855911255,0.8029814392328263
4,AINR,trig,675,0,1,0,1,60.95460000051389,1.623592734336853,0.8029814392328263
4,AINR,trig,676,0,1,0,1,53.66489999960322,1.4891587495803833,0.8029814392328263
4,AINR,trig,677,0,1,0,1,71.16380000024947,1.340072751045227,0.8029814392328263
4,AINR,trig,678,0,1,0,1,59.20529999912105,1.4378716945648193,0.8029814392328263
4,AINR,trig,679,0,1,0,1,50.67349999990256,1.675886869430542,0.8029814392328263
4,AINR,trig,680,0,1,0,1,47.96799999985524,1.5318459272384644,0.8029814392328263
4,AINR,trig,681,0,1,0,1,67.20399999994697,1.548740029335022,0.8029814392328263
4,AINR,trig,682,0,1,0,1,58.099299999412324,1.576979637145996,0.8029814392328263
4,AINR,trig,683,0,1,0,1,69.22089999989112,1.5497890710830688,0.8029814392328263
4,AINR,trig,684,0,1,0,1,55.360100000143575,1.3351978063583374,0.8029814392328263
4,AINR,trig,685,0,1,0,1,68.0224999996426,1.5206916332244873,0.8029814392328263
4,AINR,trig,686,0,1,0,1,55.67059999975754,1.2620443105697632,0.8029814392328263
4,AINR,trig,687,0,1,0,1,53.35839999952441,1.4849448204040527,0.8029814392328263
4,AINR,trig,688,0,1,0,1,69.4736000004923,1.740926742553711,0.8029814392328263
4,AINR,trig,689,0,1,0,1,55.30949999956647,1.5495622158050537,0.8029814392328263
4,AINR,trig,690,0,1,0,1,62.8857000001517,1.4042632579803467,0.8029814392328263
4,AINR,trig,691,0,1,0,1,65.60630000058154,1.3547555208206177,0.8029814392328263
4,AINR,trig,692,0,1,0,1,55.94960000053106,1.5787080526351929,0.8029814392328263
4,AINR,trig,693,0,1,0,1,56.744999999864376,1.6745855808258057,0.8029814392328263
4,AINR,trig,694,0,1,0,1,70.58129999950324,1.44381582736969,0.8029814392328263
4,AINR,trig,695,0,1,0,1,58.8196999997308,1.4360711574554443,0.8029814392328263
4,AINR,trig,696,1,0,0,0,nan,1.5167635679244995,0.8029814392328263
4,AINR,trig,697,0,1,0,1,54.77119999977731,1.5678762197494507,0.8029814392328263
4,AINR,trig,698,0,1,0,1,70.61999999950785,1.2985543012619019,0.8029814392328263
4,AINR,trig,699,0,1,0,1,57.349199999407574,1.2900114059448242,0.8029814392328263
4,AINR,trig,700,0,1,0,1,62.455400000544614,1.549452304840088,0.8029814392328263
4,AINR,trig,701,0,1,0,1,62.809399999423476,1.633054494857788,0.8029814392328263
4,AINR,trig,702,0,1,0,1,53.80600000080449,1.5934455394744873,0.8029814392328263
4,AINR,trig,703,0,1,0,1,61.66209999992134,1.5041834115982056,0.8029814392328263
4,AINR,trig,704,0,1,0,1,65.5404000008275,1.432146668434143,0.8029814392328263
4,AINR,trig,705,0,1,0,1,53.52889999994659,1.4674327373504639,0.8029814392328263
4,AINR,trig,706,0,1,0,1,66.5313999998034,1.6126078367233276,0.8029814392328263
4,AINR,trig,707,0,1,0,1,60.651400000097055,1.5432515144348145,0.8029814392328263
4,AINR,trig,708,0,1,0,1,55.82479999975476,1.4939501285552979,0.8029814392328263
4,AINR,trig,709,0,1,0,1,66.88349999967613,1.482588529586792,0.8029814392328263
4,AINR,trig,710,0,1,0,1,58.67020000005141,1.680330753326416,0.8029814392328263
4,AINR,trig,711,0,1,0,1,62.751899999966554,1.2950798273086548,0.8029814392328263
4,AINR,trig,712,0,1,0,1,63.925100000233215,1.540825366973877,0.8029814392328263
4,AINR,trig,713,0,1,0,1,55.07729999953881,1.6184134483337402,0.8029814392328263
4,AINR,trig,714,0,1,0,1,58.28139999994164,1.4291173219680786,0.8029814392328263
4,AINR,trig,715,0,1,0,1,64.4218000006731,1.4786121845245361,0.8029814392328263
4,AINR,trig,716,0,1,0,1,55.165300000226125,1.5256094932556152,0.8029814392328263
4,AINR,trig,717,0,1,0,1,60.15139999999519,1.349031686782837,0.8029814392328263
4,AINR,trig,718,0,1,0,1,62.82120000014402,1.52734375,0.8029814392328263
4,AINR,trig,719,0,1,0,1,56.97980000059033,1.455578327178955,0.8029814392328263
4,AINR,trig,720,0,1,0,1,59.78139999933774,1.4822642803192139,0.8029814392328263
4,AINR,trig,721,0,1,0,1,64.74139999954787,1.5500088930130005,0.8029814392328263
4,AINR,trig,722,1,0,0,0,nan,1.403376579284668,0.8029814392328263
4,AINR,trig,723,0,1,0,1,56.233899999824644,1.6277636289596558,0.8029814392328263
4,AINR,trig,724,0,1,0,1,59.87329999970825,1.6263419389724731,0.8029814392328263
4,AINR,trig,725,0,1,0,1,64.05489999997371,1.6273308992385864,0.8029814392328263
4,AINR,trig,726,0,1,0,1,54.08540000007633,1.3996362686157227,0.8029814392328263
4,AINR,trig,727,0,1,0,1,62.91669999973237,1.5515636205673218,0.8029814392328263
4,AINR,trig,728,0,1,0,1,63.913899999533896,1.342467188835144,0.8029814392328263
4,AINR,trig,729,0,1,0,1,53.71419999937643,1.2814273834228516,0.8029814392328263
4,AINR,trig,730,0,1,0,1,61.79070000052889,1.609836459159851,0.8029814392328263
4,AINR,trig,731,0,1,0,1,64.12629999977071,1.4365111589431763,0.8029814392328263
4,AINR,trig,732,0,1,0,1,52.85630000071251,1.4874063730239868,0.8029814392328263
4,AINR,trig,733,0,1,0,1,50.128500000028,1.4947718381881714,0.8029814392328263
4,AINR,trig,734,0,1,0,1,71.99799999943934,1.4176757335662842,0.8029814392328263
4,AINR,trig,735,0,1,0,1,59.37210000047344,1.6563421487808228,0.8029814392328263
4,AINR,trig,736,0,1,0,1,55.74179999985063,1.5901288986206055,0.8029814392328263
4,AINR,trig,737,1,0,0,0,nan,1.565826654434204,0.8029814392328263
4,AINR,trig,738,0,1,0,1,67.63479999972333,1.3856611251831055,0.8029814392328263
4,AINR,trig,739,0,1,0,1,60.6657999996969,1.6286431550979614,0.8029814392328263
4,AINR,trig,740,0,1,0,1,55.13169999994716,1.4712382555007935,0.8029814392328263
4,AINR,trig,741,0,1,0,1,62.853500000528584,1.427971601486206,0.8029814392328263
4,AINR,trig,742,0,1,0,1,65.73399999979301,1.4780093431472778,0.8029814392328263
4,AINR,trig,743,0,1,0,1,52.27819999981875,1.3517132997512817,0.8029814392328263
4,AINR,trig,744,0,1,0,1,71.65900000018155,1.5148136615753174,0.8029814392328263
4,AINR,trig,745,0,1,0,1,58.91719999999623,1.515629529953003,0.8029814392328263
4,AINR,trig,746,0,1,0,1,55.07229999966512,1.3620537519454956,0.8029814392328263
4,AINR,trig,747,0,1,0,1,67.97000000005937,1.4868974685668945,0.8029814392328263
4,AINR,trig,748,0,1,0,1,56.3004000005094,1.5668771266937256,0.8029814392328263
4,AINR,trig,749,0,1,0,1,55.17729999974108,1.4772357940673828,0.8029814392328263
4,AINR,trig,750,0,1,0,1,67.22770000033051,1.4415396451950073,0.8029814392328263
4,AINR,trig,751,0,1,0,1,61.62339999991673,1.7015858888626099,0.8029814392328263
4,AINR,trig,752,0,1,0,1,53.775400000631635,1.4646480083465576,0.8029814392328263
4,AINR,trig,753,0,1,0,1,67.30220000008558,1.6280494928359985,0.8029814392328263
4,AINR,trig,754,0,1,0,1,55.35560000043915,1.4543994665145874,0.8029814392328263
4,AINR,trig,755,0,1,0,1,56.91060000026482,1.4478543996810913,0.8029814392328263
4,AINR,trig,756,0,1,0,1,70.78610000007757,1.5616650581359863,0.8029814392328263
4,AINR,trig,757,0,1,0,1,54.91929999971035,1.7358293533325195,0.8029814392328263
4,AINR,trig,758,0,1,0,1,59.973700000227836,1.4701913595199585,0.8029814392328263
4,AINR,trig,759,0,1,0,1,57.867800000167335,1.4899864196777344,0.8029814392328263
4,AINR,trig,760,0,1,0,1,57.38770000061777,1.343826174736023,0.8029814392328263
4,AINR,trig,761,0,1,0,1,73.1234000004406,1.3170236349105835,0.8029814392328263
4,AINR,trig,762,0,1,0,1,57.89019999974698,1.7008522748947144,0.8029814392328263
4,AINR,trig,763,0,1,0,1,59.633199999552744,1.581154704093933,0.8029814392328263
4,AINR,trig,764,0,1,0,1,71.41839999985677,1.3142198324203491,0.8029814392328263
4,AINR,trig,765,0,1,0,1,53.10600000029808,1.4689159393310547,0.8029814392328263
4,AINR,trig,766,0,1,0,1,63.16530000003695,1.5018060207366943,0.8029814392328263
4,AINR,trig,767,0,1,0,1,62.66039999991335,1.3567678928375244,0.8029814392328263
4,AINR,trig,768,0,1,0,1,54.22569999973348,1.4734326601028442,0.8029814392328263
4,AINR,trig,769,0,1,0,1,64.88369999988208,1.5570030212402344,0.8029814392328263
4,AINR,trig,770,0,1,0,1,57.77589999979682,1.4273009300231934,0.8029814392328263
4,AINR,trig,771,0,1,0,1,52.05660000046919,1.5575822591781616,0.8029814392328263
4,AINR,trig,772,0,1,0,1,58.5878000001685,1.4574518203735352,0.8029814392328263
4,AINR,trig,773,0,1,0,1,71.8339000004562,1.5971442461013794,0.8029814392328263
4,AINR,trig,774,0,1,0,1,56.96220000027097,1.7221966981887817,0.8029814392328263
4,AINR,trig,775,0,1,0,1,61.49649999952089,1.336100459098816,0.8029814392328263
4,AINR,trig,776,0,1,0,1,58.74789999961649,1.6583812236785889,0.8029814392328263
4,AINR,trig,777,0,1,0,1,52.82749999969383,1.5126643180847168,0.8029814392328263
4,AINR,trig,778,0,1,0,1,73.70730000002368,1.630993366241455,0.8029814392328263
4,AINR,trig,779,0,1,0,1,56.22429999948508,1.5791481733322144,0.8029814392328263
4,AINR,trig,780,0,1,0,1,60.81559999984165,1.3812428712844849,0.8029814392328263
4,AINR,trig,781,0,1,0,1,67.19319999956497,1.3935046195983887,0.8029814392328263
4,AINR,trig,782,0,1,0,1,52.55200000010518,1.4993736743927002,0.8029814392328263
4,AINR,trig,783,0,1,0,1,59.5365999997739,1.4792852401733398,0.8029814392328263
4,AINR,trig,784,0,1,0,1,70.41500000013912,1.4392870664596558,0.8029814392328263
4,AINR,trig,785,0,1,0,1,55.494399999588495,1.650291085243225,0.8029814392328263
4,AINR,trig,786,0,1,0,1,46.91170000023703,1.4260523319244385,0.8029814392328263
4,AINR,trig,787,0,1,0,1,70.72169999992184,1.3378145694732666,0.8029814392328263
4,AINR,trig,788,0,1,0,1,56.72969999977795,1.6174116134643555,0.8029814392328263
4,AINR,trig,789,0,1,0,1,62.01329999930749,1.3723818063735962,0.8029814392328263
4,AINR,trig,790,0,1,0,1,62.491399999998976,1.4474246501922607,0.8029814392328263
4,AINR,trig,791,0,1,0,1,53.61899999934394,1.3720686435699463,0.8029814392328263
4,AINR,trig,792,0,1,0,1,65.79690000035043,1.3815332651138306,0.8029814392328263
4,AINR,trig,793,0,1,0,1,59.6971000004487,1.554883360862732,0.8029814392328263
4,AINR,trig,794,0,1,0,1,51.85429999983171,1.4791908264160156,0.8029814392328263
4,AINR,trig,795,0,1,0,1,55.65630000000965,1.4851996898651123,0.8029814392328263
4,AINR,trig,796,0,1,0,1,66.85379999998986,1.8620555400848389,0.8029814392328263
4,AINR,trig,797,0,1,0,1,54.38690000028146,1.7760860919952393,0.8029814392328263
4,AINR,trig,798,0,1,0,1,63.27149999924586,1.6596676111221313,0.8029814392328263
4,AINR,trig,799,0,1,0,1,63.18149999970046,1.6829086542129517,0.8029814392328263
4,AINR,trig,800,0,1,0,1,54.5137999997678,1.3413945436477661,0.8029814392328263
4,AINR,trig,801,0,1,0,1,63.52560000050289,1.5465635061264038,0.8029814392328263
4,AINR,trig,802,0,1,0,1,56.64299999989453,1.4568994045257568,0.8029814392328263
4,AINR,trig,803,0,1,0,1,54.463899999973364,1.6247940063476562,0.8029814392328263
4,AINR,trig,804,0,1,0,1,70.76750000032916,1.5596169233322144,0.8029814392328263
4,AINR,trig,805,0,1,0,1,57.14700000044104,1.3561275005340576,0.8029814392328263
4,AINR,trig,806,0,1,0,1,65.24439999975584,1.6666669845581055,0.8029814392328263
4,AINR,trig,807,0,1,0,1,65.105599999697,1.3863658905029297,0.8029814392328263
4,AINR,trig,808,0,1,0,1,57.531899999958114,1.6210962533950806,0.8029814392328263
4,AINR,trig,809,0,1,0,1,49.41080000025977,1.2720658779144287,0.8029814392328263
4,AINR,trig,810,1,0,0,0,nan,1.4221265316009521,0.8029814392328263
4,AINR,trig,811,0,1,0,1,62.96129999918776,1.3968567848205566,0.8029814392328263
4,AINR,trig,812,0,1,0,1,62.04890000026353,1.297819972038269,0.8029814392328263
4,AINR,trig,813,0,1,0,1,55.29339999975491,1.6225382089614868,0.8029814392328263
4,AINR,trig,814,0,1,0,1,63.960299999962444,1.404892086982727,0.8029814392328263
4,AINR,trig,815,0,1,0,1,69.05229999938456,1.3775839805603027,0.8029814392328263
4,AINR,trig,816,0,1,0,1,51.881000000321364,1.4117646217346191,0.8029814392328263
4,AINR,trig,817,0,1,0,1,57.693799999469775,1.4050238132476807,0.8029814392328263
4,AINR,trig,818,0,1,0,1,70.36930000049324,1.296289086341858,0.8029814392328263
4,AINR,trig,819,0,1,0,1,53.34210000000894,1.4485355615615845,0.8029814392328263
4,AINR,trig,820,0,1,0,1,67.9694999998901,1.5652492046356201,0.8029814392328263
4,AINR,trig,821,0,1,0,1,52.02169999938633,1.6357394456863403,0.8029814392328263
4,AINR,trig,822,0,1,0,1,58.933499999511696,1.5342744588851929,0.8029814392328263
4,AINR,trig,823,0,1,0,1,63.90539999938483,1.3501193523406982,0.8029814392328263
4,AINR,trig,824,0,1,0,1,55.390499999703025,1.5030279159545898,0.8029814392328263
4,AINR,trig,825,0,1,0,1,68.42439999945782,1.4133155345916748,0.8029814392328263
4,AINR,trig,826,0,1,0,1,60.02410000019154,1.4195975065231323,0.8029814392328263
4,AINR,trig,827,1,0,0,0,nan,1.3121910095214844,0.8029814392328263
4,AINR,trig,828,0,1,0,1,53.26980000063486,1.5200656652450562,0.8029814392328263
4,AINR,trig,829,0,1,0,1,68.36000000021158,1.6608060598373413,0.8029814392328263
4,AINR,trig,830,0,1,0,1,54.79119999927207,1.3072497844696045,0.8029814392328263
4,AINR,trig,831,0,1,0,1,63.25089999972988,1.7187966108322144,0.8029814392328263
4,AINR,trig,832,0,1,0,1,65.9468999992896,1.4192471504211426,0.8029814392328263
4,AINR,trig,833,0,1,0,1,64.44340000052762,1.5834633111953735,0.8029814392328263
4,AINR,trig,834,0,1,0,1,58.862300000328105,1.6339999437332153,0.8029814392328263
4,AINR,trig,835,0,1,0,1,52.40129999947385,1.6890186071395874,0.8029814392328263
4,AINR,trig,836,0,1,0,1,72.78969999970286,1.6557033061981201,0.8029814392328263
4,AINR,trig,837,0,1,0,1,54.9832000006063,1.2964928150177002,0.8029814392328263
4,AINR,trig,838,0,1,0,1,64.39500000033149,1.6755558252334595,0.8029814392328263
4,AINR,trig,839,0,1,0,1,59.61089999982505,1.520925760269165,0.8029814392328263
4,AINR,trig,840,0,1,0,1,57.941699999901175,1.4077030420303345,0.8029814392328263
4,AINR,trig,841,0,1,0,1,54.19820000042819,1.4416176080703735,0.8029814392328263
4,AINR,trig,842,0,1,0,1,66.0251999997854,1.6028127670288086,0.8029814392328263
4,AINR,trig,843,0,1,0,1,63.517599999613594,1.4504376649856567,0.8029814392328263
4,AINR,trig,844,0,1,0,1,52.205400000275404,1.4679083824157715,0.8029814392328263
4,AINR,trig,845,0,1,0,1,68.46239999958925,1.7548763751983643,0.8029814392328263
4,AINR,trig,846,0,1,0,1,59.08540000018547,1.5362120866775513,0.8029814392328263
4,AINR,trig,847,0,1,0,1,63.478800000666524,1.585227131843567,0.8029814392328263
4,AINR,trig,848,0,1,0,1,72.19999999961146,1.7776379585266113,0.8029814392328263
4,AINR,trig,849,1,0,0,0,nan,1.593862533569336,0.8029814392328263
4,AINR,trig,850,0,1,0,1,59.168400000089605,1.8041294813156128,0.8029814392328263
4,AINR,trig,851,0,1,0,1,53.50480000015523,1.282357096672058,0.8029814392328263
4,AINR,trig,852,0,1,0,1,67.21019999986311,1.6479768753051758,0.8029814392328263
4,AINR,trig,853,0,1,0,1,56.59840000043914,1.6508100032806396,0.8029814392328263
4,AINR,trig,854,0,1,0,1,64.38990000060585,1.4792821407318115,0.8029814392328263
4,AINR,trig,855,0,1,0,1,62.4801000003572,1.717041015625,0.8029814392328263
4,AINR,trig,856,0,1,0,1,54.09380000037345,1.5480936765670776,0.8029814392328263
4,AINR,trig,857,0,1,0,1,67.40349999927275,1.3390071392059326,0.8029814392328263
4,AINR,trig,858,0,1,0,1,59.90029999975377,1.623721957206726,0.8029814392328263
4,AINR,trig,859,0,1,0,1,60.330700000122306,1.4807239770889282,0.8029814392328263
4,AINR,trig,860,0,1,0,1,67.8459999999177,1.6094298362731934,0.8029814392328263
4,AINR,trig,861,0,1,0,1,49.250000000029104,1.4554204940795898,0.8029814392328263
4,AINR,trig,862,0,1,0,1,60.88270000054763,1.7631852626800537,0.8029814392328263
4,AINR,trig,863,0,1,0,1,55.551500000547094,1.513548731803894,0.8029814392328263
4,AINR,trig,864,0,1,0,1,51.18080000011105,1.5345652103424072,0.8029814392328263
4,AINR,trig,865,0,1,0,1,63.841600000159815,1.618212342262268,0.8029814392328263
4,AINR,trig,866,0,1,0,1,63.64269999994576,1.6454497575759888,0.8029814392328263
4,AINR,trig,867,0,1,0,1,54.96339999990596,1.4073234796524048,0.8029814392328263
4,AINR,trig,868,0,1,0,1,74.9244999997245,1.3991270065307617,0.8029814392328263
4,AINR,trig,869,0,1,0,1,58.88249999952677,1.4770708084106445,0.8029814392328263
4,AINR,trig,870,0,1,0,1,61.15090000002965,1.5807268619537354,0.8029814392328263
4,AINR,trig,871,0,1,0,1,67.17579999985901,1.622468113899231,0.8029814392328263
4,AINR,trig,872,0,1,0,1,54.62019999959011,1.6712064743041992,0.8029814392328263
4,AINR,trig,873,0,1,0,1,69.44389999989653,1.4938113689422607,0.8029814392328263
4,AINR,trig,874,0,1,0,1,55.569199999808916,1.485377550125122,0.8029814392328263
4,AINR,trig,875,0,1,0,1,76.0260000006383,1.4595547914505005,0.8029814392328263
4,AINR,trig,876,0,1,0,1,57.056099999499565,1.5527747869491577,0.8029814392328263
4,AINR,trig,877,0,1,0,1,50.71640000005573,1.6698994636535645,0.8029814392328263
4,AINR,trig,878,0,1,0,1,71.41030000002502,1.4958930015563965,0.8029814392328263
4,AINR,trig,879,0,1,0,1,57.3844000000463,1.5290279388427734,0.8029814392328263
4,AINR,trig,880,0,1,0,1,53.67870000009134,1.4022492170333862,0.8029814392328263
4,AINR,trig,881,0,1,0,1,69.3965999998909,1.655871868133545,0.8029814392328263
4,AINR,trig,882,0,1,0,1,54.0034999994532,1.3446736335754395,0.8029814392328263
4,AINR,trig,883,0,1,0,1,68.6424999994415,1.4846794605255127,0.8029814392328263
4,AINR,trig,884,0,1,0,1,57.007599999451486,1.6252479553222656,0.8029814392328263
4,AINR,trig,885,0,1,0,1,59.61800000022777,1.4322658777236938,0.8029814392328263
4,AINR,trig,886,0,1,0,1,65.24010000066482,1.4850133657455444,0.8029814392328263
4,AINR,trig,887,0,1,0,1,55.56739999974525,1.5921630859375,0.8029814392328263
4,AINR,trig,888,0,1,0,1,73.85250000061205,1.476768136024475,0.8029814392328263
4,AINR,trig,889,0,1,0,1,54.343799999514886,1.5602970123291016,0.8029814392328263
4,AINR,trig,890,0,1,0,1,56.22899999980291,1.699549674987793,0.8029814392328263
4,AINR,trig,891,0,1,0,1,62.930600000072445,1.5880519151687622,0.8029814392328263
4,AINR,trig,892,0,1,0,1,55.7316999993418,1.491107702255249,0.8029814392328263
4,AINR,trig,893,0,1,0,1,68.9818999999261,1.5327234268188477,0.8029814392328263
4,AINR,trig,894,0,1,0,1,60.38970000008703,1.366698980331421,0.8029814392328263
4,AINR,trig,895,1,0,0,0,nan,1.4669474363327026,0.8029814392328263
4,AINR,trig,896,0,1,0,1,64.55060000007506,1.5198912620544434,0.8029814392328263
4,AINR,trig,897,0,1,0,1,64.32870000026014,1.5745600461959839,0.8029814392328263
4,AINR,trig,898,0,1,0,1,50.35980000047857,1.411712408065796,0.8029814392328263
4,AINR,trig,899,1,0,0,0,nan,1.3565361499786377,0.8029814392328263
4,AINR,trig,900,0,1,0,1,52.41000000023632,1.3006144762039185,0.8029814392328263
4,AINR,trig,901,0,1,0,1,74.500500000795,1.4750268459320068,0.8029814392328263
4,AINR,trig,902,0,1,0,1,55.84199999975681,1.4252303838729858,0.8029814392328263
4,AINR,trig,903,0,1,0,1,57.31060000016441,1.4059386253356934,0.8029814392328263
4,AINR,trig,904,0,1,0,1,65.35230000008596,1.3609410524368286,0.8029814392328263
4,AINR,trig,905,0,1,0,1,54.94920000001002,1.5275763273239136,0.8029814392328263
4,AINR,trig,906,0,1,0,1,69.02139999965584,1.4600894451141357,0.8029814392328263
4,AINR,trig,907,0,1,0,1,61.037699999360484,1.387765884399414,0.8029814392328263
4,AINR,trig,908,1,0,0,0,nan,1.4413793087005615,0.8029814392328263
4,AINR,trig,909,0,1,0,1,57.66749999929743,1.616764783859253,0.8029814392328263
4,AINR,trig,910,0,1,0,1,54.4713999997839,1.3533196449279785,0.8029814392328263
4,AINR,trig,911,0,1,0,1,67.66010000046663,1.3437421321868896,0.8029814392328263
4,AINR,trig,912,0,1,0,1,57.188199999473,1.6030353307724,0.8029814392328263
4,AINR,trig,913,0,1,0,1,63.822199999776785,1.539055347442627,0.8029814392328263
4,AINR,trig,914,0,1,0,1,59.487999999873864,1.4457672834396362,0.8029814392328263
4,AINR,trig,915,0,1,0,1,57.49720000039815,1.2124643325805664,0.8029814392328263
4,AINR,trig,916,0,1,0,1,52.07719999998517,1.3678169250488281,0.8029814392328263
4,AINR,trig,917,0,1,0,1,73.04339999973308,1.4816672801971436,0.8029814392328263
4,AINR,trig,918,0,1,0,1,57.03259999972943,1.5584625005722046,0.8029814392328263
4,AINR,trig,919,0,1,0,1,55.14649999986432,1.556783676147461,0.8029814392328263
4,AINR,trig,920,0,1,0,1,66.61139999960142,1.2344838380813599,0.8029814392328263
4,AINR,trig,921,0,1,0,1,82.68110000062734,1.653194785118103,0.8029814392328263
4,AINR,trig,922,0,1,0,1,62.217199999395234,1.254136323928833,0.8029814392328263
4,AINR,trig,923,0,1,0,1,53.05850000058854,1.6044211387634277,0.8029814392328263
4,AINR,trig,924,0,1,0,1,72.50079999994341,1.5294405221939087,0.8029814392328263
4,AINR,trig,925,0,1,0,1,56.325399999877845,1.6244285106658936,0.8029814392328263
4,AINR,trig,926,0,1,0,1,52.34830000063084,1.5107918977737427,0.8029814392328263
4,AINR,trig,927,0,1,0,1,69.50219999998808,1.384448528289795,0.8029814392328263
4,AINR,trig,928,0,1,0,1,53.25720000018919,1.5819578170776367,0.8029814392328263
4,AINR,trig,929,0,1,0,1,58.61689999983355,1.5047470331192017,0.8029814392328263
4,AINR,trig,930,0,1,0,1,67.96380000014324,1.5101501941680908,0.8029814392328263
4,AINR,trig,931,0,1,0,1,55.65939999996772,1.4156930446624756,0.8029814392328263
4,AINR,trig,932,0,1,0,1,59.31439999949362,1.6868082284927368,0.8029814392328263
4,AINR,trig,933,0,1,0,1,69.77529999949184,1.5605863332748413,0.8029814392328263
4,AINR,trig,934,0,1,0,1,54.243700000370154,1.4455196857452393,0.8029814392328263
4,AINR,trig,935,0,1,0,1,65.16170000031707,1.4698853492736816,0.8029814392328263
4,AINR,trig,936,0,1,0,1,57.01500000031956,1.38398277759552,0.8029814392328263
4,AINR,trig,937,0,1,0,1,59.7421000002214,1.3663482666015625,0.8029814392328263
4,AINR,trig,938,0,1,0,1,63.03719999959867,1.4138575792312622,0.8029814392328263
4,AINR,trig,939,0,1,0,1,53.973400000359106,1.4784520864486694,0.8029814392328263
4,AINR,trig,940,0,1,0,1,65.47900000077789,1.5972611904144287,0.8029814392328263
4,AINR,trig,941,0,1,0,1,62.6695999999356,1.408174753189087,0.8029814392328263
4,AINR,trig,942,0,1,0,1,51.705199999560136,1.3695486783981323,0.8029814392328263
4,AINR,trig,943,0,1,0,1,73.68190000033792,1.6616952419281006,0.8029814392328263
4,AINR,trig,944,0,1,0,1,57.008899999345886,1.6589640378952026,0.8029814392328263
4,AINR,trig,945,0,1,0,1,71.1537999995926,1.7556750774383545,0.8029814392328263
4,AINR,trig,946,0,1,0,1,58.12960000002931,1.3964582681655884,0.8029814392328263
4,AINR,trig,947,0,1,0,1,59.198999999352964,1.3405622243881226,0.8029814392328263
4,AINR,trig,948,0,1,0,1,66.43529999928433,1.6314706802368164,0.8029814392328263
4,AINR,trig,949,0,1,0,1,57.32869999974355,1.5079035758972168,0.8029814392328263
4,AINR,trig,950,0,1,0,1,66.77969999964262,1.4970558881759644,0.8029814392328263
4,AINR,trig,951,0,1,0,1,58.82949999977427,1.5303246974945068,0.8029814392328263
4,AINR,trig,952,0,1,0,1,58.631299999433395,1.3283988237380981,0.8029814392328263
4,AINR,trig,953,0,1,0,1,56.591400000797876,1.4004420042037964,0.8029814392328263
4,AINR,trig,954,0,1,0,1,52.236599999559985,1.621314525604248,0.8029814392328263
4,AINR,trig,955,0,1,0,1,70.97609999982524,1.5255216360092163,0.8029814392328263
4,AINR,trig,956,0,1,0,1,57.42019999979675,1.4891016483306885,0.8029814392328263
4,AINR,trig,957,0,1,0,1,67.55169999996724,1.658305048942566,0.8029814392328263
4,AINR,trig,958,0,1,0,1,58.83730000005016,1.3574098348617554,0.8029814392328263
4,AINR,trig,959,0,1,0,1,53.12279999998282,1.3566814661026,0.8029814392328263
4,AINR,trig,960,0,1,0,1,63.183300000673626,1.5613999366760254,0.8029814392328263
4,AINR,trig,961,0,1,0,1,59.26149999959307,1.6312891244888306,0.8029814392328263
4,AINR,trig,962,0,1,0,1,56.98649999976624,1.4652905464172363,0.8029814392328263
4,AINR,trig,963,0,1,0,1,69.17539999994915,1.4321231842041016,0.8029814392328263
4,AINR,trig,964,0,1,0,1,57.43010000060167,1.4531222581863403,0.8029814392328263
4,AINR,trig,965,0,1,0,1,70.35390000055486,1.466833233833313,0.8029814392328263
4,AINR,trig,966,0,1,0,1,56.347500000811124,1.6717485189437866,0.8029814392328263
4,AINR,trig,967,0,1,0,1,52.494499999738764,1.6305301189422607,0.8029814392328263
4,AINR,trig,968,0,1,0,1,75.92850000037288,1.4672200679779053,0.8029814392328263
4,AINR,trig,969,0,1,0,1,57.860700000674115,1.5103522539138794,0.8029814392328263
4,AINR,trig,970,0,1,0,1,58.5241999997379,1.5197169780731201,0.8029814392328263
4,AINR,trig,971,0,1,0,1,63.1863999997222,1.3887003660202026,0.8029814392328263
4,AINR,trig,972,0,1,0,1,52.440000000387954,1.49369478225708,0.8029814392328263
4,AINR,trig,973,0,1,0,1,70.1679999992848,1.6000256538391113,0.8029814392328263
4,AINR,trig,974,0,1,0,1,58.9044999996986,1.1799815893173218,0.8029814392328263
4,AINR,trig,975,0,1,0,1,60.74440000065806,1.3144209384918213,0.8029814392328263
4,AINR,trig,976,0,1,0,1,67.62150000031397,1.580483078956604,0.8029814392328263
4,AINR,trig,977,0,1,0,1,55.57370000042283,1.5602201223373413,0.8029814392328263
4,AINR,trig,978,0,1,0,1,51.80850000033388,1.5708543062210083,0.8029814392328263
4,AINR,trig,979,0,1,0,1,70.2038999997967,1.476797103881836,0.8029814392328263
4,AINR,trig,980,0,1,0,1,53.65870000059658,1.5096766948699951,0.8029814392328263
4,AINR,trig,981,0,1,0,1,57.678000000123575,1.380802035331726,0.8029814392328263
4,AINR,trig,982,0,1,0,1,63.50089999978081,1.574561595916748,0.8029814392328263
4,AINR,trig,983,0,1,0,1,53.898499999377236,1.481180191040039,0.8029814392328263
4,AINR,trig,984,0,1,0,1,68.02560000051017,1.5534570217132568,0.8029814392328263
4,AINR,trig,985,0,1,0,1,58.87619999975868,1.48170804977417,0.8029814392328263
4,AINR,trig,986,0,1,0,1,52.90580000018963,1.4288763999938965,0.8029814392328263
4,AINR,trig,987,0,1,0,1,65.5585999993491,1.5685137510299683,0.8029814392328263
4,AINR,trig,988,0,1,0,1,58.137400000305206,1.453287959098816,0.8029814392328263
4,AINR,trig,989,0,1,0,1,53.14180000004853,1.3854378461837769,0.8029814392328263
4,AINR,trig,990,0,1,0,1,63.54760000067472,1.4585847854614258,0.8029814392328263
4,AINR,trig,991,0,1,0,1,65.98229999963223,1.352290153503418,0.8029814392328263
4,AINR,trig,992,0,1,0,1,53.91489999965415,1.5911839008331299,0.8029814392328263
4,AINR,trig,993,0,1,0,1,62.175699999897915,1.4778450727462769,0.8029814392328263
4,AINR,trig,994,0,1,0,1,61.4397999997891,1.5339930057525635,0.8029814392328263
4,AINR,trig,995,0,1,0,1,54.465199999867764,1.4630404710769653,0.8029814392328263
4,AINR,trig,996,0,1,0,1,67.25210000058723,1.557894229888916,0.8029814392328263
4,AINR,trig,997,0,1,0,1,67.18839999939519,1.6692759990692139,0.8029814392328263
4,AINR,trig,998,0,1,0,1,53.33460000019841,1.5599888563156128,0.8029814392328263
4,AINR,trig,999,0,1,0,1,69.30220000049303,1.6337783336639404,0.8029814392328263
4,DiscNRX,none,0,1,0,0,0,nan,nan,-0.8061304569244385
4,DiscNRX,none,1,1,0,0,0,nan,nan,-0.8061304569244385
4,DiscNRX,none,2,1,0,0,0,nan,nan,-0.8061304569244385
4,DiscNRX,none,3,1,0,0,0,nan,nan,-0.8061304569244385
4,DiscNRX,none,4,1,0,0,0,nan,nan,-0.8061304569244385
4,DiscNRX,none,5,1,0,0,0,nan,nan,-0.8061304569244385
4,DiscNRX,none,6,1,0,0,0,nan,nan,-0.8061304569244385
4,DiscNRX,none,7,1,0,0,0,nan,nan,-0.8061304569244385
4,DiscNRX,none,8,1,0,0,0,nan,nan,-0.8061304569244385
4,DiscNRX,none,9,1,0,0,0,nan,nan,-0.8061304569244385
4,DiscNRX,none,10,1,0,0,0,nan,nan,-0.8061304569244385
4,DiscNRX,none,11,1,0,0,0,nan,nan,-0.8061304569244385
4,DiscNRX,none,12,1,0,0,0,nan,nan,-0.8061304569244385
4,DiscNRX,none,13,1,0,0,0,nan,nan,-0.8061304569244385
4,DiscNRX,none,14,1,0,0,0,nan,nan,-0.8061304569244385
4,DiscNRX,none,15,1,0,0,0,nan,nan,-0.8061304569244385
4,DiscNRX,none,16,1,0,0,0,nan,nan,-0.8061304569244385
4,DiscNRX,none,17,1,0,0,0,nan,nan,-0.8061304569244385
4,DiscNRX,none,18,1,0,0,0,nan,nan,-0.8061304569244385
4,DiscNRX,none,19,1,0,0,0,nan,nan,-0.8061304569244385
4,DiscNRX,none,20,1,0,0,0,nan,nan,-0.8061304569244385
4,DiscNRX,none,21,1,0,0,0,nan,nan,-0.8061304569244385
4,DiscNRX,none,22,1,0,0,0,nan,nan,-0.8061304569244385
4,DiscNRX,none,23,1,0,0,0,nan,nan,-0.8061304569244385
4,DiscNRX,none,24,1,0,0,0,nan,nan,-0.8061304569244385
4,DiscNRX,none,25,1,0,0,0,nan,nan,-0.8061304569244385
4,DiscNRX,none,26,1,0,0,0,nan,nan,-0.8061304569244385
4,DiscNRX,none,27,1,0,0,0,nan,nan,-0.8061304569244385
4,DiscNRX,none,28,1,0,0,0,nan,nan,-0.8061304569244385
4,DiscNRX,none,29,1,0,0,0,nan,nan,-0.8061304569244385
4,DiscNRX,none,30,1,0,0,0,nan,nan,-0.8061304569244385
4,DiscNRX,none,31,1,0,0,0,nan,nan,-0.8061304569244385
4,DiscNRX,none,32,1,0,0,0,nan,nan,-0.8061304569244385
4,DiscNRX,none,33,1,0,0,0,nan,nan,-0.8061304569244385
4,DiscNRX,none,34,1,0,0,0,nan,nan,-0.8061304569244385
4,DiscNRX,none,35,1,0,0,0,nan,nan,-0.8061304569244385
4,DiscNRX,none,36,1,0,0,0,nan,nan,-0.8061304569244385
4,DiscNRX,none,37,1,0,0,0,nan,nan,-0.8061304569244385
4,DiscNRX,none,38,1,0,0,0,nan,nan,-0.8061304569244385
4,DiscNRX,none,39,1,0,0,0,nan,nan,-0.8061304569244385
4,DiscNRX,none,40,1,0,0,0,nan,nan,-0.8061304569244385
4,DiscNRX,none,41,1,0,0,0,nan,nan,-0.8061304569244385
4,DiscNRX,none,42,1,0,0,0,nan,nan,-0.8061304569244385
4,DiscNRX,none,43,1,0,0,0,nan,nan,-0.8061304569244385
4,DiscNRX,none,44,1,0,0,0,nan,nan,-0.8061304569244385
4,DiscNRX,none,45,1,0,0,0,nan,nan,-0.8061304569244385
4,DiscNRX,none,46,1,0,0,0,nan,nan,-0.8061304569244385
4,DiscNRX,none,47,1,0,0,0,nan,nan,-0.8061304569244385
4,DiscNRX,none,48,1,0,0,0,nan,nan,-0.8061304569244385
4,DiscNRX,none,49,1,0,0,0,nan,nan,-0.8061304569244385
4,DiscNRX,none,50,1,0,0,0,nan,nan,-0.8061304569244385
4,DiscNRX,none,51,1,0,0,0,nan,nan,-0.8061304569244385
4,DiscNRX,none,52,1,0,0,0,nan,nan,-0.8061304569244385
4,DiscNRX,none,53,1,0,0,0,nan,nan,-0.8061304569244385
4,DiscNRX,none,54,1,0,0,0,nan,nan,-0.8061304569244385
4,DiscNRX,none,55,1,0,0,0,nan,nan,-0.8061304569244385
4,DiscNRX,none,56,1,0,0,0,nan,nan,-0.8061304569244385
4,DiscNRX,none,57,1,0,0,0,nan,nan,-0.8061304569244385
4,DiscNRX,none,58,1,0,0,0,nan,nan,-0.8061304569244385
4,DiscNRX,none,59,1,0,0,0,nan,nan,-0.8061304569244385
4,DiscNRX,none,60,1,0,0,0,nan,nan,-0.8061304569244385
4,DiscNRX,none,61,1,0,0,0,nan,nan,-0.8061304569244385
4,DiscNRX,none,62,1,0,0,0,nan,nan,-0.8061304569244385
4,DiscNRX,none,63,1,0,0,0,nan,nan,-0.8061304569244385
4,DiscNRX,none,64,1,0,0,0,nan,nan,-0.8061304569244385
4,DiscNRX,none,65,1,0,0,0,nan,nan,-0.8061304569244385
4,DiscNRX,none,66,1,0,0,0,nan,nan,-0.8061304569244385
4,DiscNRX,none,67,1,0,0,0,nan,nan,-0.8061304569244385
4,DiscNRX,none,68,1,0,0,0,nan,nan,-0.8061304569244385
4,DiscNRX,none,69,1,0,0,0,nan,nan,-0.8061304569244385
4,DiscNRX,none,70,1,0,0,0,nan,nan,-0.8061304569244385
4,DiscNRX,none,71,1,0,0,0,nan,nan,-0.8061304569244385
4,DiscNRX,none,72,1,0,0,0,nan,nan,-0.8061304569244385
4,DiscNRX,none,73,1,0,0,0,nan,nan,-0.8061304569244385
4,DiscNRX,none,74,1,0,0,0,nan,nan,-0.8061304569244385
4,DiscNRX,none,75,1,0,0,0,nan,nan,-0.8061304569244385
4,DiscNRX,none,76,1,0,0,0,nan,nan,-0.8061304569244385
4,DiscNRX,none,77,1,0,0,0,nan,nan,-0.8061304569244385
4,DiscNRX,none,78,1,0,0,0,nan,nan,-0.8061304569244385
4,DiscNRX,none,79,1,0,0,0,nan,nan,-0.8061304569244385
4,DiscNRX,none,80,1,0,0,0,nan,nan,-0.8061304569244385
4,DiscNRX,none,81,1,0,0,0,nan,nan,-0.8061304569244385
4,DiscNRX,none,82,1,0,0,0,nan,nan,-0.8061304569244385
4,DiscNRX,none,83,1,0,0,0,nan,nan,-0.8061304569244385
4,DiscNRX,none,84,1,0,0,0,nan,nan,-0.8061304569244385
4,DiscNRX,none,85,1,0,0,0,nan,nan,-0.8061304569244385
4,DiscNRX,none,86,1,0,0,0,nan,nan,-0.8061304569244385
4,DiscNRX,none,87,1,0,0,0,nan,nan,-0.8061304569244385
4,DiscNRX,none,88,1,0,0,0,nan,nan,-0.8061304569244385
4,DiscNRX,none,89,1,0,0,0,nan,nan,-0.8061304569244385
4,DiscNRX,none,90,1,0,0,0,nan,nan,-0.8061304569244385
4,DiscNRX,none,91,1,0,0,0,nan,nan,-0.8061304569244385
4,DiscNRX,none,92,1,0,0,0,nan,nan,-0.8061304569244385
4,DiscNRX,none,93,1,0,0,0,nan,nan,-0.8061304569244385
4,DiscNRX,none,94,1,0,0,0,nan,nan,-0.8061304569244385
4,DiscNRX,none,95,1,0,0,0,nan,nan,-0.8061304569244385
4,DiscNRX,none,96,1,0,0,0,nan,nan,-0.8061304569244385
4,DiscNRX,none,97,1,0,0,0,nan,nan,-0.8061304569244385
4,DiscNRX,none,98,1,0,0,0,nan,nan,-0.8061304569244385
4,DiscNRX,none,99,1,0,0,0,nan,nan,-0.8061304569244385
4,DiscNRX,none,100,1,0,0,0,nan,nan,-0.8061304569244385
4,DiscNRX,none,101,1,0,0,0,nan,nan,-0.8061304569244385
4,DiscNRX,none,102,1,0,0,0,nan,nan,-0.8061304569244385
4,DiscNRX,none,103,1,0,0,0,nan,nan,-0.8061304569244385
4,DiscNRX,none,104,1,0,0,0,nan,nan,-0.8061304569244385
4,DiscNRX,none,105,1,0,0,0,nan,nan,-0.8061304569244385
4,DiscNRX,none,106,1,0,0,0,nan,nan,-0.8061304569244385
4,DiscNRX,none,107,1,0,0,0,nan,nan,-0.8061304569244385
4,DiscNRX,none,108,1,0,0,0,nan,nan,-0.8061304569244385
4,DiscNRX,none,109,1,0,0,0,nan,nan,-0.8061304569244385
4,DiscNRX,none,110,1,0,0,0,nan,nan,-0.8061304569244385
4,DiscNRX,none,111,1,0,0,0,nan,nan,-0.8061304569244385
4,DiscNRX,none,112,1,0,0,0,nan,nan,-0.8061304569244385
4,DiscNRX,none,113,1,0,0,0,nan,nan,-0.8061304569244385
4,DiscNRX,none,114,1,0,0,0,nan,nan,-0.8061304569244385
4,DiscNRX,none,115,1,0,0,0,nan,nan,-0.8061304569244385
4,DiscNRX,none,116,1,0,0,0,nan,nan,-0.8061304569244385
4,DiscNRX,none,117,1,0,0,0,nan,nan,-0.8061304569244385
4,DiscNRX,none,118,1,0,0,0,nan,nan,-0.8061304569244385
4,DiscNRX,none,119,1,0,0,0,nan,nan,-0.8061304569244385
4,DiscNRX,none,120,1,0,0,0,nan,nan,-0.8061304569244385
4,DiscNRX,none,121,1,0,0,0,nan,nan,-0.8061304569244385
4,DiscNRX,none,122,1,0,0,0,nan,nan,-0.8061304569244385
4,DiscNRX,none,123,1,0,0,0,nan,nan,-0.8061304569244385
4,DiscNRX,none,124,1,0,0,0,nan,nan,-0.8061304569244385
4,DiscNRX,none,125,1,0,0,0,nan,nan,-0.8061304569244385
4,DiscNRX,none,126,1,0,0,0,nan,nan,-0.8061304569244385
4,DiscNRX,none,127,1,0,0,0,nan,nan,-0.8061304569244385
4,DiscNRX,none,128,1,0,0,0,nan,nan,-0.8061304569244385
4,DiscNRX,none,129,1,0,0,0,nan,nan,-0.8061304569244385
4,DiscNRX,none,130,1,0,0,0,nan,nan,-0.8061304569244385
4,DiscNRX,none,131,1,0,0,0,nan,nan,-0.8061304569244385
4,DiscNRX,none,132,1,0,0,0,nan,nan,-0.8061304569244385
4,DiscNRX,none,133,1,0,0,0,nan,nan,-0.8061304569244385
4,DiscNRX,none,134,1,0,0,0,nan,nan,-0.8061304569244385
4,DiscNRX,none,135,1,0,0,0,nan,nan,-0.8061304569244385
4,DiscNRX,none,136,1,0,0,0,nan,nan,-0.8061304569244385
4,DiscNRX,none,137,1,0,0,0,nan,nan,-0.8061304569244385
4,DiscNRX,none,138,1,0,0,0,nan,nan,-0.8061304569244385
4,DiscNRX,none,139,1,0,0,0,nan,nan,-0.8061304569244385
4,DiscNRX,none,140,1,0,0,0,nan,nan,-0.8061304569244385
4,DiscNRX,none,141,1,0,0,0,nan,nan,-0.8061304569244385
4,DiscNRX,none,142,1,0,0,0,nan,nan,-0.8061304569244385
4,DiscNRX,none,143,1,0,0,0,nan,nan,-0.8061304569244385
4,DiscNRX,none,144,1,0,0,0,nan,nan,-0.8061304569244385
4,DiscNRX,none,145,1,0,0,0,nan,nan,-0.8061304569244385
4,DiscNRX,none,146,1,0,0,0,nan,nan,-0.8061304569244385
4,DiscNRX,none,147,1,0,0,0,nan,nan,-0.8061304569244385
4,DiscNRX,none,148,1,0,0,0,nan,nan,-0.8061304569244385
4,DiscNRX,none,149,1,0,0,0,nan,nan,-0.8061304569244385
4,DiscNRX,none,150,1,0,0,0,nan,nan,-0.8061304569244385
4,DiscNRX,none,151,1,0,0,0,nan,nan,-0.8061304569244385
4,DiscNRX,none,152,1,0,0,0,nan,nan,-0.8061304569244385
4,DiscNRX,none,153,1,0,0,0,nan,nan,-0.8061304569244385
4,DiscNRX,none,154,1,0,0,0,nan,nan,-0.8061304569244385
4,DiscNRX,none,155,1,0,0,0,nan,nan,-0.8061304569244385
4,DiscNRX,none,156,1,0,0,0,nan,nan,-0.8061304569244385
4,DiscNRX,none,157,1,0,0,0,nan,nan,-0.8061304569244385
4,DiscNRX,none,158,1,0,0,0,nan,nan,-0.8061304569244385
4,DiscNRX,none,159,1,0,0,0,nan,nan,-0.8061304569244385
4,DiscNRX,none,160,1,0,0,0,nan,nan,-0.8061304569244385
4,DiscNRX,none,161,1,0,0,0,nan,nan,-0.8061304569244385
4,DiscNRX,none,162,1,0,0,0,nan,nan,-0.8061304569244385
4,DiscNRX,none,163,1,0,0,0,nan,nan,-0.8061304569244385
4,DiscNRX,none,164,1,0,0,0,nan,nan,-0.8061304569244385
4,DiscNRX,none,165,1,0,0,0,nan,nan,-0.8061304569244385
4,DiscNRX,none,166,1,0,0,0,nan,nan,-0.8061304569244385
4,DiscNRX,none,167,1,0,0,0,nan,nan,-0.8061304569244385
4,DiscNRX,none,168,1,0,0,0,nan,nan,-0.8061304569244385
4,DiscNRX,none,169,1,0,0,0,nan,nan,-0.8061304569244385
4,DiscNRX,none,170,1,0,0,0,nan,nan,-0.8061304569244385
4,DiscNRX,none,171,1,0,0,0,nan,nan,-0.8061304569244385
4,DiscNRX,none,172,1,0,0,0,nan,nan,-0.8061304569244385
4,DiscNRX,none,173,1,0,0,0,nan,nan,-0.8061304569244385
4,DiscNRX,none,174,1,0,0,0,nan,nan,-0.8061304569244385
4,DiscNRX,none,175,1,0,0,0,nan,nan,-0.8061304569244385
4,DiscNRX,none,176,1,0,0,0,nan,nan,-0.8061304569244385
4,DiscNRX,none,177,1,0,0,0,nan,nan,-0.8061304569244385
4,DiscNRX,none,178,1,0,0,0,nan,nan,-0.8061304569244385
4,DiscNRX,none,179,1,0,0,0,nan,nan,-0.8061304569244385
4,DiscNRX,none,180,1,0,0,0,nan,nan,-0.8061304569244385
4,DiscNRX,none,181,1,0,0,0,nan,nan,-0.8061304569244385
4,DiscNRX,none,182,1,0,0,0,nan,nan,-0.8061304569244385
4,DiscNRX,none,183,1,0,0,0,nan,nan,-0.8061304569244385
4,DiscNRX,none,184,1,0,0,0,nan,nan,-0.8061304569244385
4,DiscNRX,none,185,1,0,0,0,nan,nan,-0.8061304569244385
4,DiscNRX,none,186,1,0,0,0,nan,nan,-0.8061304569244385
4,DiscNRX,none,187,1,0,0,0,nan,nan,-0.8061304569244385
4,DiscNRX,none,188,1,0,0,0,nan,nan,-0.8061304569244385
4,DiscNRX,none,189,1,0,0,0,nan,nan,-0.8061304569244385
4,DiscNRX,none,190,1,0,0,0,nan,nan,-0.8061304569244385
4,DiscNRX,none,191,1,0,0,0,nan,nan,-0.8061304569244385
4,DiscNRX,none,192,1,0,0,0,nan,nan,-0.8061304569244385
4,DiscNRX,none,193,1,0,0,0,nan,nan,-0.8061304569244385
4,DiscNRX,none,194,1,0,0,0,nan,nan,-0.8061304569244385
4,DiscNRX,none,195,1,0,0,0,nan,nan,-0.8061304569244385
4,DiscNRX,none,196,1,0,0,0,nan,nan,-0.8061304569244385
4,DiscNRX,none,197,1,0,0,0,nan,nan,-0.8061304569244385
4,DiscNRX,none,198,1,0,0,0,nan,nan,-0.8061304569244385
4,DiscNRX,none,199,1,0,0,0,nan,nan,-0.8061304569244385
4,DiscNRX,none,200,1,0,0,0,nan,nan,-0.8061304569244385
4,DiscNRX,none,201,1,0,0,0,nan,nan,-0.8061304569244385
4,DiscNRX,none,202,1,0,0,0,nan,nan,-0.8061304569244385
4,DiscNRX,none,203,1,0,0,0,nan,nan,-0.8061304569244385
4,DiscNRX,none,204,1,0,0,0,nan,nan,-0.8061304569244385
4,DiscNRX,none,205,1,0,0,0,nan,nan,-0.8061304569244385
4,DiscNRX,none,206,1,0,0,0,nan,nan,-0.8061304569244385
4,DiscNRX,none,207,1,0,0,0,nan,nan,-0.8061304569244385
4,DiscNRX,none,208,1,0,0,0,nan,nan,-0.8061304569244385
4,DiscNRX,none,209,1,0,0,0,nan,nan,-0.8061304569244385
4,DiscNRX,none,210,1,0,0,0,nan,nan,-0.8061304569244385
4,DiscNRX,none,211,1,0,0,0,nan,nan,-0.8061304569244385
4,DiscNRX,none,212,1,0,0,0,nan,nan,-0.8061304569244385
4,DiscNRX,none,213,1,0,0,0,nan,nan,-0.8061304569244385
4,DiscNRX,none,214,1,0,0,0,nan,nan,-0.8061304569244385
4,DiscNRX,none,215,1,0,0,0,nan,nan,-0.8061304569244385
4,DiscNRX,none,216,1,0,0,0,nan,nan,-0.8061304569244385
4,DiscNRX,none,217,1,0,0,0,nan,nan,-0.8061304569244385
4,DiscNRX,none,218,1,0,0,0,nan,nan,-0.8061304569244385
4,DiscNRX,none,219,1,0,0,0,nan,nan,-0.8061304569244385
4,DiscNRX,none,220,1,0,0,0,nan,nan,-0.8061304569244385
4,DiscNRX,none,221,1,0,0,0,nan,nan,-0.8061304569244385
4,DiscNRX,none,222,1,0,0,0,nan,nan,-0.8061304569244385
4,DiscNRX,none,223,1,0,0,0,nan,nan,-0.8061304569244385
4,DiscNRX,none,224,1,0,0,0,nan,nan,-0.8061304569244385
4,DiscNRX,none,225,1,0,0,0,nan,nan,-0.8061304569244385
4,DiscNRX,none,226,1,0,0,0,nan,nan,-0.8061304569244385
4,DiscNRX,none,227,1,0,0,0,nan,nan,-0.8061304569244385
4,DiscNRX,none,228,1,0,0,0,nan,nan,-0.8061304569244385
4,DiscNRX,none,229,1,0,0,0,nan,nan,-0.8061304569244385
4,DiscNRX,none,230,1,0,0,0,nan,nan,-0.8061304569244385
4,DiscNRX,none,231,1,0,0,0,nan,nan,-0.8061304569244385
4,DiscNRX,none,232,1,0,0,0,nan,nan,-0.8061304569244385
4,DiscNRX,none,233,1,0,0,0,nan,nan,-0.8061304569244385
4,DiscNRX,none,234,1,0,0,0,nan,nan,-0.8061304569244385
4,DiscNRX,none,235,1,0,0,0,nan,nan,-0.8061304569244385
4,DiscNRX,none,236,1,0,0,0,nan,nan,-0.8061304569244385
4,DiscNRX,none,237,1,0,0,0,nan,nan,-0.8061304569244385
4,DiscNRX,none,238,1,0,0,0,nan,nan,-0.8061304569244385
4,DiscNRX,none,239,1,0,0,0,nan,nan,-0.8061304569244385
4,DiscNRX,none,240,1,0,0,0,nan,nan,-0.8061304569244385
4,DiscNRX,none,241,1,0,0,0,nan,nan,-0.8061304569244385
4,DiscNRX,none,242,1,0,0,0,nan,nan,-0.8061304569244385
4,DiscNRX,none,243,1,0,0,0,nan,nan,-0.8061304569244385
4,DiscNRX,none,244,1,0,0,0,nan,nan,-0.8061304569244385
4,DiscNRX,none,245,1,0,0,0,nan,nan,-0.8061304569244385
4,DiscNRX,none,246,1,0,0,0,nan,nan,-0.8061304569244385
4,DiscNRX,none,247,1,0,0,0,nan,nan,-0.8061304569244385
4,DiscNRX,none,248,1,0,0,0,nan,nan,-0.8061304569244385
4,DiscNRX,none,249,1,0,0,0,nan,nan,-0.8061304569244385
4,DiscNRX,none,250,1,0,0,0,nan,nan,-0.8061304569244385
4,DiscNRX,none,251,1,0,0,0,nan,nan,-0.8061304569244385
4,DiscNRX,none,252,1,0,0,0,nan,nan,-0.8061304569244385
4,DiscNRX,none,253,1,0,0,0,nan,nan,-0.8061304569244385
4,DiscNRX,none,254,1,0,0,0,nan,nan,-0.8061304569244385
4,DiscNRX,none,255,1,0,0,0,nan,nan,-0.8061304569244385
4,DiscNRX,none,256,1,0,0,0,nan,nan,-0.8061304569244385
4,DiscNRX,none,257,1,0,0,0,nan,nan,-0.8061304569244385
4,DiscNRX,none,258,1,0,0,0,nan,nan,-0.8061304569244385
4,DiscNRX,none,259,1,0,0,0,nan,nan,-0.8061304569244385
4,DiscNRX,none,260,1,0,0,0,nan,nan,-0.8061304569244385
4,DiscNRX,none,261,1,0,0,0,nan,nan,-0.8061304569244385
4,DiscNRX,none,262,1,0,0,0,nan,nan,-0.8061304569244385
4,DiscNRX,none,263,1,0,0,0,nan,nan,-0.8061304569244385
4,DiscNRX,none,264,1,0,0,0,nan,nan,-0.8061304569244385
4,DiscNRX,none,265,1,0,0,0,nan,nan,-0.8061304569244385
4,DiscNRX,none,266,1,0,0,0,nan,nan,-0.8061304569244385
4,DiscNRX,none,267,1,0,0,0,nan,nan,-0.8061304569244385
4,DiscNRX,none,268,1,0,0,0,nan,nan,-0.8061304569244385
4,DiscNRX,none,269,1,0,0,0,nan,nan,-0.8061304569244385
4,DiscNRX,none,270,1,0,0,0,nan,nan,-0.8061304569244385
4,DiscNRX,none,271,1,0,0,0,nan,nan,-0.8061304569244385
4,DiscNRX,none,272,1,0,0,0,nan,nan,-0.8061304569244385
4,DiscNRX,none,273,1,0,0,0,nan,nan,-0.8061304569244385
4,DiscNRX,none,274,1,0,0,0,nan,nan,-0.8061304569244385
4,DiscNRX,none,275,1,0,0,0,nan,nan,-0.8061304569244385
4,DiscNRX,none,276,1,0,0,0,nan,nan,-0.8061304569244385
4,DiscNRX,none,277,1,0,0,0,nan,nan,-0.8061304569244385
4,DiscNRX,none,278,1,0,0,0,nan,nan,-0.8061304569244385
4,DiscNRX,none,279,1,0,0,0,nan,nan,-0.8061304569244385
4,DiscNRX,none,280,1,0,0,0,nan,nan,-0.8061304569244385
4,DiscNRX,none,281,1,0,0,0,nan,nan,-0.8061304569244385
4,DiscNRX,none,282,1,0,0,0,nan,nan,-0.8061304569244385
4,DiscNRX,none,283,1,0,0,0,nan,nan,-0.8061304569244385
4,DiscNRX,none,284,1,0,0,0,nan,nan,-0.8061304569244385
4,DiscNRX,none,285,1,0,0,0,nan,nan,-0.8061304569244385
4,DiscNRX,none,286,1,0,0,0,nan,nan,-0.8061304569244385
4,DiscNRX,none,287,1,0,0,0,nan,nan,-0.8061304569244385
4,DiscNRX,none,288,1,0,0,0,nan,nan,-0.8061304569244385
4,DiscNRX,none,289,1,0,0,0,nan,nan,-0.8061304569244385
4,DiscNRX,none,290,1,0,0,0,nan,nan,-0.8061304569244385
4,DiscNRX,none,291,1,0,0,0,nan,nan,-0.8061304569244385
4,DiscNRX,none,292,1,0,0,0,nan,nan,-0.8061304569244385
4,DiscNRX,none,293,1,0,0,0,nan,nan,-0.8061304569244385
4,DiscNRX,none,294,1,0,0,0,nan,nan,-0.8061304569244385
4,DiscNRX,none,295,1,0,0,0,nan,nan,-0.8061304569244385
4,DiscNRX,none,296,1,0,0,0,nan,nan,-0.8061304569244385
4,DiscNRX,none,297,1,0,0,0,nan,nan,-0.8061304569244385
4,DiscNRX,none,298,1,0,0,0,nan,nan,-0.8061304569244385
4,DiscNRX,none,299,1,0,0,0,nan,nan,-0.8061304569244385
4,DiscNRX,none,300,1,0,0,0,nan,nan,-0.8061304569244385
4,DiscNRX,none,301,1,0,0,0,nan,nan,-0.8061304569244385
4,DiscNRX,none,302,1,0,0,0,nan,nan,-0.8061304569244385
4,DiscNRX,none,303,1,0,0,0,nan,nan,-0.8061304569244385
4,DiscNRX,none,304,1,0,0,0,nan,nan,-0.8061304569244385
4,DiscNRX,none,305,1,0,0,0,nan,nan,-0.8061304569244385
4,DiscNRX,none,306,1,0,0,0,nan,nan,-0.8061304569244385
4,DiscNRX,none,307,1,0,0,0,nan,nan,-0.8061304569244385
4,DiscNRX,none,308,1,0,0,0,nan,nan,-0.8061304569244385
4,DiscNRX,none,309,1,0,0,0,nan,nan,-0.8061304569244385
4,DiscNRX,none,310,1,0,0,0,nan,nan,-0.8061304569244385
4,DiscNRX,none,311,1,0,0,0,nan,nan,-0.8061304569244385
4,DiscNRX,none,312,1,0,0,0,nan,nan,-0.8061304569244385
4,DiscNRX,none,313,1,0,0,0,nan,nan,-0.8061304569244385
4,DiscNRX,none,314,1,0,0,0,nan,nan,-0.8061304569244385
4,DiscNRX,none,315,1,0,0,0,nan,nan,-0.8061304569244385
4,DiscNRX,none,316,1,0,0,0,nan,nan,-0.8061304569244385
4,DiscNRX,none,317,1,0,0,0,nan,nan,-0.8061304569244385
4,DiscNRX,none,318,1,0,0,0,nan,nan,-0.8061304569244385
4,DiscNRX,none,319,1,0,0,0,nan,nan,-0.8061304569244385
4,DiscNRX,none,320,1,0,0,0,nan,nan,-0.8061304569244385
4,DiscNRX,none,321,1,0,0,0,nan,nan,-0.8061304569244385
4,DiscNRX,none,322,1,0,0,0,nan,nan,-0.8061304569244385
4,DiscNRX,none,323,1,0,0,0,nan,nan,-0.8061304569244385
4,DiscNRX,none,324,1,0,0,0,nan,nan,-0.8061304569244385
4,DiscNRX,none,325,1,0,0,0,nan,nan,-0.8061304569244385
4,DiscNRX,none,326,1,0,0,0,nan,nan,-0.8061304569244385
4,DiscNRX,none,327,1,0,0,0,nan,nan,-0.8061304569244385
4,DiscNRX,none,328,1,0,0,0,nan,nan,-0.8061304569244385
4,DiscNRX,none,329,1,0,0,0,nan,nan,-0.8061304569244385
4,DiscNRX,none,330,1,0,0,0,nan,nan,-0.8061304569244385
4,DiscNRX,none,331,1,0,0,0,nan,nan,-0.8061304569244385
4,DiscNRX,none,332,1,0,0,0,nan,nan,-0.8061304569244385
4,DiscNRX,none,333,1,0,0,0,nan,nan,-0.8061304569244385
4,DiscNRX,none,334,1,0,0,0,nan,nan,-0.8061304569244385
4,DiscNRX,none,335,1,0,0,0,nan,nan,-0.8061304569244385
4,DiscNRX,none,336,1,0,0,0,nan,nan,-0.8061304569244385
4,DiscNRX,none,337,1,0,0,0,nan,nan,-0.8061304569244385
4,DiscNRX,none,338,1,0,0,0,nan,nan,-0.8061304569244385
4,DiscNRX,none,339,1,0,0,0,nan,nan,-0.8061304569244385
4,DiscNRX,none,340,1,0,0,0,nan,nan,-0.8061304569244385
4,DiscNRX,none,341,1,0,0,0,nan,nan,-0.8061304569244385
4,DiscNRX,none,342,1,0,0,0,nan,nan,-0.8061304569244385
4,DiscNRX,none,343,1,0,0,0,nan,nan,-0.8061304569244385
4,DiscNRX,none,344,1,0,0,0,nan,nan,-0.8061304569244385
4,DiscNRX,none,345,1,0,0,0,nan,nan,-0.8061304569244385
4,DiscNRX,none,346,1,0,0,0,nan,nan,-0.8061304569244385
4,DiscNRX,none,347,1,0,0,0,nan,nan,-0.8061304569244385
4,DiscNRX,none,348,1,0,0,0,nan,nan,-0.8061304569244385
4,DiscNRX,none,349,1,0,0,0,nan,nan,-0.8061304569244385
4,DiscNRX,none,350,1,0,0,0,nan,nan,-0.8061304569244385
4,DiscNRX,none,351,1,0,0,0,nan,nan,-0.8061304569244385
4,DiscNRX,none,352,1,0,0,0,nan,nan,-0.8061304569244385
4,DiscNRX,none,353,1,0,0,0,nan,nan,-0.8061304569244385
4,DiscNRX,none,354,1,0,0,0,nan,nan,-0.8061304569244385
4,DiscNRX,none,355,1,0,0,0,nan,nan,-0.8061304569244385
4,DiscNRX,none,356,1,0,0,0,nan,nan,-0.8061304569244385
4,DiscNRX,none,357,1,0,0,0,nan,nan,-0.8061304569244385
4,DiscNRX,none,358,1,0,0,0,nan,nan,-0.8061304569244385
4,DiscNRX,none,359,1,0,0,0,nan,nan,-0.8061304569244385
4,DiscNRX,none,360,1,0,0,0,nan,nan,-0.8061304569244385
4,DiscNRX,none,361,1,0,0,0,nan,nan,-0.8061304569244385
4,DiscNRX,none,362,1,0,0,0,nan,nan,-0.8061304569244385
4,DiscNRX,none,363,1,0,0,0,nan,nan,-0.8061304569244385
4,DiscNRX,none,364,1,0,0,0,nan,nan,-0.8061304569244385
4,DiscNRX,none,365,1,0,0,0,nan,nan,-0.8061304569244385
4,DiscNRX,none,366,1,0,0,0,nan,nan,-0.8061304569244385
4,DiscNRX,none,367,1,0,0,0,nan,nan,-0.8061304569244385
4,DiscNRX,none,368,1,0,0,0,nan,nan,-0.8061304569244385
4,DiscNRX,none,369,1,0,0,0,nan,nan,-0.8061304569244385
4,DiscNRX,none,370,1,0,0,0,nan,nan,-0.8061304569244385
4,DiscNRX,none,371,1,0,0,0,nan,nan,-0.8061304569244385
4,DiscNRX,none,372,1,0,0,0,nan,nan,-0.8061304569244385
4,DiscNRX,none,373,1,0,0,0,nan,nan,-0.8061304569244385
4,DiscNRX,none,374,1,0,0,0,nan,nan,-0.8061304569244385
4,DiscNRX,none,375,1,0,0,0,nan,nan,-0.8061304569244385
4,DiscNRX,none,376,1,0,0,0,nan,nan,-0.8061304569244385
4,DiscNRX,none,377,1,0,0,0,nan,nan,-0.8061304569244385
4,DiscNRX,none,378,1,0,0,0,nan,nan,-0.8061304569244385
4,DiscNRX,none,379,1,0,0,0,nan,nan,-0.8061304569244385
4,DiscNRX,none,380,1,0,0,0,nan,nan,-0.8061304569244385
4,DiscNRX,none,381,1,0,0,0,nan,nan,-0.8061304569244385
4,DiscNRX,none,382,1,0,0,0,nan,nan,-0.8061304569244385
4,DiscNRX,none,383,1,0,0,0,nan,nan,-0.8061304569244385
4,DiscNRX,none,384,1,0,0,0,nan,nan,-0.8061304569244385
4,DiscNRX,none,385,1,0,0,0,nan,nan,-0.8061304569244385
4,DiscNRX,none,386,1,0,0,0,nan,nan,-0.8061304569244385
4,DiscNRX,none,387,1,0,0,0,nan,nan,-0.8061304569244385
4,DiscNRX,none,388,1,0,0,0,nan,nan,-0.8061304569244385
4,DiscNRX,none,389,1,0,0,0,nan,nan,-0.8061304569244385
4,DiscNRX,none,390,1,0,0,0,nan,nan,-0.8061304569244385
4,DiscNRX,none,391,1,0,0,0,nan,nan,-0.8061304569244385
4,DiscNRX,none,392,1,0,0,0,nan,nan,-0.8061304569244385
4,DiscNRX,none,393,1,0,0,0,nan,nan,-0.8061304569244385
4,DiscNRX,none,394,1,0,0,0,nan,nan,-0.8061304569244385
4,DiscNRX,none,395,1,0,0,0,nan,nan,-0.8061304569244385
4,DiscNRX,none,396,1,0,0,0,nan,nan,-0.8061304569244385
4,DiscNRX,none,397,1,0,0,0,nan,nan,-0.8061304569244385
4,DiscNRX,none,398,1,0,0,0,nan,nan,-0.8061304569244385
4,DiscNRX,none,399,1,0,0,0,nan,nan,-0.8061304569244385
4,DiscNRX,none,400,1,0,0,0,nan,nan,-0.8061304569244385
4,DiscNRX,none,401,1,0,0,0,nan,nan,-0.8061304569244385
4,DiscNRX,none,402,1,0,0,0,nan,nan,-0.8061304569244385
4,DiscNRX,none,403,1,0,0,0,nan,nan,-0.8061304569244385
4,DiscNRX,none,404,1,0,0,0,nan,nan,-0.8061304569244385
4,DiscNRX,none,405,1,0,0,0,nan,nan,-0.8061304569244385
4,DiscNRX,none,406,1,0,0,0,nan,nan,-0.8061304569244385
4,DiscNRX,none,407,1,0,0,0,nan,nan,-0.8061304569244385
4,DiscNRX,none,408,1,0,0,0,nan,nan,-0.8061304569244385
4,DiscNRX,none,409,1,0,0,0,nan,nan,-0.8061304569244385
4,DiscNRX,none,410,1,0,0,0,nan,nan,-0.8061304569244385
4,DiscNRX,none,411,1,0,0,0,nan,nan,-0.8061304569244385
4,DiscNRX,none,412,1,0,0,0,nan,nan,-0.8061304569244385
4,DiscNRX,none,413,1,0,0,0,nan,nan,-0.8061304569244385
4,DiscNRX,none,414,1,0,0,0,nan,nan,-0.8061304569244385
4,DiscNRX,none,415,1,0,0,0,nan,nan,-0.8061304569244385
4,DiscNRX,none,416,1,0,0,0,nan,nan,-0.8061304569244385
4,DiscNRX,none,417,1,0,0,0,nan,nan,-0.8061304569244385
4,DiscNRX,none,418,1,0,0,0,nan,nan,-0.8061304569244385
4,DiscNRX,none,419,1,0,0,0,nan,nan,-0.8061304569244385
4,DiscNRX,none,420,1,0,0,0,nan,nan,-0.8061304569244385
4,DiscNRX,none,421,1,0,0,0,nan,nan,-0.8061304569244385
4,DiscNRX,none,422,1,0,0,0,nan,nan,-0.8061304569244385
4,DiscNRX,none,423,1,0,0,0,nan,nan,-0.8061304569244385
4,DiscNRX,none,424,1,0,0,0,nan,nan,-0.8061304569244385
4,DiscNRX,none,425,1,0,0,0,nan,nan,-0.8061304569244385
4,DiscNRX,none,426,1,0,0,0,nan,nan,-0.8061304569244385
4,DiscNRX,none,427,1,0,0,0,nan,nan,-0.8061304569244385
4,DiscNRX,none,428,1,0,0,0,nan,nan,-0.8061304569244385
4,DiscNRX,none,429,1,0,0,0,nan,nan,-0.8061304569244385
4,DiscNRX,none,430,1,0,0,0,nan,nan,-0.8061304569244385
4,DiscNRX,none,431,1,0,0,0,nan,nan,-0.8061304569244385
4,DiscNRX,none,432,1,0,0,0,nan,nan,-0.8061304569244385
4,DiscNRX,none,433,1,0,0,0,nan,nan,-0.8061304569244385
4,DiscNRX,none,434,1,0,0,0,nan,nan,-0.8061304569244385
4,DiscNRX,none,435,1,0,0,0,nan,nan,-0.8061304569244385
4,DiscNRX,none,436,1,0,0,0,nan,nan,-0.8061304569244385
4,DiscNRX,none,437,1,0,0,0,nan,nan,-0.8061304569244385
4,DiscNRX,none,438,1,0,0,0,nan,nan,-0.8061304569244385
4,DiscNRX,none,439,1,0,0,0,nan,nan,-0.8061304569244385
4,DiscNRX,none,440,1,0,0,0,nan,nan,-0.8061304569244385
4,DiscNRX,none,441,1,0,0,0,nan,nan,-0.8061304569244385
4,DiscNRX,none,442,1,0,0,0,nan,nan,-0.8061304569244385
4,DiscNRX,none,443,1,0,0,0,nan,nan,-0.8061304569244385
4,DiscNRX,none,444,1,0,0,0,nan,nan,-0.8061304569244385
4,DiscNRX,none,445,1,0,0,0,nan,nan,-0.8061304569244385
4,DiscNRX,none,446,1,0,0,0,nan,nan,-0.8061304569244385
4,DiscNRX,none,447,1,0,0,0,nan,nan,-0.8061304569244385
4,DiscNRX,none,448,1,0,0,0,nan,nan,-0.8061304569244385
4,DiscNRX,none,449,1,0,0,0,nan,nan,-0.8061304569244385
4,DiscNRX,none,450,1,0,0,0,nan,nan,-0.8061304569244385
4,DiscNRX,none,451,1,0,0,0,nan,nan,-0.8061304569244385
4,DiscNRX,none,452,1,0,0,0,nan,nan,-0.8061304569244385
4,DiscNRX,none,453,1,0,0,0,nan,nan,-0.8061304569244385
4,DiscNRX,none,454,1,0,0,0,nan,nan,-0.8061304569244385
4,DiscNRX,none,455,1,0,0,0,nan,nan,-0.8061304569244385
4,DiscNRX,none,456,1,0,0,0,nan,nan,-0.8061304569244385
4,DiscNRX,none,457,1,0,0,0,nan,nan,-0.8061304569244385
4,DiscNRX,none,458,1,0,0,0,nan,nan,-0.8061304569244385
4,DiscNRX,none,459,1,0,0,0,nan,nan,-0.8061304569244385
4,DiscNRX,none,460,1,0,0,0,nan,nan,-0.8061304569244385
4,DiscNRX,none,461,1,0,0,0,nan,nan,-0.8061304569244385
4,DiscNRX,none,462,1,0,0,0,nan,nan,-0.8061304569244385
4,DiscNRX,none,463,1,0,0,0,nan,nan,-0.8061304569244385
4,DiscNRX,none,464,1,0,0,0,nan,nan,-0.8061304569244385
4,DiscNRX,none,465,1,0,0,0,nan,nan,-0.8061304569244385
4,DiscNRX,none,466,1,0,0,0,nan,nan,-0.8061304569244385
4,DiscNRX,none,467,1,0,0,0,nan,nan,-0.8061304569244385
4,DiscNRX,none,468,1,0,0,0,nan,nan,-0.8061304569244385
4,DiscNRX,none,469,1,0,0,0,nan,nan,-0.8061304569244385
4,DiscNRX,none,470,1,0,0,0,nan,nan,-0.8061304569244385
4,DiscNRX,none,471,1,0,0,0,nan,nan,-0.8061304569244385
4,DiscNRX,none,472,1,0,0,0,nan,nan,-0.8061304569244385
4,DiscNRX,none,473,1,0,0,0,nan,nan,-0.8061304569244385
4,DiscNRX,none,474,1,0,0,0,nan,nan,-0.8061304569244385
4,DiscNRX,none,475,1,0,0,0,nan,nan,-0.8061304569244385
4,DiscNRX,none,476,1,0,0,0,nan,nan,-0.8061304569244385
4,DiscNRX,none,477,1,0,0,0,nan,nan,-0.8061304569244385
4,DiscNRX,none,478,1,0,0,0,nan,nan,-0.8061304569244385
4,DiscNRX,none,479,1,0,0,0,nan,nan,-0.8061304569244385
4,DiscNRX,none,480,1,0,0,0,nan,nan,-0.8061304569244385
4,DiscNRX,none,481,1,0,0,0,nan,nan,-0.8061304569244385
4,DiscNRX,none,482,1,0,0,0,nan,nan,-0.8061304569244385
4,DiscNRX,none,483,1,0,0,0,nan,nan,-0.8061304569244385
4,DiscNRX,none,484,1,0,0,0,nan,nan,-0.8061304569244385
4,DiscNRX,none,485,1,0,0,0,nan,nan,-0.8061304569244385
4,DiscNRX,none,486,1,0,0,0,nan,nan,-0.8061304569244385
4,DiscNRX,none,487,1,0,0,0,nan,nan,-0.8061304569244385
4,DiscNRX,none,488,1,0,0,0,nan,nan,-0.8061304569244385
4,DiscNRX,none,489,1,0,0,0,nan,nan,-0.8061304569244385
4,DiscNRX,none,490,1,0,0,0,nan,nan,-0.8061304569244385
4,DiscNRX,none,491,1,0,0,0,nan,nan,-0.8061304569244385
4,DiscNRX,none,492,1,0,0,0,nan,nan,-0.8061304569244385
4,DiscNRX,none,493,1,0,0,0,nan,nan,-0.8061304569244385
4,DiscNRX,none,494,1,0,0,0,nan,nan,-0.8061304569244385
4,DiscNRX,none,495,1,0,0,0,nan,nan,-0.8061304569244385
4,DiscNRX,none,496,1,0,0,0,nan,nan,-0.8061304569244385
4,DiscNRX,none,497,1,0,0,0,nan,nan,-0.8061304569244385
4,DiscNRX,none,498,1,0,0,0,nan,nan,-0.8061304569244385
4,DiscNRX,none,499,1,0,0,0,nan,nan,-0.8061304569244385
4,DiscNRX,none,500,1,0,0,0,nan,nan,-0.8061304569244385
4,DiscNRX,none,501,1,0,0,0,nan,nan,-0.8061304569244385
4,DiscNRX,none,502,1,0,0,0,nan,nan,-0.8061304569244385
4,DiscNRX,none,503,1,0,0,0,nan,nan,-0.8061304569244385
4,DiscNRX,none,504,1,0,0,0,nan,nan,-0.8061304569244385
4,DiscNRX,none,505,1,0,0,0,nan,nan,-0.8061304569244385
4,DiscNRX,none,506,1,0,0,0,nan,nan,-0.8061304569244385
4,DiscNRX,none,507,1,0,0,0,nan,nan,-0.8061304569244385
4,DiscNRX,none,508,1,0,0,0,nan,nan,-0.8061304569244385
4,DiscNRX,none,509,1,0,0,0,nan,nan,-0.8061304569244385
4,DiscNRX,none,510,1,0,0,0,nan,nan,-0.8061304569244385
4,DiscNRX,none,511,1,0,0,0,nan,nan,-0.8061304569244385
4,DiscNRX,none,512,1,0,0,0,nan,nan,-0.8061304569244385
4,DiscNRX,none,513,1,0,0,0,nan,nan,-0.8061304569244385
4,DiscNRX,none,514,1,0,0,0,nan,nan,-0.8061304569244385
4,DiscNRX,none,515,1,0,0,0,nan,nan,-0.8061304569244385
4,DiscNRX,none,516,1,0,0,0,nan,nan,-0.8061304569244385
4,DiscNRX,none,517,1,0,0,0,nan,nan,-0.8061304569244385
4,DiscNRX,none,518,1,0,0,0,nan,nan,-0.8061304569244385
4,DiscNRX,none,519,1,0,0,0,nan,nan,-0.8061304569244385
4,DiscNRX,none,520,1,0,0,0,nan,nan,-0.8061304569244385
4,DiscNRX,none,521,1,0,0,0,nan,nan,-0.8061304569244385
4,DiscNRX,none,522,1,0,0,0,nan,nan,-0.8061304569244385
4,DiscNRX,none,523,1,0,0,0,nan,nan,-0.8061304569244385
4,DiscNRX,none,524,1,0,0,0,nan,nan,-0.8061304569244385
4,DiscNRX,none,525,1,0,0,0,nan,nan,-0.8061304569244385
4,DiscNRX,none,526,1,0,0,0,nan,nan,-0.8061304569244385
4,DiscNRX,none,527,1,0,0,0,nan,nan,-0.8061304569244385
4,DiscNRX,none,528,1,0,0,0,nan,nan,-0.8061304569244385
4,DiscNRX,none,529,1,0,0,0,nan,nan,-0.8061304569244385
4,DiscNRX,none,530,1,0,0,0,nan,nan,-0.8061304569244385
4,DiscNRX,none,531,1,0,0,0,nan,nan,-0.8061304569244385
4,DiscNRX,none,532,1,0,0,0,nan,nan,-0.8061304569244385
4,DiscNRX,none,533,1,0,0,0,nan,nan,-0.8061304569244385
4,DiscNRX,none,534,1,0,0,0,nan,nan,-0.8061304569244385
4,DiscNRX,none,535,1,0,0,0,nan,nan,-0.8061304569244385
4,DiscNRX,none,536,1,0,0,0,nan,nan,-0.8061304569244385
4,DiscNRX,none,537,1,0,0,0,nan,nan,-0.8061304569244385
4,DiscNRX,none,538,1,0,0,0,nan,nan,-0.8061304569244385
4,DiscNRX,none,539,1,0,0,0,nan,nan,-0.8061304569244385
4,DiscNRX,none,540,1,0,0,0,nan,nan,-0.8061304569244385
4,DiscNRX,none,541,1,0,0,0,nan,nan,-0.8061304569244385
4,DiscNRX,none,542,1,0,0,0,nan,nan,-0.8061304569244385
4,DiscNRX,none,543,1,0,0,0,nan,nan,-0.8061304569244385
4,DiscNRX,none,544,1,0,0,0,nan,nan,-0.8061304569244385
4,DiscNRX,none,545,1,0,0,0,nan,nan,-0.8061304569244385
4,DiscNRX,none,546,1,0,0,0,nan,nan,-0.8061304569244385
4,DiscNRX,none,547,1,0,0,0,nan,nan,-0.8061304569244385
4,DiscNRX,none,548,1,0,0,0,nan,nan,-0.8061304569244385
4,DiscNRX,none,549,1,0,0,0,nan,nan,-0.8061304569244385
4,DiscNRX,none,550,1,0,0,0,nan,nan,-0.8061304569244385
4,DiscNRX,none,551,1,0,0,0,nan,nan,-0.8061304569244385
4,DiscNRX,none,552,1,0,0,0,nan,nan,-0.8061304569244385
4,DiscNRX,none,553,1,0,0,0,nan,nan,-0.8061304569244385
4,DiscNRX,none,554,1,0,0,0,nan,nan,-0.8061304569244385
4,DiscNRX,none,555,1,0,0,0,nan,nan,-0.8061304569244385
4,DiscNRX,none,556,1,0,0,0,nan,nan,-0.8061304569244385
4,DiscNRX,none,557,1,0,0,0,nan,nan,-0.8061304569244385
4,DiscNRX,none,558,1,0,0,0,nan,nan,-0.8061304569244385
4,DiscNRX,none,559,1,0,0,0,nan,nan,-0.8061304569244385
4,DiscNRX,none,560,1,0,0,0,nan,nan,-0.8061304569244385
4,DiscNRX,none,561,1,0,0,0,nan,nan,-0.8061304569244385
4,DiscNRX,none,562,1,0,0,0,nan,nan,-0.8061304569244385
4,DiscNRX,none,563,1,0,0,0,nan,nan,-0.8061304569244385
4,DiscNRX,none,564,1,0,0,0,nan,nan,-0.8061304569244385
4,DiscNRX,none,565,1,0,0,0,nan,nan,-0.8061304569244385
4,DiscNRX,none,566,1,0,0,0,nan,nan,-0.8061304569244385
4,DiscNRX,none,567,1,0,0,0,nan,nan,-0.8061304569244385
4,DiscNRX,none,568,1,0,0,0,nan,nan,-0.8061304569244385
4,DiscNRX,none,569,1,0,0,0,nan,nan,-0.8061304569244385
4,DiscNRX,none,570,1,0,0,0,nan,nan,-0.8061304569244385
4,DiscNRX,none,571,1,0,0,0,nan,nan,-0.8061304569244385
4,DiscNRX,none,572,1,0,0,0,nan,nan,-0.8061304569244385
4,DiscNRX,none,573,1,0,0,0,nan,nan,-0.8061304569244385
4,DiscNRX,none,574,1,0,0,0,nan,nan,-0.8061304569244385
4,DiscNRX,none,575,1,0,0,0,nan,nan,-0.8061304569244385
4,DiscNRX,none,576,1,0,0,0,nan,nan,-0.8061304569244385
4,DiscNRX,none,577,1,0,0,0,nan,nan,-0.8061304569244385
4,DiscNRX,none,578,1,0,0,0,nan,nan,-0.8061304569244385
4,DiscNRX,none,579,1,0,0,0,nan,nan,-0.8061304569244385
4,DiscNRX,none,580,1,0,0,0,nan,nan,-0.8061304569244385
4,DiscNRX,none,581,1,0,0,0,nan,nan,-0.8061304569244385
4,DiscNRX,none,582,1,0,0,0,nan,nan,-0.8061304569244385
4,DiscNRX,none,583,1,0,0,0,nan,nan,-0.8061304569244385
4,DiscNRX,none,584,1,0,0,0,nan,nan,-0.8061304569244385
4,DiscNRX,none,585,1,0,0,0,nan,nan,-0.8061304569244385
4,DiscNRX,none,586,1,0,0,0,nan,nan,-0.8061304569244385
4,DiscNRX,none,587,1,0,0,0,nan,nan,-0.8061304569244385
4,DiscNRX,none,588,1,0,0,0,nan,nan,-0.8061304569244385
4,DiscNRX,none,589,1,0,0,0,nan,nan,-0.8061304569244385
4,DiscNRX,none,590,1,0,0,0,nan,nan,-0.8061304569244385
4,DiscNRX,none,591,1,0,0,0,nan,nan,-0.8061304569244385
4,DiscNRX,none,592,1,0,0,0,nan,nan,-0.8061304569244385
4,DiscNRX,none,593,1,0,0,0,nan,nan,-0.8061304569244385
4,DiscNRX,none,594,1,0,0,0,nan,nan,-0.8061304569244385
4,DiscNRX,none,595,1,0,0,0,nan,nan,-0.8061304569244385
4,DiscNRX,none,596,1,0,0,0,nan,nan,-0.8061304569244385
4,DiscNRX,none,597,1,0,0,0,nan,nan,-0.8061304569244385
4,DiscNRX,none,598,1,0,0,0,nan,nan,-0.8061304569244385
4,DiscNRX,none,599,1,0,0,0,nan,nan,-0.8061304569244385
4,DiscNRX,none,600,1,0,0,0,nan,nan,-0.8061304569244385
4,DiscNRX,none,601,1,0,0,0,nan,nan,-0.8061304569244385
4,DiscNRX,none,602,1,0,0,0,nan,nan,-0.8061304569244385
4,DiscNRX,none,603,1,0,0,0,nan,nan,-0.8061304569244385
4,DiscNRX,none,604,1,0,0,0,nan,nan,-0.8061304569244385
4,DiscNRX,none,605,1,0,0,0,nan,nan,-0.8061304569244385
4,DiscNRX,none,606,1,0,0,0,nan,nan,-0.8061304569244385
4,DiscNRX,none,607,1,0,0,0,nan,nan,-0.8061304569244385
4,DiscNRX,none,608,1,0,0,0,nan,nan,-0.8061304569244385
4,DiscNRX,none,609,1,0,0,0,nan,nan,-0.8061304569244385
4,DiscNRX,none,610,1,0,0,0,nan,nan,-0.8061304569244385
4,DiscNRX,none,611,1,0,0,0,nan,nan,-0.8061304569244385
4,DiscNRX,none,612,1,0,0,0,nan,nan,-0.8061304569244385
4,DiscNRX,none,613,1,0,0,0,nan,nan,-0.8061304569244385
4,DiscNRX,none,614,1,0,0,0,nan,nan,-0.8061304569244385
4,DiscNRX,none,615,1,0,0,0,nan,nan,-0.8061304569244385
4,DiscNRX,none,616,1,0,0,0,nan,nan,-0.8061304569244385
4,DiscNRX,none,617,1,0,0,0,nan,nan,-0.8061304569244385
4,DiscNRX,none,618,1,0,0,0,nan,nan,-0.8061304569244385
4,DiscNRX,none,619,1,0,0,0,nan,nan,-0.8061304569244385
4,DiscNRX,none,620,1,0,0,0,nan,nan,-0.8061304569244385
4,DiscNRX,none,621,1,0,0,0,nan,nan,-0.8061304569244385
4,DiscNRX,none,622,1,0,0,0,nan,nan,-0.8061304569244385
4,DiscNRX,none,623,1,0,0,0,nan,nan,-0.8061304569244385
4,DiscNRX,none,624,1,0,0,0,nan,nan,-0.8061304569244385
4,DiscNRX,none,625,1,0,0,0,nan,nan,-0.8061304569244385
4,DiscNRX,none,626,1,0,0,0,nan,nan,-0.8061304569244385
4,DiscNRX,none,627,1,0,0,0,nan,nan,-0.8061304569244385
4,DiscNRX,none,628,1,0,0,0,nan,nan,-0.8061304569244385
4,DiscNRX,none,629,1,0,0,0,nan,nan,-0.8061304569244385
4,DiscNRX,none,630,1,0,0,0,nan,nan,-0.8061304569244385
4,DiscNRX,none,631,1,0,0,0,nan,nan,-0.8061304569244385
4,DiscNRX,none,632,1,0,0,0,nan,nan,-0.8061304569244385
4,DiscNRX,none,633,1,0,0,0,nan,nan,-0.8061304569244385
4,DiscNRX,none,634,1,0,0,0,nan,nan,-0.8061304569244385
4,DiscNRX,none,635,1,0,0,0,nan,nan,-0.8061304569244385
4,DiscNRX,none,636,1,0,0,0,nan,nan,-0.8061304569244385
4,DiscNRX,none,637,1,0,0,0,nan,nan,-0.8061304569244385
4,DiscNRX,none,638,1,0,0,0,nan,nan,-0.8061304569244385
4,DiscNRX,none,639,1,0,0,0,nan,nan,-0.8061304569244385
4,DiscNRX,none,640,1,0,0,0,nan,nan,-0.8061304569244385
4,DiscNRX,none,641,1,0,0,0,nan,nan,-0.8061304569244385
4,DiscNRX,none,642,1,0,0,0,nan,nan,-0.8061304569244385
4,DiscNRX,none,643,1,0,0,0,nan,nan,-0.8061304569244385
4,DiscNRX,none,644,1,0,0,0,nan,nan,-0.8061304569244385
4,DiscNRX,none,645,1,0,0,0,nan,nan,-0.8061304569244385
4,DiscNRX,none,646,1,0,0,0,nan,nan,-0.8061304569244385
4,DiscNRX,none,647,1,0,0,0,nan,nan,-0.8061304569244385
4,DiscNRX,none,648,1,0,0,0,nan,nan,-0.8061304569244385
4,DiscNRX,none,649,1,0,0,0,nan,nan,-0.8061304569244385
4,DiscNRX,none,650,1,0,0,0,nan,nan,-0.8061304569244385
4,DiscNRX,none,651,1,0,0,0,nan,nan,-0.8061304569244385
4,DiscNRX,none,652,1,0,0,0,nan,nan,-0.8061304569244385
4,DiscNRX,none,653,1,0,0,0,nan,nan,-0.8061304569244385
4,DiscNRX,none,654,1,0,0,0,nan,nan,-0.8061304569244385
4,DiscNRX,none,655,1,0,0,0,nan,nan,-0.8061304569244385
4,DiscNRX,none,656,1,0,0,0,nan,nan,-0.8061304569244385
4,DiscNRX,none,657,1,0,0,0,nan,nan,-0.8061304569244385
4,DiscNRX,none,658,1,0,0,0,nan,nan,-0.8061304569244385
4,DiscNRX,none,659,1,0,0,0,nan,nan,-0.8061304569244385
4,DiscNRX,none,660,1,0,0,0,nan,nan,-0.8061304569244385
4,DiscNRX,none,661,1,0,0,0,nan,nan,-0.8061304569244385
4,DiscNRX,none,662,1,0,0,0,nan,nan,-0.8061304569244385
4,DiscNRX,none,663,1,0,0,0,nan,nan,-0.8061304569244385
4,DiscNRX,none,664,1,0,0,0,nan,nan,-0.8061304569244385
4,DiscNRX,none,665,1,0,0,0,nan,nan,-0.8061304569244385
4,DiscNRX,none,666,1,0,0,0,nan,nan,-0.8061304569244385
4,DiscNRX,none,667,1,0,0,0,nan,nan,-0.8061304569244385
4,DiscNRX,none,668,1,0,0,0,nan,nan,-0.8061304569244385
4,DiscNRX,none,669,1,0,0,0,nan,nan,-0.8061304569244385
4,DiscNRX,none,670,1,0,0,0,nan,nan,-0.8061304569244385
4,DiscNRX,none,671,1,0,0,0,nan,nan,-0.8061304569244385
4,DiscNRX,none,672,1,0,0,0,nan,nan,-0.8061304569244385
4,DiscNRX,none,673,1,0,0,0,nan,nan,-0.8061304569244385
4,DiscNRX,none,674,1,0,0,0,nan,nan,-0.8061304569244385
4,DiscNRX,none,675,1,0,0,0,nan,nan,-0.8061304569244385
4,DiscNRX,none,676,1,0,0,0,nan,nan,-0.8061304569244385
4,DiscNRX,none,677,1,0,0,0,nan,nan,-0.8061304569244385
4,DiscNRX,none,678,1,0,0,0,nan,nan,-0.8061304569244385
4,DiscNRX,none,679,1,0,0,0,nan,nan,-0.8061304569244385
4,DiscNRX,none,680,1,0,0,0,nan,nan,-0.8061304569244385
4,DiscNRX,none,681,1,0,0,0,nan,nan,-0.8061304569244385
4,DiscNRX,none,682,1,0,0,0,nan,nan,-0.8061304569244385
4,DiscNRX,none,683,1,0,0,0,nan,nan,-0.8061304569244385
4,DiscNRX,none,684,1,0,0,0,nan,nan,-0.8061304569244385
4,DiscNRX,none,685,1,0,0,0,nan,nan,-0.8061304569244385
4,DiscNRX,none,686,1,0,0,0,nan,nan,-0.8061304569244385
4,DiscNRX,none,687,1,0,0,0,nan,nan,-0.8061304569244385
4,DiscNRX,none,688,1,0,0,0,nan,nan,-0.8061304569244385
4,DiscNRX,none,689,1,0,0,0,nan,nan,-0.8061304569244385
4,DiscNRX,none,690,1,0,0,0,nan,nan,-0.8061304569244385
4,DiscNRX,none,691,1,0,0,0,nan,nan,-0.8061304569244385
4,DiscNRX,none,692,1,0,0,0,nan,nan,-0.8061304569244385
4,DiscNRX,none,693,1,0,0,0,nan,nan,-0.8061304569244385
4,DiscNRX,none,694,1,0,0,0,nan,nan,-0.8061304569244385
4,DiscNRX,none,695,1,0,0,0,nan,nan,-0.8061304569244385
4,DiscNRX,none,696,1,0,0,0,nan,nan,-0.8061304569244385
4,DiscNRX,none,697,1,0,0,0,nan,nan,-0.8061304569244385
4,DiscNRX,none,698,1,0,0,0,nan,nan,-0.8061304569244385
4,DiscNRX,none,699,1,0,0,0,nan,nan,-0.8061304569244385
4,DiscNRX,none,700,1,0,0,0,nan,nan,-0.8061304569244385
4,DiscNRX,none,701,1,0,0,0,nan,nan,-0.8061304569244385
4,DiscNRX,none,702,1,0,0,0,nan,nan,-0.8061304569244385
4,DiscNRX,none,703,1,0,0,0,nan,nan,-0.8061304569244385
4,DiscNRX,none,704,1,0,0,0,nan,nan,-0.8061304569244385
4,DiscNRX,none,705,1,0,0,0,nan,nan,-0.8061304569244385
4,DiscNRX,none,706,1,0,0,0,nan,nan,-0.8061304569244385
4,DiscNRX,none,707,1,0,0,0,nan,nan,-0.8061304569244385
4,DiscNRX,none,708,1,0,0,0,nan,nan,-0.8061304569244385
4,DiscNRX,none,709,1,0,0,0,nan,nan,-0.8061304569244385
4,DiscNRX,none,710,1,0,0,0,nan,nan,-0.8061304569244385
4,DiscNRX,none,711,1,0,0,0,nan,nan,-0.8061304569244385
4,DiscNRX,none,712,1,0,0,0,nan,nan,-0.8061304569244385
4,DiscNRX,none,713,1,0,0,0,nan,nan,-0.8061304569244385
4,DiscNRX,none,714,1,0,0,0,nan,nan,-0.8061304569244385
4,DiscNRX,none,715,1,0,0,0,nan,nan,-0.8061304569244385
4,DiscNRX,none,716,1,0,0,0,nan,nan,-0.8061304569244385
4,DiscNRX,none,717,1,0,0,0,nan,nan,-0.8061304569244385
4,DiscNRX,none,718,1,0,0,0,nan,nan,-0.8061304569244385
4,DiscNRX,none,719,1,0,0,0,nan,nan,-0.8061304569244385
4,DiscNRX,none,720,1,0,0,0,nan,nan,-0.8061304569244385
4,DiscNRX,none,721,1,0,0,0,nan,nan,-0.8061304569244385
4,DiscNRX,none,722,1,0,0,0,nan,nan,-0.8061304569244385
4,DiscNRX,none,723,1,0,0,0,nan,nan,-0.8061304569244385
4,DiscNRX,none,724,1,0,0,0,nan,nan,-0.8061304569244385
4,DiscNRX,none,725,1,0,0,0,nan,nan,-0.8061304569244385
4,DiscNRX,none,726,1,0,0,0,nan,nan,-0.8061304569244385
4,DiscNRX,none,727,1,0,0,0,nan,nan,-0.8061304569244385
4,DiscNRX,none,728,1,0,0,0,nan,nan,-0.8061304569244385
4,DiscNRX,none,729,1,0,0,0,nan,nan,-0.8061304569244385
4,DiscNRX,none,730,1,0,0,0,nan,nan,-0.8061304569244385
4,DiscNRX,none,731,1,0,0,0,nan,nan,-0.8061304569244385
4,DiscNRX,none,732,1,0,0,0,nan,nan,-0.8061304569244385
4,DiscNRX,none,733,1,0,0,0,nan,nan,-0.8061304569244385
4,DiscNRX,none,734,1,0,0,0,nan,nan,-0.8061304569244385
4,DiscNRX,none,735,1,0,0,0,nan,nan,-0.8061304569244385
4,DiscNRX,none,736,1,0,0,0,nan,nan,-0.8061304569244385
4,DiscNRX,none,737,1,0,0,0,nan,nan,-0.8061304569244385
4,DiscNRX,none,738,1,0,0,0,nan,nan,-0.8061304569244385
4,DiscNRX,none,739,1,0,0,0,nan,nan,-0.8061304569244385
4,DiscNRX,none,740,1,0,0,0,nan,nan,-0.8061304569244385
4,DiscNRX,none,741,1,0,0,0,nan,nan,-0.8061304569244385
4,DiscNRX,none,742,1,0,0,0,nan,nan,-0.8061304569244385
4,DiscNRX,none,743,1,0,0,0,nan,nan,-0.8061304569244385
4,DiscNRX,none,744,1,0,0,0,nan,nan,-0.8061304569244385
4,DiscNRX,none,745,1,0,0,0,nan,nan,-0.8061304569244385
4,DiscNRX,none,746,1,0,0,0,nan,nan,-0.8061304569244385
4,DiscNRX,none,747,1,0,0,0,nan,nan,-0.8061304569244385
4,DiscNRX,none,748,1,0,0,0,nan,nan,-0.8061304569244385
4,DiscNRX,none,749,1,0,0,0,nan,nan,-0.8061304569244385
4,DiscNRX,none,750,1,0,0,0,nan,nan,-0.8061304569244385
4,DiscNRX,none,751,1,0,0,0,nan,nan,-0.8061304569244385
4,DiscNRX,none,752,1,0,0,0,nan,nan,-0.8061304569244385
4,DiscNRX,none,753,1,0,0,0,nan,nan,-0.8061304569244385
4,DiscNRX,none,754,1,0,0,0,nan,nan,-0.8061304569244385
4,DiscNRX,none,755,1,0,0,0,nan,nan,-0.8061304569244385
4,DiscNRX,none,756,1,0,0,0,nan,nan,-0.8061304569244385
4,DiscNRX,none,757,1,0,0,0,nan,nan,-0.8061304569244385
4,DiscNRX,none,758,1,0,0,0,nan,nan,-0.8061304569244385
4,DiscNRX,none,759,1,0,0,0,nan,nan,-0.8061304569244385
4,DiscNRX,none,760,1,0,0,0,nan,nan,-0.8061304569244385
4,DiscNRX,none,761,1,0,0,0,nan,nan,-0.8061304569244385
4,DiscNRX,none,762,1,0,0,0,nan,nan,-0.8061304569244385
4,DiscNRX,none,763,1,0,0,0,nan,nan,-0.8061304569244385
4,DiscNRX,none,764,1,0,0,0,nan,nan,-0.8061304569244385
4,DiscNRX,none,765,1,0,0,0,nan,nan,-0.8061304569244385
4,DiscNRX,none,766,1,0,0,0,nan,nan,-0.8061304569244385
4,DiscNRX,none,767,1,0,0,0,nan,nan,-0.8061304569244385
4,DiscNRX,none,768,1,0,0,0,nan,nan,-0.8061304569244385
4,DiscNRX,none,769,1,0,0,0,nan,nan,-0.8061304569244385
4,DiscNRX,none,770,1,0,0,0,nan,nan,-0.8061304569244385
4,DiscNRX,none,771,1,0,0,0,nan,nan,-0.8061304569244385
4,DiscNRX,none,772,1,0,0,0,nan,nan,-0.8061304569244385
4,DiscNRX,none,773,1,0,0,0,nan,nan,-0.8061304569244385
4,DiscNRX,none,774,1,0,0,0,nan,nan,-0.8061304569244385
4,DiscNRX,none,775,1,0,0,0,nan,nan,-0.8061304569244385
4,DiscNRX,none,776,1,0,0,0,nan,nan,-0.8061304569244385
4,DiscNRX,none,777,1,0,0,0,nan,nan,-0.8061304569244385
4,DiscNRX,none,778,1,0,0,0,nan,nan,-0.8061304569244385
4,DiscNRX,none,779,1,0,0,0,nan,nan,-0.8061304569244385
4,DiscNRX,none,780,1,0,0,0,nan,nan,-0.8061304569244385
4,DiscNRX,none,781,1,0,0,0,nan,nan,-0.8061304569244385
4,DiscNRX,none,782,1,0,0,0,nan,nan,-0.8061304569244385
4,DiscNRX,none,783,1,0,0,0,nan,nan,-0.8061304569244385
4,DiscNRX,none,784,1,0,0,0,nan,nan,-0.8061304569244385
4,DiscNRX,none,785,1,0,0,0,nan,nan,-0.8061304569244385
4,DiscNRX,none,786,1,0,0,0,nan,nan,-0.8061304569244385
4,DiscNRX,none,787,1,0,0,0,nan,nan,-0.8061304569244385
4,DiscNRX,none,788,1,0,0,0,nan,nan,-0.8061304569244385
4,DiscNRX,none,789,1,0,0,0,nan,nan,-0.8061304569244385
4,DiscNRX,none,790,1,0,0,0,nan,nan,-0.8061304569244385
4,DiscNRX,none,791,1,0,0,0,nan,nan,-0.8061304569244385
4,DiscNRX,none,792,1,0,0,0,nan,nan,-0.8061304569244385
4,DiscNRX,none,793,1,0,0,0,nan,nan,-0.8061304569244385
4,DiscNRX,none,794,1,0,0,0,nan,nan,-0.8061304569244385
4,DiscNRX,none,795,1,0,0,0,nan,nan,-0.8061304569244385
4,DiscNRX,none,796,1,0,0,0,nan,nan,-0.8061304569244385
4,DiscNRX,none,797,1,0,0,0,nan,nan,-0.8061304569244385
4,DiscNRX,none,798,1,0,0,0,nan,nan,-0.8061304569244385
4,DiscNRX,none,799,1,0,0,0,nan,nan,-0.8061304569244385
4,DiscNRX,none,800,1,0,0,0,nan,nan,-0.8061304569244385
4,DiscNRX,none,801,1,0,0,0,nan,nan,-0.8061304569244385
4,DiscNRX,none,802,1,0,0,0,nan,nan,-0.8061304569244385
4,DiscNRX,none,803,1,0,0,0,nan,nan,-0.8061304569244385
4,DiscNRX,none,804,1,0,0,0,nan,nan,-0.8061304569244385
4,DiscNRX,none,805,1,0,0,0,nan,nan,-0.8061304569244385
4,DiscNRX,none,806,1,0,0,0,nan,nan,-0.8061304569244385
4,DiscNRX,none,807,1,0,0,0,nan,nan,-0.8061304569244385
4,DiscNRX,none,808,1,0,0,0,nan,nan,-0.8061304569244385
4,DiscNRX,none,809,1,0,0,0,nan,nan,-0.8061304569244385
4,DiscNRX,none,810,1,0,0,0,nan,nan,-0.8061304569244385
4,DiscNRX,none,811,1,0,0,0,nan,nan,-0.8061304569244385
4,DiscNRX,none,812,1,0,0,0,nan,nan,-0.8061304569244385
4,DiscNRX,none,813,1,0,0,0,nan,nan,-0.8061304569244385
4,DiscNRX,none,814,1,0,0,0,nan,nan,-0.8061304569244385
4,DiscNRX,none,815,1,0,0,0,nan,nan,-0.8061304569244385
4,DiscNRX,none,816,1,0,0,0,nan,nan,-0.8061304569244385
4,DiscNRX,none,817,1,0,0,0,nan,nan,-0.8061304569244385
4,DiscNRX,none,818,1,0,0,0,nan,nan,-0.8061304569244385
4,DiscNRX,none,819,1,0,0,0,nan,nan,-0.8061304569244385
4,DiscNRX,none,820,1,0,0,0,nan,nan,-0.8061304569244385
4,DiscNRX,none,821,1,0,0,0,nan,nan,-0.8061304569244385
4,DiscNRX,none,822,1,0,0,0,nan,nan,-0.8061304569244385
4,DiscNRX,none,823,1,0,0,0,nan,nan,-0.8061304569244385
4,DiscNRX,none,824,1,0,0,0,nan,nan,-0.8061304569244385
4,DiscNRX,none,825,1,0,0,0,nan,nan,-0.8061304569244385
4,DiscNRX,none,826,1,0,0,0,nan,nan,-0.8061304569244385
4,DiscNRX,none,827,1,0,0,0,nan,nan,-0.8061304569244385
4,DiscNRX,none,828,1,0,0,0,nan,nan,-0.8061304569244385
4,DiscNRX,none,829,1,0,0,0,nan,nan,-0.8061304569244385
4,DiscNRX,none,830,1,0,0,0,nan,nan,-0.8061304569244385
4,DiscNRX,none,831,1,0,0,0,nan,nan,-0.8061304569244385
4,DiscNRX,none,832,1,0,0,0,nan,nan,-0.8061304569244385
4,DiscNRX,none,833,1,0,0,0,nan,nan,-0.8061304569244385
4,DiscNRX,none,834,1,0,0,0,nan,nan,-0.8061304569244385
4,DiscNRX,none,835,1,0,0,0,nan,nan,-0.8061304569244385
4,DiscNRX,none,836,1,0,0,0,nan,nan,-0.8061304569244385
4,DiscNRX,none,837,1,0,0,0,nan,nan,-0.8061304569244385
4,DiscNRX,none,838,1,0,0,0,nan,nan,-0.8061304569244385
4,DiscNRX,none,839,1,0,0,0,nan,nan,-0.8061304569244385
4,DiscNRX,none,840,1,0,0,0,nan,nan,-0.8061304569244385
4,DiscNRX,none,841,1,0,0,0,nan,nan,-0.8061304569244385
4,DiscNRX,none,842,1,0,0,0,nan,nan,-0.8061304569244385
4,DiscNRX,none,843,1,0,0,0,nan,nan,-0.8061304569244385
4,DiscNRX,none,844,1,0,0,0,nan,nan,-0.8061304569244385
4,DiscNRX,none,845,1,0,0,0,nan,nan,-0.8061304569244385
4,DiscNRX,none,846,1,0,0,0,nan,nan,-0.8061304569244385
4,DiscNRX,none,847,1,0,0,0,nan,nan,-0.8061304569244385
4,DiscNRX,none,848,1,0,0,0,nan,nan,-0.8061304569244385
4,DiscNRX,none,849,1,0,0,0,nan,nan,-0.8061304569244385
4,DiscNRX,none,850,1,0,0,0,nan,nan,-0.8061304569244385
4,DiscNRX,none,851,1,0,0,0,nan,nan,-0.8061304569244385
4,DiscNRX,none,852,1,0,0,0,nan,nan,-0.8061304569244385
4,DiscNRX,none,853,1,0,0,0,nan,nan,-0.8061304569244385
4,DiscNRX,none,854,1,0,0,0,nan,nan,-0.8061304569244385
4,DiscNRX,none,855,1,0,0,0,nan,nan,-0.8061304569244385
4,DiscNRX,none,856,1,0,0,0,nan,nan,-0.8061304569244385
4,DiscNRX,none,857,1,0,0,0,nan,nan,-0.8061304569244385
4,DiscNRX,none,858,1,0,0,0,nan,nan,-0.8061304569244385
4,DiscNRX,none,859,1,0,0,0,nan,nan,-0.8061304569244385
4,DiscNRX,none,860,1,0,0,0,nan,nan,-0.8061304569244385
4,DiscNRX,none,861,1,0,0,0,nan,nan,-0.8061304569244385
4,DiscNRX,none,862,1,0,0,0,nan,nan,-0.8061304569244385
4,DiscNRX,none,863,1,0,0,0,nan,nan,-0.8061304569244385
4,DiscNRX,none,864,1,0,0,0,nan,nan,-0.8061304569244385
4,DiscNRX,none,865,1,0,0,0,nan,nan,-0.8061304569244385
4,DiscNRX,none,866,1,0,0,0,nan,nan,-0.8061304569244385
4,DiscNRX,none,867,1,0,0,0,nan,nan,-0.8061304569244385
4,DiscNRX,none,868,1,0,0,0,nan,nan,-0.8061304569244385
4,DiscNRX,none,869,1,0,0,0,nan,nan,-0.8061304569244385
4,DiscNRX,none,870,1,0,0,0,nan,nan,-0.8061304569244385
4,DiscNRX,none,871,1,0,0,0,nan,nan,-0.8061304569244385
4,DiscNRX,none,872,1,0,0,0,nan,nan,-0.8061304569244385
4,DiscNRX,none,873,1,0,0,0,nan,nan,-0.8061304569244385
4,DiscNRX,none,874,1,0,0,0,nan,nan,-0.8061304569244385
4,DiscNRX,none,875,1,0,0,0,nan,nan,-0.8061304569244385
4,DiscNRX,none,876,1,0,0,0,nan,nan,-0.8061304569244385
4,DiscNRX,none,877,1,0,0,0,nan,nan,-0.8061304569244385
4,DiscNRX,none,878,1,0,0,0,nan,nan,-0.8061304569244385
4,DiscNRX,none,879,1,0,0,0,nan,nan,-0.8061304569244385
4,DiscNRX,none,880,1,0,0,0,nan,nan,-0.8061304569244385
4,DiscNRX,none,881,1,0,0,0,nan,nan,-0.8061304569244385
4,DiscNRX,none,882,1,0,0,0,nan,nan,-0.8061304569244385
4,DiscNRX,none,883,1,0,0,0,nan,nan,-0.8061304569244385
4,DiscNRX,none,884,1,0,0,0,nan,nan,-0.8061304569244385
4,DiscNRX,none,885,1,0,0,0,nan,nan,-0.8061304569244385
4,DiscNRX,none,886,1,0,0,0,nan,nan,-0.8061304569244385
4,DiscNRX,none,887,1,0,0,0,nan,nan,-0.8061304569244385
4,DiscNRX,none,888,1,0,0,0,nan,nan,-0.8061304569244385
4,DiscNRX,none,889,1,0,0,0,nan,nan,-0.8061304569244385
4,DiscNRX,none,890,1,0,0,0,nan,nan,-0.8061304569244385
4,DiscNRX,none,891,1,0,0,0,nan,nan,-0.8061304569244385
4,DiscNRX,none,892,1,0,0,0,nan,nan,-0.8061304569244385
4,DiscNRX,none,893,1,0,0,0,nan,nan,-0.8061304569244385
4,DiscNRX,none,894,1,0,0,0,nan,nan,-0.8061304569244385
4,DiscNRX,none,895,1,0,0,0,nan,nan,-0.8061304569244385
4,DiscNRX,none,896,1,0,0,0,nan,nan,-0.8061304569244385
4,DiscNRX,none,897,1,0,0,0,nan,nan,-0.8061304569244385
4,DiscNRX,none,898,1,0,0,0,nan,nan,-0.8061304569244385
4,DiscNRX,none,899,1,0,0,0,nan,nan,-0.8061304569244385
4,DiscNRX,none,900,1,0,0,0,nan,nan,-0.8061304569244385
4,DiscNRX,none,901,1,0,0,0,nan,nan,-0.8061304569244385
4,DiscNRX,none,902,1,0,0,0,nan,nan,-0.8061304569244385
4,DiscNRX,none,903,1,0,0,0,nan,nan,-0.8061304569244385
4,DiscNRX,none,904,1,0,0,0,nan,nan,-0.8061304569244385
4,DiscNRX,none,905,1,0,0,0,nan,nan,-0.8061304569244385
4,DiscNRX,none,906,1,0,0,0,nan,nan,-0.8061304569244385
4,DiscNRX,none,907,1,0,0,0,nan,nan,-0.8061304569244385
4,DiscNRX,none,908,1,0,0,0,nan,nan,-0.8061304569244385
4,DiscNRX,none,909,1,0,0,0,nan,nan,-0.8061304569244385
4,DiscNRX,none,910,1,0,0,0,nan,nan,-0.8061304569244385
4,DiscNRX,none,911,1,0,0,0,nan,nan,-0.8061304569244385
4,DiscNRX,none,912,1,0,0,0,nan,nan,-0.8061304569244385
4,DiscNRX,none,913,1,0,0,0,nan,nan,-0.8061304569244385
4,DiscNRX,none,914,1,0,0,0,nan,nan,-0.8061304569244385
4,DiscNRX,none,915,1,0,0,0,nan,nan,-0.8061304569244385
4,DiscNRX,none,916,1,0,0,0,nan,nan,-0.8061304569244385
4,DiscNRX,none,917,1,0,0,0,nan,nan,-0.8061304569244385
4,DiscNRX,none,918,1,0,0,0,nan,nan,-0.8061304569244385
4,DiscNRX,none,919,1,0,0,0,nan,nan,-0.8061304569244385
4,DiscNRX,none,920,1,0,0,0,nan,nan,-0.8061304569244385
4,DiscNRX,none,921,1,0,0,0,nan,nan,-0.8061304569244385
4,DiscNRX,none,922,1,0,0,0,nan,nan,-0.8061304569244385
4,DiscNRX,none,923,1,0,0,0,nan,nan,-0.8061304569244385
4,DiscNRX,none,924,1,0,0,0,nan,nan,-0.8061304569244385
4,DiscNRX,none,925,1,0,0,0,nan,nan,-0.8061304569244385
4,DiscNRX,none,926,1,0,0,0,nan,nan,-0.8061304569244385
4,DiscNRX,none,927,1,0,0,0,nan,nan,-0.8061304569244385
4,DiscNRX,none,928,1,0,0,0,nan,nan,-0.8061304569244385
4,DiscNRX,none,929,1,0,0,0,nan,nan,-0.8061304569244385
4,DiscNRX,none,930,1,0,0,0,nan,nan,-0.8061304569244385
4,DiscNRX,none,931,1,0,0,0,nan,nan,-0.8061304569244385
4,DiscNRX,none,932,1,0,0,0,nan,nan,-0.8061304569244385
4,DiscNRX,none,933,1,0,0,0,nan,nan,-0.8061304569244385
4,DiscNRX,none,934,1,0,0,0,nan,nan,-0.8061304569244385
4,DiscNRX,none,935,1,0,0,0,nan,nan,-0.8061304569244385
4,DiscNRX,none,936,1,0,0,0,nan,nan,-0.8061304569244385
4,DiscNRX,none,937,1,0,0,0,nan,nan,-0.8061304569244385
4,DiscNRX,none,938,1,0,0,0,nan,nan,-0.8061304569244385
4,DiscNRX,none,939,1,0,0,0,nan,nan,-0.8061304569244385
4,DiscNRX,none,940,1,0,0,0,nan,nan,-0.8061304569244385
4,DiscNRX,none,941,1,0,0,0,nan,nan,-0.8061304569244385
4,DiscNRX,none,942,1,0,0,0,nan,nan,-0.8061304569244385
4,DiscNRX,none,943,1,0,0,0,nan,nan,-0.8061304569244385
4,DiscNRX,none,944,1,0,0,0,nan,nan,-0.8061304569244385
4,DiscNRX,none,945,1,0,0,0,nan,nan,-0.8061304569244385
4,DiscNRX,none,946,1,0,0,0,nan,nan,-0.8061304569244385
4,DiscNRX,none,947,1,0,0,0,nan,nan,-0.8061304569244385
4,DiscNRX,none,948,1,0,0,0,nan,nan,-0.8061304569244385
4,DiscNRX,none,949,1,0,0,0,nan,nan,-0.8061304569244385
4,DiscNRX,none,950,1,0,0,0,nan,nan,-0.8061304569244385
4,DiscNRX,none,951,1,0,0,0,nan,nan,-0.8061304569244385
4,DiscNRX,none,952,1,0,0,0,nan,nan,-0.8061304569244385
4,DiscNRX,none,953,1,0,0,0,nan,nan,-0.8061304569244385
4,DiscNRX,none,954,1,0,0,0,nan,nan,-0.8061304569244385
4,DiscNRX,none,955,1,0,0,0,nan,nan,-0.8061304569244385
4,DiscNRX,none,956,1,0,0,0,nan,nan,-0.8061304569244385
4,DiscNRX,none,957,1,0,0,0,nan,nan,-0.8061304569244385
4,DiscNRX,none,958,1,0,0,0,nan,nan,-0.8061304569244385
4,DiscNRX,none,959,1,0,0,0,nan,nan,-0.8061304569244385
4,DiscNRX,none,960,1,0,0,0,nan,nan,-0.8061304569244385
4,DiscNRX,none,961,1,0,0,0,nan,nan,-0.8061304569244385
4,DiscNRX,none,962,1,0,0,0,nan,nan,-0.8061304569244385
4,DiscNRX,none,963,1,0,0,0,nan,nan,-0.8061304569244385
4,DiscNRX,none,964,1,0,0,0,nan,nan,-0.8061304569244385
4,DiscNRX,none,965,1,0,0,0,nan,nan,-0.8061304569244385
4,DiscNRX,none,966,1,0,0,0,nan,nan,-0.8061304569244385
4,DiscNRX,none,967,1,0,0,0,nan,nan,-0.8061304569244385
4,DiscNRX,none,968,1,0,0,0,nan,nan,-0.8061304569244385
4,DiscNRX,none,969,1,0,0,0,nan,nan,-0.8061304569244385
4,DiscNRX,none,970,1,0,0,0,nan,nan,-0.8061304569244385
4,DiscNRX,none,971,1,0,0,0,nan,nan,-0.8061304569244385
4,DiscNRX,none,972,1,0,0,0,nan,nan,-0.8061304569244385
4,DiscNRX,none,973,1,0,0,0,nan,nan,-0.8061304569244385
4,DiscNRX,none,974,1,0,0,0,nan,nan,-0.8061304569244385
4,DiscNRX,none,975,1,0,0,0,nan,nan,-0.8061304569244385
4,DiscNRX,none,976,1,0,0,0,nan,nan,-0.8061304569244385
4,DiscNRX,none,977,1,0,0,0,nan,nan,-0.8061304569244385
4,DiscNRX,none,978,1,0,0,0,nan,nan,-0.8061304569244385
4,DiscNRX,none,979,1,0,0,0,nan,nan,-0.8061304569244385
4,DiscNRX,none,980,1,0,0,0,nan,nan,-0.8061304569244385
4,DiscNRX,none,981,1,0,0,0,nan,nan,-0.8061304569244385
4,DiscNRX,none,982,1,0,0,0,nan,nan,-0.8061304569244385
4,DiscNRX,none,983,1,0,0,0,nan,nan,-0.8061304569244385
4,DiscNRX,none,984,1,0,0,0,nan,nan,-0.8061304569244385
4,DiscNRX,none,985,1,0,0,0,nan,nan,-0.8061304569244385
4,DiscNRX,none,986,1,0,0,0,nan,nan,-0.8061304569244385
4,DiscNRX,none,987,1,0,0,0,nan,nan,-0.8061304569244385
4,DiscNRX,none,988,1,0,0,0,nan,nan,-0.8061304569244385
4,DiscNRX,none,989,1,0,0,0,nan,nan,-0.8061304569244385
4,DiscNRX,none,990,1,0,0,0,nan,nan,-0.8061304569244385
4,DiscNRX,none,991,1,0,0,0,nan,nan,-0.8061304569244385
4,DiscNRX,none,992,1,0,0,0,nan,nan,-0.8061304569244385
4,DiscNRX,none,993,1,0,0,0,nan,nan,-0.8061304569244385
4,DiscNRX,none,994,1,0,0,0,nan,nan,-0.8061304569244385
4,DiscNRX,none,995,1,0,0,0,nan,nan,-0.8061304569244385
4,DiscNRX,none,996,1,0,0,0,nan,nan,-0.8061304569244385
4,DiscNRX,none,997,1,0,0,0,nan,nan,-0.8061304569244385
4,DiscNRX,none,998,1,0,0,0,nan,nan,-0.8061304569244385
4,DiscNRX,none,999,1,0,0,0,nan,nan,-0.8061304569244385
4,DiscNRX,ungated,0,1,0,0,1,26.21900000031019,nan,-0.8061304569244385
4,DiscNRX,ungated,1,1,0,0,1,17.901000000165368,nan,-0.8061304569244385
4,DiscNRX,ungated,2,1,0,0,1,21.57679999982065,nan,-0.8061304569244385
4,DiscNRX,ungated,3,1,0,0,1,21.277800000461866,nan,-0.8061304569244385
4,DiscNRX,ungated,4,1,0,0,1,20.779100000254402,nan,-0.8061304569244385
4,DiscNRX,ungated,5,1,0,0,1,20.686200000454846,nan,-0.8061304569244385
4,DiscNRX,ungated,6,1,0,0,1,20.798399999875983,nan,-0.8061304569244385
4,DiscNRX,ungated,7,1,0,0,1,20.557499999995343,nan,-0.8061304569244385
4,DiscNRX,ungated,8,1,0,0,1,19.89019999928132,nan,-0.8061304569244385
4,DiscNRX,ungated,9,1,0,0,1,21.574299999883806,nan,-0.8061304569244385
4,DiscNRX,ungated,10,1,0,0,1,18.214800000350806,nan,-0.8061304569244385
4,DiscNRX,ungated,11,1,0,0,1,22.206599999663013,nan,-0.8061304569244385
4,DiscNRX,ungated,12,1,0,0,1,17.97779999924387,nan,-0.8061304569244385
4,DiscNRX,ungated,13,1,0,0,1,22.29319999969448,nan,-0.8061304569244385
4,DiscNRX,ungated,14,1,0,0,1,23.69170000019949,nan,-0.8061304569244385
4,DiscNRX,ungated,15,1,0,0,1,22.843799999463954,nan,-0.8061304569244385
4,DiscNRX,ungated,16,1,0,0,1,22.539799999321986,nan,-0.8061304569244385
4,DiscNRX,ungated,17,1,0,0,1,18.900099999882514,nan,-0.8061304569244385
4,DiscNRX,ungated,18,1,0,0,1,19.215799999983574,nan,-0.8061304569244385
4,DiscNRX,ungated,19,1,0,0,1,22.952299999815295,nan,-0.8061304569244385
4,DiscNRX,ungated,20,1,0,0,1,17.88869999927556,nan,-0.8061304569244385
4,DiscNRX,ungated,21,1,0,0,1,21.420000000034634,nan,-0.8061304569244385
4,DiscNRX,ungated,22,1,0,0,1,18.20560000032856,nan,-0.8061304569244385
4,DiscNRX,ungated,23,1,0,0,1,19.294900000204507,nan,-0.8061304569244385
4,DiscNRX,ungated,24,1,0,0,1,18.09170000069571,nan,-0.8061304569244385
4,DiscNRX,ungated,25,1,0,0,1,19.93380000021716,nan,-0.8061304569244385
4,DiscNRX,ungated,26,1,0,0,1,22.108099999968545,nan,-0.8061304569244385
4,DiscNRX,ungated,27,1,0,0,1,20.561799999995856,nan,-0.8061304569244385
4,DiscNRX,ungated,28,1,0,0,1,21.45349999955215,nan,-0.8061304569244385
4,DiscNRX,ungated,29,1,0,0,1,23.02250000047934,nan,-0.8061304569244385
4,DiscNRX,ungated,30,1,0,0,1,21.82989999982965,nan,-0.8061304569244385
4,DiscNRX,ungated,31,1,0,0,1,20.958400000381516,nan,-0.8061304569244385
4,DiscNRX,ungated,32,1,0,0,1,22.178700000040408,nan,-0.8061304569244385
4,DiscNRX,ungated,33,1,0,0,1,20.516700000371202,nan,-0.8061304569244385
4,DiscNRX,ungated,34,1,0,0,1,19.432400000368943,nan,-0.8061304569244385
4,DiscNRX,ungated,35,1,0,0,1,20.00540000062756,nan,-0.8061304569244385
4,DiscNRX,ungated,36,1,0,0,1,20.548200000121142,nan,-0.8061304569244385
4,DiscNRX,ungated,37,1,0,0,1,20.882499999970605,nan,-0.8061304569244385
4,DiscNRX,ungated,38,1,0,0,1,20.216600000821927,nan,-0.8061304569244385
4,DiscNRX,ungated,39,1,0,0,1,18.5020999997505,nan,-0.8061304569244385
4,DiscNRX,ungated,40,1,0,0,1,20.253800000318734,nan,-0.8061304569244385
4,DiscNRX,ungated,41,1,0,0,1,22.82189999914408,nan,-0.8061304569244385
4,DiscNRX,ungated,42,1,0,0,1,17.694099999971513,nan,-0.8061304569244385
4,DiscNRX,ungated,43,1,0,0,1,17.393600000104925,nan,-0.8061304569244385
4,DiscNRX,ungated,44,1,0,0,1,20.042000000103144,nan,-0.8061304569244385
4,DiscNRX,ungated,45,1,0,0,1,17.552100000102655,nan,-0.8061304569244385
4,DiscNRX,ungated,46,1,0,0,1,18.865100000766688,nan,-0.8061304569244385
4,DiscNRX,ungated,47,1,0,0,1,21.935799999482697,nan,-0.8061304569244385
4,DiscNRX,ungated,48,1,0,0,1,18.57639999980165,nan,-0.8061304569244385
4,DiscNRX,ungated,49,1,0,0,1,17.47350000005099,nan,-0.8061304569244385
4,DiscNRX,ungated,50,1,0,0,1,20.812100000512146,nan,-0.8061304569244385
4,DiscNRX,ungated,51,1,0,0,1,19.927199999983713,nan,-0.8061304569244385
4,DiscNRX,ungated,52,1,0,0,1,20.55489999929705,nan,-0.8061304569244385
4,DiscNRX,ungated,53,1,0,0,1,24.65680000022985,nan,-0.8061304569244385
4,DiscNRX,ungated,54,1,0,0,1,19.97639999990497,nan,-0.8061304569244385
4,DiscNRX,ungated,55,1,0,0,1,17.20649999970192,nan,-0.8061304569244385
4,DiscNRX,ungated,56,1,0,0,1,18.497799999749986,nan,-0.8061304569244385
4,DiscNRX,ungated,57,1,0,0,1,20.39839999997639,nan,-0.8061304569244385
4,DiscNRX,ungated,58,1,0,0,1,17.16149999992922,nan,-0.8061304569244385
4,DiscNRX,ungated,59,1,0,0,1,21.61100000012084,nan,-0.8061304569244385
4,DiscNRX,ungated,60,1,0,0,1,19.41960000021936,nan,-0.8061304569244385
4,DiscNRX,ungated,61,1,0,0,1,23.044100000333856,nan,-0.8061304569244385
4,DiscNRX,ungated,62,1,0,0,1,20.68509999935486,nan,-0.8061304569244385
4,DiscNRX,ungated,63,1,0,0,1,17.070800000510644,nan,-0.8061304569244385
4,DiscNRX,ungated,64,1,0,0,1,19.507599999997183,nan,-0.8061304569244385
4,DiscNRX,ungated,65,1,0,0,1,18.798699999933888,nan,-0.8061304569244385
4,DiscNRX,ungated,66,1,0,0,1,21.800200000143377,nan,-0.8061304569244385
4,DiscNRX,ungated,67,1,0,0,1,19.248999999945227,nan,-0.8061304569244385
4,DiscNRX,ungated,68,1,0,0,1,21.02000000013504,nan,-0.8061304569244385
4,DiscNRX,ungated,69,1,0,0,1,21.26880000014353,nan,-0.8061304569244385
4,DiscNRX,ungated,70,1,0,0,1,20.29450000009092,nan,-0.8061304569244385
4,DiscNRX,ungated,71,1,0,0,1,19.556700000066485,nan,-0.8061304569244385
4,DiscNRX,ungated,72,1,0,0,1,17.932099999597995,nan,-0.8061304569244385
4,DiscNRX,ungated,73,1,0,0,1,18.42899999974179,nan,-0.8061304569244385
4,DiscNRX,ungated,74,1,0,0,1,20.230899999660323,nan,-0.8061304569244385
4,DiscNRX,ungated,75,1,0,0,1,17.57880000059231,nan,-0.8061304569244385
4,DiscNRX,ungated,76,1,0,0,1,17.34859999942273,nan,-0.8061304569244385
4,DiscNRX,ungated,77,1,0,0,1,20.233700000062527,nan,-0.8061304569244385
4,DiscNRX,ungated,78,1,0,0,1,21.577600000455277,nan,-0.8061304569244385
4,DiscNRX,ungated,79,1,0,0,1,16.97870000043622,nan,-0.8061304569244385
4,DiscNRX,ungated,80,1,0,0,1,18.030599999292463,nan,-0.8061304569244385
4,DiscNRX,ungated,81,1,0,0,1,18.439399999806483,nan,-0.8061304569244385
4,DiscNRX,ungated,82,1,0,0,1,18.839599999409984,nan,-0.8061304569244385
4,DiscNRX,ungated,83,1,0,0,1,17.397900000105437,nan,-0.8061304569244385
4,DiscNRX,ungated,84,1,0,0,1,21.923499999502383,nan,-0.8061304569244385
4,DiscNRX,ungated,85,1,0,0,1,21.012899999732326,nan,-0.8061304569244385
4,DiscNRX,ungated,86,1,0,0,1,20.171799999843643,nan,-0.8061304569244385
4,DiscNRX,ungated,87,1,0,0,1,21.009300000514486,nan,-0.8061304569244385
4,DiscNRX,ungated,88,1,0,0,1,22.916799999620707,nan,-0.8061304569244385
4,DiscNRX,ungated,89,1,0,0,1,20.955699999831268,nan,-0.8061304569244385
4,DiscNRX,ungated,90,1,0,0,1,23.456099999748403,nan,-0.8061304569244385
4,DiscNRX,ungated,91,1,0,0,1,18.71260000007169,nan,-0.8061304569244385
4,DiscNRX,ungated,92,1,0,0,1,18.325199999708275,nan,-0.8061304569244385
4,DiscNRX,ungated,93,1,0,0,1,19.584300000133226,nan,-0.8061304569244385
4,DiscNRX,ungated,94,1,0,0,1,19.8830999997881,nan,-0.8061304569244385
4,DiscNRX,ungated,95,1,0,0,1,18.62610000080167,nan,-0.8061304569244385
4,DiscNRX,ungated,96,1,0,0,1,26.599800000440155,nan,-0.8061304569244385
4,DiscNRX,ungated,97,1,0,0,1,19.756300000153715,nan,-0.8061304569244385
4,DiscNRX,ungated,98,1,0,0,1,19.37790000010864,nan,-0.8061304569244385
4,DiscNRX,ungated,99,1,0,0,1,19.513799999913317,nan,-0.8061304569244385
4,DiscNRX,ungated,100,1,0,0,1,17.93829999951413,nan,-0.8061304569244385
4,DiscNRX,ungated,101,1,0,0,1,20.24959999926068,nan,-0.8061304569244385
4,DiscNRX,ungated,102,1,0,0,1,23.29199999985576,nan,-0.8061304569244385
4,DiscNRX,ungated,103,1,0,0,1,21.520199999940814,nan,-0.8061304569244385
4,DiscNRX,ungated,104,1,0,0,1,17.57129999987228,nan,-0.8061304569244385
4,DiscNRX,ungated,105,1,0,0,1,21.038400000179536,nan,-0.8061304569244385
4,DiscNRX,ungated,106,1,0,0,1,22.151799999846844,nan,-0.8061304569244385
4,DiscNRX,ungated,107,1,0,0,1,17.93030000044382,nan,-0.8061304569244385
4,DiscNRX,ungated,108,1,0,0,1,21.790900000269176,nan,-0.8061304569244385
4,DiscNRX,ungated,109,1,0,0,1,16.60049999918556,nan,-0.8061304569244385
4,DiscNRX,ungated,110,1,0,0,1,21.110700000463112,nan,-0.8061304569244385
4,DiscNRX,ungated,111,1,0,0,1,20.394999999552965,nan,-0.8061304569244385
4,DiscNRX,ungated,112,1,0,0,1,18.5855999998239,nan,-0.8061304569244385
4,DiscNRX,ungated,113,1,0,0,1,16.26360000045679,nan,-0.8061304569244385
4,DiscNRX,ungated,114,1,0,0,1,20.63480000015261,nan,-0.8061304569244385
4,DiscNRX,ungated,115,1,0,0,1,21.061700000245764,nan,-0.8061304569244385
4,DiscNRX,ungated,116,1,0,0,1,20.975200000066252,nan,-0.8061304569244385
4,DiscNRX,ungated,117,1,0,0,1,20.3137999997125,nan,-0.8061304569244385
4,DiscNRX,ungated,118,1,0,0,1,20.657100000789796,nan,-0.8061304569244385
4,DiscNRX,ungated,119,1,0,0,1,22.63020000009419,nan,-0.8061304569244385
4,DiscNRX,ungated,120,1,0,0,1,22.161400000186404,nan,-0.8061304569244385
4,DiscNRX,ungated,121,1,0,0,1,19.911299999876064,nan,-0.8061304569244385
4,DiscNRX,ungated,122,1,0,0,1,20.548800000142364,nan,-0.8061304569244385
4,DiscNRX,ungated,123,1,0,0,1,19.67120000063005,nan,-0.8061304569244385
4,DiscNRX,ungated,124,1,0,0,1,18.167600000197126,nan,-0.8061304569244385
4,DiscNRX,ungated,125,1,0,0,1,18.359099999543105,nan,-0.8061304569244385
4,DiscNRX,ungated,126,1,0,0,1,21.270999999615015,nan,-0.8061304569244385
4,DiscNRX,ungated,127,1,0,0,1,21.044000000074448,nan,-0.8061304569244385
4,DiscNRX,ungated,128,1,0,0,1,19.467600000098173,nan,-0.8061304569244385
4,DiscNRX,ungated,129,1,0,0,1,18.46529999966151,nan,-0.8061304569244385
4,DiscNRX,ungated,130,1,0,0,1,22.330199999487377,nan,-0.8061304569244385
4,DiscNRX,ungated,131,1,0,0,1,20.699199999398843,nan,-0.8061304569244385
4,DiscNRX,ungated,132,1,0,0,1,21.425099999760278,nan,-0.8061304569244385
4,DiscNRX,ungated,133,1,0,0,1,21.98939999925642,nan,-0.8061304569244385
4,DiscNRX,ungated,134,1,0,0,1,23.582900000292284,nan,-0.8061304569244385
4,DiscNRX,ungated,135,1,0,0,1,19.769300000007206,nan,-0.8061304569244385
4,DiscNRX,ungated,136,1,0,0,1,20.77220000046509,nan,-0.8061304569244385
4,DiscNRX,ungated,137,1,0,0,1,19.931099999666912,nan,-0.8061304569244385
4,DiscNRX,ungated,138,1,0,0,1,19.22480000030191,nan,-0.8061304569244385
4,DiscNRX,ungated,139,1,0,0,1,17.782099999749335,nan,-0.8061304569244385
4,DiscNRX,ungated,140,1,0,0,1,19.586399999752757,nan,-0.8061304569244385
4,DiscNRX,ungated,141,1,0,0,1,19.259599999713828,nan,-0.8061304569244385
4,DiscNRX,ungated,142,1,0,0,1,21.01470000070549,nan,-0.8061304569244385
4,DiscNRX,ungated,143,1,0,0,1,22.32480000020587,nan,-0.8061304569244385
4,DiscNRX,ungated,144,1,0,0,1,20.49910000005184,nan,-0.8061304569244385
4,DiscNRX,ungated,145,1,0,0,1,21.880199999941397,nan,-0.8061304569244385
4,DiscNRX,ungated,146,1,0,0,1,21.50750000055268,nan,-0.8061304569244385
4,DiscNRX,ungated,147,1,0,0,1,22.84010000039416,nan,-0.8061304569244385
4,DiscNRX,ungated,148,1,0,0,1,20.331100000476,nan,-0.8061304569244385
4,DiscNRX,ungated,149,1,0,0,1,19.31490000060876,nan,-0.8061304569244385
4,DiscNRX,ungated,150,1,0,0,1,21.083099999486876,nan,-0.8061304569244385
4,DiscNRX,ungated,151,1,0,0,1,19.151700000293204,nan,-0.8061304569244385
4,DiscNRX,ungated,152,1,0,0,1,22.125700000287907,nan,-0.8061304569244385
4,DiscNRX,ungated,153,1,0,0,1,18.77610000065033,nan,-0.8061304569244385
4,DiscNRX,ungated,154,1,0,0,1,21.265400000629597,nan,-0.8061304569244385
4,DiscNRX,ungated,155,1,0,0,1,21.277400000144553,nan,-0.8061304569244385
4,DiscNRX,ungated,156,1,0,0,1,20.0154999993174,nan,-0.8061304569244385
4,DiscNRX,ungated,157,1,0,0,1,21.356000000196218,nan,-0.8061304569244385
4,DiscNRX,ungated,158,1,0,0,1,19.05319999968924,nan,-0.8061304569244385
4,DiscNRX,ungated,159,1,0,0,1,21.362100000260398,nan,-0.8061304569244385
4,DiscNRX,ungated,160,1,0,0,1,21.81860000018787,nan,-0.8061304569244385
4,DiscNRX,ungated,161,1,0,0,1,19.507899999553047,nan,-0.8061304569244385
4,DiscNRX,ungated,162,1,0,0,1,19.72750000004453,nan,-0.8061304569244385
4,DiscNRX,ungated,163,1,0,0,1,20.91629999995348,nan,-0.8061304569244385
4,DiscNRX,ungated,164,1,0,0,1,17.95159999983298,nan,-0.8061304569244385
4,DiscNRX,ungated,165,1,0,0,1,19.35849999972561,nan,-0.8061304569244385
4,DiscNRX,ungated,166,1,0,0,1,21.444299999529903,nan,-0.8061304569244385
4,DiscNRX,ungated,167,1,0,0,1,29.95550000014191,nan,-0.8061304569244385
4,DiscNRX,ungated,168,1,0,0,1,20.805799999834562,nan,-0.8061304569244385
4,DiscNRX,ungated,169,1,0,0,1,21.750599999904807,nan,-0.8061304569244385
4,DiscNRX,ungated,170,1,0,0,1,24.61180000045715,nan,-0.8061304569244385
4,DiscNRX,ungated,171,1,0,0,1,17.584299999725772,nan,-0.8061304569244385
4,DiscNRX,ungated,172,1,0,0,1,18.942599999718368,nan,-0.8061304569244385
4,DiscNRX,ungated,173,1,0,0,1,18.719499999861,nan,-0.8061304569244385
4,DiscNRX,ungated,174,1,0,0,1,19.474199999422126,nan,-0.8061304569244385
4,DiscNRX,ungated,175,1,0,0,1,18.769799999972747,nan,-0.8061304569244385
4,DiscNRX,ungated,176,1,0,0,1,36.67539999969449,nan,-0.8061304569244385
4,DiscNRX,ungated,177,1,0,0,1,22.47339999939868,nan,-0.8061304569244385
4,DiscNRX,ungated,178,1,0,0,1,18.219799999315,nan,-0.8061304569244385
4,DiscNRX,ungated,179,1,0,0,1,21.56639999975596,nan,-0.8061304569244385
4,DiscNRX,ungated,180,1,0,0,1,19.62710000043444,nan,-0.8061304569244385
4,DiscNRX,ungated,181,1,0,0,1,17.92959999966115,nan,-0.8061304569244385
4,DiscNRX,ungated,182,1,0,0,1,16.830399999889778,nan,-0.8061304569244385
4,DiscNRX,ungated,183,1,0,0,1,17.923700000210374,nan,-0.8061304569244385
4,DiscNRX,ungated,184,1,0,0,1,18.719200000305136,nan,-0.8061304569244385
4,DiscNRX,ungated,185,1,0,0,1,17.798799999582116,nan,-0.8061304569244385
4,DiscNRX,ungated,186,1,0,0,1,21.647200000188604,nan,-0.8061304569244385
4,DiscNRX,ungated,187,1,0,0,1,18.144199999369448,nan,-0.8061304569244385
4,DiscNRX,ungated,188,1,0,0,1,22.00280000033672,nan,-0.8061304569244385
4,DiscNRX,ungated,189,1,0,0,1,19.65620000009949,nan,-0.8061304569244385
4,DiscNRX,ungated,190,1,0,0,1,18.676099999538565,nan,-0.8061304569244385
4,DiscNRX,ungated,191,1,0,0,1,19.568400000025576,nan,-0.8061304569244385
4,DiscNRX,ungated,192,1,0,0,1,19.13460000014311,nan,-0.8061304569244385
4,DiscNRX,ungated,193,1,0,0,1,19.887800000105926,nan,-0.8061304569244385
4,DiscNRX,ungated,194,1,0,0,1,20.69980000032956,nan,-0.8061304569244385
4,DiscNRX,ungated,195,1,0,0,1,21.33460000004561,nan,-0.8061304569244385
4,DiscNRX,ungated,196,1,0,0,1,19.19270000053075,nan,-0.8061304569244385
4,DiscNRX,ungated,197,1,0,0,1,19.770099999732338,nan,-0.8061304569244385
4,DiscNRX,ungated,198,1,0,0,1,20.364199999676202,nan,-0.8061304569244385
4,DiscNRX,ungated,199,1,0,0,1,20.395600000483682,nan,-0.8061304569244385
4,DiscNRX,ungated,200,1,0,0,1,18.937499999992724,nan,-0.8061304569244385
4,DiscNRX,ungated,201,1,0,0,1,19.979599999714992,nan,-0.8061304569244385
4,DiscNRX,ungated,202,1,0,0,1,20.25450000019191,nan,-0.8061304569244385
4,DiscNRX,ungated,203,1,0,0,1,17.89569999982632,nan,-0.8061304569244385
4,DiscNRX,ungated,204,1,0,0,1,21.334299999580253,nan,-0.8061304569244385
4,DiscNRX,ungated,205,1,0,0,1,20.94299999953364,nan,-0.8061304569244385
4,DiscNRX,ungated,206,1,0,0,1,19.988500000181375,nan,-0.8061304569244385
4,DiscNRX,ungated,207,1,0,0,1,19.893400000000838,nan,-0.8061304569244385
4,DiscNRX,ungated,208,1,0,0,1,17.885400000523077,nan,-0.8061304569244385
4,DiscNRX,ungated,209,1,0,0,1,17.652600000474195,nan,-0.8061304569244385
4,DiscNRX,ungated,210,1,0,0,1,19.1768000004231,nan,-0.8061304569244385
4,DiscNRX,ungated,211,1,0,0,1,16.601400000581634,nan,-0.8061304569244385
4,DiscNRX,ungated,212,1,0,0,1,17.936700000063865,nan,-0.8061304569244385
4,DiscNRX,ungated,213,1,0,0,1,19.767900000260852,nan,-0.8061304569244385
4,DiscNRX,ungated,214,1,0,0,1,15.739899999971385,nan,-0.8061304569244385
4,DiscNRX,ungated,215,1,0,0,1,22.233600000618026,nan,-0.8061304569244385
4,DiscNRX,ungated,216,1,0,0,1,22.98109999992448,nan,-0.8061304569244385
4,DiscNRX,ungated,217,1,0,0,1,20.50039999994624,nan,-0.8061304569244385
4,DiscNRX,ungated,218,1,0,0,1,17.9958999997325,nan,-0.8061304569244385
4,DiscNRX,ungated,219,1,0,0,1,20.85949999946024,nan,-0.8061304569244385
4,DiscNRX,ungated,220,1,0,0,1,17.937300000085088,nan,-0.8061304569244385
4,DiscNRX,ungated,221,1,0,0,1,19.84549999997398,nan,-0.8061304569244385
4,DiscNRX,ungated,222,1,0,0,1,22.703399999954854,nan,-0.8061304569244385
4,DiscNRX,ungated,223,1,0,0,1,20.014499999888358,nan,-0.8061304569244385
4,DiscNRX,ungated,224,1,0,0,1,20.156800000222574,nan,-0.8061304569244385
4,DiscNRX,ungated,225,1,0,0,1,18.620499999997264,nan,-0.8061304569244385
4,DiscNRX,ungated,226,1,0,0,1,18.318299999918963,nan,-0.8061304569244385
4,DiscNRX,ungated,227,1,0,0,1,21.90749999954278,nan,-0.8061304569244385
4,DiscNRX,ungated,228,1,0,0,1,19.67730000069423,nan,-0.8061304569244385
4,DiscNRX,ungated,229,1,0,0,1,21.868900000299618,nan,-0.8061304569244385
4,DiscNRX,ungated,230,1,0,0,1,20.390900000165857,nan,-0.8061304569244385
4,DiscNRX,ungated,231,1,0,0,1,22.68420000018523,nan,-0.8061304569244385
4,DiscNRX,ungated,232,1,0,0,1,19.485000000713626,nan,-0.8061304569244385
4,DiscNRX,ungated,233,1,0,0,1,20.564799999192473,nan,-0.8061304569244385
4,DiscNRX,ungated,234,1,0,0,1,21.02900000045338,nan,-0.8061304569244385
4,DiscNRX,ungated,235,1,0,0,1,20.39950000016688,nan,-0.8061304569244385
4,DiscNRX,ungated,236,1,0,0,1,21.511300000383926,nan,-0.8061304569244385
4,DiscNRX,ungated,237,1,0,0,1,19.845599999825936,nan,-0.8061304569244385
4,DiscNRX,ungated,238,1,0,0,1,20.41319999989355,nan,-0.8061304569244385
4,DiscNRX,ungated,239,1,0,0,1,17.069999999876018,nan,-0.8061304569244385
4,DiscNRX,ungated,240,1,0,0,1,17.380799999955343,nan,-0.8061304569244385
4,DiscNRX,ungated,241,1,0,0,1,19.477099999676284,nan,-0.8061304569244385
4,DiscNRX,ungated,242,1,0,0,1,18.5393000001568,nan,-0.8061304569244385
4,DiscNRX,ungated,243,1,0,0,1,21.32290000008652,nan,-0.8061304569244385
4,DiscNRX,ungated,244,1,0,0,1,20.97429999957967,nan,-0.8061304569244385
4,DiscNRX,ungated,245,1,0,0,1,20.507700000052864,nan,-0.8061304569244385
4,DiscNRX,ungated,246,1,0,0,1,20.670300000347197,nan,-0.8061304569244385
4,DiscNRX,ungated,247,1,0,0,1,21.237499999188003,nan,-0.8061304569244385
4,DiscNRX,ungated,248,1,0,0,1,19.676300000355695,nan,-0.8061304569244385
4,DiscNRX,ungated,249,1,0,0,1,15.997000000425032,nan,-0.8061304569244385
4,DiscNRX,ungated,250,1,0,0,1,19.67030000014347,nan,-0.8061304569244385
4,DiscNRX,ungated,251,1,0,0,1,20.265199999812467,nan,-0.8061304569244385
4,DiscNRX,ungated,252,1,0,0,1,18.022999999629974,nan,-0.8061304569244385
4,DiscNRX,ungated,253,1,0,0,1,22.804299999734212,nan,-0.8061304569244385
4,DiscNRX,ungated,254,1,0,0,1,21.558299999924202,nan,-0.8061304569244385
4,DiscNRX,ungated,255,1,0,0,1,19.745999999940977,nan,-0.8061304569244385
4,DiscNRX,ungated,256,1,0,0,1,20.81590000034339,nan,-0.8061304569244385
4,DiscNRX,ungated,257,1,0,0,1,20.72039999984554,nan,-0.8061304569244385
4,DiscNRX,ungated,258,1,0,0,1,20.234800000253017,nan,-0.8061304569244385
4,DiscNRX,ungated,259,1,0,0,1,21.998300000632298,nan,-0.8061304569244385
4,DiscNRX,ungated,260,1,0,0,1,21.14979999987554,nan,-0.8061304569244385
4,DiscNRX,ungated,261,1,0,0,1,20.581400000082795,nan,-0.8061304569244385
4,DiscNRX,ungated,262,1,0,0,1,19.594700000197918,nan,-0.8061304569244385
4,DiscNRX,ungated,263,1,0,0,1,22.23390000017389,nan,-0.8061304569244385
4,DiscNRX,ungated,264,1,0,0,1,20.59910000025411,nan,-0.8061304569244385
4,DiscNRX,ungated,265,1,0,0,1,16.992300000310934,nan,-0.8061304569244385
4,DiscNRX,ungated,266,1,0,0,1,20.694799999546376,nan,-0.8061304569244385
4,DiscNRX,ungated,267,1,0,0,1,18.47120000002178,nan,-0.8061304569244385
4,DiscNRX,ungated,268,1,0,0,1,20.778200000677316,nan,-0.8061304569244385
4,DiscNRX,ungated,269,1,0,0,1,21.7702999998437,nan,-0.8061304569244385
4,DiscNRX,ungated,270,1,0,0,1,21.12570000008418,nan,-0.8061304569244385
4,DiscNRX,ungated,271,1,0,0,1,21.38420000028418,nan,-0.8061304569244385
4,DiscNRX,ungated,272,1,0,0,1,20.93499999955384,nan,-0.8061304569244385
4,DiscNRX,ungated,273,1,0,0,1,22.69200000046112,nan,-0.8061304569244385
4,DiscNRX,ungated,274,1,0,0,1,22.959699999773875,nan,-0.8061304569244385
4,DiscNRX,ungated,275,1,0,0,1,22.61519999956363,nan,-0.8061304569244385
4,DiscNRX,ungated,276,1,0,0,1,22.715799999787123,nan,-0.8061304569244385
4,DiscNRX,ungated,277,1,0,0,1,18.143899999813584,nan,-0.8061304569244385
4,DiscNRX,ungated,278,1,0,0,1,18.558300000222516,nan,-0.8061304569244385
4,DiscNRX,ungated,279,1,0,0,1,20.186199999443488,nan,-0.8061304569244385
4,DiscNRX,ungated,280,1,0,0,1,22.051599999940663,nan,-0.8061304569244385
4,DiscNRX,ungated,281,1,0,0,1,18.6931000007462,nan,-0.8061304569244385
4,DiscNRX,ungated,282,1,0,0,1,19.65210000071238,nan,-0.8061304569244385
4,DiscNRX,ungated,283,1,0,0,1,19.63080000041373,nan,-0.8061304569244385
4,DiscNRX,ungated,284,1,0,0,1,17.546000000038475,nan,-0.8061304569244385
4,DiscNRX,ungated,285,1,0,0,1,19.860800000060408,nan,-0.8061304569244385
4,DiscNRX,ungated,286,1,0,0,1,18.344600000091305,nan,-0.8061304569244385
4,DiscNRX,ungated,287,1,0,0,1,20.45150000049034,nan,-0.8061304569244385
4,DiscNRX,ungated,288,1,0,0,1,16.760499999691092,nan,-0.8061304569244385
4,DiscNRX,ungated,289,1,0,0,1,19.943899999816495,nan,-0.8061304569244385
4,DiscNRX,ungated,290,1,0,0,1,17.297399999733898,nan,-0.8061304569244385
4,DiscNRX,ungated,291,1,0,0,1,20.00270000007731,nan,-0.8061304569244385
4,DiscNRX,ungated,292,1,0,0,1,19.34720000008383,nan,-0.8061304569244385
4,DiscNRX,ungated,293,1,0,0,1,16.75859999977547,nan,-0.8061304569244385
4,DiscNRX,ungated,294,1,0,0,1,18.359800000325777,nan,-0.8061304569244385
4,DiscNRX,ungated,295,1,0,0,1,18.08210000035615,nan,-0.8061304569244385
4,DiscNRX,ungated,296,1,0,0,1,20.09730000008858,nan,-0.8061304569244385
4,DiscNRX,ungated,297,1,0,0,1,19.03149999998277,nan,-0.8061304569244385
4,DiscNRX,ungated,298,1,0,0,1,19.924799999898823,nan,-0.8061304569244385
4,DiscNRX,ungated,299,1,0,0,1,20.49059999990277,nan,-0.8061304569244385
4,DiscNRX,ungated,300,1,0,0,1,19.961299999522453,nan,-0.8061304569244385
4,DiscNRX,ungated,301,1,0,0,1,20.03289999993285,nan,-0.8061304569244385
4,DiscNRX,ungated,302,1,0,0,1,20.85220000026311,nan,-0.8061304569244385
4,DiscNRX,ungated,303,1,0,0,1,17.97800000076677,nan,-0.8061304569244385
4,DiscNRX,ungated,304,1,0,0,1,20.225599999321275,nan,-0.8061304569244385
4,DiscNRX,ungated,305,1,0,0,1,20.013100000142003,nan,-0.8061304569244385
4,DiscNRX,ungated,306,1,0,0,1,21.479600000020582,nan,-0.8061304569244385
4,DiscNRX,ungated,307,1,0,0,1,16.888699999981327,nan,-0.8061304569244385
4,DiscNRX,ungated,308,1,0,0,1,17.129599999861966,nan,-0.8061304569244385
4,DiscNRX,ungated,309,1,0,0,1,20.088199999918288,nan,-0.8061304569244385
4,DiscNRX,ungated,310,1,0,0,1,20.92259999972157,nan,-0.8061304569244385
4,DiscNRX,ungated,311,1,0,0,1,18.83110000017041,nan,-0.8061304569244385
4,DiscNRX,ungated,312,1,0,0,1,19.934799999646202,nan,-0.8061304569244385
4,DiscNRX,ungated,313,1,0,0,1,23.32600000045204,nan,-0.8061304569244385
4,DiscNRX,ungated,314,1,0,0,1,16.866599999957543,nan,-0.8061304569244385
4,DiscNRX,ungated,315,1,0,0,1,21.613300000353775,nan,-0.8061304569244385
4,DiscNRX,ungated,316,1,0,0,1,20.269700000426383,nan,-0.8061304569244385
4,DiscNRX,ungated,317,1,0,0,1,20.142399999713234,nan,-0.8061304569244385
4,DiscNRX,ungated,318,1,0,0,1,20.559999999932188,nan,-0.8061304569244385
4,DiscNRX,ungated,319,1,0,0,1,20.456699999158445,nan,-0.8061304569244385
4,DiscNRX,ungated,320,1,0,0,1,17.641399999774876,nan,-0.8061304569244385
4,DiscNRX,ungated,321,1,0,0,1,18.203699999503442,nan,-0.8061304569244385
4,DiscNRX,ungated,322,1,0,0,1,23.48549999987881,nan,-0.8061304569244385
4,DiscNRX,ungated,323,1,0,0,1,19.74900000004709,nan,-0.8061304569244385
4,DiscNRX,ungated,324,1,0,0,1,20.31489999990299,nan,-0.8061304569244385
4,DiscNRX,ungated,325,1,0,0,1,22.111600000243925,nan,-0.8061304569244385
4,DiscNRX,ungated,326,1,0,0,1,19.245099999352533,nan,-0.8061304569244385
4,DiscNRX,ungated,327,1,0,0,1,19.295099999908416,nan,-0.8061304569244385
4,DiscNRX,ungated,328,1,0,0,1,22.27149999998801,nan,-0.8061304569244385
4,DiscNRX,ungated,329,1,0,0,1,20.749900000737398,nan,-0.8061304569244385
4,DiscNRX,ungated,330,1,0,0,1,14.867399999275221,nan,-0.8061304569244385
4,DiscNRX,ungated,331,1,0,0,1,21.534100000280887,nan,-0.8061304569244385
4,DiscNRX,ungated,332,1,0,0,1,23.479099999349273,nan,-0.8061304569244385
4,DiscNRX,ungated,333,1,0,0,1,21.272099999805505,nan,-0.8061304569244385
4,DiscNRX,ungated,334,1,0,0,1,19.37920000000304,nan,-0.8061304569244385
4,DiscNRX,ungated,335,1,0,0,1,18.802200000209268,nan,-0.8061304569244385
4,DiscNRX,ungated,336,1,0,0,1,18.73059999979887,nan,-0.8061304569244385
4,DiscNRX,ungated,337,1,0,0,1,19.443700000010722,nan,-0.8061304569244385
4,DiscNRX,ungated,338,1,0,0,1,18.561700000645942,nan,-0.8061304569244385
4,DiscNRX,ungated,339,1,0,0,1,20.406999999977415,nan,-0.8061304569244385
4,DiscNRX,ungated,340,1,0,0,1,16.32100000006176,nan,-0.8061304569244385
4,DiscNRX,ungated,341,1,0,0,1,15.64669999970647,nan,-0.8061304569244385
4,DiscNRX,ungated,342,1,0,0,1,22.607899999457004,nan,-0.8061304569244385
4,DiscNRX,ungated,343,1,0,0,1,22.42949999981647,nan,-0.8061304569244385
4,DiscNRX,ungated,344,1,0,0,1,24.872699999832548,nan,-0.8061304569244385
4,DiscNRX,ungated,345,1,0,0,1,21.76049999980023,nan,-0.8061304569244385
4,DiscNRX,ungated,346,1,0,0,1,20.96380000057252,nan,-0.8061304569244385
4,DiscNRX,ungated,347,1,0,0,1,23.24659999976575,nan,-0.8061304569244385
4,DiscNRX,ungated,348,1,0,0,1,20.401699999638367,nan,-0.8061304569244385
4,DiscNRX,ungated,349,1,0,0,1,19.889299999704235,nan,-0.8061304569244385
4,DiscNRX,ungated,350,1,0,0,1,20.090399999389774,nan,-0.8061304569244385
4,DiscNRX,ungated,351,1,0,0,1,20.87909999954718,nan,-0.8061304569244385
4,DiscNRX,ungated,352,1,0,0,1,18.233800000416522,nan,-0.8061304569244385
4,DiscNRX,ungated,353,1,0,0,1,21.288900000399735,nan,-0.8061304569244385
4,DiscNRX,ungated,354,1,0,0,1,17.527299999528623,nan,-0.8061304569244385
4,DiscNRX,ungated,355,1,0,0,1,19.90010000008624,nan,-0.8061304569244385
4,DiscNRX,ungated,356,1,0,0,1,22.33780000005936,nan,-0.8061304569244385
4,DiscNRX,ungated,357,1,0,0,1,18.606699999509146,nan,-0.8061304569244385
4,DiscNRX,ungated,358,1,0,0,1,19.176200000401877,nan,-0.8061304569244385
4,DiscNRX,ungated,359,1,0,0,1,18.267800000103307,nan,-0.8061304569244385
4,DiscNRX,ungated,360,1,0,0,1,20.684799999798997,nan,-0.8061304569244385
4,DiscNRX,ungated,361,1,0,0,1,19.005500000275788,nan,-0.8061304569244385
4,DiscNRX,ungated,362,1,0,0,1,19.913199999791686,nan,-0.8061304569244385
4,DiscNRX,ungated,363,1,0,0,1,19.64349999980186,nan,-0.8061304569244385
4,DiscNRX,ungated,364,1,0,0,1,20.668800000748888,nan,-0.8061304569244385
4,DiscNRX,ungated,365,1,0,0,1,20.41819999976724,nan,-0.8061304569244385
4,DiscNRX,ungated,366,1,0,0,1,19.754500000090047,nan,-0.8061304569244385
4,DiscNRX,ungated,367,1,0,0,1,20.09150000048976,nan,-0.8061304569244385
4,DiscNRX,ungated,368,1,0,0,1,17.96699999977136,nan,-0.8061304569244385
4,DiscNRX,ungated,369,1,0,0,1,17.948300000171002,nan,-0.8061304569244385
4,DiscNRX,ungated,370,1,0,0,1,23.38430000054359,nan,-0.8061304569244385
4,DiscNRX,ungated,371,1,0,0,1,20.12139999987994,nan,-0.8061304569244385
4,DiscNRX,ungated,372,1,0,0,1,20.645900000090478,nan,-0.8061304569244385
4,DiscNRX,ungated,373,1,0,0,1,20.17760000035196,nan,-0.8061304569244385
4,DiscNRX,ungated,374,1,0,0,1,22.851400000035937,nan,-0.8061304569244385
4,DiscNRX,ungated,375,1,0,0,1,23.945699999785575,nan,-0.8061304569244385
4,DiscNRX,ungated,376,1,0,0,1,22.092500000326254,nan,-0.8061304569244385
4,DiscNRX,ungated,377,1,0,0,1,18.22919999995065,nan,-0.8061304569244385
4,DiscNRX,ungated,378,1,0,0,1,20.857600000454113,nan,-0.8061304569244385
4,DiscNRX,ungated,379,1,0,0,1,22.012700000232144,nan,-0.8061304569244385
4,DiscNRX,ungated,380,1,0,0,1,20.328699999481614,nan,-0.8061304569244385
4,DiscNRX,ungated,381,1,0,0,1,19.68470000065281,nan,-0.8061304569244385
4,DiscNRX,ungated,382,1,0,0,1,20.446200000151293,nan,-0.8061304569244385
4,DiscNRX,ungated,383,1,0,0,1,21.439699999973527,nan,-0.8061304569244385
4,DiscNRX,ungated,384,1,0,0,1,16.815899999528483,nan,-0.8061304569244385
4,DiscNRX,ungated,385,1,0,0,1,20.114800000555988,nan,-0.8061304569244385
4,DiscNRX,ungated,386,1,0,0,1,19.378000000870088,nan,-0.8061304569244385
4,DiscNRX,ungated,387,1,0,0,1,21.160199999940232,nan,-0.8061304569244385
4,DiscNRX,ungated,388,1,0,0,1,20.37319999999454,nan,-0.8061304569244385
4,DiscNRX,ungated,389,1,0,0,1,21.012899999732326,nan,-0.8061304569244385
4,DiscNRX,ungated,390,1,0,0,1,19.634700000096927,nan,-0.8061304569244385
4,DiscNRX,ungated,391,1,0,0,1,19.77290000013454,nan,-0.8061304569244385
4,DiscNRX,ungated,392,1,0,0,1,19.781300000431656,nan,-0.8061304569244385
4,DiscNRX,ungated,393,1,0,0,1,20.942899999681686,nan,-0.8061304569244385
4,DiscNRX,ungated,394,1,0,0,1,20.79779999985476,nan,-0.8061304569244385
4,DiscNRX,ungated,395,1,0,0,1,19.631899999694724,nan,-0.8061304569244385
4,DiscNRX,ungated,396,1,0,0,1,16.130099999827507,nan,-0.8061304569244385
4,DiscNRX,ungated,397,1,0,0,1,17.54880000044068,nan,-0.8061304569244385
4,DiscNRX,ungated,398,1,0,0,1,21.05420000043523,nan,-0.8061304569244385
4,DiscNRX,ungated,399,1,0,0,1,18.766799999866635,nan,-0.8061304569244385
4,DiscNRX,ungated,400,1,0,0,1,19.264499999735563,nan,-0.8061304569244385
4,DiscNRX,ungated,401,1,0,0,1,19.24810000036814,nan,-0.8061304569244385
4,DiscNRX,ungated,402,1,0,0,1,20.229900000231282,nan,-0.8061304569244385
4,DiscNRX,ungated,403,1,0,0,1,20.192300000417163,nan,-0.8061304569244385
4,DiscNRX,ungated,404,1,0,0,1,21.018700000240642,nan,-0.8061304569244385
4,DiscNRX,ungated,405,1,0,0,1,22.528299999976298,nan,-0.8061304569244385
4,DiscNRX,ungated,406,1,0,0,1,21.43419999993057,nan,-0.8061304569244385
4,DiscNRX,ungated,407,1,0,0,1,21.587000000181433,nan,-0.8061304569244385
4,DiscNRX,ungated,408,1,0,0,1,21.748199999819917,nan,-0.8061304569244385
4,DiscNRX,ungated,409,1,0,0,1,24.63480000005802,nan,-0.8061304569244385
4,DiscNRX,ungated,410,1,0,0,1,20.456600000215985,nan,-0.8061304569244385
4,DiscNRX,ungated,411,1,0,0,1,25.488299999778974,nan,-0.8061304569244385
4,DiscNRX,ungated,412,1,0,0,1,20.70000000003347,nan,-0.8061304569244385
4,DiscNRX,ungated,413,1,0,0,1,20.20489999995334,nan,-0.8061304569244385
4,DiscNRX,ungated,414,1,0,0,1,18.815800000083982,nan,-0.8061304569244385
4,DiscNRX,ungated,415,1,0,0,1,20.543499999803316,nan,-0.8061304569244385
4,DiscNRX,ungated,416,1,0,0,1,20.902899999782676,nan,-0.8061304569244385
4,DiscNRX,ungated,417,1,0,0,1,19.291399999929126,nan,-0.8061304569244385
4,DiscNRX,ungated,418,1,0,0,1,20.6809000001158,nan,-0.8061304569244385
4,DiscNRX,ungated,419,1,0,0,1,19.900500000403554,nan,-0.8061304569244385
4,DiscNRX,ungated,420,1,0,0,1,18.814600000041537,nan,-0.8061304569244385
4,DiscNRX,ungated,421,1,0,0,1,21.303700000316894,nan,-0.8061304569244385
4,DiscNRX,ungated,422,1,0,0,1,20.179299999654177,nan,-0.8061304569244385
4,DiscNRX,ungated,423,1,0,0,1,20.69290000054025,nan,-0.8061304569244385
4,DiscNRX,ungated,424,1,0,0,1,19.65180000024702,nan,-0.8061304569244385
4,DiscNRX,ungated,425,1,0,0,1,20.589300000210642,nan,-0.8061304569244385
4,DiscNRX,ungated,426,1,0,0,1,19.51779999944847,nan,-0.8061304569244385
4,DiscNRX,ungated,427,1,0,0,1,18.58540000011999,nan,-0.8061304569244385
4,DiscNRX,ungated,428,1,0,0,1,19.984800000202085,nan,-0.8061304569244385
4,DiscNRX,ungated,429,1,0,0,1,22.25319999979547,nan,-0.8061304569244385
4,DiscNRX,ungated,430,1,0,0,1,22.490600000310224,nan,-0.8061304569244385
4,DiscNRX,ungated,431,1,0,0,1,19.114400000034948,nan,-0.8061304569244385
4,DiscNRX,ungated,432,1,0,0,1,18.46690000002127,nan,-0.8061304569244385
4,DiscNRX,ungated,433,1,0,0,1,20.28890000019601,nan,-0.8061304569244385
4,DiscNRX,ungated,434,1,0,0,1,21.483100000295963,nan,-0.8061304569244385
4,DiscNRX,ungated,435,1,0,0,1,23.308499999984633,nan,-0.8061304569244385
4,DiscNRX,ungated,436,1,0,0,1,20.482500000071013,nan,-0.8061304569244385
4,DiscNRX,ungated,437,1,0,0,1,20.978600000489678,nan,-0.8061304569244385
4,DiscNRX,ungated,438,1,0,0,1,19.341199999871606,nan,-0.8061304569244385
4,DiscNRX,ungated,439,1,0,0,1,19.560900000215042,nan,-0.8061304569244385
4,DiscNRX,ungated,440,1,0,0,1,21.760900000117545,nan,-0.8061304569244385
4,DiscNRX,ungated,441,1,0,0,1,16.186600000764884,nan,-0.8061304569244385
4,DiscNRX,ungated,442,1,0,0,1,20.943700000316312,nan,-0.8061304569244385
4,DiscNRX,ungated,443,1,0,0,1,19.00420000038139,nan,-0.8061304569244385
4,DiscNRX,ungated,444,1,0,0,1,19.600000000536966,nan,-0.8061304569244385
4,DiscNRX,ungated,445,1,0,0,1,19.31510000031267,nan,-0.8061304569244385
4,DiscNRX,ungated,446,1,0,0,1,21.565199999713514,nan,-0.8061304569244385
4,DiscNRX,ungated,447,1,0,0,1,26.415799999995215,nan,-0.8061304569244385
4,DiscNRX,ungated,448,1,0,0,1,21.195600000282866,nan,-0.8061304569244385
4,DiscNRX,ungated,449,1,0,0,1,20.667699999648903,nan,-0.8061304569244385
4,DiscNRX,ungated,450,1,0,0,1,19.85210000020743,nan,-0.8061304569244385
4,DiscNRX,ungated,451,1,0,0,1,21.8101000000388,nan,-0.8061304569244385
4,DiscNRX,ungated,452,1,0,0,1,20.924500000546686,nan,-0.8061304569244385
4,DiscNRX,ungated,453,1,0,0,1,19.479600000522623,nan,-0.8061304569244385
4,DiscNRX,ungated,454,1,0,0,1,23.415399999976216,nan,-0.8061304569244385
4,DiscNRX,ungated,455,1,0,0,1,17.73880000018835,nan,-0.8061304569244385
4,DiscNRX,ungated,456,1,0,0,1,19.732899999326037,nan,-0.8061304569244385
4,DiscNRX,ungated,457,1,0,0,1,18.819400000211317,nan,-0.8061304569244385
4,DiscNRX,ungated,458,1,0,0,1,20.709899999928894,nan,-0.8061304569244385
4,DiscNRX,ungated,459,1,0,0,1,22.69979999982752,nan,-0.8061304569244385
4,DiscNRX,ungated,460,1,0,0,1,20.17630000045756,nan,-0.8061304569244385
4,DiscNRX,ungated,461,1,0,0,1,20.751299999574258,nan,-0.8061304569244385
4,DiscNRX,ungated,462,1,0,0,1,19.3849000006594,nan,-0.8061304569244385
4,DiscNRX,ungated,463,1,0,0,1,20.141699999840057,nan,-0.8061304569244385
4,DiscNRX,ungated,464,1,0,0,1,19.53830000002199,nan,-0.8061304569244385
4,DiscNRX,ungated,465,1,0,0,1,15.256799999406212,nan,-0.8061304569244385
4,DiscNRX,ungated,466,1,0,0,1,20.92229999925621,nan,-0.8061304569244385
4,DiscNRX,ungated,467,1,0,0,1,18.734599999334023,nan,-0.8061304569244385
4,DiscNRX,ungated,468,1,0,0,1,19.83829999971931,nan,-0.8061304569244385
4,DiscNRX,ungated,469,1,0,0,1,19.820700000309444,nan,-0.8061304569244385
4,DiscNRX,ungated,470,1,0,0,1,19.790199999988545,nan,-0.8061304569244385
4,DiscNRX,ungated,471,1,0,0,1,20.56910000010248,nan,-0.8061304569244385
4,DiscNRX,ungated,472,1,0,0,1,19.843999999466178,nan,-0.8061304569244385
4,DiscNRX,ungated,473,1,0,0,1,19.447100000434148,nan,-0.8061304569244385
4,DiscNRX,ungated,474,1,0,0,1,21.054499999991094,nan,-0.8061304569244385
4,DiscNRX,ungated,475,1,0,0,1,20.57639999929961,nan,-0.8061304569244385
4,DiscNRX,ungated,476,1,0,0,1,19.97789999950328,nan,-0.8061304569244385
4,DiscNRX,ungated,477,1,0,0,1,19.737200000236044,nan,-0.8061304569244385
4,DiscNRX,ungated,478,1,0,0,1,21.96040000035282,nan,-0.8061304569244385
4,DiscNRX,ungated,479,1,0,0,1,21.71399999951973,nan,-0.8061304569244385
4,DiscNRX,ungated,480,1,0,0,1,20.027900000059162,nan,-0.8061304569244385
4,DiscNRX,ungated,481,1,0,0,1,22.11049999914394,nan,-0.8061304569244385
4,DiscNRX,ungated,482,1,0,0,1,20.008299999972223,nan,-0.8061304569244385
4,DiscNRX,ungated,483,1,0,0,1,18.689800000174728,nan,-0.8061304569244385
4,DiscNRX,ungated,484,1,0,0,1,20.19769999969867,nan,-0.8061304569244385
4,DiscNRX,ungated,485,1,0,0,1,21.467800000209536,nan,-0.8061304569244385
4,DiscNRX,ungated,486,1,0,0,1,20.335599999270926,nan,-0.8061304569244385
4,DiscNRX,ungated,487,1,0,0,1,21.164800000406103,nan,-0.8061304569244385
4,DiscNRX,ungated,488,1,0,0,1,21.43160000014177,nan,-0.8061304569244385
4,DiscNRX,ungated,489,1,0,0,1,20.911399999931746,nan,-0.8061304569244385
4,DiscNRX,ungated,490,1,0,0,1,20.181800000500516,nan,-0.8061304569244385
4,DiscNRX,ungated,491,1,0,0,1,23.03349999965576,nan,-0.8061304569244385
4,DiscNRX,ungated,492,1,0,0,1,20.2302999996391,nan,-0.8061304569244385
4,DiscNRX,ungated,493,1,0,0,1,18.400199999632605,nan,-0.8061304569244385
4,DiscNRX,ungated,494,1,0,0,1,18.82079999995767,nan,-0.8061304569244385
4,DiscNRX,ungated,495,1,0,0,1,19.982700000582554,nan,-0.8061304569244385
4,DiscNRX,ungated,496,1,0,0,1,16.71529999930499,nan,-0.8061304569244385
4,DiscNRX,ungated,497,1,0,0,1,19.41960000021936,nan,-0.8061304569244385
4,DiscNRX,ungated,498,1,0,0,1,19.794099999671744,nan,-0.8061304569244385
4,DiscNRX,ungated,499,1,0,0,1,18.93980000022566,nan,-0.8061304569244385
4,DiscNRX,ungated,500,1,0,0,1,18.263699999806704,nan,-0.8061304569244385
4,DiscNRX,ungated,501,1,0,0,1,17.009700000016892,nan,-0.8061304569244385
4,DiscNRX,ungated,502,1,0,0,1,18.29970000017056,nan,-0.8061304569244385
4,DiscNRX,ungated,503,1,0,0,1,20.24710000023333,nan,-0.8061304569244385
4,DiscNRX,ungated,504,1,0,0,1,19.121999999697437,nan,-0.8061304569244385
4,DiscNRX,ungated,505,1,0,0,1,19.46349999980157,nan,-0.8061304569244385
4,DiscNRX,ungated,506,1,0,0,1,22.460700000010547,nan,-0.8061304569244385
4,DiscNRX,ungated,507,1,0,0,1,17.27969999956258,nan,-0.8061304569244385
4,DiscNRX,ungated,508,1,0,0,1,19.275000000561704,nan,-0.8061304569244385
4,DiscNRX,ungated,509,1,0,0,1,19.521800000802614,nan,-0.8061304569244385
4,DiscNRX,ungated,510,1,0,0,1,20.359199999802513,nan,-0.8061304569244385
4,DiscNRX,ungated,511,1,0,0,1,20.11040000070352,nan,-0.8061304569244385
4,DiscNRX,ungated,512,1,0,0,1,20.962699999472534,nan,-0.8061304569244385
4,DiscNRX,ungated,513,1,0,0,1,19.909000000552624,nan,-0.8061304569244385
4,DiscNRX,ungated,514,1,0,0,1,18.095999999786727,nan,-0.8061304569244385
4,DiscNRX,ungated,515,1,0,0,1,21.399700000074517,nan,-0.8061304569244385
4,DiscNRX,ungated,516,1,0,0,1,16.963899999609566,nan,-0.8061304569244385
4,DiscNRX,ungated,517,1,0,0,1,21.473100000548584,nan,-0.8061304569244385
4,DiscNRX,ungated,518,1,0,0,1,19.064199999775155,nan,-0.8061304569244385
4,DiscNRX,ungated,519,1,0,0,1,18.795500000123866,nan,-0.8061304569244385
4,DiscNRX,ungated,520,1,0,0,1,19.90659999955824,nan,-0.8061304569244385
4,DiscNRX,ungated,521,1,0,0,1,18.846400000256835,nan,-0.8061304569244385
4,DiscNRX,ungated,522,1,0,0,1,17.841199999566015,nan,-0.8061304569244385
4,DiscNRX,ungated,523,1,0,0,1,20.04159999978583,nan,-0.8061304569244385
4,DiscNRX,ungated,524,1,0,0,1,39.84440000022005,nan,-0.8061304569244385
4,DiscNRX,ungated,525,1,0,0,1,18.234499999380205,nan,-0.8061304569244385
4,DiscNRX,ungated,526,1,0,0,1,18.334800000047835,nan,-0.8061304569244385
4,DiscNRX,ungated,527,1,0,0,1,21.994900000208872,nan,-0.8061304569244385
4,DiscNRX,ungated,528,1,0,0,1,20.159400000011374,nan,-0.8061304569244385
4,DiscNRX,ungated,529,1,0,0,1,19.703500000105123,nan,-0.8061304569244385
4,DiscNRX,ungated,530,1,0,0,1,19.94269999977405,nan,-0.8061304569244385
4,DiscNRX,ungated,531,1,0,0,1,19.49140000033367,nan,-0.8061304569244385
4,DiscNRX,ungated,532,1,0,0,1,17.95140000012907,nan,-0.8061304569244385
4,DiscNRX,ungated,533,1,0,0,1,21.130400000402005,nan,-0.8061304569244385
4,DiscNRX,ungated,534,1,0,0,1,19.82159999988653,nan,-0.8061304569244385
4,DiscNRX,ungated,535,1,0,0,1,19.765400000324007,nan,-0.8061304569244385
4,DiscNRX,ungated,536,1,0,0,1,21.046900000328606,nan,-0.8061304569244385
4,DiscNRX,ungated,537,1,0,0,1,19.978700000137906,nan,-0.8061304569244385
4,DiscNRX,ungated,538,1,0,0,1,23.500500000409374,nan,-0.8061304569244385
4,DiscNRX,ungated,539,1,0,0,1,21.824600000400096,nan,-0.8061304569244385
4,DiscNRX,ungated,540,1,0,0,1,19.261700000242854,nan,-0.8061304569244385
4,DiscNRX,ungated,541,1,0,0,1,20.605800000339514,nan,-0.8061304569244385
4,DiscNRX,ungated,542,1,0,0,1,20.123899999816786,nan,-0.8061304569244385
4,DiscNRX,ungated,543,1,0,0,1,20.89490000071237,nan,-0.8061304569244385
4,DiscNRX,ungated,544,1,0,0,1,17.59589999983291,nan,-0.8061304569244385
4,DiscNRX,ungated,545,1,0,0,1,19.568900000194844,nan,-0.8061304569244385
4,DiscNRX,ungated,546,1,0,0,1,20.6529999995837,nan,-0.8061304569244385
4,DiscNRX,ungated,547,1,0,0,1,20.579999999426946,nan,-0.8061304569244385
4,DiscNRX,ungated,548,1,0,0,1,19.882500000676373,nan,-0.8061304569244385
4,DiscNRX,ungated,549,1,0,0,1,19.230599999900733,nan,-0.8061304569244385
4,DiscNRX,ungated,550,1,0,0,1,25.999700000284065,nan,-0.8061304569244385
4,DiscNRX,ungated,551,1,0,0,1,30.37789999962115,nan,-0.8061304569244385
4,DiscNRX,ungated,552,1,0,0,1,19.077300000390096,nan,-0.8061304569244385
4,DiscNRX,ungated,553,1,0,0,1,22.24229999956151,nan,-0.8061304569244385
4,DiscNRX,ungated,554,1,0,0,1,20.321699999840348,nan,-0.8061304569244385
4,DiscNRX,ungated,555,1,0,0,1,20.178599999781,nan,-0.8061304569244385
4,DiscNRX,ungated,556,1,0,0,1,20.908399999825633,nan,-0.8061304569244385
4,DiscNRX,ungated,557,1,0,0,1,22.645600000032573,nan,-0.8061304569244385
4,DiscNRX,ungated,558,1,0,0,1,19.409499999710533,nan,-0.8061304569244385
4,DiscNRX,ungated,559,1,0,0,1,20.926399999552814,nan,-0.8061304569244385
4,DiscNRX,ungated,560,1,0,0,1,20.921500000440574,nan,-0.8061304569244385
4,DiscNRX,ungated,561,1,0,0,1,19.271599999228783,nan,-0.8061304569244385
4,DiscNRX,ungated,562,1,0,0,1,18.22509999965405,nan,-0.8061304569244385
4,DiscNRX,ungated,563,1,0,0,1,19.924299999729556,nan,-0.8061304569244385
4,DiscNRX,ungated,564,1,0,0,1,19.273400000201946,nan,-0.8061304569244385
4,DiscNRX,ungated,565,1,0,0,1,16.866899999513407,nan,-0.8061304569244385
4,DiscNRX,ungated,566,1,0,0,1,21.416100000351435,nan,-0.8061304569244385
4,DiscNRX,ungated,567,1,0,0,1,21.312699999725737,nan,-0.8061304569244385
4,DiscNRX,ungated,568,1,0,0,1,18.11459999953513,nan,-0.8061304569244385
4,DiscNRX,ungated,569,1,0,0,1,19.76710000053572,nan,-0.8061304569244385
4,DiscNRX,ungated,570,1,0,0,1,18.802499999765132,nan,-0.8061304569244385
4,DiscNRX,ungated,571,1,0,0,1,18.707700000049954,nan,-0.8061304569244385
4,DiscNRX,ungated,572,1,0,0,1,21.36869999958435,nan,-0.8061304569244385
4,DiscNRX,ungated,573,1,0,0,1,17.878900000141584,nan,-0.8061304569244385
4,DiscNRX,ungated,574,1,0,0,1,22.00139999968087,nan,-0.8061304569244385
4,DiscNRX,ungated,575,1,0,0,1,20.50020000024233,nan,-0.8061304569244385
4,DiscNRX,ungated,576,1,0,0,1,20.035100000313832,nan,-0.8061304569244385
4,DiscNRX,ungated,577,1,0,0,1,21.014500000092085,nan,-0.8061304569244385
4,DiscNRX,ungated,578,1,0,0,1,21.630800000821182,nan,-0.8061304569244385
4,DiscNRX,ungated,579,1,0,0,1,21.451300000080664,nan,-0.8061304569244385
4,DiscNRX,ungated,580,1,0,0,1,18.735700000434008,nan,-0.8061304569244385
4,DiscNRX,ungated,581,1,0,0,1,19.665900000291003,nan,-0.8061304569244385
4,DiscNRX,ungated,582,1,0,0,1,20.226199999342498,nan,-0.8061304569244385
4,DiscNRX,ungated,583,1,0,0,1,20.986700000321434,nan,-0.8061304569244385
4,DiscNRX,ungated,584,1,0,0,1,18.332399999962945,nan,-0.8061304569244385
4,DiscNRX,ungated,585,1,0,0,1,19.149699999616132,nan,-0.8061304569244385
4,DiscNRX,ungated,586,1,0,0,1,18.455500000527536,nan,-0.8061304569244385
4,DiscNRX,ungated,587,1,0,0,1,18.46659999955591,nan,-0.8061304569244385
4,DiscNRX,ungated,588,1,0,0,1,21.737499999289867,nan,-0.8061304569244385
4,DiscNRX,ungated,589,1,0,0,1,19.357600000148523,nan,-0.8061304569244385
4,DiscNRX,ungated,590,1,0,0,1,21.069599999464117,nan,-0.8061304569244385
4,DiscNRX,ungated,591,1,0,0,1,21.838499999830674,nan,-0.8061304569244385
4,DiscNRX,ungated,592,1,0,0,1,22.196599999915634,nan,-0.8061304569244385
4,DiscNRX,ungated,593,1,0,0,1,20.294599999942875,nan,-0.8061304569244385
4,DiscNRX,ungated,594,1,0,0,1,21.603099999992992,nan,-0.8061304569244385
4,DiscNRX,ungated,595,1,0,0,1,17.800700000407232,nan,-0.8061304569244385
4,DiscNRX,ungated,596,1,0,0,1,14.765599999918777,nan,-0.8061304569244385
4,DiscNRX,ungated,597,1,0,0,1,18.398500000330387,nan,-0.8061304569244385
4,DiscNRX,ungated,598,1,0,0,1,18.682599999920058,nan,-0.8061304569244385
4,DiscNRX,ungated,599,1,0,0,1,20.159700000476732,nan,-0.8061304569244385
4,DiscNRX,ungated,600,1,0,0,1,21.030899999459507,nan,-0.8061304569244385
4,DiscNRX,ungated,601,1,0,0,1,20.61779999985447,nan,-0.8061304569244385
4,DiscNRX,ungated,602,1,0,0,1,20.431799999641953,nan,-0.8061304569244385
4,DiscNRX,ungated,603,1,0,0,1,20.53819999946427,nan,-0.8061304569244385
4,DiscNRX,ungated,604,1,0,0,1,18.632000000252447,nan,-0.8061304569244385
4,DiscNRX,ungated,605,1,0,0,1,21.897500000704895,nan,-0.8061304569244385
4,DiscNRX,ungated,606,1,0,0,1,20.536799999717914,nan,-0.8061304569244385
4,DiscNRX,ungated,607,1,0,0,1,20.92030000039813,nan,-0.8061304569244385
4,DiscNRX,ungated,608,1,0,0,1,18.975400000272202,nan,-0.8061304569244385
4,DiscNRX,ungated,609,1,0,0,1,19.887000000380795,nan,-0.8061304569244385
4,DiscNRX,ungated,610,1,0,0,1,21.59639999990759,nan,-0.8061304569244385
4,DiscNRX,ungated,611,1,0,0,1,17.458399999668472,nan,-0.8061304569244385
4,DiscNRX,ungated,612,1,0,0,1,16.396199999689998,nan,-0.8061304569244385
4,DiscNRX,ungated,613,1,0,0,1,18.74169999973674,nan,-0.8061304569244385
4,DiscNRX,ungated,614,1,0,0,1,21.938500000032946,nan,-0.8061304569244385
4,DiscNRX,ungated,615,1,0,0,1,20.385499999974854,nan,-0.8061304569244385
4,DiscNRX,ungated,616,1,0,0,1,21.155499999622407,nan,-0.8061304569244385
4,DiscNRX,ungated,617,1,0,0,1,20.75680000052671,nan,-0.8061304569244385
4,DiscNRX,ungated,618,1,0,0,1,22.004500000548433,nan,-0.8061304569244385
4,DiscNRX,ungated,619,1,0,0,1,19.323800000165647,nan,-0.8061304569244385
4,DiscNRX,ungated,620,1,0,0,1,21.16710000063904,nan,-0.8061304569244385
4,DiscNRX,ungated,621,1,0,0,1,18.904100000327162,nan,-0.8061304569244385
4,DiscNRX,ungated,622,1,0,0,1,17.910099999426166,nan,-0.8061304569244385
4,DiscNRX,ungated,623,1,0,0,1,17.806700000619458,nan,-0.8061304569244385
4,DiscNRX,ungated,624,1,0,0,1,22.31339999980264,nan,-0.8061304569244385
4,DiscNRX,ungated,625,1,0,0,1,20.456199999898672,nan,-0.8061304569244385
4,DiscNRX,ungated,626,1,0,0,1,21.3527999994767,nan,-0.8061304569244385
4,DiscNRX,ungated,627,1,0,0,1,20.65359999960492,nan,-0.8061304569244385
4,DiscNRX,ungated,628,1,0,0,1,18.38529999986349,nan,-0.8061304569244385
4,DiscNRX,ungated,629,1,0,0,1,20.405100000061793,nan,-0.8061304569244385
4,DiscNRX,ungated,630,1,0,0,1,21.52979999937088,nan,-0.8061304569244385
4,DiscNRX,ungated,631,1,0,0,1,23.2056000004377,nan,-0.8061304569244385
4,DiscNRX,ungated,632,1,0,0,1,19.736399999601417,nan,-0.8061304569244385
4,DiscNRX,ungated,633,1,0,0,1,19.876700000168057,nan,-0.8061304569244385
4,DiscNRX,ungated,634,1,0,0,1,21.046500000011292,nan,-0.8061304569244385
4,DiscNRX,ungated,635,1,0,0,1,19.656199999189994,nan,-0.8061304569244385
4,DiscNRX,ungated,636,1,0,0,1,19.931800000449584,nan,-0.8061304569244385
4,DiscNRX,ungated,637,1,0,0,1,19.143200000144134,nan,-0.8061304569244385
4,DiscNRX,ungated,638,1,0,0,1,20.762399999512127,nan,-0.8061304569244385
4,DiscNRX,ungated,639,1,0,0,1,20.791400000234717,nan,-0.8061304569244385
4,DiscNRX,ungated,640,1,0,0,1,21.49230000031821,nan,-0.8061304569244385
4,DiscNRX,ungated,641,1,0,0,1,16.40490000045247,nan,-0.8061304569244385
4,DiscNRX,ungated,642,1,0,0,1,22.428000000218162,nan,-0.8061304569244385
4,DiscNRX,ungated,643,1,0,0,1,20.082300000467512,nan,-0.8061304569244385
4,DiscNRX,ungated,644,1,0,0,1,21.87580000008893,nan,-0.8061304569244385
4,DiscNRX,ungated,645,1,0,0,1,20.12650000051508,nan,-0.8061304569244385
4,DiscNRX,ungated,646,1,0,0,1,19.16389999951207,nan,-0.8061304569244385
4,DiscNRX,ungated,647,1,0,0,1,25.967900000068767,nan,-0.8061304569244385
4,DiscNRX,ungated,648,1,0,0,1,19.33420000023034,nan,-0.8061304569244385
4,DiscNRX,ungated,649,1,0,0,1,20.291400000132853,nan,-0.8061304569244385
4,DiscNRX,ungated,650,1,0,0,1,21.098199999869394,nan,-0.8061304569244385
4,DiscNRX,ungated,651,1,0,0,1,20.293800000217743,nan,-0.8061304569244385
4,DiscNRX,ungated,652,1,0,0,1,19.616399999904388,nan,-0.8061304569244385
4,DiscNRX,ungated,653,1,0,0,1,18.37989999967249,nan,-0.8061304569244385
4,DiscNRX,ungated,654,1,0,0,1,16.83939999929862,nan,-0.8061304569244385
4,DiscNRX,ungated,655,1,0,0,1,19.841899999846646,nan,-0.8061304569244385
4,DiscNRX,ungated,656,1,0,0,1,19.455500000731263,nan,-0.8061304569244385
4,DiscNRX,ungated,657,1,0,0,1,22.043199999643548,nan,-0.8061304569244385
4,DiscNRX,ungated,658,1,0,0,1,21.2005000003046,nan,-0.8061304569244385
4,DiscNRX,ungated,659,1,0,0,1,20.645800000238523,nan,-0.8061304569244385
4,DiscNRX,ungated,660,1,0,0,1,18.378499999926134,nan,-0.8061304569244385
4,DiscNRX,ungated,661,1,0,0,1,20.365400000628142,nan,-0.8061304569244385
4,DiscNRX,ungated,662,1,0,0,1,18.297900000106893,nan,-0.8061304569244385
4,DiscNRX,ungated,663,1,0,0,1,19.298500000331842,nan,-0.8061304569244385
4,DiscNRX,ungated,664,1,0,0,1,22.063499999603664,nan,-0.8061304569244385
4,DiscNRX,ungated,665,1,0,0,1,20.78570000048785,nan,-0.8061304569244385
4,DiscNRX,ungated,666,1,0,0,1,20.76680000027409,nan,-0.8061304569244385
4,DiscNRX,ungated,667,1,0,0,1,18.866000000343774,nan,-0.8061304569244385
4,DiscNRX,ungated,668,1,0,0,1,20.816499999455118,nan,-0.8061304569244385
4,DiscNRX,ungated,669,1,0,0,1,22.47350000016013,nan,-0.8061304569244385
4,DiscNRX,ungated,670,1,0,0,1,21.88750000004802,nan,-0.8061304569244385
4,DiscNRX,ungated,671,1,0,0,1,20.127599999796075,nan,-0.8061304569244385
4,DiscNRX,ungated,672,1,0,0,1,22.13839999967604,nan,-0.8061304569244385
4,DiscNRX,ungated,673,1,0,0,1,21.907700000156183,nan,-0.8061304569244385
4,DiscNRX,ungated,674,1,0,0,1,18.492799999876297,nan,-0.8061304569244385
4,DiscNRX,ungated,675,1,0,0,1,20.01849999942351,nan,-0.8061304569244385
4,DiscNRX,ungated,676,1,0,0,1,20.744399999784946,nan,-0.8061304569244385
4,DiscNRX,ungated,677,1,0,0,1,18.639099999745667,nan,-0.8061304569244385
4,DiscNRX,ungated,678,1,0,0,1,21.88919999935024,nan,-0.8061304569244385
4,DiscNRX,ungated,679,1,0,0,1,20.572100000208593,nan,-0.8061304569244385
4,DiscNRX,ungated,680,1,0,0,1,16.53119999991759,nan,-0.8061304569244385
4,DiscNRX,ungated,681,1,0,0,1,17.67279999967286,nan,-0.8061304569244385
4,DiscNRX,ungated,682,1,0,0,1,19.35319999938656,nan,-0.8061304569244385
4,DiscNRX,ungated,683,1,0,0,1,20.58619999934308,nan,-0.8061304569244385
4,DiscNRX,ungated,684,1,0,0,1,22.39740000004531,nan,-0.8061304569244385
4,DiscNRX,ungated,685,1,0,0,1,20.93799999965995,nan,-0.8061304569244385
4,DiscNRX,ungated,686,1,0,0,1,17.44090000011056,nan,-0.8061304569244385
4,DiscNRX,ungated,687,1,0,0,1,21.962000000712578,nan,-0.8061304569244385
4,DiscNRX,ungated,688,1,0,0,1,20.233400000506663,nan,-0.8061304569244385
4,DiscNRX,ungated,689,1,0,0,1,18.068200000016077,nan,-0.8061304569244385
4,DiscNRX,ungated,690,1,0,0,1,21.404699999948207,nan,-0.8061304569244385
4,DiscNRX,ungated,691,1,0,0,1,19.391499999983353,nan,-0.8061304569244385
4,DiscNRX,ungated,692,1,0,0,1,18.098500000633067,nan,-0.8061304569244385
4,DiscNRX,ungated,693,1,0,0,1,21.178400000280817,nan,-0.8061304569244385
4,DiscNRX,ungated,694,1,0,0,1,18.65910000014992,nan,-0.8061304569244385
4,DiscNRX,ungated,695,1,0,0,1,19.853100000545965,nan,-0.8061304569244385
4,DiscNRX,ungated,696,1,0,0,1,18.613100000038685,nan,-0.8061304569244385
4,DiscNRX,ungated,697,1,0,0,1,21.178399999371322,nan,-0.8061304569244385
4,DiscNRX,ungated,698,1,0,0,1,20.340199999736797,nan,-0.8061304569244385
4,DiscNRX,ungated,699,1,0,0,1,22.002700000484765,nan,-0.8061304569244385
4,DiscNRX,ungated,700,1,0,0,1,21.011599999837927,nan,-0.8061304569244385
4,DiscNRX,ungated,701,1,0,0,1,19.9665999998615,nan,-0.8061304569244385
4,DiscNRX,ungated,702,1,0,0,1,22.166700000525452,nan,-0.8061304569244385
4,DiscNRX,ungated,703,1,0,0,1,22.36819999961881,nan,-0.8061304569244385
4,DiscNRX,ungated,704,1,0,0,1,21.56329999979789,nan,-0.8061304569244385
4,DiscNRX,ungated,705,1,0,0,1,20.830000000387372,nan,-0.8061304569244385
4,DiscNRX,ungated,706,1,0,0,1,23.063000000547618,nan,-0.8061304569244385
4,DiscNRX,ungated,707,1,0,0,1,20.28020000034303,nan,-0.8061304569244385
4,DiscNRX,ungated,708,1,0,0,1,20.665899999585235,nan,-0.8061304569244385
4,DiscNRX,ungated,709,1,0,0,1,20.478800000091724,nan,-0.8061304569244385
4,DiscNRX,ungated,710,1,0,0,1,21.73789999960718,nan,-0.8061304569244385
4,DiscNRX,ungated,711,1,0,0,1,17.432999999982712,nan,-0.8061304569244385
4,DiscNRX,ungated,712,1,0,0,1,19.83760000075563,nan,-0.8061304569244385
4,DiscNRX,ungated,713,1,0,0,1,18.925800000033632,nan,-0.8061304569244385
4,DiscNRX,ungated,714,1,0,0,1,19.439199999396806,nan,-0.8061304569244385
4,DiscNRX,ungated,715,1,0,0,1,18.796400000610447,nan,-0.8061304569244385
4,DiscNRX,ungated,716,1,0,0,1,20.44839999962278,nan,-0.8061304569244385
4,DiscNRX,ungated,717,1,0,0,1,21.199699999669974,nan,-0.8061304569244385
4,DiscNRX,ungated,718,1,0,0,1,21.24900000035268,nan,-0.8061304569244385
4,DiscNRX,ungated,719,1,0,0,1,20.909199999550765,nan,-0.8061304569244385
4,DiscNRX,ungated,720,1,0,0,1,16.186899999411253,nan,-0.8061304569244385
4,DiscNRX,ungated,721,1,0,0,1,21.61069999965548,nan,-0.8061304569244385
4,DiscNRX,ungated,722,1,0,0,1,19.949099999394093,nan,-0.8061304569244385
4,DiscNRX,ungated,723,1,0,0,1,18.685500000174216,nan,-0.8061304569244385
4,DiscNRX,ungated,724,1,0,0,1,20.268699999178352,nan,-0.8061304569244385
4,DiscNRX,ungated,725,1,0,0,1,19.519899999977497,nan,-0.8061304569244385
4,DiscNRX,ungated,726,1,0,0,1,21.081799999592477,nan,-0.8061304569244385
4,DiscNRX,ungated,727,1,0,0,1,21.84269999997923,nan,-0.8061304569244385
4,DiscNRX,ungated,728,1,0,0,1,20.915900000545662,nan,-0.8061304569244385
4,DiscNRX,ungated,729,1,0,0,1,18.659800000023097,nan,-0.8061304569244385
4,DiscNRX,ungated,730,1,0,0,1,20.892300000014075,nan,-0.8061304569244385
4,DiscNRX,ungated,731,1,0,0,1,19.95589999933145,nan,-0.8061304569244385
4,DiscNRX,ungated,732,1,0,0,1,20.748599999933504,nan,-0.8061304569244385
4,DiscNRX,ungated,733,1,0,0,1,19.403700000111712,nan,-0.8061304569244385
4,DiscNRX,ungated,734,1,0,0,1,18.34430000053544,nan,-0.8061304569244385
4,DiscNRX,ungated,735,1,0,0,1,22.54799999991519,nan,-0.8061304569244385
4,DiscNRX,ungated,736,1,0,0,1,21.759600000223145,nan,-0.8061304569244385
4,DiscNRX,ungated,737,1,0,0,1,20.93779999995604,nan,-0.8061304569244385
4,DiscNRX,ungated,738,1,0,0,1,20.29969999966852,nan,-0.8061304569244385
4,DiscNRX,ungated,739,1,0,0,1,18.824700000550365,nan,-0.8061304569244385
4,DiscNRX,ungated,740,1,0,0,1,19.86959999976534,nan,-0.8061304569244385
4,DiscNRX,ungated,741,1,0,0,1,19.522000000506523,nan,-0.8061304569244385
4,DiscNRX,ungated,742,1,0,0,1,20.589100000506733,nan,-0.8061304569244385
4,DiscNRX,ungated,743,1,0,0,1,20.337399999334593,nan,-0.8061304569244385
4,DiscNRX,ungated,744,1,0,0,1,19.82609999959095,nan,-0.8061304569244385
4,DiscNRX,ungated,745,1,0,0,1,20.0886000002356,nan,-0.8061304569244385
4,DiscNRX,ungated,746,1,0,0,1,18.272199999955774,nan,-0.8061304569244385
4,DiscNRX,ungated,747,1,0,0,1,19.24440000038885,nan,-0.8061304569244385
4,DiscNRX,ungated,748,1,0,0,1,18.550300000242714,nan,-0.8061304569244385
4,DiscNRX,ungated,749,1,0,0,1,20.65530000072613,nan,-0.8061304569244385
4,DiscNRX,ungated,750,1,0,0,1,18.81729999968229,nan,-0.8061304569244385
4,DiscNRX,ungated,751,1,0,0,1,21.82020000054763,nan,-0.8061304569244385
4,DiscNRX,ungated,752,1,0,0,1,18.919199999800185,nan,-0.8061304569244385
4,DiscNRX,ungated,753,1,0,0,1,20.263100000192935,nan,-0.8061304569244385
4,DiscNRX,ungated,754,1,0,0,1,18.564199999673292,nan,-0.8061304569244385
4,DiscNRX,ungated,755,1,0,0,1,20.102899999983492,nan,-0.8061304569244385
4,DiscNRX,ungated,756,1,0,0,1,17.918500000632775,nan,-0.8061304569244385
4,DiscNRX,ungated,757,1,0,0,1,21.739699999670847,nan,-0.8061304569244385
4,DiscNRX,ungated,758,1,0,0,1,21.74269999977696,nan,-0.8061304569244385
4,DiscNRX,ungated,759,1,0,0,1,17.75160000033793,nan,-0.8061304569244385
4,DiscNRX,ungated,760,1,0,0,1,19.92659999996249,nan,-0.8061304569244385
4,DiscNRX,ungated,761,1,0,0,1,21.101199999975506,nan,-0.8061304569244385
4,DiscNRX,ungated,762,1,0,0,1,19.575000000259024,nan,-0.8061304569244385
4,DiscNRX,ungated,763,1,0,0,1,20.143300000199815,nan,-0.8061304569244385
4,DiscNRX,ungated,764,1,0,0,1,20.14000000053784,nan,-0.8061304569244385
4,DiscNRX,ungated,765,1,0,0,1,16.671600000336184,nan,-0.8061304569244385
4,DiscNRX,ungated,766,1,0,0,1,17.868400000224938,nan,-0.8061304569244385
4,DiscNRX,ungated,767,1,0,0,1,21.75639999950363,nan,-0.8061304569244385
4,DiscNRX,ungated,768,1,0,0,1,19.721499999832304,nan,-0.8061304569244385
4,DiscNRX,ungated,769,1,0,0,1,18.404800000098476,nan,-0.8061304569244385
4,DiscNRX,ungated,770,1,0,0,1,18.02979999956733,nan,-0.8061304569244385
4,DiscNRX,ungated,771,1,0,0,1,20.078700000340177,nan,-0.8061304569244385
4,DiscNRX,ungated,772,1,0,0,1,20.808099999158003,nan,-0.8061304569244385
4,DiscNRX,ungated,773,1,0,0,1,18.601599999783502,nan,-0.8061304569244385
4,DiscNRX,ungated,774,1,0,0,1,20.231200000125682,nan,-0.8061304569244385
4,DiscNRX,ungated,775,1,0,0,1,18.059699999867007,nan,-0.8061304569244385
4,DiscNRX,ungated,776,1,0,0,1,20.31749999969179,nan,-0.8061304569244385
4,DiscNRX,ungated,777,1,0,0,1,20.47729999958392,nan,-0.8061304569244385
4,DiscNRX,ungated,778,1,0,0,1,22.854499999994005,nan,-0.8061304569244385
4,DiscNRX,ungated,779,1,0,0,1,22.038500000235217,nan,-0.8061304569244385
4,DiscNRX,ungated,780,1,0,0,1,22.297700000308396,nan,-0.8061304569244385
4,DiscNRX,ungated,781,1,0,0,1,18.539400000008754,nan,-0.8061304569244385
4,DiscNRX,ungated,782,1,0,0,1,21.8525000000227,nan,-0.8061304569244385
4,DiscNRX,ungated,783,1,0,0,1,19.910400000298978,nan,-0.8061304569244385
4,DiscNRX,ungated,784,1,0,0,1,20.630299999538693,nan,-0.8061304569244385
4,DiscNRX,ungated,785,1,0,0,1,19.910300000447023,nan,-0.8061304569244385
4,DiscNRX,ungated,786,1,0,0,1,22.764599999391066,nan,-0.8061304569244385
4,DiscNRX,ungated,787,1,0,0,1,20.19079999990936,nan,-0.8061304569244385
4,DiscNRX,ungated,788,1,0,0,1,17.98309999958292,nan,-0.8061304569244385
4,DiscNRX,ungated,789,1,0,0,1,18.80669999991369,nan,-0.8061304569244385
4,DiscNRX,ungated,790,1,0,0,1,19.13929999955144,nan,-0.8061304569244385
4,DiscNRX,ungated,791,1,0,0,1,21.156999999220716,nan,-0.8061304569244385
4,DiscNRX,ungated,792,1,0,0,1,20.61779999985447,nan,-0.8061304569244385
4,DiscNRX,ungated,793,1,0,0,1,19.21700000002602,nan,-0.8061304569244385
4,DiscNRX,ungated,794,1,0,0,1,17.29960000011488,nan,-0.8061304569244385
4,DiscNRX,ungated,795,1,0,0,1,21.794000000227243,nan,-0.8061304569244385
4,DiscNRX,ungated,796,1,0,0,1,19.708199999513454,nan,-0.8061304569244385
4,DiscNRX,ungated,797,1,0,0,1,22.224600000299688,nan,-0.8061304569244385
4,DiscNRX,ungated,798,1,0,0,1,21.757800000159477,nan,-0.8061304569244385
4,DiscNRX,ungated,799,1,0,0,1,20.39130000048317,nan,-0.8061304569244385
4,DiscNRX,ungated,800,1,0,0,1,23.157300000093528,nan,-0.8061304569244385
4,DiscNRX,ungated,801,1,0,0,1,20.891399999527493,nan,-0.8061304569244385
4,DiscNRX,ungated,802,1,0,0,1,16.934399999627203,nan,-0.8061304569244385
4,DiscNRX,ungated,803,1,0,0,1,23.035600000184786,nan,-0.8061304569244385
4,DiscNRX,ungated,804,1,0,0,1,21.10279999942577,nan,-0.8061304569244385
4,DiscNRX,ungated,805,1,0,0,1,18.375499999820022,nan,-0.8061304569244385
4,DiscNRX,ungated,806,1,0,0,1,20.240599999851838,nan,-0.8061304569244385
4,DiscNRX,ungated,807,1,0,0,1,21.922799999629206,nan,-0.8061304569244385
4,DiscNRX,ungated,808,1,0,0,1,24.19999999983702,nan,-0.8061304569244385
4,DiscNRX,ungated,809,1,0,0,1,24.248800000350457,nan,-0.8061304569244385
4,DiscNRX,ungated,810,1,0,0,1,22.122999999737658,nan,-0.8061304569244385
4,DiscNRX,ungated,811,1,0,0,1,21.14660000006552,nan,-0.8061304569244385
4,DiscNRX,ungated,812,1,0,0,1,20.226899999215675,nan,-0.8061304569244385
4,DiscNRX,ungated,813,1,0,0,1,20.65489999949932,nan,-0.8061304569244385
4,DiscNRX,ungated,814,1,0,0,1,19.37259999976959,nan,-0.8061304569244385
4,DiscNRX,ungated,815,1,0,0,1,22.034399999938614,nan,-0.8061304569244385
4,DiscNRX,ungated,816,1,0,0,1,19.297200000437442,nan,-0.8061304569244385
4,DiscNRX,ungated,817,1,0,0,1,18.923000000540924,nan,-0.8061304569244385
4,DiscNRX,ungated,818,1,0,0,1,20.396700000674173,nan,-0.8061304569244385
4,DiscNRX,ungated,819,1,0,0,1,19.902600000023085,nan,-0.8061304569244385
4,DiscNRX,ungated,820,1,0,0,1,22.11729999999079,nan,-0.8061304569244385
4,DiscNRX,ungated,821,1,0,0,1,22.035300000425195,nan,-0.8061304569244385
4,DiscNRX,ungated,822,1,0,0,1,18.055200000162586,nan,-0.8061304569244385
4,DiscNRX,ungated,823,1,0,0,1,20.36450000014156,nan,-0.8061304569244385
4,DiscNRX,ungated,824,1,0,0,1,20.262000000002445,nan,-0.8061304569244385
4,DiscNRX,ungated,825,1,0,0,1,21.307099999830825,nan,-0.8061304569244385
4,DiscNRX,ungated,826,1,0,0,1,20.970399999896472,nan,-0.8061304569244385
4,DiscNRX,ungated,827,1,0,0,1,19.3066000001636,nan,-0.8061304569244385
4,DiscNRX,ungated,828,1,0,0,1,20.36969999971916,nan,-0.8061304569244385
4,DiscNRX,ungated,829,1,0,0,1,19.29519999976037,nan,-0.8061304569244385
4,DiscNRX,ungated,830,1,0,0,1,20.894399999633606,nan,-0.8061304569244385
4,DiscNRX,ungated,831,1,0,0,1,18.724700000348093,nan,-0.8061304569244385
4,DiscNRX,ungated,832,1,0,0,1,21.17309999994177,nan,-0.8061304569244385
4,DiscNRX,ungated,833,1,0,0,1,20.045700000082434,nan,-0.8061304569244385
4,DiscNRX,ungated,834,1,0,0,1,21.287800000209245,nan,-0.8061304569244385
4,DiscNRX,ungated,835,1,0,0,1,19.98349999939819,nan,-0.8061304569244385
4,DiscNRX,ungated,836,1,0,0,1,20.94420000048558,nan,-0.8061304569244385
4,DiscNRX,ungated,837,1,0,0,1,18.920900000011898,nan,-0.8061304569244385
4,DiscNRX,ungated,838,1,0,0,1,20.44500000010885,nan,-0.8061304569244385
4,DiscNRX,ungated,839,1,0,0,1,22.455900000750262,nan,-0.8061304569244385
4,DiscNRX,ungated,840,1,0,0,1,20.079800000530668,nan,-0.8061304569244385
4,DiscNRX,ungated,841,1,0,0,1,20.65669999956299,nan,-0.8061304569244385
4,DiscNRX,ungated,842,1,0,0,1,22.271200000432145,nan,-0.8061304569244385
4,DiscNRX,ungated,843,1,0,0,1,19.199700000172015,nan,-0.8061304569244385
4,DiscNRX,ungated,844,1,0,0,1,20.727099999930942,nan,-0.8061304569244385
4,DiscNRX,ungated,845,1,0,0,1,22.776599999815517,nan,-0.8061304569244385
4,DiscNRX,ungated,846,1,0,0,1,19.692899999427027,nan,-0.8061304569244385
4,DiscNRX,ungated,847,1,0,0,1,18.521699999837438,nan,-0.8061304569244385
4,DiscNRX,ungated,848,1,0,0,1,20.319599999311322,nan,-0.8061304569244385
4,DiscNRX,ungated,849,1,0,0,1,18.79700000063167,nan,-0.8061304569244385
4,DiscNRX,ungated,850,1,0,0,1,20.644099999117316,nan,-0.8061304569244385
4,DiscNRX,ungated,851,1,0,0,1,20.764199999575794,nan,-0.8061304569244385
4,DiscNRX,ungated,852,1,0,0,1,18.974700000399025,nan,-0.8061304569244385
4,DiscNRX,ungated,853,1,0,0,1,20.5511000003753,nan,-0.8061304569244385
4,DiscNRX,ungated,854,1,0,0,1,21.572799999376002,nan,-0.8061304569244385
4,DiscNRX,ungated,855,1,0,0,1,19.30869999978313,nan,-0.8061304569244385
4,DiscNRX,ungated,856,1,0,0,1,19.56010000048991,nan,-0.8061304569244385
4,DiscNRX,ungated,857,1,0,0,1,21.258100000522973,nan,-0.8061304569244385
4,DiscNRX,ungated,858,1,0,0,1,17.297299999881943,nan,-0.8061304569244385
4,DiscNRX,ungated,859,1,0,0,1,20.906599999761966,nan,-0.8061304569244385
4,DiscNRX,ungated,860,1,0,0,1,18.249000000650994,nan,-0.8061304569244385
4,DiscNRX,ungated,861,1,0,0,1,20.89059999980236,nan,-0.8061304569244385
4,DiscNRX,ungated,862,1,0,0,1,18.30229999995936,nan,-0.8061304569244385
4,DiscNRX,ungated,863,1,0,0,1,18.942900000183727,nan,-0.8061304569244385
4,DiscNRX,ungated,864,1,0,0,1,21.145599999726983,nan,-0.8061304569244385
4,DiscNRX,ungated,865,1,0,0,1,20.815099999708764,nan,-0.8061304569244385
4,DiscNRX,ungated,866,1,0,0,1,19.858799999383336,nan,-0.8061304569244385
4,DiscNRX,ungated,867,1,0,0,1,17.995000000155414,nan,-0.8061304569244385
4,DiscNRX,ungated,868,1,0,0,1,19.93690000017523,nan,-0.8061304569244385
4,DiscNRX,ungated,869,1,0,0,1,19.507899999553047,nan,-0.8061304569244385
4,DiscNRX,ungated,870,1,0,0,1,20.62759999989794,nan,-0.8061304569244385
4,DiscNRX,ungated,871,1,0,0,1,20.01509999990958,nan,-0.8061304569244385
4,DiscNRX,ungated,872,1,0,0,1,20.503099999586993,nan,-0.8061304569244385
4,DiscNRX,ungated,873,1,0,0,1,18.90449999973498,nan,-0.8061304569244385
4,DiscNRX,ungated,874,1,0,0,1,21.028799999839975,nan,-0.8061304569244385
4,DiscNRX,ungated,875,1,0,0,1,19.813500000054773,nan,-0.8061304569244385
4,DiscNRX,ungated,876,1,0,0,1,20.366099999591825,nan,-0.8061304569244385
4,DiscNRX,ungated,877,1,0,0,1,18.311300000277697,nan,-0.8061304569244385
4,DiscNRX,ungated,878,1,0,0,1,19.150900000568072,nan,-0.8061304569244385
4,DiscNRX,ungated,879,1,0,0,1,18.552099999396887,nan,-0.8061304569244385
4,DiscNRX,ungated,880,1,0,0,1,18.537599999945087,nan,-0.8061304569244385
4,DiscNRX,ungated,881,1,0,0,1,21.531100000174774,nan,-0.8061304569244385
4,DiscNRX,ungated,882,1,0,0,1,17.617900000004738,nan,-0.8061304569244385
4,DiscNRX,ungated,883,1,0,0,1,20.863200000349025,nan,-0.8061304569244385
4,DiscNRX,ungated,884,1,0,0,1,20.857699999396573,nan,-0.8061304569244385
4,DiscNRX,ungated,885,1,0,0,1,20.95370000006369,nan,-0.8061304569244385
4,DiscNRX,ungated,886,1,0,0,1,19.289500000013504,nan,-0.8061304569244385
4,DiscNRX,ungated,887,1,0,0,1,22.301700000753044,nan,-0.8061304569244385
4,DiscNRX,ungated,888,1,0,0,1,20.911900000101014,nan,-0.8061304569244385
4,DiscNRX,ungated,889,1,0,0,1,20.00339999995049,nan,-0.8061304569244385
4,DiscNRX,ungated,890,1,0,0,1,21.89470000030269,nan,-0.8061304569244385
4,DiscNRX,ungated,891,1,0,0,1,19.858799999383336,nan,-0.8061304569244385
4,DiscNRX,ungated,892,1,0,0,1,18.792799999573617,nan,-0.8061304569244385
4,DiscNRX,ungated,893,1,0,0,1,19.80989999992744,nan,-0.8061304569244385
4,DiscNRX,ungated,894,1,0,0,1,18.832900000234076,nan,-0.8061304569244385
4,DiscNRX,ungated,895,1,0,0,1,20.27970000017376,nan,-0.8061304569244385
4,DiscNRX,ungated,896,1,0,0,1,18.572399999357003,nan,-0.8061304569244385
4,DiscNRX,ungated,897,1,0,0,1,22.24709999973129,nan,-0.8061304569244385
4,DiscNRX,ungated,898,1,0,0,1,25.78760000051261,nan,-0.8061304569244385
4,DiscNRX,ungated,899,1,0,0,1,20.380900000418478,nan,-0.8061304569244385
4,DiscNRX,ungated,900,1,0,0,1,20.46029999928578,nan,-0.8061304569244385
4,DiscNRX,ungated,901,1,0,0,1,21.140200000445475,nan,-0.8061304569244385
4,DiscNRX,ungated,902,1,0,0,1,19.752499999412976,nan,-0.8061304569244385
4,DiscNRX,ungated,903,1,0,0,1,22.74889999989682,nan,-0.8061304569244385
4,DiscNRX,ungated,904,1,0,0,1,21.116500000061933,nan,-0.8061304569244385
4,DiscNRX,ungated,905,1,0,0,1,21.27829999972164,nan,-0.8061304569244385
4,DiscNRX,ungated,906,1,0,0,1,19.223300000703603,nan,-0.8061304569244385
4,DiscNRX,ungated,907,1,0,0,1,17.926499999703083,nan,-0.8061304569244385
4,DiscNRX,ungated,908,1,0,0,1,22.983100000601553,nan,-0.8061304569244385
4,DiscNRX,ungated,909,1,0,0,1,22.57499999996071,nan,-0.8061304569244385
4,DiscNRX,ungated,910,1,0,0,1,20.316899999670568,nan,-0.8061304569244385
4,DiscNRX,ungated,911,1,0,0,1,27.60729999954492,nan,-0.8061304569244385
4,DiscNRX,ungated,912,1,0,0,1,23.59009999963746,nan,-0.8061304569244385
4,DiscNRX,ungated,913,1,0,0,1,22.823399999651883,nan,-0.8061304569244385
4,DiscNRX,ungated,914,1,0,0,1,21.82829999946989,nan,-0.8061304569244385
4,DiscNRX,ungated,915,1,0,0,1,22.480800000266754,nan,-0.8061304569244385
4,DiscNRX,ungated,916,1,0,0,1,18.477900000107184,nan,-0.8061304569244385
4,DiscNRX,ungated,917,1,0,0,1,18.322799999623385,nan,-0.8061304569244385
4,DiscNRX,ungated,918,1,0,0,1,20.145199999205943,nan,-0.8061304569244385
4,DiscNRX,ungated,919,1,0,0,1,19.195400000171503,nan,-0.8061304569244385
4,DiscNRX,ungated,920,1,0,0,1,21.074500000395346,nan,-0.8061304569244385
4,DiscNRX,ungated,921,1,0,0,1,19.785700000284123,nan,-0.8061304569244385
4,DiscNRX,ungated,922,1,0,0,1,17.643400000451948,nan,-0.8061304569244385
4,DiscNRX,ungated,923,1,0,0,1,18.796199999997043,nan,-0.8061304569244385
4,DiscNRX,ungated,924,1,0,0,1,19.9865000004138,nan,-0.8061304569244385
4,DiscNRX,ungated,925,1,0,0,1,18.48150000023452,nan,-0.8061304569244385
4,DiscNRX,ungated,926,1,0,0,1,17.508200000520446,nan,-0.8061304569244385
4,DiscNRX,ungated,927,1,0,0,1,19.416900000578607,nan,-0.8061304569244385
4,DiscNRX,ungated,928,1,0,0,1,18.081299999721523,nan,-0.8061304569244385
4,DiscNRX,ungated,929,1,0,0,1,26.42230000037671,nan,-0.8061304569244385
4,DiscNRX,ungated,930,1,0,0,1,22.090899999966496,nan,-0.8061304569244385
4,DiscNRX,ungated,931,1,0,0,1,22.932300000320538,nan,-0.8061304569244385
4,DiscNRX,ungated,932,1,0,0,1,22.595999999794003,nan,-0.8061304569244385
4,DiscNRX,ungated,933,1,0,0,1,19.158700000843965,nan,-0.8061304569244385
4,DiscNRX,ungated,934,1,0,0,1,21.195799999986775,nan,-0.8061304569244385
4,DiscNRX,ungated,935,1,0,0,1,20.34520000051998,nan,-0.8061304569244385
4,DiscNRX,ungated,936,1,0,0,1,19.750599999497354,nan,-0.8061304569244385
4,DiscNRX,ungated,937,1,0,0,1,24.45449999959237,nan,-0.8061304569244385
4,DiscNRX,ungated,938,1,0,0,1,19.4430999999895,nan,-0.8061304569244385
4,DiscNRX,ungated,939,1,0,0,1,19.958699999733653,nan,-0.8061304569244385
4,DiscNRX,ungated,940,1,0,0,1,18.68060000015248,nan,-0.8061304569244385
4,DiscNRX,ungated,941,1,0,0,1,19.884900000761263,nan,-0.8061304569244385
4,DiscNRX,ungated,942,1,0,0,1,19.095999999990454,nan,-0.8061304569244385
4,DiscNRX,ungated,943,1,0,0,1,20.016100000248116,nan,-0.8061304569244385
4,DiscNRX,ungated,944,1,0,0,1,20.511400000032154,nan,-0.8061304569244385
4,DiscNRX,ungated,945,1,0,0,1,22.958700000344834,nan,-0.8061304569244385
4,DiscNRX,ungated,946,1,0,0,1,20.090199999685865,nan,-0.8061304569244385
4,DiscNRX,ungated,947,1,0,0,1,20.25009999942995,nan,-0.8061304569244385
4,DiscNRX,ungated,948,1,0,0,1,20.2132000003985,nan,-0.8061304569244385
4,DiscNRX,ungated,949,1,0,0,1,19.572200000766315,nan,-0.8061304569244385
4,DiscNRX,ungated,950,1,0,0,1,26.137399999242916,nan,-0.8061304569244385
4,DiscNRX,ungated,951,1,0,0,1,18.023300000095333,nan,-0.8061304569244385
4,DiscNRX,ungated,952,1,0,0,1,19.988199999716016,nan,-0.8061304569244385
4,DiscNRX,ungated,953,1,0,0,1,19.03760000004695,nan,-0.8061304569244385
4,DiscNRX,ungated,954,1,0,0,1,20.794500000192784,nan,-0.8061304569244385
4,DiscNRX,ungated,955,1,0,0,1,22.1043000001373,nan,-0.8061304569244385
4,DiscNRX,ungated,956,1,0,0,1,22.13850000043749,nan,-0.8061304569244385
4,DiscNRX,ungated,957,1,0,0,1,19.351199999618984,nan,-0.8061304569244385
4,DiscNRX,ungated,958,1,0,0,1,23.54840000043623,nan,-0.8061304569244385
4,DiscNRX,ungated,959,1,0,0,1,19.708599999830767,nan,-0.8061304569244385
4,DiscNRX,ungated,960,1,0,0,1,19.714400000339083,nan,-0.8061304569244385
4,DiscNRX,ungated,961,1,0,0,1,21.093999999720836,nan,-0.8061304569244385
4,DiscNRX,ungated,962,1,0,0,1,19.264399999883608,nan,-0.8061304569244385
4,DiscNRX,ungated,963,1,0,0,1,17.16489999944315,nan,-0.8061304569244385
4,DiscNRX,ungated,964,1,0,0,1,19.0959000001385,nan,-0.8061304569244385
4,DiscNRX,ungated,965,1,0,0,1,19.804200000180572,nan,-0.8061304569244385
4,DiscNRX,ungated,966,1,0,0,1,21.062099999653583,nan,-0.8061304569244385
4,DiscNRX,ungated,967,1,0,0,1,18.475900000339607,nan,-0.8061304569244385
4,DiscNRX,ungated,968,1,0,0,1,17.245699999875796,nan,-0.8061304569244385
4,DiscNRX,ungated,969,1,0,0,1,19.47440000003553,nan,-0.8061304569244385
4,DiscNRX,ungated,970,1,0,0,1,20.621700000447163,nan,-0.8061304569244385
4,DiscNRX,ungated,971,1,0,0,1,20.97810000032041,nan,-0.8061304569244385
4,DiscNRX,ungated,972,1,0,0,1,20.82949999930861,nan,-0.8061304569244385
4,DiscNRX,ungated,973,1,0,0,1,20.154900000306952,nan,-0.8061304569244385
4,DiscNRX,ungated,974,1,0,0,1,19.83089999976073,nan,-0.8061304569244385
4,DiscNRX,ungated,975,1,0,0,1,18.680299999687122,nan,-0.8061304569244385
4,DiscNRX,ungated,976,1,0,0,1,21.52959999966697,nan,-0.8061304569244385
4,DiscNRX,ungated,977,1,0,0,1,19.021999999495165,nan,-0.8061304569244385
4,DiscNRX,ungated,978,1,0,0,1,19.536999999218096,nan,-0.8061304569244385
4,DiscNRX,ungated,979,1,0,0,1,21.826099999998405,nan,-0.8061304569244385
4,DiscNRX,ungated,980,1,0,0,1,19.437599999946542,nan,-0.8061304569244385
4,DiscNRX,ungated,981,1,0,0,1,21.42490000005637,nan,-0.8061304569244385
4,DiscNRX,ungated,982,1,0,0,1,19.913600000109,nan,-0.8061304569244385
4,DiscNRX,ungated,983,1,0,0,1,21.1064000004626,nan,-0.8061304569244385
4,DiscNRX,ungated,984,1,0,0,1,19.245600000431295,nan,-0.8061304569244385
4,DiscNRX,ungated,985,1,0,0,1,19.68730000044161,nan,-0.8061304569244385
4,DiscNRX,ungated,986,1,0,0,1,19.801100000222505,nan,-0.8061304569244385
4,DiscNRX,ungated,987,1,0,0,1,20.152600000074017,nan,-0.8061304569244385
4,DiscNRX,ungated,988,1,0,0,1,18.922199999906297,nan,-0.8061304569244385
4,DiscNRX,ungated,989,1,0,0,1,18.574400000034075,nan,-0.8061304569244385
4,DiscNRX,ungated,990,1,0,0,1,19.84009999978298,nan,-0.8061304569244385
4,DiscNRX,ungated,991,1,0,0,1,20.05410000037955,nan,-0.8061304569244385
4,DiscNRX,ungated,992,1,0,0,1,20.786600000064936,nan,-0.8061304569244385
4,DiscNRX,ungated,993,1,0,0,1,19.837800000459538,nan,-0.8061304569244385
4,DiscNRX,ungated,994,1,0,0,1,19.64419999967504,nan,-0.8061304569244385
4,DiscNRX,ungated,995,1,0,0,1,21.24089999961143,nan,-0.8061304569244385
4,DiscNRX,ungated,996,1,0,0,1,18.20990000032907,nan,-0.8061304569244385
4,DiscNRX,ungated,997,1,0,0,1,21.560899999713,nan,-0.8061304569244385
4,DiscNRX,ungated,998,1,0,0,1,21.366200000557,nan,-0.8061304569244385
4,DiscNRX,ungated,999,1,0,0,1,23.576499999762746,nan,-0.8061304569244385
4,DiscNRX,gated,0,1,0,0,0,nan,nan,-0.8061304569244385
4,DiscNRX,gated,1,1,0,0,0,nan,nan,-0.8061304569244385
4,DiscNRX,gated,2,1,0,0,0,nan,nan,-0.8061304569244385
4,DiscNRX,gated,3,1,0,0,0,nan,nan,-0.8061304569244385
4,DiscNRX,gated,4,1,0,0,0,nan,nan,-0.8061304569244385
4,DiscNRX,gated,5,1,0,0,0,nan,nan,-0.8061304569244385
4,DiscNRX,gated,6,1,0,0,0,nan,nan,-0.8061304569244385
4,DiscNRX,gated,7,1,0,0,0,nan,nan,-0.8061304569244385
4,DiscNRX,gated,8,1,0,0,0,nan,nan,-0.8061304569244385
4,DiscNRX,gated,9,1,0,0,0,nan,nan,-0.8061304569244385
4,DiscNRX,gated,10,1,0,0,0,nan,nan,-0.8061304569244385
4,DiscNRX,gated,11,1,0,0,0,nan,nan,-0.8061304569244385
4,DiscNRX,gated,12,1,0,0,0,nan,nan,-0.8061304569244385
4,DiscNRX,gated,13,1,0,0,0,nan,nan,-0.8061304569244385
4,DiscNRX,gated,14,1,0,0,0,nan,nan,-0.8061304569244385
4,DiscNRX,gated,15,1,0,0,0,nan,nan,-0.8061304569244385
4,DiscNRX,gated,16,1,0,0,0,nan,nan,-0.8061304569244385
4,DiscNRX,gated,17,1,0,0,0,nan,nan,-0.8061304569244385
4,DiscNRX,gated,18,1,0,0,0,nan,nan,-0.8061304569244385
4,DiscNRX,gated,19,1,0,0,0,nan,nan,-0.8061304569244385
4,DiscNRX,gated,20,1,0,0,0,nan,nan,-0.8061304569244385
4,DiscNRX,gated,21,1,0,0,0,nan,nan,-0.8061304569244385
4,DiscNRX,gated,22,1,0,0,0,nan,nan,-0.8061304569244385
4,DiscNRX,gated,23,1,0,0,0,nan,nan,-0.8061304569244385
4,DiscNRX,gated,24,1,0,0,0,nan,nan,-0.8061304569244385
4,DiscNRX,gated,25,1,0,0,0,nan,nan,-0.8061304569244385
4,DiscNRX,gated,26,1,0,0,0,nan,nan,-0.8061304569244385
4,DiscNRX,gated,27,1,0,0,0,nan,nan,-0.8061304569244385
4,DiscNRX,gated,28,1,0,0,0,nan,nan,-0.8061304569244385
4,DiscNRX,gated,29,1,0,0,0,nan,nan,-0.8061304569244385
4,DiscNRX,gated,30,1,0,0,0,nan,nan,-0.8061304569244385
4,DiscNRX,gated,31,1,0,0,0,nan,nan,-0.8061304569244385
4,DiscNRX,gated,32,1,0,0,0,nan,nan,-0.8061304569244385
4,DiscNRX,gated,33,1,0,0,0,nan,nan,-0.8061304569244385
4,DiscNRX,gated,34,1,0,0,0,nan,nan,-0.8061304569244385
4,DiscNRX,gated,35,1,0,0,0,nan,nan,-0.8061304569244385
4,DiscNRX,gated,36,1,0,0,0,nan,nan,-0.8061304569244385
4,DiscNRX,gated,37,1,0,0,0,nan,nan,-0.8061304569244385
4,DiscNRX,gated,38,1,0,0,0,nan,nan,-0.8061304569244385
4,DiscNRX,gated,39,1,0,0,0,nan,nan,-0.8061304569244385
4,DiscNRX,gated,40,1,0,0,0,nan,nan,-0.8061304569244385
4,DiscNRX,gated,41,1,0,0,0,nan,nan,-0.8061304569244385
4,DiscNRX,gated,42,1,0,0,0,nan,nan,-0.8061304569244385
4,DiscNRX,gated,43,1,0,0,0,nan,nan,-0.8061304569244385
4,DiscNRX,gated,44,1,0,0,0,nan,nan,-0.8061304569244385
4,DiscNRX,gated,45,1,0,0,0,nan,nan,-0.8061304569244385
4,DiscNRX,gated,46,1,0,0,0,nan,nan,-0.8061304569244385
4,DiscNRX,gated,47,1,0,0,0,nan,nan,-0.8061304569244385
4,DiscNRX,gated,48,1,0,0,0,nan,nan,-0.8061304569244385
4,DiscNRX,gated,49,1,0,0,0,nan,nan,-0.8061304569244385
4,DiscNRX,gated,50,1,0,0,0,nan,nan,-0.8061304569244385
4,DiscNRX,gated,51,1,0,0,0,nan,nan,-0.8061304569244385
4,DiscNRX,gated,52,1,0,0,0,nan,nan,-0.8061304569244385
4,DiscNRX,gated,53,1,0,0,0,nan,nan,-0.8061304569244385
4,DiscNRX,gated,54,1,0,0,0,nan,nan,-0.8061304569244385
4,DiscNRX,gated,55,1,0,0,0,nan,nan,-0.8061304569244385
4,DiscNRX,gated,56,1,0,0,0,nan,nan,-0.8061304569244385
4,DiscNRX,gated,57,1,0,0,0,nan,nan,-0.8061304569244385
4,DiscNRX,gated,58,1,0,0,0,nan,nan,-0.8061304569244385
4,DiscNRX,gated,59,1,0,0,0,nan,nan,-0.8061304569244385
4,DiscNRX,gated,60,1,0,0,0,nan,nan,-0.8061304569244385
4,DiscNRX,gated,61,1,0,0,0,nan,nan,-0.8061304569244385
4,DiscNRX,gated,62,1,0,0,0,nan,nan,-0.8061304569244385
4,DiscNRX,gated,63,1,0,0,0,nan,nan,-0.8061304569244385
4,DiscNRX,gated,64,1,0,0,0,nan,nan,-0.8061304569244385
4,DiscNRX,gated,65,1,0,0,0,nan,nan,-0.8061304569244385
4,DiscNRX,gated,66,1,0,0,0,nan,nan,-0.8061304569244385
4,DiscNRX,gated,67,1,0,0,0,nan,nan,-0.8061304569244385
4,DiscNRX,gated,68,1,0,0,0,nan,nan,-0.8061304569244385
4,DiscNRX,gated,69,1,0,0,0,nan,nan,-0.8061304569244385
4,DiscNRX,gated,70,1,0,0,0,nan,nan,-0.8061304569244385
4,DiscNRX,gated,71,1,0,0,0,nan,nan,-0.8061304569244385
4,DiscNRX,gated,72,1,0,0,0,nan,nan,-0.8061304569244385
4,DiscNRX,gated,73,1,0,0,0,nan,nan,-0.8061304569244385
4,DiscNRX,gated,74,1,0,0,0,nan,nan,-0.8061304569244385
4,DiscNRX,gated,75,1,0,0,0,nan,nan,-0.8061304569244385
4,DiscNRX,gated,76,1,0,0,0,nan,nan,-0.8061304569244385
4,DiscNRX,gated,77,1,0,0,0,nan,nan,-0.8061304569244385
4,DiscNRX,gated,78,1,0,0,0,nan,nan,-0.8061304569244385
4,DiscNRX,gated,79,1,0,0,0,nan,nan,-0.8061304569244385
4,DiscNRX,gated,80,1,0,0,0,nan,nan,-0.8061304569244385
4,DiscNRX,gated,81,1,0,0,0,nan,nan,-0.8061304569244385
4,DiscNRX,gated,82,1,0,0,0,nan,nan,-0.8061304569244385
4,DiscNRX,gated,83,1,0,0,0,nan,nan,-0.8061304569244385
4,DiscNRX,gated,84,1,0,0,0,nan,nan,-0.8061304569244385
4,DiscNRX,gated,85,1,0,0,0,nan,nan,-0.8061304569244385
4,DiscNRX,gated,86,1,0,0,0,nan,nan,-0.8061304569244385
4,DiscNRX,gated,87,1,0,0,0,nan,nan,-0.8061304569244385
4,DiscNRX,gated,88,1,0,0,0,nan,nan,-0.8061304569244385
4,DiscNRX,gated,89,1,0,0,0,nan,nan,-0.8061304569244385
4,DiscNRX,gated,90,1,0,0,0,nan,nan,-0.8061304569244385
4,DiscNRX,gated,91,1,0,0,0,nan,nan,-0.8061304569244385
4,DiscNRX,gated,92,1,0,0,0,nan,nan,-0.8061304569244385
4,DiscNRX,gated,93,1,0,0,0,nan,nan,-0.8061304569244385
4,DiscNRX,gated,94,1,0,0,0,nan,nan,-0.8061304569244385
4,DiscNRX,gated,95,1,0,0,0,nan,nan,-0.8061304569244385
4,DiscNRX,gated,96,1,0,0,0,nan,nan,-0.8061304569244385
4,DiscNRX,gated,97,1,0,0,0,nan,nan,-0.8061304569244385
4,DiscNRX,gated,98,1,0,0,0,nan,nan,-0.8061304569244385
4,DiscNRX,gated,99,1,0,0,0,nan,nan,-0.8061304569244385
4,DiscNRX,gated,100,1,0,0,0,nan,nan,-0.8061304569244385
4,DiscNRX,gated,101,1,0,0,0,nan,nan,-0.8061304569244385
4,DiscNRX,gated,102,1,0,0,0,nan,nan,-0.8061304569244385
4,DiscNRX,gated,103,1,0,0,0,nan,nan,-0.8061304569244385
4,DiscNRX,gated,104,1,0,0,0,nan,nan,-0.8061304569244385
4,DiscNRX,gated,105,1,0,0,0,nan,nan,-0.8061304569244385
4,DiscNRX,gated,106,1,0,0,0,nan,nan,-0.8061304569244385
4,DiscNRX,gated,107,1,0,0,0,nan,nan,-0.8061304569244385
4,DiscNRX,gated,108,1,0,0,0,nan,nan,-0.8061304569244385
4,DiscNRX,gated,109,1,0,0,0,nan,nan,-0.8061304569244385
4,DiscNRX,gated,110,1,0,0,0,nan,nan,-0.8061304569244385
4,DiscNRX,gated,111,1,0,0,0,nan,nan,-0.8061304569244385
4,DiscNRX,gated,112,1,0,0,0,nan,nan,-0.8061304569244385
4,DiscNRX,gated,113,1,0,0,0,nan,nan,-0.8061304569244385
4,DiscNRX,gated,114,1,0,0,0,nan,nan,-0.8061304569244385
4,DiscNRX,gated,115,1,0,0,0,nan,nan,-0.8061304569244385
4,DiscNRX,gated,116,1,0,0,0,nan,nan,-0.8061304569244385
4,DiscNRX,gated,117,1,0,0,0,nan,nan,-0.8061304569244385
4,DiscNRX,gated,118,1,0,0,0,nan,nan,-0.8061304569244385
4,DiscNRX,gated,119,1,0,0,0,nan,nan,-0.8061304569244385
4,DiscNRX,gated,120,1,0,0,0,nan,nan,-0.8061304569244385
4,DiscNRX,gated,121,1,0,0,0,nan,nan,-0.8061304569244385
4,DiscNRX,gated,122,1,0,0,0,nan,nan,-0.8061304569244385
4,DiscNRX,gated,123,1,0,0,0,nan,nan,-0.8061304569244385
4,DiscNRX,gated,124,1,0,0,0,nan,nan,-0.8061304569244385
4,DiscNRX,gated,125,1,0,0,0,nan,nan,-0.8061304569244385
4,DiscNRX,gated,126,1,0,0,0,nan,nan,-0.8061304569244385
4,DiscNRX,gated,127,1,0,0,0,nan,nan,-0.8061304569244385
4,DiscNRX,gated,128,1,0,0,0,nan,nan,-0.8061304569244385
4,DiscNRX,gated,129,1,0,0,0,nan,nan,-0.8061304569244385
4,DiscNRX,gated,130,1,0,0,0,nan,nan,-0.8061304569244385
4,DiscNRX,gated,131,1,0,0,0,nan,nan,-0.8061304569244385
4,DiscNRX,gated,132,1,0,0,0,nan,nan,-0.8061304569244385
4,DiscNRX,gated,133,1,0,0,0,nan,nan,-0.8061304569244385
4,DiscNRX,gated,134,1,0,0,0,nan,nan,-0.8061304569244385
4,DiscNRX,gated,135,1,0,0,0,nan,nan,-0.8061304569244385
4,DiscNRX,gated,136,1,0,0,0,nan,nan,-0.8061304569244385
4,DiscNRX,gated,137,1,0,0,0,nan,nan,-0.8061304569244385
4,DiscNRX,gated,138,1,0,0,0,nan,nan,-0.8061304569244385
4,DiscNRX,gated,139,1,0,0,0,nan,nan,-0.8061304569244385
4,DiscNRX,gated,140,1,0,0,0,nan,nan,-0.8061304569244385
4,DiscNRX,gated,141,1,0,0,0,nan,nan,-0.8061304569244385
4,DiscNRX,gated,142,1,0,0,0,nan,nan,-0.8061304569244385
4,DiscNRX,gated,143,1,0,0,0,nan,nan,-0.8061304569244385
4,DiscNRX,gated,144,1,0,0,0,nan,nan,-0.8061304569244385
4,DiscNRX,gated,145,1,0,0,0,nan,nan,-0.8061304569244385
4,DiscNRX,gated,146,1,0,0,0,nan,nan,-0.8061304569244385
4,DiscNRX,gated,147,1,0,0,0,nan,nan,-0.8061304569244385
4,DiscNRX,gated,148,1,0,0,0,nan,nan,-0.8061304569244385
4,DiscNRX,gated,149,1,0,0,0,nan,nan,-0.8061304569244385
4,DiscNRX,gated,150,1,0,0,0,nan,nan,-0.8061304569244385
4,DiscNRX,gated,151,1,0,0,0,nan,nan,-0.8061304569244385
4,DiscNRX,gated,152,1,0,0,0,nan,nan,-0.8061304569244385
4,DiscNRX,gated,153,1,0,0,0,nan,nan,-0.8061304569244385
4,DiscNRX,gated,154,1,0,0,0,nan,nan,-0.8061304569244385
4,DiscNRX,gated,155,1,0,0,0,nan,nan,-0.8061304569244385
4,DiscNRX,gated,156,1,0,0,0,nan,nan,-0.8061304569244385
4,DiscNRX,gated,157,1,0,0,0,nan,nan,-0.8061304569244385
4,DiscNRX,gated,158,1,0,0,0,nan,nan,-0.8061304569244385
4,DiscNRX,gated,159,1,0,0,0,nan,nan,-0.8061304569244385
4,DiscNRX,gated,160,1,0,0,0,nan,nan,-0.8061304569244385
4,DiscNRX,gated,161,1,0,0,0,nan,nan,-0.8061304569244385
4,DiscNRX,gated,162,1,0,0,0,nan,nan,-0.8061304569244385
4,DiscNRX,gated,163,1,0,0,0,nan,nan,-0.8061304569244385
4,DiscNRX,gated,164,1,0,0,0,nan,nan,-0.8061304569244385
4,DiscNRX,gated,165,1,0,0,0,nan,nan,-0.8061304569244385
4,DiscNRX,gated,166,1,0,0,0,nan,nan,-0.8061304569244385
4,DiscNRX,gated,167,1,0,0,0,nan,nan,-0.8061304569244385
4,DiscNRX,gated,168,1,0,0,0,nan,nan,-0.8061304569244385
4,DiscNRX,gated,169,1,0,0,0,nan,nan,-0.8061304569244385
4,DiscNRX,gated,170,1,0,0,0,nan,nan,-0.8061304569244385
4,DiscNRX,gated,171,1,0,0,0,nan,nan,-0.8061304569244385
4,DiscNRX,gated,172,1,0,0,0,nan,nan,-0.8061304569244385
4,DiscNRX,gated,173,1,0,0,0,nan,nan,-0.8061304569244385
4,DiscNRX,gated,174,1,0,0,0,nan,nan,-0.8061304569244385
4,DiscNRX,gated,175,1,0,0,0,nan,nan,-0.8061304569244385
4,DiscNRX,gated,176,1,0,0,0,nan,nan,-0.8061304569244385
4,DiscNRX,gated,177,1,0,0,0,nan,nan,-0.8061304569244385
4,DiscNRX,gated,178,1,0,0,0,nan,nan,-0.8061304569244385
4,DiscNRX,gated,179,1,0,0,0,nan,nan,-0.8061304569244385
4,DiscNRX,gated,180,1,0,0,0,nan,nan,-0.8061304569244385
4,DiscNRX,gated,181,1,0,0,0,nan,nan,-0.8061304569244385
4,DiscNRX,gated,182,1,0,0,0,nan,nan,-0.8061304569244385
4,DiscNRX,gated,183,1,0,0,0,nan,nan,-0.8061304569244385
4,DiscNRX,gated,184,1,0,0,0,nan,nan,-0.8061304569244385
4,DiscNRX,gated,185,1,0,0,0,nan,nan,-0.8061304569244385
4,DiscNRX,gated,186,1,0,0,0,nan,nan,-0.8061304569244385
4,DiscNRX,gated,187,1,0,0,0,nan,nan,-0.8061304569244385
4,DiscNRX,gated,188,1,0,0,0,nan,nan,-0.8061304569244385
4,DiscNRX,gated,189,1,0,0,0,nan,nan,-0.8061304569244385
4,DiscNRX,gated,190,1,0,0,0,nan,nan,-0.8061304569244385
4,DiscNRX,gated,191,1,0,0,0,nan,nan,-0.8061304569244385
4,DiscNRX,gated,192,1,0,0,0,nan,nan,-0.8061304569244385
4,DiscNRX,gated,193,1,0,0,0,nan,nan,-0.8061304569244385
4,DiscNRX,gated,194,1,0,0,0,nan,nan,-0.8061304569244385
4,DiscNRX,gated,195,1,0,0,0,nan,nan,-0.8061304569244385
4,DiscNRX,gated,196,1,0,0,0,nan,nan,-0.8061304569244385
4,DiscNRX,gated,197,1,0,0,0,nan,nan,-0.8061304569244385
4,DiscNRX,gated,198,1,0,0,0,nan,nan,-0.8061304569244385
4,DiscNRX,gated,199,1,0,0,0,nan,nan,-0.8061304569244385
4,DiscNRX,gated,200,1,0,0,0,nan,nan,-0.8061304569244385
4,DiscNRX,gated,201,1,0,0,0,nan,nan,-0.8061304569244385
4,DiscNRX,gated,202,1,0,0,0,nan,nan,-0.8061304569244385
4,DiscNRX,gated,203,1,0,0,0,nan,nan,-0.8061304569244385
4,DiscNRX,gated,204,1,0,0,0,nan,nan,-0.8061304569244385
4,DiscNRX,gated,205,1,0,0,0,nan,nan,-0.8061304569244385
4,DiscNRX,gated,206,1,0,0,0,nan,nan,-0.8061304569244385
4,DiscNRX,gated,207,1,0,0,0,nan,nan,-0.8061304569244385
4,DiscNRX,gated,208,1,0,0,0,nan,nan,-0.8061304569244385
4,DiscNRX,gated,209,1,0,0,0,nan,nan,-0.8061304569244385
4,DiscNRX,gated,210,1,0,0,0,nan,nan,-0.8061304569244385
4,DiscNRX,gated,211,1,0,0,0,nan,nan,-0.8061304569244385
4,DiscNRX,gated,212,1,0,0,0,nan,nan,-0.8061304569244385
4,DiscNRX,gated,213,1,0,0,0,nan,nan,-0.8061304569244385
4,DiscNRX,gated,214,1,0,0,0,nan,nan,-0.8061304569244385
4,DiscNRX,gated,215,1,0,0,0,nan,nan,-0.8061304569244385
4,DiscNRX,gated,216,1,0,0,0,nan,nan,-0.8061304569244385
4,DiscNRX,gated,217,1,0,0,0,nan,nan,-0.8061304569244385
4,DiscNRX,gated,218,1,0,0,0,nan,nan,-0.8061304569244385
4,DiscNRX,gated,219,1,0,0,0,nan,nan,-0.8061304569244385
4,DiscNRX,gated,220,1,0,0,0,nan,nan,-0.8061304569244385
4,DiscNRX,gated,221,1,0,0,0,nan,nan,-0.8061304569244385
4,DiscNRX,gated,222,1,0,0,0,nan,nan,-0.8061304569244385
4,DiscNRX,gated,223,1,0,0,0,nan,nan,-0.8061304569244385
4,DiscNRX,gated,224,1,0,0,0,nan,nan,-0.8061304569244385
4,DiscNRX,gated,225,1,0,0,0,nan,nan,-0.8061304569244385
4,DiscNRX,gated,226,1,0,0,0,nan,nan,-0.8061304569244385
4,DiscNRX,gated,227,1,0,0,0,nan,nan,-0.8061304569244385
4,DiscNRX,gated,228,1,0,0,0,nan,nan,-0.8061304569244385
4,DiscNRX,gated,229,1,0,0,0,nan,nan,-0.8061304569244385
4,DiscNRX,gated,230,1,0,0,0,nan,nan,-0.8061304569244385
4,DiscNRX,gated,231,1,0,0,0,nan,nan,-0.8061304569244385
4,DiscNRX,gated,232,1,0,0,0,nan,nan,-0.8061304569244385
4,DiscNRX,gated,233,1,0,0,0,nan,nan,-0.8061304569244385
4,DiscNRX,gated,234,1,0,0,0,nan,nan,-0.8061304569244385
4,DiscNRX,gated,235,1,0,0,0,nan,nan,-0.8061304569244385
4,DiscNRX,gated,236,1,0,0,0,nan,nan,-0.8061304569244385
4,DiscNRX,gated,237,1,0,0,0,nan,nan,-0.8061304569244385
4,DiscNRX,gated,238,1,0,0,0,nan,nan,-0.8061304569244385
4,DiscNRX,gated,239,1,0,0,0,nan,nan,-0.8061304569244385
4,DiscNRX,gated,240,1,0,0,0,nan,nan,-0.8061304569244385
4,DiscNRX,gated,241,1,0,0,0,nan,nan,-0.8061304569244385
4,DiscNRX,gated,242,1,0,0,0,nan,nan,-0.8061304569244385
4,DiscNRX,gated,243,1,0,0,0,nan,nan,-0.8061304569244385
4,DiscNRX,gated,244,1,0,0,0,nan,nan,-0.8061304569244385
4,DiscNRX,gated,245,1,0,0,0,nan,nan,-0.8061304569244385
4,DiscNRX,gated,246,1,0,0,0,nan,nan,-0.8061304569244385
4,DiscNRX,gated,247,1,0,0,0,nan,nan,-0.8061304569244385
4,DiscNRX,gated,248,1,0,0,0,nan,nan,-0.8061304569244385
4,DiscNRX,gated,249,1,0,0,0,nan,nan,-0.8061304569244385
4,DiscNRX,gated,250,1,0,0,0,nan,nan,-0.8061304569244385
4,DiscNRX,gated,251,1,0,0,0,nan,nan,-0.8061304569244385
4,DiscNRX,gated,252,1,0,0,0,nan,nan,-0.8061304569244385
4,DiscNRX,gated,253,1,0,0,0,nan,nan,-0.8061304569244385
4,DiscNRX,gated,254,1,0,0,0,nan,nan,-0.8061304569244385
4,DiscNRX,gated,255,1,0,0,0,nan,nan,-0.8061304569244385
4,DiscNRX,gated,256,1,0,0,0,nan,nan,-0.8061304569244385
4,DiscNRX,gated,257,1,0,0,0,nan,nan,-0.8061304569244385
4,DiscNRX,gated,258,1,0,0,0,nan,nan,-0.8061304569244385
4,DiscNRX,gated,259,1,0,0,0,nan,nan,-0.8061304569244385
4,DiscNRX,gated,260,1,0,0,0,nan,nan,-0.8061304569244385
4,DiscNRX,gated,261,1,0,0,0,nan,nan,-0.8061304569244385
4,DiscNRX,gated,262,1,0,0,0,nan,nan,-0.8061304569244385
4,DiscNRX,gated,263,1,0,0,0,nan,nan,-0.8061304569244385
4,DiscNRX,gated,264,1,0,0,0,nan,nan,-0.8061304569244385
4,DiscNRX,gated,265,1,0,0,0,nan,nan,-0.8061304569244385
4,DiscNRX,gated,266,1,0,0,0,nan,nan,-0.8061304569244385
4,DiscNRX,gated,267,1,0,0,0,nan,nan,-0.8061304569244385
4,DiscNRX,gated,268,1,0,0,0,nan,nan,-0.8061304569244385
4,DiscNRX,gated,269,1,0,0,0,nan,nan,-0.8061304569244385
4,DiscNRX,gated,270,1,0,0,0,nan,nan,-0.8061304569244385
4,DiscNRX,gated,271,1,0,0,0,nan,nan,-0.8061304569244385
4,DiscNRX,gated,272,1,0,0,0,nan,nan,-0.8061304569244385
4,DiscNRX,gated,273,1,0,0,0,nan,nan,-0.8061304569244385
4,DiscNRX,gated,274,1,0,0,0,nan,nan,-0.8061304569244385
4,DiscNRX,gated,275,1,0,0,0,nan,nan,-0.8061304569244385
4,DiscNRX,gated,276,1,0,0,0,nan,nan,-0.8061304569244385
4,DiscNRX,gated,277,1,0,0,0,nan,nan,-0.8061304569244385
4,DiscNRX,gated,278,1,0,0,0,nan,nan,-0.8061304569244385
4,DiscNRX,gated,279,1,0,0,0,nan,nan,-0.8061304569244385
4,DiscNRX,gated,280,1,0,0,0,nan,nan,-0.8061304569244385
4,DiscNRX,gated,281,1,0,0,0,nan,nan,-0.8061304569244385
4,DiscNRX,gated,282,1,0,0,0,nan,nan,-0.8061304569244385
4,DiscNRX,gated,283,1,0,0,0,nan,nan,-0.8061304569244385
4,DiscNRX,gated,284,1,0,0,0,nan,nan,-0.8061304569244385
4,DiscNRX,gated,285,1,0,0,0,nan,nan,-0.8061304569244385
4,DiscNRX,gated,286,1,0,0,0,nan,nan,-0.8061304569244385
4,DiscNRX,gated,287,1,0,0,0,nan,nan,-0.8061304569244385
4,DiscNRX,gated,288,1,0,0,0,nan,nan,-0.8061304569244385
4,DiscNRX,gated,289,1,0,0,0,nan,nan,-0.8061304569244385
4,DiscNRX,gated,290,1,0,0,0,nan,nan,-0.8061304569244385
4,DiscNRX,gated,291,1,0,0,0,nan,nan,-0.8061304569244385
4,DiscNRX,gated,292,1,0,0,0,nan,nan,-0.8061304569244385
4,DiscNRX,gated,293,1,0,0,0,nan,nan,-0.8061304569244385
4,DiscNRX,gated,294,1,0,0,0,nan,nan,-0.8061304569244385
4,DiscNRX,gated,295,1,0,0,0,nan,nan,-0.8061304569244385
4,DiscNRX,gated,296,1,0,0,0,nan,nan,-0.8061304569244385
4,DiscNRX,gated,297,1,0,0,0,nan,nan,-0.8061304569244385
4,DiscNRX,gated,298,1,0,0,0,nan,nan,-0.8061304569244385
4,DiscNRX,gated,299,1,0,0,0,nan,nan,-0.8061304569244385
4,DiscNRX,gated,300,1,0,0,0,nan,nan,-0.8061304569244385
4,DiscNRX,gated,301,1,0,0,0,nan,nan,-0.8061304569244385
4,DiscNRX,gated,302,1,0,0,0,nan,nan,-0.8061304569244385
4,DiscNRX,gated,303,1,0,0,0,nan,nan,-0.8061304569244385
4,DiscNRX,gated,304,1,0,0,0,nan,nan,-0.8061304569244385
4,DiscNRX,gated,305,1,0,0,0,nan,nan,-0.8061304569244385
4,DiscNRX,gated,306,1,0,0,0,nan,nan,-0.8061304569244385
4,DiscNRX,gated,307,1,0,0,0,nan,nan,-0.8061304569244385
4,DiscNRX,gated,308,1,0,0,0,nan,nan,-0.8061304569244385
4,DiscNRX,gated,309,1,0,0,0,nan,nan,-0.8061304569244385
4,DiscNRX,gated,310,1,0,0,0,nan,nan,-0.8061304569244385
4,DiscNRX,gated,311,1,0,0,0,nan,nan,-0.8061304569244385
4,DiscNRX,gated,312,1,0,0,0,nan,nan,-0.8061304569244385
4,DiscNRX,gated,313,1,0,0,0,nan,nan,-0.8061304569244385
4,DiscNRX,gated,314,1,0,0,0,nan,nan,-0.8061304569244385
4,DiscNRX,gated,315,1,0,0,0,nan,nan,-0.8061304569244385
4,DiscNRX,gated,316,1,0,0,0,nan,nan,-0.8061304569244385
4,DiscNRX,gated,317,1,0,0,0,nan,nan,-0.8061304569244385
4,DiscNRX,gated,318,1,0,0,0,nan,nan,-0.8061304569244385
4,DiscNRX,gated,319,1,0,0,0,nan,nan,-0.8061304569244385
4,DiscNRX,gated,320,1,0,0,0,nan,nan,-0.8061304569244385
4,DiscNRX,gated,321,1,0,0,0,nan,nan,-0.8061304569244385
4,DiscNRX,gated,322,1,0,0,0,nan,nan,-0.8061304569244385
4,DiscNRX,gated,323,1,0,0,0,nan,nan,-0.8061304569244385
4,DiscNRX,gated,324,1,0,0,0,nan,nan,-0.8061304569244385
4,DiscNRX,gated,325,1,0,0,0,nan,nan,-0.8061304569244385
4,DiscNRX,gated,326,1,0,0,0,nan,nan,-0.8061304569244385
4,DiscNRX,gated,327,1,0,0,0,nan,nan,-0.8061304569244385
4,DiscNRX,gated,328,1,0,0,0,nan,nan,-0.8061304569244385
4,DiscNRX,gated,329,1,0,0,0,nan,nan,-0.8061304569244385
4,DiscNRX,gated,330,1,0,0,0,nan,nan,-0.8061304569244385
4,DiscNRX,gated,331,1,0,0,0,nan,nan,-0.8061304569244385
4,DiscNRX,gated,332,1,0,0,0,nan,nan,-0.8061304569244385
4,DiscNRX,gated,333,1,0,0,0,nan,nan,-0.8061304569244385
4,DiscNRX,gated,334,1,0,0,0,nan,nan,-0.8061304569244385
4,DiscNRX,gated,335,1,0,0,0,nan,nan,-0.8061304569244385
4,DiscNRX,gated,336,1,0,0,0,nan,nan,-0.8061304569244385
4,DiscNRX,gated,337,1,0,0,0,nan,nan,-0.8061304569244385
4,DiscNRX,gated,338,1,0,0,0,nan,nan,-0.8061304569244385
4,DiscNRX,gated,339,1,0,0,0,nan,nan,-0.8061304569244385
4,DiscNRX,gated,340,1,0,0,0,nan,nan,-0.8061304569244385
4,DiscNRX,gated,341,1,0,0,0,nan,nan,-0.8061304569244385
4,DiscNRX,gated,342,1,0,0,0,nan,nan,-0.8061304569244385
4,DiscNRX,gated,343,1,0,0,0,nan,nan,-0.8061304569244385
4,DiscNRX,gated,344,1,0,0,0,nan,nan,-0.8061304569244385
4,DiscNRX,gated,345,1,0,0,0,nan,nan,-0.8061304569244385
4,DiscNRX,gated,346,1,0,0,0,nan,nan,-0.8061304569244385
4,DiscNRX,gated,347,1,0,0,0,nan,nan,-0.8061304569244385
4,DiscNRX,gated,348,1,0,0,0,nan,nan,-0.8061304569244385
4,DiscNRX,gated,349,1,0,0,0,nan,nan,-0.8061304569244385
4,DiscNRX,gated,350,1,0,0,0,nan,nan,-0.8061304569244385
4,DiscNRX,gated,351,1,0,0,0,nan,nan,-0.8061304569244385
4,DiscNRX,gated,352,1,0,0,0,nan,nan,-0.8061304569244385
4,DiscNRX,gated,353,1,0,0,0,nan,nan,-0.8061304569244385
4,DiscNRX,gated,354,1,0,0,0,nan,nan,-0.8061304569244385
4,DiscNRX,gated,355,1,0,0,0,nan,nan,-0.8061304569244385
4,DiscNRX,gated,356,1,0,0,0,nan,nan,-0.8061304569244385
4,DiscNRX,gated,357,1,0,0,0,nan,nan,-0.8061304569244385
4,DiscNRX,gated,358,1,0,0,0,nan,nan,-0.8061304569244385
4,DiscNRX,gated,359,1,0,0,0,nan,nan,-0.8061304569244385
4,DiscNRX,gated,360,1,0,0,0,nan,nan,-0.8061304569244385
4,DiscNRX,gated,361,1,0,0,0,nan,nan,-0.8061304569244385
4,DiscNRX,gated,362,1,0,0,0,nan,nan,-0.8061304569244385
4,DiscNRX,gated,363,1,0,0,0,nan,nan,-0.8061304569244385
4,DiscNRX,gated,364,1,0,0,0,nan,nan,-0.8061304569244385
4,DiscNRX,gated,365,1,0,0,0,nan,nan,-0.8061304569244385
4,DiscNRX,gated,366,1,0,0,0,nan,nan,-0.8061304569244385
4,DiscNRX,gated,367,1,0,0,0,nan,nan,-0.8061304569244385
4,DiscNRX,gated,368,1,0,0,0,nan,nan,-0.8061304569244385
4,DiscNRX,gated,369,1,0,0,0,nan,nan,-0.8061304569244385
4,DiscNRX,gated,370,1,0,0,0,nan,nan,-0.8061304569244385
4,DiscNRX,gated,371,1,0,0,0,nan,nan,-0.8061304569244385
4,DiscNRX,gated,372,1,0,0,0,nan,nan,-0.8061304569244385
4,DiscNRX,gated,373,1,0,0,0,nan,nan,-0.8061304569244385
4,DiscNRX,gated,374,1,0,0,0,nan,nan,-0.8061304569244385
4,DiscNRX,gated,375,1,0,0,0,nan,nan,-0.8061304569244385
4,DiscNRX,gated,376,1,0,0,0,nan,nan,-0.8061304569244385
4,DiscNRX,gated,377,1,0,0,0,nan,nan,-0.8061304569244385
4,DiscNRX,gated,378,1,0,0,0,nan,nan,-0.8061304569244385
4,DiscNRX,gated,379,1,0,0,0,nan,nan,-0.8061304569244385
4,DiscNRX,gated,380,1,0,0,0,nan,nan,-0.8061304569244385
4,DiscNRX,gated,381,1,0,0,0,nan,nan,-0.8061304569244385
4,DiscNRX,gated,382,1,0,0,0,nan,nan,-0.8061304569244385
4,DiscNRX,gated,383,1,0,0,0,nan,nan,-0.8061304569244385
4,DiscNRX,gated,384,1,0,0,0,nan,nan,-0.8061304569244385
4,DiscNRX,gated,385,1,0,0,0,nan,nan,-0.8061304569244385
4,DiscNRX,gated,386,1,0,0,0,nan,nan,-0.8061304569244385
4,DiscNRX,gated,387,1,0,0,0,nan,nan,-0.8061304569244385
4,DiscNRX,gated,388,1,0,0,0,nan,nan,-0.8061304569244385
4,DiscNRX,gated,389,1,0,0,0,nan,nan,-0.8061304569244385
4,DiscNRX,gated,390,1,0,0,0,nan,nan,-0.8061304569244385
4,DiscNRX,gated,391,1,0,0,0,nan,nan,-0.8061304569244385
4,DiscNRX,gated,392,1,0,0,0,nan,nan,-0.8061304569244385
4,DiscNRX,gated,393,1,0,0,0,nan,nan,-0.8061304569244385
4,DiscNRX,gated,394,1,0,0,0,nan,nan,-0.8061304569244385
4,DiscNRX,gated,395,1,0,0,0,nan,nan,-0.8061304569244385
4,DiscNRX,gated,396,1,0,0,0,nan,nan,-0.8061304569244385
4,DiscNRX,gated,397,1,0,0,0,nan,nan,-0.8061304569244385
4,DiscNRX,gated,398,1,0,0,0,nan,nan,-0.8061304569244385
4,DiscNRX,gated,399,1,0,0,0,nan,nan,-0.8061304569244385
4,DiscNRX,gated,400,1,0,0,0,nan,nan,-0.8061304569244385
4,DiscNRX,gated,401,1,0,0,0,nan,nan,-0.8061304569244385
4,DiscNRX,gated,402,1,0,0,0,nan,nan,-0.8061304569244385
4,DiscNRX,gated,403,1,0,0,0,nan,nan,-0.8061304569244385
4,DiscNRX,gated,404,1,0,0,0,nan,nan,-0.8061304569244385
4,DiscNRX,gated,405,1,0,0,0,nan,nan,-0.8061304569244385
4,DiscNRX,gated,406,1,0,0,0,nan,nan,-0.8061304569244385
4,DiscNRX,gated,407,1,0,0,0,nan,nan,-0.8061304569244385
4,DiscNRX,gated,408,1,0,0,0,nan,nan,-0.8061304569244385
4,DiscNRX,gated,409,1,0,0,0,nan,nan,-0.8061304569244385
4,DiscNRX,gated,410,1,0,0,0,nan,nan,-0.8061304569244385
4,DiscNRX,gated,411,1,0,0,0,nan,nan,-0.8061304569244385
4,DiscNRX,gated,412,1,0,0,0,nan,nan,-0.8061304569244385
4,DiscNRX,gated,413,1,0,0,0,nan,nan,-0.8061304569244385
4,DiscNRX,gated,414,1,0,0,0,nan,nan,-0.8061304569244385
4,DiscNRX,gated,415,1,0,0,0,nan,nan,-0.8061304569244385
4,DiscNRX,gated,416,1,0,0,0,nan,nan,-0.8061304569244385
4,DiscNRX,gated,417,1,0,0,0,nan,nan,-0.8061304569244385
4,DiscNRX,gated,418,1,0,0,0,nan,nan,-0.8061304569244385
4,DiscNRX,gated,419,1,0,0,0,nan,nan,-0.8061304569244385
4,DiscNRX,gated,420,1,0,0,0,nan,nan,-0.8061304569244385
4,DiscNRX,gated,421,1,0,0,0,nan,nan,-0.8061304569244385
4,DiscNRX,gated,422,1,0,0,0,nan,nan,-0.8061304569244385
4,DiscNRX,gated,423,1,0,0,0,nan,nan,-0.8061304569244385
4,DiscNRX,gated,424,1,0,0,0,nan,nan,-0.8061304569244385
4,DiscNRX,gated,425,1,0,0,0,nan,nan,-0.8061304569244385
4,DiscNRX,gated,426,1,0,0,0,nan,nan,-0.8061304569244385
4,DiscNRX,gated,427,1,0,0,0,nan,nan,-0.8061304569244385
4,DiscNRX,gated,428,1,0,0,0,nan,nan,-0.8061304569244385
4,DiscNRX,gated,429,1,0,0,0,nan,nan,-0.8061304569244385
4,DiscNRX,gated,430,1,0,0,0,nan,nan,-0.8061304569244385
4,DiscNRX,gated,431,1,0,0,0,nan,nan,-0.8061304569244385
4,DiscNRX,gated,432,1,0,0,0,nan,nan,-0.8061304569244385
4,DiscNRX,gated,433,1,0,0,0,nan,nan,-0.8061304569244385
4,DiscNRX,gated,434,1,0,0,0,nan,nan,-0.8061304569244385
4,DiscNRX,gated,435,1,0,0,0,nan,nan,-0.8061304569244385
4,DiscNRX,gated,436,1,0,0,0,nan,nan,-0.8061304569244385
4,DiscNRX,gated,437,1,0,0,0,nan,nan,-0.8061304569244385
4,DiscNRX,gated,438,1,0,0,0,nan,nan,-0.8061304569244385
4,DiscNRX,gated,439,1,0,0,0,nan,nan,-0.8061304569244385
4,DiscNRX,gated,440,1,0,0,0,nan,nan,-0.8061304569244385
4,DiscNRX,gated,441,1,0,0,0,nan,nan,-0.8061304569244385
4,DiscNRX,gated,442,1,0,0,0,nan,nan,-0.8061304569244385
4,DiscNRX,gated,443,1,0,0,0,nan,nan,-0.8061304569244385
4,DiscNRX,gated,444,1,0,0,0,nan,nan,-0.8061304569244385
4,DiscNRX,gated,445,1,0,0,0,nan,nan,-0.8061304569244385
4,DiscNRX,gated,446,1,0,0,0,nan,nan,-0.8061304569244385
4,DiscNRX,gated,447,1,0,0,0,nan,nan,-0.8061304569244385
4,DiscNRX,gated,448,1,0,0,0,nan,nan,-0.8061304569244385
4,DiscNRX,gated,449,1,0,0,0,nan,nan,-0.8061304569244385
4,DiscNRX,gated,450,1,0,0,0,nan,nan,-0.8061304569244385
4,DiscNRX,gated,451,1,0,0,0,nan,nan,-0.8061304569244385
4,DiscNRX,gated,452,1,0,0,0,nan,nan,-0.8061304569244385
4,DiscNRX,gated,453,1,0,0,0,nan,nan,-0.8061304569244385
4,DiscNRX,gated,454,1,0,0,0,nan,nan,-0.8061304569244385
4,DiscNRX,gated,455,1,0,0,0,nan,nan,-0.8061304569244385
4,DiscNRX,gated,456,1,0,0,0,nan,nan,-0.8061304569244385
4,DiscNRX,gated,457,1,0,0,0,nan,nan,-0.8061304569244385
4,DiscNRX,gated,458,1,0,0,0,nan,nan,-0.8061304569244385
4,DiscNRX,gated,459,1,0,0,0,nan,nan,-0.8061304569244385
4,DiscNRX,gated,460,1,0,0,0,nan,nan,-0.8061304569244385
4,DiscNRX,gated,461,1,0,0,0,nan,nan,-0.8061304569244385
4,DiscNRX,gated,462,1,0,0,0,nan,nan,-0.8061304569244385
4,DiscNRX,gated,463,1,0,0,0,nan,nan,-0.8061304569244385
4,DiscNRX,gated,464,1,0,0,0,nan,nan,-0.8061304569244385
4,DiscNRX,gated,465,1,0,0,0,nan,nan,-0.8061304569244385
4,DiscNRX,gated,466,1,0,0,0,nan,nan,-0.8061304569244385
4,DiscNRX,gated,467,1,0,0,0,nan,nan,-0.8061304569244385
4,DiscNRX,gated,468,1,0,0,0,nan,nan,-0.8061304569244385
4,DiscNRX,gated,469,1,0,0,0,nan,nan,-0.8061304569244385
4,DiscNRX,gated,470,1,0,0,0,nan,nan,-0.8061304569244385
4,DiscNRX,gated,471,1,0,0,0,nan,nan,-0.8061304569244385
4,DiscNRX,gated,472,1,0,0,0,nan,nan,-0.8061304569244385
4,DiscNRX,gated,473,1,0,0,0,nan,nan,-0.8061304569244385
4,DiscNRX,gated,474,1,0,0,0,nan,nan,-0.8061304569244385
4,DiscNRX,gated,475,1,0,0,0,nan,nan,-0.8061304569244385
4,DiscNRX,gated,476,1,0,0,0,nan,nan,-0.8061304569244385
4,DiscNRX,gated,477,1,0,0,0,nan,nan,-0.8061304569244385
4,DiscNRX,gated,478,1,0,0,0,nan,nan,-0.8061304569244385
4,DiscNRX,gated,479,1,0,0,0,nan,nan,-0.8061304569244385
4,DiscNRX,gated,480,1,0,0,0,nan,nan,-0.8061304569244385
4,DiscNRX,gated,481,1,0,0,0,nan,nan,-0.8061304569244385
4,DiscNRX,gated,482,1,0,0,0,nan,nan,-0.8061304569244385
4,DiscNRX,gated,483,1,0,0,0,nan,nan,-0.8061304569244385
4,DiscNRX,gated,484,1,0,0,0,nan,nan,-0.8061304569244385
4,DiscNRX,gated,485,1,0,0,0,nan,nan,-0.8061304569244385
4,DiscNRX,gated,486,1,0,0,0,nan,nan,-0.8061304569244385
4,DiscNRX,gated,487,1,0,0,0,nan,nan,-0.8061304569244385
4,DiscNRX,gated,488,1,0,0,0,nan,nan,-0.8061304569244385
4,DiscNRX,gated,489,1,0,0,0,nan,nan,-0.8061304569244385
4,DiscNRX,gated,490,1,0,0,0,nan,nan,-0.8061304569244385
4,DiscNRX,gated,491,1,0,0,0,nan,nan,-0.8061304569244385
4,DiscNRX,gated,492,1,0,0,0,nan,nan,-0.8061304569244385
4,DiscNRX,gated,493,1,0,0,0,nan,nan,-0.8061304569244385
4,DiscNRX,gated,494,1,0,0,0,nan,nan,-0.8061304569244385
4,DiscNRX,gated,495,1,0,0,0,nan,nan,-0.8061304569244385
4,DiscNRX,gated,496,1,0,0,0,nan,nan,-0.8061304569244385
4,DiscNRX,gated,497,1,0,0,0,nan,nan,-0.8061304569244385
4,DiscNRX,gated,498,1,0,0,0,nan,nan,-0.8061304569244385
4,DiscNRX,gated,499,1,0,0,0,nan,nan,-0.8061304569244385
4,DiscNRX,gated,500,1,0,0,0,nan,nan,-0.8061304569244385
4,DiscNRX,gated,501,1,0,0,0,nan,nan,-0.8061304569244385
4,DiscNRX,gated,502,1,0,0,0,nan,nan,-0.8061304569244385
4,DiscNRX,gated,503,1,0,0,0,nan,nan,-0.8061304569244385
4,DiscNRX,gated,504,1,0,0,0,nan,nan,-0.8061304569244385
4,DiscNRX,gated,505,1,0,0,0,nan,nan,-0.8061304569244385
4,DiscNRX,gated,506,1,0,0,0,nan,nan,-0.8061304569244385
4,DiscNRX,gated,507,1,0,0,0,nan,nan,-0.8061304569244385
4,DiscNRX,gated,508,1,0,0,0,nan,nan,-0.8061304569244385
4,DiscNRX,gated,509,1,0,0,0,nan,nan,-0.8061304569244385
4,DiscNRX,gated,510,1,0,0,0,nan,nan,-0.8061304569244385
4,DiscNRX,gated,511,1,0,0,0,nan,nan,-0.8061304569244385
4,DiscNRX,gated,512,1,0,0,0,nan,nan,-0.8061304569244385
4,DiscNRX,gated,513,1,0,0,0,nan,nan,-0.8061304569244385
4,DiscNRX,gated,514,1,0,0,0,nan,nan,-0.8061304569244385
4,DiscNRX,gated,515,1,0,0,0,nan,nan,-0.8061304569244385
4,DiscNRX,gated,516,1,0,0,0,nan,nan,-0.8061304569244385
4,DiscNRX,gated,517,1,0,0,0,nan,nan,-0.8061304569244385
4,DiscNRX,gated,518,1,0,0,0,nan,nan,-0.8061304569244385
4,DiscNRX,gated,519,1,0,0,0,nan,nan,-0.8061304569244385
4,DiscNRX,gated,520,1,0,0,0,nan,nan,-0.8061304569244385
4,DiscNRX,gated,521,1,0,0,0,nan,nan,-0.8061304569244385
4,DiscNRX,gated,522,1,0,0,0,nan,nan,-0.8061304569244385
4,DiscNRX,gated,523,1,0,0,0,nan,nan,-0.8061304569244385
4,DiscNRX,gated,524,1,0,0,0,nan,nan,-0.8061304569244385
4,DiscNRX,gated,525,1,0,0,0,nan,nan,-0.8061304569244385
4,DiscNRX,gated,526,1,0,0,0,nan,nan,-0.8061304569244385
4,DiscNRX,gated,527,1,0,0,0,nan,nan,-0.8061304569244385
4,DiscNRX,gated,528,1,0,0,0,nan,nan,-0.8061304569244385
4,DiscNRX,gated,529,1,0,0,0,nan,nan,-0.8061304569244385
4,DiscNRX,gated,530,1,0,0,0,nan,nan,-0.8061304569244385
4,DiscNRX,gated,531,1,0,0,0,nan,nan,-0.8061304569244385
4,DiscNRX,gated,532,1,0,0,0,nan,nan,-0.8061304569244385
4,DiscNRX,gated,533,1,0,0,0,nan,nan,-0.8061304569244385
4,DiscNRX,gated,534,1,0,0,0,nan,nan,-0.8061304569244385
4,DiscNRX,gated,535,1,0,0,0,nan,nan,-0.8061304569244385
4,DiscNRX,gated,536,1,0,0,0,nan,nan,-0.8061304569244385
4,DiscNRX,gated,537,1,0,0,0,nan,nan,-0.8061304569244385
4,DiscNRX,gated,538,1,0,0,0,nan,nan,-0.8061304569244385
4,DiscNRX,gated,539,1,0,0,0,nan,nan,-0.8061304569244385
4,DiscNRX,gated,540,1,0,0,0,nan,nan,-0.8061304569244385
4,DiscNRX,gated,541,1,0,0,0,nan,nan,-0.8061304569244385
4,DiscNRX,gated,542,1,0,0,0,nan,nan,-0.8061304569244385
4,DiscNRX,gated,543,1,0,0,0,nan,nan,-0.8061304569244385
4,DiscNRX,gated,544,1,0,0,0,nan,nan,-0.8061304569244385
4,DiscNRX,gated,545,1,0,0,0,nan,nan,-0.8061304569244385
4,DiscNRX,gated,546,1,0,0,0,nan,nan,-0.8061304569244385
4,DiscNRX,gated,547,1,0,0,0,nan,nan,-0.8061304569244385
4,DiscNRX,gated,548,1,0,0,0,nan,nan,-0.8061304569244385
4,DiscNRX,gated,549,1,0,0,0,nan,nan,-0.8061304569244385
4,DiscNRX,gated,550,1,0,0,0,nan,nan,-0.8061304569244385
4,DiscNRX,gated,551,1,0,0,0,nan,nan,-0.8061304569244385
4,DiscNRX,gated,552,1,0,0,0,nan,nan,-0.8061304569244385
4,DiscNRX,gated,553,1,0,0,0,nan,nan,-0.8061304569244385
4,DiscNRX,gated,554,1,0,0,0,nan,nan,-0.8061304569244385
4,DiscNRX,gated,555,1,0,0,0,nan,nan,-0.8061304569244385
4,DiscNRX,gated,556,1,0,0,0,nan,nan,-0.8061304569244385
4,DiscNRX,gated,557,1,0,0,0,nan,nan,-0.8061304569244385
4,DiscNRX,gated,558,1,0,0,0,nan,nan,-0.8061304569244385
4,DiscNRX,gated,559,1,0,0,0,nan,nan,-0.8061304569244385
4,DiscNRX,gated,560,1,0,0,0,nan,nan,-0.8061304569244385
4,DiscNRX,gated,561,1,0,0,0,nan,nan,-0.8061304569244385
4,DiscNRX,gated,562,1,0,0,0,nan,nan,-0.8061304569244385
4,DiscNRX,gated,563,1,0,0,0,nan,nan,-0.8061304569244385
4,DiscNRX,gated,564,1,0,0,0,nan,nan,-0.8061304569244385
4,DiscNRX,gated,565,1,0,0,0,nan,nan,-0.8061304569244385
4,DiscNRX,gated,566,1,0,0,0,nan,nan,-0.8061304569244385
4,DiscNRX,gated,567,1,0,0,0,nan,nan,-0.8061304569244385
4,DiscNRX,gated,568,1,0,0,0,nan,nan,-0.8061304569244385
4,DiscNRX,gated,569,1,0,0,0,nan,nan,-0.8061304569244385
4,DiscNRX,gated,570,1,0,0,0,nan,nan,-0.8061304569244385
4,DiscNRX,gated,571,1,0,0,0,nan,nan,-0.8061304569244385
4,DiscNRX,gated,572,1,0,0,0,nan,nan,-0.8061304569244385
4,DiscNRX,gated,573,1,0,0,0,nan,nan,-0.8061304569244385
4,DiscNRX,gated,574,1,0,0,0,nan,nan,-0.8061304569244385
4,DiscNRX,gated,575,1,0,0,0,nan,nan,-0.8061304569244385
4,DiscNRX,gated,576,1,0,0,0,nan,nan,-0.8061304569244385
4,DiscNRX,gated,577,1,0,0,0,nan,nan,-0.8061304569244385
4,DiscNRX,gated,578,1,0,0,0,nan,nan,-0.8061304569244385
4,DiscNRX,gated,579,1,0,0,0,nan,nan,-0.8061304569244385
4,DiscNRX,gated,580,1,0,0,0,nan,nan,-0.8061304569244385
4,DiscNRX,gated,581,1,0,0,0,nan,nan,-0.8061304569244385
4,DiscNRX,gated,582,1,0,0,0,nan,nan,-0.8061304569244385
4,DiscNRX,gated,583,1,0,0,0,nan,nan,-0.8061304569244385
4,DiscNRX,gated,584,1,0,0,0,nan,nan,-0.8061304569244385
4,DiscNRX,gated,585,1,0,0,0,nan,nan,-0.8061304569244385
4,DiscNRX,gated,586,1,0,0,0,nan,nan,-0.8061304569244385
4,DiscNRX,gated,587,1,0,0,0,nan,nan,-0.8061304569244385
4,DiscNRX,gated,588,1,0,0,0,nan,nan,-0.8061304569244385
4,DiscNRX,gated,589,1,0,0,0,nan,nan,-0.8061304569244385
4,DiscNRX,gated,590,1,0,0,0,nan,nan,-0.8061304569244385
4,DiscNRX,gated,591,1,0,0,0,nan,nan,-0.8061304569244385
4,DiscNRX,gated,592,1,0,0,0,nan,nan,-0.8061304569244385
4,DiscNRX,gated,593,1,0,0,0,nan,nan,-0.8061304569244385
4,DiscNRX,gated,594,1,0,0,0,nan,nan,-0.8061304569244385
4,DiscNRX,gated,595,1,0,0,0,nan,nan,-0.8061304569244385
4,DiscNRX,gated,596,1,0,0,0,nan,nan,-0.8061304569244385
4,DiscNRX,gated,597,1,0,0,0,nan,nan,-0.8061304569244385
4,DiscNRX,gated,598,1,0,0,0,nan,nan,-0.8061304569244385
4,DiscNRX,gated,599,1,0,0,0,nan,nan,-0.8061304569244385
4,DiscNRX,gated,600,1,0,0,0,nan,nan,-0.8061304569244385
4,DiscNRX,gated,601,1,0,0,0,nan,nan,-0.8061304569244385
4,DiscNRX,gated,602,1,0,0,0,nan,nan,-0.8061304569244385
4,DiscNRX,gated,603,1,0,0,0,nan,nan,-0.8061304569244385
4,DiscNRX,gated,604,1,0,0,0,nan,nan,-0.8061304569244385
4,DiscNRX,gated,605,1,0,0,0,nan,nan,-0.8061304569244385
4,DiscNRX,gated,606,1,0,0,0,nan,nan,-0.8061304569244385
4,DiscNRX,gated,607,1,0,0,0,nan,nan,-0.8061304569244385
4,DiscNRX,gated,608,1,0,0,0,nan,nan,-0.8061304569244385
4,DiscNRX,gated,609,1,0,0,0,nan,nan,-0.8061304569244385
4,DiscNRX,gated,610,1,0,0,0,nan,nan,-0.8061304569244385
4,DiscNRX,gated,611,1,0,0,0,nan,nan,-0.8061304569244385
4,DiscNRX,gated,612,1,0,0,0,nan,nan,-0.8061304569244385
4,DiscNRX,gated,613,1,0,0,0,nan,nan,-0.8061304569244385
4,DiscNRX,gated,614,1,0,0,0,nan,nan,-0.8061304569244385
4,DiscNRX,gated,615,1,0,0,0,nan,nan,-0.8061304569244385
4,DiscNRX,gated,616,1,0,0,0,nan,nan,-0.8061304569244385
4,DiscNRX,gated,617,1,0,0,0,nan,nan,-0.8061304569244385
4,DiscNRX,gated,618,1,0,0,0,nan,nan,-0.8061304569244385
4,DiscNRX,gated,619,1,0,0,0,nan,nan,-0.8061304569244385
4,DiscNRX,gated,620,1,0,0,0,nan,nan,-0.8061304569244385
4,DiscNRX,gated,621,1,0,0,0,nan,nan,-0.8061304569244385
4,DiscNRX,gated,622,1,0,0,0,nan,nan,-0.8061304569244385
4,DiscNRX,gated,623,1,0,0,0,nan,nan,-0.8061304569244385
4,DiscNRX,gated,624,1,0,0,0,nan,nan,-0.8061304569244385
4,DiscNRX,gated,625,1,0,0,0,nan,nan,-0.8061304569244385
4,DiscNRX,gated,626,1,0,0,0,nan,nan,-0.8061304569244385
4,DiscNRX,gated,627,1,0,0,0,nan,nan,-0.8061304569244385
4,DiscNRX,gated,628,1,0,0,0,nan,nan,-0.8061304569244385
4,DiscNRX,gated,629,1,0,0,0,nan,nan,-0.8061304569244385
4,DiscNRX,gated,630,1,0,0,0,nan,nan,-0.8061304569244385
4,DiscNRX,gated,631,1,0,0,0,nan,nan,-0.8061304569244385
4,DiscNRX,gated,632,1,0,0,0,nan,nan,-0.8061304569244385
4,DiscNRX,gated,633,1,0,0,0,nan,nan,-0.8061304569244385
4,DiscNRX,gated,634,1,0,0,0,nan,nan,-0.8061304569244385
4,DiscNRX,gated,635,1,0,0,0,nan,nan,-0.8061304569244385
4,DiscNRX,gated,636,1,0,0,0,nan,nan,-0.8061304569244385
4,DiscNRX,gated,637,1,0,0,0,nan,nan,-0.8061304569244385
4,DiscNRX,gated,638,1,0,0,0,nan,nan,-0.8061304569244385
4,DiscNRX,gated,639,1,0,0,0,nan,nan,-0.8061304569244385
4,DiscNRX,gated,640,1,0,0,0,nan,nan,-0.8061304569244385
4,DiscNRX,gated,641,1,0,0,0,nan,nan,-0.8061304569244385
4,DiscNRX,gated,642,1,0,0,0,nan,nan,-0.8061304569244385
4,DiscNRX,gated,643,1,0,0,0,nan,nan,-0.8061304569244385
4,DiscNRX,gated,644,1,0,0,0,nan,nan,-0.8061304569244385
4,DiscNRX,gated,645,1,0,0,0,nan,nan,-0.8061304569244385
4,DiscNRX,gated,646,1,0,0,0,nan,nan,-0.8061304569244385
4,DiscNRX,gated,647,1,0,0,0,nan,nan,-0.8061304569244385
4,DiscNRX,gated,648,1,0,0,0,nan,nan,-0.8061304569244385
4,DiscNRX,gated,649,1,0,0,0,nan,nan,-0.8061304569244385
4,DiscNRX,gated,650,1,0,0,0,nan,nan,-0.8061304569244385
4,DiscNRX,gated,651,1,0,0,0,nan,nan,-0.8061304569244385
4,DiscNRX,gated,652,1,0,0,0,nan,nan,-0.8061304569244385
4,DiscNRX,gated,653,1,0,0,0,nan,nan,-0.8061304569244385
4,DiscNRX,gated,654,1,0,0,0,nan,nan,-0.8061304569244385
4,DiscNRX,gated,655,1,0,0,0,nan,nan,-0.8061304569244385
4,DiscNRX,gated,656,1,0,0,0,nan,nan,-0.8061304569244385
4,DiscNRX,gated,657,1,0,0,0,nan,nan,-0.8061304569244385
4,DiscNRX,gated,658,1,0,0,0,nan,nan,-0.8061304569244385
4,DiscNRX,gated,659,1,0,0,0,nan,nan,-0.8061304569244385
4,DiscNRX,gated,660,1,0,0,0,nan,nan,-0.8061304569244385
4,DiscNRX,gated,661,1,0,0,0,nan,nan,-0.8061304569244385
4,DiscNRX,gated,662,1,0,0,0,nan,nan,-0.8061304569244385
4,DiscNRX,gated,663,1,0,0,0,nan,nan,-0.8061304569244385
4,DiscNRX,gated,664,1,0,0,0,nan,nan,-0.8061304569244385
4,DiscNRX,gated,665,1,0,0,0,nan,nan,-0.8061304569244385
4,DiscNRX,gated,666,1,0,0,0,nan,nan,-0.8061304569244385
4,DiscNRX,gated,667,1,0,0,0,nan,nan,-0.8061304569244385
4,DiscNRX,gated,668,1,0,0,0,nan,nan,-0.8061304569244385
4,DiscNRX,gated,669,1,0,0,0,nan,nan,-0.8061304569244385
4,DiscNRX,gated,670,1,0,0,0,nan,nan,-0.8061304569244385
4,DiscNRX,gated,671,1,0,0,0,nan,nan,-0.8061304569244385
4,DiscNRX,gated,672,1,0,0,0,nan,nan,-0.8061304569244385
4,DiscNRX,gated,673,1,0,0,0,nan,nan,-0.8061304569244385
4,DiscNRX,gated,674,1,0,0,0,nan,nan,-0.8061304569244385
4,DiscNRX,gated,675,1,0,0,0,nan,nan,-0.8061304569244385
4,DiscNRX,gated,676,1,0,0,0,nan,nan,-0.8061304569244385
4,DiscNRX,gated,677,1,0,0,0,nan,nan,-0.8061304569244385
4,DiscNRX,gated,678,1,0,0,0,nan,nan,-0.8061304569244385
4,DiscNRX,gated,679,1,0,0,0,nan,nan,-0.8061304569244385
4,DiscNRX,gated,680,1,0,0,0,nan,nan,-0.8061304569244385
4,DiscNRX,gated,681,1,0,0,0,nan,nan,-0.8061304569244385
4,DiscNRX,gated,682,1,0,0,0,nan,nan,-0.8061304569244385
4,DiscNRX,gated,683,1,0,0,0,nan,nan,-0.8061304569244385
4,DiscNRX,gated,684,1,0,0,0,nan,nan,-0.8061304569244385
4,DiscNRX,gated,685,1,0,0,0,nan,nan,-0.8061304569244385
4,DiscNRX,gated,686,1,0,0,0,nan,nan,-0.8061304569244385
4,DiscNRX,gated,687,1,0,0,0,nan,nan,-0.8061304569244385
4,DiscNRX,gated,688,1,0,0,0,nan,nan,-0.8061304569244385
4,DiscNRX,gated,689,1,0,0,0,nan,nan,-0.8061304569244385
4,DiscNRX,gated,690,1,0,0,0,nan,nan,-0.8061304569244385
4,DiscNRX,gated,691,1,0,0,0,nan,nan,-0.8061304569244385
4,DiscNRX,gated,692,1,0,0,0,nan,nan,-0.8061304569244385
4,DiscNRX,gated,693,1,0,0,0,nan,nan,-0.8061304569244385
4,DiscNRX,gated,694,1,0,0,0,nan,nan,-0.8061304569244385
4,DiscNRX,gated,695,1,0,0,0,nan,nan,-0.8061304569244385
4,DiscNRX,gated,696,1,0,0,0,nan,nan,-0.8061304569244385
4,DiscNRX,gated,697,1,0,0,0,nan,nan,-0.8061304569244385
4,DiscNRX,gated,698,1,0,0,0,nan,nan,-0.8061304569244385
4,DiscNRX,gated,699,1,0,0,0,nan,nan,-0.8061304569244385
4,DiscNRX,gated,700,1,0,0,0,nan,nan,-0.8061304569244385
4,DiscNRX,gated,701,1,0,0,0,nan,nan,-0.8061304569244385
4,DiscNRX,gated,702,1,0,0,0,nan,nan,-0.8061304569244385
4,DiscNRX,gated,703,1,0,0,0,nan,nan,-0.8061304569244385
4,DiscNRX,gated,704,1,0,0,0,nan,nan,-0.8061304569244385
4,DiscNRX,gated,705,1,0,0,0,nan,nan,-0.8061304569244385
4,DiscNRX,gated,706,1,0,0,0,nan,nan,-0.8061304569244385
4,DiscNRX,gated,707,1,0,0,0,nan,nan,-0.8061304569244385
4,DiscNRX,gated,708,1,0,0,0,nan,nan,-0.8061304569244385
4,DiscNRX,gated,709,1,0,0,0,nan,nan,-0.8061304569244385
4,DiscNRX,gated,710,1,0,0,0,nan,nan,-0.8061304569244385
4,DiscNRX,gated,711,1,0,0,0,nan,nan,-0.8061304569244385
4,DiscNRX,gated,712,1,0,0,0,nan,nan,-0.8061304569244385
4,DiscNRX,gated,713,1,0,0,0,nan,nan,-0.8061304569244385
4,DiscNRX,gated,714,1,0,0,0,nan,nan,-0.8061304569244385
4,DiscNRX,gated,715,1,0,0,0,nan,nan,-0.8061304569244385
4,DiscNRX,gated,716,1,0,0,0,nan,nan,-0.8061304569244385
4,DiscNRX,gated,717,1,0,0,0,nan,nan,-0.8061304569244385
4,DiscNRX,gated,718,1,0,0,0,nan,nan,-0.8061304569244385
4,DiscNRX,gated,719,1,0,0,0,nan,nan,-0.8061304569244385
4,DiscNRX,gated,720,1,0,0,0,nan,nan,-0.8061304569244385
4,DiscNRX,gated,721,1,0,0,0,nan,nan,-0.8061304569244385
4,DiscNRX,gated,722,1,0,0,0,nan,nan,-0.8061304569244385
4,DiscNRX,gated,723,1,0,0,0,nan,nan,-0.8061304569244385
4,DiscNRX,gated,724,1,0,0,0,nan,nan,-0.8061304569244385
4,DiscNRX,gated,725,1,0,0,0,nan,nan,-0.8061304569244385
4,DiscNRX,gated,726,1,0,0,0,nan,nan,-0.8061304569244385
4,DiscNRX,gated,727,1,0,0,0,nan,nan,-0.8061304569244385
4,DiscNRX,gated,728,1,0,0,0,nan,nan,-0.8061304569244385
4,DiscNRX,gated,729,1,0,0,0,nan,nan,-0.8061304569244385
4,DiscNRX,gated,730,1,0,0,0,nan,nan,-0.8061304569244385
4,DiscNRX,gated,731,1,0,0,0,nan,nan,-0.8061304569244385
4,DiscNRX,gated,732,1,0,0,0,nan,nan,-0.8061304569244385
4,DiscNRX,gated,733,1,0,0,0,nan,nan,-0.8061304569244385
4,DiscNRX,gated,734,1,0,0,0,nan,nan,-0.8061304569244385
4,DiscNRX,gated,735,1,0,0,0,nan,nan,-0.8061304569244385
4,DiscNRX,gated,736,1,0,0,0,nan,nan,-0.8061304569244385
4,DiscNRX,gated,737,1,0,0,0,nan,nan,-0.8061304569244385
4,DiscNRX,gated,738,1,0,0,0,nan,nan,-0.8061304569244385
4,DiscNRX,gated,739,1,0,0,0,nan,nan,-0.8061304569244385
4,DiscNRX,gated,740,1,0,0,0,nan,nan,-0.8061304569244385
4,DiscNRX,gated,741,1,0,0,0,nan,nan,-0.8061304569244385
4,DiscNRX,gated,742,1,0,0,0,nan,nan,-0.8061304569244385
4,DiscNRX,gated,743,1,0,0,0,nan,nan,-0.8061304569244385
4,DiscNRX,gated,744,1,0,0,0,nan,nan,-0.8061304569244385
4,DiscNRX,gated,745,1,0,0,0,nan,nan,-0.8061304569244385
4,DiscNRX,gated,746,1,0,0,0,nan,nan,-0.8061304569244385
4,DiscNRX,gated,747,1,0,0,0,nan,nan,-0.8061304569244385
4,DiscNRX,gated,748,1,0,0,0,nan,nan,-0.8061304569244385
4,DiscNRX,gated,749,1,0,0,0,nan,nan,-0.8061304569244385
4,DiscNRX,gated,750,1,0,0,0,nan,nan,-0.8061304569244385
4,DiscNRX,gated,751,1,0,0,0,nan,nan,-0.8061304569244385
4,DiscNRX,gated,752,1,0,0,0,nan,nan,-0.8061304569244385
4,DiscNRX,gated,753,1,0,0,0,nan,nan,-0.8061304569244385
4,DiscNRX,gated,754,1,0,0,0,nan,nan,-0.8061304569244385
4,DiscNRX,gated,755,1,0,0,0,nan,nan,-0.8061304569244385
4,DiscNRX,gated,756,1,0,0,0,nan,nan,-0.8061304569244385
4,DiscNRX,gated,757,1,0,0,0,nan,nan,-0.8061304569244385
4,DiscNRX,gated,758,1,0,0,0,nan,nan,-0.8061304569244385
4,DiscNRX,gated,759,1,0,0,0,nan,nan,-0.8061304569244385
4,DiscNRX,gated,760,1,0,0,0,nan,nan,-0.8061304569244385
4,DiscNRX,gated,761,1,0,0,0,nan,nan,-0.8061304569244385
4,DiscNRX,gated,762,1,0,0,0,nan,nan,-0.8061304569244385
4,DiscNRX,gated,763,1,0,0,0,nan,nan,-0.8061304569244385
4,DiscNRX,gated,764,1,0,0,0,nan,nan,-0.8061304569244385
4,DiscNRX,gated,765,1,0,0,0,nan,nan,-0.8061304569244385
4,DiscNRX,gated,766,1,0,0,0,nan,nan,-0.8061304569244385
4,DiscNRX,gated,767,1,0,0,0,nan,nan,-0.8061304569244385
4,DiscNRX,gated,768,1,0,0,0,nan,nan,-0.8061304569244385
4,DiscNRX,gated,769,1,0,0,0,nan,nan,-0.8061304569244385
4,DiscNRX,gated,770,1,0,0,0,nan,nan,-0.8061304569244385
4,DiscNRX,gated,771,1,0,0,0,nan,nan,-0.8061304569244385
4,DiscNRX,gated,772,1,0,0,0,nan,nan,-0.8061304569244385
4,DiscNRX,gated,773,1,0,0,0,nan,nan,-0.8061304569244385
4,DiscNRX,gated,774,1,0,0,0,nan,nan,-0.8061304569244385
4,DiscNRX,gated,775,1,0,0,0,nan,nan,-0.8061304569244385
4,DiscNRX,gated,776,1,0,0,0,nan,nan,-0.8061304569244385
4,DiscNRX,gated,777,1,0,0,0,nan,nan,-0.8061304569244385
4,DiscNRX,gated,778,1,0,0,0,nan,nan,-0.8061304569244385
4,DiscNRX,gated,779,1,0,0,0,nan,nan,-0.8061304569244385
4,DiscNRX,gated,780,1,0,0,0,nan,nan,-0.8061304569244385
4,DiscNRX,gated,781,1,0,0,0,nan,nan,-0.8061304569244385
4,DiscNRX,gated,782,1,0,0,0,nan,nan,-0.8061304569244385
4,DiscNRX,gated,783,1,0,0,0,nan,nan,-0.8061304569244385
4,DiscNRX,gated,784,1,0,0,0,nan,nan,-0.8061304569244385
4,DiscNRX,gated,785,1,0,0,0,nan,nan,-0.8061304569244385
4,DiscNRX,gated,786,1,0,0,0,nan,nan,-0.8061304569244385
4,DiscNRX,gated,787,1,0,0,0,nan,nan,-0.8061304569244385
4,DiscNRX,gated,788,1,0,0,0,nan,nan,-0.8061304569244385
4,DiscNRX,gated,789,1,0,0,0,nan,nan,-0.8061304569244385
4,DiscNRX,gated,790,1,0,0,0,nan,nan,-0.8061304569244385
4,DiscNRX,gated,791,1,0,0,0,nan,nan,-0.8061304569244385
4,DiscNRX,gated,792,1,0,0,0,nan,nan,-0.8061304569244385
4,DiscNRX,gated,793,1,0,0,0,nan,nan,-0.8061304569244385
4,DiscNRX,gated,794,1,0,0,0,nan,nan,-0.8061304569244385
4,DiscNRX,gated,795,1,0,0,0,nan,nan,-0.8061304569244385
4,DiscNRX,gated,796,1,0,0,0,nan,nan,-0.8061304569244385
4,DiscNRX,gated,797,1,0,0,0,nan,nan,-0.8061304569244385
4,DiscNRX,gated,798,1,0,0,0,nan,nan,-0.8061304569244385
4,DiscNRX,gated,799,1,0,0,0,nan,nan,-0.8061304569244385
4,DiscNRX,gated,800,1,0,0,0,nan,nan,-0.8061304569244385
4,DiscNRX,gated,801,1,0,0,0,nan,nan,-0.8061304569244385
4,DiscNRX,gated,802,1,0,0,0,nan,nan,-0.8061304569244385
4,DiscNRX,gated,803,1,0,0,0,nan,nan,-0.8061304569244385
4,DiscNRX,gated,804,1,0,0,0,nan,nan,-0.8061304569244385
4,DiscNRX,gated,805,1,0,0,0,nan,nan,-0.8061304569244385
4,DiscNRX,gated,806,1,0,0,0,nan,nan,-0.8061304569244385
4,DiscNRX,gated,807,1,0,0,0,nan,nan,-0.8061304569244385
4,DiscNRX,gated,808,1,0,0,0,nan,nan,-0.8061304569244385
4,DiscNRX,gated,809,1,0,0,0,nan,nan,-0.8061304569244385
4,DiscNRX,gated,810,1,0,0,0,nan,nan,-0.8061304569244385
4,DiscNRX,gated,811,1,0,0,0,nan,nan,-0.8061304569244385
4,DiscNRX,gated,812,1,0,0,0,nan,nan,-0.8061304569244385
4,DiscNRX,gated,813,1,0,0,0,nan,nan,-0.8061304569244385
4,DiscNRX,gated,814,1,0,0,0,nan,nan,-0.8061304569244385
4,DiscNRX,gated,815,1,0,0,0,nan,nan,-0.8061304569244385
4,DiscNRX,gated,816,1,0,0,0,nan,nan,-0.8061304569244385
4,DiscNRX,gated,817,1,0,0,0,nan,nan,-0.8061304569244385
4,DiscNRX,gated,818,1,0,0,0,nan,nan,-0.8061304569244385
4,DiscNRX,gated,819,1,0,0,0,nan,nan,-0.8061304569244385
4,DiscNRX,gated,820,1,0,0,0,nan,nan,-0.8061304569244385
4,DiscNRX,gated,821,1,0,0,0,nan,nan,-0.8061304569244385
4,DiscNRX,gated,822,1,0,0,0,nan,nan,-0.8061304569244385
4,DiscNRX,gated,823,1,0,0,0,nan,nan,-0.8061304569244385
4,DiscNRX,gated,824,1,0,0,0,nan,nan,-0.8061304569244385
4,DiscNRX,gated,825,1,0,0,0,nan,nan,-0.8061304569244385
4,DiscNRX,gated,826,1,0,0,0,nan,nan,-0.8061304569244385
4,DiscNRX,gated,827,1,0,0,0,nan,nan,-0.8061304569244385
4,DiscNRX,gated,828,1,0,0,0,nan,nan,-0.8061304569244385
4,DiscNRX,gated,829,1,0,0,0,nan,nan,-0.8061304569244385
4,DiscNRX,gated,830,1,0,0,0,nan,nan,-0.8061304569244385
4,DiscNRX,gated,831,1,0,0,0,nan,nan,-0.8061304569244385
4,DiscNRX,gated,832,1,0,0,0,nan,nan,-0.8061304569244385
4,DiscNRX,gated,833,1,0,0,0,nan,nan,-0.8061304569244385
4,DiscNRX,gated,834,1,0,0,0,nan,nan,-0.8061304569244385
4,DiscNRX,gated,835,1,0,0,0,nan,nan,-0.8061304569244385
4,DiscNRX,gated,836,1,0,0,0,nan,nan,-0.8061304569244385
4,DiscNRX,gated,837,1,0,0,0,nan,nan,-0.8061304569244385
4,DiscNRX,gated,838,1,0,0,0,nan,nan,-0.8061304569244385
4,DiscNRX,gated,839,1,0,0,0,nan,nan,-0.8061304569244385
4,DiscNRX,gated,840,1,0,0,0,nan,nan,-0.8061304569244385
4,DiscNRX,gated,841,1,0,0,0,nan,nan,-0.8061304569244385
4,DiscNRX,gated,842,1,0,0,0,nan,nan,-0.8061304569244385
4,DiscNRX,gated,843,1,0,0,0,nan,nan,-0.8061304569244385
4,DiscNRX,gated,844,1,0,0,0,nan,nan,-0.8061304569244385
4,DiscNRX,gated,845,1,0,0,0,nan,nan,-0.8061304569244385
4,DiscNRX,gated,846,1,0,0,0,nan,nan,-0.8061304569244385
4,DiscNRX,gated,847,1,0,0,0,nan,nan,-0.8061304569244385
4,DiscNRX,gated,848,1,0,0,0,nan,nan,-0.8061304569244385
4,DiscNRX,gated,849,1,0,0,0,nan,nan,-0.8061304569244385
4,DiscNRX,gated,850,1,0,0,0,nan,nan,-0.8061304569244385
4,DiscNRX,gated,851,1,0,0,0,nan,nan,-0.8061304569244385
4,DiscNRX,gated,852,1,0,0,0,nan,nan,-0.8061304569244385
4,DiscNRX,gated,853,1,0,0,0,nan,nan,-0.8061304569244385
4,DiscNRX,gated,854,1,0,0,0,nan,nan,-0.8061304569244385
4,DiscNRX,gated,855,1,0,0,0,nan,nan,-0.8061304569244385
4,DiscNRX,gated,856,1,0,0,0,nan,nan,-0.8061304569244385
4,DiscNRX,gated,857,1,0,0,0,nan,nan,-0.8061304569244385
4,DiscNRX,gated,858,1,0,0,0,nan,nan,-0.8061304569244385
4,DiscNRX,gated,859,1,0,0,0,nan,nan,-0.8061304569244385
4,DiscNRX,gated,860,1,0,0,0,nan,nan,-0.8061304569244385
4,DiscNRX,gated,861,1,0,0,0,nan,nan,-0.8061304569244385
4,DiscNRX,gated,862,1,0,0,0,nan,nan,-0.8061304569244385
4,DiscNRX,gated,863,1,0,0,0,nan,nan,-0.8061304569244385
4,DiscNRX,gated,864,1,0,0,0,nan,nan,-0.8061304569244385
4,DiscNRX,gated,865,1,0,0,0,nan,nan,-0.8061304569244385
4,DiscNRX,gated,866,1,0,0,0,nan,nan,-0.8061304569244385
4,DiscNRX,gated,867,1,0,0,0,nan,nan,-0.8061304569244385
4,DiscNRX,gated,868,1,0,0,0,nan,nan,-0.8061304569244385
4,DiscNRX,gated,869,1,0,0,0,nan,nan,-0.8061304569244385
4,DiscNRX,gated,870,1,0,0,0,nan,nan,-0.8061304569244385
4,DiscNRX,gated,871,1,0,0,0,nan,nan,-0.8061304569244385
4,DiscNRX,gated,872,1,0,0,0,nan,nan,-0.8061304569244385
4,DiscNRX,gated,873,1,0,0,0,nan,nan,-0.8061304569244385
4,DiscNRX,gated,874,1,0,0,0,nan,nan,-0.8061304569244385
4,DiscNRX,gated,875,1,0,0,0,nan,nan,-0.8061304569244385
4,DiscNRX,gated,876,1,0,0,0,nan,nan,-0.8061304569244385
4,DiscNRX,gated,877,1,0,0,0,nan,nan,-0.8061304569244385
4,DiscNRX,gated,878,1,0,0,0,nan,nan,-0.8061304569244385
4,DiscNRX,gated,879,1,0,0,0,nan,nan,-0.8061304569244385
4,DiscNRX,gated,880,1,0,0,0,nan,nan,-0.8061304569244385
4,DiscNRX,gated,881,1,0,0,0,nan,nan,-0.8061304569244385
4,DiscNRX,gated,882,1,0,0,0,nan,nan,-0.8061304569244385
4,DiscNRX,gated,883,1,0,0,0,nan,nan,-0.8061304569244385
4,DiscNRX,gated,884,1,0,0,0,nan,nan,-0.8061304569244385
4,DiscNRX,gated,885,1,0,0,0,nan,nan,-0.8061304569244385
4,DiscNRX,gated,886,1,0,0,0,nan,nan,-0.8061304569244385
4,DiscNRX,gated,887,1,0,0,0,nan,nan,-0.8061304569244385
4,DiscNRX,gated,888,1,0,0,0,nan,nan,-0.8061304569244385
4,DiscNRX,gated,889,1,0,0,0,nan,nan,-0.8061304569244385
4,DiscNRX,gated,890,1,0,0,0,nan,nan,-0.8061304569244385
4,DiscNRX,gated,891,1,0,0,0,nan,nan,-0.8061304569244385
4,DiscNRX,gated,892,1,0,0,0,nan,nan,-0.8061304569244385
4,DiscNRX,gated,893,1,0,0,0,nan,nan,-0.8061304569244385
4,DiscNRX,gated,894,1,0,0,0,nan,nan,-0.8061304569244385
4,DiscNRX,gated,895,1,0,0,0,nan,nan,-0.8061304569244385
4,DiscNRX,gated,896,1,0,0,0,nan,nan,-0.8061304569244385
4,DiscNRX,gated,897,1,0,0,0,nan,nan,-0.8061304569244385
4,DiscNRX,gated,898,1,0,0,0,nan,nan,-0.8061304569244385
4,DiscNRX,gated,899,1,0,0,0,nan,nan,-0.8061304569244385
4,DiscNRX,gated,900,1,0,0,0,nan,nan,-0.8061304569244385
4,DiscNRX,gated,901,1,0,0,0,nan,nan,-0.8061304569244385
4,DiscNRX,gated,902,1,0,0,0,nan,nan,-0.8061304569244385
4,DiscNRX,gated,903,1,0,0,0,nan,nan,-0.8061304569244385
4,DiscNRX,gated,904,1,0,0,0,nan,nan,-0.8061304569244385
4,DiscNRX,gated,905,1,0,0,0,nan,nan,-0.8061304569244385
4,DiscNRX,gated,906,1,0,0,0,nan,nan,-0.8061304569244385
4,DiscNRX,gated,907,1,0,0,0,nan,nan,-0.8061304569244385
4,DiscNRX,gated,908,1,0,0,0,nan,nan,-0.8061304569244385
4,DiscNRX,gated,909,1,0,0,0,nan,nan,-0.8061304569244385
4,DiscNRX,gated,910,1,0,0,0,nan,nan,-0.8061304569244385
4,DiscNRX,gated,911,1,0,0,0,nan,nan,-0.8061304569244385
4,DiscNRX,gated,912,1,0,0,0,nan,nan,-0.8061304569244385
4,DiscNRX,gated,913,1,0,0,0,nan,nan,-0.8061304569244385
4,DiscNRX,gated,914,1,0,0,0,nan,nan,-0.8061304569244385
4,DiscNRX,gated,915,1,0,0,0,nan,nan,-0.8061304569244385
4,DiscNRX,gated,916,1,0,0,0,nan,nan,-0.8061304569244385
4,DiscNRX,gated,917,1,0,0,0,nan,nan,-0.8061304569244385
4,DiscNRX,gated,918,1,0,0,0,nan,nan,-0.8061304569244385
4,DiscNRX,gated,919,1,0,0,0,nan,nan,-0.8061304569244385
4,DiscNRX,gated,920,1,0,0,0,nan,nan,-0.8061304569244385
4,DiscNRX,gated,921,1,0,0,0,nan,nan,-0.8061304569244385
4,DiscNRX,gated,922,1,0,0,0,nan,nan,-0.8061304569244385
4,DiscNRX,gated,923,1,0,0,0,nan,nan,-0.8061304569244385
4,DiscNRX,gated,924,1,0,0,0,nan,nan,-0.8061304569244385
4,DiscNRX,gated,925,1,0,0,0,nan,nan,-0.8061304569244385
4,DiscNRX,gated,926,1,0,0,0,nan,nan,-0.8061304569244385
4,DiscNRX,gated,927,1,0,0,0,nan,nan,-0.8061304569244385
4,DiscNRX,gated,928,1,0,0,0,nan,nan,-0.8061304569244385
4,DiscNRX,gated,929,1,0,0,0,nan,nan,-0.8061304569244385
4,DiscNRX,gated,930,1,0,0,0,nan,nan,-0.8061304569244385
4,DiscNRX,gated,931,1,0,0,0,nan,nan,-0.8061304569244385
4,DiscNRX,gated,932,1,0,0,0,nan,nan,-0.8061304569244385
4,DiscNRX,gated,933,1,0,0,0,nan,nan,-0.8061304569244385
4,DiscNRX,gated,934,1,0,0,0,nan,nan,-0.8061304569244385
4,DiscNRX,gated,935,1,0,0,0,nan,nan,-0.8061304569244385
4,DiscNRX,gated,936,1,0,0,0,nan,nan,-0.8061304569244385
4,DiscNRX,gated,937,1,0,0,0,nan,nan,-0.8061304569244385
4,DiscNRX,gated,938,1,0,0,0,nan,nan,-0.8061304569244385
4,DiscNRX,gated,939,1,0,0,0,nan,nan,-0.8061304569244385
4,DiscNRX,gated,940,1,0,0,0,nan,nan,-0.8061304569244385
4,DiscNRX,gated,941,1,0,0,0,nan,nan,-0.8061304569244385
4,DiscNRX,gated,942,1,0,0,0,nan,nan,-0.8061304569244385
4,DiscNRX,gated,943,1,0,0,0,nan,nan,-0.8061304569244385
4,DiscNRX,gated,944,1,0,0,0,nan,nan,-0.8061304569244385
4,DiscNRX,gated,945,1,0,0,0,nan,nan,-0.8061304569244385
4,DiscNRX,gated,946,1,0,0,0,nan,nan,-0.8061304569244385
4,DiscNRX,gated,947,1,0,0,0,nan,nan,-0.8061304569244385
4,DiscNRX,gated,948,1,0,0,0,nan,nan,-0.8061304569244385
4,DiscNRX,gated,949,1,0,0,0,nan,nan,-0.8061304569244385
4,DiscNRX,gated,950,1,0,0,0,nan,nan,-0.8061304569244385
4,DiscNRX,gated,951,1,0,0,0,nan,nan,-0.8061304569244385
4,DiscNRX,gated,952,1,0,0,0,nan,nan,-0.8061304569244385
4,DiscNRX,gated,953,1,0,0,0,nan,nan,-0.8061304569244385
4,DiscNRX,gated,954,1,0,0,0,nan,nan,-0.8061304569244385
4,DiscNRX,gated,955,1,0,0,0,nan,nan,-0.8061304569244385
4,DiscNRX,gated,956,1,0,0,0,nan,nan,-0.8061304569244385
4,DiscNRX,gated,957,1,0,0,0,nan,nan,-0.8061304569244385
4,DiscNRX,gated,958,1,0,0,0,nan,nan,-0.8061304569244385
4,DiscNRX,gated,959,1,0,0,0,nan,nan,-0.8061304569244385
4,DiscNRX,gated,960,1,0,0,0,nan,nan,-0.8061304569244385
4,DiscNRX,gated,961,1,0,0,0,nan,nan,-0.8061304569244385
4,DiscNRX,gated,962,1,0,0,0,nan,nan,-0.8061304569244385
4,DiscNRX,gated,963,1,0,0,0,nan,nan,-0.8061304569244385
4,DiscNRX,gated,964,1,0,0,0,nan,nan,-0.8061304569244385
4,DiscNRX,gated,965,1,0,0,0,nan,nan,-0.8061304569244385
4,DiscNRX,gated,966,1,0,0,0,nan,nan,-0.8061304569244385
4,DiscNRX,gated,967,1,0,0,0,nan,nan,-0.8061304569244385
4,DiscNRX,gated,968,1,0,0,0,nan,nan,-0.8061304569244385
4,DiscNRX,gated,969,1,0,0,0,nan,nan,-0.8061304569244385
4,DiscNRX,gated,970,1,0,0,0,nan,nan,-0.8061304569244385
4,DiscNRX,gated,971,1,0,0,0,nan,nan,-0.8061304569244385
4,DiscNRX,gated,972,1,0,0,0,nan,nan,-0.8061304569244385
4,DiscNRX,gated,973,1,0,0,0,nan,nan,-0.8061304569244385
4,DiscNRX,gated,974,1,0,0,0,nan,nan,-0.8061304569244385
4,DiscNRX,gated,975,1,0,0,0,nan,nan,-0.8061304569244385
4,DiscNRX,gated,976,1,0,0,0,nan,nan,-0.8061304569244385
4,DiscNRX,gated,977,1,0,0,0,nan,nan,-0.8061304569244385
4,DiscNRX,gated,978,1,0,0,0,nan,nan,-0.8061304569244385
4,DiscNRX,gated,979,1,0,0,0,nan,nan,-0.8061304569244385
4,DiscNRX,gated,980,1,0,0,0,nan,nan,-0.8061304569244385
4,DiscNRX,gated,981,1,0,0,0,nan,nan,-0.8061304569244385
4,DiscNRX,gated,982,1,0,0,0,nan,nan,-0.8061304569244385
4,DiscNRX,gated,983,1,0,0,0,nan,nan,-0.8061304569244385
4,DiscNRX,gated,984,1,0,0,0,nan,nan,-0.8061304569244385
4,DiscNRX,gated,985,1,0,0,0,nan,nan,-0.8061304569244385
4,DiscNRX,gated,986,1,0,0,0,nan,nan,-0.8061304569244385
4,DiscNRX,gated,987,1,0,0,0,nan,nan,-0.8061304569244385
4,DiscNRX,gated,988,1,0,0,0,nan,nan,-0.8061304569244385
4,DiscNRX,gated,989,1,0,0,0,nan,nan,-0.8061304569244385
4,DiscNRX,gated,990,1,0,0,0,nan,nan,-0.8061304569244385
4,DiscNRX,gated,991,1,0,0,0,nan,nan,-0.8061304569244385
4,DiscNRX,gated,992,1,0,0,0,nan,nan,-0.8061304569244385
4,DiscNRX,gated,993,1,0,0,0,nan,nan,-0.8061304569244385
4,DiscNRX,gated,994,1,0,0,0,nan,nan,-0.8061304569244385
4,DiscNRX,gated,995,1,0,0,0,nan,nan,-0.8061304569244385
4,DiscNRX,gated,996,1,0,0,0,nan,nan,-0.8061304569244385
4,DiscNRX,gated,997,1,0,0,0,nan,nan,-0.8061304569244385
4,DiscNRX,gated,998,1,0,0,0,nan,nan,-0.8061304569244385
4,DiscNRX,gated,999,1,0,0,0,nan,nan,-0.8061304569244385
4,DiscNRX,trig,0,1,0,0,0,nan,-0.5049429535865784,-0.8061304569244385
4,DiscNRX,trig,1,1,0,0,0,nan,-0.4978586435317993,-0.8061304569244385
4,DiscNRX,trig,2,1,0,0,0,nan,-0.513710081577301,-0.8061304569244385
4,DiscNRX,trig,3,1,0,0,0,nan,-0.4980244040489197,-0.8061304569244385
4,DiscNRX,trig,4,1,0,0,0,nan,-0.45286861062049866,-0.8061304569244385
4,DiscNRX,trig,5,1,0,0,0,nan,-0.535673201084137,-0.8061304569244385
4,DiscNRX,trig,6,1,0,0,0,nan,-0.4906190037727356,-0.8061304569244385
4,DiscNRX,trig,7,1,0,0,0,nan,-0.48460114002227783,-0.8061304569244385
4,DiscNRX,trig,8,1,0,0,0,nan,-0.5115348100662231,-0.8061304569244385
4,DiscNRX,trig,9,1,0,0,0,nan,-0.4787450134754181,-0.8061304569244385
4,DiscNRX,trig,10,1,0,0,0,nan,-0.4919762909412384,-0.8061304569244385
4,DiscNRX,trig,11,1,0,0,0,nan,-0.5006681680679321,-0.8061304569244385
4,DiscNRX,trig,12,1,0,0,0,nan,-0.5163252353668213,-0.8061304569244385
4,DiscNRX,trig,13,1,0,0,0,nan,-0.4951108396053314,-0.8061304569244385
4,DiscNRX,trig,14,1,0,0,0,nan,-0.48032739758491516,-0.8061304569244385
4,DiscNRX,trig,15,1,0,0,0,nan,-0.4945022463798523,-0.8061304569244385
4,DiscNRX,trig,16,1,0,0,0,nan,-0.4784314036369324,-0.8061304569244385
4,DiscNRX,trig,17,1,0,0,0,nan,-0.5108215808868408,-0.8061304569244385
4,DiscNRX,trig,18,1,0,0,0,nan,-0.4603160321712494,-0.8061304569244385
4,DiscNRX,trig,19,1,0,0,0,nan,-0.5211849808692932,-0.8061304569244385
4,DiscNRX,trig,20,1,0,0,0,nan,-0.4523507058620453,-0.8061304569244385
4,DiscNRX,trig,21,1,0,0,0,nan,-0.484671950340271,-0.8061304569244385
4,DiscNRX,trig,22,1,0,0,0,nan,-0.48852068185806274,-0.8061304569244385
4,DiscNRX,trig,23,1,0,0,0,nan,-0.5147461891174316,-0.8061304569244385
4,DiscNRX,trig,24,1,0,0,0,nan,-0.5224592685699463,-0.8061304569244385
4,DiscNRX,trig,25,1,0,0,0,nan,-0.5566272735595703,-0.8061304569244385
4,DiscNRX,trig,26,1,0,0,0,nan,-0.4874436855316162,-0.8061304569244385
4,DiscNRX,trig,27,1,0,0,0,nan,-0.5112721920013428,-0.8061304569244385
4,DiscNRX,trig,28,1,0,0,0,nan,-0.499237596988678,-0.8061304569244385
4,DiscNRX,trig,29,1,0,0,0,nan,-0.516187310218811,-0.8061304569244385
4,DiscNRX,trig,30,1,0,0,0,nan,-0.4634418189525604,-0.8061304569244385
4,DiscNRX,trig,31,1,0,0,0,nan,-0.533916711807251,-0.8061304569244385
4,DiscNRX,trig,32,1,0,0,0,nan,-0.44940105080604553,-0.8061304569244385
4,DiscNRX,trig,33,1,0,0,0,nan,-0.49760711193084717,-0.8061304569244385
4,DiscNRX,trig,34,1,0,0,0,nan,-0.45608845353126526,-0.8061304569244385
4,DiscNRX,trig,35,1,0,0,0,nan,-0.4569922387599945,-0.8061304569244385
4,DiscNRX,trig,36,1,0,0,0,nan,-0.4761072099208832,-0.8061304569244385
4,DiscNRX,trig,37,1,0,0,0,nan,-0.49264752864837646,-0.8061304569244385
4,DiscNRX,trig,38,1,0,0,0,nan,-0.4438019394874573,-0.8061304569244385
4,DiscNRX,trig,39,1,0,0,0,nan,-0.4883573353290558,-0.8061304569244385
4,DiscNRX,trig,40,1,0,0,0,nan,-0.45618024468421936,-0.8061304569244385
4,DiscNRX,trig,41,1,0,0,0,nan,-0.5343418717384338,-0.8061304569244385
4,DiscNRX,trig,42,1,0,0,0,nan,-0.4983399510383606,-0.8061304569244385
4,DiscNRX,trig,43,1,0,0,0,nan,-0.41498002409935,-0.8061304569244385
4,DiscNRX,trig,44,1,0,0,0,nan,-0.47175973653793335,-0.8061304569244385
4,DiscNRX,trig,45,1,0,0,0,nan,-0.499564528465271,-0.8061304569244385
4,DiscNRX,trig,46,1,0,0,0,nan,-0.512955367565155,-0.8061304569244385
4,DiscNRX,trig,47,1,0,0,0,nan,-0.4957289397716522,-0.8061304569244385
4,DiscNRX,trig,48,1,0,0,0,nan,-0.49782684445381165,-0.8061304569244385
4,DiscNRX,trig,49,1,0,0,0,nan,-0.4572038948535919,-0.8061304569244385
4,DiscNRX,trig,50,1,0,0,0,nan,-0.4661793112754822,-0.8061304569244385
4,DiscNRX,trig,51,1,0,0,0,nan,-0.47724929451942444,-0.8061304569244385
4,DiscNRX,trig,52,1,0,0,0,nan,-0.5050297379493713,-0.8061304569244385
4,DiscNRX,trig,53,1,0,0,0,nan,-0.5094630122184753,-0.8061304569244385
4,DiscNRX,trig,54,1,0,0,0,nan,-0.46990302205085754,-0.8061304569244385
4,DiscNRX,trig,55,1,0,0,0,nan,-0.49275705218315125,-0.8061304569244385
4,DiscNRX,trig,56,1,0,0,0,nan,-0.4816952645778656,-0.8061304569244385
4,DiscNRX,trig,57,1,0,0,0,nan,-0.4183112680912018,-0.8061304569244385
4,DiscNRX,trig,58,1,0,0,0,nan,-0.3421569764614105,-0.8061304569244385
4,DiscNRX,trig,59,1,0,0,0,nan,-0.5112978219985962,-0.8061304569244385
4,DiscNRX,trig,60,1,0,0,0,nan,-0.5299270153045654,-0.8061304569244385
4,DiscNRX,trig,61,1,0,0,0,nan,-0.5028815269470215,-0.8061304569244385
4,DiscNRX,trig,62,1,0,0,0,nan,-0.5013490915298462,-0.8061304569244385
4,DiscNRX,trig,63,1,0,0,0,nan,-0.4954066872596741,-0.8061304569244385
4,DiscNRX,trig,64,1,0,0,0,nan,-0.5013401508331299,-0.8061304569244385
4,DiscNRX,trig,65,1,0,0,0,nan,-0.4586447477340698,-0.8061304569244385
4,DiscNRX,trig,66,1,0,0,0,nan,-0.49460214376449585,-0.8061304569244385
4,DiscNRX,trig,67,1,0,0,0,nan,-0.48396772146224976,-0.8061304569244385
4,DiscNRX,trig,68,1,0,0,0,nan,-0.43282827734947205,-0.8061304569244385
4,DiscNRX,trig,69,1,0,0,0,nan,-0.5510575175285339,-0.8061304569244385
4,DiscNRX,trig,70,1,0,0,0,nan,-0.4858916401863098,-0.8061304569244385
4,DiscNRX,trig,71,1,0,0,0,nan,-0.49368852376937866,-0.8061304569244385
4,DiscNRX,trig,72,1,0,0,0,nan,-0.4373871088027954,-0.8061304569244385
4,DiscNRX,trig,73,1,0,0,0,nan,-0.5238505005836487,-0.8061304569244385
4,DiscNRX,trig,74,1,0,0,0,nan,-0.5125700831413269,-0.8061304569244385
4,DiscNRX,trig,75,1,0,0,0,nan,-0.37657392024993896,-0.8061304569244385
4,DiscNRX,trig,76,1,0,0,0,nan,-0.47547850012779236,-0.8061304569244385
4,DiscNRX,trig,77,1,0,0,0,nan,-0.5043408274650574,-0.8061304569244385
4,DiscNRX,trig,78,1,0,0,0,nan,-0.49937134981155396,-0.8061304569244385
4,DiscNRX,trig,79,1,0,0,0,nan,-0.5109899640083313,-0.8061304569244385
4,DiscNRX,trig,80,1,0,0,0,nan,-0.5123322010040283,-0.8061304569244385
4,DiscNRX,trig,81,1,0,0,0,nan,-0.500730574131012,-0.8061304569244385
4,DiscNRX,trig,82,1,0,0,0,nan,-0.4308117628097534,-0.8061304569244385
4,DiscNRX,trig,83,1,0,0,0,nan,-0.5507840514183044,-0.8061304569244385
4,DiscNRX,trig,84,1,0,0,0,nan,-0.49451300501823425,-0.8061304569244385
4,DiscNRX,trig,85,1,0,0,0,nan,-0.49735522270202637,-0.8061304569244385
4,DiscNRX,trig,86,1,0,0,0,nan,-0.47973111271858215,-0.8061304569244385
4,DiscNRX,trig,87,1,0,0,0,nan,-0.394998162984848,-0.8061304569244385
4,DiscNRX,trig,88,1,0,0,0,nan,-0.5249079465866089,-0.8061304569244385
4,DiscNRX,trig,89,1,0,0,0,nan,-0.5219167470932007,-0.8061304569244385
4,DiscNRX,trig,90,1,0,0,0,nan,-0.5002681016921997,-0.8061304569244385
4,DiscNRX,trig,91,1,0,0,0,nan,-0.5163302421569824,-0.8061304569244385
4,DiscNRX,trig,92,1,0,0,0,nan,-0.45085692405700684,-0.8061304569244385
4,DiscNRX,trig,93,1,0,0,0,nan,-0.49309825897216797,-0.8061304569244385
4,DiscNRX,trig,94,1,0,0,0,nan,-0.47385984659194946,-0.8061304569244385
4,DiscNRX,trig,95,1,0,0,0,nan,-0.44038599729537964,-0.8061304569244385
4,DiscNRX,trig,96,1,0,0,0,nan,-0.4159208834171295,-0.8061304569244385
4,DiscNRX,trig,97,1,0,0,0,nan,-0.4595453441143036,-0.8061304569244385
4,DiscNRX,trig,98,1,0,0,0,nan,-0.5110806822776794,-0.8061304569244385
4,DiscNRX,trig,99,1,0,0,0,nan,-0.4414037764072418,-0.8061304569244385
4,DiscNRX,trig,100,1,0,0,0,nan,-0.5165295004844666,-0.8061304569244385
4,DiscNRX,trig,101,1,0,0,0,nan,-0.5152935981750488,-0.8061304569244385
4,DiscNRX,trig,102,1,0,0,0,nan,-0.5154131054878235,-0.8061304569244385
4,DiscNRX,trig,103,1,0,0,0,nan,-0.5517807006835938,-0.8061304569244385
4,DiscNRX,trig,104,1,0,0,0,nan,-0.49802207946777344,-0.8061304569244385
4,DiscNRX,trig,105,1,0,0,0,nan,-0.47853145003318787,-0.8061304569244385
4,DiscNRX,trig,106,1,0,0,0,nan,-0.42866942286491394,-0.8061304569244385
4,DiscNRX,trig,107,1,0,0,0,nan,-0.4531109035015106,-0.8061304569244385
4,DiscNRX,trig,108,1,0,0,0,nan,-0.49642500281333923,-0.8061304569244385
4,DiscNRX,trig,109,1,0,0,0,nan,-0.5099535584449768,-0.8061304569244385
4,DiscNRX,trig,110,1,0,0,0,nan,-0.4965061545372009,-0.8061304569244385
4,DiscNRX,trig,111,1,0,0,0,nan,-0.5183186531066895,-0.8061304569244385
4,DiscNRX,trig,112,1,0,0,0,nan,-0.5311153531074524,-0.8061304569244385
4,DiscNRX,trig,113,1,0,0,0,nan,-0.48770058155059814,-0.8061304569244385
4,DiscNRX,trig,114,1,0,0,0,nan,-0.4844696819782257,-0.8061304569244385
4,DiscNRX,trig,115,1,0,0,0,nan,-0.51462721824646,-0.8061304569244385
4,DiscNRX,trig,116,1,0,0,0,nan,-0.5298941135406494,-0.8061304569244385
4,DiscNRX,trig,117,1,0,0,0,nan,-0.4445430636405945,-0.8061304569244385
4,DiscNRX,trig,118,1,0,0,0,nan,-0.5046617388725281,-0.8061304569244385
4,DiscNRX,trig,119,1,0,0,0,nan,-0.4957195520401001,-0.8061304569244385
4,DiscNRX,trig,120,1,0,0,0,nan,-0.4355676472187042,-0.8061304569244385
4,DiscNRX,trig,121,1,0,0,0,nan,-0.49846965074539185,-0.8061304569244385
4,DiscNRX,trig,122,1,0,0,0,nan,-0.4818754196166992,-0.8061304569244385
4,DiscNRX,trig,123,1,0,0,0,nan,-0.483573853969574,-0.8061304569244385
4,DiscNRX,trig,124,1,0,0,0,nan,-0.5176891088485718,-0.8061304569244385
4,DiscNRX,trig,125,1,0,0,0,nan,-0.4935630261898041,-0.8061304569244385
4,DiscNRX,trig,126,1,0,0,0,nan,-0.4945007264614105,-0.8061304569244385
4,DiscNRX,trig,127,1,0,0,0,nan,-0.5123015642166138,-0.8061304569244385
4,DiscNRX,trig,128,1,0,0,0,nan,-0.47381269931793213,-0.8061304569244385
4,DiscNRX,trig,129,1,0,0,0,nan,-0.4566107988357544,-0.8061304569244385
4,DiscNRX,trig,130,1,0,0,0,nan,-0.5039703845977783,-0.8061304569244385
4,DiscNRX,trig,131,1,0,0,0,nan,-0.49276894330978394,-0.8061304569244385
4,DiscNRX,trig,132,1,0,0,0,nan,-0.4935480058193207,-0.8061304569244385
4,DiscNRX,trig,133,1,0,0,0,nan,-0.4768264591693878,-0.8061304569244385
4,DiscNRX,trig,134,1,0,0,0,nan,-0.49861064553260803,-0.8061304569244385
4,DiscNRX,trig,135,1,0,0,0,nan,-0.49162212014198303,-0.8061304569244385
4,DiscNRX,trig,136,1,0,0,0,nan,-0.4530559480190277,-0.8061304569244385
4,DiscNRX,trig,137,1,0,0,0,nan,-0.49707868695259094,-0.8061304569244385
4,DiscNRX,trig,138,1,0,0,0,nan,-0.5133801102638245,-0.8061304569244385
4,DiscNRX,trig,139,1,0,0,0,nan,-0.4943792223930359,-0.8061304569244385
4,DiscNRX,trig,140,1,0,0,0,nan,-0.5280189514160156,-0.8061304569244385
4,DiscNRX,trig,141,1,0,0,0,nan,-0.49391528964042664,-0.8061304569244385
4,DiscNRX,trig,142,1,0,0,0,nan,-0.4531652629375458,-0.8061304569244385
4,DiscNRX,trig,143,1,0,0,0,nan,-0.41473034024238586,-0.8061304569244385
4,DiscNRX,trig,144,1,0,0,0,nan,-0.492314875125885,-0.8061304569244385
4,DiscNRX,trig,145,1,0,0,0,nan,-0.4926396310329437,-0.8061304569244385
4,DiscNRX,trig,146,1,0,0,0,nan,-0.49614983797073364,-0.8061304569244385
4,DiscNRX,trig,147,1,0,0,0,nan,-0.49146348237991333,-0.8061304569244385
4,DiscNRX,trig,148,1,0,0,0,nan,-0.4676392674446106,-0.8061304569244385
4,DiscNRX,trig,149,1,0,0,0,nan,-0.5063238143920898,-0.8061304569244385
4,DiscNRX,trig,150,1,0,0,0,nan,-0.45325276255607605,-0.8061304569244385
4,DiscNRX,trig,151,1,0,0,0,nan,-0.5487227439880371,-0.8061304569244385
4,DiscNRX,trig,152,1,0,0,0,nan,-0.5032684206962585,-0.8061304569244385
4,DiscNRX,trig,153,1,0,0,0,nan,-0.481259822845459,-0.8061304569244385
4,DiscNRX,trig,154,1,0,0,0,nan,-0.47872424125671387,-0.8061304569244385
4,DiscNRX,trig,155,1,0,0,0,nan,-0.5136353373527527,-0.8061304569244385
4,DiscNRX,trig,156,1,0,0,0,nan,-0.4766046404838562,-0.8061304569244385
4,DiscNRX,trig,157,1,0,0,0,nan,-0.488618940114975,-0.8061304569244385
4,DiscNRX,trig,158,1,0,0,0,nan,-0.49853020906448364,-0.8061304569244385
4,DiscNRX,trig,159,1,0,0,0,nan,-0.5093392133712769,-0.8061304569244385
4,DiscNRX,trig,160,1,0,0,0,nan,-0.4961547255516052,-0.8061304569244385
4,DiscNRX,trig,161,1,0,0,0,nan,-0.480141818523407,-0.8061304569244385
4,DiscNRX,trig,162,1,0,0,0,nan,-0.49489936232566833,-0.8061304569244385
4,DiscNRX,trig,163,1,0,0,0,nan,-0.4934091866016388,-0.8061304569244385
4,DiscNRX,trig,164,1,0,0,0,nan,-0.3841990530490875,-0.8061304569244385
4,DiscNRX,trig,165,1,0,0,0,nan,-0.49267518520355225,-0.8061304569244385
4,DiscNRX,trig,166,1,0,0,0,nan,-0.4586902856826782,-0.8061304569244385
4,DiscNRX,trig,167,1,0,0,0,nan,-0.4909918010234833,-0.8061304569244385
4,DiscNRX,trig,168,1,0,0,0,nan,-0.513944149017334,-0.8061304569244385
4,DiscNRX,trig,169,1,0,0,0,nan,-0.48680517077445984,-0.8061304569244385
4,DiscNRX,trig,170,1,0,0,0,nan,-0.43160316348075867,-0.8061304569244385
4,DiscNRX,trig,171,1,0,0,0,nan,-0.5008014440536499,-0.8061304569244385
4,DiscNRX,trig,172,1,0,0,0,nan,-0.5127273201942444,-0.8061304569244385
4,DiscNRX,trig,173,1,0,0,0,nan,-0.4771704077720642,-0.8061304569244385
4,DiscNRX,trig,174,1,0,0,0,nan,-0.5129705667495728,-0.8061304569244385
4,DiscNRX,trig,175,1,0,0,0,nan,-0.563649594783783,-0.8061304569244385
4,DiscNRX,trig,176,1,0,0,0,nan,-0.5081965327262878,-0.8061304569244385
4,DiscNRX,trig,177,1,0,0,0,nan,-0.5304743051528931,-0.8061304569244385
4,DiscNRX,trig,178,1,0,0,0,nan,-0.47568830847740173,-0.8061304569244385
4,DiscNRX,trig,179,1,0,0,0,nan,-0.5079742670059204,-0.8061304569244385
4,DiscNRX,trig,180,1,0,0,0,nan,-0.5256378054618835,-0.8061304569244385
4,DiscNRX,trig,181,1,0,0,0,nan,-0.4437597990036011,-0.8061304569244385
4,DiscNRX,trig,182,1,0,0,0,nan,-0.48201021552085876,-0.8061304569244385
4,DiscNRX,trig,183,1,0,0,0,nan,-0.4287722706794739,-0.8061304569244385
4,DiscNRX,trig,184,1,0,0,0,nan,-0.5158517956733704,-0.8061304569244385
4,DiscNRX,trig,185,1,0,0,0,nan,-0.45998477935791016,-0.8061304569244385
4,DiscNRX,trig,186,1,0,0,0,nan,-0.4860665500164032,-0.8061304569244385
4,DiscNRX,trig,187,1,0,0,0,nan,-0.45548421144485474,-0.8061304569244385
4,DiscNRX,trig,188,1,0,0,0,nan,-0.5044357776641846,-0.8061304569244385
4,DiscNRX,trig,189,1,0,0,0,nan,-0.5156776905059814,-0.8061304569244385
4,DiscNRX,trig,190,1,0,0,0,nan,-0.440580815076828,-0.8061304569244385
4,DiscNRX,trig,191,1,0,0,0,nan,-0.5102158784866333,-0.8061304569244385
4,DiscNRX,trig,192,1,0,0,0,nan,-0.5170905590057373,-0.8061304569244385
4,DiscNRX,trig,193,1,0,0,0,nan,-0.4324060380458832,-0.8061304569244385
4,DiscNRX,trig,194,1,0,0,0,nan,-0.5026338696479797,-0.8061304569244385
4,DiscNRX,trig,195,1,0,0,0,nan,-0.47314131259918213,-0.8061304569244385
4,DiscNRX,trig,196,1,0,0,0,nan,-0.47114187479019165,-0.8061304569244385
4,DiscNRX,trig,197,1,0,0,0,nan,-0.4879799485206604,-0.8061304569244385
4,DiscNRX,trig,198,1,0,0,0,nan,-0.5093289613723755,-0.8061304569244385
4,DiscNRX,trig,199,1,0,0,0,nan,-0.5152739882469177,-0.8061304569244385
4,DiscNRX,trig,200,1,0,0,0,nan,-0.45925596356391907,-0.8061304569244385
4,DiscNRX,trig,201,1,0,0,0,nan,-0.47500061988830566,-0.8061304569244385
4,DiscNRX,trig,202,1,0,0,0,nan,-0.5051907896995544,-0.8061304569244385
4,DiscNRX,trig,203,1,0,0,0,nan,-0.5032808184623718,-0.8061304569244385
4,DiscNRX,trig,204,1,0,0,0,nan,-0.4990026354789734,-0.8061304569244385
4,DiscNRX,trig,205,1,0,0,0,nan,-0.5341675281524658,-0.8061304569244385
4,DiscNRX,trig,206,1,0,0,0,nan,-0.5156856775283813,-0.8061304569244385
4,DiscNRX,trig,207,1,0,0,0,nan,-0.49584177136421204,-0.8061304569244385
4,DiscNRX,trig,208,1,0,0,0,nan,-0.4770716726779938,-0.8061304569244385
4,DiscNRX,trig,209,1,0,0,0,nan,-0.5067504644393921,-0.8061304569244385
4,DiscNRX,trig,210,1,0,0,0,nan,-0.4973211884498596,-0.8061304569244385
4,DiscNRX,trig,211,1,0,0,0,nan,-0.49988749623298645,-0.8061304569244385
4,DiscNRX,trig,212,1,0,0,0,nan,-0.4689309597015381,-0.8061304569244385
4,DiscNRX,trig,213,1,0,0,0,nan,-0.49833250045776367,-0.8061304569244385
4,DiscNRX,trig,214,1,0,0,0,nan,-0.40846842527389526,-0.8061304569244385
4,DiscNRX,trig,215,1,0,0,0,nan,-0.48762860894203186,-0.8061304569244385
4,DiscNRX,trig,216,1,0,0,0,nan,-0.491265207529068,-0.8061304569244385
4,DiscNRX,trig,217,1,0,0,0,nan,-0.46834009885787964,-0.8061304569244385
4,DiscNRX,trig,218,1,0,0,0,nan,-0.471012681722641,-0.8061304569244385
4,DiscNRX,trig,219,1,0,0,0,nan,-0.48402753472328186,-0.8061304569244385
4,DiscNRX,trig,220,1,0,0,0,nan,-0.4958357810974121,-0.8061304569244385
4,DiscNRX,trig,221,1,0,0,0,nan,-0.513871967792511,-0.8061304569244385
4,DiscNRX,trig,222,1,0,0,0,nan,-0.46483683586120605,-0.8061304569244385
4,DiscNRX,trig,223,1,0,0,0,nan,-0.47880762815475464,-0.8061304569244385
4,DiscNRX,trig,224,1,0,0,0,nan,-0.5050734281539917,-0.8061304569244385
4,DiscNRX,trig,225,1,0,0,0,nan,-0.4871700704097748,-0.8061304569244385
4,DiscNRX,trig,226,1,0,0,0,nan,-0.5031998753547668,-0.8061304569244385
4,DiscNRX,trig,227,1,0,0,0,nan,-0.5027164220809937,-0.8061304569244385
4,DiscNRX,trig,228,1,0,0,0,nan,-0.48463648557662964,-0.8061304569244385
4,DiscNRX,trig,229,1,0,0,0,nan,-0.4085555672645569,-0.8061304569244385
4,DiscNRX,trig,230,1,0,0,0,nan,-0.5242573022842407,-0.8061304569244385
4,DiscNRX,trig,231,1,0,0,0,nan,-0.5049458742141724,-0.8061304569244385
4,DiscNRX,trig,232,1,0,0,0,nan,-0.5324756503105164,-0.8061304569244385
4,DiscNRX,trig,233,1,0,0,0,nan,-0.49049487709999084,-0.8061304569244385
4,DiscNRX,trig,234,1,0,0,0,nan,-0.517690896987915,-0.8061304569244385
4,DiscNRX,trig,235,1,0,0,0,nan,-0.5219412446022034,-0.8061304569244385
4,DiscNRX,trig,236,1,0,0,0,nan,-0.35057196021080017,-0.8061304569244385
4,DiscNRX,trig,237,1,0,0,0,nan,-0.4743938744068146,-0.8061304569244385
4,DiscNRX,trig,238,1,0,0,0,nan,-0.5213857889175415,-0.8061304569244385
4,DiscNRX,trig,239,1,0,0,0,nan,-0.5159013867378235,-0.8061304569244385
4,DiscNRX,trig,240,1,0,0,0,nan,-0.4895972013473511,-0.8061304569244385
4,DiscNRX,trig,241,1,0,0,0,nan,-0.5412772297859192,-0.8061304569244385
4,DiscNRX,trig,242,1,0,0,0,nan,-0.42105934023857117,-0.8061304569244385
4,DiscNRX,trig,243,1,0,0,0,nan,-0.44042956829071045,-0.8061304569244385
4,DiscNRX,trig,244,1,0,0,0,nan,-0.5162423253059387,-0.8061304569244385
4,DiscNRX,trig,245,1,0,0,0,nan,-0.42838287353515625,-0.8061304569244385
4,DiscNRX,trig,246,1,0,0,0,nan,-0.47855880856513977,-0.8061304569244385
4,DiscNRX,trig,247,1,0,0,0,nan,-0.5221635103225708,-0.8061304569244385
4,DiscNRX,trig,248,1,0,0,0,nan,-0.5146518349647522,-0.8061304569244385
4,DiscNRX,trig,249,1,0,0,0,nan,-0.4953397810459137,-0.8061304569244385
4,DiscNRX,trig,250,1,0,0,0,nan,-0.4952019155025482,-0.8061304569244385
4,DiscNRX,trig,251,1,0,0,0,nan,-0.48402512073516846,-0.8061304569244385
4,DiscNRX,trig,252,1,0,0,0,nan,-0.4903932511806488,-0.8061304569244385
4,DiscNRX,trig,253,1,0,0,0,nan,-0.4788510501384735,-0.8061304569244385
4,DiscNRX,trig,254,1,0,0,0,nan,-0.5242747068405151,-0.8061304569244385
4,DiscNRX,trig,255,1,0,0,0,nan,-0.4150802791118622,-0.8061304569244385
4,DiscNRX,trig,256,1,0,0,0,nan,-0.5195174217224121,-0.8061304569244385
4,DiscNRX,trig,257,1,0,0,0,nan,-0.45098742842674255,-0.8061304569244385
4,DiscNRX,trig,258,1,0,0,0,nan,-0.42877498269081116,-0.8061304569244385
4,DiscNRX,trig,259,1,0,0,0,nan,-0.4317628741264343,-0.8061304569244385
4,DiscNRX,trig,260,1,0,0,0,nan,-0.4856588840484619,-0.8061304569244385
4,DiscNRX,trig,261,1,0,0,0,nan,-0.4404871463775635,-0.8061304569244385
4,DiscNRX,trig,262,1,0,0,0,nan,-0.48962798714637756,-0.8061304569244385
4,DiscNRX,trig,263,1,0,0,0,nan,-0.5083516240119934,-0.8061304569244385
4,DiscNRX,trig,264,1,0,0,0,nan,-0.4792388379573822,-0.8061304569244385
4,DiscNRX,trig,265,1,0,0,0,nan,-0.491919606924057,-0.8061304569244385
4,DiscNRX,trig,266,1,0,0,0,nan,-0.5242445468902588,-0.8061304569244385
4,DiscNRX,trig,267,1,0,0,0,nan,-0.48791998624801636,-0.8061304569244385
4,DiscNRX,trig,268,1,0,0,0,nan,-0.48427125811576843,-0.8061304569244385
4,DiscNRX,trig,269,1,0,0,0,nan,-0.47165969014167786,-0.8061304569244385
4,DiscNRX,trig,270,1,0,0,0,nan,-0.4181159734725952,-0.8061304569244385
4,DiscNRX,trig,271,1,0,0,0,nan,-0.5599482655525208,-0.8061304569244385
4,DiscNRX,trig,272,1,0,0,0,nan,-0.46325409412384033,-0.8061304569244385
4,DiscNRX,trig,273,1,0,0,0,nan,-0.478296160697937,-0.8061304569244385
4,DiscNRX,trig,274,1,0,0,0,nan,-0.490440309047699,-0.8061304569244385
4,DiscNRX,trig,275,1,0,0,0,nan,-0.47650325298309326,-0.8061304569244385
4,DiscNRX,trig,276,1,0,0,0,nan,-0.4844188988208771,-0.8061304569244385
4,DiscNRX,trig,277,1,0,0,0,nan,-0.3784911632537842,-0.8061304569244385
4,DiscNRX,trig,278,1,0,0,0,nan,-0.46079766750335693,-0.8061304569244385
4,DiscNRX,trig,279,1,0,0,0,nan,-0.42885833978652954,-0.8061304569244385
4,DiscNRX,trig,280,1,0,0,0,nan,-0.5513184070587158,-0.8061304569244385
4,DiscNRX,trig,281,1,0,0,0,nan,-0.5240657329559326,-0.8061304569244385
4,DiscNRX,trig,282,1,0,0,0,nan,-0.4892830550670624,-0.8061304569244385
4,DiscNRX,trig,283,1,0,0,0,nan,-0.5108506679534912,-0.8061304569244385
4,DiscNRX,trig,284,1,0,0,0,nan,-0.5068421363830566,-0.8061304569244385
4,DiscNRX,trig,285,1,0,0,0,nan,-0.46304282546043396,-0.8061304569244385
4,DiscNRX,trig,286,1,0,0,0,nan,-0.5101152658462524,-0.8061304569244385
4,DiscNRX,trig,287,1,0,0,0,nan,-0.5068605542182922,-0.8061304569244385
4,DiscNRX,trig,288,1,0,0,0,nan,-0.42363935708999634,-0.8061304569244385
4,DiscNRX,trig,289,1,0,0,0,nan,-0.4290468990802765,-0.8061304569244385
4,DiscNRX,trig,290,1,0,0,0,nan,-0.5229068994522095,-0.8061304569244385
4,DiscNRX,trig,291,1,0,0,0,nan,-0.4911501407623291,-0.8061304569244385
4,DiscNRX,trig,292,1,0,0,0,nan,-0.5165543556213379,-0.8061304569244385
4,DiscNRX,trig,293,1,0,0,0,nan,-0.37886834144592285,-0.8061304569244385
4,DiscNRX,trig,294,1,0,0,0,nan,-0.42248937487602234,-0.8061304569244385
4,DiscNRX,trig,295,1,0,0,0,nan,-0.468347430229187,-0.8061304569244385
4,DiscNRX,trig,296,1,0,0,0,nan,-0.5087356567382812,-0.8061304569244385
4,DiscNRX,trig,297,1,0,0,0,nan,-0.4801139533519745,-0.8061304569244385
4,DiscNRX,trig,298,1,0,0,0,nan,-0.44703060388565063,-0.8061304569244385
4,DiscNRX,trig,299,1,0,0,0,nan,-0.47460636496543884,-0.8061304569244385
4,DiscNRX,trig,300,1,0,0,0,nan,-0.5015639662742615,-0.8061304569244385
4,DiscNRX,trig,301,1,0,0,0,nan,-0.5336599946022034,-0.8061304569244385
4,DiscNRX,trig,302,1,0,0,0,nan,-0.4840819537639618,-0.8061304569244385
4,DiscNRX,trig,303,1,0,0,0,nan,-0.5387715697288513,-0.8061304569244385
4,DiscNRX,trig,304,1,0,0,0,nan,-0.4348278045654297,-0.8061304569244385
4,DiscNRX,trig,305,1,0,0,0,nan,-0.5097206830978394,-0.8061304569244385
4,DiscNRX,trig,306,1,0,0,0,nan,-0.4731196165084839,-0.8061304569244385
4,DiscNRX,trig,307,1,0,0,0,nan,-0.4576129913330078,-0.8061304569244385
4,DiscNRX,trig,308,1,0,0,0,nan,-0.5017068982124329,-0.8061304569244385
4,DiscNRX,trig,309,1,0,0,0,nan,-0.48393645882606506,-0.8061304569244385
4,DiscNRX,trig,310,1,0,0,0,nan,-0.4830222725868225,-0.8061304569244385
4,DiscNRX,trig,311,1,0,0,0,nan,-0.49215373396873474,-0.8061304569244385
4,DiscNRX,trig,312,1,0,0,0,nan,-0.4815652072429657,-0.8061304569244385
4,DiscNRX,trig,313,1,0,0,0,nan,-0.47982463240623474,-0.8061304569244385
4,DiscNRX,trig,314,1,0,0,0,nan,-0.5052878856658936,-0.8061304569244385
4,DiscNRX,trig,315,1,0,0,0,nan,-0.5173812508583069,-0.8061304569244385
4,DiscNRX,trig,316,1,0,0,0,nan,-0.5057423710823059,-0.8061304569244385
4,DiscNRX,trig,317,1,0,0,0,nan,-0.48038074374198914,-0.8061304569244385
4,DiscNRX,trig,318,1,0,0,0,nan,-0.5265852808952332,-0.8061304569244385
4,DiscNRX,trig,319,1,0,0,0,nan,-0.49377819895744324,-0.8061304569244385
4,DiscNRX,trig,320,1,0,0,0,nan,-0.45434069633483887,-0.8061304569244385
4,DiscNRX,trig,321,1,0,0,0,nan,-0.46672219038009644,-0.8061304569244385
4,DiscNRX,trig,322,1,0,0,0,nan,-0.4907921254634857,-0.8061304569244385
4,DiscNRX,trig,323,1,0,0,0,nan,-0.4956037402153015,-0.8061304569244385
4,DiscNRX,trig,324,1,0,0,0,nan,-0.5117354393005371,-0.8061304569244385
4,DiscNRX,trig,325,1,0,0,0,nan,-0.44480016827583313,-0.8061304569244385
4,DiscNRX,trig,326,1,0,0,0,nan,-0.5057104825973511,-0.8061304569244385
4,DiscNRX,trig,327,1,0,0,0,nan,-0.5274558663368225,-0.8061304569244385
4,DiscNRX,trig,328,1,0,0,0,nan,-0.48074856400489807,-0.8061304569244385
4,DiscNRX,trig,329,1,0,0,0,nan,-0.44388896226882935,-0.8061304569244385
4,DiscNRX,trig,330,1,0,0,0,nan,-0.5653320550918579,-0.8061304569244385
4,DiscNRX,trig,331,1,0,0,0,nan,-0.49917468428611755,-0.8061304569244385
4,DiscNRX,trig,332,1,0,0,0,nan,-0.40404143929481506,-0.8061304569244385
4,DiscNRX,trig,333,1,0,0,0,nan,-0.435309499502182,-0.8061304569244385
4,DiscNRX,trig,334,1,0,0,0,nan,-0.5037904977798462,-0.8061304569244385
4,DiscNRX,trig,335,1,0,0,0,nan,-0.5500668883323669,-0.8061304569244385
4,DiscNRX,trig,336,1,0,0,0,nan,-0.503921389579773,-0.8061304569244385
4,DiscNRX,trig,337,1,0,0,0,nan,-0.5200548768043518,-0.8061304569244385
4,DiscNRX,trig,338,1,0,0,0,nan,-0.4820428192615509,-0.8061304569244385
4,DiscNRX,trig,339,1,0,0,0,nan,-0.437706857919693,-0.8061304569244385
4,DiscNRX,trig,340,1,0,0,0,nan,-0.49639639258384705,-0.8061304569244385
4,DiscNRX,trig,341,1,0,0,0,nan,-0.4469848573207855,-0.8061304569244385
4,DiscNRX,trig,342,1,0,0,0,nan,-0.5060567259788513,-0.8061304569244385
4,DiscNRX,trig,343,1,0,0,0,nan,-0.4774223566055298,-0.8061304569244385
4,DiscNRX,trig,344,1,0,0,0,nan,-0.4471527338027954,-0.8061304569244385
4,DiscNRX,trig,345,1,0,0,0,nan,-0.47823023796081543,-0.8061304569244385
4,DiscNRX,trig,346,1,0,0,0,nan,-0.5328238606452942,-0.8061304569244385
4,DiscNRX,trig,347,1,0,0,0,nan,-0.46467649936676025,-0.8061304569244385
4,DiscNRX,trig,348,1,0,0,0,nan,-0.5019686222076416,-0.8061304569244385
4,DiscNRX,trig,349,1,0,0,0,nan,-0.48328614234924316,-0.8061304569244385
4,DiscNRX,trig,350,1,0,0,0,nan,-0.519129753112793,-0.8061304569244385
4,DiscNRX,trig,351,1,0,0,0,nan,-0.5022202730178833,-0.8061304569244385
4,DiscNRX,trig,352,1,0,0,0,nan,-0.5459789037704468,-0.8061304569244385
4,DiscNRX,trig,353,1,0,0,0,nan,-0.3813912868499756,-0.8061304569244385
4,DiscNRX,trig,354,1,0,0,0,nan,-0.4534236490726471,-0.8061304569244385
4,DiscNRX,trig,355,1,0,0,0,nan,-0.4896897077560425,-0.8061304569244385
4,DiscNRX,trig,356,1,0,0,0,nan,-0.5029172897338867,-0.8061304569244385
4,DiscNRX,trig,357,1,0,0,0,nan,-0.5068437457084656,-0.8061304569244385
4,DiscNRX,trig,358,1,0,0,0,nan,-0.5106151103973389,-0.8061304569244385
4,DiscNRX,trig,359,1,0,0,0,nan,-0.48942962288856506,-0.8061304569244385
4,DiscNRX,trig,360,1,0,0,0,nan,-0.5040173530578613,-0.8061304569244385
4,DiscNRX,trig,361,1,0,0,0,nan,-0.43895235657691956,-0.8061304569244385
4,DiscNRX,trig,362,1,0,0,0,nan,-0.48406699299812317,-0.8061304569244385
4,DiscNRX,trig,363,1,0,0,0,nan,-0.4964141249656677,-0.8061304569244385
4,DiscNRX,trig,364,1,0,0,0,nan,-0.4601178467273712,-0.8061304569244385
4,DiscNRX,trig,365,1,0,0,0,nan,-0.4730790853500366,-0.8061304569244385
4,DiscNRX,trig,366,1,0,0,0,nan,-0.4998219311237335,-0.8061304569244385
4,DiscNRX,trig,367,1,0,0,0,nan,-0.48393961787223816,-0.8061304569244385
4,DiscNRX,trig,368,1,0,0,0,nan,-0.47912946343421936,-0.8061304569244385
4,DiscNRX,trig,369,1,0,0,0,nan,-0.43895795941352844,-0.8061304569244385
4,DiscNRX,trig,370,1,0,0,0,nan,-0.5294718742370605,-0.8061304569244385
4,DiscNRX,trig,371,1,0,0,0,nan,-0.5074592232704163,-0.8061304569244385
4,DiscNRX,trig,372,1,0,0,0,nan,-0.517379641532898,-0.8061304569244385
4,DiscNRX,trig,373,1,0,0,0,nan,-0.4984440803527832,-0.8061304569244385
4,DiscNRX,trig,374,1,0,0,0,nan,-0.5357162952423096,-0.8061304569244385
4,DiscNRX,trig,375,1,0,0,0,nan,-0.46531423926353455,-0.8061304569244385
4,DiscNRX,trig,376,1,0,0,0,nan,-0.5028586387634277,-0.8061304569244385
4,DiscNRX,trig,377,1,0,0,0,nan,-0.5017222762107849,-0.8061304569244385
4,DiscNRX,trig,378,1,0,0,0,nan,-0.45733100175857544,-0.8061304569244385
4,DiscNRX,trig,379,1,0,0,0,nan,-0.5152378082275391,-0.8061304569244385
4,DiscNRX,trig,380,1,0,0,0,nan,-0.5007309913635254,-0.8061304569244385
4,DiscNRX,trig,381,1,0,0,0,nan,-0.44526350498199463,-0.8061304569244385
4,DiscNRX,trig,382,1,0,0,0,nan,-0.5008917450904846,-0.8061304569244385
4,DiscNRX,trig,383,1,0,0,0,nan,-0.5279048681259155,-0.8061304569244385
4,DiscNRX,trig,384,1,0,0,0,nan,-0.5155177712440491,-0.8061304569244385
4,DiscNRX,trig,385,1,0,0,0,nan,-0.48564672470092773,-0.8061304569244385
4,DiscNRX,trig,386,1,0,0,0,nan,-0.48664066195487976,-0.8061304569244385
4,DiscNRX,trig,387,1,0,0,0,nan,-0.40913352370262146,-0.8061304569244385
4,DiscNRX,trig,388,1,0,0,0,nan,-0.5069568157196045,-0.8061304569244385
4,DiscNRX,trig,389,1,0,0,0,nan,-0.4223710894584656,-0.8061304569244385
4,DiscNRX,trig,390,1,0,0,0,nan,-0.5043660998344421,-0.8061304569244385
4,DiscNRX,trig,391,1,0,0,0,nan,-0.5220217108726501,-0.8061304569244385
4,DiscNRX,trig,392,1,0,0,0,nan,-0.5197927355766296,-0.8061304569244385
4,DiscNRX,trig,393,1,0,0,0,nan,-0.5080010890960693,-0.8061304569244385
4,DiscNRX,trig,394,1,0,0,0,nan,-0.49261102080345154,-0.8061304569244385
4,DiscNRX,trig,395,1,0,0,0,nan,-0.4339430034160614,-0.8061304569244385
4,DiscNRX,trig,396,1,0,0,0,nan,-0.5170867443084717,-0.8061304569244385
4,DiscNRX,trig,397,1,0,0,0,nan,-0.4841446578502655,-0.8061304569244385
4,DiscNRX,trig,398,1,0,0,0,nan,-0.527152419090271,-0.8061304569244385
4,DiscNRX,trig,399,1,0,0,0,nan,-0.48158979415893555,-0.8061304569244385
4,DiscNRX,trig,400,1,0,0,0,nan,-0.518172025680542,-0.8061304569244385
4,DiscNRX,trig,401,1,0,0,0,nan,-0.4994571805000305,-0.8061304569244385
4,DiscNRX,trig,402,1,0,0,0,nan,-0.45885053277015686,-0.8061304569244385
4,DiscNRX,trig,403,1,0,0,0,nan,-0.47665759921073914,-0.8061304569244385
4,DiscNRX,trig,404,1,0,0,0,nan,-0.4977112412452698,-0.8061304569244385
4,DiscNRX,trig,405,1,0,0,0,nan,-0.4159107506275177,-0.8061304569244385
4,DiscNRX,trig,406,1,0,0,0,nan,-0.5094793438911438,-0.8061304569244385
4,DiscNRX,trig,407,1,0,0,0,nan,-0.4918217957019806,-0.8061304569244385
4,DiscNRX,trig,408,1,0,0,0,nan,-0.38909536600112915,-0.8061304569244385
4,DiscNRX,trig,409,1,0,0,0,nan,-0.494470477104187,-0.8061304569244385
4,DiscNRX,trig,410,1,0,0,0,nan,-0.49811500310897827,-0.8061304569244385
4,DiscNRX,trig,411,1,0,0,0,nan,-0.4329238533973694,-0.8061304569244385
4,DiscNRX,trig,412,1,0,0,0,nan,-0.4278964698314667,-0.8061304569244385
4,DiscNRX,trig,413,1,0,0,0,nan,-0.4873678684234619,-0.8061304569244385
4,DiscNRX,trig,414,1,0,0,0,nan,-0.5706546306610107,-0.8061304569244385
4,DiscNRX,trig,415,1,0,0,0,nan,-0.5428885221481323,-0.8061304569244385
4,DiscNRX,trig,416,1,0,0,0,nan,-0.429277628660202,-0.8061304569244385
4,DiscNRX,trig,417,1,0,0,0,nan,-0.434284508228302,-0.8061304569244385
4,DiscNRX,trig,418,1,0,0,0,nan,-0.48141157627105713,-0.8061304569244385
4,DiscNRX,trig,419,1,0,0,0,nan,-0.5071995258331299,-0.8061304569244385
4,DiscNRX,trig,420,1,0,0,0,nan,-0.5137447118759155,-0.8061304569244385
4,DiscNRX,trig,421,1,0,0,0,nan,-0.4542396366596222,-0.8061304569244385
4,DiscNRX,trig,422,1,0,0,0,nan,-0.4867469072341919,-0.8061304569244385
4,DiscNRX,trig,423,1,0,0,0,nan,-0.5269822478294373,-0.8061304569244385
4,DiscNRX,trig,424,1,0,0,0,nan,-0.49413058161735535,-0.8061304569244385
4,DiscNRX,trig,425,1,0,0,0,nan,-0.5009810924530029,-0.8061304569244385
4,DiscNRX,trig,426,1,0,0,0,nan,-0.5163668394088745,-0.8061304569244385
4,DiscNRX,trig,427,1,0,0,0,nan,-0.4710655212402344,-0.8061304569244385
4,DiscNRX,trig,428,1,0,0,0,nan,-0.43087634444236755,-0.8061304569244385
4,DiscNRX,trig,429,1,0,0,0,nan,-0.5338115692138672,-0.8061304569244385
4,DiscNRX,trig,430,1,0,0,0,nan,-0.5079635381698608,-0.8061304569244385
4,DiscNRX,trig,431,1,0,0,0,nan,-0.5203106999397278,-0.8061304569244385
4,DiscNRX,trig,432,1,0,0,0,nan,-0.4662044644355774,-0.8061304569244385
4,DiscNRX,trig,433,1,0,0,0,nan,-0.49297279119491577,-0.8061304569244385
4,DiscNRX,trig,434,1,0,0,0,nan,-0.46336397528648376,-0.8061304569244385
4,DiscNRX,trig,435,1,0,0,0,nan,-0.5166593790054321,-0.8061304569244385
4,DiscNRX,trig,436,1,0,0,0,nan,-0.48699066042900085,-0.8061304569244385
4,DiscNRX,trig,437,1,0,0,0,nan,-0.3905142843723297,-0.8061304569244385
4,DiscNRX,trig,438,1,0,0,0,nan,-0.5347033739089966,-0.8061304569244385
4,DiscNRX,trig,439,1,0,0,0,nan,-0.5173214077949524,-0.8061304569244385
4,DiscNRX,trig,440,1,0,0,0,nan,-0.4487231969833374,-0.8061304569244385
4,DiscNRX,trig,441,1,0,0,0,nan,-0.5081579089164734,-0.8061304569244385
4,DiscNRX,trig,442,1,0,0,0,nan,-0.5185933113098145,-0.8061304569244385
4,DiscNRX,trig,443,1,0,0,0,nan,-0.47536221146583557,-0.8061304569244385
4,DiscNRX,trig,444,1,0,0,0,nan,-0.4924106001853943,-0.8061304569244385
4,DiscNRX,trig,445,1,0,0,0,nan,-0.4832034707069397,-0.8061304569244385
4,DiscNRX,trig,446,1,0,0,0,nan,-0.5055174827575684,-0.8061304569244385
4,DiscNRX,trig,447,1,0,0,0,nan,-0.5374274253845215,-0.8061304569244385
4,DiscNRX,trig,448,1,0,0,0,nan,-0.5160319209098816,-0.8061304569244385
4,DiscNRX,trig,449,1,0,0,0,nan,-0.48589664697647095,-0.8061304569244385
4,DiscNRX,trig,450,1,0,0,0,nan,-0.41844627261161804,-0.8061304569244385
4,DiscNRX,trig,451,1,0,0,0,nan,-0.4771589934825897,-0.8061304569244385
4,DiscNRX,trig,452,1,0,0,0,nan,-0.508293628692627,-0.8061304569244385
4,DiscNRX,trig,453,1,0,0,0,nan,-0.5141210556030273,-0.8061304569244385
4,DiscNRX,trig,454,1,0,0,0,nan,-0.5036069750785828,-0.8061304569244385
4,DiscNRX,trig,455,1,0,0,0,nan,-0.43655887246131897,-0.8061304569244385
4,DiscNRX,trig,456,1,0,0,0,nan,-0.49936357140541077,-0.8061304569244385
4,DiscNRX,trig,457,1,0,0,0,nan,-0.5176413655281067,-0.8061304569244385
4,DiscNRX,trig,458,1,0,0,0,nan,-0.49594131112098694,-0.8061304569244385
4,DiscNRX,trig,459,1,0,0,0,nan,-0.49451014399528503,-0.8061304569244385
4,DiscNRX,trig,460,1,0,0,0,nan,-0.5291162729263306,-0.8061304569244385
4,DiscNRX,trig,461,1,0,0,0,nan,-0.5203804969787598,-0.8061304569244385
4,DiscNRX,trig,462,1,0,0,0,nan,-0.42044496536254883,-0.8061304569244385
4,DiscNRX,trig,463,1,0,0,0,nan,-0.42166754603385925,-0.8061304569244385
4,DiscNRX,trig,464,1,0,0,0,nan,-0.515277087688446,-0.8061304569244385
4,DiscNRX,trig,465,1,0,0,0,nan,-0.49651002883911133,-0.8061304569244385
4,DiscNRX,trig,466,1,0,0,0,nan,-0.47338762879371643,-0.8061304569244385
4,DiscNRX,trig,467,1,0,0,0,nan,-0.45334169268608093,-0.8061304569244385
4,DiscNRX,trig,468,1,0,0,0,nan,-0.5174421668052673,-0.8061304569244385
4,DiscNRX,trig,469,1,0,0,0,nan,-0.48713797330856323,-0.8061304569244385
4,DiscNRX,trig,470,1,0,0,0,nan,-0.501541793346405,-0.8061304569244385
4,DiscNRX,trig,471,1,0,0,0,nan,-0.5022368431091309,-0.8061304569244385
4,DiscNRX,trig,472,1,0,0,0,nan,-0.517570436000824,-0.8061304569244385
4,DiscNRX,trig,473,1,0,0,0,nan,-0.4932169020175934,-0.8061304569244385
4,DiscNRX,trig,474,1,0,0,0,nan,-0.48490652441978455,-0.8061304569244385
4,DiscNRX,trig,475,1,0,0,0,nan,-0.5060728788375854,-0.8061304569244385
4,DiscNRX,trig,476,1,0,0,0,nan,-0.42806342244148254,-0.8061304569244385
4,DiscNRX,trig,477,1,0,0,0,nan,-0.5227669477462769,-0.8061304569244385
4,DiscNRX,trig,478,1,0,0,0,nan,-0.45591577887535095,-0.8061304569244385
4,DiscNRX,trig,479,1,0,0,0,nan,-0.3955579102039337,-0.8061304569244385
4,DiscNRX,trig,480,1,0,0,0,nan,-0.5027356743812561,-0.8061304569244385
4,DiscNRX,trig,481,1,0,0,0,nan,-0.5095500946044922,-0.8061304569244385
4,DiscNRX,trig,482,1,0,0,0,nan,-0.5145270228385925,-0.8061304569244385
4,DiscNRX,trig,483,1,0,0,0,nan,-0.49214741587638855,-0.8061304569244385
4,DiscNRX,trig,484,1,0,0,0,nan,-0.49556490778923035,-0.8061304569244385
4,DiscNRX,trig,485,1,0,0,0,nan,-0.5111364722251892,-0.8061304569244385
4,DiscNRX,trig,486,1,0,0,0,nan,-0.5002007484436035,-0.8061304569244385
4,DiscNRX,trig,487,1,0,0,0,nan,-0.49514761567115784,-0.8061304569244385
4,DiscNRX,trig,488,1,0,0,0,nan,-0.48021015524864197,-0.8061304569244385
4,DiscNRX,trig,489,1,0,0,0,nan,-0.4147958755493164,-0.8061304569244385
4,DiscNRX,trig,490,1,0,0,0,nan,-0.47815844416618347,-0.8061304569244385
4,DiscNRX,trig,491,1,0,0,0,nan,-0.4721008539199829,-0.8061304569244385
4,DiscNRX,trig,492,1,0,0,0,nan,-0.46594566106796265,-0.8061304569244385
4,DiscNRX,trig,493,1,0,0,0,nan,-0.4771360456943512,-0.8061304569244385
4,DiscNRX,trig,494,1,0,0,0,nan,-0.48809367418289185,-0.8061304569244385
4,DiscNRX,trig,495,1,0,0,0,nan,-0.46132582426071167,-0.8061304569244385
4,DiscNRX,trig,496,1,0,0,0,nan,-0.5322612524032593,-0.8061304569244385
4,DiscNRX,trig,497,1,0,0,0,nan,-0.4937455952167511,-0.8061304569244385
4,DiscNRX,trig,498,1,0,0,0,nan,-0.4955695867538452,-0.8061304569244385
4,DiscNRX,trig,499,1,0,0,0,nan,-0.5256153345108032,-0.8061304569244385
4,DiscNRX,trig,500,1,0,0,0,nan,-0.5685649514198303,-0.8061304569244385
4,DiscNRX,trig,501,1,0,0,0,nan,-0.4993675947189331,-0.8061304569244385
4,DiscNRX,trig,502,1,0,0,0,nan,-0.48708686232566833,-0.8061304569244385
4,DiscNRX,trig,503,1,0,0,0,nan,-0.46495330333709717,-0.8061304569244385
4,DiscNRX,trig,504,1,0,0,0,nan,-0.5362972021102905,-0.8061304569244385
4,DiscNRX,trig,505,1,0,0,0,nan,-0.4907953441143036,-0.8061304569244385
4,DiscNRX,trig,506,1,0,0,0,nan,-0.4828985929489136,-0.8061304569244385
4,DiscNRX,trig,507,1,0,0,0,nan,-0.4683859944343567,-0.8061304569244385
4,DiscNRX,trig,508,1,0,0,0,nan,-0.5090184211730957,-0.8061304569244385
4,DiscNRX,trig,509,1,0,0,0,nan,-0.39568671584129333,-0.8061304569244385
4,DiscNRX,trig,510,1,0,0,0,nan,-0.561806321144104,-0.8061304569244385
4,DiscNRX,trig,511,1,0,0,0,nan,-0.4421039819717407,-0.8061304569244385
4,DiscNRX,trig,512,1,0,0,0,nan,-0.5055323243141174,-0.8061304569244385
4,DiscNRX,trig,513,1,0,0,0,nan,-0.44475099444389343,-0.8061304569244385
4,DiscNRX,trig,514,1,0,0,0,nan,-0.4516623616218567,-0.8061304569244385
4,DiscNRX,trig,515,1,0,0,0,nan,-0.5122916102409363,-0.8061304569244385
4,DiscNRX,trig,516,1,0,0,0,nan,-0.4970349073410034,-0.8061304569244385
4,DiscNRX,trig,517,1,0,0,0,nan,-0.49670472741127014,-0.8061304569244385
4,DiscNRX,trig,518,1,0,0,0,nan,-0.4563479423522949,-0.8061304569244385
4,DiscNRX,trig,519,1,0,0,0,nan,-0.4920046925544739,-0.8061304569244385
4,DiscNRX,trig,520,1,0,0,0,nan,-0.5108627676963806,-0.8061304569244385
4,DiscNRX,trig,521,1,0,0,0,nan,-0.5107755064964294,-0.8061304569244385
4,DiscNRX,trig,522,1,0,0,0,nan,-0.5058837532997131,-0.8061304569244385
4,DiscNRX,trig,523,1,0,0,0,nan,-0.49977239966392517,-0.8061304569244385
4,DiscNRX,trig,524,1,0,0,0,nan,-0.4969188868999481,-0.8061304569244385
4,DiscNRX,trig,525,1,0,0,0,nan,-0.45396658778190613,-0.8061304569244385
4,DiscNRX,trig,526,1,0,0,0,nan,-0.4642702043056488,-0.8061304569244385
4,DiscNRX,trig,527,1,0,0,0,nan,-0.41238173842430115,-0.8061304569244385
4,DiscNRX,trig,528,1,0,0,0,nan,-0.46389463543891907,-0.8061304569244385
4,DiscNRX,trig,529,1,0,0,0,nan,-0.44660982489585876,-0.8061304569244385
4,DiscNRX,trig,530,1,0,0,0,nan,-0.4849672317504883,-0.8061304569244385
4,DiscNRX,trig,531,1,0,0,0,nan,-0.44414088129997253,-0.8061304569244385
4,DiscNRX,trig,532,1,0,0,0,nan,-0.48340409994125366,-0.8061304569244385
4,DiscNRX,trig,533,1,0,0,0,nan,-0.5158640146255493,-0.8061304569244385
4,DiscNRX,trig,534,1,0,0,0,nan,-0.36588922142982483,-0.8061304569244385
4,DiscNRX,trig,535,1,0,0,0,nan,-0.4873972535133362,-0.8061304569244385
4,DiscNRX,trig,536,1,0,0,0,nan,-0.5247580409049988,-0.8061304569244385
4,DiscNRX,trig,537,1,0,0,0,nan,-0.5067825317382812,-0.8061304569244385
4,DiscNRX,trig,538,1,0,0,0,nan,-0.4514491558074951,-0.8061304569244385
4,DiscNRX,trig,539,1,0,0,0,nan,-0.5044536590576172,-0.8061304569244385
4,DiscNRX,trig,540,1,0,0,0,nan,-0.4798479378223419,-0.8061304569244385
4,DiscNRX,trig,541,1,0,0,0,nan,-0.4881781041622162,-0.8061304569244385
4,DiscNRX,trig,542,1,0,0,0,nan,-0.5344735980033875,-0.8061304569244385
4,DiscNRX,trig,543,1,0,0,0,nan,-0.5072863698005676,-0.8061304569244385
4,DiscNRX,trig,544,1,0,0,0,nan,-0.5106107592582703,-0.8061304569244385
4,DiscNRX,trig,545,1,0,0,0,nan,-0.5204991102218628,-0.8061304569244385
4,DiscNRX,trig,546,1,0,0,0,nan,-0.4950960576534271,-0.8061304569244385
4,DiscNRX,trig,547,1,0,0,0,nan,-0.5169349908828735,-0.8061304569244385
4,DiscNRX,trig,548,1,0,0,0,nan,-0.4905846416950226,-0.8061304569244385
4,DiscNRX,trig,549,1,0,0,0,nan,-0.48622801899909973,-0.8061304569244385
4,DiscNRX,trig,550,1,0,0,0,nan,-0.5073888897895813,-0.8061304569244385
4,DiscNRX,trig,551,1,0,0,0,nan,-0.4935479760169983,-0.8061304569244385
4,DiscNRX,trig,552,1,0,0,0,nan,-0.5017019510269165,-0.8061304569244385
4,DiscNRX,trig,553,1,0,0,0,nan,-0.48793208599090576,-0.8061304569244385
4,DiscNRX,trig,554,1,0,0,0,nan,-0.5288339257240295,-0.8061304569244385
4,DiscNRX,trig,555,1,0,0,0,nan,-0.45488807559013367,-0.8061304569244385
4,DiscNRX,trig,556,1,0,0,0,nan,-0.47735846042633057,-0.8061304569244385
4,DiscNRX,trig,557,1,0,0,0,nan,-0.46554747223854065,-0.8061304569244385
4,DiscNRX,trig,558,1,0,0,0,nan,-0.4759206175804138,-0.8061304569244385
4,DiscNRX,trig,559,1,0,0,0,nan,-0.480406254529953,-0.8061304569244385
4,DiscNRX,trig,560,1,0,0,0,nan,-0.4911666512489319,-0.8061304569244385
4,DiscNRX,trig,561,1,0,0,0,nan,-0.48702067136764526,-0.8061304569244385
4,DiscNRX,trig,562,1,0,0,0,nan,-0.47407767176628113,-0.8061304569244385
4,DiscNRX,trig,563,1,0,0,0,nan,-0.5213045477867126,-0.8061304569244385
4,DiscNRX,trig,564,1,0,0,0,nan,-0.4426681101322174,-0.8061304569244385
4,DiscNRX,trig,565,1,0,0,0,nan,-0.4108387231826782,-0.8061304569244385
4,DiscNRX,trig,566,1,0,0,0,nan,-0.5236735343933105,-0.8061304569244385
4,DiscNRX,trig,567,1,0,0,0,nan,-0.525824785232544,-0.8061304569244385
4,DiscNRX,trig,568,1,0,0,0,nan,-0.48634666204452515,-0.8061304569244385
4,DiscNRX,trig,569,1,0,0,0,nan,-0.4778611660003662,-0.8061304569244385
4,DiscNRX,trig,570,1,0,0,0,nan,-0.5220999717712402,-0.8061304569244385
4,DiscNRX,trig,571,1,0,0,0,nan,-0.5487748980522156,-0.8061304569244385
4,DiscNRX,trig,572,1,0,0,0,nan,-0.5351240634918213,-0.8061304569244385
4,DiscNRX,trig,573,1,0,0,0,nan,-0.533600926399231,-0.8061304569244385
4,DiscNRX,trig,574,1,0,0,0,nan,-0.4456397593021393,-0.8061304569244385
4,DiscNRX,trig,575,1,0,0,0,nan,-0.5036898851394653,-0.8061304569244385
4,DiscNRX,trig,576,1,0,0,0,nan,-0.4983592927455902,-0.8061304569244385
4,DiscNRX,trig,577,1,0,0,0,nan,-0.46552136540412903,-0.8061304569244385
4,DiscNRX,trig,578,1,0,0,0,nan,-0.4989289343357086,-0.8061304569244385
4,DiscNRX,trig,579,1,0,0,0,nan,-0.46772679686546326,-0.8061304569244385
4,DiscNRX,trig,580,1,0,0,0,nan,-0.47751253843307495,-0.8061304569244385
4,DiscNRX,trig,581,1,0,0,0,nan,-0.4614393711090088,-0.8061304569244385
4,DiscNRX,trig,582,1,0,0,0,nan,-0.4992685914039612,-0.8061304569244385
4,DiscNRX,trig,583,1,0,0,0,nan,-0.4658733010292053,-0.8061304569244385
4,DiscNRX,trig,584,1,0,0,0,nan,-0.5116106271743774,-0.8061304569244385
4,DiscNRX,trig,585,1,0,0,0,nan,-0.4504465162754059,-0.8061304569244385
4,DiscNRX,trig,586,1,0,0,0,nan,-0.4601443409919739,-0.8061304569244385
4,DiscNRX,trig,587,1,0,0,0,nan,-0.4770047962665558,-0.8061304569244385
4,DiscNRX,trig,588,1,0,0,0,nan,-0.5290889143943787,-0.8061304569244385
4,DiscNRX,trig,589,1,0,0,0,nan,-0.47978976368904114,-0.8061304569244385
4,DiscNRX,trig,590,1,0,0,0,nan,-0.4958898425102234,-0.8061304569244385
4,DiscNRX,trig,591,1,0,0,0,nan,-0.46932029724121094,-0.8061304569244385
4,DiscNRX,trig,592,1,0,0,0,nan,-0.46868401765823364,-0.8061304569244385
4,DiscNRX,trig,593,1,0,0,0,nan,-0.5072810053825378,-0.8061304569244385
4,DiscNRX,trig,594,1,0,0,0,nan,-0.5236162543296814,-0.8061304569244385
4,DiscNRX,trig,595,1,0,0,0,nan,-0.5664927363395691,-0.8061304569244385
4,DiscNRX,trig,596,1,0,0,0,nan,-0.4714658558368683,-0.8061304569244385
4,DiscNRX,trig,597,1,0,0,0,nan,-0.5223467946052551,-0.8061304569244385
4,DiscNRX,trig,598,1,0,0,0,nan,-0.50595623254776,-0.8061304569244385
4,DiscNRX,trig,599,1,0,0,0,nan,-0.4646572768688202,-0.8061304569244385
4,DiscNRX,trig,600,1,0,0,0,nan,-0.5100760459899902,-0.8061304569244385
4,DiscNRX,trig,601,1,0,0,0,nan,-0.4862227141857147,-0.8061304569244385
4,DiscNRX,trig,602,1,0,0,0,nan,-0.4401499330997467,-0.8061304569244385
4,DiscNRX,trig,603,1,0,0,0,nan,-0.42040741443634033,-0.8061304569244385
4,DiscNRX,trig,604,1,0,0,0,nan,-0.5100583434104919,-0.8061304569244385
4,DiscNRX,trig,605,1,0,0,0,nan,-0.5372986197471619,-0.8061304569244385
4,DiscNRX,trig,606,1,0,0,0,nan,-0.5644575953483582,-0.8061304569244385
4,DiscNRX,trig,607,1,0,0,0,nan,-0.48504406213760376,-0.8061304569244385
4,DiscNRX,trig,608,1,0,0,0,nan,-0.4180191457271576,-0.8061304569244385
4,DiscNRX,trig,609,1,0,0,0,nan,-0.5133268237113953,-0.8061304569244385
4,DiscNRX,trig,610,1,0,0,0,nan,-0.4740707576274872,-0.8061304569244385
4,DiscNRX,trig,611,1,0,0,0,nan,-0.5029877424240112,-0.8061304569244385
4,DiscNRX,trig,612,1,0,0,0,nan,-0.5188770294189453,-0.8061304569244385
4,DiscNRX,trig,613,1,0,0,0,nan,-0.503878653049469,-0.8061304569244385
4,DiscNRX,trig,614,1,0,0,0,nan,-0.5078880190849304,-0.8061304569244385
4,DiscNRX,trig,615,1,0,0,0,nan,-0.5170403718948364,-0.8061304569244385
4,DiscNRX,trig,616,1,0,0,0,nan,-0.5153122544288635,-0.8061304569244385
4,DiscNRX,trig,617,1,0,0,0,nan,-0.44903215765953064,-0.8061304569244385
4,DiscNRX,trig,618,1,0,0,0,nan,-0.49742555618286133,-0.8061304569244385
4,DiscNRX,trig,619,1,0,0,0,nan,-0.47979387640953064,-0.8061304569244385
4,DiscNRX,trig,620,1,0,0,0,nan,-0.4512138366699219,-0.8061304569244385
4,DiscNRX,trig,621,1,0,0,0,nan,-0.4775708317756653,-0.8061304569244385
4,DiscNRX,trig,622,1,0,0,0,nan,-0.4972172677516937,-0.8061304569244385
4,DiscNRX,trig,623,1,0,0,0,nan,-0.4801107943058014,-0.8061304569244385
4,DiscNRX,trig,624,1,0,0,0,nan,-0.4717572033405304,-0.8061304569244385
4,DiscNRX,trig,625,1,0,0,0,nan,-0.46905452013015747,-0.8061304569244385
4,DiscNRX,trig,626,1,0,0,0,nan,-0.44643956422805786,-0.8061304569244385
4,DiscNRX,trig,627,1,0,0,0,nan,-0.5002809762954712,-0.8061304569244385
4,DiscNRX,trig,628,1,0,0,0,nan,-0.4880448877811432,-0.8061304569244385
4,DiscNRX,trig,629,1,0,0,0,nan,-0.4822227656841278,-0.8061304569244385
4,DiscNRX,trig,630,1,0,0,0,nan,-0.49809497594833374,-0.8061304569244385
4,DiscNRX,trig,631,1,0,0,0,nan,-0.4928668141365051,-0.8061304569244385
4,DiscNRX,trig,632,1,0,0,0,nan,-0.5305312275886536,-0.8061304569244385
4,DiscNRX,trig,633,1,0,0,0,nan,-0.39773795008659363,-0.8061304569244385
4,DiscNRX,trig,634,1,0,0,0,nan,-0.5036318898200989,-0.8061304569244385
4,DiscNRX,trig,635,1,0,0,0,nan,-0.5470484495162964,-0.8061304569244385
4,DiscNRX,trig,636,1,0,0,0,nan,-0.5204141736030579,-0.8061304569244385
4,DiscNRX,trig,637,1,0,0,0,nan,-0.43574196100234985,-0.8061304569244385
4,DiscNRX,trig,638,1,0,0,0,nan,-0.47932347655296326,-0.8061304569244385
4,DiscNRX,trig,639,1,0,0,0,nan,-0.5261262655258179,-0.8061304569244385
4,DiscNRX,trig,640,1,0,0,0,nan,-0.4553718566894531,-0.8061304569244385
4,DiscNRX,trig,641,1,0,0,0,nan,-0.5080955028533936,-0.8061304569244385
4,DiscNRX,trig,642,1,0,0,0,nan,-0.43929412961006165,-0.8061304569244385
4,DiscNRX,trig,643,1,0,0,0,nan,-0.38458558917045593,-0.8061304569244385
4,DiscNRX,trig,644,1,0,0,0,nan,-0.5119198560714722,-0.8061304569244385
4,DiscNRX,trig,645,1,0,0,0,nan,-0.5362634062767029,-0.8061304569244385
4,DiscNRX,trig,646,1,0,0,0,nan,-0.49792611598968506,-0.8061304569244385
4,DiscNRX,trig,647,1,0,0,0,nan,-0.5293256044387817,-0.8061304569244385
4,DiscNRX,trig,648,1,0,0,0,nan,-0.4906676113605499,-0.8061304569244385
4,DiscNRX,trig,649,1,0,0,0,nan,-0.47070080041885376,-0.8061304569244385
4,DiscNRX,trig,650,1,0,0,0,nan,-0.4613453149795532,-0.8061304569244385
4,DiscNRX,trig,651,1,0,0,0,nan,-0.49946653842926025,-0.8061304569244385
4,DiscNRX,trig,652,1,0,0,0,nan,-0.46427321434020996,-0.8061304569244385
4,DiscNRX,trig,653,1,0,0,0,nan,-0.5007922649383545,-0.8061304569244385
4,DiscNRX,trig,654,1,0,0,0,nan,-0.45925208926200867,-0.8061304569244385
4,DiscNRX,trig,655,1,0,0,0,nan,-0.45584583282470703,-0.8061304569244385
4,DiscNRX,trig,656,1,0,0,0,nan,-0.4795165956020355,-0.8061304569244385
4,DiscNRX,trig,657,1,0,0,0,nan,-0.5006861686706543,-0.8061304569244385
4,DiscNRX,trig,658,1,0,0,0,nan,-0.5372747778892517,-0.8061304569244385
4,DiscNRX,trig,659,1,0,0,0,nan,-0.42654600739479065,-0.8061304569244385
4,DiscNRX,trig,660,1,0,0,0,nan,-0.507479727268219,-0.8061304569244385
4,DiscNRX,trig,661,1,0,0,0,nan,-0.5220778584480286,-0.8061304569244385
4,DiscNRX,trig,662,1,0,0,0,nan,-0.42622268199920654,-0.8061304569244385
4,DiscNRX,trig,663,1,0,0,0,nan,-0.5182053446769714,-0.8061304569244385
4,DiscNRX,trig,664,1,0,0,0,nan,-0.5217145085334778,-0.8061304569244385
4,DiscNRX,trig,665,1,0,0,0,nan,-0.48512691259384155,-0.8061304569244385
4,DiscNRX,trig,666,1,0,0,0,nan,-0.5145133137702942,-0.8061304569244385
4,DiscNRX,trig,667,1,0,0,0,nan,-0.5169333219528198,-0.8061304569244385
4,DiscNRX,trig,668,1,0,0,0,nan,-0.46993398666381836,-0.8061304569244385
4,DiscNRX,trig,669,1,0,0,0,nan,-0.5072054862976074,-0.8061304569244385
4,DiscNRX,trig,670,1,0,0,0,nan,-0.5138567686080933,-0.8061304569244385
4,DiscNRX,trig,671,1,0,0,0,nan,-0.49031320214271545,-0.8061304569244385
4,DiscNRX,trig,672,1,0,0,0,nan,-0.4818309545516968,-0.8061304569244385
4,DiscNRX,trig,673,1,0,0,0,nan,-0.5149324536323547,-0.8061304569244385
4,DiscNRX,trig,674,1,0,0,0,nan,-0.46486368775367737,-0.8061304569244385
4,DiscNRX,trig,675,1,0,0,0,nan,-0.4981449544429779,-0.8061304569244385
4,DiscNRX,trig,676,1,0,0,0,nan,-0.4970899820327759,-0.8061304569244385
4,DiscNRX,trig,677,1,0,0,0,nan,-0.5192142724990845,-0.8061304569244385
4,DiscNRX,trig,678,1,0,0,0,nan,-0.46368512511253357,-0.8061304569244385
4,DiscNRX,trig,679,1,0,0,0,nan,-0.5091356635093689,-0.8061304569244385
4,DiscNRX,trig,680,1,0,0,0,nan,-0.5262596011161804,-0.8061304569244385
4,DiscNRX,trig,681,1,0,0,0,nan,-0.4962133467197418,-0.8061304569244385
4,DiscNRX,trig,682,1,0,0,0,nan,-0.4887917637825012,-0.8061304569244385
4,DiscNRX,trig,683,1,0,0,0,nan,-0.47130656242370605,-0.8061304569244385
4,DiscNRX,trig,684,1,0,0,0,nan,-0.4942687153816223,-0.8061304569244385
4,DiscNRX,trig,685,1,0,0,0,nan,-0.5022498965263367,-0.8061304569244385
4,DiscNRX,trig,686,1,0,0,0,nan,-0.49897417426109314,-0.8061304569244385
4,DiscNRX,trig,687,1,0,0,0,nan,-0.4547458589076996,-0.8061304569244385
4,DiscNRX,trig,688,1,0,0,0,nan,-0.5141947269439697,-0.8061304569244385
4,DiscNRX,trig,689,1,0,0,0,nan,-0.4739304184913635,-0.8061304569244385
4,DiscNRX,trig,690,1,0,0,0,nan,-0.4129238426685333,-0.8061304569244385
4,DiscNRX,trig,691,1,0,0,0,nan,-0.5418126583099365,-0.8061304569244385
4,DiscNRX,trig,692,1,0,0,0,nan,-0.41567879915237427,-0.8061304569244385
4,DiscNRX,trig,693,1,0,0,0,nan,-0.4072197377681732,-0.8061304569244385
4,DiscNRX,trig,694,1,0,0,0,nan,-0.48774605989456177,-0.8061304569244385
4,DiscNRX,trig,695,1,0,0,0,nan,-0.5071690678596497,-0.8061304569244385
4,DiscNRX,trig,696,1,0,0,0,nan,-0.4728855490684509,-0.8061304569244385
4,DiscNRX,trig,697,1,0,0,0,nan,-0.4234761595726013,-0.8061304569244385
4,DiscNRX,trig,698,1,0,0,0,nan,-0.5653184652328491,-0.8061304569244385
4,DiscNRX,trig,699,1,0,0,0,nan,-0.47116947174072266,-0.8061304569244385
4,DiscNRX,trig,700,1,0,0,0,nan,-0.4649779498577118,-0.8061304569244385
4,DiscNRX,trig,701,1,0,0,0,nan,-0.5314990878105164,-0.8061304569244385
4,DiscNRX,trig,702,1,0,0,0,nan,-0.46742796897888184,-0.8061304569244385
4,DiscNRX,trig,703,1,0,0,0,nan,-0.4312284290790558,-0.8061304569244385
4,DiscNRX,trig,704,1,0,0,0,nan,-0.4867343008518219,-0.8061304569244385
4,DiscNRX,trig,705,1,0,0,0,nan,-0.4743133783340454,-0.8061304569244385
4,DiscNRX,trig,706,1,0,0,0,nan,-0.4243233799934387,-0.8061304569244385
4,DiscNRX,trig,707,1,0,0,0,nan,-0.4788433611392975,-0.8061304569244385
4,DiscNRX,trig,708,1,0,0,0,nan,-0.5524091124534607,-0.8061304569244385
4,DiscNRX,trig,709,1,0,0,0,nan,-0.5037095546722412,-0.8061304569244385
4,DiscNRX,trig,710,1,0,0,0,nan,-0.5065971612930298,-0.8061304569244385
4,DiscNRX,trig,711,1,0,0,0,nan,-0.5101986527442932,-0.8061304569244385
4,DiscNRX,trig,712,1,0,0,0,nan,-0.5172557830810547,-0.8061304569244385
4,DiscNRX,trig,713,1,0,0,0,nan,-0.488609254360199,-0.8061304569244385
4,DiscNRX,trig,714,1,0,0,0,nan,-0.4821111261844635,-0.8061304569244385
4,DiscNRX,trig,715,1,0,0,0,nan,-0.4817368984222412,-0.8061304569244385
4,DiscNRX,trig,716,1,0,0,0,nan,-0.4607906937599182,-0.8061304569244385
4,DiscNRX,trig,717,1,0,0,0,nan,-0.5067319273948669,-0.8061304569244385
4,DiscNRX,trig,718,1,0,0,0,nan,-0.4494224786758423,-0.8061304569244385
4,DiscNRX,trig,719,1,0,0,0,nan,-0.43688181042671204,-0.8061304569244385
4,DiscNRX,trig,720,1,0,0,0,nan,-0.5214231014251709,-0.8061304569244385
4,DiscNRX,trig,721,1,0,0,0,nan,-0.4693986773490906,-0.8061304569244385
4,DiscNRX,trig,722,1,0,0,0,nan,-0.46981269121170044,-0.8061304569244385
4,DiscNRX,trig,723,1,0,0,0,nan,-0.5027374625205994,-0.8061304569244385
4,DiscNRX,trig,724,1,0,0,0,nan,-0.5123201012611389,-0.8061304569244385
4,DiscNRX,trig,725,1,0,0,0,nan,-0.49954572319984436,-0.8061304569244385
4,DiscNRX,trig,726,1,0,0,0,nan,-0.5051114559173584,-0.8061304569244385
4,DiscNRX,trig,727,1,0,0,0,nan,-0.4929620921611786,-0.8061304569244385
4,DiscNRX,trig,728,1,0,0,0,nan,-0.5229604840278625,-0.8061304569244385
4,DiscNRX,trig,729,1,0,0,0,nan,-0.5267241597175598,-0.8061304569244385
4,DiscNRX,trig,730,1,0,0,0,nan,-0.4341610372066498,-0.8061304569244385
4,DiscNRX,trig,731,1,0,0,0,nan,-0.525345504283905,-0.8061304569244385
4,DiscNRX,trig,732,1,0,0,0,nan,-0.527888834476471,-0.8061304569244385
4,DiscNRX,trig,733,1,0,0,0,nan,-0.5227306485176086,-0.8061304569244385
4,DiscNRX,trig,734,1,0,0,0,nan,-0.5263023972511292,-0.8061304569244385
4,DiscNRX,trig,735,1,0,0,0,nan,-0.4506535530090332,-0.8061304569244385
4,DiscNRX,trig,736,1,0,0,0,nan,-0.50473552942276,-0.8061304569244385
4,DiscNRX,trig,737,1,0,0,0,nan,-0.4707321524620056,-0.8061304569244385
4,DiscNRX,trig,738,1,0,0,0,nan,-0.4952755868434906,-0.8061304569244385
4,DiscNRX,trig,739,1,0,0,0,nan,-0.4895642399787903,-0.8061304569244385
4,DiscNRX,trig,740,1,0,0,0,nan,-0.4736011028289795,-0.8061304569244385
4,DiscNRX,trig,741,1,0,0,0,nan,-0.4585464298725128,-0.8061304569244385
4,DiscNRX,trig,742,1,0,0,0,nan,-0.5334019064903259,-0.8061304569244385
4,DiscNRX,trig,743,1,0,0,0,nan,-0.4790422022342682,-0.8061304569244385
4,DiscNRX,trig,744,1,0,0,0,nan,-0.49652421474456787,-0.8061304569244385
4,DiscNRX,trig,745,1,0,0,0,nan,-0.49897515773773193,-0.8061304569244385
4,DiscNRX,trig,746,1,0,0,0,nan,-0.46756431460380554,-0.8061304569244385
4,DiscNRX,trig,747,1,0,0,0,nan,-0.49668794870376587,-0.8061304569244385
4,DiscNRX,trig,748,1,0,0,0,nan,-0.48979803919792175,-0.8061304569244385
4,DiscNRX,trig,749,1,0,0,0,nan,-0.49014943838119507,-0.8061304569244385
4,DiscNRX,trig,750,1,0,0,0,nan,-0.49460989236831665,-0.8061304569244385
4,DiscNRX,trig,751,1,0,0,0,nan,-0.3859513998031616,-0.8061304569244385
4,DiscNRX,trig,752,1,0,0,0,nan,-0.507253110408783,-0.8061304569244385
4,DiscNRX,trig,753,1,0,0,0,nan,-0.5043591260910034,-0.8061304569244385
4,DiscNRX,trig,754,1,0,0,0,nan,-0.5261015892028809,-0.8061304569244385
4,DiscNRX,trig,755,1,0,0,0,nan,-0.500745952129364,-0.8061304569244385
4,DiscNRX,trig,756,1,0,0,0,nan,-0.48322877287864685,-0.8061304569244385
4,DiscNRX,trig,757,1,0,0,0,nan,-0.49587881565093994,-0.8061304569244385
4,DiscNRX,trig,758,1,0,0,0,nan,-0.495864599943161,-0.8061304569244385
4,DiscNRX,trig,759,1,0,0,0,nan,-0.4735848903656006,-0.8061304569244385
4,DiscNRX,trig,760,1,0,0,0,nan,-0.543171226978302,-0.8061304569244385
4,DiscNRX,trig,761,1,0,0,0,nan,-0.5439603924751282,-0.8061304569244385
4,DiscNRX,trig,762,1,0,0,0,nan,-0.4969915449619293,-0.8061304569244385
4,DiscNRX,trig,763,1,0,0,0,nan,-0.5050968527793884,-0.8061304569244385
4,DiscNRX,trig,764,1,0,0,0,nan,-0.5183092355728149,-0.8061304569244385
4,DiscNRX,trig,765,1,0,0,0,nan,-0.4511277675628662,-0.8061304569244385
4,DiscNRX,trig,766,1,0,0,0,nan,-0.5131422877311707,-0.8061304569244385
4,DiscNRX,trig,767,1,0,0,0,nan,-0.5146692395210266,-0.8061304569244385
4,DiscNRX,trig,768,1,0,0,0,nan,-0.46776387095451355,-0.8061304569244385
4,DiscNRX,trig,769,1,0,0,0,nan,-0.44362640380859375,-0.8061304569244385
4,DiscNRX,trig,770,1,0,0,0,nan,-0.5001727342605591,-0.8061304569244385
4,DiscNRX,trig,771,1,0,0,0,nan,-0.4570510685443878,-0.8061304569244385
4,DiscNRX,trig,772,1,0,0,0,nan,-0.5118685960769653,-0.8061304569244385
4,DiscNRX,trig,773,1,0,0,0,nan,-0.5215831995010376,-0.8061304569244385
4,DiscNRX,trig,774,1,0,0,0,nan,-0.4962702691555023,-0.8061304569244385
4,DiscNRX,trig,775,1,0,0,0,nan,-0.5075578689575195,-0.8061304569244385
4,DiscNRX,trig,776,1,0,0,0,nan,-0.5058846473693848,-0.8061304569244385
4,DiscNRX,trig,777,1,0,0,0,nan,-0.49543094635009766,-0.8061304569244385
4,DiscNRX,trig,778,1,0,0,0,nan,-0.48024341464042664,-0.8061304569244385
4,DiscNRX,trig,779,1,0,0,0,nan,-0.5086233019828796,-0.8061304569244385
4,DiscNRX,trig,780,1,0,0,0,nan,-0.48727306723594666,-0.8061304569244385
4,DiscNRX,trig,781,1,0,0,0,nan,-0.48733922839164734,-0.8061304569244385
4,DiscNRX,trig,782,1,0,0,0,nan,-0.40736111998558044,-0.8061304569244385
4,DiscNRX,trig,783,1,0,0,0,nan,-0.43209391832351685,-0.8061304569244385
4,DiscNRX,trig,784,1,0,0,0,nan,-0.42841586470603943,-0.8061304569244385
4,DiscNRX,trig,785,1,0,0,0,nan,-0.4365779459476471,-0.8061304569244385
4,DiscNRX,trig,786,1,0,0,0,nan,-0.510090172290802,-0.8061304569244385
4,DiscNRX,trig,787,1,0,0,0,nan,-0.5600752234458923,-0.8061304569244385
4,DiscNRX,trig,788,1,0,0,0,nan,-0.5235000848770142,-0.8061304569244385
4,DiscNRX,trig,789,1,0,0,0,nan,-0.49334603548049927,-0.8061304569244385
4,DiscNRX,trig,790,1,0,0,0,nan,-0.5179888010025024,-0.8061304569244385
4,DiscNRX,trig,791,1,0,0,0,nan,-0.5176578164100647,-0.8061304569244385
4,DiscNRX,trig,792,1,0,0,0,nan,-0.5053837299346924,-0.8061304569244385
4,DiscNRX,trig,793,1,0,0,0,nan,-0.5101847052574158,-0.8061304569244385
4,DiscNRX,trig,794,1,0,0,0,nan,-0.4683001935482025,-0.8061304569244385
4,DiscNRX,trig,795,1,0,0,0,nan,-0.47456255555152893,-0.8061304569244385
4,DiscNRX,trig,796,1,0,0,0,nan,-0.5108861923217773,-0.8061304569244385
4,DiscNRX,trig,797,1,0,0,0,nan,-0.47732409834861755,-0.8061304569244385
4,DiscNRX,trig,798,1,0,0,0,nan,-0.5068265795707703,-0.8061304569244385
4,DiscNRX,trig,799,1,0,0,0,nan,-0.485096275806427,-0.8061304569244385
4,DiscNRX,trig,800,1,0,0,0,nan,-0.553130567073822,-0.8061304569244385
4,DiscNRX,trig,801,1,0,0,0,nan,-0.46142077445983887,-0.8061304569244385
4,DiscNRX,trig,802,1,0,0,0,nan,-0.4874243438243866,-0.8061304569244385
4,DiscNRX,trig,803,1,0,0,0,nan,-0.49996399879455566,-0.8061304569244385
4,DiscNRX,trig,804,1,0,0,0,nan,-0.46921244263648987,-0.8061304569244385
4,DiscNRX,trig,805,1,0,0,0,nan,-0.5067716836929321,-0.8061304569244385
4,DiscNRX,trig,806,1,0,0,0,nan,-0.4839390516281128,-0.8061304569244385
4,DiscNRX,trig,807,1,0,0,0,nan,-0.5300561189651489,-0.8061304569244385
4,DiscNRX,trig,808,1,0,0,0,nan,-0.49189117550849915,-0.8061304569244385
4,DiscNRX,trig,809,1,0,0,0,nan,-0.5262066125869751,-0.8061304569244385
4,DiscNRX,trig,810,1,0,0,0,nan,-0.47091081738471985,-0.8061304569244385
4,DiscNRX,trig,811,1,0,0,0,nan,-0.5030183792114258,-0.8061304569244385
4,DiscNRX,trig,812,1,0,0,0,nan,-0.513198971748352,-0.8061304569244385
4,DiscNRX,trig,813,1,0,0,0,nan,-0.5007278919219971,-0.8061304569244385
4,DiscNRX,trig,814,1,0,0,0,nan,-0.5691657066345215,-0.8061304569244385
4,DiscNRX,trig,815,1,0,0,0,nan,-0.5012285113334656,-0.8061304569244385
4,DiscNRX,trig,816,1,0,0,0,nan,-0.5531947016716003,-0.8061304569244385
4,DiscNRX,trig,817,1,0,0,0,nan,-0.5195359587669373,-0.8061304569244385
4,DiscNRX,trig,818,1,0,0,0,nan,-0.5548806190490723,-0.8061304569244385
4,DiscNRX,trig,819,1,0,0,0,nan,-0.53050297498703,-0.8061304569244385
4,DiscNRX,trig,820,1,0,0,0,nan,-0.5067826509475708,-0.8061304569244385
4,DiscNRX,trig,821,1,0,0,0,nan,-0.37742286920547485,-0.8061304569244385
4,DiscNRX,trig,822,1,0,0,0,nan,-0.5194182395935059,-0.8061304569244385
4,DiscNRX,trig,823,1,0,0,0,nan,-0.4597775638103485,-0.8061304569244385
4,DiscNRX,trig,824,1,0,0,0,nan,-0.4669952690601349,-0.8061304569244385
4,DiscNRX,trig,825,1,0,0,0,nan,-0.47023725509643555,-0.8061304569244385
4,DiscNRX,trig,826,1,0,0,0,nan,-0.5035101175308228,-0.8061304569244385
4,DiscNRX,trig,827,1,0,0,0,nan,-0.4781742990016937,-0.8061304569244385
4,DiscNRX,trig,828,1,0,0,0,nan,-0.49511733651161194,-0.8061304569244385
4,DiscNRX,trig,829,1,0,0,0,nan,-0.4523255228996277,-0.8061304569244385
4,DiscNRX,trig,830,1,0,0,0,nan,-0.4826090633869171,-0.8061304569244385
4,DiscNRX,trig,831,1,0,0,0,nan,-0.38612064719200134,-0.8061304569244385
4,DiscNRX,trig,832,1,0,0,0,nan,-0.46181949973106384,-0.8061304569244385
4,DiscNRX,trig,833,1,0,0,0,nan,-0.4901560842990875,-0.8061304569244385
4,DiscNRX,trig,834,1,0,0,0,nan,-0.4978978633880615,-0.8061304569244385
4,DiscNRX,trig,835,1,0,0,0,nan,-0.4835197329521179,-0.8061304569244385
4,DiscNRX,trig,836,1,0,0,0,nan,-0.4581071436405182,-0.8061304569244385
4,DiscNRX,trig,837,1,0,0,0,nan,-0.5377840995788574,-0.8061304569244385
4,DiscNRX,trig,838,1,0,0,0,nan,-0.4703516960144043,-0.8061304569244385
4,DiscNRX,trig,839,1,0,0,0,nan,-0.4920165240764618,-0.8061304569244385
4,DiscNRX,trig,840,1,0,0,0,nan,-0.4636213481426239,-0.8061304569244385
4,DiscNRX,trig,841,1,0,0,0,nan,-0.47395870089530945,-0.8061304569244385
4,DiscNRX,trig,842,1,0,0,0,nan,-0.49163612723350525,-0.8061304569244385
4,DiscNRX,trig,843,1,0,0,0,nan,-0.511391818523407,-0.8061304569244385
4,DiscNRX,trig,844,1,0,0,0,nan,-0.4562772810459137,-0.8061304569244385
4,DiscNRX,trig,845,1,0,0,0,nan,-0.5188261270523071,-0.8061304569244385
4,DiscNRX,trig,846,1,0,0,0,nan,-0.5054420232772827,-0.8061304569244385
4,DiscNRX,trig,847,1,0,0,0,nan,-0.45400699973106384,-0.8061304569244385
4,DiscNRX,trig,848,1,0,0,0,nan,-0.5026107430458069,-0.8061304569244385
4,DiscNRX,trig,849,1,0,0,0,nan,-0.46541452407836914,-0.8061304569244385
4,DiscNRX,trig,850,1,0,0,0,nan,-0.5167005062103271,-0.8061304569244385
4,DiscNRX,trig,851,1,0,0,0,nan,-0.5169795155525208,-0.8061304569244385
4,DiscNRX,trig,852,1,0,0,0,nan,-0.5405884385108948,-0.8061304569244385
4,DiscNRX,trig,853,1,0,0,0,nan,-0.4962316155433655,-0.8061304569244385
4,DiscNRX,trig,854,1,0,0,0,nan,-0.4128102660179138,-0.8061304569244385
4,DiscNRX,trig,855,1,0,0,0,nan,-0.4726574122905731,-0.8061304569244385
4,DiscNRX,trig,856,1,0,0,0,nan,-0.4641896188259125,-0.8061304569244385
4,DiscNRX,trig,857,1,0,0,0,nan,-0.5080210566520691,-0.8061304569244385
4,DiscNRX,trig,858,1,0,0,0,nan,-0.5142998099327087,-0.8061304569244385
4,DiscNRX,trig,859,1,0,0,0,nan,-0.49481844902038574,-0.8061304569244385
4,DiscNRX,trig,860,1,0,0,0,nan,-0.4771305024623871,-0.8061304569244385
4,DiscNRX,trig,861,1,0,0,0,nan,-0.47591617703437805,-0.8061304569244385
4,DiscNRX,trig,862,1,0,0,0,nan,-0.5088646411895752,-0.8061304569244385
4,DiscNRX,trig,863,1,0,0,0,nan,-0.500403106212616,-0.8061304569244385
4,DiscNRX,trig,864,1,0,0,0,nan,-0.3716437518596649,-0.8061304569244385
4,DiscNRX,trig,865,1,0,0,0,nan,-0.4723181426525116,-0.8061304569244385
4,DiscNRX,trig,866,1,0,0,0,nan,-0.4797300398349762,-0.8061304569244385
4,DiscNRX,trig,867,1,0,0,0,nan,-0.4985271990299225,-0.8061304569244385
4,DiscNRX,trig,868,1,0,0,0,nan,-0.5166429281234741,-0.8061304569244385
4,DiscNRX,trig,869,1,0,0,0,nan,-0.5045669078826904,-0.8061304569244385
4,DiscNRX,trig,870,1,0,0,0,nan,-0.5113283395767212,-0.8061304569244385
4,DiscNRX,trig,871,1,0,0,0,nan,-0.43653830885887146,-0.8061304569244385
4,DiscNRX,trig,872,1,0,0,0,nan,-0.49422433972358704,-0.8061304569244385
4,DiscNRX,trig,873,1,0,0,0,nan,-0.4873487651348114,-0.8061304569244385
4,DiscNRX,trig,874,1,0,0,0,nan,-0.4969479739665985,-0.8061304569244385
4,DiscNRX,trig,875,1,0,0,0,nan,-0.4672680199146271,-0.8061304569244385
4,DiscNRX,trig,876,1,0,0,0,nan,-0.45514699816703796,-0.8061304569244385
4,DiscNRX,trig,877,1,0,0,0,nan,-0.505999743938446,-0.8061304569244385
4,DiscNRX,trig,878,1,0,0,0,nan,-0.47174251079559326,-0.8061304569244385
4,DiscNRX,trig,879,1,0,0,0,nan,-0.5515146851539612,-0.8061304569244385
4,DiscNRX,trig,880,1,0,0,0,nan,-0.5347733497619629,-0.8061304569244385
4,DiscNRX,trig,881,1,0,0,0,nan,-0.5017970204353333,-0.8061304569244385
4,DiscNRX,trig,882,1,0,0,0,nan,-0.5418870449066162,-0.8061304569244385
4,DiscNRX,trig,883,1,0,0,0,nan,-0.42490023374557495,-0.8061304569244385
4,DiscNRX,trig,884,1,0,0,0,nan,-0.5197277069091797,-0.8061304569244385
4,DiscNRX,trig,885,1,0,0,0,nan,-0.5200474858283997,-0.8061304569244385
4,DiscNRX,trig,886,1,0,0,0,nan,-0.48378822207450867,-0.8061304569244385
4,DiscNRX,trig,887,1,0,0,0,nan,-0.47925183176994324,-0.8061304569244385
4,DiscNRX,trig,888,1,0,0,0,nan,-0.5011812448501587,-0.8061304569244385
4,DiscNRX,trig,889,1,0,0,0,nan,-0.5086445808410645,-0.8061304569244385
4,DiscNRX,trig,890,1,0,0,0,nan,-0.5026203393936157,-0.8061304569244385
4,DiscNRX,trig,891,1,0,0,0,nan,-0.45988327264785767,-0.8061304569244385
4,DiscNRX,trig,892,1,0,0,0,nan,-0.5381035208702087,-0.8061304569244385
4,DiscNRX,trig,893,1,0,0,0,nan,-0.5052860975265503,-0.8061304569244385
4,DiscNRX,trig,894,1,0,0,0,nan,-0.4939296543598175,-0.8061304569244385
4,DiscNRX,trig,895,1,0,0,0,nan,-0.48005184531211853,-0.8061304569244385
4,DiscNRX,trig,896,1,0,0,0,nan,-0.48529842495918274,-0.8061304569244385
4,DiscNRX,trig,897,1,0,0,0,nan,-0.4571016728878021,-0.8061304569244385
4,DiscNRX,trig,898,1,0,0,0,nan,-0.45708662271499634,-0.8061304569244385
4,DiscNRX,trig,899,1,0,0,0,nan,-0.4858441948890686,-0.8061304569244385
4,DiscNRX,trig,900,1,0,0,0,nan,-0.5452497005462646,-0.8061304569244385
4,DiscNRX,trig,901,1,0,0,0,nan,-0.502634584903717,-0.8061304569244385
4,DiscNRX,trig,902,1,0,0,0,nan,-0.5032081007957458,-0.8061304569244385
4,DiscNRX,trig,903,1,0,0,0,nan,-0.506778359413147,-0.8061304569244385
4,DiscNRX,trig,904,1,0,0,0,nan,-0.5176866054534912,-0.8061304569244385
4,DiscNRX,trig,905,1,0,0,0,nan,-0.4873191714286804,-0.8061304569244385
4,DiscNRX,trig,906,1,0,0,0,nan,-0.527438759803772,-0.8061304569244385
4,DiscNRX,trig,907,1,0,0,0,nan,-0.5064841508865356,-0.8061304569244385
4,DiscNRX,trig,908,1,0,0,0,nan,-0.45790576934814453,-0.8061304569244385
4,DiscNRX,trig,909,1,0,0,0,nan,-0.5253075957298279,-0.8061304569244385
4,DiscNRX,trig,910,1,0,0,0,nan,-0.5507931709289551,-0.8061304569244385
4,DiscNRX,trig,911,1,0,0,0,nan,-0.5074442625045776,-0.8061304569244385
4,DiscNRX,trig,912,1,0,0,0,nan,-0.5258215665817261,-0.8061304569244385
4,DiscNRX,trig,913,1,0,0,0,nan,-0.4438472390174866,-0.8061304569244385
4,DiscNRX,trig,914,1,0,0,0,nan,-0.5112125873565674,-0.8061304569244385
4,DiscNRX,trig,915,1,0,0,0,nan,-0.549832284450531,-0.8061304569244385
4,DiscNRX,trig,916,1,0,0,0,nan,-0.5459409356117249,-0.8061304569244385
4,DiscNRX,trig,917,1,0,0,0,nan,-0.47102662920951843,-0.8061304569244385
4,DiscNRX,trig,918,1,0,0,0,nan,-0.51784747838974,-0.8061304569244385
4,DiscNRX,trig,919,1,0,0,0,nan,-0.4899655282497406,-0.8061304569244385
4,DiscNRX,trig,920,1,0,0,0,nan,-0.5683788061141968,-0.8061304569244385
4,DiscNRX,trig,921,1,0,0,0,nan,-0.5139114856719971,-0.8061304569244385
4,DiscNRX,trig,922,1,0,0,0,nan,-0.5166206955909729,-0.8061304569244385
4,DiscNRX,trig,923,1,0,0,0,nan,-0.521301805973053,-0.8061304569244385
4,DiscNRX,trig,924,1,0,0,0,nan,-0.507279098033905,-0.8061304569244385
4,DiscNRX,trig,925,1,0,0,0,nan,-0.45140668749809265,-0.8061304569244385
4,DiscNRX,trig,926,1,0,0,0,nan,-0.5626744031906128,-0.8061304569244385
4,DiscNRX,trig,927,1,0,0,0,nan,-0.5554960370063782,-0.8061304569244385
4,DiscNRX,trig,928,1,0,0,0,nan,-0.4819592237472534,-0.8061304569244385
4,DiscNRX,trig,929,1,0,0,0,nan,-0.5135127305984497,-0.8061304569244385
4,DiscNRX,trig,930,1,0,0,0,nan,-0.49161070585250854,-0.8061304569244385
4,DiscNRX,trig,931,1,0,0,0,nan,-0.519643247127533,-0.8061304569244385
4,DiscNRX,trig,932,1,0,0,0,nan,-0.5087178349494934,-0.8061304569244385
4,DiscNRX,trig,933,1,0,0,0,nan,-0.5010117292404175,-0.8061304569244385
4,DiscNRX,trig,934,1,0,0,0,nan,-0.4715711772441864,-0.8061304569244385
4,DiscNRX,trig,935,1,0,0,0,nan,-0.40940535068511963,-0.8061304569244385
4,DiscNRX,trig,936,1,0,0,0,nan,-0.5184689164161682,-0.8061304569244385
4,DiscNRX,trig,937,1,0,0,0,nan,-0.5157241821289062,-0.8061304569244385
4,DiscNRX,trig,938,1,0,0,0,nan,-0.5070611238479614,-0.8061304569244385
4,DiscNRX,trig,939,1,0,0,0,nan,-0.48540905117988586,-0.8061304569244385
4,DiscNRX,trig,940,1,0,0,0,nan,-0.504585862159729,-0.8061304569244385
4,DiscNRX,trig,941,1,0,0,0,nan,-0.4930746555328369,-0.8061304569244385
4,DiscNRX,trig,942,1,0,0,0,nan,-0.5142930746078491,-0.8061304569244385
4,DiscNRX,trig,943,1,0,0,0,nan,-0.5213972330093384,-0.8061304569244385
4,DiscNRX,trig,944,1,0,0,0,nan,-0.48575395345687866,-0.8061304569244385
4,DiscNRX,trig,945,1,0,0,0,nan,-0.49930524826049805,-0.8061304569244385
4,DiscNRX,trig,946,1,0,0,0,nan,-0.5070949792861938,-0.8061304569244385
4,DiscNRX,trig,947,1,0,0,0,nan,-0.4754180908203125,-0.8061304569244385
4,DiscNRX,trig,948,1,0,0,0,nan,-0.41448545455932617,-0.8061304569244385
4,DiscNRX,trig,949,1,0,0,0,nan,-0.5086380839347839,-0.8061304569244385
4,DiscNRX,trig,950,1,0,0,0,nan,-0.5097223520278931,-0.8061304569244385
4,DiscNRX,trig,951,1,0,0,0,nan,-0.5144019722938538,-0.8061304569244385
4,DiscNRX,trig,952,1,0,0,0,nan,-0.5324041843414307,-0.8061304569244385
4,DiscNRX,trig,953,1,0,0,0,nan,-0.516347348690033,-0.8061304569244385
4,DiscNRX,trig,954,1,0,0,0,nan,-0.5039997100830078,-0.8061304569244385
4,DiscNRX,trig,955,1,0,0,0,nan,-0.5074720978736877,-0.8061304569244385
4,DiscNRX,trig,956,1,0,0,0,nan,-0.5216521620750427,-0.8061304569244385
4,DiscNRX,trig,957,1,0,0,0,nan,-0.48713332414627075,-0.8061304569244385
4,DiscNRX,trig,958,1,0,0,0,nan,-0.4846314489841461,-0.8061304569244385
4,DiscNRX,trig,959,1,0,0,0,nan,-0.48479828238487244,-0.8061304569244385
4,DiscNRX,trig,960,1,0,0,0,nan,-0.4869590997695923,-0.8061304569244385
4,DiscNRX,trig,961,1,0,0,0,nan,-0.44442421197891235,-0.8061304569244385
4,DiscNRX,trig,962,1,0,0,0,nan,-0.49856629967689514,-0.8061304569244385
4,DiscNRX,trig,963,1,0,0,0,nan,-0.4775935411453247,-0.8061304569244385
4,DiscNRX,trig,964,1,0,0,0,nan,-0.4915706515312195,-0.8061304569244385
4,DiscNRX,trig,965,1,0,0,0,nan,-0.5019188523292542,-0.8061304569244385
4,DiscNRX,trig,966,1,0,0,0,nan,-0.5264602899551392,-0.8061304569244385
4,DiscNRX,trig,967,1,0,0,0,nan,-0.49456268548965454,-0.8061304569244385
4,DiscNRX,trig,968,1,0,0,0,nan,-0.4329102337360382,-0.8061304569244385
4,DiscNRX,trig,969,1,0,0,0,nan,-0.4899585247039795,-0.8061304569244385
4,DiscNRX,trig,970,1,0,0,0,nan,-0.48333030939102173,-0.8061304569244385
4,DiscNRX,trig,971,1,0,0,0,nan,-0.5042650103569031,-0.8061304569244385
4,DiscNRX,trig,972,1,0,0,0,nan,-0.4674791991710663,-0.8061304569244385
4,DiscNRX,trig,973,1,0,0,0,nan,-0.44716018438339233,-0.8061304569244385
4,DiscNRX,trig,974,1,0,0,0,nan,-0.5522507429122925,-0.8061304569244385
4,DiscNRX,trig,975,1,0,0,0,nan,-0.544344425201416,-0.8061304569244385
4,DiscNRX,trig,976,1,0,0,0,nan,-0.4798814654350281,-0.8061304569244385
4,DiscNRX,trig,977,1,0,0,0,nan,-0.4508323073387146,-0.8061304569244385
4,DiscNRX,trig,978,1,0,0,0,nan,-0.5110625624656677,-0.8061304569244385
4,DiscNRX,trig,979,1,0,0,0,nan,-0.470961332321167,-0.8061304569244385
4,DiscNRX,trig,980,1,0,0,0,nan,-0.49768495559692383,-0.8061304569244385
4,DiscNRX,trig,981,1,0,0,0,nan,-0.38726386427879333,-0.8061304569244385
4,DiscNRX,trig,982,1,0,0,0,nan,-0.5033214688301086,-0.8061304569244385
4,DiscNRX,trig,983,1,0,0,0,nan,-0.5066360235214233,-0.8061304569244385
4,DiscNRX,trig,984,1,0,0,0,nan,-0.4651380181312561,-0.8061304569244385
4,DiscNRX,trig,985,1,0,0,0,nan,-0.5179164409637451,-0.8061304569244385
4,DiscNRX,trig,986,1,0,0,0,nan,-0.47604888677597046,-0.8061304569244385
4,DiscNRX,trig,987,1,0,0,0,nan,-0.5069770216941833,-0.8061304569244385
4,DiscNRX,trig,988,1,0,0,0,nan,-0.4717429280281067,-0.8061304569244385
4,DiscNRX,trig,989,1,0,0,0,nan,-0.46780696511268616,-0.8061304569244385
4,DiscNRX,trig,990,1,0,0,0,nan,-0.490066796541214,-0.8061304569244385
4,DiscNRX,trig,991,1,0,0,0,nan,-0.47085630893707275,-0.8061304569244385
4,DiscNRX,trig,992,1,0,0,0,nan,-0.5012679100036621,-0.8061304569244385
4,DiscNRX,trig,993,1,0,0,0,nan,-0.5184910297393799,-0.8061304569244385
4,DiscNRX,trig,994,1,0,0,0,nan,-0.5109826922416687,-0.8061304569244385
4,DiscNRX,trig,995,1,0,0,0,nan,-0.4127674400806427,-0.8061304569244385
4,DiscNRX,trig,996,1,0,0,0,nan,-0.4962209165096283,-0.8061304569244385
4,DiscNRX,trig,997,1,0,0,0,nan,-0.46285465359687805,-0.8061304569244385
4,DiscNRX,trig,998,1,0,0,0,nan,-0.4749066233634949,-0.8061304569244385
4,DiscNRX,trig,999,1,0,0,0,nan,-0.506331205368042,-0.8061304569244385
