seed,receiver,mode,slot,err,crc_pass,false_pass,updated,update_ms,score,tau
1.0,AINR,none,0.0,0.0,1.0,0.0,0.0,nan,nan,0.6786327719688414
1.0,AINR,none,1.0,1.0,0.0,0.0,0.0,nan,nan,0.6786327719688414
1.0,AINR,none,2.0,1.0,0.0,0.0,0.0,nan,nan,0.6786327719688414
1.0,AINR,none,3.0,1.0,0.0,0.0,0.0,nan,nan,0.6786327719688414
1.0,AINR,none,4.0,1.0,0.0,0.0,0.0,nan,nan,0.6786327719688414
1.0,AINR,none,5.0,0.0,1.0,0.0,0.0,nan,nan,0.6786327719688414
1.0,AINR,none,6.0,1.0,0.0,0.0,0.0,nan,nan,0.6786327719688414
1.0,AINR,none,7.0,1.0,0.0,0.0,0.0,nan,nan,0.6786327719688414
1.0,AINR,none,8.0,1.0,0.0,0.0,0.0,nan,nan,0.6786327719688414
1.0,AINR,none,9.0,0.0,1.0,0.0,0.0,nan,nan,0.6786327719688414
1.0,AINR,none,10.0,1.0,0.0,0.0,0.0,nan,nan,0.6786327719688414
1.0,AINR,none,11.0,1.0,0.0,0.0,0.0,nan,nan,0.6786327719688414
1.0,AINR,none,12.0,1.0,0.0,0.0,0.0,nan,nan,0.6786327719688414
1.0,AINR,none,13.0,1.0,0.0,0.0,0.0,nan,nan,0.6786327719688414
1.0,AINR,none,14.0,1.0,0.0,0.0,0.0,nan,nan,0.6786327719688414
1.0,AINR,none,15.0,0.0,1.0,0.0,0.0,nan,nan,0.6786327719688414
1.0,AINR,none,16.0,1.0,0.0,0.0,0.0,nan,nan,0.6786327719688414
1.0,AINR,none,17.0,1.0,0.0,0.0,0.0,nan,nan,0.6786327719688414
1.0,AINR,none,18.0,1.0,0.0,0.0,0.0,nan,nan,0.6786327719688414
1.0,AINR,none,19.0,1.0,0.0,0.0,0.0,nan,nan,0.6786327719688414
1.0,AINR,none,20.0,0.0,1.0,0.0,0.0,nan,nan,0.6786327719688414
1.0,AINR,none,21.0,0.0,1.0,0.0,0.0,nan,nan,0.6786327719688414
1.0,AINR,none,22.0,1.0,0.0,0.0,0.0,nan,nan,0.6786327719688414
1.0,AINR,none,23.0,0.0,1.0,0.0,0.0,nan,nan,0.6786327719688414
1.0,AINR,none,24.0,1.0,0.0,0.0,0.0,nan,nan,0.6786327719688414
1.0,AINR,none,25.0,0.0,1.0,0.0,0.0,nan,nan,0.6786327719688414
1.0,AINR,none,26.0,1.0,0.0,0.0,0.0,nan,nan,0.6786327719688414
1.0,AINR,none,27.0,0.0,1.0,0.0,0.0,nan,nan,0.6786327719688414
1.0,AINR,none,28.0,1.0,0.0,0.0,0.0,nan,nan,0.6786327719688414
1.0,AINR,none,29.0,0.0,1.0,0.0,0.0,nan,nan,0.6786327719688414
1.0,AINR,none,30.0,1.0,0.0,0.0,0.0,nan,nan,0.6786327719688414
1.0,AINR,none,31.0,0.0,1.0,0.0,0.0,nan,nan,0.6786327719688414
1.0,AINR,none,32.0,1.0,0.0,0.0,0.0,nan,nan,0.6786327719688414
1.0,AINR,none,33.0,0.0,1.0,0.0,0.0,nan,nan,0.6786327719688414
1.0,AINR,none,34.0,1.0,0.0,0.0,0.0,nan,nan,0.6786327719688414
1.0,AINR,none,35.0,1.0,0.0,0.0,0.0,nan,nan,0.6786327719688414
1.0,AINR,none,36.0,0.0,1.0,0.0,0.0,nan,nan,0.6786327719688414
1.0,AINR,none,37.0,0.0,1.0,0.0,0.0,nan,nan,0.6786327719688414
1.0,AINR,none,38.0,1.0,0.0,0.0,0.0,nan,nan,0.6786327719688414
1.0,AINR,none,39.0,0.0,1.0,0.0,0.0,nan,nan,0.6786327719688414
1.0,AINR,none,40.0,1.0,0.0,0.0,0.0,nan,nan,0.6786327719688414
1.0,AINR,none,41.0,1.0,0.0,0.0,0.0,nan,nan,0.6786327719688414
1.0,AINR,none,42.0,1.0,0.0,0.0,0.0,nan,nan,0.6786327719688414
1.0,AINR,none,43.0,0.0,1.0,0.0,0.0,nan,nan,0.6786327719688414
1.0,AINR,none,44.0,0.0,1.0,0.0,0.0,nan,nan,0.6786327719688414
1.0,AINR,none,45.0,0.0,1.0,0.0,0.0,nan,nan,0.6786327719688414
1.0,AINR,none,46.0,1.0,0.0,0.0,0.0,nan,nan,0.6786327719688414
1.0,AINR,none,47.0,1.0,0.0,0.0,0.0,nan,nan,0.6786327719688414
1.0,AINR,none,48.0,1.0,0.0,0.0,0.0,nan,nan,0.6786327719688414
1.0,AINR,none,49.0,1.0,0.0,0.0,0.0,nan,nan,0.6786327719688414
1.0,AINR,none,50.0,1.0,0.0,0.0,0.0,nan,nan,0.6786327719688414
1.0,AINR,none,51.0,0.0,1.0,0.0,0.0,nan,nan,0.6786327719688414
1.0,AINR,none,52.0,1.0,0.0,0.0,0.0,nan,nan,0.6786327719688414
1.0,AINR,none,53.0,0.0,1.0,0.0,0.0,nan,nan,0.6786327719688414
1.0,AINR,none,54.0,1.0,0.0,0.0,0.0,nan,nan,0.6786327719688414
1.0,AINR,none,55.0,1.0,0.0,0.0,0.0,nan,nan,0.6786327719688414
1.0,AINR,none,56.0,1.0,0.0,0.0,0.0,nan,nan,0.6786327719688414
1.0,AINR,none,57.0,0.0,1.0,0.0,0.0,nan,nan,0.6786327719688414
1.0,AINR,none,58.0,1.0,0.0,0.0,0.0,nan,nan,0.6786327719688414
1.0,AINR,none,59.0,0.0,1.0,0.0,0.0,nan,nan,0.6786327719688414
1.0,AINR,none,60.0,1.0,0.0,0.0,0.0,nan,nan,0.6786327719688414
1.0,AINR,none,61.0,1.0,0.0,0.0,0.0,nan,nan,0.6786327719688414
1.0,AINR,none,62.0,1.0,0.0,0.0,0.0,nan,nan,0.6786327719688414
1.0,AINR,none,63.0,1.0,0.0,0.0,0.0,nan,nan,0.6786327719688414
1.0,AINR,none,64.0,0.0,1.0,0.0,0.0,nan,nan,0.6786327719688414
1.0,AINR,none,65.0,1.0,0.0,0.0,0.0,nan,nan,0.6786327719688414
1.0,AINR,none,66.0,0.0,1.0,0.0,0.0,nan,nan,0.6786327719688414
1.0,AINR,none,67.0,0.0,1.0,0.0,0.0,nan,nan,0.6786327719688414
1.0,AINR,none,68.0,1.0,0.0,0.0,0.0,nan,nan,0.6786327719688414
1.0,AINR,none,69.0,1.0,0.0,0.0,0.0,nan,nan,0.6786327719688414
1.0,AINR,none,70.0,1.0,0.0,0.0,0.0,nan,nan,0.6786327719688414
1.0,AINR,none,71.0,1.0,0.0,0.0,0.0,nan,nan,0.6786327719688414
1.0,AINR,none,72.0,1.0,0.0,0.0,0.0,nan,nan,0.6786327719688414
1.0,AINR,none,73.0,1.0,0.0,0.0,0.0,nan,nan,0.6786327719688414
1.0,AINR,none,74.0,0.0,1.0,0.0,0.0,nan,nan,0.6786327719688414
1.0,AINR,none,75.0,1.0,0.0,0.0,0.0,nan,nan,0.6786327719688414
1.0,AINR,none,76.0,1.0,0.0,0.0,0.0,nan,nan,0.6786327719688414
1.0,AINR,none,77.0,0.0,1.0,0.0,0.0,nan,nan,0.6786327719688414
1.0,AINR,none,78.0,1.0,0.0,0.0,0.0,nan,nan,0.6786327719688414
1.0,AINR,none,79.0,1.0,0.0,0.0,0.0,nan,nan,0.6786327719688414
1.0,AINR,none,80.0,1.0,0.0,0.0,0.0,nan,nan,0.6786327719688414
1.0,AINR,none,81.0,1.0,0.0,0.0,0.0,nan,nan,0.6786327719688414
1.0,AINR,none,82.0,0.0,1.0,0.0,0.0,nan,nan,0.6786327719688414
1.0,AINR,none,83.0,1.0,0.0,0.0,0.0,nan,nan,0.6786327719688414
1.0,AINR,none,84.0,1.0,0.0,0.0,0.0,nan,nan,0.6786327719688414
1.0,AINR,none,85.0,0.0,1.0,0.0,0.0,nan,nan,0.6786327719688414
1.0,AINR,none,86.0,0.0,1.0,0.0,0.0,nan,nan,0.6786327719688414
1.0,AINR,none,87.0,0.0,1.0,0.0,0.0,nan,nan,0.6786327719688414
1.0,AINR,none,88.0,1.0,0.0,0.0,0.0,nan,nan,0.6786327719688414
1.0,AINR,none,89.0,1.0,0.0,0.0,0.0,nan,nan,0.6786327719688414
1.0,AINR,none,90.0,1.0,0.0,0.0,0.0,nan,nan,0.6786327719688414
1.0,AINR,none,91.0,0.0,1.0,0.0,0.0,nan,nan,0.6786327719688414
1.0,AINR,none,92.0,1.0,0.0,0.0,0.0,nan,nan,0.6786327719688414
1.0,AINR,none,93.0,0.0,1.0,0.0,0.0,nan,nan,0.6786327719688414
1.0,AINR,none,94.0,1.0,0.0,0.0,0.0,nan,nan,0.6786327719688414
1.0,AINR,none,95.0,1.0,0.0,0.0,0.0,nan,nan,0.6786327719688414
1.0,AINR,none,96.0,1.0,0.0,0.0,0.0,nan,nan,0.6786327719688414
1.0,AINR,none,97.0,0.0,1.0,0.0,0.0,nan,nan,0.6786327719688414
1.0,AINR,none,98.0,1.0,0.0,0.0,0.0,nan,nan,0.6786327719688414
1.0,AINR,none,99.0,0.0,1.0,0.0,0.0,nan,nan,0.6786327719688414
1.0,AINR,none,100.0,1.0,0.0,0.0,0.0,nan,nan,0.6786327719688414
1.0,AINR,none,101.0,1.0,0.0,0.0,0.0,nan,nan,0.6786327719688414
1.0,AINR,none,102.0,1.0,0.0,0.0,0.0,nan,nan,0.6786327719688414
1.0,AINR,none,103.0,0.0,1.0,0.0,0.0,nan,nan,0.6786327719688414
1.0,AINR,none,104.0,0.0,1.0,0.0,0.0,nan,nan,0.6786327719688414
1.0,AINR,none,105.0,1.0,0.0,0.0,0.0,nan,nan,0.6786327719688414
1.0,AINR,none,106.0,1.0,0.0,0.0,0.0,nan,nan,0.6786327719688414
1.0,AINR,none,107.0,0.0,1.0,0.0,0.0,nan,nan,0.6786327719688414
1.0,AINR,none,108.0,1.0,0.0,0.0,0.0,nan,nan,0.6786327719688414
1.0,AINR,none,109.0,1.0,0.0,0.0,0.0,nan,nan,0.6786327719688414
1.0,AINR,none,110.0,0.0,1.0,0.0,0.0,nan,nan,0.6786327719688414
1.0,AINR,none,111.0,1.0,0.0,0.0,0.0,nan,nan,0.6786327719688414
1.0,AINR,none,112.0,0.0,1.0,0.0,0.0,nan,nan,0.6786327719688414
1.0,AINR,none,113.0,0.0,1.0,0.0,0.0,nan,nan,0.6786327719688414
1.0,AINR,none,114.0,1.0,0.0,0.0,0.0,nan,nan,0.6786327719688414
1.0,AINR,none,115.0,1.0,0.0,0.0,0.0,nan,nan,0.6786327719688414
1.0,AINR,none,116.0,1.0,0.0,0.0,0.0,nan,nan,0.6786327719688414
1.0,AINR,none,117.0,0.0,1.0,0.0,0.0,nan,nan,0.6786327719688414
1.0,AINR,none,118.0,1.0,0.0,0.0,0.0,nan,nan,0.6786327719688414
1.0,AINR,none,119.0,1.0,0.0,0.0,0.0,nan,nan,0.6786327719688414
1.0,AINR,none,120.0,0.0,1.0,0.0,0.0,nan,nan,0.6786327719688414
1.0,AINR,none,121.0,1.0,0.0,0.0,0.0,nan,nan,0.6786327719688414
1.0,AINR,none,122.0,1.0,0.0,0.0,0.0,nan,nan,0.6786327719688414
1.0,AINR,none,123.0,1.0,0.0,0.0,0.0,nan,nan,0.6786327719688414
1.0,AINR,none,124.0,1.0,0.0,0.0,0.0,nan,nan,0.6786327719688414
1.0,AINR,none,125.0,0.0,1.0,0.0,0.0,nan,nan,0.6786327719688414
1.0,AINR,none,126.0,1.0,0.0,0.0,0.0,nan,nan,0.6786327719688414
1.0,AINR,none,127.0,0.0,1.0,0.0,0.0,nan,nan,0.6786327719688414
1.0,AINR,none,128.0,1.0,0.0,0.0,0.0,nan,nan,0.6786327719688414
1.0,AINR,none,129.0,1.0,0.0,0.0,0.0,nan,nan,0.6786327719688414
1.0,AINR,none,130.0,1.0,0.0,0.0,0.0,nan,nan,0.6786327719688414
1.0,AINR,none,131.0,1.0,0.0,0.0,0.0,nan,nan,0.6786327719688414
1.0,AINR,none,132.0,0.0,1.0,0.0,0.0,nan,nan,0.6786327719688414
1.0,AINR,none,133.0,1.0,0.0,0.0,0.0,nan,nan,0.6786327719688414
1.0,AINR,none,134.0,1.0,0.0,0.0,0.0,nan,nan,0.6786327719688414
1.0,AINR,none,135.0,0.0,1.0,0.0,0.0,nan,nan,0.6786327719688414
1.0,AINR,none,136.0,1.0,0.0,0.0,0.0,nan,nan,0.6786327719688414
1.0,AINR,none,137.0,1.0,0.0,0.0,0.0,nan,nan,0.6786327719688414
1.0,AINR,none,138.0,1.0,0.0,0.0,0.0,nan,nan,0.6786327719688414
1.0,AINR,none,139.0,1.0,0.0,0.0,0.0,nan,nan,0.6786327719688414
1.0,AINR,none,140.0,1.0,0.0,0.0,0.0,nan,nan,0.6786327719688414
1.0,AINR,none,141.0,0.0,1.0,0.0,0.0,nan,nan,0.6786327719688414
1.0,AINR,none,142.0,1.0,0.0,0.0,0.0,nan,nan,0.6786327719688414
1.0,AINR,none,143.0,1.0,0.0,0.0,0.0,nan,nan,0.6786327719688414
1.0,AINR,none,144.0,0.0,1.0,0.0,0.0,nan,nan,0.6786327719688414
1.0,AINR,none,145.0,1.0,0.0,0.0,0.0,nan,nan,0.6786327719688414
1.0,AINR,none,146.0,0.0,1.0,0.0,0.0,nan,nan,0.6786327719688414
1.0,AINR,none,147.0,1.0,0.0,0.0,0.0,nan,nan,0.6786327719688414
1.0,AINR,none,148.0,1.0,0.0,0.0,0.0,nan,nan,0.6786327719688414
1.0,AINR,none,149.0,0.0,1.0,0.0,0.0,nan,nan,0.6786327719688414
1.0,AINR,none,150.0,1.0,0.0,0.0,0.0,nan,nan,0.6786327719688414
1.0,AINR,none,151.0,1.0,0.0,0.0,0.0,nan,nan,0.6786327719688414
1.0,AINR,none,152.0,0.0,1.0,0.0,0.0,nan,nan,0.6786327719688414
1.0,AINR,none,153.0,1.0,0.0,0.0,0.0,nan,nan,0.6786327719688414
1.0,AINR,none,154.0,1.0,0.0,0.0,0.0,nan,nan,0.6786327719688414
1.0,AINR,none,155.0,1.0,0.0,0.0,0.0,nan,nan,0.6786327719688414
1.0,AINR,none,156.0,1.0,0.0,0.0,0.0,nan,nan,0.6786327719688414
1.0,AINR,none,157.0,1.0,0.0,0.0,0.0,nan,nan,0.6786327719688414
1.0,AINR,none,158.0,1.0,0.0,0.0,0.0,nan,nan,0.6786327719688414
1.0,AINR,none,159.0,0.0,1.0,0.0,0.0,nan,nan,0.6786327719688414
1.0,AINR,none,160.0,1.0,0.0,0.0,0.0,nan,nan,0.6786327719688414
1.0,AINR,none,161.0,1.0,0.0,0.0,0.0,nan,nan,0.6786327719688414
1.0,AINR,none,162.0,0.0,1.0,0.0,0.0,nan,nan,0.6786327719688414
1.0,AINR,none,163.0,1.0,0.0,0.0,0.0,nan,nan,0.6786327719688414
1.0,AINR,none,164.0,0.0,1.0,0.0,0.0,nan,nan,0.6786327719688414
1.0,AINR,none,165.0,1.0,0.0,0.0,0.0,nan,nan,0.6786327719688414
1.0,AINR,none,166.0,0.0,1.0,0.0,0.0,nan,nan,0.6786327719688414
1.0,AINR,none,167.0,1.0,0.0,0.0,0.0,nan,nan,0.6786327719688414
1.0,AINR,none,168.0,1.0,0.0,0.0,0.0,nan,nan,0.6786327719688414
1.0,AINR,none,169.0,1.0,0.0,0.0,0.0,nan,nan,0.6786327719688414
1.0,AINR,none,170.0,0.0,1.0,0.0,0.0,nan,nan,0.6786327719688414
1.0,AINR,none,171.0,1.0,0.0,0.0,0.0,nan,nan,0.6786327719688414
1.0,AINR,none,172.0,1.0,0.0,0.0,0.0,nan,nan,0.6786327719688414
1.0,AINR,none,173.0,1.0,0.0,0.0,0.0,nan,nan,0.6786327719688414
1.0,AINR,none,174.0,1.0,0.0,0.0,0.0,nan,nan,0.6786327719688414
1.0,AINR,none,175.0,1.0,0.0,0.0,0.0,nan,nan,0.6786327719688414
1.0,AINR,none,176.0,0.0,1.0,0.0,0.0,nan,nan,0.6786327719688414
1.0,AINR,none,177.0,1.0,0.0,0.0,0.0,nan,nan,0.6786327719688414
1.0,AINR,none,178.0,0.0,1.0,0.0,0.0,nan,nan,0.6786327719688414
1.0,AINR,none,179.0,1.0,0.0,0.0,0.0,nan,nan,0.6786327719688414
1.0,AINR,none,180.0,0.0,1.0,0.0,0.0,nan,nan,0.6786327719688414
1.0,AINR,none,181.0,0.0,1.0,0.0,0.0,nan,nan,0.6786327719688414
1.0,AINR,none,182.0,1.0,0.0,0.0,0.0,nan,nan,0.6786327719688414
1.0,AINR,none,183.0,0.0,1.0,0.0,0.0,nan,nan,0.6786327719688414
1.0,AINR,none,184.0,1.0,0.0,0.0,0.0,nan,nan,0.6786327719688414
1.0,AINR,none,185.0,0.0,1.0,0.0,0.0,nan,nan,0.6786327719688414
1.0,AINR,none,186.0,1.0,0.0,0.0,0.0,nan,nan,0.6786327719688414
1.0,AINR,none,187.0,0.0,1.0,0.0,0.0,nan,nan,0.6786327719688414
1.0,AINR,none,188.0,0.0,1.0,0.0,0.0,nan,nan,0.6786327719688414
1.0,AINR,none,189.0,1.0,0.0,0.0,0.0,nan,nan,0.6786327719688414
1.0,AINR,none,190.0,1.0,0.0,0.0,0.0,nan,nan,0.6786327719688414
1.0,AINR,none,191.0,0.0,1.0,0.0,0.0,nan,nan,0.6786327719688414
1.0,AINR,none,192.0,1.0,0.0,0.0,0.0,nan,nan,0.6786327719688414
1.0,AINR,none,193.0,1.0,0.0,0.0,0.0,nan,nan,0.6786327719688414
1.0,AINR,none,194.0,0.0,1.0,0.0,0.0,nan,nan,0.6786327719688414
1.0,AINR,none,195.0,0.0,1.0,0.0,0.0,nan,nan,0.6786327719688414
1.0,AINR,none,196.0,1.0,0.0,0.0,0.0,nan,nan,0.6786327719688414
1.0,AINR,none,197.0,1.0,0.0,0.0,0.0,nan,nan,0.6786327719688414
1.0,AINR,none,198.0,1.0,0.0,0.0,0.0,nan,nan,0.6786327719688414
1.0,AINR,none,199.0,0.0,1.0,0.0,0.0,nan,nan,0.6786327719688414
1.0,AINR,none,200.0,1.0,0.0,0.0,0.0,nan,nan,0.6786327719688414
1.0,AINR,none,201.0,0.0,1.0,0.0,0.0,nan,nan,0.6786327719688414
1.0,AINR,none,202.0,1.0,0.0,0.0,0.0,nan,nan,0.6786327719688414
1.0,AINR,none,203.0,1.0,0.0,0.0,0.0,nan,nan,0.6786327719688414
1.0,AINR,none,204.0,1.0,0.0,0.0,0.0,nan,nan,0.6786327719688414
1.0,AINR,none,205.0,0.0,1.0,0.0,0.0,nan,nan,0.6786327719688414
1.0,AINR,none,206.0,1.0,0.0,0.0,0.0,nan,nan,0.6786327719688414
1.0,AINR,none,207.0,0.0,1.0,0.0,0.0,nan,nan,0.6786327719688414
1.0,AINR,none,208.0,1.0,0.0,0.0,0.0,nan,nan,0.6786327719688414
1.0,AINR,none,209.0,1.0,0.0,0.0,0.0,nan,nan,0.6786327719688414
1.0,AINR,none,210.0,1.0,0.0,0.0,0.0,nan,nan,0.6786327719688414
1.0,AINR,none,211.0,1.0,0.0,0.0,0.0,nan,nan,0.6786327719688414
1.0,AINR,none,212.0,0.0,1.0,0.0,0.0,nan,nan,0.6786327719688414
1.0,AINR,none,213.0,0.0,1.0,0.0,0.0,nan,nan,0.6786327719688414
1.0,AINR,none,214.0,0.0,1.0,0.0,0.0,nan,nan,0.6786327719688414
1.0,AINR,none,215.0,1.0,0.0,0.0,0.0,nan,nan,0.6786327719688414
1.0,AINR,none,216.0,1.0,0.0,0.0,0.0,nan,nan,0.6786327719688414
1.0,AINR,none,217.0,1.0,0.0,0.0,0.0,nan,nan,0.6786327719688414
1.0,AINR,none,218.0,1.0,0.0,0.0,0.0,nan,nan,0.6786327719688414
1.0,AINR,none,219.0,1.0,0.0,0.0,0.0,nan,nan,0.6786327719688414
1.0,AINR,none,220.0,1.0,0.0,0.0,0.0,nan,nan,0.6786327719688414
1.0,AINR,none,221.0,0.0,1.0,0.0,0.0,nan,nan,0.6786327719688414
1.0,AINR,none,222.0,1.0,0.0,0.0,0.0,nan,nan,0.6786327719688414
1.0,AINR,none,223.0,1.0,0.0,0.0,0.0,nan,nan,0.6786327719688414
1.0,AINR,none,224.0,1.0,0.0,0.0,0.0,nan,nan,0.6786327719688414
1.0,AINR,none,225.0,0.0,1.0,0.0,0.0,nan,nan,0.6786327719688414
1.0,AINR,none,226.0,1.0,0.0,0.0,0.0,nan,nan,0.6786327719688414
1.0,AINR,none,227.0,1.0,0.0,0.0,0.0,nan,nan,0.6786327719688414
1.0,AINR,none,228.0,0.0,1.0,0.0,0.0,nan,nan,0.6786327719688414
1.0,AINR,none,229.0,1.0,0.0,0.0,0.0,nan,nan,0.6786327719688414
1.0,AINR,none,230.0,1.0,0.0,0.0,0.0,nan,nan,0.6786327719688414
1.0,AINR,none,231.0,1.0,0.0,0.0,0.0,nan,nan,0.6786327719688414
1.0,AINR,none,232.0,0.0,1.0,0.0,0.0,nan,nan,0.6786327719688414
1.0,AINR,none,233.0,0.0,1.0,0.0,0.0,nan,nan,0.6786327719688414
1.0,AINR,none,234.0,1.0,0.0,0.0,0.0,nan,nan,0.6786327719688414
1.0,AINR,none,235.0,1.0,0.0,0.0,0.0,nan,nan,0.6786327719688414
1.0,AINR,none,236.0,1.0,0.0,0.0,0.0,nan,nan,0.6786327719688414
1.0,AINR,none,237.0,1.0,0.0,0.0,0.0,nan,nan,0.6786327719688414
1.0,AINR,none,238.0,1.0,0.0,0.0,0.0,nan,nan,0.6786327719688414
1.0,AINR,none,239.0,1.0,0.0,0.0,0.0,nan,nan,0.6786327719688414
1.0,AINR,none,240.0,0.0,1.0,0.0,0.0,nan,nan,0.6786327719688414
1.0,AINR,none,241.0,1.0,0.0,0.0,0.0,nan,nan,0.6786327719688414
1.0,AINR,none,242.0,1.0,0.0,0.0,0.0,nan,nan,0.6786327719688414
1.0,AINR,none,243.0,1.0,0.0,0.0,0.0,nan,nan,0.6786327719688414
1.0,AINR,none,244.0,1.0,0.0,0.0,0.0,nan,nan,0.6786327719688414
1.0,AINR,none,245.0,1.0,0.0,0.0,0.0,nan,nan,0.6786327719688414
1.0,AINR,none,246.0,1.0,0.0,0.0,0.0,nan,nan,0.6786327719688414
1.0,AINR,none,247.0,0.0,1.0,0.0,0.0,nan,nan,0.6786327719688414
1.0,AINR,none,248.0,1.0,0.0,0.0,0.0,nan,nan,0.6786327719688414
1.0,AINR,none,249.0,0.0,1.0,0.0,0.0,nan,nan,0.6786327719688414
1.0,AINR,none,250.0,1.0,0.0,0.0,0.0,nan,nan,0.6786327719688414
1.0,AINR,none,251.0,1.0,0.0,0.0,0.0,nan,nan,0.6786327719688414
1.0,AINR,none,252.0,1.0,0.0,0.0,0.0,nan,nan,0.6786327719688414
1.0,AINR,none,253.0,1.0,0.0,0.0,0.0,nan,nan,0.6786327719688414
1.0,AINR,none,254.0,1.0,0.0,0.0,0.0,nan,nan,0.6786327719688414
1.0,AINR,none,255.0,1.0,0.0,0.0,0.0,nan,nan,0.6786327719688414
1.0,AINR,none,256.0,0.0,1.0,0.0,0.0,nan,nan,0.6786327719688414
1.0,AINR,none,257.0,1.0,0.0,0.0,0.0,nan,nan,0.6786327719688414
1.0,AINR,none,258.0,1.0,0.0,0.0,0.0,nan,nan,0.6786327719688414
1.0,AINR,none,259.0,1.0,0.0,0.0,0.0,nan,nan,0.6786327719688414
1.0,AINR,none,260.0,1.0,0.0,0.0,0.0,nan,nan,0.6786327719688414
1.0,AINR,none,261.0,0.0,1.0,0.0,0.0,nan,nan,0.6786327719688414
1.0,AINR,none,262.0,0.0,1.0,0.0,0.0,nan,nan,0.6786327719688414
1.0,AINR,none,263.0,1.0,0.0,0.0,0.0,nan,nan,0.6786327719688414
1.0,AINR,none,264.0,1.0,0.0,0.0,0.0,nan,nan,0.6786327719688414
1.0,AINR,none,265.0,1.0,0.0,0.0,0.0,nan,nan,0.6786327719688414
1.0,AINR,none,266.0,0.0,1.0,0.0,0.0,nan,nan,0.6786327719688414
1.0,AINR,none,267.0,1.0,0.0,0.0,0.0,nan,nan,0.6786327719688414
1.0,AINR,none,268.0,1.0,0.0,0.0,0.0,nan,nan,0.6786327719688414
1.0,AINR,none,269.0,1.0,0.0,0.0,0.0,nan,nan,0.6786327719688414
1.0,AINR,none,270.0,0.0,1.0,0.0,0.0,nan,nan,0.6786327719688414
1.0,AINR,none,271.0,0.0,1.0,0.0,0.0,nan,nan,0.6786327719688414
1.0,AINR,none,272.0,0.0,1.0,0.0,0.0,nan,nan,0.6786327719688414
1.0,AINR,none,273.0,0.0,1.0,0.0,0.0,nan,nan,0.6786327719688414
1.0,AINR,none,274.0,1.0,0.0,0.0,0.0,nan,nan,0.6786327719688414
1.0,AINR,none,275.0,0.0,1.0,0.0,0.0,nan,nan,0.6786327719688414
1.0,AINR,none,276.0,0.0,1.0,0.0,0.0,nan,nan,0.6786327719688414
1.0,AINR,none,277.0,1.0,0.0,0.0,0.0,nan,nan,0.6786327719688414
1.0,AINR,none,278.0,1.0,0.0,0.0,0.0,nan,nan,0.6786327719688414
1.0,AINR,none,279.0,1.0,0.0,0.0,0.0,nan,nan,0.6786327719688414
1.0,AINR,none,280.0,1.0,0.0,0.0,0.0,nan,nan,0.6786327719688414
1.0,AINR,none,281.0,1.0,0.0,0.0,0.0,nan,nan,0.6786327719688414
1.0,AINR,none,282.0,1.0,0.0,0.0,0.0,nan,nan,0.6786327719688414
1.0,AINR,none,283.0,1.0,0.0,0.0,0.0,nan,nan,0.6786327719688414
1.0,AINR,none,284.0,1.0,0.0,0.0,0.0,nan,nan,0.6786327719688414
1.0,AINR,none,285.0,0.0,1.0,0.0,0.0,nan,nan,0.6786327719688414
1.0,AINR,none,286.0,0.0,1.0,0.0,0.0,nan,nan,0.6786327719688414
1.0,AINR,none,287.0,1.0,0.0,0.0,0.0,nan,nan,0.6786327719688414
1.0,AINR,none,288.0,1.0,0.0,0.0,0.0,nan,nan,0.6786327719688414
1.0,AINR,none,289.0,1.0,0.0,0.0,0.0,nan,nan,0.6786327719688414
1.0,AINR,none,290.0,1.0,0.0,0.0,0.0,nan,nan,0.6786327719688414
1.0,AINR,none,291.0,1.0,0.0,0.0,0.0,nan,nan,0.6786327719688414
1.0,AINR,none,292.0,0.0,1.0,0.0,0.0,nan,nan,0.6786327719688414
1.0,AINR,none,293.0,1.0,0.0,0.0,0.0,nan,nan,0.6786327719688414
1.0,AINR,none,294.0,1.0,0.0,0.0,0.0,nan,nan,0.6786327719688414
1.0,AINR,none,295.0,1.0,0.0,0.0,0.0,nan,nan,0.6786327719688414
1.0,AINR,none,296.0,1.0,0.0,0.0,0.0,nan,nan,0.6786327719688414
1.0,AINR,none,297.0,0.0,1.0,0.0,0.0,nan,nan,0.6786327719688414
1.0,AINR,none,298.0,1.0,0.0,0.0,0.0,nan,nan,0.6786327719688414
1.0,AINR,none,299.0,0.0,1.0,0.0,0.0,nan,nan,0.6786327719688414
1.0,AINR,none,300.0,0.0,1.0,0.0,0.0,nan,nan,0.6786327719688414
1.0,AINR,none,301.0,1.0,0.0,0.0,0.0,nan,nan,0.6786327719688414
1.0,AINR,none,302.0,1.0,0.0,0.0,0.0,nan,nan,0.6786327719688414
1.0,AINR,none,303.0,1.0,0.0,0.0,0.0,nan,nan,0.6786327719688414
1.0,AINR,none,304.0,1.0,0.0,0.0,0.0,nan,nan,0.6786327719688414
1.0,AINR,none,305.0,1.0,0.0,0.0,0.0,nan,nan,0.6786327719688414
1.0,AINR,none,306.0,1.0,0.0,0.0,0.0,nan,nan,0.6786327719688414
1.0,AINR,none,307.0,1.0,0.0,0.0,0.0,nan,nan,0.6786327719688414
1.0,AINR,none,308.0,1.0,0.0,0.0,0.0,nan,nan,0.6786327719688414
1.0,AINR,none,309.0,0.0,1.0,0.0,0.0,nan,nan,0.6786327719688414
1.0,AINR,none,310.0,1.0,0.0,0.0,0.0,nan,nan,0.6786327719688414
1.0,AINR,none,311.0,1.0,0.0,0.0,0.0,nan,nan,0.6786327719688414
1.0,AINR,none,312.0,0.0,1.0,0.0,0.0,nan,nan,0.6786327719688414
1.0,AINR,none,313.0,0.0,1.0,0.0,0.0,nan,nan,0.6786327719688414
1.0,AINR,none,314.0,1.0,0.0,0.0,0.0,nan,nan,0.6786327719688414
1.0,AINR,none,315.0,1.0,0.0,0.0,0.0,nan,nan,0.6786327719688414
1.0,AINR,none,316.0,1.0,0.0,0.0,0.0,nan,nan,0.6786327719688414
1.0,AINR,none,317.0,0.0,1.0,0.0,0.0,nan,nan,0.6786327719688414
1.0,AINR,none,318.0,1.0,0.0,0.0,0.0,nan,nan,0.6786327719688414
1.0,AINR,none,319.0,1.0,0.0,0.0,0.0,nan,nan,0.6786327719688414
1.0,AINR,none,320.0,1.0,0.0,0.0,0.0,nan,nan,0.6786327719688414
1.0,AINR,none,321.0,1.0,0.0,0.0,0.0,nan,nan,0.6786327719688414
1.0,AINR,none,322.0,0.0,1.0,0.0,0.0,nan,nan,0.6786327719688414
1.0,AINR,none,323.0,1.0,0.0,0.0,0.0,nan,nan,0.6786327719688414
1.0,AINR,none,324.0,1.0,0.0,0.0,0.0,nan,nan,0.6786327719688414
1.0,AINR,none,325.0,1.0,0.0,0.0,0.0,nan,nan,0.6786327719688414
1.0,AINR,none,326.0,1.0,0.0,0.0,0.0,nan,nan,0.6786327719688414
1.0,AINR,none,327.0,1.0,0.0,0.0,0.0,nan,nan,0.6786327719688414
1.0,AINR,none,328.0,1.0,0.0,0.0,0.0,nan,nan,0.6786327719688414
1.0,AINR,none,329.0,1.0,0.0,0.0,0.0,nan,nan,0.6786327719688414
1.0,AINR,none,330.0,0.0,1.0,0.0,0.0,nan,nan,0.6786327719688414
1.0,AINR,none,331.0,0.0,1.0,0.0,0.0,nan,nan,0.6786327719688414
1.0,AINR,none,332.0,1.0,0.0,0.0,0.0,nan,nan,0.6786327719688414
1.0,AINR,none,333.0,1.0,0.0,0.0,0.0,nan,nan,0.6786327719688414
1.0,AINR,none,334.0,0.0,1.0,0.0,0.0,nan,nan,0.6786327719688414
1.0,AINR,none,335.0,0.0,1.0,0.0,0.0,nan,nan,0.6786327719688414
1.0,AINR,none,336.0,0.0,1.0,0.0,0.0,nan,nan,0.6786327719688414
1.0,AINR,none,337.0,1.0,0.0,0.0,0.0,nan,nan,0.6786327719688414
1.0,AINR,none,338.0,0.0,1.0,0.0,0.0,nan,nan,0.6786327719688414
1.0,AINR,none,339.0,1.0,0.0,0.0,0.0,nan,nan,0.6786327719688414
1.0,AINR,none,340.0,1.0,0.0,0.0,0.0,nan,nan,0.6786327719688414
1.0,AINR,none,341.0,0.0,1.0,0.0,0.0,nan,nan,0.6786327719688414
1.0,AINR,none,342.0,1.0,0.0,0.0,0.0,nan,nan,0.6786327719688414
1.0,AINR,none,343.0,1.0,0.0,0.0,0.0,nan,nan,0.6786327719688414
1.0,AINR,none,344.0,0.0,1.0,0.0,0.0,nan,nan,0.6786327719688414
1.0,AINR,none,345.0,1.0,0.0,0.0,0.0,nan,nan,0.6786327719688414
1.0,AINR,none,346.0,1.0,0.0,0.0,0.0,nan,nan,0.6786327719688414
1.0,AINR,none,347.0,1.0,0.0,0.0,0.0,nan,nan,0.6786327719688414
1.0,AINR,none,348.0,1.0,0.0,0.0,0.0,nan,nan,0.6786327719688414
1.0,AINR,none,349.0,1.0,0.0,0.0,0.0,nan,nan,0.6786327719688414
1.0,AINR,none,350.0,0.0,1.0,0.0,0.0,nan,nan,0.6786327719688414
1.0,AINR,none,351.0,0.0,1.0,0.0,0.0,nan,nan,0.6786327719688414
1.0,AINR,none,352.0,0.0,1.0,0.0,0.0,nan,nan,0.6786327719688414
1.0,AINR,none,353.0,0.0,1.0,0.0,0.0,nan,nan,0.6786327719688414
1.0,AINR,none,354.0,0.0,1.0,0.0,0.0,nan,nan,0.6786327719688414
1.0,AINR,none,355.0,1.0,0.0,0.0,0.0,nan,nan,0.6786327719688414
1.0,AINR,none,356.0,1.0,0.0,0.0,0.0,nan,nan,0.6786327719688414
1.0,AINR,none,357.0,1.0,0.0,0.0,0.0,nan,nan,0.6786327719688414
1.0,AINR,none,358.0,1.0,0.0,0.0,0.0,nan,nan,0.6786327719688414
1.0,AINR,none,359.0,1.0,0.0,0.0,0.0,nan,nan,0.6786327719688414
1.0,AINR,none,360.0,0.0,1.0,0.0,0.0,nan,nan,0.6786327719688414
1.0,AINR,none,361.0,1.0,0.0,0.0,0.0,nan,nan,0.6786327719688414
1.0,AINR,none,362.0,1.0,0.0,0.0,0.0,nan,nan,0.6786327719688414
1.0,AINR,none,363.0,1.0,0.0,0.0,0.0,nan,nan,0.6786327719688414
1.0,AINR,none,364.0,0.0,1.0,0.0,0.0,nan,nan,0.6786327719688414
1.0,AINR,none,365.0,0.0,1.0,0.0,0.0,nan,nan,0.6786327719688414
1.0,AINR,none,366.0,0.0,1.0,0.0,0.0,nan,nan,0.6786327719688414
1.0,AINR,none,367.0,1.0,0.0,0.0,0.0,nan,nan,0.6786327719688414
1.0,AINR,none,368.0,1.0,0.0,0.0,0.0,nan,nan,0.6786327719688414
1.0,AINR,none,369.0,1.0,0.0,0.0,0.0,nan,nan,0.6786327719688414
1.0,AINR,none,370.0,0.0,1.0,0.0,0.0,nan,nan,0.6786327719688414
1.0,AINR,none,371.0,0.0,1.0,0.0,0.0,nan,nan,0.6786327719688414
1.0,AINR,none,372.0,0.0,1.0,0.0,0.0,nan,nan,0.6786327719688414
1.0,AINR,none,373.0,0.0,1.0,0.0,0.0,nan,nan,0.6786327719688414
1.0,AINR,none,374.0,1.0,0.0,0.0,0.0,nan,nan,0.6786327719688414
1.0,AINR,none,375.0,1.0,0.0,0.0,0.0,nan,nan,0.6786327719688414
1.0,AINR,none,376.0,1.0,0.0,0.0,0.0,nan,nan,0.6786327719688414
1.0,AINR,none,377.0,1.0,0.0,0.0,0.0,nan,nan,0.6786327719688414
1.0,AINR,none,378.0,0.0,1.0,0.0,0.0,nan,nan,0.6786327719688414
1.0,AINR,none,379.0,1.0,0.0,0.0,0.0,nan,nan,0.6786327719688414
1.0,AINR,none,380.0,0.0,1.0,0.0,0.0,nan,nan,0.6786327719688414
1.0,AINR,none,381.0,0.0,1.0,0.0,0.0,nan,nan,0.6786327719688414
1.0,AINR,none,382.0,1.0,0.0,0.0,0.0,nan,nan,0.6786327719688414
1.0,AINR,none,383.0,0.0,1.0,0.0,0.0,nan,nan,0.6786327719688414
1.0,AINR,none,384.0,1.0,0.0,0.0,0.0,nan,nan,0.6786327719688414
1.0,AINR,none,385.0,0.0,1.0,0.0,0.0,nan,nan,0.6786327719688414
1.0,AINR,none,386.0,1.0,0.0,0.0,0.0,nan,nan,0.6786327719688414
1.0,AINR,none,387.0,1.0,0.0,0.0,0.0,nan,nan,0.6786327719688414
1.0,AINR,none,388.0,1.0,0.0,0.0,0.0,nan,nan,0.6786327719688414
1.0,AINR,none,389.0,1.0,0.0,0.0,0.0,nan,nan,0.6786327719688414
1.0,AINR,none,390.0,1.0,0.0,0.0,0.0,nan,nan,0.6786327719688414
1.0,AINR,none,391.0,1.0,0.0,0.0,0.0,nan,nan,0.6786327719688414
1.0,AINR,none,392.0,1.0,0.0,0.0,0.0,nan,nan,0.6786327719688414
1.0,AINR,none,393.0,1.0,0.0,0.0,0.0,nan,nan,0.6786327719688414
1.0,AINR,none,394.0,1.0,0.0,0.0,0.0,nan,nan,0.6786327719688414
1.0,AINR,none,395.0,1.0,0.0,0.0,0.0,nan,nan,0.6786327719688414
1.0,AINR,none,396.0,0.0,1.0,0.0,0.0,nan,nan,0.6786327719688414
1.0,AINR,none,397.0,1.0,0.0,0.0,0.0,nan,nan,0.6786327719688414
1.0,AINR,none,398.0,0.0,1.0,0.0,0.0,nan,nan,0.6786327719688414
1.0,AINR,none,399.0,0.0,1.0,0.0,0.0,nan,nan,0.6786327719688414
1.0,AINR,none,400.0,0.0,1.0,0.0,0.0,nan,nan,0.6786327719688414
1.0,AINR,none,401.0,0.0,1.0,0.0,0.0,nan,nan,0.6786327719688414
1.0,AINR,none,402.0,0.0,1.0,0.0,0.0,nan,nan,0.6786327719688414
1.0,AINR,none,403.0,1.0,0.0,0.0,0.0,nan,nan,0.6786327719688414
1.0,AINR,none,404.0,1.0,0.0,0.0,0.0,nan,nan,0.6786327719688414
1.0,AINR,none,405.0,1.0,0.0,0.0,0.0,nan,nan,0.6786327719688414
1.0,AINR,none,406.0,1.0,0.0,0.0,0.0,nan,nan,0.6786327719688414
1.0,AINR,none,407.0,1.0,0.0,0.0,0.0,nan,nan,0.6786327719688414
1.0,AINR,none,408.0,1.0,0.0,0.0,0.0,nan,nan,0.6786327719688414
1.0,AINR,none,409.0,1.0,0.0,0.0,0.0,nan,nan,0.6786327719688414
1.0,AINR,none,410.0,1.0,0.0,0.0,0.0,nan,nan,0.6786327719688414
1.0,AINR,none,411.0,1.0,0.0,0.0,0.0,nan,nan,0.6786327719688414
1.0,AINR,none,412.0,1.0,0.0,0.0,0.0,nan,nan,0.6786327719688414
1.0,AINR,none,413.0,0.0,1.0,0.0,0.0,nan,nan,0.6786327719688414
1.0,AINR,none,414.0,0.0,1.0,0.0,0.0,nan,nan,0.6786327719688414
1.0,AINR,none,415.0,1.0,0.0,0.0,0.0,nan,nan,0.6786327719688414
1.0,AINR,none,416.0,1.0,0.0,0.0,0.0,nan,nan,0.6786327719688414
1.0,AINR,none,417.0,0.0,1.0,0.0,0.0,nan,nan,0.6786327719688414
1.0,AINR,none,418.0,1.0,0.0,0.0,0.0,nan,nan,0.6786327719688414
1.0,AINR,none,419.0,1.0,0.0,0.0,0.0,nan,nan,0.6786327719688414
1.0,AINR,none,420.0,0.0,1.0,0.0,0.0,nan,nan,0.6786327719688414
1.0,AINR,none,421.0,0.0,1.0,0.0,0.0,nan,nan,0.6786327719688414
1.0,AINR,none,422.0,1.0,0.0,0.0,0.0,nan,nan,0.6786327719688414
1.0,AINR,none,423.0,1.0,0.0,0.0,0.0,nan,nan,0.6786327719688414
1.0,AINR,none,424.0,1.0,0.0,0.0,0.0,nan,nan,0.6786327719688414
1.0,AINR,none,425.0,0.0,1.0,0.0,0.0,nan,nan,0.6786327719688414
1.0,AINR,none,426.0,1.0,0.0,0.0,0.0,nan,nan,0.6786327719688414
1.0,AINR,none,427.0,0.0,1.0,0.0,0.0,nan,nan,0.6786327719688414
1.0,AINR,none,428.0,0.0,1.0,0.0,0.0,nan,nan,0.6786327719688414
1.0,AINR,none,429.0,1.0,0.0,0.0,0.0,nan,nan,0.6786327719688414
1.0,AINR,none,430.0,1.0,0.0,0.0,0.0,nan,nan,0.6786327719688414
1.0,AINR,none,431.0,1.0,0.0,0.0,0.0,nan,nan,0.6786327719688414
1.0,AINR,none,432.0,0.0,1.0,0.0,0.0,nan,nan,0.6786327719688414
1.0,AINR,none,433.0,1.0,0.0,0.0,0.0,nan,nan,0.6786327719688414
1.0,AINR,none,434.0,1.0,0.0,0.0,0.0,nan,nan,0.6786327719688414
1.0,AINR,none,435.0,0.0,1.0,0.0,0.0,nan,nan,0.6786327719688414
1.0,AINR,none,436.0,0.0,1.0,0.0,0.0,nan,nan,0.6786327719688414
1.0,AINR,none,437.0,1.0,0.0,0.0,0.0,nan,nan,0.6786327719688414
1.0,AINR,none,438.0,1.0,0.0,0.0,0.0,nan,nan,0.6786327719688414
1.0,AINR,none,439.0,1.0,0.0,0.0,0.0,nan,nan,0.6786327719688414
1.0,AINR,none,440.0,1.0,0.0,0.0,0.0,nan,nan,0.6786327719688414
1.0,AINR,none,441.0,1.0,0.0,0.0,0.0,nan,nan,0.6786327719688414
1.0,AINR,none,442.0,1.0,0.0,0.0,0.0,nan,nan,0.6786327719688414
1.0,AINR,none,443.0,0.0,1.0,0.0,0.0,nan,nan,0.6786327719688414
1.0,AINR,none,444.0,0.0,1.0,0.0,0.0,nan,nan,0.6786327719688414
1.0,AINR,none,445.0,0.0,1.0,0.0,0.0,nan,nan,0.6786327719688414
1.0,AINR,none,446.0,1.0,0.0,0.0,0.0,nan,nan,0.6786327719688414
1.0,AINR,none,447.0,1.0,0.0,0.0,0.0,nan,nan,0.6786327719688414
1.0,AINR,none,448.0,1.0,0.0,0.0,0.0,nan,nan,0.6786327719688414
1.0,AINR,none,449.0,0.0,1.0,0.0,0.0,nan,nan,0.6786327719688414
1.0,AINR,none,450.0,1.0,0.0,0.0,0.0,nan,nan,0.6786327719688414
1.0,AINR,none,451.0,1.0,0.0,0.0,0.0,nan,nan,0.6786327719688414
1.0,AINR,none,452.0,1.0,0.0,0.0,0.0,nan,nan,0.6786327719688414
1.0,AINR,none,453.0,1.0,0.0,0.0,0.0,nan,nan,0.6786327719688414
1.0,AINR,none,454.0,1.0,0.0,0.0,0.0,nan,nan,0.6786327719688414
1.0,AINR,none,455.0,1.0,0.0,0.0,0.0,nan,nan,0.6786327719688414
1.0,AINR,none,456.0,1.0,0.0,0.0,0.0,nan,nan,0.6786327719688414
1.0,AINR,none,457.0,1.0,0.0,0.0,0.0,nan,nan,0.6786327719688414
1.0,AINR,none,458.0,1.0,0.0,0.0,0.0,nan,nan,0.6786327719688414
1.0,AINR,none,459.0,0.0,1.0,0.0,0.0,nan,nan,0.6786327719688414
1.0,AINR,none,460.0,0.0,1.0,0.0,0.0,nan,nan,0.6786327719688414
1.0,AINR,none,461.0,1.0,0.0,0.0,0.0,nan,nan,0.6786327719688414
1.0,AINR,none,462.0,1.0,0.0,0.0,0.0,nan,nan,0.6786327719688414
1.0,AINR,none,463.0,1.0,0.0,0.0,0.0,nan,nan,0.6786327719688414
1.0,AINR,none,464.0,0.0,1.0,0.0,0.0,nan,nan,0.6786327719688414
1.0,AINR,none,465.0,0.0,1.0,0.0,0.0,nan,nan,0.6786327719688414
1.0,AINR,none,466.0,1.0,0.0,0.0,0.0,nan,nan,0.6786327719688414
1.0,AINR,none,467.0,0.0,1.0,0.0,0.0,nan,nan,0.6786327719688414
1.0,AINR,none,468.0,1.0,0.0,0.0,0.0,nan,nan,0.6786327719688414
1.0,AINR,none,469.0,0.0,1.0,0.0,0.0,nan,nan,0.6786327719688414
1.0,AINR,none,470.0,1.0,0.0,0.0,0.0,nan,nan,0.6786327719688414
1.0,AINR,none,471.0,1.0,0.0,0.0,0.0,nan,nan,0.6786327719688414
1.0,AINR,none,472.0,1.0,0.0,0.0,0.0,nan,nan,0.6786327719688414
1.0,AINR,none,473.0,0.0,1.0,0.0,0.0,nan,nan,0.6786327719688414
1.0,AINR,none,474.0,1.0,0.0,0.0,0.0,nan,nan,0.6786327719688414
1.0,AINR,none,475.0,1.0,0.0,0.0,0.0,nan,nan,0.6786327719688414
1.0,AINR,none,476.0,1.0,0.0,0.0,0.0,nan,nan,0.6786327719688414
1.0,AINR,none,477.0,0.0,1.0,0.0,0.0,nan,nan,0.6786327719688414
1.0,AINR,none,478.0,0.0,1.0,0.0,0.0,nan,nan,0.6786327719688414
1.0,AINR,none,479.0,1.0,0.0,0.0,0.0,nan,nan,0.6786327719688414
1.0,AINR,none,480.0,1.0,0.0,0.0,0.0,nan,nan,0.6786327719688414
1.0,AINR,none,481.0,0.0,1.0,0.0,0.0,nan,nan,0.6786327719688414
1.0,AINR,none,482.0,1.0,0.0,0.0,0.0,nan,nan,0.6786327719688414
1.0,AINR,none,483.0,1.0,0.0,0.0,0.0,nan,nan,0.6786327719688414
1.0,AINR,none,484.0,1.0,0.0,0.0,0.0,nan,nan,0.6786327719688414
1.0,AINR,none,485.0,1.0,0.0,0.0,0.0,nan,nan,0.6786327719688414
1.0,AINR,none,486.0,0.0,1.0,0.0,0.0,nan,nan,0.6786327719688414
1.0,AINR,none,487.0,1.0,0.0,0.0,0.0,nan,nan,0.6786327719688414
1.0,AINR,none,488.0,0.0,1.0,0.0,0.0,nan,nan,0.6786327719688414
1.0,AINR,none,489.0,1.0,0.0,0.0,0.0,nan,nan,0.6786327719688414
1.0,AINR,none,490.0,1.0,0.0,0.0,0.0,nan,nan,0.6786327719688414
1.0,AINR,none,491.0,1.0,0.0,0.0,0.0,nan,nan,0.6786327719688414
1.0,AINR,none,492.0,0.0,1.0,0.0,0.0,nan,nan,0.6786327719688414
1.0,AINR,none,493.0,0.0,1.0,0.0,0.0,nan,nan,0.6786327719688414
1.0,AINR,none,494.0,0.0,1.0,0.0,0.0,nan,nan,0.6786327719688414
1.0,AINR,none,495.0,0.0,1.0,0.0,0.0,nan,nan,0.6786327719688414
1.0,AINR,none,496.0,0.0,1.0,0.0,0.0,nan,nan,0.6786327719688414
1.0,AINR,none,497.0,0.0,1.0,0.0,0.0,nan,nan,0.6786327719688414
1.0,AINR,none,498.0,1.0,0.0,0.0,0.0,nan,nan,0.6786327719688414
1.0,AINR,none,499.0,1.0,0.0,0.0,0.0,nan,nan,0.6786327719688414
1.0,AINR,none,500.0,1.0,0.0,0.0,0.0,nan,nan,0.6786327719688414
1.0,AINR,none,501.0,1.0,0.0,0.0,0.0,nan,nan,0.6786327719688414
1.0,AINR,none,502.0,1.0,0.0,0.0,0.0,nan,nan,0.6786327719688414
1.0,AINR,none,503.0,1.0,0.0,0.0,0.0,nan,nan,0.6786327719688414
1.0,AINR,none,504.0,0.0,1.0,0.0,0.0,nan,nan,0.6786327719688414
1.0,AINR,none,505.0,1.0,0.0,0.0,0.0,nan,nan,0.6786327719688414
1.0,AINR,none,506.0,1.0,0.0,0.0,0.0,nan,nan,0.6786327719688414
1.0,AINR,none,507.0,1.0,0.0,0.0,0.0,nan,nan,0.6786327719688414
1.0,AINR,none,508.0,1.0,0.0,0.0,0.0,nan,nan,0.6786327719688414
1.0,AINR,none,509.0,1.0,0.0,0.0,0.0,nan,nan,0.6786327719688414
1.0,AINR,none,510.0,1.0,0.0,0.0,0.0,nan,nan,0.6786327719688414
1.0,AINR,none,511.0,1.0,0.0,0.0,0.0,nan,nan,0.6786327719688414
1.0,AINR,none,512.0,0.0,1.0,0.0,0.0,nan,nan,0.6786327719688414
1.0,AINR,none,513.0,1.0,0.0,0.0,0.0,nan,nan,0.6786327719688414
1.0,AINR,none,514.0,1.0,0.0,0.0,0.0,nan,nan,0.6786327719688414
1.0,AINR,none,515.0,1.0,0.0,0.0,0.0,nan,nan,0.6786327719688414
1.0,AINR,none,516.0,0.0,1.0,0.0,0.0,nan,nan,0.6786327719688414
1.0,AINR,none,517.0,1.0,0.0,0.0,0.0,nan,nan,0.6786327719688414
1.0,AINR,none,518.0,0.0,1.0,0.0,0.0,nan,nan,0.6786327719688414
1.0,AINR,none,519.0,1.0,0.0,0.0,0.0,nan,nan,0.6786327719688414
1.0,AINR,none,520.0,0.0,1.0,0.0,0.0,nan,nan,0.6786327719688414
1.0,AINR,none,521.0,0.0,1.0,0.0,0.0,nan,nan,0.6786327719688414
1.0,AINR,none,522.0,1.0,0.0,0.0,0.0,nan,nan,0.6786327719688414
1.0,AINR,none,523.0,0.0,1.0,0.0,0.0,nan,nan,0.6786327719688414
1.0,AINR,none,524.0,1.0,0.0,0.0,0.0,nan,nan,0.6786327719688414
1.0,AINR,none,525.0,0.0,1.0,0.0,0.0,nan,nan,0.6786327719688414
1.0,AINR,none,526.0,1.0,0.0,0.0,0.0,nan,nan,0.6786327719688414
1.0,AINR,none,527.0,1.0,0.0,0.0,0.0,nan,nan,0.6786327719688414
1.0,AINR,none,528.0,0.0,1.0,0.0,0.0,nan,nan,0.6786327719688414
1.0,AINR,none,529.0,1.0,0.0,0.0,0.0,nan,nan,0.6786327719688414
1.0,AINR,none,530.0,1.0,0.0,0.0,0.0,nan,nan,0.6786327719688414
1.0,AINR,none,531.0,0.0,1.0,0.0,0.0,nan,nan,0.6786327719688414
1.0,AINR,none,532.0,1.0,0.0,0.0,0.0,nan,nan,0.6786327719688414
1.0,AINR,none,533.0,1.0,0.0,0.0,0.0,nan,nan,0.6786327719688414
1.0,AINR,none,534.0,0.0,1.0,0.0,0.0,nan,nan,0.6786327719688414
1.0,AINR,none,535.0,1.0,0.0,0.0,0.0,nan,nan,0.6786327719688414
1.0,AINR,none,536.0,1.0,0.0,0.0,0.0,nan,nan,0.6786327719688414
1.0,AINR,none,537.0,1.0,0.0,0.0,0.0,nan,nan,0.6786327719688414
1.0,AINR,none,538.0,0.0,1.0,0.0,0.0,nan,nan,0.6786327719688414
1.0,AINR,none,539.0,1.0,0.0,0.0,0.0,nan,nan,0.6786327719688414
1.0,AINR,none,540.0,0.0,1.0,0.0,0.0,nan,nan,0.6786327719688414
1.0,AINR,none,541.0,0.0,1.0,0.0,0.0,nan,nan,0.6786327719688414
1.0,AINR,none,542.0,0.0,1.0,0.0,0.0,nan,nan,0.6786327719688414
1.0,AINR,none,543.0,1.0,0.0,0.0,0.0,nan,nan,0.6786327719688414
1.0,AINR,none,544.0,0.0,1.0,0.0,0.0,nan,nan,0.6786327719688414
1.0,AINR,none,545.0,0.0,1.0,0.0,0.0,nan,nan,0.6786327719688414
1.0,AINR,none,546.0,1.0,0.0,0.0,0.0,nan,nan,0.6786327719688414
1.0,AINR,none,547.0,1.0,0.0,0.0,0.0,nan,nan,0.6786327719688414
1.0,AINR,none,548.0,0.0,1.0,0.0,0.0,nan,nan,0.6786327719688414
1.0,AINR,none,549.0,1.0,0.0,0.0,0.0,nan,nan,0.6786327719688414
1.0,AINR,none,550.0,0.0,1.0,0.0,0.0,nan,nan,0.6786327719688414
1.0,AINR,none,551.0,0.0,1.0,0.0,0.0,nan,nan,0.6786327719688414
1.0,AINR,none,552.0,0.0,1.0,0.0,0.0,nan,nan,0.6786327719688414
1.0,AINR,none,553.0,1.0,0.0,0.0,0.0,nan,nan,0.6786327719688414
1.0,AINR,none,554.0,1.0,0.0,0.0,0.0,nan,nan,0.6786327719688414
1.0,AINR,none,555.0,1.0,0.0,0.0,0.0,nan,nan,0.6786327719688414
1.0,AINR,none,556.0,1.0,0.0,0.0,0.0,nan,nan,0.6786327719688414
1.0,AINR,none,557.0,1.0,0.0,0.0,0.0,nan,nan,0.6786327719688414
1.0,AINR,none,558.0,1.0,0.0,0.0,0.0,nan,nan,0.6786327719688414
1.0,AINR,none,559.0,1.0,0.0,0.0,0.0,nan,nan,0.6786327719688414
1.0,AINR,none,560.0,1.0,0.0,0.0,0.0,nan,nan,0.6786327719688414
1.0,AINR,none,561.0,1.0,0.0,0.0,0.0,nan,nan,0.6786327719688414
1.0,AINR,none,562.0,1.0,0.0,0.0,0.0,nan,nan,0.6786327719688414
1.0,AINR,none,563.0,1.0,0.0,0.0,0.0,nan,nan,0.6786327719688414
1.0,AINR,none,564.0,0.0,1.0,0.0,0.0,nan,nan,0.6786327719688414
1.0,AINR,none,565.0,1.0,0.0,0.0,0.0,nan,nan,0.6786327719688414
1.0,AINR,none,566.0,1.0,0.0,0.0,0.0,nan,nan,0.6786327719688414
1.0,AINR,none,567.0,1.0,0.0,0.0,0.0,nan,nan,0.6786327719688414
1.0,AINR,none,568.0,0.0,1.0,0.0,0.0,nan,nan,0.6786327719688414
1.0,AINR,none,569.0,1.0,0.0,0.0,0.0,nan,nan,0.6786327719688414
1.0,AINR,none,570.0,0.0,1.0,0.0,0.0,nan,nan,0.6786327719688414
1.0,AINR,none,571.0,0.0,1.0,0.0,0.0,nan,nan,0.6786327719688414
1.0,AINR,none,572.0,1.0,0.0,0.0,0.0,nan,nan,0.6786327719688414
1.0,AINR,none,573.0,1.0,0.0,0.0,0.0,nan,nan,0.6786327719688414
1.0,AINR,none,574.0,1.0,0.0,0.0,0.0,nan,nan,0.6786327719688414
1.0,AINR,none,575.0,1.0,0.0,0.0,0.0,nan,nan,0.6786327719688414
1.0,AINR,none,576.0,1.0,0.0,0.0,0.0,nan,nan,0.6786327719688414
1.0,AINR,none,577.0,1.0,0.0,0.0,0.0,nan,nan,0.6786327719688414
1.0,AINR,none,578.0,1.0,0.0,0.0,0.0,nan,nan,0.6786327719688414
1.0,AINR,none,579.0,0.0,1.0,0.0,0.0,nan,nan,0.6786327719688414
1.0,AINR,none,580.0,1.0,0.0,0.0,0.0,nan,nan,0.6786327719688414
1.0,AINR,none,581.0,0.0,1.0,0.0,0.0,nan,nan,0.6786327719688414
1.0,AINR,none,582.0,1.0,0.0,0.0,0.0,nan,nan,0.6786327719688414
1.0,AINR,none,583.0,0.0,1.0,0.0,0.0,nan,nan,0.6786327719688414
1.0,AINR,none,584.0,1.0,0.0,0.0,0.0,nan,nan,0.6786327719688414
1.0,AINR,none,585.0,1.0,0.0,0.0,0.0,nan,nan,0.6786327719688414
1.0,AINR,none,586.0,0.0,1.0,0.0,0.0,nan,nan,0.6786327719688414
1.0,AINR,none,587.0,1.0,0.0,0.0,0.0,nan,nan,0.6786327719688414
1.0,AINR,none,588.0,0.0,1.0,0.0,0.0,nan,nan,0.6786327719688414
1.0,AINR,none,589.0,0.0,1.0,0.0,0.0,nan,nan,0.6786327719688414
1.0,AINR,none,590.0,1.0,0.0,0.0,0.0,nan,nan,0.6786327719688414
1.0,AINR,none,591.0,1.0,0.0,0.0,0.0,nan,nan,0.6786327719688414
1.0,AINR,none,592.0,0.0,1.0,0.0,0.0,nan,nan,0.6786327719688414
1.0,AINR,none,593.0,1.0,0.0,0.0,0.0,nan,nan,0.6786327719688414
1.0,AINR,none,594.0,1.0,0.0,0.0,0.0,nan,nan,0.6786327719688414
1.0,AINR,none,595.0,1.0,0.0,0.0,0.0,nan,nan,0.6786327719688414
1.0,AINR,none,596.0,0.0,1.0,0.0,0.0,nan,nan,0.6786327719688414
1.0,AINR,none,597.0,1.0,0.0,0.0,0.0,nan,nan,0.6786327719688414
1.0,AINR,none,598.0,1.0,0.0,0.0,0.0,nan,nan,0.6786327719688414
1.0,AINR,none,599.0,1.0,0.0,0.0,0.0,nan,nan,0.6786327719688414
1.0,AINR,none,600.0,1.0,0.0,0.0,0.0,nan,nan,0.6786327719688414
1.0,AINR,none,601.0,1.0,0.0,0.0,0.0,nan,nan,0.6786327719688414
1.0,AINR,none,602.0,1.0,0.0,0.0,0.0,nan,nan,0.6786327719688414
1.0,AINR,none,603.0,1.0,0.0,0.0,0.0,nan,nan,0.6786327719688414
1.0,AINR,none,604.0,1.0,0.0,0.0,0.0,nan,nan,0.6786327719688414
1.0,AINR,none,605.0,1.0,0.0,0.0,0.0,nan,nan,0.6786327719688414
1.0,AINR,none,606.0,1.0,0.0,0.0,0.0,nan,nan,0.6786327719688414
1.0,AINR,none,607.0,0.0,1.0,0.0,0.0,nan,nan,0.6786327719688414
1.0,AINR,none,608.0,0.0,1.0,0.0,0.0,nan,nan,0.6786327719688414
1.0,AINR,none,609.0,1.0,0.0,0.0,0.0,nan,nan,0.6786327719688414
1.0,AINR,none,610.0,1.0,0.0,0.0,0.0,nan,nan,0.6786327719688414
1.0,AINR,none,611.0,1.0,0.0,0.0,0.0,nan,nan,0.6786327719688414
1.0,AINR,none,612.0,1.0,0.0,0.0,0.0,nan,nan,0.6786327719688414
1.0,AINR,none,613.0,1.0,0.0,0.0,0.0,nan,nan,0.6786327719688414
1.0,AINR,none,614.0,0.0,1.0,0.0,0.0,nan,nan,0.6786327719688414
1.0,AINR,none,615.0,1.0,0.0,0.0,0.0,nan,nan,0.6786327719688414
1.0,AINR,none,616.0,0.0,1.0,0.0,0.0,nan,nan,0.6786327719688414
1.0,AINR,none,617.0,1.0,0.0,0.0,0.0,nan,nan,0.6786327719688414
1.0,AINR,none,618.0,0.0,1.0,0.0,0.0,nan,nan,0.6786327719688414
1.0,AINR,none,619.0,0.0,1.0,0.0,0.0,nan,nan,0.6786327719688414
1.0,AINR,none,620.0,1.0,0.0,0.0,0.0,nan,nan,0.6786327719688414
1.0,AINR,none,621.0,1.0,0.0,0.0,0.0,nan,nan,0.6786327719688414
1.0,AINR,none,622.0,1.0,0.0,0.0,0.0,nan,nan,0.6786327719688414
1.0,AINR,none,623.0,1.0,0.0,0.0,0.0,nan,nan,0.6786327719688414
1.0,AINR,none,624.0,0.0,1.0,0.0,0.0,nan,nan,0.6786327719688414
1.0,AINR,none,625.0,0.0,1.0,0.0,0.0,nan,nan,0.6786327719688414
1.0,AINR,none,626.0,1.0,0.0,0.0,0.0,nan,nan,0.6786327719688414
1.0,AINR,none,627.0,1.0,0.0,0.0,0.0,nan,nan,0.6786327719688414
1.0,AINR,none,628.0,0.0,1.0,0.0,0.0,nan,nan,0.6786327719688414
1.0,AINR,none,629.0,0.0,1.0,0.0,0.0,nan,nan,0.6786327719688414
1.0,AINR,none,630.0,1.0,0.0,0.0,0.0,nan,nan,0.6786327719688414
1.0,AINR,none,631.0,0.0,1.0,0.0,0.0,nan,nan,0.6786327719688414
1.0,AINR,none,632.0,0.0,1.0,0.0,0.0,nan,nan,0.6786327719688414
1.0,AINR,none,633.0,1.0,0.0,0.0,0.0,nan,nan,0.6786327719688414
1.0,AINR,none,634.0,1.0,0.0,0.0,0.0,nan,nan,0.6786327719688414
1.0,AINR,none,635.0,0.0,1.0,0.0,0.0,nan,nan,0.6786327719688414
1.0,AINR,none,636.0,0.0,1.0,0.0,0.0,nan,nan,0.6786327719688414
1.0,AINR,none,637.0,1.0,0.0,0.0,0.0,nan,nan,0.6786327719688414
1.0,AINR,none,638.0,1.0,0.0,0.0,0.0,nan,nan,0.6786327719688414
1.0,AINR,none,639.0,1.0,0.0,0.0,0.0,nan,nan,0.6786327719688414
1.0,AINR,none,640.0,0.0,1.0,0.0,0.0,nan,nan,0.6786327719688414
1.0,AINR,none,641.0,0.0,1.0,0.0,0.0,nan,nan,0.6786327719688414
1.0,AINR,none,642.0,1.0,0.0,0.0,0.0,nan,nan,0.6786327719688414
1.0,AINR,none,643.0,0.0,1.0,0.0,0.0,nan,nan,0.6786327719688414
1.0,AINR,none,644.0,1.0,0.0,0.0,0.0,nan,nan,0.6786327719688414
1.0,AINR,none,645.0,0.0,1.0,0.0,0.0,nan,nan,0.6786327719688414
1.0,AINR,none,646.0,1.0,0.0,0.0,0.0,nan,nan,0.6786327719688414
1.0,AINR,none,647.0,0.0,1.0,0.0,0.0,nan,nan,0.6786327719688414
1.0,AINR,none,648.0,1.0,0.0,0.0,0.0,nan,nan,0.6786327719688414
1.0,AINR,none,649.0,1.0,0.0,0.0,0.0,nan,nan,0.6786327719688414
1.0,AINR,none,650.0,1.0,0.0,0.0,0.0,nan,nan,0.6786327719688414
1.0,AINR,none,651.0,1.0,0.0,0.0,0.0,nan,nan,0.6786327719688414
1.0,AINR,none,652.0,1.0,0.0,0.0,0.0,nan,nan,0.6786327719688414
1.0,AINR,none,653.0,1.0,0.0,0.0,0.0,nan,nan,0.6786327719688414
1.0,AINR,none,654.0,1.0,0.0,0.0,0.0,nan,nan,0.6786327719688414
1.0,AINR,none,655.0,0.0,1.0,0.0,0.0,nan,nan,0.6786327719688414
1.0,AINR,none,656.0,0.0,1.0,0.0,0.0,nan,nan,0.6786327719688414
1.0,AINR,none,657.0,0.0,1.0,0.0,0.0,nan,nan,0.6786327719688414
1.0,AINR,none,658.0,1.0,0.0,0.0,0.0,nan,nan,0.6786327719688414
1.0,AINR,none,659.0,0.0,1.0,0.0,0.0,nan,nan,0.6786327719688414
1.0,AINR,none,660.0,1.0,0.0,0.0,0.0,nan,nan,0.6786327719688414
1.0,AINR,none,661.0,1.0,0.0,0.0,0.0,nan,nan,0.6786327719688414
1.0,AINR,none,662.0,0.0,1.0,0.0,0.0,nan,nan,0.6786327719688414
1.0,AINR,none,663.0,1.0,0.0,0.0,0.0,nan,nan,0.6786327719688414
1.0,AINR,none,664.0,1.0,0.0,0.0,0.0,nan,nan,0.6786327719688414
1.0,AINR,none,665.0,0.0,1.0,0.0,0.0,nan,nan,0.6786327719688414
1.0,AINR,none,666.0,1.0,0.0,0.0,0.0,nan,nan,0.6786327719688414
1.0,AINR,none,667.0,1.0,0.0,0.0,0.0,nan,nan,0.6786327719688414
1.0,AINR,none,668.0,0.0,1.0,0.0,0.0,nan,nan,0.6786327719688414
1.0,AINR,none,669.0,1.0,0.0,0.0,0.0,nan,nan,0.6786327719688414
1.0,AINR,none,670.0,1.0,0.0,0.0,0.0,nan,nan,0.6786327719688414
1.0,AINR,none,671.0,1.0,0.0,0.0,0.0,nan,nan,0.6786327719688414
1.0,AINR,none,672.0,1.0,0.0,0.0,0.0,nan,nan,0.6786327719688414
1.0,AINR,none,673.0,1.0,0.0,0.0,0.0,nan,nan,0.6786327719688414
1.0,AINR,none,674.0,0.0,1.0,0.0,0.0,nan,nan,0.6786327719688414
1.0,AINR,none,675.0,1.0,0.0,0.0,0.0,nan,nan,0.6786327719688414
1.0,AINR,none,676.0,1.0,0.0,0.0,0.0,nan,nan,0.6786327719688414
1.0,AINR,none,677.0,0.0,1.0,0.0,0.0,nan,nan,0.6786327719688414
1.0,AINR,none,678.0,0.0,1.0,0.0,0.0,nan,nan,0.6786327719688414
1.0,AINR,none,679.0,1.0,0.0,0.0,0.0,nan,nan,0.6786327719688414
1.0,AINR,none,680.0,1.0,0.0,0.0,0.0,nan,nan,0.6786327719688414
1.0,AINR,none,681.0,1.0,0.0,0.0,0.0,nan,nan,0.6786327719688414
1.0,AINR,none,682.0,1.0,0.0,0.0,0.0,nan,nan,0.6786327719688414
1.0,AINR,none,683.0,0.0,1.0,0.0,0.0,nan,nan,0.6786327719688414
1.0,AINR,none,684.0,1.0,0.0,0.0,0.0,nan,nan,0.6786327719688414
1.0,AINR,none,685.0,0.0,1.0,0.0,0.0,nan,nan,0.6786327719688414
1.0,AINR,none,686.0,0.0,1.0,0.0,0.0,nan,nan,0.6786327719688414
1.0,AINR,none,687.0,1.0,0.0,0.0,0.0,nan,nan,0.6786327719688414
1.0,AINR,none,688.0,1.0,0.0,0.0,0.0,nan,nan,0.6786327719688414
1.0,AINR,none,689.0,1.0,0.0,0.0,0.0,nan,nan,0.6786327719688414
1.0,AINR,none,690.0,0.0,1.0,0.0,0.0,nan,nan,0.6786327719688414
1.0,AINR,none,691.0,1.0,0.0,0.0,0.0,nan,nan,0.6786327719688414
1.0,AINR,none,692.0,1.0,0.0,0.0,0.0,nan,nan,0.6786327719688414
1.0,AINR,none,693.0,1.0,0.0,0.0,0.0,nan,nan,0.6786327719688414
1.0,AINR,none,694.0,0.0,1.0,0.0,0.0,nan,nan,0.6786327719688414
1.0,AINR,none,695.0,1.0,0.0,0.0,0.0,nan,nan,0.6786327719688414
1.0,AINR,none,696.0,0.0,1.0,0.0,0.0,nan,nan,0.6786327719688414
1.0,AINR,none,697.0,1.0,0.0,0.0,0.0,nan,nan,0.6786327719688414
1.0,AINR,none,698.0,1.0,0.0,0.0,0.0,nan,nan,0.6786327719688414
1.0,AINR,none,699.0,1.0,0.0,0.0,0.0,nan,nan,0.6786327719688414
1.0,AINR,none,700.0,1.0,0.0,0.0,0.0,nan,nan,0.6786327719688414
1.0,AINR,none,701.0,1.0,0.0,0.0,0.0,nan,nan,0.6786327719688414
1.0,AINR,none,702.0,1.0,0.0,0.0,0.0,nan,nan,0.6786327719688414
1.0,AINR,none,703.0,1.0,0.0,0.0,0.0,nan,nan,0.6786327719688414
1.0,AINR,none,704.0,0.0,1.0,0.0,0.0,nan,nan,0.6786327719688414
1.0,AINR,none,705.0,0.0,1.0,0.0,0.0,nan,nan,0.6786327719688414
1.0,AINR,none,706.0,0.0,1.0,0.0,0.0,nan,nan,0.6786327719688414
1.0,AINR,none,707.0,1.0,0.0,0.0,0.0,nan,nan,0.6786327719688414
1.0,AINR,none,708.0,0.0,1.0,0.0,0.0,nan,nan,0.6786327719688414
1.0,AINR,none,709.0,1.0,0.0,0.0,0.0,nan,nan,0.6786327719688414
1.0,AINR,none,710.0,0.0,1.0,0.0,0.0,nan,nan,0.6786327719688414
1.0,AINR,none,711.0,1.0,0.0,0.0,0.0,nan,nan,0.6786327719688414
1.0,AINR,none,712.0,0.0,1.0,0.0,0.0,nan,nan,0.6786327719688414
1.0,AINR,none,713.0,1.0,0.0,0.0,0.0,nan,nan,0.6786327719688414
1.0,AINR,none,714.0,0.0,1.0,0.0,0.0,nan,nan,0.6786327719688414
1.0,AINR,none,715.0,1.0,0.0,0.0,0.0,nan,nan,0.6786327719688414
1.0,AINR,none,716.0,1.0,0.0,0.0,0.0,nan,nan,0.6786327719688414
1.0,AINR,none,717.0,1.0,0.0,0.0,0.0,nan,nan,0.6786327719688414
1.0,AINR,none,718.0,1.0,0.0,0.0,0.0,nan,nan,0.6786327719688414
1.0,AINR,none,719.0,1.0,0.0,0.0,0.0,nan,nan,0.6786327719688414
1.0,AINR,none,720.0,1.0,0.0,0.0,0.0,nan,nan,0.6786327719688414
1.0,AINR,none,721.0,0.0,1.0,0.0,0.0,nan,nan,0.6786327719688414
1.0,AINR,none,722.0,1.0,0.0,0.0,0.0,nan,nan,0.6786327719688414
1.0,AINR,none,723.0,1.0,0.0,0.0,0.0,nan,nan,0.6786327719688414
1.0,AINR,none,724.0,1.0,0.0,0.0,0.0,nan,nan,0.6786327719688414
1.0,AINR,none,725.0,1.0,0.0,0.0,0.0,nan,nan,0.6786327719688414
1.0,AINR,none,726.0,0.0,1.0,0.0,0.0,nan,nan,0.6786327719688414
1.0,AINR,none,727.0,1.0,0.0,0.0,0.0,nan,nan,0.6786327719688414
1.0,AINR,none,728.0,0.0,1.0,0.0,0.0,nan,nan,0.6786327719688414
1.0,AINR,none,729.0,0.0,1.0,0.0,0.0,nan,nan,0.6786327719688414
1.0,AINR,none,730.0,1.0,0.0,0.0,0.0,nan,nan,0.6786327719688414
1.0,AINR,none,731.0,1.0,0.0,0.0,0.0,nan,nan,0.6786327719688414
1.0,AINR,none,732.0,1.0,0.0,0.0,0.0,nan,nan,0.6786327719688414
1.0,AINR,none,733.0,1.0,0.0,0.0,0.0,nan,nan,0.6786327719688414
1.0,AINR,none,734.0,1.0,0.0,0.0,0.0,nan,nan,0.6786327719688414
1.0,AINR,none,735.0,1.0,0.0,0.0,0.0,nan,nan,0.6786327719688414
1.0,AINR,none,736.0,0.0,1.0,0.0,0.0,nan,nan,0.6786327719688414
1.0,AINR,none,737.0,0.0,1.0,0.0,0.0,nan,nan,0.6786327719688414
1.0,AINR,none,738.0,1.0,0.0,0.0,0.0,nan,nan,0.6786327719688414
1.0,AINR,none,739.0,1.0,0.0,0.0,0.0,nan,nan,0.6786327719688414
1.0,AINR,none,740.0,0.0,1.0,0.0,0.0,nan,nan,0.6786327719688414
1.0,AINR,none,741.0,1.0,0.0,0.0,0.0,nan,nan,0.6786327719688414
1.0,AINR,none,742.0,1.0,0.0,0.0,0.0,nan,nan,0.6786327719688414
1.0,AINR,none,743.0,1.0,0.0,0.0,0.0,nan,nan,0.6786327719688414
1.0,AINR,none,744.0,1.0,0.0,0.0,0.0,nan,nan,0.6786327719688414
1.0,AINR,none,745.0,1.0,0.0,0.0,0.0,nan,nan,0.6786327719688414
1.0,AINR,none,746.0,1.0,0.0,0.0,0.0,nan,nan,0.6786327719688414
1.0,AINR,none,747.0,1.0,0.0,0.0,0.0,nan,nan,0.6786327719688414
1.0,AINR,none,748.0,1.0,0.0,0.0,0.0,nan,nan,0.6786327719688414
1.0,AINR,none,749.0,0.0,1.0,0.0,0.0,nan,nan,0.6786327719688414
1.0,AINR,none,750.0,1.0,0.0,0.0,0.0,nan,nan,0.6786327719688414
1.0,AINR,none,751.0,1.0,0.0,0.0,0.0,nan,nan,0.6786327719688414
1.0,AINR,none,752.0,1.0,0.0,0.0,0.0,nan,nan,0.6786327719688414
1.0,AINR,none,753.0,1.0,0.0,0.0,0.0,nan,nan,0.6786327719688414
1.0,AINR,none,754.0,0.0,1.0,0.0,0.0,nan,nan,0.6786327719688414
1.0,AINR,none,755.0,0.0,1.0,0.0,0.0,nan,nan,0.6786327719688414
1.0,AINR,none,756.0,1.0,0.0,0.0,0.0,nan,nan,0.6786327719688414
1.0,AINR,none,757.0,1.0,0.0,0.0,0.0,nan,nan,0.6786327719688414
1.0,AINR,none,758.0,1.0,0.0,0.0,0.0,nan,nan,0.6786327719688414
1.0,AINR,none,759.0,0.0,1.0,0.0,0.0,nan,nan,0.6786327719688414
1.0,AINR,none,760.0,1.0,0.0,0.0,0.0,nan,nan,0.6786327719688414
1.0,AINR,none,761.0,0.0,1.0,0.0,0.0,nan,nan,0.6786327719688414
1.0,AINR,none,762.0,0.0,1.0,0.0,0.0,nan,nan,0.6786327719688414
1.0,AINR,none,763.0,1.0,0.0,0.0,0.0,nan,nan,0.6786327719688414
1.0,AINR,none,764.0,1.0,0.0,0.0,0.0,nan,nan,0.6786327719688414
1.0,AINR,none,765.0,1.0,0.0,0.0,0.0,nan,nan,0.6786327719688414
1.0,AINR,none,766.0,1.0,0.0,0.0,0.0,nan,nan,0.6786327719688414
1.0,AINR,none,767.0,1.0,0.0,0.0,0.0,nan,nan,0.6786327719688414
1.0,AINR,none,768.0,1.0,0.0,0.0,0.0,nan,nan,0.6786327719688414
1.0,AINR,none,769.0,0.0,1.0,0.0,0.0,nan,nan,0.6786327719688414
1.0,AINR,none,770.0,0.0,1.0,0.0,0.0,nan,nan,0.6786327719688414
1.0,AINR,none,771.0,1.0,0.0,0.0,0.0,nan,nan,0.6786327719688414
1.0,AINR,none,772.0,1.0,0.0,0.0,0.0,nan,nan,0.6786327719688414
1.0,AINR,none,773.0,1.0,0.0,0.0,0.0,nan,nan,0.6786327719688414
1.0,AINR,none,774.0,1.0,0.0,0.0,0.0,nan,nan,0.6786327719688414
1.0,AINR,none,775.0,0.0,1.0,0.0,0.0,nan,nan,0.6786327719688414
1.0,AINR,none,776.0,1.0,0.0,0.0,0.0,nan,nan,0.6786327719688414
1.0,AINR,none,777.0,1.0,0.0,0.0,0.0,nan,nan,0.6786327719688414
1.0,AINR,none,778.0,1.0,0.0,0.0,0.0,nan,nan,0.6786327719688414
1.0,AINR,none,779.0,1.0,0.0,0.0,0.0,nan,nan,0.6786327719688414
1.0,AINR,none,780.0,0.0,1.0,0.0,0.0,nan,nan,0.6786327719688414
1.0,AINR,none,781.0,1.0,0.0,0.0,0.0,nan,nan,0.6786327719688414
1.0,AINR,none,782.0,1.0,0.0,0.0,0.0,nan,nan,0.6786327719688414
1.0,AINR,none,783.0,0.0,1.0,0.0,0.0,nan,nan,0.6786327719688414
1.0,AINR,none,784.0,0.0,1.0,0.0,0.0,nan,nan,0.6786327719688414
1.0,AINR,none,785.0,0.0,1.0,0.0,0.0,nan,nan,0.6786327719688414
1.0,AINR,none,786.0,1.0,0.0,0.0,0.0,nan,nan,0.6786327719688414
1.0,AINR,none,787.0,0.0,1.0,0.0,0.0,nan,nan,0.6786327719688414
1.0,AINR,none,788.0,1.0,0.0,0.0,0.0,nan,nan,0.6786327719688414
1.0,AINR,none,789.0,0.0,1.0,0.0,0.0,nan,nan,0.6786327719688414
1.0,AINR,none,790.0,0.0,1.0,0.0,0.0,nan,nan,0.6786327719688414
1.0,AINR,none,791.0,1.0,0.0,0.0,0.0,nan,nan,0.6786327719688414
1.0,AINR,none,792.0,1.0,0.0,0.0,0.0,nan,nan,0.6786327719688414
1.0,AINR,none,793.0,1.0,0.0,0.0,0.0,nan,nan,0.6786327719688414
1.0,AINR,none,794.0,1.0,0.0,0.0,0.0,nan,nan,0.6786327719688414
1.0,AINR,none,795.0,0.0,1.0,0.0,0.0,nan,nan,0.6786327719688414
1.0,AINR,none,796.0,0.0,1.0,0.0,0.0,nan,nan,0.6786327719688414
1.0,AINR,none,797.0,1.0,0.0,0.0,0.0,nan,nan,0.6786327719688414
1.0,AINR,none,798.0,1.0,0.0,0.0,0.0,nan,nan,0.6786327719688414
1.0,AINR,none,799.0,1.0,0.0,0.0,0.0,nan,nan,0.6786327719688414
1.0,AINR,none,800.0,0.0,1.0,0.0,0.0,nan,nan,0.6786327719688414
1.0,AINR,none,801.0,1.0,0.0,0.0,0.0,nan,nan,0.6786327719688414
1.0,AINR,none,802.0,1.0,0.0,0.0,0.0,nan,nan,0.6786327719688414
1.0,AINR,none,803.0,1.0,0.0,0.0,0.0,nan,nan,0.6786327719688414
1.0,AINR,none,804.0,1.0,0.0,0.0,0.0,nan,nan,0.6786327719688414
1.0,AINR,none,805.0,1.0,0.0,0.0,0.0,nan,nan,0.6786327719688414
1.0,AINR,none,806.0,0.0,1.0,0.0,0.0,nan,nan,0.6786327719688414
1.0,AINR,none,807.0,0.0,1.0,0.0,0.0,nan,nan,0.6786327719688414
1.0,AINR,none,808.0,0.0,1.0,0.0,0.0,nan,nan,0.6786327719688414
1.0,AINR,none,809.0,0.0,1.0,0.0,0.0,nan,nan,0.6786327719688414
1.0,AINR,none,810.0,0.0,1.0,0.0,0.0,nan,nan,0.6786327719688414
1.0,AINR,none,811.0,1.0,0.0,0.0,0.0,nan,nan,0.6786327719688414
1.0,AINR,none,812.0,0.0,1.0,0.0,0.0,nan,nan,0.6786327719688414
1.0,AINR,none,813.0,0.0,1.0,0.0,0.0,nan,nan,0.6786327719688414
1.0,AINR,none,814.0,1.0,0.0,0.0,0.0,nan,nan,0.6786327719688414
1.0,AINR,none,815.0,0.0,1.0,0.0,0.0,nan,nan,0.6786327719688414
1.0,AINR,none,816.0,0.0,1.0,0.0,0.0,nan,nan,0.6786327719688414
1.0,AINR,none,817.0,0.0,1.0,0.0,0.0,nan,nan,0.6786327719688414
1.0,AINR,none,818.0,1.0,0.0,0.0,0.0,nan,nan,0.6786327719688414
1.0,AINR,none,819.0,1.0,0.0,0.0,0.0,nan,nan,0.6786327719688414
1.0,AINR,none,820.0,1.0,0.0,0.0,0.0,nan,nan,0.6786327719688414
1.0,AINR,none,821.0,1.0,0.0,0.0,0.0,nan,nan,0.6786327719688414
1.0,AINR,none,822.0,1.0,0.0,0.0,0.0,nan,nan,0.6786327719688414
1.0,AINR,none,823.0,1.0,0.0,0.0,0.0,nan,nan,0.6786327719688414
1.0,AINR,none,824.0,0.0,1.0,0.0,0.0,nan,nan,0.6786327719688414
1.0,AINR,none,825.0,1.0,0.0,0.0,0.0,nan,nan,0.6786327719688414
1.0,AINR,none,826.0,1.0,0.0,0.0,0.0,nan,nan,0.6786327719688414
1.0,AINR,none,827.0,1.0,0.0,0.0,0.0,nan,nan,0.6786327719688414
1.0,AINR,none,828.0,1.0,0.0,0.0,0.0,nan,nan,0.6786327719688414
1.0,AINR,none,829.0,1.0,0.0,0.0,0.0,nan,nan,0.6786327719688414
1.0,AINR,none,830.0,0.0,1.0,0.0,0.0,nan,nan,0.6786327719688414
1.0,AINR,none,831.0,1.0,0.0,0.0,0.0,nan,nan,0.6786327719688414
1.0,AINR,none,832.0,1.0,0.0,0.0,0.0,nan,nan,0.6786327719688414
1.0,AINR,none,833.0,1.0,0.0,0.0,0.0,nan,nan,0.6786327719688414
1.0,AINR,none,834.0,1.0,0.0,0.0,0.0,nan,nan,0.6786327719688414
1.0,AINR,none,835.0,0.0,1.0,0.0,0.0,nan,nan,0.6786327719688414
1.0,AINR,none,836.0,1.0,0.0,0.0,0.0,nan,nan,0.6786327719688414
1.0,AINR,none,837.0,1.0,0.0,0.0,0.0,nan,nan,0.6786327719688414
1.0,AINR,none,838.0,1.0,0.0,0.0,0.0,nan,nan,0.6786327719688414
1.0,AINR,none,839.0,0.0,1.0,0.0,0.0,nan,nan,0.6786327719688414
1.0,AINR,none,840.0,0.0,1.0,0.0,0.0,nan,nan,0.6786327719688414
1.0,AINR,none,841.0,1.0,0.0,0.0,0.0,nan,nan,0.6786327719688414
1.0,AINR,none,842.0,0.0,1.0,0.0,0.0,nan,nan,0.6786327719688414
1.0,AINR,none,843.0,0.0,1.0,0.0,0.0,nan,nan,0.6786327719688414
1.0,AINR,none,844.0,1.0,0.0,0.0,0.0,nan,nan,0.6786327719688414
1.0,AINR,none,845.0,0.0,1.0,0.0,0.0,nan,nan,0.6786327719688414
1.0,AINR,none,846.0,0.0,1.0,0.0,0.0,nan,nan,0.6786327719688414
1.0,AINR,none,847.0,0.0,1.0,0.0,0.0,nan,nan,0.6786327719688414
1.0,AINR,none,848.0,0.0,1.0,0.0,0.0,nan,nan,0.6786327719688414
1.0,AINR,none,849.0,1.0,0.0,0.0,0.0,nan,nan,0.6786327719688414
1.0,AINR,none,850.0,0.0,1.0,0.0,0.0,nan,nan,0.6786327719688414
1.0,AINR,none,851.0,0.0,1.0,0.0,0.0,nan,nan,0.6786327719688414
1.0,AINR,none,852.0,1.0,0.0,0.0,0.0,nan,nan,0.6786327719688414
1.0,AINR,none,853.0,0.0,1.0,0.0,0.0,nan,nan,0.6786327719688414
1.0,AINR,none,854.0,0.0,1.0,0.0,0.0,nan,nan,0.6786327719688414
1.0,AINR,none,855.0,0.0,1.0,0.0,0.0,nan,nan,0.6786327719688414
1.0,AINR,none,856.0,1.0,0.0,0.0,0.0,nan,nan,0.6786327719688414
1.0,AINR,none,857.0,0.0,1.0,0.0,0.0,nan,nan,0.6786327719688414
1.0,AINR,none,858.0,1.0,0.0,0.0,0.0,nan,nan,0.6786327719688414
1.0,AINR,none,859.0,1.0,0.0,0.0,0.0,nan,nan,0.6786327719688414
1.0,AINR,none,860.0,1.0,0.0,0.0,0.0,nan,nan,0.6786327719688414
1.0,AINR,none,861.0,1.0,0.0,0.0,0.0,nan,nan,0.6786327719688414
1.0,AINR,none,862.0,1.0,0.0,0.0,0.0,nan,nan,0.6786327719688414
1.0,AINR,none,863.0,1.0,0.0,0.0,0.0,nan,nan,0.6786327719688414
1.0,AINR,none,864.0,1.0,0.0,0.0,0.0,nan,nan,0.6786327719688414
1.0,AINR,none,865.0,1.0,0.0,0.0,0.0,nan,nan,0.6786327719688414
1.0,AINR,none,866.0,1.0,0.0,0.0,0.0,nan,nan,0.6786327719688414
1.0,AINR,none,867.0,1.0,0.0,0.0,0.0,nan,nan,0.6786327719688414
1.0,AINR,none,868.0,0.0,1.0,0.0,0.0,nan,nan,0.6786327719688414
1.0,AINR,none,869.0,0.0,1.0,0.0,0.0,nan,nan,0.6786327719688414
1.0,AINR,none,870.0,1.0,0.0,0.0,0.0,nan,nan,0.6786327719688414
1.0,AINR,none,871.0,0.0,1.0,0.0,0.0,nan,nan,0.6786327719688414
1.0,AINR,none,872.0,1.0,0.0,0.0,0.0,nan,nan,0.6786327719688414
1.0,AINR,none,873.0,0.0,1.0,0.0,0.0,nan,nan,0.6786327719688414
1.0,AINR,none,874.0,1.0,0.0,0.0,0.0,nan,nan,0.6786327719688414
1.0,AINR,none,875.0,1.0,0.0,0.0,0.0,nan,nan,0.6786327719688414
1.0,AINR,none,876.0,1.0,0.0,0.0,0.0,nan,nan,0.6786327719688414
1.0,AINR,none,877.0,1.0,0.0,0.0,0.0,nan,nan,0.6786327719688414
1.0,AINR,none,878.0,0.0,1.0,0.0,0.0,nan,nan,0.6786327719688414
1.0,AINR,none,879.0,0.0,1.0,0.0,0.0,nan,nan,0.6786327719688414
1.0,AINR,none,880.0,1.0,0.0,0.0,0.0,nan,nan,0.6786327719688414
1.0,AINR,none,881.0,0.0,1.0,0.0,0.0,nan,nan,0.6786327719688414
1.0,AINR,none,882.0,0.0,1.0,0.0,0.0,nan,nan,0.6786327719688414
1.0,AINR,none,883.0,0.0,1.0,0.0,0.0,nan,nan,0.6786327719688414
1.0,AINR,none,884.0,0.0,1.0,0.0,0.0,nan,nan,0.6786327719688414
1.0,AINR,none,885.0,0.0,1.0,0.0,0.0,nan,nan,0.6786327719688414
1.0,AINR,none,886.0,1.0,0.0,0.0,0.0,nan,nan,0.6786327719688414
1.0,AINR,none,887.0,0.0,1.0,0.0,0.0,nan,nan,0.6786327719688414
1.0,AINR,none,888.0,1.0,0.0,0.0,0.0,nan,nan,0.6786327719688414
1.0,AINR,none,889.0,0.0,1.0,0.0,0.0,nan,nan,0.6786327719688414
1.0,AINR,none,890.0,0.0,1.0,0.0,0.0,nan,nan,0.6786327719688414
1.0,AINR,none,891.0,0.0,1.0,0.0,0.0,nan,nan,0.6786327719688414
1.0,AINR,none,892.0,0.0,1.0,0.0,0.0,nan,nan,0.6786327719688414
1.0,AINR,none,893.0,1.0,0.0,0.0,0.0,nan,nan,0.6786327719688414
1.0,AINR,none,894.0,1.0,0.0,0.0,0.0,nan,nan,0.6786327719688414
1.0,AINR,none,895.0,1.0,0.0,0.0,0.0,nan,nan,0.6786327719688414
1.0,AINR,none,896.0,1.0,0.0,0.0,0.0,nan,nan,0.6786327719688414
1.0,AINR,none,897.0,0.0,1.0,0.0,0.0,nan,nan,0.6786327719688414
1.0,AINR,none,898.0,1.0,0.0,0.0,0.0,nan,nan,0.6786327719688414
1.0,AINR,none,899.0,0.0,1.0,0.0,0.0,nan,nan,0.6786327719688414
1.0,AINR,none,900.0,0.0,1.0,0.0,0.0,nan,nan,0.6786327719688414
1.0,AINR,none,901.0,1.0,0.0,0.0,0.0,nan,nan,0.6786327719688414
1.0,AINR,none,902.0,0.0,1.0,0.0,0.0,nan,nan,0.6786327719688414
1.0,AINR,none,903.0,1.0,0.0,0.0,0.0,nan,nan,0.6786327719688414
1.0,AINR,none,904.0,1.0,0.0,0.0,0.0,nan,nan,0.6786327719688414
1.0,AINR,none,905.0,1.0,0.0,0.0,0.0,nan,nan,0.6786327719688414
1.0,AINR,none,906.0,1.0,0.0,0.0,0.0,nan,nan,0.6786327719688414
1.0,AINR,none,907.0,1.0,0.0,0.0,0.0,nan,nan,0.6786327719688414
1.0,AINR,none,908.0,0.0,1.0,0.0,0.0,nan,nan,0.6786327719688414
1.0,AINR,none,909.0,0.0,1.0,0.0,0.0,nan,nan,0.6786327719688414
1.0,AINR,none,910.0,0.0,1.0,0.0,0.0,nan,nan,0.6786327719688414
1.0,AINR,none,911.0,1.0,0.0,0.0,0.0,nan,nan,0.6786327719688414
1.0,AINR,none,912.0,1.0,0.0,0.0,0.0,nan,nan,0.6786327719688414
1.0,AINR,none,913.0,0.0,1.0,0.0,0.0,nan,nan,0.6786327719688414
1.0,AINR,none,914.0,0.0,1.0,0.0,0.0,nan,nan,0.6786327719688414
1.0,AINR,none,915.0,1.0,0.0,0.0,0.0,nan,nan,0.6786327719688414
1.0,AINR,none,916.0,1.0,0.0,0.0,0.0,nan,nan,0.6786327719688414
1.0,AINR,none,917.0,0.0,1.0,0.0,0.0,nan,nan,0.6786327719688414
1.0,AINR,none,918.0,0.0,1.0,0.0,0.0,nan,nan,0.6786327719688414
1.0,AINR,none,919.0,1.0,0.0,0.0,0.0,nan,nan,0.6786327719688414
1.0,AINR,none,920.0,1.0,0.0,0.0,0.0,nan,nan,0.6786327719688414
1.0,AINR,none,921.0,1.0,0.0,0.0,0.0,nan,nan,0.6786327719688414
1.0,AINR,none,922.0,1.0,0.0,0.0,0.0,nan,nan,0.6786327719688414
1.0,AINR,none,923.0,1.0,0.0,0.0,0.0,nan,nan,0.6786327719688414
1.0,AINR,none,924.0,1.0,0.0,0.0,0.0,nan,nan,0.6786327719688414
1.0,AINR,none,925.0,1.0,0.0,0.0,0.0,nan,nan,0.6786327719688414
1.0,AINR,none,926.0,1.0,0.0,0.0,0.0,nan,nan,0.6786327719688414
1.0,AINR,none,927.0,0.0,1.0,0.0,0.0,nan,nan,0.6786327719688414
1.0,AINR,none,928.0,0.0,1.0,0.0,0.0,nan,nan,0.6786327719688414
1.0,AINR,none,929.0,1.0,0.0,0.0,0.0,nan,nan,0.6786327719688414
1.0,AINR,none,930.0,1.0,0.0,0.0,0.0,nan,nan,0.6786327719688414
1.0,AINR,none,931.0,1.0,0.0,0.0,0.0,nan,nan,0.6786327719688414
1.0,AINR,none,932.0,0.0,1.0,0.0,0.0,nan,nan,0.6786327719688414
1.0,AINR,none,933.0,0.0,1.0,0.0,0.0,nan,nan,0.6786327719688414
1.0,AINR,none,934.0,1.0,0.0,0.0,0.0,nan,nan,0.6786327719688414
1.0,AINR,none,935.0,0.0,1.0,0.0,0.0,nan,nan,0.6786327719688414
1.0,AINR,none,936.0,1.0,0.0,0.0,0.0,nan,nan,0.6786327719688414
1.0,AINR,none,937.0,0.0,1.0,0.0,0.0,nan,nan,0.6786327719688414
1.0,AINR,none,938.0,1.0,0.0,0.0,0.0,nan,nan,0.6786327719688414
1.0,AINR,none,939.0,1.0,0.0,0.0,0.0,nan,nan,0.6786327719688414
1.0,AINR,none,940.0,1.0,0.0,0.0,0.0,nan,nan,0.6786327719688414
1.0,AINR,none,941.0,0.0,1.0,0.0,0.0,nan,nan,0.6786327719688414
1.0,AINR,none,942.0,1.0,0.0,0.0,0.0,nan,nan,0.6786327719688414
1.0,AINR,none,943.0,1.0,0.0,0.0,0.0,nan,nan,0.6786327719688414
1.0,AINR,none,944.0,0.0,1.0,0.0,0.0,nan,nan,0.6786327719688414
1.0,AINR,none,945.0,1.0,0.0,0.0,0.0,nan,nan,0.6786327719688414
1.0,AINR,none,946.0,1.0,0.0,0.0,0.0,nan,nan,0.6786327719688414
1.0,AINR,none,947.0,1.0,0.0,0.0,0.0,nan,nan,0.6786327719688414
1.0,AINR,none,948.0,1.0,0.0,0.0,0.0,nan,nan,0.6786327719688414
1.0,AINR,none,949.0,1.0,0.0,0.0,0.0,nan,nan,0.6786327719688414
1.0,AINR,none,950.0,1.0,0.0,0.0,0.0,nan,nan,0.6786327719688414
1.0,AINR,none,951.0,0.0,1.0,0.0,0.0,nan,nan,0.6786327719688414
1.0,AINR,none,952.0,1.0,0.0,0.0,0.0,nan,nan,0.6786327719688414
1.0,AINR,none,953.0,0.0,1.0,0.0,0.0,nan,nan,0.6786327719688414
1.0,AINR,none,954.0,1.0,0.0,0.0,0.0,nan,nan,0.6786327719688414
1.0,AINR,none,955.0,0.0,1.0,0.0,0.0,nan,nan,0.6786327719688414
1.0,AINR,none,956.0,1.0,0.0,0.0,0.0,nan,nan,0.6786327719688414
1.0,AINR,none,957.0,1.0,0.0,0.0,0.0,nan,nan,0.6786327719688414
1.0,AINR,none,958.0,0.0,1.0,0.0,0.0,nan,nan,0.6786327719688414
1.0,AINR,none,959.0,0.0,1.0,0.0,0.0,nan,nan,0.6786327719688414
1.0,AINR,none,960.0,1.0,0.0,0.0,0.0,nan,nan,0.6786327719688414
1.0,AINR,none,961.0,1.0,0.0,0.0,0.0,nan,nan,0.6786327719688414
1.0,AINR,none,962.0,1.0,0.0,0.0,0.0,nan,nan,0.6786327719688414
1.0,AINR,none,963.0,0.0,1.0,0.0,0.0,nan,nan,0.6786327719688414
1.0,AINR,none,964.0,1.0,0.0,0.0,0.0,nan,nan,0.6786327719688414
1.0,AINR,none,965.0,1.0,0.0,0.0,0.0,nan,nan,0.6786327719688414
1.0,AINR,none,966.0,1.0,0.0,0.0,0.0,nan,nan,0.6786327719688414
1.0,AINR,none,967.0,1.0,0.0,0.0,0.0,nan,nan,0.6786327719688414
1.0,AINR,none,968.0,1.0,0.0,0.0,0.0,nan,nan,0.6786327719688414
1.0,AINR,none,969.0,1.0,0.0,0.0,0.0,nan,nan,0.6786327719688414
1.0,AINR,none,970.0,1.0,0.0,0.0,0.0,nan,nan,0.6786327719688414
1.0,AINR,none,971.0,0.0,1.0,0.0,0.0,nan,nan,0.6786327719688414
1.0,AINR,none,972.0,0.0,1.0,0.0,0.0,nan,nan,0.6786327719688414
1.0,AINR,none,973.0,1.0,0.0,0.0,0.0,nan,nan,0.6786327719688414
1.0,AINR,none,974.0,0.0,1.0,0.0,0.0,nan,nan,0.6786327719688414
1.0,AINR,none,975.0,1.0,0.0,0.0,0.0,nan,nan,0.6786327719688414
1.0,AINR,none,976.0,0.0,1.0,0.0,0.0,nan,nan,0.6786327719688414
1.0,AINR,none,977.0,1.0,0.0,0.0,0.0,nan,nan,0.6786327719688414
1.0,AINR,none,978.0,1.0,0.0,0.0,0.0,nan,nan,0.6786327719688414
1.0,AINR,none,979.0,1.0,0.0,0.0,0.0,nan,nan,0.6786327719688414
1.0,AINR,none,980.0,1.0,0.0,0.0,0.0,nan,nan,0.6786327719688414
1.0,AINR,none,981.0,1.0,0.0,0.0,0.0,nan,nan,0.6786327719688414
1.0,AINR,none,982.0,1.0,0.0,0.0,0.0,nan,nan,0.6786327719688414
1.0,AINR,none,983.0,1.0,0.0,0.0,0.0,nan,nan,0.6786327719688414
1.0,AINR,none,984.0,1.0,0.0,0.0,0.0,nan,nan,0.6786327719688414
1.0,AINR,none,985.0,1.0,0.0,0.0,0.0,nan,nan,0.6786327719688414
1.0,AINR,none,986.0,1.0,0.0,0.0,0.0,nan,nan,0.6786327719688414
1.0,AINR,none,987.0,1.0,0.0,0.0,0.0,nan,nan,0.6786327719688414
1.0,AINR,none,988.0,0.0,1.0,0.0,0.0,nan,nan,0.6786327719688414
1.0,AINR,none,989.0,1.0,0.0,0.0,0.0,nan,nan,0.6786327719688414
1.0,AINR,none,990.0,1.0,0.0,0.0,0.0,nan,nan,0.6786327719688414
1.0,AINR,none,991.0,0.0,1.0,0.0,0.0,nan,nan,0.6786327719688414
1.0,AINR,none,992.0,1.0,0.0,0.0,0.0,nan,nan,0.6786327719688414
1.0,AINR,none,993.0,0.0,1.0,0.0,0.0,nan,nan,0.6786327719688414
1.0,AINR,none,994.0,0.0,1.0,0.0,0.0,nan,nan,0.6786327719688414
1.0,AINR,none,995.0,1.0,0.0,0.0,0.0,nan,nan,0.6786327719688414
1.0,AINR,none,996.0,0.0,1.0,0.0,0.0,nan,nan,0.6786327719688414
1.0,AINR,none,997.0,1.0,0.0,0.0,0.0,nan,nan,0.6786327719688414
1.0,AINR,none,998.0,1.0,0.0,0.0,0.0,nan,nan,0.6786327719688414
1.0,AINR,none,999.0,0.0,1.0,0.0,0.0,nan,nan,0.6786327719688414
1.0,AINR,ungated,0.0,0.0,1.0,0.0,1.0,350.4781000010553,nan,0.6786327719688414
1.0,AINR,ungated,1.0,1.0,0.0,0.0,1.0,44.95609999867156,nan,0.6786327719688414
1.0,AINR,ungated,2.0,1.0,0.0,0.0,1.0,43.73150000174064,nan,0.6786327719688414
1.0,AINR,ungated,3.0,1.0,0.0,0.0,1.0,43.74889999598963,nan,0.6786327719688414
1.0,AINR,ungated,4.0,1.0,0.0,0.0,1.0,44.28320000442909,nan,0.6786327719688414
1.0,AINR,ungated,5.0,0.0,1.0,0.0,1.0,44.333400001050904,nan,0.6786327719688414
1.0,AINR,ungated,6.0,1.0,0.0,0.0,1.0,44.70559999754187,nan,0.6786327719688414
1.0,AINR,ungated,7.0,1.0,0.0,0.0,1.0,43.85309999634046,nan,0.6786327719688414
1.0,AINR,ungated,8.0,1.0,0.0,0.0,1.0,43.35970000101952,nan,0.6786327719688414
1.0,AINR,ungated,9.0,1.0,0.0,0.0,1.0,48.84029999811901,nan,0.6786327719688414
1.0,AINR,ungated,10.0,1.0,0.0,0.0,1.0,42.844500007049646,nan,0.6786327719688414
1.0,AINR,ungated,11.0,1.0,0.0,0.0,1.0,43.621800003165845,nan,0.6786327719688414
1.0,AINR,ungated,12.0,1.0,0.0,0.0,1.0,43.072300002677366,nan,0.6786327719688414
1.0,AINR,ungated,13.0,1.0,0.0,0.0,1.0,41.84220000024652,nan,0.6786327719688414
1.0,AINR,ungated,14.0,1.0,0.0,0.0,1.0,43.24529999576043,nan,0.6786327719688414
1.0,AINR,ungated,15.0,1.0,0.0,0.0,1.0,44.72440000245115,nan,0.6786327719688414
1.0,AINR,ungated,16.0,1.0,0.0,0.0,1.0,44.50550000183284,nan,0.6786327719688414
1.0,AINR,ungated,17.0,1.0,0.0,0.0,1.0,44.45379999378929,nan,0.6786327719688414
1.0,AINR,ungated,18.0,1.0,0.0,0.0,1.0,47.07819999748608,nan,0.6786327719688414
1.0,AINR,ungated,19.0,1.0,0.0,0.0,1.0,43.271200003800914,nan,0.6786327719688414
1.0,AINR,ungated,20.0,1.0,0.0,0.0,1.0,44.1897999990033,nan,0.6786327719688414
1.0,AINR,ungated,21.0,1.0,0.0,0.0,1.0,42.690000002039596,nan,0.6786327719688414
1.0,AINR,ungated,22.0,1.0,0.0,0.0,1.0,43.01820000546286,nan,0.6786327719688414
1.0,AINR,ungated,23.0,1.0,0.0,0.0,1.0,43.883599995751865,nan,0.6786327719688414
1.0,AINR,ungated,24.0,1.0,0.0,0.0,1.0,44.80040000635199,nan,0.6786327719688414
1.0,AINR,ungated,25.0,1.0,0.0,0.0,1.0,43.93149999668822,nan,0.6786327719688414
1.0,AINR,ungated,26.0,1.0,0.0,0.0,1.0,44.78309999831254,nan,0.6786327719688414
1.0,AINR,ungated,27.0,1.0,0.0,0.0,1.0,43.198400002438575,nan,0.6786327719688414
1.0,AINR,ungated,28.0,1.0,0.0,0.0,1.0,42.82049999892479,nan,0.6786327719688414
1.0,AINR,ungated,29.0,1.0,0.0,0.0,1.0,42.794699998921715,nan,0.6786327719688414
1.0,AINR,ungated,30.0,1.0,0.0,0.0,1.0,43.58240000146907,nan,0.6786327719688414
1.0,AINR,ungated,31.0,1.0,0.0,0.0,1.0,42.756099996040575,nan,0.6786327719688414
1.0,AINR,ungated,32.0,1.0,0.0,0.0,1.0,44.403300002159085,nan,0.6786327719688414
1.0,AINR,ungated,33.0,1.0,0.0,0.0,1.0,44.73209999559913,nan,0.6786327719688414
1.0,AINR,ungated,34.0,1.0,0.0,0.0,1.0,44.99190000205999,nan,0.6786327719688414
1.0,AINR,ungated,35.0,1.0,0.0,0.0,1.0,43.59239999757847,nan,0.6786327719688414
1.0,AINR,ungated,36.0,1.0,0.0,0.0,1.0,46.634099999209866,nan,0.6786327719688414
1.0,AINR,ungated,37.0,1.0,0.0,0.0,1.0,49.051299996790476,nan,0.6786327719688414
1.0,AINR,ungated,38.0,1.0,0.0,0.0,1.0,55.17530000361148,nan,0.6786327719688414
1.0,AINR,ungated,39.0,1.0,0.0,0.0,1.0,56.11180000414606,nan,0.6786327719688414
1.0,AINR,ungated,40.0,1.0,0.0,0.0,1.0,58.835499999986496,nan,0.6786327719688414
1.0,AINR,ungated,41.0,1.0,0.0,0.0,1.0,58.08729999989737,nan,0.6786327719688414
1.0,AINR,ungated,42.0,1.0,0.0,0.0,1.0,55.21240000234684,nan,0.6786327719688414
1.0,AINR,ungated,43.0,1.0,0.0,0.0,1.0,51.5198000066448,nan,0.6786327719688414
1.0,AINR,ungated,44.0,1.0,0.0,0.0,1.0,51.526600000215694,nan,0.6786327719688414
1.0,AINR,ungated,45.0,1.0,0.0,0.0,1.0,51.05059999914374,nan,0.6786327719688414
1.0,AINR,ungated,46.0,1.0,0.0,0.0,1.0,48.16130000108387,nan,0.6786327719688414
1.0,AINR,ungated,47.0,1.0,0.0,0.0,1.0,53.12989999947604,nan,0.6786327719688414
1.0,AINR,ungated,48.0,1.0,0.0,0.0,1.0,45.70680000324501,nan,0.6786327719688414
1.0,AINR,ungated,49.0,1.0,0.0,0.0,1.0,48.376300001109485,nan,0.6786327719688414
1.0,AINR,ungated,50.0,1.0,0.0,0.0,1.0,43.88779999862891,nan,0.6786327719688414
1.0,AINR,ungated,51.0,1.0,0.0,0.0,1.0,54.6050999982981,nan,0.6786327719688414
1.0,AINR,ungated,52.0,1.0,0.0,0.0,1.0,53.71790000208421,nan,0.6786327719688414
1.0,AINR,ungated,53.0,1.0,0.0,0.0,1.0,55.76820000715088,nan,0.6786327719688414
1.0,AINR,ungated,54.0,1.0,0.0,0.0,1.0,58.136300001933705,nan,0.6786327719688414
1.0,AINR,ungated,55.0,1.0,0.0,0.0,1.0,55.17079999845009,nan,0.6786327719688414
1.0,AINR,ungated,56.0,1.0,0.0,0.0,1.0,60.48690000170609,nan,0.6786327719688414
1.0,AINR,ungated,57.0,1.0,0.0,0.0,1.0,57.36299999989569,nan,0.6786327719688414
1.0,AINR,ungated,58.0,1.0,0.0,0.0,1.0,52.36690000310773,nan,0.6786327719688414
1.0,AINR,ungated,59.0,1.0,0.0,0.0,1.0,50.744700005452614,nan,0.6786327719688414
1.0,AINR,ungated,60.0,1.0,0.0,0.0,1.0,50.96829999820329,nan,0.6786327719688414
1.0,AINR,ungated,61.0,1.0,0.0,0.0,1.0,47.371700005896855,nan,0.6786327719688414
1.0,AINR,ungated,62.0,1.0,0.0,0.0,1.0,48.59299999952782,nan,0.6786327719688414
1.0,AINR,ungated,63.0,1.0,0.0,0.0,1.0,51.601899998786394,nan,0.6786327719688414
1.0,AINR,ungated,64.0,1.0,0.0,0.0,1.0,51.8789999987348,nan,0.6786327719688414
1.0,AINR,ungated,65.0,1.0,0.0,0.0,1.0,52.84859999665059,nan,0.6786327719688414
1.0,AINR,ungated,66.0,1.0,0.0,0.0,1.0,53.886000001512,nan,0.6786327719688414
1.0,AINR,ungated,67.0,1.0,0.0,0.0,1.0,48.90329999761889,nan,0.6786327719688414
1.0,AINR,ungated,68.0,1.0,0.0,0.0,1.0,47.048199994605966,nan,0.6786327719688414
1.0,AINR,ungated,69.0,1.0,0.0,0.0,1.0,49.844699999084696,nan,0.6786327719688414
1.0,AINR,ungated,70.0,1.0,0.0,0.0,1.0,51.78909999813186,nan,0.6786327719688414
1.0,AINR,ungated,71.0,1.0,0.0,0.0,1.0,50.06690000300296,nan,0.6786327719688414
1.0,AINR,ungated,72.0,1.0,0.0,0.0,1.0,47.97260000486858,nan,0.6786327719688414
1.0,AINR,ungated,73.0,1.0,0.0,0.0,1.0,48.81829999794718,nan,0.6786327719688414
1.0,AINR,ungated,74.0,1.0,0.0,0.0,1.0,49.53070000192383,nan,0.6786327719688414
1.0,AINR,ungated,75.0,1.0,0.0,0.0,1.0,47.98260000097798,nan,0.6786327719688414
1.0,AINR,ungated,76.0,1.0,0.0,0.0,1.0,47.979000002669636,nan,0.6786327719688414
1.0,AINR,ungated,77.0,1.0,0.0,0.0,1.0,49.42460000165738,nan,0.6786327719688414
1.0,AINR,ungated,78.0,1.0,0.0,0.0,1.0,52.47320000489708,nan,0.6786327719688414
1.0,AINR,ungated,79.0,1.0,0.0,0.0,1.0,52.25040000368608,nan,0.6786327719688414
1.0,AINR,ungated,80.0,1.0,0.0,0.0,1.0,52.33350000344217,nan,0.6786327719688414
1.0,AINR,ungated,81.0,1.0,0.0,0.0,1.0,50.839499999710824,nan,0.6786327719688414
1.0,AINR,ungated,82.0,1.0,0.0,0.0,1.0,46.631700002762955,nan,0.6786327719688414
1.0,AINR,ungated,83.0,1.0,0.0,0.0,1.0,45.46929999924032,nan,0.6786327719688414
1.0,AINR,ungated,84.0,1.0,0.0,0.0,1.0,48.63399999885587,nan,0.6786327719688414
1.0,AINR,ungated,85.0,1.0,0.0,0.0,1.0,54.04869999620132,nan,0.6786327719688414
1.0,AINR,ungated,86.0,1.0,0.0,0.0,1.0,56.817800003045704,nan,0.6786327719688414
1.0,AINR,ungated,87.0,1.0,0.0,0.0,1.0,61.076199999661185,nan,0.6786327719688414
1.0,AINR,ungated,88.0,1.0,0.0,0.0,1.0,53.895299999567214,nan,0.6786327719688414
1.0,AINR,ungated,89.0,1.0,0.0,0.0,1.0,54.15769999672193,nan,0.6786327719688414
1.0,AINR,ungated,90.0,1.0,0.0,0.0,1.0,50.981799999135546,nan,0.6786327719688414
1.0,AINR,ungated,91.0,1.0,0.0,0.0,1.0,47.94529999344377,nan,0.6786327719688414
1.0,AINR,ungated,92.0,1.0,0.0,0.0,1.0,50.11210000520805,nan,0.6786327719688414
1.0,AINR,ungated,93.0,1.0,0.0,0.0,1.0,50.6907000017236,nan,0.6786327719688414
1.0,AINR,ungated,94.0,1.0,0.0,0.0,1.0,49.58450000412995,nan,0.6786327719688414
1.0,AINR,ungated,95.0,1.0,0.0,0.0,1.0,42.383200001495425,nan,0.6786327719688414
1.0,AINR,ungated,96.0,1.0,0.0,0.0,1.0,45.3029999989667,nan,0.6786327719688414
1.0,AINR,ungated,97.0,1.0,0.0,0.0,1.0,43.17599999922095,nan,0.6786327719688414
1.0,AINR,ungated,98.0,1.0,0.0,0.0,1.0,44.710699999995995,nan,0.6786327719688414
1.0,AINR,ungated,99.0,1.0,0.0,0.0,1.0,42.09469999477733,nan,0.6786327719688414
1.0,AINR,ungated,100.0,1.0,0.0,0.0,1.0,42.29839999607066,nan,0.6786327719688414
1.0,AINR,ungated,101.0,1.0,0.0,0.0,1.0,50.49460000009276,nan,0.6786327719688414
1.0,AINR,ungated,102.0,1.0,0.0,0.0,1.0,46.905000002880115,nan,0.6786327719688414
1.0,AINR,ungated,103.0,1.0,0.0,0.0,1.0,44.49010000098497,nan,0.6786327719688414
1.0,AINR,ungated,104.0,1.0,0.0,0.0,1.0,48.78889999963576,nan,0.6786327719688414
1.0,AINR,ungated,105.0,1.0,0.0,0.0,1.0,42.058999999426305,nan,0.6786327719688414
1.0,AINR,ungated,106.0,1.0,0.0,0.0,1.0,43.171999997866806,nan,0.6786327719688414
1.0,AINR,ungated,107.0,1.0,0.0,0.0,1.0,43.311700006597675,nan,0.6786327719688414
1.0,AINR,ungated,108.0,1.0,0.0,0.0,1.0,47.93429999699583,nan,0.6786327719688414
1.0,AINR,ungated,109.0,1.0,0.0,0.0,1.0,54.638199995679315,nan,0.6786327719688414
1.0,AINR,ungated,110.0,1.0,0.0,0.0,1.0,55.26539999846136,nan,0.6786327719688414
1.0,AINR,ungated,111.0,1.0,0.0,0.0,1.0,57.60279999958584,nan,0.6786327719688414
1.0,AINR,ungated,112.0,1.0,0.0,0.0,1.0,61.03699999948731,nan,0.6786327719688414
1.0,AINR,ungated,113.0,1.0,0.0,0.0,1.0,59.242399998765904,nan,0.6786327719688414
1.0,AINR,ungated,114.0,1.0,0.0,0.0,1.0,54.17270000179997,nan,0.6786327719688414
1.0,AINR,ungated,115.0,1.0,0.0,0.0,1.0,53.92529999517137,nan,0.6786327719688414
1.0,AINR,ungated,116.0,1.0,0.0,0.0,1.0,50.93029999989085,nan,0.6786327719688414
1.0,AINR,ungated,117.0,1.0,0.0,0.0,1.0,48.28020000422839,nan,0.6786327719688414
1.0,AINR,ungated,118.0,1.0,0.0,0.0,1.0,46.29870000644587,nan,0.6786327719688414
1.0,AINR,ungated,119.0,1.0,0.0,0.0,1.0,44.243500000447966,nan,0.6786327719688414
1.0,AINR,ungated,120.0,1.0,0.0,0.0,1.0,44.56900000513997,nan,0.6786327719688414
1.0,AINR,ungated,121.0,1.0,0.0,0.0,1.0,44.248300000617746,nan,0.6786327719688414
1.0,AINR,ungated,122.0,1.0,0.0,0.0,1.0,44.26130000501871,nan,0.6786327719688414
1.0,AINR,ungated,123.0,1.0,0.0,0.0,1.0,43.35449999780394,nan,0.6786327719688414
1.0,AINR,ungated,124.0,1.0,0.0,0.0,1.0,51.1049999986426,nan,0.6786327719688414
1.0,AINR,ungated,125.0,1.0,0.0,0.0,1.0,51.90079999738373,nan,0.6786327719688414
1.0,AINR,ungated,126.0,1.0,0.0,0.0,1.0,54.75710000609979,nan,0.6786327719688414
1.0,AINR,ungated,127.0,1.0,0.0,0.0,1.0,55.22110000310931,nan,0.6786327719688414
1.0,AINR,ungated,128.0,1.0,0.0,0.0,1.0,57.20429999928456,nan,0.6786327719688414
1.0,AINR,ungated,129.0,1.0,0.0,0.0,1.0,59.80149999959394,nan,0.6786327719688414
1.0,AINR,ungated,130.0,1.0,0.0,0.0,1.0,58.173599994916,nan,0.6786327719688414
1.0,AINR,ungated,131.0,1.0,0.0,0.0,1.0,60.77709999954095,nan,0.6786327719688414
1.0,AINR,ungated,132.0,1.0,0.0,0.0,1.0,55.03650000173366,nan,0.6786327719688414
1.0,AINR,ungated,133.0,1.0,0.0,0.0,1.0,55.068699999537785,nan,0.6786327719688414
1.0,AINR,ungated,134.0,1.0,0.0,0.0,1.0,51.53430000063963,nan,0.6786327719688414
1.0,AINR,ungated,135.0,1.0,0.0,0.0,1.0,56.57899999641813,nan,0.6786327719688414
1.0,AINR,ungated,136.0,1.0,0.0,0.0,1.0,46.56310000427766,nan,0.6786327719688414
1.0,AINR,ungated,137.0,1.0,0.0,0.0,1.0,43.742500005464535,nan,0.6786327719688414
1.0,AINR,ungated,138.0,1.0,0.0,0.0,1.0,43.25570000219159,nan,0.6786327719688414
1.0,AINR,ungated,139.0,1.0,0.0,0.0,1.0,42.3263999982737,nan,0.6786327719688414
1.0,AINR,ungated,140.0,1.0,0.0,0.0,1.0,43.45929999544751,nan,0.6786327719688414
1.0,AINR,ungated,141.0,1.0,0.0,0.0,1.0,44.62890000286279,nan,0.6786327719688414
1.0,AINR,ungated,142.0,1.0,0.0,0.0,1.0,42.81009999976959,nan,0.6786327719688414
1.0,AINR,ungated,143.0,1.0,0.0,0.0,1.0,43.99800000101095,nan,0.6786327719688414
1.0,AINR,ungated,144.0,1.0,0.0,0.0,1.0,51.4128999930108,nan,0.6786327719688414
1.0,AINR,ungated,145.0,1.0,0.0,0.0,1.0,43.64279999572318,nan,0.6786327719688414
1.0,AINR,ungated,146.0,1.0,0.0,0.0,1.0,43.85000000183936,nan,0.6786327719688414
1.0,AINR,ungated,147.0,1.0,0.0,0.0,1.0,43.7510999981896,nan,0.6786327719688414
1.0,AINR,ungated,148.0,1.0,0.0,0.0,1.0,44.482900004368275,nan,0.6786327719688414
1.0,AINR,ungated,149.0,1.0,0.0,0.0,1.0,44.679599996015895,nan,0.6786327719688414
1.0,AINR,ungated,150.0,1.0,0.0,0.0,1.0,44.524999997520354,nan,0.6786327719688414
1.0,AINR,ungated,151.0,1.0,0.0,0.0,1.0,43.902899997192435,nan,0.6786327719688414
1.0,AINR,ungated,152.0,1.0,0.0,0.0,1.0,42.99690000334522,nan,0.6786327719688414
1.0,AINR,ungated,153.0,1.0,0.0,0.0,1.0,43.09890000149608,nan,0.6786327719688414
1.0,AINR,ungated,154.0,1.0,0.0,0.0,1.0,42.8230999968946,nan,0.6786327719688414
1.0,AINR,ungated,155.0,1.0,0.0,0.0,1.0,42.7274000030593,nan,0.6786327719688414
1.0,AINR,ungated,156.0,1.0,0.0,0.0,1.0,40.6756000011228,nan,0.6786327719688414
1.0,AINR,ungated,157.0,1.0,0.0,0.0,1.0,43.563799998082686,nan,0.6786327719688414
1.0,AINR,ungated,158.0,1.0,0.0,0.0,1.0,39.17309999815188,nan,0.6786327719688414
1.0,AINR,ungated,159.0,1.0,0.0,0.0,1.0,43.26589999982389,nan,0.6786327719688414
1.0,AINR,ungated,160.0,1.0,0.0,0.0,1.0,43.960200004221406,nan,0.6786327719688414
1.0,AINR,ungated,161.0,1.0,0.0,0.0,1.0,46.24170000170125,nan,0.6786327719688414
1.0,AINR,ungated,162.0,1.0,0.0,0.0,1.0,52.840699994703755,nan,0.6786327719688414
1.0,AINR,ungated,163.0,1.0,0.0,0.0,1.0,53.78400000336114,nan,0.6786327719688414
1.0,AINR,ungated,164.0,1.0,0.0,0.0,1.0,52.60180000186665,nan,0.6786327719688414
1.0,AINR,ungated,165.0,1.0,0.0,0.0,1.0,56.488900001568254,nan,0.6786327719688414
1.0,AINR,ungated,166.0,1.0,0.0,0.0,1.0,57.32880000141449,nan,0.6786327719688414
1.0,AINR,ungated,167.0,1.0,0.0,0.0,1.0,63.461400000960566,nan,0.6786327719688414
1.0,AINR,ungated,168.0,1.0,0.0,0.0,1.0,56.7557999966084,nan,0.6786327719688414
1.0,AINR,ungated,169.0,1.0,0.0,0.0,1.0,52.28809999971418,nan,0.6786327719688414
1.0,AINR,ungated,170.0,1.0,0.0,0.0,1.0,51.57030000555096,nan,0.6786327719688414
1.0,AINR,ungated,171.0,1.0,0.0,0.0,1.0,53.181200004473794,nan,0.6786327719688414
1.0,AINR,ungated,172.0,1.0,0.0,0.0,1.0,49.569299997529015,nan,0.6786327719688414
1.0,AINR,ungated,173.0,1.0,0.0,0.0,1.0,50.329199999396224,nan,0.6786327719688414
1.0,AINR,ungated,174.0,1.0,0.0,0.0,1.0,52.61579999933019,nan,0.6786327719688414
1.0,AINR,ungated,175.0,1.0,0.0,0.0,1.0,47.43719999532914,nan,0.6786327719688414
1.0,AINR,ungated,176.0,1.0,0.0,0.0,1.0,49.49359999591252,nan,0.6786327719688414
1.0,AINR,ungated,177.0,1.0,0.0,0.0,1.0,50.19639999954961,nan,0.6786327719688414
1.0,AINR,ungated,178.0,1.0,0.0,0.0,1.0,43.510600000445265,nan,0.6786327719688414
1.0,AINR,ungated,179.0,1.0,0.0,0.0,1.0,43.44639999908395,nan,0.6786327719688414
1.0,AINR,ungated,180.0,1.0,0.0,0.0,1.0,44.514599998365156,nan,0.6786327719688414
1.0,AINR,ungated,181.0,1.0,0.0,0.0,1.0,43.78430000360822,nan,0.6786327719688414
1.0,AINR,ungated,182.0,1.0,0.0,0.0,1.0,44.006999996781815,nan,0.6786327719688414
1.0,AINR,ungated,183.0,1.0,0.0,0.0,1.0,43.460300003062,nan,0.6786327719688414
1.0,AINR,ungated,184.0,1.0,0.0,0.0,1.0,40.51720000279602,nan,0.6786327719688414
1.0,AINR,ungated,185.0,1.0,0.0,0.0,1.0,41.761200001928955,nan,0.6786327719688414
1.0,AINR,ungated,186.0,1.0,0.0,0.0,1.0,42.11829999985639,nan,0.6786327719688414
1.0,AINR,ungated,187.0,1.0,0.0,0.0,1.0,43.920099997194484,nan,0.6786327719688414
1.0,AINR,ungated,188.0,1.0,0.0,0.0,1.0,43.786599999293685,nan,0.6786327719688414
1.0,AINR,ungated,189.0,1.0,0.0,0.0,1.0,43.2922999971197,nan,0.6786327719688414
1.0,AINR,ungated,190.0,1.0,0.0,0.0,1.0,43.15379999752622,nan,0.6786327719688414
1.0,AINR,ungated,191.0,1.0,0.0,0.0,1.0,42.852899998251814,nan,0.6786327719688414
1.0,AINR,ungated,192.0,1.0,0.0,0.0,1.0,44.94920000433922,nan,0.6786327719688414
1.0,AINR,ungated,193.0,1.0,0.0,0.0,1.0,43.31529999763006,nan,0.6786327719688414
1.0,AINR,ungated,194.0,1.0,0.0,0.0,1.0,42.249999998603016,nan,0.6786327719688414
1.0,AINR,ungated,195.0,1.0,0.0,0.0,1.0,44.67509999813046,nan,0.6786327719688414
1.0,AINR,ungated,196.0,1.0,0.0,0.0,1.0,42.80809999909252,nan,0.6786327719688414
1.0,AINR,ungated,197.0,1.0,0.0,0.0,1.0,43.69579999911366,nan,0.6786327719688414
1.0,AINR,ungated,198.0,1.0,0.0,0.0,1.0,44.06539999763481,nan,0.6786327719688414
1.0,AINR,ungated,199.0,1.0,0.0,0.0,1.0,42.78800000611227,nan,0.6786327719688414
1.0,AINR,ungated,200.0,1.0,0.0,0.0,1.0,45.14299999573268,nan,0.6786327719688414
1.0,AINR,ungated,201.0,1.0,0.0,0.0,1.0,51.18360000051325,nan,0.6786327719688414
1.0,AINR,ungated,202.0,1.0,0.0,0.0,1.0,53.68439999438124,nan,0.6786327719688414
1.0,AINR,ungated,203.0,1.0,0.0,0.0,1.0,51.14450000110082,nan,0.6786327719688414
1.0,AINR,ungated,204.0,1.0,0.0,0.0,1.0,55.23879999964265,nan,0.6786327719688414
1.0,AINR,ungated,205.0,1.0,0.0,0.0,1.0,54.91549999715062,nan,0.6786327719688414
1.0,AINR,ungated,206.0,1.0,0.0,0.0,1.0,54.76410000119358,nan,0.6786327719688414
1.0,AINR,ungated,207.0,1.0,0.0,0.0,1.0,56.92740000085905,nan,0.6786327719688414
1.0,AINR,ungated,208.0,1.0,0.0,0.0,1.0,56.41470000409754,nan,0.6786327719688414
1.0,AINR,ungated,209.0,1.0,0.0,0.0,1.0,60.77160000131698,nan,0.6786327719688414
1.0,AINR,ungated,210.0,1.0,0.0,0.0,1.0,57.92220000148518,nan,0.6786327719688414
1.0,AINR,ungated,211.0,1.0,0.0,0.0,1.0,50.936200001160614,nan,0.6786327719688414
1.0,AINR,ungated,212.0,1.0,0.0,0.0,1.0,51.46390000300016,nan,0.6786327719688414
1.0,AINR,ungated,213.0,1.0,0.0,0.0,1.0,49.25449999427656,nan,0.6786327719688414
1.0,AINR,ungated,214.0,1.0,0.0,0.0,1.0,49.34060000232421,nan,0.6786327719688414
1.0,AINR,ungated,215.0,1.0,0.0,0.0,1.0,50.73570000240579,nan,0.6786327719688414
1.0,AINR,ungated,216.0,1.0,0.0,0.0,1.0,44.69950000202516,nan,0.6786327719688414
1.0,AINR,ungated,217.0,1.0,0.0,0.0,1.0,45.58250000263797,nan,0.6786327719688414
1.0,AINR,ungated,218.0,1.0,0.0,0.0,1.0,46.41530000662897,nan,0.6786327719688414
1.0,AINR,ungated,219.0,1.0,0.0,0.0,1.0,46.326300005603116,nan,0.6786327719688414
1.0,AINR,ungated,220.0,1.0,0.0,0.0,1.0,43.96110000379849,nan,0.6786327719688414
1.0,AINR,ungated,221.0,1.0,0.0,0.0,1.0,43.59450000629295,nan,0.6786327719688414
1.0,AINR,ungated,222.0,1.0,0.0,0.0,1.0,44.693700001516845,nan,0.6786327719688414
1.0,AINR,ungated,223.0,1.0,0.0,0.0,1.0,44.17500000272412,nan,0.6786327719688414
1.0,AINR,ungated,224.0,1.0,0.0,0.0,1.0,44.02470000059111,nan,0.6786327719688414
1.0,AINR,ungated,225.0,1.0,0.0,0.0,1.0,42.484500001592096,nan,0.6786327719688414
1.0,AINR,ungated,226.0,1.0,0.0,0.0,1.0,40.45730000507319,nan,0.6786327719688414
1.0,AINR,ungated,227.0,1.0,0.0,0.0,1.0,44.51689999405062,nan,0.6786327719688414
1.0,AINR,ungated,228.0,1.0,0.0,0.0,1.0,44.672399999399204,nan,0.6786327719688414
1.0,AINR,ungated,229.0,1.0,0.0,0.0,1.0,43.50239999621408,nan,0.6786327719688414
1.0,AINR,ungated,230.0,1.0,0.0,0.0,1.0,43.49579999689013,nan,0.6786327719688414
1.0,AINR,ungated,231.0,1.0,0.0,0.0,1.0,40.55309999966994,nan,0.6786327719688414
1.0,AINR,ungated,232.0,1.0,0.0,0.0,1.0,45.12780000368366,nan,0.6786327719688414
1.0,AINR,ungated,233.0,1.0,0.0,0.0,1.0,43.83570000209147,nan,0.6786327719688414
1.0,AINR,ungated,234.0,1.0,0.0,0.0,1.0,43.70039999776054,nan,0.6786327719688414
1.0,AINR,ungated,235.0,1.0,0.0,0.0,1.0,43.74660000030417,nan,0.6786327719688414
1.0,AINR,ungated,236.0,1.0,0.0,0.0,1.0,44.744999999238644,nan,0.6786327719688414
1.0,AINR,ungated,237.0,1.0,0.0,0.0,1.0,43.5700000016368,nan,0.6786327719688414
1.0,AINR,ungated,238.0,1.0,0.0,0.0,1.0,44.977199999266304,nan,0.6786327719688414
1.0,AINR,ungated,239.0,1.0,0.0,0.0,1.0,40.12309999961872,nan,0.6786327719688414
1.0,AINR,ungated,240.0,1.0,0.0,0.0,1.0,45.42360000050394,nan,0.6786327719688414
1.0,AINR,ungated,241.0,1.0,0.0,0.0,1.0,44.575699997949414,nan,0.6786327719688414
1.0,AINR,ungated,242.0,1.0,0.0,0.0,1.0,44.30299999512499,nan,0.6786327719688414
1.0,AINR,ungated,243.0,1.0,0.0,0.0,1.0,44.105500004661735,nan,0.6786327719688414
1.0,AINR,ungated,244.0,1.0,0.0,0.0,1.0,44.991499999014195,nan,0.6786327719688414
1.0,AINR,ungated,245.0,1.0,0.0,0.0,1.0,44.659500003035646,nan,0.6786327719688414
1.0,AINR,ungated,246.0,1.0,0.0,0.0,1.0,41.93170000507962,nan,0.6786327719688414
1.0,AINR,ungated,247.0,1.0,0.0,0.0,1.0,42.67280000203755,nan,0.6786327719688414
1.0,AINR,ungated,248.0,1.0,0.0,0.0,1.0,43.21090000303229,nan,0.6786327719688414
1.0,AINR,ungated,249.0,1.0,0.0,0.0,1.0,43.694699998013675,nan,0.6786327719688414
1.0,AINR,ungated,250.0,1.0,0.0,0.0,1.0,43.643899996823166,nan,0.6786327719688414
1.0,AINR,ungated,251.0,1.0,0.0,0.0,1.0,45.153400002163835,nan,0.6786327719688414
1.0,AINR,ungated,252.0,1.0,0.0,0.0,1.0,44.403200001397636,nan,0.6786327719688414
1.0,AINR,ungated,253.0,1.0,0.0,0.0,1.0,43.27710000507068,nan,0.6786327719688414
1.0,AINR,ungated,254.0,1.0,0.0,0.0,1.0,43.29090000101132,nan,0.6786327719688414
1.0,AINR,ungated,255.0,1.0,0.0,0.0,1.0,44.05820000101812,nan,0.6786327719688414
1.0,AINR,ungated,256.0,1.0,0.0,0.0,1.0,40.57420000026468,nan,0.6786327719688414
1.0,AINR,ungated,257.0,1.0,0.0,0.0,1.0,42.390700000396464,nan,0.6786327719688414
1.0,AINR,ungated,258.0,1.0,0.0,0.0,1.0,45.356200003880076,nan,0.6786327719688414
1.0,AINR,ungated,259.0,1.0,0.0,0.0,1.0,40.42729999491712,nan,0.6786327719688414
1.0,AINR,ungated,260.0,1.0,0.0,0.0,1.0,43.234800003119744,nan,0.6786327719688414
1.0,AINR,ungated,261.0,1.0,0.0,0.0,1.0,44.96300000027986,nan,0.6786327719688414
1.0,AINR,ungated,262.0,1.0,0.0,0.0,1.0,43.201499996939674,nan,0.6786327719688414
1.0,AINR,ungated,263.0,1.0,0.0,0.0,1.0,45.08370000257855,nan,0.6786327719688414
1.0,AINR,ungated,264.0,1.0,0.0,0.0,1.0,43.070799998531584,nan,0.6786327719688414
1.0,AINR,ungated,265.0,1.0,0.0,0.0,1.0,46.02259999956004,nan,0.6786327719688414
1.0,AINR,ungated,266.0,1.0,0.0,0.0,1.0,42.86280000087572,nan,0.6786327719688414
1.0,AINR,ungated,267.0,1.0,0.0,0.0,1.0,45.192699995823205,nan,0.6786327719688414
1.0,AINR,ungated,268.0,1.0,0.0,0.0,1.0,43.31600000296021,nan,0.6786327719688414
1.0,AINR,ungated,269.0,1.0,0.0,0.0,1.0,43.89939999964554,nan,0.6786327719688414
1.0,AINR,ungated,270.0,1.0,0.0,0.0,1.0,45.24870000022929,nan,0.6786327719688414
1.0,AINR,ungated,271.0,1.0,0.0,0.0,1.0,45.010600006207824,nan,0.6786327719688414
1.0,AINR,ungated,272.0,1.0,0.0,0.0,1.0,42.7512000023853,nan,0.6786327719688414
1.0,AINR,ungated,273.0,1.0,0.0,0.0,1.0,43.99740000371821,nan,0.6786327719688414
1.0,AINR,ungated,274.0,1.0,0.0,0.0,1.0,42.83150000264868,nan,0.6786327719688414
1.0,AINR,ungated,275.0,1.0,0.0,0.0,1.0,44.65350000100443,nan,0.6786327719688414
1.0,AINR,ungated,276.0,1.0,0.0,0.0,1.0,43.18459999922197,nan,0.6786327719688414
1.0,AINR,ungated,277.0,1.0,0.0,0.0,1.0,45.38940000202274,nan,0.6786327719688414
1.0,AINR,ungated,278.0,1.0,0.0,0.0,1.0,43.16429999744287,nan,0.6786327719688414
1.0,AINR,ungated,279.0,1.0,0.0,0.0,1.0,50.716199999442324,nan,0.6786327719688414
1.0,AINR,ungated,280.0,1.0,0.0,0.0,1.0,42.70070000347914,nan,0.6786327719688414
1.0,AINR,ungated,281.0,1.0,0.0,0.0,1.0,42.947399997501634,nan,0.6786327719688414
1.0,AINR,ungated,282.0,1.0,0.0,0.0,1.0,44.03160000219941,nan,0.6786327719688414
1.0,AINR,ungated,283.0,1.0,0.0,0.0,1.0,43.19270000269171,nan,0.6786327719688414
1.0,AINR,ungated,284.0,1.0,0.0,0.0,1.0,40.90809999615885,nan,0.6786327719688414
1.0,AINR,ungated,285.0,1.0,0.0,0.0,1.0,43.01269999996293,nan,0.6786327719688414
1.0,AINR,ungated,286.0,1.0,0.0,0.0,1.0,43.186399998376146,nan,0.6786327719688414
1.0,AINR,ungated,287.0,1.0,0.0,0.0,1.0,43.47269999561831,nan,0.6786327719688414
1.0,AINR,ungated,288.0,1.0,0.0,0.0,1.0,42.02969999460038,nan,0.6786327719688414
1.0,AINR,ungated,289.0,1.0,0.0,0.0,1.0,43.58670000510756,nan,0.6786327719688414
1.0,AINR,ungated,290.0,1.0,0.0,0.0,1.0,42.78579999663634,nan,0.6786327719688414
1.0,AINR,ungated,291.0,1.0,0.0,0.0,1.0,43.23459999432089,nan,0.6786327719688414
1.0,AINR,ungated,292.0,1.0,0.0,0.0,1.0,43.309699998644646,nan,0.6786327719688414
1.0,AINR,ungated,293.0,1.0,0.0,0.0,1.0,41.93189999932656,nan,0.6786327719688414
1.0,AINR,ungated,294.0,1.0,0.0,0.0,1.0,44.00000000168802,nan,0.6786327719688414
1.0,AINR,ungated,295.0,1.0,0.0,0.0,1.0,45.770600001560524,nan,0.6786327719688414
1.0,AINR,ungated,296.0,1.0,0.0,0.0,1.0,42.0317999960389,nan,0.6786327719688414
1.0,AINR,ungated,297.0,1.0,0.0,0.0,1.0,43.157599997357465,nan,0.6786327719688414
1.0,AINR,ungated,298.0,1.0,0.0,0.0,1.0,49.31870000291383,nan,0.6786327719688414
1.0,AINR,ungated,299.0,1.0,0.0,0.0,1.0,48.937699997622985,nan,0.6786327719688414
1.0,AINR,ungated,300.0,1.0,0.0,0.0,1.0,55.49279999831924,nan,0.6786327719688414
1.0,AINR,ungated,301.0,1.0,0.0,0.0,1.0,57.93170000106329,nan,0.6786327719688414
1.0,AINR,ungated,302.0,1.0,0.0,0.0,1.0,54.62710000574589,nan,0.6786327719688414
1.0,AINR,ungated,303.0,1.0,0.0,0.0,1.0,56.81390000245301,nan,0.6786327719688414
1.0,AINR,ungated,304.0,1.0,0.0,0.0,1.0,59.56739999965066,nan,0.6786327719688414
1.0,AINR,ungated,305.0,1.0,0.0,0.0,1.0,55.365899999742396,nan,0.6786327719688414
1.0,AINR,ungated,306.0,1.0,0.0,0.0,1.0,52.12000000028638,nan,0.6786327719688414
1.0,AINR,ungated,307.0,1.0,0.0,0.0,1.0,46.786899998551235,nan,0.6786327719688414
1.0,AINR,ungated,308.0,1.0,0.0,0.0,1.0,43.760499997006264,nan,0.6786327719688414
1.0,AINR,ungated,309.0,1.0,0.0,0.0,1.0,45.13950000546174,nan,0.6786327719688414
1.0,AINR,ungated,310.0,1.0,0.0,0.0,1.0,44.589999997697305,nan,0.6786327719688414
1.0,AINR,ungated,311.0,1.0,0.0,0.0,1.0,44.6174999960931,nan,0.6786327719688414
1.0,AINR,ungated,312.0,1.0,0.0,0.0,1.0,44.86529999849154,nan,0.6786327719688414
1.0,AINR,ungated,313.0,1.0,0.0,0.0,1.0,43.784100002085324,nan,0.6786327719688414
1.0,AINR,ungated,314.0,1.0,0.0,0.0,1.0,41.7715000003227,nan,0.6786327719688414
1.0,AINR,ungated,315.0,1.0,0.0,0.0,1.0,45.8470999947167,nan,0.6786327719688414
1.0,AINR,ungated,316.0,1.0,0.0,0.0,1.0,45.55699999764329,nan,0.6786327719688414
1.0,AINR,ungated,317.0,1.0,0.0,0.0,1.0,43.97729999618605,nan,0.6786327719688414
1.0,AINR,ungated,318.0,1.0,0.0,0.0,1.0,44.9977999960538,nan,0.6786327719688414
1.0,AINR,ungated,319.0,1.0,0.0,0.0,1.0,44.2953999954625,nan,0.6786327719688414
1.0,AINR,ungated,320.0,1.0,0.0,0.0,1.0,43.96180000185268,nan,0.6786327719688414
1.0,AINR,ungated,321.0,1.0,0.0,0.0,1.0,43.75340000115102,nan,0.6786327719688414
1.0,AINR,ungated,322.0,1.0,0.0,0.0,1.0,42.704500003310386,nan,0.6786327719688414
1.0,AINR,ungated,323.0,1.0,0.0,0.0,1.0,44.66300000058254,nan,0.6786327719688414
1.0,AINR,ungated,324.0,1.0,0.0,0.0,1.0,43.73430000123335,nan,0.6786327719688414
1.0,AINR,ungated,325.0,1.0,0.0,0.0,1.0,42.081100000359584,nan,0.6786327719688414
1.0,AINR,ungated,326.0,1.0,0.0,0.0,1.0,42.87979999935487,nan,0.6786327719688414
1.0,AINR,ungated,327.0,1.0,0.0,0.0,1.0,44.314599996141624,nan,0.6786327719688414
1.0,AINR,ungated,328.0,1.0,0.0,0.0,1.0,42.64289999991888,nan,0.6786327719688414
1.0,AINR,ungated,329.0,1.0,0.0,0.0,1.0,41.22059999644989,nan,0.6786327719688414
1.0,AINR,ungated,330.0,1.0,0.0,0.0,1.0,43.62530000071274,nan,0.6786327719688414
1.0,AINR,ungated,331.0,1.0,0.0,0.0,1.0,49.03040000499459,nan,0.6786327719688414
1.0,AINR,ungated,332.0,1.0,0.0,0.0,1.0,50.657500003580935,nan,0.6786327719688414
1.0,AINR,ungated,333.0,1.0,0.0,0.0,1.0,52.48110000684392,nan,0.6786327719688414
1.0,AINR,ungated,334.0,1.0,0.0,0.0,1.0,46.90660000051139,nan,0.6786327719688414
1.0,AINR,ungated,335.0,1.0,0.0,0.0,1.0,48.44269999739481,nan,0.6786327719688414
1.0,AINR,ungated,336.0,1.0,0.0,0.0,1.0,54.8343999980716,nan,0.6786327719688414
1.0,AINR,ungated,337.0,1.0,0.0,0.0,1.0,55.388399996445514,nan,0.6786327719688414
1.0,AINR,ungated,338.0,1.0,0.0,0.0,1.0,61.81359999754932,nan,0.6786327719688414
1.0,AINR,ungated,339.0,1.0,0.0,0.0,1.0,58.07020000065677,nan,0.6786327719688414
1.0,AINR,ungated,340.0,1.0,0.0,0.0,1.0,51.149099999747705,nan,0.6786327719688414
1.0,AINR,ungated,341.0,1.0,0.0,0.0,1.0,50.168800000392366,nan,0.6786327719688414
1.0,AINR,ungated,342.0,1.0,0.0,0.0,1.0,55.2968999982113,nan,0.6786327719688414
1.0,AINR,ungated,343.0,1.0,0.0,0.0,1.0,56.77560000185622,nan,0.6786327719688414
1.0,AINR,ungated,344.0,1.0,0.0,0.0,1.0,53.55499999859603,nan,0.6786327719688414
1.0,AINR,ungated,345.0,1.0,0.0,0.0,1.0,54.85000000044238,nan,0.6786327719688414
1.0,AINR,ungated,346.0,1.0,0.0,0.0,1.0,55.5437000002712,nan,0.6786327719688414
1.0,AINR,ungated,347.0,1.0,0.0,0.0,1.0,52.14390000037383,nan,0.6786327719688414
1.0,AINR,ungated,348.0,1.0,0.0,0.0,1.0,51.12430000008317,nan,0.6786327719688414
1.0,AINR,ungated,349.0,1.0,0.0,0.0,1.0,51.511500001652166,nan,0.6786327719688414
1.0,AINR,ungated,350.0,1.0,0.0,0.0,1.0,55.38450000312878,nan,0.6786327719688414
1.0,AINR,ungated,351.0,1.0,0.0,0.0,1.0,43.610000000626314,nan,0.6786327719688414
1.0,AINR,ungated,352.0,1.0,0.0,0.0,1.0,49.57599999761442,nan,0.6786327719688414
1.0,AINR,ungated,353.0,1.0,0.0,0.0,1.0,43.457699997816235,nan,0.6786327719688414
1.0,AINR,ungated,354.0,1.0,0.0,0.0,1.0,44.62929999863263,nan,0.6786327719688414
1.0,AINR,ungated,355.0,1.0,0.0,0.0,1.0,42.86810000485275,nan,0.6786327719688414
1.0,AINR,ungated,356.0,1.0,0.0,0.0,1.0,43.63520000333665,nan,0.6786327719688414
1.0,AINR,ungated,357.0,1.0,0.0,0.0,1.0,43.007699998270255,nan,0.6786327719688414
1.0,AINR,ungated,358.0,1.0,0.0,0.0,1.0,43.4460999967996,nan,0.6786327719688414
1.0,AINR,ungated,359.0,1.0,0.0,0.0,1.0,44.3096000017249,nan,0.6786327719688414
1.0,AINR,ungated,360.0,1.0,0.0,0.0,1.0,46.01099999854341,nan,0.6786327719688414
1.0,AINR,ungated,361.0,1.0,0.0,0.0,1.0,44.87090000475291,nan,0.6786327719688414
1.0,AINR,ungated,362.0,1.0,0.0,0.0,1.0,44.204800004081335,nan,0.6786327719688414
1.0,AINR,ungated,363.0,1.0,0.0,0.0,1.0,42.88729999825591,nan,0.6786327719688414
1.0,AINR,ungated,364.0,1.0,0.0,0.0,1.0,41.88689999864437,nan,0.6786327719688414
1.0,AINR,ungated,365.0,1.0,0.0,0.0,1.0,41.36960000323597,nan,0.6786327719688414
1.0,AINR,ungated,366.0,1.0,0.0,0.0,1.0,44.54719999921508,nan,0.6786327719688414
1.0,AINR,ungated,367.0,1.0,0.0,0.0,1.0,42.73490000196034,nan,0.6786327719688414
1.0,AINR,ungated,368.0,1.0,0.0,0.0,1.0,43.45209999883082,nan,0.6786327719688414
1.0,AINR,ungated,369.0,1.0,0.0,0.0,1.0,44.611999997869134,nan,0.6786327719688414
1.0,AINR,ungated,370.0,1.0,0.0,0.0,1.0,43.592699999862816,nan,0.6786327719688414
1.0,AINR,ungated,371.0,1.0,0.0,0.0,1.0,43.96480000286829,nan,0.6786327719688414
1.0,AINR,ungated,372.0,1.0,0.0,0.0,1.0,42.97640000004321,nan,0.6786327719688414
1.0,AINR,ungated,373.0,1.0,0.0,0.0,1.0,45.67160000442527,nan,0.6786327719688414
1.0,AINR,ungated,374.0,1.0,0.0,0.0,1.0,40.646499997819774,nan,0.6786327719688414
1.0,AINR,ungated,375.0,1.0,0.0,0.0,1.0,45.535500001278706,nan,0.6786327719688414
1.0,AINR,ungated,376.0,1.0,0.0,0.0,1.0,43.738499996834435,nan,0.6786327719688414
1.0,AINR,ungated,377.0,1.0,0.0,0.0,1.0,43.8914999976987,nan,0.6786327719688414
1.0,AINR,ungated,378.0,1.0,0.0,0.0,1.0,43.9258999977028,nan,0.6786327719688414
1.0,AINR,ungated,379.0,1.0,0.0,0.0,1.0,43.15650000353344,nan,0.6786327719688414
1.0,AINR,ungated,380.0,1.0,0.0,0.0,1.0,43.49019999790471,nan,0.6786327719688414
1.0,AINR,ungated,381.0,1.0,0.0,0.0,1.0,41.60989999945741,nan,0.6786327719688414
1.0,AINR,ungated,382.0,1.0,0.0,0.0,1.0,43.96689999703085,nan,0.6786327719688414
1.0,AINR,ungated,383.0,1.0,0.0,0.0,1.0,44.163999999000225,nan,0.6786327719688414
1.0,AINR,ungated,384.0,1.0,0.0,0.0,1.0,44.70440000295639,nan,0.6786327719688414
1.0,AINR,ungated,385.0,1.0,0.0,0.0,1.0,44.56580000260146,nan,0.6786327719688414
1.0,AINR,ungated,386.0,1.0,0.0,0.0,1.0,44.36390000046231,nan,0.6786327719688414
1.0,AINR,ungated,387.0,1.0,0.0,0.0,1.0,42.4736999993911,nan,0.6786327719688414
1.0,AINR,ungated,388.0,1.0,0.0,0.0,1.0,42.777700000442564,nan,0.6786327719688414
1.0,AINR,ungated,389.0,1.0,0.0,0.0,1.0,45.238599996082485,nan,0.6786327719688414
1.0,AINR,ungated,390.0,1.0,0.0,0.0,1.0,43.4568999990006,nan,0.6786327719688414
1.0,AINR,ungated,391.0,1.0,0.0,0.0,1.0,42.985799998859875,nan,0.6786327719688414
1.0,AINR,ungated,392.0,1.0,0.0,0.0,1.0,49.97379999986151,nan,0.6786327719688414
1.0,AINR,ungated,393.0,1.0,0.0,0.0,1.0,53.75570000614971,nan,0.6786327719688414
1.0,AINR,ungated,394.0,1.0,0.0,0.0,1.0,53.205399999569636,nan,0.6786327719688414
1.0,AINR,ungated,395.0,1.0,0.0,0.0,1.0,55.219099995156284,nan,0.6786327719688414
1.0,AINR,ungated,396.0,1.0,0.0,0.0,1.0,46.34510000323644,nan,0.6786327719688414
1.0,AINR,ungated,397.0,1.0,0.0,0.0,1.0,52.852300002996344,nan,0.6786327719688414
1.0,AINR,ungated,398.0,1.0,0.0,0.0,1.0,47.39920000429265,nan,0.6786327719688414
1.0,AINR,ungated,399.0,1.0,0.0,0.0,1.0,55.42820000118809,nan,0.6786327719688414
1.0,AINR,ungated,400.0,1.0,0.0,0.0,1.0,58.293699999921955,nan,0.6786327719688414
1.0,AINR,ungated,401.0,1.0,0.0,0.0,1.0,53.699299998697825,nan,0.6786327719688414
1.0,AINR,ungated,402.0,1.0,0.0,0.0,1.0,57.432000001426786,nan,0.6786327719688414
1.0,AINR,ungated,403.0,1.0,0.0,0.0,1.0,52.20819999522064,nan,0.6786327719688414
1.0,AINR,ungated,404.0,1.0,0.0,0.0,1.0,50.54260000179056,nan,0.6786327719688414
1.0,AINR,ungated,405.0,1.0,0.0,0.0,1.0,51.560300002165604,nan,0.6786327719688414
1.0,AINR,ungated,406.0,1.0,0.0,0.0,1.0,51.83870000473689,nan,0.6786327719688414
1.0,AINR,ungated,407.0,1.0,0.0,0.0,1.0,49.30099999910453,nan,0.6786327719688414
1.0,AINR,ungated,408.0,1.0,0.0,0.0,1.0,47.5663999968674,nan,0.6786327719688414
1.0,AINR,ungated,409.0,1.0,0.0,0.0,1.0,47.25250000046799,nan,0.6786327719688414
1.0,AINR,ungated,410.0,1.0,0.0,0.0,1.0,43.03789999539731,nan,0.6786327719688414
1.0,AINR,ungated,411.0,1.0,0.0,0.0,1.0,45.460400004230905,nan,0.6786327719688414
1.0,AINR,ungated,412.0,1.0,0.0,0.0,1.0,41.57209999539191,nan,0.6786327719688414
1.0,AINR,ungated,413.0,1.0,0.0,0.0,1.0,42.92369999893708,nan,0.6786327719688414
1.0,AINR,ungated,414.0,1.0,0.0,0.0,1.0,44.28669999470003,nan,0.6786327719688414
1.0,AINR,ungated,415.0,1.0,0.0,0.0,1.0,46.51230000308715,nan,0.6786327719688414
1.0,AINR,ungated,416.0,1.0,0.0,0.0,1.0,44.089399998483714,nan,0.6786327719688414
1.0,AINR,ungated,417.0,1.0,0.0,0.0,1.0,43.88640000252053,nan,0.6786327719688414
1.0,AINR,ungated,418.0,1.0,0.0,0.0,1.0,45.65000000002328,nan,0.6786327719688414
1.0,AINR,ungated,419.0,1.0,0.0,0.0,1.0,44.23270000552293,nan,0.6786327719688414
1.0,AINR,ungated,420.0,1.0,0.0,0.0,1.0,45.19100000470644,nan,0.6786327719688414
1.0,AINR,ungated,421.0,1.0,0.0,0.0,1.0,42.90279999986524,nan,0.6786327719688414
1.0,AINR,ungated,422.0,1.0,0.0,0.0,1.0,43.25129999779165,nan,0.6786327719688414
1.0,AINR,ungated,423.0,1.0,0.0,0.0,1.0,41.14079999999376,nan,0.6786327719688414
1.0,AINR,ungated,424.0,1.0,0.0,0.0,1.0,45.225900001241826,nan,0.6786327719688414
1.0,AINR,ungated,425.0,1.0,0.0,0.0,1.0,43.05490000115242,nan,0.6786327719688414
1.0,AINR,ungated,426.0,1.0,0.0,0.0,1.0,43.78800000267802,nan,0.6786327719688414
1.0,AINR,ungated,427.0,1.0,0.0,0.0,1.0,44.39219999767374,nan,0.6786327719688414
1.0,AINR,ungated,428.0,1.0,0.0,0.0,1.0,44.58080000040354,nan,0.6786327719688414
1.0,AINR,ungated,429.0,1.0,0.0,0.0,1.0,43.73889999988023,nan,0.6786327719688414
1.0,AINR,ungated,430.0,1.0,0.0,0.0,1.0,43.428899996797554,nan,0.6786327719688414
1.0,AINR,ungated,431.0,1.0,0.0,0.0,1.0,42.681099999754224,nan,0.6786327719688414
1.0,AINR,ungated,432.0,1.0,0.0,0.0,1.0,54.16079999849899,nan,0.6786327719688414
1.0,AINR,ungated,433.0,1.0,0.0,0.0,1.0,55.00729999766918,nan,0.6786327719688414
1.0,AINR,ungated,434.0,1.0,0.0,0.0,1.0,58.501500003330875,nan,0.6786327719688414
1.0,AINR,ungated,435.0,1.0,0.0,0.0,1.0,57.90980000165291,nan,0.6786327719688414
1.0,AINR,ungated,436.0,1.0,0.0,0.0,1.0,58.94230000558309,nan,0.6786327719688414
1.0,AINR,ungated,437.0,1.0,0.0,0.0,1.0,62.610100001620594,nan,0.6786327719688414
1.0,AINR,ungated,438.0,1.0,0.0,0.0,1.0,56.44670000037877,nan,0.6786327719688414
1.0,AINR,ungated,439.0,1.0,0.0,0.0,1.0,47.94620000029681,nan,0.6786327719688414
1.0,AINR,ungated,440.0,1.0,0.0,0.0,1.0,49.936600000364706,nan,0.6786327719688414
1.0,AINR,ungated,441.0,1.0,0.0,0.0,1.0,45.066899998346344,nan,0.6786327719688414
1.0,AINR,ungated,442.0,1.0,0.0,0.0,1.0,44.469000000390224,nan,0.6786327719688414
1.0,AINR,ungated,443.0,1.0,0.0,0.0,1.0,46.2076000039815,nan,0.6786327719688414
1.0,AINR,ungated,444.0,1.0,0.0,0.0,1.0,43.950600003881846,nan,0.6786327719688414
1.0,AINR,ungated,445.0,1.0,0.0,0.0,1.0,43.017000003601424,nan,0.6786327719688414
1.0,AINR,ungated,446.0,1.0,0.0,0.0,1.0,43.0497000052128,nan,0.6786327719688414
1.0,AINR,ungated,447.0,1.0,0.0,0.0,1.0,41.086500001256354,nan,0.6786327719688414
1.0,AINR,ungated,448.0,1.0,0.0,0.0,1.0,42.09450000053039,nan,0.6786327719688414
1.0,AINR,ungated,449.0,1.0,0.0,0.0,1.0,42.11530000611674,nan,0.6786327719688414
1.0,AINR,ungated,450.0,1.0,0.0,0.0,1.0,42.05779999756487,nan,0.6786327719688414
1.0,AINR,ungated,451.0,1.0,0.0,0.0,1.0,42.39460000098916,nan,0.6786327719688414
1.0,AINR,ungated,452.0,1.0,0.0,0.0,1.0,42.100300001038704,nan,0.6786327719688414
1.0,AINR,ungated,453.0,1.0,0.0,0.0,1.0,44.400899998436216,nan,0.6786327719688414
1.0,AINR,ungated,454.0,1.0,0.0,0.0,1.0,43.64809999970021,nan,0.6786327719688414
1.0,AINR,ungated,455.0,1.0,0.0,0.0,1.0,42.76809999282705,nan,0.6786327719688414
1.0,AINR,ungated,456.0,1.0,0.0,0.0,1.0,45.959100003528874,nan,0.6786327719688414
1.0,AINR,ungated,457.0,1.0,0.0,0.0,1.0,45.51299999729963,nan,0.6786327719688414
1.0,AINR,ungated,458.0,1.0,0.0,0.0,1.0,45.09269999834942,nan,0.6786327719688414
1.0,AINR,ungated,459.0,1.0,0.0,0.0,1.0,43.907400002353825,nan,0.6786327719688414
1.0,AINR,ungated,460.0,1.0,0.0,0.0,1.0,42.94559999834746,nan,0.6786327719688414
1.0,AINR,ungated,461.0,1.0,0.0,0.0,1.0,44.84799999772804,nan,0.6786327719688414
1.0,AINR,ungated,462.0,1.0,0.0,0.0,1.0,44.737399999576155,nan,0.6786327719688414
1.0,AINR,ungated,463.0,1.0,0.0,0.0,1.0,44.70669999864185,nan,0.6786327719688414
1.0,AINR,ungated,464.0,1.0,0.0,0.0,1.0,43.21210000489373,nan,0.6786327719688414
1.0,AINR,ungated,465.0,1.0,0.0,0.0,1.0,45.09519999555778,nan,0.6786327719688414
1.0,AINR,ungated,466.0,1.0,0.0,0.0,1.0,43.779499996162485,nan,0.6786327719688414
1.0,AINR,ungated,467.0,1.0,0.0,0.0,1.0,43.33020000194665,nan,0.6786327719688414
1.0,AINR,ungated,468.0,1.0,0.0,0.0,1.0,41.97530000237748,nan,0.6786327719688414
1.0,AINR,ungated,469.0,1.0,0.0,0.0,1.0,40.73789999529254,nan,0.6786327719688414
1.0,AINR,ungated,470.0,1.0,0.0,0.0,1.0,43.69309999310644,nan,0.6786327719688414
1.0,AINR,ungated,471.0,1.0,0.0,0.0,1.0,44.093800002883654,nan,0.6786327719688414
1.0,AINR,ungated,472.0,1.0,0.0,0.0,1.0,44.91720000078203,nan,0.6786327719688414
1.0,AINR,ungated,473.0,1.0,0.0,0.0,1.0,43.44829999899957,nan,0.6786327719688414
1.0,AINR,ungated,474.0,1.0,0.0,0.0,1.0,44.65959999652114,nan,0.6786327719688414
1.0,AINR,ungated,475.0,1.0,0.0,0.0,1.0,43.40409999713302,nan,0.6786327719688414
1.0,AINR,ungated,476.0,1.0,0.0,0.0,1.0,42.50109999702545,nan,0.6786327719688414
1.0,AINR,ungated,477.0,1.0,0.0,0.0,1.0,42.90949999995064,nan,0.6786327719688414
1.0,AINR,ungated,478.0,1.0,0.0,0.0,1.0,40.92780000064522,nan,0.6786327719688414
1.0,AINR,ungated,479.0,1.0,0.0,0.0,1.0,45.063899997330736,nan,0.6786327719688414
1.0,AINR,ungated,480.0,1.0,0.0,0.0,1.0,44.815199995355215,nan,0.6786327719688414
1.0,AINR,ungated,481.0,1.0,0.0,0.0,1.0,44.82950000237906,nan,0.6786327719688414
1.0,AINR,ungated,482.0,1.0,0.0,0.0,1.0,45.24970000056783,nan,0.6786327719688414
1.0,AINR,ungated,483.0,1.0,0.0,0.0,1.0,46.98179999832064,nan,0.6786327719688414
1.0,AINR,ungated,484.0,1.0,0.0,0.0,1.0,55.54130000382429,nan,0.6786327719688414
1.0,AINR,ungated,485.0,1.0,0.0,0.0,1.0,53.95220000355039,nan,0.6786327719688414
1.0,AINR,ungated,486.0,1.0,0.0,0.0,1.0,52.51519999728771,nan,0.6786327719688414
1.0,AINR,ungated,487.0,1.0,0.0,0.0,1.0,56.51410000427859,nan,0.6786327719688414
1.0,AINR,ungated,488.0,1.0,0.0,0.0,1.0,60.862800004542805,nan,0.6786327719688414
1.0,AINR,ungated,489.0,1.0,0.0,0.0,1.0,58.89990000287071,nan,0.6786327719688414
1.0,AINR,ungated,490.0,1.0,0.0,0.0,1.0,52.03830000391463,nan,0.6786327719688414
1.0,AINR,ungated,491.0,1.0,0.0,0.0,1.0,55.57149999367539,nan,0.6786327719688414
1.0,AINR,ungated,492.0,1.0,0.0,0.0,1.0,50.92599999625236,nan,0.6786327719688414
1.0,AINR,ungated,493.0,1.0,0.0,0.0,1.0,49.455100001068786,nan,0.6786327719688414
1.0,AINR,ungated,494.0,1.0,0.0,0.0,1.0,49.22419999638805,nan,0.6786327719688414
1.0,AINR,ungated,495.0,1.0,0.0,0.0,1.0,50.219900003867224,nan,0.6786327719688414
1.0,AINR,ungated,496.0,1.0,0.0,0.0,1.0,48.14970000006724,nan,0.6786327719688414
1.0,AINR,ungated,497.0,1.0,0.0,0.0,1.0,46.06899999635061,nan,0.6786327719688414
1.0,AINR,ungated,498.0,1.0,0.0,0.0,1.0,46.479600001475774,nan,0.6786327719688414
1.0,AINR,ungated,499.0,1.0,0.0,0.0,1.0,44.23729999689385,nan,0.6786327719688414
1.0,AINR,ungated,500.0,1.0,0.0,0.0,1.0,43.547399996896274,nan,0.6786327719688414
1.0,AINR,ungated,501.0,1.0,0.0,0.0,1.0,43.772499993792735,nan,0.6786327719688414
1.0,AINR,ungated,502.0,1.0,0.0,0.0,1.0,43.85809999803314,nan,0.6786327719688414
1.0,AINR,ungated,503.0,1.0,0.0,0.0,1.0,41.788000002270564,nan,0.6786327719688414
1.0,AINR,ungated,504.0,1.0,0.0,0.0,1.0,42.733900001621805,nan,0.6786327719688414
1.0,AINR,ungated,505.0,1.0,0.0,0.0,1.0,44.32440000528004,nan,0.6786327719688414
1.0,AINR,ungated,506.0,1.0,0.0,0.0,1.0,43.04430000047432,nan,0.6786327719688414
1.0,AINR,ungated,507.0,1.0,0.0,0.0,1.0,42.55320000083884,nan,0.6786327719688414
1.0,AINR,ungated,508.0,1.0,0.0,0.0,1.0,43.10379999515135,nan,0.6786327719688414
1.0,AINR,ungated,509.0,1.0,0.0,0.0,1.0,43.85289999481756,nan,0.6786327719688414
1.0,AINR,ungated,510.0,1.0,0.0,0.0,1.0,45.502299995860085,nan,0.6786327719688414
1.0,AINR,ungated,511.0,1.0,0.0,0.0,1.0,44.618700005230494,nan,0.6786327719688414
1.0,AINR,ungated,512.0,1.0,0.0,0.0,1.0,43.800700004794635,nan,0.6786327719688414
1.0,AINR,ungated,513.0,1.0,0.0,0.0,1.0,46.92610000347486,nan,0.6786327719688414
1.0,AINR,ungated,514.0,1.0,0.0,0.0,1.0,45.17230000055861,nan,0.6786327719688414
1.0,AINR,ungated,515.0,1.0,0.0,0.0,1.0,42.6826999973855,nan,0.6786327719688414
1.0,AINR,ungated,516.0,1.0,0.0,0.0,1.0,44.83820000314154,nan,0.6786327719688414
1.0,AINR,ungated,517.0,1.0,0.0,0.0,1.0,63.39260000095237,nan,0.6786327719688414
1.0,AINR,ungated,518.0,1.0,0.0,0.0,1.0,54.99500000587432,nan,0.6786327719688414
1.0,AINR,ungated,519.0,1.0,0.0,0.0,1.0,53.89679999643704,nan,0.6786327719688414
1.0,AINR,ungated,520.0,1.0,0.0,0.0,1.0,56.51840000064112,nan,0.6786327719688414
1.0,AINR,ungated,521.0,1.0,0.0,0.0,1.0,57.325300003867596,nan,0.6786327719688414
1.0,AINR,ungated,522.0,1.0,0.0,0.0,1.0,56.31040000298526,nan,0.6786327719688414
1.0,AINR,ungated,523.0,1.0,0.0,0.0,1.0,55.052099996828474,nan,0.6786327719688414
1.0,AINR,ungated,524.0,1.0,0.0,0.0,1.0,57.49659999855794,nan,0.6786327719688414
1.0,AINR,ungated,525.0,1.0,0.0,0.0,1.0,59.62320000253385,nan,0.6786327719688414
1.0,AINR,ungated,526.0,1.0,0.0,0.0,1.0,52.56540000118548,nan,0.6786327719688414
1.0,AINR,ungated,527.0,1.0,0.0,0.0,1.0,47.20800000359304,nan,0.6786327719688414
1.0,AINR,ungated,528.0,1.0,0.0,0.0,1.0,44.725399995513726,nan,0.6786327719688414
1.0,AINR,ungated,529.0,1.0,0.0,0.0,1.0,46.35299999790732,nan,0.6786327719688414
1.0,AINR,ungated,530.0,1.0,0.0,0.0,1.0,42.64060000423342,nan,0.6786327719688414
1.0,AINR,ungated,531.0,1.0,0.0,0.0,1.0,41.66779999650316,nan,0.6786327719688414
1.0,AINR,ungated,532.0,1.0,0.0,0.0,1.0,44.2793000038364,nan,0.6786327719688414
1.0,AINR,ungated,533.0,1.0,0.0,0.0,1.0,44.04010000143899,nan,0.6786327719688414
1.0,AINR,ungated,534.0,1.0,0.0,0.0,1.0,44.19860000052722,nan,0.6786327719688414
1.0,AINR,ungated,535.0,1.0,0.0,0.0,1.0,43.32829999475507,nan,0.6786327719688414
1.0,AINR,ungated,536.0,1.0,0.0,0.0,1.0,44.54080000141403,nan,0.6786327719688414
1.0,AINR,ungated,537.0,1.0,0.0,0.0,1.0,44.16510000010021,nan,0.6786327719688414
1.0,AINR,ungated,538.0,1.0,0.0,0.0,1.0,43.1726000024355,nan,0.6786327719688414
1.0,AINR,ungated,539.0,1.0,0.0,0.0,1.0,43.401899994933046,nan,0.6786327719688414
1.0,AINR,ungated,540.0,1.0,0.0,0.0,1.0,44.51849999895785,nan,0.6786327719688414
1.0,AINR,ungated,541.0,1.0,0.0,0.0,1.0,43.207900002016686,nan,0.6786327719688414
1.0,AINR,ungated,542.0,1.0,0.0,0.0,1.0,44.19620000408031,nan,0.6786327719688414
1.0,AINR,ungated,543.0,1.0,0.0,0.0,1.0,43.80649999802699,nan,0.6786327719688414
1.0,AINR,ungated,544.0,1.0,0.0,0.0,1.0,45.37790000176756,nan,0.6786327719688414
1.0,AINR,ungated,545.0,1.0,0.0,0.0,1.0,44.788300001528114,nan,0.6786327719688414
1.0,AINR,ungated,546.0,1.0,0.0,0.0,1.0,44.38519999530399,nan,0.6786327719688414
1.0,AINR,ungated,547.0,1.0,0.0,0.0,1.0,45.45409999991534,nan,0.6786327719688414
1.0,AINR,ungated,548.0,1.0,0.0,0.0,1.0,44.50599999836413,nan,0.6786327719688414
1.0,AINR,ungated,549.0,1.0,0.0,0.0,1.0,43.12760000175331,nan,0.6786327719688414
1.0,AINR,ungated,550.0,1.0,0.0,0.0,1.0,44.868299999507144,nan,0.6786327719688414
1.0,AINR,ungated,551.0,1.0,0.0,0.0,1.0,44.38569999911124,nan,0.6786327719688414
1.0,AINR,ungated,552.0,1.0,0.0,0.0,1.0,44.50749999523396,nan,0.6786327719688414
1.0,AINR,ungated,553.0,1.0,0.0,0.0,1.0,45.00760000519222,nan,0.6786327719688414
1.0,AINR,ungated,554.0,1.0,0.0,0.0,1.0,44.461699995736126,nan,0.6786327719688414
1.0,AINR,ungated,555.0,1.0,0.0,0.0,1.0,43.363400000089314,nan,0.6786327719688414
1.0,AINR,ungated,556.0,1.0,0.0,0.0,1.0,41.454699996393174,nan,0.6786327719688414
1.0,AINR,ungated,557.0,1.0,0.0,0.0,1.0,42.47079999913694,nan,0.6786327719688414
1.0,AINR,ungated,558.0,1.0,0.0,0.0,1.0,42.121800004679244,nan,0.6786327719688414
1.0,AINR,ungated,559.0,1.0,0.0,0.0,1.0,42.569400000502355,nan,0.6786327719688414
1.0,AINR,ungated,560.0,1.0,0.0,0.0,1.0,43.29239999788115,nan,0.6786327719688414
1.0,AINR,ungated,561.0,1.0,0.0,0.0,1.0,42.913299999781884,nan,0.6786327719688414
1.0,AINR,ungated,562.0,1.0,0.0,0.0,1.0,43.23070000100415,nan,0.6786327719688414
1.0,AINR,ungated,563.0,1.0,0.0,0.0,1.0,43.861899997864384,nan,0.6786327719688414
1.0,AINR,ungated,564.0,1.0,0.0,0.0,1.0,41.519300000800285,nan,0.6786327719688414
1.0,AINR,ungated,565.0,1.0,0.0,0.0,1.0,45.092899999872316,nan,0.6786327719688414
1.0,AINR,ungated,566.0,1.0,0.0,0.0,1.0,43.19329999998445,nan,0.6786327719688414
1.0,AINR,ungated,567.0,1.0,0.0,0.0,1.0,43.66489999665646,nan,0.6786327719688414
1.0,AINR,ungated,568.0,1.0,0.0,0.0,1.0,43.88240000116639,nan,0.6786327719688414
1.0,AINR,ungated,569.0,1.0,0.0,0.0,1.0,43.55990000476595,nan,0.6786327719688414
1.0,AINR,ungated,570.0,1.0,0.0,0.0,1.0,41.64489999675425,nan,0.6786327719688414
1.0,AINR,ungated,571.0,1.0,0.0,0.0,1.0,44.190499997057486,nan,0.6786327719688414
1.0,AINR,ungated,572.0,1.0,0.0,0.0,1.0,41.88660000363598,nan,0.6786327719688414
1.0,AINR,ungated,573.0,1.0,0.0,0.0,1.0,45.78780000156257,nan,0.6786327719688414
1.0,AINR,ungated,574.0,1.0,0.0,0.0,1.0,44.37100000359351,nan,0.6786327719688414
1.0,AINR,ungated,575.0,1.0,0.0,0.0,1.0,43.95799999474548,nan,0.6786327719688414
1.0,AINR,ungated,576.0,1.0,0.0,0.0,1.0,44.108299996878486,nan,0.6786327719688414
1.0,AINR,ungated,577.0,1.0,0.0,0.0,1.0,45.80749999877298,nan,0.6786327719688414
1.0,AINR,ungated,578.0,1.0,0.0,0.0,1.0,43.94670000328915,nan,0.6786327719688414
1.0,AINR,ungated,579.0,1.0,0.0,0.0,1.0,44.14260000339709,nan,0.6786327719688414
1.0,AINR,ungated,580.0,1.0,0.0,0.0,1.0,43.23809999914374,nan,0.6786327719688414
1.0,AINR,ungated,581.0,1.0,0.0,0.0,1.0,45.69330000231275,nan,0.6786327719688414
1.0,AINR,ungated,582.0,1.0,0.0,0.0,1.0,44.68600000109291,nan,0.6786327719688414
1.0,AINR,ungated,583.0,1.0,0.0,0.0,1.0,42.632500000763685,nan,0.6786327719688414
1.0,AINR,ungated,584.0,1.0,0.0,0.0,1.0,44.026799994753674,nan,0.6786327719688414
1.0,AINR,ungated,585.0,1.0,0.0,0.0,1.0,44.872700003907084,nan,0.6786327719688414
1.0,AINR,ungated,586.0,1.0,0.0,0.0,1.0,41.91500000160886,nan,0.6786327719688414
1.0,AINR,ungated,587.0,1.0,0.0,0.0,1.0,42.591500001435634,nan,0.6786327719688414
1.0,AINR,ungated,588.0,1.0,0.0,0.0,1.0,44.226100006198976,nan,0.6786327719688414
1.0,AINR,ungated,589.0,1.0,0.0,0.0,1.0,42.493700006161816,nan,0.6786327719688414
1.0,AINR,ungated,590.0,1.0,0.0,0.0,1.0,42.196800000965595,nan,0.6786327719688414
1.0,AINR,ungated,591.0,1.0,0.0,0.0,1.0,44.6081000045524,nan,0.6786327719688414
1.0,AINR,ungated,592.0,1.0,0.0,0.0,1.0,44.313700003840495,nan,0.6786327719688414
1.0,AINR,ungated,593.0,1.0,0.0,0.0,1.0,44.83599999366561,nan,0.6786327719688414
1.0,AINR,ungated,594.0,1.0,0.0,0.0,1.0,43.19650000252295,nan,0.6786327719688414
1.0,AINR,ungated,595.0,1.0,0.0,0.0,1.0,43.28729999542702,nan,0.6786327719688414
1.0,AINR,ungated,596.0,1.0,0.0,0.0,1.0,45.446299998729955,nan,0.6786327719688414
1.0,AINR,ungated,597.0,1.0,0.0,0.0,1.0,44.02049999771407,nan,0.6786327719688414
1.0,AINR,ungated,598.0,1.0,0.0,0.0,1.0,43.501199994352646,nan,0.6786327719688414
1.0,AINR,ungated,599.0,1.0,0.0,0.0,1.0,43.00369999691611,nan,0.6786327719688414
1.0,AINR,ungated,600.0,1.0,0.0,0.0,1.0,44.37500000494765,nan,0.6786327719688414
1.0,AINR,ungated,601.0,1.0,0.0,0.0,1.0,43.04009999759728,nan,0.6786327719688414
1.0,AINR,ungated,602.0,1.0,0.0,0.0,1.0,43.93020000134129,nan,0.6786327719688414
1.0,AINR,ungated,603.0,1.0,0.0,0.0,1.0,45.0427000032505,nan,0.6786327719688414
1.0,AINR,ungated,604.0,1.0,0.0,0.0,1.0,44.650399999227375,nan,0.6786327719688414
1.0,AINR,ungated,605.0,1.0,0.0,0.0,1.0,49.421699994127266,nan,0.6786327719688414
1.0,AINR,ungated,606.0,1.0,0.0,0.0,1.0,54.071699996711686,nan,0.6786327719688414
1.0,AINR,ungated,607.0,1.0,0.0,0.0,1.0,58.886699996946845,nan,0.6786327719688414
1.0,AINR,ungated,608.0,1.0,0.0,0.0,1.0,57.75039999571163,nan,0.6786327719688414
1.0,AINR,ungated,609.0,1.0,0.0,0.0,1.0,54.02139999932842,nan,0.6786327719688414
1.0,AINR,ungated,610.0,1.0,0.0,0.0,1.0,49.150899998494424,nan,0.6786327719688414
1.0,AINR,ungated,611.0,1.0,0.0,0.0,1.0,48.964200002956204,nan,0.6786327719688414
1.0,AINR,ungated,612.0,1.0,0.0,0.0,1.0,49.33329999767011,nan,0.6786327719688414
1.0,AINR,ungated,613.0,1.0,0.0,0.0,1.0,48.32860000169603,nan,0.6786327719688414
1.0,AINR,ungated,614.0,1.0,0.0,0.0,1.0,49.464399999124,nan,0.6786327719688414
1.0,AINR,ungated,615.0,1.0,0.0,0.0,1.0,48.81930000556167,nan,0.6786327719688414
1.0,AINR,ungated,616.0,1.0,0.0,0.0,1.0,47.0257999986643,nan,0.6786327719688414
1.0,AINR,ungated,617.0,1.0,0.0,0.0,1.0,49.433799998951145,nan,0.6786327719688414
1.0,AINR,ungated,618.0,1.0,0.0,0.0,1.0,50.43899999873247,nan,0.6786327719688414
1.0,AINR,ungated,619.0,1.0,0.0,0.0,1.0,49.75669999839738,nan,0.6786327719688414
1.0,AINR,ungated,620.0,1.0,0.0,0.0,1.0,44.47819999768399,nan,0.6786327719688414
1.0,AINR,ungated,621.0,1.0,0.0,0.0,1.0,45.98010000336217,nan,0.6786327719688414
1.0,AINR,ungated,622.0,1.0,0.0,0.0,1.0,43.535299999348354,nan,0.6786327719688414
1.0,AINR,ungated,623.0,1.0,0.0,0.0,1.0,42.91440000088187,nan,0.6786327719688414
1.0,AINR,ungated,624.0,1.0,0.0,0.0,1.0,44.23300000053132,nan,0.6786327719688414
1.0,AINR,ungated,625.0,1.0,0.0,0.0,1.0,43.125700001837686,nan,0.6786327719688414
1.0,AINR,ungated,626.0,1.0,0.0,0.0,1.0,45.552100003988016,nan,0.6786327719688414
1.0,AINR,ungated,627.0,1.0,0.0,0.0,1.0,43.59710000426276,nan,0.6786327719688414
1.0,AINR,ungated,628.0,1.0,0.0,0.0,1.0,42.76209999807179,nan,0.6786327719688414
1.0,AINR,ungated,629.0,1.0,0.0,0.0,1.0,44.78519999975106,nan,0.6786327719688414
1.0,AINR,ungated,630.0,1.0,0.0,0.0,1.0,51.7863999994006,nan,0.6786327719688414
1.0,AINR,ungated,631.0,1.0,0.0,0.0,1.0,50.316400003794115,nan,0.6786327719688414
1.0,AINR,ungated,632.0,1.0,0.0,0.0,1.0,57.53099999856204,nan,0.6786327719688414
1.0,AINR,ungated,633.0,1.0,0.0,0.0,1.0,54.61800000193762,nan,0.6786327719688414
1.0,AINR,ungated,634.0,1.0,0.0,0.0,1.0,56.71779999829596,nan,0.6786327719688414
1.0,AINR,ungated,635.0,1.0,0.0,0.0,1.0,61.402700004691724,nan,0.6786327719688414
1.0,AINR,ungated,636.0,1.0,0.0,0.0,1.0,60.34450000151992,nan,0.6786327719688414
1.0,AINR,ungated,637.0,1.0,0.0,0.0,1.0,57.490799998049624,nan,0.6786327719688414
1.0,AINR,ungated,638.0,1.0,0.0,0.0,1.0,51.833899997291155,nan,0.6786327719688414
1.0,AINR,ungated,639.0,1.0,0.0,0.0,1.0,51.02899999474175,nan,0.6786327719688414
1.0,AINR,ungated,640.0,1.0,0.0,0.0,1.0,44.99699999723816,nan,0.6786327719688414
1.0,AINR,ungated,641.0,1.0,0.0,0.0,1.0,50.66559999977471,nan,0.6786327719688414
1.0,AINR,ungated,642.0,1.0,0.0,0.0,1.0,51.25749999569962,nan,0.6786327719688414
1.0,AINR,ungated,643.0,1.0,0.0,0.0,1.0,51.991000000271015,nan,0.6786327719688414
1.0,AINR,ungated,644.0,1.0,0.0,0.0,1.0,52.86389999673702,nan,0.6786327719688414
1.0,AINR,ungated,645.0,1.0,0.0,0.0,1.0,49.21370000374736,nan,0.6786327719688414
1.0,AINR,ungated,646.0,1.0,0.0,0.0,1.0,55.62780000036582,nan,0.6786327719688414
1.0,AINR,ungated,647.0,1.0,0.0,0.0,1.0,52.77030000434024,nan,0.6786327719688414
1.0,AINR,ungated,648.0,1.0,0.0,0.0,1.0,50.1287000006414,nan,0.6786327719688414
1.0,AINR,ungated,649.0,1.0,0.0,0.0,1.0,52.47349999990547,nan,0.6786327719688414
1.0,AINR,ungated,650.0,1.0,0.0,0.0,1.0,51.91899999772431,nan,0.6786327719688414
1.0,AINR,ungated,651.0,1.0,0.0,0.0,1.0,51.95819999789819,nan,0.6786327719688414
1.0,AINR,ungated,652.0,1.0,0.0,0.0,1.0,50.90060000657104,nan,0.6786327719688414
1.0,AINR,ungated,653.0,1.0,0.0,0.0,1.0,51.684399993973784,nan,0.6786327719688414
1.0,AINR,ungated,654.0,1.0,0.0,0.0,1.0,53.54780000197934,nan,0.6786327719688414
1.0,AINR,ungated,655.0,1.0,0.0,0.0,1.0,50.03469999792287,nan,0.6786327719688414
1.0,AINR,ungated,656.0,1.0,0.0,0.0,1.0,50.85189999954309,nan,0.6786327719688414
1.0,AINR,ungated,657.0,1.0,0.0,0.0,1.0,45.82890000165207,nan,0.6786327719688414
1.0,AINR,ungated,658.0,1.0,0.0,0.0,1.0,50.5163000052562,nan,0.6786327719688414
1.0,AINR,ungated,659.0,1.0,0.0,0.0,1.0,49.380600001313724,nan,0.6786327719688414
1.0,AINR,ungated,660.0,1.0,0.0,0.0,1.0,49.3860000060522,nan,0.6786327719688414
1.0,AINR,ungated,661.0,1.0,0.0,0.0,1.0,47.25229999894509,nan,0.6786327719688414
1.0,AINR,ungated,662.0,1.0,0.0,0.0,1.0,44.911000004503876,nan,0.6786327719688414
1.0,AINR,ungated,663.0,1.0,0.0,0.0,1.0,44.529399994644336,nan,0.6786327719688414
1.0,AINR,ungated,664.0,1.0,0.0,0.0,1.0,43.91429999668617,nan,0.6786327719688414
1.0,AINR,ungated,665.0,1.0,0.0,0.0,1.0,41.86679999838816,nan,0.6786327719688414
1.0,AINR,ungated,666.0,1.0,0.0,0.0,1.0,45.013499999186024,nan,0.6786327719688414
1.0,AINR,ungated,667.0,1.0,0.0,0.0,1.0,45.65010000078473,nan,0.6786327719688414
1.0,AINR,ungated,668.0,1.0,0.0,0.0,1.0,54.9096999966423,nan,0.6786327719688414
1.0,AINR,ungated,669.0,1.0,0.0,0.0,1.0,66.17370000458322,nan,0.6786327719688414
1.0,AINR,ungated,670.0,1.0,0.0,0.0,1.0,58.72870000166586,nan,0.6786327719688414
1.0,AINR,ungated,671.0,1.0,0.0,0.0,1.0,53.667699998186436,nan,0.6786327719688414
1.0,AINR,ungated,672.0,1.0,0.0,0.0,1.0,47.0424999948591,nan,0.6786327719688414
1.0,AINR,ungated,673.0,1.0,0.0,0.0,1.0,44.25970000011148,nan,0.6786327719688414
1.0,AINR,ungated,674.0,1.0,0.0,0.0,1.0,44.950299998163246,nan,0.6786327719688414
1.0,AINR,ungated,675.0,1.0,0.0,0.0,1.0,42.3097000020789,nan,0.6786327719688414
1.0,AINR,ungated,676.0,1.0,0.0,0.0,1.0,45.59890000382438,nan,0.6786327719688414
1.0,AINR,ungated,677.0,1.0,0.0,0.0,1.0,42.98169999674428,nan,0.6786327719688414
1.0,AINR,ungated,678.0,1.0,0.0,0.0,1.0,44.79639999772189,nan,0.6786327719688414
1.0,AINR,ungated,679.0,1.0,0.0,0.0,1.0,43.86469999735709,nan,0.6786327719688414
1.0,AINR,ungated,680.0,1.0,0.0,0.0,1.0,43.90579999744659,nan,0.6786327719688414
1.0,AINR,ungated,681.0,1.0,0.0,0.0,1.0,43.63749999902211,nan,0.6786327719688414
1.0,AINR,ungated,682.0,1.0,0.0,0.0,1.0,45.01450000680052,nan,0.6786327719688414
1.0,AINR,ungated,683.0,1.0,0.0,0.0,1.0,42.29559999657795,nan,0.6786327719688414
1.0,AINR,ungated,684.0,1.0,0.0,0.0,1.0,49.299999998766,nan,0.6786327719688414
1.0,AINR,ungated,685.0,1.0,0.0,0.0,1.0,49.216100000194274,nan,0.6786327719688414
1.0,AINR,ungated,686.0,1.0,0.0,0.0,1.0,53.09259999921778,nan,0.6786327719688414
1.0,AINR,ungated,687.0,1.0,0.0,0.0,1.0,52.48539999593049,nan,0.6786327719688414
1.0,AINR,ungated,688.0,1.0,0.0,0.0,1.0,57.01009999756934,nan,0.6786327719688414
1.0,AINR,ungated,689.0,1.0,0.0,0.0,1.0,54.49550000048475,nan,0.6786327719688414
1.0,AINR,ungated,690.0,1.0,0.0,0.0,1.0,56.265999999595806,nan,0.6786327719688414
1.0,AINR,ungated,691.0,1.0,0.0,0.0,1.0,56.68309999600751,nan,0.6786327719688414
1.0,AINR,ungated,692.0,1.0,0.0,0.0,1.0,56.6259999977774,nan,0.6786327719688414
1.0,AINR,ungated,693.0,1.0,0.0,0.0,1.0,55.21069999667816,nan,0.6786327719688414
1.0,AINR,ungated,694.0,1.0,0.0,0.0,1.0,50.45629999949597,nan,0.6786327719688414
1.0,AINR,ungated,695.0,1.0,0.0,0.0,1.0,58.446199996978976,nan,0.6786327719688414
1.0,AINR,ungated,696.0,1.0,0.0,0.0,1.0,61.28310000349302,nan,0.6786327719688414
1.0,AINR,ungated,697.0,1.0,0.0,0.0,1.0,55.24859999422915,nan,0.6786327719688414
1.0,AINR,ungated,698.0,1.0,0.0,0.0,1.0,53.63490000308957,nan,0.6786327719688414
1.0,AINR,ungated,699.0,1.0,0.0,0.0,1.0,49.06669999763835,nan,0.6786327719688414
1.0,AINR,ungated,700.0,1.0,0.0,0.0,1.0,49.1184999991674,nan,0.6786327719688414
1.0,AINR,ungated,701.0,1.0,0.0,0.0,1.0,46.43059999943944,nan,0.6786327719688414
1.0,AINR,ungated,702.0,1.0,0.0,0.0,1.0,45.65960000036284,nan,0.6786327719688414
1.0,AINR,ungated,703.0,1.0,0.0,0.0,1.0,44.65930000151275,nan,0.6786327719688414
1.0,AINR,ungated,704.0,1.0,0.0,0.0,1.0,42.77580000052694,nan,0.6786327719688414
1.0,AINR,ungated,705.0,1.0,0.0,0.0,1.0,44.48409999895375,nan,0.6786327719688414
1.0,AINR,ungated,706.0,1.0,0.0,0.0,1.0,44.977199999266304,nan,0.6786327719688414
1.0,AINR,ungated,707.0,1.0,0.0,0.0,1.0,44.61250000167638,nan,0.6786327719688414
1.0,AINR,ungated,708.0,1.0,0.0,0.0,1.0,46.23859999992419,nan,0.6786327719688414
1.0,AINR,ungated,709.0,1.0,0.0,0.0,1.0,45.98729999997886,nan,0.6786327719688414
1.0,AINR,ungated,710.0,1.0,0.0,0.0,1.0,44.07619999983581,nan,0.6786327719688414
1.0,AINR,ungated,711.0,1.0,0.0,0.0,1.0,45.054999995045364,nan,0.6786327719688414
1.0,AINR,ungated,712.0,1.0,0.0,0.0,1.0,43.98110000329325,nan,0.6786327719688414
1.0,AINR,ungated,713.0,1.0,0.0,0.0,1.0,42.68009999941569,nan,0.6786327719688414
1.0,AINR,ungated,714.0,1.0,0.0,0.0,1.0,45.01889999664854,nan,0.6786327719688414
1.0,AINR,ungated,715.0,1.0,0.0,0.0,1.0,44.49179999937769,nan,0.6786327719688414
1.0,AINR,ungated,716.0,1.0,0.0,0.0,1.0,45.36300000472693,nan,0.6786327719688414
1.0,AINR,ungated,717.0,1.0,0.0,0.0,1.0,44.154000002890825,nan,0.6786327719688414
1.0,AINR,ungated,718.0,1.0,0.0,0.0,1.0,41.65890000149375,nan,0.6786327719688414
1.0,AINR,ungated,719.0,1.0,0.0,0.0,1.0,43.80700000183424,nan,0.6786327719688414
1.0,AINR,ungated,720.0,1.0,0.0,0.0,1.0,42.62540000490844,nan,0.6786327719688414
1.0,AINR,ungated,721.0,1.0,0.0,0.0,1.0,45.51310000533704,nan,0.6786327719688414
1.0,AINR,ungated,722.0,1.0,0.0,0.0,1.0,44.86009999527596,nan,0.6786327719688414
1.0,AINR,ungated,723.0,1.0,0.0,0.0,1.0,42.015499995613936,nan,0.6786327719688414
1.0,AINR,ungated,724.0,1.0,0.0,0.0,1.0,44.15300000255229,nan,0.6786327719688414
1.0,AINR,ungated,725.0,1.0,0.0,0.0,1.0,43.96139999880688,nan,0.6786327719688414
1.0,AINR,ungated,726.0,1.0,0.0,0.0,1.0,43.43910000170581,nan,0.6786327719688414
1.0,AINR,ungated,727.0,1.0,0.0,0.0,1.0,45.083299999532755,nan,0.6786327719688414
1.0,AINR,ungated,728.0,1.0,0.0,0.0,1.0,44.42399999970803,nan,0.6786327719688414
1.0,AINR,ungated,729.0,1.0,0.0,0.0,1.0,42.02169999916805,nan,0.6786327719688414
1.0,AINR,ungated,730.0,1.0,0.0,0.0,1.0,44.39519999868935,nan,0.6786327719688414
1.0,AINR,ungated,731.0,1.0,0.0,0.0,1.0,44.3128999977489,nan,0.6786327719688414
1.0,AINR,ungated,732.0,1.0,0.0,0.0,1.0,42.48050000023795,nan,0.6786327719688414
1.0,AINR,ungated,733.0,1.0,0.0,0.0,1.0,44.461999998020474,nan,0.6786327719688414
1.0,AINR,ungated,734.0,1.0,0.0,0.0,1.0,43.42650000035064,nan,0.6786327719688414
1.0,AINR,ungated,735.0,1.0,0.0,0.0,1.0,44.21439999714494,nan,0.6786327719688414
1.0,AINR,ungated,736.0,1.0,0.0,0.0,1.0,46.660500003781635,nan,0.6786327719688414
1.0,AINR,ungated,737.0,1.0,0.0,0.0,1.0,44.05030000634724,nan,0.6786327719688414
1.0,AINR,ungated,738.0,1.0,0.0,0.0,1.0,52.86310000519734,nan,0.6786327719688414
1.0,AINR,ungated,739.0,1.0,0.0,0.0,1.0,60.00019999919459,nan,0.6786327719688414
1.0,AINR,ungated,740.0,1.0,0.0,0.0,1.0,63.936200000171084,nan,0.6786327719688414
1.0,AINR,ungated,741.0,1.0,0.0,0.0,1.0,52.983100002165884,nan,0.6786327719688414
1.0,AINR,ungated,742.0,1.0,0.0,0.0,1.0,49.39780000131577,nan,0.6786327719688414
1.0,AINR,ungated,743.0,1.0,0.0,0.0,1.0,50.3616999994847,nan,0.6786327719688414
1.0,AINR,ungated,744.0,1.0,0.0,0.0,1.0,44.15310000331374,nan,0.6786327719688414
1.0,AINR,ungated,745.0,1.0,0.0,0.0,1.0,45.971100000315346,nan,0.6786327719688414
1.0,AINR,ungated,746.0,1.0,0.0,0.0,1.0,57.764199998928234,nan,0.6786327719688414
1.0,AINR,ungated,747.0,1.0,0.0,0.0,1.0,57.446899998467416,nan,0.6786327719688414
1.0,AINR,ungated,748.0,1.0,0.0,0.0,1.0,59.658300000592135,nan,0.6786327719688414
1.0,AINR,ungated,749.0,1.0,0.0,0.0,1.0,54.46680000022752,nan,0.6786327719688414
1.0,AINR,ungated,750.0,1.0,0.0,0.0,1.0,54.31530000350904,nan,0.6786327719688414
1.0,AINR,ungated,751.0,1.0,0.0,0.0,1.0,47.447400000237394,nan,0.6786327719688414
1.0,AINR,ungated,752.0,1.0,0.0,0.0,1.0,45.77249999420019,nan,0.6786327719688414
1.0,AINR,ungated,753.0,1.0,0.0,0.0,1.0,44.40450000402052,nan,0.6786327719688414
1.0,AINR,ungated,754.0,1.0,0.0,0.0,1.0,52.97440000140341,nan,0.6786327719688414
1.0,AINR,ungated,755.0,1.0,0.0,0.0,1.0,52.782799997658,nan,0.6786327719688414
1.0,AINR,ungated,756.0,1.0,0.0,0.0,1.0,61.89810000068974,nan,0.6786327719688414
1.0,AINR,ungated,757.0,1.0,0.0,0.0,1.0,60.10989999776939,nan,0.6786327719688414
1.0,AINR,ungated,758.0,1.0,0.0,0.0,1.0,59.212500003923196,nan,0.6786327719688414
1.0,AINR,ungated,759.0,1.0,0.0,0.0,1.0,57.582200002798345,nan,0.6786327719688414
1.0,AINR,ungated,760.0,1.0,0.0,0.0,1.0,52.15719999978319,nan,0.6786327719688414
1.0,AINR,ungated,761.0,1.0,0.0,0.0,1.0,51.579999999376014,nan,0.6786327719688414
1.0,AINR,ungated,762.0,1.0,0.0,0.0,1.0,52.86599999817554,nan,0.6786327719688414
1.0,AINR,ungated,763.0,1.0,0.0,0.0,1.0,51.55389999708859,nan,0.6786327719688414
1.0,AINR,ungated,764.0,1.0,0.0,0.0,1.0,51.45999999513151,nan,0.6786327719688414
1.0,AINR,ungated,765.0,1.0,0.0,0.0,1.0,48.01210000005085,nan,0.6786327719688414
1.0,AINR,ungated,766.0,1.0,0.0,0.0,1.0,51.250500000605825,nan,0.6786327719688414
1.0,AINR,ungated,767.0,1.0,0.0,0.0,1.0,50.58350000035716,nan,0.6786327719688414
1.0,AINR,ungated,768.0,1.0,0.0,0.0,1.0,47.78400000213878,nan,0.6786327719688414
1.0,AINR,ungated,769.0,1.0,0.0,0.0,1.0,44.62200000125449,nan,0.6786327719688414
1.0,AINR,ungated,770.0,1.0,0.0,0.0,1.0,44.55710000183899,nan,0.6786327719688414
1.0,AINR,ungated,771.0,1.0,0.0,0.0,1.0,38.5415999990073,nan,0.6786327719688414
1.0,AINR,ungated,772.0,1.0,0.0,0.0,1.0,43.3301000011852,nan,0.6786327719688414
1.0,AINR,ungated,773.0,1.0,0.0,0.0,1.0,42.5050000048941,nan,0.6786327719688414
1.0,AINR,ungated,774.0,1.0,0.0,0.0,1.0,43.13549999642419,nan,0.6786327719688414
1.0,AINR,ungated,775.0,1.0,0.0,0.0,1.0,45.004899999185,nan,0.6786327719688414
1.0,AINR,ungated,776.0,1.0,0.0,0.0,1.0,44.226899997738656,nan,0.6786327719688414
1.0,AINR,ungated,777.0,1.0,0.0,0.0,1.0,44.182900004670955,nan,0.6786327719688414
1.0,AINR,ungated,778.0,1.0,0.0,0.0,1.0,43.28430000168737,nan,0.6786327719688414
1.0,AINR,ungated,779.0,1.0,0.0,0.0,1.0,43.89869999431539,nan,0.6786327719688414
1.0,AINR,ungated,780.0,1.0,0.0,0.0,1.0,45.06519999995362,nan,0.6786327719688414
1.0,AINR,ungated,781.0,1.0,0.0,0.0,1.0,43.98500000388594,nan,0.6786327719688414
1.0,AINR,ungated,782.0,1.0,0.0,0.0,1.0,44.16800000035437,nan,0.6786327719688414
1.0,AINR,ungated,783.0,1.0,0.0,0.0,1.0,42.87080000358401,nan,0.6786327719688414
1.0,AINR,ungated,784.0,1.0,0.0,0.0,1.0,43.66999999911059,nan,0.6786327719688414
1.0,AINR,ungated,785.0,1.0,0.0,0.0,1.0,43.79049999988638,nan,0.6786327719688414
1.0,AINR,ungated,786.0,1.0,0.0,0.0,1.0,44.35650000232272,nan,0.6786327719688414
1.0,AINR,ungated,787.0,1.0,0.0,0.0,1.0,43.73489999852609,nan,0.6786327719688414
1.0,AINR,ungated,788.0,1.0,0.0,0.0,1.0,42.668500005675014,nan,0.6786327719688414
1.0,AINR,ungated,789.0,1.0,0.0,0.0,1.0,43.1144000031054,nan,0.6786327719688414
1.0,AINR,ungated,790.0,1.0,0.0,0.0,1.0,44.625200003793,nan,0.6786327719688414
1.0,AINR,ungated,791.0,1.0,0.0,0.0,1.0,44.54550000082236,nan,0.6786327719688414
1.0,AINR,ungated,792.0,1.0,0.0,0.0,1.0,43.3645000011893,nan,0.6786327719688414
1.0,AINR,ungated,793.0,1.0,0.0,0.0,1.0,41.382099996553734,nan,0.6786327719688414
1.0,AINR,ungated,794.0,1.0,0.0,0.0,1.0,43.895299997529946,nan,0.6786327719688414
1.0,AINR,ungated,795.0,1.0,0.0,0.0,1.0,43.169399999896996,nan,0.6786327719688414
1.0,AINR,ungated,796.0,1.0,0.0,0.0,1.0,45.00990000087768,nan,0.6786327719688414
1.0,AINR,ungated,797.0,1.0,0.0,0.0,1.0,40.71090000070399,nan,0.6786327719688414
1.0,AINR,ungated,798.0,1.0,0.0,0.0,1.0,43.37999999552267,nan,0.6786327719688414
1.0,AINR,ungated,799.0,1.0,0.0,0.0,1.0,47.20570000063162,nan,0.6786327719688414
1.0,AINR,ungated,800.0,1.0,0.0,0.0,1.0,52.66770000162069,nan,0.6786327719688414
1.0,AINR,ungated,801.0,1.0,0.0,0.0,1.0,54.036099994846154,nan,0.6786327719688414
1.0,AINR,ungated,802.0,1.0,0.0,0.0,1.0,55.5437000002712,nan,0.6786327719688414
1.0,AINR,ungated,803.0,1.0,0.0,0.0,1.0,55.717099996400066,nan,0.6786327719688414
1.0,AINR,ungated,804.0,1.0,0.0,0.0,1.0,51.149599996278994,nan,0.6786327719688414
1.0,AINR,ungated,805.0,1.0,0.0,0.0,1.0,57.74830000154907,nan,0.6786327719688414
1.0,AINR,ungated,806.0,1.0,0.0,0.0,1.0,62.78539999766508,nan,0.6786327719688414
1.0,AINR,ungated,807.0,1.0,0.0,0.0,1.0,57.974399998784065,nan,0.6786327719688414
1.0,AINR,ungated,808.0,1.0,0.0,0.0,1.0,53.0886000051396,nan,0.6786327719688414
1.0,AINR,ungated,809.0,1.0,0.0,0.0,1.0,51.898999998229556,nan,0.6786327719688414
1.0,AINR,ungated,810.0,1.0,0.0,0.0,1.0,51.945599996543024,nan,0.6786327719688414
1.0,AINR,ungated,811.0,1.0,0.0,0.0,1.0,48.612900005537085,nan,0.6786327719688414
1.0,AINR,ungated,812.0,1.0,0.0,0.0,1.0,50.22620000090683,nan,0.6786327719688414
1.0,AINR,ungated,813.0,1.0,0.0,0.0,1.0,50.73629999969853,nan,0.6786327719688414
1.0,AINR,ungated,814.0,1.0,0.0,0.0,1.0,49.874099997396115,nan,0.6786327719688414
1.0,AINR,ungated,815.0,1.0,0.0,0.0,1.0,49.74989999755053,nan,0.6786327719688414
1.0,AINR,ungated,816.0,1.0,0.0,0.0,1.0,49.13739999756217,nan,0.6786327719688414
1.0,AINR,ungated,817.0,1.0,0.0,0.0,1.0,50.3279000040493,nan,0.6786327719688414
1.0,AINR,ungated,818.0,1.0,0.0,0.0,1.0,47.32559999683872,nan,0.6786327719688414
1.0,AINR,ungated,819.0,1.0,0.0,0.0,1.0,47.435100001166575,nan,0.6786327719688414
1.0,AINR,ungated,820.0,1.0,0.0,0.0,1.0,48.35090000415221,nan,0.6786327719688414
1.0,AINR,ungated,821.0,1.0,0.0,0.0,1.0,48.67270000249846,nan,0.6786327719688414
1.0,AINR,ungated,822.0,1.0,0.0,0.0,1.0,49.79020000610035,nan,0.6786327719688414
1.0,AINR,ungated,823.0,1.0,0.0,0.0,1.0,50.776500000210945,nan,0.6786327719688414
1.0,AINR,ungated,824.0,1.0,0.0,0.0,1.0,53.830399992875755,nan,0.6786327719688414
1.0,AINR,ungated,825.0,1.0,0.0,0.0,1.0,53.37600000348175,nan,0.6786327719688414
1.0,AINR,ungated,826.0,1.0,0.0,0.0,1.0,54.24479999783216,nan,0.6786327719688414
1.0,AINR,ungated,827.0,1.0,0.0,0.0,1.0,50.59659999824362,nan,0.6786327719688414
1.0,AINR,ungated,828.0,1.0,0.0,0.0,1.0,53.88610000227345,nan,0.6786327719688414
1.0,AINR,ungated,829.0,1.0,0.0,0.0,1.0,55.98830000235466,nan,0.6786327719688414
1.0,AINR,ungated,830.0,1.0,0.0,0.0,1.0,46.19939999975031,nan,0.6786327719688414
1.0,AINR,ungated,831.0,1.0,0.0,0.0,1.0,47.09580000053393,nan,0.6786327719688414
1.0,AINR,ungated,832.0,1.0,0.0,0.0,1.0,47.5841000006767,nan,0.6786327719688414
1.0,AINR,ungated,833.0,1.0,0.0,0.0,1.0,53.87440000049537,nan,0.6786327719688414
1.0,AINR,ungated,834.0,1.0,0.0,0.0,1.0,53.892899995844346,nan,0.6786327719688414
1.0,AINR,ungated,835.0,1.0,0.0,0.0,1.0,57.20389999623876,nan,0.6786327719688414
1.0,AINR,ungated,836.0,1.0,0.0,0.0,1.0,61.42649999674177,nan,0.6786327719688414
1.0,AINR,ungated,837.0,1.0,0.0,0.0,1.0,57.09679999563377,nan,0.6786327719688414
1.0,AINR,ungated,838.0,1.0,0.0,0.0,1.0,51.07570000109263,nan,0.6786327719688414
1.0,AINR,ungated,839.0,1.0,0.0,0.0,1.0,48.52460000256542,nan,0.6786327719688414
1.0,AINR,ungated,840.0,1.0,0.0,0.0,1.0,50.33530000218889,nan,0.6786327719688414
1.0,AINR,ungated,841.0,1.0,0.0,0.0,1.0,43.17540000192821,nan,0.6786327719688414
1.0,AINR,ungated,842.0,1.0,0.0,0.0,1.0,43.832799994561356,nan,0.6786327719688414
1.0,AINR,ungated,843.0,1.0,0.0,0.0,1.0,44.39299999648938,nan,0.6786327719688414
1.0,AINR,ungated,844.0,1.0,0.0,0.0,1.0,43.825200002174824,nan,0.6786327719688414
1.0,AINR,ungated,845.0,1.0,0.0,0.0,1.0,44.650499999988824,nan,0.6786327719688414
1.0,AINR,ungated,846.0,1.0,0.0,0.0,1.0,43.95610000210581,nan,0.6786327719688414
1.0,AINR,ungated,847.0,1.0,0.0,0.0,1.0,41.6521000006469,nan,0.6786327719688414
1.0,AINR,ungated,848.0,1.0,0.0,0.0,1.0,43.84560000471538,nan,0.6786327719688414
1.0,AINR,ungated,849.0,1.0,0.0,0.0,1.0,42.88850000011735,nan,0.6786327719688414
1.0,AINR,ungated,850.0,1.0,0.0,0.0,1.0,49.36630000156583,nan,0.6786327719688414
1.0,AINR,ungated,851.0,1.0,0.0,0.0,1.0,47.771199999260716,nan,0.6786327719688414
1.0,AINR,ungated,852.0,1.0,0.0,0.0,1.0,52.42010000074515,nan,0.6786327719688414
1.0,AINR,ungated,853.0,1.0,0.0,0.0,1.0,54.22379999799887,nan,0.6786327719688414
1.0,AINR,ungated,854.0,1.0,0.0,0.0,1.0,57.507400000758935,nan,0.6786327719688414
1.0,AINR,ungated,855.0,1.0,0.0,0.0,1.0,58.76279999938561,nan,0.6786327719688414
1.0,AINR,ungated,856.0,1.0,0.0,0.0,1.0,55.2495000010822,nan,0.6786327719688414
1.0,AINR,ungated,857.0,1.0,0.0,0.0,1.0,53.050800001074094,nan,0.6786327719688414
1.0,AINR,ungated,858.0,1.0,0.0,0.0,1.0,52.942000002076384,nan,0.6786327719688414
1.0,AINR,ungated,859.0,1.0,0.0,0.0,1.0,52.03140000230633,nan,0.6786327719688414
1.0,AINR,ungated,860.0,1.0,0.0,0.0,1.0,48.92269999982091,nan,0.6786327719688414
1.0,AINR,ungated,861.0,1.0,0.0,0.0,1.0,49.09139999654144,nan,0.6786327719688414
1.0,AINR,ungated,862.0,1.0,0.0,0.0,1.0,48.12600000150269,nan,0.6786327719688414
1.0,AINR,ungated,863.0,1.0,0.0,0.0,1.0,49.33289999462431,nan,0.6786327719688414
1.0,AINR,ungated,864.0,1.0,0.0,0.0,1.0,44.66339999635238,nan,0.6786327719688414
1.0,AINR,ungated,865.0,1.0,0.0,0.0,1.0,41.3535999978194,nan,0.6786327719688414
1.0,AINR,ungated,866.0,1.0,0.0,0.0,1.0,44.25739999715006,nan,0.6786327719688414
1.0,AINR,ungated,867.0,1.0,0.0,0.0,1.0,44.79949999949895,nan,0.6786327719688414
1.0,AINR,ungated,868.0,1.0,0.0,0.0,1.0,44.195000002218876,nan,0.6786327719688414
1.0,AINR,ungated,869.0,1.0,0.0,0.0,1.0,42.45170000649523,nan,0.6786327719688414
1.0,AINR,ungated,870.0,1.0,0.0,0.0,1.0,44.065099995350465,nan,0.6786327719688414
1.0,AINR,ungated,871.0,1.0,0.0,0.0,1.0,43.69060000317404,nan,0.6786327719688414
1.0,AINR,ungated,872.0,1.0,0.0,0.0,1.0,43.96190000261413,nan,0.6786327719688414
1.0,AINR,ungated,873.0,1.0,0.0,0.0,1.0,43.215799996687565,nan,0.6786327719688414
1.0,AINR,ungated,874.0,1.0,0.0,0.0,1.0,41.650099999969825,nan,0.6786327719688414
1.0,AINR,ungated,875.0,1.0,0.0,0.0,1.0,43.68819999945117,nan,0.6786327719688414
1.0,AINR,ungated,876.0,1.0,0.0,0.0,1.0,42.799599999852944,nan,0.6786327719688414
1.0,AINR,ungated,877.0,1.0,0.0,0.0,1.0,43.39790000085486,nan,0.6786327719688414
1.0,AINR,ungated,878.0,1.0,0.0,0.0,1.0,44.59900000074413,nan,0.6786327719688414
1.0,AINR,ungated,879.0,1.0,0.0,0.0,1.0,44.66540000430541,nan,0.6786327719688414
1.0,AINR,ungated,880.0,1.0,0.0,0.0,1.0,46.604600000137,nan,0.6786327719688414
1.0,AINR,ungated,881.0,1.0,0.0,0.0,1.0,52.79330000485061,nan,0.6786327719688414
1.0,AINR,ungated,882.0,1.0,0.0,0.0,1.0,52.75409999740077,nan,0.6786327719688414
1.0,AINR,ungated,883.0,1.0,0.0,0.0,1.0,54.44240000360878,nan,0.6786327719688414
1.0,AINR,ungated,884.0,1.0,0.0,0.0,1.0,59.81210000027204,nan,0.6786327719688414
1.0,AINR,ungated,885.0,1.0,0.0,0.0,1.0,61.89810000068974,nan,0.6786327719688414
1.0,AINR,ungated,886.0,1.0,0.0,0.0,1.0,57.9169999982696,nan,0.6786327719688414
1.0,AINR,ungated,887.0,1.0,0.0,0.0,1.0,52.550000000337604,nan,0.6786327719688414
1.0,AINR,ungated,888.0,1.0,0.0,0.0,1.0,51.47890000080224,nan,0.6786327719688414
1.0,AINR,ungated,889.0,1.0,0.0,0.0,1.0,52.12729999766452,nan,0.6786327719688414
1.0,AINR,ungated,890.0,1.0,0.0,0.0,1.0,53.40769999747863,nan,0.6786327719688414
1.0,AINR,ungated,891.0,1.0,0.0,0.0,1.0,49.922199999855366,nan,0.6786327719688414
1.0,AINR,ungated,892.0,1.0,0.0,0.0,1.0,47.59400000330061,nan,0.6786327719688414
1.0,AINR,ungated,893.0,1.0,0.0,0.0,1.0,48.97429999982705,nan,0.6786327719688414
1.0,AINR,ungated,894.0,1.0,0.0,0.0,1.0,51.022999999986496,nan,0.6786327719688414
1.0,AINR,ungated,895.0,1.0,0.0,0.0,1.0,52.49430000549182,nan,0.6786327719688414
1.0,AINR,ungated,896.0,1.0,0.0,0.0,1.0,52.394999998796266,nan,0.6786327719688414
1.0,AINR,ungated,897.0,1.0,0.0,0.0,1.0,49.18860000179848,nan,0.6786327719688414
1.0,AINR,ungated,898.0,1.0,0.0,0.0,1.0,48.121600004378706,nan,0.6786327719688414
1.0,AINR,ungated,899.0,1.0,0.0,0.0,1.0,51.50860000139801,nan,0.6786327719688414
1.0,AINR,ungated,900.0,1.0,0.0,0.0,1.0,39.18659999908414,nan,0.6786327719688414
1.0,AINR,ungated,901.0,1.0,0.0,0.0,1.0,38.69959999428829,nan,0.6786327719688414
1.0,AINR,ungated,902.0,1.0,0.0,0.0,1.0,45.24930000479799,nan,0.6786327719688414
1.0,AINR,ungated,903.0,1.0,0.0,0.0,1.0,43.91819999727886,nan,0.6786327719688414
1.0,AINR,ungated,904.0,1.0,0.0,0.0,1.0,44.01870000583585,nan,0.6786327719688414
1.0,AINR,ungated,905.0,1.0,0.0,0.0,1.0,42.871600002399646,nan,0.6786327719688414
1.0,AINR,ungated,906.0,1.0,0.0,0.0,1.0,44.430200003262144,nan,0.6786327719688414
1.0,AINR,ungated,907.0,1.0,0.0,0.0,1.0,44.66079999838257,nan,0.6786327719688414
1.0,AINR,ungated,908.0,1.0,0.0,0.0,1.0,43.35030000220286,nan,0.6786327719688414
1.0,AINR,ungated,909.0,1.0,0.0,0.0,1.0,45.04520000045886,nan,0.6786327719688414
1.0,AINR,ungated,910.0,1.0,0.0,0.0,1.0,44.64429999643471,nan,0.6786327719688414
1.0,AINR,ungated,911.0,1.0,0.0,0.0,1.0,45.264799999131355,nan,0.6786327719688414
1.0,AINR,ungated,912.0,1.0,0.0,0.0,1.0,44.831899998825975,nan,0.6786327719688414
1.0,AINR,ungated,913.0,1.0,0.0,0.0,1.0,44.55890000099316,nan,0.6786327719688414
1.0,AINR,ungated,914.0,1.0,0.0,0.0,1.0,42.65460000169696,nan,0.6786327719688414
1.0,AINR,ungated,915.0,1.0,0.0,0.0,1.0,44.15380000136793,nan,0.6786327719688414
1.0,AINR,ungated,916.0,1.0,0.0,0.0,1.0,45.42619999847375,nan,0.6786327719688414
1.0,AINR,ungated,917.0,1.0,0.0,0.0,1.0,43.19689999829279,nan,0.6786327719688414
1.0,AINR,ungated,918.0,1.0,0.0,0.0,1.0,45.3272000013385,nan,0.6786327719688414
1.0,AINR,ungated,919.0,1.0,0.0,0.0,1.0,41.98230000474723,nan,0.6786327719688414
1.0,AINR,ungated,920.0,1.0,0.0,0.0,1.0,44.70510000101058,nan,0.6786327719688414
1.0,AINR,ungated,921.0,1.0,0.0,0.0,1.0,44.69960000278661,nan,0.6786327719688414
1.0,AINR,ungated,922.0,1.0,0.0,0.0,1.0,42.16340000130003,nan,0.6786327719688414
1.0,AINR,ungated,923.0,1.0,0.0,0.0,1.0,44.94839999824762,nan,0.6786327719688414
1.0,AINR,ungated,924.0,1.0,0.0,0.0,1.0,42.557799999485724,nan,0.6786327719688414
1.0,AINR,ungated,925.0,1.0,0.0,0.0,1.0,43.44429999764543,nan,0.6786327719688414
1.0,AINR,ungated,926.0,1.0,0.0,0.0,1.0,44.20610000670422,nan,0.6786327719688414
1.0,AINR,ungated,927.0,1.0,0.0,0.0,1.0,41.83719999855384,nan,0.6786327719688414
1.0,AINR,ungated,928.0,1.0,0.0,0.0,1.0,41.848400003800634,nan,0.6786327719688414
1.0,AINR,ungated,929.0,1.0,0.0,0.0,1.0,45.42509999737376,nan,0.6786327719688414
1.0,AINR,ungated,930.0,1.0,0.0,0.0,1.0,41.13750000396976,nan,0.6786327719688414
1.0,AINR,ungated,931.0,1.0,0.0,0.0,1.0,42.39619999862043,nan,0.6786327719688414
1.0,AINR,ungated,932.0,1.0,0.0,0.0,1.0,45.16650000005029,nan,0.6786327719688414
1.0,AINR,ungated,933.0,1.0,0.0,0.0,1.0,43.119299996760674,nan,0.6786327719688414
1.0,AINR,ungated,934.0,1.0,0.0,0.0,1.0,43.72280000097817,nan,0.6786327719688414
1.0,AINR,ungated,935.0,1.0,0.0,0.0,1.0,44.53920000378275,nan,0.6786327719688414
1.0,AINR,ungated,936.0,1.0,0.0,0.0,1.0,44.14189999806695,nan,0.6786327719688414
1.0,AINR,ungated,937.0,1.0,0.0,0.0,1.0,43.706399999791756,nan,0.6786327719688414
1.0,AINR,ungated,938.0,1.0,0.0,0.0,1.0,42.9264000049443,nan,0.6786327719688414
1.0,AINR,ungated,939.0,1.0,0.0,0.0,1.0,44.16359999595443,nan,0.6786327719688414
1.0,AINR,ungated,940.0,1.0,0.0,0.0,1.0,44.96820000349544,nan,0.6786327719688414
1.0,AINR,ungated,941.0,1.0,0.0,0.0,1.0,45.01019999588607,nan,0.6786327719688414
1.0,AINR,ungated,942.0,1.0,0.0,0.0,1.0,43.85510000429349,nan,0.6786327719688414
1.0,AINR,ungated,943.0,1.0,0.0,0.0,1.0,44.96829999698093,nan,0.6786327719688414
1.0,AINR,ungated,944.0,1.0,0.0,0.0,1.0,43.83589999633841,nan,0.6786327719688414
1.0,AINR,ungated,945.0,1.0,0.0,0.0,1.0,45.03630000544945,nan,0.6786327719688414
1.0,AINR,ungated,946.0,1.0,0.0,0.0,1.0,44.487999999546446,nan,0.6786327719688414
1.0,AINR,ungated,947.0,1.0,0.0,0.0,1.0,42.586200004734565,nan,0.6786327719688414
1.0,AINR,ungated,948.0,1.0,0.0,0.0,1.0,44.63989999931073,nan,0.6786327719688414
1.0,AINR,ungated,949.0,1.0,0.0,0.0,1.0,42.92649999842979,nan,0.6786327719688414
1.0,AINR,ungated,950.0,1.0,0.0,0.0,1.0,43.27390000253217,nan,0.6786327719688414
1.0,AINR,ungated,951.0,1.0,0.0,0.0,1.0,43.17250000167405,nan,0.6786327719688414
1.0,AINR,ungated,952.0,1.0,0.0,0.0,1.0,44.48409999895375,nan,0.6786327719688414
1.0,AINR,ungated,953.0,1.0,0.0,0.0,1.0,42.08159999689087,nan,0.6786327719688414
1.0,AINR,ungated,954.0,1.0,0.0,0.0,1.0,44.245700002647936,nan,0.6786327719688414
1.0,AINR,ungated,955.0,1.0,0.0,0.0,1.0,44.67039999872213,nan,0.6786327719688414
1.0,AINR,ungated,956.0,1.0,0.0,0.0,1.0,44.3204000039259,nan,0.6786327719688414
1.0,AINR,ungated,957.0,1.0,0.0,0.0,1.0,46.20660000364296,nan,0.6786327719688414
1.0,AINR,ungated,958.0,1.0,0.0,0.0,1.0,42.927599999529775,nan,0.6786327719688414
1.0,AINR,ungated,959.0,1.0,0.0,0.0,1.0,41.976900000008754,nan,0.6786327719688414
1.0,AINR,ungated,960.0,1.0,0.0,0.0,1.0,43.87080000014976,nan,0.6786327719688414
1.0,AINR,ungated,961.0,1.0,0.0,0.0,1.0,43.7824000036926,nan,0.6786327719688414
1.0,AINR,ungated,962.0,1.0,0.0,0.0,1.0,45.08960000384832,nan,0.6786327719688414
1.0,AINR,ungated,963.0,1.0,0.0,0.0,1.0,43.11359999701381,nan,0.6786327719688414
1.0,AINR,ungated,964.0,1.0,0.0,0.0,1.0,45.12579999573063,nan,0.6786327719688414
1.0,AINR,ungated,965.0,1.0,0.0,0.0,1.0,43.32009999779984,nan,0.6786327719688414
1.0,AINR,ungated,966.0,1.0,0.0,0.0,1.0,46.65160000149626,nan,0.6786327719688414
1.0,AINR,ungated,967.0,1.0,0.0,0.0,1.0,48.24260000168579,nan,0.6786327719688414
1.0,AINR,ungated,968.0,1.0,0.0,0.0,1.0,45.13470000529196,nan,0.6786327719688414
1.0,AINR,ungated,969.0,1.0,0.0,0.0,1.0,48.09860000386834,nan,0.6786327719688414
1.0,AINR,ungated,970.0,1.0,0.0,0.0,1.0,54.08710000483552,nan,0.6786327719688414
1.0,AINR,ungated,971.0,1.0,0.0,0.0,1.0,54.25400000240188,nan,0.6786327719688414
1.0,AINR,ungated,972.0,1.0,0.0,0.0,1.0,52.527500003634486,nan,0.6786327719688414
1.0,AINR,ungated,973.0,1.0,0.0,0.0,1.0,59.39730000682175,nan,0.6786327719688414
1.0,AINR,ungated,974.0,1.0,0.0,0.0,1.0,60.57340000552358,nan,0.6786327719688414
1.0,AINR,ungated,975.0,1.0,0.0,0.0,1.0,57.96219999319874,nan,0.6786327719688414
1.0,AINR,ungated,976.0,1.0,0.0,0.0,1.0,55.87709999963408,nan,0.6786327719688414
1.0,AINR,ungated,977.0,1.0,0.0,0.0,1.0,52.968200005125254,nan,0.6786327719688414
1.0,AINR,ungated,978.0,1.0,0.0,0.0,1.0,54.889899998670444,nan,0.6786327719688414
1.0,AINR,ungated,979.0,1.0,0.0,0.0,1.0,48.789700005727354,nan,0.6786327719688414
1.0,AINR,ungated,980.0,1.0,0.0,0.0,1.0,46.70270000497112,nan,0.6786327719688414
1.0,AINR,ungated,981.0,1.0,0.0,0.0,1.0,46.034699997107964,nan,0.6786327719688414
1.0,AINR,ungated,982.0,1.0,0.0,0.0,1.0,47.83299999689916,nan,0.6786327719688414
1.0,AINR,ungated,983.0,1.0,0.0,0.0,1.0,47.921299999870826,nan,0.6786327719688414
1.0,AINR,ungated,984.0,1.0,0.0,0.0,1.0,46.75139999744715,nan,0.6786327719688414
1.0,AINR,ungated,985.0,1.0,0.0,0.0,1.0,44.362499997077975,nan,0.6786327719688414
1.0,AINR,ungated,986.0,1.0,0.0,0.0,1.0,44.657300000835676,nan,0.6786327719688414
1.0,AINR,ungated,987.0,1.0,0.0,0.0,1.0,41.52039999462431,nan,0.6786327719688414
1.0,AINR,ungated,988.0,1.0,0.0,0.0,1.0,46.67160000099102,nan,0.6786327719688414
1.0,AINR,ungated,989.0,1.0,0.0,0.0,1.0,42.6690000022063,nan,0.6786327719688414
1.0,AINR,ungated,990.0,1.0,0.0,0.0,1.0,42.58119999576593,nan,0.6786327719688414
1.0,AINR,ungated,991.0,1.0,0.0,0.0,1.0,52.01359999773558,nan,0.6786327719688414
1.0,AINR,ungated,992.0,1.0,0.0,0.0,1.0,55.008199997246265,nan,0.6786327719688414
1.0,AINR,ungated,993.0,1.0,0.0,0.0,1.0,56.37140000180807,nan,0.6786327719688414
1.0,AINR,ungated,994.0,1.0,0.0,0.0,1.0,57.67520000517834,nan,0.6786327719688414
1.0,AINR,ungated,995.0,1.0,0.0,0.0,1.0,61.16960000508698,nan,0.6786327719688414
1.0,AINR,ungated,996.0,1.0,0.0,0.0,1.0,57.9245000044466,nan,0.6786327719688414
1.0,AINR,ungated,997.0,1.0,0.0,0.0,1.0,54.06329999823356,nan,0.6786327719688414
1.0,AINR,ungated,998.0,1.0,0.0,0.0,1.0,53.53340000147,nan,0.6786327719688414
1.0,AINR,ungated,999.0,1.0,0.0,0.0,1.0,52.71139999968,nan,0.6786327719688414
1.0,AINR,gated,0.0,0.0,1.0,0.0,1.0,48.88179999397835,nan,0.6786327719688414
1.0,AINR,gated,1.0,1.0,0.0,0.0,0.0,nan,nan,0.6786327719688414
1.0,AINR,gated,2.0,1.0,0.0,0.0,0.0,nan,nan,0.6786327719688414
1.0,AINR,gated,3.0,1.0,0.0,0.0,0.0,nan,nan,0.6786327719688414
1.0,AINR,gated,4.0,0.0,1.0,0.0,1.0,48.3273999998346,nan,0.6786327719688414
1.0,AINR,gated,5.0,0.0,1.0,0.0,1.0,45.74309999588877,nan,0.6786327719688414
1.0,AINR,gated,6.0,0.0,1.0,0.0,1.0,44.33399999834364,nan,0.6786327719688414
1.0,AINR,gated,7.0,0.0,1.0,0.0,1.0,44.328500000119675,nan,0.6786327719688414
1.0,AINR,gated,8.0,0.0,1.0,0.0,1.0,44.49449999810895,nan,0.6786327719688414
1.0,AINR,gated,9.0,0.0,1.0,0.0,1.0,44.87340000196127,nan,0.6786327719688414
1.0,AINR,gated,10.0,0.0,1.0,0.0,1.0,41.37980000086827,nan,0.6786327719688414
1.0,AINR,gated,11.0,0.0,1.0,0.0,1.0,45.69239999545971,nan,0.6786327719688414
1.0,AINR,gated,12.0,1.0,0.0,0.0,0.0,nan,nan,0.6786327719688414
1.0,AINR,gated,13.0,0.0,1.0,0.0,1.0,55.71599999530008,nan,0.6786327719688414
1.0,AINR,gated,14.0,0.0,1.0,0.0,1.0,52.88529999961611,nan,0.6786327719688414
1.0,AINR,gated,15.0,0.0,1.0,0.0,1.0,49.51750000327593,nan,0.6786327719688414
1.0,AINR,gated,16.0,0.0,1.0,0.0,1.0,47.17209999944316,nan,0.6786327719688414
1.0,AINR,gated,17.0,0.0,1.0,0.0,1.0,48.34060000575846,nan,0.6786327719688414
1.0,AINR,gated,18.0,0.0,1.0,0.0,1.0,47.03460000018822,nan,0.6786327719688414
1.0,AINR,gated,19.0,0.0,1.0,0.0,1.0,53.58460000570631,nan,0.6786327719688414
1.0,AINR,gated,20.0,0.0,1.0,0.0,1.0,53.0159999980242,nan,0.6786327719688414
1.0,AINR,gated,21.0,0.0,1.0,0.0,1.0,49.42550000123447,nan,0.6786327719688414
1.0,AINR,gated,22.0,0.0,1.0,0.0,1.0,48.741999999037944,nan,0.6786327719688414
1.0,AINR,gated,23.0,0.0,1.0,0.0,1.0,49.233099998673424,nan,0.6786327719688414
1.0,AINR,gated,24.0,0.0,1.0,0.0,1.0,50.84570000326494,nan,0.6786327719688414
1.0,AINR,gated,25.0,0.0,1.0,0.0,1.0,48.499600001377985,nan,0.6786327719688414
1.0,AINR,gated,26.0,0.0,1.0,0.0,1.0,48.43889999756357,nan,0.6786327719688414
1.0,AINR,gated,27.0,0.0,1.0,0.0,1.0,51.70389999693725,nan,0.6786327719688414
1.0,AINR,gated,28.0,0.0,1.0,0.0,1.0,49.068599997553974,nan,0.6786327719688414
1.0,AINR,gated,29.0,0.0,1.0,0.0,1.0,49.98969999724068,nan,0.6786327719688414
1.0,AINR,gated,30.0,0.0,1.0,0.0,1.0,50.72949999885168,nan,0.6786327719688414
1.0,AINR,gated,31.0,0.0,1.0,0.0,1.0,49.85109999688575,nan,0.6786327719688414
1.0,AINR,gated,32.0,0.0,1.0,0.0,1.0,51.168199999665376,nan,0.6786327719688414
1.0,AINR,gated,33.0,0.0,1.0,0.0,1.0,52.77579999528825,nan,0.6786327719688414
1.0,AINR,gated,34.0,0.0,1.0,0.0,1.0,58.444199996301904,nan,0.6786327719688414
1.0,AINR,gated,35.0,0.0,1.0,0.0,1.0,52.4403999952483,nan,0.6786327719688414
1.0,AINR,gated,36.0,0.0,1.0,0.0,1.0,52.058599998417776,nan,0.6786327719688414
1.0,AINR,gated,37.0,0.0,1.0,0.0,1.0,48.90509999677306,nan,0.6786327719688414
1.0,AINR,gated,38.0,0.0,1.0,0.0,1.0,49.57209999702172,nan,0.6786327719688414
1.0,AINR,gated,39.0,0.0,1.0,0.0,1.0,50.02460000105202,nan,0.6786327719688414
1.0,AINR,gated,40.0,0.0,1.0,0.0,1.0,50.98770000040531,nan,0.6786327719688414
1.0,AINR,gated,41.0,0.0,1.0,0.0,1.0,48.81809999642428,nan,0.6786327719688414
1.0,AINR,gated,42.0,0.0,1.0,0.0,1.0,45.98969999642577,nan,0.6786327719688414
1.0,AINR,gated,43.0,0.0,1.0,0.0,1.0,44.62539999803994,nan,0.6786327719688414
1.0,AINR,gated,44.0,0.0,1.0,0.0,1.0,44.5012999989558,nan,0.6786327719688414
1.0,AINR,gated,45.0,0.0,1.0,0.0,1.0,43.42020000331104,nan,0.6786327719688414
1.0,AINR,gated,46.0,0.0,1.0,0.0,1.0,52.02660000213655,nan,0.6786327719688414
1.0,AINR,gated,47.0,0.0,1.0,0.0,1.0,54.052100000262726,nan,0.6786327719688414
1.0,AINR,gated,48.0,0.0,1.0,0.0,1.0,55.35190000227885,nan,0.6786327719688414
1.0,AINR,gated,49.0,0.0,1.0,0.0,1.0,59.82560000120429,nan,0.6786327719688414
1.0,AINR,gated,50.0,0.0,1.0,0.0,1.0,50.844400000642054,nan,0.6786327719688414
1.0,AINR,gated,51.0,0.0,1.0,0.0,1.0,52.167800000461284,nan,0.6786327719688414
1.0,AINR,gated,52.0,0.0,1.0,0.0,1.0,51.81330000050366,nan,0.6786327719688414
1.0,AINR,gated,53.0,0.0,1.0,0.0,1.0,49.22190000070259,nan,0.6786327719688414
1.0,AINR,gated,54.0,0.0,1.0,0.0,1.0,48.3576999977231,nan,0.6786327719688414
1.0,AINR,gated,55.0,0.0,1.0,0.0,1.0,48.574200001894496,nan,0.6786327719688414
1.0,AINR,gated,56.0,0.0,1.0,0.0,1.0,44.49949999980163,nan,0.6786327719688414
1.0,AINR,gated,57.0,0.0,1.0,0.0,1.0,42.61390000465326,nan,0.6786327719688414
1.0,AINR,gated,58.0,0.0,1.0,0.0,1.0,42.963700005202554,nan,0.6786327719688414
1.0,AINR,gated,59.0,0.0,1.0,0.0,1.0,43.85509999701753,nan,0.6786327719688414
1.0,AINR,gated,60.0,0.0,1.0,0.0,1.0,41.08039999846369,nan,0.6786327719688414
1.0,AINR,gated,61.0,1.0,0.0,0.0,0.0,nan,nan,0.6786327719688414
1.0,AINR,gated,62.0,0.0,1.0,0.0,1.0,55.51410000043688,nan,0.6786327719688414
1.0,AINR,gated,63.0,0.0,1.0,0.0,1.0,52.034699998330325,nan,0.6786327719688414
1.0,AINR,gated,64.0,0.0,1.0,0.0,1.0,50.050400001055095,nan,0.6786327719688414
1.0,AINR,gated,65.0,0.0,1.0,0.0,1.0,46.53060000418918,nan,0.6786327719688414
1.0,AINR,gated,66.0,0.0,1.0,0.0,1.0,43.718699998862576,nan,0.6786327719688414
1.0,AINR,gated,67.0,0.0,1.0,0.0,1.0,45.5223000026308,nan,0.6786327719688414
1.0,AINR,gated,68.0,0.0,1.0,0.0,1.0,44.66179999872111,nan,0.6786327719688414
1.0,AINR,gated,69.0,0.0,1.0,0.0,1.0,45.23509999853559,nan,0.6786327719688414
1.0,AINR,gated,70.0,0.0,1.0,0.0,1.0,40.256499996758066,nan,0.6786327719688414
1.0,AINR,gated,71.0,0.0,1.0,0.0,1.0,49.41559999861056,nan,0.6786327719688414
1.0,AINR,gated,72.0,0.0,1.0,0.0,1.0,52.97670000436483,nan,0.6786327719688414
1.0,AINR,gated,73.0,0.0,1.0,0.0,1.0,52.95730000216281,nan,0.6786327719688414
1.0,AINR,gated,74.0,0.0,1.0,0.0,1.0,54.74450000474462,nan,0.6786327719688414
1.0,AINR,gated,75.0,0.0,1.0,0.0,1.0,60.51280000247061,nan,0.6786327719688414
1.0,AINR,gated,76.0,0.0,1.0,0.0,1.0,60.497500002384186,nan,0.6786327719688414
1.0,AINR,gated,77.0,0.0,1.0,0.0,1.0,58.063900003617164,nan,0.6786327719688414
1.0,AINR,gated,78.0,0.0,1.0,0.0,1.0,52.91169999691192,nan,0.6786327719688414
1.0,AINR,gated,79.0,0.0,1.0,0.0,1.0,54.23829999926966,nan,0.6786327719688414
1.0,AINR,gated,80.0,0.0,1.0,0.0,1.0,51.47269999724813,nan,0.6786327719688414
1.0,AINR,gated,81.0,0.0,1.0,0.0,1.0,50.10789999505505,nan,0.6786327719688414
1.0,AINR,gated,82.0,0.0,1.0,0.0,1.0,48.775600000226405,nan,0.6786327719688414
1.0,AINR,gated,83.0,0.0,1.0,0.0,1.0,50.56060000060825,nan,0.6786327719688414
1.0,AINR,gated,84.0,0.0,1.0,0.0,1.0,50.34969999542227,nan,0.6786327719688414
1.0,AINR,gated,85.0,0.0,1.0,0.0,1.0,48.940000000584405,nan,0.6786327719688414
1.0,AINR,gated,86.0,0.0,1.0,0.0,1.0,51.96839999553049,nan,0.6786327719688414
1.0,AINR,gated,87.0,0.0,1.0,0.0,1.0,48.98669999965932,nan,0.6786327719688414
1.0,AINR,gated,88.0,0.0,1.0,0.0,1.0,50.466599997889716,nan,0.6786327719688414
1.0,AINR,gated,89.0,0.0,1.0,0.0,1.0,50.38619999686489,nan,0.6786327719688414
1.0,AINR,gated,90.0,0.0,1.0,0.0,1.0,48.7206999969203,nan,0.6786327719688414
1.0,AINR,gated,91.0,0.0,1.0,0.0,1.0,49.48790000344161,nan,0.6786327719688414
1.0,AINR,gated,92.0,0.0,1.0,0.0,1.0,44.69760000210954,nan,0.6786327719688414
1.0,AINR,gated,93.0,0.0,1.0,0.0,1.0,43.57870000239927,nan,0.6786327719688414
1.0,AINR,gated,94.0,0.0,1.0,0.0,1.0,42.82170000078622,nan,0.6786327719688414
1.0,AINR,gated,95.0,0.0,1.0,0.0,1.0,44.490300002507865,nan,0.6786327719688414
1.0,AINR,gated,96.0,0.0,1.0,0.0,1.0,44.01789999974426,nan,0.6786327719688414
1.0,AINR,gated,97.0,0.0,1.0,0.0,1.0,45.02420000062557,nan,0.6786327719688414
1.0,AINR,gated,98.0,1.0,0.0,0.0,0.0,nan,nan,0.6786327719688414
1.0,AINR,gated,99.0,0.0,1.0,0.0,1.0,48.08190000039758,nan,0.6786327719688414
1.0,AINR,gated,100.0,0.0,1.0,0.0,1.0,50.05499999970198,nan,0.6786327719688414
1.0,AINR,gated,101.0,0.0,1.0,0.0,1.0,46.11210000439314,nan,0.6786327719688414
1.0,AINR,gated,102.0,0.0,1.0,0.0,1.0,44.96289999951841,nan,0.6786327719688414
1.0,AINR,gated,103.0,0.0,1.0,0.0,1.0,43.28360000363318,nan,0.6786327719688414
1.0,AINR,gated,104.0,0.0,1.0,0.0,1.0,44.85050000221236,nan,0.6786327719688414
1.0,AINR,gated,105.0,0.0,1.0,0.0,1.0,42.51509999448899,nan,0.6786327719688414
1.0,AINR,gated,106.0,0.0,1.0,0.0,1.0,42.726899999252055,nan,0.6786327719688414
1.0,AINR,gated,107.0,0.0,1.0,0.0,1.0,44.107900001108646,nan,0.6786327719688414
1.0,AINR,gated,108.0,0.0,1.0,0.0,1.0,43.905699996685144,nan,0.6786327719688414
1.0,AINR,gated,109.0,0.0,1.0,0.0,1.0,43.20949999964796,nan,0.6786327719688414
1.0,AINR,gated,110.0,0.0,1.0,0.0,1.0,38.82139999768697,nan,0.6786327719688414
1.0,AINR,gated,111.0,0.0,1.0,0.0,1.0,44.36020000139251,nan,0.6786327719688414
1.0,AINR,gated,112.0,0.0,1.0,0.0,1.0,42.364600005385,nan,0.6786327719688414
1.0,AINR,gated,113.0,0.0,1.0,0.0,1.0,42.9602000003797,nan,0.6786327719688414
1.0,AINR,gated,114.0,0.0,1.0,0.0,1.0,45.004899999185,nan,0.6786327719688414
1.0,AINR,gated,115.0,0.0,1.0,0.0,1.0,41.97019999992335,nan,0.6786327719688414
1.0,AINR,gated,116.0,0.0,1.0,0.0,1.0,44.841599999926984,nan,0.6786327719688414
1.0,AINR,gated,117.0,0.0,1.0,0.0,1.0,45.04420000012033,nan,0.6786327719688414
1.0,AINR,gated,118.0,0.0,1.0,0.0,1.0,44.403300002159085,nan,0.6786327719688414
1.0,AINR,gated,119.0,0.0,1.0,0.0,1.0,44.28380000172183,nan,0.6786327719688414
1.0,AINR,gated,120.0,0.0,1.0,0.0,1.0,45.07960000046296,nan,0.6786327719688414
1.0,AINR,gated,121.0,0.0,1.0,0.0,1.0,44.33530000096653,nan,0.6786327719688414
1.0,AINR,gated,122.0,0.0,1.0,0.0,1.0,45.378400005574804,nan,0.6786327719688414
1.0,AINR,gated,123.0,0.0,1.0,0.0,1.0,44.65110000455752,nan,0.6786327719688414
1.0,AINR,gated,124.0,0.0,1.0,0.0,1.0,44.24460000154795,nan,0.6786327719688414
1.0,AINR,gated,125.0,0.0,1.0,0.0,1.0,43.26959999889368,nan,0.6786327719688414
1.0,AINR,gated,126.0,0.0,1.0,0.0,1.0,43.39369999797782,nan,0.6786327719688414
1.0,AINR,gated,127.0,0.0,1.0,0.0,1.0,43.96779999660794,nan,0.6786327719688414
1.0,AINR,gated,128.0,0.0,1.0,0.0,1.0,45.081299998855684,nan,0.6786327719688414
1.0,AINR,gated,129.0,0.0,1.0,0.0,1.0,43.094699998619035,nan,0.6786327719688414
1.0,AINR,gated,130.0,0.0,1.0,0.0,1.0,43.82089999853633,nan,0.6786327719688414
1.0,AINR,gated,131.0,0.0,1.0,0.0,1.0,44.47269999946002,nan,0.6786327719688414
1.0,AINR,gated,132.0,0.0,1.0,0.0,1.0,46.38880000129575,nan,0.6786327719688414
1.0,AINR,gated,133.0,0.0,1.0,0.0,1.0,44.108399997639935,nan,0.6786327719688414
1.0,AINR,gated,134.0,0.0,1.0,0.0,1.0,44.54740000073798,nan,0.6786327719688414
1.0,AINR,gated,135.0,0.0,1.0,0.0,1.0,43.33059999771649,nan,0.6786327719688414
1.0,AINR,gated,136.0,0.0,1.0,0.0,1.0,43.23360000125831,nan,0.6786327719688414
1.0,AINR,gated,137.0,0.0,1.0,0.0,1.0,41.693300001497846,nan,0.6786327719688414
1.0,AINR,gated,138.0,0.0,1.0,0.0,1.0,40.37390000303276,nan,0.6786327719688414
1.0,AINR,gated,139.0,0.0,1.0,0.0,1.0,41.97369999747025,nan,0.6786327719688414
1.0,AINR,gated,140.0,0.0,1.0,0.0,1.0,43.082299998786766,nan,0.6786327719688414
1.0,AINR,gated,141.0,0.0,1.0,0.0,1.0,44.63879999821074,nan,0.6786327719688414
1.0,AINR,gated,142.0,0.0,1.0,0.0,1.0,44.16990000026999,nan,0.6786327719688414
1.0,AINR,gated,143.0,0.0,1.0,0.0,1.0,43.67130000173347,nan,0.6786327719688414
1.0,AINR,gated,144.0,0.0,1.0,0.0,1.0,46.008099998289254,nan,0.6786327719688414
1.0,AINR,gated,145.0,0.0,1.0,0.0,1.0,44.515000001410954,nan,0.6786327719688414
1.0,AINR,gated,146.0,0.0,1.0,0.0,1.0,43.89899999659974,nan,0.6786327719688414
1.0,AINR,gated,147.0,0.0,1.0,0.0,1.0,44.47989999607671,nan,0.6786327719688414
1.0,AINR,gated,148.0,0.0,1.0,0.0,1.0,43.14950000116369,nan,0.6786327719688414
1.0,AINR,gated,149.0,0.0,1.0,0.0,1.0,44.6074999999837,nan,0.6786327719688414
1.0,AINR,gated,150.0,0.0,1.0,0.0,1.0,44.15850000077626,nan,0.6786327719688414
1.0,AINR,gated,151.0,0.0,1.0,0.0,1.0,45.15189999801805,nan,0.6786327719688414
1.0,AINR,gated,152.0,0.0,1.0,0.0,1.0,42.96959999919636,nan,0.6786327719688414
1.0,AINR,gated,153.0,0.0,1.0,0.0,1.0,49.71579999983078,nan,0.6786327719688414
1.0,AINR,gated,154.0,0.0,1.0,0.0,1.0,53.18740000075195,nan,0.6786327719688414
1.0,AINR,gated,155.0,0.0,1.0,0.0,1.0,54.7694999986561,nan,0.6786327719688414
1.0,AINR,gated,156.0,0.0,1.0,0.0,1.0,53.14340000040829,nan,0.6786327719688414
1.0,AINR,gated,157.0,0.0,1.0,0.0,1.0,57.05959999613697,nan,0.6786327719688414
1.0,AINR,gated,158.0,0.0,1.0,0.0,1.0,55.22030000429368,nan,0.6786327719688414
1.0,AINR,gated,159.0,0.0,1.0,0.0,1.0,63.26660000195261,nan,0.6786327719688414
1.0,AINR,gated,160.0,0.0,1.0,0.0,1.0,58.99379999755183,nan,0.6786327719688414
1.0,AINR,gated,161.0,0.0,1.0,0.0,1.0,51.56929999793647,nan,0.6786327719688414
1.0,AINR,gated,162.0,0.0,1.0,0.0,1.0,51.50349999894388,nan,0.6786327719688414
1.0,AINR,gated,163.0,0.0,1.0,0.0,1.0,54.20069999672705,nan,0.6786327719688414
1.0,AINR,gated,164.0,0.0,1.0,0.0,1.0,43.614800000796095,nan,0.6786327719688414
1.0,AINR,gated,165.0,0.0,1.0,0.0,1.0,45.96940000192262,nan,0.6786327719688414
1.0,AINR,gated,166.0,0.0,1.0,0.0,1.0,43.56800000095973,nan,0.6786327719688414
1.0,AINR,gated,167.0,0.0,1.0,0.0,1.0,46.145799999067094,nan,0.6786327719688414
1.0,AINR,gated,168.0,0.0,1.0,0.0,1.0,43.53689999697963,nan,0.6786327719688414
1.0,AINR,gated,169.0,0.0,1.0,0.0,1.0,43.617799994535744,nan,0.6786327719688414
1.0,AINR,gated,170.0,0.0,1.0,0.0,1.0,44.78889999882085,nan,0.6786327719688414
1.0,AINR,gated,171.0,0.0,1.0,0.0,1.0,44.02079999999842,nan,0.6786327719688414
1.0,AINR,gated,172.0,0.0,1.0,0.0,1.0,43.358599999919534,nan,0.6786327719688414
1.0,AINR,gated,173.0,0.0,1.0,0.0,1.0,43.278600001940504,nan,0.6786327719688414
1.0,AINR,gated,174.0,0.0,1.0,0.0,1.0,43.69880000012927,nan,0.6786327719688414
1.0,AINR,gated,175.0,0.0,1.0,0.0,1.0,42.23340000316966,nan,0.6786327719688414
1.0,AINR,gated,176.0,0.0,1.0,0.0,1.0,44.328100004349835,nan,0.6786327719688414
1.0,AINR,gated,177.0,0.0,1.0,0.0,1.0,43.84380000556121,nan,0.6786327719688414
1.0,AINR,gated,178.0,0.0,1.0,0.0,1.0,42.90710000350373,nan,0.6786327719688414
1.0,AINR,gated,179.0,0.0,1.0,0.0,1.0,43.53330000594724,nan,0.6786327719688414
1.0,AINR,gated,180.0,0.0,1.0,0.0,1.0,43.633900000713766,nan,0.6786327719688414
1.0,AINR,gated,181.0,0.0,1.0,0.0,1.0,43.16119999566581,nan,0.6786327719688414
1.0,AINR,gated,182.0,0.0,1.0,0.0,1.0,42.699999998148996,nan,0.6786327719688414
1.0,AINR,gated,183.0,0.0,1.0,0.0,1.0,42.85309999977471,nan,0.6786327719688414
1.0,AINR,gated,184.0,0.0,1.0,0.0,1.0,45.60240000137128,nan,0.6786327719688414
1.0,AINR,gated,185.0,0.0,1.0,0.0,1.0,43.98780000337865,nan,0.6786327719688414
1.0,AINR,gated,186.0,0.0,1.0,0.0,1.0,43.56819999520667,nan,0.6786327719688414
1.0,AINR,gated,187.0,0.0,1.0,0.0,1.0,43.08750000200234,nan,0.6786327719688414
1.0,AINR,gated,188.0,0.0,1.0,0.0,1.0,42.48799999913899,nan,0.6786327719688414
1.0,AINR,gated,189.0,0.0,1.0,0.0,1.0,44.12729999603471,nan,0.6786327719688414
1.0,AINR,gated,190.0,0.0,1.0,0.0,1.0,43.83190000226023,nan,0.6786327719688414
1.0,AINR,gated,191.0,0.0,1.0,0.0,1.0,42.963000007148366,nan,0.6786327719688414
1.0,AINR,gated,192.0,0.0,1.0,0.0,1.0,42.59160000219708,nan,0.6786327719688414
1.0,AINR,gated,193.0,0.0,1.0,0.0,1.0,39.501599996583536,nan,0.6786327719688414
1.0,AINR,gated,194.0,0.0,1.0,0.0,1.0,45.107300000381656,nan,0.6786327719688414
1.0,AINR,gated,195.0,0.0,1.0,0.0,1.0,42.79359999782173,nan,0.6786327719688414
1.0,AINR,gated,196.0,0.0,1.0,0.0,1.0,43.263400002615526,nan,0.6786327719688414
1.0,AINR,gated,197.0,0.0,1.0,0.0,1.0,43.102299998281524,nan,0.6786327719688414
1.0,AINR,gated,198.0,0.0,1.0,0.0,1.0,43.873499998881016,nan,0.6786327719688414
1.0,AINR,gated,199.0,0.0,1.0,0.0,1.0,42.95009999623289,nan,0.6786327719688414
1.0,AINR,gated,200.0,0.0,1.0,0.0,1.0,44.207899998582434,nan,0.6786327719688414
1.0,AINR,gated,201.0,0.0,1.0,0.0,1.0,43.534900003578514,nan,0.6786327719688414
1.0,AINR,gated,202.0,0.0,1.0,0.0,1.0,43.89259999879869,nan,0.6786327719688414
1.0,AINR,gated,203.0,0.0,1.0,0.0,1.0,41.75569999642903,nan,0.6786327719688414
1.0,AINR,gated,204.0,0.0,1.0,0.0,1.0,42.23500000080094,nan,0.6786327719688414
1.0,AINR,gated,205.0,0.0,1.0,0.0,1.0,45.62869999790564,nan,0.6786327719688414
1.0,AINR,gated,206.0,0.0,1.0,0.0,1.0,43.71069999615429,nan,0.6786327719688414
1.0,AINR,gated,207.0,0.0,1.0,0.0,1.0,45.09249999682652,nan,0.6786327719688414
1.0,AINR,gated,208.0,0.0,1.0,0.0,1.0,43.38360000110697,nan,0.6786327719688414
1.0,AINR,gated,209.0,0.0,1.0,0.0,1.0,44.84569999476662,nan,0.6786327719688414
1.0,AINR,gated,210.0,0.0,1.0,0.0,1.0,44.3063999991864,nan,0.6786327719688414
1.0,AINR,gated,211.0,0.0,1.0,0.0,1.0,44.149399996967986,nan,0.6786327719688414
1.0,AINR,gated,212.0,0.0,1.0,0.0,1.0,43.283699997118674,nan,0.6786327719688414
1.0,AINR,gated,213.0,0.0,1.0,0.0,1.0,44.7414000009303,nan,0.6786327719688414
1.0,AINR,gated,214.0,0.0,1.0,0.0,1.0,43.895100003283005,nan,0.6786327719688414
1.0,AINR,gated,215.0,0.0,1.0,0.0,1.0,42.39429999870481,nan,0.6786327719688414
1.0,AINR,gated,216.0,0.0,1.0,0.0,1.0,39.90649999468587,nan,0.6786327719688414
1.0,AINR,gated,217.0,0.0,1.0,0.0,1.0,43.454900005599484,nan,0.6786327719688414
1.0,AINR,gated,218.0,0.0,1.0,0.0,1.0,43.32820000126958,nan,0.6786327719688414
1.0,AINR,gated,219.0,0.0,1.0,0.0,1.0,42.17659999994794,nan,0.6786327719688414
1.0,AINR,gated,220.0,0.0,1.0,0.0,1.0,43.104399999720044,nan,0.6786327719688414
1.0,AINR,gated,221.0,0.0,1.0,0.0,1.0,43.411799997556955,nan,0.6786327719688414
1.0,AINR,gated,222.0,0.0,1.0,0.0,1.0,42.424300001584925,nan,0.6786327719688414
1.0,AINR,gated,223.0,0.0,1.0,0.0,1.0,44.75549999915529,nan,0.6786327719688414
1.0,AINR,gated,224.0,0.0,1.0,0.0,1.0,42.23249999631662,nan,0.6786327719688414
1.0,AINR,gated,225.0,0.0,1.0,0.0,1.0,44.30539999884786,nan,0.6786327719688414
1.0,AINR,gated,226.0,0.0,1.0,0.0,1.0,43.59629999817116,nan,0.6786327719688414
1.0,AINR,gated,227.0,0.0,1.0,0.0,1.0,44.256000001041684,nan,0.6786327719688414
1.0,AINR,gated,228.0,0.0,1.0,0.0,1.0,44.841499999165535,nan,0.6786327719688414
1.0,AINR,gated,229.0,0.0,1.0,0.0,1.0,40.68150000239257,nan,0.6786327719688414
1.0,AINR,gated,230.0,0.0,1.0,0.0,1.0,41.81830000015907,nan,0.6786327719688414
1.0,AINR,gated,231.0,0.0,1.0,0.0,1.0,42.36829999717884,nan,0.6786327719688414
1.0,AINR,gated,232.0,0.0,1.0,0.0,1.0,43.501199994352646,nan,0.6786327719688414
1.0,AINR,gated,233.0,0.0,1.0,0.0,1.0,44.29090000485303,nan,0.6786327719688414
1.0,AINR,gated,234.0,0.0,1.0,0.0,1.0,42.477700000745244,nan,0.6786327719688414
1.0,AINR,gated,235.0,0.0,1.0,0.0,1.0,44.02490000211401,nan,0.6786327719688414
1.0,AINR,gated,236.0,0.0,1.0,0.0,1.0,43.26779999973951,nan,0.6786327719688414
1.0,AINR,gated,237.0,0.0,1.0,0.0,1.0,43.220000006840564,nan,0.6786327719688414
1.0,AINR,gated,238.0,0.0,1.0,0.0,1.0,43.83830000006128,nan,0.6786327719688414
1.0,AINR,gated,239.0,0.0,1.0,0.0,1.0,42.09129999799188,nan,0.6786327719688414
1.0,AINR,gated,240.0,0.0,1.0,0.0,1.0,44.68639999686275,nan,0.6786327719688414
1.0,AINR,gated,241.0,0.0,1.0,0.0,1.0,45.13020000013057,nan,0.6786327719688414
1.0,AINR,gated,242.0,0.0,1.0,0.0,1.0,43.46839999925578,nan,0.6786327719688414
1.0,AINR,gated,243.0,0.0,1.0,0.0,1.0,43.97959999914747,nan,0.6786327719688414
1.0,AINR,gated,244.0,0.0,1.0,0.0,1.0,43.84890000073938,nan,0.6786327719688414
1.0,AINR,gated,245.0,0.0,1.0,0.0,1.0,42.47509999549948,nan,0.6786327719688414
1.0,AINR,gated,246.0,0.0,1.0,0.0,1.0,42.148100001213606,nan,0.6786327719688414
1.0,AINR,gated,247.0,0.0,1.0,0.0,1.0,45.059099997160956,nan,0.6786327719688414
1.0,AINR,gated,248.0,0.0,1.0,0.0,1.0,41.95149999577552,nan,0.6786327719688414
1.0,AINR,gated,249.0,0.0,1.0,0.0,1.0,42.50799999863375,nan,0.6786327719688414
1.0,AINR,gated,250.0,0.0,1.0,0.0,1.0,44.16849999688566,nan,0.6786327719688414
1.0,AINR,gated,251.0,0.0,1.0,0.0,1.0,43.99279999779537,nan,0.6786327719688414
1.0,AINR,gated,252.0,0.0,1.0,0.0,1.0,42.08990000188351,nan,0.6786327719688414
1.0,AINR,gated,253.0,0.0,1.0,0.0,1.0,43.32359999534674,nan,0.6786327719688414
1.0,AINR,gated,254.0,0.0,1.0,0.0,1.0,42.71819999848958,nan,0.6786327719688414
1.0,AINR,gated,255.0,0.0,1.0,0.0,1.0,42.67319999780739,nan,0.6786327719688414
1.0,AINR,gated,256.0,0.0,1.0,0.0,1.0,49.18809999799123,nan,0.6786327719688414
1.0,AINR,gated,257.0,0.0,1.0,0.0,1.0,49.59650000091642,nan,0.6786327719688414
1.0,AINR,gated,258.0,0.0,1.0,0.0,1.0,52.02560000179801,nan,0.6786327719688414
1.0,AINR,gated,259.0,0.0,1.0,0.0,1.0,52.196899996488355,nan,0.6786327719688414
1.0,AINR,gated,260.0,0.0,1.0,0.0,1.0,58.40120000357274,nan,0.6786327719688414
1.0,AINR,gated,261.0,0.0,1.0,0.0,1.0,59.57959999796003,nan,0.6786327719688414
1.0,AINR,gated,262.0,0.0,1.0,0.0,1.0,58.07169999752659,nan,0.6786327719688414
1.0,AINR,gated,263.0,0.0,1.0,0.0,1.0,54.62699999770848,nan,0.6786327719688414
1.0,AINR,gated,264.0,0.0,1.0,0.0,1.0,51.27159999392461,nan,0.6786327719688414
1.0,AINR,gated,265.0,0.0,1.0,0.0,1.0,50.15879999700701,nan,0.6786327719688414
1.0,AINR,gated,266.0,0.0,1.0,0.0,1.0,48.717799996666145,nan,0.6786327719688414
1.0,AINR,gated,267.0,0.0,1.0,0.0,1.0,47.37069999828236,nan,0.6786327719688414
1.0,AINR,gated,268.0,0.0,1.0,0.0,1.0,50.02699999749893,nan,0.6786327719688414
1.0,AINR,gated,269.0,0.0,1.0,0.0,1.0,46.96429999603424,nan,0.6786327719688414
1.0,AINR,gated,270.0,0.0,1.0,0.0,1.0,44.652299999143,nan,0.6786327719688414
1.0,AINR,gated,271.0,0.0,1.0,0.0,1.0,42.45280000031926,nan,0.6786327719688414
1.0,AINR,gated,272.0,0.0,1.0,0.0,1.0,42.7512000023853,nan,0.6786327719688414
1.0,AINR,gated,273.0,0.0,1.0,0.0,1.0,42.874499995377846,nan,0.6786327719688414
1.0,AINR,gated,274.0,0.0,1.0,0.0,1.0,39.837600001192186,nan,0.6786327719688414
1.0,AINR,gated,275.0,0.0,1.0,0.0,1.0,43.90930000226945,nan,0.6786327719688414
1.0,AINR,gated,276.0,0.0,1.0,0.0,1.0,43.8819000046351,nan,0.6786327719688414
1.0,AINR,gated,277.0,0.0,1.0,0.0,1.0,44.97619999892777,nan,0.6786327719688414
1.0,AINR,gated,278.0,0.0,1.0,0.0,1.0,44.22789999807719,nan,0.6786327719688414
1.0,AINR,gated,279.0,0.0,1.0,0.0,1.0,44.74029999983031,nan,0.6786327719688414
1.0,AINR,gated,280.0,0.0,1.0,0.0,1.0,42.91139999986626,nan,0.6786327719688414
1.0,AINR,gated,281.0,0.0,1.0,0.0,1.0,43.621800003165845,nan,0.6786327719688414
1.0,AINR,gated,282.0,0.0,1.0,0.0,1.0,42.00219999620458,nan,0.6786327719688414
1.0,AINR,gated,283.0,0.0,1.0,0.0,1.0,40.71539999858942,nan,0.6786327719688414
1.0,AINR,gated,284.0,0.0,1.0,0.0,1.0,45.10170000139624,nan,0.6786327719688414
1.0,AINR,gated,285.0,0.0,1.0,0.0,1.0,48.891400001593865,nan,0.6786327719688414
1.0,AINR,gated,286.0,0.0,1.0,0.0,1.0,52.99379999632947,nan,0.6786327719688414
1.0,AINR,gated,287.0,0.0,1.0,0.0,1.0,56.416699997498654,nan,0.6786327719688414
1.0,AINR,gated,288.0,0.0,1.0,0.0,1.0,55.150300002424046,nan,0.6786327719688414
1.0,AINR,gated,289.0,0.0,1.0,0.0,1.0,54.70239999704063,nan,0.6786327719688414
1.0,AINR,gated,290.0,0.0,1.0,0.0,1.0,56.46990000241203,nan,0.6786327719688414
1.0,AINR,gated,291.0,0.0,1.0,0.0,1.0,59.034199999587145,nan,0.6786327719688414
1.0,AINR,gated,292.0,0.0,1.0,0.0,1.0,56.72269999922719,nan,0.6786327719688414
1.0,AINR,gated,293.0,0.0,1.0,0.0,1.0,61.12040000152774,nan,0.6786327719688414
1.0,AINR,gated,294.0,0.0,1.0,0.0,1.0,57.581900000514,nan,0.6786327719688414
1.0,AINR,gated,295.0,0.0,1.0,0.0,1.0,53.909499998553656,nan,0.6786327719688414
1.0,AINR,gated,296.0,0.0,1.0,0.0,1.0,50.76810000173282,nan,0.6786327719688414
1.0,AINR,gated,297.0,0.0,1.0,0.0,1.0,52.60390000330517,nan,0.6786327719688414
1.0,AINR,gated,298.0,0.0,1.0,0.0,1.0,51.03139999846462,nan,0.6786327719688414
1.0,AINR,gated,299.0,0.0,1.0,0.0,1.0,57.766400001128204,nan,0.6786327719688414
1.0,AINR,gated,300.0,0.0,1.0,0.0,1.0,54.913899999519344,nan,0.6786327719688414
1.0,AINR,gated,301.0,0.0,1.0,0.0,1.0,42.86869999486953,nan,0.6786327719688414
1.0,AINR,gated,302.0,0.0,1.0,0.0,1.0,49.15150000306312,nan,0.6786327719688414
1.0,AINR,gated,303.0,0.0,1.0,0.0,1.0,50.30579999584006,nan,0.6786327719688414
1.0,AINR,gated,304.0,0.0,1.0,0.0,1.0,50.79719999775989,nan,0.6786327719688414
1.0,AINR,gated,305.0,0.0,1.0,0.0,1.0,50.76610000105575,nan,0.6786327719688414
1.0,AINR,gated,306.0,0.0,1.0,0.0,1.0,49.24839999875985,nan,0.6786327719688414
1.0,AINR,gated,307.0,0.0,1.0,0.0,1.0,48.16759999812348,nan,0.6786327719688414
1.0,AINR,gated,308.0,0.0,1.0,0.0,1.0,49.40299999725539,nan,0.6786327719688414
1.0,AINR,gated,309.0,0.0,1.0,0.0,1.0,47.62699999992037,nan,0.6786327719688414
1.0,AINR,gated,310.0,0.0,1.0,0.0,1.0,48.502199999347795,nan,0.6786327719688414
1.0,AINR,gated,311.0,0.0,1.0,0.0,1.0,45.753799997328315,nan,0.6786327719688414
1.0,AINR,gated,312.0,0.0,1.0,0.0,1.0,45.22509999515023,nan,0.6786327719688414
1.0,AINR,gated,313.0,0.0,1.0,0.0,1.0,43.31620000448311,nan,0.6786327719688414
1.0,AINR,gated,314.0,0.0,1.0,0.0,1.0,44.18110000551678,nan,0.6786327719688414
1.0,AINR,gated,315.0,0.0,1.0,0.0,1.0,44.70980000041891,nan,0.6786327719688414
1.0,AINR,gated,316.0,0.0,1.0,0.0,1.0,44.9293999990914,nan,0.6786327719688414
1.0,AINR,gated,317.0,0.0,1.0,0.0,1.0,43.370300001697615,nan,0.6786327719688414
1.0,AINR,gated,318.0,0.0,1.0,0.0,1.0,42.72119999950519,nan,0.6786327719688414
1.0,AINR,gated,319.0,0.0,1.0,0.0,1.0,44.36649999843212,nan,0.6786327719688414
1.0,AINR,gated,320.0,0.0,1.0,0.0,1.0,42.192199995042756,nan,0.6786327719688414
1.0,AINR,gated,321.0,0.0,1.0,0.0,1.0,44.18659999646479,nan,0.6786327719688414
1.0,AINR,gated,322.0,0.0,1.0,0.0,1.0,44.642400003795046,nan,0.6786327719688414
1.0,AINR,gated,323.0,0.0,1.0,0.0,1.0,43.12870000285329,nan,0.6786327719688414
1.0,AINR,gated,324.0,0.0,1.0,0.0,1.0,45.01479999453295,nan,0.6786327719688414
1.0,AINR,gated,325.0,0.0,1.0,0.0,1.0,42.06549999798881,nan,0.6786327719688414
1.0,AINR,gated,326.0,0.0,1.0,0.0,1.0,41.867699997965246,nan,0.6786327719688414
1.0,AINR,gated,327.0,0.0,1.0,0.0,1.0,43.76919999776874,nan,0.6786327719688414
1.0,AINR,gated,328.0,0.0,1.0,0.0,1.0,43.37590000068303,nan,0.6786327719688414
1.0,AINR,gated,329.0,0.0,1.0,0.0,1.0,39.615000001504086,nan,0.6786327719688414
1.0,AINR,gated,330.0,0.0,1.0,0.0,1.0,45.30220000015106,nan,0.6786327719688414
1.0,AINR,gated,331.0,0.0,1.0,0.0,1.0,43.176000006496906,nan,0.6786327719688414
1.0,AINR,gated,332.0,0.0,1.0,0.0,1.0,44.487899998785,nan,0.6786327719688414
1.0,AINR,gated,333.0,0.0,1.0,0.0,1.0,44.8919999980717,nan,0.6786327719688414
1.0,AINR,gated,334.0,0.0,1.0,0.0,1.0,42.85099999833619,nan,0.6786327719688414
1.0,AINR,gated,335.0,0.0,1.0,0.0,1.0,42.32179999962682,nan,0.6786327719688414
1.0,AINR,gated,336.0,0.0,1.0,0.0,1.0,45.32159999507712,nan,0.6786327719688414
1.0,AINR,gated,337.0,0.0,1.0,0.0,1.0,43.391900006099604,nan,0.6786327719688414
1.0,AINR,gated,338.0,0.0,1.0,0.0,1.0,45.28069999651052,nan,0.6786327719688414
1.0,AINR,gated,339.0,0.0,1.0,0.0,1.0,43.86859999794979,nan,0.6786327719688414
1.0,AINR,gated,340.0,0.0,1.0,0.0,1.0,47.40650000167079,nan,0.6786327719688414
1.0,AINR,gated,341.0,0.0,1.0,0.0,1.0,53.84829999820795,nan,0.6786327719688414
1.0,AINR,gated,342.0,0.0,1.0,0.0,1.0,51.82269999932032,nan,0.6786327719688414
1.0,AINR,gated,343.0,0.0,1.0,0.0,1.0,53.063999999722,nan,0.6786327719688414
1.0,AINR,gated,344.0,0.0,1.0,0.0,1.0,57.345699999132194,nan,0.6786327719688414
1.0,AINR,gated,345.0,0.0,1.0,0.0,1.0,53.18540000007488,nan,0.6786327719688414
1.0,AINR,gated,346.0,0.0,1.0,0.0,1.0,53.01730000064708,nan,0.6786327719688414
1.0,AINR,gated,347.0,0.0,1.0,0.0,1.0,53.972100002283696,nan,0.6786327719688414
1.0,AINR,gated,348.0,0.0,1.0,0.0,1.0,54.5159999965108,nan,0.6786327719688414
1.0,AINR,gated,349.0,0.0,1.0,0.0,1.0,57.26090000098338,nan,0.6786327719688414
1.0,AINR,gated,350.0,0.0,1.0,0.0,1.0,55.74890000571031,nan,0.6786327719688414
1.0,AINR,gated,351.0,0.0,1.0,0.0,1.0,54.11389999790117,nan,0.6786327719688414
1.0,AINR,gated,352.0,0.0,1.0,0.0,1.0,55.41760000050999,nan,0.6786327719688414
1.0,AINR,gated,353.0,0.0,1.0,0.0,1.0,59.1608000031556,nan,0.6786327719688414
1.0,AINR,gated,354.0,0.0,1.0,0.0,1.0,59.0130999989924,nan,0.6786327719688414
1.0,AINR,gated,355.0,0.0,1.0,0.0,1.0,53.64559999725316,nan,0.6786327719688414
1.0,AINR,gated,356.0,0.0,1.0,0.0,1.0,48.20909999398282,nan,0.6786327719688414
1.0,AINR,gated,357.0,0.0,1.0,0.0,1.0,51.13110000093002,nan,0.6786327719688414
1.0,AINR,gated,358.0,0.0,1.0,0.0,1.0,49.164300005941186,nan,0.6786327719688414
1.0,AINR,gated,359.0,0.0,1.0,0.0,1.0,53.057600001920946,nan,0.6786327719688414
1.0,AINR,gated,360.0,0.0,1.0,0.0,1.0,45.07249999733176,nan,0.6786327719688414
1.0,AINR,gated,361.0,0.0,1.0,0.0,1.0,44.95899999892572,nan,0.6786327719688414
1.0,AINR,gated,362.0,0.0,1.0,0.0,1.0,46.03250000218395,nan,0.6786327719688414
1.0,AINR,gated,363.0,0.0,1.0,0.0,1.0,59.89160000171978,nan,0.6786327719688414
1.0,AINR,gated,364.0,0.0,1.0,0.0,1.0,53.59459999453975,nan,0.6786327719688414
1.0,AINR,gated,365.0,0.0,1.0,0.0,1.0,55.12540000199806,nan,0.6786327719688414
1.0,AINR,gated,366.0,0.0,1.0,0.0,1.0,54.98039999656612,nan,0.6786327719688414
1.0,AINR,gated,367.0,0.0,1.0,0.0,1.0,54.25110000214772,nan,0.6786327719688414
1.0,AINR,gated,368.0,0.0,1.0,0.0,1.0,57.552800004486926,nan,0.6786327719688414
1.0,AINR,gated,369.0,0.0,1.0,0.0,1.0,55.29050000041025,nan,0.6786327719688414
1.0,AINR,gated,370.0,0.0,1.0,0.0,1.0,55.615100005525164,nan,0.6786327719688414
1.0,AINR,gated,371.0,0.0,1.0,0.0,1.0,61.0240000023623,nan,0.6786327719688414
1.0,AINR,gated,372.0,0.0,1.0,0.0,1.0,55.53630000213161,nan,0.6786327719688414
1.0,AINR,gated,373.0,0.0,1.0,0.0,1.0,58.84949999745004,nan,0.6786327719688414
1.0,AINR,gated,374.0,0.0,1.0,0.0,1.0,57.027000002563,nan,0.6786327719688414
1.0,AINR,gated,375.0,0.0,1.0,0.0,1.0,51.00099999981467,nan,0.6786327719688414
1.0,AINR,gated,376.0,0.0,1.0,0.0,1.0,52.0260999983293,nan,0.6786327719688414
1.0,AINR,gated,377.0,0.0,1.0,0.0,1.0,51.540899999963585,nan,0.6786327719688414
1.0,AINR,gated,378.0,0.0,1.0,0.0,1.0,50.38320000312524,nan,0.6786327719688414
1.0,AINR,gated,379.0,0.0,1.0,0.0,1.0,50.66130000341218,nan,0.6786327719688414
1.0,AINR,gated,380.0,0.0,1.0,0.0,1.0,49.57239999930607,nan,0.6786327719688414
1.0,AINR,gated,381.0,0.0,1.0,0.0,1.0,47.26659999869298,nan,0.6786327719688414
1.0,AINR,gated,382.0,0.0,1.0,0.0,1.0,50.29869999998482,nan,0.6786327719688414
1.0,AINR,gated,383.0,0.0,1.0,0.0,1.0,46.781200006080326,nan,0.6786327719688414
1.0,AINR,gated,384.0,0.0,1.0,0.0,1.0,43.914800000493415,nan,0.6786327719688414
1.0,AINR,gated,385.0,0.0,1.0,0.0,1.0,50.20940000395058,nan,0.6786327719688414
1.0,AINR,gated,386.0,0.0,1.0,0.0,1.0,54.66829999932088,nan,0.6786327719688414
1.0,AINR,gated,387.0,0.0,1.0,0.0,1.0,63.46720000146888,nan,0.6786327719688414
1.0,AINR,gated,388.0,0.0,1.0,0.0,1.0,57.55779999890365,nan,0.6786327719688414
1.0,AINR,gated,389.0,0.0,1.0,0.0,1.0,55.545299997902475,nan,0.6786327719688414
1.0,AINR,gated,390.0,0.0,1.0,0.0,1.0,60.32189999677939,nan,0.6786327719688414
1.0,AINR,gated,391.0,0.0,1.0,0.0,1.0,55.971100002352614,nan,0.6786327719688414
1.0,AINR,gated,392.0,0.0,1.0,0.0,1.0,54.25910000485601,nan,0.6786327719688414
1.0,AINR,gated,393.0,0.0,1.0,0.0,1.0,52.165899993269704,nan,0.6786327719688414
1.0,AINR,gated,394.0,0.0,1.0,0.0,1.0,50.85930000495864,nan,0.6786327719688414
1.0,AINR,gated,395.0,0.0,1.0,0.0,1.0,49.46200000267709,nan,0.6786327719688414
1.0,AINR,gated,396.0,0.0,1.0,0.0,1.0,47.28420000174083,nan,0.6786327719688414
1.0,AINR,gated,397.0,0.0,1.0,0.0,1.0,43.05780000140658,nan,0.6786327719688414
1.0,AINR,gated,398.0,0.0,1.0,0.0,1.0,45.2889999942272,nan,0.6786327719688414
1.0,AINR,gated,399.0,0.0,1.0,0.0,1.0,44.08599999442231,nan,0.6786327719688414
1.0,AINR,gated,400.0,0.0,1.0,0.0,1.0,45.05869999411516,nan,0.6786327719688414
1.0,AINR,gated,401.0,0.0,1.0,0.0,1.0,45.41150000295602,nan,0.6786327719688414
1.0,AINR,gated,402.0,0.0,1.0,0.0,1.0,41.79909999947995,nan,0.6786327719688414
1.0,AINR,gated,403.0,0.0,1.0,0.0,1.0,43.157799998880364,nan,0.6786327719688414
1.0,AINR,gated,404.0,0.0,1.0,0.0,1.0,42.23679999995511,nan,0.6786327719688414
1.0,AINR,gated,405.0,0.0,1.0,0.0,1.0,42.24959999555722,nan,0.6786327719688414
1.0,AINR,gated,406.0,0.0,1.0,0.0,1.0,44.22599999816157,nan,0.6786327719688414
1.0,AINR,gated,407.0,0.0,1.0,0.0,1.0,44.34580000088317,nan,0.6786327719688414
1.0,AINR,gated,408.0,0.0,1.0,0.0,1.0,42.78209999756655,nan,0.6786327719688414
1.0,AINR,gated,409.0,0.0,1.0,0.0,1.0,44.309400000202004,nan,0.6786327719688414
1.0,AINR,gated,410.0,0.0,1.0,0.0,1.0,42.993399998522364,nan,0.6786327719688414
1.0,AINR,gated,411.0,0.0,1.0,0.0,1.0,44.178799995279405,nan,0.6786327719688414
1.0,AINR,gated,412.0,0.0,1.0,0.0,1.0,49.68919999373611,nan,0.6786327719688414
1.0,AINR,gated,413.0,0.0,1.0,0.0,1.0,52.60400000406662,nan,0.6786327719688414
1.0,AINR,gated,414.0,0.0,1.0,0.0,1.0,53.213099999993574,nan,0.6786327719688414
1.0,AINR,gated,415.0,0.0,1.0,0.0,1.0,57.98569999751635,nan,0.6786327719688414
1.0,AINR,gated,416.0,0.0,1.0,0.0,1.0,61.431699999957345,nan,0.6786327719688414
1.0,AINR,gated,417.0,0.0,1.0,0.0,1.0,56.824999999662396,nan,0.6786327719688414
1.0,AINR,gated,418.0,0.0,1.0,0.0,1.0,51.652100002684165,nan,0.6786327719688414
1.0,AINR,gated,419.0,0.0,1.0,0.0,1.0,48.54720000002999,nan,0.6786327719688414
1.0,AINR,gated,420.0,0.0,1.0,0.0,1.0,46.01320000074338,nan,0.6786327719688414
1.0,AINR,gated,421.0,0.0,1.0,0.0,1.0,46.4566999944509,nan,0.6786327719688414
1.0,AINR,gated,422.0,0.0,1.0,0.0,1.0,42.06279999925755,nan,0.6786327719688414
1.0,AINR,gated,423.0,0.0,1.0,0.0,1.0,43.813099997350946,nan,0.6786327719688414
1.0,AINR,gated,424.0,0.0,1.0,0.0,1.0,44.14109999925131,nan,0.6786327719688414
1.0,AINR,gated,425.0,0.0,1.0,0.0,1.0,44.24579999613343,nan,0.6786327719688414
1.0,AINR,gated,426.0,0.0,1.0,0.0,1.0,44.006399999489076,nan,0.6786327719688414
1.0,AINR,gated,427.0,0.0,1.0,0.0,1.0,43.54240000247955,nan,0.6786327719688414
1.0,AINR,gated,428.0,0.0,1.0,0.0,1.0,43.493999997735955,nan,0.6786327719688414
1.0,AINR,gated,429.0,0.0,1.0,0.0,1.0,44.560899994394276,nan,0.6786327719688414
1.0,AINR,gated,430.0,0.0,1.0,0.0,1.0,42.293999998946674,nan,0.6786327719688414
1.0,AINR,gated,431.0,0.0,1.0,0.0,1.0,43.52880000078585,nan,0.6786327719688414
1.0,AINR,gated,432.0,0.0,1.0,0.0,1.0,42.78119999798946,nan,0.6786327719688414
1.0,AINR,gated,433.0,0.0,1.0,0.0,1.0,43.05659999954514,nan,0.6786327719688414
1.0,AINR,gated,434.0,0.0,1.0,0.0,1.0,40.4772000038065,nan,0.6786327719688414
1.0,AINR,gated,435.0,0.0,1.0,0.0,1.0,44.23540000425419,nan,0.6786327719688414
1.0,AINR,gated,436.0,0.0,1.0,0.0,1.0,45.05800000333693,nan,0.6786327719688414
1.0,AINR,gated,437.0,0.0,1.0,0.0,1.0,43.60360000282526,nan,0.6786327719688414
1.0,AINR,gated,438.0,0.0,1.0,0.0,1.0,40.53589999966789,nan,0.6786327719688414
1.0,AINR,gated,439.0,0.0,1.0,0.0,1.0,42.20480000367388,nan,0.6786327719688414
1.0,AINR,gated,440.0,0.0,1.0,0.0,1.0,43.73279999708757,nan,0.6786327719688414
1.0,AINR,gated,441.0,0.0,1.0,0.0,1.0,44.001900001603644,nan,0.6786327719688414
1.0,AINR,gated,442.0,0.0,1.0,0.0,1.0,43.38169999391539,nan,0.6786327719688414
1.0,AINR,gated,443.0,0.0,1.0,0.0,1.0,45.20559999946272,nan,0.6786327719688414
1.0,AINR,gated,444.0,0.0,1.0,0.0,1.0,43.619999996735714,nan,0.6786327719688414
1.0,AINR,gated,445.0,0.0,1.0,0.0,1.0,45.13599999336293,nan,0.6786327719688414
1.0,AINR,gated,446.0,0.0,1.0,0.0,1.0,44.572600003448315,nan,0.6786327719688414
1.0,AINR,gated,447.0,0.0,1.0,0.0,1.0,42.55199999897741,nan,0.6786327719688414
1.0,AINR,gated,448.0,0.0,1.0,0.0,1.0,44.734700000844896,nan,0.6786327719688414
1.0,AINR,gated,449.0,0.0,1.0,0.0,1.0,43.80390000005718,nan,0.6786327719688414
1.0,AINR,gated,450.0,0.0,1.0,0.0,1.0,46.1423000015202,nan,0.6786327719688414
1.0,AINR,gated,451.0,0.0,1.0,0.0,1.0,44.64220000227215,nan,0.6786327719688414
1.0,AINR,gated,452.0,0.0,1.0,0.0,1.0,45.17409999971278,nan,0.6786327719688414
1.0,AINR,gated,453.0,0.0,1.0,0.0,1.0,44.19399999460438,nan,0.6786327719688414
1.0,AINR,gated,454.0,0.0,1.0,0.0,1.0,43.25319999770727,nan,0.6786327719688414
1.0,AINR,gated,455.0,0.0,1.0,0.0,1.0,43.47079999570269,nan,0.6786327719688414
1.0,AINR,gated,456.0,0.0,1.0,0.0,1.0,44.12439999578055,nan,0.6786327719688414
1.0,AINR,gated,457.0,0.0,1.0,0.0,1.0,42.72119999950519,nan,0.6786327719688414
1.0,AINR,gated,458.0,0.0,1.0,0.0,1.0,43.138200002431404,nan,0.6786327719688414
1.0,AINR,gated,459.0,0.0,1.0,0.0,1.0,42.85719999461435,nan,0.6786327719688414
1.0,AINR,gated,460.0,0.0,1.0,0.0,1.0,42.414999996253755,nan,0.6786327719688414
1.0,AINR,gated,461.0,0.0,1.0,0.0,1.0,42.35070000140695,nan,0.6786327719688414
1.0,AINR,gated,462.0,0.0,1.0,0.0,1.0,41.71160000259988,nan,0.6786327719688414
1.0,AINR,gated,463.0,0.0,1.0,0.0,1.0,44.49710000335472,nan,0.6786327719688414
1.0,AINR,gated,464.0,0.0,1.0,0.0,1.0,42.89680000510998,nan,0.6786327719688414
1.0,AINR,gated,465.0,0.0,1.0,0.0,1.0,44.90770000120392,nan,0.6786327719688414
1.0,AINR,gated,466.0,0.0,1.0,0.0,1.0,42.30269999970915,nan,0.6786327719688414
1.0,AINR,gated,467.0,0.0,1.0,0.0,1.0,45.13159999623895,nan,0.6786327719688414
1.0,AINR,gated,468.0,0.0,1.0,0.0,1.0,42.01969999849098,nan,0.6786327719688414
1.0,AINR,gated,469.0,0.0,1.0,0.0,1.0,43.81830000056652,nan,0.6786327719688414
1.0,AINR,gated,470.0,0.0,1.0,0.0,1.0,44.695900003716815,nan,0.6786327719688414
1.0,AINR,gated,471.0,0.0,1.0,0.0,1.0,44.11129999789409,nan,0.6786327719688414
1.0,AINR,gated,472.0,0.0,1.0,0.0,1.0,43.69179999775952,nan,0.6786327719688414
1.0,AINR,gated,473.0,0.0,1.0,0.0,1.0,46.1968000017805,nan,0.6786327719688414
1.0,AINR,gated,474.0,0.0,1.0,0.0,1.0,47.08060000120895,nan,0.6786327719688414
1.0,AINR,gated,475.0,0.0,1.0,0.0,1.0,43.64650000206893,nan,0.6786327719688414
1.0,AINR,gated,476.0,0.0,1.0,0.0,1.0,43.27439999906346,nan,0.6786327719688414
1.0,AINR,gated,477.0,0.0,1.0,0.0,1.0,43.60219999944093,nan,0.6786327719688414
1.0,AINR,gated,478.0,0.0,1.0,0.0,1.0,44.187899999087676,nan,0.6786327719688414
1.0,AINR,gated,479.0,0.0,1.0,0.0,1.0,43.84350000327686,nan,0.6786327719688414
1.0,AINR,gated,480.0,0.0,1.0,0.0,1.0,42.383100000733975,nan,0.6786327719688414
1.0,AINR,gated,481.0,0.0,1.0,0.0,1.0,43.10200000327313,nan,0.6786327719688414
1.0,AINR,gated,482.0,0.0,1.0,0.0,1.0,44.78419999941252,nan,0.6786327719688414
1.0,AINR,gated,483.0,0.0,1.0,0.0,1.0,42.80019999714568,nan,0.6786327719688414
1.0,AINR,gated,484.0,0.0,1.0,0.0,1.0,44.85679999925196,nan,0.6786327719688414
1.0,AINR,gated,485.0,1.0,0.0,0.0,0.0,nan,nan,0.6786327719688414
1.0,AINR,gated,486.0,0.0,1.0,0.0,1.0,46.76689999905648,nan,0.6786327719688414
1.0,AINR,gated,487.0,0.0,1.0,0.0,1.0,45.630300002812874,nan,0.6786327719688414
1.0,AINR,gated,488.0,0.0,1.0,0.0,1.0,45.45510000025388,nan,0.6786327719688414
1.0,AINR,gated,489.0,0.0,1.0,0.0,1.0,41.48640000494197,nan,0.6786327719688414
1.0,AINR,gated,490.0,0.0,1.0,0.0,1.0,42.49649999837857,nan,0.6786327719688414
1.0,AINR,gated,491.0,0.0,1.0,0.0,1.0,44.727500004228204,nan,0.6786327719688414
1.0,AINR,gated,492.0,0.0,1.0,0.0,1.0,43.96909999923082,nan,0.6786327719688414
1.0,AINR,gated,493.0,0.0,1.0,0.0,1.0,42.26619999826653,nan,0.6786327719688414
1.0,AINR,gated,494.0,0.0,1.0,0.0,1.0,43.1246000007377,nan,0.6786327719688414
1.0,AINR,gated,495.0,0.0,1.0,0.0,1.0,45.33079999964684,nan,0.6786327719688414
1.0,AINR,gated,496.0,0.0,1.0,0.0,1.0,43.60479999741074,nan,0.6786327719688414
1.0,AINR,gated,497.0,0.0,1.0,0.0,1.0,45.26790000090841,nan,0.6786327719688414
1.0,AINR,gated,498.0,0.0,1.0,0.0,1.0,43.80510000191862,nan,0.6786327719688414
1.0,AINR,gated,499.0,0.0,1.0,0.0,1.0,44.64529999677325,nan,0.6786327719688414
1.0,AINR,gated,500.0,0.0,1.0,0.0,1.0,46.051199999055825,nan,0.6786327719688414
1.0,AINR,gated,501.0,0.0,1.0,0.0,1.0,45.12879999674624,nan,0.6786327719688414
1.0,AINR,gated,502.0,0.0,1.0,0.0,1.0,44.584600000234786,nan,0.6786327719688414
1.0,AINR,gated,503.0,0.0,1.0,0.0,1.0,45.50269999890588,nan,0.6786327719688414
1.0,AINR,gated,504.0,0.0,1.0,0.0,1.0,44.49640000530053,nan,0.6786327719688414
1.0,AINR,gated,505.0,0.0,1.0,0.0,1.0,44.90350000560284,nan,0.6786327719688414
1.0,AINR,gated,506.0,0.0,1.0,0.0,1.0,43.98870000295574,nan,0.6786327719688414
1.0,AINR,gated,507.0,0.0,1.0,0.0,1.0,43.805699999211356,nan,0.6786327719688414
1.0,AINR,gated,508.0,0.0,1.0,0.0,1.0,44.46899999311427,nan,0.6786327719688414
1.0,AINR,gated,509.0,0.0,1.0,0.0,1.0,44.037899999239016,nan,0.6786327719688414
1.0,AINR,gated,510.0,0.0,1.0,0.0,1.0,44.09890000533778,nan,0.6786327719688414
1.0,AINR,gated,511.0,0.0,1.0,0.0,1.0,44.584900002519134,nan,0.6786327719688414
1.0,AINR,gated,512.0,0.0,1.0,0.0,1.0,43.67179999826476,nan,0.6786327719688414
1.0,AINR,gated,513.0,0.0,1.0,0.0,1.0,45.148400000471156,nan,0.6786327719688414
1.0,AINR,gated,514.0,0.0,1.0,0.0,1.0,43.62289999698987,nan,0.6786327719688414
1.0,AINR,gated,515.0,0.0,1.0,0.0,1.0,41.89079999923706,nan,0.6786327719688414
1.0,AINR,gated,516.0,0.0,1.0,0.0,1.0,44.22299999714596,nan,0.6786327719688414
1.0,AINR,gated,517.0,0.0,1.0,0.0,1.0,43.39850000542356,nan,0.6786327719688414
1.0,AINR,gated,518.0,0.0,1.0,0.0,1.0,45.69610000180546,nan,0.6786327719688414
1.0,AINR,gated,519.0,0.0,1.0,0.0,1.0,44.07990000618156,nan,0.6786327719688414
1.0,AINR,gated,520.0,0.0,1.0,0.0,1.0,44.405799999367446,nan,0.6786327719688414
1.0,AINR,gated,521.0,0.0,1.0,0.0,1.0,46.544999997422565,nan,0.6786327719688414
1.0,AINR,gated,522.0,0.0,1.0,0.0,1.0,47.30069999641273,nan,0.6786327719688414
1.0,AINR,gated,523.0,0.0,1.0,0.0,1.0,50.4512000043178,nan,0.6786327719688414
1.0,AINR,gated,524.0,0.0,1.0,0.0,1.0,53.58699999487726,nan,0.6786327719688414
1.0,AINR,gated,525.0,0.0,1.0,0.0,1.0,56.21580000297399,nan,0.6786327719688414
1.0,AINR,gated,526.0,0.0,1.0,0.0,1.0,58.29209999501472,nan,0.6786327719688414
1.0,AINR,gated,527.0,0.0,1.0,0.0,1.0,57.06520000239834,nan,0.6786327719688414
1.0,AINR,gated,528.0,0.0,1.0,0.0,1.0,55.155699999886565,nan,0.6786327719688414
1.0,AINR,gated,529.0,0.0,1.0,0.0,1.0,53.70050000055926,nan,0.6786327719688414
1.0,AINR,gated,530.0,0.0,1.0,0.0,1.0,55.07180000131484,nan,0.6786327719688414
1.0,AINR,gated,531.0,0.0,1.0,0.0,1.0,54.429800002253614,nan,0.6786327719688414
1.0,AINR,gated,532.0,0.0,1.0,0.0,1.0,49.99549999774899,nan,0.6786327719688414
1.0,AINR,gated,533.0,0.0,1.0,0.0,1.0,49.29470000206493,nan,0.6786327719688414
1.0,AINR,gated,534.0,0.0,1.0,0.0,1.0,48.501799996302,nan,0.6786327719688414
1.0,AINR,gated,535.0,0.0,1.0,0.0,1.0,48.51770000095712,nan,0.6786327719688414
1.0,AINR,gated,536.0,0.0,1.0,0.0,1.0,48.770499997772276,nan,0.6786327719688414
1.0,AINR,gated,537.0,0.0,1.0,0.0,1.0,47.46480000176234,nan,0.6786327719688414
1.0,AINR,gated,538.0,0.0,1.0,0.0,1.0,44.08569999941392,nan,0.6786327719688414
1.0,AINR,gated,539.0,0.0,1.0,0.0,1.0,44.924099995114375,nan,0.6786327719688414
1.0,AINR,gated,540.0,0.0,1.0,0.0,1.0,39.41889999987325,nan,0.6786327719688414
1.0,AINR,gated,541.0,0.0,1.0,0.0,1.0,43.47079999570269,nan,0.6786327719688414
1.0,AINR,gated,542.0,0.0,1.0,0.0,1.0,47.404099997947924,nan,0.6786327719688414
1.0,AINR,gated,543.0,0.0,1.0,0.0,1.0,44.76950000389479,nan,0.6786327719688414
1.0,AINR,gated,544.0,0.0,1.0,0.0,1.0,46.53089999919757,nan,0.6786327719688414
1.0,AINR,gated,545.0,0.0,1.0,0.0,1.0,51.286300003994256,nan,0.6786327719688414
1.0,AINR,gated,546.0,0.0,1.0,0.0,1.0,52.41550000209827,nan,0.6786327719688414
1.0,AINR,gated,547.0,0.0,1.0,0.0,1.0,56.38610000460176,nan,0.6786327719688414
1.0,AINR,gated,548.0,0.0,1.0,0.0,1.0,58.53470000147354,nan,0.6786327719688414
1.0,AINR,gated,549.0,0.0,1.0,0.0,1.0,60.07649999810383,nan,0.6786327719688414
1.0,AINR,gated,550.0,0.0,1.0,0.0,1.0,57.15249999775551,nan,0.6786327719688414
1.0,AINR,gated,551.0,0.0,1.0,0.0,1.0,51.52989999623969,nan,0.6786327719688414
1.0,AINR,gated,552.0,0.0,1.0,0.0,1.0,50.965000002179295,nan,0.6786327719688414
1.0,AINR,gated,553.0,0.0,1.0,0.0,1.0,50.633699996978976,nan,0.6786327719688414
1.0,AINR,gated,554.0,0.0,1.0,0.0,1.0,50.217299998621456,nan,0.6786327719688414
1.0,AINR,gated,555.0,0.0,1.0,0.0,1.0,50.739800004521385,nan,0.6786327719688414
1.0,AINR,gated,556.0,0.0,1.0,0.0,1.0,50.215099996421486,nan,0.6786327719688414
1.0,AINR,gated,557.0,0.0,1.0,0.0,1.0,50.15510000521317,nan,0.6786327719688414
1.0,AINR,gated,558.0,0.0,1.0,0.0,1.0,48.82229999930132,nan,0.6786327719688414
1.0,AINR,gated,559.0,0.0,1.0,0.0,1.0,48.04100000183098,nan,0.6786327719688414
1.0,AINR,gated,560.0,0.0,1.0,0.0,1.0,48.838300004717894,nan,0.6786327719688414
1.0,AINR,gated,561.0,0.0,1.0,0.0,1.0,48.369000003731344,nan,0.6786327719688414
1.0,AINR,gated,562.0,0.0,1.0,0.0,1.0,50.81829999835463,nan,0.6786327719688414
1.0,AINR,gated,563.0,0.0,1.0,0.0,1.0,50.113799996324815,nan,0.6786327719688414
1.0,AINR,gated,564.0,0.0,1.0,0.0,1.0,48.400499996205326,nan,0.6786327719688414
1.0,AINR,gated,565.0,0.0,1.0,0.0,1.0,51.69199999363627,nan,0.6786327719688414
1.0,AINR,gated,566.0,0.0,1.0,0.0,1.0,50.745000000461005,nan,0.6786327719688414
1.0,AINR,gated,567.0,0.0,1.0,0.0,1.0,52.32339999929536,nan,0.6786327719688414
1.0,AINR,gated,568.0,0.0,1.0,0.0,1.0,53.42490000475664,nan,0.6786327719688414
1.0,AINR,gated,569.0,0.0,1.0,0.0,1.0,53.40670000441605,nan,0.6786327719688414
1.0,AINR,gated,570.0,0.0,1.0,0.0,1.0,52.85919999732869,nan,0.6786327719688414
1.0,AINR,gated,571.0,0.0,1.0,0.0,1.0,52.414899997529574,nan,0.6786327719688414
1.0,AINR,gated,572.0,0.0,1.0,0.0,1.0,50.573100001201965,nan,0.6786327719688414
1.0,AINR,gated,573.0,0.0,1.0,0.0,1.0,47.902199999953154,nan,0.6786327719688414
1.0,AINR,gated,574.0,0.0,1.0,0.0,1.0,49.871100003656466,nan,0.6786327719688414
1.0,AINR,gated,575.0,0.0,1.0,0.0,1.0,46.31620000145631,nan,0.6786327719688414
1.0,AINR,gated,576.0,0.0,1.0,0.0,1.0,43.52210000070045,nan,0.6786327719688414
1.0,AINR,gated,577.0,0.0,1.0,0.0,1.0,43.268200002785306,nan,0.6786327719688414
1.0,AINR,gated,578.0,0.0,1.0,0.0,1.0,43.54449999664212,nan,0.6786327719688414
1.0,AINR,gated,579.0,0.0,1.0,0.0,1.0,44.855899999674875,nan,0.6786327719688414
1.0,AINR,gated,580.0,0.0,1.0,0.0,1.0,43.721499998355284,nan,0.6786327719688414
1.0,AINR,gated,581.0,0.0,1.0,0.0,1.0,47.393799999554176,nan,0.6786327719688414
1.0,AINR,gated,582.0,0.0,1.0,0.0,1.0,49.329699999361765,nan,0.6786327719688414
1.0,AINR,gated,583.0,0.0,1.0,0.0,1.0,55.540300003485754,nan,0.6786327719688414
1.0,AINR,gated,584.0,0.0,1.0,0.0,1.0,55.40140000084648,nan,0.6786327719688414
1.0,AINR,gated,585.0,0.0,1.0,0.0,1.0,55.310699994151946,nan,0.6786327719688414
1.0,AINR,gated,586.0,0.0,1.0,0.0,1.0,56.89449999772478,nan,0.6786327719688414
1.0,AINR,gated,587.0,0.0,1.0,0.0,1.0,54.996599996229634,nan,0.6786327719688414
1.0,AINR,gated,588.0,0.0,1.0,0.0,1.0,57.90729999716859,nan,0.6786327719688414
1.0,AINR,gated,589.0,0.0,1.0,0.0,1.0,55.317799997283146,nan,0.6786327719688414
1.0,AINR,gated,590.0,0.0,1.0,0.0,1.0,52.271500004280824,nan,0.6786327719688414
1.0,AINR,gated,591.0,0.0,1.0,0.0,1.0,52.64249999891035,nan,0.6786327719688414
1.0,AINR,gated,592.0,0.0,1.0,0.0,1.0,52.765100001124665,nan,0.6786327719688414
1.0,AINR,gated,593.0,0.0,1.0,0.0,1.0,53.118999996513594,nan,0.6786327719688414
1.0,AINR,gated,594.0,0.0,1.0,0.0,1.0,52.250099994125776,nan,0.6786327719688414
1.0,AINR,gated,595.0,0.0,1.0,0.0,1.0,51.93019999569515,nan,0.6786327719688414
1.0,AINR,gated,596.0,0.0,1.0,0.0,1.0,50.98089999955846,nan,0.6786327719688414
1.0,AINR,gated,597.0,0.0,1.0,0.0,1.0,52.51430000498658,nan,0.6786327719688414
1.0,AINR,gated,598.0,0.0,1.0,0.0,1.0,56.83100000169361,nan,0.6786327719688414
1.0,AINR,gated,599.0,0.0,1.0,0.0,1.0,58.86050000117393,nan,0.6786327719688414
1.0,AINR,gated,600.0,0.0,1.0,0.0,1.0,60.95590000040829,nan,0.6786327719688414
1.0,AINR,gated,601.0,0.0,1.0,0.0,1.0,58.94100000296021,nan,0.6786327719688414
1.0,AINR,gated,602.0,0.0,1.0,0.0,1.0,53.16120000497904,nan,0.6786327719688414
1.0,AINR,gated,603.0,0.0,1.0,0.0,1.0,51.28659999900265,nan,0.6786327719688414
1.0,AINR,gated,604.0,0.0,1.0,0.0,1.0,50.379599997540936,nan,0.6786327719688414
1.0,AINR,gated,605.0,0.0,1.0,0.0,1.0,49.537500002770685,nan,0.6786327719688414
1.0,AINR,gated,606.0,0.0,1.0,0.0,1.0,52.28740000165999,nan,0.6786327719688414
1.0,AINR,gated,607.0,0.0,1.0,0.0,1.0,52.09350000222912,nan,0.6786327719688414
1.0,AINR,gated,608.0,0.0,1.0,0.0,1.0,49.57439999998314,nan,0.6786327719688414
1.0,AINR,gated,609.0,0.0,1.0,0.0,1.0,48.4749000024749,nan,0.6786327719688414
1.0,AINR,gated,610.0,0.0,1.0,0.0,1.0,47.76839999976801,nan,0.6786327719688414
1.0,AINR,gated,611.0,0.0,1.0,0.0,1.0,50.621400005184114,nan,0.6786327719688414
1.0,AINR,gated,612.0,0.0,1.0,0.0,1.0,44.6656999993138,nan,0.6786327719688414
1.0,AINR,gated,613.0,0.0,1.0,0.0,1.0,44.1318000011961,nan,0.6786327719688414
1.0,AINR,gated,614.0,0.0,1.0,0.0,1.0,40.01889999926789,nan,0.6786327719688414
1.0,AINR,gated,615.0,0.0,1.0,0.0,1.0,39.92129999824101,nan,0.6786327719688414
1.0,AINR,gated,616.0,0.0,1.0,0.0,1.0,44.80319999856874,nan,0.6786327719688414
1.0,AINR,gated,617.0,0.0,1.0,0.0,1.0,44.647700000496116,nan,0.6786327719688414
1.0,AINR,gated,618.0,0.0,1.0,0.0,1.0,42.431200003193226,nan,0.6786327719688414
1.0,AINR,gated,619.0,0.0,1.0,0.0,1.0,43.64359999453882,nan,0.6786327719688414
1.0,AINR,gated,620.0,0.0,1.0,0.0,1.0,42.005600000265986,nan,0.6786327719688414
1.0,AINR,gated,621.0,0.0,1.0,0.0,1.0,43.59439999825554,nan,0.6786327719688414
1.0,AINR,gated,622.0,0.0,1.0,0.0,1.0,43.22659999888856,nan,0.6786327719688414
1.0,AINR,gated,623.0,0.0,1.0,0.0,1.0,44.13410000415752,nan,0.6786327719688414
1.0,AINR,gated,624.0,0.0,1.0,0.0,1.0,42.94040000240784,nan,0.6786327719688414
1.0,AINR,gated,625.0,0.0,1.0,0.0,1.0,41.31009999400703,nan,0.6786327719688414
1.0,AINR,gated,626.0,0.0,1.0,0.0,1.0,44.77790000237292,nan,0.6786327719688414
1.0,AINR,gated,627.0,0.0,1.0,0.0,1.0,42.07480000331998,nan,0.6786327719688414
1.0,AINR,gated,628.0,0.0,1.0,0.0,1.0,45.42339999898104,nan,0.6786327719688414
1.0,AINR,gated,629.0,0.0,1.0,0.0,1.0,45.31199999473756,nan,0.6786327719688414
1.0,AINR,gated,630.0,0.0,1.0,0.0,1.0,43.78849999920931,nan,0.6786327719688414
1.0,AINR,gated,631.0,0.0,1.0,0.0,1.0,43.82869999972172,nan,0.6786327719688414
1.0,AINR,gated,632.0,0.0,1.0,0.0,1.0,45.480499997211155,nan,0.6786327719688414
1.0,AINR,gated,633.0,0.0,1.0,0.0,1.0,41.47190000367118,nan,0.6786327719688414
1.0,AINR,gated,634.0,0.0,1.0,0.0,1.0,42.680800004745834,nan,0.6786327719688414
1.0,AINR,gated,635.0,0.0,1.0,0.0,1.0,43.72069999953965,nan,0.6786327719688414
1.0,AINR,gated,636.0,0.0,1.0,0.0,1.0,43.479100000695325,nan,0.6786327719688414
1.0,AINR,gated,637.0,0.0,1.0,0.0,1.0,44.85749999730615,nan,0.6786327719688414
1.0,AINR,gated,638.0,0.0,1.0,0.0,1.0,41.74520000378834,nan,0.6786327719688414
1.0,AINR,gated,639.0,0.0,1.0,0.0,1.0,44.44050000165589,nan,0.6786327719688414
1.0,AINR,gated,640.0,0.0,1.0,0.0,1.0,43.67709999496583,nan,0.6786327719688414
1.0,AINR,gated,641.0,0.0,1.0,0.0,1.0,43.205800000578165,nan,0.6786327719688414
1.0,AINR,gated,642.0,0.0,1.0,0.0,1.0,43.070699997770134,nan,0.6786327719688414
1.0,AINR,gated,643.0,0.0,1.0,0.0,1.0,41.53940000105649,nan,0.6786327719688414
1.0,AINR,gated,644.0,0.0,1.0,0.0,1.0,42.78090000298107,nan,0.6786327719688414
1.0,AINR,gated,645.0,0.0,1.0,0.0,1.0,42.635099998733494,nan,0.6786327719688414
1.0,AINR,gated,646.0,0.0,1.0,0.0,1.0,43.984800002363045,nan,0.6786327719688414
1.0,AINR,gated,647.0,0.0,1.0,0.0,1.0,44.29499999969266,nan,0.6786327719688414
1.0,AINR,gated,648.0,0.0,1.0,0.0,1.0,43.36220000550384,nan,0.6786327719688414
1.0,AINR,gated,649.0,0.0,1.0,0.0,1.0,43.22929999761982,nan,0.6786327719688414
1.0,AINR,gated,650.0,0.0,1.0,0.0,1.0,43.72169999987818,nan,0.6786327719688414
1.0,AINR,gated,651.0,0.0,1.0,0.0,1.0,42.36900000250898,nan,0.6786327719688414
1.0,AINR,gated,652.0,0.0,1.0,0.0,1.0,43.47990000678692,nan,0.6786327719688414
1.0,AINR,gated,653.0,0.0,1.0,0.0,1.0,43.90340000099968,nan,0.6786327719688414
1.0,AINR,gated,654.0,0.0,1.0,0.0,1.0,43.9812000040547,nan,0.6786327719688414
1.0,AINR,gated,655.0,0.0,1.0,0.0,1.0,41.14750000007916,nan,0.6786327719688414
1.0,AINR,gated,656.0,0.0,1.0,0.0,1.0,43.63269999885233,nan,0.6786327719688414
1.0,AINR,gated,657.0,0.0,1.0,0.0,1.0,41.449500000453554,nan,0.6786327719688414
1.0,AINR,gated,658.0,0.0,1.0,0.0,1.0,43.9976999987266,nan,0.6786327719688414
1.0,AINR,gated,659.0,0.0,1.0,0.0,1.0,43.98040000523906,nan,0.6786327719688414
1.0,AINR,gated,660.0,0.0,1.0,0.0,1.0,42.9258000003756,nan,0.6786327719688414
1.0,AINR,gated,661.0,0.0,1.0,0.0,1.0,43.811199997435324,nan,0.6786327719688414
1.0,AINR,gated,662.0,0.0,1.0,0.0,1.0,43.3402999988175,nan,0.6786327719688414
1.0,AINR,gated,663.0,0.0,1.0,0.0,1.0,42.50100000353996,nan,0.6786327719688414
1.0,AINR,gated,664.0,0.0,1.0,0.0,1.0,44.77509999560425,nan,0.6786327719688414
1.0,AINR,gated,665.0,0.0,1.0,0.0,1.0,50.37939999601804,nan,0.6786327719688414
1.0,AINR,gated,666.0,0.0,1.0,0.0,1.0,55.40929999551736,nan,0.6786327719688414
1.0,AINR,gated,667.0,0.0,1.0,0.0,1.0,57.4886999966111,nan,0.6786327719688414
1.0,AINR,gated,668.0,0.0,1.0,0.0,1.0,57.48250000033295,nan,0.6786327719688414
1.0,AINR,gated,669.0,0.0,1.0,0.0,1.0,60.45980000635609,nan,0.6786327719688414
1.0,AINR,gated,670.0,0.0,1.0,0.0,1.0,60.33990000287304,nan,0.6786327719688414
1.0,AINR,gated,671.0,0.0,1.0,0.0,1.0,55.25150000175927,nan,0.6786327719688414
1.0,AINR,gated,672.0,0.0,1.0,0.0,1.0,50.86679999658372,nan,0.6786327719688414
1.0,AINR,gated,673.0,0.0,1.0,0.0,1.0,51.37329999706708,nan,0.6786327719688414
1.0,AINR,gated,674.0,0.0,1.0,0.0,1.0,52.68359999899985,nan,0.6786327719688414
1.0,AINR,gated,675.0,0.0,1.0,0.0,1.0,48.72590000013588,nan,0.6786327719688414
1.0,AINR,gated,676.0,0.0,1.0,0.0,1.0,49.14860000280896,nan,0.6786327719688414
1.0,AINR,gated,677.0,0.0,1.0,0.0,1.0,52.36520000471501,nan,0.6786327719688414
1.0,AINR,gated,678.0,0.0,1.0,0.0,1.0,58.1093000000692,nan,0.6786327719688414
1.0,AINR,gated,679.0,0.0,1.0,0.0,1.0,46.34290000103647,nan,0.6786327719688414
1.0,AINR,gated,680.0,0.0,1.0,0.0,1.0,43.323800004145596,nan,0.6786327719688414
1.0,AINR,gated,681.0,0.0,1.0,0.0,1.0,44.027900003129616,nan,0.6786327719688414
1.0,AINR,gated,682.0,0.0,1.0,0.0,1.0,43.66139999910956,nan,0.6786327719688414
1.0,AINR,gated,683.0,0.0,1.0,0.0,1.0,42.04340000433149,nan,0.6786327719688414
1.0,AINR,gated,684.0,0.0,1.0,0.0,1.0,43.36239999975078,nan,0.6786327719688414
1.0,AINR,gated,685.0,0.0,1.0,0.0,1.0,42.93609999876935,nan,0.6786327719688414
1.0,AINR,gated,686.0,0.0,1.0,0.0,1.0,43.41829999611946,nan,0.6786327719688414
1.0,AINR,gated,687.0,0.0,1.0,0.0,1.0,44.1900000005262,nan,0.6786327719688414
1.0,AINR,gated,688.0,0.0,1.0,0.0,1.0,45.05989999597659,nan,0.6786327719688414
1.0,AINR,gated,689.0,0.0,1.0,0.0,1.0,45.870199995988514,nan,0.6786327719688414
1.0,AINR,gated,690.0,0.0,1.0,0.0,1.0,44.67599999770755,nan,0.6786327719688414
1.0,AINR,gated,691.0,0.0,1.0,0.0,1.0,43.71269999683136,nan,0.6786327719688414
1.0,AINR,gated,692.0,0.0,1.0,0.0,1.0,44.11940000136383,nan,0.6786327719688414
1.0,AINR,gated,693.0,0.0,1.0,0.0,1.0,44.96099999960279,nan,0.6786327719688414
1.0,AINR,gated,694.0,0.0,1.0,0.0,1.0,45.199400003184564,nan,0.6786327719688414
1.0,AINR,gated,695.0,0.0,1.0,0.0,1.0,44.78230000677286,nan,0.6786327719688414
1.0,AINR,gated,696.0,0.0,1.0,0.0,1.0,43.03779999463586,nan,0.6786327719688414
1.0,AINR,gated,697.0,0.0,1.0,0.0,1.0,45.475399994757026,nan,0.6786327719688414
1.0,AINR,gated,698.0,0.0,1.0,0.0,1.0,45.23829999379814,nan,0.6786327719688414
1.0,AINR,gated,699.0,0.0,1.0,0.0,1.0,44.14779999933671,nan,0.6786327719688414
1.0,AINR,gated,700.0,0.0,1.0,0.0,1.0,43.52189999917755,nan,0.6786327719688414
1.0,AINR,gated,701.0,0.0,1.0,0.0,1.0,46.210400003474206,nan,0.6786327719688414
1.0,AINR,gated,702.0,0.0,1.0,0.0,1.0,44.251299994357396,nan,0.6786327719688414
1.0,AINR,gated,703.0,0.0,1.0,0.0,1.0,44.226500001968816,nan,0.6786327719688414
1.0,AINR,gated,704.0,0.0,1.0,0.0,1.0,41.950099999667145,nan,0.6786327719688414
1.0,AINR,gated,705.0,0.0,1.0,0.0,1.0,43.53629999968689,nan,0.6786327719688414
1.0,AINR,gated,706.0,0.0,1.0,0.0,1.0,43.31139999703737,nan,0.6786327719688414
1.0,AINR,gated,707.0,0.0,1.0,0.0,1.0,43.830000002344605,nan,0.6786327719688414
1.0,AINR,gated,708.0,0.0,1.0,0.0,1.0,48.235900001600385,nan,0.6786327719688414
1.0,AINR,gated,709.0,0.0,1.0,0.0,1.0,52.46579999948153,nan,0.6786327719688414
1.0,AINR,gated,710.0,0.0,1.0,0.0,1.0,53.587900001730304,nan,0.6786327719688414
1.0,AINR,gated,711.0,0.0,1.0,0.0,1.0,59.17570000019623,nan,0.6786327719688414
1.0,AINR,gated,712.0,0.0,1.0,0.0,1.0,57.27840000326978,nan,0.6786327719688414
1.0,AINR,gated,713.0,0.0,1.0,0.0,1.0,53.65160000656033,nan,0.6786327719688414
1.0,AINR,gated,714.0,0.0,1.0,0.0,1.0,58.20989999483572,nan,0.6786327719688414
1.0,AINR,gated,715.0,0.0,1.0,0.0,1.0,61.58619999769144,nan,0.6786327719688414
1.0,AINR,gated,716.0,0.0,1.0,0.0,1.0,56.11640000279294,nan,0.6786327719688414
1.0,AINR,gated,717.0,0.0,1.0,0.0,1.0,53.36469999747351,nan,0.6786327719688414
1.0,AINR,gated,718.0,0.0,1.0,0.0,1.0,51.66070000268519,nan,0.6786327719688414
1.0,AINR,gated,719.0,0.0,1.0,0.0,1.0,51.86569999932544,nan,0.6786327719688414
1.0,AINR,gated,720.0,0.0,1.0,0.0,1.0,50.418400001944974,nan,0.6786327719688414
1.0,AINR,gated,721.0,0.0,1.0,0.0,1.0,47.20909999741707,nan,0.6786327719688414
1.0,AINR,gated,722.0,0.0,1.0,0.0,1.0,50.773900002241135,nan,0.6786327719688414
1.0,AINR,gated,723.0,0.0,1.0,0.0,1.0,45.80519999581156,nan,0.6786327719688414
1.0,AINR,gated,724.0,0.0,1.0,0.0,1.0,44.3784000017331,nan,0.6786327719688414
1.0,AINR,gated,725.0,0.0,1.0,0.0,1.0,44.751699999324046,nan,0.6786327719688414
1.0,AINR,gated,726.0,0.0,1.0,0.0,1.0,41.023300000233576,nan,0.6786327719688414
1.0,AINR,gated,727.0,0.0,1.0,0.0,1.0,43.93819999677362,nan,0.6786327719688414
1.0,AINR,gated,728.0,0.0,1.0,0.0,1.0,50.34919999889098,nan,0.6786327719688414
1.0,AINR,gated,729.0,0.0,1.0,0.0,1.0,55.482399999164045,nan,0.6786327719688414
1.0,AINR,gated,730.0,0.0,1.0,0.0,1.0,54.287300001305994,nan,0.6786327719688414
1.0,AINR,gated,731.0,0.0,1.0,0.0,1.0,56.5747000000556,nan,0.6786327719688414
1.0,AINR,gated,732.0,0.0,1.0,0.0,1.0,54.56219999905443,nan,0.6786327719688414
1.0,AINR,gated,733.0,0.0,1.0,0.0,1.0,56.493600000976585,nan,0.6786327719688414
1.0,AINR,gated,734.0,0.0,1.0,0.0,1.0,58.151099998212885,nan,0.6786327719688414
1.0,AINR,gated,735.0,0.0,1.0,0.0,1.0,61.76269999559736,nan,0.6786327719688414
1.0,AINR,gated,736.0,0.0,1.0,0.0,1.0,59.12040000112029,nan,0.6786327719688414
1.0,AINR,gated,737.0,0.0,1.0,0.0,1.0,56.66259999998147,nan,0.6786327719688414
1.0,AINR,gated,738.0,0.0,1.0,0.0,1.0,51.60810000234051,nan,0.6786327719688414
1.0,AINR,gated,739.0,0.0,1.0,0.0,1.0,50.781799996912014,nan,0.6786327719688414
1.0,AINR,gated,740.0,0.0,1.0,0.0,1.0,51.06139999406878,nan,0.6786327719688414
1.0,AINR,gated,741.0,0.0,1.0,0.0,1.0,54.132400000526104,nan,0.6786327719688414
1.0,AINR,gated,742.0,0.0,1.0,0.0,1.0,50.115799997001886,nan,0.6786327719688414
1.0,AINR,gated,743.0,0.0,1.0,0.0,1.0,53.05700000462821,nan,0.6786327719688414
1.0,AINR,gated,744.0,0.0,1.0,0.0,1.0,51.4439999969909,nan,0.6786327719688414
1.0,AINR,gated,745.0,0.0,1.0,0.0,1.0,51.48379999445751,nan,0.6786327719688414
1.0,AINR,gated,746.0,0.0,1.0,0.0,1.0,50.02539999986766,nan,0.6786327719688414
1.0,AINR,gated,747.0,0.0,1.0,0.0,1.0,52.1736000009696,nan,0.6786327719688414
1.0,AINR,gated,748.0,0.0,1.0,0.0,1.0,50.3513000003295,nan,0.6786327719688414
1.0,AINR,gated,749.0,0.0,1.0,0.0,1.0,52.525899998727255,nan,0.6786327719688414
1.0,AINR,gated,750.0,0.0,1.0,0.0,1.0,54.72969999391353,nan,0.6786327719688414
1.0,AINR,gated,751.0,0.0,1.0,0.0,1.0,57.9894000038621,nan,0.6786327719688414
1.0,AINR,gated,752.0,0.0,1.0,0.0,1.0,54.61029999423772,nan,0.6786327719688414
1.0,AINR,gated,753.0,0.0,1.0,0.0,1.0,55.419599993911106,nan,0.6786327719688414
1.0,AINR,gated,754.0,0.0,1.0,0.0,1.0,53.70550000225194,nan,0.6786327719688414
1.0,AINR,gated,755.0,0.0,1.0,0.0,1.0,55.6700999950408,nan,0.6786327719688414
1.0,AINR,gated,756.0,0.0,1.0,0.0,1.0,54.81300000246847,nan,0.6786327719688414
1.0,AINR,gated,757.0,0.0,1.0,0.0,1.0,52.44919999677222,nan,0.6786327719688414
1.0,AINR,gated,758.0,0.0,1.0,0.0,1.0,52.83690000214847,nan,0.6786327719688414
1.0,AINR,gated,759.0,0.0,1.0,0.0,1.0,50.57659999874886,nan,0.6786327719688414
1.0,AINR,gated,760.0,0.0,1.0,0.0,1.0,54.727299997466616,nan,0.6786327719688414
1.0,AINR,gated,761.0,0.0,1.0,0.0,1.0,52.34979999659117,nan,0.6786327719688414
1.0,AINR,gated,762.0,0.0,1.0,0.0,1.0,52.477799996268004,nan,0.6786327719688414
1.0,AINR,gated,763.0,0.0,1.0,0.0,1.0,52.5192999994033,nan,0.6786327719688414
1.0,AINR,gated,764.0,0.0,1.0,0.0,1.0,49.4955000031041,nan,0.6786327719688414
1.0,AINR,gated,765.0,0.0,1.0,0.0,1.0,50.94509999617003,nan,0.6786327719688414
1.0,AINR,gated,766.0,0.0,1.0,0.0,1.0,47.83329999918351,nan,0.6786327719688414
1.0,AINR,gated,767.0,0.0,1.0,0.0,1.0,44.54049999912968,nan,0.6786327719688414
1.0,AINR,gated,768.0,0.0,1.0,0.0,1.0,43.47730000154115,nan,0.6786327719688414
1.0,AINR,gated,769.0,0.0,1.0,0.0,1.0,45.15309999987949,nan,0.6786327719688414
1.0,AINR,gated,770.0,0.0,1.0,0.0,1.0,43.55430000578053,nan,0.6786327719688414
1.0,AINR,gated,771.0,0.0,1.0,0.0,1.0,43.273999996017665,nan,0.6786327719688414
1.0,AINR,gated,772.0,0.0,1.0,0.0,1.0,44.064599998819176,nan,0.6786327719688414
1.0,AINR,gated,773.0,0.0,1.0,0.0,1.0,44.47559999971418,nan,0.6786327719688414
1.0,AINR,gated,774.0,0.0,1.0,0.0,1.0,43.66129999834811,nan,0.6786327719688414
1.0,AINR,gated,775.0,0.0,1.0,0.0,1.0,45.03329999715788,nan,0.6786327719688414
1.0,AINR,gated,776.0,0.0,1.0,0.0,1.0,43.11210000014398,nan,0.6786327719688414
1.0,AINR,gated,777.0,0.0,1.0,0.0,1.0,41.38299999613082,nan,0.6786327719688414
1.0,AINR,gated,778.0,0.0,1.0,0.0,1.0,43.61620000418043,nan,0.6786327719688414
1.0,AINR,gated,779.0,0.0,1.0,0.0,1.0,44.962200001464225,nan,0.6786327719688414
1.0,AINR,gated,780.0,0.0,1.0,0.0,1.0,42.511100000410806,nan,0.6786327719688414
1.0,AINR,gated,781.0,0.0,1.0,0.0,1.0,43.870700006664265,nan,0.6786327719688414
1.0,AINR,gated,782.0,0.0,1.0,0.0,1.0,44.99609999766108,nan,0.6786327719688414
1.0,AINR,gated,783.0,0.0,1.0,0.0,1.0,46.0257000013371,nan,0.6786327719688414
1.0,AINR,gated,784.0,0.0,1.0,0.0,1.0,44.43380000157049,nan,0.6786327719688414
1.0,AINR,gated,785.0,0.0,1.0,0.0,1.0,44.77090000000317,nan,0.6786327719688414
1.0,AINR,gated,786.0,0.0,1.0,0.0,1.0,45.191700002760626,nan,0.6786327719688414
1.0,AINR,gated,787.0,0.0,1.0,0.0,1.0,43.89959999389248,nan,0.6786327719688414
1.0,AINR,gated,788.0,0.0,1.0,0.0,1.0,43.06950000318466,nan,0.6786327719688414
1.0,AINR,gated,789.0,0.0,1.0,0.0,1.0,43.85999999794876,nan,0.6786327719688414
1.0,AINR,gated,790.0,0.0,1.0,0.0,1.0,43.23959999601357,nan,0.6786327719688414
1.0,AINR,gated,791.0,0.0,1.0,0.0,1.0,44.58899999735877,nan,0.6786327719688414
1.0,AINR,gated,792.0,0.0,1.0,0.0,1.0,44.72399999940535,nan,0.6786327719688414
1.0,AINR,gated,793.0,0.0,1.0,0.0,1.0,44.062100001610816,nan,0.6786327719688414
1.0,AINR,gated,794.0,0.0,1.0,0.0,1.0,44.73860000143759,nan,0.6786327719688414
1.0,AINR,gated,795.0,0.0,1.0,0.0,1.0,43.83110000344459,nan,0.6786327719688414
1.0,AINR,gated,796.0,0.0,1.0,0.0,1.0,42.58759999356698,nan,0.6786327719688414
1.0,AINR,gated,797.0,0.0,1.0,0.0,1.0,43.32579999754671,nan,0.6786327719688414
1.0,AINR,gated,798.0,0.0,1.0,0.0,1.0,42.741400000522844,nan,0.6786327719688414
1.0,AINR,gated,799.0,0.0,1.0,0.0,1.0,43.34689999814145,nan,0.6786327719688414
1.0,AINR,gated,800.0,0.0,1.0,0.0,1.0,42.27820000232896,nan,0.6786327719688414
1.0,AINR,gated,801.0,0.0,1.0,0.0,1.0,42.94579999987036,nan,0.6786327719688414
1.0,AINR,gated,802.0,0.0,1.0,0.0,1.0,43.17889999947511,nan,0.6786327719688414
1.0,AINR,gated,803.0,0.0,1.0,0.0,1.0,43.21489999711048,nan,0.6786327719688414
1.0,AINR,gated,804.0,0.0,1.0,0.0,1.0,45.330200002354104,nan,0.6786327719688414
1.0,AINR,gated,805.0,0.0,1.0,0.0,1.0,44.90349999832688,nan,0.6786327719688414
1.0,AINR,gated,806.0,0.0,1.0,0.0,1.0,43.61909999715863,nan,0.6786327719688414
1.0,AINR,gated,807.0,0.0,1.0,0.0,1.0,44.75269999966258,nan,0.6786327719688414
1.0,AINR,gated,808.0,0.0,1.0,0.0,1.0,45.14799999742536,nan,0.6786327719688414
1.0,AINR,gated,809.0,0.0,1.0,0.0,1.0,45.26890000124695,nan,0.6786327719688414
1.0,AINR,gated,810.0,0.0,1.0,0.0,1.0,49.73959999915678,nan,0.6786327719688414
1.0,AINR,gated,811.0,0.0,1.0,0.0,1.0,55.56349999824306,nan,0.6786327719688414
1.0,AINR,gated,812.0,0.0,1.0,0.0,1.0,55.707200001052115,nan,0.6786327719688414
1.0,AINR,gated,813.0,0.0,1.0,0.0,1.0,53.74119999760296,nan,0.6786327719688414
1.0,AINR,gated,814.0,0.0,1.0,0.0,1.0,57.047599999350496,nan,0.6786327719688414
1.0,AINR,gated,815.0,0.0,1.0,0.0,1.0,56.99119999917457,nan,0.6786327719688414
1.0,AINR,gated,816.0,0.0,1.0,0.0,1.0,58.09009999939008,nan,0.6786327719688414
1.0,AINR,gated,817.0,0.0,1.0,0.0,1.0,61.5951999934623,nan,0.6786327719688414
1.0,AINR,gated,818.0,0.0,1.0,0.0,1.0,53.566099995805416,nan,0.6786327719688414
1.0,AINR,gated,819.0,0.0,1.0,0.0,1.0,51.340699996217154,nan,0.6786327719688414
1.0,AINR,gated,820.0,0.0,1.0,0.0,1.0,50.86049999954412,nan,0.6786327719688414
1.0,AINR,gated,821.0,0.0,1.0,0.0,1.0,52.18599999352591,nan,0.6786327719688414
1.0,AINR,gated,822.0,0.0,1.0,0.0,1.0,48.647899995557964,nan,0.6786327719688414
1.0,AINR,gated,823.0,0.0,1.0,0.0,1.0,49.88640000374289,nan,0.6786327719688414
1.0,AINR,gated,824.0,0.0,1.0,0.0,1.0,44.933699995453935,nan,0.6786327719688414
1.0,AINR,gated,825.0,0.0,1.0,0.0,1.0,42.763099998410325,nan,0.6786327719688414
1.0,AINR,gated,826.0,0.0,1.0,0.0,1.0,42.90789999504341,nan,0.6786327719688414
1.0,AINR,gated,827.0,0.0,1.0,0.0,1.0,43.75540000182809,nan,0.6786327719688414
1.0,AINR,gated,828.0,0.0,1.0,0.0,1.0,43.60820000147214,nan,0.6786327719688414
1.0,AINR,gated,829.0,0.0,1.0,0.0,1.0,42.62709999602521,nan,0.6786327719688414
1.0,AINR,gated,830.0,0.0,1.0,0.0,1.0,41.20819999661762,nan,0.6786327719688414
1.0,AINR,gated,831.0,0.0,1.0,0.0,1.0,42.886399998678826,nan,0.6786327719688414
1.0,AINR,gated,832.0,0.0,1.0,0.0,1.0,43.96160000032978,nan,0.6786327719688414
1.0,AINR,gated,833.0,0.0,1.0,0.0,1.0,43.350600004487205,nan,0.6786327719688414
1.0,AINR,gated,834.0,0.0,1.0,0.0,1.0,43.20510000252398,nan,0.6786327719688414
1.0,AINR,gated,835.0,0.0,1.0,0.0,1.0,43.114499996590894,nan,0.6786327719688414
1.0,AINR,gated,836.0,0.0,1.0,0.0,1.0,44.8370000012801,nan,0.6786327719688414
1.0,AINR,gated,837.0,0.0,1.0,0.0,1.0,42.06509999494301,nan,0.6786327719688414
1.0,AINR,gated,838.0,0.0,1.0,0.0,1.0,46.061000000918284,nan,0.6786327719688414
1.0,AINR,gated,839.0,0.0,1.0,0.0,1.0,44.350199998007156,nan,0.6786327719688414
1.0,AINR,gated,840.0,0.0,1.0,0.0,1.0,44.6762999999919,nan,0.6786327719688414
1.0,AINR,gated,841.0,0.0,1.0,0.0,1.0,44.13339999882737,nan,0.6786327719688414
1.0,AINR,gated,842.0,0.0,1.0,0.0,1.0,44.194600006449036,nan,0.6786327719688414
1.0,AINR,gated,843.0,0.0,1.0,0.0,1.0,44.29069999605417,nan,0.6786327719688414
1.0,AINR,gated,844.0,0.0,1.0,0.0,1.0,44.27469999791356,nan,0.6786327719688414
1.0,AINR,gated,845.0,0.0,1.0,0.0,1.0,45.63330000382848,nan,0.6786327719688414
1.0,AINR,gated,846.0,0.0,1.0,0.0,1.0,42.869400000199676,nan,0.6786327719688414
1.0,AINR,gated,847.0,0.0,1.0,0.0,1.0,44.20830000162823,nan,0.6786327719688414
1.0,AINR,gated,848.0,0.0,1.0,0.0,1.0,47.47680000582477,nan,0.6786327719688414
1.0,AINR,gated,849.0,0.0,1.0,0.0,1.0,42.67950000212295,nan,0.6786327719688414
1.0,AINR,gated,850.0,0.0,1.0,0.0,1.0,48.3442999975523,nan,0.6786327719688414
1.0,AINR,gated,851.0,0.0,1.0,0.0,1.0,52.557499999238644,nan,0.6786327719688414
1.0,AINR,gated,852.0,0.0,1.0,0.0,1.0,53.47079999773996,nan,0.6786327719688414
1.0,AINR,gated,853.0,0.0,1.0,0.0,1.0,59.03350000153296,nan,0.6786327719688414
1.0,AINR,gated,854.0,0.0,1.0,0.0,1.0,58.90120000549359,nan,0.6786327719688414
1.0,AINR,gated,855.0,0.0,1.0,0.0,1.0,59.79579999984708,nan,0.6786327719688414
1.0,AINR,gated,856.0,0.0,1.0,0.0,1.0,56.21019999671262,nan,0.6786327719688414
1.0,AINR,gated,857.0,0.0,1.0,0.0,1.0,51.83699999906821,nan,0.6786327719688414
1.0,AINR,gated,858.0,0.0,1.0,0.0,1.0,49.57799999829149,nan,0.6786327719688414
1.0,AINR,gated,859.0,0.0,1.0,0.0,1.0,53.54539999825647,nan,0.6786327719688414
1.0,AINR,gated,860.0,0.0,1.0,0.0,1.0,52.588599995942786,nan,0.6786327719688414
1.0,AINR,gated,861.0,0.0,1.0,0.0,1.0,49.9132000040845,nan,0.6786327719688414
1.0,AINR,gated,862.0,0.0,1.0,0.0,1.0,49.818100000265986,nan,0.6786327719688414
1.0,AINR,gated,863.0,0.0,1.0,0.0,1.0,52.74869999993825,nan,0.6786327719688414
1.0,AINR,gated,864.0,0.0,1.0,0.0,1.0,52.003199998580385,nan,0.6786327719688414
1.0,AINR,gated,865.0,0.0,1.0,0.0,1.0,52.07650000374997,nan,0.6786327719688414
1.0,AINR,gated,866.0,0.0,1.0,0.0,1.0,51.21159999544034,nan,0.6786327719688414
1.0,AINR,gated,867.0,0.0,1.0,0.0,1.0,50.30850000184728,nan,0.6786327719688414
1.0,AINR,gated,868.0,0.0,1.0,0.0,1.0,52.03179999807617,nan,0.6786327719688414
1.0,AINR,gated,869.0,0.0,1.0,0.0,1.0,50.778700002410915,nan,0.6786327719688414
1.0,AINR,gated,870.0,0.0,1.0,0.0,1.0,48.90509999677306,nan,0.6786327719688414
1.0,AINR,gated,871.0,0.0,1.0,0.0,1.0,48.75300000276184,nan,0.6786327719688414
1.0,AINR,gated,872.0,0.0,1.0,0.0,1.0,51.43510000198148,nan,0.6786327719688414
1.0,AINR,gated,873.0,0.0,1.0,0.0,1.0,49.70280000270577,nan,0.6786327719688414
1.0,AINR,gated,874.0,0.0,1.0,0.0,1.0,49.55770000378834,nan,0.6786327719688414
1.0,AINR,gated,875.0,0.0,1.0,0.0,1.0,51.487899996573105,nan,0.6786327719688414
1.0,AINR,gated,876.0,0.0,1.0,0.0,1.0,53.0395999958273,nan,0.6786327719688414
1.0,AINR,gated,877.0,0.0,1.0,0.0,1.0,51.482800001394935,nan,0.6786327719688414
1.0,AINR,gated,878.0,0.0,1.0,0.0,1.0,49.582900006498676,nan,0.6786327719688414
1.0,AINR,gated,879.0,0.0,1.0,0.0,1.0,37.218399993435014,nan,0.6786327719688414
1.0,AINR,gated,880.0,0.0,1.0,0.0,1.0,49.4299999991199,nan,0.6786327719688414
1.0,AINR,gated,881.0,0.0,1.0,0.0,1.0,46.15829999966081,nan,0.6786327719688414
1.0,AINR,gated,882.0,0.0,1.0,0.0,1.0,43.016700001317076,nan,0.6786327719688414
1.0,AINR,gated,883.0,0.0,1.0,0.0,1.0,44.1962999975658,nan,0.6786327719688414
1.0,AINR,gated,884.0,0.0,1.0,0.0,1.0,44.44800000055693,nan,0.6786327719688414
1.0,AINR,gated,885.0,0.0,1.0,0.0,1.0,44.92420000315178,nan,0.6786327719688414
1.0,AINR,gated,886.0,0.0,1.0,0.0,1.0,44.41380000207573,nan,0.6786327719688414
1.0,AINR,gated,887.0,0.0,1.0,0.0,1.0,42.75760000018636,nan,0.6786327719688414
1.0,AINR,gated,888.0,0.0,1.0,0.0,1.0,49.23370000324212,nan,0.6786327719688414
1.0,AINR,gated,889.0,0.0,1.0,0.0,1.0,43.406500000855885,nan,0.6786327719688414
1.0,AINR,gated,890.0,0.0,1.0,0.0,1.0,44.55880000023171,nan,0.6786327719688414
1.0,AINR,gated,891.0,0.0,1.0,0.0,1.0,44.89859999739565,nan,0.6786327719688414
1.0,AINR,gated,892.0,0.0,1.0,0.0,1.0,44.48679999768501,nan,0.6786327719688414
1.0,AINR,gated,893.0,0.0,1.0,0.0,1.0,43.986800003040116,nan,0.6786327719688414
1.0,AINR,gated,894.0,0.0,1.0,0.0,1.0,44.265099997574,nan,0.6786327719688414
1.0,AINR,gated,895.0,0.0,1.0,0.0,1.0,43.684700001904275,nan,0.6786327719688414
1.0,AINR,gated,896.0,0.0,1.0,0.0,1.0,41.698499997437466,nan,0.6786327719688414
1.0,AINR,gated,897.0,0.0,1.0,0.0,1.0,44.42269999708515,nan,0.6786327719688414
1.0,AINR,gated,898.0,0.0,1.0,0.0,1.0,44.55959999904735,nan,0.6786327719688414
1.0,AINR,gated,899.0,0.0,1.0,0.0,1.0,43.26770000625402,nan,0.6786327719688414
1.0,AINR,gated,900.0,0.0,1.0,0.0,1.0,43.435999999928754,nan,0.6786327719688414
1.0,AINR,gated,901.0,0.0,1.0,0.0,1.0,43.457100000523496,nan,0.6786327719688414
1.0,AINR,gated,902.0,0.0,1.0,0.0,1.0,43.44929999933811,nan,0.6786327719688414
1.0,AINR,gated,903.0,0.0,1.0,0.0,1.0,43.106000004627276,nan,0.6786327719688414
1.0,AINR,gated,904.0,0.0,1.0,0.0,1.0,43.850099995324854,nan,0.6786327719688414
1.0,AINR,gated,905.0,0.0,1.0,0.0,1.0,44.316200001048855,nan,0.6786327719688414
1.0,AINR,gated,906.0,0.0,1.0,0.0,1.0,43.07459999836283,nan,0.6786327719688414
1.0,AINR,gated,907.0,0.0,1.0,0.0,1.0,44.93739999452373,nan,0.6786327719688414
1.0,AINR,gated,908.0,0.0,1.0,0.0,1.0,44.483199999376666,nan,0.6786327719688414
1.0,AINR,gated,909.0,0.0,1.0,0.0,1.0,43.41650000424124,nan,0.6786327719688414
1.0,AINR,gated,910.0,0.0,1.0,0.0,1.0,41.97579999890877,nan,0.6786327719688414
1.0,AINR,gated,911.0,0.0,1.0,0.0,1.0,45.025100000202656,nan,0.6786327719688414
1.0,AINR,gated,912.0,0.0,1.0,0.0,1.0,44.08440000406699,nan,0.6786327719688414
1.0,AINR,gated,913.0,0.0,1.0,0.0,1.0,44.62799999600975,nan,0.6786327719688414
1.0,AINR,gated,914.0,0.0,1.0,0.0,1.0,43.46510000323178,nan,0.6786327719688414
1.0,AINR,gated,915.0,0.0,1.0,0.0,1.0,42.10880000027828,nan,0.6786327719688414
1.0,AINR,gated,916.0,0.0,1.0,0.0,1.0,44.642400003795046,nan,0.6786327719688414
1.0,AINR,gated,917.0,0.0,1.0,0.0,1.0,45.831000003090594,nan,0.6786327719688414
1.0,AINR,gated,918.0,0.0,1.0,0.0,1.0,42.939400002069306,nan,0.6786327719688414
1.0,AINR,gated,919.0,0.0,1.0,0.0,1.0,44.19169999891892,nan,0.6786327719688414
1.0,AINR,gated,920.0,0.0,1.0,0.0,1.0,43.714200000977144,nan,0.6786327719688414
1.0,AINR,gated,921.0,0.0,1.0,0.0,1.0,43.95789999398403,nan,0.6786327719688414
1.0,AINR,gated,922.0,0.0,1.0,0.0,1.0,43.227999994996935,nan,0.6786327719688414
1.0,AINR,gated,923.0,0.0,1.0,0.0,1.0,44.18480000458658,nan,0.6786327719688414
1.0,AINR,gated,924.0,0.0,1.0,0.0,1.0,43.27980000380194,nan,0.6786327719688414
1.0,AINR,gated,925.0,0.0,1.0,0.0,1.0,43.571899994276464,nan,0.6786327719688414
1.0,AINR,gated,926.0,0.0,1.0,0.0,1.0,43.34470000321744,nan,0.6786327719688414
1.0,AINR,gated,927.0,0.0,1.0,0.0,1.0,43.72239999793237,nan,0.6786327719688414
1.0,AINR,gated,928.0,0.0,1.0,0.0,1.0,43.130700003530364,nan,0.6786327719688414
1.0,AINR,gated,929.0,0.0,1.0,0.0,1.0,41.90329999983078,nan,0.6786327719688414
1.0,AINR,gated,930.0,0.0,1.0,0.0,1.0,43.67249999631895,nan,0.6786327719688414
1.0,AINR,gated,931.0,0.0,1.0,0.0,1.0,44.0080999978818,nan,0.6786327719688414
1.0,AINR,gated,932.0,0.0,1.0,0.0,1.0,44.01390000566607,nan,0.6786327719688414
1.0,AINR,gated,933.0,0.0,1.0,0.0,1.0,41.44559999986086,nan,0.6786327719688414
1.0,AINR,gated,934.0,0.0,1.0,0.0,1.0,42.96910000266507,nan,0.6786327719688414
1.0,AINR,gated,935.0,0.0,1.0,0.0,1.0,44.06600000220351,nan,0.6786327719688414
1.0,AINR,gated,936.0,0.0,1.0,0.0,1.0,40.87870000512339,nan,0.6786327719688414
1.0,AINR,gated,937.0,0.0,1.0,0.0,1.0,40.51210000034189,nan,0.6786327719688414
1.0,AINR,gated,938.0,0.0,1.0,0.0,1.0,42.57639999559615,nan,0.6786327719688414
1.0,AINR,gated,939.0,0.0,1.0,0.0,1.0,42.49030000210041,nan,0.6786327719688414
1.0,AINR,gated,940.0,0.0,1.0,0.0,1.0,43.66069999377942,nan,0.6786327719688414
1.0,AINR,gated,941.0,0.0,1.0,0.0,1.0,42.10129999410128,nan,0.6786327719688414
1.0,AINR,gated,942.0,0.0,1.0,0.0,1.0,43.26040000159992,nan,0.6786327719688414
1.0,AINR,gated,943.0,0.0,1.0,0.0,1.0,44.185899998410605,nan,0.6786327719688414
1.0,AINR,gated,944.0,0.0,1.0,0.0,1.0,42.08769999968354,nan,0.6786327719688414
1.0,AINR,gated,945.0,0.0,1.0,0.0,1.0,43.99290000583278,nan,0.6786327719688414
1.0,AINR,gated,946.0,0.0,1.0,0.0,1.0,42.896300001302734,nan,0.6786327719688414
1.0,AINR,gated,947.0,0.0,1.0,0.0,1.0,45.00960000586929,nan,0.6786327719688414
1.0,AINR,gated,948.0,0.0,1.0,0.0,1.0,44.29080000409158,nan,0.6786327719688414
1.0,AINR,gated,949.0,0.0,1.0,0.0,1.0,44.73919999873033,nan,0.6786327719688414
1.0,AINR,gated,950.0,0.0,1.0,0.0,1.0,42.58249999838881,nan,0.6786327719688414
1.0,AINR,gated,951.0,0.0,1.0,0.0,1.0,44.402400002582,nan,0.6786327719688414
1.0,AINR,gated,952.0,0.0,1.0,0.0,1.0,42.76370000297902,nan,0.6786327719688414
1.0,AINR,gated,953.0,0.0,1.0,0.0,1.0,42.46160000184318,nan,0.6786327719688414
1.0,AINR,gated,954.0,0.0,1.0,0.0,1.0,44.079100000089966,nan,0.6786327719688414
1.0,AINR,gated,955.0,0.0,1.0,0.0,1.0,48.85330000251997,nan,0.6786327719688414
1.0,AINR,gated,956.0,0.0,1.0,0.0,1.0,52.73440000019036,nan,0.6786327719688414
1.0,AINR,gated,957.0,0.0,1.0,0.0,1.0,55.034600001818035,nan,0.6786327719688414
1.0,AINR,gated,958.0,0.0,1.0,0.0,1.0,58.281999998143874,nan,0.6786327719688414
1.0,AINR,gated,959.0,0.0,1.0,0.0,1.0,56.63800000183983,nan,0.6786327719688414
1.0,AINR,gated,960.0,0.0,1.0,0.0,1.0,58.05639999744017,nan,0.6786327719688414
1.0,AINR,gated,961.0,0.0,1.0,0.0,1.0,57.82899999758229,nan,0.6786327719688414
1.0,AINR,gated,962.0,0.0,1.0,0.0,1.0,57.57900000025984,nan,0.6786327719688414
1.0,AINR,gated,963.0,0.0,1.0,0.0,1.0,58.3550999945146,nan,0.6786327719688414
1.0,AINR,gated,964.0,0.0,1.0,0.0,1.0,52.21300000266638,nan,0.6786327719688414
1.0,AINR,gated,965.0,0.0,1.0,0.0,1.0,50.89130000123987,nan,0.6786327719688414
1.0,AINR,gated,966.0,0.0,1.0,0.0,1.0,50.86739999387646,nan,0.6786327719688414
1.0,AINR,gated,967.0,0.0,1.0,0.0,1.0,50.116200000047684,nan,0.6786327719688414
1.0,AINR,gated,968.0,0.0,1.0,0.0,1.0,48.66359999869019,nan,0.6786327719688414
1.0,AINR,gated,969.0,0.0,1.0,0.0,1.0,47.13029999402352,nan,0.6786327719688414
1.0,AINR,gated,970.0,0.0,1.0,0.0,1.0,47.88410000037402,nan,0.6786327719688414
1.0,AINR,gated,971.0,0.0,1.0,0.0,1.0,50.20119999971939,nan,0.6786327719688414
1.0,AINR,gated,972.0,0.0,1.0,0.0,1.0,49.51150000124471,nan,0.6786327719688414
1.0,AINR,gated,973.0,0.0,1.0,0.0,1.0,53.86510000244016,nan,0.6786327719688414
1.0,AINR,gated,974.0,0.0,1.0,0.0,1.0,45.58589999942342,nan,0.6786327719688414
1.0,AINR,gated,975.0,0.0,1.0,0.0,1.0,44.54059999989113,nan,0.6786327719688414
1.0,AINR,gated,976.0,0.0,1.0,0.0,1.0,43.706900003599,nan,0.6786327719688414
1.0,AINR,gated,977.0,0.0,1.0,0.0,1.0,44.03260000253795,nan,0.6786327719688414
1.0,AINR,gated,978.0,0.0,1.0,0.0,1.0,43.50680000061402,nan,0.6786327719688414
1.0,AINR,gated,979.0,0.0,1.0,0.0,1.0,45.52339999645483,nan,0.6786327719688414
1.0,AINR,gated,980.0,0.0,1.0,0.0,1.0,44.488200001069345,nan,0.6786327719688414
1.0,AINR,gated,981.0,0.0,1.0,0.0,1.0,43.96110000379849,nan,0.6786327719688414
1.0,AINR,gated,982.0,0.0,1.0,0.0,1.0,44.851200000266545,nan,0.6786327719688414
1.0,AINR,gated,983.0,0.0,1.0,0.0,1.0,44.03219999949215,nan,0.6786327719688414
1.0,AINR,gated,984.0,0.0,1.0,0.0,1.0,43.94229999888921,nan,0.6786327719688414
1.0,AINR,gated,985.0,0.0,1.0,0.0,1.0,42.811599996639416,nan,0.6786327719688414
1.0,AINR,gated,986.0,0.0,1.0,0.0,1.0,44.447499996749684,nan,0.6786327719688414
1.0,AINR,gated,987.0,0.0,1.0,0.0,1.0,43.15409999981057,nan,0.6786327719688414
1.0,AINR,gated,988.0,0.0,1.0,0.0,1.0,44.994199997745454,nan,0.6786327719688414
1.0,AINR,gated,989.0,0.0,1.0,0.0,1.0,42.77610000281129,nan,0.6786327719688414
1.0,AINR,gated,990.0,0.0,1.0,0.0,1.0,43.006800005969126,nan,0.6786327719688414
1.0,AINR,gated,991.0,0.0,1.0,0.0,1.0,43.02289999759523,nan,0.6786327719688414
1.0,AINR,gated,992.0,0.0,1.0,0.0,1.0,39.37220000079833,nan,0.6786327719688414
1.0,AINR,gated,993.0,0.0,1.0,0.0,1.0,42.28329999750713,nan,0.6786327719688414
1.0,AINR,gated,994.0,0.0,1.0,0.0,1.0,45.46940000000177,nan,0.6786327719688414
1.0,AINR,gated,995.0,0.0,1.0,0.0,1.0,44.30799999681767,nan,0.6786327719688414
1.0,AINR,gated,996.0,0.0,1.0,0.0,1.0,43.111500002851244,nan,0.6786327719688414
1.0,AINR,gated,997.0,0.0,1.0,0.0,1.0,43.71220000030007,nan,0.6786327719688414
1.0,AINR,gated,998.0,0.0,1.0,0.0,1.0,44.92509999545291,nan,0.6786327719688414
1.0,AINR,gated,999.0,0.0,1.0,0.0,1.0,45.5082999978913,nan,0.6786327719688414
1,AINR,trig,0,1,0,0,0,nan,1.438138723373413,0.6328682899475095
1,AINR,trig,1,0,1,0,1,439.49029999998857,1.3709253072738647,0.6328682899475095
1,AINR,trig,2,1,0,0,0,nan,1.3468455076217651,0.6328682899475095
1,AINR,trig,3,1,0,0,0,nan,1.3370195627212524,0.6328682899475095
1,AINR,trig,4,0,1,0,1,44.44709999995666,1.4773544073104858,0.6328682899475095
1,AINR,trig,5,0,1,0,1,46.062500000005,1.4109755754470825,0.6328682899475095
1,AINR,trig,6,1,0,0,0,nan,1.451802134513855,0.6328682899475095
1,AINR,trig,7,0,1,0,1,42.578999999989264,1.3139605522155762,0.6328682899475095
1,AINR,trig,8,1,0,0,0,nan,1.4182466268539429,0.6328682899475095
1,AINR,trig,9,1,0,0,0,nan,1.4909807443618774,0.6328682899475095
1,AINR,trig,10,1,0,0,0,nan,1.3037461042404175,0.6328682899475095
1,AINR,trig,11,0,1,0,1,44.097800000031384,1.5093427896499634,0.6328682899475095
1,AINR,trig,12,1,0,0,0,nan,1.3681001663208008,0.6328682899475095
1,AINR,trig,13,1,0,0,0,nan,1.4593448638916016,0.6328682899475095
1,AINR,trig,14,0,1,0,1,48.975700000028155,1.4426864385604858,0.6328682899475095
1,AINR,trig,15,0,1,0,1,44.995799999981045,1.3702208995819092,0.6328682899475095
1,AINR,trig,16,0,1,0,1,43.90560000001642,1.574240803718567,0.6328682899475095
1,AINR,trig,17,0,1,0,1,42.60120000003553,1.5826879739761353,0.6328682899475095
1,AINR,trig,18,0,1,0,1,46.19719999999461,1.2882431745529175,0.6328682899475095
1,AINR,trig,19,0,1,0,1,44.36049999998204,1.4008358716964722,0.6328682899475095
1,AINR,trig,20,0,1,0,1,46.57770000000028,1.4047454595565796,0.6328682899475095
1,AINR,trig,21,0,1,0,1,49.59400000001324,1.4471862316131592,0.6328682899475095
1,AINR,trig,22,0,1,0,1,45.333099999993465,1.3210093975067139,0.6328682899475095
1,AINR,trig,23,0,1,0,1,45.14560000001211,1.4119387865066528,0.6328682899475095
1,AINR,trig,24,0,1,0,1,43.32410000000664,1.6311248540878296,0.6328682899475095
1,AINR,trig,25,0,1,0,1,43.75520000002098,1.3986619710922241,0.6328682899475095
1,AINR,trig,26,0,1,0,1,42.76070000003074,1.5328656435012817,0.6328682899475095
1,AINR,trig,27,0,1,0,1,43.69000000002643,1.3614754676818848,0.6328682899475095
1,AINR,trig,28,0,1,0,1,54.37010000002829,1.6268268823623657,0.6328682899475095
1,AINR,trig,29,0,1,0,1,53.45930000004273,1.2073653936386108,0.6328682899475095
1,AINR,trig,30,0,1,0,1,58.165599999995266,1.2913049459457397,0.6328682899475095
1,AINR,trig,31,0,1,0,1,56.981500000006235,1.39203679561615,0.6328682899475095
1,AINR,trig,32,0,1,0,1,47.026599999981045,1.2561062574386597,0.6328682899475095
1,AINR,trig,33,0,1,0,1,52.51229999998941,1.486925482749939,0.6328682899475095
1,AINR,trig,34,0,1,0,1,48.042599999973845,1.4593093395233154,0.6328682899475095
1,AINR,trig,35,0,1,0,1,43.21190000001707,1.4401582479476929,0.6328682899475095
1,AINR,trig,36,0,1,0,1,45.87220000001935,1.4242688417434692,0.6328682899475095
1,AINR,trig,37,0,1,0,1,51.892000000009375,1.4348249435424805,0.6328682899475095
1,AINR,trig,38,0,1,0,1,45.08630000003677,1.4262109994888306,0.6328682899475095
1,AINR,trig,39,1,0,0,0,nan,1.290645718574524,0.6328682899475095
1,AINR,trig,40,0,1,0,1,56.08310000002348,1.3238266706466675,0.6328682899475095
1,AINR,trig,41,0,1,0,1,46.97210000000496,1.3365143537521362,0.6328682899475095
1,AINR,trig,42,0,1,0,1,47.13749999996253,1.3695275783538818,0.6328682899475095
1,AINR,trig,43,0,1,0,1,47.39280000001145,1.2791996002197266,0.6328682899475095
1,AINR,trig,44,0,1,0,1,45.912299999997686,1.4037163257598877,0.6328682899475095
1,AINR,trig,45,0,1,0,1,44.18140000001358,1.311449408531189,0.6328682899475095
1,AINR,trig,46,0,1,0,1,45.41809999994939,1.3790239095687866,0.6328682899475095
1,AINR,trig,47,0,1,0,1,43.89609999998356,1.2896102666854858,0.6328682899475095
1,AINR,trig,48,0,1,0,1,43.34149999999681,1.3920153379440308,0.6328682899475095
1,AINR,trig,49,0,1,0,1,43.49360000003344,1.2377867698669434,0.6328682899475095
1,AINR,trig,50,0,1,0,1,43.126500000028045,1.196612000465393,0.6328682899475095
1,AINR,trig,51,0,1,0,1,43.08099999997239,1.0760396718978882,0.6328682899475095
1,AINR,trig,52,0,1,0,1,48.914400000001024,1.2711185216903687,0.6328682899475095
1,AINR,trig,53,1,0,0,0,nan,1.280326008796692,0.6328682899475095
1,AINR,trig,54,0,1,0,1,48.7430999999674,1.2278456687927246,0.6328682899475095
1,AINR,trig,55,0,1,0,1,48.06739999997944,1.3627654314041138,0.6328682899475095
1,AINR,trig,56,0,1,0,1,46.9897000000401,1.3124184608459473,0.6328682899475095
1,AINR,trig,57,0,1,0,1,47.636500000010074,1.45554780960083,0.6328682899475095
1,AINR,trig,58,0,1,0,1,45.6978999999933,1.5804696083068848,0.6328682899475095
1,AINR,trig,59,0,1,0,1,45.889699999975164,1.3550394773483276,0.6328682899475095
1,AINR,trig,60,0,1,0,1,43.58880000000909,1.4131991863250732,0.6328682899475095
1,AINR,trig,61,0,1,0,1,43.01990000004707,1.3085441589355469,0.6328682899475095
1,AINR,trig,62,0,1,0,1,41.63249999999152,1.323875069618225,0.6328682899475095
1,AINR,trig,63,0,1,0,1,44.89210000002686,1.5004793405532837,0.6328682899475095
1,AINR,trig,64,0,1,0,1,42.63380000003281,1.3433430194854736,0.6328682899475095
1,AINR,trig,65,0,1,0,1,43.56329999995978,1.554508090019226,0.6328682899475095
1,AINR,trig,66,0,1,0,1,45.2368999999635,1.4123921394348145,0.6328682899475095
1,AINR,trig,67,0,1,0,1,42.665799999952014,1.45884108543396,0.6328682899475095
1,AINR,trig,68,0,1,0,1,54.4835999999691,1.4112759828567505,0.6328682899475095
1,AINR,trig,69,0,1,0,1,57.41199999999935,1.3587701320648193,0.6328682899475095
1,AINR,trig,70,1,0,0,0,nan,1.206810712814331,0.6328682899475095
1,AINR,trig,71,0,1,0,1,57.12269999997943,1.3160773515701294,0.6328682899475095
1,AINR,trig,72,0,1,0,1,61.15480000005391,1.353617548942566,0.6328682899475095
1,AINR,trig,73,0,1,0,1,57.18080000002601,1.265974998474121,0.6328682899475095
1,AINR,trig,74,0,1,0,1,48.68460000000141,1.2377901077270508,0.6328682899475095
1,AINR,trig,75,0,1,0,1,44.808100000011564,1.5596531629562378,0.6328682899475095
1,AINR,trig,76,0,1,0,1,45.75410000001057,1.2827807664871216,0.6328682899475095
1,AINR,trig,77,0,1,0,1,45.63419999999496,1.3353219032287598,0.6328682899475095
1,AINR,trig,78,0,1,0,1,46.68600000002243,1.342944622039795,0.6328682899475095
1,AINR,trig,79,0,1,0,1,40.20070000001397,1.4044930934906006,0.6328682899475095
1,AINR,trig,80,0,1,0,1,44.983399999978246,1.244274377822876,0.6328682899475095
1,AINR,trig,81,0,1,0,1,42.72770000000037,1.406469464302063,0.6328682899475095
1,AINR,trig,82,0,1,0,1,45.06349999996928,1.2664533853530884,0.6328682899475095
1,AINR,trig,83,0,1,0,1,45.93649999998206,1.3936920166015625,0.6328682899475095
1,AINR,trig,84,0,1,0,1,46.673100000020895,1.3991879224777222,0.6328682899475095
1,AINR,trig,85,0,1,0,1,44.896899999969264,1.292657732963562,0.6328682899475095
1,AINR,trig,86,0,1,0,1,48.70890000000827,1.2357161045074463,0.6328682899475095
1,AINR,trig,87,0,1,0,1,59.819700000048215,1.453899621963501,0.6328682899475095
1,AINR,trig,88,0,1,0,1,58.45160000001215,1.4121348857879639,0.6328682899475095
1,AINR,trig,89,0,1,0,1,44.48539999998502,1.6701031923294067,0.6328682899475095
1,AINR,trig,90,0,1,0,1,42.33790000000681,1.4251902103424072,0.6328682899475095
1,AINR,trig,91,0,1,0,1,46.7602999999599,1.2840067148208618,0.6328682899475095
1,AINR,trig,92,0,1,0,1,47.27750000000697,1.4247143268585205,0.6328682899475095
1,AINR,trig,93,0,1,0,1,56.26229999995758,1.4242373704910278,0.6328682899475095
1,AINR,trig,94,0,1,0,1,59.42470000002231,1.4903854131698608,0.6328682899475095
1,AINR,trig,95,0,1,0,1,44.85429999999724,1.3729411363601685,0.6328682899475095
1,AINR,trig,96,0,1,0,1,44.13769999996475,1.355784296989441,0.6328682899475095
1,AINR,trig,97,0,1,0,1,42.536600000005365,1.443908452987671,0.6328682899475095
1,AINR,trig,98,0,1,0,1,55.55040000001554,1.326094388961792,0.6328682899475095
1,AINR,trig,99,0,1,0,1,54.90270000001374,1.4449787139892578,0.6328682899475095
1,AINR,trig,100,0,1,0,1,54.820699999993394,1.4291023015975952,0.6328682899475095
1,AINR,trig,101,0,1,0,1,47.247500000025866,1.3058972358703613,0.6328682899475095
1,AINR,trig,102,0,1,0,1,45.74529999996457,1.5278898477554321,0.6328682899475095
1,AINR,trig,103,0,1,0,1,50.28210000000399,1.369204044342041,0.6328682899475095
1,AINR,trig,104,0,1,0,1,46.82019999995646,1.337344765663147,0.6328682899475095
1,AINR,trig,105,0,1,0,1,51.55869999998686,1.408185601234436,0.6328682899475095
1,AINR,trig,106,0,1,0,1,42.84890000002406,1.4329386949539185,0.6328682899475095
1,AINR,trig,107,0,1,0,1,44.31389999996327,1.3644505739212036,0.6328682899475095
1,AINR,trig,108,0,1,0,1,43.95959999999377,1.4235420227050781,0.6328682899475095
1,AINR,trig,109,0,1,0,1,44.2808000000241,1.3426387310028076,0.6328682899475095
1,AINR,trig,110,0,1,0,1,54.874100000006365,1.3114945888519287,0.6328682899475095
1,AINR,trig,111,0,1,0,1,54.387899999994715,1.436182975769043,0.6328682899475095
1,AINR,trig,112,0,1,0,1,55.23050000005014,1.3155769109725952,0.6328682899475095
1,AINR,trig,113,0,1,0,1,60.285399999997935,1.3114107847213745,0.6328682899475095
1,AINR,trig,114,0,1,0,1,44.19710000001942,1.33864164352417,0.6328682899475095
1,AINR,trig,115,0,1,0,1,49.1652999999701,1.3119187355041504,0.6328682899475095
1,AINR,trig,116,0,1,0,1,45.72310000003199,1.4295556545257568,0.6328682899475095
1,AINR,trig,117,0,1,0,1,46.649999999999636,1.2412012815475464,0.6328682899475095
1,AINR,trig,118,0,1,0,1,46.985799999959,1.559596300125122,0.6328682899475095
1,AINR,trig,119,0,1,0,1,46.299900000008165,1.3495210409164429,0.6328682899475095
1,AINR,trig,120,0,1,0,1,44.46079999996755,1.3432480096817017,0.6328682899475095
1,AINR,trig,121,0,1,0,1,44.17260000002443,1.4097881317138672,0.6328682899475095
1,AINR,trig,122,0,1,0,1,46.46250000001828,1.3173757791519165,0.6328682899475095
1,AINR,trig,123,0,1,0,1,43.28490000000329,1.3244924545288086,0.6328682899475095
1,AINR,trig,124,0,1,0,1,44.00110000000268,1.434922218322754,0.6328682899475095
1,AINR,trig,125,0,1,0,1,59.60629999998446,1.5026443004608154,0.6328682899475095
1,AINR,trig,126,0,1,0,1,46.760199999994256,1.2722175121307373,0.6328682899475095
1,AINR,trig,127,0,1,0,1,52.55589999995891,1.2658826112747192,0.6328682899475095
1,AINR,trig,128,0,1,0,1,47.82030000001214,1.300681710243225,0.6328682899475095
1,AINR,trig,129,0,1,0,1,45.198900000002595,1.4125080108642578,0.6328682899475095
1,AINR,trig,130,0,1,0,1,44.01020000000244,1.4504948854446411,0.6328682899475095
1,AINR,trig,131,0,1,0,1,44.67669999996815,1.2752509117126465,0.6328682899475095
1,AINR,trig,132,0,1,0,1,44.86199999996643,1.352828860282898,0.6328682899475095
1,AINR,trig,133,0,1,0,1,44.50629999996636,1.3739564418792725,0.6328682899475095
1,AINR,trig,134,0,1,0,1,52.78550000002724,1.4215903282165527,0.6328682899475095
1,AINR,trig,135,0,1,0,1,46.991800000000694,1.3487751483917236,0.6328682899475095
1,AINR,trig,136,0,1,0,1,55.537500000014006,1.1951571702957153,0.6328682899475095
1,AINR,trig,137,0,1,0,1,59.195900000020174,1.3987600803375244,0.6328682899475095
1,AINR,trig,138,0,1,0,1,57.287799999983235,1.1810237169265747,0.6328682899475095
1,AINR,trig,139,0,1,0,1,45.11129999997365,1.3315831422805786,0.6328682899475095
1,AINR,trig,140,0,1,0,1,60.54299999999557,1.4722049236297607,0.6328682899475095
1,AINR,trig,141,0,1,0,1,43.10520000001361,1.3609461784362793,0.6328682899475095
1,AINR,trig,142,0,1,0,1,42.98340000002554,1.3231476545333862,0.6328682899475095
1,AINR,trig,143,0,1,0,1,53.19779999996399,1.336302638053894,0.6328682899475095
1,AINR,trig,144,0,1,0,1,43.01599999996597,1.4752897024154663,0.6328682899475095
1,AINR,trig,145,0,1,0,1,43.670399999996334,1.284114122390747,0.6328682899475095
1,AINR,trig,146,0,1,0,1,50.65159999998059,1.3336516618728638,0.6328682899475095
1,AINR,trig,147,0,1,0,1,55.22490000004154,1.278817057609558,0.6328682899475095
1,AINR,trig,148,0,1,0,1,56.75130000003037,1.2975562810897827,0.6328682899475095
1,AINR,trig,149,0,1,0,1,46.52019999997492,1.4250259399414062,0.6328682899475095
1,AINR,trig,150,0,1,0,1,44.90779999997585,1.338070273399353,0.6328682899475095
1,AINR,trig,151,0,1,0,1,47.10349999999153,1.2481483221054077,0.6328682899475095
1,AINR,trig,152,0,1,0,1,44.10139999998819,1.3717007637023926,0.6328682899475095
1,AINR,trig,153,0,1,0,1,44.853100000011636,1.3852843046188354,0.6328682899475095
1,AINR,trig,154,0,1,0,1,41.056199999957244,1.3648531436920166,0.6328682899475095
1,AINR,trig,155,0,1,0,1,44.498200000020915,1.364357352256775,0.6328682899475095
1,AINR,trig,156,0,1,0,1,45.295599999974456,1.4610834121704102,0.6328682899475095
1,AINR,trig,157,0,1,0,1,46.75919999999678,1.306118130683899,0.6328682899475095
1,AINR,trig,158,0,1,0,1,44.491999999991094,1.3877623081207275,0.6328682899475095
1,AINR,trig,159,0,1,0,1,42.79239999999618,1.3797118663787842,0.6328682899475095
1,AINR,trig,160,0,1,0,1,45.287599999994654,1.4713034629821777,0.6328682899475095
1,AINR,trig,161,0,1,0,1,46.50989999998956,1.4136041402816772,0.6328682899475095
1,AINR,trig,162,0,1,0,1,44.55489999998008,1.4411804676055908,0.6328682899475095
1,AINR,trig,163,0,1,0,1,49.66519999999264,1.291552186012268,0.6328682899475095
1,AINR,trig,164,0,1,0,1,60.80779999996366,1.3638603687286377,0.6328682899475095
1,AINR,trig,165,1,0,0,0,nan,1.3208799362182617,0.6328682899475095
1,AINR,trig,166,0,1,0,1,46.05069999996658,1.3335700035095215,0.6328682899475095
1,AINR,trig,167,0,1,0,1,49.6375000000171,1.3614555597305298,0.6328682899475095
1,AINR,trig,168,0,1,0,1,56.22010000001865,1.4453016519546509,0.6328682899475095
1,AINR,trig,169,0,1,0,1,56.74069999997755,1.2781307697296143,0.6328682899475095
1,AINR,trig,170,0,1,0,1,52.06020000002809,1.23867928981781,0.6328682899475095
1,AINR,trig,171,0,1,0,1,52.868100000011964,1.4199682474136353,0.6328682899475095
1,AINR,trig,172,0,1,0,1,44.97369999995726,1.2294557094573975,0.6328682899475095
1,AINR,trig,173,0,1,0,1,47.57879999999659,1.2523937225341797,0.6328682899475095
1,AINR,trig,174,0,1,0,1,45.442199999968125,1.3758745193481445,0.6328682899475095
1,AINR,trig,175,0,1,0,1,44.951099999991584,1.3879140615463257,0.6328682899475095
1,AINR,trig,176,0,1,0,1,44.09189999995533,1.3776018619537354,0.6328682899475095
1,AINR,trig,177,0,1,0,1,45.19940000000133,1.4192379713058472,0.6328682899475095
1,AINR,trig,178,0,1,0,1,42.884700000001885,1.3070049285888672,0.6328682899475095
1,AINR,trig,179,0,1,0,1,43.46880000002784,1.2370617389678955,0.6328682899475095
1,AINR,trig,180,0,1,0,1,43.689900000003945,1.3557339906692505,0.6328682899475095
1,AINR,trig,181,0,1,0,1,43.95799999997507,1.3024591207504272,0.6328682899475095
1,AINR,trig,182,0,1,0,1,42.17340000002423,1.4059991836547852,0.6328682899475095
1,AINR,trig,183,0,1,0,1,44.0445000000409,1.4427324533462524,0.6328682899475095
1,AINR,trig,184,0,1,0,1,43.71449999996457,1.227128028869629,0.6328682899475095
1,AINR,trig,185,0,1,0,1,42.77630000001409,1.3510783910751343,0.6328682899475095
1,AINR,trig,186,0,1,0,1,44.74690000000692,1.346789836883545,0.6328682899475095
1,AINR,trig,187,0,1,0,1,42.12309999996933,1.3099218606948853,0.6328682899475095
1,AINR,trig,188,0,1,0,1,42.244799999991756,1.3041902780532837,0.6328682899475095
1,AINR,trig,189,0,1,0,1,42.314500000031785,1.2911872863769531,0.6328682899475095
1,AINR,trig,190,0,1,0,1,44.002999999975145,1.325446605682373,0.6328682899475095
1,AINR,trig,191,0,1,0,1,41.99210000001585,1.5186572074890137,0.6328682899475095
1,AINR,trig,192,0,1,0,1,42.02549999996563,1.3800239562988281,0.6328682899475095
1,AINR,trig,193,0,1,0,1,43.9457999999604,1.3430403470993042,0.6328682899475095
1,AINR,trig,194,0,1,0,1,40.17370000002529,1.4165104627609253,0.6328682899475095
1,AINR,trig,195,0,1,0,1,46.25239999995756,1.2751810550689697,0.6328682899475095
1,AINR,trig,196,0,1,0,1,57.973799999956555,1.2648745775222778,0.6328682899475095
1,AINR,trig,197,0,1,0,1,57.23060000002533,1.3639471530914307,0.6328682899475095
1,AINR,trig,198,0,1,0,1,48.78469999999879,1.4466584920883179,0.6328682899475095
1,AINR,trig,199,0,1,0,1,41.59970000000612,1.2806544303894043,0.6328682899475095
1,AINR,trig,200,0,1,0,1,42.69159999995509,1.3544915914535522,0.6328682899475095
1,AINR,trig,201,0,1,0,1,46.014500000012504,1.2154933214187622,0.6328682899475095
1,AINR,trig,202,0,1,0,1,44.5107000000462,1.351361632347107,0.6328682899475095
1,AINR,trig,203,0,1,0,1,44.82150000001184,1.4562474489212036,0.6328682899475095
1,AINR,trig,204,0,1,0,1,43.235299999992094,1.3635363578796387,0.6328682899475095
1,AINR,trig,205,0,1,0,1,51.59680000002709,1.3700318336486816,0.6328682899475095
1,AINR,trig,206,0,1,0,1,49.82670000003964,1.2487088441848755,0.6328682899475095
1,AINR,trig,207,0,1,0,1,56.40840000000935,1.3042837381362915,0.6328682899475095
1,AINR,trig,208,0,1,0,1,44.050400000003265,1.2778042554855347,0.6328682899475095
1,AINR,trig,209,0,1,0,1,49.66799999999694,1.4613558053970337,0.6328682899475095
1,AINR,trig,210,0,1,0,1,46.05739999999514,1.261074185371399,0.6328682899475095
1,AINR,trig,211,0,1,0,1,42.80559999995148,1.3473150730133057,0.6328682899475095
1,AINR,trig,212,0,1,0,1,43.67059999998446,1.253519058227539,0.6328682899475095
1,AINR,trig,213,0,1,0,1,55.417099999999664,1.3670649528503418,0.6328682899475095
1,AINR,trig,214,0,1,0,1,44.90609999999151,1.2987455129623413,0.6328682899475095
1,AINR,trig,215,0,1,0,1,42.11190000000897,1.3552746772766113,0.6328682899475095
1,AINR,trig,216,0,1,0,1,47.977300000013656,1.3215692043304443,0.6328682899475095
1,AINR,trig,217,0,1,0,1,42.515199999968445,1.4956263303756714,0.6328682899475095
1,AINR,trig,218,0,1,0,1,45.94200000002502,1.3465144634246826,0.6328682899475095
1,AINR,trig,219,0,1,0,1,44.22879999998486,1.3216822147369385,0.6328682899475095
1,AINR,trig,220,0,1,0,1,42.223099999944225,1.285690426826477,0.6328682899475095
1,AINR,trig,221,0,1,0,1,43.7066999999729,1.299662709236145,0.6328682899475095
1,AINR,trig,222,0,1,0,1,42.82479999994848,1.3700159788131714,0.6328682899475095
1,AINR,trig,223,0,1,0,1,43.831100000033985,1.2479859590530396,0.6328682899475095
1,AINR,trig,224,0,1,0,1,42.497000000025764,1.2614328861236572,0.6328682899475095
1,AINR,trig,225,0,1,0,1,43.15889999998035,1.3484749794006348,0.6328682899475095
1,AINR,trig,226,0,1,0,1,45.28570000002219,1.3877203464508057,0.6328682899475095
1,AINR,trig,227,0,1,0,1,57.42570000001024,1.339442491531372,0.6328682899475095
1,AINR,trig,228,0,1,0,1,55.29030000002422,1.5151653289794922,0.6328682899475095
1,AINR,trig,229,0,1,0,1,50.29650000000174,1.5117048025131226,0.6328682899475095
1,AINR,trig,230,0,1,0,1,45.46220000003132,1.3426462411880493,0.6328682899475095
1,AINR,trig,231,0,1,0,1,43.969000000004144,1.2826553583145142,0.6328682899475095
1,AINR,trig,232,0,1,0,1,46.3100000000054,1.4274766445159912,0.6328682899475095
1,AINR,trig,233,0,1,0,1,43.978699999968285,1.2838553190231323,0.6328682899475095
1,AINR,trig,234,0,1,0,1,45.435600000018894,1.2996296882629395,0.6328682899475095
1,AINR,trig,235,0,1,0,1,49.19860000001108,1.5372194051742554,0.6328682899475095
1,AINR,trig,236,0,1,0,1,44.87669999997479,1.2854199409484863,0.6328682899475095
1,AINR,trig,237,0,1,0,1,45.288799999980256,1.4484683275222778,0.6328682899475095
1,AINR,trig,238,0,1,0,1,45.373799999993025,1.3501580953598022,0.6328682899475095
1,AINR,trig,239,0,1,0,1,43.45610000001443,1.3235368728637695,0.6328682899475095
1,AINR,trig,240,0,1,0,1,45.82879999998113,1.4631813764572144,0.6328682899475095
1,AINR,trig,241,0,1,0,1,46.15849999999,1.2688283920288086,0.6328682899475095
1,AINR,trig,242,0,1,0,1,43.47930000000133,1.3093140125274658,0.6328682899475095
1,AINR,trig,243,0,1,0,1,45.97809999995661,1.4746649265289307,0.6328682899475095
1,AINR,trig,244,0,1,0,1,44.30500000000848,1.303348422050476,0.6328682899475095
1,AINR,trig,245,0,1,0,1,43.51800000000594,1.3827365636825562,0.6328682899475095
1,AINR,trig,246,0,1,0,1,43.80539999999655,1.348049283027649,0.6328682899475095
1,AINR,trig,247,0,1,0,1,44.42130000001043,1.3783540725708008,0.6328682899475095
1,AINR,trig,248,0,1,0,1,53.36099999999533,1.1953908205032349,0.6328682899475095
1,AINR,trig,249,0,1,0,1,58.047700000031455,1.3462105989456177,0.6328682899475095
1,AINR,trig,250,0,1,0,1,51.43940000004932,1.4081672430038452,0.6328682899475095
1,AINR,trig,251,0,1,0,1,45.179600000039954,1.220657229423523,0.6328682899475095
1,AINR,trig,252,0,1,0,1,45.87889999999106,1.3359402418136597,0.6328682899475095
1,AINR,trig,253,0,1,0,1,62.07289999997556,1.3654080629348755,0.6328682899475095
1,AINR,trig,254,0,1,0,1,47.31029999999237,1.2443875074386597,0.6328682899475095
1,AINR,trig,255,0,1,0,1,45.0877000000105,1.3326467275619507,0.6328682899475095
1,AINR,trig,256,0,1,0,1,44.94320000003427,1.4198774099349976,0.6328682899475095
1,AINR,trig,257,0,1,0,1,55.908199999976205,1.3649215698242188,0.6328682899475095
1,AINR,trig,258,0,1,0,1,44.80209999996987,1.2085665464401245,0.6328682899475095
1,AINR,trig,259,0,1,0,1,42.78679999998758,1.3626482486724854,0.6328682899475095
1,AINR,trig,260,0,1,0,1,53.53000000002339,1.327883243560791,0.6328682899475095
1,AINR,trig,261,0,1,0,1,58.67820000003121,1.3076612949371338,0.6328682899475095
1,AINR,trig,262,0,1,0,1,56.69739999996182,1.4400609731674194,0.6328682899475095
1,AINR,trig,263,0,1,0,1,49.14340000004813,1.4042870998382568,0.6328682899475095
1,AINR,trig,264,0,1,0,1,45.88549999999714,1.2198851108551025,0.6328682899475095
1,AINR,trig,265,0,1,0,1,41.64889999998422,1.250403881072998,0.6328682899475095
1,AINR,trig,266,0,1,0,1,46.51410000002443,1.2080928087234497,0.6328682899475095
1,AINR,trig,267,0,1,0,1,46.398199999998724,1.3666894435882568,0.6328682899475095
1,AINR,trig,268,0,1,0,1,48.149899999998524,1.4547430276870728,0.6328682899475095
1,AINR,trig,269,0,1,0,1,46.07110000000603,1.4149610996246338,0.6328682899475095
1,AINR,trig,270,0,1,0,1,44.1840999999954,1.2715996503829956,0.6328682899475095
1,AINR,trig,271,0,1,0,1,43.52369999998018,1.4309064149856567,0.6328682899475095
1,AINR,trig,272,0,1,0,1,42.01540000002524,1.416133165359497,0.6328682899475095
1,AINR,trig,273,0,1,0,1,41.82939999998325,1.2922120094299316,0.6328682899475095
1,AINR,trig,274,0,1,0,1,43.67640000003803,1.3532121181488037,0.6328682899475095
1,AINR,trig,275,0,1,0,1,58.179199999983666,1.330885648727417,0.6328682899475095
1,AINR,trig,276,0,1,0,1,55.1773000000253,1.2075003385543823,0.6328682899475095
1,AINR,trig,277,0,1,0,1,47.86359999997103,1.327480435371399,0.6328682899475095
1,AINR,trig,278,0,1,0,1,44.81770000001006,1.4059923887252808,0.6328682899475095
1,AINR,trig,279,0,1,0,1,45.60170000002017,1.4091092348098755,0.6328682899475095
1,AINR,trig,280,0,1,0,1,45.409399999982725,1.3674015998840332,0.6328682899475095
1,AINR,trig,281,0,1,0,1,44.653600000003735,1.1898596286773682,0.6328682899475095
1,AINR,trig,282,0,1,0,1,43.65530000001172,1.461117148399353,0.6328682899475095
1,AINR,trig,283,0,1,0,1,43.76839999997628,1.46224045753479,0.6328682899475095
1,AINR,trig,284,0,1,0,1,42.10799999998471,1.2591766119003296,0.6328682899475095
1,AINR,trig,285,0,1,0,1,42.08499999998594,1.4039639234542847,0.6328682899475095
1,AINR,trig,286,0,1,0,1,50.157299999966654,1.3213825225830078,0.6328682899475095
1,AINR,trig,287,0,1,0,1,54.62109999996301,1.3483678102493286,0.6328682899475095
1,AINR,trig,288,0,1,0,1,58.354599999972834,1.3378112316131592,0.6328682899475095
1,AINR,trig,289,0,1,0,1,42.413100000032955,1.3410117626190186,0.6328682899475095
1,AINR,trig,290,0,1,0,1,44.61420000001226,1.2131298780441284,0.6328682899475095
1,AINR,trig,291,0,1,0,1,45.52000000001044,1.345339298248291,0.6328682899475095
1,AINR,trig,292,0,1,0,1,44.326200000000426,1.281213641166687,0.6328682899475095
1,AINR,trig,293,0,1,0,1,52.35890000000154,1.3854345083236694,0.6328682899475095
1,AINR,trig,294,0,1,0,1,57.6863000000003,1.4065196514129639,0.6328682899475095
1,AINR,trig,295,0,1,0,1,58.7711000000013,1.4114292860031128,0.6328682899475095
1,AINR,trig,296,0,1,0,1,44.78449999999157,1.5426099300384521,0.6328682899475095
1,AINR,trig,297,0,1,0,1,45.30019999998558,1.3642821311950684,0.6328682899475095
1,AINR,trig,298,0,1,0,1,42.35660000000507,1.1685725450515747,0.6328682899475095
1,AINR,trig,299,0,1,0,1,46.832499999993615,1.3062219619750977,0.6328682899475095
1,AINR,trig,300,0,1,0,1,45.66039999997429,1.2896430492401123,0.6328682899475095
1,AINR,trig,301,0,1,0,1,44.1265000000044,1.311474323272705,0.6328682899475095
1,AINR,trig,302,0,1,0,1,44.0021999999658,1.430904746055603,0.6328682899475095
1,AINR,trig,303,0,1,0,1,46.46000000002459,1.3473596572875977,0.6328682899475095
1,AINR,trig,304,0,1,0,1,43.93320000002632,1.3338311910629272,0.6328682899475095
1,AINR,trig,305,0,1,0,1,43.24750000000677,1.3128105401992798,0.6328682899475095
1,AINR,trig,306,0,1,0,1,44.247900000016216,1.2422930002212524,0.6328682899475095
1,AINR,trig,307,0,1,0,1,43.849800000032246,1.2888085842132568,0.6328682899475095
1,AINR,trig,308,0,1,0,1,42.66250000000582,1.2948017120361328,0.6328682899475095
1,AINR,trig,309,0,1,0,1,44.13030000000617,1.4006251096725464,0.6328682899475095
1,AINR,trig,310,0,1,0,1,66.73040000003994,1.4285246133804321,0.6328682899475095
1,AINR,trig,311,0,1,0,1,59.88580000001775,1.2827051877975464,0.6328682899475095
1,AINR,trig,312,0,1,0,1,55.87610000003451,1.3414695262908936,0.6328682899475095
1,AINR,trig,313,0,1,0,1,44.72240000001193,1.4009721279144287,0.6328682899475095
1,AINR,trig,314,0,1,0,1,40.72769999999082,1.1570384502410889,0.6328682899475095
1,AINR,trig,315,0,1,0,1,42.74609999998802,1.3884491920471191,0.6328682899475095
1,AINR,trig,316,0,1,0,1,47.018900000011854,1.3065091371536255,0.6328682899475095
1,AINR,trig,317,0,1,0,1,47.50819999998157,1.1931965351104736,0.6328682899475095
1,AINR,trig,318,0,1,0,1,45.61769999997978,1.2490147352218628,0.6328682899475095
1,AINR,trig,319,0,1,0,1,45.71459999999661,1.4317978620529175,0.6328682899475095
1,AINR,trig,320,0,1,0,1,44.643400000040856,1.2968062162399292,0.6328682899475095
1,AINR,trig,321,0,1,0,1,43.887100000006285,1.2744879722595215,0.6328682899475095
1,AINR,trig,322,0,1,0,1,43.898499999954765,1.308555006980896,0.6328682899475095
1,AINR,trig,323,0,1,0,1,46.31859999994958,1.450369954109192,0.6328682899475095
1,AINR,trig,324,0,1,0,1,46.06100000000879,1.2457796335220337,0.6328682899475095
1,AINR,trig,325,0,1,0,1,45.86029999995844,1.4478470087051392,0.6328682899475095
1,AINR,trig,326,0,1,0,1,42.649900000014895,1.2314410209655762,0.6328682899475095
1,AINR,trig,327,0,1,0,1,54.04180000004999,1.2553068399429321,0.6328682899475095
1,AINR,trig,328,0,1,0,1,56.60390000002735,1.2663300037384033,0.6328682899475095
1,AINR,trig,329,0,1,0,1,56.285600000023805,1.3765017986297607,0.6328682899475095
1,AINR,trig,330,0,1,0,1,59.3672999999626,1.2550053596496582,0.6328682899475095
1,AINR,trig,331,0,1,0,1,51.31119999998646,1.3604605197906494,0.6328682899475095
1,AINR,trig,332,0,1,0,1,51.57869999993636,1.449922800064087,0.6328682899475095
1,AINR,trig,333,0,1,0,1,57.472200000006524,1.372428297996521,0.6328682899475095
1,AINR,trig,334,0,1,0,1,52.63090000005377,1.3817194700241089,0.6328682899475095
1,AINR,trig,335,0,1,0,1,48.12170000002425,1.4881823062896729,0.6328682899475095
1,AINR,trig,336,0,1,0,1,42.5867000000153,1.0629678964614868,0.6328682899475095
1,AINR,trig,337,0,1,0,1,42.29829999997037,1.4548118114471436,0.6328682899475095
1,AINR,trig,338,0,1,0,1,45.98769999995511,1.373758316040039,0.6328682899475095
1,AINR,trig,339,0,1,0,1,43.96359999998367,1.2709684371948242,0.6328682899475095
1,AINR,trig,340,0,1,0,1,42.92980000002444,1.4183486700057983,0.6328682899475095
1,AINR,trig,341,0,1,0,1,43.43410000001313,1.2206555604934692,0.6328682899475095
1,AINR,trig,342,0,1,0,1,43.353499999966516,1.468353033065796,0.6328682899475095
1,AINR,trig,343,0,1,0,1,43.866200000024946,1.3611221313476562,0.6328682899475095
1,AINR,trig,344,0,1,0,1,47.35279999999875,1.2577625513076782,0.6328682899475095
1,AINR,trig,345,0,1,0,1,56.21960000007675,1.3176401853561401,0.6328682899475095
1,AINR,trig,346,0,1,0,1,57.453000000009524,1.292391300201416,0.6328682899475095
1,AINR,trig,347,0,1,0,1,55.02950000004603,1.463515043258667,0.6328682899475095
1,AINR,trig,348,0,1,0,1,43.35470000000896,1.5193965435028076,0.6328682899475095
1,AINR,trig,349,0,1,0,1,47.7162000000817,1.409820318222046,0.6328682899475095
1,AINR,trig,350,0,1,0,1,45.73799999991479,1.474374771118164,0.6328682899475095
1,AINR,trig,351,0,1,0,1,43.151000000079875,1.3712522983551025,0.6328682899475095
1,AINR,trig,352,0,1,0,1,43.9349000000675,1.4574249982833862,0.6328682899475095
1,AINR,trig,353,0,1,0,1,43.72430000000804,1.2607557773590088,0.6328682899475095
1,AINR,trig,354,0,1,0,1,45.37470000002486,1.4019397497177124,0.6328682899475095
1,AINR,trig,355,0,1,0,1,48.760799999968185,1.0944236516952515,0.6328682899475095
1,AINR,trig,356,0,1,0,1,58.1249999999045,1.3409661054611206,0.6328682899475095
1,AINR,trig,357,0,1,0,1,58.648300000072595,1.2240208387374878,0.6328682899475095
1,AINR,trig,358,0,1,0,1,56.42990000001191,1.372005820274353,0.6328682899475095
1,AINR,trig,359,0,1,0,1,55.51089999994474,1.453334927558899,0.6328682899475095
1,AINR,trig,360,0,1,0,1,51.668700000050194,1.373942494392395,0.6328682899475095
1,AINR,trig,361,0,1,0,1,48.88410000000931,1.2809017896652222,0.6328682899475095
1,AINR,trig,362,0,1,0,1,45.29409999997824,1.423126220703125,0.6328682899475095
1,AINR,trig,363,0,1,0,1,40.532699999971555,1.3604626655578613,0.6328682899475095
1,AINR,trig,364,0,1,0,1,42.90839999998752,1.136527180671692,0.6328682899475095
1,AINR,trig,365,0,1,0,1,49.09390000000258,1.321174144744873,0.6328682899475095
1,AINR,trig,366,0,1,0,1,47.11870000005547,1.227536916732788,0.6328682899475095
1,AINR,trig,367,0,1,0,1,47.39799999993011,1.2467613220214844,0.6328682899475095
1,AINR,trig,368,0,1,0,1,43.85179999997035,1.4731061458587646,0.6328682899475095
1,AINR,trig,369,0,1,0,1,44.480700000008255,1.2604689598083496,0.6328682899475095
1,AINR,trig,370,0,1,0,1,44.04460000000654,1.3800544738769531,0.6328682899475095
1,AINR,trig,371,0,1,0,1,44.77859999997236,1.3814843893051147,0.6328682899475095
1,AINR,trig,372,0,1,0,1,41.878500000052554,1.2952979803085327,0.6328682899475095
1,AINR,trig,373,0,1,0,1,42.39900000004582,1.372984766960144,0.6328682899475095
1,AINR,trig,374,0,1,0,1,51.47069999998166,1.4253385066986084,0.6328682899475095
1,AINR,trig,375,0,1,0,1,56.277600000044,1.3562897443771362,0.6328682899475095
1,AINR,trig,376,0,1,0,1,43.45039999998335,1.3760977983474731,0.6328682899475095
1,AINR,trig,377,0,1,0,1,44.76999999997133,1.4068679809570312,0.6328682899475095
1,AINR,trig,378,0,1,0,1,54.967099999998936,1.3305950164794922,0.6328682899475095
1,AINR,trig,379,0,1,0,1,55.805199999895194,1.381561279296875,0.6328682899475095
1,AINR,trig,380,0,1,0,1,54.97009999999136,1.4746025800704956,0.6328682899475095
1,AINR,trig,381,0,1,0,1,48.22569999998905,1.2871143817901611,0.6328682899475095
1,AINR,trig,382,0,1,0,1,48.03150000009282,1.3302102088928223,0.6328682899475095
1,AINR,trig,383,0,1,0,1,48.92179999990276,1.2475972175598145,0.6328682899475095
1,AINR,trig,384,0,1,0,1,42.47450000002573,1.57904052734375,0.6328682899475095
1,AINR,trig,385,0,1,0,1,44.58009999996193,1.3683106899261475,0.6328682899475095
1,AINR,trig,386,0,1,0,1,45.010400000023765,1.3569122552871704,0.6328682899475095
1,AINR,trig,387,0,1,0,1,57.383500000014465,1.2071826457977295,0.6328682899475095
1,AINR,trig,388,0,1,0,1,55.6679000000031,1.1608834266662598,0.6328682899475095
1,AINR,trig,389,0,1,0,1,43.42929999995704,1.3003031015396118,0.6328682899475095
1,AINR,trig,390,0,1,0,1,44.84649999994872,1.4623584747314453,0.6328682899475095
1,AINR,trig,391,0,1,0,1,47.80670000002374,1.3434184789657593,0.6328682899475095
1,AINR,trig,392,0,1,0,1,46.3596999999254,1.4983993768692017,0.6328682899475095
1,AINR,trig,393,0,1,0,1,56.451900000070054,1.3392590284347534,0.6328682899475095
1,AINR,trig,394,0,1,0,1,50.040599999988444,1.159035086631775,0.6328682899475095
1,AINR,trig,395,0,1,0,1,44.057199999997465,1.444136381149292,0.6328682899475095
1,AINR,trig,396,0,1,0,1,41.95429999992939,1.3053960800170898,0.6328682899475095
1,AINR,trig,397,0,1,0,1,46.72649999997702,1.145464301109314,0.6328682899475095
1,AINR,trig,398,0,1,0,1,42.77219999994486,1.2928528785705566,0.6328682899475095
1,AINR,trig,399,0,1,0,1,40.6942000000754,1.3168808221817017,0.6328682899475095
1,AINR,trig,400,0,1,0,1,104.41869999999653,1.2669514417648315,0.6328682899475095
1,AINR,trig,401,0,1,0,1,54.568700000004355,1.3972370624542236,0.6328682899475095
1,AINR,trig,402,0,1,0,1,48.19720000000416,1.4928029775619507,0.6328682899475095
1,AINR,trig,403,0,1,0,1,61.38749999990978,1.1663448810577393,0.6328682899475095
1,AINR,trig,404,0,1,0,1,46.10330000002705,1.3207794427871704,0.6328682899475095
1,AINR,trig,405,0,1,0,1,46.116500000039196,1.2917680740356445,0.6328682899475095
1,AINR,trig,406,0,1,0,1,46.00179999999909,1.3876341581344604,0.6328682899475095
1,AINR,trig,407,0,1,0,1,42.091500000083215,1.2984727621078491,0.6328682899475095
1,AINR,trig,408,0,1,0,1,46.46279999997205,1.4592909812927246,0.6328682899475095
1,AINR,trig,409,0,1,0,1,43.722999999999956,1.223522663116455,0.6328682899475095
1,AINR,trig,410,0,1,0,1,45.87909999997919,1.3642873764038086,0.6328682899475095
1,AINR,trig,411,0,1,0,1,44.26710000007006,1.2981529235839844,0.6328682899475095
1,AINR,trig,412,0,1,0,1,42.99120000007406,1.3592543601989746,0.6328682899475095
1,AINR,trig,413,0,1,0,1,43.420900000000984,1.3681732416152954,0.6328682899475095
1,AINR,trig,414,0,1,0,1,79.88649999992958,1.3579455614089966,0.6328682899475095
1,AINR,trig,415,0,1,0,1,40.65360000004148,1.4406509399414062,0.6328682899475095
1,AINR,trig,416,0,1,0,1,49.65120000008483,1.3166632652282715,0.6328682899475095
1,AINR,trig,417,0,1,0,1,45.26239999995596,1.4034945964813232,0.6328682899475095
1,AINR,trig,418,0,1,0,1,52.98040000002402,1.236723780632019,0.6328682899475095
1,AINR,trig,419,0,1,0,1,58.50950000001376,1.2936607599258423,0.6328682899475095
1,AINR,trig,420,0,1,0,1,50.32570000003034,1.3232229948043823,0.6328682899475095
1,AINR,trig,421,0,1,0,1,47.767600000042876,1.4588898420333862,0.6328682899475095
1,AINR,trig,422,0,1,0,1,46.06650000005175,1.3028112649917603,0.6328682899475095
1,AINR,trig,423,0,1,0,1,46.774899999945774,1.2743743658065796,0.6328682899475095
1,AINR,trig,424,0,1,0,1,45.124399999963316,1.2729142904281616,0.6328682899475095
1,AINR,trig,425,0,1,0,1,43.5187999999016,1.39284086227417,0.6328682899475095
1,AINR,trig,426,0,1,0,1,44.07350000008137,1.5129592418670654,0.6328682899475095
1,AINR,trig,427,0,1,0,1,44.910100000038256,1.2520133256912231,0.6328682899475095
1,AINR,trig,428,0,1,0,1,42.289999999979955,1.1800943613052368,0.6328682899475095
1,AINR,trig,429,0,1,0,1,53.660100000001876,1.2684293985366821,0.6328682899475095
1,AINR,trig,430,0,1,0,1,58.76720000003388,1.215251088142395,0.6328682899475095
1,AINR,trig,431,0,1,0,1,44.01399999994737,1.4119179248809814,0.6328682899475095
1,AINR,trig,432,0,1,0,1,42.011699999989105,1.5410230159759521,0.6328682899475095
1,AINR,trig,433,0,1,0,1,44.90099999998165,1.2082380056381226,0.6328682899475095
1,AINR,trig,434,0,1,0,1,54.619500000058,1.4600050449371338,0.6328682899475095
1,AINR,trig,435,0,1,0,1,54.127199999925324,1.3851360082626343,0.6328682899475095
1,AINR,trig,436,0,1,0,1,57.89470000001984,1.2860815525054932,0.6328682899475095
1,AINR,trig,437,0,1,0,1,57.5675999999703,1.3098621368408203,0.6328682899475095
1,AINR,trig,438,0,1,0,1,53.31290000003719,1.30963933467865,0.6328682899475095
1,AINR,trig,439,0,1,0,1,58.09440000007271,1.5262415409088135,0.6328682899475095
1,AINR,trig,440,0,1,0,1,52.211800000009134,1.432944893836975,0.6328682899475095
1,AINR,trig,441,0,1,0,1,55.66129999999703,1.389582872390747,0.6328682899475095
1,AINR,trig,442,0,1,0,1,50.59040000003279,1.4088287353515625,0.6328682899475095
1,AINR,trig,443,0,1,0,1,48.735599999986334,1.2540735006332397,0.6328682899475095
1,AINR,trig,444,0,1,0,1,52.20600000006925,1.2480753660202026,0.6328682899475095
1,AINR,trig,445,0,1,0,1,46.14809999998215,1.1512128114700317,0.6328682899475095
1,AINR,trig,446,0,1,0,1,47.87690000000566,1.4594662189483643,0.6328682899475095
1,AINR,trig,447,0,1,0,1,45.67420000000766,1.2272001504898071,0.6328682899475095
1,AINR,trig,448,0,1,0,1,43.27040000009674,1.273756504058838,0.6328682899475095
1,AINR,trig,449,0,1,0,1,40.67450000002282,1.418437123298645,0.6328682899475095
1,AINR,trig,450,0,1,0,1,44.755700000109755,1.423998236656189,0.6328682899475095
1,AINR,trig,451,0,1,0,1,45.4771999999366,1.2135956287384033,0.6328682899475095
1,AINR,trig,452,0,1,0,1,43.43589999996311,1.4250736236572266,0.6328682899475095
1,AINR,trig,453,0,1,0,1,45.2340000000504,1.1887602806091309,0.6328682899475095
1,AINR,trig,454,0,1,0,1,43.3027999999922,1.181796669960022,0.6328682899475095
1,AINR,trig,455,0,1,0,1,44.38370000002578,1.4733718633651733,0.6328682899475095
1,AINR,trig,456,0,1,0,1,43.30270000002656,1.293307900428772,0.6328682899475095
1,AINR,trig,457,0,1,0,1,42.91969999997036,1.4272750616073608,0.6328682899475095
1,AINR,trig,458,0,1,0,1,44.96080000001257,1.3206180334091187,0.6328682899475095
1,AINR,trig,459,0,1,0,1,41.40749999999116,1.3916997909545898,0.6328682899475095
1,AINR,trig,460,0,1,0,1,42.487400000027264,1.3545950651168823,0.6328682899475095
1,AINR,trig,461,0,1,0,1,42.4907000000303,1.3671977519989014,0.6328682899475095
1,AINR,trig,462,0,1,0,1,39.9113999999372,1.0594737529754639,0.6328682899475095
1,AINR,trig,463,0,1,0,1,45.28049999998984,1.298904299736023,0.6328682899475095
1,AINR,trig,464,0,1,0,1,42.534200000091005,1.2796601057052612,0.6328682899475095
1,AINR,trig,465,0,1,0,1,48.14980000003288,1.3520337343215942,0.6328682899475095
1,AINR,trig,466,0,1,0,1,54.4088000000329,1.3471765518188477,0.6328682899475095
1,AINR,trig,467,0,1,0,1,56.06030000001283,1.3220995664596558,0.6328682899475095
1,AINR,trig,468,0,1,0,1,56.82769999998527,1.251814365386963,0.6328682899475095
1,AINR,trig,469,0,1,0,1,52.486400000020694,1.3509001731872559,0.6328682899475095
1,AINR,trig,470,0,1,0,1,49.176600000009785,1.388014554977417,0.6328682899475095
1,AINR,trig,471,0,1,0,1,42.62719999996989,1.2944624423980713,0.6328682899475095
1,AINR,trig,472,0,1,0,1,47.33479999993051,1.298545241355896,0.6328682899475095
1,AINR,trig,473,0,1,0,1,45.637499999998,1.120164155960083,0.6328682899475095
1,AINR,trig,474,0,1,0,1,54.07839999998032,1.5882034301757812,0.6328682899475095
1,AINR,trig,475,0,1,0,1,46.24409999996715,1.0997463464736938,0.6328682899475095
1,AINR,trig,476,0,1,0,1,43.79189999997379,1.1379257440567017,0.6328682899475095
1,AINR,trig,477,0,1,0,1,47.08019999998214,1.1741580963134766,0.6328682899475095
1,AINR,trig,478,0,1,0,1,56.22080000000551,1.1982697248458862,0.6328682899475095
1,AINR,trig,479,0,1,0,1,61.05349999995724,1.5482202768325806,0.6328682899475095
1,AINR,trig,480,0,1,0,1,45.613699999989876,1.3696801662445068,0.6328682899475095
1,AINR,trig,481,0,1,0,1,50.51719999994475,1.2819238901138306,0.6328682899475095
1,AINR,trig,482,0,1,0,1,48.83529999995062,1.3142122030258179,0.6328682899475095
1,AINR,trig,483,0,1,0,1,45.124600000008286,1.1239079236984253,0.6328682899475095
1,AINR,trig,484,0,1,0,1,43.34129999995184,1.274868130683899,0.6328682899475095
1,AINR,trig,485,0,1,0,1,43.666700000017045,1.4208688735961914,0.6328682899475095
1,AINR,trig,486,0,1,0,1,43.08340000000044,1.4234488010406494,0.6328682899475095
1,AINR,trig,487,0,1,0,1,58.81210000006831,1.3211108446121216,0.6328682899475095
1,AINR,trig,488,0,1,0,1,58.60530000006747,1.2891227006912231,0.6328682899475095
1,AINR,trig,489,0,1,0,1,45.45169999994414,1.1944626569747925,0.6328682899475095
1,AINR,trig,490,0,1,0,1,47.3232999999027,1.252277135848999,0.6328682899475095
1,AINR,trig,491,0,1,0,1,44.89530000000741,1.4554991722106934,0.6328682899475095
1,AINR,trig,492,0,1,0,1,40.848200000027646,1.313757300376892,0.6328682899475095
1,AINR,trig,493,0,1,0,1,57.63410000008662,1.2760015726089478,0.6328682899475095
1,AINR,trig,494,0,1,0,1,57.38430000008066,1.1052113771438599,0.6328682899475095
1,AINR,trig,495,0,1,0,1,53.66609999998673,1.3082973957061768,0.6328682899475095
1,AINR,trig,496,0,1,0,1,59.64399999993475,1.4507081508636475,0.6328682899475095
1,AINR,trig,497,0,1,0,1,50.101200000085555,1.2417222261428833,0.6328682899475095
1,AINR,trig,498,0,1,0,1,44.25570000000789,1.286116123199463,0.6328682899475095
1,AINR,trig,499,0,1,0,1,45.334699999898476,1.413403868675232,0.6328682899475095
1,AINR,trig,500,0,1,0,1,44.773000000077445,1.2563613653182983,0.6328682899475095
1,AINR,trig,501,0,1,0,1,45.24490000005699,1.6178370714187622,0.6328682899475095
1,AINR,trig,502,0,1,0,1,45.138300000076015,1.210619330406189,0.6328682899475095
1,AINR,trig,503,0,1,0,1,45.408399999928406,1.301906943321228,0.6328682899475095
1,AINR,trig,504,0,1,0,1,44.05269999995198,1.2416579723358154,0.6328682899475095
1,AINR,trig,505,0,1,0,1,43.749800000000505,1.4228525161743164,0.6328682899475095
1,AINR,trig,506,0,1,0,1,43.18869999997332,1.250990629196167,0.6328682899475095
1,AINR,trig,507,0,1,0,1,43.1060000000798,1.2932931184768677,0.6328682899475095
1,AINR,trig,508,0,1,0,1,43.07960000005551,1.6621620655059814,0.6328682899475095
1,AINR,trig,509,0,1,0,1,42.71840000001248,1.26688551902771,0.6328682899475095
1,AINR,trig,510,0,1,0,1,42.19100000000253,1.3496567010879517,0.6328682899475095
1,AINR,trig,511,0,1,0,1,41.11720000003061,1.5685700178146362,0.6328682899475095
1,AINR,trig,512,0,1,0,1,43.99660000001404,1.3073452711105347,0.6328682899475095
1,AINR,trig,513,0,1,0,1,42.91940000007344,1.3192710876464844,0.6328682899475095
1,AINR,trig,514,0,1,0,1,43.958599999996295,1.1174408197402954,0.6328682899475095
1,AINR,trig,515,0,1,0,1,42.39880000000085,1.1776102781295776,0.6328682899475095
1,AINR,trig,516,0,1,0,1,38.89559999993253,1.2124124765396118,0.6328682899475095
1,AINR,trig,517,0,1,0,1,49.41489999998794,1.316272258758545,0.6328682899475095
1,AINR,trig,518,0,1,0,1,56.595199999947,1.1879527568817139,0.6328682899475095
1,AINR,trig,519,0,1,0,1,43.39700000002722,1.3396888971328735,0.6328682899475095
1,AINR,trig,520,0,1,0,1,42.72249999996802,1.2412458658218384,0.6328682899475095
1,AINR,trig,521,0,1,0,1,43.680400000084774,1.298156499862671,0.6328682899475095
1,AINR,trig,522,0,1,0,1,43.4299999999439,1.5857360363006592,0.6328682899475095
1,AINR,trig,523,0,1,0,1,44.44720000003599,1.5691585540771484,0.6328682899475095
1,AINR,trig,524,0,1,0,1,42.04630000003817,1.2458404302597046,0.6328682899475095
1,AINR,trig,525,0,1,0,1,43.203300000072886,1.2799607515335083,0.6328682899475095
1,AINR,trig,526,0,1,0,1,42.1256000000767,1.305449366569519,0.6328682899475095
1,AINR,trig,527,0,1,0,1,45.43509999996331,1.3747652769088745,0.6328682899475095
1,AINR,trig,528,0,1,0,1,53.797199999962686,1.2181240320205688,0.6328682899475095
1,AINR,trig,529,0,1,0,1,43.16879999998946,1.5691344738006592,0.6328682899475095
1,AINR,trig,530,0,1,0,1,46.428799999944204,1.2621004581451416,0.6328682899475095
1,AINR,trig,531,0,1,0,1,56.75929999995333,1.1786586046218872,0.6328682899475095
1,AINR,trig,532,0,1,0,1,51.21790000009696,1.205152153968811,0.6328682899475095
1,AINR,trig,533,0,1,0,1,55.10110000000168,1.5504952669143677,0.6328682899475095
1,AINR,trig,534,0,1,0,1,56.54500000002827,1.3159829378128052,0.6328682899475095
1,AINR,trig,535,0,1,0,1,53.62949999994271,1.3420448303222656,0.6328682899475095
1,AINR,trig,536,0,1,0,1,49.91369999993367,1.4775516986846924,0.6328682899475095
1,AINR,trig,537,0,1,0,1,53.27549999992698,1.4426497220993042,0.6328682899475095
1,AINR,trig,538,0,1,0,1,55.2592999999888,1.2373486757278442,0.6328682899475095
1,AINR,trig,539,0,1,0,1,55.68859999993947,1.257793664932251,0.6328682899475095
1,AINR,trig,540,0,1,0,1,55.62359999998989,1.5061408281326294,0.6328682899475095
1,AINR,trig,541,0,1,0,1,46.65910000005624,1.0750422477722168,0.6328682899475095
1,AINR,trig,542,0,1,0,1,46.14270000001852,1.3772335052490234,0.6328682899475095
1,AINR,trig,543,0,1,0,1,44.56300000003921,1.0222060680389404,0.6328682899475095
1,AINR,trig,544,0,1,0,1,43.28080000004775,1.4920775890350342,0.6328682899475095
1,AINR,trig,545,0,1,0,1,43.81769999997687,1.2428410053253174,0.6328682899475095
1,AINR,trig,546,0,1,0,1,45.03260000001319,1.2131767272949219,0.6328682899475095
1,AINR,trig,547,0,1,0,1,42.77460000002975,1.5062618255615234,0.6328682899475095
1,AINR,trig,548,0,1,0,1,42.18140000000403,1.0790691375732422,0.6328682899475095
1,AINR,trig,549,0,1,0,1,41.147399999999834,1.0233262777328491,0.6328682899475095
1,AINR,trig,550,0,1,0,1,42.690800000059426,1.4830315113067627,0.6328682899475095
1,AINR,trig,551,0,1,0,1,42.59150000007139,1.0833015441894531,0.6328682899475095
1,AINR,trig,552,0,1,0,1,41.92769999997381,1.4042245149612427,0.6328682899475095
1,AINR,trig,553,0,1,0,1,57.648200000016914,1.455893635749817,0.6328682899475095
1,AINR,trig,554,0,1,0,1,58.41279999992821,1.447471261024475,0.6328682899475095
1,AINR,trig,555,0,1,0,1,57.76170000001457,1.3212380409240723,0.6328682899475095
1,AINR,trig,556,0,1,0,1,44.02529999993021,1.4895503520965576,0.6328682899475095
1,AINR,trig,557,0,1,0,1,46.5635000000475,1.3978710174560547,0.6328682899475095
1,AINR,trig,558,0,1,0,1,43.70039999992059,1.122236728668213,0.6328682899475095
1,AINR,trig,559,0,1,0,1,43.25189999997292,1.2894494533538818,0.6328682899475095
1,AINR,trig,560,0,1,0,1,44.71890000002077,1.4879958629608154,0.6328682899475095
1,AINR,trig,561,0,1,0,1,44.660099999987324,1.478811502456665,0.6328682899475095
1,AINR,trig,562,0,1,0,1,43.139200000041455,1.5612452030181885,0.6328682899475095
1,AINR,trig,563,0,1,0,1,40.81780000001345,1.0820269584655762,0.6328682899475095
1,AINR,trig,564,0,1,0,1,41.537999999945896,1.3699243068695068,0.6328682899475095
1,AINR,trig,565,0,1,0,1,41.84150000003228,1.4236849546432495,0.6328682899475095
1,AINR,trig,566,0,1,0,1,42.047200000070006,1.4809997081756592,0.6328682899475095
1,AINR,trig,567,0,1,0,1,42.10379999994984,1.2431771755218506,0.6328682899475095
1,AINR,trig,568,0,1,0,1,50.36930000005668,1.3573576211929321,0.6328682899475095
1,AINR,trig,569,0,1,0,1,53.38219999998728,1.3652758598327637,0.6328682899475095
1,AINR,trig,570,0,1,0,1,60.67590000009204,1.3103044033050537,0.6328682899475095
1,AINR,trig,571,0,1,0,1,63.37669999993523,1.2922390699386597,0.6328682899475095
1,AINR,trig,572,0,1,0,1,46.841299999982766,1.2522790431976318,0.6328682899475095
1,AINR,trig,573,0,1,0,1,45.292399999993904,1.427390694618225,0.6328682899475095
1,AINR,trig,574,0,1,0,1,44.64890000008381,1.289282202720642,0.6328682899475095
1,AINR,trig,575,0,1,0,1,43.49720000004709,1.3731575012207031,0.6328682899475095
1,AINR,trig,576,0,1,0,1,44.14469999994708,1.329917550086975,0.6328682899475095
1,AINR,trig,577,0,1,0,1,43.494399999985944,1.3818244934082031,0.6328682899475095
1,AINR,trig,578,0,1,0,1,55.866000000037275,1.3102970123291016,0.6328682899475095
1,AINR,trig,579,0,1,0,1,51.339799999936986,1.343333125114441,0.6328682899475095
1,AINR,trig,580,0,1,0,1,44.67650000003687,1.3083839416503906,0.6328682899475095
1,AINR,trig,581,0,1,0,1,42.315600000051745,1.4081695079803467,0.6328682899475095
1,AINR,trig,582,0,1,0,1,44.96439999991253,1.3441065549850464,0.6328682899475095
1,AINR,trig,583,0,1,0,1,43.997700000090845,1.363369107246399,0.6328682899475095
1,AINR,trig,584,0,1,0,1,44.03899999999794,1.5310628414154053,0.6328682899475095
1,AINR,trig,585,0,1,0,1,44.465400000035515,1.4104163646697998,0.6328682899475095
1,AINR,trig,586,0,1,0,1,44.066899999961606,1.5161374807357788,0.6328682899475095
1,AINR,trig,587,0,1,0,1,42.23710000007941,1.2841874361038208,0.6328682899475095
1,AINR,trig,588,0,1,0,1,45.868399999903886,1.2534574270248413,0.6328682899475095
1,AINR,trig,589,0,1,0,1,49.34530000002724,1.4439046382904053,0.6328682899475095
1,AINR,trig,590,0,1,0,1,46.17680000001201,1.4533777236938477,0.6328682899475095
1,AINR,trig,591,0,1,0,1,57.25399999994352,1.3239986896514893,0.6328682899475095
1,AINR,trig,592,0,1,0,1,56.217399999923146,1.350242257118225,0.6328682899475095
1,AINR,trig,593,0,1,0,1,56.38299999998253,1.356882095336914,0.6328682899475095
1,AINR,trig,594,0,1,0,1,56.722400000012385,1.4707880020141602,0.6328682899475095
1,AINR,trig,595,0,1,0,1,56.60160000002179,1.3098474740982056,0.6328682899475095
1,AINR,trig,596,0,1,0,1,54.278500000009444,1.441680669784546,0.6328682899475095
1,AINR,trig,597,0,1,0,1,55.738800000085575,1.2661805152893066,0.6328682899475095
1,AINR,trig,598,0,1,0,1,57.008800000062365,1.5439432859420776,0.6328682899475095
1,AINR,trig,599,0,1,0,1,45.29200000001765,1.4101011753082275,0.6328682899475095
1,AINR,trig,600,0,1,0,1,43.077000000039334,1.4289218187332153,0.6328682899475095
1,AINR,trig,601,0,1,0,1,44.71990000001824,1.4128659963607788,0.6328682899475095
1,AINR,trig,602,0,1,0,1,42.19379999994999,1.3429436683654785,0.6328682899475095
1,AINR,trig,603,0,1,0,1,44.576799999958894,1.2713664770126343,0.6328682899475095
1,AINR,trig,604,0,1,0,1,47.07029999997303,1.3305988311767578,0.6328682899475095
1,AINR,trig,605,0,1,0,1,45.054800000002615,1.1144177913665771,0.6328682899475095
1,AINR,trig,606,0,1,0,1,48.201999999946565,1.5021010637283325,0.6328682899475095
1,AINR,trig,607,0,1,0,1,42.40709999999126,1.3825325965881348,0.6328682899475095
1,AINR,trig,608,0,1,0,1,41.45129999994879,1.330535650253296,0.6328682899475095
1,AINR,trig,609,0,1,0,1,55.82979999996951,1.3963496685028076,0.6328682899475095
1,AINR,trig,610,0,1,0,1,55.313200000000506,1.3329825401306152,0.6328682899475095
1,AINR,trig,611,0,1,0,1,57.91169999997692,1.291519284248352,0.6328682899475095
1,AINR,trig,612,0,1,0,1,55.93039999996563,1.4124807119369507,0.6328682899475095
1,AINR,trig,613,0,1,0,1,59.15669999990314,1.2603330612182617,0.6328682899475095
1,AINR,trig,614,0,1,0,1,54.45889999998599,1.2740870714187622,0.6328682899475095
1,AINR,trig,615,0,1,0,1,53.85779999994611,1.3937288522720337,0.6328682899475095
1,AINR,trig,616,0,1,0,1,57.07729999994626,1.3138350248336792,0.6328682899475095
1,AINR,trig,617,0,1,0,1,58.19340000005013,1.193092942237854,0.6328682899475095
1,AINR,trig,618,0,1,0,1,47.55299999999352,1.2839137315750122,0.6328682899475095
1,AINR,trig,619,0,1,0,1,45.30580000005102,1.1495219469070435,0.6328682899475095
1,AINR,trig,620,0,1,0,1,45.93819999990956,1.373473882675171,0.6328682899475095
1,AINR,trig,621,0,1,0,1,44.60760000006303,1.2569048404693604,0.6328682899475095
1,AINR,trig,622,0,1,0,1,47.59819999992487,1.4526596069335938,0.6328682899475095
1,AINR,trig,623,0,1,0,1,44.7734000000537,1.251948356628418,0.6328682899475095
1,AINR,trig,624,0,1,0,1,45.064900000056696,1.0982320308685303,0.6328682899475095
1,AINR,trig,625,0,1,0,1,45.17820000000938,1.4601821899414062,0.6328682899475095
1,AINR,trig,626,0,1,0,1,41.91449999996166,1.4075379371643066,0.6328682899475095
1,AINR,trig,627,0,1,0,1,42.22259999994549,1.1680351495742798,0.6328682899475095
1,AINR,trig,628,0,1,0,1,45.656000000008135,1.3479701280593872,0.6328682899475095
1,AINR,trig,629,0,1,0,1,44.989299999997456,1.488356590270996,0.6328682899475095
1,AINR,trig,630,0,1,0,1,42.17170000003989,1.3831753730773926,0.6328682899475095
1,AINR,trig,631,0,1,0,1,41.534700000056546,1.6379495859146118,0.6328682899475095
1,AINR,trig,632,0,1,0,1,46.09940000000279,1.3086282014846802,0.6328682899475095
1,AINR,trig,633,0,1,0,1,52.841899999975794,1.2007684707641602,0.6328682899475095
1,AINR,trig,634,0,1,0,1,43.26930000001994,1.2690151929855347,0.6328682899475095
1,AINR,trig,635,0,1,0,1,43.86850000003051,1.368384599685669,0.6328682899475095
1,AINR,trig,636,0,1,0,1,44.76130000000467,1.450497031211853,0.6328682899475095
1,AINR,trig,637,0,1,0,1,44.68250000002172,1.536468267440796,0.6328682899475095
1,AINR,trig,638,0,1,0,1,51.71649999999772,1.5604243278503418,0.6328682899475095
1,AINR,trig,639,0,1,0,1,57.04609999997956,1.3190172910690308,0.6328682899475095
1,AINR,trig,640,0,1,0,1,60.98040000006222,1.204282522201538,0.6328682899475095
1,AINR,trig,641,0,1,0,1,46.98140000004969,1.4868978261947632,0.6328682899475095
1,AINR,trig,642,0,1,0,1,44.24410000001444,1.3194888830184937,0.6328682899475095
1,AINR,trig,643,0,1,0,1,43.54189999992286,1.503636121749878,0.6328682899475095
1,AINR,trig,644,0,1,0,1,43.683499999929154,1.375901699066162,0.6328682899475095
1,AINR,trig,645,0,1,0,1,42.81289999994442,1.2064872980117798,0.6328682899475095
1,AINR,trig,646,0,1,0,1,43.189400000073874,1.3218579292297363,0.6328682899475095
1,AINR,trig,647,0,1,0,1,49.00750000001608,1.4109790325164795,0.6328682899475095
1,AINR,trig,648,0,1,0,1,54.945900000006986,1.546817660331726,0.6328682899475095
1,AINR,trig,649,0,1,0,1,58.61159999994925,1.4403692483901978,0.6328682899475095
1,AINR,trig,650,0,1,0,1,55.12590000000728,1.3242261409759521,0.6328682899475095
1,AINR,trig,651,0,1,0,1,53.694800000016585,1.3211404085159302,0.6328682899475095
1,AINR,trig,652,0,1,0,1,56.99990000005073,1.222301959991455,0.6328682899475095
1,AINR,trig,653,0,1,0,1,42.48880000000099,1.35722017288208,0.6328682899475095
1,AINR,trig,654,0,1,0,1,59.46019999998953,1.2407965660095215,0.6328682899475095
1,AINR,trig,655,0,1,0,1,45.49129999998058,1.2436891794204712,0.6328682899475095
1,AINR,trig,656,0,1,0,1,50.38200000001325,1.4147417545318604,0.6328682899475095
1,AINR,trig,657,0,1,0,1,45.73500000003605,1.3123421669006348,0.6328682899475095
1,AINR,trig,658,0,1,0,1,57.115100000032726,1.5326530933380127,0.6328682899475095
1,AINR,trig,659,0,1,0,1,49.48149999995621,1.4454388618469238,0.6328682899475095
1,AINR,trig,660,0,1,0,1,54.766400000062276,1.448744773864746,0.6328682899475095
1,AINR,trig,661,0,1,0,1,56.16569999995136,1.304080605506897,0.6328682899475095
1,AINR,trig,662,0,1,0,1,44.76130000000467,1.269172191619873,0.6328682899475095
1,AINR,trig,663,0,1,0,1,46.447000000057415,1.2143223285675049,0.6328682899475095
1,AINR,trig,664,0,1,0,1,49.279100000035214,1.4193058013916016,0.6328682899475095
1,AINR,trig,665,0,1,0,1,45.61389999992116,1.2951158285140991,0.6328682899475095
1,AINR,trig,666,0,1,0,1,46.97440000006736,1.3479193449020386,0.6328682899475095
1,AINR,trig,667,0,1,0,1,50.17150000003312,1.530479073524475,0.6328682899475095
1,AINR,trig,668,0,1,0,1,58.197400000040034,1.3760584592819214,0.6328682899475095
1,AINR,trig,669,0,1,0,1,58.3960000000161,1.397746205329895,0.6328682899475095
1,AINR,trig,670,0,1,0,1,47.32580000006692,1.4057565927505493,0.6328682899475095
1,AINR,trig,671,0,1,0,1,44.09269999996468,1.3165537118911743,0.6328682899475095
1,AINR,trig,672,0,1,0,1,46.84850000001006,1.3866710662841797,0.6328682899475095
1,AINR,trig,673,0,1,0,1,46.68579999997746,1.379398226737976,0.6328682899475095
1,AINR,trig,674,0,1,0,1,46.630199999981414,1.2565693855285645,0.6328682899475095
1,AINR,trig,675,0,1,0,1,46.59789999993791,1.2635477781295776,0.6328682899475095
1,AINR,trig,676,0,1,0,1,44.27239999995436,1.3925920724868774,0.6328682899475095
1,AINR,trig,677,0,1,0,1,44.74849999996877,1.4746942520141602,0.6328682899475095
1,AINR,trig,678,0,1,0,1,45.547899999974106,1.3681840896606445,0.6328682899475095
1,AINR,trig,679,0,1,0,1,46.01290000005065,1.2797032594680786,0.6328682899475095
1,AINR,trig,680,0,1,0,1,44.33730000005198,1.4112470149993896,0.6328682899475095
1,AINR,trig,681,0,1,0,1,44.78080000001228,1.2724690437316895,0.6328682899475095
1,AINR,trig,682,0,1,0,1,55.32310000000962,1.332114577293396,0.6328682899475095
1,AINR,trig,683,0,1,0,1,54.814400000054775,1.3214954137802124,0.6328682899475095
1,AINR,trig,684,0,1,0,1,60.49800000005234,1.343660831451416,0.6328682899475095
1,AINR,trig,685,0,1,0,1,56.212400000049456,1.2827773094177246,0.6328682899475095
1,AINR,trig,686,0,1,0,1,46.78660000001855,1.2797369956970215,0.6328682899475095
1,AINR,trig,687,0,1,0,1,44.658400000002985,1.2370431423187256,0.6328682899475095
1,AINR,trig,688,0,1,0,1,47.54160000004504,1.3622997999191284,0.6328682899475095
1,AINR,trig,689,0,1,0,1,47.09900000000289,1.432436466217041,0.6328682899475095
1,AINR,trig,690,0,1,0,1,45.825999999919986,1.2161234617233276,0.6328682899475095
1,AINR,trig,691,0,1,0,1,48.918799999910334,1.2877943515777588,0.6328682899475095
1,AINR,trig,692,0,1,0,1,47.220199999969736,1.2415131330490112,0.6328682899475095
1,AINR,trig,693,0,1,0,1,46.37379999996938,1.3251702785491943,0.6328682899475095
1,AINR,trig,694,0,1,0,1,44.40269999997781,1.5140836238861084,0.6328682899475095
1,AINR,trig,695,0,1,0,1,44.05189999999948,1.2571827173233032,0.6328682899475095
1,AINR,trig,696,0,1,0,1,44.600400000035734,1.4622125625610352,0.6328682899475095
1,AINR,trig,697,0,1,0,1,55.04480000001877,1.2561578750610352,0.6328682899475095
1,AINR,trig,698,0,1,0,1,59.796600000026956,1.1661685705184937,0.6328682899475095
1,AINR,trig,699,0,1,0,1,60.05500000003394,1.5231332778930664,0.6328682899475095
1,AINR,trig,700,0,1,0,1,49.28380000001198,1.4600179195404053,0.6328682899475095
1,AINR,trig,701,0,1,0,1,42.07270000006247,1.2746028900146484,0.6328682899475095
1,AINR,trig,702,0,1,0,1,46.58860000006371,1.3401557207107544,0.6328682899475095
1,AINR,trig,703,0,1,0,1,43.9089999999851,1.5540770292282104,0.6328682899475095
1,AINR,trig,704,0,1,0,1,58.448499999940395,1.3040119409561157,0.6328682899475095
1,AINR,trig,705,0,1,0,1,43.80070000001979,1.2089592218399048,0.6328682899475095
1,AINR,trig,706,0,1,0,1,45.80329999998867,1.2699105739593506,0.6328682899475095
1,AINR,trig,707,0,1,0,1,42.59480000007443,1.6081242561340332,0.6328682899475095
1,AINR,trig,708,0,1,0,1,44.85840000006647,1.3203290700912476,0.6328682899475095
1,AINR,trig,709,0,1,0,1,44.683299999974224,1.291076898574829,0.6328682899475095
1,AINR,trig,710,0,1,0,1,44.438300000024356,1.3532660007476807,0.6328682899475095
1,AINR,trig,711,0,1,0,1,53.20319999998446,1.2703125476837158,0.6328682899475095
1,AINR,trig,712,0,1,0,1,58.5067000000663,1.313491940498352,0.6328682899475095
1,AINR,trig,713,0,1,0,1,59.57940000007511,1.2529829740524292,0.6328682899475095
1,AINR,trig,714,0,1,0,1,52.80010000001312,1.1535062789916992,0.6328682899475095
1,AINR,trig,715,0,1,0,1,49.7850000000426,1.2969831228256226,0.6328682899475095
1,AINR,trig,716,0,1,0,1,46.42430000001241,1.183039665222168,0.6328682899475095
1,AINR,trig,717,0,1,0,1,53.81199999999353,1.5435125827789307,0.6328682899475095
1,AINR,trig,718,0,1,0,1,42.97350000001643,1.1464382410049438,0.6328682899475095
1,AINR,trig,719,0,1,0,1,47.76270000002114,1.4686330556869507,0.6328682899475095
1,AINR,trig,720,0,1,0,1,44.43340000000262,1.0160021781921387,0.6328682899475095
1,AINR,trig,721,0,1,0,1,43.74689999997372,1.3321588039398193,0.6328682899475095
1,AINR,trig,722,0,1,0,1,45.003000000065185,1.3766454458236694,0.6328682899475095
1,AINR,trig,723,0,1,0,1,44.60870000002615,1.288840651512146,0.6328682899475095
1,AINR,trig,724,0,1,0,1,44.44259999991118,1.381858229637146,0.6328682899475095
1,AINR,trig,725,0,1,0,1,45.308500000032836,1.4799811840057373,0.6328682899475095
1,AINR,trig,726,0,1,0,1,53.56770000003053,1.3297548294067383,0.6328682899475095
1,AINR,trig,727,0,1,0,1,63.793899999950554,1.2773404121398926,0.6328682899475095
1,AINR,trig,728,0,1,0,1,56.34939999993094,1.2406829595565796,0.6328682899475095
1,AINR,trig,729,0,1,0,1,42.71840000001248,1.475428819656372,0.6328682899475095
1,AINR,trig,730,0,1,0,1,52.078400000027614,1.2309119701385498,0.6328682899475095
1,AINR,trig,731,0,1,0,1,47.37599999998565,1.3306325674057007,0.6328682899475095
1,AINR,trig,732,0,1,0,1,45.72730000006686,1.235371470451355,0.6328682899475095
1,AINR,trig,733,0,1,0,1,44.24779999999373,1.3391505479812622,0.6328682899475095
1,AINR,trig,734,0,1,0,1,44.14099999996779,1.3324339389801025,0.6328682899475095
1,AINR,trig,735,0,1,0,1,44.35019999993983,1.3236651420593262,0.6328682899475095
1,AINR,trig,736,0,1,0,1,44.72329999998692,1.3837065696716309,0.6328682899475095
1,AINR,trig,737,0,1,0,1,43.41710000005605,1.3546956777572632,0.6328682899475095
1,AINR,trig,738,0,1,0,1,45.06450000008044,1.2721703052520752,0.6328682899475095
1,AINR,trig,739,0,1,0,1,53.32910000004176,1.491976022720337,0.6328682899475095
1,AINR,trig,740,0,1,0,1,56.71940000001996,1.3716334104537964,0.6328682899475095
1,AINR,trig,741,0,1,0,1,56.99909999998454,1.2593318223953247,0.6328682899475095
1,AINR,trig,742,0,1,0,1,51.579500000002554,1.282137393951416,0.6328682899475095
1,AINR,trig,743,0,1,0,1,45.772400000032576,1.2160563468933105,0.6328682899475095
1,AINR,trig,744,0,1,0,1,47.49480000009498,1.4446877241134644,0.6328682899475095
1,AINR,trig,745,0,1,0,1,46.211200000016106,1.3779538869857788,0.6328682899475095
1,AINR,trig,746,0,1,0,1,44.80159999991429,1.226619005203247,0.6328682899475095
1,AINR,trig,747,0,1,0,1,44.40990000000511,1.2978897094726562,0.6328682899475095
1,AINR,trig,748,0,1,0,1,44.967300000053,1.3424192667007446,0.6328682899475095
1,AINR,trig,749,0,1,0,1,44.67450000004192,1.2368417978286743,0.6328682899475095
1,AINR,trig,750,0,1,0,1,44.99429999998483,1.3299505710601807,0.6328682899475095
1,AINR,trig,751,0,1,0,1,44.69600000004448,1.3065942525863647,0.6328682899475095
1,AINR,trig,752,0,1,0,1,43.57700000002751,1.371285080909729,0.6328682899475095
1,AINR,trig,753,0,1,0,1,44.380600000067716,1.1946663856506348,0.6328682899475095
1,AINR,trig,754,0,1,0,1,53.22360000002391,1.3254612684249878,0.6328682899475095
1,AINR,trig,755,0,1,0,1,58.458599999994476,1.3218902349472046,0.6328682899475095
1,AINR,trig,756,0,1,0,1,61.67029999994611,1.3179785013198853,0.6328682899475095
1,AINR,trig,757,0,1,0,1,44.8022000000492,1.503826379776001,0.6328682899475095
1,AINR,trig,758,0,1,0,1,46.50630000003275,1.3787513971328735,0.6328682899475095
1,AINR,trig,759,0,1,0,1,47.761199999968085,1.4266630411148071,0.6328682899475095
1,AINR,trig,760,0,1,0,1,48.66570000001502,1.2300209999084473,0.6328682899475095
1,AINR,trig,761,0,1,0,1,43.75630000004094,1.4557623863220215,0.6328682899475095
1,AINR,trig,762,0,1,0,1,47.02359999998862,1.392072319984436,0.6328682899475095
1,AINR,trig,763,0,1,0,1,44.43129999992834,1.203294277191162,0.6328682899475095
1,AINR,trig,764,0,1,0,1,44.73219999999856,1.3099987506866455,0.6328682899475095
1,AINR,trig,765,0,1,0,1,52.02350000001843,1.3126400709152222,0.6328682899475095
1,AINR,trig,766,0,1,0,1,43.65660000007665,1.3969476222991943,0.6328682899475095
1,AINR,trig,767,0,1,0,1,69.32389999997213,1.523118019104004,0.6328682899475095
1,AINR,trig,768,0,1,0,1,59.08499999998185,1.2994900941848755,0.6328682899475095
1,AINR,trig,769,0,1,0,1,55.69660000003296,1.3810595273971558,0.6328682899475095
1,AINR,trig,770,0,1,0,1,46.93329999997786,1.2980287075042725,0.6328682899475095
1,AINR,trig,771,0,1,0,1,42.18319999995401,1.1459524631500244,0.6328682899475095
1,AINR,trig,772,0,1,0,1,48.878599999966355,1.2714194059371948,0.6328682899475095
1,AINR,trig,773,0,1,0,1,46.70180000005075,1.26502525806427,0.6328682899475095
1,AINR,trig,774,0,1,0,1,45.90559999996913,1.2125484943389893,0.6328682899475095
1,AINR,trig,775,0,1,0,1,48.09690000001865,1.4956632852554321,0.6328682899475095
1,AINR,trig,776,0,1,0,1,44.639600000095925,1.3136085271835327,0.6328682899475095
1,AINR,trig,777,0,1,0,1,44.63009999994938,1.3977347612380981,0.6328682899475095
1,AINR,trig,778,0,1,0,1,62.25389999997333,1.4087327718734741,0.6328682899475095
1,AINR,trig,779,0,1,0,1,58.05199999997512,1.490188479423523,0.6328682899475095
1,AINR,trig,780,0,1,0,1,54.393200000049546,1.2276297807693481,0.6328682899475095
1,AINR,trig,781,0,1,0,1,44.884400000000824,1.332585096359253,0.6328682899475095
1,AINR,trig,782,0,1,0,1,46.00560000005771,1.3914276361465454,0.6328682899475095
1,AINR,trig,783,0,1,0,1,48.00639999996292,1.328279972076416,0.6328682899475095
1,AINR,trig,784,0,1,0,1,46.56390000002375,1.301635503768921,0.6328682899475095
1,AINR,trig,785,0,1,0,1,47.37550000004376,1.4538156986236572,0.6328682899475095
1,AINR,trig,786,0,1,0,1,44.9881000000687,1.2398462295532227,0.6328682899475095
1,AINR,trig,787,0,1,0,1,46.013700000003155,1.2698432207107544,0.6328682899475095
1,AINR,trig,788,0,1,0,1,49.84280000007857,1.2958465814590454,0.6328682899475095
1,AINR,trig,789,0,1,0,1,46.68200000003253,1.233765721321106,0.6328682899475095
1,AINR,trig,790,0,1,0,1,64.31649999990441,1.4347718954086304,0.6328682899475095
1,AINR,trig,791,0,1,0,1,60.12519999990218,1.5023071765899658,0.6328682899475095
1,AINR,trig,792,0,1,0,1,53.70510000000195,1.2178279161453247,0.6328682899475095
1,AINR,trig,793,0,1,0,1,47.37899999997808,1.6430720090866089,0.6328682899475095
1,AINR,trig,794,0,1,0,1,45.0605999999425,1.2334250211715698,0.6328682899475095
1,AINR,trig,795,0,1,0,1,50.030999999989945,1.3887519836425781,0.6328682899475095
1,AINR,trig,796,0,1,0,1,46.50440000000344,1.3495303392410278,0.6328682899475095
1,AINR,trig,797,0,1,0,1,46.232300000042414,1.3284496068954468,0.6328682899475095
1,AINR,trig,798,0,1,0,1,45.012400000018715,1.3836838006973267,0.6328682899475095
1,AINR,trig,799,0,1,0,1,48.27439999996841,1.3221544027328491,0.6328682899475095
1,AINR,trig,800,0,1,0,1,45.184600000084174,1.5439966917037964,0.6328682899475095
1,AINR,trig,801,0,1,0,1,43.35649999995894,1.4933898448944092,0.6328682899475095
1,AINR,trig,802,0,1,0,1,55.66670000007434,1.3317550420761108,0.6328682899475095
1,AINR,trig,803,0,1,0,1,60.30150000003687,1.455779790878296,0.6328682899475095
1,AINR,trig,804,0,1,0,1,48.91900000006899,1.575171947479248,0.6328682899475095
1,AINR,trig,805,0,1,0,1,43.56719999998404,1.177161693572998,0.6328682899475095
1,AINR,trig,806,0,1,0,1,48.3159999999998,1.3639535903930664,0.6328682899475095
1,AINR,trig,807,0,1,0,1,46.69059999991987,1.3972829580307007,0.6328682899475095
1,AINR,trig,808,0,1,0,1,45.88980000005449,1.4048547744750977,0.6328682899475095
1,AINR,trig,809,0,1,0,1,42.46569999997973,1.2917526960372925,0.6328682899475095
1,AINR,trig,810,0,1,0,1,42.76299999992261,1.2826732397079468,0.6328682899475095
1,AINR,trig,811,0,1,0,1,45.147700000029545,1.3545825481414795,0.6328682899475095
1,AINR,trig,812,0,1,0,1,43.94809999996596,1.2984564304351807,0.6328682899475095
1,AINR,trig,813,0,1,0,1,48.751100000004044,1.1677519083023071,0.6328682899475095
1,AINR,trig,814,0,1,0,1,57.94119999995928,1.33763587474823,0.6328682899475095
1,AINR,trig,815,0,1,0,1,60.28620000006413,1.2950081825256348,0.6328682899475095
1,AINR,trig,816,0,1,0,1,46.36219999997593,1.2853888273239136,0.6328682899475095
1,AINR,trig,817,0,1,0,1,45.75899999997546,1.1318577527999878,0.6328682899475095
1,AINR,trig,818,0,1,0,1,48.18139999997584,1.2834502458572388,0.6328682899475095
1,AINR,trig,819,0,1,0,1,46.92520000003242,1.1791927814483643,0.6328682899475095
1,AINR,trig,820,0,1,0,1,46.156999999993786,1.3352231979370117,0.6328682899475095
1,AINR,trig,821,0,1,0,1,45.885999999995875,1.4725819826126099,0.6328682899475095
1,AINR,trig,822,0,1,0,1,46.74169999998412,1.4492123126983643,0.6328682899475095
1,AINR,trig,823,0,1,0,1,45.42309999999361,1.3858909606933594,0.6328682899475095
1,AINR,trig,824,0,1,0,1,43.46280000004299,1.3474844694137573,0.6328682899475095
1,AINR,trig,825,0,1,0,1,44.08860000000914,1.4531793594360352,0.6328682899475095
1,AINR,trig,826,0,1,0,1,44.27469999995992,1.4159716367721558,0.6328682899475095
1,AINR,trig,827,0,1,0,1,55.15100000002349,1.2520614862442017,0.6328682899475095
1,AINR,trig,828,0,1,0,1,57.97849999999016,1.2161431312561035,0.6328682899475095
1,AINR,trig,829,0,1,0,1,56.31289999996625,1.3695589303970337,0.6328682899475095
1,AINR,trig,830,0,1,0,1,47.618099999908736,1.275917887687683,0.6328682899475095
1,AINR,trig,831,0,1,0,1,51.83260000001155,1.414475917816162,0.6328682899475095
1,AINR,trig,832,0,1,0,1,49.905700000067554,1.1165887117385864,0.6328682899475095
1,AINR,trig,833,0,1,0,1,47.74290000000292,1.221815586090088,0.6328682899475095
1,AINR,trig,834,0,1,0,1,45.963400000005095,1.2178544998168945,0.6328682899475095
1,AINR,trig,835,0,1,0,1,46.30839999992986,1.311489224433899,0.6328682899475095
1,AINR,trig,836,0,1,0,1,45.51800000001549,1.338587760925293,0.6328682899475095
1,AINR,trig,837,0,1,0,1,46.15289999992456,1.1518887281417847,0.6328682899475095
1,AINR,trig,838,0,1,0,1,45.23199999994176,1.3247345685958862,0.6328682899475095
1,AINR,trig,839,0,1,0,1,44.3440000000237,1.4468244314193726,0.6328682899475095
1,AINR,trig,840,0,1,0,1,53.33069999994677,1.3098628520965576,0.6328682899475095
1,AINR,trig,841,0,1,0,1,58.435800000097515,1.132521152496338,0.6328682899475095
1,AINR,trig,842,0,1,0,1,56.3984000000346,1.3884947299957275,0.6328682899475095
1,AINR,trig,843,0,1,0,1,48.12669999989794,1.3998149633407593,0.6328682899475095
1,AINR,trig,844,0,1,0,1,44.191799999907744,1.4538171291351318,0.6328682899475095
1,AINR,trig,845,0,1,0,1,54.0705999999318,1.1857670545578003,0.6328682899475095
1,AINR,trig,846,0,1,0,1,54.18880000001991,1.3076729774475098,0.6328682899475095
1,AINR,trig,847,0,1,0,1,44.09920000000511,1.1313047409057617,0.6328682899475095
1,AINR,trig,848,0,1,0,1,44.20370000002549,1.332465410232544,0.6328682899475095
1,AINR,trig,849,0,1,0,1,56.69620000003306,1.2465949058532715,0.6328682899475095
1,AINR,trig,850,0,1,0,1,56.498500000088825,1.3048399686813354,0.6328682899475095
1,AINR,trig,851,0,1,0,1,58.00460000000385,1.202626347541809,0.6328682899475095
1,AINR,trig,852,0,1,0,1,51.171800000020085,1.2108709812164307,0.6328682899475095
1,AINR,trig,853,0,1,0,1,47.32960000001185,1.4056074619293213,0.6328682899475095
1,AINR,trig,854,0,1,0,1,45.45819999998457,1.3925172090530396,0.6328682899475095
1,AINR,trig,855,0,1,0,1,50.750399999969886,1.3443275690078735,0.6328682899475095
1,AINR,trig,856,0,1,0,1,44.94959999999537,1.3594943284988403,0.6328682899475095
1,AINR,trig,857,0,1,0,1,45.073999999999614,1.4989796876907349,0.6328682899475095
1,AINR,trig,858,0,1,0,1,49.59550000000945,1.2487678527832031,0.6328682899475095
1,AINR,trig,859,0,1,0,1,44.09259999999904,1.191573977470398,0.6328682899475095
1,AINR,trig,860,0,1,0,1,45.460700000035104,1.4694744348526,0.6328682899475095
1,AINR,trig,861,1,0,0,0,nan,1.247809648513794,0.6328682899475095
1,AINR,trig,862,0,1,0,1,49.33049999999639,1.0856471061706543,0.6328682899475095
1,AINR,trig,863,0,1,0,1,46.96990000002188,1.0347307920455933,0.6328682899475095
1,AINR,trig,864,0,1,0,1,46.07420000002094,1.4381808042526245,0.6328682899475095
1,AINR,trig,865,0,1,0,1,45.288499999969645,1.3332842588424683,0.6328682899475095
1,AINR,trig,866,0,1,0,1,44.39359999992121,1.2423745393753052,0.6328682899475095
1,AINR,trig,867,0,1,0,1,43.28309999993962,1.3142096996307373,0.6328682899475095
1,AINR,trig,868,0,1,0,1,44.832499999984066,1.2981172800064087,0.6328682899475095
1,AINR,trig,869,0,1,0,1,45.30499999998483,1.3537371158599854,0.6328682899475095
1,AINR,trig,870,0,1,0,1,50.88839999996253,1.2890292406082153,0.6328682899475095
1,AINR,trig,871,0,1,0,1,56.138400000008915,1.149985432624817,0.6328682899475095
1,AINR,trig,872,0,1,0,1,61.51599999998325,1.395937204360962,0.6328682899475095
1,AINR,trig,873,0,1,0,1,45.38830000001326,1.469459891319275,0.6328682899475095
1,AINR,trig,874,0,1,0,1,47.026599999981045,1.2741413116455078,0.6328682899475095
1,AINR,trig,875,0,1,0,1,46.747000000095795,1.1195504665374756,0.6328682899475095
1,AINR,trig,876,0,1,0,1,50.61619999992217,1.4253275394439697,0.6328682899475095
1,AINR,trig,877,0,1,0,1,45.79839999996693,1.303188443183899,0.6328682899475095
1,AINR,trig,878,0,1,0,1,53.44219999994948,1.0657800436019897,0.6328682899475095
1,AINR,trig,879,0,1,0,1,45.9861000000501,1.413496732711792,0.6328682899475095
1,AINR,trig,880,0,1,0,1,47.55550000004405,1.284873366355896,0.6328682899475095
1,AINR,trig,881,0,1,0,1,44.62289999992208,1.3470160961151123,0.6328682899475095
1,AINR,trig,882,0,1,0,1,56.15940000006958,1.4388365745544434,0.6328682899475095
1,AINR,trig,883,0,1,0,1,60.430500000052234,1.346888542175293,0.6328682899475095
1,AINR,trig,884,0,1,0,1,56.61339999994652,1.2102011442184448,0.6328682899475095
1,AINR,trig,885,0,1,0,1,49.92589999994834,1.2796084880828857,0.6328682899475095
1,AINR,trig,886,0,1,0,1,49.779400000034,1.0969047546386719,0.6328682899475095
1,AINR,trig,887,0,1,0,1,45.17669999995633,1.1503251791000366,0.6328682899475095
1,AINR,trig,888,0,1,0,1,49.39209999997729,1.3122831583023071,0.6328682899475095
1,AINR,trig,889,0,1,0,1,49.47500000002947,1.1452841758728027,0.6328682899475095
1,AINR,trig,890,0,1,0,1,45.22229999997762,1.5329262018203735,0.6328682899475095
1,AINR,trig,891,0,1,0,1,45.1448999999684,1.3297590017318726,0.6328682899475095
1,AINR,trig,892,0,1,0,1,44.90849999990587,1.553175687789917,0.6328682899475095
1,AINR,trig,893,0,1,0,1,45.02740000009453,1.2283856868743896,0.6328682899475095
1,AINR,trig,894,0,1,0,1,45.14419999998154,1.4167829751968384,0.6328682899475095
1,AINR,trig,895,0,1,0,1,43.79689999996117,1.2907733917236328,0.6328682899475095
1,AINR,trig,896,0,1,0,1,44.47980000009011,1.1966736316680908,0.6328682899475095
1,AINR,trig,897,0,1,0,1,51.88239999995403,1.381462812423706,0.6328682899475095
1,AINR,trig,898,0,1,0,1,57.13100000002669,1.0739611387252808,0.6328682899475095
1,AINR,trig,899,0,1,0,1,60.06569999999556,1.3330849409103394,0.6328682899475095
1,AINR,trig,900,0,1,0,1,50.69500000001881,1.4027214050292969,0.6328682899475095
1,AINR,trig,901,0,1,0,1,44.83430000004773,1.1749497652053833,0.6328682899475095
1,AINR,trig,902,0,1,0,1,47.3080999998956,1.3443554639816284,0.6328682899475095
1,AINR,trig,903,0,1,0,1,48.21560000004865,1.2069182395935059,0.6328682899475095
1,AINR,trig,904,0,1,0,1,45.42109999999866,1.307833194732666,0.6328682899475095
1,AINR,trig,905,0,1,0,1,44.85869999996339,1.285414457321167,0.6328682899475095
1,AINR,trig,906,0,1,0,1,48.82369999995717,1.4830254316329956,0.6328682899475095
1,AINR,trig,907,0,1,0,1,43.720699999994395,1.3455700874328613,0.6328682899475095
1,AINR,trig,908,0,1,0,1,43.54219999993347,1.282211422920227,0.6328682899475095
1,AINR,trig,909,0,1,0,1,43.6015000000225,1.191058874130249,0.6328682899475095
1,AINR,trig,910,0,1,0,1,43.869900000004236,1.0617008209228516,0.6328682899475095
1,AINR,trig,911,0,1,0,1,45.29750000006061,1.221381664276123,0.6328682899475095
1,AINR,trig,912,0,1,0,1,47.22319999996216,1.1830313205718994,0.6328682899475095
1,AINR,trig,913,0,1,0,1,59.97540000009849,1.2205044031143188,0.6328682899475095
1,AINR,trig,914,0,1,0,1,58.860500000037064,1.4755045175552368,0.6328682899475095
1,AINR,trig,915,0,1,0,1,47.996100000091246,1.5779998302459717,0.6328682899475095
1,AINR,trig,916,0,1,0,1,43.357199999945806,1.245554804801941,0.6328682899475095
1,AINR,trig,917,0,1,0,1,50.03450000003795,1.3586267232894897,0.6328682899475095
1,AINR,trig,918,0,1,0,1,46.94250000000011,1.2673487663269043,0.6328682899475095
1,AINR,trig,919,0,1,0,1,44.46380000001682,1.497002363204956,0.6328682899475095
1,AINR,trig,920,0,1,0,1,44.60650000009991,1.2215816974639893,0.6328682899475095
1,AINR,trig,921,0,1,0,1,44.66560000003028,1.315954566001892,0.6328682899475095
1,AINR,trig,922,0,1,0,1,44.89969999997356,1.5600143671035767,0.6328682899475095
1,AINR,trig,923,0,1,0,1,58.98259999992206,1.3737404346466064,0.6328682899475095
1,AINR,trig,924,0,1,0,1,57.97979999999825,1.267941951751709,0.6328682899475095
1,AINR,trig,925,0,1,0,1,59.41090000010263,1.2076338529586792,0.6328682899475095
1,AINR,trig,926,0,1,0,1,51.47710000005645,1.2362357378005981,0.6328682899475095
1,AINR,trig,927,0,1,0,1,49.980699999991884,1.2133164405822754,0.6328682899475095
1,AINR,trig,928,0,1,0,1,60.85109999992255,1.345900297164917,0.6328682899475095
1,AINR,trig,929,0,1,0,1,46.56399999998939,1.323671817779541,0.6328682899475095
1,AINR,trig,930,0,1,0,1,48.87050000002091,1.6207778453826904,0.6328682899475095
1,AINR,trig,931,0,1,0,1,45.09810000001835,1.1251307725906372,0.6328682899475095
1,AINR,trig,932,0,1,0,1,45.763999999962834,1.1844555139541626,0.6328682899475095
1,AINR,trig,933,0,1,0,1,57.916900000009264,1.2432880401611328,0.6328682899475095
1,AINR,trig,934,0,1,0,1,61.50629999990542,1.390657901763916,0.6328682899475095
1,AINR,trig,935,0,1,0,1,50.791000000003805,1.4874478578567505,0.6328682899475095
1,AINR,trig,936,0,1,0,1,47.23239999998441,1.317404866218567,0.6328682899475095
1,AINR,trig,937,0,1,0,1,42.53429999994296,1.4776983261108398,0.6328682899475095
1,AINR,trig,938,0,1,0,1,48.344999999926586,1.4835323095321655,0.6328682899475095
1,AINR,trig,939,0,1,0,1,48.75670000001264,1.2759748697280884,0.6328682899475095
1,AINR,trig,940,0,1,0,1,46.49929999993674,1.392841100692749,0.6328682899475095
1,AINR,trig,941,0,1,0,1,45.86570000003576,1.0057392120361328,0.6328682899475095
1,AINR,trig,942,0,1,0,1,53.196899999989,1.3721102476119995,0.6328682899475095
1,AINR,trig,943,0,1,0,1,46.84569999994892,1.2750506401062012,0.6328682899475095
1,AINR,trig,944,0,1,0,1,46.900899999968715,1.4122940301895142,0.6328682899475095
1,AINR,trig,945,0,1,0,1,44.48729999990064,1.526221752166748,0.6328682899475095
1,AINR,trig,946,0,1,0,1,43.89660000003914,1.2665612697601318,0.6328682899475095
1,AINR,trig,947,0,1,0,1,43.51669999994101,1.1786370277404785,0.6328682899475095
1,AINR,trig,948,0,1,0,1,55.70619999991777,1.3599648475646973,0.6328682899475095
1,AINR,trig,949,0,1,0,1,60.05830000003698,1.3230315446853638,0.6328682899475095
1,AINR,trig,950,0,1,0,1,54.25609999997505,1.2630000114440918,0.6328682899475095
1,AINR,trig,951,0,1,0,1,52.12030000006962,1.3165264129638672,0.6328682899475095
1,AINR,trig,952,0,1,0,1,46.51100000000952,1.315743327140808,0.6328682899475095
1,AINR,trig,953,0,1,0,1,44.40599999998085,1.3732393980026245,0.6328682899475095
1,AINR,trig,954,0,1,0,1,48.64990000010039,1.589687466621399,0.6328682899475095
1,AINR,trig,955,0,1,0,1,48.29670000003716,1.3503985404968262,0.6328682899475095
1,AINR,trig,956,0,1,0,1,46.665500000017346,1.3206326961517334,0.6328682899475095
1,AINR,trig,957,0,1,0,1,48.48579999998037,1.4545828104019165,0.6328682899475095
1,AINR,trig,958,0,1,0,1,44.67819999990752,1.4979884624481201,0.6328682899475095
1,AINR,trig,959,0,1,0,1,45.06119999996372,1.283629298210144,0.6328682899475095
1,AINR,trig,960,0,1,0,1,45.11330000002545,1.4262099266052246,0.6328682899475095
1,AINR,trig,961,0,1,0,1,44.95120000001407,1.4583710432052612,0.6328682899475095
1,AINR,trig,962,0,1,0,1,47.72289999993973,1.296731948852539,0.6328682899475095
1,AINR,trig,963,0,1,0,1,48.16040000002886,1.3720554113388062,0.6328682899475095
1,AINR,trig,964,0,1,0,1,58.68789999999535,1.361912727355957,0.6328682899475095
1,AINR,trig,965,0,1,0,1,64.6319999999605,1.180734634399414,0.6328682899475095
1,AINR,trig,966,0,1,0,1,46.53650000000198,1.255047082901001,0.6328682899475095
1,AINR,trig,967,0,1,0,1,45.57019999992917,1.2149966955184937,0.6328682899475095
1,AINR,trig,968,0,1,0,1,50.1500999999962,1.2405792474746704,0.6328682899475095
1,AINR,trig,969,0,1,0,1,58.51589999997486,1.1884725093841553,0.6328682899475095
1,AINR,trig,970,0,1,0,1,56.265599999960614,1.083633303642273,0.6328682899475095
1,AINR,trig,971,0,1,0,1,53.959299999974064,1.2857030630111694,0.6328682899475095
1,AINR,trig,972,0,1,0,1,60.30770000006669,1.2234339714050293,0.6328682899475095
1,AINR,trig,973,0,1,0,1,58.696700000041346,1.4081670045852661,0.6328682899475095
1,AINR,trig,974,0,1,0,1,58.166099999994,1.2184319496154785,0.6328682899475095
1,AINR,trig,975,0,1,0,1,55.941299999972216,1.1978484392166138,0.6328682899475095
1,AINR,trig,976,0,1,0,1,53.54069999998501,1.2652275562286377,0.6328682899475095
1,AINR,trig,977,0,1,0,1,46.26500000006217,1.3642759323120117,0.6328682899475095
1,AINR,trig,978,0,1,0,1,48.33299999995688,1.528217077255249,0.6328682899475095
1,AINR,trig,979,0,1,0,1,47.54990000003545,1.06500244140625,0.6328682899475095
1,AINR,trig,980,0,1,0,1,45.51860000003671,1.6330169439315796,0.6328682899475095
1,AINR,trig,981,0,1,0,1,45.94350000002123,1.622739315032959,0.6328682899475095
1,AINR,trig,982,0,1,0,1,45.5075999999508,1.128177285194397,0.6328682899475095
1,AINR,trig,983,0,1,0,1,45.44250000003558,1.1522687673568726,0.6328682899475095
1,AINR,trig,984,0,1,0,1,45.92039999999997,1.5162266492843628,0.6328682899475095
1,AINR,trig,985,0,1,0,1,44.29450000009183,1.4326215982437134,0.6328682899475095
1,AINR,trig,986,0,1,0,1,45.3899999999976,1.1219611167907715,0.6328682899475095
1,AINR,trig,987,0,1,0,1,53.05029999999533,1.2139148712158203,0.6328682899475095
1,AINR,trig,988,0,1,0,1,58.02799999992203,1.3758363723754883,0.6328682899475095
1,AINR,trig,989,0,1,0,1,60.091599999964274,1.2027275562286377,0.6328682899475095
1,AINR,trig,990,0,1,0,1,48.63569999997708,1.1767433881759644,0.6328682899475095
1,AINR,trig,991,0,1,0,1,47.89399999992838,1.39495849609375,0.6328682899475095
1,AINR,trig,992,0,1,0,1,55.98120000001927,1.1493865251541138,0.6328682899475095
1,AINR,trig,993,0,1,0,1,48.22949999993398,1.4934892654418945,0.6328682899475095
1,AINR,trig,994,0,1,0,1,47.11789999998928,1.1447919607162476,0.6328682899475095
1,AINR,trig,995,0,1,0,1,45.746699999995144,1.190438151359558,0.6328682899475095
1,AINR,trig,996,0,1,0,1,44.08750000004602,1.4500436782836914,0.6328682899475095
1,AINR,trig,997,0,1,0,1,47.66410000001997,1.355168342590332,0.6328682899475095
1,AINR,trig,998,0,1,0,1,50.28509999999642,1.406403660774231,0.6328682899475095
1,AINR,trig,999,0,1,0,1,58.9046000000053,1.3899247646331787,0.6328682899475095
1,DiscNRX,none,0,1,0,0,0,nan,nan,-0.887123066186905
1,DiscNRX,none,1,0,1,0,0,nan,nan,-0.887123066186905
1,DiscNRX,none,2,1,0,0,0,nan,nan,-0.887123066186905
1,DiscNRX,none,3,1,0,0,0,nan,nan,-0.887123066186905
1,DiscNRX,none,4,0,1,0,0,nan,nan,-0.887123066186905
1,DiscNRX,none,5,0,1,0,0,nan,nan,-0.887123066186905
1,DiscNRX,none,6,1,0,0,0,nan,nan,-0.887123066186905
1,DiscNRX,none,7,0,1,0,0,nan,nan,-0.887123066186905
1,DiscNRX,none,8,1,0,0,0,nan,nan,-0.887123066186905
1,DiscNRX,none,9,1,0,0,0,nan,nan,-0.887123066186905
1,DiscNRX,none,10,1,0,0,0,nan,nan,-0.887123066186905
1,DiscNRX,none,11,1,0,0,0,nan,nan,-0.887123066186905
1,DiscNRX,none,12,1,0,0,0,nan,nan,-0.887123066186905
1,DiscNRX,none,13,1,0,0,0,nan,nan,-0.887123066186905
1,DiscNRX,none,14,1,0,0,0,nan,nan,-0.887123066186905
1,DiscNRX,none,15,1,0,0,0,nan,nan,-0.887123066186905
1,DiscNRX,none,16,1,0,0,0,nan,nan,-0.887123066186905
1,DiscNRX,none,17,0,1,0,0,nan,nan,-0.887123066186905
1,DiscNRX,none,18,1,0,0,0,nan,nan,-0.887123066186905
1,DiscNRX,none,19,1,0,0,0,nan,nan,-0.887123066186905
1,DiscNRX,none,20,1,0,0,0,nan,nan,-0.887123066186905
1,DiscNRX,none,21,1,0,0,0,nan,nan,-0.887123066186905
1,DiscNRX,none,22,0,1,0,0,nan,nan,-0.887123066186905
1,DiscNRX,none,23,1,0,0,0,nan,nan,-0.887123066186905
1,DiscNRX,none,24,0,1,0,0,nan,nan,-0.887123066186905
1,DiscNRX,none,25,1,0,0,0,nan,nan,-0.887123066186905
1,DiscNRX,none,26,0,1,0,0,nan,nan,-0.887123066186905
1,DiscNRX,none,27,1,0,0,0,nan,nan,-0.887123066186905
1,DiscNRX,none,28,0,1,0,0,nan,nan,-0.887123066186905
1,DiscNRX,none,29,1,0,0,0,nan,nan,-0.887123066186905
1,DiscNRX,none,30,1,0,0,0,nan,nan,-0.887123066186905
1,DiscNRX,none,31,0,1,0,0,nan,nan,-0.887123066186905
1,DiscNRX,none,32,1,0,0,0,nan,nan,-0.887123066186905
1,DiscNRX,none,33,1,0,0,0,nan,nan,-0.887123066186905
1,DiscNRX,none,34,1,0,0,0,nan,nan,-0.887123066186905
1,DiscNRX,none,35,1,0,0,0,nan,nan,-0.887123066186905
1,DiscNRX,none,36,1,0,0,0,nan,nan,-0.887123066186905
1,DiscNRX,none,37,0,1,0,0,nan,nan,-0.887123066186905
1,DiscNRX,none,38,1,0,0,0,nan,nan,-0.887123066186905
1,DiscNRX,none,39,1,0,0,0,nan,nan,-0.887123066186905
1,DiscNRX,none,40,1,0,0,0,nan,nan,-0.887123066186905
1,DiscNRX,none,41,1,0,0,0,nan,nan,-0.887123066186905
1,DiscNRX,none,42,1,0,0,0,nan,nan,-0.887123066186905
1,DiscNRX,none,43,0,1,0,0,nan,nan,-0.887123066186905
1,DiscNRX,none,44,1,0,0,0,nan,nan,-0.887123066186905
1,DiscNRX,none,45,1,0,0,0,nan,nan,-0.887123066186905
1,DiscNRX,none,46,1,0,0,0,nan,nan,-0.887123066186905
1,DiscNRX,none,47,0,1,0,0,nan,nan,-0.887123066186905
1,DiscNRX,none,48,1,0,0,0,nan,nan,-0.887123066186905
1,DiscNRX,none,49,0,1,0,0,nan,nan,-0.887123066186905
1,DiscNRX,none,50,0,1,0,0,nan,nan,-0.887123066186905
1,DiscNRX,none,51,0,1,0,0,nan,nan,-0.887123066186905
1,DiscNRX,none,52,1,0,0,0,nan,nan,-0.887123066186905
1,DiscNRX,none,53,1,0,0,0,nan,nan,-0.887123066186905
1,DiscNRX,none,54,0,1,0,0,nan,nan,-0.887123066186905
1,DiscNRX,none,55,1,0,0,0,nan,nan,-0.887123066186905
1,DiscNRX,none,56,0,1,0,0,nan,nan,-0.887123066186905
1,DiscNRX,none,57,1,0,0,0,nan,nan,-0.887123066186905
1,DiscNRX,none,58,1,0,0,0,nan,nan,-0.887123066186905
1,DiscNRX,none,59,1,0,0,0,nan,nan,-0.887123066186905
1,DiscNRX,none,60,1,0,0,0,nan,nan,-0.887123066186905
1,DiscNRX,none,61,1,0,0,0,nan,nan,-0.887123066186905
1,DiscNRX,none,62,0,1,0,0,nan,nan,-0.887123066186905
1,DiscNRX,none,63,0,1,0,0,nan,nan,-0.887123066186905
1,DiscNRX,none,64,1,0,0,0,nan,nan,-0.887123066186905
1,DiscNRX,none,65,1,0,0,0,nan,nan,-0.887123066186905
1,DiscNRX,none,66,1,0,0,0,nan,nan,-0.887123066186905
1,DiscNRX,none,67,0,1,0,0,nan,nan,-0.887123066186905
1,DiscNRX,none,68,1,0,0,0,nan,nan,-0.887123066186905
1,DiscNRX,none,69,0,1,0,0,nan,nan,-0.887123066186905
1,DiscNRX,none,70,1,0,0,0,nan,nan,-0.887123066186905
1,DiscNRX,none,71,0,1,0,0,nan,nan,-0.887123066186905
1,DiscNRX,none,72,1,0,0,0,nan,nan,-0.887123066186905
1,DiscNRX,none,73,0,1,0,0,nan,nan,-0.887123066186905
1,DiscNRX,none,74,0,1,0,0,nan,nan,-0.887123066186905
1,DiscNRX,none,75,1,0,0,0,nan,nan,-0.887123066186905
1,DiscNRX,none,76,0,1,0,0,nan,nan,-0.887123066186905
1,DiscNRX,none,77,0,1,0,0,nan,nan,-0.887123066186905
1,DiscNRX,none,78,0,1,0,0,nan,nan,-0.887123066186905
1,DiscNRX,none,79,1,0,0,0,nan,nan,-0.887123066186905
1,DiscNRX,none,80,0,1,0,0,nan,nan,-0.887123066186905
1,DiscNRX,none,81,1,0,0,0,nan,nan,-0.887123066186905
1,DiscNRX,none,82,1,0,0,0,nan,nan,-0.887123066186905
1,DiscNRX,none,83,0,1,0,0,nan,nan,-0.887123066186905
1,DiscNRX,none,84,0,1,0,0,nan,nan,-0.887123066186905
1,DiscNRX,none,85,0,1,0,0,nan,nan,-0.887123066186905
1,DiscNRX,none,86,1,0,0,0,nan,nan,-0.887123066186905
1,DiscNRX,none,87,1,0,0,0,nan,nan,-0.887123066186905
1,DiscNRX,none,88,0,1,0,0,nan,nan,-0.887123066186905
1,DiscNRX,none,89,1,0,0,0,nan,nan,-0.887123066186905
1,DiscNRX,none,90,1,0,0,0,nan,nan,-0.887123066186905
1,DiscNRX,none,91,1,0,0,0,nan,nan,-0.887123066186905
1,DiscNRX,none,92,0,1,0,0,nan,nan,-0.887123066186905
1,DiscNRX,none,93,1,0,0,0,nan,nan,-0.887123066186905
1,DiscNRX,none,94,1,0,0,0,nan,nan,-0.887123066186905
1,DiscNRX,none,95,1,0,0,0,nan,nan,-0.887123066186905
1,DiscNRX,none,96,1,0,0,0,nan,nan,-0.887123066186905
1,DiscNRX,none,97,1,0,0,0,nan,nan,-0.887123066186905
1,DiscNRX,none,98,0,1,0,0,nan,nan,-0.887123066186905
1,DiscNRX,none,99,1,0,0,0,nan,nan,-0.887123066186905
1,DiscNRX,none,100,1,0,0,0,nan,nan,-0.887123066186905
1,DiscNRX,none,101,1,0,0,0,nan,nan,-0.887123066186905
1,DiscNRX,none,102,0,1,0,0,nan,nan,-0.887123066186905
1,DiscNRX,none,103,1,0,0,0,nan,nan,-0.887123066186905
1,DiscNRX,none,104,0,1,0,0,nan,nan,-0.887123066186905
1,DiscNRX,none,105,0,1,0,0,nan,nan,-0.887123066186905
1,DiscNRX,none,106,1,0,0,0,nan,nan,-0.887123066186905
1,DiscNRX,none,107,0,1,0,0,nan,nan,-0.887123066186905
1,DiscNRX,none,108,0,1,0,0,nan,nan,-0.887123066186905
1,DiscNRX,none,109,1,0,0,0,nan,nan,-0.887123066186905
1,DiscNRX,none,110,0,1,0,0,nan,nan,-0.887123066186905
1,DiscNRX,none,111,1,0,0,0,nan,nan,-0.887123066186905
1,DiscNRX,none,112,0,1,0,0,nan,nan,-0.887123066186905
1,DiscNRX,none,113,0,1,0,0,nan,nan,-0.887123066186905
1,DiscNRX,none,114,1,0,0,0,nan,nan,-0.887123066186905
1,DiscNRX,none,115,1,0,0,0,nan,nan,-0.887123066186905
1,DiscNRX,none,116,1,0,0,0,nan,nan,-0.887123066186905
1,DiscNRX,none,117,1,0,0,0,nan,nan,-0.887123066186905
1,DiscNRX,none,118,1,0,0,0,nan,nan,-0.887123066186905
1,DiscNRX,none,119,0,1,0,0,nan,nan,-0.887123066186905
1,DiscNRX,none,120,1,0,0,0,nan,nan,-0.887123066186905
1,DiscNRX,none,121,1,0,0,0,nan,nan,-0.887123066186905
1,DiscNRX,none,122,0,1,0,0,nan,nan,-0.887123066186905
1,DiscNRX,none,123,0,1,0,0,nan,nan,-0.887123066186905
1,DiscNRX,none,124,0,1,0,0,nan,nan,-0.887123066186905
1,DiscNRX,none,125,0,1,0,0,nan,nan,-0.887123066186905
1,DiscNRX,none,126,1,0,0,0,nan,nan,-0.887123066186905
1,DiscNRX,none,127,1,0,0,0,nan,nan,-0.887123066186905
1,DiscNRX,none,128,1,0,0,0,nan,nan,-0.887123066186905
1,DiscNRX,none,129,0,1,0,0,nan,nan,-0.887123066186905
1,DiscNRX,none,130,1,0,0,0,nan,nan,-0.887123066186905
1,DiscNRX,none,131,1,0,0,0,nan,nan,-0.887123066186905
1,DiscNRX,none,132,1,0,0,0,nan,nan,-0.887123066186905
1,DiscNRX,none,133,0,1,0,0,nan,nan,-0.887123066186905
1,DiscNRX,none,134,1,0,0,0,nan,nan,-0.887123066186905
1,DiscNRX,none,135,1,0,0,0,nan,nan,-0.887123066186905
1,DiscNRX,none,136,1,0,0,0,nan,nan,-0.887123066186905
1,DiscNRX,none,137,0,1,0,0,nan,nan,-0.887123066186905
1,DiscNRX,none,138,0,1,0,0,nan,nan,-0.887123066186905
1,DiscNRX,none,139,0,1,0,0,nan,nan,-0.887123066186905
1,DiscNRX,none,140,1,0,0,0,nan,nan,-0.887123066186905
1,DiscNRX,none,141,0,1,0,0,nan,nan,-0.887123066186905
1,DiscNRX,none,142,1,0,0,0,nan,nan,-0.887123066186905
1,DiscNRX,none,143,1,0,0,0,nan,nan,-0.887123066186905
1,DiscNRX,none,144,0,1,0,0,nan,nan,-0.887123066186905
1,DiscNRX,none,145,1,0,0,0,nan,nan,-0.887123066186905
1,DiscNRX,none,146,0,1,0,0,nan,nan,-0.887123066186905
1,DiscNRX,none,147,0,1,0,0,nan,nan,-0.887123066186905
1,DiscNRX,none,148,0,1,0,0,nan,nan,-0.887123066186905
1,DiscNRX,none,149,0,1,0,0,nan,nan,-0.887123066186905
1,DiscNRX,none,150,0,1,0,0,nan,nan,-0.887123066186905
1,DiscNRX,none,151,1,0,0,0,nan,nan,-0.887123066186905
1,DiscNRX,none,152,0,1,0,0,nan,nan,-0.887123066186905
1,DiscNRX,none,153,0,1,0,0,nan,nan,-0.887123066186905
1,DiscNRX,none,154,0,1,0,0,nan,nan,-0.887123066186905
1,DiscNRX,none,155,1,0,0,0,nan,nan,-0.887123066186905
1,DiscNRX,none,156,1,0,0,0,nan,nan,-0.887123066186905
1,DiscNRX,none,157,1,0,0,0,nan,nan,-0.887123066186905
1,DiscNRX,none,158,1,0,0,0,nan,nan,-0.887123066186905
1,DiscNRX,none,159,0,1,0,0,nan,nan,-0.887123066186905
1,DiscNRX,none,160,1,0,0,0,nan,nan,-0.887123066186905
1,DiscNRX,none,161,0,1,0,0,nan,nan,-0.887123066186905
1,DiscNRX,none,162,1,0,0,0,nan,nan,-0.887123066186905
1,DiscNRX,none,163,1,0,0,0,nan,nan,-0.887123066186905
1,DiscNRX,none,164,0,1,0,0,nan,nan,-0.887123066186905
1,DiscNRX,none,165,1,0,0,0,nan,nan,-0.887123066186905
1,DiscNRX,none,166,1,0,0,0,nan,nan,-0.887123066186905
1,DiscNRX,none,167,1,0,0,0,nan,nan,-0.887123066186905
1,DiscNRX,none,168,0,1,0,0,nan,nan,-0.887123066186905
1,DiscNRX,none,169,1,0,0,0,nan,nan,-0.887123066186905
1,DiscNRX,none,170,1,0,0,0,nan,nan,-0.887123066186905
1,DiscNRX,none,171,1,0,0,0,nan,nan,-0.887123066186905
1,DiscNRX,none,172,0,1,0,0,nan,nan,-0.887123066186905
1,DiscNRX,none,173,1,0,0,0,nan,nan,-0.887123066186905
1,DiscNRX,none,174,1,0,0,0,nan,nan,-0.887123066186905
1,DiscNRX,none,175,1,0,0,0,nan,nan,-0.887123066186905
1,DiscNRX,none,176,0,1,0,0,nan,nan,-0.887123066186905
1,DiscNRX,none,177,0,1,0,0,nan,nan,-0.887123066186905
1,DiscNRX,none,178,0,1,0,0,nan,nan,-0.887123066186905
1,DiscNRX,none,179,1,0,0,0,nan,nan,-0.887123066186905
1,DiscNRX,none,180,1,0,0,0,nan,nan,-0.887123066186905
1,DiscNRX,none,181,0,1,0,0,nan,nan,-0.887123066186905
1,DiscNRX,none,182,0,1,0,0,nan,nan,-0.887123066186905
1,DiscNRX,none,183,1,0,0,0,nan,nan,-0.887123066186905
1,DiscNRX,none,184,1,0,0,0,nan,nan,-0.887123066186905
1,DiscNRX,none,185,1,0,0,0,nan,nan,-0.887123066186905
1,DiscNRX,none,186,0,1,0,0,nan,nan,-0.887123066186905
1,DiscNRX,none,187,0,1,0,0,nan,nan,-0.887123066186905
1,DiscNRX,none,188,0,1,0,0,nan,nan,-0.887123066186905
1,DiscNRX,none,189,1,0,0,0,nan,nan,-0.887123066186905
1,DiscNRX,none,190,1,0,0,0,nan,nan,-0.887123066186905
1,DiscNRX,none,191,0,1,0,0,nan,nan,-0.887123066186905
1,DiscNRX,none,192,1,0,0,0,nan,nan,-0.887123066186905
1,DiscNRX,none,193,1,0,0,0,nan,nan,-0.887123066186905
1,DiscNRX,none,194,1,0,0,0,nan,nan,-0.887123066186905
1,DiscNRX,none,195,1,0,0,0,nan,nan,-0.887123066186905
1,DiscNRX,none,196,1,0,0,0,nan,nan,-0.887123066186905
1,DiscNRX,none,197,1,0,0,0,nan,nan,-0.887123066186905
1,DiscNRX,none,198,1,0,0,0,nan,nan,-0.887123066186905
1,DiscNRX,none,199,1,0,0,0,nan,nan,-0.887123066186905
1,DiscNRX,none,200,1,0,0,0,nan,nan,-0.887123066186905
1,DiscNRX,none,201,1,0,0,0,nan,nan,-0.887123066186905
1,DiscNRX,none,202,1,0,0,0,nan,nan,-0.887123066186905
1,DiscNRX,none,203,0,1,0,0,nan,nan,-0.887123066186905
1,DiscNRX,none,204,1,0,0,0,nan,nan,-0.887123066186905
1,DiscNRX,none,205,0,1,0,0,nan,nan,-0.887123066186905
1,DiscNRX,none,206,0,1,0,0,nan,nan,-0.887123066186905
1,DiscNRX,none,207,0,1,0,0,nan,nan,-0.887123066186905
1,DiscNRX,none,208,0,1,0,0,nan,nan,-0.887123066186905
1,DiscNRX,none,209,1,0,0,0,nan,nan,-0.887123066186905
1,DiscNRX,none,210,1,0,0,0,nan,nan,-0.887123066186905
1,DiscNRX,none,211,0,1,0,0,nan,nan,-0.887123066186905
1,DiscNRX,none,212,1,0,0,0,nan,nan,-0.887123066186905
1,DiscNRX,none,213,1,0,0,0,nan,nan,-0.887123066186905
1,DiscNRX,none,214,1,0,0,0,nan,nan,-0.887123066186905
1,DiscNRX,none,215,0,1,0,0,nan,nan,-0.887123066186905
1,DiscNRX,none,216,1,0,0,0,nan,nan,-0.887123066186905
1,DiscNRX,none,217,0,1,0,0,nan,nan,-0.887123066186905
1,DiscNRX,none,218,0,1,0,0,nan,nan,-0.887123066186905
1,DiscNRX,none,219,1,0,0,0,nan,nan,-0.887123066186905
1,DiscNRX,none,220,0,1,0,0,nan,nan,-0.887123066186905
1,DiscNRX,none,221,0,1,0,0,nan,nan,-0.887123066186905
1,DiscNRX,none,222,0,1,0,0,nan,nan,-0.887123066186905
1,DiscNRX,none,223,0,1,0,0,nan,nan,-0.887123066186905
1,DiscNRX,none,224,0,1,0,0,nan,nan,-0.887123066186905
1,DiscNRX,none,225,0,1,0,0,nan,nan,-0.887123066186905
1,DiscNRX,none,226,1,0,0,0,nan,nan,-0.887123066186905
1,DiscNRX,none,227,1,0,0,0,nan,nan,-0.887123066186905
1,DiscNRX,none,228,1,0,0,0,nan,nan,-0.887123066186905
1,DiscNRX,none,229,0,1,0,0,nan,nan,-0.887123066186905
1,DiscNRX,none,230,1,0,0,0,nan,nan,-0.887123066186905
1,DiscNRX,none,231,1,0,0,0,nan,nan,-0.887123066186905
1,DiscNRX,none,232,1,0,0,0,nan,nan,-0.887123066186905
1,DiscNRX,none,233,0,1,0,0,nan,nan,-0.887123066186905
1,DiscNRX,none,234,0,1,0,0,nan,nan,-0.887123066186905
1,DiscNRX,none,235,0,1,0,0,nan,nan,-0.887123066186905
1,DiscNRX,none,236,1,0,0,0,nan,nan,-0.887123066186905
1,DiscNRX,none,237,0,1,0,0,nan,nan,-0.887123066186905
1,DiscNRX,none,238,1,0,0,0,nan,nan,-0.887123066186905
1,DiscNRX,none,239,0,1,0,0,nan,nan,-0.887123066186905
1,DiscNRX,none,240,0,1,0,0,nan,nan,-0.887123066186905
1,DiscNRX,none,241,0,1,0,0,nan,nan,-0.887123066186905
1,DiscNRX,none,242,0,1,0,0,nan,nan,-0.887123066186905
1,DiscNRX,none,243,0,1,0,0,nan,nan,-0.887123066186905
1,DiscNRX,none,244,1,0,0,0,nan,nan,-0.887123066186905
1,DiscNRX,none,245,1,0,0,0,nan,nan,-0.887123066186905
1,DiscNRX,none,246,1,0,0,0,nan,nan,-0.887123066186905
1,DiscNRX,none,247,1,0,0,0,nan,nan,-0.887123066186905
1,DiscNRX,none,248,0,1,0,0,nan,nan,-0.887123066186905
1,DiscNRX,none,249,0,1,0,0,nan,nan,-0.887123066186905
1,DiscNRX,none,250,0,1,0,0,nan,nan,-0.887123066186905
1,DiscNRX,none,251,1,0,0,0,nan,nan,-0.887123066186905
1,DiscNRX,none,252,0,1,0,0,nan,nan,-0.887123066186905
1,DiscNRX,none,253,1,0,0,0,nan,nan,-0.887123066186905
1,DiscNRX,none,254,0,1,0,0,nan,nan,-0.887123066186905
1,DiscNRX,none,255,1,0,0,0,nan,nan,-0.887123066186905
1,DiscNRX,none,256,0,1,0,0,nan,nan,-0.887123066186905
1,DiscNRX,none,257,1,0,0,0,nan,nan,-0.887123066186905
1,DiscNRX,none,258,1,0,0,0,nan,nan,-0.887123066186905
1,DiscNRX,none,259,0,1,0,0,nan,nan,-0.887123066186905
1,DiscNRX,none,260,0,1,0,0,nan,nan,-0.887123066186905
1,DiscNRX,none,261,0,1,0,0,nan,nan,-0.887123066186905
1,DiscNRX,none,262,0,1,0,0,nan,nan,-0.887123066186905
1,DiscNRX,none,263,1,0,0,0,nan,nan,-0.887123066186905
1,DiscNRX,none,264,0,1,0,0,nan,nan,-0.887123066186905
1,DiscNRX,none,265,1,0,0,0,nan,nan,-0.887123066186905
1,DiscNRX,none,266,0,1,0,0,nan,nan,-0.887123066186905
1,DiscNRX,none,267,0,1,0,0,nan,nan,-0.887123066186905
1,DiscNRX,none,268,0,1,0,0,nan,nan,-0.887123066186905
1,DiscNRX,none,269,0,1,0,0,nan,nan,-0.887123066186905
1,DiscNRX,none,270,1,0,0,0,nan,nan,-0.887123066186905
1,DiscNRX,none,271,0,1,0,0,nan,nan,-0.887123066186905
1,DiscNRX,none,272,1,0,0,0,nan,nan,-0.887123066186905
1,DiscNRX,none,273,1,0,0,0,nan,nan,-0.887123066186905
1,DiscNRX,none,274,0,1,0,0,nan,nan,-0.887123066186905
1,DiscNRX,none,275,1,0,0,0,nan,nan,-0.887123066186905
1,DiscNRX,none,276,0,1,0,0,nan,nan,-0.887123066186905
1,DiscNRX,none,277,0,1,0,0,nan,nan,-0.887123066186905
1,DiscNRX,none,278,1,0,0,0,nan,nan,-0.887123066186905
1,DiscNRX,none,279,0,1,0,0,nan,nan,-0.887123066186905
1,DiscNRX,none,280,0,1,0,0,nan,nan,-0.887123066186905
1,DiscNRX,none,281,0,1,0,0,nan,nan,-0.887123066186905
1,DiscNRX,none,282,0,1,0,0,nan,nan,-0.887123066186905
1,DiscNRX,none,283,0,1,0,0,nan,nan,-0.887123066186905
1,DiscNRX,none,284,1,0,0,0,nan,nan,-0.887123066186905
1,DiscNRX,none,285,0,1,0,0,nan,nan,-0.887123066186905
1,DiscNRX,none,286,1,0,0,0,nan,nan,-0.887123066186905
1,DiscNRX,none,287,0,1,0,0,nan,nan,-0.887123066186905
1,DiscNRX,none,288,0,1,0,0,nan,nan,-0.887123066186905
1,DiscNRX,none,289,1,0,0,0,nan,nan,-0.887123066186905
1,DiscNRX,none,290,1,0,0,0,nan,nan,-0.887123066186905
1,DiscNRX,none,291,0,1,0,0,nan,nan,-0.887123066186905
1,DiscNRX,none,292,1,0,0,0,nan,nan,-0.887123066186905
1,DiscNRX,none,293,0,1,0,0,nan,nan,-0.887123066186905
1,DiscNRX,none,294,1,0,0,0,nan,nan,-0.887123066186905
1,DiscNRX,none,295,0,1,0,0,nan,nan,-0.887123066186905
1,DiscNRX,none,296,0,1,0,0,nan,nan,-0.887123066186905
1,DiscNRX,none,297,0,1,0,0,nan,nan,-0.887123066186905
1,DiscNRX,none,298,0,1,0,0,nan,nan,-0.887123066186905
1,DiscNRX,none,299,0,1,0,0,nan,nan,-0.887123066186905
1,DiscNRX,none,300,1,0,0,0,nan,nan,-0.887123066186905
1,DiscNRX,none,301,1,0,0,0,nan,nan,-0.887123066186905
1,DiscNRX,none,302,0,1,0,0,nan,nan,-0.887123066186905
1,DiscNRX,none,303,1,0,0,0,nan,nan,-0.887123066186905
1,DiscNRX,none,304,1,0,0,0,nan,nan,-0.887123066186905
1,DiscNRX,none,305,1,0,0,0,nan,nan,-0.887123066186905
1,DiscNRX,none,306,1,0,0,0,nan,nan,-0.887123066186905
1,DiscNRX,none,307,1,0,0,0,nan,nan,-0.887123066186905
1,DiscNRX,none,308,0,1,0,0,nan,nan,-0.887123066186905
1,DiscNRX,none,309,1,0,0,0,nan,nan,-0.887123066186905
1,DiscNRX,none,310,1,0,0,0,nan,nan,-0.887123066186905
1,DiscNRX,none,311,1,0,0,0,nan,nan,-0.887123066186905
1,DiscNRX,none,312,1,0,0,0,nan,nan,-0.887123066186905
1,DiscNRX,none,313,1,0,0,0,nan,nan,-0.887123066186905
1,DiscNRX,none,314,0,1,0,0,nan,nan,-0.887123066186905
1,DiscNRX,none,315,1,0,0,0,nan,nan,-0.887123066186905
1,DiscNRX,none,316,1,0,0,0,nan,nan,-0.887123066186905
1,DiscNRX,none,317,1,0,0,0,nan,nan,-0.887123066186905
1,DiscNRX,none,318,1,0,0,0,nan,nan,-0.887123066186905
1,DiscNRX,none,319,0,1,0,0,nan,nan,-0.887123066186905
1,DiscNRX,none,320,1,0,0,0,nan,nan,-0.887123066186905
1,DiscNRX,none,321,1,0,0,0,nan,nan,-0.887123066186905
1,DiscNRX,none,322,1,0,0,0,nan,nan,-0.887123066186905
1,DiscNRX,none,323,0,1,0,0,nan,nan,-0.887123066186905
1,DiscNRX,none,324,1,0,0,0,nan,nan,-0.887123066186905
1,DiscNRX,none,325,1,0,0,0,nan,nan,-0.887123066186905
1,DiscNRX,none,326,1,0,0,0,nan,nan,-0.887123066186905
1,DiscNRX,none,327,1,0,0,0,nan,nan,-0.887123066186905
1,DiscNRX,none,328,1,0,0,0,nan,nan,-0.887123066186905
1,DiscNRX,none,329,1,0,0,0,nan,nan,-0.887123066186905
1,DiscNRX,none,330,1,0,0,0,nan,nan,-0.887123066186905
1,DiscNRX,none,331,1,0,0,0,nan,nan,-0.887123066186905
1,DiscNRX,none,332,0,1,0,0,nan,nan,-0.887123066186905
1,DiscNRX,none,333,1,0,0,0,nan,nan,-0.887123066186905
1,DiscNRX,none,334,1,0,0,0,nan,nan,-0.887123066186905
1,DiscNRX,none,335,0,1,0,0,nan,nan,-0.887123066186905
1,DiscNRX,none,336,0,1,0,0,nan,nan,-0.887123066186905
1,DiscNRX,none,337,0,1,0,0,nan,nan,-0.887123066186905
1,DiscNRX,none,338,1,0,0,0,nan,nan,-0.887123066186905
1,DiscNRX,none,339,0,1,0,0,nan,nan,-0.887123066186905
1,DiscNRX,none,340,0,1,0,0,nan,nan,-0.887123066186905
1,DiscNRX,none,341,1,0,0,0,nan,nan,-0.887123066186905
1,DiscNRX,none,342,0,1,0,0,nan,nan,-0.887123066186905
1,DiscNRX,none,343,1,0,0,0,nan,nan,-0.887123066186905
1,DiscNRX,none,344,1,0,0,0,nan,nan,-0.887123066186905
1,DiscNRX,none,345,0,1,0,0,nan,nan,-0.887123066186905
1,DiscNRX,none,346,0,1,0,0,nan,nan,-0.887123066186905
1,DiscNRX,none,347,0,1,0,0,nan,nan,-0.887123066186905
1,DiscNRX,none,348,1,0,0,0,nan,nan,-0.887123066186905
1,DiscNRX,none,349,1,0,0,0,nan,nan,-0.887123066186905
1,DiscNRX,none,350,0,1,0,0,nan,nan,-0.887123066186905
1,DiscNRX,none,351,1,0,0,0,nan,nan,-0.887123066186905
1,DiscNRX,none,352,1,0,0,0,nan,nan,-0.887123066186905
1,DiscNRX,none,353,0,1,0,0,nan,nan,-0.887123066186905
1,DiscNRX,none,354,0,1,0,0,nan,nan,-0.887123066186905
1,DiscNRX,none,355,1,0,0,0,nan,nan,-0.887123066186905
1,DiscNRX,none,356,1,0,0,0,nan,nan,-0.887123066186905
1,DiscNRX,none,357,1,0,0,0,nan,nan,-0.887123066186905
1,DiscNRX,none,358,1,0,0,0,nan,nan,-0.887123066186905
1,DiscNRX,none,359,1,0,0,0,nan,nan,-0.887123066186905
1,DiscNRX,none,360,0,1,0,0,nan,nan,-0.887123066186905
1,DiscNRX,none,361,1,0,0,0,nan,nan,-0.887123066186905
1,DiscNRX,none,362,0,1,0,0,nan,nan,-0.887123066186905
1,DiscNRX,none,363,1,0,0,0,nan,nan,-0.887123066186905
1,DiscNRX,none,364,1,0,0,0,nan,nan,-0.887123066186905
1,DiscNRX,none,365,1,0,0,0,nan,nan,-0.887123066186905
1,DiscNRX,none,366,0,1,0,0,nan,nan,-0.887123066186905
1,DiscNRX,none,367,1,0,0,0,nan,nan,-0.887123066186905
1,DiscNRX,none,368,0,1,0,0,nan,nan,-0.887123066186905
1,DiscNRX,none,369,1,0,0,0,nan,nan,-0.887123066186905
1,DiscNRX,none,370,1,0,0,0,nan,nan,-0.887123066186905
1,DiscNRX,none,371,0,1,0,0,nan,nan,-0.887123066186905
1,DiscNRX,none,372,1,0,0,0,nan,nan,-0.887123066186905
1,DiscNRX,none,373,0,1,0,0,nan,nan,-0.887123066186905
1,DiscNRX,none,374,0,1,0,0,nan,nan,-0.887123066186905
1,DiscNRX,none,375,0,1,0,0,nan,nan,-0.887123066186905
1,DiscNRX,none,376,0,1,0,0,nan,nan,-0.887123066186905
1,DiscNRX,none,377,1,0,0,0,nan,nan,-0.887123066186905
1,DiscNRX,none,378,0,1,0,0,nan,nan,-0.887123066186905
1,DiscNRX,none,379,0,1,0,0,nan,nan,-0.887123066186905
1,DiscNRX,none,380,1,0,0,0,nan,nan,-0.887123066186905
1,DiscNRX,none,381,1,0,0,0,nan,nan,-0.887123066186905
1,DiscNRX,none,382,1,0,0,0,nan,nan,-0.887123066186905
1,DiscNRX,none,383,1,0,0,0,nan,nan,-0.887123066186905
1,DiscNRX,none,384,0,1,0,0,nan,nan,-0.887123066186905
1,DiscNRX,none,385,0,1,0,0,nan,nan,-0.887123066186905
1,DiscNRX,none,386,0,1,0,0,nan,nan,-0.887123066186905
1,DiscNRX,none,387,1,0,0,0,nan,nan,-0.887123066186905
1,DiscNRX,none,388,1,0,0,0,nan,nan,-0.887123066186905
1,DiscNRX,none,389,1,0,0,0,nan,nan,-0.887123066186905
1,DiscNRX,none,390,0,1,0,0,nan,nan,-0.887123066186905
1,DiscNRX,none,391,1,0,0,0,nan,nan,-0.887123066186905
1,DiscNRX,none,392,0,1,0,0,nan,nan,-0.887123066186905
1,DiscNRX,none,393,0,1,0,0,nan,nan,-0.887123066186905
1,DiscNRX,none,394,1,0,0,0,nan,nan,-0.887123066186905
1,DiscNRX,none,395,0,1,0,0,nan,nan,-0.887123066186905
1,DiscNRX,none,396,1,0,0,0,nan,nan,-0.887123066186905
1,DiscNRX,none,397,1,0,0,0,nan,nan,-0.887123066186905
1,DiscNRX,none,398,1,0,0,0,nan,nan,-0.887123066186905
1,DiscNRX,none,399,1,0,0,0,nan,nan,-0.887123066186905
1,DiscNRX,none,400,0,1,0,0,nan,nan,-0.887123066186905
1,DiscNRX,none,401,1,0,0,0,nan,nan,-0.887123066186905
1,DiscNRX,none,402,1,0,0,0,nan,nan,-0.887123066186905
1,DiscNRX,none,403,1,0,0,0,nan,nan,-0.887123066186905
1,DiscNRX,none,404,0,1,0,0,nan,nan,-0.887123066186905
1,DiscNRX,none,405,1,0,0,0,nan,nan,-0.887123066186905
1,DiscNRX,none,406,0,1,0,0,nan,nan,-0.887123066186905
1,DiscNRX,none,407,1,0,0,0,nan,nan,-0.887123066186905
1,DiscNRX,none,408,0,1,0,0,nan,nan,-0.887123066186905
1,DiscNRX,none,409,0,1,0,0,nan,nan,-0.887123066186905
1,DiscNRX,none,410,0,1,0,0,nan,nan,-0.887123066186905
1,DiscNRX,none,411,1,0,0,0,nan,nan,-0.887123066186905
1,DiscNRX,none,412,1,0,0,0,nan,nan,-0.887123066186905
1,DiscNRX,none,413,1,0,0,0,nan,nan,-0.887123066186905
1,DiscNRX,none,414,1,0,0,0,nan,nan,-0.887123066186905
1,DiscNRX,none,415,0,1,0,0,nan,nan,-0.887123066186905
1,DiscNRX,none,416,0,1,0,0,nan,nan,-0.887123066186905
1,DiscNRX,none,417,1,0,0,0,nan,nan,-0.887123066186905
1,DiscNRX,none,418,1,0,0,0,nan,nan,-0.887123066186905
1,DiscNRX,none,419,0,1,0,0,nan,nan,-0.887123066186905
1,DiscNRX,none,420,1,0,0,0,nan,nan,-0.887123066186905
1,DiscNRX,none,421,1,0,0,0,nan,nan,-0.887123066186905
1,DiscNRX,none,422,1,0,0,0,nan,nan,-0.887123066186905
1,DiscNRX,none,423,1,0,0,0,nan,nan,-0.887123066186905
1,DiscNRX,none,424,0,1,0,0,nan,nan,-0.887123066186905
1,DiscNRX,none,425,1,0,0,0,nan,nan,-0.887123066186905
1,DiscNRX,none,426,1,0,0,0,nan,nan,-0.887123066186905
1,DiscNRX,none,427,1,0,0,0,nan,nan,-0.887123066186905
1,DiscNRX,none,428,0,1,0,0,nan,nan,-0.887123066186905
1,DiscNRX,none,429,1,0,0,0,nan,nan,-0.887123066186905
1,DiscNRX,none,430,1,0,0,0,nan,nan,-0.887123066186905
1,DiscNRX,none,431,1,0,0,0,nan,nan,-0.887123066186905
1,DiscNRX,none,432,0,1,0,0,nan,nan,-0.887123066186905
1,DiscNRX,none,433,1,0,0,0,nan,nan,-0.887123066186905
1,DiscNRX,none,434,1,0,0,0,nan,nan,-0.887123066186905
1,DiscNRX,none,435,0,1,0,0,nan,nan,-0.887123066186905
1,DiscNRX,none,436,1,0,0,0,nan,nan,-0.887123066186905
1,DiscNRX,none,437,0,1,0,0,nan,nan,-0.887123066186905
1,DiscNRX,none,438,1,0,0,0,nan,nan,-0.887123066186905
1,DiscNRX,none,439,0,1,0,0,nan,nan,-0.887123066186905
1,DiscNRX,none,440,1,0,0,0,nan,nan,-0.887123066186905
1,DiscNRX,none,441,0,1,0,0,nan,nan,-0.887123066186905
1,DiscNRX,none,442,1,0,0,0,nan,nan,-0.887123066186905
1,DiscNRX,none,443,1,0,0,0,nan,nan,-0.887123066186905
1,DiscNRX,none,444,1,0,0,0,nan,nan,-0.887123066186905
1,DiscNRX,none,445,0,1,0,0,nan,nan,-0.887123066186905
1,DiscNRX,none,446,1,0,0,0,nan,nan,-0.887123066186905
1,DiscNRX,none,447,1,0,0,0,nan,nan,-0.887123066186905
1,DiscNRX,none,448,0,1,0,0,nan,nan,-0.887123066186905
1,DiscNRX,none,449,1,0,0,0,nan,nan,-0.887123066186905
1,DiscNRX,none,450,0,1,0,0,nan,nan,-0.887123066186905
1,DiscNRX,none,451,1,0,0,0,nan,nan,-0.887123066186905
1,DiscNRX,none,452,0,1,0,0,nan,nan,-0.887123066186905
1,DiscNRX,none,453,0,1,0,0,nan,nan,-0.887123066186905
1,DiscNRX,none,454,1,0,0,0,nan,nan,-0.887123066186905
1,DiscNRX,none,455,1,0,0,0,nan,nan,-0.887123066186905
1,DiscNRX,none,456,1,0,0,0,nan,nan,-0.887123066186905
1,DiscNRX,none,457,0,1,0,0,nan,nan,-0.887123066186905
1,DiscNRX,none,458,1,0,0,0,nan,nan,-0.887123066186905
1,DiscNRX,none,459,1,0,0,0,nan,nan,-0.887123066186905
1,DiscNRX,none,460,0,1,0,0,nan,nan,-0.887123066186905
1,DiscNRX,none,461,1,0,0,0,nan,nan,-0.887123066186905
1,DiscNRX,none,462,1,0,0,0,nan,nan,-0.887123066186905
1,DiscNRX,none,463,0,1,0,0,nan,nan,-0.887123066186905
1,DiscNRX,none,464,1,0,0,0,nan,nan,-0.887123066186905
1,DiscNRX,none,465,1,0,0,0,nan,nan,-0.887123066186905
1,DiscNRX,none,466,1,0,0,0,nan,nan,-0.887123066186905
1,DiscNRX,none,467,0,1,0,0,nan,nan,-0.887123066186905
1,DiscNRX,none,468,0,1,0,0,nan,nan,-0.887123066186905
1,DiscNRX,none,469,1,0,0,0,nan,nan,-0.887123066186905
1,DiscNRX,none,470,0,1,0,0,nan,nan,-0.887123066186905
1,DiscNRX,none,471,1,0,0,0,nan,nan,-0.887123066186905
1,DiscNRX,none,472,0,1,0,0,nan,nan,-0.887123066186905
1,DiscNRX,none,473,0,1,0,0,nan,nan,-0.887123066186905
1,DiscNRX,none,474,1,0,0,0,nan,nan,-0.887123066186905
1,DiscNRX,none,475,0,1,0,0,nan,nan,-0.887123066186905
1,DiscNRX,none,476,0,1,0,0,nan,nan,-0.887123066186905
1,DiscNRX,none,477,0,1,0,0,nan,nan,-0.887123066186905
1,DiscNRX,none,478,0,1,0,0,nan,nan,-0.887123066186905
1,DiscNRX,none,479,1,0,0,0,nan,nan,-0.887123066186905
1,DiscNRX,none,480,1,0,0,0,nan,nan,-0.887123066186905
1,DiscNRX,none,481,1,0,0,0,nan,nan,-0.887123066186905
1,DiscNRX,none,482,1,0,0,0,nan,nan,-0.887123066186905
1,DiscNRX,none,483,0,1,0,0,nan,nan,-0.887123066186905
1,DiscNRX,none,484,0,1,0,0,nan,nan,-0.887123066186905
1,DiscNRX,none,485,0,1,0,0,nan,nan,-0.887123066186905
1,DiscNRX,none,486,1,0,0,0,nan,nan,-0.887123066186905
1,DiscNRX,none,487,1,0,0,0,nan,nan,-0.887123066186905
1,DiscNRX,none,488,1,0,0,0,nan,nan,-0.887123066186905
1,DiscNRX,none,489,1,0,0,0,nan,nan,-0.887123066186905
1,DiscNRX,none,490,1,0,0,0,nan,nan,-0.887123066186905
1,DiscNRX,none,491,1,0,0,0,nan,nan,-0.887123066186905
1,DiscNRX,none,492,0,1,0,0,nan,nan,-0.887123066186905
1,DiscNRX,none,493,0,1,0,0,nan,nan,-0.887123066186905
1,DiscNRX,none,494,0,1,0,0,nan,nan,-0.887123066186905
1,DiscNRX,none,495,0,1,0,0,nan,nan,-0.887123066186905
1,DiscNRX,none,496,1,0,0,0,nan,nan,-0.887123066186905
1,DiscNRX,none,497,0,1,0,0,nan,nan,-0.887123066186905
1,DiscNRX,none,498,0,1,0,0,nan,nan,-0.887123066186905
1,DiscNRX,none,499,0,1,0,0,nan,nan,-0.887123066186905
1,DiscNRX,none,500,1,0,0,0,nan,nan,-0.887123066186905
1,DiscNRX,none,501,0,1,0,0,nan,nan,-0.887123066186905
1,DiscNRX,none,502,1,0,0,0,nan,nan,-0.887123066186905
1,DiscNRX,none,503,0,1,0,0,nan,nan,-0.887123066186905
1,DiscNRX,none,504,1,0,0,0,nan,nan,-0.887123066186905
1,DiscNRX,none,505,1,0,0,0,nan,nan,-0.887123066186905
1,DiscNRX,none,506,1,0,0,0,nan,nan,-0.887123066186905
1,DiscNRX,none,507,1,0,0,0,nan,nan,-0.887123066186905
1,DiscNRX,none,508,0,1,0,0,nan,nan,-0.887123066186905
1,DiscNRX,none,509,0,1,0,0,nan,nan,-0.887123066186905
1,DiscNRX,none,510,1,0,0,0,nan,nan,-0.887123066186905
1,DiscNRX,none,511,1,0,0,0,nan,nan,-0.887123066186905
1,DiscNRX,none,512,1,0,0,0,nan,nan,-0.887123066186905
1,DiscNRX,none,513,1,0,0,0,nan,nan,-0.887123066186905
1,DiscNRX,none,514,1,0,0,0,nan,nan,-0.887123066186905
1,DiscNRX,none,515,0,1,0,0,nan,nan,-0.887123066186905
1,DiscNRX,none,516,1,0,0,0,nan,nan,-0.887123066186905
1,DiscNRX,none,517,1,0,0,0,nan,nan,-0.887123066186905
1,DiscNRX,none,518,1,0,0,0,nan,nan,-0.887123066186905
1,DiscNRX,none,519,0,1,0,0,nan,nan,-0.887123066186905
1,DiscNRX,none,520,1,0,0,0,nan,nan,-0.887123066186905
1,DiscNRX,none,521,1,0,0,0,nan,nan,-0.887123066186905
1,DiscNRX,none,522,0,1,0,0,nan,nan,-0.887123066186905
1,DiscNRX,none,523,1,0,0,0,nan,nan,-0.887123066186905
1,DiscNRX,none,524,0,1,0,0,nan,nan,-0.887123066186905
1,DiscNRX,none,525,0,1,0,0,nan,nan,-0.887123066186905
1,DiscNRX,none,526,0,1,0,0,nan,nan,-0.887123066186905
1,DiscNRX,none,527,1,0,0,0,nan,nan,-0.887123066186905
1,DiscNRX,none,528,1,0,0,0,nan,nan,-0.887123066186905
1,DiscNRX,none,529,0,1,0,0,nan,nan,-0.887123066186905
1,DiscNRX,none,530,0,1,0,0,nan,nan,-0.887123066186905
1,DiscNRX,none,531,0,1,0,0,nan,nan,-0.887123066186905
1,DiscNRX,none,532,0,1,0,0,nan,nan,-0.887123066186905
1,DiscNRX,none,533,1,0,0,0,nan,nan,-0.887123066186905
1,DiscNRX,none,534,1,0,0,0,nan,nan,-0.887123066186905
1,DiscNRX,none,535,1,0,0,0,nan,nan,-0.887123066186905
1,DiscNRX,none,536,0,1,0,0,nan,nan,-0.887123066186905
1,DiscNRX,none,537,1,0,0,0,nan,nan,-0.887123066186905
1,DiscNRX,none,538,1,0,0,0,nan,nan,-0.887123066186905
1,DiscNRX,none,539,1,0,0,0,nan,nan,-0.887123066186905
1,DiscNRX,none,540,1,0,0,0,nan,nan,-0.887123066186905
1,DiscNRX,none,541,1,0,0,0,nan,nan,-0.887123066186905
1,DiscNRX,none,542,1,0,0,0,nan,nan,-0.887123066186905
1,DiscNRX,none,543,0,1,0,0,nan,nan,-0.887123066186905
1,DiscNRX,none,544,1,0,0,0,nan,nan,-0.887123066186905
1,DiscNRX,none,545,0,1,0,0,nan,nan,-0.887123066186905
1,DiscNRX,none,546,0,1,0,0,nan,nan,-0.887123066186905
1,DiscNRX,none,547,0,1,0,0,nan,nan,-0.887123066186905
1,DiscNRX,none,548,0,1,0,0,nan,nan,-0.887123066186905
1,DiscNRX,none,549,1,0,0,0,nan,nan,-0.887123066186905
1,DiscNRX,none,550,1,0,0,0,nan,nan,-0.887123066186905
1,DiscNRX,none,551,1,0,0,0,nan,nan,-0.887123066186905
1,DiscNRX,none,552,0,1,0,0,nan,nan,-0.887123066186905
1,DiscNRX,none,553,1,0,0,0,nan,nan,-0.887123066186905
1,DiscNRX,none,554,1,0,0,0,nan,nan,-0.887123066186905
1,DiscNRX,none,555,1,0,0,0,nan,nan,-0.887123066186905
1,DiscNRX,none,556,0,1,0,0,nan,nan,-0.887123066186905
1,DiscNRX,none,557,0,1,0,0,nan,nan,-0.887123066186905
1,DiscNRX,none,558,0,1,0,0,nan,nan,-0.887123066186905
1,DiscNRX,none,559,0,1,0,0,nan,nan,-0.887123066186905
1,DiscNRX,none,560,1,0,0,0,nan,nan,-0.887123066186905
1,DiscNRX,none,561,0,1,0,0,nan,nan,-0.887123066186905
1,DiscNRX,none,562,1,0,0,0,nan,nan,-0.887123066186905
1,DiscNRX,none,563,1,0,0,0,nan,nan,-0.887123066186905
1,DiscNRX,none,564,1,0,0,0,nan,nan,-0.887123066186905
1,DiscNRX,none,565,1,0,0,0,nan,nan,-0.887123066186905
1,DiscNRX,none,566,0,1,0,0,nan,nan,-0.887123066186905
1,DiscNRX,none,567,1,0,0,0,nan,nan,-0.887123066186905
1,DiscNRX,none,568,0,1,0,0,nan,nan,-0.887123066186905
1,DiscNRX,none,569,1,0,0,0,nan,nan,-0.887123066186905
1,DiscNRX,none,570,0,1,0,0,nan,nan,-0.887123066186905
1,DiscNRX,none,571,1,0,0,0,nan,nan,-0.887123066186905
1,DiscNRX,none,572,0,1,0,0,nan,nan,-0.887123066186905
1,DiscNRX,none,573,0,1,0,0,nan,nan,-0.887123066186905
1,DiscNRX,none,574,1,0,0,0,nan,nan,-0.887123066186905
1,DiscNRX,none,575,1,0,0,0,nan,nan,-0.887123066186905
1,DiscNRX,none,576,0,1,0,0,nan,nan,-0.887123066186905
1,DiscNRX,none,577,1,0,0,0,nan,nan,-0.887123066186905
1,DiscNRX,none,578,1,0,0,0,nan,nan,-0.887123066186905
1,DiscNRX,none,579,0,1,0,0,nan,nan,-0.887123066186905
1,DiscNRX,none,580,0,1,0,0,nan,nan,-0.887123066186905
1,DiscNRX,none,581,0,1,0,0,nan,nan,-0.887123066186905
1,DiscNRX,none,582,1,0,0,0,nan,nan,-0.887123066186905
1,DiscNRX,none,583,1,0,0,0,nan,nan,-0.887123066186905
1,DiscNRX,none,584,0,1,0,0,nan,nan,-0.887123066186905
1,DiscNRX,none,585,1,0,0,0,nan,nan,-0.887123066186905
1,DiscNRX,none,586,0,1,0,0,nan,nan,-0.887123066186905
1,DiscNRX,none,587,1,0,0,0,nan,nan,-0.887123066186905
1,DiscNRX,none,588,1,0,0,0,nan,nan,-0.887123066186905
1,DiscNRX,none,589,1,0,0,0,nan,nan,-0.887123066186905
1,DiscNRX,none,590,0,1,0,0,nan,nan,-0.887123066186905
1,DiscNRX,none,591,0,1,0,0,nan,nan,-0.887123066186905
1,DiscNRX,none,592,1,0,0,0,nan,nan,-0.887123066186905
1,DiscNRX,none,593,1,0,0,0,nan,nan,-0.887123066186905
1,DiscNRX,none,594,1,0,0,0,nan,nan,-0.887123066186905
1,DiscNRX,none,595,0,1,0,0,nan,nan,-0.887123066186905
1,DiscNRX,none,596,1,0,0,0,nan,nan,-0.887123066186905
1,DiscNRX,none,597,1,0,0,0,nan,nan,-0.887123066186905
1,DiscNRX,none,598,1,0,0,0,nan,nan,-0.887123066186905
1,DiscNRX,none,599,0,1,0,0,nan,nan,-0.887123066186905
1,DiscNRX,none,600,1,0,0,0,nan,nan,-0.887123066186905
1,DiscNRX,none,601,1,0,0,0,nan,nan,-0.887123066186905
1,DiscNRX,none,602,1,0,0,0,nan,nan,-0.887123066186905
1,DiscNRX,none,603,1,0,0,0,nan,nan,-0.887123066186905
1,DiscNRX,none,604,1,0,0,0,nan,nan,-0.887123066186905
1,DiscNRX,none,605,0,1,0,0,nan,nan,-0.887123066186905
1,DiscNRX,none,606,0,1,0,0,nan,nan,-0.887123066186905
1,DiscNRX,none,607,1,0,0,0,nan,nan,-0.887123066186905
1,DiscNRX,none,608,0,1,0,0,nan,nan,-0.887123066186905
1,DiscNRX,none,609,0,1,0,0,nan,nan,-0.887123066186905
1,DiscNRX,none,610,1,0,0,0,nan,nan,-0.887123066186905
1,DiscNRX,none,611,0,1,0,0,nan,nan,-0.887123066186905
1,DiscNRX,none,612,1,0,0,0,nan,nan,-0.887123066186905
1,DiscNRX,none,613,1,0,0,0,nan,nan,-0.887123066186905
1,DiscNRX,none,614,0,1,0,0,nan,nan,-0.887123066186905
1,DiscNRX,none,615,1,0,0,0,nan,nan,-0.887123066186905
1,DiscNRX,none,616,1,0,0,0,nan,nan,-0.887123066186905
1,DiscNRX,none,617,1,0,0,0,nan,nan,-0.887123066186905
1,DiscNRX,none,618,1,0,0,0,nan,nan,-0.887123066186905
1,DiscNRX,none,619,1,0,0,0,nan,nan,-0.887123066186905
1,DiscNRX,none,620,1,0,0,0,nan,nan,-0.887123066186905
1,DiscNRX,none,621,0,1,0,0,nan,nan,-0.887123066186905
1,DiscNRX,none,622,0,1,0,0,nan,nan,-0.887123066186905
1,DiscNRX,none,623,1,0,0,0,nan,nan,-0.887123066186905
1,DiscNRX,none,624,1,0,0,0,nan,nan,-0.887123066186905
1,DiscNRX,none,625,1,0,0,0,nan,nan,-0.887123066186905
1,DiscNRX,none,626,0,1,0,0,nan,nan,-0.887123066186905
1,DiscNRX,none,627,1,0,0,0,nan,nan,-0.887123066186905
1,DiscNRX,none,628,1,0,0,0,nan,nan,-0.887123066186905
1,DiscNRX,none,629,1,0,0,0,nan,nan,-0.887123066186905
1,DiscNRX,none,630,0,1,0,0,nan,nan,-0.887123066186905
1,DiscNRX,none,631,0,1,0,0,nan,nan,-0.887123066186905
1,DiscNRX,none,632,1,0,0,0,nan,nan,-0.887123066186905
1,DiscNRX,none,633,0,1,0,0,nan,nan,-0.887123066186905
1,DiscNRX,none,634,1,0,0,0,nan,nan,-0.887123066186905
1,DiscNRX,none,635,1,0,0,0,nan,nan,-0.887123066186905
1,DiscNRX,none,636,1,0,0,0,nan,nan,-0.887123066186905
1,DiscNRX,none,637,0,1,0,0,nan,nan,-0.887123066186905
1,DiscNRX,none,638,0,1,0,0,nan,nan,-0.887123066186905
1,DiscNRX,none,639,1,0,0,0,nan,nan,-0.887123066186905
1,DiscNRX,none,640,0,1,0,0,nan,nan,-0.887123066186905
1,DiscNRX,none,641,0,1,0,0,nan,nan,-0.887123066186905
1,DiscNRX,none,642,1,0,0,0,nan,nan,-0.887123066186905
1,DiscNRX,none,643,1,0,0,0,nan,nan,-0.887123066186905
1,DiscNRX,none,644,1,0,0,0,nan,nan,-0.887123066186905
1,DiscNRX,none,645,1,0,0,0,nan,nan,-0.887123066186905
1,DiscNRX,none,646,0,1,0,0,nan,nan,-0.887123066186905
1,DiscNRX,none,647,1,0,0,0,nan,nan,-0.887123066186905
1,DiscNRX,none,648,1,0,0,0,nan,nan,-0.887123066186905
1,DiscNRX,none,649,0,1,0,0,nan,nan,-0.887123066186905
1,DiscNRX,none,650,1,0,0,0,nan,nan,-0.887123066186905
1,DiscNRX,none,651,1,0,0,0,nan,nan,-0.887123066186905
1,DiscNRX,none,652,1,0,0,0,nan,nan,-0.887123066186905
1,DiscNRX,none,653,1,0,0,0,nan,nan,-0.887123066186905
1,DiscNRX,none,654,1,0,0,0,nan,nan,-0.887123066186905
1,DiscNRX,none,655,0,1,0,0,nan,nan,-0.887123066186905
1,DiscNRX,none,656,1,0,0,0,nan,nan,-0.887123066186905
1,DiscNRX,none,657,1,0,0,0,nan,nan,-0.887123066186905
1,DiscNRX,none,658,0,1,0,0,nan,nan,-0.887123066186905
1,DiscNRX,none,659,0,1,0,0,nan,nan,-0.887123066186905
1,DiscNRX,none,660,1,0,0,0,nan,nan,-0.887123066186905
1,DiscNRX,none,661,1,0,0,0,nan,nan,-0.887123066186905
1,DiscNRX,none,662,1,0,0,0,nan,nan,-0.887123066186905
1,DiscNRX,none,663,1,0,0,0,nan,nan,-0.887123066186905
1,DiscNRX,none,664,1,0,0,0,nan,nan,-0.887123066186905
1,DiscNRX,none,665,1,0,0,0,nan,nan,-0.887123066186905
1,DiscNRX,none,666,1,0,0,0,nan,nan,-0.887123066186905
1,DiscNRX,none,667,1,0,0,0,nan,nan,-0.887123066186905
1,DiscNRX,none,668,0,1,0,0,nan,nan,-0.887123066186905
1,DiscNRX,none,669,0,1,0,0,nan,nan,-0.887123066186905
1,DiscNRX,none,670,0,1,0,0,nan,nan,-0.887123066186905
1,DiscNRX,none,671,1,0,0,0,nan,nan,-0.887123066186905
1,DiscNRX,none,672,0,1,0,0,nan,nan,-0.887123066186905
1,DiscNRX,none,673,0,1,0,0,nan,nan,-0.887123066186905
1,DiscNRX,none,674,1,0,0,0,nan,nan,-0.887123066186905
1,DiscNRX,none,675,1,0,0,0,nan,nan,-0.887123066186905
1,DiscNRX,none,676,1,0,0,0,nan,nan,-0.887123066186905
1,DiscNRX,none,677,0,1,0,0,nan,nan,-0.887123066186905
1,DiscNRX,none,678,1,0,0,0,nan,nan,-0.887123066186905
1,DiscNRX,none,679,1,0,0,0,nan,nan,-0.887123066186905
1,DiscNRX,none,680,1,0,0,0,nan,nan,-0.887123066186905
1,DiscNRX,none,681,1,0,0,0,nan,nan,-0.887123066186905
1,DiscNRX,none,682,0,1,0,0,nan,nan,-0.887123066186905
1,DiscNRX,none,683,1,0,0,0,nan,nan,-0.887123066186905
1,DiscNRX,none,684,1,0,0,0,nan,nan,-0.887123066186905
1,DiscNRX,none,685,0,1,0,0,nan,nan,-0.887123066186905
1,DiscNRX,none,686,0,1,0,0,nan,nan,-0.887123066186905
1,DiscNRX,none,687,0,1,0,0,nan,nan,-0.887123066186905
1,DiscNRX,none,688,0,1,0,0,nan,nan,-0.887123066186905
1,DiscNRX,none,689,0,1,0,0,nan,nan,-0.887123066186905
1,DiscNRX,none,690,0,1,0,0,nan,nan,-0.887123066186905
1,DiscNRX,none,691,0,1,0,0,nan,nan,-0.887123066186905
1,DiscNRX,none,692,1,0,0,0,nan,nan,-0.887123066186905
1,DiscNRX,none,693,1,0,0,0,nan,nan,-0.887123066186905
1,DiscNRX,none,694,1,0,0,0,nan,nan,-0.887123066186905
1,DiscNRX,none,695,1,0,0,0,nan,nan,-0.887123066186905
1,DiscNRX,none,696,0,1,0,0,nan,nan,-0.887123066186905
1,DiscNRX,none,697,1,0,0,0,nan,nan,-0.887123066186905
1,DiscNRX,none,698,0,1,0,0,nan,nan,-0.887123066186905
1,DiscNRX,none,699,0,1,0,0,nan,nan,-0.887123066186905
1,DiscNRX,none,700,0,1,0,0,nan,nan,-0.887123066186905
1,DiscNRX,none,701,1,0,0,0,nan,nan,-0.887123066186905
1,DiscNRX,none,702,1,0,0,0,nan,nan,-0.887123066186905
1,DiscNRX,none,703,0,1,0,0,nan,nan,-0.887123066186905
1,DiscNRX,none,704,0,1,0,0,nan,nan,-0.887123066186905
1,DiscNRX,none,705,1,0,0,0,nan,nan,-0.887123066186905
1,DiscNRX,none,706,1,0,0,0,nan,nan,-0.887123066186905
1,DiscNRX,none,707,1,0,0,0,nan,nan,-0.887123066186905
1,DiscNRX,none,708,0,1,0,0,nan,nan,-0.887123066186905
1,DiscNRX,none,709,1,0,0,0,nan,nan,-0.887123066186905
1,DiscNRX,none,710,1,0,0,0,nan,nan,-0.887123066186905
1,DiscNRX,none,711,1,0,0,0,nan,nan,-0.887123066186905
1,DiscNRX,none,712,0,1,0,0,nan,nan,-0.887123066186905
1,DiscNRX,none,713,1,0,0,0,nan,nan,-0.887123066186905
1,DiscNRX,none,714,0,1,0,0,nan,nan,-0.887123066186905
1,DiscNRX,none,715,0,1,0,0,nan,nan,-0.887123066186905
1,DiscNRX,none,716,1,0,0,0,nan,nan,-0.887123066186905
1,DiscNRX,none,717,1,0,0,0,nan,nan,-0.887123066186905
1,DiscNRX,none,718,1,0,0,0,nan,nan,-0.887123066186905
1,DiscNRX,none,719,0,1,0,0,nan,nan,-0.887123066186905
1,DiscNRX,none,720,0,1,0,0,nan,nan,-0.887123066186905
1,DiscNRX,none,721,1,0,0,0,nan,nan,-0.887123066186905
1,DiscNRX,none,722,1,0,0,0,nan,nan,-0.887123066186905
1,DiscNRX,none,723,1,0,0,0,nan,nan,-0.887123066186905
1,DiscNRX,none,724,0,1,0,0,nan,nan,-0.887123066186905
1,DiscNRX,none,725,1,0,0,0,nan,nan,-0.887123066186905
1,DiscNRX,none,726,1,0,0,0,nan,nan,-0.887123066186905
1,DiscNRX,none,727,0,1,0,0,nan,nan,-0.887123066186905
1,DiscNRX,none,728,1,0,0,0,nan,nan,-0.887123066186905
1,DiscNRX,none,729,1,0,0,0,nan,nan,-0.887123066186905
1,DiscNRX,none,730,1,0,0,0,nan,nan,-0.887123066186905
1,DiscNRX,none,731,1,0,0,0,nan,nan,-0.887123066186905
1,DiscNRX,none,732,0,1,0,0,nan,nan,-0.887123066186905
1,DiscNRX,none,733,1,0,0,0,nan,nan,-0.887123066186905
1,DiscNRX,none,734,0,1,0,0,nan,nan,-0.887123066186905
1,DiscNRX,none,735,1,0,0,0,nan,nan,-0.887123066186905
1,DiscNRX,none,736,1,0,0,0,nan,nan,-0.887123066186905
1,DiscNRX,none,737,0,1,0,0,nan,nan,-0.887123066186905
1,DiscNRX,none,738,0,1,0,0,nan,nan,-0.887123066186905
1,DiscNRX,none,739,0,1,0,0,nan,nan,-0.887123066186905
1,DiscNRX,none,740,0,1,0,0,nan,nan,-0.887123066186905
1,DiscNRX,none,741,1,0,0,0,nan,nan,-0.887123066186905
1,DiscNRX,none,742,1,0,0,0,nan,nan,-0.887123066186905
1,DiscNRX,none,743,1,0,0,0,nan,nan,-0.887123066186905
1,DiscNRX,none,744,0,1,0,0,nan,nan,-0.887123066186905
1,DiscNRX,none,745,1,0,0,0,nan,nan,-0.887123066186905
1,DiscNRX,none,746,0,1,0,0,nan,nan,-0.887123066186905
1,DiscNRX,none,747,1,0,0,0,nan,nan,-0.887123066186905
1,DiscNRX,none,748,1,0,0,0,nan,nan,-0.887123066186905
1,DiscNRX,none,749,0,1,0,0,nan,nan,-0.887123066186905
1,DiscNRX,none,750,0,1,0,0,nan,nan,-0.887123066186905
1,DiscNRX,none,751,1,0,0,0,nan,nan,-0.887123066186905
1,DiscNRX,none,752,0,1,0,0,nan,nan,-0.887123066186905
1,DiscNRX,none,753,1,0,0,0,nan,nan,-0.887123066186905
1,DiscNRX,none,754,0,1,0,0,nan,nan,-0.887123066186905
1,DiscNRX,none,755,0,1,0,0,nan,nan,-0.887123066186905
1,DiscNRX,none,756,1,0,0,0,nan,nan,-0.887123066186905
1,DiscNRX,none,757,1,0,0,0,nan,nan,-0.887123066186905
1,DiscNRX,none,758,1,0,0,0,nan,nan,-0.887123066186905
1,DiscNRX,none,759,0,1,0,0,nan,nan,-0.887123066186905
1,DiscNRX,none,760,1,0,0,0,nan,nan,-0.887123066186905
1,DiscNRX,none,761,1,0,0,0,nan,nan,-0.887123066186905
1,DiscNRX,none,762,0,1,0,0,nan,nan,-0.887123066186905
1,DiscNRX,none,763,0,1,0,0,nan,nan,-0.887123066186905
1,DiscNRX,none,764,1,0,0,0,nan,nan,-0.887123066186905
1,DiscNRX,none,765,0,1,0,0,nan,nan,-0.887123066186905
1,DiscNRX,none,766,1,0,0,0,nan,nan,-0.887123066186905
1,DiscNRX,none,767,1,0,0,0,nan,nan,-0.887123066186905
1,DiscNRX,none,768,1,0,0,0,nan,nan,-0.887123066186905
1,DiscNRX,none,769,0,1,0,0,nan,nan,-0.887123066186905
1,DiscNRX,none,770,1,0,0,0,nan,nan,-0.887123066186905
1,DiscNRX,none,771,1,0,0,0,nan,nan,-0.887123066186905
1,DiscNRX,none,772,0,1,0,0,nan,nan,-0.887123066186905
1,DiscNRX,none,773,1,0,0,0,nan,nan,-0.887123066186905
1,DiscNRX,none,774,0,1,0,0,nan,nan,-0.887123066186905
1,DiscNRX,none,775,0,1,0,0,nan,nan,-0.887123066186905
1,DiscNRX,none,776,0,1,0,0,nan,nan,-0.887123066186905
1,DiscNRX,none,777,0,1,0,0,nan,nan,-0.887123066186905
1,DiscNRX,none,778,0,1,0,0,nan,nan,-0.887123066186905
1,DiscNRX,none,779,0,1,0,0,nan,nan,-0.887123066186905
1,DiscNRX,none,780,1,0,0,0,nan,nan,-0.887123066186905
1,DiscNRX,none,781,1,0,0,0,nan,nan,-0.887123066186905
1,DiscNRX,none,782,1,0,0,0,nan,nan,-0.887123066186905
1,DiscNRX,none,783,1,0,0,0,nan,nan,-0.887123066186905
1,DiscNRX,none,784,0,1,0,0,nan,nan,-0.887123066186905
1,DiscNRX,none,785,0,1,0,0,nan,nan,-0.887123066186905
1,DiscNRX,none,786,1,0,0,0,nan,nan,-0.887123066186905
1,DiscNRX,none,787,0,1,0,0,nan,nan,-0.887123066186905
1,DiscNRX,none,788,0,1,0,0,nan,nan,-0.887123066186905
1,DiscNRX,none,789,0,1,0,0,nan,nan,-0.887123066186905
1,DiscNRX,none,790,1,0,0,0,nan,nan,-0.887123066186905
1,DiscNRX,none,791,0,1,0,0,nan,nan,-0.887123066186905
1,DiscNRX,none,792,0,1,0,0,nan,nan,-0.887123066186905
1,DiscNRX,none,793,0,1,0,0,nan,nan,-0.887123066186905
1,DiscNRX,none,794,0,1,0,0,nan,nan,-0.887123066186905
1,DiscNRX,none,795,1,0,0,0,nan,nan,-0.887123066186905
1,DiscNRX,none,796,0,1,0,0,nan,nan,-0.887123066186905
1,DiscNRX,none,797,1,0,0,0,nan,nan,-0.887123066186905
1,DiscNRX,none,798,0,1,0,0,nan,nan,-0.887123066186905
1,DiscNRX,none,799,0,1,0,0,nan,nan,-0.887123066186905
1,DiscNRX,none,800,0,1,0,0,nan,nan,-0.887123066186905
1,DiscNRX,none,801,0,1,0,0,nan,nan,-0.887123066186905
1,DiscNRX,none,802,0,1,0,0,nan,nan,-0.887123066186905
1,DiscNRX,none,803,1,0,0,0,nan,nan,-0.887123066186905
1,DiscNRX,none,804,1,0,0,0,nan,nan,-0.887123066186905
1,DiscNRX,none,805,0,1,0,0,nan,nan,-0.887123066186905
1,DiscNRX,none,806,1,0,0,0,nan,nan,-0.887123066186905
1,DiscNRX,none,807,1,0,0,0,nan,nan,-0.887123066186905
1,DiscNRX,none,808,0,1,0,0,nan,nan,-0.887123066186905
1,DiscNRX,none,809,0,1,0,0,nan,nan,-0.887123066186905
1,DiscNRX,none,810,1,0,0,0,nan,nan,-0.887123066186905
1,DiscNRX,none,811,0,1,0,0,nan,nan,-0.887123066186905
1,DiscNRX,none,812,1,0,0,0,nan,nan,-0.887123066186905
1,DiscNRX,none,813,1,0,0,0,nan,nan,-0.887123066186905
1,DiscNRX,none,814,1,0,0,0,nan,nan,-0.887123066186905
1,DiscNRX,none,815,1,0,0,0,nan,nan,-0.887123066186905
1,DiscNRX,none,816,1,0,0,0,nan,nan,-0.887123066186905
1,DiscNRX,none,817,0,1,0,0,nan,nan,-0.887123066186905
1,DiscNRX,none,818,1,0,0,0,nan,nan,-0.887123066186905
1,DiscNRX,none,819,0,1,0,0,nan,nan,-0.887123066186905
1,DiscNRX,none,820,0,1,0,0,nan,nan,-0.887123066186905
1,DiscNRX,none,821,1,0,0,0,nan,nan,-0.887123066186905
1,DiscNRX,none,822,0,1,0,0,nan,nan,-0.887123066186905
1,DiscNRX,none,823,0,1,0,0,nan,nan,-0.887123066186905
1,DiscNRX,none,824,0,1,0,0,nan,nan,-0.887123066186905
1,DiscNRX,none,825,1,0,0,0,nan,nan,-0.887123066186905
1,DiscNRX,none,826,1,0,0,0,nan,nan,-0.887123066186905
1,DiscNRX,none,827,1,0,0,0,nan,nan,-0.887123066186905
1,DiscNRX,none,828,1,0,0,0,nan,nan,-0.887123066186905
1,DiscNRX,none,829,1,0,0,0,nan,nan,-0.887123066186905
1,DiscNRX,none,830,0,1,0,0,nan,nan,-0.887123066186905
1,DiscNRX,none,831,0,1,0,0,nan,nan,-0.887123066186905
1,DiscNRX,none,832,0,1,0,0,nan,nan,-0.887123066186905
1,DiscNRX,none,833,0,1,0,0,nan,nan,-0.887123066186905
1,DiscNRX,none,834,1,0,0,0,nan,nan,-0.887123066186905
1,DiscNRX,none,835,1,0,0,0,nan,nan,-0.887123066186905
1,DiscNRX,none,836,1,0,0,0,nan,nan,-0.887123066186905
1,DiscNRX,none,837,0,1,0,0,nan,nan,-0.887123066186905
1,DiscNRX,none,838,1,0,0,0,nan,nan,-0.887123066186905
1,DiscNRX,none,839,1,0,0,0,nan,nan,-0.887123066186905
1,DiscNRX,none,840,0,1,0,0,nan,nan,-0.887123066186905
1,DiscNRX,none,841,1,0,0,0,nan,nan,-0.887123066186905
1,DiscNRX,none,842,0,1,0,0,nan,nan,-0.887123066186905
1,DiscNRX,none,843,1,0,0,0,nan,nan,-0.887123066186905
1,DiscNRX,none,844,1,0,0,0,nan,nan,-0.887123066186905
1,DiscNRX,none,845,1,0,0,0,nan,nan,-0.887123066186905
1,DiscNRX,none,846,1,0,0,0,nan,nan,-0.887123066186905
1,DiscNRX,none,847,1,0,0,0,nan,nan,-0.887123066186905
1,DiscNRX,none,848,0,1,0,0,nan,nan,-0.887123066186905
1,DiscNRX,none,849,1,0,0,0,nan,nan,-0.887123066186905
1,DiscNRX,none,850,0,1,0,0,nan,nan,-0.887123066186905
1,DiscNRX,none,851,1,0,0,0,nan,nan,-0.887123066186905
1,DiscNRX,none,852,1,0,0,0,nan,nan,-0.887123066186905
1,DiscNRX,none,853,0,1,0,0,nan,nan,-0.887123066186905
1,DiscNRX,none,854,0,1,0,0,nan,nan,-0.887123066186905
1,DiscNRX,none,855,0,1,0,0,nan,nan,-0.887123066186905
1,DiscNRX,none,856,1,0,0,0,nan,nan,-0.887123066186905
1,DiscNRX,none,857,1,0,0,0,nan,nan,-0.887123066186905
1,DiscNRX,none,858,0,1,0,0,nan,nan,-0.887123066186905
1,DiscNRX,none,859,0,1,0,0,nan,nan,-0.887123066186905
1,DiscNRX,none,860,1,0,0,0,nan,nan,-0.887123066186905
1,DiscNRX,none,861,1,0,0,0,nan,nan,-0.887123066186905
1,DiscNRX,none,862,1,0,0,0,nan,nan,-0.887123066186905
1,DiscNRX,none,863,0,1,0,0,nan,nan,-0.887123066186905
1,DiscNRX,none,864,1,0,0,0,nan,nan,-0.887123066186905
1,DiscNRX,none,865,1,0,0,0,nan,nan,-0.887123066186905
1,DiscNRX,none,866,1,0,0,0,nan,nan,-0.887123066186905
1,DiscNRX,none,867,1,0,0,0,nan,nan,-0.887123066186905
1,DiscNRX,none,868,1,0,0,0,nan,nan,-0.887123066186905
1,DiscNRX,none,869,0,1,0,0,nan,nan,-0.887123066186905
1,DiscNRX,none,870,1,0,0,0,nan,nan,-0.887123066186905
1,DiscNRX,none,871,0,1,0,0,nan,nan,-0.887123066186905
1,DiscNRX,none,872,0,1,0,0,nan,nan,-0.887123066186905
1,DiscNRX,none,873,0,1,0,0,nan,nan,-0.887123066186905
1,DiscNRX,none,874,0,1,0,0,nan,nan,-0.887123066186905
1,DiscNRX,none,875,0,1,0,0,nan,nan,-0.887123066186905
1,DiscNRX,none,876,1,0,0,0,nan,nan,-0.887123066186905
1,DiscNRX,none,877,1,0,0,0,nan,nan,-0.887123066186905
1,DiscNRX,none,878,0,1,0,0,nan,nan,-0.887123066186905
1,DiscNRX,none,879,1,0,0,0,nan,nan,-0.887123066186905
1,DiscNRX,none,880,0,1,0,0,nan,nan,-0.887123066186905
1,DiscNRX,none,881,1,0,0,0,nan,nan,-0.887123066186905
1,DiscNRX,none,882,1,0,0,0,nan,nan,-0.887123066186905
1,DiscNRX,none,883,0,1,0,0,nan,nan,-0.887123066186905
1,DiscNRX,none,884,0,1,0,0,nan,nan,-0.887123066186905
1,DiscNRX,none,885,1,0,0,0,nan,nan,-0.887123066186905
1,DiscNRX,none,886,0,1,0,0,nan,nan,-0.887123066186905
1,DiscNRX,none,887,1,0,0,0,nan,nan,-0.887123066186905
1,DiscNRX,none,888,1,0,0,0,nan,nan,-0.887123066186905
1,DiscNRX,none,889,1,0,0,0,nan,nan,-0.887123066186905
1,DiscNRX,none,890,0,1,0,0,nan,nan,-0.887123066186905
1,DiscNRX,none,891,0,1,0,0,nan,nan,-0.887123066186905
1,DiscNRX,none,892,1,0,0,0,nan,nan,-0.887123066186905
1,DiscNRX,none,893,0,1,0,0,nan,nan,-0.887123066186905
1,DiscNRX,none,894,0,1,0,0,nan,nan,-0.887123066186905
1,DiscNRX,none,895,0,1,0,0,nan,nan,-0.887123066186905
1,DiscNRX,none,896,1,0,0,0,nan,nan,-0.887123066186905
1,DiscNRX,none,897,0,1,0,0,nan,nan,-0.887123066186905
1,DiscNRX,none,898,1,0,0,0,nan,nan,-0.887123066186905
1,DiscNRX,none,899,1,0,0,0,nan,nan,-0.887123066186905
1,DiscNRX,none,900,1,0,0,0,nan,nan,-0.887123066186905
1,DiscNRX,none,901,1,0,0,0,nan,nan,-0.887123066186905
1,DiscNRX,none,902,1,0,0,0,nan,nan,-0.887123066186905
1,DiscNRX,none,903,1,0,0,0,nan,nan,-0.887123066186905
1,DiscNRX,none,904,1,0,0,0,nan,nan,-0.887123066186905
1,DiscNRX,none,905,1,0,0,0,nan,nan,-0.887123066186905
1,DiscNRX,none,906,1,0,0,0,nan,nan,-0.887123066186905
1,DiscNRX,none,907,1,0,0,0,nan,nan,-0.887123066186905
1,DiscNRX,none,908,1,0,0,0,nan,nan,-0.887123066186905
1,DiscNRX,none,909,1,0,0,0,nan,nan,-0.887123066186905
1,DiscNRX,none,910,0,1,0,0,nan,nan,-0.887123066186905
1,DiscNRX,none,911,0,1,0,0,nan,nan,-0.887123066186905
1,DiscNRX,none,912,1,0,0,0,nan,nan,-0.887123066186905
1,DiscNRX,none,913,1,0,0,0,nan,nan,-0.887123066186905
1,DiscNRX,none,914,1,0,0,0,nan,nan,-0.887123066186905
1,DiscNRX,none,915,1,0,0,0,nan,nan,-0.887123066186905
1,DiscNRX,none,916,0,1,0,0,nan,nan,-0.887123066186905
1,DiscNRX,none,917,1,0,0,0,nan,nan,-0.887123066186905
1,DiscNRX,none,918,1,0,0,0,nan,nan,-0.887123066186905
1,DiscNRX,none,919,1,0,0,0,nan,nan,-0.887123066186905
1,DiscNRX,none,920,1,0,0,0,nan,nan,-0.887123066186905
1,DiscNRX,none,921,1,0,0,0,nan,nan,-0.887123066186905
1,DiscNRX,none,922,1,0,0,0,nan,nan,-0.887123066186905
1,DiscNRX,none,923,1,0,0,0,nan,nan,-0.887123066186905
1,DiscNRX,none,924,1,0,0,0,nan,nan,-0.887123066186905
1,DiscNRX,none,925,1,0,0,0,nan,nan,-0.887123066186905
1,DiscNRX,none,926,1,0,0,0,nan,nan,-0.887123066186905
1,DiscNRX,none,927,0,1,0,0,nan,nan,-0.887123066186905
1,DiscNRX,none,928,1,0,0,0,nan,nan,-0.887123066186905
1,DiscNRX,none,929,0,1,0,0,nan,nan,-0.887123066186905
1,DiscNRX,none,930,1,0,0,0,nan,nan,-0.887123066186905
1,DiscNRX,none,931,1,0,0,0,nan,nan,-0.887123066186905
1,DiscNRX,none,932,1,0,0,0,nan,nan,-0.887123066186905
1,DiscNRX,none,933,0,1,0,0,nan,nan,-0.887123066186905
1,DiscNRX,none,934,1,0,0,0,nan,nan,-0.887123066186905
1,DiscNRX,none,935,1,0,0,0,nan,nan,-0.887123066186905
1,DiscNRX,none,936,1,0,0,0,nan,nan,-0.887123066186905
1,DiscNRX,none,937,1,0,0,0,nan,nan,-0.887123066186905
1,DiscNRX,none,938,1,0,0,0,nan,nan,-0.887123066186905
1,DiscNRX,none,939,1,0,0,0,nan,nan,-0.887123066186905
1,DiscNRX,none,940,1,0,0,0,nan,nan,-0.887123066186905
1,DiscNRX,none,941,0,1,0,0,nan,nan,-0.887123066186905
1,DiscNRX,none,942,0,1,0,0,nan,nan,-0.887123066186905
1,DiscNRX,none,943,0,1,0,0,nan,nan,-0.887123066186905
1,DiscNRX,none,944,1,0,0,0,nan,nan,-0.887123066186905
1,DiscNRX,none,945,1,0,0,0,nan,nan,-0.887123066186905
1,DiscNRX,none,946,1,0,0,0,nan,nan,-0.887123066186905
1,DiscNRX,none,947,1,0,0,0,nan,nan,-0.887123066186905
1,DiscNRX,none,948,1,0,0,0,nan,nan,-0.887123066186905
1,DiscNRX,none,949,1,0,0,0,nan,nan,-0.887123066186905
1,DiscNRX,none,950,1,0,0,0,nan,nan,-0.887123066186905
1,DiscNRX,none,951,1,0,0,0,nan,nan,-0.887123066186905
1,DiscNRX,none,952,0,1,0,0,nan,nan,-0.887123066186905
1,DiscNRX,none,953,1,0,0,0,nan,nan,-0.887123066186905
1,DiscNRX,none,954,0,1,0,0,nan,nan,-0.887123066186905
1,DiscNRX,none,955,1,0,0,0,nan,nan,-0.887123066186905
1,DiscNRX,none,956,0,1,0,0,nan,nan,-0.887123066186905
1,DiscNRX,none,957,1,0,0,0,nan,nan,-0.887123066186905
1,DiscNRX,none,958,1,0,0,0,nan,nan,-0.887123066186905
1,DiscNRX,none,959,0,1,0,0,nan,nan,-0.887123066186905
1,DiscNRX,none,960,1,0,0,0,nan,nan,-0.887123066186905
1,DiscNRX,none,961,1,0,0,0,nan,nan,-0.887123066186905
1,DiscNRX,none,962,1,0,0,0,nan,nan,-0.887123066186905
1,DiscNRX,none,963,1,0,0,0,nan,nan,-0.887123066186905
1,DiscNRX,none,964,1,0,0,0,nan,nan,-0.887123066186905
1,DiscNRX,none,965,0,1,0,0,nan,nan,-0.887123066186905
1,DiscNRX,none,966,1,0,0,0,nan,nan,-0.887123066186905
1,DiscNRX,none,967,0,1,0,0,nan,nan,-0.887123066186905
1,DiscNRX,none,968,1,0,0,0,nan,nan,-0.887123066186905
1,DiscNRX,none,969,1,0,0,0,nan,nan,-0.887123066186905
1,DiscNRX,none,970,0,1,0,0,nan,nan,-0.887123066186905
1,DiscNRX,none,971,1,0,0,0,nan,nan,-0.887123066186905
1,DiscNRX,none,972,0,1,0,0,nan,nan,-0.887123066186905
1,DiscNRX,none,973,0,1,0,0,nan,nan,-0.887123066186905
1,DiscNRX,none,974,1,0,0,0,nan,nan,-0.887123066186905
1,DiscNRX,none,975,0,1,0,0,nan,nan,-0.887123066186905
1,DiscNRX,none,976,1,0,0,0,nan,nan,-0.887123066186905
1,DiscNRX,none,977,1,0,0,0,nan,nan,-0.887123066186905
1,DiscNRX,none,978,1,0,0,0,nan,nan,-0.887123066186905
1,DiscNRX,none,979,0,1,0,0,nan,nan,-0.887123066186905
1,DiscNRX,none,980,1,0,0,0,nan,nan,-0.887123066186905
1,DiscNRX,none,981,1,0,0,0,nan,nan,-0.887123066186905
1,DiscNRX,none,982,0,1,0,0,nan,nan,-0.887123066186905
1,DiscNRX,none,983,0,1,0,0,nan,nan,-0.887123066186905
1,DiscNRX,none,984,1,0,0,0,nan,nan,-0.887123066186905
1,DiscNRX,none,985,1,0,0,0,nan,nan,-0.887123066186905
1,DiscNRX,none,986,1,0,0,0,nan,nan,-0.887123066186905
1,DiscNRX,none,987,1,0,0,0,nan,nan,-0.887123066186905
1,DiscNRX,none,988,1,0,0,0,nan,nan,-0.887123066186905
1,DiscNRX,none,989,0,1,0,0,nan,nan,-0.887123066186905
1,DiscNRX,none,990,0,1,0,0,nan,nan,-0.887123066186905
1,DiscNRX,none,991,0,1,0,0,nan,nan,-0.887123066186905
1,DiscNRX,none,992,0,1,0,0,nan,nan,-0.887123066186905
1,DiscNRX,none,993,1,0,0,0,nan,nan,-0.887123066186905
1,DiscNRX,none,994,0,1,0,0,nan,nan,-0.887123066186905
1,DiscNRX,none,995,1,0,0,0,nan,nan,-0.887123066186905
1,DiscNRX,none,996,1,0,0,0,nan,nan,-0.887123066186905
1,DiscNRX,none,997,1,0,0,0,nan,nan,-0.887123066186905
1,DiscNRX,none,998,1,0,0,0,nan,nan,-0.887123066186905
1,DiscNRX,none,999,0,1,0,0,nan,nan,-0.887123066186905
1,DiscNRX,ungated,0,1,0,0,1,34.754200000065794,nan,-0.887123066186905
1,DiscNRX,ungated,1,1,0,0,1,24.836099999902217,nan,-0.887123066186905
1,DiscNRX,ungated,2,1,0,0,1,23.687799999947856,nan,-0.887123066186905
1,DiscNRX,ungated,3,1,0,0,1,23.187900000039008,nan,-0.887123066186905
1,DiscNRX,ungated,4,1,0,0,1,29.476300000055744,nan,-0.887123066186905
1,DiscNRX,ungated,5,1,0,0,1,23.224000000027445,nan,-0.887123066186905
1,DiscNRX,ungated,6,1,0,0,1,23.153900000011163,nan,-0.887123066186905
1,DiscNRX,ungated,7,1,0,0,1,23.607100000049286,nan,-0.887123066186905
1,DiscNRX,ungated,8,1,0,0,1,25.681800000029398,nan,-0.887123066186905
1,DiscNRX,ungated,9,1,0,0,1,22.443300000077215,nan,-0.887123066186905
1,DiscNRX,ungated,10,1,0,0,1,23.968700000068566,nan,-0.887123066186905
1,DiscNRX,ungated,11,1,0,0,1,21.78310000010697,nan,-0.887123066186905
1,DiscNRX,ungated,12,1,0,0,1,25.79439999999522,nan,-0.887123066186905
1,DiscNRX,ungated,13,1,0,0,1,22.280000000023392,nan,-0.887123066186905
1,DiscNRX,ungated,14,1,0,0,1,25.052999999957137,nan,-0.887123066186905
1,DiscNRX,ungated,15,1,0,0,1,24.31560000002264,nan,-0.887123066186905
1,DiscNRX,ungated,16,1,0,0,1,23.694200000022647,nan,-0.887123066186905
1,DiscNRX,ungated,17,1,0,0,1,23.554300000000694,nan,-0.887123066186905
1,DiscNRX,ungated,18,1,0,0,1,23.088799999982257,nan,-0.887123066186905
1,DiscNRX,ungated,19,1,0,0,1,27.425099999959457,nan,-0.887123066186905
1,DiscNRX,ungated,20,1,0,0,1,24.858200000039687,nan,-0.887123066186905
1,DiscNRX,ungated,21,1,0,0,1,32.09950000007211,nan,-0.887123066186905
1,DiscNRX,ungated,22,1,0,0,1,21.81729999995241,nan,-0.887123066186905
1,DiscNRX,ungated,23,1,0,0,1,22.699699999975564,nan,-0.887123066186905
1,DiscNRX,ungated,24,1,0,0,1,22.756200000003446,nan,-0.887123066186905
1,DiscNRX,ungated,25,1,0,0,1,28.322399999979098,nan,-0.887123066186905
1,DiscNRX,ungated,26,1,0,0,1,23.335699999961435,nan,-0.887123066186905
1,DiscNRX,ungated,27,1,0,0,1,24.466699999948105,nan,-0.887123066186905
1,DiscNRX,ungated,28,1,0,0,1,23.94970000000285,nan,-0.887123066186905
1,DiscNRX,ungated,29,1,0,0,1,22.413499999970554,nan,-0.887123066186905
1,DiscNRX,ungated,30,1,0,0,1,31.844699999965087,nan,-0.887123066186905
1,DiscNRX,ungated,31,1,0,0,1,43.88800000003812,nan,-0.887123066186905
1,DiscNRX,ungated,32,1,0,0,1,23.668700000030185,nan,-0.887123066186905
1,DiscNRX,ungated,33,1,0,0,1,23.364600000036262,nan,-0.887123066186905
1,DiscNRX,ungated,34,1,0,0,1,22.924600000010287,nan,-0.887123066186905
1,DiscNRX,ungated,35,1,0,0,1,23.722700000007535,nan,-0.887123066186905
1,DiscNRX,ungated,36,1,0,0,1,23.76219999996465,nan,-0.887123066186905
1,DiscNRX,ungated,37,1,0,0,1,23.955300000011448,nan,-0.887123066186905
1,DiscNRX,ungated,38,1,0,0,1,26.6046000000415,nan,-0.887123066186905
1,DiscNRX,ungated,39,1,0,0,1,24.61449999998422,nan,-0.887123066186905
1,DiscNRX,ungated,40,1,0,0,1,25.05610000002889,nan,-0.887123066186905
1,DiscNRX,ungated,41,1,0,0,1,24.03449999997065,nan,-0.887123066186905
1,DiscNRX,ungated,42,1,0,0,1,24.043300000016643,nan,-0.887123066186905
1,DiscNRX,ungated,43,1,0,0,1,24.555299999974523,nan,-0.887123066186905
1,DiscNRX,ungated,44,1,0,0,1,23.000200000069526,nan,-0.887123066186905
1,DiscNRX,ungated,45,1,0,0,1,24.488200000064353,nan,-0.887123066186905
1,DiscNRX,ungated,46,1,0,0,1,21.702099999970415,nan,-0.887123066186905
1,DiscNRX,ungated,47,1,0,0,1,24.8269999999593,nan,-0.887123066186905
1,DiscNRX,ungated,48,1,0,0,1,23.69850000002316,nan,-0.887123066186905
1,DiscNRX,ungated,49,1,0,0,1,23.699299999975665,nan,-0.887123066186905
1,DiscNRX,ungated,50,1,0,0,1,24.128499999960695,nan,-0.887123066186905
1,DiscNRX,ungated,51,1,0,0,1,24.256700000023557,nan,-0.887123066186905
1,DiscNRX,ungated,52,1,0,0,1,23.91130000000885,nan,-0.887123066186905
1,DiscNRX,ungated,53,1,0,0,1,25.687200000106714,nan,-0.887123066186905
1,DiscNRX,ungated,54,1,0,0,1,23.962600000004386,nan,-0.887123066186905
1,DiscNRX,ungated,55,1,0,0,1,23.333600000000843,nan,-0.887123066186905
1,DiscNRX,ungated,56,1,0,0,1,23.027200000001358,nan,-0.887123066186905
1,DiscNRX,ungated,57,1,0,0,1,23.83580000002894,nan,-0.887123066186905
1,DiscNRX,ungated,58,1,0,0,1,21.478300000012496,nan,-0.887123066186905
1,DiscNRX,ungated,59,1,0,0,1,23.74889999998686,nan,-0.887123066186905
1,DiscNRX,ungated,60,1,0,0,1,23.917999999980566,nan,-0.887123066186905
1,DiscNRX,ungated,61,1,0,0,1,25.675599999999577,nan,-0.887123066186905
1,DiscNRX,ungated,62,1,0,0,1,25.57179999996606,nan,-0.887123066186905
1,DiscNRX,ungated,63,1,0,0,1,25.187099999925522,nan,-0.887123066186905
1,DiscNRX,ungated,64,1,0,0,1,23.352799999997842,nan,-0.887123066186905
1,DiscNRX,ungated,65,1,0,0,1,25.313699999969685,nan,-0.887123066186905
1,DiscNRX,ungated,66,1,0,0,1,21.17139999995743,nan,-0.887123066186905
1,DiscNRX,ungated,67,1,0,0,1,25.856900000007954,nan,-0.887123066186905
1,DiscNRX,ungated,68,1,0,0,1,21.277199999985896,nan,-0.887123066186905
1,DiscNRX,ungated,69,1,0,0,1,26.267299999972238,nan,-0.887123066186905
1,DiscNRX,ungated,70,1,0,0,1,25.656199999957607,nan,-0.887123066186905
1,DiscNRX,ungated,71,1,0,0,1,26.3775999999325,nan,-0.887123066186905
1,DiscNRX,ungated,72,1,0,0,1,24.38289999997778,nan,-0.887123066186905
1,DiscNRX,ungated,73,1,0,0,1,24.590499999931126,nan,-0.887123066186905
1,DiscNRX,ungated,74,1,0,0,1,24.801500000080523,nan,-0.887123066186905
1,DiscNRX,ungated,75,1,0,0,1,25.089499999921827,nan,-0.887123066186905
1,DiscNRX,ungated,76,1,0,0,1,26.044899999988047,nan,-0.887123066186905
1,DiscNRX,ungated,77,1,0,0,1,26.394200000027013,nan,-0.887123066186905
1,DiscNRX,ungated,78,1,0,0,1,24.14249999992535,nan,-0.887123066186905
1,DiscNRX,ungated,79,1,0,0,1,24.790999999936503,nan,-0.887123066186905
1,DiscNRX,ungated,80,1,0,0,1,23.94200000003366,nan,-0.887123066186905
1,DiscNRX,ungated,81,1,0,0,1,25.294000000030792,nan,-0.887123066186905
1,DiscNRX,ungated,82,1,0,0,1,25.621900000032838,nan,-0.887123066186905
1,DiscNRX,ungated,83,1,0,0,1,25.55660000007265,nan,-0.887123066186905
1,DiscNRX,ungated,84,1,0,0,1,26.192100000002938,nan,-0.887123066186905
1,DiscNRX,ungated,85,1,0,0,1,25.73789999996734,nan,-0.887123066186905
1,DiscNRX,ungated,86,1,0,0,1,25.21030000002611,nan,-0.887123066186905
1,DiscNRX,ungated,87,1,0,0,1,24.932199999966542,nan,-0.887123066186905
1,DiscNRX,ungated,88,1,0,0,1,25.105100000018865,nan,-0.887123066186905
1,DiscNRX,ungated,89,1,0,0,1,26.972999999998137,nan,-0.887123066186905
1,DiscNRX,ungated,90,1,0,0,1,25.961299999949006,nan,-0.887123066186905
1,DiscNRX,ungated,91,1,0,0,1,25.18099999997503,nan,-0.887123066186905
1,DiscNRX,ungated,92,1,0,0,1,26.36999999992895,nan,-0.887123066186905
1,DiscNRX,ungated,93,1,0,0,1,25.8525000000418,nan,-0.887123066186905
1,DiscNRX,ungated,94,1,0,0,1,25.654600000052596,nan,-0.887123066186905
1,DiscNRX,ungated,95,1,0,0,1,25.669800000059695,nan,-0.887123066186905
1,DiscNRX,ungated,96,1,0,0,1,23.45100000002276,nan,-0.887123066186905
1,DiscNRX,ungated,97,1,0,0,1,24.028200000088873,nan,-0.887123066186905
1,DiscNRX,ungated,98,1,0,0,1,26.2887999999748,nan,-0.887123066186905
1,DiscNRX,ungated,99,1,0,0,1,25.461300000074516,nan,-0.887123066186905
1,DiscNRX,ungated,100,1,0,0,1,25.99359999999251,nan,-0.887123066186905
1,DiscNRX,ungated,101,1,0,0,1,24.84360000005381,nan,-0.887123066186905
1,DiscNRX,ungated,102,1,0,0,1,22.505699999896933,nan,-0.887123066186905
1,DiscNRX,ungated,103,1,0,0,1,26.768600000082188,nan,-0.887123066186905
1,DiscNRX,ungated,104,1,0,0,1,26.104499999973996,nan,-0.887123066186905
1,DiscNRX,ungated,105,1,0,0,1,23.898400000007314,nan,-0.887123066186905
1,DiscNRX,ungated,106,1,0,0,1,24.36580000005506,nan,-0.887123066186905
1,DiscNRX,ungated,107,1,0,0,1,24.374299999976756,nan,-0.887123066186905
1,DiscNRX,ungated,108,1,1,1,1,25.934300000017174,nan,-0.887123066186905
1,DiscNRX,ungated,109,1,1,1,1,25.666300000011688,nan,-0.887123066186905
1,DiscNRX,ungated,110,1,1,1,1,23.220400000013797,nan,-0.887123066186905
1,DiscNRX,ungated,111,1,1,1,1,22.470700000098986,nan,-0.887123066186905
1,DiscNRX,ungated,112,1,1,1,1,42.14569999999185,nan,-0.887123066186905
1,DiscNRX,ungated,113,1,1,1,1,21.07890000002044,nan,-0.887123066186905
1,DiscNRX,ungated,114,1,1,1,1,24.050499999930253,nan,-0.887123066186905
1,DiscNRX,ungated,115,1,1,1,1,22.744499999930667,nan,-0.887123066186905
1,DiscNRX,ungated,116,1,1,1,1,38.07619999997769,nan,-0.887123066186905
1,DiscNRX,ungated,117,1,1,1,1,22.853100000020277,nan,-0.887123066186905
1,DiscNRX,ungated,118,1,1,1,1,22.65629999999419,nan,-0.887123066186905
1,DiscNRX,ungated,119,1,1,1,1,23.171700000034434,nan,-0.887123066186905
1,DiscNRX,ungated,120,1,1,1,1,23.63680000007662,nan,-0.887123066186905
1,DiscNRX,ungated,121,1,1,1,1,24.07740000001013,nan,-0.887123066186905
1,DiscNRX,ungated,122,1,1,1,1,22.742499999935717,nan,-0.887123066186905
1,DiscNRX,ungated,123,1,1,1,1,21.442100000058417,nan,-0.887123066186905
1,DiscNRX,ungated,124,1,1,1,1,21.545700000046963,nan,-0.887123066186905
1,DiscNRX,ungated,125,1,1,1,1,26.284099999998034,nan,-0.887123066186905
1,DiscNRX,ungated,126,1,1,1,1,23.88780000001134,nan,-0.887123066186905
1,DiscNRX,ungated,127,1,1,1,1,22.948599999949693,nan,-0.887123066186905
1,DiscNRX,ungated,128,1,1,1,1,22.147600000039347,nan,-0.887123066186905
1,DiscNRX,ungated,129,1,1,1,1,22.912399999995614,nan,-0.887123066186905
1,DiscNRX,ungated,130,1,1,1,1,23.376699999971606,nan,-0.887123066186905
1,DiscNRX,ungated,131,1,1,1,1,22.405899999967005,nan,-0.887123066186905
1,DiscNRX,ungated,132,1,1,1,1,22.659800000042196,nan,-0.887123066186905
1,DiscNRX,ungated,133,1,1,1,1,23.268900000061876,nan,-0.887123066186905
1,DiscNRX,ungated,134,1,1,1,1,21.598400000016227,nan,-0.887123066186905
1,DiscNRX,ungated,135,1,1,1,1,24.13940000008097,nan,-0.887123066186905
1,DiscNRX,ungated,136,1,1,1,1,23.4087000000045,nan,-0.887123066186905
1,DiscNRX,ungated,137,1,1,1,1,22.29639999995925,nan,-0.887123066186905
1,DiscNRX,ungated,138,1,1,1,1,24.330400000053487,nan,-0.887123066186905
1,DiscNRX,ungated,139,1,1,1,1,23.16439999992781,nan,-0.887123066186905
1,DiscNRX,ungated,140,1,1,1,1,22.301999999967848,nan,-0.887123066186905
1,DiscNRX,ungated,141,1,1,1,1,22.838199999910103,nan,-0.887123066186905
1,DiscNRX,ungated,142,1,1,1,1,23.08740000000853,nan,-0.887123066186905
1,DiscNRX,ungated,143,1,1,1,1,22.98469999993813,nan,-0.887123066186905
1,DiscNRX,ungated,144,1,1,1,1,22.96030000002247,nan,-0.887123066186905
1,DiscNRX,ungated,145,1,1,1,1,23.048000000017055,nan,-0.887123066186905
1,DiscNRX,ungated,146,1,1,1,1,21.7021000000841,nan,-0.887123066186905
1,DiscNRX,ungated,147,1,1,1,1,24.160100000017337,nan,-0.887123066186905
1,DiscNRX,ungated,148,1,1,1,1,23.08919999995851,nan,-0.887123066186905
1,DiscNRX,ungated,149,1,1,1,1,18.60830000009628,nan,-0.887123066186905
1,DiscNRX,ungated,150,1,1,1,1,22.858600000063234,nan,-0.887123066186905
1,DiscNRX,ungated,151,1,1,1,1,22.641999999905238,nan,-0.887123066186905
1,DiscNRX,ungated,152,1,1,1,1,23.57100000006085,nan,-0.887123066186905
1,DiscNRX,ungated,153,1,1,1,1,25.192999999944732,nan,-0.887123066186905
1,DiscNRX,ungated,154,1,1,1,1,24.171600000045146,nan,-0.887123066186905
1,DiscNRX,ungated,155,1,1,1,1,33.03640000001451,nan,-0.887123066186905
1,DiscNRX,ungated,156,1,1,1,1,23.620299999947747,nan,-0.887123066186905
1,DiscNRX,ungated,157,1,1,1,1,24.472999999943568,nan,-0.887123066186905
1,DiscNRX,ungated,158,1,1,1,1,22.97750000002452,nan,-0.887123066186905
1,DiscNRX,ungated,159,1,1,1,1,24.26839999998265,nan,-0.887123066186905
1,DiscNRX,ungated,160,1,1,1,1,21.1812000000009,nan,-0.887123066186905
1,DiscNRX,ungated,161,1,1,1,1,26.653500000065833,nan,-0.887123066186905
1,DiscNRX,ungated,162,1,1,1,1,23.478699999941455,nan,-0.887123066186905
1,DiscNRX,ungated,163,1,1,1,1,24.17609999997694,nan,-0.887123066186905
1,DiscNRX,ungated,164,1,1,1,1,23.114400000054047,nan,-0.887123066186905
1,DiscNRX,ungated,165,1,1,1,1,23.660500000005413,nan,-0.887123066186905
1,DiscNRX,ungated,166,1,1,1,1,23.324999999999818,nan,-0.887123066186905
1,DiscNRX,ungated,167,1,1,1,1,23.175599999945007,nan,-0.887123066186905
1,DiscNRX,ungated,168,1,1,1,1,23.285699999973986,nan,-0.887123066186905
1,DiscNRX,ungated,169,1,1,1,1,23.330099999952836,nan,-0.887123066186905
1,DiscNRX,ungated,170,1,1,1,1,23.3059999999341,nan,-0.887123066186905
1,DiscNRX,ungated,171,1,1,1,1,23.00019999995584,nan,-0.887123066186905
1,DiscNRX,ungated,172,1,1,1,1,22.77070000002368,nan,-0.887123066186905
1,DiscNRX,ungated,173,1,1,1,1,24.35800000000654,nan,-0.887123066186905
1,DiscNRX,ungated,174,1,1,1,1,23.23080000007849,nan,-0.887123066186905
1,DiscNRX,ungated,175,1,1,1,1,23.562299999980496,nan,-0.887123066186905
1,DiscNRX,ungated,176,1,1,1,1,22.981100000038168,nan,-0.887123066186905
1,DiscNRX,ungated,177,1,1,1,1,23.433199999999488,nan,-0.887123066186905
1,DiscNRX,ungated,178,1,1,1,1,22.710200000005898,nan,-0.887123066186905
1,DiscNRX,ungated,179,1,1,1,1,21.97450000005574,nan,-0.887123066186905
1,DiscNRX,ungated,180,1,1,1,1,21.826400000009016,nan,-0.887123066186905
1,DiscNRX,ungated,181,1,1,1,1,22.486000000071726,nan,-0.887123066186905
1,DiscNRX,ungated,182,1,1,1,1,26.657399999976406,nan,-0.887123066186905
1,DiscNRX,ungated,183,1,1,1,1,27.73550000006253,nan,-0.887123066186905
1,DiscNRX,ungated,184,1,1,1,1,22.98129999996945,nan,-0.887123066186905
1,DiscNRX,ungated,185,1,1,1,1,22.414199999957418,nan,-0.887123066186905
1,DiscNRX,ungated,186,1,1,1,1,23.544399999991583,nan,-0.887123066186905
1,DiscNRX,ungated,187,1,1,1,1,23.321000000009917,nan,-0.887123066186905
1,DiscNRX,ungated,188,1,1,1,1,23.99800000000596,nan,-0.887123066186905
1,DiscNRX,ungated,189,1,1,1,1,23.419300000000476,nan,-0.887123066186905
1,DiscNRX,ungated,190,1,1,1,1,23.06050000004234,nan,-0.887123066186905
1,DiscNRX,ungated,191,1,1,1,1,22.817400000008092,nan,-0.887123066186905
1,DiscNRX,ungated,192,1,1,1,1,23.137200000064695,nan,-0.887123066186905
1,DiscNRX,ungated,193,1,1,1,1,24.574899999947775,nan,-0.887123066186905
1,DiscNRX,ungated,194,1,1,1,1,22.691900000040732,nan,-0.887123066186905
1,DiscNRX,ungated,195,1,1,1,1,23.540799999977935,nan,-0.887123066186905
1,DiscNRX,ungated,196,1,1,1,1,22.629800000004252,nan,-0.887123066186905
1,DiscNRX,ungated,197,1,1,1,1,24.023699999929704,nan,-0.887123066186905
1,DiscNRX,ungated,198,1,1,1,1,22.436699999957455,nan,-0.887123066186905
1,DiscNRX,ungated,199,1,1,1,1,24.529899999947702,nan,-0.887123066186905
1,DiscNRX,ungated,200,1,1,1,1,25.519899999949303,nan,-0.887123066186905
1,DiscNRX,ungated,201,1,1,1,1,20.4386999999997,nan,-0.887123066186905
1,DiscNRX,ungated,202,1,1,1,1,22.327099999984057,nan,-0.887123066186905
1,DiscNRX,ungated,203,1,1,1,1,23.15509999993992,nan,-0.887123066186905
1,DiscNRX,ungated,204,1,1,1,1,21.53120000002673,nan,-0.887123066186905
1,DiscNRX,ungated,205,1,1,1,1,23.921999999970467,nan,-0.887123066186905
1,DiscNRX,ungated,206,1,1,1,1,23.4662999999955,nan,-0.887123066186905
1,DiscNRX,ungated,207,1,1,1,1,23.30090000009477,nan,-0.887123066186905
1,DiscNRX,ungated,208,1,1,1,1,22.776200000066638,nan,-0.887123066186905
1,DiscNRX,ungated,209,1,1,1,1,23.989299999925606,nan,-0.887123066186905
1,DiscNRX,ungated,210,1,1,1,1,22.74929999998676,nan,-0.887123066186905
1,DiscNRX,ungated,211,1,1,1,1,23.339899999996305,nan,-0.887123066186905
1,DiscNRX,ungated,212,1,1,1,1,23.049600000035753,nan,-0.887123066186905
1,DiscNRX,ungated,213,1,1,1,1,22.927999999978965,nan,-0.887123066186905
1,DiscNRX,ungated,214,1,1,1,1,23.978199999987737,nan,-0.887123066186905
1,DiscNRX,ungated,215,1,1,1,1,24.00000000000091,nan,-0.887123066186905
1,DiscNRX,ungated,216,1,1,1,1,20.78500000004624,nan,-0.887123066186905
1,DiscNRX,ungated,217,1,1,1,1,26.39940000005936,nan,-0.887123066186905
1,DiscNRX,ungated,218,1,1,1,1,24.373599999989892,nan,-0.887123066186905
1,DiscNRX,ungated,219,1,1,1,1,27.861499999971784,nan,-0.887123066186905
1,DiscNRX,ungated,220,1,1,1,1,27.555200000051627,nan,-0.887123066186905
1,DiscNRX,ungated,221,1,1,1,1,27.79129999998986,nan,-0.887123066186905
1,DiscNRX,ungated,222,1,1,1,1,28.195900000014262,nan,-0.887123066186905
1,DiscNRX,ungated,223,1,1,1,1,29.14229999998952,nan,-0.887123066186905
1,DiscNRX,ungated,224,1,1,1,1,26.15379999997458,nan,-0.887123066186905
1,DiscNRX,ungated,225,1,1,1,1,26.55529999992723,nan,-0.887123066186905
1,DiscNRX,ungated,226,1,1,1,1,25.907800000027237,nan,-0.887123066186905
1,DiscNRX,ungated,227,1,1,1,1,27.79940000004899,nan,-0.887123066186905
1,DiscNRX,ungated,228,1,1,1,1,29.718000000002576,nan,-0.887123066186905
1,DiscNRX,ungated,229,1,1,1,1,28.322399999979098,nan,-0.887123066186905
1,DiscNRX,ungated,230,1,1,1,1,28.03710000000592,nan,-0.887123066186905
1,DiscNRX,ungated,231,1,1,1,1,27.488800000014635,nan,-0.887123066186905
1,DiscNRX,ungated,232,1,1,1,1,26.92259999992075,nan,-0.887123066186905
1,DiscNRX,ungated,233,1,1,1,1,25.533999999993284,nan,-0.887123066186905
1,DiscNRX,ungated,234,1,1,1,1,28.41820000003281,nan,-0.887123066186905
1,DiscNRX,ungated,235,1,1,1,1,29.064500000004045,nan,-0.887123066186905
1,DiscNRX,ungated,236,1,1,1,1,32.90540000000419,nan,-0.887123066186905
1,DiscNRX,ungated,237,1,1,1,1,28.184800000076393,nan,-0.887123066186905
1,DiscNRX,ungated,238,1,1,1,1,30.858700000067074,nan,-0.887123066186905
1,DiscNRX,ungated,239,1,1,1,1,29.76970000008805,nan,-0.887123066186905
1,DiscNRX,ungated,240,1,1,1,1,28.83919999999307,nan,-0.887123066186905
1,DiscNRX,ungated,241,1,1,1,1,30.61409999997977,nan,-0.887123066186905
1,DiscNRX,ungated,242,1,1,1,1,29.636099999947874,nan,-0.887123066186905
1,DiscNRX,ungated,243,1,1,1,1,27.761399999917558,nan,-0.887123066186905
1,DiscNRX,ungated,244,1,1,1,1,29.15619999998853,nan,-0.887123066186905
1,DiscNRX,ungated,245,1,1,1,1,28.327800000056413,nan,-0.887123066186905
1,DiscNRX,ungated,246,1,1,1,1,27.39129999997658,nan,-0.887123066186905
1,DiscNRX,ungated,247,1,1,1,1,28.116800000020703,nan,-0.887123066186905
1,DiscNRX,ungated,248,1,1,1,1,26.260999999976775,nan,-0.887123066186905
1,DiscNRX,ungated,249,1,1,1,1,27.750500000024658,nan,-0.887123066186905
1,DiscNRX,ungated,250,1,1,1,1,28.335399999946276,nan,-0.887123066186905
1,DiscNRX,ungated,251,1,1,1,1,26.57509999994545,nan,-0.887123066186905
1,DiscNRX,ungated,252,1,1,1,1,27.158100000065133,nan,-0.887123066186905
1,DiscNRX,ungated,253,1,1,1,1,26.38009999998303,nan,-0.887123066186905
1,DiscNRX,ungated,254,1,1,1,1,26.39539999995577,nan,-0.887123066186905
1,DiscNRX,ungated,255,1,1,1,1,27.716699999928096,nan,-0.887123066186905
1,DiscNRX,ungated,256,1,1,1,1,27.030699999954777,nan,-0.887123066186905
1,DiscNRX,ungated,257,1,1,1,1,27.17619999998533,nan,-0.887123066186905
1,DiscNRX,ungated,258,1,1,1,1,30.59289999998782,nan,-0.887123066186905
1,DiscNRX,ungated,259,1,1,1,1,26.482699999974102,nan,-0.887123066186905
1,DiscNRX,ungated,260,1,1,1,1,27.354800000011892,nan,-0.887123066186905
1,DiscNRX,ungated,261,1,1,1,1,26.91010000000915,nan,-0.887123066186905
1,DiscNRX,ungated,262,1,1,1,1,27.855799999997544,nan,-0.887123066186905
1,DiscNRX,ungated,263,1,1,1,1,27.84359999998287,nan,-0.887123066186905
1,DiscNRX,ungated,264,1,1,1,1,28.478500000005624,nan,-0.887123066186905
1,DiscNRX,ungated,265,1,1,1,1,29.30089999995289,nan,-0.887123066186905
1,DiscNRX,ungated,266,1,1,1,1,27.377100000080645,nan,-0.887123066186905
1,DiscNRX,ungated,267,1,1,1,1,27.697600000010425,nan,-0.887123066186905
1,DiscNRX,ungated,268,1,1,1,1,30.64910000000509,nan,-0.887123066186905
1,DiscNRX,ungated,269,1,1,1,1,26.951800000006187,nan,-0.887123066186905
1,DiscNRX,ungated,270,1,1,1,1,28.196600000001126,nan,-0.887123066186905
1,DiscNRX,ungated,271,1,1,1,1,26.68780000010429,nan,-0.887123066186905
1,DiscNRX,ungated,272,1,1,1,1,25.514900000075613,nan,-0.887123066186905
1,DiscNRX,ungated,273,1,1,1,1,41.188400000010006,nan,-0.887123066186905
1,DiscNRX,ungated,274,1,1,1,1,27.129199999990306,nan,-0.887123066186905
1,DiscNRX,ungated,275,1,1,1,1,25.82740000002559,nan,-0.887123066186905
1,DiscNRX,ungated,276,1,1,1,1,43.71019999996406,nan,-0.887123066186905
1,DiscNRX,ungated,277,1,1,1,1,25.06730000004609,nan,-0.887123066186905
1,DiscNRX,ungated,278,1,1,1,1,21.812099999920065,nan,-0.887123066186905
1,DiscNRX,ungated,279,1,1,1,1,25.456899999994675,nan,-0.887123066186905
1,DiscNRX,ungated,280,1,1,1,1,25.327800000013667,nan,-0.887123066186905
1,DiscNRX,ungated,281,1,1,1,1,24.05650000002879,nan,-0.887123066186905
1,DiscNRX,ungated,282,1,1,1,1,24.451599999906648,nan,-0.887123066186905
1,DiscNRX,ungated,283,1,1,1,1,24.479300000052717,nan,-0.887123066186905
1,DiscNRX,ungated,284,1,1,1,1,24.342399999909503,nan,-0.887123066186905
1,DiscNRX,ungated,285,1,1,1,1,24.857300000007854,nan,-0.887123066186905
1,DiscNRX,ungated,286,1,1,1,1,30.381700000020828,nan,-0.887123066186905
1,DiscNRX,ungated,287,1,1,1,1,26.58639999992829,nan,-0.887123066186905
1,DiscNRX,ungated,288,1,1,1,1,26.266899999995985,nan,-0.887123066186905
1,DiscNRX,ungated,289,1,1,1,1,23.995099999979175,nan,-0.887123066186905
1,DiscNRX,ungated,290,1,1,1,1,24.587300000007417,nan,-0.887123066186905
1,DiscNRX,ungated,291,1,1,1,1,25.09870000005776,nan,-0.887123066186905
1,DiscNRX,ungated,292,1,1,1,1,46.005699999909666,nan,-0.887123066186905
1,DiscNRX,ungated,293,1,1,1,1,25.34930000001623,nan,-0.887123066186905
1,DiscNRX,ungated,294,1,1,1,1,24.92599999993672,nan,-0.887123066186905
1,DiscNRX,ungated,295,1,1,1,1,24.641700000074707,nan,-0.887123066186905
1,DiscNRX,ungated,296,1,1,1,1,27.506199999947967,nan,-0.887123066186905
1,DiscNRX,ungated,297,1,1,1,1,26.58689999998387,nan,-0.887123066186905
1,DiscNRX,ungated,298,1,1,1,1,27.235299999915696,nan,-0.887123066186905
1,DiscNRX,ungated,299,1,1,1,1,27.494100000012622,nan,-0.887123066186905
1,DiscNRX,ungated,300,1,1,1,1,28.584999999907268,nan,-0.887123066186905
1,DiscNRX,ungated,301,1,1,1,1,27.36179999999422,nan,-0.887123066186905
1,DiscNRX,ungated,302,1,1,1,1,28.098300000010568,nan,-0.887123066186905
1,DiscNRX,ungated,303,1,1,1,1,26.000299999964227,nan,-0.887123066186905
1,DiscNRX,ungated,304,1,1,1,1,33.654100000035214,nan,-0.887123066186905
1,DiscNRX,ungated,305,1,1,1,1,26.83090000004995,nan,-0.887123066186905
1,DiscNRX,ungated,306,1,1,1,1,24.45799999998144,nan,-0.887123066186905
1,DiscNRX,ungated,307,1,1,1,1,30.19460000007257,nan,-0.887123066186905
1,DiscNRX,ungated,308,1,1,1,1,27.148099999976694,nan,-0.887123066186905
1,DiscNRX,ungated,309,1,1,1,1,25.175999999987653,nan,-0.887123066186905
1,DiscNRX,ungated,310,1,1,1,1,25.17380000006142,nan,-0.887123066186905
1,DiscNRX,ungated,311,1,1,1,1,25.63010000005761,nan,-0.887123066186905
1,DiscNRX,ungated,312,1,1,1,1,24.434700000028897,nan,-0.887123066186905
1,DiscNRX,ungated,313,1,1,1,1,26.781800000094336,nan,-0.887123066186905
1,DiscNRX,ungated,314,1,1,1,1,25.89110000008077,nan,-0.887123066186905
1,DiscNRX,ungated,315,1,1,1,1,25.168799999960356,nan,-0.887123066186905
1,DiscNRX,ungated,316,1,1,1,1,25.031600000033905,nan,-0.887123066186905
1,DiscNRX,ungated,317,1,1,1,1,25.27569999995194,nan,-0.887123066186905
1,DiscNRX,ungated,318,1,1,1,1,25.369700000055673,nan,-0.887123066186905
1,DiscNRX,ungated,319,1,1,1,1,25.87940000000799,nan,-0.887123066186905
1,DiscNRX,ungated,320,1,1,1,1,25.77519999999822,nan,-0.887123066186905
1,DiscNRX,ungated,321,1,1,1,1,26.36829999994461,nan,-0.887123066186905
1,DiscNRX,ungated,322,1,1,1,1,29.92139999992105,nan,-0.887123066186905
1,DiscNRX,ungated,323,1,1,1,1,34.22139999997853,nan,-0.887123066186905
1,DiscNRX,ungated,324,1,1,1,1,25.603199999977733,nan,-0.887123066186905
1,DiscNRX,ungated,325,1,1,1,1,25.8565000000317,nan,-0.887123066186905
1,DiscNRX,ungated,326,1,1,1,1,25.616200000058598,nan,-0.887123066186905
1,DiscNRX,ungated,327,1,1,1,1,26.030600000012782,nan,-0.887123066186905
1,DiscNRX,ungated,328,1,1,1,1,32.656399999950736,nan,-0.887123066186905
1,DiscNRX,ungated,329,1,1,1,1,27.73869999998624,nan,-0.887123066186905
1,DiscNRX,ungated,330,1,1,1,1,25.715399999967303,nan,-0.887123066186905
1,DiscNRX,ungated,331,1,1,1,1,29.441299999916737,nan,-0.887123066186905
1,DiscNRX,ungated,332,1,1,1,1,25.01669999992373,nan,-0.887123066186905
1,DiscNRX,ungated,333,1,1,1,1,24.488700000006247,nan,-0.887123066186905
1,DiscNRX,ungated,334,1,1,1,1,26.528300000109084,nan,-0.887123066186905
1,DiscNRX,ungated,335,1,1,1,1,25.218600000016522,nan,-0.887123066186905
1,DiscNRX,ungated,336,1,1,1,1,25.451300000099764,nan,-0.887123066186905
1,DiscNRX,ungated,337,1,1,1,1,26.489700000070115,nan,-0.887123066186905
1,DiscNRX,ungated,338,1,1,1,1,26.89829999997073,nan,-0.887123066186905
1,DiscNRX,ungated,339,1,1,1,1,25.964799999997012,nan,-0.887123066186905
1,DiscNRX,ungated,340,1,1,1,1,38.883599999962826,nan,-0.887123066186905
1,DiscNRX,ungated,341,1,1,1,1,28.221099999996113,nan,-0.887123066186905
1,DiscNRX,ungated,342,1,1,1,1,24.514100000033068,nan,-0.887123066186905
1,DiscNRX,ungated,343,1,1,1,1,23.832799999922827,nan,-0.887123066186905
1,DiscNRX,ungated,344,1,1,1,1,25.102399999923364,nan,-0.887123066186905
1,DiscNRX,ungated,345,1,1,1,1,26.06470000000627,nan,-0.887123066186905
1,DiscNRX,ungated,346,1,1,1,1,27.144399999997404,nan,-0.887123066186905
1,DiscNRX,ungated,347,1,1,1,1,24.52809999999772,nan,-0.887123066186905
1,DiscNRX,ungated,348,1,1,1,1,26.24109999999291,nan,-0.887123066186905
1,DiscNRX,ungated,349,1,1,1,1,26.790399999981673,nan,-0.887123066186905
1,DiscNRX,ungated,350,1,1,1,1,25.101800000015828,nan,-0.887123066186905
1,DiscNRX,ungated,351,1,1,1,1,25.409699999954682,nan,-0.887123066186905
1,DiscNRX,ungated,352,1,1,1,1,24.787800000012794,nan,-0.887123066186905
1,DiscNRX,ungated,353,1,1,1,1,24.348599999939324,nan,-0.887123066186905
1,DiscNRX,ungated,354,1,1,1,1,25.755000000003747,nan,-0.887123066186905
1,DiscNRX,ungated,355,1,1,1,1,27.668399999924986,nan,-0.887123066186905
1,DiscNRX,ungated,356,1,1,1,1,26.28310000000056,nan,-0.887123066186905
1,DiscNRX,ungated,357,1,1,1,1,24.78120000000672,nan,-0.887123066186905
1,DiscNRX,ungated,358,1,1,1,1,25.23540000004232,nan,-0.887123066186905
1,DiscNRX,ungated,359,1,1,1,1,25.31819999990148,nan,-0.887123066186905
1,DiscNRX,ungated,360,1,1,1,1,37.81170000002021,nan,-0.887123066186905
1,DiscNRX,ungated,361,1,1,1,1,25.91780000000199,nan,-0.887123066186905
1,DiscNRX,ungated,362,1,1,1,1,32.07730000008269,nan,-0.887123066186905
1,DiscNRX,ungated,363,1,1,1,1,24.071000000049025,nan,-0.887123066186905
1,DiscNRX,ungated,364,1,1,1,1,25.54669999994985,nan,-0.887123066186905
1,DiscNRX,ungated,365,1,1,1,1,28.336999999964974,nan,-0.887123066186905
1,DiscNRX,ungated,366,1,1,1,1,24.73639999993793,nan,-0.887123066186905
1,DiscNRX,ungated,367,1,1,1,1,25.255099999981212,nan,-0.887123066186905
1,DiscNRX,ungated,368,1,1,1,1,25.325099999918166,nan,-0.887123066186905
1,DiscNRX,ungated,369,1,1,1,1,35.809099999937644,nan,-0.887123066186905
1,DiscNRX,ungated,370,1,1,1,1,26.947500000005675,nan,-0.887123066186905
1,DiscNRX,ungated,371,1,1,1,1,25.036799999952564,nan,-0.887123066186905
1,DiscNRX,ungated,372,1,1,1,1,27.11439999995946,nan,-0.887123066186905
1,DiscNRX,ungated,373,1,1,1,1,24.360500000057073,nan,-0.887123066186905
1,DiscNRX,ungated,374,1,1,1,1,26.146599999947284,nan,-0.887123066186905
1,DiscNRX,ungated,375,1,1,1,1,36.308299999973315,nan,-0.887123066186905
1,DiscNRX,ungated,376,1,1,1,1,24.917099999925085,nan,-0.887123066186905
1,DiscNRX,ungated,377,1,1,1,1,23.91370000009374,nan,-0.887123066186905
1,DiscNRX,ungated,378,1,1,1,1,24.276000000099884,nan,-0.887123066186905
1,DiscNRX,ungated,379,1,1,1,1,24.71329999991667,nan,-0.887123066186905
1,DiscNRX,ungated,380,1,1,1,1,25.54829999996855,nan,-0.887123066186905
1,DiscNRX,ungated,381,1,1,1,1,24.62079999997968,nan,-0.887123066186905
1,DiscNRX,ungated,382,1,1,1,1,24.993300000005547,nan,-0.887123066186905
1,DiscNRX,ungated,383,1,1,1,1,25.94699999997374,nan,-0.887123066186905
1,DiscNRX,ungated,384,1,1,1,1,31.18199999994431,nan,-0.887123066186905
1,DiscNRX,ungated,385,1,1,1,1,27.677599999947233,nan,-0.887123066186905
1,DiscNRX,ungated,386,1,1,1,1,26.220299999977215,nan,-0.887123066186905
1,DiscNRX,ungated,387,1,1,1,1,25.263700000095923,nan,-0.887123066186905
1,DiscNRX,ungated,388,1,1,1,1,25.686299999961193,nan,-0.887123066186905
1,DiscNRX,ungated,389,1,1,1,1,25.492700000086188,nan,-0.887123066186905
1,DiscNRX,ungated,390,1,1,1,1,30.340900000055626,nan,-0.887123066186905
1,DiscNRX,ungated,391,1,1,1,1,26.774799999998322,nan,-0.887123066186905
1,DiscNRX,ungated,392,1,1,1,1,27.224100000012186,nan,-0.887123066186905
1,DiscNRX,ungated,393,1,1,1,1,28.26110000000881,nan,-0.887123066186905
1,DiscNRX,ungated,394,1,1,1,1,27.56690000001072,nan,-0.887123066186905
1,DiscNRX,ungated,395,1,1,1,1,25.961599999959617,nan,-0.887123066186905
1,DiscNRX,ungated,396,1,1,1,1,24.53739999998561,nan,-0.887123066186905
1,DiscNRX,ungated,397,1,1,1,1,24.33989999997266,nan,-0.887123066186905
1,DiscNRX,ungated,398,1,1,1,1,29.033400000002985,nan,-0.887123066186905
1,DiscNRX,ungated,399,1,1,1,1,33.63930000000437,nan,-0.887123066186905
1,DiscNRX,ungated,400,1,1,1,1,25.545700000066063,nan,-0.887123066186905
1,DiscNRX,ungated,401,1,1,1,1,23.61180000002605,nan,-0.887123066186905
1,DiscNRX,ungated,402,1,1,1,1,30.492800000047282,nan,-0.887123066186905
1,DiscNRX,ungated,403,1,1,1,1,25.186099999928047,nan,-0.887123066186905
1,DiscNRX,ungated,404,1,1,1,1,31.05080000000271,nan,-0.887123066186905
1,DiscNRX,ungated,405,1,1,1,1,25.122000000010303,nan,-0.887123066186905
1,DiscNRX,ungated,406,1,1,1,1,26.46319999996649,nan,-0.887123066186905
1,DiscNRX,ungated,407,1,1,1,1,24.913900000001377,nan,-0.887123066186905
1,DiscNRX,ungated,408,1,1,1,1,24.79080000000522,nan,-0.887123066186905
1,DiscNRX,ungated,409,1,1,1,1,24.736200000006647,nan,-0.887123066186905
1,DiscNRX,ungated,410,1,1,1,1,26.23510000000806,nan,-0.887123066186905
1,DiscNRX,ungated,411,1,1,1,1,35.706599999912214,nan,-0.887123066186905
1,DiscNRX,ungated,412,1,1,1,1,25.870800000006966,nan,-0.887123066186905
1,DiscNRX,ungated,413,1,1,1,1,26.587999999946987,nan,-0.887123066186905
1,DiscNRX,ungated,414,1,1,1,1,25.4874000000882,nan,-0.887123066186905
1,DiscNRX,ungated,415,1,1,1,1,24.869600000101855,nan,-0.887123066186905
1,DiscNRX,ungated,416,1,1,1,1,24.749799999995048,nan,-0.887123066186905
1,DiscNRX,ungated,417,1,1,1,1,29.021800000009534,nan,-0.887123066186905
1,DiscNRX,ungated,418,1,1,1,1,25.18170000007558,nan,-0.887123066186905
1,DiscNRX,ungated,419,1,1,1,1,25.16149999996742,nan,-0.887123066186905
1,DiscNRX,ungated,420,1,1,1,1,25.5570000000489,nan,-0.887123066186905
1,DiscNRX,ungated,421,1,1,1,1,47.01319999992393,nan,-0.887123066186905
1,DiscNRX,ungated,422,1,1,1,1,25.83839999999782,nan,-0.887123066186905
1,DiscNRX,ungated,423,1,1,1,1,26.411099999904764,nan,-0.887123066186905
1,DiscNRX,ungated,424,1,1,1,1,24.732700000072327,nan,-0.887123066186905
1,DiscNRX,ungated,425,1,1,1,1,25.622999999995955,nan,-0.887123066186905
1,DiscNRX,ungated,426,1,1,1,1,24.268600000027618,nan,-0.887123066186905
1,DiscNRX,ungated,427,1,1,1,1,25.586400000065623,nan,-0.887123066186905
1,DiscNRX,ungated,428,1,1,1,1,26.55600000002778,nan,-0.887123066186905
1,DiscNRX,ungated,429,1,1,1,1,24.90269999998418,nan,-0.887123066186905
1,DiscNRX,ungated,430,1,1,1,1,24.57630000003519,nan,-0.887123066186905
1,DiscNRX,ungated,431,1,1,1,1,24.454100000070866,nan,-0.887123066186905
1,DiscNRX,ungated,432,1,1,1,1,35.39360000002034,nan,-0.887123066186905
1,DiscNRX,ungated,433,1,1,1,1,30.881399999998393,nan,-0.887123066186905
1,DiscNRX,ungated,434,1,1,1,1,24.544399999967936,nan,-0.887123066186905
1,DiscNRX,ungated,435,1,1,1,1,25.094899999999143,nan,-0.887123066186905
1,DiscNRX,ungated,436,1,1,1,1,23.86439999997947,nan,-0.887123066186905
1,DiscNRX,ungated,437,1,1,1,1,24.501900000018395,nan,-0.887123066186905
1,DiscNRX,ungated,438,1,1,1,1,29.271199999925557,nan,-0.887123066186905
1,DiscNRX,ungated,439,1,1,1,1,26.94399999995767,nan,-0.887123066186905
1,DiscNRX,ungated,440,1,1,1,1,26.891299999988405,nan,-0.887123066186905
1,DiscNRX,ungated,441,1,1,1,1,28.276799999957802,nan,-0.887123066186905
1,DiscNRX,ungated,442,1,1,1,1,27.212299999973766,nan,-0.887123066186905
1,DiscNRX,ungated,443,1,1,1,1,27.252900000007685,nan,-0.887123066186905
1,DiscNRX,ungated,444,1,1,1,1,27.43980000002466,nan,-0.887123066186905
1,DiscNRX,ungated,445,1,1,1,1,26.647199999956683,nan,-0.887123066186905
1,DiscNRX,ungated,446,1,1,1,1,27.528899999992973,nan,-0.887123066186905
1,DiscNRX,ungated,447,1,1,1,1,27.09719999995741,nan,-0.887123066186905
1,DiscNRX,ungated,448,1,1,1,1,32.09340000000793,nan,-0.887123066186905
1,DiscNRX,ungated,449,1,1,1,1,26.947299999960705,nan,-0.887123066186905
1,DiscNRX,ungated,450,1,1,1,1,24.8489000000518,nan,-0.887123066186905
1,DiscNRX,ungated,451,1,1,1,1,24.813600000015867,nan,-0.887123066186905
1,DiscNRX,ungated,452,1,1,1,1,32.442600000081256,nan,-0.887123066186905
1,DiscNRX,ungated,453,1,1,1,1,25.236599999971077,nan,-0.887123066186905
1,DiscNRX,ungated,454,1,1,1,1,24.942399999986264,nan,-0.887123066186905
1,DiscNRX,ungated,455,1,1,1,1,28.257200000098237,nan,-0.887123066186905
1,DiscNRX,ungated,456,1,1,1,1,25.963799999999537,nan,-0.887123066186905
1,DiscNRX,ungated,457,1,1,1,1,25.43849999995018,nan,-0.887123066186905
1,DiscNRX,ungated,458,1,1,1,1,24.610700000039287,nan,-0.887123066186905
1,DiscNRX,ungated,459,1,1,1,1,25.753000000008797,nan,-0.887123066186905
1,DiscNRX,ungated,460,1,1,1,1,25.333000000046013,nan,-0.887123066186905
1,DiscNRX,ungated,461,1,1,1,1,28.81349999995564,nan,-0.887123066186905
1,DiscNRX,ungated,462,1,1,1,1,24.870499999906315,nan,-0.887123066186905
1,DiscNRX,ungated,463,1,1,1,1,24.579300000027615,nan,-0.887123066186905
1,DiscNRX,ungated,464,1,1,1,1,24.866999999971995,nan,-0.887123066186905
1,DiscNRX,ungated,465,1,1,1,1,24.79969999990317,nan,-0.887123066186905
1,DiscNRX,ungated,466,1,1,1,1,26.087800000027528,nan,-0.887123066186905
1,DiscNRX,ungated,467,1,1,1,1,32.534299999952054,nan,-0.887123066186905
1,DiscNRX,ungated,468,1,1,1,1,24.66550000008283,nan,-0.887123066186905
1,DiscNRX,ungated,469,1,1,1,1,25.151800000003277,nan,-0.887123066186905
1,DiscNRX,ungated,470,1,1,1,1,26.655399999981455,nan,-0.887123066186905
1,DiscNRX,ungated,471,1,1,1,1,25.692499999991014,nan,-0.887123066186905
1,DiscNRX,ungated,472,1,1,1,1,25.522199999954864,nan,-0.887123066186905
1,DiscNRX,ungated,473,1,1,1,1,25.24479999999585,nan,-0.887123066186905
1,DiscNRX,ungated,474,1,1,1,1,26.075999999989108,nan,-0.887123066186905
1,DiscNRX,ungated,475,1,1,1,1,26.7265000001089,nan,-0.887123066186905
1,DiscNRX,ungated,476,1,1,1,1,25.790899999947214,nan,-0.887123066186905
1,DiscNRX,ungated,477,1,1,1,1,26.27180000001772,nan,-0.887123066186905
1,DiscNRX,ungated,478,1,1,1,1,26.893299999983356,nan,-0.887123066186905
1,DiscNRX,ungated,479,1,1,1,1,25.8729999999332,nan,-0.887123066186905
1,DiscNRX,ungated,480,1,1,1,1,25.802399999975023,nan,-0.887123066186905
1,DiscNRX,ungated,481,1,1,1,1,25.775399999929505,nan,-0.887123066186905
1,DiscNRX,ungated,482,1,1,1,1,26.09810000001289,nan,-0.887123066186905
1,DiscNRX,ungated,483,1,1,1,1,28.40009999999893,nan,-0.887123066186905
1,DiscNRX,ungated,484,1,1,1,1,26.226600000086364,nan,-0.887123066186905
1,DiscNRX,ungated,485,1,1,1,1,27.308800000014344,nan,-0.887123066186905
1,DiscNRX,ungated,486,1,1,1,1,28.90500000000884,nan,-0.887123066186905
1,DiscNRX,ungated,487,1,1,1,1,27.082800000016505,nan,-0.887123066186905
1,DiscNRX,ungated,488,1,1,1,1,28.00420000005488,nan,-0.887123066186905
1,DiscNRX,ungated,489,1,1,1,1,36.503900000070644,nan,-0.887123066186905
1,DiscNRX,ungated,490,1,1,1,1,46.63269999991826,nan,-0.887123066186905
1,DiscNRX,ungated,491,1,1,1,1,26.09180000001743,nan,-0.887123066186905
1,DiscNRX,ungated,492,1,1,1,1,25.956199999995988,nan,-0.887123066186905
1,DiscNRX,ungated,493,1,1,1,1,25.914999999940846,nan,-0.887123066186905
1,DiscNRX,ungated,494,1,1,1,1,25.051999999959662,nan,-0.887123066186905
1,DiscNRX,ungated,495,1,1,1,1,25.00559999998586,nan,-0.887123066186905
1,DiscNRX,ungated,496,1,1,1,1,24.721699999986413,nan,-0.887123066186905
1,DiscNRX,ungated,497,1,1,1,1,23.748400000044967,nan,-0.887123066186905
1,DiscNRX,ungated,498,1,1,1,1,25.74830000003203,nan,-0.887123066186905
1,DiscNRX,ungated,499,1,1,1,1,24.28650000001653,nan,-0.887123066186905
1,DiscNRX,ungated,500,1,1,1,1,24.797600000056264,nan,-0.887123066186905
1,DiscNRX,ungated,501,1,1,1,1,25.357900000017253,nan,-0.887123066186905
1,DiscNRX,ungated,502,1,1,1,1,24.376200000006065,nan,-0.887123066186905
1,DiscNRX,ungated,503,1,1,1,1,26.28119999997125,nan,-0.887123066186905
1,DiscNRX,ungated,504,1,1,1,1,25.542300000097384,nan,-0.887123066186905
1,DiscNRX,ungated,505,1,1,1,1,23.048399999993308,nan,-0.887123066186905
1,DiscNRX,ungated,506,1,1,1,1,25.681500000018787,nan,-0.887123066186905
1,DiscNRX,ungated,507,1,1,1,1,25.259499999947366,nan,-0.887123066186905
1,DiscNRX,ungated,508,1,1,1,1,25.47269999990931,nan,-0.887123066186905
1,DiscNRX,ungated,509,1,1,1,1,31.690600000047198,nan,-0.887123066186905
1,DiscNRX,ungated,510,1,1,1,1,25.861299999974108,nan,-0.887123066186905
1,DiscNRX,ungated,511,1,1,1,1,27.28320000005624,nan,-0.887123066186905
1,DiscNRX,ungated,512,1,1,1,1,26.22710000002826,nan,-0.887123066186905
1,DiscNRX,ungated,513,1,1,1,1,25.031099999978323,nan,-0.887123066186905
1,DiscNRX,ungated,514,1,1,1,1,26.620800000046074,nan,-0.887123066186905
1,DiscNRX,ungated,515,1,1,1,1,37.94910000010532,nan,-0.887123066186905
1,DiscNRX,ungated,516,1,1,1,1,26.13399999995636,nan,-0.887123066186905
1,DiscNRX,ungated,517,1,1,1,1,26.63150000000769,nan,-0.887123066186905
1,DiscNRX,ungated,518,1,1,1,1,25.528499999950327,nan,-0.887123066186905
1,DiscNRX,ungated,519,1,1,1,1,27.817799999979798,nan,-0.887123066186905
1,DiscNRX,ungated,520,1,1,1,1,27.829199999928278,nan,-0.887123066186905
1,DiscNRX,ungated,521,1,1,1,1,24.6230000000196,nan,-0.887123066186905
1,DiscNRX,ungated,522,1,1,1,1,26.224299999967116,nan,-0.887123066186905
1,DiscNRX,ungated,523,1,1,1,1,24.806900000044152,nan,-0.887123066186905
1,DiscNRX,ungated,524,1,1,1,1,25.441600000021936,nan,-0.887123066186905
1,DiscNRX,ungated,525,1,1,1,1,24.2375999999922,nan,-0.887123066186905
1,DiscNRX,ungated,526,1,1,1,1,25.613199999952485,nan,-0.887123066186905
1,DiscNRX,ungated,527,1,1,1,1,30.016300000056617,nan,-0.887123066186905
1,DiscNRX,ungated,528,1,1,1,1,28.540099999986523,nan,-0.887123066186905
1,DiscNRX,ungated,529,1,1,1,1,24.281500000029155,nan,-0.887123066186905
1,DiscNRX,ungated,530,1,1,1,1,26.529900000014095,nan,-0.887123066186905
1,DiscNRX,ungated,531,1,1,1,1,25.29360000005454,nan,-0.887123066186905
1,DiscNRX,ungated,532,1,1,1,1,30.12690000002749,nan,-0.887123066186905
1,DiscNRX,ungated,533,1,1,1,1,26.05960000005325,nan,-0.887123066186905
1,DiscNRX,ungated,534,1,1,1,1,25.6202000000485,nan,-0.887123066186905
1,DiscNRX,ungated,535,1,1,1,1,25.434000000018386,nan,-0.887123066186905
1,DiscNRX,ungated,536,1,1,1,1,26.279000000045016,nan,-0.887123066186905
1,DiscNRX,ungated,537,1,1,1,1,26.227300000073228,nan,-0.887123066186905
1,DiscNRX,ungated,538,1,1,1,1,26.569299999891882,nan,-0.887123066186905
1,DiscNRX,ungated,539,1,1,1,1,25.991900000008172,nan,-0.887123066186905
1,DiscNRX,ungated,540,1,1,1,1,25.444999999990614,nan,-0.887123066186905
1,DiscNRX,ungated,541,1,1,1,1,24.999999999977263,nan,-0.887123066186905
1,DiscNRX,ungated,542,1,1,1,1,25.19280000001345,nan,-0.887123066186905
1,DiscNRX,ungated,543,1,1,1,1,24.805399999991096,nan,-0.887123066186905
1,DiscNRX,ungated,544,1,1,1,1,25.880499999971107,nan,-0.887123066186905
1,DiscNRX,ungated,545,1,1,1,1,24.126099999989492,nan,-0.887123066186905
1,DiscNRX,ungated,546,1,1,1,1,24.301800000102958,nan,-0.887123066186905
1,DiscNRX,ungated,547,1,1,1,1,25.86159999998472,nan,-0.887123066186905
1,DiscNRX,ungated,548,1,1,1,1,26.297300000010182,nan,-0.887123066186905
1,DiscNRX,ungated,549,1,1,1,1,26.423099999988153,nan,-0.887123066186905
1,DiscNRX,ungated,550,1,1,1,1,26.8917999999303,nan,-0.887123066186905
1,DiscNRX,ungated,551,1,1,1,1,25.22009999995589,nan,-0.887123066186905
1,DiscNRX,ungated,552,1,1,1,1,24.97039999991557,nan,-0.887123066186905
1,DiscNRX,ungated,553,1,1,1,1,26.56689999992068,nan,-0.887123066186905
1,DiscNRX,ungated,554,1,1,1,1,30.122099999971397,nan,-0.887123066186905
1,DiscNRX,ungated,555,1,1,1,1,32.5219000000061,nan,-0.887123066186905
1,DiscNRX,ungated,556,1,1,1,1,26.322800000002644,nan,-0.887123066186905
1,DiscNRX,ungated,557,1,1,1,1,32.36899999990328,nan,-0.887123066186905
1,DiscNRX,ungated,558,1,1,1,1,23.91510000006747,nan,-0.887123066186905
1,DiscNRX,ungated,559,1,1,1,1,26.17129999998724,nan,-0.887123066186905
1,DiscNRX,ungated,560,1,1,1,1,25.773399999934554,nan,-0.887123066186905
1,DiscNRX,ungated,561,1,1,1,1,25.654600000052596,nan,-0.887123066186905
1,DiscNRX,ungated,562,1,1,1,1,25.387299999920288,nan,-0.887123066186905
1,DiscNRX,ungated,563,1,1,1,1,25.843499999950836,nan,-0.887123066186905
1,DiscNRX,ungated,564,1,1,1,1,24.448799999959192,nan,-0.887123066186905
1,DiscNRX,ungated,565,1,1,1,1,24.82830000008107,nan,-0.887123066186905
1,DiscNRX,ungated,566,1,1,1,1,24.629600000025675,nan,-0.887123066186905
1,DiscNRX,ungated,567,1,1,1,1,24.72469999997884,nan,-0.887123066186905
1,DiscNRX,ungated,568,1,1,1,1,25.43660000003456,nan,-0.887123066186905
1,DiscNRX,ungated,569,1,1,1,1,26.021200000059252,nan,-0.887123066186905
1,DiscNRX,ungated,570,1,1,1,1,23.23819999992338,nan,-0.887123066186905
1,DiscNRX,ungated,571,1,1,1,1,26.054199999975935,nan,-0.887123066186905
1,DiscNRX,ungated,572,1,1,1,1,30.5718000000752,nan,-0.887123066186905
1,DiscNRX,ungated,573,1,1,1,1,25.471000000038657,nan,-0.887123066186905
1,DiscNRX,ungated,574,1,1,1,1,25.486500000056367,nan,-0.887123066186905
1,DiscNRX,ungated,575,1,1,1,1,26.90240000003996,nan,-0.887123066186905
1,DiscNRX,ungated,576,1,1,1,1,26.14210000001549,nan,-0.887123066186905
1,DiscNRX,ungated,577,1,1,1,1,25.269299999990835,nan,-0.887123066186905
1,DiscNRX,ungated,578,1,1,1,1,25.804999999991196,nan,-0.887123066186905
1,DiscNRX,ungated,579,1,1,1,1,25.081700000100682,nan,-0.887123066186905
1,DiscNRX,ungated,580,1,1,1,1,25.833400000010442,nan,-0.887123066186905
1,DiscNRX,ungated,581,1,1,1,1,26.792399999976624,nan,-0.887123066186905
1,DiscNRX,ungated,582,1,1,1,1,25.277200000004996,nan,-0.887123066186905
1,DiscNRX,ungated,583,1,1,1,1,38.351599999941755,nan,-0.887123066186905
1,DiscNRX,ungated,584,1,1,1,1,26.56119999994644,nan,-0.887123066186905
1,DiscNRX,ungated,585,1,1,1,1,25.41139999993902,nan,-0.887123066186905
1,DiscNRX,ungated,586,1,1,1,1,34.04160000002321,nan,-0.887123066186905
1,DiscNRX,ungated,587,1,1,1,1,34.31830000010905,nan,-0.887123066186905
1,DiscNRX,ungated,588,1,1,1,1,26.214900000013586,nan,-0.887123066186905
1,DiscNRX,ungated,589,1,1,1,1,30.523199999947792,nan,-0.887123066186905
1,DiscNRX,ungated,590,1,1,1,1,27.60769999997592,nan,-0.887123066186905
1,DiscNRX,ungated,591,1,1,1,1,26.463499999977103,nan,-0.887123066186905
1,DiscNRX,ungated,592,1,1,1,1,25.209199999949305,nan,-0.887123066186905
1,DiscNRX,ungated,593,1,1,1,1,25.9429000000182,nan,-0.887123066186905
1,DiscNRX,ungated,594,1,1,1,1,25.5366999999751,nan,-0.887123066186905
1,DiscNRX,ungated,595,1,1,1,1,25.190000000065993,nan,-0.887123066186905
1,DiscNRX,ungated,596,1,1,1,1,25.61839999998483,nan,-0.887123066186905
1,DiscNRX,ungated,597,1,1,1,1,27.50900000000911,nan,-0.887123066186905
1,DiscNRX,ungated,598,1,1,1,1,26.835799999958,nan,-0.887123066186905
1,DiscNRX,ungated,599,1,1,1,1,23.344799999904353,nan,-0.887123066186905
1,DiscNRX,ungated,600,1,1,1,1,27.47810000005302,nan,-0.887123066186905
1,DiscNRX,ungated,601,1,1,1,1,34.790499999985514,nan,-0.887123066186905
1,DiscNRX,ungated,602,1,1,1,1,30.906899999990856,nan,-0.887123066186905
1,DiscNRX,ungated,603,1,1,1,1,28.14869999997427,nan,-0.887123066186905
1,DiscNRX,ungated,604,1,1,1,1,22.402499999998327,nan,-0.887123066186905
1,DiscNRX,ungated,605,1,1,1,1,22.444800000016585,nan,-0.887123066186905
1,DiscNRX,ungated,606,1,1,1,1,22.87049999995361,nan,-0.887123066186905
1,DiscNRX,ungated,607,1,1,1,1,20.770599999991646,nan,-0.887123066186905
1,DiscNRX,ungated,608,1,1,1,1,22.135499999990316,nan,-0.887123066186905
1,DiscNRX,ungated,609,1,1,1,1,22.784600000022692,nan,-0.887123066186905
1,DiscNRX,ungated,610,1,1,1,1,22.84959999997227,nan,-0.887123066186905
1,DiscNRX,ungated,611,1,1,1,1,22.14559999993071,nan,-0.887123066186905
1,DiscNRX,ungated,612,1,1,1,1,24.633500000049935,nan,-0.887123066186905
1,DiscNRX,ungated,613,1,1,1,1,22.752100000047903,nan,-0.887123066186905
1,DiscNRX,ungated,614,1,1,1,1,23.589600000036626,nan,-0.887123066186905
1,DiscNRX,ungated,615,1,1,1,1,21.870799999987867,nan,-0.887123066186905
1,DiscNRX,ungated,616,1,1,1,1,22.978099999932056,nan,-0.887123066186905
1,DiscNRX,ungated,617,1,1,1,1,22.4514999999883,nan,-0.887123066186905
1,DiscNRX,ungated,618,1,1,1,1,22.558699999990495,nan,-0.887123066186905
1,DiscNRX,ungated,619,1,1,1,1,22.167499999909523,nan,-0.887123066186905
1,DiscNRX,ungated,620,1,1,1,1,21.59740000001875,nan,-0.887123066186905
1,DiscNRX,ungated,621,1,1,1,1,22.83480000005511,nan,-0.887123066186905
1,DiscNRX,ungated,622,1,1,1,1,22.80899999993835,nan,-0.887123066186905
1,DiscNRX,ungated,623,1,1,1,1,23.002300000030118,nan,-0.887123066186905
1,DiscNRX,ungated,624,1,1,1,1,23.252800000022944,nan,-0.887123066186905
1,DiscNRX,ungated,625,1,1,1,1,23.168400000031397,nan,-0.887123066186905
1,DiscNRX,ungated,626,1,1,1,1,22.483599999986836,nan,-0.887123066186905
1,DiscNRX,ungated,627,1,1,1,1,22.40489999996953,nan,-0.887123066186905
1,DiscNRX,ungated,628,1,1,1,1,22.940899999980502,nan,-0.887123066186905
1,DiscNRX,ungated,629,1,1,1,1,23.727100000087376,nan,-0.887123066186905
1,DiscNRX,ungated,630,1,1,1,1,28.145100000074308,nan,-0.887123066186905
1,DiscNRX,ungated,631,1,1,1,1,22.573100000045088,nan,-0.887123066186905
1,DiscNRX,ungated,632,1,1,1,1,22.233899999946516,nan,-0.887123066186905
1,DiscNRX,ungated,633,1,1,1,1,22.93459999998504,nan,-0.887123066186905
1,DiscNRX,ungated,634,1,1,1,1,22.906599999942046,nan,-0.887123066186905
1,DiscNRX,ungated,635,1,1,1,1,22.279899999944064,nan,-0.887123066186905
1,DiscNRX,ungated,636,1,1,1,1,22.949600000060855,nan,-0.887123066186905
1,DiscNRX,ungated,637,1,1,1,1,22.20450000004348,nan,-0.887123066186905
1,DiscNRX,ungated,638,1,1,1,1,22.33129999990524,nan,-0.887123066186905
1,DiscNRX,ungated,639,1,1,1,1,24.389499999983855,nan,-0.887123066186905
1,DiscNRX,ungated,640,1,1,1,1,22.93099999997139,nan,-0.887123066186905
1,DiscNRX,ungated,641,1,1,1,1,23.385599999983242,nan,-0.887123066186905
1,DiscNRX,ungated,642,1,1,1,1,24.79479999999512,nan,-0.887123066186905
1,DiscNRX,ungated,643,1,1,1,1,32.851700000037454,nan,-0.887123066186905
1,DiscNRX,ungated,644,1,1,1,1,22.05509999998867,nan,-0.887123066186905
1,DiscNRX,ungated,645,1,1,1,1,22.865799999976844,nan,-0.887123066186905
1,DiscNRX,ungated,646,1,1,1,1,24.415400000066256,nan,-0.887123066186905
1,DiscNRX,ungated,647,1,1,1,1,22.796800000037365,nan,-0.887123066186905
1,DiscNRX,ungated,648,1,1,1,1,22.14729999991505,nan,-0.887123066186905
1,DiscNRX,ungated,649,1,1,1,1,36.985200000003715,nan,-0.887123066186905
1,DiscNRX,ungated,650,1,1,1,1,23.449499999969703,nan,-0.887123066186905
1,DiscNRX,ungated,651,1,1,1,1,22.51889999990908,nan,-0.887123066186905
1,DiscNRX,ungated,652,1,1,1,1,23.05219999993824,nan,-0.887123066186905
1,DiscNRX,ungated,653,1,1,1,1,22.825900000043475,nan,-0.887123066186905
1,DiscNRX,ungated,654,1,1,1,1,22.131800000011026,nan,-0.887123066186905
1,DiscNRX,ungated,655,1,1,1,1,21.653199999946082,nan,-0.887123066186905
1,DiscNRX,ungated,656,1,1,1,1,22.217499999896972,nan,-0.887123066186905
1,DiscNRX,ungated,657,1,1,1,1,21.57739999995556,nan,-0.887123066186905
1,DiscNRX,ungated,658,1,1,1,1,22.097400000006928,nan,-0.887123066186905
1,DiscNRX,ungated,659,1,1,1,1,22.187400000007074,nan,-0.887123066186905
1,DiscNRX,ungated,660,1,1,1,1,26.675500000010288,nan,-0.887123066186905
1,DiscNRX,ungated,661,1,1,1,1,21.708200000034594,nan,-0.887123066186905
1,DiscNRX,ungated,662,1,1,1,1,24.32690000000548,nan,-0.887123066186905
1,DiscNRX,ungated,663,1,1,1,1,23.716900000067653,nan,-0.887123066186905
1,DiscNRX,ungated,664,1,1,1,1,21.514899999942827,nan,-0.887123066186905
1,DiscNRX,ungated,665,1,1,1,1,22.522099999946477,nan,-0.887123066186905
1,DiscNRX,ungated,666,1,1,1,1,22.986000000059903,nan,-0.887123066186905
1,DiscNRX,ungated,667,1,1,1,1,21.859500000005028,nan,-0.887123066186905
1,DiscNRX,ungated,668,1,1,1,1,22.50949999995555,nan,-0.887123066186905
1,DiscNRX,ungated,669,1,1,1,1,28.310099999998783,nan,-0.887123066186905
1,DiscNRX,ungated,670,1,1,1,1,22.0084999999699,nan,-0.887123066186905
1,DiscNRX,ungated,671,1,1,1,1,21.64540000001125,nan,-0.887123066186905
1,DiscNRX,ungated,672,1,1,1,1,22.265400000037516,nan,-0.887123066186905
1,DiscNRX,ungated,673,1,1,1,1,22.18660000005457,nan,-0.887123066186905
1,DiscNRX,ungated,674,1,1,1,1,23.01719999991292,nan,-0.887123066186905
1,DiscNRX,ungated,675,1,1,1,1,21.501199999988785,nan,-0.887123066186905
1,DiscNRX,ungated,676,1,1,1,1,26.21549999992112,nan,-0.887123066186905
1,DiscNRX,ungated,677,1,1,1,1,21.732599999950253,nan,-0.887123066186905
1,DiscNRX,ungated,678,1,1,1,1,21.263699999963137,nan,-0.887123066186905
1,DiscNRX,ungated,679,1,1,1,1,22.521600000004582,nan,-0.887123066186905
1,DiscNRX,ungated,680,1,1,1,1,22.53089999999247,nan,-0.887123066186905
1,DiscNRX,ungated,681,1,1,1,1,20.955600000093,nan,-0.887123066186905
1,DiscNRX,ungated,682,1,1,1,1,30.120199999942088,nan,-0.887123066186905
1,DiscNRX,ungated,683,1,1,1,1,22.06920000003265,nan,-0.887123066186905
1,DiscNRX,ungated,684,1,1,1,1,22.761199999990822,nan,-0.887123066186905
1,DiscNRX,ungated,685,1,1,1,1,21.337199999948098,nan,-0.887123066186905
1,DiscNRX,ungated,686,1,1,1,1,21.65489999993042,nan,-0.887123066186905
1,DiscNRX,ungated,687,1,1,1,1,20.598800000016126,nan,-0.887123066186905
1,DiscNRX,ungated,688,1,1,1,1,23.225400000001173,nan,-0.887123066186905
1,DiscNRX,ungated,689,1,1,1,1,21.92600000000766,nan,-0.887123066186905
1,DiscNRX,ungated,690,1,1,1,1,22.027800000046227,nan,-0.887123066186905
1,DiscNRX,ungated,691,1,1,1,1,22.045300000058887,nan,-0.887123066186905
1,DiscNRX,ungated,692,1,1,1,1,26.174599999990278,nan,-0.887123066186905
1,DiscNRX,ungated,693,1,1,1,1,23.316300000033152,nan,-0.887123066186905
1,DiscNRX,ungated,694,1,1,1,1,29.850200000055338,nan,-0.887123066186905
1,DiscNRX,ungated,695,1,1,1,1,21.652399999993577,nan,-0.887123066186905
1,DiscNRX,ungated,696,1,1,1,1,21.523700000102508,nan,-0.887123066186905
1,DiscNRX,ungated,697,1,1,1,1,21.72900000005029,nan,-0.887123066186905
1,DiscNRX,ungated,698,1,1,1,1,23.877699999957258,nan,-0.887123066186905
1,DiscNRX,ungated,699,1,1,1,1,21.580500000027314,nan,-0.887123066186905
1,DiscNRX,ungated,700,1,1,1,1,22.295900000017355,nan,-0.887123066186905
1,DiscNRX,ungated,701,1,1,1,1,22.40310000001955,nan,-0.887123066186905
1,DiscNRX,ungated,702,1,1,1,1,22.21830000007685,nan,-0.887123066186905
1,DiscNRX,ungated,703,1,1,1,1,23.538899999948626,nan,-0.887123066186905
1,DiscNRX,ungated,704,1,1,1,1,22.1655999999939,nan,-0.887123066186905
1,DiscNRX,ungated,705,1,1,1,1,34.31190000003426,nan,-0.887123066186905
1,DiscNRX,ungated,706,1,1,1,1,22.162499999922147,nan,-0.887123066186905
1,DiscNRX,ungated,707,1,1,1,1,22.007799999983035,nan,-0.887123066186905
1,DiscNRX,ungated,708,1,1,1,1,21.681299999954717,nan,-0.887123066186905
1,DiscNRX,ungated,709,1,1,1,1,21.831700000007004,nan,-0.887123066186905
1,DiscNRX,ungated,710,1,1,1,1,21.048299999961273,nan,-0.887123066186905
1,DiscNRX,ungated,711,1,1,1,1,22.079200000007404,nan,-0.887123066186905
1,DiscNRX,ungated,712,1,1,1,1,20.81759999998667,nan,-0.887123066186905
1,DiscNRX,ungated,713,1,1,1,1,21.904999999946995,nan,-0.887123066186905
1,DiscNRX,ungated,714,1,1,1,1,22.09060000006957,nan,-0.887123066186905
1,DiscNRX,ungated,715,1,1,1,1,21.261499999923217,nan,-0.887123066186905
1,DiscNRX,ungated,716,1,1,1,1,22.19639999998435,nan,-0.887123066186905
1,DiscNRX,ungated,717,1,1,1,1,21.583000000077845,nan,-0.887123066186905
1,DiscNRX,ungated,718,1,1,1,1,23.417500000050495,nan,-0.887123066186905
1,DiscNRX,ungated,719,1,1,1,1,21.92560000003141,nan,-0.887123066186905
1,DiscNRX,ungated,720,1,1,1,1,21.837099999970633,nan,-0.887123066186905
1,DiscNRX,ungated,721,1,1,1,1,20.853900000020076,nan,-0.887123066186905
1,DiscNRX,ungated,722,1,1,1,1,21.15280000009534,nan,-0.887123066186905
1,DiscNRX,ungated,723,1,1,1,1,21.858299999962583,nan,-0.887123066186905
1,DiscNRX,ungated,724,1,1,1,1,22.644099999979517,nan,-0.887123066186905
1,DiscNRX,ungated,725,1,1,1,1,21.884399999976267,nan,-0.887123066186905
1,DiscNRX,ungated,726,1,1,1,1,23.90859999991335,nan,-0.887123066186905
1,DiscNRX,ungated,727,1,1,1,1,22.241799999960676,nan,-0.887123066186905
1,DiscNRX,ungated,728,1,1,1,1,21.475899999927606,nan,-0.887123066186905
1,DiscNRX,ungated,729,1,1,1,1,22.332500000061373,nan,-0.887123066186905
1,DiscNRX,ungated,730,1,1,1,1,20.97809999997935,nan,-0.887123066186905
1,DiscNRX,ungated,731,1,1,1,1,21.488100000055965,nan,-0.887123066186905
1,DiscNRX,ungated,732,1,1,1,1,21.448999999961416,nan,-0.887123066186905
1,DiscNRX,ungated,733,1,1,1,1,21.381399999995665,nan,-0.887123066186905
1,DiscNRX,ungated,734,1,1,1,1,21.89320000002226,nan,-0.887123066186905
1,DiscNRX,ungated,735,1,1,1,1,23.904399999992165,nan,-0.887123066186905
1,DiscNRX,ungated,736,1,1,1,1,21.506699999918055,nan,-0.887123066186905
1,DiscNRX,ungated,737,1,1,1,1,24.462999999968815,nan,-0.887123066186905
1,DiscNRX,ungated,738,1,1,1,1,20.762399999966874,nan,-0.887123066186905
1,DiscNRX,ungated,739,1,1,1,1,21.328999999923326,nan,-0.887123066186905
1,DiscNRX,ungated,740,1,1,1,1,21.671599999990576,nan,-0.887123066186905
1,DiscNRX,ungated,741,1,1,1,1,20.73330000007445,nan,-0.887123066186905
1,DiscNRX,ungated,742,1,1,1,1,20.609599999943384,nan,-0.887123066186905
1,DiscNRX,ungated,743,1,1,1,1,23.733699999979763,nan,-0.887123066186905
1,DiscNRX,ungated,744,1,1,1,1,20.572799999968083,nan,-0.887123066186905
1,DiscNRX,ungated,745,1,1,1,1,21.27599999994345,nan,-0.887123066186905
1,DiscNRX,ungated,746,1,1,1,1,20.78920000008111,nan,-0.887123066186905
1,DiscNRX,ungated,747,1,1,1,1,20.987300000001596,nan,-0.887123066186905
1,DiscNRX,ungated,748,1,1,1,1,22.128100000031736,nan,-0.887123066186905
1,DiscNRX,ungated,749,1,1,1,1,23.712599999953454,nan,-0.887123066186905
1,DiscNRX,ungated,750,1,1,1,1,23.889499999995678,nan,-0.887123066186905
1,DiscNRX,ungated,751,1,1,1,1,23.264400000016394,nan,-0.887123066186905
1,DiscNRX,ungated,752,1,1,1,1,22.902899999962756,nan,-0.887123066186905
1,DiscNRX,ungated,753,1,1,1,1,22.767799999996896,nan,-0.887123066186905
1,DiscNRX,ungated,754,1,1,1,1,27.670800000009876,nan,-0.887123066186905
1,DiscNRX,ungated,755,1,1,1,1,22.484199999894372,nan,-0.887123066186905
1,DiscNRX,ungated,756,1,1,1,1,22.22099999994498,nan,-0.887123066186905
1,DiscNRX,ungated,757,1,1,1,1,20.200700000032157,nan,-0.887123066186905
1,DiscNRX,ungated,758,1,1,1,1,20.86040000006051,nan,-0.887123066186905
1,DiscNRX,ungated,759,1,1,1,1,22.831399999972746,nan,-0.887123066186905
1,DiscNRX,ungated,760,1,1,1,1,22.508300000026793,nan,-0.887123066186905
1,DiscNRX,ungated,761,1,1,1,1,21.592700000041987,nan,-0.887123066186905
1,DiscNRX,ungated,762,1,1,1,1,19.952299999999923,nan,-0.887123066186905
1,DiscNRX,ungated,763,1,1,1,1,21.728899999970963,nan,-0.887123066186905
1,DiscNRX,ungated,764,1,1,1,1,32.059200000048804,nan,-0.887123066186905
1,DiscNRX,ungated,765,1,1,1,1,23.549899999920854,nan,-0.887123066186905
1,DiscNRX,ungated,766,1,1,1,1,22.450900000080765,nan,-0.887123066186905
1,DiscNRX,ungated,767,1,1,1,1,19.910399999957917,nan,-0.887123066186905
1,DiscNRX,ungated,768,1,1,1,1,22.318999999924927,nan,-0.887123066186905
1,DiscNRX,ungated,769,1,1,1,1,20.948099999941405,nan,-0.887123066186905
1,DiscNRX,ungated,770,1,1,1,1,20.4274999999825,nan,-0.887123066186905
1,DiscNRX,ungated,771,1,1,1,1,22.152800000071693,nan,-0.887123066186905
1,DiscNRX,ungated,772,1,1,1,1,21.833099999980732,nan,-0.887123066186905
1,DiscNRX,ungated,773,1,1,1,1,20.638800000028823,nan,-0.887123066186905
1,DiscNRX,ungated,774,1,1,1,1,21.33529999991879,nan,-0.887123066186905
1,DiscNRX,ungated,775,1,1,1,1,20.55669999992915,nan,-0.887123066186905
1,DiscNRX,ungated,776,1,1,1,1,21.56999999999698,nan,-0.887123066186905
1,DiscNRX,ungated,777,1,1,1,1,21.520499999951426,nan,-0.887123066186905
1,DiscNRX,ungated,778,1,1,1,1,21.749899999917943,nan,-0.887123066186905
1,DiscNRX,ungated,779,1,1,1,1,20.835899999951835,nan,-0.887123066186905
1,DiscNRX,ungated,780,1,1,1,1,20.57290000004741,nan,-0.887123066186905
1,DiscNRX,ungated,781,1,1,1,1,22.922900000025948,nan,-0.887123066186905
1,DiscNRX,ungated,782,1,1,1,1,21.385200000054283,nan,-0.887123066186905
1,DiscNRX,ungated,783,1,1,1,1,21.703999999999724,nan,-0.887123066186905
1,DiscNRX,ungated,784,1,1,1,1,54.7418999999536,nan,-0.887123066186905
1,DiscNRX,ungated,785,1,1,1,1,20.967599999949016,nan,-0.887123066186905
1,DiscNRX,ungated,786,1,1,1,1,26.41280000000279,nan,-0.887123066186905
1,DiscNRX,ungated,787,1,1,1,1,22.257500000023356,nan,-0.887123066186905
1,DiscNRX,ungated,788,1,1,1,1,21.067400000106318,nan,-0.887123066186905
1,DiscNRX,ungated,789,1,1,1,1,22.329099999979007,nan,-0.887123066186905
1,DiscNRX,ungated,790,1,1,1,1,20.84860000002209,nan,-0.887123066186905
1,DiscNRX,ungated,791,1,1,1,1,21.80929999997261,nan,-0.887123066186905
1,DiscNRX,ungated,792,1,1,1,1,21.693899999945643,nan,-0.887123066186905
1,DiscNRX,ungated,793,1,1,1,1,24.177000000008775,nan,-0.887123066186905
1,DiscNRX,ungated,794,1,1,1,1,22.850899999980356,nan,-0.887123066186905
1,DiscNRX,ungated,795,1,1,1,1,22.292300000003706,nan,-0.887123066186905
1,DiscNRX,ungated,796,1,1,1,1,22.23530000003393,nan,-0.887123066186905
1,DiscNRX,ungated,797,1,1,1,1,22.944899999970403,nan,-0.887123066186905
1,DiscNRX,ungated,798,1,1,1,1,19.78539999993245,nan,-0.887123066186905
1,DiscNRX,ungated,799,1,1,1,1,23.24009999995269,nan,-0.887123066186905
1,DiscNRX,ungated,800,1,1,1,1,21.344900000030975,nan,-0.887123066186905
1,DiscNRX,ungated,801,1,1,1,1,21.60649999996167,nan,-0.887123066186905
1,DiscNRX,ungated,802,1,1,1,1,21.919999999909123,nan,-0.887123066186905
1,DiscNRX,ungated,803,1,1,1,1,20.289499999989857,nan,-0.887123066186905
1,DiscNRX,ungated,804,1,1,1,1,25.45199999997294,nan,-0.887123066186905
1,DiscNRX,ungated,805,1,1,1,1,21.49259999998776,nan,-0.887123066186905
1,DiscNRX,ungated,806,1,1,1,1,22.700600000007398,nan,-0.887123066186905
1,DiscNRX,ungated,807,1,1,1,1,21.822000000042863,nan,-0.887123066186905
1,DiscNRX,ungated,808,1,1,1,1,21.250899999927242,nan,-0.887123066186905
1,DiscNRX,ungated,809,1,1,1,1,24.885200000085206,nan,-0.887123066186905
1,DiscNRX,ungated,810,1,1,1,1,21.64659999994001,nan,-0.887123066186905
1,DiscNRX,ungated,811,1,1,1,1,37.055000000009386,nan,-0.887123066186905
1,DiscNRX,ungated,812,1,1,1,1,20.69240000002992,nan,-0.887123066186905
1,DiscNRX,ungated,813,1,1,1,1,25.5310999999665,nan,-0.887123066186905
1,DiscNRX,ungated,814,1,1,1,1,21.126500000036685,nan,-0.887123066186905
1,DiscNRX,ungated,815,1,1,1,1,21.005100000024868,nan,-0.887123066186905
1,DiscNRX,ungated,816,1,1,1,1,21.82149999998728,nan,-0.887123066186905
1,DiscNRX,ungated,817,1,1,1,1,20.546299999978146,nan,-0.887123066186905
1,DiscNRX,ungated,818,1,1,1,1,21.271700000056626,nan,-0.887123066186905
1,DiscNRX,ungated,819,1,1,1,1,21.8349000000444,nan,-0.887123066186905
1,DiscNRX,ungated,820,1,1,1,1,19.998600000008082,nan,-0.887123066186905
1,DiscNRX,ungated,821,1,1,1,1,28.149399999961133,nan,-0.887123066186905
1,DiscNRX,ungated,822,1,1,1,1,21.775199999979122,nan,-0.887123066186905
1,DiscNRX,ungated,823,1,1,1,1,20.660600000041995,nan,-0.887123066186905
1,DiscNRX,ungated,824,1,1,1,1,19.877199999996265,nan,-0.887123066186905
1,DiscNRX,ungated,825,1,1,1,1,21.862099999907514,nan,-0.887123066186905
1,DiscNRX,ungated,826,1,1,1,1,20.74690000006285,nan,-0.887123066186905
1,DiscNRX,ungated,827,1,1,1,1,19.78189999999813,nan,-0.887123066186905
1,DiscNRX,ungated,828,1,1,1,1,19.857399999978043,nan,-0.887123066186905
1,DiscNRX,ungated,829,1,1,1,1,22.002900000074987,nan,-0.887123066186905
1,DiscNRX,ungated,830,1,1,1,1,22.164299999985815,nan,-0.887123066186905
1,DiscNRX,ungated,831,1,1,1,1,30.192899999974543,nan,-0.887123066186905
1,DiscNRX,ungated,832,1,1,1,1,21.55240000001868,nan,-0.887123066186905
1,DiscNRX,ungated,833,1,1,1,1,21.757100000058927,nan,-0.887123066186905
1,DiscNRX,ungated,834,1,1,1,1,21.41310000001795,nan,-0.887123066186905
1,DiscNRX,ungated,835,1,1,1,1,20.678200000020297,nan,-0.887123066186905
1,DiscNRX,ungated,836,1,1,1,1,21.578999999974258,nan,-0.887123066186905
1,DiscNRX,ungated,837,1,1,1,1,22.12079999992511,nan,-0.887123066186905
1,DiscNRX,ungated,838,1,1,1,1,21.371199999975943,nan,-0.887123066186905
1,DiscNRX,ungated,839,1,1,1,1,22.256100000049628,nan,-0.887123066186905
1,DiscNRX,ungated,840,1,1,1,1,21.610799999962182,nan,-0.887123066186905
1,DiscNRX,ungated,841,1,1,1,1,20.874599999956445,nan,-0.887123066186905
1,DiscNRX,ungated,842,1,1,1,1,20.062900000084483,nan,-0.887123066186905
1,DiscNRX,ungated,843,1,1,1,1,20.836099999996804,nan,-0.887123066186905
1,DiscNRX,ungated,844,1,1,1,1,22.461499999963053,nan,-0.887123066186905
1,DiscNRX,ungated,845,1,1,1,1,23.585300000036113,nan,-0.887123066186905
1,DiscNRX,ungated,846,1,1,1,1,20.796899999936613,nan,-0.887123066186905
1,DiscNRX,ungated,847,1,1,1,1,21.53649999991103,nan,-0.887123066186905
1,DiscNRX,ungated,848,1,1,1,1,21.08419999990474,nan,-0.887123066186905
1,DiscNRX,ungated,849,1,1,1,1,21.15029999993112,nan,-0.887123066186905
1,DiscNRX,ungated,850,1,1,1,1,21.51379999997971,nan,-0.887123066186905
1,DiscNRX,ungated,851,1,1,1,1,23.606099999938124,nan,-0.887123066186905
1,DiscNRX,ungated,852,1,1,1,1,21.959499999979926,nan,-0.887123066186905
1,DiscNRX,ungated,853,1,1,1,1,21.0444000000507,nan,-0.887123066186905
1,DiscNRX,ungated,854,1,1,1,1,21.936600000003637,nan,-0.887123066186905
1,DiscNRX,ungated,855,1,1,1,1,26.015400000005684,nan,-0.887123066186905
1,DiscNRX,ungated,856,1,1,1,1,20.72720000001027,nan,-0.887123066186905
1,DiscNRX,ungated,857,1,1,1,1,20.260399999983747,nan,-0.887123066186905
1,DiscNRX,ungated,858,1,1,1,1,22.013099999981023,nan,-0.887123066186905
1,DiscNRX,ungated,859,1,1,1,1,21.296000000006643,nan,-0.887123066186905
1,DiscNRX,ungated,860,1,1,1,1,26.336799999967297,nan,-0.887123066186905
1,DiscNRX,ungated,861,1,1,1,1,21.377300000040123,nan,-0.887123066186905
1,DiscNRX,ungated,862,1,1,1,1,22.45519999996759,nan,-0.887123066186905
1,DiscNRX,ungated,863,1,1,1,1,21.30160000001524,nan,-0.887123066186905
1,DiscNRX,ungated,864,1,1,1,1,22.736099999974613,nan,-0.887123066186905
1,DiscNRX,ungated,865,1,1,1,1,21.057999999925414,nan,-0.887123066186905
1,DiscNRX,ungated,866,1,1,1,1,21.215600000004997,nan,-0.887123066186905
1,DiscNRX,ungated,867,1,1,1,1,23.071200000003955,nan,-0.887123066186905
1,DiscNRX,ungated,868,1,1,1,1,21.31450000001678,nan,-0.887123066186905
1,DiscNRX,ungated,869,1,1,1,1,21.20619999993778,nan,-0.887123066186905
1,DiscNRX,ungated,870,1,1,1,1,20.90249999992011,nan,-0.887123066186905
1,DiscNRX,ungated,871,1,1,1,1,20.52260000004935,nan,-0.887123066186905
1,DiscNRX,ungated,872,1,1,1,1,22.12910000002921,nan,-0.887123066186905
1,DiscNRX,ungated,873,1,1,1,1,21.02500000000873,nan,-0.887123066186905
1,DiscNRX,ungated,874,1,1,1,1,22.97309999994468,nan,-0.887123066186905
1,DiscNRX,ungated,875,1,1,1,1,25.59880000001158,nan,-0.887123066186905
1,DiscNRX,ungated,876,1,1,1,1,21.29519999994045,nan,-0.887123066186905
1,DiscNRX,ungated,877,1,1,1,1,22.05909999997857,nan,-0.887123066186905
1,DiscNRX,ungated,878,1,1,1,1,20.75999999999567,nan,-0.887123066186905
1,DiscNRX,ungated,879,1,1,1,1,19.59790000000794,nan,-0.887123066186905
1,DiscNRX,ungated,880,1,1,1,1,21.27789999997276,nan,-0.887123066186905
1,DiscNRX,ungated,881,1,1,1,1,22.14579999997568,nan,-0.887123066186905
1,DiscNRX,ungated,882,1,1,1,1,20.343700000012177,nan,-0.887123066186905
1,DiscNRX,ungated,883,1,1,1,1,22.356100000024526,nan,-0.887123066186905
1,DiscNRX,ungated,884,1,1,1,1,22.49539999991157,nan,-0.887123066186905
1,DiscNRX,ungated,885,1,1,1,1,22.12629999996807,nan,-0.887123066186905
1,DiscNRX,ungated,886,1,1,1,1,21.32979999998952,nan,-0.887123066186905
1,DiscNRX,ungated,887,1,1,1,1,20.189899999991212,nan,-0.887123066186905
1,DiscNRX,ungated,888,1,1,1,1,21.788000000015018,nan,-0.887123066186905
1,DiscNRX,ungated,889,1,1,1,1,19.53389999994215,nan,-0.887123066186905
1,DiscNRX,ungated,890,1,1,1,1,21.840899999915564,nan,-0.887123066186905
1,DiscNRX,ungated,891,1,1,1,1,23.01399999998921,nan,-0.887123066186905
1,DiscNRX,ungated,892,1,1,1,1,20.98399999999856,nan,-0.887123066186905
1,DiscNRX,ungated,893,1,1,1,1,22.576100000037513,nan,-0.887123066186905
1,DiscNRX,ungated,894,1,1,1,1,25.824100000022554,nan,-0.887123066186905
1,DiscNRX,ungated,895,1,1,1,1,20.78340000002754,nan,-0.887123066186905
1,DiscNRX,ungated,896,1,1,1,1,20.42170000004262,nan,-0.887123066186905
1,DiscNRX,ungated,897,1,1,1,1,22.75720000000092,nan,-0.887123066186905
1,DiscNRX,ungated,898,1,1,1,1,22.188500000083877,nan,-0.887123066186905
1,DiscNRX,ungated,899,1,1,1,1,23.260199999981523,nan,-0.887123066186905
1,DiscNRX,ungated,900,1,1,1,1,21.59500000004755,nan,-0.887123066186905
1,DiscNRX,ungated,901,1,1,1,1,21.727599999962877,nan,-0.887123066186905
1,DiscNRX,ungated,902,1,1,1,1,23.063700000079734,nan,-0.887123066186905
1,DiscNRX,ungated,903,1,1,1,1,28.24529999998049,nan,-0.887123066186905
1,DiscNRX,ungated,904,1,1,1,1,21.17780000003222,nan,-0.887123066186905
1,DiscNRX,ungated,905,1,1,1,1,20.207599999935155,nan,-0.887123066186905
1,DiscNRX,ungated,906,1,1,1,1,20.084600000018327,nan,-0.887123066186905
1,DiscNRX,ungated,907,1,1,1,1,20.525399999996807,nan,-0.887123066186905
1,DiscNRX,ungated,908,1,1,1,1,26.218099999937294,nan,-0.887123066186905
1,DiscNRX,ungated,909,1,1,1,1,21.683000000052743,nan,-0.887123066186905
1,DiscNRX,ungated,910,1,1,1,1,21.810399999935726,nan,-0.887123066186905
1,DiscNRX,ungated,911,1,1,1,1,19.371899999896414,nan,-0.887123066186905
1,DiscNRX,ungated,912,1,1,1,1,22.302200000012817,nan,-0.887123066186905
1,DiscNRX,ungated,913,1,1,1,1,21.881799999960094,nan,-0.887123066186905
1,DiscNRX,ungated,914,1,1,1,1,21.271099999921717,nan,-0.887123066186905
1,DiscNRX,ungated,915,1,1,1,1,20.122900000046684,nan,-0.887123066186905
1,DiscNRX,ungated,916,1,1,1,1,21.129300000097828,nan,-0.887123066186905
1,DiscNRX,ungated,917,1,1,1,1,20.496500000035667,nan,-0.887123066186905
1,DiscNRX,ungated,918,1,1,1,1,23.51480000004358,nan,-0.887123066186905
1,DiscNRX,ungated,919,1,1,1,1,20.92260000006263,nan,-0.887123066186905
1,DiscNRX,ungated,920,1,1,1,1,21.663099999955193,nan,-0.887123066186905
1,DiscNRX,ungated,921,1,1,1,1,22.2983999999542,nan,-0.887123066186905
1,DiscNRX,ungated,922,1,1,1,1,21.30699999997887,nan,-0.887123066186905
1,DiscNRX,ungated,923,1,1,1,1,30.290299999933268,nan,-0.887123066186905
1,DiscNRX,ungated,924,1,1,1,1,21.706300000005285,nan,-0.887123066186905
1,DiscNRX,ungated,925,1,1,1,1,21.335399999998117,nan,-0.887123066186905
1,DiscNRX,ungated,926,1,1,1,1,21.89469999996163,nan,-0.887123066186905
1,DiscNRX,ungated,927,1,1,1,1,31.143899999960922,nan,-0.887123066186905
1,DiscNRX,ungated,928,1,1,1,1,22.748399999954927,nan,-0.887123066186905
1,DiscNRX,ungated,929,1,1,1,1,29.943299999899864,nan,-0.887123066186905
1,DiscNRX,ungated,930,1,1,1,1,25.997800000027382,nan,-0.887123066186905
1,DiscNRX,ungated,931,1,1,1,1,22.106199999939236,nan,-0.887123066186905
1,DiscNRX,ungated,932,1,1,1,1,22.769199999970624,nan,-0.887123066186905
1,DiscNRX,ungated,933,1,1,1,1,21.47339999999076,nan,-0.887123066186905
1,DiscNRX,ungated,934,1,1,1,1,21.61239999998088,nan,-0.887123066186905
1,DiscNRX,ungated,935,1,1,1,1,24.18149999994057,nan,-0.887123066186905
1,DiscNRX,ungated,936,1,1,1,1,21.810599999980695,nan,-0.887123066186905
1,DiscNRX,ungated,937,1,1,1,1,21.546400000033827,nan,-0.887123066186905
1,DiscNRX,ungated,938,1,1,1,1,22.01219999994919,nan,-0.887123066186905
1,DiscNRX,ungated,939,1,1,1,1,24.866799999927025,nan,-0.887123066186905
1,DiscNRX,ungated,940,1,1,1,1,22.014000000012857,nan,-0.887123066186905
1,DiscNRX,ungated,941,1,1,1,1,21.93339999996624,nan,-0.887123066186905
1,DiscNRX,ungated,942,1,1,1,1,20.704799999975876,nan,-0.887123066186905
1,DiscNRX,ungated,943,1,1,1,1,19.742000000064763,nan,-0.887123066186905
1,DiscNRX,ungated,944,1,1,1,1,21.251899999924717,nan,-0.887123066186905
1,DiscNRX,ungated,945,1,1,1,1,20.743400000014844,nan,-0.887123066186905
1,DiscNRX,ungated,946,1,1,1,1,22.39960000008523,nan,-0.887123066186905
1,DiscNRX,ungated,947,1,1,1,1,22.02399999998761,nan,-0.887123066186905
1,DiscNRX,ungated,948,1,1,1,1,22.084899999981644,nan,-0.887123066186905
1,DiscNRX,ungated,949,1,1,1,1,21.469000000024607,nan,-0.887123066186905
1,DiscNRX,ungated,950,1,1,1,1,22.362899999961883,nan,-0.887123066186905
1,DiscNRX,ungated,951,1,1,1,1,21.263499999918167,nan,-0.887123066186905
1,DiscNRX,ungated,952,1,1,1,1,23.07199999995646,nan,-0.887123066186905
1,DiscNRX,ungated,953,1,1,1,1,22.4011000000246,nan,-0.887123066186905
1,DiscNRX,ungated,954,1,1,1,1,22.2831999999471,nan,-0.887123066186905
1,DiscNRX,ungated,955,1,1,1,1,21.64499999992131,nan,-0.887123066186905
1,DiscNRX,ungated,956,1,1,1,1,24.25859999993918,nan,-0.887123066186905
1,DiscNRX,ungated,957,1,1,1,1,22.09800000002815,nan,-0.887123066186905
1,DiscNRX,ungated,958,1,1,1,1,21.713999999974476,nan,-0.887123066186905
1,DiscNRX,ungated,959,1,1,1,1,21.769999999946776,nan,-0.887123066186905
1,DiscNRX,ungated,960,1,1,1,1,26.792600000021594,nan,-0.887123066186905
1,DiscNRX,ungated,961,1,1,1,1,21.353499999918313,nan,-0.887123066186905
1,DiscNRX,ungated,962,1,1,1,1,20.530899999926078,nan,-0.887123066186905
1,DiscNRX,ungated,963,1,1,1,1,16.990899999996145,nan,-0.887123066186905
1,DiscNRX,ungated,964,1,1,1,1,20.7077999999683,nan,-0.887123066186905
1,DiscNRX,ungated,965,1,1,1,1,19.032700000025216,nan,-0.887123066186905
1,DiscNRX,ungated,966,1,1,1,1,19.676399999980276,nan,-0.887123066186905
1,DiscNRX,ungated,967,1,1,1,1,20.099099999924874,nan,-0.887123066186905
1,DiscNRX,ungated,968,1,1,1,1,21.23519999997825,nan,-0.887123066186905
1,DiscNRX,ungated,969,1,1,1,1,19.701600000075814,nan,-0.887123066186905
1,DiscNRX,ungated,970,1,1,1,1,22.019600000021455,nan,-0.887123066186905
1,DiscNRX,ungated,971,1,1,1,1,19.75670000001628,nan,-0.887123066186905
1,DiscNRX,ungated,972,1,1,1,1,22.95779999997194,nan,-0.887123066186905
1,DiscNRX,ungated,973,1,1,1,1,21.75509999995029,nan,-0.887123066186905
1,DiscNRX,ungated,974,1,1,1,1,22.416000000021086,nan,-0.887123066186905
1,DiscNRX,ungated,975,1,1,1,1,22.803999999950975,nan,-0.887123066186905
1,DiscNRX,ungated,976,1,1,1,1,21.84859999999844,nan,-0.887123066186905
1,DiscNRX,ungated,977,1,1,1,1,20.34009999999853,nan,-0.887123066186905
1,DiscNRX,ungated,978,1,1,1,1,21.465399999897272,nan,-0.887123066186905
1,DiscNRX,ungated,979,1,1,1,1,21.30299999998897,nan,-0.887123066186905
1,DiscNRX,ungated,980,1,1,1,1,21.27070000005915,nan,-0.887123066186905
1,DiscNRX,ungated,981,1,1,1,1,22.945800000002237,nan,-0.887123066186905
1,DiscNRX,ungated,982,1,1,1,1,20.983399999977337,nan,-0.887123066186905
1,DiscNRX,ungated,983,1,1,1,1,21.49620000000141,nan,-0.887123066186905
1,DiscNRX,ungated,984,1,1,1,1,20.06600000004255,nan,-0.887123066186905
1,DiscNRX,ungated,985,1,1,1,1,21.290399999998044,nan,-0.887123066186905
1,DiscNRX,ungated,986,1,1,1,1,22.460900000055517,nan,-0.887123066186905
1,DiscNRX,ungated,987,1,1,1,1,20.210600000041268,nan,-0.887123066186905
1,DiscNRX,ungated,988,1,1,1,1,21.781599999940227,nan,-0.887123066186905
1,DiscNRX,ungated,989,1,1,1,1,27.120999999965534,nan,-0.887123066186905
1,DiscNRX,ungated,990,1,1,1,1,22.626699999932498,nan,-0.887123066186905
1,DiscNRX,ungated,991,1,1,1,1,21.245900000053553,nan,-0.887123066186905
1,DiscNRX,ungated,992,1,1,1,1,21.149700000023586,nan,-0.887123066186905
1,DiscNRX,ungated,993,1,1,1,1,20.697499999982938,nan,-0.887123066186905
1,DiscNRX,ungated,994,1,1,1,1,24.677499999938846,nan,-0.887123066186905
1,DiscNRX,ungated,995,1,1,1,1,20.055800000022828,nan,-0.887123066186905
1,DiscNRX,ungated,996,1,1,1,1,23.73279999994793,nan,-0.887123066186905
1,DiscNRX,ungated,997,1,1,1,1,24.601899999993293,nan,-0.887123066186905
1,DiscNRX,ungated,998,1,1,1,1,22.06940000007762,nan,-0.887123066186905
1,DiscNRX,ungated,999,1,1,1,1,18.9988000000767,nan,-0.887123066186905
1,DiscNRX,gated,0,1,0,0,0,nan,nan,-0.887123066186905
1,DiscNRX,gated,1,0,1,0,1,28.776800000059666,nan,-0.887123066186905
1,DiscNRX,gated,2,1,0,0,0,nan,nan,-0.887123066186905
1,DiscNRX,gated,3,1,0,0,0,nan,nan,-0.887123066186905
1,DiscNRX,gated,4,0,1,0,1,21.54450000000452,nan,-0.887123066186905
1,DiscNRX,gated,5,0,1,0,1,21.86630000005607,nan,-0.887123066186905
1,DiscNRX,gated,6,1,0,0,0,nan,nan,-0.887123066186905
1,DiscNRX,gated,7,0,1,0,1,21.630899999991016,nan,-0.887123066186905
1,DiscNRX,gated,8,0,1,0,1,21.825700000022152,nan,-0.887123066186905
1,DiscNRX,gated,9,0,1,0,1,21.67670000005728,nan,-0.887123066186905
1,DiscNRX,gated,10,1,0,0,0,nan,nan,-0.887123066186905
1,DiscNRX,gated,11,0,1,0,1,21.6897999999901,nan,-0.887123066186905
1,DiscNRX,gated,12,0,1,0,1,19.436899999959678,nan,-0.887123066186905
1,DiscNRX,gated,13,0,1,0,1,21.273700000051576,nan,-0.887123066186905
1,DiscNRX,gated,14,0,1,0,1,21.389800000065406,nan,-0.887123066186905
1,DiscNRX,gated,15,0,1,0,1,21.879699999999502,nan,-0.887123066186905
1,DiscNRX,gated,16,0,1,0,1,19.979700000021694,nan,-0.887123066186905
1,DiscNRX,gated,17,0,1,0,1,20.6941999999799,nan,-0.887123066186905
1,DiscNRX,gated,18,0,1,0,1,20.778100000029553,nan,-0.887123066186905
1,DiscNRX,gated,19,0,1,0,1,22.232600000052116,nan,-0.887123066186905
1,DiscNRX,gated,20,0,1,0,1,22.073200000022553,nan,-0.887123066186905
1,DiscNRX,gated,21,0,1,0,1,19.53040000000783,nan,-0.887123066186905
1,DiscNRX,gated,22,0,1,0,1,26.703799999950206,nan,-0.887123066186905
1,DiscNRX,gated,23,0,1,0,1,21.78470000001198,nan,-0.887123066186905
1,DiscNRX,gated,24,0,1,0,1,21.441600000002836,nan,-0.887123066186905
1,DiscNRX,gated,25,0,1,0,1,21.43039999998564,nan,-0.887123066186905
1,DiscNRX,gated,26,0,1,0,1,19.83219999999619,nan,-0.887123066186905
1,DiscNRX,gated,27,0,1,0,1,21.828300000038325,nan,-0.887123066186905
1,DiscNRX,gated,28,0,1,0,1,21.500800000012532,nan,-0.887123066186905
1,DiscNRX,gated,29,0,1,0,1,21.43690000002607,nan,-0.887123066186905
1,DiscNRX,gated,30,0,1,0,1,22.981899999990674,nan,-0.887123066186905
1,DiscNRX,gated,31,0,1,0,1,22.55179999997381,nan,-0.887123066186905
1,DiscNRX,gated,32,0,1,0,1,25.948200000016186,nan,-0.887123066186905
1,DiscNRX,gated,33,0,1,0,1,20.39450000006582,nan,-0.887123066186905
1,DiscNRX,gated,34,0,1,0,1,21.15270000001601,nan,-0.887123066186905
1,DiscNRX,gated,35,0,1,0,1,22.294600000009268,nan,-0.887123066186905
1,DiscNRX,gated,36,0,1,0,1,22.0480000000407,nan,-0.887123066186905
1,DiscNRX,gated,37,0,1,0,1,21.90860000007433,nan,-0.887123066186905
1,DiscNRX,gated,38,0,1,0,1,19.02899999993224,nan,-0.887123066186905
1,DiscNRX,gated,39,0,1,0,1,21.770299999957388,nan,-0.887123066186905
1,DiscNRX,gated,40,0,1,0,1,21.060099999999693,nan,-0.887123066186905
1,DiscNRX,gated,41,0,1,0,1,19.099799999935385,nan,-0.887123066186905
1,DiscNRX,gated,42,0,1,0,1,21.631700000057208,nan,-0.887123066186905
1,DiscNRX,gated,43,0,1,0,1,21.475699999996323,nan,-0.887123066186905
1,DiscNRX,gated,44,0,1,0,1,23.06199999998171,nan,-0.887123066186905
1,DiscNRX,gated,45,0,1,0,1,23.18050000008043,nan,-0.887123066186905
1,DiscNRX,gated,46,0,1,0,1,38.6686000000509,nan,-0.887123066186905
1,DiscNRX,gated,47,0,1,0,1,22.522200000025805,nan,-0.887123066186905
1,DiscNRX,gated,48,0,1,0,1,22.96560000002046,nan,-0.887123066186905
1,DiscNRX,gated,49,0,1,0,1,24.616100000002916,nan,-0.887123066186905
1,DiscNRX,gated,50,0,1,0,1,24.51029999997445,nan,-0.887123066186905
1,DiscNRX,gated,51,0,1,0,1,23.682099999973616,nan,-0.887123066186905
1,DiscNRX,gated,52,0,1,0,1,22.632299999941097,nan,-0.887123066186905
1,DiscNRX,gated,53,1,0,0,0,nan,nan,-0.887123066186905
1,DiscNRX,gated,54,0,1,0,1,23.111499999913576,nan,-0.887123066186905
1,DiscNRX,gated,55,0,1,0,1,23.02529999997205,nan,-0.887123066186905
1,DiscNRX,gated,56,0,1,0,1,37.172299999951974,nan,-0.887123066186905
1,DiscNRX,gated,57,0,1,0,1,22.157999999990352,nan,-0.887123066186905
1,DiscNRX,gated,58,0,1,0,1,22.51259999991362,nan,-0.887123066186905
1,DiscNRX,gated,59,0,1,0,1,21.607399999993504,nan,-0.887123066186905
1,DiscNRX,gated,60,0,1,0,1,23.241600000005747,nan,-0.887123066186905
1,DiscNRX,gated,61,0,1,0,1,20.259499999951913,nan,-0.887123066186905
1,DiscNRX,gated,62,0,1,0,1,21.906399999920723,nan,-0.887123066186905
1,DiscNRX,gated,63,0,1,0,1,21.32589999996526,nan,-0.887123066186905
1,DiscNRX,gated,64,0,1,0,1,22.461100000100487,nan,-0.887123066186905
1,DiscNRX,gated,65,0,1,0,1,22.23690000005263,nan,-0.887123066186905
1,DiscNRX,gated,66,0,1,0,1,21.50979999998981,nan,-0.887123066186905
1,DiscNRX,gated,67,0,1,0,1,23.902000000020962,nan,-0.887123066186905
1,DiscNRX,gated,68,0,1,0,1,22.33349999994516,nan,-0.887123066186905
1,DiscNRX,gated,69,0,1,0,1,20.04260000001068,nan,-0.887123066186905
1,DiscNRX,gated,70,0,1,0,1,22.934500000019398,nan,-0.887123066186905
1,DiscNRX,gated,71,0,1,0,1,22.500700000023244,nan,-0.887123066186905
1,DiscNRX,gated,72,0,1,0,1,21.215299999994386,nan,-0.887123066186905
1,DiscNRX,gated,73,0,1,0,1,22.969100000068465,nan,-0.887123066186905
1,DiscNRX,gated,74,0,1,0,1,23.25810000002093,nan,-0.887123066186905
1,DiscNRX,gated,75,0,1,0,1,23.701699999946868,nan,-0.887123066186905
1,DiscNRX,gated,76,0,1,0,1,20.051399999942987,nan,-0.887123066186905
1,DiscNRX,gated,77,0,1,0,1,21.783700000014505,nan,-0.887123066186905
1,DiscNRX,gated,78,0,1,0,1,22.474999999985812,nan,-0.887123066186905
1,DiscNRX,gated,79,0,1,0,1,26.953000000048633,nan,-0.887123066186905
1,DiscNRX,gated,80,0,1,0,1,21.776699999918492,nan,-0.887123066186905
1,DiscNRX,gated,81,0,1,0,1,21.825799999987794,nan,-0.887123066186905
1,DiscNRX,gated,82,0,1,0,1,20.573800000079245,nan,-0.887123066186905
1,DiscNRX,gated,83,0,1,0,1,21.137199999998302,nan,-0.887123066186905
1,DiscNRX,gated,84,0,1,0,1,22.46520000005603,nan,-0.887123066186905
1,DiscNRX,gated,85,0,1,0,1,20.952299999976276,nan,-0.887123066186905
1,DiscNRX,gated,86,0,1,0,1,22.041999999942163,nan,-0.887123066186905
1,DiscNRX,gated,87,0,1,0,1,23.618000000055872,nan,-0.887123066186905
1,DiscNRX,gated,88,0,1,0,1,21.05149999999867,nan,-0.887123066186905
1,DiscNRX,gated,89,0,1,0,1,21.409999999946194,nan,-0.887123066186905
1,DiscNRX,gated,90,0,1,0,1,21.94839999992837,nan,-0.887123066186905
1,DiscNRX,gated,91,0,1,0,1,22.86540000000059,nan,-0.887123066186905
1,DiscNRX,gated,92,0,1,0,1,23.341800000025614,nan,-0.887123066186905
1,DiscNRX,gated,93,0,1,0,1,21.897700000067744,nan,-0.887123066186905
1,DiscNRX,gated,94,0,1,0,1,22.232499999972788,nan,-0.887123066186905
1,DiscNRX,gated,95,0,1,0,1,22.856700000033925,nan,-0.887123066186905
1,DiscNRX,gated,96,0,1,0,1,22.317499999985557,nan,-0.887123066186905
1,DiscNRX,gated,97,0,1,0,1,22.095899999953872,nan,-0.887123066186905
1,DiscNRX,gated,98,0,1,0,1,23.98070000003827,nan,-0.887123066186905
1,DiscNRX,gated,99,0,1,0,1,22.42409999996653,nan,-0.887123066186905
1,DiscNRX,gated,100,0,1,0,1,21.4930000000777,nan,-0.887123066186905
1,DiscNRX,gated,101,0,1,0,1,20.26530000000548,nan,-0.887123066186905
1,DiscNRX,gated,102,0,1,0,1,23.020999999971536,nan,-0.887123066186905
1,DiscNRX,gated,103,0,1,0,1,21.44409999993968,nan,-0.887123066186905
1,DiscNRX,gated,104,0,1,0,1,20.93190000005052,nan,-0.887123066186905
1,DiscNRX,gated,105,0,1,0,1,21.282599999949525,nan,-0.887123066186905
1,DiscNRX,gated,106,0,1,0,1,21.913400000016736,nan,-0.887123066186905
1,DiscNRX,gated,107,0,1,0,1,23.232100000086575,nan,-0.887123066186905
1,DiscNRX,gated,108,0,1,0,1,22.3295999999209,nan,-0.887123066186905
1,DiscNRX,gated,109,0,1,0,1,20.651000000043496,nan,-0.887123066186905
1,DiscNRX,gated,110,0,1,0,1,20.3223999999409,nan,-0.887123066186905
1,DiscNRX,gated,111,0,1,0,1,21.839600000021164,nan,-0.887123066186905
1,DiscNRX,gated,112,0,1,0,1,22.916399999985515,nan,-0.887123066186905
1,DiscNRX,gated,113,0,1,0,1,20.435499999962303,nan,-0.887123066186905
1,DiscNRX,gated,114,0,1,0,1,27.399999999943248,nan,-0.887123066186905
1,DiscNRX,gated,115,0,1,0,1,22.37999999999829,nan,-0.887123066186905
1,DiscNRX,gated,116,0,1,0,1,21.703899999920395,nan,-0.887123066186905
1,DiscNRX,gated,117,0,1,0,1,22.332399999982044,nan,-0.887123066186905
1,DiscNRX,gated,118,0,1,0,1,23.16340000004402,nan,-0.887123066186905
1,DiscNRX,gated,119,0,1,0,1,22.971799999936593,nan,-0.887123066186905
1,DiscNRX,gated,120,0,1,0,1,22.94819999997344,nan,-0.887123066186905
1,DiscNRX,gated,121,0,1,0,1,23.882999999955246,nan,-0.887123066186905
1,DiscNRX,gated,122,0,1,0,1,23.649599999998827,nan,-0.887123066186905
1,DiscNRX,gated,123,0,1,0,1,23.20139999994808,nan,-0.887123066186905
1,DiscNRX,gated,124,0,1,0,1,23.93369999992956,nan,-0.887123066186905
1,DiscNRX,gated,125,0,1,0,1,22.3163000000568,nan,-0.887123066186905
1,DiscNRX,gated,126,0,1,0,1,21.560599999929764,nan,-0.887123066186905
1,DiscNRX,gated,127,0,1,0,1,21.45559999996749,nan,-0.887123066186905
1,DiscNRX,gated,128,0,1,0,1,23.146399999973255,nan,-0.887123066186905
1,DiscNRX,gated,129,0,1,0,1,22.558699999990495,nan,-0.887123066186905
1,DiscNRX,gated,130,0,1,0,1,22.763299999951414,nan,-0.887123066186905
1,DiscNRX,gated,131,0,1,0,1,22.12829999996302,nan,-0.887123066186905
1,DiscNRX,gated,132,0,1,0,1,22.67770000003111,nan,-0.887123066186905
1,DiscNRX,gated,133,0,1,0,1,23.131900000066707,nan,-0.887123066186905
1,DiscNRX,gated,134,0,1,0,1,22.451300000057017,nan,-0.887123066186905
1,DiscNRX,gated,135,0,1,0,1,21.365299999956733,nan,-0.887123066186905
1,DiscNRX,gated,136,0,1,0,1,21.160699999995813,nan,-0.887123066186905
1,DiscNRX,gated,137,0,1,0,1,22.132899999974143,nan,-0.887123066186905
1,DiscNRX,gated,138,0,1,0,1,26.209400000084315,nan,-0.887123066186905
1,DiscNRX,gated,139,0,1,0,1,22.033300000089184,nan,-0.887123066186905
1,DiscNRX,gated,140,0,1,0,1,21.623299999987466,nan,-0.887123066186905
1,DiscNRX,gated,141,0,1,0,1,20.03639999998086,nan,-0.887123066186905
1,DiscNRX,gated,142,0,1,0,1,22.673199999985627,nan,-0.887123066186905
1,DiscNRX,gated,143,0,1,0,1,22.06699999999273,nan,-0.887123066186905
1,DiscNRX,gated,144,0,1,0,1,22.204999999985375,nan,-0.887123066186905
1,DiscNRX,gated,145,0,1,0,1,22.336099999961334,nan,-0.887123066186905
1,DiscNRX,gated,146,0,1,0,1,21.799500000042826,nan,-0.887123066186905
1,DiscNRX,gated,147,0,1,0,1,21.965299999919807,nan,-0.887123066186905
1,DiscNRX,gated,148,0,1,0,1,21.59089999997832,nan,-0.887123066186905
1,DiscNRX,gated,149,0,1,0,1,22.07239999995636,nan,-0.887123066186905
1,DiscNRX,gated,150,0,1,0,1,22.345499999914864,nan,-0.887123066186905
1,DiscNRX,gated,151,0,1,0,1,22.710200000005898,nan,-0.887123066186905
1,DiscNRX,gated,152,0,1,0,1,20.443699999987075,nan,-0.887123066186905
1,DiscNRX,gated,153,0,1,0,1,22.930100000053244,nan,-0.887123066186905
1,DiscNRX,gated,154,0,1,0,1,23.521599999980936,nan,-0.887123066186905
1,DiscNRX,gated,155,0,1,0,1,23.560199999906217,nan,-0.887123066186905
1,DiscNRX,gated,156,0,1,0,1,23.0560999999625,nan,-0.887123066186905
1,DiscNRX,gated,157,0,1,0,1,22.993199999973513,nan,-0.887123066186905
1,DiscNRX,gated,158,0,1,0,1,21.163199999932658,nan,-0.887123066186905
1,DiscNRX,gated,159,0,1,0,1,22.973999999976513,nan,-0.887123066186905
1,DiscNRX,gated,160,0,1,0,1,23.37970000007772,nan,-0.887123066186905
1,DiscNRX,gated,161,0,1,0,1,23.242100000061328,nan,-0.887123066186905
1,DiscNRX,gated,162,0,1,0,1,22.100799999975607,nan,-0.887123066186905
1,DiscNRX,gated,163,0,1,0,1,22.975699999960852,nan,-0.887123066186905
1,DiscNRX,gated,164,0,1,0,1,22.477399999957015,nan,-0.887123066186905
1,DiscNRX,gated,165,0,1,0,1,22.297199999911754,nan,-0.887123066186905
1,DiscNRX,gated,166,0,1,0,1,20.633399999951507,nan,-0.887123066186905
1,DiscNRX,gated,167,0,1,0,1,21.570900000028814,nan,-0.887123066186905
1,DiscNRX,gated,168,0,1,0,1,22.686300000032134,nan,-0.887123066186905
1,DiscNRX,gated,169,0,1,0,1,22.682500000087202,nan,-0.887123066186905
1,DiscNRX,gated,170,0,1,0,1,22.234199999957127,nan,-0.887123066186905
1,DiscNRX,gated,171,0,1,0,1,22.39699999995537,nan,-0.887123066186905
1,DiscNRX,gated,172,0,1,0,1,25.83500000002914,nan,-0.887123066186905
1,DiscNRX,gated,173,0,1,0,1,20.383400000014262,nan,-0.887123066186905
1,DiscNRX,gated,174,0,1,0,1,21.52899999998681,nan,-0.887123066186905
1,DiscNRX,gated,175,0,1,0,1,21.31259999998747,nan,-0.887123066186905
1,DiscNRX,gated,176,0,1,0,1,24.175300000024436,nan,-0.887123066186905
1,DiscNRX,gated,177,0,1,0,1,22.301999999967848,nan,-0.887123066186905
1,DiscNRX,gated,178,0,1,0,1,23.242499999923893,nan,-0.887123066186905
1,DiscNRX,gated,179,0,1,0,1,25.70679999996628,nan,-0.887123066186905
1,DiscNRX,gated,180,0,1,0,1,21.634099999914724,nan,-0.887123066186905
1,DiscNRX,gated,181,0,1,0,1,22.2875000000613,nan,-0.887123066186905
1,DiscNRX,gated,182,0,1,0,1,22.69669999998314,nan,-0.887123066186905
1,DiscNRX,gated,183,0,1,0,1,25.5678999999418,nan,-0.887123066186905
1,DiscNRX,gated,184,0,1,0,1,25.657799999976305,nan,-0.887123066186905
1,DiscNRX,gated,185,0,1,0,1,21.922700000004625,nan,-0.887123066186905
1,DiscNRX,gated,186,0,1,0,1,21.885399999973743,nan,-0.887123066186905
1,DiscNRX,gated,187,0,1,0,1,22.198299999899973,nan,-0.887123066186905
1,DiscNRX,gated,188,0,1,0,1,22.04329999995025,nan,-0.887123066186905
1,DiscNRX,gated,189,0,1,0,1,20.492199999921468,nan,-0.887123066186905
1,DiscNRX,gated,190,0,1,0,1,31.935599999997066,nan,-0.887123066186905
1,DiscNRX,gated,191,0,1,0,1,21.968599999922844,nan,-0.887123066186905
1,DiscNRX,gated,192,0,1,0,1,21.191900000076203,nan,-0.887123066186905
1,DiscNRX,gated,193,0,1,0,1,23.078699999928176,nan,-0.887123066186905
1,DiscNRX,gated,194,0,1,0,1,24.393299999928786,nan,-0.887123066186905
1,DiscNRX,gated,195,0,1,0,1,22.274099999890495,nan,-0.887123066186905
1,DiscNRX,gated,196,0,1,0,1,20.568300000036288,nan,-0.887123066186905
1,DiscNRX,gated,197,0,1,0,1,22.89959999995972,nan,-0.887123066186905
1,DiscNRX,gated,198,0,1,0,1,21.685400000023947,nan,-0.887123066186905
1,DiscNRX,gated,199,0,1,0,1,21.165600000017548,nan,-0.887123066186905
1,DiscNRX,gated,200,0,1,0,1,20.926799999983814,nan,-0.887123066186905
1,DiscNRX,gated,201,0,1,0,1,19.404500000064218,nan,-0.887123066186905
1,DiscNRX,gated,202,0,1,0,1,23.892599999953745,nan,-0.887123066186905
1,DiscNRX,gated,203,0,1,0,1,21.682499999997162,nan,-0.887123066186905
1,DiscNRX,gated,204,0,1,0,1,22.00999999990927,nan,-0.887123066186905
1,DiscNRX,gated,205,0,1,0,1,20.90120000002571,nan,-0.887123066186905
1,DiscNRX,gated,206,0,1,0,1,21.409300000073017,nan,-0.887123066186905
1,DiscNRX,gated,207,0,1,0,1,23.362700000006953,nan,-0.887123066186905
1,DiscNRX,gated,208,0,1,0,1,21.913000000040483,nan,-0.887123066186905
1,DiscNRX,gated,209,0,1,0,1,21.65509999997539,nan,-0.887123066186905
1,DiscNRX,gated,210,0,1,0,1,21.772499999997308,nan,-0.887123066186905
1,DiscNRX,gated,211,0,1,0,1,22.301999999967848,nan,-0.887123066186905
1,DiscNRX,gated,212,0,1,0,1,23.386200000004465,nan,-0.887123066186905
1,DiscNRX,gated,213,0,1,0,1,21.65119999995113,nan,-0.887123066186905
1,DiscNRX,gated,214,0,1,0,1,21.394699999973454,nan,-0.887123066186905
1,DiscNRX,gated,215,0,1,0,1,21.903400000041984,nan,-0.887123066186905
1,DiscNRX,gated,216,0,1,0,1,21.291099999984908,nan,-0.887123066186905
1,DiscNRX,gated,217,0,1,0,1,22.706200000015997,nan,-0.887123066186905
1,DiscNRX,gated,218,0,1,0,1,22.173699999939345,nan,-0.887123066186905
1,DiscNRX,gated,219,0,1,0,1,21.71669999995629,nan,-0.887123066186905
1,DiscNRX,gated,220,0,1,0,1,23.161699999945995,nan,-0.887123066186905
1,DiscNRX,gated,221,0,1,0,1,22.399800000016512,nan,-0.887123066186905
1,DiscNRX,gated,222,0,1,0,1,22.713500000008935,nan,-0.887123066186905
1,DiscNRX,gated,223,0,1,0,1,20.267799999942326,nan,-0.887123066186905
1,DiscNRX,gated,224,0,1,0,1,20.925299999930758,nan,-0.887123066186905
1,DiscNRX,gated,225,0,1,0,1,21.123699999975543,nan,-0.887123066186905
1,DiscNRX,gated,226,0,1,0,1,21.025099999974373,nan,-0.887123066186905
1,DiscNRX,gated,227,0,1,0,1,21.394999999984066,nan,-0.887123066186905
1,DiscNRX,gated,228,0,1,0,1,42.15799999997216,nan,-0.887123066186905
1,DiscNRX,gated,229,0,1,0,1,20.145800000022973,nan,-0.887123066186905
1,DiscNRX,gated,230,0,1,0,1,22.733300000027157,nan,-0.887123066186905
1,DiscNRX,gated,231,0,1,0,1,21.40410000004067,nan,-0.887123066186905
1,DiscNRX,gated,232,0,1,0,1,22.95440000000326,nan,-0.887123066186905
1,DiscNRX,gated,233,0,1,0,1,22.361300000056872,nan,-0.887123066186905
1,DiscNRX,gated,234,0,1,0,1,22.680300000047282,nan,-0.887123066186905
1,DiscNRX,gated,235,0,1,0,1,21.949299999960203,nan,-0.887123066186905
1,DiscNRX,gated,236,0,1,0,1,23.75229999995554,nan,-0.887123066186905
1,DiscNRX,gated,237,0,1,0,1,20.550000000071122,nan,-0.887123066186905
1,DiscNRX,gated,238,0,1,0,1,23.502000000007683,nan,-0.887123066186905
1,DiscNRX,gated,239,0,1,0,1,23.042700000019067,nan,-0.887123066186905
1,DiscNRX,gated,240,0,1,0,1,21.845600000006016,nan,-0.887123066186905
1,DiscNRX,gated,241,0,1,0,1,21.90870000003997,nan,-0.887123066186905
1,DiscNRX,gated,242,0,1,0,1,22.315499999990607,nan,-0.887123066186905
1,DiscNRX,gated,243,0,1,0,1,19.735000000082437,nan,-0.887123066186905
1,DiscNRX,gated,244,0,1,0,1,22.597399999995105,nan,-0.887123066186905
1,DiscNRX,gated,245,0,1,0,1,21.648300000038034,nan,-0.887123066186905
1,DiscNRX,gated,246,0,1,0,1,21.286300000042502,nan,-0.887123066186905
1,DiscNRX,gated,247,0,1,0,1,21.691099999998187,nan,-0.887123066186905
1,DiscNRX,gated,248,0,1,0,1,21.781099999998332,nan,-0.887123066186905
1,DiscNRX,gated,249,0,1,0,1,22.74150000005193,nan,-0.887123066186905
1,DiscNRX,gated,250,0,1,0,1,20.950200000015684,nan,-0.887123066186905
1,DiscNRX,gated,251,0,1,0,1,23.212700000044606,nan,-0.887123066186905
1,DiscNRX,gated,252,0,1,0,1,22.390200000018012,nan,-0.887123066186905
1,DiscNRX,gated,253,0,1,0,1,23.356799999987743,nan,-0.887123066186905
1,DiscNRX,gated,254,0,1,0,1,33.89689999994516,nan,-0.887123066186905
1,DiscNRX,gated,255,0,1,0,1,22.425900000030197,nan,-0.887123066186905
1,DiscNRX,gated,256,0,1,0,1,20.784499999990658,nan,-0.887123066186905
1,DiscNRX,gated,257,0,1,0,1,23.95980000005693,nan,-0.887123066186905
1,DiscNRX,gated,258,0,1,0,1,22.88039999996272,nan,-0.887123066186905
1,DiscNRX,gated,259,0,1,0,1,21.605099999987942,nan,-0.887123066186905
1,DiscNRX,gated,260,0,1,0,1,22.350700000060897,nan,-0.887123066186905
1,DiscNRX,gated,261,0,1,0,1,23.106400000074245,nan,-0.887123066186905
1,DiscNRX,gated,262,0,1,0,1,22.30859999997392,nan,-0.887123066186905
1,DiscNRX,gated,263,0,1,0,1,22.15929999999844,nan,-0.887123066186905
1,DiscNRX,gated,264,0,1,0,1,21.433399999978064,nan,-0.887123066186905
1,DiscNRX,gated,265,0,1,0,1,22.365400000012414,nan,-0.887123066186905
1,DiscNRX,gated,266,0,1,0,1,22.15949999992972,nan,-0.887123066186905
1,DiscNRX,gated,267,0,1,0,1,21.087800000032075,nan,-0.887123066186905
1,DiscNRX,gated,268,0,1,0,1,20.822899999984656,nan,-0.887123066186905
1,DiscNRX,gated,269,0,1,0,1,21.497699999940778,nan,-0.887123066186905
1,DiscNRX,gated,270,0,1,0,1,21.90219999999954,nan,-0.887123066186905
1,DiscNRX,gated,271,0,1,0,1,21.586599999977807,nan,-0.887123066186905
1,DiscNRX,gated,272,0,1,0,1,24.321399999962523,nan,-0.887123066186905
1,DiscNRX,gated,273,0,1,0,1,21.449400000051355,nan,-0.887123066186905
1,DiscNRX,gated,274,0,1,0,1,22.305899999992107,nan,-0.887123066186905
1,DiscNRX,gated,275,0,1,0,1,21.720200000004297,nan,-0.887123066186905
1,DiscNRX,gated,276,0,1,0,1,22.077200000012454,nan,-0.887123066186905
1,DiscNRX,gated,277,0,1,0,1,20.415300000081515,nan,-0.887123066186905
1,DiscNRX,gated,278,0,1,0,1,21.725399999922956,nan,-0.887123066186905
1,DiscNRX,gated,279,0,1,0,1,21.530600000005506,nan,-0.887123066186905
1,DiscNRX,gated,280,0,1,0,1,19.873700000061945,nan,-0.887123066186905
1,DiscNRX,gated,281,0,1,0,1,25.923099999999977,nan,-0.887123066186905
1,DiscNRX,gated,282,0,1,0,1,22.007599999938066,nan,-0.887123066186905
1,DiscNRX,gated,283,0,1,0,1,20.245100000011007,nan,-0.887123066186905
1,DiscNRX,gated,284,0,1,0,1,22.535500000003594,nan,-0.887123066186905
1,DiscNRX,gated,285,0,1,0,1,21.866599999952996,nan,-0.887123066186905
1,DiscNRX,gated,286,0,1,0,1,20.575499999949898,nan,-0.887123066186905
1,DiscNRX,gated,287,0,1,0,1,21.21050000005198,nan,-0.887123066186905
1,DiscNRX,gated,288,0,1,0,1,20.607599999948434,nan,-0.887123066186905
1,DiscNRX,gated,289,0,1,0,1,20.761200000038116,nan,-0.887123066186905
1,DiscNRX,gated,290,0,1,0,1,21.886300000005576,nan,-0.887123066186905
1,DiscNRX,gated,291,0,1,0,1,22.060099999976046,nan,-0.887123066186905
1,DiscNRX,gated,292,0,1,0,1,21.568200000047,nan,-0.887123066186905
1,DiscNRX,gated,293,0,1,0,1,21.47170000000642,nan,-0.887123066186905
1,DiscNRX,gated,294,0,1,0,1,21.256400000083886,nan,-0.887123066186905
1,DiscNRX,gated,295,0,1,0,1,22.157999999990352,nan,-0.887123066186905
1,DiscNRX,gated,296,0,1,0,1,21.51929999990898,nan,-0.887123066186905
1,DiscNRX,gated,297,0,1,0,1,21.23400000004949,nan,-0.887123066186905
1,DiscNRX,gated,298,0,1,0,1,22.89260000009108,nan,-0.887123066186905
1,DiscNRX,gated,299,0,1,0,1,22.77429999992364,nan,-0.887123066186905
1,DiscNRX,gated,300,0,1,0,1,22.291100000074948,nan,-0.887123066186905
1,DiscNRX,gated,301,0,1,0,1,21.3942999999972,nan,-0.887123066186905
1,DiscNRX,gated,302,0,1,0,1,22.57529999997132,nan,-0.887123066186905
1,DiscNRX,gated,303,0,1,0,1,22.119099999940772,nan,-0.887123066186905
1,DiscNRX,gated,304,0,1,0,1,24.21520000007149,nan,-0.887123066186905
1,DiscNRX,gated,305,0,1,0,1,22.780599999919104,nan,-0.887123066186905
1,DiscNRX,gated,306,0,1,0,1,20.872399999916524,nan,-0.887123066186905
1,DiscNRX,gated,307,0,1,0,1,26.920700000005127,nan,-0.887123066186905
1,DiscNRX,gated,308,0,1,0,1,21.180899999990288,nan,-0.887123066186905
1,DiscNRX,gated,309,0,1,0,1,22.408300000051895,nan,-0.887123066186905
1,DiscNRX,gated,310,0,1,0,1,22.549400000002606,nan,-0.887123066186905
1,DiscNRX,gated,311,0,1,0,1,21.706499999936568,nan,-0.887123066186905
1,DiscNRX,gated,312,0,1,0,1,22.066100000074584,nan,-0.887123066186905
1,DiscNRX,gated,313,0,1,0,1,22.364000000038686,nan,-0.887123066186905
1,DiscNRX,gated,314,0,1,0,1,22.094299999935174,nan,-0.887123066186905
1,DiscNRX,gated,315,0,1,0,1,23.446199999966666,nan,-0.887123066186905
1,DiscNRX,gated,316,0,1,0,1,21.81960000007166,nan,-0.887123066186905
1,DiscNRX,gated,317,0,1,0,1,20.89360000002216,nan,-0.887123066186905
1,DiscNRX,gated,318,0,1,0,1,21.694400000001224,nan,-0.887123066186905
1,DiscNRX,gated,319,0,1,0,1,21.630299999969793,nan,-0.887123066186905
1,DiscNRX,gated,320,0,1,0,1,22.258999999962725,nan,-0.887123066186905
1,DiscNRX,gated,321,0,1,0,1,21.441099999947255,nan,-0.887123066186905
1,DiscNRX,gated,322,0,1,0,1,22.334200000045712,nan,-0.887123066186905
1,DiscNRX,gated,323,0,1,0,1,24.934400000006463,nan,-0.887123066186905
1,DiscNRX,gated,324,0,1,0,1,21.965500000078464,nan,-0.887123066186905
1,DiscNRX,gated,325,0,1,0,1,21.30520000002889,nan,-0.887123066186905
1,DiscNRX,gated,326,0,1,0,1,20.289299999944888,nan,-0.887123066186905
1,DiscNRX,gated,327,0,1,0,1,21.634199999994053,nan,-0.887123066186905
1,DiscNRX,gated,328,0,1,0,1,21.313799999916228,nan,-0.887123066186905
1,DiscNRX,gated,329,0,1,0,1,22.495200000093973,nan,-0.887123066186905
1,DiscNRX,gated,330,0,1,0,1,21.92960000002131,nan,-0.887123066186905
1,DiscNRX,gated,331,0,1,0,1,20.45310000005429,nan,-0.887123066186905
1,DiscNRX,gated,332,0,1,0,1,22.408499999983178,nan,-0.887123066186905
1,DiscNRX,gated,333,0,1,0,1,22.13219999998728,nan,-0.887123066186905
1,DiscNRX,gated,334,0,1,0,1,25.15019999998458,nan,-0.887123066186905
1,DiscNRX,gated,335,0,1,0,1,24.184300000001713,nan,-0.887123066186905
1,DiscNRX,gated,336,0,1,0,1,22.562799999946037,nan,-0.887123066186905
1,DiscNRX,gated,337,0,1,0,1,23.302599999965423,nan,-0.887123066186905
1,DiscNRX,gated,338,0,1,0,1,26.500299999952404,nan,-0.887123066186905
1,DiscNRX,gated,339,0,1,0,1,21.446900000000824,nan,-0.887123066186905
1,DiscNRX,gated,340,0,1,0,1,21.935900000016773,nan,-0.887123066186905
1,DiscNRX,gated,341,0,1,0,1,22.66589999999269,nan,-0.887123066186905
1,DiscNRX,gated,342,0,1,0,1,22.426699999982702,nan,-0.887123066186905
1,DiscNRX,gated,343,0,1,0,1,23.058100000071136,nan,-0.887123066186905
1,DiscNRX,gated,344,0,1,0,1,22.497199999975237,nan,-0.887123066186905
1,DiscNRX,gated,345,0,1,0,1,22.315499999990607,nan,-0.887123066186905
1,DiscNRX,gated,346,0,1,0,1,21.294800000077885,nan,-0.887123066186905
1,DiscNRX,gated,347,0,1,0,1,21.20690000003833,nan,-0.887123066186905
1,DiscNRX,gated,348,0,1,0,1,21.762899999998808,nan,-0.887123066186905
1,DiscNRX,gated,349,0,1,0,1,22.720899999967514,nan,-0.887123066186905
1,DiscNRX,gated,350,0,1,0,1,21.31340000005366,nan,-0.887123066186905
1,DiscNRX,gated,351,0,1,0,1,34.92119999998522,nan,-0.887123066186905
1,DiscNRX,gated,352,0,1,0,1,21.587000000067746,nan,-0.887123066186905
1,DiscNRX,gated,353,0,1,0,1,22.757099999921593,nan,-0.887123066186905
1,DiscNRX,gated,354,0,1,0,1,22.001499999987573,nan,-0.887123066186905
1,DiscNRX,gated,355,0,1,0,1,21.141599999964455,nan,-0.887123066186905
1,DiscNRX,gated,356,0,1,0,1,21.8401999999287,nan,-0.887123066186905
1,DiscNRX,gated,357,0,1,0,1,23.223499999971864,nan,-0.887123066186905
1,DiscNRX,gated,358,0,1,0,1,20.57600000000548,nan,-0.887123066186905
1,DiscNRX,gated,359,0,1,0,1,27.094799999986208,nan,-0.887123066186905
1,DiscNRX,gated,360,0,1,0,1,24.91890000010244,nan,-0.887123066186905
1,DiscNRX,gated,361,0,1,0,1,21.834100000091894,nan,-0.887123066186905
1,DiscNRX,gated,362,0,1,0,1,20.876199999975142,nan,-0.887123066186905
1,DiscNRX,gated,363,0,1,0,1,23.989199999959965,nan,-0.887123066186905
1,DiscNRX,gated,364,0,1,0,1,26.995800000008785,nan,-0.887123066186905
1,DiscNRX,gated,365,0,1,0,1,21.547899999973197,nan,-0.887123066186905
1,DiscNRX,gated,366,0,1,0,1,23.761700000022756,nan,-0.887123066186905
1,DiscNRX,gated,367,0,1,0,1,22.744900000020607,nan,-0.887123066186905
1,DiscNRX,gated,368,0,1,0,1,21.310500000026877,nan,-0.887123066186905
1,DiscNRX,gated,369,0,1,0,1,21.517200000062076,nan,-0.887123066186905
1,DiscNRX,gated,370,0,1,0,1,22.00500000003558,nan,-0.887123066186905
1,DiscNRX,gated,371,0,1,0,1,21.659300000010262,nan,-0.887123066186905
1,DiscNRX,gated,372,0,1,0,1,22.260499999902095,nan,-0.887123066186905
1,DiscNRX,gated,373,0,1,0,1,22.20390000002226,nan,-0.887123066186905
1,DiscNRX,gated,374,0,1,0,1,21.524499999941327,nan,-0.887123066186905
1,DiscNRX,gated,375,0,1,0,1,20.110999999928936,nan,-0.887123066186905
1,DiscNRX,gated,376,0,1,0,1,21.490200000016557,nan,-0.887123066186905
1,DiscNRX,gated,377,0,1,0,1,23.931599999968967,nan,-0.887123066186905
1,DiscNRX,gated,378,0,1,0,1,22.895100000027924,nan,-0.887123066186905
1,DiscNRX,gated,379,0,1,0,1,22.612600000002203,nan,-0.887123066186905
1,DiscNRX,gated,380,0,1,0,1,21.65120000006482,nan,-0.887123066186905
1,DiscNRX,gated,381,0,1,0,1,23.355900000069596,nan,-0.887123066186905
1,DiscNRX,gated,382,0,1,0,1,22.842800000034913,nan,-0.887123066186905
1,DiscNRX,gated,383,0,1,0,1,20.862000000079206,nan,-0.887123066186905
1,DiscNRX,gated,384,0,1,0,1,22.190300000033858,nan,-0.887123066186905
1,DiscNRX,gated,385,0,1,0,1,21.420299999931558,nan,-0.887123066186905
1,DiscNRX,gated,386,0,1,0,1,21.275000000059663,nan,-0.887123066186905
1,DiscNRX,gated,387,0,1,0,1,22.724799999991774,nan,-0.887123066186905
1,DiscNRX,gated,388,0,1,0,1,21.138199999995777,nan,-0.887123066186905
1,DiscNRX,gated,389,0,1,0,1,22.128799999904913,nan,-0.887123066186905
1,DiscNRX,gated,390,0,1,0,1,21.108599999934086,nan,-0.887123066186905
1,DiscNRX,gated,391,0,1,0,1,24.75230000004558,nan,-0.887123066186905
1,DiscNRX,gated,392,0,1,0,1,21.131599999989703,nan,-0.887123066186905
1,DiscNRX,gated,393,0,1,0,1,24.265700000000834,nan,-0.887123066186905
1,DiscNRX,gated,394,0,1,0,1,21.704800000065916,nan,-0.887123066186905
1,DiscNRX,gated,395,0,1,0,1,21.94480000002841,nan,-0.887123066186905
1,DiscNRX,gated,396,0,1,0,1,21.54680000001008,nan,-0.887123066186905
1,DiscNRX,gated,397,0,1,0,1,21.95050000000265,nan,-0.887123066186905
1,DiscNRX,gated,398,0,1,0,1,21.88679999994747,nan,-0.887123066186905
1,DiscNRX,gated,399,0,1,0,1,31.029500000045118,nan,-0.887123066186905
1,DiscNRX,gated,400,0,1,0,1,20.345700000007128,nan,-0.887123066186905
1,DiscNRX,gated,401,0,1,0,1,22.218199999997523,nan,-0.887123066186905
1,DiscNRX,gated,402,0,1,0,1,25.578300000006493,nan,-0.887123066186905
1,DiscNRX,gated,403,0,1,0,1,21.426200000064455,nan,-0.887123066186905
1,DiscNRX,gated,404,0,1,0,1,21.916499999974803,nan,-0.887123066186905
1,DiscNRX,gated,405,0,1,0,1,27.70239999995283,nan,-0.887123066186905
1,DiscNRX,gated,406,0,1,0,1,23.291800000038165,nan,-0.887123066186905
1,DiscNRX,gated,407,0,1,0,1,21.461100000010447,nan,-0.887123066186905
1,DiscNRX,gated,408,0,1,0,1,23.18749999994907,nan,-0.887123066186905
1,DiscNRX,gated,409,0,1,0,1,22.129400000039823,nan,-0.887123066186905
1,DiscNRX,gated,410,0,1,0,1,22.115999999982705,nan,-0.887123066186905
1,DiscNRX,gated,411,0,1,0,1,20.735199999990073,nan,-0.887123066186905
1,DiscNRX,gated,412,0,1,0,1,22.61860000010074,nan,-0.887123066186905
1,DiscNRX,gated,413,0,1,0,1,21.8169999999418,nan,-0.887123066186905
1,DiscNRX,gated,414,0,1,0,1,21.042599999987033,nan,-0.887123066186905
1,DiscNRX,gated,415,0,1,0,1,22.41320000007363,nan,-0.887123066186905
1,DiscNRX,gated,416,0,1,0,1,21.527599999899394,nan,-0.887123066186905
1,DiscNRX,gated,417,0,1,0,1,21.903299999962655,nan,-0.887123066186905
1,DiscNRX,gated,418,0,1,0,1,37.738799999942785,nan,-0.887123066186905
1,DiscNRX,gated,419,0,1,0,1,22.156300000006013,nan,-0.887123066186905
1,DiscNRX,gated,420,0,1,0,1,20.347099999980856,nan,-0.887123066186905
1,DiscNRX,gated,421,0,1,0,1,21.066200000063873,nan,-0.887123066186905
1,DiscNRX,gated,422,0,1,0,1,21.40350000001945,nan,-0.887123066186905
1,DiscNRX,gated,423,0,1,0,1,22.456599999941318,nan,-0.887123066186905
1,DiscNRX,gated,424,0,1,0,1,21.976999999992586,nan,-0.887123066186905
1,DiscNRX,gated,425,0,1,0,1,21.949599999970815,nan,-0.887123066186905
1,DiscNRX,gated,426,0,1,0,1,21.692799999982526,nan,-0.887123066186905
1,DiscNRX,gated,427,0,1,0,1,19.779600000106257,nan,-0.887123066186905
1,DiscNRX,gated,428,0,1,0,1,23.780299999998533,nan,-0.887123066186905
1,DiscNRX,gated,429,0,1,0,1,21.71069999997144,nan,-0.887123066186905
1,DiscNRX,gated,430,0,1,0,1,22.342199999911827,nan,-0.887123066186905
1,DiscNRX,gated,431,0,1,0,1,19.66570000001866,nan,-0.887123066186905
1,DiscNRX,gated,432,0,1,0,1,22.349899999994705,nan,-0.887123066186905
1,DiscNRX,gated,433,0,1,0,1,22.24260000002687,nan,-0.887123066186905
1,DiscNRX,gated,434,0,1,0,1,20.52000000003318,nan,-0.887123066186905
1,DiscNRX,gated,435,0,1,0,1,23.581799999988107,nan,-0.887123066186905
1,DiscNRX,gated,436,0,1,0,1,21.04070000007141,nan,-0.887123066186905
1,DiscNRX,gated,437,0,1,0,1,22.62190000010378,nan,-0.887123066186905
1,DiscNRX,gated,438,0,1,0,1,22.35299999995277,nan,-0.887123066186905
1,DiscNRX,gated,439,0,1,0,1,20.082200000047123,nan,-0.887123066186905
1,DiscNRX,gated,440,0,1,0,1,22.834599999896454,nan,-0.887123066186905
1,DiscNRX,gated,441,0,1,0,1,22.660699999960343,nan,-0.887123066186905
1,DiscNRX,gated,442,0,1,0,1,22.267700000043078,nan,-0.887123066186905
1,DiscNRX,gated,443,0,1,0,1,22.526400000060676,nan,-0.887123066186905
1,DiscNRX,gated,444,0,1,0,1,20.87529999994331,nan,-0.887123066186905
1,DiscNRX,gated,445,0,1,0,1,20.863400000052934,nan,-0.887123066186905
1,DiscNRX,gated,446,0,1,0,1,24.41399999997884,nan,-0.887123066186905
1,DiscNRX,gated,447,0,1,0,1,22.48500000007425,nan,-0.887123066186905
1,DiscNRX,gated,448,0,1,0,1,23.166900000092028,nan,-0.887123066186905
1,DiscNRX,gated,449,0,1,0,1,21.238199999970675,nan,-0.887123066186905
1,DiscNRX,gated,450,0,1,0,1,23.236999999994623,nan,-0.887123066186905
1,DiscNRX,gated,451,0,1,0,1,23.08020000009492,nan,-0.887123066186905
1,DiscNRX,gated,452,0,1,0,1,22.44759999996404,nan,-0.887123066186905
1,DiscNRX,gated,453,0,1,0,1,24.14180000005217,nan,-0.887123066186905
1,DiscNRX,gated,454,0,1,0,1,24.112899999977344,nan,-0.887123066186905
1,DiscNRX,gated,455,0,1,0,1,24.73880000002282,nan,-0.887123066186905
1,DiscNRX,gated,456,0,1,0,1,22.57669999994505,nan,-0.887123066186905
1,DiscNRX,gated,457,0,1,0,1,24.433700000031422,nan,-0.887123066186905
1,DiscNRX,gated,458,0,1,0,1,19.142600000009224,nan,-0.887123066186905
1,DiscNRX,gated,459,0,1,0,1,21.73229999993964,nan,-0.887123066186905
1,DiscNRX,gated,460,0,1,0,1,22.970800000052805,nan,-0.887123066186905
1,DiscNRX,gated,461,0,1,0,1,25.549099999921054,nan,-0.887123066186905
1,DiscNRX,gated,462,0,1,0,1,23.780900000019756,nan,-0.887123066186905
1,DiscNRX,gated,463,0,1,0,1,32.59969999999157,nan,-0.887123066186905
1,DiscNRX,gated,464,0,1,0,1,22.37209999998413,nan,-0.887123066186905
1,DiscNRX,gated,465,0,1,0,1,23.028199999998833,nan,-0.887123066186905
1,DiscNRX,gated,466,0,1,0,1,23.691500000040833,nan,-0.887123066186905
1,DiscNRX,gated,467,0,1,0,1,23.206800000025396,nan,-0.887123066186905
1,DiscNRX,gated,468,0,1,0,1,24.530899999945177,nan,-0.887123066186905
1,DiscNRX,gated,469,0,1,0,1,23.297400000046764,nan,-0.887123066186905
1,DiscNRX,gated,470,0,1,0,1,22.569900000007692,nan,-0.887123066186905
1,DiscNRX,gated,471,0,1,0,1,23.239600000010796,nan,-0.887123066186905
1,DiscNRX,gated,472,0,1,0,1,23.84380000000874,nan,-0.887123066186905
1,DiscNRX,gated,473,0,1,0,1,21.731000000045242,nan,-0.887123066186905
1,DiscNRX,gated,474,0,1,0,1,22.640199999955257,nan,-0.887123066186905
1,DiscNRX,gated,475,0,1,0,1,22.930599999995138,nan,-0.887123066186905
1,DiscNRX,gated,476,0,1,0,1,23.889300000064395,nan,-0.887123066186905
1,DiscNRX,gated,477,0,1,0,1,21.71490000000631,nan,-0.887123066186905
1,DiscNRX,gated,478,0,1,0,1,22.169599999983802,nan,-0.887123066186905
1,DiscNRX,gated,479,0,1,0,1,22.302400000057787,nan,-0.887123066186905
1,DiscNRX,gated,480,0,1,0,1,20.452400000067428,nan,-0.887123066186905
1,DiscNRX,gated,481,0,1,0,1,27.37709999996696,nan,-0.887123066186905
1,DiscNRX,gated,482,0,1,0,1,21.4614999999867,nan,-0.887123066186905
1,DiscNRX,gated,483,0,1,0,1,21.92560000003141,nan,-0.887123066186905
1,DiscNRX,gated,484,0,1,0,1,23.826199999916753,nan,-0.887123066186905
1,DiscNRX,gated,485,0,1,0,1,27.71559999996498,nan,-0.887123066186905
1,DiscNRX,gated,486,0,1,0,1,23.334100000056424,nan,-0.887123066186905
1,DiscNRX,gated,487,0,1,0,1,23.323000000004868,nan,-0.887123066186905
1,DiscNRX,gated,488,0,1,0,1,23.81430000002638,nan,-0.887123066186905
1,DiscNRX,gated,489,0,1,0,1,24.584199999935663,nan,-0.887123066186905
1,DiscNRX,gated,490,0,1,0,1,24.621600000045873,nan,-0.887123066186905
1,DiscNRX,gated,491,0,1,0,1,23.409900000046946,nan,-0.887123066186905
1,DiscNRX,gated,492,0,1,0,1,24.43469999991521,nan,-0.887123066186905
1,DiscNRX,gated,493,0,1,0,1,24.509499999908257,nan,-0.887123066186905
1,DiscNRX,gated,494,0,1,0,1,23.968100000047343,nan,-0.887123066186905
1,DiscNRX,gated,495,0,1,0,1,22.966799999949217,nan,-0.887123066186905
1,DiscNRX,gated,496,0,1,0,1,23.214499999994587,nan,-0.887123066186905
1,DiscNRX,gated,497,0,1,0,1,23.59039999998913,nan,-0.887123066186905
1,DiscNRX,gated,498,0,1,0,1,21.647700000016812,nan,-0.887123066186905
1,DiscNRX,gated,499,0,1,0,1,23.839199999997618,nan,-0.887123066186905
1,DiscNRX,gated,500,0,1,0,1,24.021999999945365,nan,-0.887123066186905
1,DiscNRX,gated,501,0,1,0,1,23.42190000001665,nan,-0.887123066186905
1,DiscNRX,gated,502,0,1,0,1,21.20630000001711,nan,-0.887123066186905
1,DiscNRX,gated,503,0,1,0,1,21.120699999983117,nan,-0.887123066186905
1,DiscNRX,gated,504,0,1,0,1,21.662300000002688,nan,-0.887123066186905
1,DiscNRX,gated,505,0,1,0,1,22.99459999994724,nan,-0.887123066186905
1,DiscNRX,gated,506,0,1,0,1,24.966199999994387,nan,-0.887123066186905
1,DiscNRX,gated,507,0,1,0,1,25.321599999983846,nan,-0.887123066186905
1,DiscNRX,gated,508,0,1,0,1,24.077300000044488,nan,-0.887123066186905
1,DiscNRX,gated,509,0,1,0,1,24.48549999996885,nan,-0.887123066186905
1,DiscNRX,gated,510,0,1,0,1,22.99999999991087,nan,-0.887123066186905
1,DiscNRX,gated,511,0,1,0,1,23.171700000034434,nan,-0.887123066186905
1,DiscNRX,gated,512,0,1,0,1,25.31099999998787,nan,-0.887123066186905
1,DiscNRX,gated,513,0,1,0,1,23.664199999984703,nan,-0.887123066186905
1,DiscNRX,gated,514,0,1,0,1,22.07069999997202,nan,-0.887123066186905
1,DiscNRX,gated,515,0,1,0,1,21.373600000060833,nan,-0.887123066186905
1,DiscNRX,gated,516,0,1,0,1,21.26969999994799,nan,-0.887123066186905
1,DiscNRX,gated,517,0,1,0,1,22.321499999975458,nan,-0.887123066186905
1,DiscNRX,gated,518,0,1,0,1,20.65570000002026,nan,-0.887123066186905
1,DiscNRX,gated,519,0,1,0,1,21.270000000072287,nan,-0.887123066186905
1,DiscNRX,gated,520,0,1,0,1,21.088999999960834,nan,-0.887123066186905
1,DiscNRX,gated,521,0,1,0,1,22.61250000003656,nan,-0.887123066186905
1,DiscNRX,gated,522,0,1,0,1,20.362099999942984,nan,-0.887123066186905
1,DiscNRX,gated,523,0,1,0,1,22.31219999998757,nan,-0.887123066186905
1,DiscNRX,gated,524,0,1,0,1,22.755299999971612,nan,-0.887123066186905
1,DiscNRX,gated,525,0,1,0,1,38.46669999995811,nan,-0.887123066186905
1,DiscNRX,gated,526,0,1,0,1,22.93090000000575,nan,-0.887123066186905
1,DiscNRX,gated,527,0,1,0,1,23.011199999928067,nan,-0.887123066186905
1,DiscNRX,gated,528,0,1,0,1,22.1440000000257,nan,-0.887123066186905
1,DiscNRX,gated,529,0,1,0,1,22.585700000036013,nan,-0.887123066186905
1,DiscNRX,gated,530,0,1,0,1,22.951000000034583,nan,-0.887123066186905
1,DiscNRX,gated,531,0,1,0,1,28.217900000072405,nan,-0.887123066186905
1,DiscNRX,gated,532,0,1,0,1,22.257100000047103,nan,-0.887123066186905
1,DiscNRX,gated,533,0,1,0,1,23.41400000000249,nan,-0.887123066186905
1,DiscNRX,gated,534,0,1,0,1,32.97659999998359,nan,-0.887123066186905
1,DiscNRX,gated,535,0,1,0,1,20.685200000002624,nan,-0.887123066186905
1,DiscNRX,gated,536,0,1,0,1,21.179699999947843,nan,-0.887123066186905
1,DiscNRX,gated,537,0,1,0,1,22.528999999963162,nan,-0.887123066186905
1,DiscNRX,gated,538,0,1,0,1,22.319700000025477,nan,-0.887123066186905
1,DiscNRX,gated,539,0,1,0,1,21.41719999997349,nan,-0.887123066186905
1,DiscNRX,gated,540,0,1,0,1,23.095799999964584,nan,-0.887123066186905
1,DiscNRX,gated,541,0,1,0,1,21.55850000008286,nan,-0.887123066186905
1,DiscNRX,gated,542,0,1,0,1,23.06620000001658,nan,-0.887123066186905
1,DiscNRX,gated,543,0,1,0,1,23.454500000070766,nan,-0.887123066186905
1,DiscNRX,gated,544,0,1,0,1,22.793999999976222,nan,-0.887123066186905
1,DiscNRX,gated,545,0,1,0,1,21.773899999971036,nan,-0.887123066186905
1,DiscNRX,gated,546,0,1,0,1,20.804900000030102,nan,-0.887123066186905
1,DiscNRX,gated,547,0,1,0,1,21.400500000027023,nan,-0.887123066186905
1,DiscNRX,gated,548,0,1,0,1,20.593300000086856,nan,-0.887123066186905
1,DiscNRX,gated,549,0,1,0,1,23.396400000024187,nan,-0.887123066186905
1,DiscNRX,gated,550,0,1,0,1,20.140599999990627,nan,-0.887123066186905
1,DiscNRX,gated,551,0,1,0,1,21.231100000022707,nan,-0.887123066186905
1,DiscNRX,gated,552,0,1,0,1,19.19580000003407,nan,-0.887123066186905
1,DiscNRX,gated,553,0,1,0,1,22.245300000008683,nan,-0.887123066186905
1,DiscNRX,gated,554,0,1,0,1,23.50500000000011,nan,-0.887123066186905
1,DiscNRX,gated,555,0,1,0,1,21.439200000031633,nan,-0.887123066186905
1,DiscNRX,gated,556,0,1,0,1,24.08190000005561,nan,-0.887123066186905
1,DiscNRX,gated,557,0,1,0,1,22.152199999936784,nan,-0.887123066186905
1,DiscNRX,gated,558,0,1,0,1,22.339100000067447,nan,-0.887123066186905
1,DiscNRX,gated,559,0,1,0,1,23.442100000011123,nan,-0.887123066186905
1,DiscNRX,gated,560,0,1,0,1,24.11189999997987,nan,-0.887123066186905
1,DiscNRX,gated,561,0,1,0,1,22.17540000003737,nan,-0.887123066186905
1,DiscNRX,gated,562,0,1,0,1,22.388500000033673,nan,-0.887123066186905
1,DiscNRX,gated,563,0,1,0,1,22.534100000029866,nan,-0.887123066186905
1,DiscNRX,gated,564,0,1,0,1,19.698100000027807,nan,-0.887123066186905
1,DiscNRX,gated,565,0,1,0,1,25.194600000077116,nan,-0.887123066186905
1,DiscNRX,gated,566,0,1,0,1,20.81799999996292,nan,-0.887123066186905
1,DiscNRX,gated,567,0,1,0,1,21.115200000053846,nan,-0.887123066186905
1,DiscNRX,gated,568,0,1,0,1,21.35129999999208,nan,-0.887123066186905
1,DiscNRX,gated,569,0,1,0,1,22.75859999997465,nan,-0.887123066186905
1,DiscNRX,gated,570,0,1,0,1,22.189600000046994,nan,-0.887123066186905
1,DiscNRX,gated,571,0,1,0,1,20.95940000003793,nan,-0.887123066186905
1,DiscNRX,gated,572,0,1,0,1,20.079100000089056,nan,-0.887123066186905
1,DiscNRX,gated,573,0,1,0,1,21.297900000035952,nan,-0.887123066186905
1,DiscNRX,gated,574,0,1,0,1,24.227200000041194,nan,-0.887123066186905
1,DiscNRX,gated,575,0,1,0,1,24.045799999953488,nan,-0.887123066186905
1,DiscNRX,gated,576,0,1,0,1,24.06810000002224,nan,-0.887123066186905
1,DiscNRX,gated,577,0,1,0,1,24.530699999900207,nan,-0.887123066186905
1,DiscNRX,gated,578,0,1,0,1,21.481699999981174,nan,-0.887123066186905
1,DiscNRX,gated,579,0,1,0,1,22.713700000053905,nan,-0.887123066186905
1,DiscNRX,gated,580,0,1,0,1,23.041799999987234,nan,-0.887123066186905
1,DiscNRX,gated,581,0,1,0,1,22.515999999995984,nan,-0.887123066186905
1,DiscNRX,gated,582,0,1,0,1,24.90710000006402,nan,-0.887123066186905
1,DiscNRX,gated,583,0,1,0,1,23.81660000003194,nan,-0.887123066186905
1,DiscNRX,gated,584,0,1,0,1,22.731100000100923,nan,-0.887123066186905
1,DiscNRX,gated,585,0,1,0,1,22.915000000011787,nan,-0.887123066186905
1,DiscNRX,gated,586,0,1,0,1,21.075699999983044,nan,-0.887123066186905
1,DiscNRX,gated,587,0,1,0,1,20.86080000003676,nan,-0.887123066186905
1,DiscNRX,gated,588,0,1,0,1,21.406599999977516,nan,-0.887123066186905
1,DiscNRX,gated,589,0,1,0,1,20.915199999990364,nan,-0.887123066186905
1,DiscNRX,gated,590,0,1,0,1,22.645900000043184,nan,-0.887123066186905
1,DiscNRX,gated,591,0,1,0,1,24.150299999973868,nan,-0.887123066186905
1,DiscNRX,gated,592,0,1,0,1,25.016100000016195,nan,-0.887123066186905
1,DiscNRX,gated,593,0,1,0,1,22.337999999990643,nan,-0.887123066186905
1,DiscNRX,gated,594,0,1,0,1,23.203499999908672,nan,-0.887123066186905
1,DiscNRX,gated,595,0,1,0,1,23.35419999997157,nan,-0.887123066186905
1,DiscNRX,gated,596,0,1,0,1,18.09919999993781,nan,-0.887123066186905
1,DiscNRX,gated,597,0,1,0,1,21.97999999998501,nan,-0.887123066186905
1,DiscNRX,gated,598,0,1,0,1,22.30310000004465,nan,-0.887123066186905
1,DiscNRX,gated,599,0,1,0,1,21.893299999987903,nan,-0.887123066186905
1,DiscNRX,gated,600,0,1,0,1,20.40390000001935,nan,-0.887123066186905
1,DiscNRX,gated,601,0,1,0,1,21.192900000073678,nan,-0.887123066186905
1,DiscNRX,gated,602,0,1,0,1,21.037599999999657,nan,-0.887123066186905
1,DiscNRX,gated,603,0,1,0,1,28.071199999999408,nan,-0.887123066186905
1,DiscNRX,gated,604,0,1,0,1,21.310400000061236,nan,-0.887123066186905
1,DiscNRX,gated,605,0,1,0,1,21.383600000035585,nan,-0.887123066186905
1,DiscNRX,gated,606,0,1,0,1,21.425199999953293,nan,-0.887123066186905
1,DiscNRX,gated,607,0,1,0,1,21.282199999973272,nan,-0.887123066186905
1,DiscNRX,gated,608,0,1,0,1,21.204899999929694,nan,-0.887123066186905
1,DiscNRX,gated,609,0,1,0,1,20.645300000069255,nan,-0.887123066186905
1,DiscNRX,gated,610,0,1,0,1,21.837399999981244,nan,-0.887123066186905
1,DiscNRX,gated,611,0,1,0,1,20.790000000033615,nan,-0.887123066186905
1,DiscNRX,gated,612,0,1,0,1,22.879800000055184,nan,-0.887123066186905
1,DiscNRX,gated,613,0,1,0,1,22.519100000067738,nan,-0.887123066186905
1,DiscNRX,gated,614,0,1,0,1,21.862400000031812,nan,-0.887123066186905
1,DiscNRX,gated,615,0,1,0,1,27.390200000013465,nan,-0.887123066186905
1,DiscNRX,gated,616,0,1,0,1,22.776499999963562,nan,-0.887123066186905
1,DiscNRX,gated,617,0,1,0,1,21.921800000086478,nan,-0.887123066186905
1,DiscNRX,gated,618,0,1,0,1,20.979499999953077,nan,-0.887123066186905
1,DiscNRX,gated,619,0,1,0,1,22.78769999998076,nan,-0.887123066186905
1,DiscNRX,gated,620,0,1,0,1,21.95070000004762,nan,-0.887123066186905
1,DiscNRX,gated,621,0,1,0,1,20.432700000014847,nan,-0.887123066186905
1,DiscNRX,gated,622,0,1,0,1,21.930699999984427,nan,-0.887123066186905
1,DiscNRX,gated,623,0,1,0,1,20.921299999940857,nan,-0.887123066186905
1,DiscNRX,gated,624,0,1,0,1,24.111599999969258,nan,-0.887123066186905
1,DiscNRX,gated,625,0,1,0,1,20.3850999999986,nan,-0.887123066186905
1,DiscNRX,gated,626,0,1,0,1,23.73750000003838,nan,-0.887123066186905
1,DiscNRX,gated,627,0,1,0,1,21.87349999996968,nan,-0.887123066186905
1,DiscNRX,gated,628,0,1,0,1,23.32889999991039,nan,-0.887123066186905
1,DiscNRX,gated,629,0,1,0,1,24.550299999987146,nan,-0.887123066186905
1,DiscNRX,gated,630,0,1,0,1,23.12019999999393,nan,-0.887123066186905
1,DiscNRX,gated,631,0,1,0,1,23.901300000034098,nan,-0.887123066186905
1,DiscNRX,gated,632,0,1,0,1,23.235799999952178,nan,-0.887123066186905
1,DiscNRX,gated,633,0,1,0,1,25.22620000002007,nan,-0.887123066186905
1,DiscNRX,gated,634,0,1,0,1,23.395499999992353,nan,-0.887123066186905
1,DiscNRX,gated,635,0,1,0,1,21.5546000000586,nan,-0.887123066186905
1,DiscNRX,gated,636,0,1,0,1,22.60260000002745,nan,-0.887123066186905
1,DiscNRX,gated,637,0,1,0,1,22.516099999961625,nan,-0.887123066186905
1,DiscNRX,gated,638,0,1,0,1,23.691299999995863,nan,-0.887123066186905
1,DiscNRX,gated,639,0,1,0,1,22.048100000006343,nan,-0.887123066186905
1,DiscNRX,gated,640,0,1,0,1,22.52490000000762,nan,-0.887123066186905
1,DiscNRX,gated,641,0,1,0,1,22.678600000062943,nan,-0.887123066186905
1,DiscNRX,gated,642,0,1,0,1,19.584299999905852,nan,-0.887123066186905
1,DiscNRX,gated,643,0,1,0,1,23.13389999994797,nan,-0.887123066186905
1,DiscNRX,gated,644,0,1,0,1,21.385699999996177,nan,-0.887123066186905
1,DiscNRX,gated,645,0,1,0,1,22.4283000000014,nan,-0.887123066186905
1,DiscNRX,gated,646,0,1,0,1,26.66250000004311,nan,-0.887123066186905
1,DiscNRX,gated,647,0,1,0,1,25.189899999986665,nan,-0.887123066186905
1,DiscNRX,gated,648,0,1,0,1,20.882900000060545,nan,-0.887123066186905
1,DiscNRX,gated,649,0,1,0,1,20.813300000099844,nan,-0.887123066186905
1,DiscNRX,gated,650,0,1,0,1,20.706399999994574,nan,-0.887123066186905
1,DiscNRX,gated,651,0,1,0,1,22.017799999957788,nan,-0.887123066186905
1,DiscNRX,gated,652,0,1,0,1,19.409199999927296,nan,-0.887123066186905
1,DiscNRX,gated,653,0,1,0,1,22.046499999987645,nan,-0.887123066186905
1,DiscNRX,gated,654,0,1,0,1,20.535500000050888,nan,-0.887123066186905
1,DiscNRX,gated,655,0,1,0,1,21.372100000007777,nan,-0.887123066186905
1,DiscNRX,gated,656,0,1,0,1,18.352900000081718,nan,-0.887123066186905
1,DiscNRX,gated,657,0,1,0,1,21.433799999954317,nan,-0.887123066186905
1,DiscNRX,gated,658,0,1,0,1,20.320400000059635,nan,-0.887123066186905
1,DiscNRX,gated,659,0,1,0,1,21.059100000002218,nan,-0.887123066186905
1,DiscNRX,gated,660,0,1,0,1,19.464100000050166,nan,-0.887123066186905
1,DiscNRX,gated,661,0,1,0,1,21.288300000037452,nan,-0.887123066186905
1,DiscNRX,gated,662,0,1,0,1,20.33459999995557,nan,-0.887123066186905
1,DiscNRX,gated,663,0,1,0,1,20.076199999948585,nan,-0.887123066186905
1,DiscNRX,gated,664,0,1,0,1,22.3491000000422,nan,-0.887123066186905
1,DiscNRX,gated,665,0,1,0,1,21.48809999994228,nan,-0.887123066186905
1,DiscNRX,gated,666,0,1,0,1,21.681199999989076,nan,-0.887123066186905
1,DiscNRX,gated,667,0,1,0,1,18.695399999955953,nan,-0.887123066186905
1,DiscNRX,gated,668,0,1,0,1,21.315999999956148,nan,-0.887123066186905
1,DiscNRX,gated,669,0,1,0,1,20.780199999990145,nan,-0.887123066186905
1,DiscNRX,gated,670,0,1,0,1,21.68800000004012,nan,-0.887123066186905
1,DiscNRX,gated,671,0,1,0,1,21.667200000024422,nan,-0.887123066186905
1,DiscNRX,gated,672,0,1,0,1,22.48609999992368,nan,-0.887123066186905
1,DiscNRX,gated,673,0,1,0,1,21.193700000026183,nan,-0.887123066186905
1,DiscNRX,gated,674,0,1,0,1,20.430099999998674,nan,-0.887123066186905
1,DiscNRX,gated,675,0,1,0,1,33.35709999998926,nan,-0.887123066186905
1,DiscNRX,gated,676,0,1,0,1,21.448099999929582,nan,-0.887123066186905
1,DiscNRX,gated,677,0,1,0,1,20.55489999997917,nan,-0.887123066186905
1,DiscNRX,gated,678,0,1,0,1,19.907799999941744,nan,-0.887123066186905
1,DiscNRX,gated,679,0,1,0,1,22.330900000042675,nan,-0.887123066186905
1,DiscNRX,gated,680,0,1,0,1,21.466299999929106,nan,-0.887123066186905
1,DiscNRX,gated,681,0,1,0,1,23.04110000000037,nan,-0.887123066186905
1,DiscNRX,gated,682,0,1,0,1,22.65859999999975,nan,-0.887123066186905
1,DiscNRX,gated,683,0,1,0,1,22.93279999992137,nan,-0.887123066186905
1,DiscNRX,gated,684,0,1,0,1,22.659599999997226,nan,-0.887123066186905
1,DiscNRX,gated,685,0,1,0,1,22.820300000034877,nan,-0.887123066186905
1,DiscNRX,gated,686,0,1,0,1,26.142000000049848,nan,-0.887123066186905
1,DiscNRX,gated,687,0,1,0,1,21.323599999959697,nan,-0.887123066186905
1,DiscNRX,gated,688,0,1,0,1,22.073500000033164,nan,-0.887123066186905
1,DiscNRX,gated,689,0,1,0,1,22.270800000001145,nan,-0.887123066186905
1,DiscNRX,gated,690,0,1,0,1,21.485399999960464,nan,-0.887123066186905
1,DiscNRX,gated,691,0,1,0,1,21.822199999974146,nan,-0.887123066186905
1,DiscNRX,gated,692,0,1,0,1,21.71720000001187,nan,-0.887123066186905
1,DiscNRX,gated,693,0,1,0,1,21.251900000038404,nan,-0.887123066186905
1,DiscNRX,gated,694,0,1,0,1,22.270999999932428,nan,-0.887123066186905
1,DiscNRX,gated,695,0,1,0,1,22.953600000050756,nan,-0.887123066186905
1,DiscNRX,gated,696,0,1,0,1,21.408500000006825,nan,-0.887123066186905
1,DiscNRX,gated,697,0,1,0,1,23.656800000026124,nan,-0.887123066186905
1,DiscNRX,gated,698,0,1,0,1,21.65859999990971,nan,-0.887123066186905
1,DiscNRX,gated,699,0,1,0,1,22.58659999995416,nan,-0.887123066186905
1,DiscNRX,gated,700,0,1,0,1,22.439299999973628,nan,-0.887123066186905
1,DiscNRX,gated,701,0,1,0,1,23.722399999996924,nan,-0.887123066186905
1,DiscNRX,gated,702,0,1,0,1,46.25810000004549,nan,-0.887123066186905
1,DiscNRX,gated,703,0,1,0,1,22.62150000001384,nan,-0.887123066186905
1,DiscNRX,gated,704,0,1,0,1,21.91609999999855,nan,-0.887123066186905
1,DiscNRX,gated,705,0,1,0,1,22.97169999997095,nan,-0.887123066186905
1,DiscNRX,gated,706,0,1,0,1,22.901400000023386,nan,-0.887123066186905
1,DiscNRX,gated,707,0,1,0,1,23.13729999991665,nan,-0.887123066186905
1,DiscNRX,gated,708,0,1,0,1,23.320699999999306,nan,-0.887123066186905
1,DiscNRX,gated,709,0,1,0,1,21.764100000041253,nan,-0.887123066186905
1,DiscNRX,gated,710,0,1,0,1,21.61260000002585,nan,-0.887123066186905
1,DiscNRX,gated,711,0,1,0,1,21.08140000007097,nan,-0.887123066186905
1,DiscNRX,gated,712,0,1,0,1,21.74760000002607,nan,-0.887123066186905
1,DiscNRX,gated,713,0,1,0,1,22.32209999999668,nan,-0.887123066186905
1,DiscNRX,gated,714,0,1,0,1,22.4187000000029,nan,-0.887123066186905
1,DiscNRX,gated,715,0,1,0,1,22.0068999999512,nan,-0.887123066186905
1,DiscNRX,gated,716,0,1,0,1,21.70720000003712,nan,-0.887123066186905
1,DiscNRX,gated,717,0,1,0,1,21.581400000059148,nan,-0.887123066186905
1,DiscNRX,gated,718,0,1,0,1,21.43789999990986,nan,-0.887123066186905
1,DiscNRX,gated,719,0,1,0,1,21.21790000001056,nan,-0.887123066186905
1,DiscNRX,gated,720,0,1,0,1,21.50019999999131,nan,-0.887123066186905
1,DiscNRX,gated,721,0,1,0,1,23.116899999990892,nan,-0.887123066186905
1,DiscNRX,gated,722,0,1,0,1,22.57699999995566,nan,-0.887123066186905
1,DiscNRX,gated,723,0,1,0,1,21.829499999967084,nan,-0.887123066186905
1,DiscNRX,gated,724,0,1,0,1,27.94010000002345,nan,-0.887123066186905
1,DiscNRX,gated,725,0,1,0,1,21.50619999997616,nan,-0.887123066186905
1,DiscNRX,gated,726,0,1,0,1,22.370000000023538,nan,-0.887123066186905
1,DiscNRX,gated,727,0,1,0,1,21.467599999937192,nan,-0.887123066186905
1,DiscNRX,gated,728,0,1,0,1,21.430200000054356,nan,-0.887123066186905
1,DiscNRX,gated,729,0,1,0,1,22.935299999971903,nan,-0.887123066186905
1,DiscNRX,gated,730,0,1,0,1,22.184100000004037,nan,-0.887123066186905
1,DiscNRX,gated,731,0,1,0,1,23.142900000038935,nan,-0.887123066186905
1,DiscNRX,gated,732,0,1,0,1,22.090899999966496,nan,-0.887123066186905
1,DiscNRX,gated,733,0,1,0,1,22.113799999942785,nan,-0.887123066186905
1,DiscNRX,gated,734,0,1,0,1,21.904399999925772,nan,-0.887123066186905
1,DiscNRX,gated,735,0,1,0,1,20.985600000017257,nan,-0.887123066186905
1,DiscNRX,gated,736,0,1,0,1,23.76010000000406,nan,-0.887123066186905
1,DiscNRX,gated,737,0,1,0,1,24.766300000010233,nan,-0.887123066186905
1,DiscNRX,gated,738,0,1,0,1,22.15020000005552,nan,-0.887123066186905
1,DiscNRX,gated,739,0,1,0,1,22.950000000037107,nan,-0.887123066186905
1,DiscNRX,gated,740,0,1,0,1,22.817299999928764,nan,-0.887123066186905
1,DiscNRX,gated,741,0,1,0,1,26.087200000006305,nan,-0.887123066186905
1,DiscNRX,gated,742,0,1,0,1,22.728299999926094,nan,-0.887123066186905
1,DiscNRX,gated,743,0,1,0,1,23.272300000030555,nan,-0.887123066186905
1,DiscNRX,gated,744,0,1,0,1,23.444599999947968,nan,-0.887123066186905
1,DiscNRX,gated,745,0,1,0,1,23.33520000001954,nan,-0.887123066186905
1,DiscNRX,gated,746,0,1,0,1,22.557300000016767,nan,-0.887123066186905
1,DiscNRX,gated,747,0,1,0,1,21.37279999999464,nan,-0.887123066186905
1,DiscNRX,gated,748,0,1,0,1,22.48050000002877,nan,-0.887123066186905
1,DiscNRX,gated,749,0,1,0,1,21.344499999941036,nan,-0.887123066186905
1,DiscNRX,gated,750,0,1,0,1,21.591899999975794,nan,-0.887123066186905
1,DiscNRX,gated,751,0,1,0,1,22.292500000048676,nan,-0.887123066186905
1,DiscNRX,gated,752,0,1,0,1,21.6282000000092,nan,-0.887123066186905
1,DiscNRX,gated,753,0,1,0,1,23.343099999920014,nan,-0.887123066186905
1,DiscNRX,gated,754,0,1,0,1,22.792999999978747,nan,-0.887123066186905
1,DiscNRX,gated,755,0,1,0,1,23.862100000087594,nan,-0.887123066186905
1,DiscNRX,gated,756,0,1,0,1,24.052699999970173,nan,-0.887123066186905
1,DiscNRX,gated,757,0,1,0,1,23.523100000033992,nan,-0.887123066186905
1,DiscNRX,gated,758,0,1,0,1,25.314299999990908,nan,-0.887123066186905
1,DiscNRX,gated,759,0,1,0,1,22.278799999980947,nan,-0.887123066186905
1,DiscNRX,gated,760,0,1,0,1,22.339900000019952,nan,-0.887123066186905
1,DiscNRX,gated,761,0,1,0,1,22.21389999999701,nan,-0.887123066186905
1,DiscNRX,gated,762,0,1,0,1,22.790299999996932,nan,-0.887123066186905
1,DiscNRX,gated,763,0,1,0,1,21.787099999983184,nan,-0.887123066186905
1,DiscNRX,gated,764,0,1,0,1,21.59489999996822,nan,-0.887123066186905
1,DiscNRX,gated,765,0,1,0,1,36.71789999998509,nan,-0.887123066186905
1,DiscNRX,gated,766,0,1,0,1,23.16700000005767,nan,-0.887123066186905
1,DiscNRX,gated,767,0,1,0,1,21.812800000020616,nan,-0.887123066186905
1,DiscNRX,gated,768,0,1,0,1,23.009500000057415,nan,-0.887123066186905
1,DiscNRX,gated,769,0,1,0,1,32.05990000003567,nan,-0.887123066186905
1,DiscNRX,gated,770,0,1,0,1,22.34309999994366,nan,-0.887123066186905
1,DiscNRX,gated,771,0,1,0,1,21.769800000015493,nan,-0.887123066186905
1,DiscNRX,gated,772,0,1,0,1,21.00749999999607,nan,-0.887123066186905
1,DiscNRX,gated,773,0,1,0,1,23.38299999996707,nan,-0.887123066186905
1,DiscNRX,gated,774,0,1,0,1,21.46370000002662,nan,-0.887123066186905
1,DiscNRX,gated,775,0,1,0,1,22.233199999959652,nan,-0.887123066186905
1,DiscNRX,gated,776,0,1,0,1,22.414400000002388,nan,-0.887123066186905
1,DiscNRX,gated,777,0,1,0,1,19.113199999992503,nan,-0.887123066186905
1,DiscNRX,gated,778,0,1,0,1,21.972600000026432,nan,-0.887123066186905
1,DiscNRX,gated,779,0,1,0,1,48.372200000017074,nan,-0.887123066186905
1,DiscNRX,gated,780,0,1,0,1,24.005200000033255,nan,-0.887123066186905
1,DiscNRX,gated,781,0,1,0,1,21.38999999999669,nan,-0.887123066186905
1,DiscNRX,gated,782,0,1,0,1,21.953199999984463,nan,-0.887123066186905
1,DiscNRX,gated,783,0,1,0,1,24.652700000046934,nan,-0.887123066186905
1,DiscNRX,gated,784,0,1,0,1,21.77289999997356,nan,-0.887123066186905
1,DiscNRX,gated,785,0,1,0,1,21.521799999959512,nan,-0.887123066186905
1,DiscNRX,gated,786,0,1,0,1,34.4387000000097,nan,-0.887123066186905
1,DiscNRX,gated,787,0,1,0,1,22.920900000030997,nan,-0.887123066186905
1,DiscNRX,gated,788,0,1,0,1,22.98919999998361,nan,-0.887123066186905
1,DiscNRX,gated,789,0,1,0,1,24.17250000007698,nan,-0.887123066186905
1,DiscNRX,gated,790,0,1,0,1,31.6042000000607,nan,-0.887123066186905
1,DiscNRX,gated,791,0,1,0,1,21.070399999985057,nan,-0.887123066186905
1,DiscNRX,gated,792,0,1,0,1,31.725899999969442,nan,-0.887123066186905
1,DiscNRX,gated,793,0,1,0,1,21.364500000004227,nan,-0.887123066186905
1,DiscNRX,gated,794,0,1,0,1,22.85949999998138,nan,-0.887123066186905
1,DiscNRX,gated,795,0,1,0,1,23.184700000001612,nan,-0.887123066186905
1,DiscNRX,gated,796,0,1,0,1,24.212099999999737,nan,-0.887123066186905
1,DiscNRX,gated,797,0,1,0,1,22.887900000000627,nan,-0.887123066186905
1,DiscNRX,gated,798,0,1,0,1,22.032699999954275,nan,-0.887123066186905
1,DiscNRX,gated,799,0,1,0,1,29.095700000084435,nan,-0.887123066186905
1,DiscNRX,gated,800,0,1,0,1,24.539000000004307,nan,-0.887123066186905
1,DiscNRX,gated,801,0,1,0,1,29.18750000003456,nan,-0.887123066186905
1,DiscNRX,gated,802,0,1,0,1,22.168500000020686,nan,-0.887123066186905
1,DiscNRX,gated,803,0,1,0,1,22.26810000001933,nan,-0.887123066186905
1,DiscNRX,gated,804,0,1,0,1,23.109599999997954,nan,-0.887123066186905
1,DiscNRX,gated,805,0,1,0,1,24.179500000059306,nan,-0.887123066186905
1,DiscNRX,gated,806,0,1,0,1,22.489500000006046,nan,-0.887123066186905
1,DiscNRX,gated,807,0,1,0,1,22.516300000006595,nan,-0.887123066186905
1,DiscNRX,gated,808,0,1,0,1,21.522799999956987,nan,-0.887123066186905
1,DiscNRX,gated,809,0,1,0,1,27.788699999973687,nan,-0.887123066186905
1,DiscNRX,gated,810,0,1,0,1,21.354099999939535,nan,-0.887123066186905
1,DiscNRX,gated,811,0,1,0,1,28.395299999942836,nan,-0.887123066186905
1,DiscNRX,gated,812,0,1,0,1,23.24969999995119,nan,-0.887123066186905
1,DiscNRX,gated,813,0,1,0,1,22.007199999961813,nan,-0.887123066186905
1,DiscNRX,gated,814,0,1,0,1,22.70979999991596,nan,-0.887123066186905
1,DiscNRX,gated,815,0,1,0,1,21.875599999930273,nan,-0.887123066186905
1,DiscNRX,gated,816,0,1,0,1,23.06039999996301,nan,-0.887123066186905
1,DiscNRX,gated,817,0,1,0,1,22.766100000012557,nan,-0.887123066186905
1,DiscNRX,gated,818,0,1,0,1,22.836199999915152,nan,-0.887123066186905
1,DiscNRX,gated,819,0,1,0,1,23.115200000006553,nan,-0.887123066186905
1,DiscNRX,gated,820,0,1,0,1,22.576100000037513,nan,-0.887123066186905
1,DiscNRX,gated,821,0,1,0,1,25.51610000000437,nan,-0.887123066186905
1,DiscNRX,gated,822,0,1,0,1,22.930099999939557,nan,-0.887123066186905
1,DiscNRX,gated,823,0,1,0,1,24.362999999993917,nan,-0.887123066186905
1,DiscNRX,gated,824,0,1,0,1,21.754400000077112,nan,-0.887123066186905
1,DiscNRX,gated,825,0,1,0,1,22.695999999996275,nan,-0.887123066186905
1,DiscNRX,gated,826,0,1,0,1,22.51130000001922,nan,-0.887123066186905
1,DiscNRX,gated,827,0,1,0,1,21.678800000017873,nan,-0.887123066186905
1,DiscNRX,gated,828,0,1,0,1,21.97230000001582,nan,-0.887123066186905
1,DiscNRX,gated,829,0,1,0,1,29.117000000042026,nan,-0.887123066186905
1,DiscNRX,gated,830,0,1,0,1,23.17100000004757,nan,-0.887123066186905
1,DiscNRX,gated,831,0,1,0,1,22.94050000000425,nan,-0.887123066186905
1,DiscNRX,gated,832,0,1,0,1,21.191799999996874,nan,-0.887123066186905
1,DiscNRX,gated,833,0,1,0,1,21.042899999997644,nan,-0.887123066186905
1,DiscNRX,gated,834,0,1,0,1,20.243100000016057,nan,-0.887123066186905
1,DiscNRX,gated,835,0,1,0,1,23.71019999998225,nan,-0.887123066186905
1,DiscNRX,gated,836,0,1,0,1,22.28909999996631,nan,-0.887123066186905
1,DiscNRX,gated,837,0,1,0,1,22.123699999951896,nan,-0.887123066186905
1,DiscNRX,gated,838,0,1,0,1,22.4130999999943,nan,-0.887123066186905
1,DiscNRX,gated,839,0,1,0,1,21.820599999955448,nan,-0.887123066186905
1,DiscNRX,gated,840,0,1,0,1,22.649699999988115,nan,-0.887123066186905
1,DiscNRX,gated,841,0,1,0,1,21.953899999971327,nan,-0.887123066186905
1,DiscNRX,gated,842,0,1,0,1,21.368199999983517,nan,-0.887123066186905
1,DiscNRX,gated,843,0,1,0,1,23.470499999916683,nan,-0.887123066186905
1,DiscNRX,gated,844,0,1,0,1,22.90559999994457,nan,-0.887123066186905
1,DiscNRX,gated,845,0,1,0,1,22.321099999999205,nan,-0.887123066186905
1,DiscNRX,gated,846,0,1,0,1,22.818400000005568,nan,-0.887123066186905
1,DiscNRX,gated,847,0,1,0,1,23.074399999927664,nan,-0.887123066186905
1,DiscNRX,gated,848,0,1,0,1,22.830100000078346,nan,-0.887123066186905
1,DiscNRX,gated,849,0,1,0,1,22.6386999999022,nan,-0.887123066186905
1,DiscNRX,gated,850,0,1,0,1,21.972900000037043,nan,-0.887123066186905
1,DiscNRX,gated,851,0,1,0,1,24.10650000001624,nan,-0.887123066186905
1,DiscNRX,gated,852,0,1,0,1,22.444899999982226,nan,-0.887123066186905
1,DiscNRX,gated,853,0,1,0,1,22.19630000001871,nan,-0.887123066186905
1,DiscNRX,gated,854,0,1,0,1,22.82850000005965,nan,-0.887123066186905
1,DiscNRX,gated,855,0,1,0,1,21.773199999984172,nan,-0.887123066186905
1,DiscNRX,gated,856,0,1,0,1,22.185299999932795,nan,-0.887123066186905
1,DiscNRX,gated,857,0,1,0,1,23.10330000000249,nan,-0.887123066186905
1,DiscNRX,gated,858,0,1,0,1,22.792399999957524,nan,-0.887123066186905
1,DiscNRX,gated,859,0,1,0,1,22.787200000038865,nan,-0.887123066186905
1,DiscNRX,gated,860,0,1,0,1,21.740399999998772,nan,-0.887123066186905
1,DiscNRX,gated,861,0,1,0,1,22.808100000020204,nan,-0.887123066186905
1,DiscNRX,gated,862,0,1,0,1,22.110100000077182,nan,-0.887123066186905
1,DiscNRX,gated,863,0,1,0,1,22.489299999961077,nan,-0.887123066186905
1,DiscNRX,gated,864,0,1,0,1,23.46860000000106,nan,-0.887123066186905
1,DiscNRX,gated,865,0,1,0,1,22.576500000013766,nan,-0.887123066186905
1,DiscNRX,gated,866,0,1,0,1,22.116500000038286,nan,-0.887123066186905
1,DiscNRX,gated,867,0,1,0,1,21.971000000007734,nan,-0.887123066186905
1,DiscNRX,gated,868,0,1,0,1,22.650099999964368,nan,-0.887123066186905
1,DiscNRX,gated,869,0,1,0,1,21.998100000018894,nan,-0.887123066186905
1,DiscNRX,gated,870,0,1,0,1,21.86380000000554,nan,-0.887123066186905
1,DiscNRX,gated,871,0,1,0,1,23.404000000027736,nan,-0.887123066186905
1,DiscNRX,gated,872,0,1,0,1,22.251299999993535,nan,-0.887123066186905
1,DiscNRX,gated,873,0,1,0,1,23.222200000077464,nan,-0.887123066186905
1,DiscNRX,gated,874,0,1,0,1,28.061299999990297,nan,-0.887123066186905
1,DiscNRX,gated,875,0,1,0,1,23.218000000042593,nan,-0.887123066186905
1,DiscNRX,gated,876,0,1,0,1,22.512500000061664,nan,-0.887123066186905
1,DiscNRX,gated,877,0,1,0,1,31.663999999977932,nan,-0.887123066186905
1,DiscNRX,gated,878,0,1,0,1,35.01660000006268,nan,-0.887123066186905
1,DiscNRX,gated,879,0,1,0,1,21.750300000007883,nan,-0.887123066186905
1,DiscNRX,gated,880,0,1,0,1,22.23330000003898,nan,-0.887123066186905
1,DiscNRX,gated,881,0,1,0,1,21.211500000049455,nan,-0.887123066186905
1,DiscNRX,gated,882,0,1,0,1,22.845200000006116,nan,-0.887123066186905
1,DiscNRX,gated,883,0,1,0,1,22.28530000002138,nan,-0.887123066186905
1,DiscNRX,gated,884,0,1,0,1,22.90830000004007,nan,-0.887123066186905
1,DiscNRX,gated,885,0,1,0,1,21.36669999993046,nan,-0.887123066186905
1,DiscNRX,gated,886,0,1,0,1,21.446100000048318,nan,-0.887123066186905
1,DiscNRX,gated,887,0,1,0,1,21.920499999964704,nan,-0.887123066186905
1,DiscNRX,gated,888,0,1,0,1,27.053099999989172,nan,-0.887123066186905
1,DiscNRX,gated,889,0,1,0,1,21.809100000041326,nan,-0.887123066186905
1,DiscNRX,gated,890,0,1,0,1,25.739299999941068,nan,-0.887123066186905
1,DiscNRX,gated,891,0,1,0,1,23.16259999997783,nan,-0.887123066186905
1,DiscNRX,gated,892,0,1,0,1,22.650500000054308,nan,-0.887123066186905
1,DiscNRX,gated,893,0,1,0,1,24.50690000000577,nan,-0.887123066186905
1,DiscNRX,gated,894,0,1,0,1,24.112999999942986,nan,-0.887123066186905
1,DiscNRX,gated,895,0,1,0,1,22.680799999989176,nan,-0.887123066186905
1,DiscNRX,gated,896,0,1,0,1,22.421699999995326,nan,-0.887123066186905
1,DiscNRX,gated,897,0,1,0,1,22.825399999987894,nan,-0.887123066186905
1,DiscNRX,gated,898,0,1,0,1,23.29840000004424,nan,-0.887123066186905
1,DiscNRX,gated,899,0,1,0,1,25.327500000003056,nan,-0.887123066186905
1,DiscNRX,gated,900,0,1,0,1,24.938600000041333,nan,-0.887123066186905
1,DiscNRX,gated,901,0,1,0,1,22.594099999992068,nan,-0.887123066186905
1,DiscNRX,gated,902,0,1,0,1,23.075500000004467,nan,-0.887123066186905
1,DiscNRX,gated,903,0,1,0,1,22.839800000042487,nan,-0.887123066186905
1,DiscNRX,gated,904,0,1,0,1,21.191799999996874,nan,-0.887123066186905
1,DiscNRX,gated,905,0,1,0,1,21.90419999999449,nan,-0.887123066186905
1,DiscNRX,gated,906,0,1,0,1,22.08589999997912,nan,-0.887123066186905
1,DiscNRX,gated,907,0,1,0,1,21.903100000031372,nan,-0.887123066186905
1,DiscNRX,gated,908,0,1,0,1,22.400199999992765,nan,-0.887123066186905
1,DiscNRX,gated,909,0,1,0,1,22.722599999951854,nan,-0.887123066186905
1,DiscNRX,gated,910,0,1,0,1,22.840999999971245,nan,-0.887123066186905
1,DiscNRX,gated,911,0,1,0,1,21.642199999973855,nan,-0.887123066186905
1,DiscNRX,gated,912,0,1,0,1,22.93480000003001,nan,-0.887123066186905
1,DiscNRX,gated,913,0,1,0,1,22.31539999991128,nan,-0.887123066186905
1,DiscNRX,gated,914,0,1,0,1,21.85739999993075,nan,-0.887123066186905
1,DiscNRX,gated,915,0,1,0,1,27.483200000006036,nan,-0.887123066186905
1,DiscNRX,gated,916,0,1,0,1,22.514300000011644,nan,-0.887123066186905
1,DiscNRX,gated,917,0,1,0,1,23.740399999951478,nan,-0.887123066186905
1,DiscNRX,gated,918,0,1,0,1,23.23999999998705,nan,-0.887123066186905
1,DiscNRX,gated,919,0,1,0,1,22.013900000047215,nan,-0.887123066186905
1,DiscNRX,gated,920,0,1,0,1,22.075299999983145,nan,-0.887123066186905
1,DiscNRX,gated,921,0,1,0,1,22.205200000030345,nan,-0.887123066186905
1,DiscNRX,gated,922,0,1,0,1,21.65100000001985,nan,-0.887123066186905
1,DiscNRX,gated,923,0,1,0,1,29.979099999991377,nan,-0.887123066186905
1,DiscNRX,gated,924,0,1,0,1,31.846299999983785,nan,-0.887123066186905
1,DiscNRX,gated,925,0,1,0,1,22.018400000092697,nan,-0.887123066186905
1,DiscNRX,gated,926,0,1,0,1,22.609800000054747,nan,-0.887123066186905
1,DiscNRX,gated,927,0,1,0,1,23.823200000038014,nan,-0.887123066186905
1,DiscNRX,gated,928,0,1,0,1,22.0248000000538,nan,-0.887123066186905
1,DiscNRX,gated,929,0,1,0,1,21.95640000002186,nan,-0.887123066186905
1,DiscNRX,gated,930,0,1,0,1,21.497299999964525,nan,-0.887123066186905
1,DiscNRX,gated,931,0,1,0,1,23.53809999999612,nan,-0.887123066186905
1,DiscNRX,gated,932,0,1,0,1,21.6762000000017,nan,-0.887123066186905
1,DiscNRX,gated,933,0,1,0,1,21.94649999989906,nan,-0.887123066186905
1,DiscNRX,gated,934,0,1,0,1,22.6674999998977,nan,-0.887123066186905
1,DiscNRX,gated,935,0,1,0,1,21.66239999996833,nan,-0.887123066186905
1,DiscNRX,gated,936,0,1,0,1,22.062399999981608,nan,-0.887123066186905
1,DiscNRX,gated,937,0,1,0,1,20.886499999960506,nan,-0.887123066186905
1,DiscNRX,gated,938,0,1,0,1,23.51320000002488,nan,-0.887123066186905
1,DiscNRX,gated,939,0,1,0,1,22.934299999974428,nan,-0.887123066186905
1,DiscNRX,gated,940,0,1,0,1,22.68160000005537,nan,-0.887123066186905
1,DiscNRX,gated,941,0,1,0,1,22.946899999965353,nan,-0.887123066186905
1,DiscNRX,gated,942,0,1,0,1,23.396700000034798,nan,-0.887123066186905
1,DiscNRX,gated,943,0,1,0,1,22.34279999993305,nan,-0.887123066186905
1,DiscNRX,gated,944,0,1,0,1,22.010300000033567,nan,-0.887123066186905
1,DiscNRX,gated,945,0,1,0,1,22.675000000049295,nan,-0.887123066186905
1,DiscNRX,gated,946,0,1,0,1,23.06039999996301,nan,-0.887123066186905
1,DiscNRX,gated,947,0,1,0,1,20.755199999939578,nan,-0.887123066186905
1,DiscNRX,gated,948,0,1,0,1,21.71150000003763,nan,-0.887123066186905
1,DiscNRX,gated,949,0,1,0,1,23.021299999982148,nan,-0.887123066186905
1,DiscNRX,gated,950,0,1,0,1,22.187299999927745,nan,-0.887123066186905
1,DiscNRX,gated,951,0,1,0,1,22.54569999990963,nan,-0.887123066186905
1,DiscNRX,gated,952,0,1,0,1,27.247299999999086,nan,-0.887123066186905
1,DiscNRX,gated,953,0,1,0,1,22.386199999914425,nan,-0.887123066186905
1,DiscNRX,gated,954,0,1,0,1,34.96359999996912,nan,-0.887123066186905
1,DiscNRX,gated,955,0,1,0,1,22.52090000001772,nan,-0.887123066186905
1,DiscNRX,gated,956,0,1,0,1,22.858100000007653,nan,-0.887123066186905
1,DiscNRX,gated,957,0,1,0,1,22.003599999948165,nan,-0.887123066186905
1,DiscNRX,gated,958,0,1,0,1,21.99129999996785,nan,-0.887123066186905
1,DiscNRX,gated,959,0,1,0,1,23.689399999966554,nan,-0.887123066186905
1,DiscNRX,gated,960,0,1,0,1,23.05690000002869,nan,-0.887123066186905
1,DiscNRX,gated,961,0,1,0,1,22.636600000055296,nan,-0.887123066186905
1,DiscNRX,gated,962,0,1,0,1,22.811000000046988,nan,-0.887123066186905
1,DiscNRX,gated,963,0,1,0,1,24.513800000022457,nan,-0.887123066186905
1,DiscNRX,gated,964,0,1,0,1,24.009500000033768,nan,-0.887123066186905
1,DiscNRX,gated,965,0,1,0,1,22.829999999999018,nan,-0.887123066186905
1,DiscNRX,gated,966,0,1,0,1,38.615100000015445,nan,-0.887123066186905
1,DiscNRX,gated,967,0,1,0,1,22.62190000010378,nan,-0.887123066186905
1,DiscNRX,gated,968,0,1,0,1,23.037599999952363,nan,-0.887123066186905
1,DiscNRX,gated,969,0,1,0,1,23.621599999955833,nan,-0.887123066186905
1,DiscNRX,gated,970,0,1,0,1,23.359000000027663,nan,-0.887123066186905
1,DiscNRX,gated,971,0,1,0,1,23.569700000052762,nan,-0.887123066186905
1,DiscNRX,gated,972,0,1,0,1,23.490899999956127,nan,-0.887123066186905
1,DiscNRX,gated,973,0,1,0,1,23.391599999968093,nan,-0.887123066186905
1,DiscNRX,gated,974,0,1,0,1,23.098699999991368,nan,-0.887123066186905
1,DiscNRX,gated,975,0,1,0,1,24.366499999928237,nan,-0.887123066186905
1,DiscNRX,gated,976,0,1,0,1,21.897299999977804,nan,-0.887123066186905
1,DiscNRX,gated,977,0,1,0,1,38.28069999997297,nan,-0.887123066186905
1,DiscNRX,gated,978,0,1,0,1,21.52000000000953,nan,-0.887123066186905
1,DiscNRX,gated,979,0,1,0,1,22.887800000034986,nan,-0.887123066186905
1,DiscNRX,gated,980,0,1,0,1,22.794200000021192,nan,-0.887123066186905
1,DiscNRX,gated,981,0,1,0,1,22.653799999943658,nan,-0.887123066186905
1,DiscNRX,gated,982,0,1,0,1,21.698900000046706,nan,-0.887123066186905
1,DiscNRX,gated,983,0,1,0,1,22.23870000000261,nan,-0.887123066186905
1,DiscNRX,gated,984,0,1,0,1,23.956599999905848,nan,-0.887123066186905
1,DiscNRX,gated,985,0,1,0,1,23.18209999998544,nan,-0.887123066186905
1,DiscNRX,gated,986,0,1,0,1,22.987499999999272,nan,-0.887123066186905
1,DiscNRX,gated,987,0,1,0,1,25.35130000001118,nan,-0.887123066186905
1,DiscNRX,gated,988,0,1,0,1,35.43769999998858,nan,-0.887123066186905
1,DiscNRX,gated,989,0,1,0,1,32.88860000009208,nan,-0.887123066186905
1,DiscNRX,gated,990,0,1,0,1,22.283000000015818,nan,-0.887123066186905
1,DiscNRX,gated,991,0,1,0,1,23.241600000005747,nan,-0.887123066186905
1,DiscNRX,gated,992,0,1,0,1,22.937899999988076,nan,-0.887123066186905
1,DiscNRX,gated,993,0,1,0,1,32.98070000005282,nan,-0.887123066186905
1,DiscNRX,gated,994,0,1,0,1,21.449299999972027,nan,-0.887123066186905
1,DiscNRX,gated,995,0,1,0,1,30.37019999999302,nan,-0.887123066186905
1,DiscNRX,gated,996,0,1,0,1,23.961000000099375,nan,-0.887123066186905
1,DiscNRX,gated,997,0,1,0,1,22.595499999965796,nan,-0.887123066186905
1,DiscNRX,gated,998,0,1,0,1,22.49159999996664,nan,-0.887123066186905
1,DiscNRX,gated,999,0,1,0,1,23.721000000023196,nan,-0.887123066186905
1,DiscNRX,trig,0,1,0,0,0,nan,-0.4998822808265686,-0.887123066186905
1,DiscNRX,trig,1,0,1,0,1,30.41280000002189,-0.5478229522705078,-0.887123066186905
1,DiscNRX,trig,2,1,0,0,0,nan,-0.52141273021698,-0.887123066186905
1,DiscNRX,trig,3,1,0,0,0,nan,-0.5688630938529968,-0.887123066186905
1,DiscNRX,trig,4,0,1,0,1,27.693300000009913,-0.6015517711639404,-0.887123066186905
1,DiscNRX,trig,5,0,1,0,1,24.80029999992439,-0.6301588416099548,-0.887123066186905
1,DiscNRX,trig,6,1,0,0,0,nan,-0.6168590784072876,-0.887123066186905
1,DiscNRX,trig,7,0,1,0,1,22.513799999956063,-0.6883903741836548,-0.887123066186905
1,DiscNRX,trig,8,0,1,0,1,22.671400000035646,-0.7148367762565613,-0.887123066186905
1,DiscNRX,trig,9,0,1,0,1,24.31940000008126,-0.6481429934501648,-0.887123066186905
1,DiscNRX,trig,10,1,0,0,0,nan,-0.702793538570404,-0.887123066186905
1,DiscNRX,trig,11,0,1,0,1,22.75919999999587,-0.6713244915008545,-0.887123066186905
1,DiscNRX,trig,12,0,1,0,1,21.928599999910148,-0.6715888381004333,-0.887123066186905
1,DiscNRX,trig,13,0,1,0,1,22.154699999987315,-0.7396818995475769,-0.887123066186905
1,DiscNRX,trig,14,0,1,0,1,22.378100000082668,-0.7899277806282043,-0.887123066186905
1,DiscNRX,trig,15,0,1,0,1,21.854000000075757,-0.7702636122703552,-0.887123066186905
1,DiscNRX,trig,16,0,1,0,1,22.491800000011608,-0.8511881232261658,-0.887123066186905
1,DiscNRX,trig,17,0,1,0,0,nan,-0.8926417231559753,-0.887123066186905
1,DiscNRX,trig,18,0,1,0,0,nan,-0.8899028897285461,-0.887123066186905
1,DiscNRX,trig,19,0,1,0,0,nan,-0.8920525908470154,-0.887123066186905
1,DiscNRX,trig,20,0,1,0,1,22.82070000001113,-0.8626620769500732,-0.887123066186905
1,DiscNRX,trig,21,0,1,0,1,23.11069999996107,-0.8824260830879211,-0.887123066186905
1,DiscNRX,trig,22,0,1,0,0,nan,-0.9283962249755859,-0.887123066186905
1,DiscNRX,trig,23,0,1,0,0,nan,-0.9296014904975891,-0.887123066186905
1,DiscNRX,trig,24,0,1,0,0,nan,-0.9414687752723694,-0.887123066186905
1,DiscNRX,trig,25,0,1,0,0,nan,-0.9022356271743774,-0.887123066186905
1,DiscNRX,trig,26,0,1,0,0,nan,-0.9344990849494934,-0.887123066186905
1,DiscNRX,trig,27,0,1,0,0,nan,-0.9117527008056641,-0.887123066186905
1,DiscNRX,trig,28,0,1,0,0,nan,-0.9218003153800964,-0.887123066186905
1,DiscNRX,trig,29,0,1,0,0,nan,-0.9218759536743164,-0.887123066186905
1,DiscNRX,trig,30,0,1,0,1,23.40300000003026,-0.8170117735862732,-0.887123066186905
1,DiscNRX,trig,31,0,1,0,0,nan,-0.9326878190040588,-0.887123066186905
1,DiscNRX,trig,32,0,1,0,0,nan,-0.8985738754272461,-0.887123066186905
1,DiscNRX,trig,33,0,1,0,0,nan,-0.8873083591461182,-0.887123066186905
1,DiscNRX,trig,34,0,1,0,1,22.345100000052298,-0.8708126544952393,-0.887123066186905
1,DiscNRX,trig,35,0,1,0,0,nan,-0.9078570008277893,-0.887123066186905
1,DiscNRX,trig,36,0,1,0,1,22.61989999999514,-0.8361130952835083,-0.887123066186905
1,DiscNRX,trig,37,0,1,0,0,nan,-0.9411011934280396,-0.887123066186905
1,DiscNRX,trig,38,0,1,0,1,23.186299999906623,-0.8462218046188354,-0.887123066186905
1,DiscNRX,trig,39,1,0,0,0,nan,-0.8571397066116333,-0.887123066186905
1,DiscNRX,trig,40,0,1,0,0,nan,-0.9057942628860474,-0.887123066186905
1,DiscNRX,trig,41,0,1,0,1,21.857299999965107,-0.8156377077102661,-0.887123066186905
1,DiscNRX,trig,42,0,1,0,1,22.897499999999127,-0.8449699878692627,-0.887123066186905
1,DiscNRX,trig,43,0,1,0,0,nan,-0.9361515641212463,-0.887123066186905
1,DiscNRX,trig,44,0,1,0,1,20.812999999975546,-0.859612226486206,-0.887123066186905
1,DiscNRX,trig,45,0,1,0,1,24.242800000024545,-0.886789858341217,-0.887123066186905
1,DiscNRX,trig,46,0,1,0,1,23.138499999959095,-0.8406867384910583,-0.887123066186905
1,DiscNRX,trig,47,0,1,0,0,nan,-0.9316617846488953,-0.887123066186905
1,DiscNRX,trig,48,0,1,0,1,22.435400000063055,-0.8638398051261902,-0.887123066186905
1,DiscNRX,trig,49,0,1,0,0,nan,-0.9047802090644836,-0.887123066186905
1,DiscNRX,trig,50,0,1,0,0,nan,-0.9125761389732361,-0.887123066186905
1,DiscNRX,trig,51,0,1,0,0,nan,-0.9395227432250977,-0.887123066186905
1,DiscNRX,trig,52,0,1,0,1,23.131800000101066,-0.8452889919281006,-0.887123066186905
1,DiscNRX,trig,53,1,0,0,0,nan,-0.766899824142456,-0.887123066186905
1,DiscNRX,trig,54,0,1,0,0,nan,-0.9142565727233887,-0.887123066186905
1,DiscNRX,trig,55,0,1,0,1,22.6814000000104,-0.8480486273765564,-0.887123066186905
1,DiscNRX,trig,56,0,1,0,1,22.52419999990707,-0.8777483105659485,-0.887123066186905
1,DiscNRX,trig,57,0,1,0,1,21.43880000005538,-0.7526804804801941,-0.887123066186905
1,DiscNRX,trig,58,0,1,0,1,25.747000000023945,-0.8328344225883484,-0.887123066186905
1,DiscNRX,trig,59,0,1,0,1,19.157000000063817,-0.7908180952072144,-0.887123066186905
1,DiscNRX,trig,60,0,1,0,1,21.630399999935435,-0.8064290285110474,-0.887123066186905
1,DiscNRX,trig,61,0,1,0,1,22.27349999998296,-0.8201905488967896,-0.887123066186905
1,DiscNRX,trig,62,0,1,0,1,18.69279999993978,-0.8727676868438721,-0.887123066186905
1,DiscNRX,trig,63,0,1,0,0,nan,-0.8916287422180176,-0.887123066186905
1,DiscNRX,trig,64,0,1,0,1,19.541200000048775,-0.8381890058517456,-0.887123066186905
1,DiscNRX,trig,65,0,1,0,1,22.025800000051277,-0.8532998561859131,-0.887123066186905
1,DiscNRX,trig,66,0,1,0,1,20.667499999944994,-0.8558670878410339,-0.887123066186905
1,DiscNRX,trig,67,0,1,0,1,25.66520000004857,-0.8780109286308289,-0.887123066186905
1,DiscNRX,trig,68,0,1,0,1,22.10709999997107,-0.8110852241516113,-0.887123066186905
1,DiscNRX,trig,69,0,1,0,1,22.422799999958443,-0.8868284225463867,-0.887123066186905
1,DiscNRX,trig,70,0,1,0,1,21.90229999996518,-0.8234500885009766,-0.887123066186905
1,DiscNRX,trig,71,0,1,0,0,nan,-0.8883967995643616,-0.887123066186905
1,DiscNRX,trig,72,0,1,0,1,22.442800000021634,-0.7984816431999207,-0.887123066186905
1,DiscNRX,trig,73,0,1,0,0,nan,-0.9126640558242798,-0.887123066186905
1,DiscNRX,trig,74,0,1,0,0,nan,-0.8890858292579651,-0.887123066186905
1,DiscNRX,trig,75,0,1,0,1,22.12859999997363,-0.747313380241394,-0.887123066186905
1,DiscNRX,trig,76,0,1,0,0,nan,-0.8912280797958374,-0.887123066186905
1,DiscNRX,trig,77,0,1,0,0,nan,-0.8931304216384888,-0.887123066186905
1,DiscNRX,trig,78,0,1,0,0,nan,-0.8947872519493103,-0.887123066186905
1,DiscNRX,trig,79,0,1,0,1,21.333099999992555,-0.797974169254303,-0.887123066186905
1,DiscNRX,trig,80,0,1,0,0,nan,-0.9044855833053589,-0.887123066186905
1,DiscNRX,trig,81,0,1,0,1,20.94020000004093,-0.8753058910369873,-0.887123066186905
1,DiscNRX,trig,82,0,1,0,1,21.27389999998286,-0.8780947327613831,-0.887123066186905
1,DiscNRX,trig,83,0,1,0,0,nan,-0.9026095867156982,-0.887123066186905
1,DiscNRX,trig,84,0,1,0,1,19.806099999982507,-0.8821758031845093,-0.887123066186905
1,DiscNRX,trig,85,0,1,0,1,22.42480000006708,-0.8774783611297607,-0.887123066186905
1,DiscNRX,trig,86,0,1,0,1,23.554900000021917,-0.8117953538894653,-0.887123066186905
1,DiscNRX,trig,87,0,1,0,0,nan,-0.8899694085121155,-0.887123066186905
1,DiscNRX,trig,88,0,1,0,1,20.77889999998206,-0.8830166459083557,-0.887123066186905
1,DiscNRX,trig,89,0,1,0,1,22.003599999948165,-0.8417593836784363,-0.887123066186905
1,DiscNRX,trig,90,0,1,0,1,20.84079999997357,-0.8120808601379395,-0.887123066186905
1,DiscNRX,trig,91,0,1,0,1,21.201099999984763,-0.8497648239135742,-0.887123066186905
1,DiscNRX,trig,92,0,1,0,0,nan,-0.9208138585090637,-0.887123066186905
1,DiscNRX,trig,93,0,1,0,1,22.363400000017464,-0.859696626663208,-0.887123066186905
1,DiscNRX,trig,94,0,1,0,1,21.849200000019664,-0.768034040927887,-0.887123066186905
1,DiscNRX,trig,95,0,1,0,1,22.067999999990207,-0.8500458002090454,-0.887123066186905
1,DiscNRX,trig,96,0,1,0,1,21.605099999987942,-0.8802996277809143,-0.887123066186905
1,DiscNRX,trig,97,0,1,0,1,21.811400000046888,-0.8609649538993835,-0.887123066186905
1,DiscNRX,trig,98,0,1,0,0,nan,-0.9096137285232544,-0.887123066186905
1,DiscNRX,trig,99,0,1,0,1,19.764900000041052,-0.8691814541816711,-0.887123066186905
1,DiscNRX,trig,100,0,1,0,0,nan,-0.8916593790054321,-0.887123066186905
1,DiscNRX,trig,101,0,1,0,1,23.013200000036704,-0.8691752552986145,-0.887123066186905
1,DiscNRX,trig,102,0,1,0,0,nan,-0.9103451371192932,-0.887123066186905
1,DiscNRX,trig,103,0,1,0,1,20.5506999999443,-0.8055450320243835,-0.887123066186905
1,DiscNRX,trig,104,0,1,0,0,nan,-0.9114516377449036,-0.887123066186905
1,DiscNRX,trig,105,0,1,0,0,nan,-0.9081132411956787,-0.887123066186905
1,DiscNRX,trig,106,0,1,0,1,24.16819999996278,-0.8714146018028259,-0.887123066186905
1,DiscNRX,trig,107,0,1,0,0,nan,-0.9287645220756531,-0.887123066186905
1,DiscNRX,trig,108,0,1,0,0,nan,-0.9163603186607361,-0.887123066186905
1,DiscNRX,trig,109,0,1,0,1,23.52700000005825,-0.8537185192108154,-0.887123066186905
1,DiscNRX,trig,110,0,1,0,0,nan,-0.9205570220947266,-0.887123066186905
1,DiscNRX,trig,111,0,1,0,1,21.373699999912787,-0.8015767335891724,-0.887123066186905
1,DiscNRX,trig,112,0,1,0,0,nan,-0.9057857990264893,-0.887123066186905
1,DiscNRX,trig,113,0,1,0,0,nan,-0.9056897163391113,-0.887123066186905
1,DiscNRX,trig,114,0,1,0,1,22.139700000025186,-0.8650786876678467,-0.887123066186905
1,DiscNRX,trig,115,0,1,0,1,21.158499999955893,-0.8870235681533813,-0.887123066186905
1,DiscNRX,trig,116,0,1,0,1,21.498100000030718,-0.8607668280601501,-0.887123066186905
1,DiscNRX,trig,117,0,1,0,1,20.869900000093367,-0.8671706914901733,-0.887123066186905
1,DiscNRX,trig,118,0,1,0,1,22.10659999991549,-0.7884700894355774,-0.887123066186905
1,DiscNRX,trig,119,0,1,0,0,nan,-0.911719560623169,-0.887123066186905
1,DiscNRX,trig,120,0,1,0,0,nan,-0.8915016055107117,-0.887123066186905
1,DiscNRX,trig,121,0,1,0,1,21.07890000002044,-0.8154192566871643,-0.887123066186905
1,DiscNRX,trig,122,0,1,0,0,nan,-0.8904753923416138,-0.887123066186905
1,DiscNRX,trig,123,0,1,0,1,21.071499999948173,-0.8848937153816223,-0.887123066186905
1,DiscNRX,trig,124,0,1,0,0,nan,-0.910403847694397,-0.887123066186905
1,DiscNRX,trig,125,0,1,0,1,20.357500000045547,-0.8805826306343079,-0.887123066186905
1,DiscNRX,trig,126,0,1,0,1,22.061499999949774,-0.8344852328300476,-0.887123066186905
1,DiscNRX,trig,127,0,1,0,1,21.50410000001557,-0.7950945496559143,-0.887123066186905
1,DiscNRX,trig,128,0,1,0,1,19.945600000028207,-0.8363768458366394,-0.887123066186905
1,DiscNRX,trig,129,0,1,0,0,nan,-0.8943683505058289,-0.887123066186905
1,DiscNRX,trig,130,0,1,0,1,26.37989999993806,-0.7783113718032837,-0.887123066186905
1,DiscNRX,trig,131,0,1,0,1,21.712100000058854,-0.8448288440704346,-0.887123066186905
1,DiscNRX,trig,132,0,1,0,1,21.927699999992,-0.8721685409545898,-0.887123066186905
1,DiscNRX,trig,133,0,1,0,0,nan,-0.9108031392097473,-0.887123066186905
1,DiscNRX,trig,134,0,1,0,1,21.26399999997375,-0.8426153063774109,-0.887123066186905
1,DiscNRX,trig,135,0,1,0,1,20.2663999999686,-0.8843552470207214,-0.887123066186905
1,DiscNRX,trig,136,0,1,0,1,21.65679999995973,-0.8279708623886108,-0.887123066186905
1,DiscNRX,trig,137,0,1,0,1,22.17459999997118,-0.8865558505058289,-0.887123066186905
1,DiscNRX,trig,138,0,1,0,0,nan,-0.9212702512741089,-0.887123066186905
1,DiscNRX,trig,139,0,1,0,0,nan,-0.9139761924743652,-0.887123066186905
1,DiscNRX,trig,140,0,1,0,1,22.788499999933265,-0.854746401309967,-0.887123066186905
1,DiscNRX,trig,141,0,1,0,0,nan,-0.9110620021820068,-0.887123066186905
1,DiscNRX,trig,142,0,1,0,1,25.91959999995197,-0.8115513324737549,-0.887123066186905
1,DiscNRX,trig,143,0,1,0,1,24.465299999974377,-0.8386764526367188,-0.887123066186905
1,DiscNRX,trig,144,0,1,0,0,nan,-0.890652596950531,-0.887123066186905
1,DiscNRX,trig,145,0,1,0,1,21.967499999959728,-0.8562965989112854,-0.887123066186905
1,DiscNRX,trig,146,0,1,0,0,nan,-0.8945831060409546,-0.887123066186905
1,DiscNRX,trig,147,0,1,0,0,nan,-0.9030473828315735,-0.887123066186905
1,DiscNRX,trig,148,0,1,0,0,nan,-0.9058356285095215,-0.887123066186905
1,DiscNRX,trig,149,0,1,0,0,nan,-0.8980720043182373,-0.887123066186905
1,DiscNRX,trig,150,0,1,0,0,nan,-0.9004585146903992,-0.887123066186905
1,DiscNRX,trig,151,0,1,0,1,23.587700000007317,-0.8347479701042175,-0.887123066186905
1,DiscNRX,trig,152,0,1,0,0,nan,-0.8874730467796326,-0.887123066186905
1,DiscNRX,trig,153,0,1,0,0,nan,-0.907805860042572,-0.887123066186905
1,DiscNRX,trig,154,0,1,0,0,nan,-0.8945223689079285,-0.887123066186905
1,DiscNRX,trig,155,0,1,0,1,22.653599999898688,-0.7965561747550964,-0.887123066186905
1,DiscNRX,trig,156,0,1,0,1,22.674299999948744,-0.8161317706108093,-0.887123066186905
1,DiscNRX,trig,157,0,1,0,1,23.708299999952942,-0.8865984082221985,-0.887123066186905
1,DiscNRX,trig,158,0,1,0,1,23.722900000052505,-0.8496341705322266,-0.887123066186905
1,DiscNRX,trig,159,0,1,0,0,nan,-0.8930662870407104,-0.887123066186905
1,DiscNRX,trig,160,0,1,0,1,23.11469999995097,-0.7562549114227295,-0.887123066186905
1,DiscNRX,trig,161,0,1,0,0,nan,-0.8964139819145203,-0.887123066186905
1,DiscNRX,trig,162,0,1,0,1,23.09659999991709,-0.7574727535247803,-0.887123066186905
1,DiscNRX,trig,163,0,1,0,1,23.629199999959383,-0.8778802156448364,-0.887123066186905
1,DiscNRX,trig,164,0,1,0,1,20.890099999974154,-0.8837108612060547,-0.887123066186905
1,DiscNRX,trig,165,0,1,0,1,22.6949999999988,-0.7040358185768127,-0.887123066186905
1,DiscNRX,trig,166,0,1,0,1,26.97960000000421,-0.827690064907074,-0.887123066186905
1,DiscNRX,trig,167,0,1,0,1,23.040299999934177,-0.8304206728935242,-0.887123066186905
1,DiscNRX,trig,168,0,1,0,0,nan,-0.9237924814224243,-0.887123066186905
1,DiscNRX,trig,169,0,1,0,0,nan,-0.9002454280853271,-0.887123066186905
1,DiscNRX,trig,170,0,1,0,1,22.052400000006855,-0.8666704297065735,-0.887123066186905
1,DiscNRX,trig,171,0,1,0,0,nan,-0.8882396817207336,-0.887123066186905
1,DiscNRX,trig,172,0,1,0,0,nan,-0.9139012098312378,-0.887123066186905
1,DiscNRX,trig,173,0,1,0,1,21.891600000003564,-0.8821938633918762,-0.887123066186905
1,DiscNRX,trig,174,0,1,0,1,21.883900000034373,-0.875272274017334,-0.887123066186905
1,DiscNRX,trig,175,0,1,0,0,nan,-0.8905720114707947,-0.887123066186905
1,DiscNRX,trig,176,0,1,0,0,nan,-0.9093770980834961,-0.887123066186905
1,DiscNRX,trig,177,0,1,0,0,nan,-0.9089792966842651,-0.887123066186905
1,DiscNRX,trig,178,0,1,0,0,nan,-0.9020770788192749,-0.887123066186905
1,DiscNRX,trig,179,0,1,0,1,22.49369999992723,-0.8458677530288696,-0.887123066186905
1,DiscNRX,trig,180,0,1,0,1,21.405899999990652,-0.8174171447753906,-0.887123066186905
1,DiscNRX,trig,181,0,1,0,1,21.549800000002506,-0.8869647979736328,-0.887123066186905
1,DiscNRX,trig,182,0,1,0,0,nan,-0.9044805765151978,-0.887123066186905
1,DiscNRX,trig,183,0,1,0,1,25.03110000009201,-0.8707712888717651,-0.887123066186905
1,DiscNRX,trig,184,0,1,0,1,22.40540000002511,-0.8430604338645935,-0.887123066186905
1,DiscNRX,trig,185,0,1,0,1,24.969700000042394,-0.8769426345825195,-0.887123066186905
1,DiscNRX,trig,186,0,1,0,0,nan,-0.8912943601608276,-0.887123066186905
1,DiscNRX,trig,187,0,1,0,1,24.386300000060146,-0.8818861246109009,-0.887123066186905
1,DiscNRX,trig,188,0,1,0,0,nan,-0.888393759727478,-0.887123066186905
1,DiscNRX,trig,189,0,1,0,1,24.763100000086524,-0.8793517351150513,-0.887123066186905
1,DiscNRX,trig,190,0,1,0,1,22.315199999979995,-0.8352693319320679,-0.887123066186905
1,DiscNRX,trig,191,0,1,0,0,nan,-0.890632152557373,-0.887123066186905
1,DiscNRX,trig,192,0,1,0,1,30.338499999970736,-0.8055037260055542,-0.887123066186905
1,DiscNRX,trig,193,0,1,0,1,23.29840000004424,-0.8231702446937561,-0.887123066186905
1,DiscNRX,trig,194,0,1,0,1,23.336400000061985,-0.8673055768013,-0.887123066186905
1,DiscNRX,trig,195,0,1,0,1,23.8629000000401,-0.8260897397994995,-0.887123066186905
1,DiscNRX,trig,196,0,1,0,1,22.674600000073042,-0.8513859510421753,-0.887123066186905
1,DiscNRX,trig,197,0,1,0,1,24.72849999992377,-0.8561046719551086,-0.887123066186905
1,DiscNRX,trig,198,0,1,0,1,32.443800000010015,-0.8801512718200684,-0.887123066186905
1,DiscNRX,trig,199,0,1,0,1,23.357099999998354,-0.8141123652458191,-0.887123066186905
1,DiscNRX,trig,200,0,1,0,1,24.533000000019456,-0.7942858338356018,-0.887123066186905
1,DiscNRX,trig,201,0,1,0,1,24.257899999952315,-0.8096254467964172,-0.887123066186905
1,DiscNRX,trig,202,0,1,0,1,25.71499999999105,-0.8401098251342773,-0.887123066186905
1,DiscNRX,trig,203,0,1,0,0,nan,-0.9227430820465088,-0.887123066186905
1,DiscNRX,trig,204,0,1,0,1,22.304899999994632,-0.8563491702079773,-0.887123066186905
1,DiscNRX,trig,205,0,1,0,0,nan,-0.9156273603439331,-0.887123066186905
1,DiscNRX,trig,206,0,1,0,0,nan,-0.9183096885681152,-0.887123066186905
1,DiscNRX,trig,207,0,1,0,0,nan,-0.9216198921203613,-0.887123066186905
1,DiscNRX,trig,208,0,1,0,0,nan,-0.910348653793335,-0.887123066186905
1,DiscNRX,trig,209,0,1,0,1,24.042099999974198,-0.8360407948493958,-0.887123066186905
1,DiscNRX,trig,210,0,1,0,0,nan,-0.8998708724975586,-0.887123066186905
1,DiscNRX,trig,211,0,1,0,0,nan,-0.9019688963890076,-0.887123066186905
1,DiscNRX,trig,212,0,1,0,1,23.361700000009478,-0.8607192635536194,-0.887123066186905
1,DiscNRX,trig,213,0,1,0,1,25.906300000087867,-0.8386431336402893,-0.887123066186905
1,DiscNRX,trig,214,0,1,0,0,nan,-0.9097049832344055,-0.887123066186905
1,DiscNRX,trig,215,0,1,0,0,nan,-0.9057550430297852,-0.887123066186905
1,DiscNRX,trig,216,0,1,0,0,nan,-0.9078453779220581,-0.887123066186905
1,DiscNRX,trig,217,0,1,0,0,nan,-0.9270731806755066,-0.887123066186905
1,DiscNRX,trig,218,0,1,0,0,nan,-0.918565034866333,-0.887123066186905
1,DiscNRX,trig,219,0,1,0,0,nan,-0.8904416561126709,-0.887123066186905
1,DiscNRX,trig,220,0,1,0,0,nan,-0.9327659010887146,-0.887123066186905
1,DiscNRX,trig,221,0,1,0,0,nan,-0.9247682690620422,-0.887123066186905
1,DiscNRX,trig,222,0,1,0,0,nan,-0.913133442401886,-0.887123066186905
1,DiscNRX,trig,223,0,1,0,0,nan,-0.9343469738960266,-0.887123066186905
1,DiscNRX,trig,224,0,1,0,0,nan,-0.9266486167907715,-0.887123066186905
1,DiscNRX,trig,225,0,1,0,0,nan,-0.9230639934539795,-0.887123066186905
1,DiscNRX,trig,226,0,1,0,1,32.12159999998221,-0.8591386675834656,-0.887123066186905
1,DiscNRX,trig,227,0,1,0,0,nan,-0.905877411365509,-0.887123066186905
1,DiscNRX,trig,228,0,1,0,0,nan,-0.9188664555549622,-0.887123066186905
1,DiscNRX,trig,229,0,1,0,0,nan,-0.9259968996047974,-0.887123066186905
1,DiscNRX,trig,230,0,1,0,0,nan,-0.923111617565155,-0.887123066186905
1,DiscNRX,trig,231,0,1,0,1,26.181800000017574,-0.845505952835083,-0.887123066186905
1,DiscNRX,trig,232,0,1,0,1,27.690000000006876,-0.8707326054573059,-0.887123066186905
1,DiscNRX,trig,233,0,1,0,0,nan,-0.9232929944992065,-0.887123066186905
1,DiscNRX,trig,234,0,1,0,0,nan,-0.9299586415290833,-0.887123066186905
1,DiscNRX,trig,235,0,1,0,0,nan,-0.9138432145118713,-0.887123066186905
1,DiscNRX,trig,236,0,1,0,1,24.455399999965266,-0.8705546855926514,-0.887123066186905
1,DiscNRX,trig,237,0,1,0,0,nan,-0.9139267802238464,-0.887123066186905
1,DiscNRX,trig,238,0,1,0,1,22.670800000014424,-0.871842622756958,-0.887123066186905
1,DiscNRX,trig,239,0,1,0,0,nan,-0.9085487127304077,-0.887123066186905
1,DiscNRX,trig,240,0,1,0,0,nan,-0.9346590042114258,-0.887123066186905
1,DiscNRX,trig,241,0,1,0,0,nan,-0.9301864504814148,-0.887123066186905
1,DiscNRX,trig,242,0,1,0,0,nan,-0.9090405702590942,-0.887123066186905
1,DiscNRX,trig,243,0,1,0,0,nan,-0.9197180867195129,-0.887123066186905
1,DiscNRX,trig,244,0,1,0,1,22.742900000025656,-0.8781915307044983,-0.887123066186905
1,DiscNRX,trig,245,0,1,0,0,nan,-0.8931361436843872,-0.887123066186905
1,DiscNRX,trig,246,0,1,0,0,nan,-0.895013689994812,-0.887123066186905
1,DiscNRX,trig,247,0,1,0,0,nan,-0.9128132462501526,-0.887123066186905
1,DiscNRX,trig,248,0,1,0,0,nan,-0.9188128709793091,-0.887123066186905
1,DiscNRX,trig,249,0,1,0,0,nan,-0.9303750991821289,-0.887123066186905
1,DiscNRX,trig,250,0,1,0,0,nan,-0.9204651713371277,-0.887123066186905
1,DiscNRX,trig,251,0,1,0,1,23.9477000000079,-0.8718954920768738,-0.887123066186905
1,DiscNRX,trig,252,0,1,0,0,nan,-0.912155032157898,-0.887123066186905
1,DiscNRX,trig,253,0,1,0,1,24.41050000004452,-0.8636243939399719,-0.887123066186905
1,DiscNRX,trig,254,0,1,0,0,nan,-0.9031797051429749,-0.887123066186905
1,DiscNRX,trig,255,0,1,0,1,23.57039999992594,-0.8868511319160461,-0.887123066186905
1,DiscNRX,trig,256,0,1,0,0,nan,-0.9110352396965027,-0.887123066186905
1,DiscNRX,trig,257,0,1,0,1,23.13200000003235,-0.8684684038162231,-0.887123066186905
1,DiscNRX,trig,258,0,1,0,1,42.22500000003038,-0.8553756475448608,-0.887123066186905
1,DiscNRX,trig,259,0,1,0,1,24.684900000011112,-0.8846182227134705,-0.887123066186905
1,DiscNRX,trig,260,0,1,0,0,nan,-0.8950872421264648,-0.887123066186905
1,DiscNRX,trig,261,0,1,0,0,nan,-0.9051206707954407,-0.887123066186905
1,DiscNRX,trig,262,0,1,0,1,23.97110000003977,-0.853079617023468,-0.887123066186905
1,DiscNRX,trig,263,0,1,0,1,27.01569999999265,-0.8358007073402405,-0.887123066186905
1,DiscNRX,trig,264,0,1,0,1,24.016800000026706,-0.8864870667457581,-0.887123066186905
1,DiscNRX,trig,265,0,1,0,1,24.051600000007056,-0.7318693399429321,-0.887123066186905
1,DiscNRX,trig,266,0,1,0,1,25.18329999998059,-0.848547101020813,-0.887123066186905
1,DiscNRX,trig,267,0,1,0,1,23.821499999939988,-0.8826876878738403,-0.887123066186905
1,DiscNRX,trig,268,0,1,0,1,23.666800000000876,-0.8853949904441833,-0.887123066186905
1,DiscNRX,trig,269,0,1,0,1,21.60150000008798,-0.8601188063621521,-0.887123066186905
1,DiscNRX,trig,270,0,1,0,1,46.384699999975965,-0.7908241152763367,-0.887123066186905
1,DiscNRX,trig,271,0,1,0,1,23.96320000002561,-0.8796477913856506,-0.887123066186905
1,DiscNRX,trig,272,0,1,0,1,23.77209999997376,-0.7846686244010925,-0.887123066186905
1,DiscNRX,trig,273,0,1,0,1,41.62199999996119,-0.826534628868103,-0.887123066186905
1,DiscNRX,trig,274,0,1,0,1,23.920100000054845,-0.8857030272483826,-0.887123066186905
1,DiscNRX,trig,275,0,1,0,1,22.371499999962907,-0.795016884803772,-0.887123066186905
1,DiscNRX,trig,276,0,1,0,0,nan,-0.8876665830612183,-0.887123066186905
1,DiscNRX,trig,277,0,1,0,0,nan,-0.8998786807060242,-0.887123066186905
1,DiscNRX,trig,278,0,1,0,1,23.027499999898282,-0.8771069049835205,-0.887123066186905
1,DiscNRX,trig,279,0,1,0,1,25.700799999981427,-0.8851622939109802,-0.887123066186905
1,DiscNRX,trig,280,0,1,0,1,24.18760000000475,-0.8844009041786194,-0.887123066186905
1,DiscNRX,trig,281,0,1,0,0,nan,-0.8940402865409851,-0.887123066186905
1,DiscNRX,trig,282,0,1,0,0,nan,-0.8982948064804077,-0.887123066186905
1,DiscNRX,trig,283,0,1,0,0,nan,-0.8975123167037964,-0.887123066186905
1,DiscNRX,trig,284,0,1,0,1,23.37360000001354,-0.8724377155303955,-0.887123066186905
1,DiscNRX,trig,285,0,1,0,0,nan,-0.9215165376663208,-0.887123066186905
1,DiscNRX,trig,286,0,1,0,1,24.090199999932338,-0.8561303615570068,-0.887123066186905
1,DiscNRX,trig,287,0,1,0,0,nan,-0.9207697510719299,-0.887123066186905
1,DiscNRX,trig,288,0,1,0,0,nan,-0.9061223268508911,-0.887123066186905
1,DiscNRX,trig,289,0,1,0,1,22.01599999989412,-0.8782433271408081,-0.887123066186905
1,DiscNRX,trig,290,0,1,0,1,24.004800000057003,-0.7721037864685059,-0.887123066186905
1,DiscNRX,trig,291,0,1,0,0,nan,-0.8959496021270752,-0.887123066186905
1,DiscNRX,trig,292,0,1,0,1,22.899199999983466,-0.8769521117210388,-0.887123066186905
1,DiscNRX,trig,293,0,1,0,0,nan,-0.9191385507583618,-0.887123066186905
1,DiscNRX,trig,294,0,1,0,1,23.059900000021116,-0.8660712242126465,-0.887123066186905
1,DiscNRX,trig,295,0,1,0,0,nan,-0.8938316106796265,-0.887123066186905
1,DiscNRX,trig,296,0,1,0,0,nan,-0.8969138860702515,-0.887123066186905
1,DiscNRX,trig,297,0,1,0,0,nan,-0.8925976753234863,-0.887123066186905
1,DiscNRX,trig,298,0,1,0,0,nan,-0.8900097012519836,-0.887123066186905
1,DiscNRX,trig,299,0,1,0,0,nan,-0.8912708163261414,-0.887123066186905
1,DiscNRX,trig,300,0,1,0,0,nan,-0.9048702716827393,-0.887123066186905
1,DiscNRX,trig,301,0,1,0,1,24.11339999991924,-0.8100281953811646,-0.887123066186905
1,DiscNRX,trig,302,0,1,0,0,nan,-0.9099777936935425,-0.887123066186905
1,DiscNRX,trig,303,0,1,0,1,21.705900000029033,-0.874460756778717,-0.887123066186905
1,DiscNRX,trig,304,0,1,0,1,24.221600000032595,-0.8730453252792358,-0.887123066186905
1,DiscNRX,trig,305,0,1,0,1,25.35729999999603,-0.7994104623794556,-0.887123066186905
1,DiscNRX,trig,306,0,1,0,0,nan,-0.9003272652626038,-0.887123066186905
1,DiscNRX,trig,307,0,1,0,0,nan,-0.8871479034423828,-0.887123066186905
1,DiscNRX,trig,308,0,1,0,0,nan,-0.9223737716674805,-0.887123066186905
1,DiscNRX,trig,309,0,1,0,1,23.824900000022353,-0.8841808438301086,-0.887123066186905
1,DiscNRX,trig,310,0,1,0,1,23.185800000078416,-0.8523043394088745,-0.887123066186905
1,DiscNRX,trig,311,0,1,0,1,22.218400000042493,-0.8459290266036987,-0.887123066186905
1,DiscNRX,trig,312,0,1,0,1,24.63270000009743,-0.8079368472099304,-0.887123066186905
1,DiscNRX,trig,313,0,1,0,1,24.861099999952785,-0.8415281176567078,-0.887123066186905
1,DiscNRX,trig,314,0,1,0,0,nan,-0.9156728386878967,-0.887123066186905
1,DiscNRX,trig,315,0,1,0,0,nan,-0.9012537002563477,-0.887123066186905
1,DiscNRX,trig,316,0,1,0,0,nan,-0.8912801742553711,-0.887123066186905
1,DiscNRX,trig,317,0,1,0,1,23.39560000007168,-0.8195409774780273,-0.887123066186905
1,DiscNRX,trig,318,0,1,0,1,25.08460000001378,-0.8153344988822937,-0.887123066186905
1,DiscNRX,trig,319,0,1,0,0,nan,-0.8932692408561707,-0.887123066186905
1,DiscNRX,trig,320,0,1,0,1,25.30139999998937,-0.8433811068534851,-0.887123066186905
1,DiscNRX,trig,321,0,1,0,1,27.133100000014565,-0.8367832899093628,-0.887123066186905
1,DiscNRX,trig,322,0,1,0,0,nan,-0.8980935215950012,-0.887123066186905
1,DiscNRX,trig,323,0,1,0,0,nan,-0.8918395638465881,-0.887123066186905
1,DiscNRX,trig,324,0,1,0,1,24.1156999999248,-0.8329060673713684,-0.887123066186905
1,DiscNRX,trig,325,0,1,0,1,23.716299999932744,-0.8188025951385498,-0.887123066186905
1,DiscNRX,trig,326,0,1,0,1,23.311400000011417,-0.8210862874984741,-0.887123066186905
1,DiscNRX,trig,327,0,1,0,1,23.724799999968127,-0.8728309869766235,-0.887123066186905
1,DiscNRX,trig,328,0,1,0,1,23.321000000009917,-0.8433020710945129,-0.887123066186905
1,DiscNRX,trig,329,0,1,0,1,23.410100000091916,-0.8386240005493164,-0.887123066186905
1,DiscNRX,trig,330,0,1,0,1,23.235200000044642,-0.8478922843933105,-0.887123066186905
1,DiscNRX,trig,331,0,1,0,1,22.156099999961043,-0.7647084593772888,-0.887123066186905
1,DiscNRX,trig,332,0,1,0,0,nan,-0.9131113886833191,-0.887123066186905
1,DiscNRX,trig,333,0,1,0,0,nan,-0.9080721735954285,-0.887123066186905
1,DiscNRX,trig,334,0,1,0,0,nan,-0.8961694836616516,-0.887123066186905
1,DiscNRX,trig,335,0,1,0,0,nan,-0.9114612936973572,-0.887123066186905
1,DiscNRX,trig,336,0,1,0,0,nan,-0.9133173227310181,-0.887123066186905
1,DiscNRX,trig,337,0,1,0,0,nan,-0.9114062786102295,-0.887123066186905
1,DiscNRX,trig,338,0,1,0,0,nan,-0.8872097730636597,-0.887123066186905
1,DiscNRX,trig,339,0,1,0,0,nan,-0.926544725894928,-0.887123066186905
1,DiscNRX,trig,340,0,1,0,0,nan,-0.888778805732727,-0.887123066186905
1,DiscNRX,trig,341,0,1,0,0,nan,-0.8919270634651184,-0.887123066186905
1,DiscNRX,trig,342,0,1,0,0,nan,-0.9134197235107422,-0.887123066186905
1,DiscNRX,trig,343,0,1,0,1,23.642799999947783,-0.8664335608482361,-0.887123066186905
1,DiscNRX,trig,344,0,1,0,1,23.80859999993845,-0.8557184934616089,-0.887123066186905
1,DiscNRX,trig,345,0,1,0,0,nan,-0.9116774797439575,-0.887123066186905
1,DiscNRX,trig,346,0,1,0,0,nan,-0.9090303182601929,-0.887123066186905
1,DiscNRX,trig,347,0,1,0,0,nan,-0.889156699180603,-0.887123066186905
1,DiscNRX,trig,348,0,1,0,1,22.749699999963013,-0.7947341203689575,-0.887123066186905
1,DiscNRX,trig,349,0,1,0,0,nan,-0.8884284496307373,-0.887123066186905
1,DiscNRX,trig,350,0,1,0,0,nan,-0.926221489906311,-0.887123066186905
1,DiscNRX,trig,351,0,1,0,1,24.247300000070027,-0.87098628282547,-0.887123066186905
1,DiscNRX,trig,352,0,1,0,1,25.8349000000635,-0.8419252634048462,-0.887123066186905
1,DiscNRX,trig,353,0,1,0,0,nan,-0.9196170568466187,-0.887123066186905
1,DiscNRX,trig,354,0,1,0,0,nan,-0.9339984655380249,-0.887123066186905
1,DiscNRX,trig,355,0,1,0,0,nan,-0.8902201056480408,-0.887123066186905
1,DiscNRX,trig,356,0,1,0,0,nan,-0.9194400310516357,-0.887123066186905
1,DiscNRX,trig,357,0,1,0,1,23.27629999990677,-0.8685908913612366,-0.887123066186905
1,DiscNRX,trig,358,0,1,0,1,24.308600000040315,-0.8531966805458069,-0.887123066186905
1,DiscNRX,trig,359,0,1,0,1,28.42780000003131,-0.8508313298225403,-0.887123066186905
1,DiscNRX,trig,360,0,1,0,0,nan,-0.9231752157211304,-0.887123066186905
1,DiscNRX,trig,361,0,1,0,0,nan,-0.8949998617172241,-0.887123066186905
1,DiscNRX,trig,362,0,1,0,0,nan,-0.9219579696655273,-0.887123066186905
1,DiscNRX,trig,363,0,1,0,1,22.657399999957306,-0.8780547976493835,-0.887123066186905
1,DiscNRX,trig,364,0,1,0,0,nan,-0.892604649066925,-0.887123066186905
1,DiscNRX,trig,365,0,1,0,0,nan,-0.897662878036499,-0.887123066186905
1,DiscNRX,trig,366,0,1,0,0,nan,-0.9200332164764404,-0.887123066186905
1,DiscNRX,trig,367,0,1,0,0,nan,-0.8969147801399231,-0.887123066186905
1,DiscNRX,trig,368,0,1,0,0,nan,-0.9241012930870056,-0.887123066186905
1,DiscNRX,trig,369,0,1,0,1,23.95489999992151,-0.829559862613678,-0.887123066186905
1,DiscNRX,trig,370,0,1,0,1,23.33839999994325,-0.8829530477523804,-0.887123066186905
1,DiscNRX,trig,371,0,1,0,0,nan,-0.9080994129180908,-0.887123066186905
1,DiscNRX,trig,372,0,1,0,1,23.11510000004091,-0.8833454847335815,-0.887123066186905
1,DiscNRX,trig,373,0,1,0,0,nan,-0.9055207967758179,-0.887123066186905
1,DiscNRX,trig,374,0,1,0,0,nan,-0.9217311143875122,-0.887123066186905
1,DiscNRX,trig,375,0,1,0,0,nan,-0.9119503498077393,-0.887123066186905
1,DiscNRX,trig,376,0,1,0,0,nan,-0.8949928879737854,-0.887123066186905
1,DiscNRX,trig,377,0,1,0,0,nan,-0.9054478406906128,-0.887123066186905
1,DiscNRX,trig,378,0,1,0,0,nan,-0.9178906679153442,-0.887123066186905
1,DiscNRX,trig,379,0,1,0,0,nan,-0.8900337219238281,-0.887123066186905
1,DiscNRX,trig,380,0,1,0,1,23.801299999945513,-0.8661893010139465,-0.887123066186905
1,DiscNRX,trig,381,0,1,0,0,nan,-0.8874392509460449,-0.887123066186905
1,DiscNRX,trig,382,0,1,0,1,23.062900000013542,-0.8221510648727417,-0.887123066186905
1,DiscNRX,trig,383,0,1,0,1,23.248399999943103,-0.8566408753395081,-0.887123066186905
1,DiscNRX,trig,384,0,1,0,0,nan,-0.90833580493927,-0.887123066186905
1,DiscNRX,trig,385,0,1,0,0,nan,-0.9033550024032593,-0.887123066186905
1,DiscNRX,trig,386,0,1,0,0,nan,-0.899907648563385,-0.887123066186905
1,DiscNRX,trig,387,0,1,0,1,23.603299999990668,-0.8814772963523865,-0.887123066186905
1,DiscNRX,trig,388,0,1,0,1,24.12779999997383,-0.8680849671363831,-0.887123066186905
1,DiscNRX,trig,389,0,1,0,1,22.486799999910545,-0.7789523601531982,-0.887123066186905
1,DiscNRX,trig,390,0,1,0,0,nan,-0.8923235535621643,-0.887123066186905
1,DiscNRX,trig,391,0,1,0,1,23.854099999994105,-0.8780664801597595,-0.887123066186905
1,DiscNRX,trig,392,0,1,0,0,nan,-0.8978745341300964,-0.887123066186905
1,DiscNRX,trig,393,0,1,0,0,nan,-0.8944569230079651,-0.887123066186905
1,DiscNRX,trig,394,0,1,0,1,24.058399999944413,-0.8446999192237854,-0.887123066186905
1,DiscNRX,trig,395,0,1,0,0,nan,-0.8963993787765503,-0.887123066186905
1,DiscNRX,trig,396,0,1,0,1,22.83209999995961,-0.7988303899765015,-0.887123066186905
1,DiscNRX,trig,397,0,1,0,1,22.85699999993085,-0.8211243748664856,-0.887123066186905
1,DiscNRX,trig,398,0,1,0,1,24.33280000002469,-0.8734199404716492,-0.887123066186905
1,DiscNRX,trig,399,0,1,0,1,24.41989999999805,-0.8425006866455078,-0.887123066186905
1,DiscNRX,trig,400,0,1,0,1,21.536200000014105,-0.8839864730834961,-0.887123066186905
1,DiscNRX,trig,401,0,1,0,1,23.60939999994116,-0.8539079427719116,-0.887123066186905
1,DiscNRX,trig,402,0,1,0,1,24.262600000042767,-0.8282553553581238,-0.887123066186905
1,DiscNRX,trig,403,0,1,0,1,23.895699999911812,-0.8211431503295898,-0.887123066186905
1,DiscNRX,trig,404,0,1,0,1,24.65910000000804,-0.8773465156555176,-0.887123066186905
1,DiscNRX,trig,405,0,1,0,1,21.977100000071914,-0.8390116691589355,-0.887123066186905
1,DiscNRX,trig,406,0,1,0,0,nan,-0.8915202021598816,-0.887123066186905
1,DiscNRX,trig,407,0,1,0,1,24.32880000003479,-0.8298145532608032,-0.887123066186905
1,DiscNRX,trig,408,0,1,0,0,nan,-0.8927866816520691,-0.887123066186905
1,DiscNRX,trig,409,0,1,0,0,nan,-0.8966354727745056,-0.887123066186905
1,DiscNRX,trig,410,0,1,0,0,nan,-0.8878387808799744,-0.887123066186905
1,DiscNRX,trig,411,0,1,0,1,23.10150000005251,-0.8840314745903015,-0.887123066186905
1,DiscNRX,trig,412,0,1,0,1,25.80820000002859,-0.8752338886260986,-0.887123066186905
1,DiscNRX,trig,413,0,1,0,1,23.106500000039887,-0.8550034761428833,-0.887123066186905
1,DiscNRX,trig,414,0,1,0,0,nan,-0.8874226212501526,-0.887123066186905
1,DiscNRX,trig,415,0,1,0,0,nan,-0.9121978282928467,-0.887123066186905
1,DiscNRX,trig,416,0,1,0,0,nan,-0.9038113951683044,-0.887123066186905
1,DiscNRX,trig,417,0,1,0,1,24.608400000033726,-0.8639222979545593,-0.887123066186905
1,DiscNRX,trig,418,0,1,0,1,24.377699999945435,-0.8131651282310486,-0.887123066186905
1,DiscNRX,trig,419,0,1,0,0,nan,-0.9104920625686646,-0.887123066186905
1,DiscNRX,trig,420,0,1,0,1,23.9093000000139,-0.8850202560424805,-0.887123066186905
1,DiscNRX,trig,421,0,1,0,1,32.7054000000544,-0.85737144947052,-0.887123066186905
1,DiscNRX,trig,422,0,1,0,1,21.673700000064855,-0.8600548505783081,-0.887123066186905
1,DiscNRX,trig,423,0,1,0,1,24.01630000008481,-0.8602385520935059,-0.887123066186905
1,DiscNRX,trig,424,0,1,0,0,nan,-0.899321973323822,-0.887123066186905
1,DiscNRX,trig,425,0,1,0,0,nan,-0.9069272875785828,-0.887123066186905
1,DiscNRX,trig,426,0,1,0,1,24.087499999950523,-0.8671045303344727,-0.887123066186905
1,DiscNRX,trig,427,0,1,0,1,24.472400000036032,-0.8033274412155151,-0.887123066186905
1,DiscNRX,trig,428,0,1,0,0,nan,-0.8985278606414795,-0.887123066186905
1,DiscNRX,trig,429,0,1,0,1,23.92340000005788,-0.8543543815612793,-0.887123066186905
1,DiscNRX,trig,430,0,1,0,1,22.877999999991516,-0.8823656439781189,-0.887123066186905
1,DiscNRX,trig,431,0,1,0,0,nan,-0.8928129076957703,-0.887123066186905
1,DiscNRX,trig,432,0,1,0,0,nan,-0.8973055481910706,-0.887123066186905
1,DiscNRX,trig,433,0,1,0,0,nan,-0.8980672955513,-0.887123066186905
1,DiscNRX,trig,434,0,1,0,0,nan,-0.9016127586364746,-0.887123066186905
1,DiscNRX,trig,435,0,1,0,0,nan,-0.9144288897514343,-0.887123066186905
1,DiscNRX,trig,436,0,1,0,0,nan,-0.9051901698112488,-0.887123066186905
1,DiscNRX,trig,437,0,1,0,0,nan,-0.9008632302284241,-0.887123066186905
1,DiscNRX,trig,438,0,1,0,1,23.454300000025796,-0.8132864236831665,-0.887123066186905
1,DiscNRX,trig,439,0,1,0,0,nan,-0.9143093228340149,-0.887123066186905
1,DiscNRX,trig,440,0,1,0,0,nan,-0.8928141593933105,-0.887123066186905
1,DiscNRX,trig,441,0,1,0,0,nan,-0.9123737812042236,-0.887123066186905
1,DiscNRX,trig,442,0,1,0,0,nan,-0.8977726697921753,-0.887123066186905
1,DiscNRX,trig,443,0,1,0,1,23.388100000033774,-0.8625191450119019,-0.887123066186905
1,DiscNRX,trig,444,0,1,0,1,22.746200000028693,-0.8408544659614563,-0.887123066186905
1,DiscNRX,trig,445,0,1,0,0,nan,-0.8957962393760681,-0.887123066186905
1,DiscNRX,trig,446,0,1,0,0,nan,-0.9014953970909119,-0.887123066186905
1,DiscNRX,trig,447,0,1,0,0,nan,-0.8959727883338928,-0.887123066186905
1,DiscNRX,trig,448,0,1,0,0,nan,-0.8953927755355835,-0.887123066186905
1,DiscNRX,trig,449,0,1,0,1,30.194599999958882,-0.8788855671882629,-0.887123066186905
1,DiscNRX,trig,450,0,1,0,0,nan,-0.9194148778915405,-0.887123066186905
1,DiscNRX,trig,451,0,1,0,1,29.51580000001286,-0.812750518321991,-0.887123066186905
1,DiscNRX,trig,452,0,1,0,0,nan,-0.9090193510055542,-0.887123066186905
1,DiscNRX,trig,453,0,1,0,0,nan,-0.9193472862243652,-0.887123066186905
1,DiscNRX,trig,454,0,1,0,0,nan,-0.8993397951126099,-0.887123066186905
1,DiscNRX,trig,455,0,1,0,1,24.538799999959338,-0.8787487149238586,-0.887123066186905
1,DiscNRX,trig,456,0,1,0,0,nan,-0.9023048281669617,-0.887123066186905
1,DiscNRX,trig,457,0,1,0,0,nan,-0.9119367003440857,-0.887123066186905
1,DiscNRX,trig,458,0,1,0,1,22.76409999990392,-0.8660157322883606,-0.887123066186905
1,DiscNRX,trig,459,0,1,0,1,22.167399999943882,-0.8206575512886047,-0.887123066186905
1,DiscNRX,trig,460,0,1,0,0,nan,-0.9112933278083801,-0.887123066186905
1,DiscNRX,trig,461,0,1,0,1,23.04730000003019,-0.8753230571746826,-0.887123066186905
1,DiscNRX,trig,462,0,1,0,1,22.64520000005632,-0.8834667205810547,-0.887123066186905
1,DiscNRX,trig,463,0,1,0,0,nan,-0.904044508934021,-0.887123066186905
1,DiscNRX,trig,464,0,1,0,1,23.724700000002485,-0.8848148584365845,-0.887123066186905
1,DiscNRX,trig,465,0,1,0,1,23.25610000002598,-0.8870654702186584,-0.887123066186905
1,DiscNRX,trig,466,0,1,0,0,nan,-0.8892444968223572,-0.887123066186905
1,DiscNRX,trig,467,0,1,0,0,nan,-0.9097916483879089,-0.887123066186905
1,DiscNRX,trig,468,0,1,0,0,nan,-0.900784432888031,-0.887123066186905
1,DiscNRX,trig,469,0,1,0,1,23.272199999951226,-0.8853015899658203,-0.887123066186905
1,DiscNRX,trig,470,0,1,0,0,nan,-0.9019070267677307,-0.887123066186905
1,DiscNRX,trig,471,0,1,0,1,23.74170000007325,-0.8644082546234131,-0.887123066186905
1,DiscNRX,trig,472,0,1,0,0,nan,-0.8982401490211487,-0.887123066186905
1,DiscNRX,trig,473,0,1,0,0,nan,-0.9084803462028503,-0.887123066186905
1,DiscNRX,trig,474,0,1,0,1,25.980500000059692,-0.8799269795417786,-0.887123066186905
1,DiscNRX,trig,475,0,1,0,0,nan,-0.909736156463623,-0.887123066186905
1,DiscNRX,trig,476,0,1,0,0,nan,-0.8948574662208557,-0.887123066186905
1,DiscNRX,trig,477,0,1,0,0,nan,-0.9046079516410828,-0.887123066186905
1,DiscNRX,trig,478,0,1,0,0,nan,-0.9090198874473572,-0.887123066186905
1,DiscNRX,trig,479,0,1,0,1,30.188999999950283,-0.8848009705543518,-0.887123066186905
1,DiscNRX,trig,480,0,1,0,1,24.420499999905587,-0.871107280254364,-0.887123066186905
1,DiscNRX,trig,481,0,1,0,1,24.16589999995722,-0.8779469728469849,-0.887123066186905
1,DiscNRX,trig,482,0,1,0,1,24.666499999966618,-0.7374687790870667,-0.887123066186905
1,DiscNRX,trig,483,0,1,0,0,nan,-0.8969985842704773,-0.887123066186905
1,DiscNRX,trig,484,0,1,0,0,nan,-0.8947795629501343,-0.887123066186905
1,DiscNRX,trig,485,0,1,0,1,24.673099999972692,-0.8797241449356079,-0.887123066186905
1,DiscNRX,trig,486,0,1,0,1,24.640999999974156,-0.865317702293396,-0.887123066186905
1,DiscNRX,trig,487,0,1,0,1,24.09639999996216,-0.8420081734657288,-0.887123066186905
1,DiscNRX,trig,488,0,1,0,1,24.093900000025315,-0.7644438743591309,-0.887123066186905
1,DiscNRX,trig,489,0,1,0,1,24.42159999998239,-0.767169177532196,-0.887123066186905
1,DiscNRX,trig,490,0,1,0,1,24.663700000019162,-0.8032994866371155,-0.887123066186905
1,DiscNRX,trig,491,0,1,0,1,24.84500000002754,-0.8245117664337158,-0.887123066186905
1,DiscNRX,trig,492,0,1,0,0,nan,-0.8943179249763489,-0.887123066186905
1,DiscNRX,trig,493,0,1,0,0,nan,-0.894989013671875,-0.887123066186905
1,DiscNRX,trig,494,0,1,0,0,nan,-0.9102776050567627,-0.887123066186905
1,DiscNRX,trig,495,0,1,0,0,nan,-0.8976627588272095,-0.887123066186905
1,DiscNRX,trig,496,0,1,0,1,24.51020000000881,-0.8542807102203369,-0.887123066186905
1,DiscNRX,trig,497,0,1,0,0,nan,-0.8878405690193176,-0.887123066186905
1,DiscNRX,trig,498,0,1,0,1,25.46339999992142,-0.8564975261688232,-0.887123066186905
1,DiscNRX,trig,499,0,1,0,0,nan,-0.8908795714378357,-0.887123066186905
1,DiscNRX,trig,500,0,1,0,0,nan,-0.8960641026496887,-0.887123066186905
1,DiscNRX,trig,501,0,1,0,0,nan,-0.8937379121780396,-0.887123066186905
1,DiscNRX,trig,502,0,1,0,1,24.592500000039763,-0.8102339506149292,-0.887123066186905
1,DiscNRX,trig,503,0,1,0,0,nan,-0.9152006506919861,-0.887123066186905
1,DiscNRX,trig,504,0,1,0,0,nan,-0.8877802491188049,-0.887123066186905
1,DiscNRX,trig,505,0,1,0,1,24.977400000011585,-0.8506076335906982,-0.887123066186905
1,DiscNRX,trig,506,0,1,0,1,25.7417999999916,-0.8461342453956604,-0.887123066186905
1,DiscNRX,trig,507,0,1,0,1,19.75599999991573,-0.8865023255348206,-0.887123066186905
1,DiscNRX,trig,508,0,1,0,0,nan,-0.9045920372009277,-0.887123066186905
1,DiscNRX,trig,509,0,1,0,0,nan,-0.9108591675758362,-0.887123066186905
1,DiscNRX,trig,510,0,1,0,1,23.400400000014088,-0.8247471451759338,-0.887123066186905
1,DiscNRX,trig,511,0,1,0,0,nan,-0.8964045643806458,-0.887123066186905
1,DiscNRX,trig,512,0,1,0,1,23.91290000002755,-0.8789839148521423,-0.887123066186905
1,DiscNRX,trig,513,0,1,0,1,23.64009999996597,-0.8611994981765747,-0.887123066186905
1,DiscNRX,trig,514,0,1,0,1,23.742500000025757,-0.8048878908157349,-0.887123066186905
1,DiscNRX,trig,515,0,1,0,0,nan,-0.92240309715271,-0.887123066186905
1,DiscNRX,trig,516,0,1,0,1,23.04479999997966,-0.8782464861869812,-0.887123066186905
1,DiscNRX,trig,517,0,1,0,1,23.804300000051626,-0.868953287601471,-0.887123066186905
1,DiscNRX,trig,518,0,1,0,1,24.466099999926882,-0.8838863968849182,-0.887123066186905
1,DiscNRX,trig,519,0,1,0,0,nan,-0.887769341468811,-0.887123066186905
1,DiscNRX,trig,520,0,1,0,1,23.256199999991622,-0.8061416149139404,-0.887123066186905
1,DiscNRX,trig,521,0,1,0,1,24.12579999997888,-0.7626556754112244,-0.887123066186905
1,DiscNRX,trig,522,0,1,0,0,nan,-0.9088217616081238,-0.887123066186905
1,DiscNRX,trig,523,0,1,0,0,nan,-0.9003351330757141,-0.887123066186905
1,DiscNRX,trig,524,0,1,0,0,nan,-0.9049293398857117,-0.887123066186905
1,DiscNRX,trig,525,0,1,0,1,24.813099999960286,-0.8767301440238953,-0.887123066186905
1,DiscNRX,trig,526,0,1,0,0,nan,-0.9167284965515137,-0.887123066186905
1,DiscNRX,trig,527,0,1,0,1,23.382700000070145,-0.8844587206840515,-0.887123066186905
1,DiscNRX,trig,528,0,1,0,1,25.187899999991714,-0.7674974203109741,-0.887123066186905
1,DiscNRX,trig,529,0,1,0,0,nan,-0.9085152745246887,-0.887123066186905
1,DiscNRX,trig,530,0,1,0,0,nan,-0.9033896327018738,-0.887123066186905
1,DiscNRX,trig,531,0,1,0,0,nan,-0.8947628140449524,-0.887123066186905
1,DiscNRX,trig,532,0,1,0,0,nan,-0.9091544151306152,-0.887123066186905
1,DiscNRX,trig,533,0,1,0,0,nan,-0.8906289339065552,-0.887123066186905
1,DiscNRX,trig,534,0,1,0,0,nan,-0.8924835920333862,-0.887123066186905
1,DiscNRX,trig,535,0,1,0,1,23.95349999994778,-0.8622285723686218,-0.887123066186905
1,DiscNRX,trig,536,0,1,0,0,nan,-0.8972586989402771,-0.887123066186905
1,DiscNRX,trig,537,0,1,0,1,24.310000000014043,-0.8099933862686157,-0.887123066186905
1,DiscNRX,trig,538,0,1,0,1,24.629399999980706,-0.8729801177978516,-0.887123066186905
1,DiscNRX,trig,539,0,1,0,1,23.434099999917635,-0.8698775768280029,-0.887123066186905
1,DiscNRX,trig,540,0,1,0,0,nan,-0.8878485560417175,-0.887123066186905
1,DiscNRX,trig,541,0,1,0,1,24.595699999963472,-0.8104879260063171,-0.887123066186905
1,DiscNRX,trig,542,0,1,0,1,22.49729999994088,-0.8360827565193176,-0.887123066186905
1,DiscNRX,trig,543,0,1,0,0,nan,-0.9066604971885681,-0.887123066186905
1,DiscNRX,trig,544,0,1,0,1,22.88820000001124,-0.8725417852401733,-0.887123066186905
1,DiscNRX,trig,545,0,1,0,0,nan,-0.8882384896278381,-0.887123066186905
1,DiscNRX,trig,546,0,1,0,0,nan,-0.9078888297080994,-0.887123066186905
1,DiscNRX,trig,547,0,1,0,1,34.92310000001453,-0.8792777061462402,-0.887123066186905
1,DiscNRX,trig,548,0,1,0,0,nan,-0.9102542400360107,-0.887123066186905
1,DiscNRX,trig,549,0,1,0,1,23.782499999924767,-0.8254529237747192,-0.887123066186905
1,DiscNRX,trig,550,0,1,0,1,30.368300000077397,-0.865882158279419,-0.887123066186905
1,DiscNRX,trig,551,0,1,0,1,25.780999999938103,-0.8214621543884277,-0.887123066186905
1,DiscNRX,trig,552,0,1,0,0,nan,-0.8886668086051941,-0.887123066186905
1,DiscNRX,trig,553,0,1,0,1,32.59140000000116,-0.8414344787597656,-0.887123066186905
1,DiscNRX,trig,554,0,1,0,1,24.141699999972843,-0.8758916854858398,-0.887123066186905
1,DiscNRX,trig,555,0,1,0,1,22.99920000007205,-0.8480708003044128,-0.887123066186905
1,DiscNRX,trig,556,0,1,0,0,nan,-0.8981122374534607,-0.887123066186905
1,DiscNRX,trig,557,0,1,0,0,nan,-0.8992820382118225,-0.887123066186905
1,DiscNRX,trig,558,0,1,0,0,nan,-0.8914022445678711,-0.887123066186905
1,DiscNRX,trig,559,0,1,0,0,nan,-0.8894842267036438,-0.887123066186905
1,DiscNRX,trig,560,0,1,0,1,24.50839999994514,-0.865676999092102,-0.887123066186905
1,DiscNRX,trig,561,0,1,0,0,nan,-0.8940547108650208,-0.887123066186905
1,DiscNRX,trig,562,0,1,0,0,nan,-0.899716854095459,-0.887123066186905
1,DiscNRX,trig,563,0,1,0,1,22.55409999997937,-0.8523406386375427,-0.887123066186905
1,DiscNRX,trig,564,0,1,0,1,21.646400000008725,-0.8302220106124878,-0.887123066186905
1,DiscNRX,trig,565,0,1,0,1,23.50849999993443,-0.8769880533218384,-0.887123066186905
1,DiscNRX,trig,566,0,1,0,1,21.61009999997532,-0.8765897750854492,-0.887123066186905
1,DiscNRX,trig,567,0,1,0,1,29.34139999990748,-0.8823800683021545,-0.887123066186905
1,DiscNRX,trig,568,0,1,0,0,nan,-0.8947033882141113,-0.887123066186905
1,DiscNRX,trig,569,0,1,0,1,24.661799999989853,-0.7617937922477722,-0.887123066186905
1,DiscNRX,trig,570,0,1,0,0,nan,-0.9079489707946777,-0.887123066186905
1,DiscNRX,trig,571,0,1,0,1,23.754000000053566,-0.8274968266487122,-0.887123066186905
1,DiscNRX,trig,572,0,1,0,0,nan,-0.9040161967277527,-0.887123066186905
1,DiscNRX,trig,573,0,1,0,0,nan,-0.8945776224136353,-0.887123066186905
1,DiscNRX,trig,574,0,1,0,1,21.495100000038292,-0.8821294903755188,-0.887123066186905
1,DiscNRX,trig,575,0,1,0,1,22.83429999999953,-0.847120463848114,-0.887123066186905
1,DiscNRX,trig,576,0,1,0,0,nan,-0.8929184675216675,-0.887123066186905
1,DiscNRX,trig,577,0,1,0,1,26.502900000082263,-0.8804141283035278,-0.887123066186905
1,DiscNRX,trig,578,0,1,0,1,27.289300000006733,-0.8738453388214111,-0.887123066186905
1,DiscNRX,trig,579,0,1,0,1,29.669300000023213,-0.8721774220466614,-0.887123066186905
1,DiscNRX,trig,580,0,1,0,0,nan,-0.8934703469276428,-0.887123066186905
1,DiscNRX,trig,581,0,1,0,1,26.125699999965946,-0.8837851881980896,-0.887123066186905
1,DiscNRX,trig,582,0,1,0,1,26.955099999895538,-0.8689242005348206,-0.887123066186905
1,DiscNRX,trig,583,0,1,0,1,27.34850000001643,-0.8624564409255981,-0.887123066186905
1,DiscNRX,trig,584,0,1,0,0,nan,-0.9003514051437378,-0.887123066186905
1,DiscNRX,trig,585,0,1,0,1,29.55640000004678,-0.7615939974784851,-0.887123066186905
1,DiscNRX,trig,586,0,1,0,0,nan,-0.9007214307785034,-0.887123066186905
1,DiscNRX,trig,587,0,1,0,1,27.469800000062605,-0.7787712812423706,-0.887123066186905
1,DiscNRX,trig,588,0,1,0,1,28.38809999991554,-0.820888340473175,-0.887123066186905
1,DiscNRX,trig,589,0,1,0,1,29.33810000001813,-0.8588910102844238,-0.887123066186905
1,DiscNRX,trig,590,0,1,0,0,nan,-0.912743866443634,-0.887123066186905
1,DiscNRX,trig,591,0,1,0,0,nan,-0.9023289084434509,-0.887123066186905
1,DiscNRX,trig,592,0,1,0,1,28.53760000004968,-0.8853731751441956,-0.887123066186905
1,DiscNRX,trig,593,0,1,0,1,25.27890000010302,-0.8404540419578552,-0.887123066186905
1,DiscNRX,trig,594,0,1,0,0,nan,-0.9000909328460693,-0.887123066186905
1,DiscNRX,trig,595,0,1,0,0,nan,-0.9055381417274475,-0.887123066186905
1,DiscNRX,trig,596,0,1,0,1,28.14300000000003,-0.8513465523719788,-0.887123066186905
1,DiscNRX,trig,597,0,1,0,1,27.89359999997032,-0.8448821902275085,-0.887123066186905
1,DiscNRX,trig,598,0,1,0,0,nan,-0.9003921151161194,-0.887123066186905
1,DiscNRX,trig,599,0,1,0,0,nan,-0.9077085852622986,-0.887123066186905
1,DiscNRX,trig,600,0,1,0,1,27.656399999955283,-0.8305495381355286,-0.887123066186905
1,DiscNRX,trig,601,0,1,0,1,28.002900000046793,-0.8810198903083801,-0.887123066186905
1,DiscNRX,trig,602,0,1,0,0,nan,-0.9025846123695374,-0.887123066186905
1,DiscNRX,trig,603,0,1,0,1,25.41140000005271,-0.8506309390068054,-0.887123066186905
1,DiscNRX,trig,604,0,1,0,0,nan,-0.8996423482894897,-0.887123066186905
1,DiscNRX,trig,605,0,1,0,0,nan,-0.9145680665969849,-0.887123066186905
1,DiscNRX,trig,606,0,1,0,0,nan,-0.9198958873748779,-0.887123066186905
1,DiscNRX,trig,607,0,1,0,1,27.235900000050606,-0.8800090551376343,-0.887123066186905
1,DiscNRX,trig,608,0,1,0,0,nan,-0.9151827096939087,-0.887123066186905
1,DiscNRX,trig,609,0,1,0,0,nan,-0.9042520523071289,-0.887123066186905
1,DiscNRX,trig,610,0,1,0,0,nan,-0.8892700672149658,-0.887123066186905
1,DiscNRX,trig,611,0,1,0,0,nan,-0.9162328839302063,-0.887123066186905
1,DiscNRX,trig,612,0,1,0,1,29.557599999975537,-0.8158866763114929,-0.887123066186905
1,DiscNRX,trig,613,0,1,0,0,nan,-0.894130527973175,-0.887123066186905
1,DiscNRX,trig,614,0,1,0,0,nan,-0.9195758700370789,-0.887123066186905
1,DiscNRX,trig,615,0,1,0,0,nan,-0.9124305248260498,-0.887123066186905
1,DiscNRX,trig,616,0,1,0,1,27.77719999994588,-0.8803848624229431,-0.887123066186905
1,DiscNRX,trig,617,0,1,0,1,30.492900000012924,-0.8862552642822266,-0.887123066186905
1,DiscNRX,trig,618,0,1,0,0,nan,-0.9139926433563232,-0.887123066186905
1,DiscNRX,trig,619,0,1,0,0,nan,-0.8933308720588684,-0.887123066186905
1,DiscNRX,trig,620,0,1,0,1,26.39719999990575,-0.8670473694801331,-0.887123066186905
1,DiscNRX,trig,621,0,1,0,0,nan,-0.9258160591125488,-0.887123066186905
1,DiscNRX,trig,622,0,1,0,0,nan,-0.9006541967391968,-0.887123066186905
1,DiscNRX,trig,623,0,1,0,1,29.855200000042714,-0.7685637474060059,-0.887123066186905
1,DiscNRX,trig,624,0,1,0,1,30.92149999997673,-0.8833768367767334,-0.887123066186905
1,DiscNRX,trig,625,0,1,0,1,31.172000000083244,-0.8867834210395813,-0.887123066186905
1,DiscNRX,trig,626,0,1,0,0,nan,-0.9091209173202515,-0.887123066186905
1,DiscNRX,trig,627,0,1,0,0,nan,-0.8917481303215027,-0.887123066186905
1,DiscNRX,trig,628,0,1,0,1,31.794500000046355,-0.8684123754501343,-0.887123066186905
1,DiscNRX,trig,629,0,1,0,1,31.53199999997014,-0.7705362439155579,-0.887123066186905
1,DiscNRX,trig,630,0,1,0,0,nan,-0.9068449139595032,-0.887123066186905
1,DiscNRX,trig,631,0,1,0,0,nan,-0.908325731754303,-0.887123066186905
1,DiscNRX,trig,632,0,1,0,1,31.46569999989879,-0.8684015870094299,-0.887123066186905
1,DiscNRX,trig,633,0,1,0,0,nan,-0.902190625667572,-0.887123066186905
1,DiscNRX,trig,634,0,1,0,1,24.563099999909355,-0.8721930384635925,-0.887123066186905
1,DiscNRX,trig,635,0,1,0,0,nan,-0.903089165687561,-0.887123066186905
1,DiscNRX,trig,636,0,1,0,1,31.218599999988328,-0.861829400062561,-0.887123066186905
1,DiscNRX,trig,637,0,1,0,0,nan,-0.9067665338516235,-0.887123066186905
1,DiscNRX,trig,638,0,1,0,0,nan,-0.9077802896499634,-0.887123066186905
1,DiscNRX,trig,639,0,1,0,0,nan,-0.9034503698348999,-0.887123066186905
1,DiscNRX,trig,640,0,1,0,0,nan,-0.9030951857566833,-0.887123066186905
1,DiscNRX,trig,641,0,1,0,0,nan,-0.8982652425765991,-0.887123066186905
1,DiscNRX,trig,642,0,1,0,1,28.725199999939832,-0.7021803855895996,-0.887123066186905
1,DiscNRX,trig,643,0,1,0,1,27.536200000099598,-0.8551265001296997,-0.887123066186905
1,DiscNRX,trig,644,0,1,0,1,26.36250000000473,-0.8303591012954712,-0.887123066186905
1,DiscNRX,trig,645,0,1,0,1,28.440000000045984,-0.8870724439620972,-0.887123066186905
1,DiscNRX,trig,646,0,1,0,0,nan,-0.8937431573867798,-0.887123066186905
1,DiscNRX,trig,647,0,1,0,1,26.118300000007366,-0.8722712397575378,-0.887123066186905
1,DiscNRX,trig,648,0,1,0,0,nan,-0.8939340114593506,-0.887123066186905
1,DiscNRX,trig,649,0,1,0,0,nan,-0.8984741568565369,-0.887123066186905
1,DiscNRX,trig,650,0,1,0,1,27.391999999963446,-0.8842651844024658,-0.887123066186905
1,DiscNRX,trig,651,0,1,0,1,26.67539999993096,-0.825020432472229,-0.887123066186905
1,DiscNRX,trig,652,0,1,0,1,25.938399999972717,-0.8485245108604431,-0.887123066186905
1,DiscNRX,trig,653,0,1,0,0,nan,-0.8919090628623962,-0.887123066186905
1,DiscNRX,trig,654,0,1,0,1,28.1760000000304,-0.7990818023681641,-0.887123066186905
1,DiscNRX,trig,655,0,1,0,0,nan,-0.8877766132354736,-0.887123066186905
1,DiscNRX,trig,656,0,1,0,0,nan,-0.8950279951095581,-0.887123066186905
1,DiscNRX,trig,657,0,1,0,1,25.580800000057025,-0.8763405084609985,-0.887123066186905
1,DiscNRX,trig,658,0,1,0,0,nan,-0.9109915494918823,-0.887123066186905
1,DiscNRX,trig,659,0,1,0,0,nan,-0.8909245729446411,-0.887123066186905
1,DiscNRX,trig,660,0,1,0,1,27.748299999984738,-0.8378971815109253,-0.887123066186905
1,DiscNRX,trig,661,0,1,0,1,27.02929999998105,-0.8829318881034851,-0.887123066186905
1,DiscNRX,trig,662,0,1,0,1,27.745499999923595,-0.8725560307502747,-0.887123066186905
1,DiscNRX,trig,663,0,1,0,1,27.761099999906946,-0.8271164298057556,-0.887123066186905
1,DiscNRX,trig,664,0,1,0,1,28.075300000068637,-0.8724560737609863,-0.887123066186905
1,DiscNRX,trig,665,0,1,0,1,27.52700000007735,-0.7997936010360718,-0.887123066186905
1,DiscNRX,trig,666,0,1,0,1,27.55689999992228,-0.8804234266281128,-0.887123066186905
1,DiscNRX,trig,667,0,1,0,0,nan,-0.8932795524597168,-0.887123066186905
1,DiscNRX,trig,668,0,1,0,1,28.085600000054,-0.8858740925788879,-0.887123066186905
1,DiscNRX,trig,669,0,1,0,0,nan,-0.9018483757972717,-0.887123066186905
1,DiscNRX,trig,670,0,1,0,0,nan,-0.8977833986282349,-0.887123066186905
1,DiscNRX,trig,671,0,1,0,1,26.48779999992712,-0.8766748309135437,-0.887123066186905
1,DiscNRX,trig,672,0,1,0,0,nan,-0.8990533351898193,-0.887123066186905
1,DiscNRX,trig,673,0,1,0,0,nan,-0.9027774333953857,-0.887123066186905
1,DiscNRX,trig,674,0,1,0,1,26.767899999981637,-0.7566178441047668,-0.887123066186905
1,DiscNRX,trig,675,0,1,0,1,28.557800000044153,-0.8692739605903625,-0.887123066186905
1,DiscNRX,trig,676,0,1,0,1,26.581099999930302,-0.8693166375160217,-0.887123066186905
1,DiscNRX,trig,677,0,1,0,0,nan,-0.9014789462089539,-0.887123066186905
1,DiscNRX,trig,678,0,1,0,1,29.41950000001725,-0.878068745136261,-0.887123066186905
1,DiscNRX,trig,679,0,1,0,1,25.951599999984865,-0.8568717837333679,-0.887123066186905
1,DiscNRX,trig,680,0,1,0,0,nan,-0.8993077874183655,-0.887123066186905
1,DiscNRX,trig,681,0,1,0,1,26.17099999997663,-0.8127132058143616,-0.887123066186905
1,DiscNRX,trig,682,0,1,0,0,nan,-0.895231306552887,-0.887123066186905
1,DiscNRX,trig,683,0,1,0,1,27.999700000009398,-0.8675076961517334,-0.887123066186905
1,DiscNRX,trig,684,0,1,0,1,26.939999999967768,-0.8219316005706787,-0.887123066186905
1,DiscNRX,trig,685,0,1,0,0,nan,-0.9115631580352783,-0.887123066186905
1,DiscNRX,trig,686,0,1,0,0,nan,-0.8926303386688232,-0.887123066186905
1,DiscNRX,trig,687,0,1,0,0,nan,-0.8995838165283203,-0.887123066186905
1,DiscNRX,trig,688,0,1,0,0,nan,-0.9040297865867615,-0.887123066186905
1,DiscNRX,trig,689,0,1,0,0,nan,-0.899674117565155,-0.887123066186905
1,DiscNRX,trig,690,0,1,0,0,nan,-0.9091594815254211,-0.887123066186905
1,DiscNRX,trig,691,0,1,0,0,nan,-0.9057149887084961,-0.887123066186905
1,DiscNRX,trig,692,0,1,0,0,nan,-0.8915190100669861,-0.887123066186905
1,DiscNRX,trig,693,0,1,0,1,25.130300000000716,-0.7464924454689026,-0.887123066186905
1,DiscNRX,trig,694,0,1,0,0,nan,-0.9000720977783203,-0.887123066186905
1,DiscNRX,trig,695,0,1,0,1,27.788699999973687,-0.8148517608642578,-0.887123066186905
1,DiscNRX,trig,696,0,1,0,0,nan,-0.9014880061149597,-0.887123066186905
1,DiscNRX,trig,697,0,1,0,1,27.098399999999856,-0.837687075138092,-0.887123066186905
1,DiscNRX,trig,698,0,1,0,0,nan,-0.9020037055015564,-0.887123066186905
1,DiscNRX,trig,699,0,1,0,0,nan,-0.9079509377479553,-0.887123066186905
1,DiscNRX,trig,700,0,1,0,0,nan,-0.9083432555198669,-0.887123066186905
1,DiscNRX,trig,701,0,1,0,1,25.209799999970528,-0.8766835331916809,-0.887123066186905
1,DiscNRX,trig,702,0,1,0,1,27.784600000018145,-0.8673110604286194,-0.887123066186905
1,DiscNRX,trig,703,0,1,0,0,nan,-0.9093560576438904,-0.887123066186905
1,DiscNRX,trig,704,0,1,0,0,nan,-0.9038540124893188,-0.887123066186905
1,DiscNRX,trig,705,0,1,0,1,27.12999999994281,-0.8800811171531677,-0.887123066186905
1,DiscNRX,trig,706,0,1,0,0,nan,-0.8910005688667297,-0.887123066186905
1,DiscNRX,trig,707,0,1,0,1,29.24859999995988,-0.8761281371116638,-0.887123066186905
1,DiscNRX,trig,708,0,1,0,1,31.83200000000852,-0.8806864619255066,-0.887123066186905
1,DiscNRX,trig,709,0,1,0,1,28.0596999999716,-0.8509348034858704,-0.887123066186905
1,DiscNRX,trig,710,0,1,0,1,28.1608000000233,-0.8689965009689331,-0.887123066186905
1,DiscNRX,trig,711,0,1,0,1,26.969000000008236,-0.8487063646316528,-0.887123066186905
1,DiscNRX,trig,712,0,1,0,0,nan,-0.9110921025276184,-0.887123066186905
1,DiscNRX,trig,713,0,1,0,0,nan,-0.9112593531608582,-0.887123066186905
1,DiscNRX,trig,714,0,1,0,1,28.455900000039946,-0.8853628635406494,-0.887123066186905
1,DiscNRX,trig,715,0,1,0,0,nan,-0.9021376371383667,-0.887123066186905
1,DiscNRX,trig,716,0,1,0,0,nan,-0.9051417112350464,-0.887123066186905
1,DiscNRX,trig,717,0,1,0,1,31.749300000001313,-0.8862951993942261,-0.887123066186905
1,DiscNRX,trig,718,0,1,0,0,nan,-0.8882620334625244,-0.887123066186905
1,DiscNRX,trig,719,0,1,0,0,nan,-0.8979034423828125,-0.887123066186905
1,DiscNRX,trig,720,0,1,0,0,nan,-0.894710898399353,-0.887123066186905
1,DiscNRX,trig,721,0,1,0,1,26.158500000065033,-0.8638189435005188,-0.887123066186905
1,DiscNRX,trig,722,0,1,0,1,27.74699999997665,-0.8847226500511169,-0.887123066186905
1,DiscNRX,trig,723,0,1,0,1,37.44449999999233,-0.8200722932815552,-0.887123066186905
1,DiscNRX,trig,724,0,1,0,0,nan,-0.9009332656860352,-0.887123066186905
1,DiscNRX,trig,725,0,1,0,1,27.655899999899702,-0.8515392541885376,-0.887123066186905
1,DiscNRX,trig,726,0,1,0,0,nan,-0.8933612704277039,-0.887123066186905
1,DiscNRX,trig,727,0,1,0,0,nan,-0.9086445569992065,-0.887123066186905
1,DiscNRX,trig,728,0,1,0,0,nan,-0.8985798954963684,-0.887123066186905
1,DiscNRX,trig,729,0,1,0,1,26.925899999923786,-0.8734692335128784,-0.887123066186905
1,DiscNRX,trig,730,0,1,0,1,29.49589999991531,-0.7861590385437012,-0.887123066186905
1,DiscNRX,trig,731,0,1,0,0,nan,-0.8895729780197144,-0.887123066186905
1,DiscNRX,trig,732,0,1,0,0,nan,-0.9192476868629456,-0.887123066186905
1,DiscNRX,trig,733,0,1,0,0,nan,-0.8980951309204102,-0.887123066186905
1,DiscNRX,trig,734,0,1,0,0,nan,-0.913559079170227,-0.887123066186905
1,DiscNRX,trig,735,0,1,0,0,nan,-0.8921787142753601,-0.887123066186905
1,DiscNRX,trig,736,0,1,0,1,31.119099999955324,-0.8594721555709839,-0.887123066186905
1,DiscNRX,trig,737,0,1,0,0,nan,-0.9088152647018433,-0.887123066186905
1,DiscNRX,trig,738,0,1,0,0,nan,-0.9042888283729553,-0.887123066186905
1,DiscNRX,trig,739,0,1,0,0,nan,-0.9110530614852905,-0.887123066186905
1,DiscNRX,trig,740,0,1,0,0,nan,-0.8988102674484253,-0.887123066186905
1,DiscNRX,trig,741,0,1,0,1,26.965800000084528,-0.8588598370552063,-0.887123066186905
1,DiscNRX,trig,742,0,1,0,1,28.749199999992925,-0.881524920463562,-0.887123066186905
1,DiscNRX,trig,743,0,1,0,1,27.12609999991855,-0.8629557490348816,-0.887123066186905
1,DiscNRX,trig,744,0,1,0,0,nan,-0.8995472192764282,-0.887123066186905
1,DiscNRX,trig,745,0,1,0,0,nan,-0.9047268033027649,-0.887123066186905
1,DiscNRX,trig,746,0,1,0,0,nan,-0.9032135009765625,-0.887123066186905
1,DiscNRX,trig,747,0,1,0,1,39.49309999995876,-0.8854506015777588,-0.887123066186905
1,DiscNRX,trig,748,0,1,0,0,nan,-0.8898035287857056,-0.887123066186905
1,DiscNRX,trig,749,0,1,0,0,nan,-0.9213073253631592,-0.887123066186905
1,DiscNRX,trig,750,0,1,0,0,nan,-0.8929551839828491,-0.887123066186905
1,DiscNRX,trig,751,0,1,0,1,34.94979999993575,-0.8743287324905396,-0.887123066186905
1,DiscNRX,trig,752,0,1,0,0,nan,-0.9013692736625671,-0.887123066186905
1,DiscNRX,trig,753,0,1,0,1,34.02070000004187,-0.8768783211708069,-0.887123066186905
1,DiscNRX,trig,754,0,1,0,0,nan,-0.8996691107749939,-0.887123066186905
1,DiscNRX,trig,755,0,1,0,0,nan,-0.9100820422172546,-0.887123066186905
1,DiscNRX,trig,756,0,1,0,1,36.714099999926475,-0.8441310524940491,-0.887123066186905
1,DiscNRX,trig,757,0,1,0,1,33.14309999996112,-0.7998176217079163,-0.887123066186905
1,DiscNRX,trig,758,0,1,0,0,nan,-0.9002124071121216,-0.887123066186905
1,DiscNRX,trig,759,0,1,0,0,nan,-0.9085220098495483,-0.887123066186905
1,DiscNRX,trig,760,0,1,0,1,38.09960000000956,-0.8338868618011475,-0.887123066186905
1,DiscNRX,trig,761,0,1,0,0,nan,-0.8872886896133423,-0.887123066186905
1,DiscNRX,trig,762,0,1,0,0,nan,-0.90362548828125,-0.887123066186905
1,DiscNRX,trig,763,0,1,0,0,nan,-0.8915502429008484,-0.887123066186905
1,DiscNRX,trig,764,0,1,0,1,34.06530000006569,-0.8568777441978455,-0.887123066186905
1,DiscNRX,trig,765,0,1,0,0,nan,-0.9096814393997192,-0.887123066186905
1,DiscNRX,trig,766,0,1,0,0,nan,-0.8896716237068176,-0.887123066186905
1,DiscNRX,trig,767,0,1,0,1,31.64609999998902,-0.8620219826698303,-0.887123066186905
1,DiscNRX,trig,768,0,1,0,1,32.66999999993914,-0.870316743850708,-0.887123066186905
1,DiscNRX,trig,769,0,1,0,0,nan,-0.8945399522781372,-0.887123066186905
1,DiscNRX,trig,770,0,1,0,1,35.34669999999096,-0.8684935569763184,-0.887123066186905
1,DiscNRX,trig,771,0,1,0,1,33.38819999999032,-0.8709583282470703,-0.887123066186905
1,DiscNRX,trig,772,0,1,0,0,nan,-0.8902157545089722,-0.887123066186905
1,DiscNRX,trig,773,0,1,0,0,nan,-0.8881484270095825,-0.887123066186905
1,DiscNRX,trig,774,0,1,0,0,nan,-0.8959106206893921,-0.887123066186905
1,DiscNRX,trig,775,0,1,0,0,nan,-0.8979492783546448,-0.887123066186905
1,DiscNRX,trig,776,0,1,0,1,32.46440000009443,-0.8828218579292297,-0.887123066186905
1,DiscNRX,trig,777,0,1,0,1,35.49490000000333,-0.8838794231414795,-0.887123066186905
1,DiscNRX,trig,778,0,1,0,0,nan,-0.9019550681114197,-0.887123066186905
1,DiscNRX,trig,779,0,1,0,0,nan,-0.8952826857566833,-0.887123066186905
1,DiscNRX,trig,780,0,1,0,1,35.566300000027695,-0.8846654891967773,-0.887123066186905
1,DiscNRX,trig,781,0,1,0,1,35.49550000002455,-0.8586521148681641,-0.887123066186905
1,DiscNRX,trig,782,0,1,0,1,33.04939999998169,-0.8764338493347168,-0.887123066186905
1,DiscNRX,trig,783,0,1,0,1,31.980299999986528,-0.8339965343475342,-0.887123066186905
1,DiscNRX,trig,784,0,1,0,0,nan,-0.8971536159515381,-0.887123066186905
1,DiscNRX,trig,785,0,1,0,0,nan,-0.8983980417251587,-0.887123066186905
1,DiscNRX,trig,786,0,1,0,0,nan,-0.8915135860443115,-0.887123066186905
1,DiscNRX,trig,787,0,1,0,0,nan,-0.8910699486732483,-0.887123066186905
1,DiscNRX,trig,788,0,1,0,0,nan,-0.9069291353225708,-0.887123066186905
1,DiscNRX,trig,789,0,1,0,1,31.193600000051447,-0.8777962923049927,-0.887123066186905
1,DiscNRX,trig,790,0,1,0,0,nan,-0.8904631733894348,-0.887123066186905
1,DiscNRX,trig,791,0,1,0,0,nan,-0.9002036452293396,-0.887123066186905
1,DiscNRX,trig,792,0,1,0,1,30.171899999913876,-0.8870669007301331,-0.887123066186905
1,DiscNRX,trig,793,0,1,0,0,nan,-0.8880560994148254,-0.887123066186905
1,DiscNRX,trig,794,0,1,0,0,nan,-0.9120972752571106,-0.887123066186905
1,DiscNRX,trig,795,0,1,0,1,29.53450000018165,-0.8476535081863403,-0.887123066186905
1,DiscNRX,trig,796,0,1,0,0,nan,-0.9072449207305908,-0.887123066186905
1,DiscNRX,trig,797,0,1,0,1,29.28909999991447,-0.854089081287384,-0.887123066186905
1,DiscNRX,trig,798,0,1,0,1,29.351500000075248,-0.8848504424095154,-0.887123066186905
1,DiscNRX,trig,799,0,1,0,1,32.007000000021435,-0.8852304220199585,-0.887123066186905
1,DiscNRX,trig,800,0,1,0,0,nan,-0.9009250998497009,-0.887123066186905
1,DiscNRX,trig,801,0,1,0,0,nan,-0.9065486788749695,-0.887123066186905
1,DiscNRX,trig,802,0,1,0,0,nan,-0.9023944735527039,-0.887123066186905
1,DiscNRX,trig,803,0,1,0,1,28.624599999830025,-0.877517819404602,-0.887123066186905
1,DiscNRX,trig,804,0,1,0,0,nan,-0.8915591239929199,-0.887123066186905
1,DiscNRX,trig,805,0,1,0,0,nan,-0.9043296575546265,-0.887123066186905
1,DiscNRX,trig,806,0,1,0,1,27.494700000033845,-0.8777394890785217,-0.887123066186905
1,DiscNRX,trig,807,0,1,0,1,27.529199999889897,-0.8519642353057861,-0.887123066186905
1,DiscNRX,trig,808,0,1,0,0,nan,-0.8963207006454468,-0.887123066186905
1,DiscNRX,trig,809,0,1,0,0,nan,-0.9041615724563599,-0.887123066186905
1,DiscNRX,trig,810,0,1,0,1,29.96589999997923,-0.8538026809692383,-0.887123066186905
1,DiscNRX,trig,811,0,1,0,0,nan,-0.9043049216270447,-0.887123066186905
1,DiscNRX,trig,812,0,1,0,1,28.01269999986289,-0.859223484992981,-0.887123066186905
1,DiscNRX,trig,813,0,1,0,1,30.29940000010356,-0.859849214553833,-0.887123066186905
1,DiscNRX,trig,814,0,1,0,1,28.86939999984861,-0.8339067697525024,-0.887123066186905
1,DiscNRX,trig,815,0,1,0,1,41.50729999992109,-0.7477794289588928,-0.887123066186905
1,DiscNRX,trig,816,0,1,0,1,30.970900000056645,-0.8674790859222412,-0.887123066186905
1,DiscNRX,trig,817,0,1,0,0,nan,-0.9012460708618164,-0.887123066186905
1,DiscNRX,trig,818,0,1,0,0,nan,-0.8967546224594116,-0.887123066186905
1,DiscNRX,trig,819,0,1,0,0,nan,-0.8963775634765625,-0.887123066186905
1,DiscNRX,trig,820,0,1,0,0,nan,-0.9060019254684448,-0.887123066186905
1,DiscNRX,trig,821,0,1,0,0,nan,-0.8955820798873901,-0.887123066186905
1,DiscNRX,trig,822,0,1,0,0,nan,-0.9007754921913147,-0.887123066186905
1,DiscNRX,trig,823,0,1,0,0,nan,-0.9149367809295654,-0.887123066186905
1,DiscNRX,trig,824,0,1,0,0,nan,-0.8947504162788391,-0.887123066186905
1,DiscNRX,trig,825,0,1,0,1,28.12349999999242,-0.85467928647995,-0.887123066186905
1,DiscNRX,trig,826,0,1,0,0,nan,-0.8893582820892334,-0.887123066186905
1,DiscNRX,trig,827,0,1,0,1,32.929999999851134,-0.8518855571746826,-0.887123066186905
1,DiscNRX,trig,828,0,1,0,1,32.85340000002179,-0.8831835985183716,-0.887123066186905
1,DiscNRX,trig,829,0,1,0,0,nan,-0.8875633478164673,-0.887123066186905
1,DiscNRX,trig,830,0,1,0,0,nan,-0.9124317765235901,-0.887123066186905
1,DiscNRX,trig,831,0,1,0,0,nan,-0.8971880078315735,-0.887123066186905
1,DiscNRX,trig,832,0,1,0,0,nan,-0.9011629223823547,-0.887123066186905
1,DiscNRX,trig,833,0,1,0,0,nan,-0.9161700010299683,-0.887123066186905
1,DiscNRX,trig,834,0,1,0,1,34.932000000026164,-0.8583357930183411,-0.887123066186905
1,DiscNRX,trig,835,0,1,0,0,nan,-0.9012326598167419,-0.887123066186905
1,DiscNRX,trig,836,0,1,0,0,nan,-0.9011275768280029,-0.887123066186905
1,DiscNRX,trig,837,0,1,0,0,nan,-0.8926036953926086,-0.887123066186905
1,DiscNRX,trig,838,0,1,0,0,nan,-0.8982692956924438,-0.887123066186905
1,DiscNRX,trig,839,0,1,0,1,48.48119999996925,-0.8763105869293213,-0.887123066186905
1,DiscNRX,trig,840,0,1,0,0,nan,-0.8917179703712463,-0.887123066186905
1,DiscNRX,trig,841,0,1,0,0,nan,-0.8971998691558838,-0.887123066186905
1,DiscNRX,trig,842,0,1,0,0,nan,-0.9097307324409485,-0.887123066186905
1,DiscNRX,trig,843,0,1,0,0,nan,-0.8992483019828796,-0.887123066186905
1,DiscNRX,trig,844,0,1,0,0,nan,-0.9017982482910156,-0.887123066186905
1,DiscNRX,trig,845,0,1,0,1,28.545599999915794,-0.8414215445518494,-0.887123066186905
1,DiscNRX,trig,846,0,1,0,0,nan,-0.890097975730896,-0.887123066186905
1,DiscNRX,trig,847,0,1,0,1,28.359300000147414,-0.7831957936286926,-0.887123066186905
1,DiscNRX,trig,848,0,1,0,0,nan,-0.9044640064239502,-0.887123066186905
1,DiscNRX,trig,849,0,1,0,1,30.21700000022065,-0.8267523050308228,-0.887123066186905
1,DiscNRX,trig,850,0,1,0,0,nan,-0.9102479219436646,-0.887123066186905
1,DiscNRX,trig,851,0,1,0,1,25.864400000045862,-0.864318311214447,-0.887123066186905
1,DiscNRX,trig,852,0,1,0,0,nan,-0.9049921631813049,-0.887123066186905
1,DiscNRX,trig,853,0,1,0,0,nan,-0.895200788974762,-0.887123066186905
1,DiscNRX,trig,854,0,1,0,0,nan,-0.9009014368057251,-0.887123066186905
1,DiscNRX,trig,855,0,1,0,0,nan,-0.912550687789917,-0.887123066186905
1,DiscNRX,trig,856,0,1,0,0,nan,-0.8932607769966125,-0.887123066186905
1,DiscNRX,trig,857,0,1,0,0,nan,-0.8970691561698914,-0.887123066186905
1,DiscNRX,trig,858,0,1,0,0,nan,-0.9146612882614136,-0.887123066186905
1,DiscNRX,trig,859,0,1,0,0,nan,-0.9175533652305603,-0.887123066186905
1,DiscNRX,trig,860,0,1,0,0,nan,-0.8967621326446533,-0.887123066186905
1,DiscNRX,trig,861,1,0,0,0,nan,-0.6971496343612671,-0.887123066186905
1,DiscNRX,trig,862,0,1,0,1,29.702199999974255,-0.7946971654891968,-0.887123066186905
1,DiscNRX,trig,863,0,1,0,0,nan,-0.8957360982894897,-0.887123066186905
1,DiscNRX,trig,864,0,1,0,0,nan,-0.8972883224487305,-0.887123066186905
1,DiscNRX,trig,865,0,1,0,0,nan,-0.8968909978866577,-0.887123066186905
1,DiscNRX,trig,866,0,1,0,1,34.3556999998782,-0.8365452885627747,-0.887123066186905
1,DiscNRX,trig,867,0,1,0,1,26.983900000004724,-0.8567968606948853,-0.887123066186905
1,DiscNRX,trig,868,0,1,0,0,nan,-0.891232967376709,-0.887123066186905
1,DiscNRX,trig,869,0,1,0,0,nan,-0.8973218202590942,-0.887123066186905
1,DiscNRX,trig,870,0,1,0,1,28.94190000006347,-0.8694092631340027,-0.887123066186905
1,DiscNRX,trig,871,0,1,0,0,nan,-0.9074829816818237,-0.887123066186905
1,DiscNRX,trig,872,0,1,0,0,nan,-0.9061196446418762,-0.887123066186905
1,DiscNRX,trig,873,0,1,0,0,nan,-0.9022654294967651,-0.887123066186905
1,DiscNRX,trig,874,0,1,0,0,nan,-0.9109216332435608,-0.887123066186905
1,DiscNRX,trig,875,0,1,0,0,nan,-0.9090455174446106,-0.887123066186905
1,DiscNRX,trig,876,0,1,0,1,31.86310000000958,-0.8743708729743958,-0.887123066186905
1,DiscNRX,trig,877,0,1,0,1,27.6942999998937,-0.8801769018173218,-0.887123066186905
1,DiscNRX,trig,878,0,1,0,1,26.427000000012413,-0.8866837024688721,-0.887123066186905
1,DiscNRX,trig,879,0,1,0,1,34.0915000001587,-0.8300807476043701,-0.887123066186905
1,DiscNRX,trig,880,0,1,0,0,nan,-0.9077920913696289,-0.887123066186905
1,DiscNRX,trig,881,0,1,0,1,38.87340000005679,-0.8849130272865295,-0.887123066186905
1,DiscNRX,trig,882,0,1,0,1,32.605199999807155,-0.8343498706817627,-0.887123066186905
1,DiscNRX,trig,883,0,1,0,0,nan,-0.8992193937301636,-0.887123066186905
1,DiscNRX,trig,884,0,1,0,0,nan,-0.9078983664512634,-0.887123066186905
1,DiscNRX,trig,885,0,1,0,1,36.58070000005864,-0.8354800939559937,-0.887123066186905
1,DiscNRX,trig,886,0,1,0,0,nan,-0.8939927220344543,-0.887123066186905
1,DiscNRX,trig,887,0,1,0,1,57.95369999987088,-0.8861506581306458,-0.887123066186905
1,DiscNRX,trig,888,0,1,0,1,41.0165999999208,-0.8578447103500366,-0.887123066186905
1,DiscNRX,trig,889,0,1,0,1,37.91430000001128,-0.8756020665168762,-0.887123066186905
1,DiscNRX,trig,890,0,1,0,0,nan,-0.8933922052383423,-0.887123066186905
1,DiscNRX,trig,891,0,1,0,0,nan,-0.8966986536979675,-0.887123066186905
1,DiscNRX,trig,892,0,1,0,1,37.29270000008,-0.8768834471702576,-0.887123066186905
1,DiscNRX,trig,893,0,1,0,0,nan,-0.8965770602226257,-0.887123066186905
1,DiscNRX,trig,894,0,1,0,0,nan,-0.9007923603057861,-0.887123066186905
1,DiscNRX,trig,895,0,1,0,0,nan,-0.8915891051292419,-0.887123066186905
1,DiscNRX,trig,896,0,1,0,1,40.03710000006322,-0.7887359261512756,-0.887123066186905
1,DiscNRX,trig,897,0,1,0,0,nan,-0.899844765663147,-0.887123066186905
1,DiscNRX,trig,898,0,1,0,1,41.89679999990403,-0.8717918992042542,-0.887123066186905
1,DiscNRX,trig,899,0,1,0,1,39.82089999999516,-0.869432806968689,-0.887123066186905
1,DiscNRX,trig,900,0,1,0,1,46.11580000005233,-0.8833991885185242,-0.887123066186905
1,DiscNRX,trig,901,0,1,0,1,55.09680000000117,-0.8460296988487244,-0.887123066186905
1,DiscNRX,trig,902,0,1,0,1,38.91070000008767,-0.863125741481781,-0.887123066186905
1,DiscNRX,trig,903,0,1,0,0,nan,-0.8931711316108704,-0.887123066186905
1,DiscNRX,trig,904,0,1,0,1,40.33559999993486,-0.8707407712936401,-0.887123066186905
1,DiscNRX,trig,905,0,1,0,1,49.84080000008362,-0.8495655059814453,-0.887123066186905
1,DiscNRX,trig,906,0,1,0,1,39.713500000061686,-0.8813906311988831,-0.887123066186905
1,DiscNRX,trig,907,0,1,0,1,38.30710000011095,-0.8256971836090088,-0.887123066186905
1,DiscNRX,trig,908,0,1,0,1,37.50379999996767,-0.8556376695632935,-0.887123066186905
1,DiscNRX,trig,909,0,1,0,1,41.15409999985786,-0.8805645108222961,-0.887123066186905
1,DiscNRX,trig,910,0,1,0,1,38.20739999991929,-0.8668401837348938,-0.887123066186905
1,DiscNRX,trig,911,0,1,0,0,nan,-0.8958195447921753,-0.887123066186905
1,DiscNRX,trig,912,0,1,0,1,41.542200000094454,-0.7674964666366577,-0.887123066186905
1,DiscNRX,trig,913,0,1,0,0,nan,-0.89344322681427,-0.887123066186905
1,DiscNRX,trig,914,0,1,0,1,39.94009999996706,-0.8236976265907288,-0.887123066186905
1,DiscNRX,trig,915,0,1,0,1,39.97239999989688,-0.8837701678276062,-0.887123066186905
1,DiscNRX,trig,916,0,1,0,0,nan,-0.9088285565376282,-0.887123066186905
1,DiscNRX,trig,917,0,1,0,1,38.59099999999671,-0.8201314210891724,-0.887123066186905
1,DiscNRX,trig,918,0,1,0,1,43.64959999998064,-0.8634220361709595,-0.887123066186905
1,DiscNRX,trig,919,0,1,0,1,39.05999999983578,-0.8814579248428345,-0.887123066186905
1,DiscNRX,trig,920,0,1,0,1,41.476399999965,-0.8574382066726685,-0.887123066186905
1,DiscNRX,trig,921,0,1,0,1,42.06670000007762,-0.8636189103126526,-0.887123066186905
1,DiscNRX,trig,922,0,1,0,1,38.201799999797004,-0.8483476042747498,-0.887123066186905
1,DiscNRX,trig,923,0,1,0,0,nan,-0.8974938988685608,-0.887123066186905
1,DiscNRX,trig,924,0,1,0,1,49.3744999998853,-0.8555961847305298,-0.887123066186905
1,DiscNRX,trig,925,0,1,0,1,44.28839999991396,-0.8150562644004822,-0.887123066186905
1,DiscNRX,trig,926,0,1,0,1,39.225799999940136,-0.8620543479919434,-0.887123066186905
1,DiscNRX,trig,927,0,1,0,0,nan,-0.9121518135070801,-0.887123066186905
1,DiscNRX,trig,928,0,1,0,1,41.047400000024936,-0.8206869959831238,-0.887123066186905
1,DiscNRX,trig,929,0,1,0,0,nan,-0.8973556160926819,-0.887123066186905
1,DiscNRX,trig,930,0,1,0,0,nan,-0.8990549445152283,-0.887123066186905
1,DiscNRX,trig,931,0,1,0,1,39.060999999946944,-0.8251218795776367,-0.887123066186905
1,DiscNRX,trig,932,0,1,0,0,nan,-0.8973019123077393,-0.887123066186905
1,DiscNRX,trig,933,0,1,0,0,nan,-0.922912061214447,-0.887123066186905
1,DiscNRX,trig,934,0,1,0,1,40.12190000003102,-0.8813101649284363,-0.887123066186905
1,DiscNRX,trig,935,0,1,0,1,41.98679999990418,-0.852615475654602,-0.887123066186905
1,DiscNRX,trig,936,0,1,0,0,nan,-0.8949190378189087,-0.887123066186905
1,DiscNRX,trig,937,0,1,0,1,39.46129999985715,-0.8745415210723877,-0.887123066186905
1,DiscNRX,trig,938,0,1,0,0,nan,-0.8942258358001709,-0.887123066186905
1,DiscNRX,trig,939,0,1,0,0,nan,-0.9009759426116943,-0.887123066186905
1,DiscNRX,trig,940,0,1,0,0,nan,-0.9018310904502869,-0.887123066186905
1,DiscNRX,trig,941,0,1,0,0,nan,-0.9109891057014465,-0.887123066186905
1,DiscNRX,trig,942,0,1,0,0,nan,-0.9195391535758972,-0.887123066186905
1,DiscNRX,trig,943,0,1,0,0,nan,-0.9075857996940613,-0.887123066186905
1,DiscNRX,trig,944,0,1,0,1,42.033400000036636,-0.8616964817047119,-0.887123066186905
1,DiscNRX,trig,945,0,1,0,0,nan,-0.8921574354171753,-0.887123066186905
1,DiscNRX,trig,946,0,1,0,0,nan,-0.9116288423538208,-0.887123066186905
1,DiscNRX,trig,947,0,1,0,1,40.90100000007624,-0.8593330979347229,-0.887123066186905
1,DiscNRX,trig,948,0,1,0,1,38.969999999835636,-0.859904408454895,-0.887123066186905
1,DiscNRX,trig,949,0,1,0,1,38.809000000128435,-0.8796260952949524,-0.887123066186905
1,DiscNRX,trig,950,0,1,0,1,42.93480000001182,-0.8787198066711426,-0.887123066186905
1,DiscNRX,trig,951,0,1,0,1,39.91320000000087,-0.8825897574424744,-0.887123066186905
1,DiscNRX,trig,952,0,1,0,0,nan,-0.9051873683929443,-0.887123066186905
1,DiscNRX,trig,953,0,1,0,0,nan,-0.8888934254646301,-0.887123066186905
1,DiscNRX,trig,954,0,1,0,0,nan,-0.9015053510665894,-0.887123066186905
1,DiscNRX,trig,955,0,1,0,1,38.6046000000988,-0.8550980091094971,-0.887123066186905
1,DiscNRX,trig,956,0,1,0,0,nan,-0.8981704711914062,-0.887123066186905
1,DiscNRX,trig,957,0,1,0,1,41.56549999993331,-0.8713601231575012,-0.887123066186905
1,DiscNRX,trig,958,0,1,0,1,37.07469999994828,-0.8832262754440308,-0.887123066186905
1,DiscNRX,trig,959,0,1,0,1,38.38109999992412,-0.885252058506012,-0.887123066186905
1,DiscNRX,trig,960,0,1,0,1,43.95020000015393,-0.8689748048782349,-0.887123066186905
1,DiscNRX,trig,961,0,1,0,1,38.88099999994665,-0.8838980793952942,-0.887123066186905
1,DiscNRX,trig,962,0,1,0,1,38.61070000016298,-0.8584319353103638,-0.887123066186905
1,DiscNRX,trig,963,0,1,0,1,35.413099999914266,-0.877742350101471,-0.887123066186905
1,DiscNRX,trig,964,0,1,0,1,40.0253000000248,-0.7416966557502747,-0.887123066186905
1,DiscNRX,trig,965,0,1,0,0,nan,-0.8929740190505981,-0.887123066186905
1,DiscNRX,trig,966,0,1,0,1,38.13199999990502,-0.8607258200645447,-0.887123066186905
1,DiscNRX,trig,967,0,1,0,0,nan,-0.8959232568740845,-0.887123066186905
1,DiscNRX,trig,968,0,1,0,1,37.81800000001567,-0.8716053366661072,-0.887123066186905
1,DiscNRX,trig,969,0,1,0,1,38.86600000009821,-0.857283353805542,-0.887123066186905
1,DiscNRX,trig,970,0,1,0,0,nan,-0.8937989473342896,-0.887123066186905
1,DiscNRX,trig,971,0,1,0,1,39.53450000017256,-0.8708533644676208,-0.887123066186905
1,DiscNRX,trig,972,0,1,0,0,nan,-0.8933305144309998,-0.887123066186905
1,DiscNRX,trig,973,0,1,0,0,nan,-0.9031914472579956,-0.887123066186905
1,DiscNRX,trig,974,0,1,0,1,36.27749999986918,-0.8127468228340149,-0.887123066186905
1,DiscNRX,trig,975,0,1,0,0,nan,-0.9060059785842896,-0.887123066186905
1,DiscNRX,trig,976,0,1,0,1,39.968600000065635,-0.8485167026519775,-0.887123066186905
1,DiscNRX,trig,977,0,1,0,1,38.91120000002957,-0.8564332723617554,-0.887123066186905
1,DiscNRX,trig,978,0,1,0,1,39.11130000005869,-0.8204786777496338,-0.887123066186905
1,DiscNRX,trig,979,0,1,0,0,nan,-0.9054793119430542,-0.887123066186905
1,DiscNRX,trig,980,0,1,0,0,nan,-0.8985686898231506,-0.887123066186905
1,DiscNRX,trig,981,0,1,0,1,38.44929999991109,-0.8770796060562134,-0.887123066186905
1,DiscNRX,trig,982,0,1,0,0,nan,-0.9047011733055115,-0.887123066186905
1,DiscNRX,trig,983,0,1,0,0,nan,-0.9043415784835815,-0.887123066186905
1,DiscNRX,trig,984,0,1,0,1,35.25719999993271,-0.8629077076911926,-0.887123066186905
1,DiscNRX,trig,985,0,1,0,1,40.25040000010449,-0.7791182398796082,-0.887123066186905
1,DiscNRX,trig,986,0,1,0,1,47.53589999995711,-0.8005251884460449,-0.887123066186905
1,DiscNRX,trig,987,0,1,0,1,37.02659999999014,-0.8114696145057678,-0.887123066186905
1,DiscNRX,trig,988,0,1,0,0,nan,-0.8914169669151306,-0.887123066186905
1,DiscNRX,trig,989,0,1,0,0,nan,-0.9173964262008667,-0.887123066186905
1,DiscNRX,trig,990,0,1,0,0,nan,-0.9072362184524536,-0.887123066186905
1,DiscNRX,trig,991,0,1,0,0,nan,-0.9173116683959961,-0.887123066186905
1,DiscNRX,trig,992,0,1,0,0,nan,-0.8902220726013184,-0.887123066186905
1,DiscNRX,trig,993,0,1,0,0,nan,-0.892318069934845,-0.887123066186905
1,DiscNRX,trig,994,0,1,0,0,nan,-0.899606466293335,-0.887123066186905
1,DiscNRX,trig,995,0,1,0,1,37.693100000069535,-0.8806084394454956,-0.887123066186905
1,DiscNRX,trig,996,0,1,0,0,nan,-0.8987924456596375,-0.887123066186905
1,DiscNRX,trig,997,0,1,0,0,nan,-0.8940743207931519,-0.887123066186905
1,DiscNRX,trig,998,0,1,0,0,nan,-0.8913777470588684,-0.887123066186905
1,DiscNRX,trig,999,0,1,0,0,nan,-0.9050739407539368,-0.887123066186905
