seed,receiver,mode,slot,err,crc_pass,false_pass,updated,update_ms,score,tau
3,AINR,none,0,1,0,0,0,nan,nan,0.6656840413808821
3,AINR,none,1,1,0,0,0,nan,nan,0.6656840413808821
3,AINR,none,2,1,0,0,0,nan,nan,0.6656840413808821
3,AINR,none,3,1,0,0,0,nan,nan,0.6656840413808821
3,AINR,none,4,1,0,0,0,nan,nan,0.6656840413808821
3,AINR,none,5,1,0,0,0,nan,nan,0.6656840413808821
3,AINR,none,6,1,0,0,0,nan,nan,0.6656840413808821
3,AINR,none,7,1,0,0,0,nan,nan,0.6656840413808821
3,AINR,none,8,1,0,0,0,nan,nan,0.6656840413808821
3,AINR,none,9,1,0,0,0,nan,nan,0.6656840413808821
3,AINR,none,10,1,0,0,0,nan,nan,0.6656840413808821
3,AINR,none,11,1,0,0,0,nan,nan,0.6656840413808821
3,AINR,none,12,1,0,0,0,nan,nan,0.6656840413808821
3,AINR,none,13,1,0,0,0,nan,nan,0.6656840413808821
3,AINR,none,14,1,0,0,0,nan,nan,0.6656840413808821
3,AINR,none,15,1,0,0,0,nan,nan,0.6656840413808821
3,AINR,none,16,1,0,0,0,nan,nan,0.6656840413808821
3,AINR,none,17,1,0,0,0,nan,nan,0.6656840413808821
3,AINR,none,18,1,0,0,0,nan,nan,0.6656840413808821
3,AINR,none,19,1,0,0,0,nan,nan,0.6656840413808821
3,AINR,none,20,1,0,0,0,nan,nan,0.6656840413808821
3,AINR,none,21,1,0,0,0,nan,nan,0.6656840413808821
3,AINR,none,22,1,0,0,0,nan,nan,0.6656840413808821
3,AINR,none,23,1,0,0,0,nan,nan,0.6656840413808821
3,AINR,none,24,1,0,0,0,nan,nan,0.6656840413808821
3,AINR,none,25,0,1,0,0,nan,nan,0.6656840413808821
3,AINR,none,26,1,0,0,0,nan,nan,0.6656840413808821
3,AINR,none,27,1,0,0,0,nan,nan,0.6656840413808821
3,AINR,none,28,1,0,0,0,nan,nan,0.6656840413808821
3,AINR,none,29,1,0,0,0,nan,nan,0.6656840413808821
3,AINR,none,30,1,0,0,0,nan,nan,0.6656840413808821
3,AINR,none,31,1,0,0,0,nan,nan,0.6656840413808821
3,AINR,none,32,1,0,0,0,nan,nan,0.6656840413808821
3,AINR,none,33,1,0,0,0,nan,nan,0.6656840413808821
3,AINR,none,34,1,0,0,0,nan,nan,0.6656840413808821
3,AINR,none,35,1,0,0,0,nan,nan,0.6656840413808821
3,AINR,none,36,1,0,0,0,nan,nan,0.6656840413808821
3,AINR,none,37,1,0,0,0,nan,nan,0.6656840413808821
3,AINR,none,38,1,0,0,0,nan,nan,0.6656840413808821
3,AINR,none,39,1,0,0,0,nan,nan,0.6656840413808821
3,AINR,none,40,1,0,0,0,nan,nan,0.6656840413808821
3,AINR,none,41,1,0,0,0,nan,nan,0.6656840413808821
3,AINR,none,42,1,0,0,0,nan,nan,0.6656840413808821
3,AINR,none,43,0,1,0,0,nan,nan,0.6656840413808821
3,AINR,none,44,1,0,0,0,nan,nan,0.6656840413808821
3,AINR,none,45,1,0,0,0,nan,nan,0.6656840413808821
3,AINR,none,46,1,0,0,0,nan,nan,0.6656840413808821
3,AINR,none,47,1,0,0,0,nan,nan,0.6656840413808821
3,AINR,none,48,1,0,0,0,nan,nan,0.6656840413808821
3,AINR,none,49,1,0,0,0,nan,nan,0.6656840413808821
3,AINR,none,50,1,0,0,0,nan,nan,0.6656840413808821
3,AINR,none,51,1,0,0,0,nan,nan,0.6656840413808821
3,AINR,none,52,1,0,0,0,nan,nan,0.6656840413808821
3,AINR,none,53,1,0,0,0,nan,nan,0.6656840413808821
3,AINR,none,54,1,0,0,0,nan,nan,0.6656840413808821
3,AINR,none,55,1,0,0,0,nan,nan,0.6656840413808821
3,AINR,none,56,1,0,0,0,nan,nan,0.6656840413808821
3,AINR,none,57,1,0,0,0,nan,nan,0.6656840413808821
3,AINR,none,58,1,0,0,0,nan,nan,0.6656840413808821
3,AINR,none,59,1,0,0,0,nan,nan,0.6656840413808821
3,AINR,none,60,1,0,0,0,nan,nan,0.6656840413808821
3,AINR,none,61,1,0,0,0,nan,nan,0.6656840413808821
3,AINR,none,62,1,0,0,0,nan,nan,0.6656840413808821
3,AINR,none,63,1,0,0,0,nan,nan,0.6656840413808821
3,AINR,none,64,1,0,0,0,nan,nan,0.6656840413808821
3,AINR,none,65,1,0,0,0,nan,nan,0.6656840413808821
3,AINR,none,66,1,0,0,0,nan,nan,0.6656840413808821
3,AINR,none,67,1,0,0,0,nan,nan,0.6656840413808821
3,AINR,none,68,1,0,0,0,nan,nan,0.6656840413808821
3,AINR,none,69,1,0,0,0,nan,nan,0.6656840413808821
3,AINR,none,70,1,0,0,0,nan,nan,0.6656840413808821
3,AINR,none,71,0,1,0,0,nan,nan,0.6656840413808821
3,AINR,none,72,1,0,0,0,nan,nan,0.6656840413808821
3,AINR,none,73,1,0,0,0,nan,nan,0.6656840413808821
3,AINR,none,74,1,0,0,0,nan,nan,0.6656840413808821
3,AINR,none,75,1,0,0,0,nan,nan,0.6656840413808821
3,AINR,none,76,1,0,0,0,nan,nan,0.6656840413808821
3,AINR,none,77,0,1,0,0,nan,nan,0.6656840413808821
3,AINR,none,78,1,0,0,0,nan,nan,0.6656840413808821
3,AINR,none,79,1,0,0,0,nan,nan,0.6656840413808821
3,AINR,none,80,1,0,0,0,nan,nan,0.6656840413808821
3,AINR,none,81,1,0,0,0,nan,nan,0.6656840413808821
3,AINR,none,82,1,0,0,0,nan,nan,0.6656840413808821
3,AINR,none,83,1,0,0,0,nan,nan,0.6656840413808821
3,AINR,none,84,0,1,0,0,nan,nan,0.6656840413808821
3,AINR,none,85,1,0,0,0,nan,nan,0.6656840413808821
3,AINR,none,86,1,0,0,0,nan,nan,0.6656840413808821
3,AINR,none,87,1,0,0,0,nan,nan,0.6656840413808821
3,AINR,none,88,1,0,0,0,nan,nan,0.6656840413808821
3,AINR,none,89,1,0,0,0,nan,nan,0.6656840413808821
3,AINR,none,90,1,0,0,0,nan,nan,0.6656840413808821
3,AINR,none,91,1,0,0,0,nan,nan,0.6656840413808821
3,AINR,none,92,1,0,0,0,nan,nan,0.6656840413808821
3,AINR,none,93,1,0,0,0,nan,nan,0.6656840413808821
3,AINR,none,94,1,0,0,0,nan,nan,0.6656840413808821
3,AINR,none,95,1,0,0,0,nan,nan,0.6656840413808821
3,AINR,none,96,1,0,0,0,nan,nan,0.6656840413808821
3,AINR,none,97,1,0,0,0,nan,nan,0.6656840413808821
3,AINR,none,98,1,0,0,0,nan,nan,0.6656840413808821
3,AINR,none,99,1,0,0,0,nan,nan,0.6656840413808821
3,AINR,none,100,1,0,0,0,nan,nan,0.6656840413808821
3,AINR,none,101,1,0,0,0,nan,nan,0.6656840413808821
3,AINR,none,102,1,0,0,0,nan,nan,0.6656840413808821
3,AINR,none,103,1,0,0,0,nan,nan,0.6656840413808821
3,AINR,none,104,1,0,0,0,nan,nan,0.6656840413808821
3,AINR,none,105,1,0,0,0,nan,nan,0.6656840413808821
3,AINR,none,106,1,0,0,0,nan,nan,0.6656840413808821
3,AINR,none,107,1,0,0,0,nan,nan,0.6656840413808821
3,AINR,none,108,1,0,0,0,nan,nan,0.6656840413808821
3,AINR,none,109,1,0,0,0,nan,nan,0.6656840413808821
3,AINR,none,110,1,0,0,0,nan,nan,0.6656840413808821
3,AINR,none,111,1,0,0,0,nan,nan,0.6656840413808821
3,AINR,none,112,1,0,0,0,nan,nan,0.6656840413808821
3,AINR,none,113,1,0,0,0,nan,nan,0.6656840413808821
3,AINR,none,114,1,0,0,0,nan,nan,0.6656840413808821
3,AINR,none,115,1,0,0,0,nan,nan,0.6656840413808821
3,AINR,none,116,1,0,0,0,nan,nan,0.6656840413808821
3,AINR,none,117,1,0,0,0,nan,nan,0.6656840413808821
3,AINR,none,118,1,0,0,0,nan,nan,0.6656840413808821
3,AINR,none,119,1,0,0,0,nan,nan,0.6656840413808821
3,AINR,none,120,1,0,0,0,nan,nan,0.6656840413808821
3,AINR,none,121,1,0,0,0,nan,nan,0.6656840413808821
3,AINR,none,122,1,0,0,0,nan,nan,0.6656840413808821
3,AINR,none,123,1,0,0,0,nan,nan,0.6656840413808821
3,AINR,none,124,1,0,0,0,nan,nan,0.6656840413808821
3,AINR,none,125,1,0,0,0,nan,nan,0.6656840413808821
3,AINR,none,126,0,1,0,0,nan,nan,0.6656840413808821
3,AINR,none,127,1,0,0,0,nan,nan,0.6656840413808821
3,AINR,none,128,1,0,0,0,nan,nan,0.6656840413808821
3,AINR,none,129,1,0,0,0,nan,nan,0.6656840413808821
3,AINR,none,130,1,0,0,0,nan,nan,0.6656840413808821
3,AINR,none,131,1,0,0,0,nan,nan,0.6656840413808821
3,AINR,none,132,0,1,0,0,nan,nan,0.6656840413808821
3,AINR,none,133,1,0,0,0,nan,nan,0.6656840413808821
3,AINR,none,134,1,0,0,0,nan,nan,0.6656840413808821
3,AINR,none,135,0,1,0,0,nan,nan,0.6656840413808821
3,AINR,none,136,1,0,0,0,nan,nan,0.6656840413808821
3,AINR,none,137,1,0,0,0,nan,nan,0.6656840413808821
3,AINR,none,138,0,1,0,0,nan,nan,0.6656840413808821
3,AINR,none,139,1,0,0,0,nan,nan,0.6656840413808821
3,AINR,none,140,1,0,0,0,nan,nan,0.6656840413808821
3,AINR,none,141,1,0,0,0,nan,nan,0.6656840413808821
3,AINR,none,142,1,0,0,0,nan,nan,0.6656840413808821
3,AINR,none,143,1,0,0,0,nan,nan,0.6656840413808821
3,AINR,none,144,1,0,0,0,nan,nan,0.6656840413808821
3,AINR,none,145,0,1,0,0,nan,nan,0.6656840413808821
3,AINR,none,146,1,0,0,0,nan,nan,0.6656840413808821
3,AINR,none,147,1,0,0,0,nan,nan,0.6656840413808821
3,AINR,none,148,1,0,0,0,nan,nan,0.6656840413808821
3,AINR,none,149,1,0,0,0,nan,nan,0.6656840413808821
3,AINR,none,150,1,0,0,0,nan,nan,0.6656840413808821
3,AINR,none,151,0,1,0,0,nan,nan,0.6656840413808821
3,AINR,none,152,1,0,0,0,nan,nan,0.6656840413808821
3,AINR,none,153,1,0,0,0,nan,nan,0.6656840413808821
3,AINR,none,154,1,0,0,0,nan,nan,0.6656840413808821
3,AINR,none,155,1,0,0,0,nan,nan,0.6656840413808821
3,AINR,none,156,1,0,0,0,nan,nan,0.6656840413808821
3,AINR,none,157,1,0,0,0,nan,nan,0.6656840413808821
3,AINR,none,158,1,0,0,0,nan,nan,0.6656840413808821
3,AINR,none,159,0,1,0,0,nan,nan,0.6656840413808821
3,AINR,none,160,1,0,0,0,nan,nan,0.6656840413808821
3,AINR,none,161,1,0,0,0,nan,nan,0.6656840413808821
3,AINR,none,162,1,0,0,0,nan,nan,0.6656840413808821
3,AINR,none,163,1,0,0,0,nan,nan,0.6656840413808821
3,AINR,none,164,1,0,0,0,nan,nan,0.6656840413808821
3,AINR,none,165,1,0,0,0,nan,nan,0.6656840413808821
3,AINR,none,166,1,0,0,0,nan,nan,0.6656840413808821
3,AINR,none,167,1,0,0,0,nan,nan,0.6656840413808821
3,AINR,none,168,1,0,0,0,nan,nan,0.6656840413808821
3,AINR,none,169,1,0,0,0,nan,nan,0.6656840413808821
3,AINR,none,170,1,0,0,0,nan,nan,0.6656840413808821
3,AINR,none,171,1,0,0,0,nan,nan,0.6656840413808821
3,AINR,none,172,1,0,0,0,nan,nan,0.6656840413808821
3,AINR,none,173,1,0,0,0,nan,nan,0.6656840413808821
3,AINR,none,174,0,1,0,0,nan,nan,0.6656840413808821
3,AINR,none,175,1,0,0,0,nan,nan,0.6656840413808821
3,AINR,none,176,1,0,0,0,nan,nan,0.6656840413808821
3,AINR,none,177,1,0,0,0,nan,nan,0.6656840413808821
3,AINR,none,178,1,0,0,0,nan,nan,0.6656840413808821
3,AINR,none,179,1,0,0,0,nan,nan,0.6656840413808821
3,AINR,none,180,1,0,0,0,nan,nan,0.6656840413808821
3,AINR,none,181,1,0,0,0,nan,nan,0.6656840413808821
3,AINR,none,182,0,1,0,0,nan,nan,0.6656840413808821
3,AINR,none,183,1,0,0,0,nan,nan,0.6656840413808821
3,AINR,none,184,1,0,0,0,nan,nan,0.6656840413808821
3,AINR,none,185,1,0,0,0,nan,nan,0.6656840413808821
3,AINR,none,186,1,0,0,0,nan,nan,0.6656840413808821
3,AINR,none,187,1,0,0,0,nan,nan,0.6656840413808821
3,AINR,none,188,1,0,0,0,nan,nan,0.6656840413808821
3,AINR,none,189,0,1,0,0,nan,nan,0.6656840413808821
3,AINR,none,190,0,1,0,0,nan,nan,0.6656840413808821
3,AINR,none,191,1,0,0,0,nan,nan,0.6656840413808821
3,AINR,none,192,1,0,0,0,nan,nan,0.6656840413808821
3,AINR,none,193,1,0,0,0,nan,nan,0.6656840413808821
3,AINR,none,194,1,0,0,0,nan,nan,0.6656840413808821
3,AINR,none,195,1,0,0,0,nan,nan,0.6656840413808821
3,AINR,none,196,1,0,0,0,nan,nan,0.6656840413808821
3,AINR,none,197,1,0,0,0,nan,nan,0.6656840413808821
3,AINR,none,198,1,0,0,0,nan,nan,0.6656840413808821
3,AINR,none,199,1,0,0,0,nan,nan,0.6656840413808821
3,AINR,none,200,1,0,0,0,nan,nan,0.6656840413808821
3,AINR,none,201,1,0,0,0,nan,nan,0.6656840413808821
3,AINR,none,202,1,0,0,0,nan,nan,0.6656840413808821
3,AINR,none,203,0,1,0,0,nan,nan,0.6656840413808821
3,AINR,none,204,1,0,0,0,nan,nan,0.6656840413808821
3,AINR,none,205,1,0,0,0,nan,nan,0.6656840413808821
3,AINR,none,206,1,0,0,0,nan,nan,0.6656840413808821
3,AINR,none,207,1,0,0,0,nan,nan,0.6656840413808821
3,AINR,none,208,1,0,0,0,nan,nan,0.6656840413808821
3,AINR,none,209,1,0,0,0,nan,nan,0.6656840413808821
3,AINR,none,210,1,0,0,0,nan,nan,0.6656840413808821
3,AINR,none,211,1,0,0,0,nan,nan,0.6656840413808821
3,AINR,none,212,1,0,0,0,nan,nan,0.6656840413808821
3,AINR,none,213,1,0,0,0,nan,nan,0.6656840413808821
3,AINR,none,214,0,1,0,0,nan,nan,0.6656840413808821
3,AINR,none,215,1,0,0,0,nan,nan,0.6656840413808821
3,AINR,none,216,1,0,0,0,nan,nan,0.6656840413808821
3,AINR,none,217,1,0,0,0,nan,nan,0.6656840413808821
3,AINR,none,218,1,0,0,0,nan,nan,0.6656840413808821
3,AINR,none,219,1,0,0,0,nan,nan,0.6656840413808821
3,AINR,none,220,1,0,0,0,nan,nan,0.6656840413808821
3,AINR,none,221,1,0,0,0,nan,nan,0.6656840413808821
3,AINR,none,222,1,0,0,0,nan,nan,0.6656840413808821
3,AINR,none,223,1,0,0,0,nan,nan,0.6656840413808821
3,AINR,none,224,1,0,0,0,nan,nan,0.6656840413808821
3,AINR,none,225,1,0,0,0,nan,nan,0.6656840413808821
3,AINR,none,226,1,0,0,0,nan,nan,0.6656840413808821
3,AINR,none,227,1,0,0,0,nan,nan,0.6656840413808821
3,AINR,none,228,1,0,0,0,nan,nan,0.6656840413808821
3,AINR,none,229,1,0,0,0,nan,nan,0.6656840413808821
3,AINR,none,230,1,0,0,0,nan,nan,0.6656840413808821
3,AINR,none,231,1,0,0,0,nan,nan,0.6656840413808821
3,AINR,none,232,1,0,0,0,nan,nan,0.6656840413808821
3,AINR,none,233,1,0,0,0,nan,nan,0.6656840413808821
3,AINR,none,234,1,0,0,0,nan,nan,0.6656840413808821
3,AINR,none,235,1,0,0,0,nan,nan,0.6656840413808821
3,AINR,none,236,1,0,0,0,nan,nan,0.6656840413808821
3,AINR,none,237,1,0,0,0,nan,nan,0.6656840413808821
3,AINR,none,238,1,0,0,0,nan,nan,0.6656840413808821
3,AINR,none,239,1,0,0,0,nan,nan,0.6656840413808821
3,AINR,none,240,1,0,0,0,nan,nan,0.6656840413808821
3,AINR,none,241,1,0,0,0,nan,nan,0.6656840413808821
3,AINR,none,242,1,0,0,0,nan,nan,0.6656840413808821
3,AINR,none,243,1,0,0,0,nan,nan,0.6656840413808821
3,AINR,none,244,1,0,0,0,nan,nan,0.6656840413808821
3,AINR,none,245,1,0,0,0,nan,nan,0.6656840413808821
3,AINR,none,246,1,0,0,0,nan,nan,0.6656840413808821
3,AINR,none,247,1,0,0,0,nan,nan,0.6656840413808821
3,AINR,none,248,1,0,0,0,nan,nan,0.6656840413808821
3,AINR,none,249,1,0,0,0,nan,nan,0.6656840413808821
3,AINR,none,250,1,0,0,0,nan,nan,0.6656840413808821
3,AINR,none,251,1,0,0,0,nan,nan,0.6656840413808821
3,AINR,none,252,1,0,0,0,nan,nan,0.6656840413808821
3,AINR,none,253,1,0,0,0,nan,nan,0.6656840413808821
3,AINR,none,254,1,0,0,0,nan,nan,0.6656840413808821
3,AINR,none,255,1,0,0,0,nan,nan,0.6656840413808821
3,AINR,none,256,1,0,0,0,nan,nan,0.6656840413808821
3,AINR,none,257,1,0,0,0,nan,nan,0.6656840413808821
3,AINR,none,258,1,0,0,0,nan,nan,0.6656840413808821
3,AINR,none,259,1,0,0,0,nan,nan,0.6656840413808821
3,AINR,none,260,1,0,0,0,nan,nan,0.6656840413808821
3,AINR,none,261,1,0,0,0,nan,nan,0.6656840413808821
3,AINR,none,262,1,0,0,0,nan,nan,0.6656840413808821
3,AINR,none,263,1,0,0,0,nan,nan,0.6656840413808821
3,AINR,none,264,1,0,0,0,nan,nan,0.6656840413808821
3,AINR,none,265,1,0,0,0,nan,nan,0.6656840413808821
3,AINR,none,266,1,0,0,0,nan,nan,0.6656840413808821
3,AINR,none,267,1,0,0,0,nan,nan,0.6656840413808821
3,AINR,none,268,0,1,0,0,nan,nan,0.6656840413808821
3,AINR,none,269,1,0,0,0,nan,nan,0.6656840413808821
3,AINR,none,270,1,0,0,0,nan,nan,0.6656840413808821
3,AINR,none,271,1,0,0,0,nan,nan,0.6656840413808821
3,AINR,none,272,1,0,0,0,nan,nan,0.6656840413808821
3,AINR,none,273,1,0,0,0,nan,nan,0.6656840413808821
3,AINR,none,274,1,0,0,0,nan,nan,0.6656840413808821
3,AINR,none,275,1,0,0,0,nan,nan,0.6656840413808821
3,AINR,none,276,1,0,0,0,nan,nan,0.6656840413808821
3,AINR,none,277,1,0,0,0,nan,nan,0.6656840413808821
3,AINR,none,278,0,1,0,0,nan,nan,0.6656840413808821
3,AINR,none,279,1,0,0,0,nan,nan,0.6656840413808821
3,AINR,none,280,1,0,0,0,nan,nan,0.6656840413808821
3,AINR,none,281,1,0,0,0,nan,nan,0.6656840413808821
3,AINR,none,282,1,0,0,0,nan,nan,0.6656840413808821
3,AINR,none,283,0,1,0,0,nan,nan,0.6656840413808821
3,AINR,none,284,1,0,0,0,nan,nan,0.6656840413808821
3,AINR,none,285,1,0,0,0,nan,nan,0.6656840413808821
3,AINR,none,286,0,1,0,0,nan,nan,0.6656840413808821
3,AINR,none,287,1,0,0,0,nan,nan,0.6656840413808821
3,AINR,none,288,1,0,0,0,nan,nan,0.6656840413808821
3,AINR,none,289,1,0,0,0,nan,nan,0.6656840413808821
3,AINR,none,290,1,0,0,0,nan,nan,0.6656840413808821
3,AINR,none,291,1,0,0,0,nan,nan,0.6656840413808821
3,AINR,none,292,1,0,0,0,nan,nan,0.6656840413808821
3,AINR,none,293,1,0,0,0,nan,nan,0.6656840413808821
3,AINR,none,294,1,0,0,0,nan,nan,0.6656840413808821
3,AINR,none,295,1,0,0,0,nan,nan,0.6656840413808821
3,AINR,none,296,1,0,0,0,nan,nan,0.6656840413808821
3,AINR,none,297,1,0,0,0,nan,nan,0.6656840413808821
3,AINR,none,298,1,0,0,0,nan,nan,0.6656840413808821
3,AINR,none,299,1,0,0,0,nan,nan,0.6656840413808821
3,AINR,none,300,1,0,0,0,nan,nan,0.6656840413808821
3,AINR,none,301,1,0,0,0,nan,nan,0.6656840413808821
3,AINR,none,302,0,1,0,0,nan,nan,0.6656840413808821
3,AINR,none,303,1,0,0,0,nan,nan,0.6656840413808821
3,AINR,none,304,1,0,0,0,nan,nan,0.6656840413808821
3,AINR,none,305,1,0,0,0,nan,nan,0.6656840413808821
3,AINR,none,306,1,0,0,0,nan,nan,0.6656840413808821
3,AINR,none,307,0,1,0,0,nan,nan,0.6656840413808821
3,AINR,none,308,1,0,0,0,nan,nan,0.6656840413808821
3,AINR,none,309,1,0,0,0,nan,nan,0.6656840413808821
3,AINR,none,310,1,0,0,0,nan,nan,0.6656840413808821
3,AINR,none,311,1,0,0,0,nan,nan,0.6656840413808821
3,AINR,none,312,1,0,0,0,nan,nan,0.6656840413808821
3,AINR,none,313,1,0,0,0,nan,nan,0.6656840413808821
3,AINR,none,314,1,0,0,0,nan,nan,0.6656840413808821
3,AINR,none,315,1,0,0,0,nan,nan,0.6656840413808821
3,AINR,none,316,0,1,0,0,nan,nan,0.6656840413808821
3,AINR,none,317,1,0,0,0,nan,nan,0.6656840413808821
3,AINR,none,318,1,0,0,0,nan,nan,0.6656840413808821
3,AINR,none,319,0,1,0,0,nan,nan,0.6656840413808821
3,AINR,none,320,1,0,0,0,nan,nan,0.6656840413808821
3,AINR,none,321,0,1,0,0,nan,nan,0.6656840413808821
3,AINR,none,322,1,0,0,0,nan,nan,0.6656840413808821
3,AINR,none,323,1,0,0,0,nan,nan,0.6656840413808821
3,AINR,none,324,1,0,0,0,nan,nan,0.6656840413808821
3,AINR,none,325,1,0,0,0,nan,nan,0.6656840413808821
3,AINR,none,326,1,0,0,0,nan,nan,0.6656840413808821
3,AINR,none,327,1,0,0,0,nan,nan,0.6656840413808821
3,AINR,none,328,1,0,0,0,nan,nan,0.6656840413808821
3,AINR,none,329,1,0,0,0,nan,nan,0.6656840413808821
3,AINR,none,330,1,0,0,0,nan,nan,0.6656840413808821
3,AINR,none,331,1,0,0,0,nan,nan,0.6656840413808821
3,AINR,none,332,1,0,0,0,nan,nan,0.6656840413808821
3,AINR,none,333,1,0,0,0,nan,nan,0.6656840413808821
3,AINR,none,334,1,0,0,0,nan,nan,0.6656840413808821
3,AINR,none,335,0,1,0,0,nan,nan,0.6656840413808821
3,AINR,none,336,1,0,0,0,nan,nan,0.6656840413808821
3,AINR,none,337,1,0,0,0,nan,nan,0.6656840413808821
3,AINR,none,338,1,0,0,0,nan,nan,0.6656840413808821
3,AINR,none,339,1,0,0,0,nan,nan,0.6656840413808821
3,AINR,none,340,1,0,0,0,nan,nan,0.6656840413808821
3,AINR,none,341,1,0,0,0,nan,nan,0.6656840413808821
3,AINR,none,342,0,1,0,0,nan,nan,0.6656840413808821
3,AINR,none,343,1,0,0,0,nan,nan,0.6656840413808821
3,AINR,none,344,1,0,0,0,nan,nan,0.6656840413808821
3,AINR,none,345,1,0,0,0,nan,nan,0.6656840413808821
3,AINR,none,346,1,0,0,0,nan,nan,0.6656840413808821
3,AINR,none,347,1,0,0,0,nan,nan,0.6656840413808821
3,AINR,none,348,1,0,0,0,nan,nan,0.6656840413808821
3,AINR,none,349,0,1,0,0,nan,nan,0.6656840413808821
3,AINR,none,350,1,0,0,0,nan,nan,0.6656840413808821
3,AINR,none,351,1,0,0,0,nan,nan,0.6656840413808821
3,AINR,none,352,1,0,0,0,nan,nan,0.6656840413808821
3,AINR,none,353,1,0,0,0,nan,nan,0.6656840413808821
3,AINR,none,354,1,0,0,0,nan,nan,0.6656840413808821
3,AINR,none,355,1,0,0,0,nan,nan,0.6656840413808821
3,AINR,none,356,1,0,0,0,nan,nan,0.6656840413808821
3,AINR,none,357,1,0,0,0,nan,nan,0.6656840413808821
3,AINR,none,358,1,0,0,0,nan,nan,0.6656840413808821
3,AINR,none,359,0,1,0,0,nan,nan,0.6656840413808821
3,AINR,none,360,1,0,0,0,nan,nan,0.6656840413808821
3,AINR,none,361,0,1,0,0,nan,nan,0.6656840413808821
3,AINR,none,362,1,0,0,0,nan,nan,0.6656840413808821
3,AINR,none,363,1,0,0,0,nan,nan,0.6656840413808821
3,AINR,none,364,1,0,0,0,nan,nan,0.6656840413808821
3,AINR,none,365,1,0,0,0,nan,nan,0.6656840413808821
3,AINR,none,366,1,0,0,0,nan,nan,0.6656840413808821
3,AINR,none,367,0,1,0,0,nan,nan,0.6656840413808821
3,AINR,none,368,1,0,0,0,nan,nan,0.6656840413808821
3,AINR,none,369,1,0,0,0,nan,nan,0.6656840413808821
3,AINR,none,370,1,0,0,0,nan,nan,0.6656840413808821
3,AINR,none,371,1,0,0,0,nan,nan,0.6656840413808821
3,AINR,none,372,1,0,0,0,nan,nan,0.6656840413808821
3,AINR,none,373,1,0,0,0,nan,nan,0.6656840413808821
3,AINR,none,374,1,0,0,0,nan,nan,0.6656840413808821
3,AINR,none,375,1,0,0,0,nan,nan,0.6656840413808821
3,AINR,none,376,1,0,0,0,nan,nan,0.6656840413808821
3,AINR,none,377,1,0,0,0,nan,nan,0.6656840413808821
3,AINR,none,378,1,0,0,0,nan,nan,0.6656840413808821
3,AINR,none,379,1,0,0,0,nan,nan,0.6656840413808821
3,AINR,none,380,1,0,0,0,nan,nan,0.6656840413808821
3,AINR,none,381,1,0,0,0,nan,nan,0.6656840413808821
3,AINR,none,382,1,0,0,0,nan,nan,0.6656840413808821
3,AINR,none,383,1,0,0,0,nan,nan,0.6656840413808821
3,AINR,none,384,1,0,0,0,nan,nan,0.6656840413808821
3,AINR,none,385,1,0,0,0,nan,nan,0.6656840413808821
3,AINR,none,386,1,0,0,0,nan,nan,0.6656840413808821
3,AINR,none,387,1,0,0,0,nan,nan,0.6656840413808821
3,AINR,none,388,1,0,0,0,nan,nan,0.6656840413808821
3,AINR,none,389,1,0,0,0,nan,nan,0.6656840413808821
3,AINR,none,390,1,0,0,0,nan,nan,0.6656840413808821
3,AINR,none,391,1,0,0,0,nan,nan,0.6656840413808821
3,AINR,none,392,1,0,0,0,nan,nan,0.6656840413808821
3,AINR,none,393,1,0,0,0,nan,nan,0.6656840413808821
3,AINR,none,394,1,0,0,0,nan,nan,0.6656840413808821
3,AINR,none,395,1,0,0,0,nan,nan,0.6656840413808821
3,AINR,none,396,1,0,0,0,nan,nan,0.6656840413808821
3,AINR,none,397,1,0,0,0,nan,nan,0.6656840413808821
3,AINR,none,398,1,0,0,0,nan,nan,0.6656840413808821
3,AINR,none,399,1,0,0,0,nan,nan,0.6656840413808821
3,AINR,none,400,1,0,0,0,nan,nan,0.6656840413808821
3,AINR,none,401,1,0,0,0,nan,nan,0.6656840413808821
3,AINR,none,402,1,0,0,0,nan,nan,0.6656840413808821
3,AINR,none,403,1,0,0,0,nan,nan,0.6656840413808821
3,AINR,none,404,1,0,0,0,nan,nan,0.6656840413808821
3,AINR,none,405,0,1,0,0,nan,nan,0.6656840413808821
3,AINR,none,406,1,0,0,0,nan,nan,0.6656840413808821
3,AINR,none,407,1,0,0,0,nan,nan,0.6656840413808821
3,AINR,none,408,1,0,0,0,nan,nan,0.6656840413808821
3,AINR,none,409,1,0,0,0,nan,nan,0.6656840413808821
3,AINR,none,410,1,0,0,0,nan,nan,0.6656840413808821
3,AINR,none,411,1,0,0,0,nan,nan,0.6656840413808821
3,AINR,none,412,1,0,0,0,nan,nan,0.6656840413808821
3,AINR,none,413,1,0,0,0,nan,nan,0.6656840413808821
3,AINR,none,414,1,0,0,0,nan,nan,0.6656840413808821
3,AINR,none,415,1,0,0,0,nan,nan,0.6656840413808821
3,AINR,none,416,1,0,0,0,nan,nan,0.6656840413808821
3,AINR,none,417,1,0,0,0,nan,nan,0.6656840413808821
3,AINR,none,418,0,1,0,0,nan,nan,0.6656840413808821
3,AINR,none,419,1,0,0,0,nan,nan,0.6656840413808821
3,AINR,none,420,1,0,0,0,nan,nan,0.6656840413808821
3,AINR,none,421,1,0,0,0,nan,nan,0.6656840413808821
3,AINR,none,422,1,0,0,0,nan,nan,0.6656840413808821
3,AINR,none,423,1,0,0,0,nan,nan,0.6656840413808821
3,AINR,none,424,1,0,0,0,nan,nan,0.6656840413808821
3,AINR,none,425,1,0,0,0,nan,nan,0.6656840413808821
3,AINR,none,426,1,0,0,0,nan,nan,0.6656840413808821
3,AINR,none,427,1,0,0,0,nan,nan,0.6656840413808821
3,AINR,none,428,1,0,0,0,nan,nan,0.6656840413808821
3,AINR,none,429,0,1,0,0,nan,nan,0.6656840413808821
3,AINR,none,430,1,0,0,0,nan,nan,0.6656840413808821
3,AINR,none,431,1,0,0,0,nan,nan,0.6656840413808821
3,AINR,none,432,1,0,0,0,nan,nan,0.6656840413808821
3,AINR,none,433,1,0,0,0,nan,nan,0.6656840413808821
3,AINR,none,434,1,0,0,0,nan,nan,0.6656840413808821
3,AINR,none,435,1,0,0,0,nan,nan,0.6656840413808821
3,AINR,none,436,1,0,0,0,nan,nan,0.6656840413808821
3,AINR,none,437,1,0,0,0,nan,nan,0.6656840413808821
3,AINR,none,438,1,0,0,0,nan,nan,0.6656840413808821
3,AINR,none,439,0,1,0,0,nan,nan,0.6656840413808821
3,AINR,none,440,1,0,0,0,nan,nan,0.6656840413808821
3,AINR,none,441,1,0,0,0,nan,nan,0.6656840413808821
3,AINR,none,442,1,0,0,0,nan,nan,0.6656840413808821
3,AINR,none,443,0,1,0,0,nan,nan,0.6656840413808821
3,AINR,none,444,1,0,0,0,nan,nan,0.6656840413808821
3,AINR,none,445,1,0,0,0,nan,nan,0.6656840413808821
3,AINR,none,446,1,0,0,0,nan,nan,0.6656840413808821
3,AINR,none,447,1,0,0,0,nan,nan,0.6656840413808821
3,AINR,none,448,1,0,0,0,nan,nan,0.6656840413808821
3,AINR,none,449,1,0,0,0,nan,nan,0.6656840413808821
3,AINR,none,450,1,0,0,0,nan,nan,0.6656840413808821
3,AINR,none,451,1,0,0,0,nan,nan,0.6656840413808821
3,AINR,none,452,1,0,0,0,nan,nan,0.6656840413808821
3,AINR,none,453,1,0,0,0,nan,nan,0.6656840413808821
3,AINR,none,454,1,0,0,0,nan,nan,0.6656840413808821
3,AINR,none,455,1,0,0,0,nan,nan,0.6656840413808821
3,AINR,none,456,1,0,0,0,nan,nan,0.6656840413808821
3,AINR,none,457,1,0,0,0,nan,nan,0.6656840413808821
3,AINR,none,458,1,0,0,0,nan,nan,0.6656840413808821
3,AINR,none,459,1,0,0,0,nan,nan,0.6656840413808821
3,AINR,none,460,1,0,0,0,nan,nan,0.6656840413808821
3,AINR,none,461,1,0,0,0,nan,nan,0.6656840413808821
3,AINR,none,462,1,0,0,0,nan,nan,0.6656840413808821
3,AINR,none,463,1,0,0,0,nan,nan,0.6656840413808821
3,AINR,none,464,1,0,0,0,nan,nan,0.6656840413808821
3,AINR,none,465,1,0,0,0,nan,nan,0.6656840413808821
3,AINR,none,466,1,0,0,0,nan,nan,0.6656840413808821
3,AINR,none,467,1,0,0,0,nan,nan,0.6656840413808821
3,AINR,none,468,1,0,0,0,nan,nan,0.6656840413808821
3,AINR,none,469,1,0,0,0,nan,nan,0.6656840413808821
3,AINR,none,470,1,0,0,0,nan,nan,0.6656840413808821
3,AINR,none,471,1,0,0,0,nan,nan,0.6656840413808821
3,AINR,none,472,1,0,0,0,nan,nan,0.6656840413808821
3,AINR,none,473,1,0,0,0,nan,nan,0.6656840413808821
3,AINR,none,474,1,0,0,0,nan,nan,0.6656840413808821
3,AINR,none,475,1,0,0,0,nan,nan,0.6656840413808821
3,AINR,none,476,1,0,0,0,nan,nan,0.6656840413808821
3,AINR,none,477,1,0,0,0,nan,nan,0.6656840413808821
3,AINR,none,478,1,0,0,0,nan,nan,0.6656840413808821
3,AINR,none,479,1,0,0,0,nan,nan,0.6656840413808821
3,AINR,none,480,1,0,0,0,nan,nan,0.6656840413808821
3,AINR,none,481,1,0,0,0,nan,nan,0.6656840413808821
3,AINR,none,482,1,0,0,0,nan,nan,0.6656840413808821
3,AINR,none,483,1,0,0,0,nan,nan,0.6656840413808821
3,AINR,none,484,1,0,0,0,nan,nan,0.6656840413808821
3,AINR,none,485,1,0,0,0,nan,nan,0.6656840413808821
3,AINR,none,486,1,0,0,0,nan,nan,0.6656840413808821
3,AINR,none,487,1,0,0,0,nan,nan,0.6656840413808821
3,AINR,none,488,1,0,0,0,nan,nan,0.6656840413808821
3,AINR,none,489,0,1,0,0,nan,nan,0.6656840413808821
3,AINR,none,490,1,0,0,0,nan,nan,0.6656840413808821
3,AINR,none,491,1,0,0,0,nan,nan,0.6656840413808821
3,AINR,none,492,1,0,0,0,nan,nan,0.6656840413808821
3,AINR,none,493,1,0,0,0,nan,nan,0.6656840413808821
3,AINR,none,494,1,0,0,0,nan,nan,0.6656840413808821
3,AINR,none,495,1,0,0,0,nan,nan,0.6656840413808821
3,AINR,none,496,1,0,0,0,nan,nan,0.6656840413808821
3,AINR,none,497,1,0,0,0,nan,nan,0.6656840413808821
3,AINR,none,498,1,0,0,0,nan,nan,0.6656840413808821
3,AINR,none,499,1,0,0,0,nan,nan,0.6656840413808821
3,AINR,none,500,1,0,0,0,nan,nan,0.6656840413808821
3,AINR,none,501,1,0,0,0,nan,nan,0.6656840413808821
3,AINR,none,502,1,0,0,0,nan,nan,0.6656840413808821
3,AINR,none,503,1,0,0,0,nan,nan,0.6656840413808821
3,AINR,none,504,1,0,0,0,nan,nan,0.6656840413808821
3,AINR,none,505,1,0,0,0,nan,nan,0.6656840413808821
3,AINR,none,506,1,0,0,0,nan,nan,0.6656840413808821
3,AINR,none,507,1,0,0,0,nan,nan,0.6656840413808821
3,AINR,none,508,1,0,0,0,nan,nan,0.6656840413808821
3,AINR,none,509,1,0,0,0,nan,nan,0.6656840413808821
3,AINR,none,510,1,0,0,0,nan,nan,0.6656840413808821
3,AINR,none,511,1,0,0,0,nan,nan,0.6656840413808821
3,AINR,none,512,1,0,0,0,nan,nan,0.6656840413808821
3,AINR,none,513,1,0,0,0,nan,nan,0.6656840413808821
3,AINR,none,514,1,0,0,0,nan,nan,0.6656840413808821
3,AINR,none,515,1,0,0,0,nan,nan,0.6656840413808821
3,AINR,none,516,1,0,0,0,nan,nan,0.6656840413808821
3,AINR,none,517,1,0,0,0,nan,nan,0.6656840413808821
3,AINR,none,518,1,0,0,0,nan,nan,0.6656840413808821
3,AINR,none,519,1,0,0,0,nan,nan,0.6656840413808821
3,AINR,none,520,1,0,0,0,nan,nan,0.6656840413808821
3,AINR,none,521,1,0,0,0,nan,nan,0.6656840413808821
3,AINR,none,522,1,0,0,0,nan,nan,0.6656840413808821
3,AINR,none,523,0,1,0,0,nan,nan,0.6656840413808821
3,AINR,none,524,1,0,0,0,nan,nan,0.6656840413808821
3,AINR,none,525,0,1,0,0,nan,nan,0.6656840413808821
3,AINR,none,526,1,0,0,0,nan,nan,0.6656840413808821
3,AINR,none,527,1,0,0,0,nan,nan,0.6656840413808821
3,AINR,none,528,1,0,0,0,nan,nan,0.6656840413808821
3,AINR,none,529,1,0,0,0,nan,nan,0.6656840413808821
3,AINR,none,530,1,0,0,0,nan,nan,0.6656840413808821
3,AINR,none,531,1,0,0,0,nan,nan,0.6656840413808821
3,AINR,none,532,1,0,0,0,nan,nan,0.6656840413808821
3,AINR,none,533,1,0,0,0,nan,nan,0.6656840413808821
3,AINR,none,534,0,1,0,0,nan,nan,0.6656840413808821
3,AINR,none,535,1,0,0,0,nan,nan,0.6656840413808821
3,AINR,none,536,1,0,0,0,nan,nan,0.6656840413808821
3,AINR,none,537,1,0,0,0,nan,nan,0.6656840413808821
3,AINR,none,538,1,0,0,0,nan,nan,0.6656840413808821
3,AINR,none,539,1,0,0,0,nan,nan,0.6656840413808821
3,AINR,none,540,1,0,0,0,nan,nan,0.6656840413808821
3,AINR,none,541,1,0,0,0,nan,nan,0.6656840413808821
3,AINR,none,542,1,0,0,0,nan,nan,0.6656840413808821
3,AINR,none,543,0,1,0,0,nan,nan,0.6656840413808821
3,AINR,none,544,1,0,0,0,nan,nan,0.6656840413808821
3,AINR,none,545,1,0,0,0,nan,nan,0.6656840413808821
3,AINR,none,546,1,0,0,0,nan,nan,0.6656840413808821
3,AINR,none,547,1,0,0,0,nan,nan,0.6656840413808821
3,AINR,none,548,1,0,0,0,nan,nan,0.6656840413808821
3,AINR,none,549,1,0,0,0,nan,nan,0.6656840413808821
3,AINR,none,550,1,0,0,0,nan,nan,0.6656840413808821
3,AINR,none,551,1,0,0,0,nan,nan,0.6656840413808821
3,AINR,none,552,1,0,0,0,nan,nan,0.6656840413808821
3,AINR,none,553,1,0,0,0,nan,nan,0.6656840413808821
3,AINR,none,554,1,0,0,0,nan,nan,0.6656840413808821
3,AINR,none,555,1,0,0,0,nan,nan,0.6656840413808821
3,AINR,none,556,1,0,0,0,nan,nan,0.6656840413808821
3,AINR,none,557,1,0,0,0,nan,nan,0.6656840413808821
3,AINR,none,558,1,0,0,0,nan,nan,0.6656840413808821
3,AINR,none,559,1,0,0,0,nan,nan,0.6656840413808821
3,AINR,none,560,1,0,0,0,nan,nan,0.6656840413808821
3,AINR,none,561,1,0,0,0,nan,nan,0.6656840413808821
3,AINR,none,562,1,0,0,0,nan,nan,0.6656840413808821
3,AINR,none,563,1,0,0,0,nan,nan,0.6656840413808821
3,AINR,none,564,1,0,0,0,nan,nan,0.6656840413808821
3,AINR,none,565,1,0,0,0,nan,nan,0.6656840413808821
3,AINR,none,566,1,0,0,0,nan,nan,0.6656840413808821
3,AINR,none,567,1,0,0,0,nan,nan,0.6656840413808821
3,AINR,none,568,1,0,0,0,nan,nan,0.6656840413808821
3,AINR,none,569,1,0,0,0,nan,nan,0.6656840413808821
3,AINR,none,570,1,0,0,0,nan,nan,0.6656840413808821
3,AINR,none,571,1,0,0,0,nan,nan,0.6656840413808821
3,AINR,none,572,1,0,0,0,nan,nan,0.6656840413808821
3,AINR,none,573,1,0,0,0,nan,nan,0.6656840413808821
3,AINR,none,574,1,0,0,0,nan,nan,0.6656840413808821
3,AINR,none,575,1,0,0,0,nan,nan,0.6656840413808821
3,AINR,none,576,1,0,0,0,nan,nan,0.6656840413808821
3,AINR,none,577,1,0,0,0,nan,nan,0.6656840413808821
3,AINR,none,578,1,0,0,0,nan,nan,0.6656840413808821
3,AINR,none,579,1,0,0,0,nan,nan,0.6656840413808821
3,AINR,none,580,1,0,0,0,nan,nan,0.6656840413808821
3,AINR,none,581,1,0,0,0,nan,nan,0.6656840413808821
3,AINR,none,582,1,0,0,0,nan,nan,0.6656840413808821
3,AINR,none,583,1,0,0,0,nan,nan,0.6656840413808821
3,AINR,none,584,1,0,0,0,nan,nan,0.6656840413808821
3,AINR,none,585,1,0,0,0,nan,nan,0.6656840413808821
3,AINR,none,586,1,0,0,0,nan,nan,0.6656840413808821
3,AINR,none,587,1,0,0,0,nan,nan,0.6656840413808821
3,AINR,none,588,1,0,0,0,nan,nan,0.6656840413808821
3,AINR,none,589,1,0,0,0,nan,nan,0.6656840413808821
3,AINR,none,590,0,1,0,0,nan,nan,0.6656840413808821
3,AINR,none,591,1,0,0,0,nan,nan,0.6656840413808821
3,AINR,none,592,1,0,0,0,nan,nan,0.6656840413808821
3,AINR,none,593,1,0,0,0,nan,nan,0.6656840413808821
3,AINR,none,594,1,0,0,0,nan,nan,0.6656840413808821
3,AINR,none,595,1,0,0,0,nan,nan,0.6656840413808821
3,AINR,none,596,1,0,0,0,nan,nan,0.6656840413808821
3,AINR,none,597,1,0,0,0,nan,nan,0.6656840413808821
3,AINR,none,598,1,0,0,0,nan,nan,0.6656840413808821
3,AINR,none,599,0,1,0,0,nan,nan,0.6656840413808821
3,AINR,none,600,1,0,0,0,nan,nan,0.6656840413808821
3,AINR,none,601,1,0,0,0,nan,nan,0.6656840413808821
3,AINR,none,602,1,0,0,0,nan,nan,0.6656840413808821
3,AINR,none,603,1,0,0,0,nan,nan,0.6656840413808821
3,AINR,none,604,1,0,0,0,nan,nan,0.6656840413808821
3,AINR,none,605,1,0,0,0,nan,nan,0.6656840413808821
3,AINR,none,606,1,0,0,0,nan,nan,0.6656840413808821
3,AINR,none,607,1,0,0,0,nan,nan,0.6656840413808821
3,AINR,none,608,1,0,0,0,nan,nan,0.6656840413808821
3,AINR,none,609,1,0,0,0,nan,nan,0.6656840413808821
3,AINR,none,610,1,0,0,0,nan,nan,0.6656840413808821
3,AINR,none,611,1,0,0,0,nan,nan,0.6656840413808821
3,AINR,none,612,1,0,0,0,nan,nan,0.6656840413808821
3,AINR,none,613,1,0,0,0,nan,nan,0.6656840413808821
3,AINR,none,614,1,0,0,0,nan,nan,0.6656840413808821
3,AINR,none,615,1,0,0,0,nan,nan,0.6656840413808821
3,AINR,none,616,1,0,0,0,nan,nan,0.6656840413808821
3,AINR,none,617,1,0,0,0,nan,nan,0.6656840413808821
3,AINR,none,618,1,0,0,0,nan,nan,0.6656840413808821
3,AINR,none,619,1,0,0,0,nan,nan,0.6656840413808821
3,AINR,none,620,1,0,0,0,nan,nan,0.6656840413808821
3,AINR,none,621,1,0,0,0,nan,nan,0.6656840413808821
3,AINR,none,622,1,0,0,0,nan,nan,0.6656840413808821
3,AINR,none,623,1,0,0,0,nan,nan,0.6656840413808821
3,AINR,none,624,1,0,0,0,nan,nan,0.6656840413808821
3,AINR,none,625,1,0,0,0,nan,nan,0.6656840413808821
3,AINR,none,626,1,0,0,0,nan,nan,0.6656840413808821
3,AINR,none,627,1,0,0,0,nan,nan,0.6656840413808821
3,AINR,none,628,1,0,0,0,nan,nan,0.6656840413808821
3,AINR,none,629,1,0,0,0,nan,nan,0.6656840413808821
3,AINR,none,630,1,0,0,0,nan,nan,0.6656840413808821
3,AINR,none,631,1,0,0,0,nan,nan,0.6656840413808821
3,AINR,none,632,1,0,0,0,nan,nan,0.6656840413808821
3,AINR,none,633,1,0,0,0,nan,nan,0.6656840413808821
3,AINR,none,634,1,0,0,0,nan,nan,0.6656840413808821
3,AINR,none,635,1,0,0,0,nan,nan,0.6656840413808821
3,AINR,none,636,0,1,0,0,nan,nan,0.6656840413808821
3,AINR,none,637,1,0,0,0,nan,nan,0.6656840413808821
3,AINR,none,638,1,0,0,0,nan,nan,0.6656840413808821
3,AINR,none,639,1,0,0,0,nan,nan,0.6656840413808821
3,AINR,none,640,1,0,0,0,nan,nan,0.6656840413808821
3,AINR,none,641,1,0,0,0,nan,nan,0.6656840413808821
3,AINR,none,642,1,0,0,0,nan,nan,0.6656840413808821
3,AINR,none,643,1,0,0,0,nan,nan,0.6656840413808821
3,AINR,none,644,1,0,0,0,nan,nan,0.6656840413808821
3,AINR,none,645,1,0,0,0,nan,nan,0.6656840413808821
3,AINR,none,646,1,0,0,0,nan,nan,0.6656840413808821
3,AINR,none,647,1,0,0,0,nan,nan,0.6656840413808821
3,AINR,none,648,1,0,0,0,nan,nan,0.6656840413808821
3,AINR,none,649,1,0,0,0,nan,nan,0.6656840413808821
3,AINR,none,650,1,0,0,0,nan,nan,0.6656840413808821
3,AINR,none,651,1,0,0,0,nan,nan,0.6656840413808821
3,AINR,none,652,1,0,0,0,nan,nan,0.6656840413808821
3,AINR,none,653,1,0,0,0,nan,nan,0.6656840413808821
3,AINR,none,654,1,0,0,0,nan,nan,0.6656840413808821
3,AINR,none,655,1,0,0,0,nan,nan,0.6656840413808821
3,AINR,none,656,1,0,0,0,nan,nan,0.6656840413808821
3,AINR,none,657,1,0,0,0,nan,nan,0.6656840413808821
3,AINR,none,658,1,0,0,0,nan,nan,0.6656840413808821
3,AINR,none,659,1,0,0,0,nan,nan,0.6656840413808821
3,AINR,none,660,1,0,0,0,nan,nan,0.6656840413808821
3,AINR,none,661,1,0,0,0,nan,nan,0.6656840413808821
3,AINR,none,662,1,0,0,0,nan,nan,0.6656840413808821
3,AINR,none,663,1,0,0,0,nan,nan,0.6656840413808821
3,AINR,none,664,1,0,0,0,nan,nan,0.6656840413808821
3,AINR,none,665,1,0,0,0,nan,nan,0.6656840413808821
3,AINR,none,666,1,0,0,0,nan,nan,0.6656840413808821
3,AINR,none,667,1,0,0,0,nan,nan,0.6656840413808821
3,AINR,none,668,1,0,0,0,nan,nan,0.6656840413808821
3,AINR,none,669,1,0,0,0,nan,nan,0.6656840413808821
3,AINR,none,670,1,0,0,0,nan,nan,0.6656840413808821
3,AINR,none,671,1,0,0,0,nan,nan,0.6656840413808821
3,AINR,none,672,1,0,0,0,nan,nan,0.6656840413808821
3,AINR,none,673,1,0,0,0,nan,nan,0.6656840413808821
3,AINR,none,674,1,0,0,0,nan,nan,0.6656840413808821
3,AINR,none,675,1,0,0,0,nan,nan,0.6656840413808821
3,AINR,none,676,1,0,0,0,nan,nan,0.6656840413808821
3,AINR,none,677,1,0,0,0,nan,nan,0.6656840413808821
3,AINR,none,678,1,0,0,0,nan,nan,0.6656840413808821
3,AINR,none,679,1,0,0,0,nan,nan,0.6656840413808821
3,AINR,none,680,1,0,0,0,nan,nan,0.6656840413808821
3,AINR,none,681,1,0,0,0,nan,nan,0.6656840413808821
3,AINR,none,682,1,0,0,0,nan,nan,0.6656840413808821
3,AINR,none,683,1,0,0,0,nan,nan,0.6656840413808821
3,AINR,none,684,1,0,0,0,nan,nan,0.6656840413808821
3,AINR,none,685,1,0,0,0,nan,nan,0.6656840413808821
3,AINR,none,686,1,0,0,0,nan,nan,0.6656840413808821
3,AINR,none,687,1,0,0,0,nan,nan,0.6656840413808821
3,AINR,none,688,1,0,0,0,nan,nan,0.6656840413808821
3,AINR,none,689,1,0,0,0,nan,nan,0.6656840413808821
3,AINR,none,690,1,0,0,0,nan,nan,0.6656840413808821
3,AINR,none,691,1,0,0,0,nan,nan,0.6656840413808821
3,AINR,none,692,1,0,0,0,nan,nan,0.6656840413808821
3,AINR,none,693,1,0,0,0,nan,nan,0.6656840413808821
3,AINR,none,694,1,0,0,0,nan,nan,0.6656840413808821
3,AINR,none,695,1,0,0,0,nan,nan,0.6656840413808821
3,AINR,none,696,1,0,0,0,nan,nan,0.6656840413808821
3,AINR,none,697,0,1,0,0,nan,nan,0.6656840413808821
3,AINR,none,698,1,0,0,0,nan,nan,0.6656840413808821
3,AINR,none,699,1,0,0,0,nan,nan,0.6656840413808821
3,AINR,none,700,1,0,0,0,nan,nan,0.6656840413808821
3,AINR,none,701,1,0,0,0,nan,nan,0.6656840413808821
3,AINR,none,702,1,0,0,0,nan,nan,0.6656840413808821
3,AINR,none,703,1,0,0,0,nan,nan,0.6656840413808821
3,AINR,none,704,1,0,0,0,nan,nan,0.6656840413808821
3,AINR,none,705,1,0,0,0,nan,nan,0.6656840413808821
3,AINR,none,706,1,0,0,0,nan,nan,0.6656840413808821
3,AINR,none,707,1,0,0,0,nan,nan,0.6656840413808821
3,AINR,none,708,1,0,0,0,nan,nan,0.6656840413808821
3,AINR,none,709,1,0,0,0,nan,nan,0.6656840413808821
3,AINR,none,710,1,0,0,0,nan,nan,0.6656840413808821
3,AINR,none,711,1,0,0,0,nan,nan,0.6656840413808821
3,AINR,none,712,1,0,0,0,nan,nan,0.6656840413808821
3,AINR,none,713,1,0,0,0,nan,nan,0.6656840413808821
3,AINR,none,714,1,0,0,0,nan,nan,0.6656840413808821
3,AINR,none,715,1,0,0,0,nan,nan,0.6656840413808821
3,AINR,none,716,1,0,0,0,nan,nan,0.6656840413808821
3,AINR,none,717,1,0,0,0,nan,nan,0.6656840413808821
3,AINR,none,718,1,0,0,0,nan,nan,0.6656840413808821
3,AINR,none,719,1,0,0,0,nan,nan,0.6656840413808821
3,AINR,none,720,1,0,0,0,nan,nan,0.6656840413808821
3,AINR,none,721,1,0,0,0,nan,nan,0.6656840413808821
3,AINR,none,722,1,0,0,0,nan,nan,0.6656840413808821
3,AINR,none,723,1,0,0,0,nan,nan,0.6656840413808821
3,AINR,none,724,1,0,0,0,nan,nan,0.6656840413808821
3,AINR,none,725,1,0,0,0,nan,nan,0.6656840413808821
3,AINR,none,726,1,0,0,0,nan,nan,0.6656840413808821
3,AINR,none,727,1,0,0,0,nan,nan,0.6656840413808821
3,AINR,none,728,0,1,0,0,nan,nan,0.6656840413808821
3,AINR,none,729,1,0,0,0,nan,nan,0.6656840413808821
3,AINR,none,730,1,0,0,0,nan,nan,0.6656840413808821
3,AINR,none,731,1,0,0,0,nan,nan,0.6656840413808821
3,AINR,none,732,1,0,0,0,nan,nan,0.6656840413808821
3,AINR,none,733,1,0,0,0,nan,nan,0.6656840413808821
3,AINR,none,734,1,0,0,0,nan,nan,0.6656840413808821
3,AINR,none,735,1,0,0,0,nan,nan,0.6656840413808821
3,AINR,none,736,1,0,0,0,nan,nan,0.6656840413808821
3,AINR,none,737,1,0,0,0,nan,nan,0.6656840413808821
3,AINR,none,738,1,0,0,0,nan,nan,0.6656840413808821
3,AINR,none,739,1,0,0,0,nan,nan,0.6656840413808821
3,AINR,none,740,0,1,0,0,nan,nan,0.6656840413808821
3,AINR,none,741,1,0,0,0,nan,nan,0.6656840413808821
3,AINR,none,742,1,0,0,0,nan,nan,0.6656840413808821
3,AINR,none,743,1,0,0,0,nan,nan,0.6656840413808821
3,AINR,none,744,1,0,0,0,nan,nan,0.6656840413808821
3,AINR,none,745,1,0,0,0,nan,nan,0.6656840413808821
3,AINR,none,746,0,1,0,0,nan,nan,0.6656840413808821
3,AINR,none,747,0,1,0,0,nan,nan,0.6656840413808821
3,AINR,none,748,1,0,0,0,nan,nan,0.6656840413808821
3,AINR,none,749,1,0,0,0,nan,nan,0.6656840413808821
3,AINR,none,750,1,0,0,0,nan,nan,0.6656840413808821
3,AINR,none,751,1,0,0,0,nan,nan,0.6656840413808821
3,AINR,none,752,1,0,0,0,nan,nan,0.6656840413808821
3,AINR,none,753,1,0,0,0,nan,nan,0.6656840413808821
3,AINR,none,754,1,0,0,0,nan,nan,0.6656840413808821
3,AINR,none,755,0,1,0,0,nan,nan,0.6656840413808821
3,AINR,none,756,1,0,0,0,nan,nan,0.6656840413808821
3,AINR,none,757,1,0,0,0,nan,nan,0.6656840413808821
3,AINR,none,758,1,0,0,0,nan,nan,0.6656840413808821
3,AINR,none,759,1,0,0,0,nan,nan,0.6656840413808821
3,AINR,none,760,1,0,0,0,nan,nan,0.6656840413808821
3,AINR,none,761,1,0,0,0,nan,nan,0.6656840413808821
3,AINR,none,762,1,0,0,0,nan,nan,0.6656840413808821
3,AINR,none,763,1,0,0,0,nan,nan,0.6656840413808821
3,AINR,none,764,0,1,0,0,nan,nan,0.6656840413808821
3,AINR,none,765,1,0,0,0,nan,nan,0.6656840413808821
3,AINR,none,766,1,0,0,0,nan,nan,0.6656840413808821
3,AINR,none,767,1,0,0,0,nan,nan,0.6656840413808821
3,AINR,none,768,1,0,0,0,nan,nan,0.6656840413808821
3,AINR,none,769,1,0,0,0,nan,nan,0.6656840413808821
3,AINR,none,770,1,0,0,0,nan,nan,0.6656840413808821
3,AINR,none,771,1,0,0,0,nan,nan,0.6656840413808821
3,AINR,none,772,1,0,0,0,nan,nan,0.6656840413808821
3,AINR,none,773,1,0,0,0,nan,nan,0.6656840413808821
3,AINR,none,774,1,0,0,0,nan,nan,0.6656840413808821
3,AINR,none,775,1,0,0,0,nan,nan,0.6656840413808821
3,AINR,none,776,1,0,0,0,nan,nan,0.6656840413808821
3,AINR,none,777,1,0,0,0,nan,nan,0.6656840413808821
3,AINR,none,778,1,0,0,0,nan,nan,0.6656840413808821
3,AINR,none,779,1,0,0,0,nan,nan,0.6656840413808821
3,AINR,none,780,0,1,0,0,nan,nan,0.6656840413808821
3,AINR,none,781,1,0,0,0,nan,nan,0.6656840413808821
3,AINR,none,782,1,0,0,0,nan,nan,0.6656840413808821
3,AINR,none,783,1,0,0,0,nan,nan,0.6656840413808821
3,AINR,none,784,1,0,0,0,nan,nan,0.6656840413808821
3,AINR,none,785,1,0,0,0,nan,nan,0.6656840413808821
3,AINR,none,786,1,0,0,0,nan,nan,0.6656840413808821
3,AINR,none,787,1,0,0,0,nan,nan,0.6656840413808821
3,AINR,none,788,1,0,0,0,nan,nan,0.6656840413808821
3,AINR,none,789,1,0,0,0,nan,nan,0.6656840413808821
3,AINR,none,790,1,0,0,0,nan,nan,0.6656840413808821
3,AINR,none,791,1,0,0,0,nan,nan,0.6656840413808821
3,AINR,none,792,1,0,0,0,nan,nan,0.6656840413808821
3,AINR,none,793,1,0,0,0,nan,nan,0.6656840413808821
3,AINR,none,794,1,0,0,0,nan,nan,0.6656840413808821
3,AINR,none,795,1,0,0,0,nan,nan,0.6656840413808821
3,AINR,none,796,1,0,0,0,nan,nan,0.6656840413808821
3,AINR,none,797,1,0,0,0,nan,nan,0.6656840413808821
3,AINR,none,798,0,1,0,0,nan,nan,0.6656840413808821
3,AINR,none,799,1,0,0,0,nan,nan,0.6656840413808821
3,AINR,none,800,1,0,0,0,nan,nan,0.6656840413808821
3,AINR,none,801,1,0,0,0,nan,nan,0.6656840413808821
3,AINR,none,802,1,0,0,0,nan,nan,0.6656840413808821
3,AINR,none,803,1,0,0,0,nan,nan,0.6656840413808821
3,AINR,none,804,1,0,0,0,nan,nan,0.6656840413808821
3,AINR,none,805,1,0,0,0,nan,nan,0.6656840413808821
3,AINR,none,806,1,0,0,0,nan,nan,0.6656840413808821
3,AINR,none,807,1,0,0,0,nan,nan,0.6656840413808821
3,AINR,none,808,1,0,0,0,nan,nan,0.6656840413808821
3,AINR,none,809,1,0,0,0,nan,nan,0.6656840413808821
3,AINR,none,810,1,0,0,0,nan,nan,0.6656840413808821
3,AINR,none,811,1,0,0,0,nan,nan,0.6656840413808821
3,AINR,none,812,1,0,0,0,nan,nan,0.6656840413808821
3,AINR,none,813,0,1,0,0,nan,nan,0.6656840413808821
3,AINR,none,814,1,0,0,0,nan,nan,0.6656840413808821
3,AINR,none,815,1,0,0,0,nan,nan,0.6656840413808821
3,AINR,none,816,1,0,0,0,nan,nan,0.6656840413808821
3,AINR,none,817,0,1,0,0,nan,nan,0.6656840413808821
3,AINR,none,818,1,0,0,0,nan,nan,0.6656840413808821
3,AINR,none,819,1,0,0,0,nan,nan,0.6656840413808821
3,AINR,none,820,1,0,0,0,nan,nan,0.6656840413808821
3,AINR,none,821,1,0,0,0,nan,nan,0.6656840413808821
3,AINR,none,822,1,0,0,0,nan,nan,0.6656840413808821
3,AINR,none,823,1,0,0,0,nan,nan,0.6656840413808821
3,AINR,none,824,1,0,0,0,nan,nan,0.6656840413808821
3,AINR,none,825,1,0,0,0,nan,nan,0.6656840413808821
3,AINR,none,826,1,0,0,0,nan,nan,0.6656840413808821
3,AINR,none,827,1,0,0,0,nan,nan,0.6656840413808821
3,AINR,none,828,1,0,0,0,nan,nan,0.6656840413808821
3,AINR,none,829,1,0,0,0,nan,nan,0.6656840413808821
3,AINR,none,830,1,0,0,0,nan,nan,0.6656840413808821
3,AINR,none,831,1,0,0,0,nan,nan,0.6656840413808821
3,AINR,none,832,1,0,0,0,nan,nan,0.6656840413808821
3,AINR,none,833,0,1,0,0,nan,nan,0.6656840413808821
3,AINR,none,834,1,0,0,0,nan,nan,0.6656840413808821
3,AINR,none,835,1,0,0,0,nan,nan,0.6656840413808821
3,AINR,none,836,1,0,0,0,nan,nan,0.6656840413808821
3,AINR,none,837,1,0,0,0,nan,nan,0.6656840413808821
3,AINR,none,838,1,0,0,0,nan,nan,0.6656840413808821
3,AINR,none,839,1,0,0,0,nan,nan,0.6656840413808821
3,AINR,none,840,1,0,0,0,nan,nan,0.6656840413808821
3,AINR,none,841,1,0,0,0,nan,nan,0.6656840413808821
3,AINR,none,842,1,0,0,0,nan,nan,0.6656840413808821
3,AINR,none,843,1,0,0,0,nan,nan,0.6656840413808821
3,AINR,none,844,1,0,0,0,nan,nan,0.6656840413808821
3,AINR,none,845,1,0,0,0,nan,nan,0.6656840413808821
3,AINR,none,846,1,0,0,0,nan,nan,0.6656840413808821
3,AINR,none,847,0,1,0,0,nan,nan,0.6656840413808821
3,AINR,none,848,1,0,0,0,nan,nan,0.6656840413808821
3,AINR,none,849,0,1,0,0,nan,nan,0.6656840413808821
3,AINR,none,850,1,0,0,0,nan,nan,0.6656840413808821
3,AINR,none,851,1,0,0,0,nan,nan,0.6656840413808821
3,AINR,none,852,1,0,0,0,nan,nan,0.6656840413808821
3,AINR,none,853,1,0,0,0,nan,nan,0.6656840413808821
3,AINR,none,854,1,0,0,0,nan,nan,0.6656840413808821
3,AINR,none,855,1,0,0,0,nan,nan,0.6656840413808821
3,AINR,none,856,1,0,0,0,nan,nan,0.6656840413808821
3,AINR,none,857,1,0,0,0,nan,nan,0.6656840413808821
3,AINR,none,858,1,0,0,0,nan,nan,0.6656840413808821
3,AINR,none,859,1,0,0,0,nan,nan,0.6656840413808821
3,AINR,none,860,1,0,0,0,nan,nan,0.6656840413808821
3,AINR,none,861,1,0,0,0,nan,nan,0.6656840413808821
3,AINR,none,862,1,0,0,0,nan,nan,0.6656840413808821
3,AINR,none,863,1,0,0,0,nan,nan,0.6656840413808821
3,AINR,none,864,1,0,0,0,nan,nan,0.6656840413808821
3,AINR,none,865,1,0,0,0,nan,nan,0.6656840413808821
3,AINR,none,866,1,0,0,0,nan,nan,0.6656840413808821
3,AINR,none,867,1,0,0,0,nan,nan,0.6656840413808821
3,AINR,none,868,1,0,0,0,nan,nan,0.6656840413808821
3,AINR,none,869,1,0,0,0,nan,nan,0.6656840413808821
3,AINR,none,870,1,0,0,0,nan,nan,0.6656840413808821
3,AINR,none,871,1,0,0,0,nan,nan,0.6656840413808821
3,AINR,none,872,0,1,0,0,nan,nan,0.6656840413808821
3,AINR,none,873,1,0,0,0,nan,nan,0.6656840413808821
3,AINR,none,874,1,0,0,0,nan,nan,0.6656840413808821
3,AINR,none,875,1,0,0,0,nan,nan,0.6656840413808821
3,AINR,none,876,0,1,0,0,nan,nan,0.6656840413808821
3,AINR,none,877,0,1,0,0,nan,nan,0.6656840413808821
3,AINR,none,878,1,0,0,0,nan,nan,0.6656840413808821
3,AINR,none,879,1,0,0,0,nan,nan,0.6656840413808821
3,AINR,none,880,1,0,0,0,nan,nan,0.6656840413808821
3,AINR,none,881,1,0,0,0,nan,nan,0.6656840413808821
3,AINR,none,882,1,0,0,0,nan,nan,0.6656840413808821
3,AINR,none,883,1,0,0,0,nan,nan,0.6656840413808821
3,AINR,none,884,1,0,0,0,nan,nan,0.6656840413808821
3,AINR,none,885,1,0,0,0,nan,nan,0.6656840413808821
3,AINR,none,886,1,0,0,0,nan,nan,0.6656840413808821
3,AINR,none,887,1,0,0,0,nan,nan,0.6656840413808821
3,AINR,none,888,1,0,0,0,nan,nan,0.6656840413808821
3,AINR,none,889,1,0,0,0,nan,nan,0.6656840413808821
3,AINR,none,890,1,0,0,0,nan,nan,0.6656840413808821
3,AINR,none,891,1,0,0,0,nan,nan,0.6656840413808821
3,AINR,none,892,1,0,0,0,nan,nan,0.6656840413808821
3,AINR,none,893,1,0,0,0,nan,nan,0.6656840413808821
3,AINR,none,894,1,0,0,0,nan,nan,0.6656840413808821
3,AINR,none,895,1,0,0,0,nan,nan,0.6656840413808821
3,AINR,none,896,1,0,0,0,nan,nan,0.6656840413808821
3,AINR,none,897,1,0,0,0,nan,nan,0.6656840413808821
3,AINR,none,898,1,0,0,0,nan,nan,0.6656840413808821
3,AINR,none,899,1,0,0,0,nan,nan,0.6656840413808821
3,AINR,none,900,1,0,0,0,nan,nan,0.6656840413808821
3,AINR,none,901,1,0,0,0,nan,nan,0.6656840413808821
3,AINR,none,902,0,1,0,0,nan,nan,0.6656840413808821
3,AINR,none,903,1,0,0,0,nan,nan,0.6656840413808821
3,AINR,none,904,1,0,0,0,nan,nan,0.6656840413808821
3,AINR,none,905,1,0,0,0,nan,nan,0.6656840413808821
3,AINR,none,906,1,0,0,0,nan,nan,0.6656840413808821
3,AINR,none,907,1,0,0,0,nan,nan,0.6656840413808821
3,AINR,none,908,1,0,0,0,nan,nan,0.6656840413808821
3,AINR,none,909,1,0,0,0,nan,nan,0.6656840413808821
3,AINR,none,910,1,0,0,0,nan,nan,0.6656840413808821
3,AINR,none,911,1,0,0,0,nan,nan,0.6656840413808821
3,AINR,none,912,1,0,0,0,nan,nan,0.6656840413808821
3,AINR,none,913,1,0,0,0,nan,nan,0.6656840413808821
3,AINR,none,914,1,0,0,0,nan,nan,0.6656840413808821
3,AINR,none,915,0,1,0,0,nan,nan,0.6656840413808821
3,AINR,none,916,1,0,0,0,nan,nan,0.6656840413808821
3,AINR,none,917,1,0,0,0,nan,nan,0.6656840413808821
3,AINR,none,918,1,0,0,0,nan,nan,0.6656840413808821
3,AINR,none,919,1,0,0,0,nan,nan,0.6656840413808821
3,AINR,none,920,1,0,0,0,nan,nan,0.6656840413808821
3,AINR,none,921,1,0,0,0,nan,nan,0.6656840413808821
3,AINR,none,922,1,0,0,0,nan,nan,0.6656840413808821
3,AINR,none,923,1,0,0,0,nan,nan,0.6656840413808821
3,AINR,none,924,1,0,0,0,nan,nan,0.6656840413808821
3,AINR,none,925,1,0,0,0,nan,nan,0.6656840413808821
3,AINR,none,926,1,0,0,0,nan,nan,0.6656840413808821
3,AINR,none,927,1,0,0,0,nan,nan,0.6656840413808821
3,AINR,none,928,1,0,0,0,nan,nan,0.6656840413808821
3,AINR,none,929,1,0,0,0,nan,nan,0.6656840413808821
3,AINR,none,930,1,0,0,0,nan,nan,0.6656840413808821
3,AINR,none,931,1,0,0,0,nan,nan,0.6656840413808821
3,AINR,none,932,0,1,0,0,nan,nan,0.6656840413808821
3,AINR,none,933,1,0,0,0,nan,nan,0.6656840413808821
3,AINR,none,934,1,0,0,0,nan,nan,0.6656840413808821
3,AINR,none,935,1,0,0,0,nan,nan,0.6656840413808821
3,AINR,none,936,1,0,0,0,nan,nan,0.6656840413808821
3,AINR,none,937,1,0,0,0,nan,nan,0.6656840413808821
3,AINR,none,938,1,0,0,0,nan,nan,0.6656840413808821
3,AINR,none,939,1,0,0,0,nan,nan,0.6656840413808821
3,AINR,none,940,1,0,0,0,nan,nan,0.6656840413808821
3,AINR,none,941,1,0,0,0,nan,nan,0.6656840413808821
3,AINR,none,942,1,0,0,0,nan,nan,0.6656840413808821
3,AINR,none,943,0,1,0,0,nan,nan,0.6656840413808821
3,AINR,none,944,1,0,0,0,nan,nan,0.6656840413808821
3,AINR,none,945,1,0,0,0,nan,nan,0.6656840413808821
3,AINR,none,946,1,0,0,0,nan,nan,0.6656840413808821
3,AINR,none,947,1,0,0,0,nan,nan,0.6656840413808821
3,AINR,none,948,1,0,0,0,nan,nan,0.6656840413808821
3,AINR,none,949,1,0,0,0,nan,nan,0.6656840413808821
3,AINR,none,950,1,0,0,0,nan,nan,0.6656840413808821
3,AINR,none,951,1,0,0,0,nan,nan,0.6656840413808821
3,AINR,none,952,1,0,0,0,nan,nan,0.6656840413808821
3,AINR,none,953,1,0,0,0,nan,nan,0.6656840413808821
3,AINR,none,954,1,0,0,0,nan,nan,0.6656840413808821
3,AINR,none,955,1,0,0,0,nan,nan,0.6656840413808821
3,AINR,none,956,1,0,0,0,nan,nan,0.6656840413808821
3,AINR,none,957,1,0,0,0,nan,nan,0.6656840413808821
3,AINR,none,958,1,0,0,0,nan,nan,0.6656840413808821
3,AINR,none,959,1,0,0,0,nan,nan,0.6656840413808821
3,AINR,none,960,1,0,0,0,nan,nan,0.6656840413808821
3,AINR,none,961,1,0,0,0,nan,nan,0.6656840413808821
3,AINR,none,962,1,0,0,0,nan,nan,0.6656840413808821
3,AINR,none,963,1,0,0,0,nan,nan,0.6656840413808821
3,AINR,none,964,1,0,0,0,nan,nan,0.6656840413808821
3,AINR,none,965,0,1,0,0,nan,nan,0.6656840413808821
3,AINR,none,966,1,0,0,0,nan,nan,0.6656840413808821
3,AINR,none,967,1,0,0,0,nan,nan,0.6656840413808821
3,AINR,none,968,1,0,0,0,nan,nan,0.6656840413808821
3,AINR,none,969,1,0,0,0,nan,nan,0.6656840413808821
3,AINR,none,970,1,0,0,0,nan,nan,0.6656840413808821
3,AINR,none,971,1,0,0,0,nan,nan,0.6656840413808821
3,AINR,none,972,1,0,0,0,nan,nan,0.6656840413808821
3,AINR,none,973,1,0,0,0,nan,nan,0.6656840413808821
3,AINR,none,974,1,0,0,0,nan,nan,0.6656840413808821
3,AINR,none,975,1,0,0,0,nan,nan,0.6656840413808821
3,AINR,none,976,1,0,0,0,nan,nan,0.6656840413808821
3,AINR,none,977,1,0,0,0,nan,nan,0.6656840413808821
3,AINR,none,978,1,0,0,0,nan,nan,0.6656840413808821
3,AINR,none,979,1,0,0,0,nan,nan,0.6656840413808821
3,AINR,none,980,1,0,0,0,nan,nan,0.6656840413808821
3,AINR,none,981,1,0,0,0,nan,nan,0.6656840413808821
3,AINR,none,982,1,0,0,0,nan,nan,0.6656840413808821
3,AINR,none,983,1,0,0,0,nan,nan,0.6656840413808821
3,AINR,none,984,1,0,0,0,nan,nan,0.6656840413808821
3,AINR,none,985,0,1,0,0,nan,nan,0.6656840413808821
3,AINR,none,986,1,0,0,0,nan,nan,0.6656840413808821
3,AINR,none,987,1,0,0,0,nan,nan,0.6656840413808821
3,AINR,none,988,1,0,0,0,nan,nan,0.6656840413808821
3,AINR,none,989,1,0,0,0,nan,nan,0.6656840413808821
3,AINR,none,990,1,0,0,0,nan,nan,0.6656840413808821
3,AINR,none,991,1,0,0,0,nan,nan,0.6656840413808821
3,AINR,none,992,1,0,0,0,nan,nan,0.6656840413808821
3,AINR,none,993,1,0,0,0,nan,nan,0.6656840413808821
3,AINR,none,994,1,0,0,0,nan,nan,0.6656840413808821
3,AINR,none,995,1,0,0,0,nan,nan,0.6656840413808821
3,AINR,none,996,1,0,0,0,nan,nan,0.6656840413808821
3,AINR,none,997,1,0,0,0,nan,nan,0.6656840413808821
3,AINR,none,998,0,1,0,0,nan,nan,0.6656840413808821
3,AINR,none,999,1,0,0,0,nan,nan,0.6656840413808821
3,AINR,ungated,0,1,0,0,1,503.5464000002321,nan,0.6656840413808821
3,AINR,ungated,1,1,0,0,1,62.11189999976341,nan,0.6656840413808821
3,AINR,ungated,2,1,0,0,1,60.63929999982065,nan,0.6656840413808821
3,AINR,ungated,3,1,0,0,1,72.6331000000755,nan,0.6656840413808821
3,AINR,ungated,4,1,0,0,1,77.8045000001839,nan,0.6656840413808821
3,AINR,ungated,5,1,0,0,1,77.29939999990165,nan,0.6656840413808821
3,AINR,ungated,6,1,0,0,1,77.70190000019284,nan,0.6656840413808821
3,AINR,ungated,7,1,0,0,1,79.04299999972864,nan,0.6656840413808821
3,AINR,ungated,8,1,0,0,1,76.88549999966199,nan,0.6656840413808821
3,AINR,ungated,9,1,0,0,1,93.41630000017176,nan,0.6656840413808821
3,AINR,ungated,10,1,0,0,1,97.40689999989627,nan,0.6656840413808821
3,AINR,ungated,11,1,0,0,1,91.69459999975516,nan,0.6656840413808821
3,AINR,ungated,12,1,0,0,1,79.75630000009915,nan,0.6656840413808821
3,AINR,ungated,13,1,0,0,1,70.24400000000242,nan,0.6656840413808821
3,AINR,ungated,14,1,0,0,1,67.89470000012443,nan,0.6656840413808821
3,AINR,ungated,15,1,0,0,1,66.9887999997627,nan,0.6656840413808821
3,AINR,ungated,16,1,0,0,1,70.37190000028204,nan,0.6656840413808821
3,AINR,ungated,17,1,0,0,1,74.46230000005016,nan,0.6656840413808821
3,AINR,ungated,18,1,0,0,1,66.95390000004409,nan,0.6656840413808821
3,AINR,ungated,19,1,0,0,1,69.10190000007788,nan,0.6656840413808821
3,AINR,ungated,20,1,0,0,1,67.40950000039447,nan,0.6656840413808821
3,AINR,ungated,21,1,0,0,1,70.14500000013868,nan,0.6656840413808821
3,AINR,ungated,22,1,0,0,1,63.99389999978666,nan,0.6656840413808821
3,AINR,ungated,23,1,0,0,1,66.61010000016176,nan,0.6656840413808821
3,AINR,ungated,24,1,0,0,1,68.69639999968058,nan,0.6656840413808821
3,AINR,ungated,25,1,0,0,1,68.45790000033958,nan,0.6656840413808821
3,AINR,ungated,26,1,0,0,1,69.48980000015581,nan,0.6656840413808821
3,AINR,ungated,27,1,0,0,1,67.97980000010284,nan,0.6656840413808821
3,AINR,ungated,28,1,0,0,1,68.75850000005812,nan,0.6656840413808821
3,AINR,ungated,29,1,0,0,1,66.62039999991975,nan,0.6656840413808821
3,AINR,ungated,30,1,0,0,1,67.26079999998547,nan,0.6656840413808821
3,AINR,ungated,31,1,0,0,1,64.40890000021682,nan,0.6656840413808821
3,AINR,ungated,32,1,0,0,1,66.68619999982184,nan,0.6656840413808821
3,AINR,ungated,33,1,0,0,1,66.14489999992657,nan,0.6656840413808821
3,AINR,ungated,34,1,0,0,1,71.1900000001151,nan,0.6656840413808821
3,AINR,ungated,35,1,0,0,1,69.10019999986616,nan,0.6656840413808821
3,AINR,ungated,36,1,0,0,1,76.32050000029267,nan,0.6656840413808821
3,AINR,ungated,37,1,0,0,1,94.79269999974349,nan,0.6656840413808821
3,AINR,ungated,38,1,0,0,1,90.2099999998427,nan,0.6656840413808821
3,AINR,ungated,39,1,0,0,1,82.21940000021277,nan,0.6656840413808821
3,AINR,ungated,40,1,0,0,1,61.36100000003353,nan,0.6656840413808821
3,AINR,ungated,41,1,0,0,1,69.45129999985511,nan,0.6656840413808821
3,AINR,ungated,42,1,0,0,1,72.12580000032176,nan,0.6656840413808821
3,AINR,ungated,43,1,0,0,1,63.58390000013969,nan,0.6656840413808821
3,AINR,ungated,44,1,0,0,1,70.72250000010172,nan,0.6656840413808821
3,AINR,ungated,45,1,0,0,1,69.17969999994966,nan,0.6656840413808821
3,AINR,ungated,46,1,0,0,1,65.54069999992862,nan,0.6656840413808821
3,AINR,ungated,47,1,0,0,1,67.58429999990767,nan,0.6656840413808821
3,AINR,ungated,48,1,0,0,1,66.73090000003867,nan,0.6656840413808821
3,AINR,ungated,49,1,0,0,1,65.44710000025589,nan,0.6656840413808821
3,AINR,ungated,50,1,0,0,1,69.50730000016847,nan,0.6656840413808821
3,AINR,ungated,51,1,0,0,1,70.71630000018558,nan,0.6656840413808821
3,AINR,ungated,52,1,0,0,1,86.33970000028057,nan,0.6656840413808821
3,AINR,ungated,53,1,0,0,1,84.54690000007758,nan,0.6656840413808821
3,AINR,ungated,54,1,0,0,1,98.717299999862,nan,0.6656840413808821
3,AINR,ungated,55,1,0,0,1,96.84909999987212,nan,0.6656840413808821
3,AINR,ungated,56,1,0,0,1,85.99120000008043,nan,0.6656840413808821
3,AINR,ungated,57,1,0,0,1,66.66119999999864,nan,0.6656840413808821
3,AINR,ungated,58,1,0,0,1,73.26719999991838,nan,0.6656840413808821
3,AINR,ungated,59,1,0,0,1,71.20759999997972,nan,0.6656840413808821
3,AINR,ungated,60,1,0,0,1,75.31120000021474,nan,0.6656840413808821
3,AINR,ungated,61,1,0,0,1,73.06669999979931,nan,0.6656840413808821
3,AINR,ungated,62,1,0,0,1,62.08779999997205,nan,0.6656840413808821
3,AINR,ungated,63,1,0,0,1,65.93830000019807,nan,0.6656840413808821
3,AINR,ungated,64,1,0,0,1,70.92240000019956,nan,0.6656840413808821
3,AINR,ungated,65,1,0,0,1,77.13349999994534,nan,0.6656840413808821
3,AINR,ungated,66,1,0,0,1,82.49579999983325,nan,0.6656840413808821
3,AINR,ungated,67,1,0,0,1,89.00299999959316,nan,0.6656840413808821
3,AINR,ungated,68,1,0,0,1,94.55509999997957,nan,0.6656840413808821
3,AINR,ungated,69,1,0,0,1,95.34800000028554,nan,0.6656840413808821
3,AINR,ungated,70,1,0,0,1,86.08560000038779,nan,0.6656840413808821
3,AINR,ungated,71,1,0,0,1,74.28520000030403,nan,0.6656840413808821
3,AINR,ungated,72,1,0,0,1,70.6316999999217,nan,0.6656840413808821
3,AINR,ungated,73,1,0,0,1,67.17100000014398,nan,0.6656840413808821
3,AINR,ungated,74,1,0,0,1,64.67580000025919,nan,0.6656840413808821
3,AINR,ungated,75,1,0,0,1,65.40850000010323,nan,0.6656840413808821
3,AINR,ungated,76,1,0,0,1,66.0835999997289,nan,0.6656840413808821
3,AINR,ungated,77,1,0,0,1,65.80960000019331,nan,0.6656840413808821
3,AINR,ungated,78,1,0,0,1,67.8262999999788,nan,0.6656840413808821
3,AINR,ungated,79,1,0,0,1,67.49419999960082,nan,0.6656840413808821
3,AINR,ungated,80,1,0,0,1,66.70560000020487,nan,0.6656840413808821
3,AINR,ungated,81,1,0,0,1,63.5867999999391,nan,0.6656840413808821
3,AINR,ungated,82,1,0,0,1,67.28789999988294,nan,0.6656840413808821
3,AINR,ungated,83,1,0,0,1,69.95959999994739,nan,0.6656840413808821
3,AINR,ungated,84,1,0,0,1,72.49879999972109,nan,0.6656840413808821
3,AINR,ungated,85,1,0,0,1,63.70749999996406,nan,0.6656840413808821
3,AINR,ungated,86,1,0,0,1,70.66290000011577,nan,0.6656840413808821
3,AINR,ungated,87,1,0,0,1,72.52789999984088,nan,0.6656840413808821
3,AINR,ungated,88,1,0,0,1,75.01630000024306,nan,0.6656840413808821
3,AINR,ungated,89,1,0,0,1,67.0802999998159,nan,0.6656840413808821
3,AINR,ungated,90,1,0,0,1,64.80680000004213,nan,0.6656840413808821
3,AINR,ungated,91,1,0,0,1,74.43639999974039,nan,0.6656840413808821
3,AINR,ungated,92,1,0,0,1,74.51390000005631,nan,0.6656840413808821
3,AINR,ungated,93,1,0,0,1,74.05620000008639,nan,0.6656840413808821
3,AINR,ungated,94,1,0,0,1,75.45989999971425,nan,0.6656840413808821
3,AINR,ungated,95,1,0,0,1,75.83240000030855,nan,0.6656840413808821
3,AINR,ungated,96,1,0,0,1,74.76539999970555,nan,0.6656840413808821
3,AINR,ungated,97,1,0,0,1,75.41059999994104,nan,0.6656840413808821
3,AINR,ungated,98,1,0,0,1,78.80440000008093,nan,0.6656840413808821
3,AINR,ungated,99,1,0,0,1,71.41430000001492,nan,0.6656840413808821
3,AINR,ungated,100,1,0,0,1,71.6960999998264,nan,0.6656840413808821
3,AINR,ungated,101,1,0,0,1,145.94649999980902,nan,0.6656840413808821
3,AINR,ungated,102,1,0,0,1,197.86960000010367,nan,0.6656840413808821
3,AINR,ungated,103,1,0,0,1,180.12050000015734,nan,0.6656840413808821
3,AINR,ungated,104,1,0,0,1,203.2062000002952,nan,0.6656840413808821
3,AINR,ungated,105,1,0,0,1,204.7247000000425,nan,0.6656840413808821
3,AINR,ungated,106,1,0,0,1,189.11249999973734,nan,0.6656840413808821
3,AINR,ungated,107,1,0,0,1,200.0943000002735,nan,0.6656840413808821
3,AINR,ungated,108,1,0,0,1,200.38779999958933,nan,0.6656840413808821
3,AINR,ungated,109,1,0,0,1,172.19620000014402,nan,0.6656840413808821
3,AINR,ungated,110,1,0,0,1,54.65910000020813,nan,0.6656840413808821
3,AINR,ungated,111,1,0,0,1,57.80029999959879,nan,0.6656840413808821
3,AINR,ungated,112,1,0,0,1,56.824000000233355,nan,0.6656840413808821
3,AINR,ungated,113,1,0,0,1,55.60620000005656,nan,0.6656840413808821
3,AINR,ungated,114,1,0,0,1,63.843700000234094,nan,0.6656840413808821
3,AINR,ungated,115,1,0,0,1,76.96110000006229,nan,0.6656840413808821
3,AINR,ungated,116,1,0,0,1,60.83910000006654,nan,0.6656840413808821
3,AINR,ungated,117,1,0,0,1,66.87060000012934,nan,0.6656840413808821
3,AINR,ungated,118,1,0,0,1,55.97769999985758,nan,0.6656840413808821
3,AINR,ungated,119,1,0,0,1,55.26879999979428,nan,0.6656840413808821
3,AINR,ungated,120,1,0,0,1,60.93899999996211,nan,0.6656840413808821
3,AINR,ungated,121,1,0,0,1,64.894699999968,nan,0.6656840413808821
3,AINR,ungated,122,1,0,0,1,72.45160000002215,nan,0.6656840413808821
3,AINR,ungated,123,1,0,0,1,73.50319999977728,nan,0.6656840413808821
3,AINR,ungated,124,1,0,0,1,64.2004999999699,nan,0.6656840413808821
3,AINR,ungated,125,1,0,0,1,64.39420000015161,nan,0.6656840413808821
3,AINR,ungated,126,1,0,0,1,63.71370000033494,nan,0.6656840413808821
3,AINR,ungated,127,1,0,0,1,57.02750000000378,nan,0.6656840413808821
3,AINR,ungated,128,1,0,0,1,55.26050000025862,nan,0.6656840413808821
3,AINR,ungated,129,1,0,0,1,51.383200000145735,nan,0.6656840413808821
3,AINR,ungated,130,1,0,0,1,51.967100000183564,nan,0.6656840413808821
3,AINR,ungated,131,1,0,0,1,62.747099999796774,nan,0.6656840413808821
3,AINR,ungated,132,1,0,0,1,62.960799999927985,nan,0.6656840413808821
3,AINR,ungated,133,1,0,0,1,64.1992000000755,nan,0.6656840413808821
3,AINR,ungated,134,1,0,0,1,71.10069999998814,nan,0.6656840413808821
3,AINR,ungated,135,1,0,0,1,57.47699999983524,nan,0.6656840413808821
3,AINR,ungated,136,1,0,0,1,61.46709999984523,nan,0.6656840413808821
3,AINR,ungated,137,1,0,0,1,58.55429999974149,nan,0.6656840413808821
3,AINR,ungated,138,1,0,0,1,56.40259999972841,nan,0.6656840413808821
3,AINR,ungated,139,1,0,0,1,52.12810000011814,nan,0.6656840413808821
3,AINR,ungated,140,1,0,0,1,64.07269999999698,nan,0.6656840413808821
3,AINR,ungated,141,1,0,0,1,78.16520000005767,nan,0.6656840413808821
3,AINR,ungated,142,1,0,0,1,64.65389999993931,nan,0.6656840413808821
3,AINR,ungated,143,1,0,0,1,62.18280000030063,nan,0.6656840413808821
3,AINR,ungated,144,1,0,0,1,60.093399999914254,nan,0.6656840413808821
3,AINR,ungated,145,1,0,0,1,55.82610000010391,nan,0.6656840413808821
3,AINR,ungated,146,1,0,0,1,55.30780000026425,nan,0.6656840413808821
3,AINR,ungated,147,1,0,0,1,54.869500000222615,nan,0.6656840413808821
3,AINR,ungated,148,1,0,0,1,55.233400000361144,nan,0.6656840413808821
3,AINR,ungated,149,1,0,0,1,85.48089999976582,nan,0.6656840413808821
3,AINR,ungated,150,1,0,0,1,71.32969999975103,nan,0.6656840413808821
3,AINR,ungated,151,1,0,0,1,63.209399999777816,nan,0.6656840413808821
3,AINR,ungated,152,1,0,0,1,63.19230000008247,nan,0.6656840413808821
3,AINR,ungated,153,1,0,0,1,62.61870000025738,nan,0.6656840413808821
3,AINR,ungated,154,1,0,0,1,58.73490000021775,nan,0.6656840413808821
3,AINR,ungated,155,1,0,0,1,60.159399999974994,nan,0.6656840413808821
3,AINR,ungated,156,1,0,0,1,53.27709999983199,nan,0.6656840413808821
3,AINR,ungated,157,1,0,0,1,71.45680000030552,nan,0.6656840413808821
3,AINR,ungated,158,1,0,0,1,77.29410000001735,nan,0.6656840413808821
3,AINR,ungated,159,1,0,0,1,71.55550000015864,nan,0.6656840413808821
3,AINR,ungated,160,1,0,0,1,62.696499999674415,nan,0.6656840413808821
3,AINR,ungated,161,1,0,0,1,57.39300000004732,nan,0.6656840413808821
3,AINR,ungated,162,1,0,0,1,62.488699999903474,nan,0.6656840413808821
3,AINR,ungated,163,1,0,0,1,62.56519999988086,nan,0.6656840413808821
3,AINR,ungated,164,1,0,0,1,58.503900000232534,nan,0.6656840413808821
3,AINR,ungated,165,1,0,0,1,56.4806000002136,nan,0.6656840413808821
3,AINR,ungated,166,1,0,0,1,68.31620000002658,nan,0.6656840413808821
3,AINR,ungated,167,1,0,0,1,67.46700000030614,nan,0.6656840413808821
3,AINR,ungated,168,1,0,0,1,76.38379999980316,nan,0.6656840413808821
3,AINR,ungated,169,1,0,0,1,70.4651000000922,nan,0.6656840413808821
3,AINR,ungated,170,1,0,0,1,61.83340000006865,nan,0.6656840413808821
3,AINR,ungated,171,1,0,0,1,60.98470000006273,nan,0.6656840413808821
3,AINR,ungated,172,1,0,0,1,60.46879999985322,nan,0.6656840413808821
3,AINR,ungated,173,1,0,0,1,59.1377000000648,nan,0.6656840413808821
3,AINR,ungated,174,1,0,0,1,65.51410000020041,nan,0.6656840413808821
3,AINR,ungated,175,1,0,0,1,76.7257000002246,nan,0.6656840413808821
3,AINR,ungated,176,1,0,0,1,64.80869999995775,nan,0.6656840413808821
3,AINR,ungated,177,1,0,0,1,65.04380000023957,nan,0.6656840413808821
3,AINR,ungated,178,1,0,0,1,58.02380000022822,nan,0.6656840413808821
3,AINR,ungated,179,1,0,0,1,58.36349999981394,nan,0.6656840413808821
3,AINR,ungated,180,1,0,0,1,54.0115999997397,nan,0.6656840413808821
3,AINR,ungated,181,1,0,0,1,55.481200000031095,nan,0.6656840413808821
3,AINR,ungated,182,1,0,0,1,63.89080000008107,nan,0.6656840413808821
3,AINR,ungated,183,1,0,0,1,80.99229999970703,nan,0.6656840413808821
3,AINR,ungated,184,1,0,0,1,55.11950000027355,nan,0.6656840413808821
3,AINR,ungated,185,1,0,0,1,63.739000000168744,nan,0.6656840413808821
3,AINR,ungated,186,1,0,0,1,54.81980000013209,nan,0.6656840413808821
3,AINR,ungated,187,1,0,0,1,54.01709999978266,nan,0.6656840413808821
3,AINR,ungated,188,1,0,0,1,53.33870000004026,nan,0.6656840413808821
3,AINR,ungated,189,1,0,0,1,67.03239999978905,nan,0.6656840413808821
3,AINR,ungated,190,1,0,0,1,93.28300000015588,nan,0.6656840413808821
3,AINR,ungated,191,1,0,0,1,84.94080000036774,nan,0.6656840413808821
3,AINR,ungated,192,1,0,0,1,78.59499999995023,nan,0.6656840413808821
3,AINR,ungated,193,1,0,0,1,76.39759999983653,nan,0.6656840413808821
3,AINR,ungated,194,1,0,0,1,64.62629999987257,nan,0.6656840413808821
3,AINR,ungated,195,1,0,0,1,63.26760000001741,nan,0.6656840413808821
3,AINR,ungated,196,1,0,0,1,67.32329999977082,nan,0.6656840413808821
3,AINR,ungated,197,1,0,0,1,74.4670999997652,nan,0.6656840413808821
3,AINR,ungated,198,1,0,0,1,78.54400000042006,nan,0.6656840413808821
3,AINR,ungated,199,1,0,0,1,65.54270000015094,nan,0.6656840413808821
3,AINR,ungated,200,1,0,0,1,64.01269999969372,nan,0.6656840413808821
3,AINR,ungated,201,1,0,0,1,60.9997999999905,nan,0.6656840413808821
3,AINR,ungated,202,1,0,0,1,58.22710000029474,nan,0.6656840413808821
3,AINR,ungated,203,1,0,0,1,54.521200000181125,nan,0.6656840413808821
3,AINR,ungated,204,1,0,0,1,57.53130000039164,nan,0.6656840413808821
3,AINR,ungated,205,1,0,0,1,66.50609999996959,nan,0.6656840413808821
3,AINR,ungated,206,1,0,0,1,74.11000000001877,nan,0.6656840413808821
3,AINR,ungated,207,1,0,0,1,62.13060000027326,nan,0.6656840413808821
3,AINR,ungated,208,1,0,0,1,57.96879999979865,nan,0.6656840413808821
3,AINR,ungated,209,1,0,0,1,60.05379999987781,nan,0.6656840413808821
3,AINR,ungated,210,1,0,0,1,81.73930000020846,nan,0.6656840413808821
3,AINR,ungated,211,1,0,0,1,76.73389999990832,nan,0.6656840413808821
3,AINR,ungated,212,1,0,0,1,71.82349999993676,nan,0.6656840413808821
3,AINR,ungated,213,1,0,0,1,59.11809999997786,nan,0.6656840413808821
3,AINR,ungated,214,1,0,0,1,54.246799999873474,nan,0.6656840413808821
3,AINR,ungated,215,1,0,0,1,60.751600000003236,nan,0.6656840413808821
3,AINR,ungated,216,1,0,0,1,64.68039999981556,nan,0.6656840413808821
3,AINR,ungated,217,1,0,0,1,80.91500000000451,nan,0.6656840413808821
3,AINR,ungated,218,1,0,0,1,68.59870000016599,nan,0.6656840413808821
3,AINR,ungated,219,1,0,0,1,59.72830000018803,nan,0.6656840413808821
3,AINR,ungated,220,1,0,0,1,63.72300000020914,nan,0.6656840413808821
3,AINR,ungated,221,1,0,0,1,60.138999999708176,nan,0.6656840413808821
3,AINR,ungated,222,1,0,0,1,58.17350000006627,nan,0.6656840413808821
3,AINR,ungated,223,1,0,0,1,55.049399999916204,nan,0.6656840413808821
3,AINR,ungated,224,1,0,0,1,77.48279999987062,nan,0.6656840413808821
3,AINR,ungated,225,1,0,0,1,77.12590000028285,nan,0.6656840413808821
3,AINR,ungated,226,1,0,0,1,68.91990000031001,nan,0.6656840413808821
3,AINR,ungated,227,1,0,0,1,60.658800000055635,nan,0.6656840413808821
3,AINR,ungated,228,1,0,0,1,64.51680000009219,nan,0.6656840413808821
3,AINR,ungated,229,1,0,0,1,57.90600000000268,nan,0.6656840413808821
3,AINR,ungated,230,1,0,0,1,56.77510000032271,nan,0.6656840413808821
3,AINR,ungated,231,1,0,0,1,53.923999999824446,nan,0.6656840413808821
3,AINR,ungated,232,1,0,0,1,54.11129999993136,nan,0.6656840413808821
3,AINR,ungated,233,1,0,0,1,54.53559999978097,nan,0.6656840413808821
3,AINR,ungated,234,1,0,0,1,54.771900000105234,nan,0.6656840413808821
3,AINR,ungated,235,1,0,0,1,53.357900000264635,nan,0.6656840413808821
3,AINR,ungated,236,1,0,0,1,56.116499999916414,nan,0.6656840413808821
3,AINR,ungated,237,1,0,0,1,54.8636999997143,nan,0.6656840413808821
3,AINR,ungated,238,1,0,0,1,53.260600000157865,nan,0.6656840413808821
3,AINR,ungated,239,1,0,0,1,54.72020000024713,nan,0.6656840413808821
3,AINR,ungated,240,1,0,0,1,54.49210000006133,nan,0.6656840413808821
3,AINR,ungated,241,1,0,0,1,71.11530000020139,nan,0.6656840413808821
3,AINR,ungated,242,1,0,0,1,72.18839999995907,nan,0.6656840413808821
3,AINR,ungated,243,1,0,0,1,75.86750000018583,nan,0.6656840413808821
3,AINR,ungated,244,1,0,0,1,72.7777000001879,nan,0.6656840413808821
3,AINR,ungated,245,1,0,0,1,68.68880000001809,nan,0.6656840413808821
3,AINR,ungated,246,1,0,0,1,66.21910000012576,nan,0.6656840413808821
3,AINR,ungated,247,1,0,0,1,65.9074000000146,nan,0.6656840413808821
3,AINR,ungated,248,1,0,0,1,57.55110000018249,nan,0.6656840413808821
3,AINR,ungated,249,1,0,0,1,56.58019999964381,nan,0.6656840413808821
3,AINR,ungated,250,1,0,0,1,63.55309999980818,nan,0.6656840413808821
3,AINR,ungated,251,1,0,0,1,76.58529999980601,nan,0.6656840413808821
3,AINR,ungated,252,1,0,0,1,80.40619999974297,nan,0.6656840413808821
3,AINR,ungated,253,1,0,0,1,68.19240000004356,nan,0.6656840413808821
3,AINR,ungated,254,1,0,0,1,67.93240000024525,nan,0.6656840413808821
3,AINR,ungated,255,1,0,0,1,64.41080000013244,nan,0.6656840413808821
3,AINR,ungated,256,1,0,0,1,60.205999999652704,nan,0.6656840413808821
3,AINR,ungated,257,1,0,0,1,64.66589999990902,nan,0.6656840413808821
3,AINR,ungated,258,1,0,0,1,55.33310000009806,nan,0.6656840413808821
3,AINR,ungated,259,1,0,0,1,59.42649999997229,nan,0.6656840413808821
3,AINR,ungated,260,1,0,0,1,55.45650000021851,nan,0.6656840413808821
3,AINR,ungated,261,1,0,0,1,66.13549999974566,nan,0.6656840413808821
3,AINR,ungated,262,1,0,0,1,74.3641000003663,nan,0.6656840413808821
3,AINR,ungated,263,1,0,0,1,71.99469999977737,nan,0.6656840413808821
3,AINR,ungated,264,1,0,0,1,61.437500000010914,nan,0.6656840413808821
3,AINR,ungated,265,1,0,0,1,64.39479999971809,nan,0.6656840413808821
3,AINR,ungated,266,1,0,0,1,64.46420000020225,nan,0.6656840413808821
3,AINR,ungated,267,1,0,0,1,61.451600000054896,nan,0.6656840413808821
3,AINR,ungated,268,1,0,0,1,55.81560000018726,nan,0.6656840413808821
3,AINR,ungated,269,1,0,0,1,59.5949999997174,nan,0.6656840413808821
3,AINR,ungated,270,1,0,0,1,65.75780000002851,nan,0.6656840413808821
3,AINR,ungated,271,1,0,0,1,70.37369999989096,nan,0.6656840413808821
3,AINR,ungated,272,1,0,0,1,68.3934999997291,nan,0.6656840413808821
3,AINR,ungated,273,1,0,0,1,75.66599999972823,nan,0.6656840413808821
3,AINR,ungated,274,1,0,0,1,70.80459999997402,nan,0.6656840413808821
3,AINR,ungated,275,1,0,0,1,56.27859999958673,nan,0.6656840413808821
3,AINR,ungated,276,1,0,0,1,56.45910000021104,nan,0.6656840413808821
3,AINR,ungated,277,1,0,0,1,55.10759999970105,nan,0.6656840413808821
3,AINR,ungated,278,1,0,0,1,50.067699999999604,nan,0.6656840413808821
3,AINR,ungated,279,1,0,0,1,65.68560000005164,nan,0.6656840413808821
3,AINR,ungated,280,1,0,0,1,66.91640000008192,nan,0.6656840413808821
3,AINR,ungated,281,1,0,0,1,63.58929999987595,nan,0.6656840413808821
3,AINR,ungated,282,1,0,0,1,51.090599999952246,nan,0.6656840413808821
3,AINR,ungated,283,1,0,0,1,58.051500000146916,nan,0.6656840413808821
3,AINR,ungated,284,1,0,0,1,54.96230000017022,nan,0.6656840413808821
3,AINR,ungated,285,1,0,0,1,67.55159999966054,nan,0.6656840413808821
3,AINR,ungated,286,1,0,0,1,61.94230000028256,nan,0.6656840413808821
3,AINR,ungated,287,1,0,0,1,60.05400000003647,nan,0.6656840413808821
3,AINR,ungated,288,1,0,0,1,58.4140999999363,nan,0.6656840413808821
3,AINR,ungated,289,1,0,0,1,59.340599999814,nan,0.6656840413808821
3,AINR,ungated,290,1,0,0,1,70.45359999983702,nan,0.6656840413808821
3,AINR,ungated,291,1,0,0,1,74.50800000015079,nan,0.6656840413808821
3,AINR,ungated,292,1,0,0,1,63.437400000111666,nan,0.6656840413808821
3,AINR,ungated,293,1,0,0,1,57.12370000037481,nan,0.6656840413808821
3,AINR,ungated,294,1,0,0,1,58.650200000101904,nan,0.6656840413808821
3,AINR,ungated,295,1,0,0,1,55.85000000019136,nan,0.6656840413808821
3,AINR,ungated,296,1,0,0,1,57.53210000011677,nan,0.6656840413808821
3,AINR,ungated,297,1,0,0,1,54.305399999975634,nan,0.6656840413808821
3,AINR,ungated,298,1,0,0,1,52.992299999914394,nan,0.6656840413808821
3,AINR,ungated,299,1,0,0,1,53.45630000010715,nan,0.6656840413808821
3,AINR,ungated,300,1,0,0,1,195.25359999988723,nan,0.6656840413808821
3,AINR,ungated,301,1,0,0,1,77.76830000011614,nan,0.6656840413808821
3,AINR,ungated,302,1,0,0,1,57.4335000001156,nan,0.6656840413808821
3,AINR,ungated,303,1,0,0,1,60.78209999986939,nan,0.6656840413808821
3,AINR,ungated,304,1,0,0,1,50.149900000178604,nan,0.6656840413808821
3,AINR,ungated,305,1,0,0,1,53.32670000007056,nan,0.6656840413808821
3,AINR,ungated,306,1,0,0,1,50.542699999823526,nan,0.6656840413808821
3,AINR,ungated,307,1,0,0,1,54.832299999816314,nan,0.6656840413808821
3,AINR,ungated,308,1,0,0,1,52.833799999916664,nan,0.6656840413808821
3,AINR,ungated,309,1,0,0,1,55.863699999918026,nan,0.6656840413808821
3,AINR,ungated,310,1,0,0,1,48.72939999995651,nan,0.6656840413808821
3,AINR,ungated,311,1,0,0,1,56.342400000175985,nan,0.6656840413808821
3,AINR,ungated,312,1,0,0,1,69.80659999999261,nan,0.6656840413808821
3,AINR,ungated,313,1,0,0,1,156.81949999998324,nan,0.6656840413808821
3,AINR,ungated,314,1,0,0,1,171.50609999998778,nan,0.6656840413808821
3,AINR,ungated,315,1,0,0,1,63.4077999998226,nan,0.6656840413808821
3,AINR,ungated,316,1,0,0,1,66.39940000013667,nan,0.6656840413808821
3,AINR,ungated,317,1,0,0,1,58.37779999956183,nan,0.6656840413808821
3,AINR,ungated,318,1,0,0,1,62.15649999967354,nan,0.6656840413808821
3,AINR,ungated,319,1,0,0,1,59.536799999932555,nan,0.6656840413808821
3,AINR,ungated,320,1,0,0,1,61.15460000000894,nan,0.6656840413808821
3,AINR,ungated,321,1,0,0,1,56.33259999967777,nan,0.6656840413808821
3,AINR,ungated,322,1,0,0,1,60.41800000002695,nan,0.6656840413808821
3,AINR,ungated,323,1,0,0,1,59.24150000009831,nan,0.6656840413808821
3,AINR,ungated,324,1,0,0,1,64.36349999967206,nan,0.6656840413808821
3,AINR,ungated,325,1,0,0,1,73.48659999979645,nan,0.6656840413808821
3,AINR,ungated,326,1,0,0,1,80.45949999996083,nan,0.6656840413808821
3,AINR,ungated,327,1,0,0,1,68.75419999960286,nan,0.6656840413808821
3,AINR,ungated,328,1,0,0,1,60.33630000001722,nan,0.6656840413808821
3,AINR,ungated,329,1,0,0,1,64.76070000007894,nan,0.6656840413808821
3,AINR,ungated,330,1,0,0,1,58.211499999742955,nan,0.6656840413808821
3,AINR,ungated,331,1,0,0,1,56.87970000008136,nan,0.6656840413808821
3,AINR,ungated,332,1,0,0,1,62.280399999963265,nan,0.6656840413808821
3,AINR,ungated,333,1,0,0,1,67.72969999974521,nan,0.6656840413808821
3,AINR,ungated,334,1,0,0,1,80.38070000020525,nan,0.6656840413808821
3,AINR,ungated,335,1,0,0,1,61.627799999769195,nan,0.6656840413808821
3,AINR,ungated,336,1,0,0,1,60.99789999962013,nan,0.6656840413808821
3,AINR,ungated,337,1,0,0,1,55.69120000018302,nan,0.6656840413808821
3,AINR,ungated,338,1,0,0,1,52.189800000178366,nan,0.6656840413808821
3,AINR,ungated,339,1,0,0,1,55.85949999976947,nan,0.6656840413808821
3,AINR,ungated,340,1,0,0,1,52.73720000013782,nan,0.6656840413808821
3,AINR,ungated,341,1,0,0,1,65.66530000009152,nan,0.6656840413808821
3,AINR,ungated,342,1,0,0,1,74.154400000225,nan,0.6656840413808821
3,AINR,ungated,343,1,0,0,1,58.10810000002675,nan,0.6656840413808821
3,AINR,ungated,344,1,0,0,1,57.23949999992328,nan,0.6656840413808821
3,AINR,ungated,345,1,0,0,1,53.171800000200165,nan,0.6656840413808821
3,AINR,ungated,346,1,0,0,1,53.953200000250945,nan,0.6656840413808821
3,AINR,ungated,347,1,0,0,1,60.959599999932834,nan,0.6656840413808821
3,AINR,ungated,348,1,0,0,1,71.77730000012161,nan,0.6656840413808821
3,AINR,ungated,349,1,0,0,1,74.62489999988975,nan,0.6656840413808821
3,AINR,ungated,350,1,0,0,1,66.36900000012247,nan,0.6656840413808821
3,AINR,ungated,351,1,0,0,1,68.26810000029582,nan,0.6656840413808821
3,AINR,ungated,352,1,0,0,1,59.14010000014969,nan,0.6656840413808821
3,AINR,ungated,353,1,0,0,1,57.27530000012848,nan,0.6656840413808821
3,AINR,ungated,354,1,0,0,1,56.7100000002938,nan,0.6656840413808821
3,AINR,ungated,355,1,0,0,1,62.02510000002803,nan,0.6656840413808821
3,AINR,ungated,356,1,0,0,1,66.68349999972634,nan,0.6656840413808821
3,AINR,ungated,357,1,0,0,1,71.82600000032835,nan,0.6656840413808821
3,AINR,ungated,358,1,0,0,1,78.20769999989352,nan,0.6656840413808821
3,AINR,ungated,359,1,0,0,1,58.26900000010937,nan,0.6656840413808821
3,AINR,ungated,360,1,0,0,1,58.743800000229385,nan,0.6656840413808821
3,AINR,ungated,361,1,0,0,1,57.42199999986042,nan,0.6656840413808821
3,AINR,ungated,362,1,0,0,1,67.93830000015078,nan,0.6656840413808821
3,AINR,ungated,363,1,0,0,1,79.66470000019399,nan,0.6656840413808821
3,AINR,ungated,364,1,0,0,1,67.9442000000563,nan,0.6656840413808821
3,AINR,ungated,365,1,0,0,1,62.23809999983132,nan,0.6656840413808821
3,AINR,ungated,366,1,0,0,1,61.805600000298,nan,0.6656840413808821
3,AINR,ungated,367,1,0,0,1,57.14620000026116,nan,0.6656840413808821
3,AINR,ungated,368,1,0,0,1,58.867300000201794,nan,0.6656840413808821
3,AINR,ungated,369,1,0,0,1,77.31550000016796,nan,0.6656840413808821
3,AINR,ungated,370,1,0,0,1,156.75910000027216,nan,0.6656840413808821
3,AINR,ungated,371,1,0,0,1,62.9281000001356,nan,0.6656840413808821
3,AINR,ungated,372,1,0,0,1,66.27249999974083,nan,0.6656840413808821
3,AINR,ungated,373,1,0,0,1,56.798300000082236,nan,0.6656840413808821
3,AINR,ungated,374,1,0,0,1,91.02789999997185,nan,0.6656840413808821
3,AINR,ungated,375,1,0,0,1,64.90839999969467,nan,0.6656840413808821
3,AINR,ungated,376,1,0,0,1,63.47790000017994,nan,0.6656840413808821
3,AINR,ungated,377,1,0,0,1,59.78159999995114,nan,0.6656840413808821
3,AINR,ungated,378,1,0,0,1,65.46299999990879,nan,0.6656840413808821
3,AINR,ungated,379,1,0,0,1,68.65560000005644,nan,0.6656840413808821
3,AINR,ungated,380,1,0,0,1,60.684999999921274,nan,0.6656840413808821
3,AINR,ungated,381,1,0,0,1,79.54560000007405,nan,0.6656840413808821
3,AINR,ungated,382,1,0,0,1,77.25099999970553,nan,0.6656840413808821
3,AINR,ungated,383,1,0,0,1,76.1026000000129,nan,0.6656840413808821
3,AINR,ungated,384,1,0,0,1,70.31110000025365,nan,0.6656840413808821
3,AINR,ungated,385,1,0,0,1,65.39029999976265,nan,0.6656840413808821
3,AINR,ungated,386,1,0,0,1,59.77570000004562,nan,0.6656840413808821
3,AINR,ungated,387,1,0,0,1,60.497899999973015,nan,0.6656840413808821
3,AINR,ungated,388,1,0,0,1,66.27160000016374,nan,0.6656840413808821
3,AINR,ungated,389,1,0,0,1,71.62019999987024,nan,0.6656840413808821
3,AINR,ungated,390,1,0,0,1,69.86409999990428,nan,0.6656840413808821
3,AINR,ungated,391,1,0,0,1,76.02219999989757,nan,0.6656840413808821
3,AINR,ungated,392,1,0,0,1,61.02420000024722,nan,0.6656840413808821
3,AINR,ungated,393,1,0,0,1,57.593599999563594,nan,0.6656840413808821
3,AINR,ungated,394,1,0,0,1,60.00099999982922,nan,0.6656840413808821
3,AINR,ungated,395,1,0,0,1,56.64580000029673,nan,0.6656840413808821
3,AINR,ungated,396,1,0,0,1,82.46930000041175,nan,0.6656840413808821
3,AINR,ungated,397,1,0,0,1,75.8587999998781,nan,0.6656840413808821
3,AINR,ungated,398,1,0,0,1,63.67590000036216,nan,0.6656840413808821
3,AINR,ungated,399,1,0,0,1,67.02129999985118,nan,0.6656840413808821
3,AINR,ungated,400,1,0,0,1,61.87290000025314,nan,0.6656840413808821
3,AINR,ungated,401,1,0,0,1,66.1867999997412,nan,0.6656840413808821
3,AINR,ungated,402,1,0,0,1,80.96190000014758,nan,0.6656840413808821
3,AINR,ungated,403,1,0,0,1,77.50099999975646,nan,0.6656840413808821
3,AINR,ungated,404,1,0,0,1,75.20019999992655,nan,0.6656840413808821
3,AINR,ungated,405,1,0,0,1,68.69779999988168,nan,0.6656840413808821
3,AINR,ungated,406,1,0,0,1,68.34469999967041,nan,0.6656840413808821
3,AINR,ungated,407,1,0,0,1,67.01889999976629,nan,0.6656840413808821
3,AINR,ungated,408,1,0,0,1,66.98430000005828,nan,0.6656840413808821
3,AINR,ungated,409,1,0,0,1,64.12070000033054,nan,0.6656840413808821
3,AINR,ungated,410,1,0,0,1,78.37889999973413,nan,0.6656840413808821
3,AINR,ungated,411,1,0,0,1,71.85429999981352,nan,0.6656840413808821
3,AINR,ungated,412,1,0,0,1,66.92720000000918,nan,0.6656840413808821
3,AINR,ungated,413,1,0,0,1,66.5515000000596,nan,0.6656840413808821
3,AINR,ungated,414,1,0,0,1,59.154900000066846,nan,0.6656840413808821
3,AINR,ungated,415,1,0,0,1,54.12850000038816,nan,0.6656840413808821
3,AINR,ungated,416,1,0,0,1,54.72379999991972,nan,0.6656840413808821
3,AINR,ungated,417,1,0,0,1,56.08680000023014,nan,0.6656840413808821
3,AINR,ungated,418,1,0,0,1,55.99860000029366,nan,0.6656840413808821
3,AINR,ungated,419,1,0,0,1,69.8829999996633,nan,0.6656840413808821
3,AINR,ungated,420,1,0,0,1,78.11480000009396,nan,0.6656840413808821
3,AINR,ungated,421,1,0,0,1,73.69360000029701,nan,0.6656840413808821
3,AINR,ungated,422,1,0,0,1,67.43439999991097,nan,0.6656840413808821
3,AINR,ungated,423,1,0,0,1,59.20699999978751,nan,0.6656840413808821
3,AINR,ungated,424,1,0,0,1,56.631299999935436,nan,0.6656840413808821
3,AINR,ungated,425,1,0,0,1,57.90369999976974,nan,0.6656840413808821
3,AINR,ungated,426,1,0,0,1,71.27730000001975,nan,0.6656840413808821
3,AINR,ungated,427,1,0,0,1,79.65070000000196,nan,0.6656840413808821
3,AINR,ungated,428,1,0,0,1,74.16039999998247,nan,0.6656840413808821
3,AINR,ungated,429,1,0,0,1,67.6459999999679,nan,0.6656840413808821
3,AINR,ungated,430,1,0,0,1,62.84409999989293,nan,0.6656840413808821
3,AINR,ungated,431,1,0,0,1,67.4856999999065,nan,0.6656840413808821
3,AINR,ungated,432,1,0,0,1,56.38490000001184,nan,0.6656840413808821
3,AINR,ungated,433,1,0,0,1,56.08800000027259,nan,0.6656840413808821
3,AINR,ungated,434,1,0,0,1,61.42230000023119,nan,0.6656840413808821
3,AINR,ungated,435,1,0,0,1,67.95600000032209,nan,0.6656840413808821
3,AINR,ungated,436,1,0,0,1,71.56729999996969,nan,0.6656840413808821
3,AINR,ungated,437,1,0,0,1,67.14060000012978,nan,0.6656840413808821
3,AINR,ungated,438,1,0,0,1,65.98610000037297,nan,0.6656840413808821
3,AINR,ungated,439,1,0,0,1,66.5500999998585,nan,0.6656840413808821
3,AINR,ungated,440,1,0,0,1,61.256800000137446,nan,0.6656840413808821
3,AINR,ungated,441,1,0,0,1,55.59499999981199,nan,0.6656840413808821
3,AINR,ungated,442,1,0,0,1,55.86859999993976,nan,0.6656840413808821
3,AINR,ungated,443,1,0,0,1,55.869999999686115,nan,0.6656840413808821
3,AINR,ungated,444,1,0,0,1,59.6746000001076,nan,0.6656840413808821
3,AINR,ungated,445,1,0,0,1,63.094099999943865,nan,0.6656840413808821
3,AINR,ungated,446,1,0,0,1,72.1773000000212,nan,0.6656840413808821
3,AINR,ungated,447,1,0,0,1,80.57079999980488,nan,0.6656840413808821
3,AINR,ungated,448,1,0,0,1,67.00079999973241,nan,0.6656840413808821
3,AINR,ungated,449,1,0,0,1,74.13120000001072,nan,0.6656840413808821
3,AINR,ungated,450,1,0,0,1,60.70679999993445,nan,0.6656840413808821
3,AINR,ungated,451,1,0,0,1,58.62589999969714,nan,0.6656840413808821
3,AINR,ungated,452,1,0,0,1,58.05830000008427,nan,0.6656840413808821
3,AINR,ungated,453,1,0,0,1,57.523200000105135,nan,0.6656840413808821
3,AINR,ungated,454,1,0,0,1,56.470900000022084,nan,0.6656840413808821
3,AINR,ungated,455,1,0,0,1,57.93820000008054,nan,0.6656840413808821
3,AINR,ungated,456,1,0,0,1,59.15189999996073,nan,0.6656840413808821
3,AINR,ungated,457,1,0,0,1,58.59920000011698,nan,0.6656840413808821
3,AINR,ungated,458,1,0,0,1,64.9663999997756,nan,0.6656840413808821
3,AINR,ungated,459,1,0,0,1,62.940400000115915,nan,0.6656840413808821
3,AINR,ungated,460,1,0,0,1,80.62099999960992,nan,0.6656840413808821
3,AINR,ungated,461,1,0,0,1,70.24950000004537,nan,0.6656840413808821
3,AINR,ungated,462,1,0,0,1,66.01880000016536,nan,0.6656840413808821
3,AINR,ungated,463,1,0,0,1,60.58800000027986,nan,0.6656840413808821
3,AINR,ungated,464,1,0,0,1,64.81899999971574,nan,0.6656840413808821
3,AINR,ungated,465,1,0,0,1,57.003200000053766,nan,0.6656840413808821
3,AINR,ungated,466,1,0,0,1,57.48549999998431,nan,0.6656840413808821
3,AINR,ungated,467,1,0,0,1,54.929799999626994,nan,0.6656840413808821
3,AINR,ungated,468,1,0,0,1,59.04069999996864,nan,0.6656840413808821
3,AINR,ungated,469,1,0,0,1,63.15619999986666,nan,0.6656840413808821
3,AINR,ungated,470,1,0,0,1,79.62869999983013,nan,0.6656840413808821
3,AINR,ungated,471,1,0,0,1,64.88690000014685,nan,0.6656840413808821
3,AINR,ungated,472,1,0,0,1,60.91890000016065,nan,0.6656840413808821
3,AINR,ungated,473,1,0,0,1,63.75879999995959,nan,0.6656840413808821
3,AINR,ungated,474,1,0,0,1,61.742299999878014,nan,0.6656840413808821
3,AINR,ungated,475,1,0,0,1,65.71150000036141,nan,0.6656840413808821
3,AINR,ungated,476,1,0,0,1,59.72199999996519,nan,0.6656840413808821
3,AINR,ungated,477,1,0,0,1,56.13050000010844,nan,0.6656840413808821
3,AINR,ungated,478,1,0,0,1,79.13949999965553,nan,0.6656840413808821
3,AINR,ungated,479,1,0,0,1,74.64829999980793,nan,0.6656840413808821
3,AINR,ungated,480,1,0,0,1,61.99190000006638,nan,0.6656840413808821
3,AINR,ungated,481,1,0,0,1,68.08700000010504,nan,0.6656840413808821
3,AINR,ungated,482,1,0,0,1,61.35070000027554,nan,0.6656840413808821
3,AINR,ungated,483,1,0,0,1,57.24980000013602,nan,0.6656840413808821
3,AINR,ungated,484,1,0,0,1,63.77700000030018,nan,0.6656840413808821
3,AINR,ungated,485,1,0,0,1,71.91179999972519,nan,0.6656840413808821
3,AINR,ungated,486,1,0,0,1,77.2517999998854,nan,0.6656840413808821
3,AINR,ungated,487,1,0,0,1,68.17929999988337,nan,0.6656840413808821
3,AINR,ungated,488,1,0,0,1,65.60159999980897,nan,0.6656840413808821
3,AINR,ungated,489,1,0,0,1,69.81020000011995,nan,0.6656840413808821
3,AINR,ungated,490,1,0,0,1,61.16069999961837,nan,0.6656840413808821
3,AINR,ungated,491,1,0,0,1,54.36250000002474,nan,0.6656840413808821
3,AINR,ungated,492,1,0,0,1,64.87209999977495,nan,0.6656840413808821
3,AINR,ungated,493,1,0,0,1,77.14510000005248,nan,0.6656840413808821
3,AINR,ungated,494,1,0,0,1,70.66770000028555,nan,0.6656840413808821
3,AINR,ungated,495,1,0,0,1,61.27229999992778,nan,0.6656840413808821
3,AINR,ungated,496,1,0,0,1,69.05860000006214,nan,0.6656840413808821
3,AINR,ungated,497,1,0,0,1,62.22720000005211,nan,0.6656840413808821
3,AINR,ungated,498,1,0,0,1,57.60250000002998,nan,0.6656840413808821
3,AINR,ungated,499,1,0,0,1,59.1404000001603,nan,0.6656840413808821
3,AINR,ungated,500,1,0,0,1,60.04769999981363,nan,0.6656840413808821
3,AINR,ungated,501,1,0,0,1,59.01829999993424,nan,0.6656840413808821
3,AINR,ungated,502,1,0,0,1,76.68379999995523,nan,0.6656840413808821
3,AINR,ungated,503,1,0,0,1,76.2125000001106,nan,0.6656840413808821
3,AINR,ungated,504,1,0,0,1,64.1259999997601,nan,0.6656840413808821
3,AINR,ungated,505,1,0,0,1,62.7638000000843,nan,0.6656840413808821
3,AINR,ungated,506,1,0,0,1,64.04250000014144,nan,0.6656840413808821
3,AINR,ungated,507,1,0,0,1,58.85699999998906,nan,0.6656840413808821
3,AINR,ungated,508,1,0,0,1,56.009200000062265,nan,0.6656840413808821
3,AINR,ungated,509,1,0,0,1,55.21169999974518,nan,0.6656840413808821
3,AINR,ungated,510,1,0,0,1,54.7777000001588,nan,0.6656840413808821
3,AINR,ungated,511,1,0,0,1,56.09309999999823,nan,0.6656840413808821
3,AINR,ungated,512,1,0,0,1,73.99390000000494,nan,0.6656840413808821
3,AINR,ungated,513,1,0,0,1,78.89290000002802,nan,0.6656840413808821
3,AINR,ungated,514,1,0,0,1,67.03010000001086,nan,0.6656840413808821
3,AINR,ungated,515,1,0,0,1,68.56850000031045,nan,0.6656840413808821
3,AINR,ungated,516,1,0,0,1,60.06309999975201,nan,0.6656840413808821
3,AINR,ungated,517,1,0,0,1,61.073900000337744,nan,0.6656840413808821
3,AINR,ungated,518,1,0,0,1,68.54470000007495,nan,0.6656840413808821
3,AINR,ungated,519,1,0,0,1,82.00689999966926,nan,0.6656840413808821
3,AINR,ungated,520,1,0,0,1,71.96239999984755,nan,0.6656840413808821
3,AINR,ungated,521,1,0,0,1,72.41130000011253,nan,0.6656840413808821
3,AINR,ungated,522,1,0,0,1,62.913900000239664,nan,0.6656840413808821
3,AINR,ungated,523,1,0,0,1,58.81630000021687,nan,0.6656840413808821
3,AINR,ungated,524,1,0,0,1,56.14100000002509,nan,0.6656840413808821
3,AINR,ungated,525,1,0,0,1,56.25420000023951,nan,0.6656840413808821
3,AINR,ungated,526,1,0,0,1,53.64170000029844,nan,0.6656840413808821
3,AINR,ungated,527,1,0,0,1,70.16499999963344,nan,0.6656840413808821
3,AINR,ungated,528,1,0,0,1,77.79329999993934,nan,0.6656840413808821
3,AINR,ungated,529,1,0,0,1,67.50469999997222,nan,0.6656840413808821
3,AINR,ungated,530,1,0,0,1,71.70799999994415,nan,0.6656840413808821
3,AINR,ungated,531,1,0,0,1,67.82330000032744,nan,0.6656840413808821
3,AINR,ungated,532,1,0,0,1,58.933799999977055,nan,0.6656840413808821
3,AINR,ungated,533,1,0,0,1,57.74250000013126,nan,0.6656840413808821
3,AINR,ungated,534,1,0,0,1,70.08120000000417,nan,0.6656840413808821
3,AINR,ungated,535,1,0,0,1,74.98619999978473,nan,0.6656840413808821
3,AINR,ungated,536,1,0,0,1,80.80019999988508,nan,0.6656840413808821
3,AINR,ungated,537,1,0,0,1,71.94070000014108,nan,0.6656840413808821
3,AINR,ungated,538,1,0,0,1,65.57689999999639,nan,0.6656840413808821
3,AINR,ungated,539,1,0,0,1,63.368500000251515,nan,0.6656840413808821
3,AINR,ungated,540,1,0,0,1,53.43620000030569,nan,0.6656840413808821
3,AINR,ungated,541,1,0,0,1,52.83479999980045,nan,0.6656840413808821
3,AINR,ungated,542,1,0,0,1,55.241400000340946,nan,0.6656840413808821
3,AINR,ungated,543,1,0,0,1,56.694899999911286,nan,0.6656840413808821
3,AINR,ungated,544,1,0,0,1,56.06350000016391,nan,0.6656840413808821
3,AINR,ungated,545,1,0,0,1,54.752499999722204,nan,0.6656840413808821
3,AINR,ungated,546,1,0,0,1,55.48829999997906,nan,0.6656840413808821
3,AINR,ungated,547,1,0,0,1,61.72270000024582,nan,0.6656840413808821
3,AINR,ungated,548,1,0,0,1,75.64849999971557,nan,0.6656840413808821
3,AINR,ungated,549,1,0,0,1,80.6932999998935,nan,0.6656840413808821
3,AINR,ungated,550,1,0,0,1,68.59929999973247,nan,0.6656840413808821
3,AINR,ungated,551,1,0,0,1,69.75479999982781,nan,0.6656840413808821
3,AINR,ungated,552,1,0,0,1,61.80130000029749,nan,0.6656840413808821
3,AINR,ungated,553,1,0,0,1,58.671400000093854,nan,0.6656840413808821
3,AINR,ungated,554,1,0,0,1,65.6685999997535,nan,0.6656840413808821
3,AINR,ungated,555,1,0,0,1,82.62500000000728,nan,0.6656840413808821
3,AINR,ungated,556,1,0,0,1,66.43119999989722,nan,0.6656840413808821
3,AINR,ungated,557,1,0,0,1,68.51959999994506,nan,0.6656840413808821
3,AINR,ungated,558,1,0,0,1,61.405500000091706,nan,0.6656840413808821
3,AINR,ungated,559,1,0,0,1,56.81169999979829,nan,0.6656840413808821
3,AINR,ungated,560,1,0,0,1,55.10679999997592,nan,0.6656840413808821
3,AINR,ungated,561,1,0,0,1,57.23259999967922,nan,0.6656840413808821
3,AINR,ungated,562,1,0,0,1,68.57709999985673,nan,0.6656840413808821
3,AINR,ungated,563,1,0,0,1,66.71589999996286,nan,0.6656840413808821
3,AINR,ungated,564,1,0,0,1,79.95360000040819,nan,0.6656840413808821
3,AINR,ungated,565,1,0,0,1,67.28389999989304,nan,0.6656840413808821
3,AINR,ungated,566,1,0,0,1,67.21560000005411,nan,0.6656840413808821
3,AINR,ungated,567,1,0,0,1,64.267899999777,nan,0.6656840413808821
3,AINR,ungated,568,1,0,0,1,62.902000000121916,nan,0.6656840413808821
3,AINR,ungated,569,1,0,0,1,64.20350000007602,nan,0.6656840413808821
3,AINR,ungated,570,1,0,0,1,72.1363000002384,nan,0.6656840413808821
3,AINR,ungated,571,1,0,0,1,76.33260000011433,nan,0.6656840413808821
3,AINR,ungated,572,1,0,0,1,72.02460000007704,nan,0.6656840413808821
3,AINR,ungated,573,1,0,0,1,69.06630000003133,nan,0.6656840413808821
3,AINR,ungated,574,1,0,0,1,63.35159999980533,nan,0.6656840413808821
3,AINR,ungated,575,1,0,0,1,64.41160000031232,nan,0.6656840413808821
3,AINR,ungated,576,1,0,0,1,54.26840000018274,nan,0.6656840413808821
3,AINR,ungated,577,1,0,0,1,55.686100000002625,nan,0.6656840413808821
3,AINR,ungated,578,1,0,0,1,55.67270000028657,nan,0.6656840413808821
3,AINR,ungated,579,1,0,0,1,54.49029999999766,nan,0.6656840413808821
3,AINR,ungated,580,1,0,0,1,58.208400000239635,nan,0.6656840413808821
3,AINR,ungated,581,1,0,0,1,60.03549999968527,nan,0.6656840413808821
3,AINR,ungated,582,1,0,0,1,57.40960000002815,nan,0.6656840413808821
3,AINR,ungated,583,1,0,0,1,59.607600000163075,nan,0.6656840413808821
3,AINR,ungated,584,1,0,0,1,64.4455999999991,nan,0.6656840413808821
3,AINR,ungated,585,1,0,0,1,73.94999999996799,nan,0.6656840413808821
3,AINR,ungated,586,1,0,0,1,76.53899999968417,nan,0.6656840413808821
3,AINR,ungated,587,1,0,0,1,63.86149999980262,nan,0.6656840413808821
3,AINR,ungated,588,1,0,0,1,64.58569999995234,nan,0.6656840413808821
3,AINR,ungated,589,1,0,0,1,61.602400000083435,nan,0.6656840413808821
3,AINR,ungated,590,1,0,0,1,57.56789999986722,nan,0.6656840413808821
3,AINR,ungated,591,1,0,0,1,56.0950000003686,nan,0.6656840413808821
3,AINR,ungated,592,1,0,0,1,57.586999999784894,nan,0.6656840413808821
3,AINR,ungated,593,1,0,0,1,57.39929999981541,nan,0.6656840413808821
3,AINR,ungated,594,1,0,0,1,57.383699999718374,nan,0.6656840413808821
3,AINR,ungated,595,1,0,0,1,69.57439999996495,nan,0.6656840413808821
3,AINR,ungated,596,1,0,0,1,75.17639999969106,nan,0.6656840413808821
3,AINR,ungated,597,1,0,0,1,63.451599999552855,nan,0.6656840413808821
3,AINR,ungated,598,1,0,0,1,64.80769999961922,nan,0.6656840413808821
3,AINR,ungated,599,1,0,0,1,64.21450000016193,nan,0.6656840413808821
3,AINR,ungated,600,1,0,0,1,59.80849999968996,nan,0.6656840413808821
3,AINR,ungated,601,1,0,0,1,58.864900000116904,nan,0.6656840413808821
3,AINR,ungated,602,1,0,0,1,60.30629999986559,nan,0.6656840413808821
3,AINR,ungated,603,1,0,0,1,66.36950000029174,nan,0.6656840413808821
3,AINR,ungated,604,1,0,0,1,83.22369999996226,nan,0.6656840413808821
3,AINR,ungated,605,1,0,0,1,80.59910000019954,nan,0.6656840413808821
3,AINR,ungated,606,1,0,0,1,67.59919999967678,nan,0.6656840413808821
3,AINR,ungated,607,1,0,0,1,68.37689999974828,nan,0.6656840413808821
3,AINR,ungated,608,1,0,0,1,61.98870000025636,nan,0.6656840413808821
3,AINR,ungated,609,1,0,0,1,56.809700000030716,nan,0.6656840413808821
3,AINR,ungated,610,1,0,0,1,58.093900000130816,nan,0.6656840413808821
3,AINR,ungated,611,1,0,0,1,62.33780000002298,nan,0.6656840413808821
3,AINR,ungated,612,1,0,0,1,58.16610000010769,nan,0.6656840413808821
3,AINR,ungated,613,1,0,0,1,57.48250000033295,nan,0.6656840413808821
3,AINR,ungated,614,1,0,0,1,66.13689999994676,nan,0.6656840413808821
3,AINR,ungated,615,1,0,0,1,72.26700000001074,nan,0.6656840413808821
3,AINR,ungated,616,1,0,0,1,75.521000000208,nan,0.6656840413808821
3,AINR,ungated,617,1,0,0,1,66.46419999970021,nan,0.6656840413808821
3,AINR,ungated,618,1,0,0,1,61.84419999999591,nan,0.6656840413808821
3,AINR,ungated,619,1,0,0,1,60.31700000039564,nan,0.6656840413808821
3,AINR,ungated,620,1,0,0,1,55.10580000009213,nan,0.6656840413808821
3,AINR,ungated,621,1,0,0,1,55.46450000019831,nan,0.6656840413808821
3,AINR,ungated,622,1,0,0,1,60.38009999974747,nan,0.6656840413808821
3,AINR,ungated,623,1,0,0,1,74.69889999993029,nan,0.6656840413808821
3,AINR,ungated,624,1,0,0,1,80.2163999996992,nan,0.6656840413808821
3,AINR,ungated,625,1,0,0,1,68.10919999998077,nan,0.6656840413808821
3,AINR,ungated,626,1,0,0,1,64.63050000002113,nan,0.6656840413808821
3,AINR,ungated,627,1,0,0,1,62.86869999985356,nan,0.6656840413808821
3,AINR,ungated,628,1,0,0,1,60.1753999999346,nan,0.6656840413808821
3,AINR,ungated,629,1,0,0,1,58.71999999999389,nan,0.6656840413808821
3,AINR,ungated,630,1,0,0,1,57.28769999996075,nan,0.6656840413808821
3,AINR,ungated,631,1,0,0,1,55.75039999985165,nan,0.6656840413808821
3,AINR,ungated,632,1,0,0,1,67.28860000021086,nan,0.6656840413808821
3,AINR,ungated,633,1,0,0,1,69.55370000014227,nan,0.6656840413808821
3,AINR,ungated,634,1,0,0,1,77.55870000028153,nan,0.6656840413808821
3,AINR,ungated,635,1,0,0,1,66.99320000006992,nan,0.6656840413808821
3,AINR,ungated,636,1,0,0,1,65.06330000001981,nan,0.6656840413808821
3,AINR,ungated,637,1,0,0,1,57.02900000005684,nan,0.6656840413808821
3,AINR,ungated,638,1,0,0,1,53.868400000283145,nan,0.6656840413808821
3,AINR,ungated,639,1,0,0,1,57.50390000002881,nan,0.6656840413808821
3,AINR,ungated,640,1,0,0,1,61.734899999919435,nan,0.6656840413808821
3,AINR,ungated,641,1,0,0,1,68.51980000010371,nan,0.6656840413808821
3,AINR,ungated,642,1,0,0,1,81.27760000024864,nan,0.6656840413808821
3,AINR,ungated,643,1,0,0,1,65.86849999985134,nan,0.6656840413808821
3,AINR,ungated,644,1,0,0,1,60.51049999996394,nan,0.6656840413808821
3,AINR,ungated,645,1,0,0,1,68.61879999996745,nan,0.6656840413808821
3,AINR,ungated,646,1,0,0,1,62.86950000003344,nan,0.6656840413808821
3,AINR,ungated,647,1,0,0,1,63.084600000365754,nan,0.6656840413808821
3,AINR,ungated,648,1,0,0,1,57.00230000002193,nan,0.6656840413808821
3,AINR,ungated,649,1,0,0,1,74.54239999970014,nan,0.6656840413808821
3,AINR,ungated,650,1,0,0,1,89.01030000015453,nan,0.6656840413808821
3,AINR,ungated,651,1,0,0,1,71.18949999994584,nan,0.6656840413808821
3,AINR,ungated,652,1,0,0,1,62.32950000003257,nan,0.6656840413808821
3,AINR,ungated,653,1,0,0,1,66.19039999986853,nan,0.6656840413808821
3,AINR,ungated,654,1,0,0,1,61.82970000008936,nan,0.6656840413808821
3,AINR,ungated,655,1,0,0,1,59.0541999999914,nan,0.6656840413808821
3,AINR,ungated,656,1,0,0,1,59.19919999996637,nan,0.6656840413808821
3,AINR,ungated,657,1,0,0,1,59.5247000001109,nan,0.6656840413808821
3,AINR,ungated,658,1,0,0,1,73.06010000002061,nan,0.6656840413808821
3,AINR,ungated,659,1,0,0,1,82.56640000035986,nan,0.6656840413808821
3,AINR,ungated,660,1,0,0,1,68.79060000028403,nan,0.6656840413808821
3,AINR,ungated,661,1,0,0,1,69.39760000022943,nan,0.6656840413808821
3,AINR,ungated,662,1,0,0,1,65.26720000010755,nan,0.6656840413808821
3,AINR,ungated,663,1,0,0,1,58.4262000002127,nan,0.6656840413808821
3,AINR,ungated,664,1,0,0,1,58.54829999998401,nan,0.6656840413808821
3,AINR,ungated,665,1,0,0,1,57.36639999986437,nan,0.6656840413808821
3,AINR,ungated,666,1,0,0,1,54.6385000002374,nan,0.6656840413808821
3,AINR,ungated,667,1,0,0,1,53.442899999936344,nan,0.6656840413808821
3,AINR,ungated,668,1,0,0,1,56.11919999955717,nan,0.6656840413808821
3,AINR,ungated,669,1,0,0,1,66.63649999973131,nan,0.6656840413808821
3,AINR,ungated,670,1,0,0,1,67.09270000010292,nan,0.6656840413808821
3,AINR,ungated,671,1,0,0,1,76.20390000010957,nan,0.6656840413808821
3,AINR,ungated,672,1,0,0,1,67.9614999999103,nan,0.6656840413808821
3,AINR,ungated,673,1,0,0,1,62.99859999990076,nan,0.6656840413808821
3,AINR,ungated,674,1,0,0,1,63.31820000013977,nan,0.6656840413808821
3,AINR,ungated,675,1,0,0,1,57.592599999679805,nan,0.6656840413808821
3,AINR,ungated,676,1,0,0,1,60.98010000005161,nan,0.6656840413808821
3,AINR,ungated,677,1,0,0,1,62.52959999983432,nan,0.6656840413808821
3,AINR,ungated,678,1,0,0,1,56.961999999657564,nan,0.6656840413808821
3,AINR,ungated,679,1,0,0,1,56.47429999999076,nan,0.6656840413808821
3,AINR,ungated,680,1,0,0,1,67.70929999993314,nan,0.6656840413808821
3,AINR,ungated,681,1,0,0,1,74.80420000001686,nan,0.6656840413808821
3,AINR,ungated,682,1,0,0,1,70.85559999995894,nan,0.6656840413808821
3,AINR,ungated,683,1,0,0,1,66.64450000016586,nan,0.6656840413808821
3,AINR,ungated,684,1,0,0,1,61.3522999997258,nan,0.6656840413808821
3,AINR,ungated,685,1,0,0,1,57.23160000025018,nan,0.6656840413808821
3,AINR,ungated,686,1,0,0,1,57.141499999943335,nan,0.6656840413808821
3,AINR,ungated,687,1,0,0,1,67.65949999999066,nan,0.6656840413808821
3,AINR,ungated,688,1,0,0,1,79.36329999984082,nan,0.6656840413808821
3,AINR,ungated,689,1,0,0,1,66.58130000005258,nan,0.6656840413808821
3,AINR,ungated,690,1,0,0,1,59.370599999965634,nan,0.6656840413808821
3,AINR,ungated,691,1,0,0,1,67.09049999972194,nan,0.6656840413808821
3,AINR,ungated,692,1,0,0,1,59.04599999985294,nan,0.6656840413808821
3,AINR,ungated,693,1,0,0,1,57.30709999988903,nan,0.6656840413808821
3,AINR,ungated,694,1,0,0,1,56.11640000006446,nan,0.6656840413808821
3,AINR,ungated,695,1,0,0,1,62.77740000041376,nan,0.6656840413808821
3,AINR,ungated,696,1,0,0,1,84.7766000001684,nan,0.6656840413808821
3,AINR,ungated,697,1,0,0,1,74.21279999971375,nan,0.6656840413808821
3,AINR,ungated,698,1,0,0,1,63.03430000025401,nan,0.6656840413808821
3,AINR,ungated,699,1,0,0,1,62.4880000000303,nan,0.6656840413808821
3,AINR,ungated,700,1,0,0,1,65.53800000028787,nan,0.6656840413808821
3,AINR,ungated,701,1,0,0,1,64.41590000031283,nan,0.6656840413808821
3,AINR,ungated,702,1,0,0,1,59.37979999998788,nan,0.6656840413808821
3,AINR,ungated,703,1,0,0,1,61.85909999976502,nan,0.6656840413808821
3,AINR,ungated,704,1,0,0,1,69.12400000010166,nan,0.6656840413808821
3,AINR,ungated,705,1,0,0,1,83.66239999986647,nan,0.6656840413808821
3,AINR,ungated,706,1,0,0,1,65.58449999965887,nan,0.6656840413808821
3,AINR,ungated,707,1,0,0,1,64.4137000003866,nan,0.6656840413808821
3,AINR,ungated,708,1,0,0,1,62.78629999997065,nan,0.6656840413808821
3,AINR,ungated,709,1,0,0,1,55.66300000009505,nan,0.6656840413808821
3,AINR,ungated,710,1,0,0,1,63.611900000069,nan,0.6656840413808821
3,AINR,ungated,711,1,0,0,1,64.61870000021008,nan,0.6656840413808821
3,AINR,ungated,712,1,0,0,1,73.48369999999704,nan,0.6656840413808821
3,AINR,ungated,713,1,0,0,1,79.18019999988246,nan,0.6656840413808821
3,AINR,ungated,714,1,0,0,1,66.17059999962294,nan,0.6656840413808821
3,AINR,ungated,715,1,0,0,1,69.91319999997359,nan,0.6656840413808821
3,AINR,ungated,716,1,0,0,1,63.74129999994693,nan,0.6656840413808821
3,AINR,ungated,717,1,0,0,1,61.4663000001201,nan,0.6656840413808821
3,AINR,ungated,718,1,0,0,1,59.14149999989604,nan,0.6656840413808821
3,AINR,ungated,719,1,0,0,1,59.886399999868445,nan,0.6656840413808821
3,AINR,ungated,720,1,0,0,1,73.03989999991245,nan,0.6656840413808821
3,AINR,ungated,721,1,0,0,1,72.55519999989701,nan,0.6656840413808821
3,AINR,ungated,722,1,0,0,1,71.31879999997182,nan,0.6656840413808821
3,AINR,ungated,723,1,0,0,1,70.04449999976714,nan,0.6656840413808821
3,AINR,ungated,724,1,0,0,1,59.98719999979585,nan,0.6656840413808821
3,AINR,ungated,725,1,0,0,1,59.111200000188546,nan,0.6656840413808821
3,AINR,ungated,726,1,0,0,1,64.72999999959939,nan,0.6656840413808821
3,AINR,ungated,727,1,0,0,1,55.85130000008576,nan,0.6656840413808821
3,AINR,ungated,728,1,0,0,1,62.25450000010824,nan,0.6656840413808821
3,AINR,ungated,729,1,0,0,1,69.89720000001398,nan,0.6656840413808821
3,AINR,ungated,730,1,0,0,1,78.09199999974226,nan,0.6656840413808821
3,AINR,ungated,731,1,0,0,1,69.15439999966111,nan,0.6656840413808821
3,AINR,ungated,732,1,0,0,1,68.08660000024247,nan,0.6656840413808821
3,AINR,ungated,733,1,0,0,1,67.6103000000694,nan,0.6656840413808821
3,AINR,ungated,734,1,0,0,1,60.533899999882124,nan,0.6656840413808821
3,AINR,ungated,735,1,0,0,1,54.752499999722204,nan,0.6656840413808821
3,AINR,ungated,736,1,0,0,1,69.87699999990582,nan,0.6656840413808821
3,AINR,ungated,737,1,0,0,1,77.70699999991848,nan,0.6656840413808821
3,AINR,ungated,738,1,0,0,1,71.75629999983357,nan,0.6656840413808821
3,AINR,ungated,739,1,0,0,1,67.02500000028522,nan,0.6656840413808821
3,AINR,ungated,740,1,0,0,1,60.88270000009288,nan,0.6656840413808821
3,AINR,ungated,741,1,0,0,1,63.243900000088615,nan,0.6656840413808821
3,AINR,ungated,742,1,0,0,1,59.88739999975223,nan,0.6656840413808821
3,AINR,ungated,743,1,0,0,1,65.1730999998108,nan,0.6656840413808821
3,AINR,ungated,744,1,0,0,1,73.4016999999767,nan,0.6656840413808821
3,AINR,ungated,745,1,0,0,1,76.86650000005102,nan,0.6656840413808821
3,AINR,ungated,746,1,0,0,1,68.28550000000178,nan,0.6656840413808821
3,AINR,ungated,747,1,0,0,1,64.58340000017415,nan,0.6656840413808821
3,AINR,ungated,748,1,0,0,1,65.88259999989532,nan,0.6656840413808821
3,AINR,ungated,749,1,0,0,1,58.38180000000648,nan,0.6656840413808821
3,AINR,ungated,750,1,0,0,1,56.04350000021441,nan,0.6656840413808821
3,AINR,ungated,751,1,0,0,1,63.779600000088976,nan,0.6656840413808821
3,AINR,ungated,752,1,0,0,1,77.6544999998805,nan,0.6656840413808821
3,AINR,ungated,753,1,0,0,1,70.6399999999121,nan,0.6656840413808821
3,AINR,ungated,754,1,0,0,1,64.93409999984578,nan,0.6656840413808821
3,AINR,ungated,755,1,0,0,1,68.16660000004049,nan,0.6656840413808821
3,AINR,ungated,756,1,0,0,1,61.92079999982525,nan,0.6656840413808821
3,AINR,ungated,757,1,0,0,1,57.08069999991494,nan,0.6656840413808821
3,AINR,ungated,758,1,0,0,1,56.890199999998,nan,0.6656840413808821
3,AINR,ungated,759,1,0,0,1,68.56079999988651,nan,0.6656840413808821
3,AINR,ungated,760,1,0,0,1,75.84980000001451,nan,0.6656840413808821
3,AINR,ungated,761,1,0,0,1,76.64740000018355,nan,0.6656840413808821
3,AINR,ungated,762,1,0,0,1,61.74949999967794,nan,0.6656840413808821
3,AINR,ungated,763,1,0,0,1,65.12259999999515,nan,0.6656840413808821
3,AINR,ungated,764,1,0,0,1,61.3060000000587,nan,0.6656840413808821
3,AINR,ungated,765,1,0,0,1,58.23910000026444,nan,0.6656840413808821
3,AINR,ungated,766,1,0,0,1,55.50420000008671,nan,0.6656840413808821
3,AINR,ungated,767,1,0,0,1,59.152199999971344,nan,0.6656840413808821
3,AINR,ungated,768,1,0,0,1,73.30659999979616,nan,0.6656840413808821
3,AINR,ungated,769,1,0,0,1,74.5640000000094,nan,0.6656840413808821
3,AINR,ungated,770,1,0,0,1,70.04189999997834,nan,0.6656840413808821
3,AINR,ungated,771,1,0,0,1,67.17459999981656,nan,0.6656840413808821
3,AINR,ungated,772,1,0,0,1,64.33770000012373,nan,0.6656840413808821
3,AINR,ungated,773,1,0,0,1,64.18800000028568,nan,0.6656840413808821
3,AINR,ungated,774,1,0,0,1,70.38909999982934,nan,0.6656840413808821
3,AINR,ungated,775,1,0,0,1,75.50589999982549,nan,0.6656840413808821
3,AINR,ungated,776,1,0,0,1,83.64819999997053,nan,0.6656840413808821
3,AINR,ungated,777,1,0,0,1,66.7315000000599,nan,0.6656840413808821
3,AINR,ungated,778,1,0,0,1,66.44550000009986,nan,0.6656840413808821
3,AINR,ungated,779,1,0,0,1,62.42480000037176,nan,0.6656840413808821
3,AINR,ungated,780,1,0,0,1,57.20480000036332,nan,0.6656840413808821
3,AINR,ungated,781,1,0,0,1,58.67709999984072,nan,0.6656840413808821
3,AINR,ungated,782,1,0,0,1,58.378499999889755,nan,0.6656840413808821
3,AINR,ungated,783,1,0,0,1,60.4948999998669,nan,0.6656840413808821
3,AINR,ungated,784,1,0,0,1,55.17269999972996,nan,0.6656840413808821
3,AINR,ungated,785,1,0,0,1,56.54039999990346,nan,0.6656840413808821
3,AINR,ungated,786,1,0,0,1,63.82750000011583,nan,0.6656840413808821
3,AINR,ungated,787,1,0,0,1,76.69789999999921,nan,0.6656840413808821
3,AINR,ungated,788,1,0,0,1,78.53410000006988,nan,0.6656840413808821
3,AINR,ungated,789,1,0,0,1,68.98349999983111,nan,0.6656840413808821
3,AINR,ungated,790,1,0,0,1,65.8925999996427,nan,0.6656840413808821
3,AINR,ungated,791,1,0,0,1,64.71220000003086,nan,0.6656840413808821
3,AINR,ungated,792,1,0,0,1,60.22419999999329,nan,0.6656840413808821
3,AINR,ungated,793,1,0,0,1,58.46389999987878,nan,0.6656840413808821
3,AINR,ungated,794,1,0,0,1,54.244500000095286,nan,0.6656840413808821
3,AINR,ungated,795,1,0,0,1,64.23379999978351,nan,0.6656840413808821
3,AINR,ungated,796,1,0,0,1,75.32139999966603,nan,0.6656840413808821
3,AINR,ungated,797,1,0,0,1,74.51690000016242,nan,0.6656840413808821
3,AINR,ungated,798,1,0,0,1,68.11429999970642,nan,0.6656840413808821
3,AINR,ungated,799,1,0,0,1,64.800600000126,nan,0.6656840413808821
3,AINR,ungated,800,1,0,0,1,62.09229999967647,nan,0.6656840413808821
3,AINR,ungated,801,1,0,0,1,61.10209999997096,nan,0.6656840413808821
3,AINR,ungated,802,1,0,0,1,54.81320000035339,nan,0.6656840413808821
3,AINR,ungated,803,1,0,0,1,59.11500000001979,nan,0.6656840413808821
3,AINR,ungated,804,1,0,0,1,60.599399999773595,nan,0.6656840413808821
3,AINR,ungated,805,1,0,0,1,66.24180000017077,nan,0.6656840413808821
3,AINR,ungated,806,1,0,0,1,81.59410000007483,nan,0.6656840413808821
3,AINR,ungated,807,1,0,0,1,70.89069999983622,nan,0.6656840413808821
3,AINR,ungated,808,1,0,0,1,64.03939999972863,nan,0.6656840413808821
3,AINR,ungated,809,1,0,0,1,70.04560000041238,nan,0.6656840413808821
3,AINR,ungated,810,1,0,0,1,59.99519999977565,nan,0.6656840413808821
3,AINR,ungated,811,1,0,0,1,60.56429999989632,nan,0.6656840413808821
3,AINR,ungated,812,1,0,0,1,69.48069999998552,nan,0.6656840413808821
3,AINR,ungated,813,1,0,0,1,73.4002999997756,nan,0.6656840413808821
3,AINR,ungated,814,1,0,0,1,67.7095000000918,nan,0.6656840413808821
3,AINR,ungated,815,1,0,0,1,64.64380000033998,nan,0.6656840413808821
3,AINR,ungated,816,1,0,0,1,60.49070000017309,nan,0.6656840413808821
3,AINR,ungated,817,1,0,0,1,58.924800000113464,nan,0.6656840413808821
3,AINR,ungated,818,1,0,0,1,56.25610000015513,nan,0.6656840413808821
3,AINR,ungated,819,1,0,0,1,55.79179999995176,nan,0.6656840413808821
3,AINR,ungated,820,1,0,0,1,54.80440000019371,nan,0.6656840413808821
3,AINR,ungated,821,1,0,0,1,56.69099999977334,nan,0.6656840413808821
3,AINR,ungated,822,1,0,0,1,70.476900000358,nan,0.6656840413808821
3,AINR,ungated,823,1,0,0,1,76.60949999990407,nan,0.6656840413808821
3,AINR,ungated,824,1,0,0,1,69.81980000000476,nan,0.6656840413808821
3,AINR,ungated,825,1,0,0,1,72.2206999998889,nan,0.6656840413808821
3,AINR,ungated,826,1,0,0,1,71.98960000005172,nan,0.6656840413808821
3,AINR,ungated,827,1,0,0,1,65.46479999997246,nan,0.6656840413808821
3,AINR,ungated,828,1,0,0,1,63.63629999987097,nan,0.6656840413808821
3,AINR,ungated,829,1,0,0,1,62.37569999984771,nan,0.6656840413808821
3,AINR,ungated,830,1,0,0,1,70.33049999972718,nan,0.6656840413808821
3,AINR,ungated,831,1,0,0,1,72.8847999998834,nan,0.6656840413808821
3,AINR,ungated,832,1,0,0,1,49.75430000013148,nan,0.6656840413808821
3,AINR,ungated,833,1,0,0,1,56.752200000119046,nan,0.6656840413808821
3,AINR,ungated,834,1,0,0,1,57.97960000018065,nan,0.6656840413808821
3,AINR,ungated,835,1,0,0,1,68.72870000006515,nan,0.6656840413808821
3,AINR,ungated,836,1,0,0,1,71.77600000022721,nan,0.6656840413808821
3,AINR,ungated,837,1,0,0,1,63.105700000051,nan,0.6656840413808821
3,AINR,ungated,838,1,0,0,1,58.32090000012613,nan,0.6656840413808821
3,AINR,ungated,839,1,0,0,1,57.057699999859324,nan,0.6656840413808821
3,AINR,ungated,840,1,0,0,1,72.46989999975995,nan,0.6656840413808821
3,AINR,ungated,841,1,0,0,1,64.6735999998782,nan,0.6656840413808821
3,AINR,ungated,842,1,0,0,1,65.83010000031209,nan,0.6656840413808821
3,AINR,ungated,843,1,0,0,1,59.78469999990921,nan,0.6656840413808821
3,AINR,ungated,844,1,0,0,1,64.31229999998322,nan,0.6656840413808821
3,AINR,ungated,845,1,0,0,1,69.75499999998647,nan,0.6656840413808821
3,AINR,ungated,846,1,0,0,1,94.5016000000578,nan,0.6656840413808821
3,AINR,ungated,847,1,0,0,1,70.04420000021128,nan,0.6656840413808821
3,AINR,ungated,848,1,0,0,1,70.52680000015243,nan,0.6656840413808821
3,AINR,ungated,849,1,0,0,1,67.08310000021811,nan,0.6656840413808821
3,AINR,ungated,850,1,0,0,1,59.89349999981641,nan,0.6656840413808821
3,AINR,ungated,851,1,0,0,1,61.56139999984589,nan,0.6656840413808821
3,AINR,ungated,852,1,0,0,1,66.75309999991441,nan,0.6656840413808821
3,AINR,ungated,853,1,0,0,1,71.21219999999084,nan,0.6656840413808821
3,AINR,ungated,854,1,0,0,1,68.60439999991286,nan,0.6656840413808821
3,AINR,ungated,855,1,0,0,1,62.18330000001515,nan,0.6656840413808821
3,AINR,ungated,856,1,0,0,1,56.08319999964806,nan,0.6656840413808821
3,AINR,ungated,857,1,0,0,1,59.13379999992685,nan,0.6656840413808821
3,AINR,ungated,858,1,0,0,1,56.07259999987946,nan,0.6656840413808821
3,AINR,ungated,859,1,0,0,1,81.74119999966933,nan,0.6656840413808821
3,AINR,ungated,860,1,0,0,1,99.14729999991323,nan,0.6656840413808821
3,AINR,ungated,861,1,0,0,1,61.099799999738025,nan,0.6656840413808821
3,AINR,ungated,862,1,0,0,1,55.35629999985758,nan,0.6656840413808821
3,AINR,ungated,863,1,0,0,1,65.99939999978233,nan,0.6656840413808821
3,AINR,ungated,864,1,0,0,1,71.91770000008546,nan,0.6656840413808821
3,AINR,ungated,865,1,0,0,1,67.57909999987533,nan,0.6656840413808821
3,AINR,ungated,866,1,0,0,1,62.197899999773654,nan,0.6656840413808821
3,AINR,ungated,867,1,0,0,1,58.88090000007651,nan,0.6656840413808821
3,AINR,ungated,868,1,0,0,1,61.07460000021092,nan,0.6656840413808821
3,AINR,ungated,869,1,0,0,1,56.28729999989446,nan,0.6656840413808821
3,AINR,ungated,870,1,0,0,1,54.08799999986513,nan,0.6656840413808821
3,AINR,ungated,871,1,0,0,1,70.83270000021002,nan,0.6656840413808821
3,AINR,ungated,872,1,0,0,1,82.8561999996964,nan,0.6656840413808821
3,AINR,ungated,873,1,0,0,1,79.52249999971173,nan,0.6656840413808821
3,AINR,ungated,874,1,0,0,1,77.53109999976004,nan,0.6656840413808821
3,AINR,ungated,875,1,0,0,1,55.54279999978462,nan,0.6656840413808821
3,AINR,ungated,876,1,0,0,1,59.72930000007182,nan,0.6656840413808821
3,AINR,ungated,877,1,0,0,1,68.72380000004341,nan,0.6656840413808821
3,AINR,ungated,878,1,0,0,1,69.67140000006111,nan,0.6656840413808821
3,AINR,ungated,879,1,0,0,1,71.68200000023717,nan,0.6656840413808821
3,AINR,ungated,880,1,0,0,1,65.17129999974713,nan,0.6656840413808821
3,AINR,ungated,881,1,0,0,1,73.29130000016448,nan,0.6656840413808821
3,AINR,ungated,882,1,0,0,1,60.75680000003558,nan,0.6656840413808821
3,AINR,ungated,883,1,0,0,1,57.052899999689544,nan,0.6656840413808821
3,AINR,ungated,884,1,0,0,1,62.41950000003271,nan,0.6656840413808821
3,AINR,ungated,885,1,0,0,1,68.23480000002746,nan,0.6656840413808821
3,AINR,ungated,886,1,0,0,1,75.56559999966339,nan,0.6656840413808821
3,AINR,ungated,887,1,0,0,1,66.48039999981847,nan,0.6656840413808821
3,AINR,ungated,888,1,0,0,1,65.93029999976352,nan,0.6656840413808821
3,AINR,ungated,889,1,0,0,1,58.543399999962276,nan,0.6656840413808821
3,AINR,ungated,890,1,0,0,1,56.15110000007917,nan,0.6656840413808821
3,AINR,ungated,891,1,0,0,1,52.06690000022718,nan,0.6656840413808821
3,AINR,ungated,892,1,0,0,1,54.10600000004706,nan,0.6656840413808821
3,AINR,ungated,893,1,0,0,1,54.94409999982963,nan,0.6656840413808821
3,AINR,ungated,894,1,0,0,1,59.62629999976343,nan,0.6656840413808821
3,AINR,ungated,895,1,0,0,1,74.25490000014179,nan,0.6656840413808821
3,AINR,ungated,896,1,0,0,1,72.09770000008575,nan,0.6656840413808821
3,AINR,ungated,897,1,0,0,1,57.666600000175094,nan,0.6656840413808821
3,AINR,ungated,898,1,0,0,1,63.50590000010925,nan,0.6656840413808821
3,AINR,ungated,899,1,0,0,1,61.133499999868945,nan,0.6656840413808821
3,AINR,ungated,900,1,0,0,1,61.61900000006426,nan,0.6656840413808821
3,AINR,ungated,901,1,0,0,1,58.53879999995115,nan,0.6656840413808821
3,AINR,ungated,902,1,0,0,1,56.20249999992666,nan,0.6656840413808821
3,AINR,ungated,903,1,0,0,1,60.66229999987627,nan,0.6656840413808821
3,AINR,ungated,904,1,0,0,1,59.72250000013446,nan,0.6656840413808821
3,AINR,ungated,905,1,0,0,1,70.69499999988693,nan,0.6656840413808821
3,AINR,ungated,906,1,0,0,1,70.06289999981163,nan,0.6656840413808821
3,AINR,ungated,907,1,0,0,1,65.48900000007052,nan,0.6656840413808821
3,AINR,ungated,908,1,0,0,1,56.0605000000578,nan,0.6656840413808821
3,AINR,ungated,909,1,0,0,1,65.10600000001432,nan,0.6656840413808821
3,AINR,ungated,910,1,0,0,1,58.793600000171864,nan,0.6656840413808821
3,AINR,ungated,911,1,0,0,1,56.762800000342395,nan,0.6656840413808821
3,AINR,ungated,912,1,0,0,1,57.75129999983619,nan,0.6656840413808821
3,AINR,ungated,913,1,0,0,1,55.313899999873684,nan,0.6656840413808821
3,AINR,ungated,914,1,0,0,1,57.164400000147,nan,0.6656840413808821
3,AINR,ungated,915,1,0,0,1,77.30590000028315,nan,0.6656840413808821
3,AINR,ungated,916,1,0,0,1,68.41160000021773,nan,0.6656840413808821
3,AINR,ungated,917,1,0,0,1,64.40180000026885,nan,0.6656840413808821
3,AINR,ungated,918,1,0,0,1,62.951500000053784,nan,0.6656840413808821
3,AINR,ungated,919,1,0,0,1,55.28219999996509,nan,0.6656840413808821
3,AINR,ungated,920,1,0,0,1,53.715200000169716,nan,0.6656840413808821
3,AINR,ungated,921,1,0,0,1,53.97439999978815,nan,0.6656840413808821
3,AINR,ungated,922,1,0,0,1,64.70869999975548,nan,0.6656840413808821
3,AINR,ungated,923,1,0,0,1,68.11460000017178,nan,0.6656840413808821
3,AINR,ungated,924,1,0,0,1,81.18090000016309,nan,0.6656840413808821
3,AINR,ungated,925,1,0,0,1,67.42509999958202,nan,0.6656840413808821
3,AINR,ungated,926,1,0,0,1,68.87170000027254,nan,0.6656840413808821
3,AINR,ungated,927,1,0,0,1,58.822199999667646,nan,0.6656840413808821
3,AINR,ungated,928,1,0,0,1,56.1822999998185,nan,0.6656840413808821
3,AINR,ungated,929,1,0,0,1,58.60759999995935,nan,0.6656840413808821
3,AINR,ungated,930,1,0,0,1,54.748900000049616,nan,0.6656840413808821
3,AINR,ungated,931,1,0,0,1,56.322200000067824,nan,0.6656840413808821
3,AINR,ungated,932,1,0,0,1,54.262199999811855,nan,0.6656840413808821
3,AINR,ungated,933,1,0,0,1,58.93960000003062,nan,0.6656840413808821
3,AINR,ungated,934,1,0,0,1,71.08729999981733,nan,0.6656840413808821
3,AINR,ungated,935,1,0,0,1,83.45239999971454,nan,0.6656840413808821
3,AINR,ungated,936,1,0,0,1,83.00150000013673,nan,0.6656840413808821
3,AINR,ungated,937,1,0,0,1,70.59029999982158,nan,0.6656840413808821
3,AINR,ungated,938,1,0,0,1,62.83910000001924,nan,0.6656840413808821
3,AINR,ungated,939,1,0,0,1,61.57209999992119,nan,0.6656840413808821
3,AINR,ungated,940,1,0,0,1,59.87929999992048,nan,0.6656840413808821
3,AINR,ungated,941,1,0,0,1,71.39209999968443,nan,0.6656840413808821
3,AINR,ungated,942,1,0,0,1,69.21520000014425,nan,0.6656840413808821
3,AINR,ungated,943,1,0,0,1,65.0999999998021,nan,0.6656840413808821
3,AINR,ungated,944,1,0,0,1,58.32609999970373,nan,0.6656840413808821
3,AINR,ungated,945,1,0,0,1,62.24709999969491,nan,0.6656840413808821
3,AINR,ungated,946,1,0,0,1,59.637800000018615,nan,0.6656840413808821
3,AINR,ungated,947,1,0,0,1,54.81929999996282,nan,0.6656840413808821
3,AINR,ungated,948,1,0,0,1,50.46760000004724,nan,0.6656840413808821
3,AINR,ungated,949,1,0,0,1,51.9800000001851,nan,0.6656840413808821
3,AINR,ungated,950,1,0,0,1,56.71329999995578,nan,0.6656840413808821
3,AINR,ungated,951,1,0,0,1,68.39429999990898,nan,0.6656840413808821
3,AINR,ungated,952,1,0,0,1,82.30989999992744,nan,0.6656840413808821
3,AINR,ungated,953,1,0,0,1,69.38840000020718,nan,0.6656840413808821
3,AINR,ungated,954,1,0,0,1,65.31570000015563,nan,0.6656840413808821
3,AINR,ungated,955,1,0,0,1,61.03630000006888,nan,0.6656840413808821
3,AINR,ungated,956,1,0,0,1,60.14389999972991,nan,0.6656840413808821
3,AINR,ungated,957,1,0,0,1,61.1377000000175,nan,0.6656840413808821
3,AINR,ungated,958,1,0,0,1,64.75009999985559,nan,0.6656840413808821
3,AINR,ungated,959,1,0,0,1,77.74800000015603,nan,0.6656840413808821
3,AINR,ungated,960,1,0,0,1,75.51409999996395,nan,0.6656840413808821
3,AINR,ungated,961,1,0,0,1,67.97540000025037,nan,0.6656840413808821
3,AINR,ungated,962,1,0,0,1,61.98069999982181,nan,0.6656840413808821
3,AINR,ungated,963,1,0,0,1,64.6481999997377,nan,0.6656840413808821
3,AINR,ungated,964,1,0,0,1,56.29049999970448,nan,0.6656840413808821
3,AINR,ungated,965,1,0,0,1,55.83969999997862,nan,0.6656840413808821
3,AINR,ungated,966,1,0,0,1,53.69070000006104,nan,0.6656840413808821
3,AINR,ungated,967,1,0,0,1,62.09179999996195,nan,0.6656840413808821
3,AINR,ungated,968,1,0,0,1,72.78459999997722,nan,0.6656840413808821
3,AINR,ungated,969,1,0,0,1,65.68689999994604,nan,0.6656840413808821
3,AINR,ungated,970,1,0,0,1,57.906699999875855,nan,0.6656840413808821
3,AINR,ungated,971,1,0,0,1,63.66410000009637,nan,0.6656840413808821
3,AINR,ungated,972,1,0,0,1,63.371599999754835,nan,0.6656840413808821
3,AINR,ungated,973,1,0,0,1,65.43749999991633,nan,0.6656840413808821
3,AINR,ungated,974,1,0,0,1,61.902399999780755,nan,0.6656840413808821
3,AINR,ungated,975,1,0,0,1,86.73969999972542,nan,0.6656840413808821
3,AINR,ungated,976,1,0,0,1,93.22819999988496,nan,0.6656840413808821
3,AINR,ungated,977,1,0,0,1,59.62709999994331,nan,0.6656840413808821
3,AINR,ungated,978,1,0,0,1,68.23119999990013,nan,0.6656840413808821
3,AINR,ungated,979,1,0,0,1,59.40439999994851,nan,0.6656840413808821
3,AINR,ungated,980,1,0,0,1,55.39390000012645,nan,0.6656840413808821
3,AINR,ungated,981,1,0,0,1,51.27519999996366,nan,0.6656840413808821
3,AINR,ungated,982,1,0,0,1,51.556999999775144,nan,0.6656840413808821
3,AINR,ungated,983,1,0,0,1,51.80479999989984,nan,0.6656840413808821
3,AINR,ungated,984,1,0,0,1,50.785500000074535,nan,0.6656840413808821
3,AINR,ungated,985,1,0,0,1,59.94749999990745,nan,0.6656840413808821
3,AINR,ungated,986,1,0,0,1,65.94290000020919,nan,0.6656840413808821
3,AINR,ungated,987,1,0,0,1,71.12070000039239,nan,0.6656840413808821
3,AINR,ungated,988,1,0,0,1,69.67699999995602,nan,0.6656840413808821
3,AINR,ungated,989,1,0,0,1,63.02810000033787,nan,0.6656840413808821
3,AINR,ungated,990,1,0,0,1,61.37249999983396,nan,0.6656840413808821
3,AINR,ungated,991,1,0,0,1,59.94479999981195,nan,0.6656840413808821
3,AINR,ungated,992,1,0,0,1,69.85699999995632,nan,0.6656840413808821
3,AINR,ungated,993,1,0,0,1,69.30970000030356,nan,0.6656840413808821
3,AINR,ungated,994,1,0,0,1,79.1733999999451,nan,0.6656840413808821
3,AINR,ungated,995,1,0,0,1,67.71470000012414,nan,0.6656840413808821
3,AINR,ungated,996,1,0,0,1,58.91599999995378,nan,0.6656840413808821
3,AINR,ungated,997,1,0,0,1,67.28380000004108,nan,0.6656840413808821
3,AINR,ungated,998,1,0,0,1,60.847799999919516,nan,0.6656840413808821
3,AINR,ungated,999,1,0,0,1,55.50549999998111,nan,0.6656840413808821
3,AINR,gated,0,1,0,0,0,nan,nan,0.6656840413808821
3,AINR,gated,1,1,0,0,0,nan,nan,0.6656840413808821
3,AINR,gated,2,1,0,0,0,nan,nan,0.6656840413808821
3,AINR,gated,3,1,0,0,0,nan,nan,0.6656840413808821
3,AINR,gated,4,1,0,0,0,nan,nan,0.6656840413808821
3,AINR,gated,5,1,0,0,0,nan,nan,0.6656840413808821
3,AINR,gated,6,1,0,0,0,nan,nan,0.6656840413808821
3,AINR,gated,7,1,0,0,0,nan,nan,0.6656840413808821
3,AINR,gated,8,1,0,0,0,nan,nan,0.6656840413808821
3,AINR,gated,9,1,0,0,0,nan,nan,0.6656840413808821
3,AINR,gated,10,1,0,0,0,nan,nan,0.6656840413808821
3,AINR,gated,11,1,0,0,0,nan,nan,0.6656840413808821
3,AINR,gated,12,1,0,0,0,nan,nan,0.6656840413808821
3,AINR,gated,13,1,0,0,0,nan,nan,0.6656840413808821
3,AINR,gated,14,1,0,0,0,nan,nan,0.6656840413808821
3,AINR,gated,15,1,0,0,0,nan,nan,0.6656840413808821
3,AINR,gated,16,1,0,0,0,nan,nan,0.6656840413808821
3,AINR,gated,17,1,0,0,0,nan,nan,0.6656840413808821
3,AINR,gated,18,1,0,0,0,nan,nan,0.6656840413808821
3,AINR,gated,19,1,0,0,0,nan,nan,0.6656840413808821
3,AINR,gated,20,1,0,0,0,nan,nan,0.6656840413808821
3,AINR,gated,21,1,0,0,0,nan,nan,0.6656840413808821
3,AINR,gated,22,1,0,0,0,nan,nan,0.6656840413808821
3,AINR,gated,23,1,0,0,0,nan,nan,0.6656840413808821
3,AINR,gated,24,1,0,0,0,nan,nan,0.6656840413808821
3,AINR,gated,25,0,1,0,1,60.852799999793206,nan,0.6656840413808821
3,AINR,gated,26,1,0,0,0,nan,nan,0.6656840413808821
3,AINR,gated,27,1,0,0,0,nan,nan,0.6656840413808821
3,AINR,gated,28,1,0,0,0,nan,nan,0.6656840413808821
3,AINR,gated,29,1,0,0,0,nan,nan,0.6656840413808821
3,AINR,gated,30,1,0,0,0,nan,nan,0.6656840413808821
3,AINR,gated,31,1,0,0,0,nan,nan,0.6656840413808821
3,AINR,gated,32,1,0,0,0,nan,nan,0.6656840413808821
3,AINR,gated,33,1,0,0,0,nan,nan,0.6656840413808821
3,AINR,gated,34,1,0,0,0,nan,nan,0.6656840413808821
3,AINR,gated,35,1,0,0,0,nan,nan,0.6656840413808821
3,AINR,gated,36,1,0,0,0,nan,nan,0.6656840413808821
3,AINR,gated,37,1,0,0,0,nan,nan,0.6656840413808821
3,AINR,gated,38,1,0,0,0,nan,nan,0.6656840413808821
3,AINR,gated,39,1,0,0,0,nan,nan,0.6656840413808821
3,AINR,gated,40,1,0,0,0,nan,nan,0.6656840413808821
3,AINR,gated,41,1,0,0,0,nan,nan,0.6656840413808821
3,AINR,gated,42,1,0,0,0,nan,nan,0.6656840413808821
3,AINR,gated,43,0,1,0,1,64.76650000013251,nan,0.6656840413808821
3,AINR,gated,44,1,0,0,0,nan,nan,0.6656840413808821
3,AINR,gated,45,0,1,0,1,417.6320999999916,nan,0.6656840413808821
3,AINR,gated,46,1,0,0,0,nan,nan,0.6656840413808821
3,AINR,gated,47,0,1,0,1,75.82069999989471,nan,0.6656840413808821
3,AINR,gated,48,0,1,0,1,64.40319999956046,nan,0.6656840413808821
3,AINR,gated,49,0,1,0,1,65.63479999977062,nan,0.6656840413808821
3,AINR,gated,50,1,0,0,0,nan,nan,0.6656840413808821
3,AINR,gated,51,1,0,0,0,nan,nan,0.6656840413808821
3,AINR,gated,52,0,1,0,1,71.04159999971671,nan,0.6656840413808821
3,AINR,gated,53,1,0,0,0,nan,nan,0.6656840413808821
3,AINR,gated,54,1,0,0,0,nan,nan,0.6656840413808821
3,AINR,gated,55,0,1,0,1,59.89869999984876,nan,0.6656840413808821
3,AINR,gated,56,1,0,0,0,nan,nan,0.6656840413808821
3,AINR,gated,57,0,1,0,1,62.62220000007801,nan,0.6656840413808821
3,AINR,gated,58,0,1,0,1,61.408099999880505,nan,0.6656840413808821
3,AINR,gated,59,0,1,0,1,55.56550000028437,nan,0.6656840413808821
3,AINR,gated,60,0,1,0,1,55.94629999995959,nan,0.6656840413808821
3,AINR,gated,61,0,1,0,1,66.57289999975546,nan,0.6656840413808821
3,AINR,gated,62,0,1,0,1,64.8086000001058,nan,0.6656840413808821
3,AINR,gated,63,1,0,0,0,nan,nan,0.6656840413808821
3,AINR,gated,64,0,1,0,1,53.1409000000167,nan,0.6656840413808821
3,AINR,gated,65,0,1,0,1,60.3092999999717,nan,0.6656840413808821
3,AINR,gated,66,0,1,0,1,67.06639999993058,nan,0.6656840413808821
3,AINR,gated,67,0,1,0,1,83.53940000006332,nan,0.6656840413808821
3,AINR,gated,68,0,1,0,1,68.5432000000219,nan,0.6656840413808821
3,AINR,gated,69,0,1,0,1,63.145000000076834,nan,0.6656840413808821
3,AINR,gated,70,0,1,0,1,71.85160000017277,nan,0.6656840413808821
3,AINR,gated,71,0,1,0,1,65.26919999987513,nan,0.6656840413808821
3,AINR,gated,72,0,1,0,1,59.560599999713304,nan,0.6656840413808821
3,AINR,gated,73,0,1,0,1,66.24099999999089,nan,0.6656840413808821
3,AINR,gated,74,1,0,0,0,nan,nan,0.6656840413808821
3,AINR,gated,75,0,1,0,1,57.92359999986729,nan,0.6656840413808821
3,AINR,gated,76,0,1,0,1,68.64180000002307,nan,0.6656840413808821
3,AINR,gated,77,0,1,0,1,92.29840000034528,nan,0.6656840413808821
3,AINR,gated,78,0,1,0,1,79.86400000027061,nan,0.6656840413808821
3,AINR,gated,79,0,1,0,1,66.36570000000575,nan,0.6656840413808821
3,AINR,gated,80,0,1,0,1,60.96640000032494,nan,0.6656840413808821
3,AINR,gated,81,0,1,0,1,66.63019999996322,nan,0.6656840413808821
3,AINR,gated,82,0,1,0,1,72.44189999983064,nan,0.6656840413808821
3,AINR,gated,83,0,1,0,1,55.77409999978045,nan,0.6656840413808821
3,AINR,gated,84,0,1,0,1,60.33600000000661,nan,0.6656840413808821
3,AINR,gated,85,0,1,0,1,58.5532999998577,nan,0.6656840413808821
3,AINR,gated,86,0,1,0,1,55.61420000003636,nan,0.6656840413808821
3,AINR,gated,87,0,1,0,1,71.46800000009534,nan,0.6656840413808821
3,AINR,gated,88,0,1,0,1,425.2649999998539,nan,0.6656840413808821
3,AINR,gated,89,0,1,0,1,94.55359999992652,nan,0.6656840413808821
3,AINR,gated,90,0,1,0,1,66.03780000023107,nan,0.6656840413808821
3,AINR,gated,91,0,1,0,1,62.34760000006645,nan,0.6656840413808821
3,AINR,gated,92,0,1,0,1,63.07849999984683,nan,0.6656840413808821
3,AINR,gated,93,0,1,0,1,66.77410000020245,nan,0.6656840413808821
3,AINR,gated,94,0,1,0,1,61.643500000172935,nan,0.6656840413808821
3,AINR,gated,95,1,0,0,0,nan,nan,0.6656840413808821
3,AINR,gated,96,0,1,0,1,66.09049999997296,nan,0.6656840413808821
3,AINR,gated,97,0,1,0,1,56.15540000007968,nan,0.6656840413808821
3,AINR,gated,98,0,1,0,1,54.883799999970506,nan,0.6656840413808821
3,AINR,gated,99,0,1,0,1,55.77790000006644,nan,0.6656840413808821
3,AINR,gated,100,0,1,0,1,53.42400000017733,nan,0.6656840413808821
3,AINR,gated,101,0,1,0,1,65.08059999987381,nan,0.6656840413808821
3,AINR,gated,102,0,1,0,1,73.42109999990498,nan,0.6656840413808821
3,AINR,gated,103,0,1,0,1,471.5722000000824,nan,0.6656840413808821
3,AINR,gated,104,0,1,0,1,66.6043000001082,nan,0.6656840413808821
3,AINR,gated,105,0,1,0,1,58.59639999971478,nan,0.6656840413808821
3,AINR,gated,106,0,1,0,1,60.16240000008111,nan,0.6656840413808821
3,AINR,gated,107,0,1,0,1,59.2399000001933,nan,0.6656840413808821
3,AINR,gated,108,0,1,0,1,56.76510000012058,nan,0.6656840413808821
3,AINR,gated,109,0,1,0,1,62.79659999972864,nan,0.6656840413808821
3,AINR,gated,110,0,1,0,1,56.89649999976609,nan,0.6656840413808821
3,AINR,gated,111,0,1,0,1,66.26069999992978,nan,0.6656840413808821
3,AINR,gated,112,0,1,0,1,82.39300000013827,nan,0.6656840413808821
3,AINR,gated,113,0,1,0,1,72.02189999998154,nan,0.6656840413808821
3,AINR,gated,114,0,1,0,1,68.67079999983616,nan,0.6656840413808821
3,AINR,gated,115,0,1,0,1,63.02789999972447,nan,0.6656840413808821
3,AINR,gated,116,0,1,0,1,60.82689999993818,nan,0.6656840413808821
3,AINR,gated,117,0,1,0,1,59.06719999984489,nan,0.6656840413808821
3,AINR,gated,118,0,1,0,1,60.47800000033021,nan,0.6656840413808821
3,AINR,gated,119,0,1,0,1,56.04730000004565,nan,0.6656840413808821
3,AINR,gated,120,0,1,0,1,52.0622000003641,nan,0.6656840413808821
3,AINR,gated,121,0,1,0,1,52.85009999988688,nan,0.6656840413808821
3,AINR,gated,122,0,1,0,1,56.37169999999969,nan,0.6656840413808821
3,AINR,gated,123,0,1,0,1,67.12450000031822,nan,0.6656840413808821
3,AINR,gated,124,0,1,0,1,73.52249999985361,nan,0.6656840413808821
3,AINR,gated,125,0,1,0,1,67.36140000020896,nan,0.6656840413808821
3,AINR,gated,126,0,1,0,1,62.95040000031804,nan,0.6656840413808821
3,AINR,gated,127,0,1,0,1,55.848299999979645,nan,0.6656840413808821
3,AINR,gated,128,0,1,0,1,58.2392000001164,nan,0.6656840413808821
3,AINR,gated,129,0,1,0,1,60.61829999998736,nan,0.6656840413808821
3,AINR,gated,130,0,1,0,1,78.50430000007691,nan,0.6656840413808821
3,AINR,gated,131,0,1,0,1,70.71319999977277,nan,0.6656840413808821
3,AINR,gated,132,0,1,0,1,61.888400000043475,nan,0.6656840413808821
3,AINR,gated,133,0,1,0,1,69.19189999962327,nan,0.6656840413808821
3,AINR,gated,134,0,1,0,1,58.86180000015884,nan,0.6656840413808821
3,AINR,gated,135,0,1,0,1,61.346899999989546,nan,0.6656840413808821
3,AINR,gated,136,0,1,0,1,71.48619999998118,nan,0.6656840413808821
3,AINR,gated,137,0,1,0,1,79.38359999980094,nan,0.6656840413808821
3,AINR,gated,138,0,1,0,1,63.51100000028964,nan,0.6656840413808821
3,AINR,gated,139,0,1,0,1,62.55069999997431,nan,0.6656840413808821
3,AINR,gated,140,0,1,0,1,61.88250000013795,nan,0.6656840413808821
3,AINR,gated,141,0,1,0,1,57.073099999797705,nan,0.6656840413808821
3,AINR,gated,142,0,1,0,1,54.269400000066526,nan,0.6656840413808821
3,AINR,gated,143,0,1,0,1,61.06850000014674,nan,0.6656840413808821
3,AINR,gated,144,0,1,0,1,73.49350000004051,nan,0.6656840413808821
3,AINR,gated,145,0,1,0,1,78.11529999980849,nan,0.6656840413808821
3,AINR,gated,146,0,1,0,1,64.8020999997243,nan,0.6656840413808821
3,AINR,gated,147,0,1,0,1,62.33609999981127,nan,0.6656840413808821
3,AINR,gated,148,0,1,0,1,60.49310000025798,nan,0.6656840413808821
3,AINR,gated,149,0,1,0,1,62.544400000206224,nan,0.6656840413808821
3,AINR,gated,150,0,1,0,1,55.57150000004185,nan,0.6656840413808821
3,AINR,gated,151,0,1,0,1,67.6898000001529,nan,0.6656840413808821
3,AINR,gated,152,0,1,0,1,79.3058999997811,nan,0.6656840413808821
3,AINR,gated,153,0,1,0,1,67.01209999982893,nan,0.6656840413808821
3,AINR,gated,154,0,1,0,1,73.06529999959821,nan,0.6656840413808821
3,AINR,gated,155,0,1,0,1,65.04960000029314,nan,0.6656840413808821
3,AINR,gated,156,0,1,0,1,58.0312000001868,nan,0.6656840413808821
3,AINR,gated,157,0,1,0,1,56.521100000281876,nan,0.6656840413808821
3,AINR,gated,158,0,1,0,1,52.97820000032516,nan,0.6656840413808821
3,AINR,gated,159,0,1,0,1,66.14059999992605,nan,0.6656840413808821
3,AINR,gated,160,0,1,0,1,74.71899999973175,nan,0.6656840413808821
3,AINR,gated,161,0,1,0,1,66.55210000008083,nan,0.6656840413808821
3,AINR,gated,162,0,1,0,1,62.74149999990186,nan,0.6656840413808821
3,AINR,gated,163,0,1,0,1,67.68340000007811,nan,0.6656840413808821
3,AINR,gated,164,0,1,0,1,57.92040000005727,nan,0.6656840413808821
3,AINR,gated,165,0,1,0,1,55.61799999986761,nan,0.6656840413808821
3,AINR,gated,166,0,1,0,1,64.22780000002604,nan,0.6656840413808821
3,AINR,gated,167,0,1,0,1,75.42819999980566,nan,0.6656840413808821
3,AINR,gated,168,0,1,0,1,74.9879999998484,nan,0.6656840413808821
3,AINR,gated,169,0,1,0,1,72.41870000007111,nan,0.6656840413808821
3,AINR,gated,170,0,1,0,1,72.65019999977085,nan,0.6656840413808821
3,AINR,gated,171,1,0,0,0,nan,nan,0.6656840413808821
3,AINR,gated,172,0,1,0,1,84.06349999995655,nan,0.6656840413808821
3,AINR,gated,173,0,1,0,1,73.50259999975606,nan,0.6656840413808821
3,AINR,gated,174,0,1,0,1,74.8051000000487,nan,0.6656840413808821
3,AINR,gated,175,0,1,0,1,69.37079999988782,nan,0.6656840413808821
3,AINR,gated,176,0,1,0,1,63.81850000025224,nan,0.6656840413808821
3,AINR,gated,177,0,1,0,1,58.7148999998135,nan,0.6656840413808821
3,AINR,gated,178,0,1,0,1,59.83089999972435,nan,0.6656840413808821
3,AINR,gated,179,0,1,0,1,56.42330000000584,nan,0.6656840413808821
3,AINR,gated,180,0,1,0,1,60.546400000021094,nan,0.6656840413808821
3,AINR,gated,181,0,1,0,1,62.818500000048516,nan,0.6656840413808821
3,AINR,gated,182,0,1,0,1,85.1886000000377,nan,0.6656840413808821
3,AINR,gated,183,0,1,0,1,82.47960000016974,nan,0.6656840413808821
3,AINR,gated,184,0,1,0,1,65.83690000024944,nan,0.6656840413808821
3,AINR,gated,185,0,1,0,1,64.24689999994371,nan,0.6656840413808821
3,AINR,gated,186,0,1,0,1,62.56279999979597,nan,0.6656840413808821
3,AINR,gated,187,0,1,0,1,64.31789999987814,nan,0.6656840413808821
3,AINR,gated,188,0,1,0,1,59.99939999992421,nan,0.6656840413808821
3,AINR,gated,189,0,1,0,1,57.20960000007835,nan,0.6656840413808821
3,AINR,gated,190,0,1,0,1,57.89439999989554,nan,0.6656840413808821
3,AINR,gated,191,0,1,0,1,61.16889999975683,nan,0.6656840413808821
3,AINR,gated,192,0,1,0,1,57.32699999998658,nan,0.6656840413808821
3,AINR,gated,193,0,1,0,1,64.50350000022809,nan,0.6656840413808821
3,AINR,gated,194,0,1,0,1,69.36829999995098,nan,0.6656840413808821
3,AINR,gated,195,0,1,0,1,64.59529999983715,nan,0.6656840413808821
3,AINR,gated,196,0,1,0,1,54.20319999984713,nan,0.6656840413808821
3,AINR,gated,197,0,1,0,1,57.04699999978402,nan,0.6656840413808821
3,AINR,gated,198,0,1,0,1,63.51700000004712,nan,0.6656840413808821
3,AINR,gated,199,0,1,0,1,60.41450000020632,nan,0.6656840413808821
3,AINR,gated,200,0,1,0,1,66.3699000001543,nan,0.6656840413808821
3,AINR,gated,201,0,1,0,1,61.53099999983169,nan,0.6656840413808821
3,AINR,gated,202,0,1,0,1,67.8752999997414,nan,0.6656840413808821
3,AINR,gated,203,0,1,0,1,82.61469999979454,nan,0.6656840413808821
3,AINR,gated,204,0,1,0,1,73.77550000001065,nan,0.6656840413808821
3,AINR,gated,205,0,1,0,1,71.38759999998001,nan,0.6656840413808821
3,AINR,gated,206,0,1,0,1,75.63309999977719,nan,0.6656840413808821
3,AINR,gated,207,0,1,0,1,60.068799999953626,nan,0.6656840413808821
3,AINR,gated,208,0,1,0,1,62.902199999825825,nan,0.6656840413808821
3,AINR,gated,209,0,1,0,1,55.41029999994862,nan,0.6656840413808821
3,AINR,gated,210,0,1,0,1,60.79440000030445,nan,0.6656840413808821
3,AINR,gated,211,0,1,0,1,66.2131999997655,nan,0.6656840413808821
3,AINR,gated,212,0,1,0,1,73.97110000010798,nan,0.6656840413808821
3,AINR,gated,213,0,1,0,1,68.05480000002717,nan,0.6656840413808821
3,AINR,gated,214,0,1,0,1,64.97760000002017,nan,0.6656840413808821
3,AINR,gated,215,0,1,0,1,63.46299999995608,nan,0.6656840413808821
3,AINR,gated,216,0,1,0,1,55.658499999935884,nan,0.6656840413808821
3,AINR,gated,217,0,1,0,1,59.24929999991946,nan,0.6656840413808821
3,AINR,gated,218,0,1,0,1,67.15250000024753,nan,0.6656840413808821
3,AINR,gated,219,0,1,0,1,87.10629999995945,nan,0.6656840413808821
3,AINR,gated,220,0,1,0,1,65.21169999996346,nan,0.6656840413808821
3,AINR,gated,221,0,1,0,1,65.51519999993616,nan,0.6656840413808821
3,AINR,gated,222,0,1,0,1,58.85979999993651,nan,0.6656840413808821
3,AINR,gated,223,0,1,0,1,56.861099999878206,nan,0.6656840413808821
3,AINR,gated,224,0,1,0,1,73.43619999983275,nan,0.6656840413808821
3,AINR,gated,225,0,1,0,1,80.54149999998117,nan,0.6656840413808821
3,AINR,gated,226,0,1,0,1,63.33469999981389,nan,0.6656840413808821
3,AINR,gated,227,0,1,0,1,65.8610000000408,nan,0.6656840413808821
3,AINR,gated,228,0,1,0,1,59.1377000000648,nan,0.6656840413808821
3,AINR,gated,229,0,1,0,1,55.21120000003066,nan,0.6656840413808821
3,AINR,gated,230,0,1,0,1,55.45239999992191,nan,0.6656840413808821
3,AINR,gated,231,0,1,0,1,54.91230000006908,nan,0.6656840413808821
3,AINR,gated,232,0,1,0,1,54.49940000016795,nan,0.6656840413808821
3,AINR,gated,233,0,1,0,1,53.437099999882776,nan,0.6656840413808821
3,AINR,gated,234,0,1,0,1,50.297300000238465,nan,0.6656840413808821
3,AINR,gated,235,0,1,0,1,53.340400000251975,nan,0.6656840413808821
3,AINR,gated,236,0,1,0,1,55.074599999898055,nan,0.6656840413808821
3,AINR,gated,237,0,1,0,1,75.06960000000618,nan,0.6656840413808821
3,AINR,gated,238,0,1,0,1,82.15359999985594,nan,0.6656840413808821
3,AINR,gated,239,0,1,0,1,62.60880000036195,nan,0.6656840413808821
3,AINR,gated,240,0,1,0,1,65.01570000000356,nan,0.6656840413808821
3,AINR,gated,241,0,1,0,1,62.63709999984712,nan,0.6656840413808821
3,AINR,gated,242,0,1,0,1,58.16300000014962,nan,0.6656840413808821
3,AINR,gated,243,0,1,0,1,59.09709999968982,nan,0.6656840413808821
3,AINR,gated,244,0,1,0,1,58.88760000016191,nan,0.6656840413808821
3,AINR,gated,245,0,1,0,1,68.60690000030445,nan,0.6656840413808821
3,AINR,gated,246,0,1,0,1,84.52200000010635,nan,0.6656840413808821
3,AINR,gated,247,0,1,0,1,64.03700000009849,nan,0.6656840413808821
3,AINR,gated,248,0,1,0,1,61.67360000017652,nan,0.6656840413808821
3,AINR,gated,249,0,1,0,1,62.37069999997402,nan,0.6656840413808821
3,AINR,gated,250,0,1,0,1,57.02689999998256,nan,0.6656840413808821
3,AINR,gated,251,0,1,0,1,53.74089999986609,nan,0.6656840413808821
3,AINR,gated,252,0,1,0,1,54.852499999924476,nan,0.6656840413808821
3,AINR,gated,253,0,1,0,1,53.23140000018611,nan,0.6656840413808821
3,AINR,gated,254,0,1,0,1,59.12309999985155,nan,0.6656840413808821
3,AINR,gated,255,0,1,0,1,58.557199999995646,nan,0.6656840413808821
3,AINR,gated,256,0,1,0,1,56.222600000182865,nan,0.6656840413808821
3,AINR,gated,257,0,1,0,1,63.35790000002817,nan,0.6656840413808821
3,AINR,gated,258,0,1,0,1,77.77339999984179,nan,0.6656840413808821
3,AINR,gated,259,0,1,0,1,73.04489999978614,nan,0.6656840413808821
3,AINR,gated,260,0,1,0,1,65.0378999998793,nan,0.6656840413808821
3,AINR,gated,261,0,1,0,1,67.62040000012348,nan,0.6656840413808821
3,AINR,gated,262,0,1,0,1,61.917499999708525,nan,0.6656840413808821
3,AINR,gated,263,0,1,0,1,58.08870000009847,nan,0.6656840413808821
3,AINR,gated,264,1,0,0,0,nan,nan,0.6656840413808821
3,AINR,gated,265,0,1,0,1,66.50739999986399,nan,0.6656840413808821
3,AINR,gated,266,0,1,0,1,59.23529999972743,nan,0.6656840413808821
3,AINR,gated,267,0,1,0,1,58.50270000019009,nan,0.6656840413808821
3,AINR,gated,268,0,1,0,1,53.144500000144035,nan,0.6656840413808821
3,AINR,gated,269,0,1,0,1,54.376699999920675,nan,0.6656840413808821
3,AINR,gated,270,0,1,0,1,62.19610000016473,nan,0.6656840413808821
3,AINR,gated,271,0,1,0,1,69.73019999986718,nan,0.6656840413808821
3,AINR,gated,272,0,1,0,1,75.48899999983405,nan,0.6656840413808821
3,AINR,gated,273,0,1,0,1,65.93759999987014,nan,0.6656840413808821
3,AINR,gated,274,0,1,0,1,57.54469999965295,nan,0.6656840413808821
3,AINR,gated,275,0,1,0,1,56.983299999956216,nan,0.6656840413808821
3,AINR,gated,276,0,1,0,1,60.37200000037046,nan,0.6656840413808821
3,AINR,gated,277,0,1,0,1,63.57460000026549,nan,0.6656840413808821
3,AINR,gated,278,0,1,0,1,66.16409999969619,nan,0.6656840413808821
3,AINR,gated,279,0,1,0,1,92.94750000026397,nan,0.6656840413808821
3,AINR,gated,280,0,1,0,1,67.94649999983449,nan,0.6656840413808821
3,AINR,gated,281,0,1,0,1,64.02489999982208,nan,0.6656840413808821
3,AINR,gated,282,0,1,0,1,65.51749999971435,nan,0.6656840413808821
3,AINR,gated,283,0,1,0,1,61.701300000095216,nan,0.6656840413808821
3,AINR,gated,284,0,1,0,1,58.81950000002689,nan,0.6656840413808821
3,AINR,gated,285,0,1,0,1,62.7516999998079,nan,0.6656840413808821
3,AINR,gated,286,0,1,0,1,75.03270000006523,nan,0.6656840413808821
3,AINR,gated,287,0,1,0,1,71.30749999987529,nan,0.6656840413808821
3,AINR,gated,288,0,1,0,1,64.28800000003321,nan,0.6656840413808821
3,AINR,gated,289,0,1,0,1,63.11870000035924,nan,0.6656840413808821
3,AINR,gated,290,0,1,0,1,60.013400000116235,nan,0.6656840413808821
3,AINR,gated,291,0,1,0,1,60.2947000002132,nan,0.6656840413808821
3,AINR,gated,292,0,1,0,1,56.30939999991824,nan,0.6656840413808821
3,AINR,gated,293,0,1,0,1,54.3481999998221,nan,0.6656840413808821
3,AINR,gated,294,0,1,0,1,58.53160000015123,nan,0.6656840413808821
3,AINR,gated,295,0,1,0,1,65.70919999967373,nan,0.6656840413808821
3,AINR,gated,296,0,1,0,1,74.72719999987021,nan,0.6656840413808821
3,AINR,gated,297,0,1,0,1,70.70550000025833,nan,0.6656840413808821
3,AINR,gated,298,0,1,0,1,66.1616000002141,nan,0.6656840413808821
3,AINR,gated,299,0,1,0,1,66.83330000032583,nan,0.6656840413808821
3,AINR,gated,300,0,1,0,1,61.65480000026946,nan,0.6656840413808821
3,AINR,gated,301,0,1,0,1,61.09240000023419,nan,0.6656840413808821
3,AINR,gated,302,0,1,0,1,65.46570000000429,nan,0.6656840413808821
3,AINR,gated,303,0,1,0,1,66.43230000008771,nan,0.6656840413808821
3,AINR,gated,304,0,1,0,1,71.12039999992703,nan,0.6656840413808821
3,AINR,gated,305,0,1,0,1,73.74329999993279,nan,0.6656840413808821
3,AINR,gated,306,0,1,0,1,66.24490000012884,nan,0.6656840413808821
3,AINR,gated,307,0,1,0,1,61.66179999991073,nan,0.6656840413808821
3,AINR,gated,308,0,1,0,1,62.00149999995119,nan,0.6656840413808821
3,AINR,gated,309,0,1,0,1,60.21680000003471,nan,0.6656840413808821
3,AINR,gated,310,0,1,0,1,59.49360000022352,nan,0.6656840413808821
3,AINR,gated,311,0,1,0,1,62.07270000004428,nan,0.6656840413808821
3,AINR,gated,312,0,1,0,1,58.36270000008881,nan,0.6656840413808821
3,AINR,gated,313,0,1,0,1,69.64499999958207,nan,0.6656840413808821
3,AINR,gated,314,0,1,0,1,74.08600000007937,nan,0.6656840413808821
3,AINR,gated,315,0,1,0,1,66.76410000000033,nan,0.6656840413808821
3,AINR,gated,316,0,1,0,1,65.31280000035622,nan,0.6656840413808821
3,AINR,gated,317,0,1,0,1,59.07550000029005,nan,0.6656840413808821
3,AINR,gated,318,0,1,0,1,57.248799999797484,nan,0.6656840413808821
3,AINR,gated,319,0,1,0,1,65.9338000000389,nan,0.6656840413808821
3,AINR,gated,320,0,1,0,1,64.05100000029051,nan,0.6656840413808821
3,AINR,gated,321,0,1,0,1,68.56379999999263,nan,0.6656840413808821
3,AINR,gated,322,0,1,0,1,75.80789999974513,nan,0.6656840413808821
3,AINR,gated,323,0,1,0,1,67.2034000003805,nan,0.6656840413808821
3,AINR,gated,324,0,1,0,1,65.59370000013587,nan,0.6656840413808821
3,AINR,gated,325,0,1,0,1,58.7547000000086,nan,0.6656840413808821
3,AINR,gated,326,0,1,0,1,54.51589999984208,nan,0.6656840413808821
3,AINR,gated,327,0,1,0,1,48.926399999800196,nan,0.6656840413808821
3,AINR,gated,328,0,1,0,1,58.100499999909516,nan,0.6656840413808821
3,AINR,gated,329,0,1,0,1,65.49260000019785,nan,0.6656840413808821
3,AINR,gated,330,0,1,0,1,80.20299999998315,nan,0.6656840413808821
3,AINR,gated,331,0,1,0,1,66.5353999997933,nan,0.6656840413808821
3,AINR,gated,332,0,1,0,1,66.71899999992092,nan,0.6656840413808821
3,AINR,gated,333,0,1,0,1,59.388200000284996,nan,0.6656840413808821
3,AINR,gated,334,0,1,0,1,60.82689999993818,nan,0.6656840413808821
3,AINR,gated,335,0,1,0,1,55.08129999998346,nan,0.6656840413808821
3,AINR,gated,336,0,1,0,1,63.37000000030457,nan,0.6656840413808821
3,AINR,gated,337,0,1,0,1,75.42970000031346,nan,0.6656840413808821
3,AINR,gated,338,0,1,0,1,70.66810000014812,nan,0.6656840413808821
3,AINR,gated,339,0,1,0,1,66.60310000006575,nan,0.6656840413808821
3,AINR,gated,340,0,1,0,1,60.547999999926105,nan,0.6656840413808821
3,AINR,gated,341,0,1,0,1,54.257500000403525,nan,0.6656840413808821
3,AINR,gated,342,0,1,0,1,50.9236999996574,nan,0.6656840413808821
3,AINR,gated,343,0,1,0,1,54.35940000006667,nan,0.6656840413808821
3,AINR,gated,344,0,1,0,1,55.56990000013684,nan,0.6656840413808821
3,AINR,gated,345,0,1,0,1,55.58310000014899,nan,0.6656840413808821
3,AINR,gated,346,0,1,0,1,59.31409999993775,nan,0.6656840413808821
3,AINR,gated,347,0,1,0,1,62.062199999672885,nan,0.6656840413808821
3,AINR,gated,348,0,1,0,1,78.40119999991657,nan,0.6656840413808821
3,AINR,gated,349,0,1,0,1,68.53199999977733,nan,0.6656840413808821
3,AINR,gated,350,0,1,0,1,70.69210000008752,nan,0.6656840413808821
3,AINR,gated,351,0,1,0,1,62.93749999986176,nan,0.6656840413808821
3,AINR,gated,352,0,1,0,1,59.21200000011595,nan,0.6656840413808821
3,AINR,gated,353,0,1,0,1,61.449699999684526,nan,0.6656840413808821
3,AINR,gated,354,0,1,0,1,55.20920000026308,nan,0.6656840413808821
3,AINR,gated,355,0,1,0,1,56.6291000000092,nan,0.6656840413808821
3,AINR,gated,356,0,1,0,1,64.9742000000515,nan,0.6656840413808821
3,AINR,gated,357,0,1,0,1,59.54050000036659,nan,0.6656840413808821
3,AINR,gated,358,0,1,0,1,73.82129999996323,nan,0.6656840413808821
3,AINR,gated,359,0,1,0,1,76.35380000010628,nan,0.6656840413808821
3,AINR,gated,360,0,1,0,1,62.69739999970625,nan,0.6656840413808821
3,AINR,gated,361,0,1,0,1,64.19950000008612,nan,0.6656840413808821
3,AINR,gated,362,0,1,0,1,58.89989999968748,nan,0.6656840413808821
3,AINR,gated,363,0,1,0,1,55.591699999695265,nan,0.6656840413808821
3,AINR,gated,364,0,1,0,1,53.420400000049995,nan,0.6656840413808821
3,AINR,gated,365,0,1,0,1,58.88009999989663,nan,0.6656840413808821
3,AINR,gated,366,0,1,0,1,77.52540000001318,nan,0.6656840413808821
3,AINR,gated,367,0,1,0,1,71.18620000028386,nan,0.6656840413808821
3,AINR,gated,368,0,1,0,1,64.5316999998613,nan,0.6656840413808821
3,AINR,gated,369,0,1,0,1,65.10400000024674,nan,0.6656840413808821
3,AINR,gated,370,0,1,0,1,63.0143000003045,nan,0.6656840413808821
3,AINR,gated,371,0,1,0,1,56.986999999935506,nan,0.6656840413808821
3,AINR,gated,372,0,1,0,1,67.78609999992113,nan,0.6656840413808821
3,AINR,gated,373,0,1,0,1,79.06259999981557,nan,0.6656840413808821
3,AINR,gated,374,0,1,0,1,67.46410000005199,nan,0.6656840413808821
3,AINR,gated,375,0,1,0,1,66.21570000015709,nan,0.6656840413808821
3,AINR,gated,376,0,1,0,1,64.44190000001981,nan,0.6656840413808821
3,AINR,gated,377,0,1,0,1,62.7518000001146,nan,0.6656840413808821
3,AINR,gated,378,0,1,0,1,56.61909999980708,nan,0.6656840413808821
3,AINR,gated,379,0,1,0,1,56.88580000014554,nan,0.6656840413808821
3,AINR,gated,380,0,1,0,1,54.083499999705964,nan,0.6656840413808821
3,AINR,gated,381,0,1,0,1,57.45299999989584,nan,0.6656840413808821
3,AINR,gated,382,0,1,0,1,54.636200000004465,nan,0.6656840413808821
3,AINR,gated,383,0,1,0,1,63.48780000007537,nan,0.6656840413808821
3,AINR,gated,384,0,1,0,1,64.55089999963093,nan,0.6656840413808821
3,AINR,gated,385,0,1,0,1,81.6979999999603,nan,0.6656840413808821
3,AINR,gated,386,0,1,0,1,67.97229999983756,nan,0.6656840413808821
3,AINR,gated,387,0,1,0,1,65.38200000022698,nan,0.6656840413808821
3,AINR,gated,388,0,1,0,1,69.91719999996349,nan,0.6656840413808821
3,AINR,gated,389,0,1,0,1,73.00439999971786,nan,0.6656840413808821
3,AINR,gated,390,0,1,0,1,56.98700000039025,nan,0.6656840413808821
3,AINR,gated,391,0,1,0,1,80.93239999971047,nan,0.6656840413808821
3,AINR,gated,392,0,1,0,1,67.08220000018628,nan,0.6656840413808821
3,AINR,gated,393,0,1,0,1,67.69729999996343,nan,0.6656840413808821
3,AINR,gated,394,0,1,0,1,65.13600000016595,nan,0.6656840413808821
3,AINR,gated,395,0,1,0,1,58.75160000005053,nan,0.6656840413808821
3,AINR,gated,396,0,1,0,1,57.4056999998902,nan,0.6656840413808821
3,AINR,gated,397,0,1,0,1,53.74009999968621,nan,0.6656840413808821
3,AINR,gated,398,0,1,0,1,58.264600000256905,nan,0.6656840413808821
3,AINR,gated,399,0,1,0,1,66.23169999966194,nan,0.6656840413808821
3,AINR,gated,400,0,1,0,1,66.17299999970783,nan,0.6656840413808821
3,AINR,gated,401,0,1,0,1,74.36890000008134,nan,0.6656840413808821
3,AINR,gated,402,0,1,0,1,76.4472000000751,nan,0.6656840413808821
3,AINR,gated,403,0,1,0,1,67.74270000005345,nan,0.6656840413808821
3,AINR,gated,404,0,1,0,1,62.45839999974123,nan,0.6656840413808821
3,AINR,gated,405,0,1,0,1,61.28420000004553,nan,0.6656840413808821
3,AINR,gated,406,0,1,0,1,59.37880000010409,nan,0.6656840413808821
3,AINR,gated,407,0,1,0,1,74.27680000000692,nan,0.6656840413808821
3,AINR,gated,408,0,1,0,1,85.38240000007136,nan,0.6656840413808821
3,AINR,gated,409,0,1,0,1,65.35600000006525,nan,0.6656840413808821
3,AINR,gated,410,0,1,0,1,67.1463000003314,nan,0.6656840413808821
3,AINR,gated,411,0,1,0,1,61.9976999996652,nan,0.6656840413808821
3,AINR,gated,412,0,1,0,1,58.667300000252,nan,0.6656840413808821
3,AINR,gated,413,0,1,0,1,66.87839999995049,nan,0.6656840413808821
3,AINR,gated,414,0,1,0,1,73.20830000026035,nan,0.6656840413808821
3,AINR,gated,415,0,1,0,1,67.80250000019805,nan,0.6656840413808821
3,AINR,gated,416,0,1,0,1,64.59819999963656,nan,0.6656840413808821
3,AINR,gated,417,0,1,0,1,66.01150000005873,nan,0.6656840413808821
3,AINR,gated,418,0,1,0,1,59.50609999990775,nan,0.6656840413808821
3,AINR,gated,419,0,1,0,1,56.69820000002801,nan,0.6656840413808821
3,AINR,gated,420,0,1,0,1,65.41070000002946,nan,0.6656840413808821
3,AINR,gated,421,0,1,0,1,80.44370000015988,nan,0.6656840413808821
3,AINR,gated,422,0,1,0,1,69.26710000016101,nan,0.6656840413808821
3,AINR,gated,423,0,1,0,1,67.91500000008455,nan,0.6656840413808821
3,AINR,gated,424,0,1,0,1,62.67519999983051,nan,0.6656840413808821
3,AINR,gated,425,0,1,0,1,57.91659999977128,nan,0.6656840413808821
3,AINR,gated,426,0,1,0,1,56.85189999985596,nan,0.6656840413808821
3,AINR,gated,427,0,1,0,1,54.60040000025401,nan,0.6656840413808821
3,AINR,gated,428,0,1,0,1,55.66610000005312,nan,0.6656840413808821
3,AINR,gated,429,0,1,0,1,71.46940000029645,nan,0.6656840413808821
3,AINR,gated,430,0,1,0,1,77.70990000017264,nan,0.6656840413808821
3,AINR,gated,431,0,1,0,1,78.11489999994592,nan,0.6656840413808821
3,AINR,gated,432,0,1,0,1,62.33990000009726,nan,0.6656840413808821
3,AINR,gated,433,0,1,0,1,64.41629999972065,nan,0.6656840413808821
3,AINR,gated,434,0,1,0,1,56.70169999984864,nan,0.6656840413808821
3,AINR,gated,435,0,1,0,1,55.77380000022458,nan,0.6656840413808821
3,AINR,gated,436,0,1,0,1,56.81339999955526,nan,0.6656840413808821
3,AINR,gated,437,0,1,0,1,55.902099999912025,nan,0.6656840413808821
3,AINR,gated,438,0,1,0,1,68.42349999988073,nan,0.6656840413808821
3,AINR,gated,439,0,1,0,1,80.70029999998951,nan,0.6656840413808821
3,AINR,gated,440,0,1,0,1,69.4245999998202,nan,0.6656840413808821
3,AINR,gated,441,0,1,0,1,78.2998999998199,nan,0.6656840413808821
3,AINR,gated,442,0,1,0,1,65.09929999992892,nan,0.6656840413808821
3,AINR,gated,443,0,1,0,1,58.70860000004541,nan,0.6656840413808821
3,AINR,gated,444,0,1,0,1,52.93500000016138,nan,0.6656840413808821
3,AINR,gated,445,0,1,0,1,53.38179999989734,nan,0.6656840413808821
3,AINR,gated,446,0,1,0,1,57.54919999981212,nan,0.6656840413808821
3,AINR,gated,447,0,1,0,1,60.04930000017339,nan,0.6656840413808821
3,AINR,gated,448,0,1,0,1,63.00199999986944,nan,0.6656840413808821
3,AINR,gated,449,0,1,0,1,86.48600000014994,nan,0.6656840413808821
3,AINR,gated,450,0,1,0,1,65.84830000019792,nan,0.6656840413808821
3,AINR,gated,451,0,1,0,1,61.55659999967611,nan,0.6656840413808821
3,AINR,gated,452,0,1,0,1,59.95579999989786,nan,0.6656840413808821
3,AINR,gated,453,0,1,0,1,61.077600000317034,nan,0.6656840413808821
3,AINR,gated,454,0,1,0,1,57.389900000089256,nan,0.6656840413808821
3,AINR,gated,455,0,1,0,1,56.714999999712745,nan,0.6656840413808821
3,AINR,gated,456,0,1,0,1,57.26580000009562,nan,0.6656840413808821
3,AINR,gated,457,0,1,0,1,62.92829999983951,nan,0.6656840413808821
3,AINR,gated,458,0,1,0,1,56.9855000003372,nan,0.6656840413808821
3,AINR,gated,459,0,1,0,1,78.93190000004324,nan,0.6656840413808821
3,AINR,gated,460,0,1,0,1,81.2167999997655,nan,0.6656840413808821
3,AINR,gated,461,0,1,0,1,69.48830000010275,nan,0.6656840413808821
3,AINR,gated,462,0,1,0,1,69.6061000003283,nan,0.6656840413808821
3,AINR,gated,463,0,1,0,1,58.88939999977083,nan,0.6656840413808821
3,AINR,gated,464,0,1,0,1,57.30559999983598,nan,0.6656840413808821
3,AINR,gated,465,0,1,0,1,57.499600000028295,nan,0.6656840413808821
3,AINR,gated,466,0,1,0,1,54.01780000011058,nan,0.6656840413808821
3,AINR,gated,467,0,1,0,1,54.35310000029858,nan,0.6656840413808821
3,AINR,gated,468,0,1,0,1,65.36759999971764,nan,0.6656840413808821
3,AINR,gated,469,0,1,0,1,75.95420000006925,nan,0.6656840413808821
3,AINR,gated,470,0,1,0,1,75.50119999996241,nan,0.6656840413808821
3,AINR,gated,471,0,1,0,1,68.43320000007225,nan,0.6656840413808821
3,AINR,gated,472,0,1,0,1,63.466000000062195,nan,0.6656840413808821
3,AINR,gated,473,0,1,0,1,57.539599999927304,nan,0.6656840413808821
3,AINR,gated,474,0,1,0,1,67.34360000018569,nan,0.6656840413808821
3,AINR,gated,475,0,1,0,1,64.64449999975841,nan,0.6656840413808821
3,AINR,gated,476,0,1,0,1,60.369400000126916,nan,0.6656840413808821
3,AINR,gated,477,0,1,0,1,59.31269999973665,nan,0.6656840413808821
3,AINR,gated,478,0,1,0,1,77.74890000018786,nan,0.6656840413808821
3,AINR,gated,479,0,1,0,1,69.95120000010502,nan,0.6656840413808821
3,AINR,gated,480,0,1,0,1,67.43669999968915,nan,0.6656840413808821
3,AINR,gated,481,0,1,0,1,67.25920000008045,nan,0.6656840413808821
3,AINR,gated,482,0,1,0,1,61.301799999910145,nan,0.6656840413808821
3,AINR,gated,483,0,1,0,1,57.257400000253256,nan,0.6656840413808821
3,AINR,gated,484,0,1,0,1,56.45970000023226,nan,0.6656840413808821
3,AINR,gated,485,0,1,0,1,53.27639999995881,nan,0.6656840413808821
3,AINR,gated,486,0,1,0,1,59.461800000008225,nan,0.6656840413808821
3,AINR,gated,487,0,1,0,1,54.33350000021164,nan,0.6656840413808821
3,AINR,gated,488,0,1,0,1,52.21369999981107,nan,0.6656840413808821
3,AINR,gated,489,0,1,0,1,53.6922000001141,nan,0.6656840413808821
3,AINR,gated,490,0,1,0,1,69.66259999990143,nan,0.6656840413808821
3,AINR,gated,491,0,1,0,1,66.84139999970284,nan,0.6656840413808821
3,AINR,gated,492,0,1,0,1,67.670100000214,nan,0.6656840413808821
3,AINR,gated,493,0,1,0,1,76.07839999991484,nan,0.6656840413808821
3,AINR,gated,494,0,1,0,1,66.74650000013571,nan,0.6656840413808821
3,AINR,gated,495,0,1,0,1,61.09040000001187,nan,0.6656840413808821
3,AINR,gated,496,0,1,0,1,68.47379999999248,nan,0.6656840413808821
3,AINR,gated,497,0,1,0,1,80.70769999994809,nan,0.6656840413808821
3,AINR,gated,498,0,1,0,1,77.4263999996947,nan,0.6656840413808821
3,AINR,gated,499,0,1,0,1,68.70379999963916,nan,0.6656840413808821
3,AINR,gated,500,0,1,0,1,65.80250000024535,nan,0.6656840413808821
3,AINR,gated,501,0,1,0,1,65.25630000032834,nan,0.6656840413808821
3,AINR,gated,502,0,1,0,1,60.60819999993328,nan,0.6656840413808821
3,AINR,gated,503,0,1,0,1,57.60770000006232,nan,0.6656840413808821
3,AINR,gated,504,0,1,0,1,56.539600000178325,nan,0.6656840413808821
3,AINR,gated,505,0,1,0,1,60.27330000006259,nan,0.6656840413808821
3,AINR,gated,506,0,1,0,1,70.5960000000232,nan,0.6656840413808821
3,AINR,gated,507,0,1,0,1,72.68619999967996,nan,0.6656840413808821
3,AINR,gated,508,0,1,0,1,66.05939999963084,nan,0.6656840413808821
3,AINR,gated,509,0,1,0,1,58.48370000012437,nan,0.6656840413808821
3,AINR,gated,510,0,1,0,1,61.41230000002906,nan,0.6656840413808821
3,AINR,gated,511,0,1,0,1,70.37380000019766,nan,0.6656840413808821
3,AINR,gated,512,0,1,0,1,62.62220000007801,nan,0.6656840413808821
3,AINR,gated,513,0,1,0,1,62.583599999925354,nan,0.6656840413808821
3,AINR,gated,514,0,1,0,1,71.99339999988297,nan,0.6656840413808821
3,AINR,gated,515,0,1,0,1,81.18000000013126,nan,0.6656840413808821
3,AINR,gated,516,0,1,0,1,68.7023999998928,nan,0.6656840413808821
3,AINR,gated,517,0,1,0,1,69.9877000001834,nan,0.6656840413808821
3,AINR,gated,518,0,1,0,1,66.7395000000397,nan,0.6656840413808821
3,AINR,gated,519,0,1,0,1,62.13260000004084,nan,0.6656840413808821
3,AINR,gated,520,0,1,0,1,62.701299999844196,nan,0.6656840413808821
3,AINR,gated,521,0,1,0,1,64.04509999993024,nan,0.6656840413808821
3,AINR,gated,522,0,1,0,1,64.68020000011165,nan,0.6656840413808821
3,AINR,gated,523,0,1,0,1,77.38180000023931,nan,0.6656840413808821
3,AINR,gated,524,0,1,0,1,68.90619999967385,nan,0.6656840413808821
3,AINR,gated,525,0,1,0,1,58.1147000002602,nan,0.6656840413808821
3,AINR,gated,526,0,1,0,1,62.850999999682244,nan,0.6656840413808821
3,AINR,gated,527,0,1,0,1,57.67179999975269,nan,0.6656840413808821
3,AINR,gated,528,0,1,0,1,57.257899999967776,nan,0.6656840413808821
3,AINR,gated,529,0,1,0,1,55.290100000092934,nan,0.6656840413808821
3,AINR,gated,530,0,1,0,1,64.01259999984177,nan,0.6656840413808821
3,AINR,gated,531,0,1,0,1,57.43010000014692,nan,0.6656840413808821
3,AINR,gated,532,0,1,0,1,54.78080000011687,nan,0.6656840413808821
3,AINR,gated,533,0,1,0,1,63.84500000012849,nan,0.6656840413808821
3,AINR,gated,534,0,1,0,1,69.66380000039862,nan,0.6656840413808821
3,AINR,gated,535,0,1,0,1,80.3077000000485,nan,0.6656840413808821
3,AINR,gated,536,0,1,0,1,79.6581999998125,nan,0.6656840413808821
3,AINR,gated,537,0,1,0,1,68.07059999982812,nan,0.6656840413808821
3,AINR,gated,538,0,1,0,1,57.43789999996807,nan,0.6656840413808821
3,AINR,gated,539,0,1,0,1,59.01369999992312,nan,0.6656840413808821
3,AINR,gated,540,0,1,0,1,58.584999999766296,nan,0.6656840413808821
3,AINR,gated,541,0,1,0,1,63.732500000242,nan,0.6656840413808821
3,AINR,gated,542,0,1,0,1,78.45200000019759,nan,0.6656840413808821
3,AINR,gated,543,0,1,0,1,71.39749999987544,nan,0.6656840413808821
3,AINR,gated,544,0,1,0,1,62.64789999977438,nan,0.6656840413808821
3,AINR,gated,545,0,1,0,1,63.06640000002517,nan,0.6656840413808821
3,AINR,gated,546,0,1,0,1,63.51990000030128,nan,0.6656840413808821
3,AINR,gated,547,0,1,0,1,60.05279999999402,nan,0.6656840413808821
3,AINR,gated,548,0,1,0,1,56.54060000006211,nan,0.6656840413808821
3,AINR,gated,549,0,1,0,1,53.985800000191375,nan,0.6656840413808821
3,AINR,gated,550,0,1,0,1,61.313000000154716,nan,0.6656840413808821
3,AINR,gated,551,0,1,0,1,63.07060000017373,nan,0.6656840413808821
3,AINR,gated,552,0,1,0,1,78.08239999985744,nan,0.6656840413808821
3,AINR,gated,553,0,1,0,1,74.3333000000348,nan,0.6656840413808821
3,AINR,gated,554,0,1,0,1,69.22009999971124,nan,0.6656840413808821
3,AINR,gated,555,0,1,0,1,66.0757000000558,nan,0.6656840413808821
3,AINR,gated,556,0,1,0,1,61.71760000006543,nan,0.6656840413808821
3,AINR,gated,557,0,1,0,1,57.74669999982507,nan,0.6656840413808821
3,AINR,gated,558,0,1,0,1,58.78149999989546,nan,0.6656840413808821
3,AINR,gated,559,0,1,0,1,59.31740000005448,nan,0.6656840413808821
3,AINR,gated,560,0,1,0,1,62.509400000180904,nan,0.6656840413808821
3,AINR,gated,561,0,1,0,1,66.77440000021306,nan,0.6656840413808821
3,AINR,gated,562,0,1,0,1,67.58059999992838,nan,0.6656840413808821
3,AINR,gated,563,0,1,0,1,75.51299999977346,nan,0.6656840413808821
3,AINR,gated,564,0,1,0,1,67.34169999981532,nan,0.6656840413808821
3,AINR,gated,565,0,1,0,1,64.5500999999058,nan,0.6656840413808821
3,AINR,gated,566,0,1,0,1,64.3353999998908,nan,0.6656840413808821
3,AINR,gated,567,0,1,0,1,56.69169999964652,nan,0.6656840413808821
3,AINR,gated,568,0,1,0,1,57.796699999926204,nan,0.6656840413808821
3,AINR,gated,569,0,1,0,1,55.5794000001697,nan,0.6656840413808821
3,AINR,gated,570,0,1,0,1,54.9949999999626,nan,0.6656840413808821
3,AINR,gated,571,0,1,0,1,56.5443000000414,nan,0.6656840413808821
3,AINR,gated,572,0,1,0,1,56.619400000272435,nan,0.6656840413808821
3,AINR,gated,573,0,1,0,1,61.051099999986036,nan,0.6656840413808821
3,AINR,gated,574,0,1,0,1,72.93019999997341,nan,0.6656840413808821
3,AINR,gated,575,0,1,0,1,72.32999999996537,nan,0.6656840413808821
3,AINR,gated,576,0,1,0,1,68.54599999996935,nan,0.6656840413808821
3,AINR,gated,577,0,1,0,1,64.51870000000781,nan,0.6656840413808821
3,AINR,gated,578,0,1,0,1,68.47199999992881,nan,0.6656840413808821
3,AINR,gated,579,0,1,0,1,61.029299999972864,nan,0.6656840413808821
3,AINR,gated,580,0,1,0,1,57.63230000002295,nan,0.6656840413808821
3,AINR,gated,581,0,1,0,1,57.86859999989247,nan,0.6656840413808821
3,AINR,gated,582,0,1,0,1,55.354499999793916,nan,0.6656840413808821
3,AINR,gated,583,0,1,0,1,54.514800000106334,nan,0.6656840413808821
3,AINR,gated,584,0,1,0,1,54.39700000033554,nan,0.6656840413808821
3,AINR,gated,585,0,1,0,1,62.79029999996055,nan,0.6656840413808821
3,AINR,gated,586,0,1,0,1,72.29070000039428,nan,0.6656840413808821
3,AINR,gated,587,0,1,0,1,76.06059999989156,nan,0.6656840413808821
3,AINR,gated,588,0,1,0,1,69.15229999958683,nan,0.6656840413808821
3,AINR,gated,589,0,1,0,1,71.54059999993478,nan,0.6656840413808821
3,AINR,gated,590,0,1,0,1,63.3096999999907,nan,0.6656840413808821
3,AINR,gated,591,0,1,0,1,64.40620000012132,nan,0.6656840413808821
3,AINR,gated,592,0,1,0,1,59.94569999984378,nan,0.6656840413808821
3,AINR,gated,593,0,1,0,1,59.25029999980325,nan,0.6656840413808821
3,AINR,gated,594,0,1,0,1,75.07989999976417,nan,0.6656840413808821
3,AINR,gated,595,0,1,0,1,76.40260000016497,nan,0.6656840413808821
3,AINR,gated,596,0,1,0,1,63.066300000173214,nan,0.6656840413808821
3,AINR,gated,597,0,1,0,1,60.087299999850075,nan,0.6656840413808821
3,AINR,gated,598,0,1,0,1,58.96729999994932,nan,0.6656840413808821
3,AINR,gated,599,0,1,0,1,55.67440000004353,nan,0.6656840413808821
3,AINR,gated,600,0,1,0,1,52.02479999979914,nan,0.6656840413808821
3,AINR,gated,601,0,1,0,1,55.04980000023352,nan,0.6656840413808821
3,AINR,gated,602,0,1,0,1,53.94109999997454,nan,0.6656840413808821
3,AINR,gated,603,0,1,0,1,54.357600000003,nan,0.6656840413808821
3,AINR,gated,604,0,1,0,1,58.69310000025507,nan,0.6656840413808821
3,AINR,gated,605,0,1,0,1,70.54479999987961,nan,0.6656840413808821
3,AINR,gated,606,0,1,0,1,78.34529999990991,nan,0.6656840413808821
3,AINR,gated,607,0,1,0,1,69.78660000004311,nan,0.6656840413808821
3,AINR,gated,608,0,1,0,1,69.62509999993927,nan,0.6656840413808821
3,AINR,gated,609,0,1,0,1,61.97440000005372,nan,0.6656840413808821
3,AINR,gated,610,0,1,0,1,62.02220000022862,nan,0.6656840413808821
3,AINR,gated,611,0,1,0,1,65.52909999982148,nan,0.6656840413808821
3,AINR,gated,612,0,1,0,1,57.91799999997238,nan,0.6656840413808821
3,AINR,gated,613,0,1,0,1,60.837399999854824,nan,0.6656840413808821
3,AINR,gated,614,0,1,0,1,79.187699999693,nan,0.6656840413808821
3,AINR,gated,615,0,1,0,1,69.65949999994336,nan,0.6656840413808821
3,AINR,gated,616,0,1,0,1,64.24449999985882,nan,0.6656840413808821
3,AINR,gated,617,0,1,0,1,64.25020000006043,nan,0.6656840413808821
3,AINR,gated,618,0,1,0,1,58.315700000093784,nan,0.6656840413808821
3,AINR,gated,619,0,1,0,1,58.19359999986773,nan,0.6656840413808821
3,AINR,gated,620,0,1,0,1,58.02920000041922,nan,0.6656840413808821
3,AINR,gated,621,0,1,0,1,59.5791000000645,nan,0.6656840413808821
3,AINR,gated,622,0,1,0,1,61.57179999991058,nan,0.6656840413808821
3,AINR,gated,623,0,1,0,1,62.61670000003505,nan,0.6656840413808821
3,AINR,gated,624,0,1,0,1,58.52649999997084,nan,0.6656840413808821
3,AINR,gated,625,0,1,0,1,66.54310000021724,nan,0.6656840413808821
3,AINR,gated,626,0,1,0,1,73.17839999996067,nan,0.6656840413808821
3,AINR,gated,627,0,1,0,1,76.91060000024663,nan,0.6656840413808821
3,AINR,gated,628,0,1,0,1,70.7655999999588,nan,0.6656840413808821
3,AINR,gated,629,0,1,0,1,65.75259999999616,nan,0.6656840413808821
3,AINR,gated,630,0,1,0,1,68.46949999999197,nan,0.6656840413808821
3,AINR,gated,631,0,1,0,1,66.59020000006421,nan,0.6656840413808821
3,AINR,gated,632,0,1,0,1,62.73300000020754,nan,0.6656840413808821
3,AINR,gated,633,0,1,0,1,57.61530000017956,nan,0.6656840413808821
3,AINR,gated,634,0,1,0,1,58.45510000017384,nan,0.6656840413808821
3,AINR,gated,635,0,1,0,1,61.35339999991629,nan,0.6656840413808821
3,AINR,gated,636,0,1,0,1,66.63690000004863,nan,0.6656840413808821
3,AINR,gated,637,0,1,0,1,75.54630000004181,nan,0.6656840413808821
3,AINR,gated,638,0,1,0,1,71.054500000173,nan,0.6656840413808821
3,AINR,gated,639,0,1,0,1,66.98120000010022,nan,0.6656840413808821
3,AINR,gated,640,0,1,0,1,68.55560000030891,nan,0.6656840413808821
3,AINR,gated,641,0,1,0,1,60.949799999889365,nan,0.6656840413808821
3,AINR,gated,642,0,1,0,1,56.69179999995322,nan,0.6656840413808821
3,AINR,gated,643,0,1,0,1,57.63139999999112,nan,0.6656840413808821
3,AINR,gated,644,0,1,0,1,64.55240000013873,nan,0.6656840413808821
3,AINR,gated,645,0,1,0,1,76.23999999987063,nan,0.6656840413808821
3,AINR,gated,646,0,1,0,1,74.50629999993907,nan,0.6656840413808821
3,AINR,gated,647,0,1,0,1,72.0950999998422,nan,0.6656840413808821
3,AINR,gated,648,0,1,0,1,62.325699999746575,nan,0.6656840413808821
3,AINR,gated,649,0,1,0,1,66.29070000008142,nan,0.6656840413808821
3,AINR,gated,650,0,1,0,1,60.45049999966068,nan,0.6656840413808821
3,AINR,gated,651,0,1,0,1,62.658899999860296,nan,0.6656840413808821
3,AINR,gated,652,0,1,0,1,60.27640000002066,nan,0.6656840413808821
3,AINR,gated,653,0,1,0,1,82.75390000017069,nan,0.6656840413808821
3,AINR,gated,654,0,1,0,1,72.98949999994875,nan,0.6656840413808821
3,AINR,gated,655,0,1,0,1,66.90189999972063,nan,0.6656840413808821
3,AINR,gated,656,0,1,0,1,62.77970000019195,nan,0.6656840413808821
3,AINR,gated,657,0,1,0,1,62.231599999904574,nan,0.6656840413808821
3,AINR,gated,658,0,1,0,1,61.10830000034184,nan,0.6656840413808821
3,AINR,gated,659,0,1,0,1,60.52060000001802,nan,0.6656840413808821
3,AINR,gated,660,0,1,0,1,56.18619999995644,nan,0.6656840413808821
3,AINR,gated,661,0,1,0,1,52.86239999986719,nan,0.6656840413808821
3,AINR,gated,662,0,1,0,1,54.37819999997373,nan,0.6656840413808821
3,AINR,gated,663,0,1,0,1,56.49470000025758,nan,0.6656840413808821
3,AINR,gated,664,0,1,0,1,54.91799999981595,nan,0.6656840413808821
3,AINR,gated,665,0,1,0,1,70.96920000003593,nan,0.6656840413808821
3,AINR,gated,666,0,1,0,1,83.76779999980499,nan,0.6656840413808821
3,AINR,gated,667,0,1,0,1,68.36849999990591,nan,0.6656840413808821
3,AINR,gated,668,0,1,0,1,62.879500000235566,nan,0.6656840413808821
3,AINR,gated,669,0,1,0,1,61.085600000296836,nan,0.6656840413808821
3,AINR,gated,670,0,1,0,1,57.98359999971581,nan,0.6656840413808821
3,AINR,gated,671,0,1,0,1,60.89399999973466,nan,0.6656840413808821
3,AINR,gated,672,0,1,0,1,66.5168000000449,nan,0.6656840413808821
3,AINR,gated,673,0,1,0,1,77.25230000005467,nan,0.6656840413808821
3,AINR,gated,674,0,1,0,1,65.88680000004388,nan,0.6656840413808821
3,AINR,gated,675,0,1,0,1,67.5983000000997,nan,0.6656840413808821
3,AINR,gated,676,0,1,0,1,60.87429999979577,nan,0.6656840413808821
3,AINR,gated,677,0,1,0,1,55.67410000003292,nan,0.6656840413808821
3,AINR,gated,678,0,1,0,1,57.20709999968676,nan,0.6656840413808821
3,AINR,gated,679,0,1,0,1,63.66260000004331,nan,0.6656840413808821
3,AINR,gated,680,0,1,0,1,69.78720000006433,nan,0.6656840413808821
3,AINR,gated,681,0,1,0,1,78.30579999972542,nan,0.6656840413808821
3,AINR,gated,682,0,1,0,1,63.61160000005839,nan,0.6656840413808821
3,AINR,gated,683,0,1,0,1,64.91099999993821,nan,0.6656840413808821
3,AINR,gated,684,0,1,0,1,70.49050000023271,nan,0.6656840413808821
3,AINR,gated,685,0,1,0,1,64.68299999960436,nan,0.6656840413808821
3,AINR,gated,686,0,1,0,1,60.197299999799725,nan,0.6656840413808821
3,AINR,gated,687,0,1,0,1,63.08869999975286,nan,0.6656840413808821
3,AINR,gated,688,0,1,0,1,77.67540000031659,nan,0.6656840413808821
3,AINR,gated,689,0,1,0,1,77.97640000035244,nan,0.6656840413808821
3,AINR,gated,690,0,1,0,1,66.84469999981957,nan,0.6656840413808821
3,AINR,gated,691,0,1,0,1,66.67120000020077,nan,0.6656840413808821
3,AINR,gated,692,0,1,0,1,59.94439999994938,nan,0.6656840413808821
3,AINR,gated,693,0,1,0,1,62.47720000010304,nan,0.6656840413808821
3,AINR,gated,694,0,1,0,1,59.90520000023025,nan,0.6656840413808821
3,AINR,gated,695,0,1,0,1,54.70259999992777,nan,0.6656840413808821
3,AINR,gated,696,0,1,0,1,60.31980000034309,nan,0.6656840413808821
3,AINR,gated,697,0,1,0,1,69.00650000034148,nan,0.6656840413808821
3,AINR,gated,698,0,1,0,1,81.0009000001628,nan,0.6656840413808821
3,AINR,gated,699,0,1,0,1,73.77809999979945,nan,0.6656840413808821
3,AINR,gated,700,0,1,0,1,65.95799999968222,nan,0.6656840413808821
3,AINR,gated,701,0,1,0,1,58.44459999980245,nan,0.6656840413808821
3,AINR,gated,702,0,1,0,1,64.6019000000706,nan,0.6656840413808821
3,AINR,gated,703,0,1,0,1,57.38539999993009,nan,0.6656840413808821
3,AINR,gated,704,0,1,0,1,55.73199999980716,nan,0.6656840413808821
3,AINR,gated,705,0,1,0,1,66.37160000036602,nan,0.6656840413808821
3,AINR,gated,706,0,1,0,1,81.4221999999063,nan,0.6656840413808821
3,AINR,gated,707,0,1,0,1,71.51650000014342,nan,0.6656840413808821
3,AINR,gated,708,0,1,0,1,57.79750000010608,nan,0.6656840413808821
3,AINR,gated,709,0,1,0,1,61.85890000006111,nan,0.6656840413808821
3,AINR,gated,710,0,1,0,1,57.93589999984761,nan,0.6656840413808821
3,AINR,gated,711,0,1,0,1,58.47859999994398,nan,0.6656840413808821
3,AINR,gated,712,0,1,0,1,58.89329999990878,nan,0.6656840413808821
3,AINR,gated,713,0,1,0,1,57.885499999883905,nan,0.6656840413808821
3,AINR,gated,714,0,1,0,1,63.85070000033011,nan,0.6656840413808821
3,AINR,gated,715,0,1,0,1,66.87820000024658,nan,0.6656840413808821
3,AINR,gated,716,0,1,0,1,64.79039999976521,nan,0.6656840413808821
3,AINR,gated,717,0,1,0,1,82.83040000014807,nan,0.6656840413808821
3,AINR,gated,718,0,1,0,1,70.17210000003615,nan,0.6656840413808821
3,AINR,gated,719,0,1,0,1,68.20379999999204,nan,0.6656840413808821
3,AINR,gated,720,0,1,0,1,63.464400000157184,nan,0.6656840413808821
3,AINR,gated,721,0,1,0,1,59.8056999997425,nan,0.6656840413808821
3,AINR,gated,722,0,1,0,1,55.52989999978308,nan,0.6656840413808821
3,AINR,gated,723,0,1,0,1,52.07780000000639,nan,0.6656840413808821
3,AINR,gated,724,0,1,0,1,59.98880000015561,nan,0.6656840413808821
3,AINR,gated,725,0,1,0,1,64.89000000010492,nan,0.6656840413808821
3,AINR,gated,726,0,1,0,1,77.85799999965093,nan,0.6656840413808821
3,AINR,gated,727,0,1,0,1,77.44409999986601,nan,0.6656840413808821
3,AINR,gated,728,0,1,0,1,59.43260000003647,nan,0.6656840413808821
3,AINR,gated,729,0,1,0,1,60.90880000010657,nan,0.6656840413808821
3,AINR,gated,730,0,1,0,1,59.14290000009714,nan,0.6656840413808821
3,AINR,gated,731,0,1,0,1,58.24669999992693,nan,0.6656840413808821
3,AINR,gated,732,0,1,0,1,57.17839999988428,nan,0.6656840413808821
3,AINR,gated,733,0,1,0,1,59.58700000019235,nan,0.6656840413808821
3,AINR,gated,734,0,1,0,1,67.1039999997447,nan,0.6656840413808821
3,AINR,gated,735,0,1,0,1,87.1794000004229,nan,0.6656840413808821
3,AINR,gated,736,0,1,0,1,66.87579999970694,nan,0.6656840413808821
3,AINR,gated,737,0,1,0,1,63.26230000013311,nan,0.6656840413808821
3,AINR,gated,738,0,1,0,1,64.76640000028056,nan,0.6656840413808821
3,AINR,gated,739,0,1,0,1,58.550799999920855,nan,0.6656840413808821
3,AINR,gated,740,0,1,0,1,58.58880000005229,nan,0.6656840413808821
3,AINR,gated,741,0,1,0,1,54.061799999999494,nan,0.6656840413808821
3,AINR,gated,742,0,1,0,1,54.10900000015317,nan,0.6656840413808821
3,AINR,gated,743,0,1,0,1,54.16560000003301,nan,0.6656840413808821
3,AINR,gated,744,0,1,0,1,59.44569999974192,nan,0.6656840413808821
3,AINR,gated,745,0,1,0,1,73.20049999998446,nan,0.6656840413808821
3,AINR,gated,746,0,1,0,1,75.23519999995187,nan,0.6656840413808821
3,AINR,gated,747,0,1,0,1,69.45610000002489,nan,0.6656840413808821
3,AINR,gated,748,0,1,0,1,54.06799999991563,nan,0.6656840413808821
3,AINR,gated,749,0,1,0,1,64.93539999974018,nan,0.6656840413808821
3,AINR,gated,750,0,1,0,1,75.40109999990818,nan,0.6656840413808821
3,AINR,gated,751,0,1,0,1,70.72040000002744,nan,0.6656840413808821
3,AINR,gated,752,0,1,0,1,67.8883999999016,nan,0.6656840413808821
3,AINR,gated,753,0,1,0,1,64.6020000003773,nan,0.6656840413808821
3,AINR,gated,754,0,1,0,1,64.90050000002157,nan,0.6656840413808821
3,AINR,gated,755,0,1,0,1,67.28979999979856,nan,0.6656840413808821
3,AINR,gated,756,0,1,0,1,61.067999999977474,nan,0.6656840413808821
3,AINR,gated,757,0,1,0,1,72.72169999987455,nan,0.6656840413808821
3,AINR,gated,758,0,1,0,1,80.09549999997034,nan,0.6656840413808821
3,AINR,gated,759,0,1,0,1,64.288999999917,nan,0.6656840413808821
3,AINR,gated,760,0,1,0,1,70.26300000006813,nan,0.6656840413808821
3,AINR,gated,761,0,1,0,1,60.95279999999548,nan,0.6656840413808821
3,AINR,gated,762,0,1,0,1,55.86630000016157,nan,0.6656840413808821
3,AINR,gated,763,0,1,0,1,53.73280000003433,nan,0.6656840413808821
3,AINR,gated,764,0,1,0,1,50.19989999982499,nan,0.6656840413808821
3,AINR,gated,765,0,1,0,1,61.21119999988878,nan,0.6656840413808821
3,AINR,gated,766,0,1,0,1,70.78529999989769,nan,0.6656840413808821
3,AINR,gated,767,0,1,0,1,70.23140000001149,nan,0.6656840413808821
3,AINR,gated,768,0,1,0,1,63.912099999924976,nan,0.6656840413808821
3,AINR,gated,769,0,1,0,1,61.86699999989287,nan,0.6656840413808821
3,AINR,gated,770,0,1,0,1,67.60520000034376,nan,0.6656840413808821
3,AINR,gated,771,0,1,0,1,59.11100000002989,nan,0.6656840413808821
3,AINR,gated,772,0,1,0,1,58.17239999987578,nan,0.6656840413808821
3,AINR,gated,773,0,1,0,1,77.5459999999839,nan,0.6656840413808821
3,AINR,gated,774,0,1,0,1,75.92380000005505,nan,0.6656840413808821
3,AINR,gated,775,0,1,0,1,75.86249999985739,nan,0.6656840413808821
3,AINR,gated,776,0,1,0,1,63.930400000117515,nan,0.6656840413808821
3,AINR,gated,777,0,1,0,1,65.01759999991918,nan,0.6656840413808821
3,AINR,gated,778,0,1,0,1,61.25990000009551,nan,0.6656840413808821
3,AINR,gated,779,0,1,0,1,57.42000000009284,nan,0.6656840413808821
3,AINR,gated,780,0,1,0,1,62.11849999999686,nan,0.6656840413808821
3,AINR,gated,781,0,1,0,1,62.0174999999108,nan,0.6656840413808821
3,AINR,gated,782,0,1,0,1,57.19859999999244,nan,0.6656840413808821
3,AINR,gated,783,0,1,0,1,62.61650000033114,nan,0.6656840413808821
3,AINR,gated,784,0,1,0,1,71.37479999983043,nan,0.6656840413808821
3,AINR,gated,785,0,1,0,1,69.11410000020624,nan,0.6656840413808821
3,AINR,gated,786,0,1,0,1,63.78820000009,nan,0.6656840413808821
3,AINR,gated,787,0,1,0,1,62.11129999974219,nan,0.6656840413808821
3,AINR,gated,788,0,1,0,1,63.58819999968546,nan,0.6656840413808821
3,AINR,gated,789,0,1,0,1,60.15160000015385,nan,0.6656840413808821
3,AINR,gated,790,0,1,0,1,59.2399000001933,nan,0.6656840413808821
3,AINR,gated,791,0,1,0,1,59.40439999994851,nan,0.6656840413808821
3,AINR,gated,792,0,1,0,1,61.994700000013836,nan,0.6656840413808821
3,AINR,gated,793,0,1,0,1,64.72450000001118,nan,0.6656840413808821
3,AINR,gated,794,0,1,0,1,69.71559999965393,nan,0.6656840413808821
3,AINR,gated,795,0,1,0,1,78.27009999982693,nan,0.6656840413808821
3,AINR,gated,796,0,1,0,1,72.07979999975578,nan,0.6656840413808821
3,AINR,gated,797,0,1,0,1,67.06080000003567,nan,0.6656840413808821
3,AINR,gated,798,0,1,0,1,64.8905999996714,nan,0.6656840413808821
3,AINR,gated,799,0,1,0,1,64.20829999979105,nan,0.6656840413808821
3,AINR,gated,800,0,1,0,1,59.06060000006619,nan,0.6656840413808821
3,AINR,gated,801,0,1,0,1,73.52260000016031,nan,0.6656840413808821
3,AINR,gated,802,0,1,0,1,74.91259999960675,nan,0.6656840413808821
3,AINR,gated,803,0,1,0,1,63.94929999987653,nan,0.6656840413808821
3,AINR,gated,804,0,1,0,1,59.88449999995282,nan,0.6656840413808821
3,AINR,gated,805,0,1,0,1,65.74140000020634,nan,0.6656840413808821
3,AINR,gated,806,0,1,0,1,66.5407999999843,nan,0.6656840413808821
3,AINR,gated,807,0,1,0,1,58.98049999996147,nan,0.6656840413808821
3,AINR,gated,808,0,1,0,1,63.4157999998024,nan,0.6656840413808821
3,AINR,gated,809,0,1,0,1,70.09819999984757,nan,0.6656840413808821
3,AINR,gated,810,0,1,0,1,73.96330000028684,nan,0.6656840413808821
3,AINR,gated,811,0,1,0,1,71.4444000000185,nan,0.6656840413808821
3,AINR,gated,812,0,1,0,1,61.69110000018918,nan,0.6656840413808821
3,AINR,gated,813,0,1,0,1,65.79419999980018,nan,0.6656840413808821
3,AINR,gated,814,0,1,0,1,57.481100000131846,nan,0.6656840413808821
3,AINR,gated,815,0,1,0,1,59.335099999771046,nan,0.6656840413808821
3,AINR,gated,816,0,1,0,1,66.75039999981891,nan,0.6656840413808821
3,AINR,gated,817,0,1,0,1,78.10340000014548,nan,0.6656840413808821
3,AINR,gated,818,0,1,0,1,80.5859000001874,nan,0.6656840413808821
3,AINR,gated,819,0,1,0,1,68.0661000001237,nan,0.6656840413808821
3,AINR,gated,820,0,1,0,1,61.447600000064995,nan,0.6656840413808821
3,AINR,gated,821,0,1,0,1,60.77770000001692,nan,0.6656840413808821
3,AINR,gated,822,0,1,0,1,59.20170000035796,nan,0.6656840413808821
3,AINR,gated,823,0,1,0,1,56.70800000007148,nan,0.6656840413808821
3,AINR,gated,824,0,1,0,1,57.54139999999097,nan,0.6656840413808821
3,AINR,gated,825,0,1,0,1,66.71770000002653,nan,0.6656840413808821
3,AINR,gated,826,0,1,0,1,77.26080000020374,nan,0.6656840413808821
3,AINR,gated,827,0,1,0,1,67.17329999992216,nan,0.6656840413808821
3,AINR,gated,828,0,1,0,1,65.7760000003691,nan,0.6656840413808821
3,AINR,gated,829,0,1,0,1,64.43579999995563,nan,0.6656840413808821
3,AINR,gated,830,0,1,0,1,58.08630000001358,nan,0.6656840413808821
3,AINR,gated,831,0,1,0,1,56.38150000004316,nan,0.6656840413808821
3,AINR,gated,832,0,1,0,1,59.1045999999551,nan,0.6656840413808821
3,AINR,gated,833,0,1,0,1,54.782799999884446,nan,0.6656840413808821
3,AINR,gated,834,0,1,0,1,61.19519999992917,nan,0.6656840413808821
3,AINR,gated,835,0,1,0,1,69.28100000004633,nan,0.6656840413808821
3,AINR,gated,836,0,1,0,1,75.9501000002274,nan,0.6656840413808821
3,AINR,gated,837,0,1,0,1,67.20680000034918,nan,0.6656840413808821
3,AINR,gated,838,0,1,0,1,62.452399999983754,nan,0.6656840413808821
3,AINR,gated,839,0,1,0,1,62.404199999946286,nan,0.6656840413808821
3,AINR,gated,840,0,1,0,1,62.462300000333926,nan,0.6656840413808821
3,AINR,gated,841,0,1,0,1,61.52090000023236,nan,0.6656840413808821
3,AINR,gated,842,0,1,0,1,56.692499999826396,nan,0.6656840413808821
3,AINR,gated,843,0,1,0,1,64.03869999985545,nan,0.6656840413808821
3,AINR,gated,844,0,1,0,1,61.3416999999572,nan,0.6656840413808821
3,AINR,gated,845,0,1,0,1,69.49179999992339,nan,0.6656840413808821
3,AINR,gated,846,0,1,0,1,80.53650000010748,nan,0.6656840413808821
3,AINR,gated,847,0,1,0,1,62.925499999892054,nan,0.6656840413808821
3,AINR,gated,848,0,1,0,1,70.34390000035273,nan,0.6656840413808821
3,AINR,gated,849,0,1,0,1,63.0538999998862,nan,0.6656840413808821
3,AINR,gated,850,0,1,0,1,58.344900000065536,nan,0.6656840413808821
3,AINR,gated,851,0,1,0,1,62.1289999999135,nan,0.6656840413808821
3,AINR,gated,852,0,1,0,1,55.32810000022437,nan,0.6656840413808821
3,AINR,gated,853,0,1,0,1,57.66440000024886,nan,0.6656840413808821
3,AINR,gated,854,0,1,0,1,63.656799999989744,nan,0.6656840413808821
3,AINR,gated,855,0,1,0,1,67.59849999980361,nan,0.6656840413808821
3,AINR,gated,856,0,1,0,1,63.59909999991942,nan,0.6656840413808821
3,AINR,gated,857,0,1,0,1,69.87220000019079,nan,0.6656840413808821
3,AINR,gated,858,0,1,0,1,67.62010000011287,nan,0.6656840413808821
3,AINR,gated,859,0,1,0,1,59.73459999995612,nan,0.6656840413808821
3,AINR,gated,860,0,1,0,1,53.91310000004523,nan,0.6656840413808821
3,AINR,gated,861,0,1,0,1,62.196700000185956,nan,0.6656840413808821
3,AINR,gated,862,0,1,0,1,65.96790000003239,nan,0.6656840413808821
3,AINR,gated,863,0,1,0,1,66.31440000001021,nan,0.6656840413808821
3,AINR,gated,864,0,1,0,1,60.52970000018831,nan,0.6656840413808821
3,AINR,gated,865,0,1,0,1,74.61220000004687,nan,0.6656840413808821
3,AINR,gated,866,0,1,0,1,79.25350000004983,nan,0.6656840413808821
3,AINR,gated,867,0,1,0,1,65.59359999982917,nan,0.6656840413808821
3,AINR,gated,868,0,1,0,1,69.90500000028987,nan,0.6656840413808821
3,AINR,gated,869,0,1,0,1,61.09999999989668,nan,0.6656840413808821
3,AINR,gated,870,0,1,0,1,61.29850000024817,nan,0.6656840413808821
3,AINR,gated,871,0,1,0,1,64.05139999969833,nan,0.6656840413808821
3,AINR,gated,872,0,1,0,1,68.62569999975676,nan,0.6656840413808821
3,AINR,gated,873,0,1,0,1,80.80560000007608,nan,0.6656840413808821
3,AINR,gated,874,0,1,0,1,65.69159999980911,nan,0.6656840413808821
3,AINR,gated,875,0,1,0,1,53.89019999984157,nan,0.6656840413808821
3,AINR,gated,876,0,1,0,1,67.50830000009955,nan,0.6656840413808821
3,AINR,gated,877,0,1,0,1,58.376899999984744,nan,0.6656840413808821
3,AINR,gated,878,0,1,0,1,59.4597999997859,nan,0.6656840413808821
3,AINR,gated,879,0,1,0,1,57.363899999927526,nan,0.6656840413808821
3,AINR,gated,880,0,1,0,1,55.688200000076904,nan,0.6656840413808821
3,AINR,gated,881,0,1,0,1,60.71509999992486,nan,0.6656840413808821
3,AINR,gated,882,0,1,0,1,57.49420000029204,nan,0.6656840413808821
3,AINR,gated,883,0,1,0,1,62.47560000019803,nan,0.6656840413808821
3,AINR,gated,884,0,1,0,1,64.18870000015886,nan,0.6656840413808821
3,AINR,gated,885,0,1,0,1,68.12300000001414,nan,0.6656840413808821
3,AINR,gated,886,0,1,0,1,85.03429999973378,nan,0.6656840413808821
3,AINR,gated,887,0,1,0,1,64.91150000010748,nan,0.6656840413808821
3,AINR,gated,888,0,1,0,1,69.9481999999989,nan,0.6656840413808821
3,AINR,gated,889,0,1,0,1,64.07679999983884,nan,0.6656840413808821
3,AINR,gated,890,0,1,0,1,58.23359999976674,nan,0.6656840413808821
3,AINR,gated,891,0,1,0,1,59.85800000007657,nan,0.6656840413808821
3,AINR,gated,892,0,1,0,1,57.94179999975313,nan,0.6656840413808821
3,AINR,gated,893,0,1,0,1,56.66370000017196,nan,0.6656840413808821
3,AINR,gated,894,0,1,0,1,54.667500000050495,nan,0.6656840413808821
3,AINR,gated,895,0,1,0,1,55.371500000092055,nan,0.6656840413808821
3,AINR,gated,896,0,1,0,1,53.729700000076264,nan,0.6656840413808821
3,AINR,gated,897,0,1,0,1,58.81599999975151,nan,0.6656840413808821
3,AINR,gated,898,0,1,0,1,80.93280000002778,nan,0.6656840413808821
3,AINR,gated,899,0,1,0,1,64.08069999997679,nan,0.6656840413808821
3,AINR,gated,900,0,1,0,1,62.296300000070914,nan,0.6656840413808821
3,AINR,gated,901,0,1,0,1,61.86199999956443,nan,0.6656840413808821
3,AINR,gated,902,0,1,0,1,58.159900000191556,nan,0.6656840413808821
3,AINR,gated,903,0,1,0,1,56.53429999983928,nan,0.6656840413808821
3,AINR,gated,904,0,1,0,1,57.55219999991823,nan,0.6656840413808821
3,AINR,gated,905,0,1,0,1,65.27570000025662,nan,0.6656840413808821
3,AINR,gated,906,0,1,0,1,77.34990000017206,nan,0.6656840413808821
3,AINR,gated,907,0,1,0,1,76.18400000001202,nan,0.6656840413808821
3,AINR,gated,908,0,1,0,1,70.95630000003439,nan,0.6656840413808821
3,AINR,gated,909,0,1,0,1,64.45150000035937,nan,0.6656840413808821
3,AINR,gated,910,0,1,0,1,57.573300000058225,nan,0.6656840413808821
3,AINR,gated,911,0,1,0,1,57.62639999966268,nan,0.6656840413808821
3,AINR,gated,912,0,1,0,1,62.27649999982532,nan,0.6656840413808821
3,AINR,gated,913,0,1,0,1,59.844299999895156,nan,0.6656840413808821
3,AINR,gated,914,0,1,0,1,56.56970000018191,nan,0.6656840413808821
3,AINR,gated,915,0,1,0,1,54.962000000159605,nan,0.6656840413808821
3,AINR,gated,916,0,1,0,1,55.39870000029623,nan,0.6656840413808821
3,AINR,gated,917,0,1,0,1,75.99600000003193,nan,0.6656840413808821
3,AINR,gated,918,0,1,0,1,78.71590000013384,nan,0.6656840413808821
3,AINR,gated,919,0,1,0,1,70.35299999961353,nan,0.6656840413808821
3,AINR,gated,920,0,1,0,1,59.931499999947846,nan,0.6656840413808821
3,AINR,gated,921,0,1,0,1,59.94190000001254,nan,0.6656840413808821
3,AINR,gated,922,0,1,0,1,60.51649999972142,nan,0.6656840413808821
3,AINR,gated,923,0,1,0,1,56.06480000005831,nan,0.6656840413808821
3,AINR,gated,924,0,1,0,1,52.7087999998912,nan,0.6656840413808821
3,AINR,gated,925,0,1,0,1,54.043799999817566,nan,0.6656840413808821
3,AINR,gated,926,0,1,0,1,64.2691000002742,nan,0.6656840413808821
3,AINR,gated,927,0,1,0,1,69.71419999990758,nan,0.6656840413808821
3,AINR,gated,928,0,1,0,1,80.50579999962792,nan,0.6656840413808821
3,AINR,gated,929,0,1,0,1,68.62079999973503,nan,0.6656840413808821
3,AINR,gated,930,0,1,0,1,55.63339999980599,nan,0.6656840413808821
3,AINR,gated,931,0,1,0,1,62.868100000287086,nan,0.6656840413808821
3,AINR,gated,932,0,1,0,1,57.61690000008457,nan,0.6656840413808821
3,AINR,gated,933,0,1,0,1,56.91769999975804,nan,0.6656840413808821
3,AINR,gated,934,0,1,0,1,56.30810000002384,nan,0.6656840413808821
3,AINR,gated,935,0,1,0,1,59.9170000000413,nan,0.6656840413808821
3,AINR,gated,936,0,1,0,1,63.006899999891175,nan,0.6656840413808821
3,AINR,gated,937,0,1,0,1,78.74790000005305,nan,0.6656840413808821
3,AINR,gated,938,0,1,0,1,74.17789999999513,nan,0.6656840413808821
3,AINR,gated,939,0,1,0,1,63.311399999747664,nan,0.6656840413808821
3,AINR,gated,940,0,1,0,1,64.69290000040928,nan,0.6656840413808821
3,AINR,gated,941,0,1,0,1,59.971800000312214,nan,0.6656840413808821
3,AINR,gated,942,0,1,0,1,61.13000000004831,nan,0.6656840413808821
3,AINR,gated,943,0,1,0,1,71.07409999980518,nan,0.6656840413808821
3,AINR,gated,944,0,1,0,1,78.94110000006549,nan,0.6656840413808821
3,AINR,gated,945,0,1,0,1,69.90879999966637,nan,0.6656840413808821
3,AINR,gated,946,0,1,0,1,64.66109999973924,nan,0.6656840413808821
3,AINR,gated,947,0,1,0,1,61.67120000009163,nan,0.6656840413808821
3,AINR,gated,948,0,1,0,1,61.01769999986573,nan,0.6656840413808821
3,AINR,gated,949,0,1,0,1,56.14659999992,nan,0.6656840413808821
3,AINR,gated,950,0,1,0,1,59.83550000019022,nan,0.6656840413808821
3,AINR,gated,951,0,1,0,1,58.841300000040064,nan,0.6656840413808821
3,AINR,gated,952,0,1,0,1,54.4358000001921,nan,0.6656840413808821
3,AINR,gated,953,0,1,0,1,57.25949999987279,nan,0.6656840413808821
3,AINR,gated,954,0,1,0,1,60.97300000010364,nan,0.6656840413808821
3,AINR,gated,955,0,1,0,1,64.84920000002603,nan,0.6656840413808821
3,AINR,gated,956,0,1,0,1,80.3846999997404,nan,0.6656840413808821
3,AINR,gated,957,0,1,0,1,66.7702000000645,nan,0.6656840413808821
3,AINR,gated,958,0,1,0,1,78.09640000004947,nan,0.6656840413808821
3,AINR,gated,959,0,1,0,1,63.26519999993252,nan,0.6656840413808821
3,AINR,gated,960,0,1,0,1,59.61010000009992,nan,0.6656840413808821
3,AINR,gated,961,0,1,0,1,57.76549999973213,nan,0.6656840413808821
3,AINR,gated,962,0,1,0,1,61.83710000004794,nan,0.6656840413808821
3,AINR,gated,963,0,1,0,1,75.36979999986215,nan,0.6656840413808821
3,AINR,gated,964,0,1,0,1,72.03699999990931,nan,0.6656840413808821
3,AINR,gated,965,0,1,0,1,68.34840000010445,nan,0.6656840413808821
3,AINR,gated,966,0,1,0,1,71.32830000000467,nan,0.6656840413808821
3,AINR,gated,967,0,1,0,1,63.90929999997752,nan,0.6656840413808821
3,AINR,gated,968,0,1,0,1,66.27190000017436,nan,0.6656840413808821
3,AINR,gated,969,0,1,0,1,61.12260000008973,nan,0.6656840413808821
3,AINR,gated,970,0,1,0,1,55.195699999785575,nan,0.6656840413808821
3,AINR,gated,971,0,1,0,1,54.083600000012666,nan,0.6656840413808821
3,AINR,gated,972,0,1,0,1,63.10189999976501,nan,0.6656840413808821
3,AINR,gated,973,0,1,0,1,81.15459999999075,nan,0.6656840413808821
3,AINR,gated,974,0,1,0,1,76.56709999992017,nan,0.6656840413808821
3,AINR,gated,975,0,1,0,1,73.44689999990806,nan,0.6656840413808821
3,AINR,gated,976,0,1,0,1,60.120699999970384,nan,0.6656840413808821
3,AINR,gated,977,0,1,0,1,59.78999999979351,nan,0.6656840413808821
3,AINR,gated,978,0,1,0,1,62.910999999985506,nan,0.6656840413808821
3,AINR,gated,979,0,1,0,1,59.478800000306364,nan,0.6656840413808821
3,AINR,gated,980,0,1,0,1,70.22810000034951,nan,0.6656840413808821
3,AINR,gated,981,0,1,0,1,78.97009999987858,nan,0.6656840413808821
3,AINR,gated,982,0,1,0,1,66.76729999981035,nan,0.6656840413808821
3,AINR,gated,983,0,1,0,1,68.74239999979181,nan,0.6656840413808821
3,AINR,gated,984,0,1,0,1,59.95170000005601,nan,0.6656840413808821
3,AINR,gated,985,0,1,0,1,58.107599999857484,nan,0.6656840413808821
3,AINR,gated,986,0,1,0,1,57.32130000023972,nan,0.6656840413808821
3,AINR,gated,987,0,1,0,1,59.13400000008551,nan,0.6656840413808821
3,AINR,gated,988,0,1,0,1,52.125100000012026,nan,0.6656840413808821
3,AINR,gated,989,0,1,0,1,56.427399999847694,nan,0.6656840413808821
3,AINR,gated,990,0,1,0,1,54.39849999993385,nan,0.6656840413808821
3,AINR,gated,991,0,1,0,1,53.41709999993327,nan,0.6656840413808821
3,AINR,gated,992,0,1,0,1,65.08389999999054,nan,0.6656840413808821
3,AINR,gated,993,0,1,0,1,71.71139999991283,nan,0.6656840413808821
3,AINR,gated,994,0,1,0,1,73.10579999966649,nan,0.6656840413808821
3,AINR,gated,995,0,1,0,1,63.52099999958227,nan,0.6656840413808821
3,AINR,gated,996,0,1,0,1,77.02400000016496,nan,0.6656840413808821
3,AINR,gated,997,0,1,0,1,64.74430000025677,nan,0.6656840413808821
3,AINR,gated,998,0,1,0,1,60.635499999989406,nan,0.6656840413808821
3,AINR,gated,999,0,1,0,1,65.28819999994084,nan,0.6656840413808821
3,AINR,trig,0,1,0,0,0,nan,1.2922313213348389,0.6656840413808821
3,AINR,trig,1,1,0,0,0,nan,1.4172062873840332,0.6656840413808821
3,AINR,trig,2,1,0,0,0,nan,1.4281502962112427,0.6656840413808821
3,AINR,trig,3,1,0,0,0,nan,1.4398695230484009,0.6656840413808821
3,AINR,trig,4,1,0,0,0,nan,1.347530722618103,0.6656840413808821
3,AINR,trig,5,1,0,0,0,nan,1.3604882955551147,0.6656840413808821
3,AINR,trig,6,1,0,0,0,nan,1.3902360200881958,0.6656840413808821
3,AINR,trig,7,1,0,0,0,nan,1.4312549829483032,0.6656840413808821
3,AINR,trig,8,1,0,0,0,nan,1.5467191934585571,0.6656840413808821
3,AINR,trig,9,1,0,0,0,nan,1.515941858291626,0.6656840413808821
3,AINR,trig,10,1,0,0,0,nan,1.3940519094467163,0.6656840413808821
3,AINR,trig,11,1,0,0,0,nan,1.3373923301696777,0.6656840413808821
3,AINR,trig,12,1,0,0,0,nan,1.5178171396255493,0.6656840413808821
3,AINR,trig,13,1,0,0,0,nan,1.286289095878601,0.6656840413808821
3,AINR,trig,14,1,0,0,0,nan,1.3387079238891602,0.6656840413808821
3,AINR,trig,15,1,0,0,0,nan,1.2851380109786987,0.6656840413808821
3,AINR,trig,16,1,0,0,0,nan,1.4575828313827515,0.6656840413808821
3,AINR,trig,17,1,0,0,0,nan,1.432953119277954,0.6656840413808821
3,AINR,trig,18,1,0,0,0,nan,1.330058217048645,0.6656840413808821
3,AINR,trig,19,1,0,0,0,nan,1.2783033847808838,0.6656840413808821
3,AINR,trig,20,1,0,0,0,nan,1.5663588047027588,0.6656840413808821
3,AINR,trig,21,1,0,0,0,nan,1.405707836151123,0.6656840413808821
3,AINR,trig,22,1,0,0,0,nan,1.4320507049560547,0.6656840413808821
3,AINR,trig,23,1,0,0,0,nan,1.5408180952072144,0.6656840413808821
3,AINR,trig,24,1,0,0,0,nan,1.4235420227050781,0.6656840413808821
3,AINR,trig,25,0,1,0,1,63.392300000032265,1.3811756372451782,0.6656840413808821
3,AINR,trig,26,1,0,0,0,nan,1.3598681688308716,0.6656840413808821
3,AINR,trig,27,1,0,0,0,nan,1.35599946975708,0.6656840413808821
3,AINR,trig,28,1,0,0,0,nan,1.4062641859054565,0.6656840413808821
3,AINR,trig,29,1,0,0,0,nan,1.372274398803711,0.6656840413808821
3,AINR,trig,30,1,0,0,0,nan,1.378684639930725,0.6656840413808821
3,AINR,trig,31,1,0,0,0,nan,1.3984543085098267,0.6656840413808821
3,AINR,trig,32,1,0,0,0,nan,1.3862664699554443,0.6656840413808821
3,AINR,trig,33,1,0,0,0,nan,1.5121846199035645,0.6656840413808821
3,AINR,trig,34,1,0,0,0,nan,1.3824467658996582,0.6656840413808821
3,AINR,trig,35,1,0,0,0,nan,1.4098180532455444,0.6656840413808821
3,AINR,trig,36,1,0,0,0,nan,1.4034963846206665,0.6656840413808821
3,AINR,trig,37,1,0,0,0,nan,1.4380817413330078,0.6656840413808821
3,AINR,trig,38,1,0,0,0,nan,1.3883507251739502,0.6656840413808821
3,AINR,trig,39,1,0,0,0,nan,1.3214141130447388,0.6656840413808821
3,AINR,trig,40,1,0,0,0,nan,1.395660638809204,0.6656840413808821
3,AINR,trig,41,1,0,0,0,nan,1.3814421892166138,0.6656840413808821
3,AINR,trig,42,1,0,0,0,nan,1.4607324600219727,0.6656840413808821
3,AINR,trig,43,0,1,0,1,76.42709999981889,1.4334590435028076,0.6656840413808821
3,AINR,trig,44,1,0,0,0,nan,1.3707597255706787,0.6656840413808821
3,AINR,trig,45,0,1,0,1,72.55029999987528,1.4589506387710571,0.6656840413808821
3,AINR,trig,46,1,0,0,0,nan,1.4506750106811523,0.6656840413808821
3,AINR,trig,47,0,1,0,1,78.11169999968115,1.534844994544983,0.6656840413808821
3,AINR,trig,48,0,1,0,1,93.45090000033451,1.313231110572815,0.6656840413808821
3,AINR,trig,49,0,1,0,1,74.93739999972604,1.4108117818832397,0.6656840413808821
3,AINR,trig,50,1,0,0,0,nan,1.4856202602386475,0.6656840413808821
3,AINR,trig,51,1,0,0,0,nan,1.3954534530639648,0.6656840413808821
3,AINR,trig,52,0,1,0,1,60.69400000023961,1.3227941989898682,0.6656840413808821
3,AINR,trig,53,1,0,0,0,nan,1.514967918395996,0.6656840413808821
3,AINR,trig,54,1,0,0,0,nan,1.3927162885665894,0.6656840413808821
3,AINR,trig,55,0,1,0,1,58.816700000079436,1.4029204845428467,0.6656840413808821
3,AINR,trig,56,1,0,0,0,nan,1.3944920301437378,0.6656840413808821
3,AINR,trig,57,0,1,0,1,67.6459999999679,1.3326449394226074,0.6656840413808821
3,AINR,trig,58,0,1,0,1,62.91370000008101,1.3595600128173828,0.6656840413808821
3,AINR,trig,59,0,1,0,1,58.36630000021614,1.3989776372909546,0.6656840413808821
3,AINR,trig,60,0,1,0,1,77.88209999989704,1.3144010305404663,0.6656840413808821
3,AINR,trig,61,0,1,0,1,61.19959999978164,1.4119160175323486,0.6656840413808821
3,AINR,trig,62,0,1,0,1,58.41750000035972,1.4282779693603516,0.6656840413808821
3,AINR,trig,63,1,0,0,0,nan,1.358363389968872,0.6656840413808821
3,AINR,trig,64,0,1,0,1,58.937600000263046,1.3716440200805664,0.6656840413808821
3,AINR,trig,65,0,1,0,1,53.66100000037477,1.3541282415390015,0.6656840413808821
3,AINR,trig,66,0,1,0,1,60.37430000014865,1.456725835800171,0.6656840413808821
3,AINR,trig,67,0,1,0,1,78.25330000014219,1.375719666481018,0.6656840413808821
3,AINR,trig,68,0,1,0,1,74.73119999986011,1.2500280141830444,0.6656840413808821
3,AINR,trig,69,0,1,0,1,62.09919999992053,1.3639079332351685,0.6656840413808821
3,AINR,trig,70,0,1,0,1,60.10500000002139,1.4825377464294434,0.6656840413808821
3,AINR,trig,71,0,1,0,1,66.19799999998577,1.2603358030319214,0.6656840413808821
3,AINR,trig,72,0,1,0,1,70.80089999999473,1.3758295774459839,0.6656840413808821
3,AINR,trig,73,0,1,0,1,62.74170000006052,1.3896265029907227,0.6656840413808821
3,AINR,trig,74,1,0,0,0,nan,1.423280954360962,0.6656840413808821
3,AINR,trig,75,0,1,0,1,69.11669999999503,1.3408344984054565,0.6656840413808821
3,AINR,trig,76,0,1,0,1,68.18740000016987,1.3927828073501587,0.6656840413808821
3,AINR,trig,77,0,1,0,1,84.84499999985928,1.3021438121795654,0.6656840413808821
3,AINR,trig,78,0,1,0,1,66.16359999998167,1.2625991106033325,0.6656840413808821
3,AINR,trig,79,0,1,0,1,69.09479999967516,1.5208767652511597,0.6656840413808821
3,AINR,trig,80,0,1,0,1,66.63669999988997,1.43270742893219,0.6656840413808821
3,AINR,trig,81,0,1,0,1,83.09970000027533,1.5933936834335327,0.6656840413808821
3,AINR,trig,82,0,1,0,1,70.83169999987149,1.336180329322815,0.6656840413808821
3,AINR,trig,83,0,1,0,1,61.92220000002635,1.3971277475357056,0.6656840413808821
3,AINR,trig,84,0,1,0,1,68.85760000022856,1.3291831016540527,0.6656840413808821
3,AINR,trig,85,0,1,0,1,77.47909999989133,1.5540809631347656,0.6656840413808821
3,AINR,trig,86,0,1,0,1,65.39489999977377,1.5392054319381714,0.6656840413808821
3,AINR,trig,87,0,1,0,1,62.086899999940215,1.3848625421524048,0.6656840413808821
3,AINR,trig,88,0,1,0,1,55.038299999978335,1.505881667137146,0.6656840413808821
3,AINR,trig,89,0,1,0,1,64.22390000034284,1.2280757427215576,0.6656840413808821
3,AINR,trig,90,0,1,0,1,69.7903000000224,1.2961145639419556,0.6656840413808821
3,AINR,trig,91,0,1,0,1,79.65989999956946,1.3162131309509277,0.6656840413808821
3,AINR,trig,92,0,1,0,1,65.22270000004937,1.4280043840408325,0.6656840413808821
3,AINR,trig,93,0,1,0,1,73.29059999983656,1.3992503881454468,0.6656840413808821
3,AINR,trig,94,0,1,0,1,74.47050000018862,1.3997559547424316,0.6656840413808821
3,AINR,trig,95,1,0,0,0,nan,1.3256490230560303,0.6656840413808821
3,AINR,trig,96,0,1,0,1,72.33019999966928,1.2412903308868408,0.6656840413808821
3,AINR,trig,97,0,1,0,1,75.62479999978677,1.4736372232437134,0.6656840413808821
3,AINR,trig,98,0,1,0,1,71.57079999979032,1.4461450576782227,0.6656840413808821
3,AINR,trig,99,0,1,0,1,64.63540000004286,1.2263072729110718,0.6656840413808821
3,AINR,trig,100,0,1,0,1,80.59689999981856,1.4676433801651,0.6656840413808821
3,AINR,trig,101,0,1,0,1,85.12629999995625,1.3465821743011475,0.6656840413808821
3,AINR,trig,102,0,1,0,1,64.0902999998616,1.3126780986785889,0.6656840413808821
3,AINR,trig,103,0,1,0,1,62.456399999973655,1.4031009674072266,0.6656840413808821
3,AINR,trig,104,0,1,0,1,56.420799999614246,1.4190272092819214,0.6656840413808821
3,AINR,trig,105,0,1,0,1,66.3790000003246,1.5091772079467773,0.6656840413808821
3,AINR,trig,106,0,1,0,1,75.60540000031324,1.3389736413955688,0.6656840413808821
3,AINR,trig,107,0,1,0,1,64.19730000015988,1.406989336013794,0.6656840413808821
3,AINR,trig,108,0,1,0,1,60.35389999988183,1.5587763786315918,0.6656840413808821
3,AINR,trig,109,0,1,0,1,63.90030000011393,1.3660534620285034,0.6656840413808821
3,AINR,trig,110,0,1,0,1,76.18819999970583,1.4403408765792847,0.6656840413808821
3,AINR,trig,111,0,1,0,1,57.62689999983195,1.1164933443069458,0.6656840413808821
3,AINR,trig,112,0,1,0,1,73.94989999966128,1.168928861618042,0.6656840413808821
3,AINR,trig,113,0,1,0,1,63.40740000041478,1.4068598747253418,0.6656840413808821
3,AINR,trig,114,0,1,0,1,72.12369999979273,1.3466211557388306,0.6656840413808821
3,AINR,trig,115,0,1,0,1,60.673700000279496,1.3812341690063477,0.6656840413808821
3,AINR,trig,116,0,1,0,1,76.12419999986741,1.7395316362380981,0.6656840413808821
3,AINR,trig,117,0,1,0,1,63.78390000008949,1.2481976747512817,0.6656840413808821
3,AINR,trig,118,0,1,0,1,73.25900000023466,1.1502435207366943,0.6656840413808821
3,AINR,trig,119,0,1,0,1,73.15870000002178,1.2599691152572632,0.6656840413808821
3,AINR,trig,120,0,1,0,1,82.88870000023962,1.4233739376068115,0.6656840413808821
3,AINR,trig,121,0,1,0,1,60.54500000027474,1.2371470928192139,0.6656840413808821
3,AINR,trig,122,0,1,0,1,54.275500000130705,1.304332971572876,0.6656840413808821
3,AINR,trig,123,0,1,0,1,50.05979999987176,1.4264634847640991,0.6656840413808821
3,AINR,trig,124,0,1,0,1,67.53639999988081,1.3405189514160156,0.6656840413808821
3,AINR,trig,125,0,1,0,1,61.74280000004728,1.4425896406173706,0.6656840413808821
3,AINR,trig,126,0,1,0,1,60.45799999992596,1.397450566291809,0.6656840413808821
3,AINR,trig,127,0,1,0,1,55.36260000008042,1.4687267541885376,0.6656840413808821
3,AINR,trig,128,0,1,0,1,57.298400000036054,1.4989478588104248,0.6656840413808821
3,AINR,trig,129,0,1,0,1,68.50230000009105,1.4240832328796387,0.6656840413808821
3,AINR,trig,130,0,1,0,1,221.15949999988516,1.5481321811676025,0.6656840413808821
3,AINR,trig,131,0,1,0,1,104.01699999965786,1.2908879518508911,0.6656840413808821
3,AINR,trig,132,0,1,0,1,69.13469999972222,1.2938767671585083,0.6656840413808821
3,AINR,trig,133,0,1,0,1,63.51059999997233,1.4124159812927246,0.6656840413808821
3,AINR,trig,134,0,1,0,1,79.63349999999991,1.297290563583374,0.6656840413808821
3,AINR,trig,135,0,1,0,1,65.0684000002002,1.3346575498580933,0.6656840413808821
3,AINR,trig,136,0,1,0,1,61.99449999985518,1.3279246091842651,0.6656840413808821
3,AINR,trig,137,0,1,0,1,53.86469999984911,1.4337852001190186,0.6656840413808821
3,AINR,trig,138,0,1,0,1,62.051700000210985,1.296820878982544,0.6656840413808821
3,AINR,trig,139,0,1,0,1,63.16440000000512,1.3274526596069336,0.6656840413808821
3,AINR,trig,140,0,1,0,1,53.639100000054896,1.272552728652954,0.6656840413808821
3,AINR,trig,141,0,1,0,1,63.78339999992022,1.4598050117492676,0.6656840413808821
3,AINR,trig,142,0,1,0,1,62.72309999985737,1.6688921451568604,0.6656840413808821
3,AINR,trig,143,0,1,0,1,70.54569999991145,1.3921711444854736,0.6656840413808821
3,AINR,trig,144,0,1,0,1,86.82550000003175,1.3263698816299438,0.6656840413808821
3,AINR,trig,145,0,1,0,1,75.45000000027358,1.2486482858657837,0.6656840413808821
3,AINR,trig,146,0,1,0,1,79.83569999987594,1.4229626655578613,0.6656840413808821
3,AINR,trig,147,0,1,0,1,90.68949999982578,1.2890483140945435,0.6656840413808821
3,AINR,trig,148,0,1,0,1,62.32799999997951,1.2808126211166382,0.6656840413808821
3,AINR,trig,149,0,1,0,1,72.50960000010309,1.3464840650558472,0.6656840413808821
3,AINR,trig,150,0,1,0,1,64.70060000037847,1.381954550743103,0.6656840413808821
3,AINR,trig,151,0,1,0,1,79.32730000038646,1.240677833557129,0.6656840413808821
3,AINR,trig,152,0,1,0,1,58.82309999969948,1.2844520807266235,0.6656840413808821
3,AINR,trig,153,0,1,0,1,62.34930000027816,1.3734006881713867,0.6656840413808821
3,AINR,trig,154,0,1,0,1,54.91870000014387,1.3532265424728394,0.6656840413808821
3,AINR,trig,155,0,1,0,1,70.26009999981397,1.239551305770874,0.6656840413808821
3,AINR,trig,156,0,1,0,1,81.34560000007696,1.229137659072876,0.6656840413808821
3,AINR,trig,157,0,1,0,1,81.41230000001087,1.4900152683258057,0.6656840413808821
3,AINR,trig,158,0,1,0,1,75.18080000045302,1.443235993385315,0.6656840413808821
3,AINR,trig,159,0,1,0,1,72.95750000002954,1.3540033102035522,0.6656840413808821
3,AINR,trig,160,0,1,0,1,74.16869999997289,1.1973832845687866,0.6656840413808821
3,AINR,trig,161,0,1,0,1,65.69300000001022,1.2622593641281128,0.6656840413808821
3,AINR,trig,162,0,1,0,1,52.920000000085565,1.2261362075805664,0.6656840413808821
3,AINR,trig,163,0,1,0,1,75.04359999984445,1.3250188827514648,0.6656840413808821
3,AINR,trig,164,0,1,0,1,58.80460000025778,1.2295387983322144,0.6656840413808821
3,AINR,trig,165,0,1,0,1,111.71829999966576,1.6050477027893066,0.6656840413808821
3,AINR,trig,166,0,1,0,1,99.78730000011637,1.403891682624817,0.6656840413808821
3,AINR,trig,167,0,1,0,1,81.43150000023525,1.3536152839660645,0.6656840413808821
3,AINR,trig,168,0,1,0,1,64.0587000002597,1.393623948097229,0.6656840413808821
3,AINR,trig,169,0,1,0,1,55.94900000005509,1.2713767290115356,0.6656840413808821
3,AINR,trig,170,0,1,0,1,55.76819999987492,1.3354454040527344,0.6656840413808821
3,AINR,trig,171,1,0,0,0,nan,1.1905217170715332,0.6656840413808821
3,AINR,trig,172,0,1,0,1,75.31650000009904,1.4383152723312378,0.6656840413808821
3,AINR,trig,173,0,1,0,1,65.5642000001535,1.345601201057434,0.6656840413808821
3,AINR,trig,174,0,1,0,1,78.71760000034556,1.279833197593689,0.6656840413808821
3,AINR,trig,175,0,1,0,1,69.1345000000183,1.4806866645812988,0.6656840413808821
3,AINR,trig,176,0,1,0,1,60.79490000001897,1.2879756689071655,0.6656840413808821
3,AINR,trig,177,0,1,0,1,64.95499999982712,1.2983678579330444,0.6656840413808821
3,AINR,trig,178,0,1,0,1,80.0318999999945,1.350116491317749,0.6656840413808821
3,AINR,trig,179,0,1,0,1,64.19819999973697,1.314247965812683,0.6656840413808821
3,AINR,trig,180,0,1,0,1,58.387300000049436,1.2636760473251343,0.6656840413808821
3,AINR,trig,181,0,1,0,1,67.13810000019294,1.4664313793182373,0.6656840413808821
3,AINR,trig,182,0,1,0,1,71.77680000040709,1.1518988609313965,0.6656840413808821
3,AINR,trig,183,0,1,0,1,63.60150000000431,1.3493248224258423,0.6656840413808821
3,AINR,trig,184,0,1,0,1,57.70710000024337,1.5382165908813477,0.6656840413808821
3,AINR,trig,185,0,1,0,1,57.671099999879516,1.309446930885315,0.6656840413808821
3,AINR,trig,186,0,1,0,1,65.50920000017868,1.2306575775146484,0.6656840413808821
3,AINR,trig,187,0,1,0,1,72.69959999985076,1.1081308126449585,0.6656840413808821
3,AINR,trig,188,0,1,0,1,66.45879999996396,1.351375699043274,0.6656840413808821
3,AINR,trig,189,0,1,0,1,62.80779999997321,1.416244626045227,0.6656840413808821
3,AINR,trig,190,0,1,0,1,61.30559999974139,1.2820767164230347,0.6656840413808821
3,AINR,trig,191,0,1,0,1,78.3000000001266,1.3522217273712158,0.6656840413808821
3,AINR,trig,192,0,1,0,1,74.58489999999074,1.3537473678588867,0.6656840413808821
3,AINR,trig,193,0,1,0,1,67.7506000001813,1.5409306287765503,0.6656840413808821
3,AINR,trig,194,0,1,0,1,73.69400000015958,1.3821128606796265,0.6656840413808821
3,AINR,trig,195,0,1,0,1,82.2624000002179,1.336771845817566,0.6656840413808821
3,AINR,trig,196,0,1,0,1,69.41310000001977,1.4227322340011597,0.6656840413808821
3,AINR,trig,197,0,1,0,1,60.41670000013255,1.157374620437622,0.6656840413808821
3,AINR,trig,198,0,1,0,1,61.118399999941175,1.3444124460220337,0.6656840413808821
3,AINR,trig,199,0,1,0,1,79.39380000016172,1.6062418222427368,0.6656840413808821
3,AINR,trig,200,0,1,0,1,67.05560000000332,1.2907012701034546,0.6656840413808821
3,AINR,trig,201,0,1,0,1,58.63610000005792,1.4164564609527588,0.6656840413808821
3,AINR,trig,202,0,1,0,1,57.310099999995145,1.4007396697998047,0.6656840413808821
3,AINR,trig,203,0,1,0,1,60.79409999983909,1.1691449880599976,0.6656840413808821
3,AINR,trig,204,0,1,0,1,78.59109999981229,1.3087202310562134,0.6656840413808821
3,AINR,trig,205,0,1,0,1,67.9973000001155,1.5078893899917603,0.6656840413808821
3,AINR,trig,206,0,1,0,1,55.94139999993786,1.23854398727417,0.6656840413808821
3,AINR,trig,207,0,1,0,1,57.130299999698764,1.2725303173065186,0.6656840413808821
3,AINR,trig,208,0,1,0,1,83.6659999999938,1.5240648984909058,0.6656840413808821
3,AINR,trig,209,0,1,0,1,67.7733000002263,1.4837478399276733,0.6656840413808821
3,AINR,trig,210,0,1,0,1,64.208399999643,1.5533486604690552,0.6656840413808821
3,AINR,trig,211,0,1,0,1,62.69339999971635,1.2135505676269531,0.6656840413808821
3,AINR,trig,212,0,1,0,1,79.2129000001296,1.1221137046813965,0.6656840413808821
3,AINR,trig,213,0,1,0,1,65.9152999996877,1.3328667879104614,0.6656840413808821
3,AINR,trig,214,0,1,0,1,70.92160000001968,1.1414484977722168,0.6656840413808821
3,AINR,trig,215,0,1,0,1,54.965400000128284,1.1760199069976807,0.6656840413808821
3,AINR,trig,216,0,1,0,1,72.89240000000063,1.3199524879455566,0.6656840413808821
3,AINR,trig,217,0,1,0,1,68.93119999995179,1.4164518117904663,0.6656840413808821
3,AINR,trig,218,0,1,0,1,61.23040000011315,1.400654673576355,0.6656840413808821
3,AINR,trig,219,0,1,0,1,56.3241999998354,1.6351447105407715,0.6656840413808821
3,AINR,trig,220,0,1,0,1,52.80960000027335,1.205613613128662,0.6656840413808821
3,AINR,trig,221,0,1,0,1,62.68610000006447,1.364389419555664,0.6656840413808821
3,AINR,trig,222,0,1,0,1,79.17640000005122,1.4208273887634277,0.6656840413808821
3,AINR,trig,223,0,1,0,1,61.37619999981325,1.3881510496139526,0.6656840413808821
3,AINR,trig,224,0,1,0,1,62.56579999990208,1.310573697090149,0.6656840413808821
3,AINR,trig,225,0,1,0,1,60.72149999999965,1.464648723602295,0.6656840413808821
3,AINR,trig,226,0,1,0,1,80.50599999978658,1.2671992778778076,0.6656840413808821
3,AINR,trig,227,0,1,0,1,74.59810000000289,1.2975590229034424,0.6656840413808821
3,AINR,trig,228,0,1,0,1,69.40279999980703,1.4010244607925415,0.6656840413808821
3,AINR,trig,229,0,1,0,1,81.78700000007666,1.3560012578964233,0.6656840413808821
3,AINR,trig,230,0,1,0,1,76.73179999983404,1.3899900913238525,0.6656840413808821
3,AINR,trig,231,0,1,0,1,68.29840000000331,1.341933250427246,0.6656840413808821
3,AINR,trig,232,0,1,0,1,54.687400000148045,1.3211628198623657,0.6656840413808821
3,AINR,trig,233,0,1,0,1,58.23969999983092,1.3889954090118408,0.6656840413808821
3,AINR,trig,234,0,1,0,1,77.17510000020411,1.1682021617889404,0.6656840413808821
3,AINR,trig,235,0,1,0,1,62.05289999979868,1.3482379913330078,0.6656840413808821
3,AINR,trig,236,0,1,0,1,58.44810000007783,1.320309042930603,0.6656840413808821
3,AINR,trig,237,0,1,0,1,56.97169999984908,1.2627911567687988,0.6656840413808821
3,AINR,trig,238,0,1,0,1,54.93609999984983,1.3541549444198608,0.6656840413808821
3,AINR,trig,239,0,1,0,1,81.75900000014735,1.468010425567627,0.6656840413808821
3,AINR,trig,240,0,1,0,1,67.15629999962403,1.4643378257751465,0.6656840413808821
3,AINR,trig,241,0,1,0,1,63.55599999960759,1.3620667457580566,0.6656840413808821
3,AINR,trig,242,0,1,0,1,61.27259999993839,1.4046944379806519,0.6656840413808821
3,AINR,trig,243,0,1,0,1,76.47029999998267,1.4359681606292725,0.6656840413808821
3,AINR,trig,244,0,1,0,1,71.31650000019363,1.2370998859405518,0.6656840413808821
3,AINR,trig,245,0,1,0,1,66.0410000000411,1.3815383911132812,0.6656840413808821
3,AINR,trig,246,0,1,0,1,63.23939999992945,1.4599990844726562,0.6656840413808821
3,AINR,trig,247,0,1,0,1,72.14340000018638,1.4573415517807007,0.6656840413808821
3,AINR,trig,248,0,1,0,1,76.9452999998066,1.4498389959335327,0.6656840413808821
3,AINR,trig,249,0,1,0,1,67.18279999995502,1.3964022397994995,0.6656840413808821
3,AINR,trig,250,0,1,0,1,57.837600000311795,1.272910714149475,0.6656840413808821
3,AINR,trig,251,0,1,0,1,55.52499999976135,1.4845489263534546,0.6656840413808821
3,AINR,trig,252,0,1,0,1,73.67919999978767,1.2310830354690552,0.6656840413808821
3,AINR,trig,253,0,1,0,1,68.09679999969376,1.235478162765503,0.6656840413808821
3,AINR,trig,254,0,1,0,1,59.037500000158616,1.227914571762085,0.6656840413808821
3,AINR,trig,255,0,1,0,1,59.60209999966537,1.3089323043823242,0.6656840413808821
3,AINR,trig,256,0,1,0,1,55.71230000032301,1.2138817310333252,0.6656840413808821
3,AINR,trig,257,0,1,0,1,66.52059999987614,1.3153115510940552,0.6656840413808821
3,AINR,trig,258,0,1,0,1,77.27660000000469,1.2032296657562256,0.6656840413808821
3,AINR,trig,259,0,1,0,1,59.92019999985132,1.5222737789154053,0.6656840413808821
3,AINR,trig,260,0,1,0,1,60.732200000074954,1.293357491493225,0.6656840413808821
3,AINR,trig,261,0,1,0,1,54.10570000003645,1.4841828346252441,0.6656840413808821
3,AINR,trig,262,0,1,0,1,72.10350000013932,1.4625060558319092,0.6656840413808821
3,AINR,trig,263,0,1,0,1,70.32759999992777,1.3965346813201904,0.6656840413808821
3,AINR,trig,264,1,0,0,0,nan,1.3745849132537842,0.6656840413808821
3,AINR,trig,265,0,1,0,1,76.15999999961787,1.4477412700653076,0.6656840413808821
3,AINR,trig,266,0,1,0,1,63.83770000002187,1.3402464389801025,0.6656840413808821
3,AINR,trig,267,0,1,0,1,61.11610000016299,1.4719642400741577,0.6656840413808821
3,AINR,trig,268,0,1,0,1,57.308999999804655,1.4249922037124634,0.6656840413808821
3,AINR,trig,269,0,1,0,1,65.80750000011903,1.2848294973373413,0.6656840413808821
3,AINR,trig,270,0,1,0,1,67.43500000038694,1.297744870185852,0.6656840413808821
3,AINR,trig,271,0,1,0,1,65.06579999995665,1.1837517023086548,0.6656840413808821
3,AINR,trig,272,0,1,0,1,66.64539999974295,1.3981536626815796,0.6656840413808821
3,AINR,trig,273,0,1,0,1,74.98089999990043,1.3151326179504395,0.6656840413808821
3,AINR,trig,274,0,1,0,1,73.75739999997677,1.329106330871582,0.6656840413808821
3,AINR,trig,275,0,1,0,1,64.97230000013587,1.3120876550674438,0.6656840413808821
3,AINR,trig,276,0,1,0,1,57.16690000008384,1.5302379131317139,0.6656840413808821
3,AINR,trig,277,0,1,0,1,63.822999999956664,1.2496668100357056,0.6656840413808821
3,AINR,trig,278,0,1,0,1,74.4724999999562,1.1703283786773682,0.6656840413808821
3,AINR,trig,279,0,1,0,1,60.609999999996944,1.2335214614868164,0.6656840413808821
3,AINR,trig,280,0,1,0,1,59.43280000019513,1.4094170331954956,0.6656840413808821
3,AINR,trig,281,0,1,0,1,55.00879999999597,1.3360037803649902,0.6656840413808821
3,AINR,trig,282,0,1,0,1,74.56619999993563,1.3856045007705688,0.6656840413808821
3,AINR,trig,283,0,1,0,1,66.28020000016477,1.1920922994613647,0.6656840413808821
3,AINR,trig,284,0,1,0,1,65.07139999985156,1.2419836521148682,0.6656840413808821
3,AINR,trig,285,0,1,0,1,80.47209999995175,1.3337602615356445,0.6656840413808821
3,AINR,trig,286,0,1,0,1,73.13369999974384,1.1893181800842285,0.6656840413808821
3,AINR,trig,287,0,1,0,1,58.355699999992794,1.2686551809310913,0.6656840413808821
3,AINR,trig,288,0,1,0,1,61.84239999993224,1.306119680404663,0.6656840413808821
3,AINR,trig,289,0,1,0,1,57.06129999998666,1.46991765499115,0.6656840413808821
3,AINR,trig,290,0,1,0,1,67.79169999981605,1.316965937614441,0.6656840413808821
3,AINR,trig,291,0,1,0,1,71.3713000000098,1.3080754280090332,0.6656840413808821
3,AINR,trig,292,0,1,0,1,63.12099999968268,1.4372538328170776,0.6656840413808821
3,AINR,trig,293,0,1,0,1,59.05699999993885,1.2401689291000366,0.6656840413808821
3,AINR,trig,294,0,1,0,1,54.005700000288925,1.4674822092056274,0.6656840413808821
3,AINR,trig,295,0,1,0,1,64.30809999983467,1.3979650735855103,0.6656840413808821
3,AINR,trig,296,0,1,0,1,76.26900000013848,1.3498046398162842,0.6656840413808821
3,AINR,trig,297,0,1,0,1,73.28730000017458,1.4037963151931763,0.6656840413808821
3,AINR,trig,298,0,1,0,1,61.65289999989909,1.3198606967926025,0.6656840413808821
3,AINR,trig,299,0,1,0,1,62.30310000000827,1.4704221487045288,0.6656840413808821
3,AINR,trig,300,0,1,0,1,74.04769999993732,1.3218984603881836,0.6656840413808821
3,AINR,trig,301,0,1,0,1,67.25999999980559,1.187094807624817,0.6656840413808821
3,AINR,trig,302,0,1,0,1,59.912700000040786,1.1079716682434082,0.6656840413808821
3,AINR,trig,303,0,1,0,1,56.34600000030332,1.1659214496612549,0.6656840413808821
3,AINR,trig,304,0,1,0,1,64.60470000001806,1.312239646911621,0.6656840413808821
3,AINR,trig,305,0,1,0,1,77.85610000019005,1.5127333402633667,0.6656840413808821
3,AINR,trig,306,0,1,0,1,62.37040000041816,1.3171823024749756,0.6656840413808821
3,AINR,trig,307,0,1,0,1,59.804800000165415,1.2740986347198486,0.6656840413808821
3,AINR,trig,308,0,1,0,1,54.797899999812216,1.4569631814956665,0.6656840413808821
3,AINR,trig,309,0,1,0,1,77.61049999999159,1.4293164014816284,0.6656840413808821
3,AINR,trig,310,0,1,0,1,62.68469999986337,1.3245269060134888,0.6656840413808821
3,AINR,trig,311,0,1,0,1,62.85410000009506,1.459720253944397,0.6656840413808821
3,AINR,trig,312,0,1,0,1,59.3087000002015,1.384110689163208,0.6656840413808821
3,AINR,trig,313,0,1,0,1,58.87880000000223,1.1785680055618286,0.6656840413808821
3,AINR,trig,314,0,1,0,1,67.67480000007708,1.4362865686416626,0.6656840413808821
3,AINR,trig,315,0,1,0,1,69.02469999977257,1.5058183670043945,0.6656840413808821
3,AINR,trig,316,0,1,0,1,69.28479999987758,1.2467705011367798,0.6656840413808821
3,AINR,trig,317,0,1,0,1,64.01769999956741,1.3534728288650513,0.6656840413808821
3,AINR,trig,318,0,1,0,1,62.2363000002224,1.3590569496154785,0.6656840413808821
3,AINR,trig,319,0,1,0,1,72.52229999994597,1.0863609313964844,0.6656840413808821
3,AINR,trig,320,0,1,0,1,62.15239999983169,1.4027577638626099,0.6656840413808821
3,AINR,trig,321,0,1,0,1,61.46420000004582,1.3323431015014648,0.6656840413808821
3,AINR,trig,322,0,1,0,1,54.905500000131724,1.2387677431106567,0.6656840413808821
3,AINR,trig,323,0,1,0,1,52.56149999968329,1.1614781618118286,0.6656840413808821
3,AINR,trig,324,0,1,0,1,58.84109999988141,1.6977208852767944,0.6656840413808821
3,AINR,trig,325,0,1,0,1,86.24039999995148,1.394516110420227,0.6656840413808821
3,AINR,trig,326,0,1,0,1,75.42029999967781,1.4275341033935547,0.6656840413808821
3,AINR,trig,327,0,1,0,1,67.03350000043429,1.3589519262313843,0.6656840413808821
3,AINR,trig,328,0,1,0,1,61.35139999969397,1.2132326364517212,0.6656840413808821
3,AINR,trig,329,0,1,0,1,85.61680000002525,1.1847771406173706,0.6656840413808821
3,AINR,trig,330,0,1,0,1,74.85929999984364,1.3684661388397217,0.6656840413808821
3,AINR,trig,331,0,1,0,1,60.88630000022022,1.4534670114517212,0.6656840413808821
3,AINR,trig,332,0,1,0,1,54.768500000136555,1.3441426753997803,0.6656840413808821
3,AINR,trig,333,0,1,0,1,70.18969999990077,1.4987648725509644,0.6656840413808821
3,AINR,trig,334,0,1,0,1,68.74520000019402,1.2071362733840942,0.6656840413808821
3,AINR,trig,335,0,1,0,1,86.75730000004478,1.3011114597320557,0.6656840413808821
3,AINR,trig,336,0,1,0,1,72.01310000027661,1.4485334157943726,0.6656840413808821
3,AINR,trig,337,0,1,0,1,66.91300000011324,1.4129794836044312,0.6656840413808821
3,AINR,trig,338,0,1,0,1,63.12670000033904,1.3167756795883179,0.6656840413808821
3,AINR,trig,339,0,1,0,1,60.5319999999665,1.1985228061676025,0.6656840413808821
3,AINR,trig,340,0,1,0,1,74.67700000006516,1.2639341354370117,0.6656840413808821
3,AINR,trig,341,0,1,0,1,63.1905000000188,1.3772095441818237,0.6656840413808821
3,AINR,trig,342,0,1,0,1,62.124300000050425,1.1538372039794922,0.6656840413808821
3,AINR,trig,343,0,1,0,1,68.5910000001968,1.3765816688537598,0.6656840413808821
3,AINR,trig,344,0,1,0,1,84.02830000022732,1.2817596197128296,0.6656840413808821
3,AINR,trig,345,0,1,0,1,64.31229999998322,1.234365463256836,0.6656840413808821
3,AINR,trig,346,0,1,0,1,60.126400000172,1.2470102310180664,0.6656840413808821
3,AINR,trig,347,0,1,0,1,59.92710000009538,1.221917748451233,0.6656840413808821
3,AINR,trig,348,0,1,0,1,73.14550000000963,1.4308706521987915,0.6656840413808821
3,AINR,trig,349,0,1,0,1,69.37280000011015,1.2639518976211548,0.6656840413808821
3,AINR,trig,350,0,1,0,1,61.57440000015413,1.2955013513565063,0.6656840413808821
3,AINR,trig,351,0,1,0,1,55.421600000045146,1.4228569269180298,0.6656840413808821
3,AINR,trig,352,0,1,0,1,68.43170000001919,1.334787130355835,0.6656840413808821
3,AINR,trig,353,0,1,0,1,68.34009999965929,1.3780653476715088,0.6656840413808821
3,AINR,trig,354,0,1,0,1,65.07160000001022,1.4524255990982056,0.6656840413808821
3,AINR,trig,355,0,1,0,1,57.53969999977926,1.3927210569381714,0.6656840413808821
3,AINR,trig,356,0,1,0,1,56.12969999992856,1.4526996612548828,0.6656840413808821
3,AINR,trig,357,0,1,0,1,78.50029999963226,1.2483867406845093,0.6656840413808821
3,AINR,trig,358,0,1,0,1,64.64740000001257,1.350208044052124,0.6656840413808821
3,AINR,trig,359,0,1,0,1,59.31349999991653,1.185476541519165,0.6656840413808821
3,AINR,trig,360,0,1,0,1,61.0489000000598,1.2417171001434326,0.6656840413808821
3,AINR,trig,361,0,1,0,1,77.74759999983871,1.19285249710083,0.6656840413808821
3,AINR,trig,362,0,1,0,1,66.60460000011881,1.3148471117019653,0.6656840413808821
3,AINR,trig,363,0,1,0,1,67.64900000007401,1.2431104183197021,0.6656840413808821
3,AINR,trig,364,0,1,0,1,62.24079999992682,1.483717679977417,0.6656840413808821
3,AINR,trig,365,0,1,0,1,60.92209999997067,1.6163699626922607,0.6656840413808821
3,AINR,trig,366,0,1,0,1,81.24869999983275,1.508938193321228,0.6656840413808821
3,AINR,trig,367,0,1,0,1,66.04020000031596,1.2039074897766113,0.6656840413808821
3,AINR,trig,368,0,1,0,1,57.37360000011904,1.2287195920944214,0.6656840413808821
3,AINR,trig,369,0,1,0,1,57.818000000224856,1.3578510284423828,0.6656840413808821
3,AINR,trig,370,0,1,0,1,66.01760000012291,1.336626410484314,0.6656840413808821
3,AINR,trig,371,0,1,0,1,68.28129999985322,1.185034990310669,0.6656840413808821
3,AINR,trig,372,0,1,0,1,65.07299999975658,1.419929027557373,0.6656840413808821
3,AINR,trig,373,0,1,0,1,66.71280000000479,1.3822988271713257,0.6656840413808821
3,AINR,trig,374,0,1,0,1,66.1814999998569,1.543114423751831,0.6656840413808821
3,AINR,trig,375,0,1,0,1,73.03700000011304,1.2647513151168823,0.6656840413808821
3,AINR,trig,376,0,1,0,1,72.8079999998954,1.3658324480056763,0.6656840413808821
3,AINR,trig,377,0,1,0,1,66.05179999996835,1.2519258260726929,0.6656840413808821
3,AINR,trig,378,0,1,0,1,67.4618000002738,1.337520956993103,0.6656840413808821
3,AINR,trig,379,0,1,0,1,77.01139999971929,1.3415883779525757,0.6656840413808821
3,AINR,trig,380,0,1,0,1,66.48560000030557,1.2217143774032593,0.6656840413808821
3,AINR,trig,381,0,1,0,1,61.23780000007173,1.2716768980026245,0.6656840413808821
3,AINR,trig,382,0,1,0,1,57.186300000012125,1.5294767618179321,0.6656840413808821
3,AINR,trig,383,0,1,0,1,66.43290000010893,1.2727601528167725,0.6656840413808821
3,AINR,trig,384,0,1,0,1,67.79940000023998,1.3206654787063599,0.6656840413808821
3,AINR,trig,385,0,1,0,1,66.1299999997027,1.1968108415603638,0.6656840413808821
3,AINR,trig,386,0,1,0,1,59.0953000000809,1.470057725906372,0.6656840413808821
3,AINR,trig,387,0,1,0,1,58.41890000010608,1.579354166984558,0.6656840413808821
3,AINR,trig,388,0,1,0,1,71.24350000003687,1.2993496656417847,0.6656840413808821
3,AINR,trig,389,0,1,0,1,73.05290000022069,1.1931943893432617,0.6656840413808821
3,AINR,trig,390,0,1,0,1,69.3452000000434,1.1853004693984985,0.6656840413808821
3,AINR,trig,391,0,1,0,1,65.22180000001754,1.3061002492904663,0.6656840413808821
3,AINR,trig,392,0,1,0,1,67.89150000031441,1.2561664581298828,0.6656840413808821
3,AINR,trig,393,0,1,0,1,72.60550000000876,1.2358038425445557,0.6656840413808821
3,AINR,trig,394,0,1,0,1,71.62239999979647,1.2930502891540527,0.6656840413808821
3,AINR,trig,395,0,1,0,1,68.26399999999921,1.276496171951294,0.6656840413808821
3,AINR,trig,396,0,1,0,1,61.29830000008951,1.278006911277771,0.6656840413808821
3,AINR,trig,397,0,1,0,1,68.3208000000377,1.3756555318832397,0.6656840413808821
3,AINR,trig,398,0,1,0,1,76.32450000028257,1.193998098373413,0.6656840413808821
3,AINR,trig,399,0,1,0,1,70.18459999972038,1.2933647632598877,0.6656840413808821
3,AINR,trig,400,0,1,0,1,58.44969999998284,1.5733088254928589,0.6656840413808821
3,AINR,trig,401,0,1,0,1,61.5618000001632,1.2762283086776733,0.6656840413808821
3,AINR,trig,402,0,1,0,1,73.93749999982901,1.3047709465026855,0.6656840413808821
3,AINR,trig,403,0,1,0,1,57.062800000039715,1.31705904006958,0.6656840413808821
3,AINR,trig,404,0,1,0,1,60.86300000015399,1.146083950996399,0.6656840413808821
3,AINR,trig,405,0,1,0,1,54.083799999716575,1.171525239944458,0.6656840413808821
3,AINR,trig,406,0,1,0,1,72.45449999982156,1.2678236961364746,0.6656840413808821
3,AINR,trig,407,0,1,0,1,70.39679999979853,1.5145647525787354,0.6656840413808821
3,AINR,trig,408,0,1,0,1,67.35670000034588,1.3033506870269775,0.6656840413808821
3,AINR,trig,409,0,1,0,1,64.81669999993755,1.1850537061691284,0.6656840413808821
3,AINR,trig,410,0,1,0,1,71.35530000005019,1.2664471864700317,0.6656840413808821
3,AINR,trig,411,0,1,0,1,71.6671000000133,1.2139650583267212,0.6656840413808821
3,AINR,trig,412,0,1,0,1,66.30130000030476,1.4859049320220947,0.6656840413808821
3,AINR,trig,413,0,1,0,1,87.66779999996288,1.6550779342651367,0.6656840413808821
3,AINR,trig,414,0,1,0,1,62.269199999718694,1.1895474195480347,0.6656840413808821
3,AINR,trig,415,0,1,0,1,63.07340000012118,1.2308789491653442,0.6656840413808821
3,AINR,trig,416,0,1,0,1,59.9713999999949,1.5703065395355225,0.6656840413808821
3,AINR,trig,417,0,1,0,1,73.97499999979118,1.2355780601501465,0.6656840413808821
3,AINR,trig,418,0,1,0,1,64.54910000002201,1.2308104038238525,0.6656840413808821
3,AINR,trig,419,0,1,0,1,60.92629999966448,1.2285091876983643,0.6656840413808821
3,AINR,trig,420,0,1,0,1,57.97290000009525,1.082424521446228,0.6656840413808821
3,AINR,trig,421,0,1,0,1,51.82139999988067,1.378929615020752,0.6656840413808821
3,AINR,trig,422,0,1,0,1,54.931500000293454,1.1909328699111938,0.6656840413808821
3,AINR,trig,423,0,1,0,1,54.841399999986606,1.5046676397323608,0.6656840413808821
3,AINR,trig,424,0,1,0,1,77.73039999983666,1.28462815284729,0.6656840413808821
3,AINR,trig,425,0,1,0,1,71.05719999981375,1.3991789817810059,0.6656840413808821
3,AINR,trig,426,0,1,0,1,60.60449999995399,1.3330347537994385,0.6656840413808821
3,AINR,trig,427,0,1,0,1,74.82549999986077,1.4955123662948608,0.6656840413808821
3,AINR,trig,428,0,1,0,1,66.338099999939,1.714224934577942,0.6656840413808821
3,AINR,trig,429,0,1,0,1,59.58399999963149,1.331300973892212,0.6656840413808821
3,AINR,trig,430,0,1,0,1,55.90489999985948,1.383510947227478,0.6656840413808821
3,AINR,trig,431,0,1,0,1,76.41710000007151,1.3461660146713257,0.6656840413808821
3,AINR,trig,432,0,1,0,1,69.40899999972316,1.1771527528762817,0.6656840413808821
3,AINR,trig,433,0,1,0,1,61.62339999991673,1.403348684310913,0.6656840413808821
3,AINR,trig,434,0,1,0,1,53.57540000022709,1.684981346130371,0.6656840413808821
3,AINR,trig,435,0,1,0,1,67.04649999983303,1.422581672668457,0.6656840413808821
3,AINR,trig,436,0,1,0,1,74.97569999986808,1.371851921081543,0.6656840413808821
3,AINR,trig,437,0,1,0,1,65.18119999964256,1.302464246749878,0.6656840413808821
3,AINR,trig,438,0,1,0,1,57.16489999986152,1.4402856826782227,0.6656840413808821
3,AINR,trig,439,0,1,0,1,53.44509999986258,1.217014193534851,0.6656840413808821
3,AINR,trig,440,0,1,0,1,77.47799999970084,1.1078693866729736,0.6656840413808821
3,AINR,trig,441,0,1,0,1,79.47519999970609,1.2047054767608643,0.6656840413808821
3,AINR,trig,442,0,1,0,1,59.46009999979651,1.5239803791046143,0.6656840413808821
3,AINR,trig,443,0,1,0,1,63.49899999986519,1.4760823249816895,0.6656840413808821
3,AINR,trig,444,0,1,0,1,60.319799999888346,1.578300952911377,0.6656840413808821
3,AINR,trig,445,0,1,0,1,82.17680000007022,1.4804563522338867,0.6656840413808821
3,AINR,trig,446,0,1,0,1,69.03199999987919,1.3118382692337036,0.6656840413808821
3,AINR,trig,447,0,1,0,1,63.822000000072876,1.2890527248382568,0.6656840413808821
3,AINR,trig,448,0,1,0,1,66.99020000041855,1.4619163274765015,0.6656840413808821
3,AINR,trig,449,0,1,0,1,73.57240000010279,1.1387155055999756,0.6656840413808821
3,AINR,trig,450,0,1,0,1,64.83010000010836,1.3477650880813599,0.6656840413808821
3,AINR,trig,451,0,1,0,1,59.93410000019139,1.4684640169143677,0.6656840413808821
3,AINR,trig,452,0,1,0,1,54.92309999999634,1.3831310272216797,0.6656840413808821
3,AINR,trig,453,0,1,0,1,57.91219999991881,1.4158316850662231,0.6656840413808821
3,AINR,trig,454,0,1,0,1,73.87939999989612,1.3516247272491455,0.6656840413808821
3,AINR,trig,455,0,1,0,1,65.09230000028765,1.3214633464813232,0.6656840413808821
3,AINR,trig,456,0,1,0,1,64.68760000007023,1.3238083124160767,0.6656840413808821
3,AINR,trig,457,0,1,0,1,60.45259999973496,1.4688656330108643,0.6656840413808821
3,AINR,trig,458,0,1,0,1,57.39540000013221,1.4105716943740845,0.6656840413808821
3,AINR,trig,459,0,1,0,1,68.76400000010108,1.347561001777649,0.6656840413808821
3,AINR,trig,460,0,1,0,1,69.23879999976634,1.3643535375595093,0.6656840413808821
3,AINR,trig,461,0,1,0,1,64.90339999982098,1.321938395500183,0.6656840413808821
3,AINR,trig,462,0,1,0,1,55.14499999981126,1.4123581647872925,0.6656840413808821
3,AINR,trig,463,0,1,0,1,65.49630000017714,1.3604344129562378,0.6656840413808821
3,AINR,trig,464,0,1,0,1,68.9965999999913,1.218177318572998,0.6656840413808821
3,AINR,trig,465,0,1,0,1,68.78349999988131,1.4313665628433228,0.6656840413808821
3,AINR,trig,466,0,1,0,1,57.41470000020854,1.2467663288116455,0.6656840413808821
3,AINR,trig,467,0,1,0,1,75.50160000027972,1.3029063940048218,0.6656840413808821
3,AINR,trig,468,0,1,0,1,68.3947000002263,1.4062364101409912,0.6656840413808821
3,AINR,trig,469,0,1,0,1,65.12479999992138,1.3468579053878784,0.6656840413808821
3,AINR,trig,470,0,1,0,1,56.677700000363984,1.2696740627288818,0.6656840413808821
3,AINR,trig,471,0,1,0,1,67.50130000000354,1.4524765014648438,0.6656840413808821
3,AINR,trig,472,0,1,0,1,67.7389000002222,1.236413598060608,0.6656840413808821
3,AINR,trig,473,0,1,0,1,63.2421999998769,1.3543975353240967,0.6656840413808821
3,AINR,trig,474,0,1,0,1,59.202699999787,1.5038957595825195,0.6656840413808821
3,AINR,trig,475,0,1,0,1,58.11089999997421,1.3023052215576172,0.6656840413808821
3,AINR,trig,476,0,1,0,1,83.6712999998781,1.4178974628448486,0.6656840413808821
3,AINR,trig,477,0,1,0,1,60.28759999981048,1.3833551406860352,0.6656840413808821
3,AINR,trig,478,0,1,0,1,61.361699999906705,1.2858402729034424,0.6656840413808821
3,AINR,trig,479,0,1,0,1,58.09140000019397,1.293562889099121,0.6656840413808821
3,AINR,trig,480,0,1,0,1,76.70229999985168,1.1108187437057495,0.6656840413808821
3,AINR,trig,481,0,1,0,1,66.79209999992963,1.2347217798233032,0.6656840413808821
3,AINR,trig,482,0,1,0,1,63.51829999994152,1.0961670875549316,0.6656840413808821
3,AINR,trig,483,0,1,0,1,55.01719999983834,1.3450793027877808,0.6656840413808821
3,AINR,trig,484,0,1,0,1,68.16309999976511,1.235548973083496,0.6656840413808821
3,AINR,trig,485,0,1,0,1,67.78609999992113,1.38594388961792,0.6656840413808821
3,AINR,trig,486,0,1,0,1,60.07979999958479,1.2408345937728882,0.6656840413808821
3,AINR,trig,487,0,1,0,1,58.2326000003377,1.1303682327270508,0.6656840413808821
3,AINR,trig,488,0,1,0,1,54.093899999770656,1.1965594291687012,0.6656840413808821
3,AINR,trig,489,0,1,0,1,69.21049999982642,1.1850512027740479,0.6656840413808821
3,AINR,trig,490,0,1,0,1,64.69010000000708,1.2421998977661133,0.6656840413808821
3,AINR,trig,491,0,1,0,1,61.56689999988885,1.4329593181610107,0.6656840413808821
3,AINR,trig,492,0,1,0,1,64.76440000005823,1.2241610288619995,0.6656840413808821
3,AINR,trig,493,0,1,0,1,79.81210000025385,1.4052238464355469,0.6656840413808821
3,AINR,trig,494,0,1,0,1,68.92329999982394,1.294075846672058,0.6656840413808821
3,AINR,trig,495,0,1,0,1,57.29569999994055,1.2642170190811157,0.6656840413808821
3,AINR,trig,496,0,1,0,1,82.61400000037611,1.1552661657333374,0.6656840413808821
3,AINR,trig,497,0,1,0,1,71.39649999999165,1.4553622007369995,0.6656840413808821
3,AINR,trig,498,0,1,0,1,67.49070000023494,1.3458490371704102,0.6656840413808821
3,AINR,trig,499,0,1,0,1,71.12559999995938,1.5426397323608398,0.6656840413808821
3,AINR,trig,500,0,1,0,1,60.10340000011638,1.2845416069030762,0.6656840413808821
3,AINR,trig,501,0,1,0,1,76.81120000006558,1.269435167312622,0.6656840413808821
3,AINR,trig,502,0,1,0,1,63.3218000002671,1.0811339616775513,0.6656840413808821
3,AINR,trig,503,0,1,0,1,62.30730000015683,1.517529845237732,0.6656840413808821
3,AINR,trig,504,0,1,0,1,54.66849999993428,1.2028648853302002,0.6656840413808821
3,AINR,trig,505,0,1,0,1,54.5177999997577,1.2790679931640625,0.6656840413808821
3,AINR,trig,506,0,1,0,1,62.04969999998866,1.2863352298736572,0.6656840413808821
3,AINR,trig,507,0,1,0,1,69.59619999997813,1.2607842683792114,0.6656840413808821
3,AINR,trig,508,0,1,0,1,67.92840000025535,1.0865997076034546,0.6656840413808821
3,AINR,trig,509,0,1,0,1,59.183200000006764,1.1065080165863037,0.6656840413808821
3,AINR,trig,510,0,1,0,1,76.56939999969836,1.1885896921157837,0.6656840413808821
3,AINR,trig,511,0,1,0,1,63.61980000019685,1.2721534967422485,0.6656840413808821
3,AINR,trig,512,0,1,0,1,61.53309999990597,1.1009024381637573,0.6656840413808821
3,AINR,trig,513,0,1,0,1,63.76979999959076,1.4005513191223145,0.6656840413808821
3,AINR,trig,514,0,1,0,1,83.08230000011463,1.6385551691055298,0.6656840413808821
3,AINR,trig,515,0,1,0,1,63.84780000007595,1.2550225257873535,0.6656840413808821
3,AINR,trig,516,0,1,0,1,65.25310000006357,1.3797110319137573,0.6656840413808821
3,AINR,trig,517,0,1,0,1,61.91669999998339,1.42902410030365,0.6656840413808821
3,AINR,trig,518,0,1,0,1,68.22520000014265,1.2889060974121094,0.6656840413808821
3,AINR,trig,519,0,1,0,1,71.74410000015996,1.3194087743759155,0.6656840413808821
3,AINR,trig,520,0,1,0,1,65.27409999989686,1.081385612487793,0.6656840413808821
3,AINR,trig,521,0,1,0,1,57.05800000032468,1.5390222072601318,0.6656840413808821
3,AINR,trig,522,0,1,0,1,53.18360000001121,1.6893008947372437,0.6656840413808821
3,AINR,trig,523,0,1,0,1,65.20559999989928,1.6027737855911255,0.6656840413808821
3,AINR,trig,524,0,1,0,1,74.62149999992107,1.5338149070739746,0.6656840413808821
3,AINR,trig,525,0,1,0,1,61.79939999992712,1.3877660036087036,0.6656840413808821
3,AINR,trig,526,0,1,0,1,66.08970000024783,1.3244647979736328,0.6656840413808821
3,AINR,trig,527,0,1,0,1,63.78660000018499,1.5370690822601318,0.6656840413808821
3,AINR,trig,528,0,1,0,1,62.08070000002408,1.270390272140503,0.6656840413808821
3,AINR,trig,529,0,1,0,1,75.80379999990328,1.2307573556900024,0.6656840413808821
3,AINR,trig,530,0,1,0,1,69.66000000011263,1.4362648725509644,0.6656840413808821
3,AINR,trig,531,0,1,0,1,64.91580000010799,1.5067877769470215,0.6656840413808821
3,AINR,trig,532,0,1,0,1,70.71429999996326,1.3783475160598755,0.6656840413808821
3,AINR,trig,533,0,1,0,1,64.57000000000335,1.4102609157562256,0.6656840413808821
3,AINR,trig,534,0,1,0,1,61.59949999982928,1.1386253833770752,0.6656840413808821
3,AINR,trig,535,0,1,0,1,54.137499999797,1.2522364854812622,0.6656840413808821
3,AINR,trig,536,0,1,0,1,64.7979000000305,1.5923593044281006,0.6656840413808821
3,AINR,trig,537,0,1,0,1,72.34850000031656,1.2606106996536255,0.6656840413808821
3,AINR,trig,538,0,1,0,1,63.779499999782274,1.5499483346939087,0.6656840413808821
3,AINR,trig,539,0,1,0,1,58.463400000164256,1.2668769359588623,0.6656840413808821
3,AINR,trig,540,0,1,0,1,54.99669999971957,1.2451318502426147,0.6656840413808821
3,AINR,trig,541,0,1,0,1,62.93180000011489,1.3757184743881226,0.6656840413808821
3,AINR,trig,542,0,1,0,1,66.59959999979037,1.2831597328186035,0.6656840413808821
3,AINR,trig,543,0,1,0,1,70.79250000015236,1.2176001071929932,0.6656840413808821
3,AINR,trig,544,0,1,0,1,56.055600000036065,1.3284916877746582,0.6656840413808821
3,AINR,trig,545,0,1,0,1,60.78979999983858,1.4503741264343262,0.6656840413808821
3,AINR,trig,546,0,1,0,1,84.45590000019365,1.4779516458511353,0.6656840413808821
3,AINR,trig,547,0,1,0,1,82.8031999999439,1.3860974311828613,0.6656840413808821
3,AINR,trig,548,0,1,0,1,61.56239999972968,1.2451151609420776,0.6656840413808821
3,AINR,trig,549,0,1,0,1,58.52960000038365,1.4698759317398071,0.6656840413808821
3,AINR,trig,550,0,1,0,1,78.08310000018537,1.5084518194198608,0.6656840413808821
3,AINR,trig,551,0,1,0,1,64.78729999980715,1.1439812183380127,0.6656840413808821
3,AINR,trig,552,0,1,0,1,64.68169999970996,1.4184478521347046,0.6656840413808821
3,AINR,trig,553,0,1,0,1,52.41040000009889,1.335849404335022,0.6656840413808821
3,AINR,trig,554,0,1,0,1,68.28969999969559,1.303636074066162,0.6656840413808821
3,AINR,trig,555,0,1,0,1,75.14410000021599,1.4298232793807983,0.6656840413808821
3,AINR,trig,556,0,1,0,1,69.65139999965686,1.3967525959014893,0.6656840413808821
3,AINR,trig,557,0,1,0,1,68.24069999993299,1.2850265502929688,0.6656840413808821
3,AINR,trig,558,0,1,0,1,58.10819999987871,1.2922412157058716,0.6656840413808821
3,AINR,trig,559,0,1,0,1,87.06160000019736,1.2868400812149048,0.6656840413808821
3,AINR,trig,560,0,1,0,1,60.37479999986317,1.421313762664795,0.6656840413808821
3,AINR,trig,561,0,1,0,1,60.04789999997229,1.3349025249481201,0.6656840413808821
3,AINR,trig,562,0,1,0,1,55.87470000000394,1.263339638710022,0.6656840413808821
3,AINR,trig,563,0,1,0,1,69.59120000010444,1.3354136943817139,0.6656840413808821
3,AINR,trig,564,0,1,0,1,69.49340000028315,1.480655312538147,0.6656840413808821
3,AINR,trig,565,0,1,0,1,72.14999999996508,1.515804409980774,0.6656840413808821
3,AINR,trig,566,0,1,0,1,58.354400000098394,1.4468693733215332,0.6656840413808821
3,AINR,trig,567,0,1,0,1,76.2616000001799,1.3673380613327026,0.6656840413808821
3,AINR,trig,568,0,1,0,1,80.46990000002552,1.346862554550171,0.6656840413808821
3,AINR,trig,569,0,1,0,1,62.35319999996136,1.4264483451843262,0.6656840413808821
3,AINR,trig,570,0,1,0,1,60.64800000012838,1.3328157663345337,0.6656840413808821
3,AINR,trig,571,0,1,0,1,56.83769999996002,1.1128121614456177,0.6656840413808821
3,AINR,trig,572,0,1,0,1,61.64099999978134,1.3728063106536865,0.6656840413808821
3,AINR,trig,573,0,1,0,1,80.12749999988955,1.3513317108154297,0.6656840413808821
3,AINR,trig,574,0,1,0,1,70.2461000000767,1.353652000427246,0.6656840413808821
3,AINR,trig,575,0,1,0,1,59.0727999997398,1.1808347702026367,0.6656840413808821
3,AINR,trig,576,0,1,0,1,61.148599999796716,1.214236855506897,0.6656840413808821
3,AINR,trig,577,0,1,0,1,69.91019999986747,1.277803897857666,0.6656840413808821
3,AINR,trig,578,0,1,0,1,66.28170000021782,1.2711851596832275,0.6656840413808821
3,AINR,trig,579,0,1,0,1,66.77709999985382,1.3535312414169312,0.6656840413808821
3,AINR,trig,580,0,1,0,1,59.151200000087556,1.1996204853057861,0.6656840413808821
3,AINR,trig,581,0,1,0,1,58.12989999958518,1.2154117822647095,0.6656840413808821
3,AINR,trig,582,0,1,0,1,74.09589999997479,1.406304121017456,0.6656840413808821
3,AINR,trig,583,0,1,0,1,64.65310000021418,1.3513675928115845,0.6656840413808821
3,AINR,trig,584,0,1,0,1,62.36200000012104,1.3402433395385742,0.6656840413808821
3,AINR,trig,585,0,1,0,1,58.05929999996806,1.3960050344467163,0.6656840413808821
3,AINR,trig,586,0,1,0,1,56.00129999993442,1.4673243761062622,0.6656840413808821
3,AINR,trig,587,0,1,0,1,68.13549999969837,1.377636432647705,0.6656840413808821
3,AINR,trig,588,0,1,0,1,64.94840000004842,1.1802668571472168,0.6656840413808821
3,AINR,trig,589,0,1,0,1,61.137500000313594,1.3499912023544312,0.6656840413808821
3,AINR,trig,590,0,1,0,1,59.05990000019301,1.3722096681594849,0.6656840413808821
3,AINR,trig,591,0,1,0,1,68.48520000039571,1.4038459062576294,0.6656840413808821
3,AINR,trig,592,0,1,0,1,76.2681999999586,1.2884424924850464,0.6656840413808821
3,AINR,trig,593,0,1,0,1,69.30490000013378,1.3290992975234985,0.6656840413808821
3,AINR,trig,594,0,1,0,1,61.06259999978647,1.3916155099868774,0.6656840413808821
3,AINR,trig,595,0,1,0,1,60.77259999983653,1.3112298250198364,0.6656840413808821
3,AINR,trig,596,0,1,0,1,80.3846000003432,1.251209020614624,0.6656840413808821
3,AINR,trig,597,0,1,0,1,56.285200000274926,1.3182176351547241,0.6656840413808821
3,AINR,trig,598,0,1,0,1,60.6619000000137,1.0966581106185913,0.6656840413808821
3,AINR,trig,599,0,1,0,1,62.25110000013956,0.9910115599632263,0.6656840413808821
3,AINR,trig,600,0,1,0,1,61.770199999955366,1.3200304508209229,0.6656840413808821
3,AINR,trig,601,0,1,0,1,77.71669999965525,1.2715426683425903,0.6656840413808821
3,AINR,trig,602,0,1,0,1,67.20510000013746,1.3582782745361328,0.6656840413808821
3,AINR,trig,603,0,1,0,1,60.04050000001371,1.4544463157653809,0.6656840413808821
3,AINR,trig,604,0,1,0,1,54.70010000044567,1.3396499156951904,0.6656840413808821
3,AINR,trig,605,0,1,0,1,58.39819999982865,1.3908179998397827,0.6656840413808821
3,AINR,trig,606,0,1,0,1,54.99869999994189,1.200275182723999,0.6656840413808821
3,AINR,trig,607,0,1,0,1,65.58309999991252,1.3354898691177368,0.6656840413808821
3,AINR,trig,608,0,1,0,1,80.12899999994261,1.3400349617004395,0.6656840413808821
3,AINR,trig,609,0,1,0,1,66.11070000008112,1.4523322582244873,0.6656840413808821
3,AINR,trig,610,0,1,0,1,61.99430000015127,1.3406190872192383,0.6656840413808821
3,AINR,trig,611,0,1,0,1,66.50549999994837,1.0918331146240234,0.6656840413808821
3,AINR,trig,612,0,1,0,1,71.97779999978593,1.3876856565475464,0.6656840413808821
3,AINR,trig,613,0,1,0,1,65.6235999999808,1.5057493448257446,0.6656840413808821
3,AINR,trig,614,0,1,0,1,56.54020000019955,1.1018319129943848,0.6656840413808821
3,AINR,trig,615,0,1,0,1,52.14320000004591,1.4074517488479614,0.6656840413808821
3,AINR,trig,616,0,1,0,1,65.24799999988318,1.4108244180679321,0.6656840413808821
3,AINR,trig,617,0,1,0,1,69.25200000023324,1.1780829429626465,0.6656840413808821
3,AINR,trig,618,0,1,0,1,64.75989999989906,1.343090295791626,0.6656840413808821
3,AINR,trig,619,0,1,0,1,56.27340000000913,1.3541390895843506,0.6656840413808821
3,AINR,trig,620,0,1,0,1,71.0825000001023,1.2695772647857666,0.6656840413808821
3,AINR,trig,621,0,1,0,1,70.55209999998624,1.4670103788375854,0.6656840413808821
3,AINR,trig,622,0,1,0,1,66.48539999969216,1.3362237215042114,0.6656840413808821
3,AINR,trig,623,0,1,0,1,58.119600000281935,1.572009801864624,0.6656840413808821
3,AINR,trig,624,0,1,0,1,60.8806000000186,1.2801111936569214,0.6656840413808821
3,AINR,trig,625,0,1,0,1,80.73319999994055,1.2323484420776367,0.6656840413808821
3,AINR,trig,626,0,1,0,1,70.40299999971467,1.156207799911499,0.6656840413808821
3,AINR,trig,627,0,1,0,1,65.81660000028933,1.3971730470657349,0.6656840413808821
3,AINR,trig,628,0,1,0,1,62.89130000004661,1.372177243232727,0.6656840413808821
3,AINR,trig,629,0,1,0,1,86.48570000013933,1.4429326057434082,0.6656840413808821
3,AINR,trig,630,0,1,0,1,73.43159999982163,1.1462492942810059,0.6656840413808821
3,AINR,trig,631,0,1,0,1,65.56039999986751,1.5403416156768799,0.6656840413808821
3,AINR,trig,632,0,1,0,1,83.96999999968102,1.2598894834518433,0.6656840413808821
3,AINR,trig,633,0,1,0,1,79.98459999998886,1.4673950672149658,0.6656840413808821
3,AINR,trig,634,0,1,0,1,70.22509999978865,1.3072447776794434,0.6656840413808821
3,AINR,trig,635,0,1,0,1,56.02200000021185,1.379058837890625,0.6656840413808821
3,AINR,trig,636,0,1,0,1,59.75239999997939,1.1385798454284668,0.6656840413808821
3,AINR,trig,637,0,1,0,1,67.37699999985125,1.5549921989440918,0.6656840413808821
3,AINR,trig,638,0,1,0,1,66.80850000020655,1.355236291885376,0.6656840413808821
3,AINR,trig,639,0,1,0,1,62.5491000000693,1.5355958938598633,0.6656840413808821
3,AINR,trig,640,0,1,0,1,62.356999999792606,1.4964370727539062,0.6656840413808821
3,AINR,trig,641,0,1,0,1,64.59360000008019,1.2957937717437744,0.6656840413808821
3,AINR,trig,642,0,1,0,1,78.67309999983263,1.222548007965088,0.6656840413808821
3,AINR,trig,643,0,1,0,1,65.79340000007505,1.3753877878189087,0.6656840413808821
3,AINR,trig,644,0,1,0,1,61.00730000025578,1.3867233991622925,0.6656840413808821
3,AINR,trig,645,0,1,0,1,58.79940000022543,1.3714896440505981,0.6656840413808821
3,AINR,trig,646,0,1,0,1,80.26470000004338,1.3922810554504395,0.6656840413808821
3,AINR,trig,647,0,1,0,1,61.76809999988109,1.298446536064148,0.6656840413808821
3,AINR,trig,648,0,1,0,1,61.56719999989946,1.2263975143432617,0.6656840413808821
3,AINR,trig,649,0,1,0,1,59.15869999989809,1.1320910453796387,0.6656840413808821
3,AINR,trig,650,0,1,0,1,79.25609999983863,1.558712363243103,0.6656840413808821
3,AINR,trig,651,0,1,0,1,60.926000000108615,1.189502239227295,0.6656840413808821
3,AINR,trig,652,0,1,0,1,59.20309999964957,1.3278093338012695,0.6656840413808821
3,AINR,trig,653,0,1,0,1,52.57060000030833,1.5321199893951416,0.6656840413808821
3,AINR,trig,654,0,1,0,1,67.5919000000249,1.218497395515442,0.6656840413808821
3,AINR,trig,655,0,1,0,1,65.89789999998175,1.2221826314926147,0.6656840413808821
3,AINR,trig,656,0,1,0,1,62.23099999988335,1.1825339794158936,0.6656840413808821
3,AINR,trig,657,0,1,0,1,54.768500000136555,1.3641703128814697,0.6656840413808821
3,AINR,trig,658,0,1,0,1,55.32240000002275,1.4157001972198486,0.6656840413808821
3,AINR,trig,659,0,1,0,1,72.35350000019025,1.4829473495483398,0.6656840413808821
3,AINR,trig,660,0,1,0,1,65.6911000000946,1.3989570140838623,0.6656840413808821
3,AINR,trig,661,0,1,0,1,64.51210000022911,1.1659717559814453,0.6656840413808821
3,AINR,trig,662,0,1,0,1,60.80729999985124,1.418800711631775,0.6656840413808821
3,AINR,trig,663,0,1,0,1,59.11510000032649,1.3688453435897827,0.6656840413808821
3,AINR,trig,664,0,1,0,1,77.02129999961471,1.2974451780319214,0.6656840413808821
3,AINR,trig,665,0,1,0,1,67.52310000001671,1.2063233852386475,0.6656840413808821
3,AINR,trig,666,0,1,0,1,67.5464999999349,1.2738524675369263,0.6656840413808821
3,AINR,trig,667,0,1,0,1,62.51010000005408,1.3307676315307617,0.6656840413808821
3,AINR,trig,668,0,1,0,1,77.02729999982694,1.1651703119277954,0.6656840413808821
3,AINR,trig,669,0,1,0,1,58.8858999999502,1.4588127136230469,0.6656840413808821
3,AINR,trig,670,0,1,0,1,60.616900000241,1.4812870025634766,0.6656840413808821
3,AINR,trig,671,0,1,0,1,54.47120000007999,1.3403908014297485,0.6656840413808821
3,AINR,trig,672,0,1,0,1,69.71470000007685,1.303385853767395,0.6656840413808821
3,AINR,trig,673,0,1,0,1,72.59380000004967,1.1671202182769775,0.6656840413808821
3,AINR,trig,674,0,1,0,1,65.49180000001797,1.5158480405807495,0.6656840413808821
3,AINR,trig,675,0,1,0,1,59.249500000078115,1.163875699043274,0.6656840413808821
3,AINR,trig,676,0,1,0,1,62.81669999998485,1.3439353704452515,0.6656840413808821
3,AINR,trig,677,0,1,0,1,71.55860000011671,1.436522126197815,0.6656840413808821
3,AINR,trig,678,0,1,0,1,71.17100000004939,1.5108942985534668,0.6656840413808821
3,AINR,trig,679,0,1,0,1,67.08930000013424,1.2330681085586548,0.6656840413808821
3,AINR,trig,680,0,1,0,1,60.673599999972794,1.3064465522766113,0.6656840413808821
3,AINR,trig,681,0,1,0,1,76.06179999993401,1.3603837490081787,0.6656840413808821
3,AINR,trig,682,0,1,0,1,70.60849999970742,1.3046051263809204,0.6656840413808821
3,AINR,trig,683,0,1,0,1,57.28199999975914,1.1872326135635376,0.6656840413808821
3,AINR,trig,684,0,1,0,1,73.93950000005134,1.2418034076690674,0.6656840413808821
3,AINR,trig,685,0,1,0,1,68.1761999999253,1.424643874168396,0.6656840413808821
3,AINR,trig,686,0,1,0,1,63.533799999731855,1.299431324005127,0.6656840413808821
3,AINR,trig,687,0,1,0,1,58.58049999960713,1.5381176471710205,0.6656840413808821
3,AINR,trig,688,0,1,0,1,52.662100000361534,1.3638173341751099,0.6656840413808821
3,AINR,trig,689,0,1,0,1,68.59600000007049,1.493114709854126,0.6656840413808821
3,AINR,trig,690,0,1,0,1,67.34060000007958,1.3260047435760498,0.6656840413808821
3,AINR,trig,691,0,1,0,1,59.58869999994931,1.494737982749939,0.6656840413808821
3,AINR,trig,692,0,1,0,1,57.24869999994553,1.2363367080688477,0.6656840413808821
3,AINR,trig,693,0,1,0,1,77.0289000001867,1.296775460243225,0.6656840413808821
3,AINR,trig,694,0,1,0,1,59.44399999998495,1.4317814111709595,0.6656840413808821
3,AINR,trig,695,0,1,0,1,60.33149999984744,1.2812657356262207,0.6656840413808821
3,AINR,trig,696,0,1,0,1,53.758400000333495,1.4308146238327026,0.6656840413808821
3,AINR,trig,697,0,1,0,1,65.9563999997772,1.154602289199829,0.6656840413808821
3,AINR,trig,698,0,1,0,1,77.83540000036737,1.324260950088501,0.6656840413808821
3,AINR,trig,699,0,1,0,1,60.42809999962628,1.309433102607727,0.6656840413808821
3,AINR,trig,700,0,1,0,1,57.11109999992914,1.3637468814849854,0.6656840413808821
3,AINR,trig,701,0,1,0,1,53.57589999994161,1.2912108898162842,0.6656840413808821
3,AINR,trig,702,0,1,0,1,62.43780000022525,1.3354415893554688,0.6656840413808821
3,AINR,trig,703,0,1,0,1,70.2822000002925,1.1955933570861816,0.6656840413808821
3,AINR,trig,704,0,1,0,1,65.01439999965442,1.486857295036316,0.6656840413808821
3,AINR,trig,705,0,1,0,1,59.16049999996176,1.1820381879806519,0.6656840413808821
3,AINR,trig,706,0,1,0,1,53.18020000004253,1.3117181062698364,0.6656840413808821
3,AINR,trig,707,0,1,0,1,76.34310000003097,1.369088888168335,0.6656840413808821
3,AINR,trig,708,0,1,0,1,60.34319999980653,1.582620620727539,0.6656840413808821
3,AINR,trig,709,0,1,0,1,63.45060000012381,1.0844647884368896,0.6656840413808821
3,AINR,trig,710,0,1,0,1,59.31699999973716,1.5154777765274048,0.6656840413808821
3,AINR,trig,711,0,1,0,1,59.515599999940605,1.1935173273086548,0.6656840413808821
3,AINR,trig,712,0,1,0,1,75.20580000027621,1.5764268636703491,0.6656840413808821
3,AINR,trig,713,0,1,0,1,65.95420000030572,1.353716254234314,0.6656840413808821
3,AINR,trig,714,0,1,0,1,60.75490000011996,1.2244389057159424,0.6656840413808821
3,AINR,trig,715,0,1,0,1,59.29680000008375,1.234179973602295,0.6656840413808821
3,AINR,trig,716,0,1,0,1,78.02209999999832,1.2927669286727905,0.6656840413808821
3,AINR,trig,717,0,1,0,1,60.928400000193506,1.3991624116897583,0.6656840413808821
3,AINR,trig,718,0,1,0,1,65.25510000028589,1.3019617795944214,0.6656840413808821
3,AINR,trig,719,0,1,0,1,58.46289999999499,1.1492866277694702,0.6656840413808821
3,AINR,trig,720,0,1,0,1,68.26870000031704,1.0868457555770874,0.6656840413808821
3,AINR,trig,721,0,1,0,1,66.60220000003392,1.5293482542037964,0.6656840413808821
3,AINR,trig,722,0,1,0,1,61.41780000007202,1.4277167320251465,0.6656840413808821
3,AINR,trig,723,0,1,0,1,58.0709000000752,1.2080985307693481,0.6656840413808821
3,AINR,trig,724,0,1,0,1,61.69069999987187,1.2431297302246094,0.6656840413808821
3,AINR,trig,725,0,1,0,1,75.9091999998418,1.182640790939331,0.6656840413808821
3,AINR,trig,726,0,1,0,1,65.4896999999437,1.4313900470733643,0.6656840413808821
3,AINR,trig,727,0,1,0,1,61.880700000074285,1.523101806640625,0.6656840413808821
3,AINR,trig,728,0,1,0,1,59.266000000206986,1.4531091451644897,0.6656840413808821
3,AINR,trig,729,0,1,0,1,77.27699999986726,1.3082743883132935,0.6656840413808821
3,AINR,trig,730,0,1,0,1,62.02600000005987,1.5365912914276123,0.6656840413808821
3,AINR,trig,731,0,1,0,1,63.49159999990661,1.050777792930603,0.6656840413808821
3,AINR,trig,732,0,1,0,1,67.59120000015173,1.1988275051116943,0.6656840413808821
3,AINR,trig,733,0,1,0,1,76.56879999967714,1.5485361814498901,0.6656840413808821
3,AINR,trig,734,0,1,0,1,73.69879999987461,1.4906904697418213,0.6656840413808821
3,AINR,trig,735,0,1,0,1,64.9450999999317,1.3716694116592407,0.6656840413808821
3,AINR,trig,736,0,1,0,1,56.972899999891524,1.3356783390045166,0.6656840413808821
3,AINR,trig,737,0,1,0,1,62.192700000196055,1.3878018856048584,0.6656840413808821
3,AINR,trig,738,0,1,0,1,76.42719999967085,1.3020949363708496,0.6656840413808821
3,AINR,trig,739,0,1,0,1,62.08539999988716,1.1426458358764648,0.6656840413808821
3,AINR,trig,740,0,1,0,1,58.01729999984673,0.984277606010437,0.6656840413808821
3,AINR,trig,741,0,1,0,1,57.878599999639846,1.471200942993164,0.6656840413808821
3,AINR,trig,742,0,1,0,1,67.27930000033666,1.1033185720443726,0.6656840413808821
3,AINR,trig,743,0,1,0,1,71.5370000002622,1.453372597694397,0.6656840413808821
3,AINR,trig,744,0,1,0,1,68.04450000026918,1.261537790298462,0.6656840413808821
3,AINR,trig,745,0,1,0,1,65.90280000000348,1.3218353986740112,0.6656840413808821
3,AINR,trig,746,0,1,0,1,63.03909999996904,1.1648019552230835,0.6656840413808821
3,AINR,trig,747,0,1,0,1,90.00509999987116,1.4071725606918335,0.6656840413808821
3,AINR,trig,748,0,1,0,1,64.18670000039128,1.1171200275421143,0.6656840413808821
3,AINR,trig,749,0,1,0,1,61.88949999977922,1.3018465042114258,0.6656840413808821
3,AINR,trig,750,0,1,0,1,58.91660000042975,1.2427020072937012,0.6656840413808821
3,AINR,trig,751,0,1,0,1,78.84520000015982,1.227389931678772,0.6656840413808821
3,AINR,trig,752,0,1,0,1,61.78940000017974,1.399427890777588,0.6656840413808821
3,AINR,trig,753,0,1,0,1,62.492399999882764,1.2908302545547485,0.6656840413808821
3,AINR,trig,754,0,1,0,1,66.99720000005982,1.3867671489715576,0.6656840413808821
3,AINR,trig,755,0,1,0,1,78.3053000000109,1.0758934020996094,0.6656840413808821
3,AINR,trig,756,0,1,0,1,59.32990000019345,1.4579824209213257,0.6656840413808821
3,AINR,trig,757,0,1,0,1,61.27010000000155,1.499717354774475,0.6656840413808821
3,AINR,trig,758,0,1,0,1,58.317499999702704,1.3811349868774414,0.6656840413808821
3,AINR,trig,759,0,1,0,1,64.02179999986402,1.2492343187332153,0.6656840413808821
3,AINR,trig,760,0,1,0,1,69.46640000023763,1.1643247604370117,0.6656840413808821
3,AINR,trig,761,0,1,0,1,66.55850000015562,1.5254260301589966,0.6656840413808821
3,AINR,trig,762,0,1,0,1,59.9632999997084,1.2107889652252197,0.6656840413808821
3,AINR,trig,763,0,1,0,1,62.361499999951775,1.304805874824524,0.6656840413808821
3,AINR,trig,764,0,1,0,1,75.92669999985446,1.1500624418258667,0.6656840413808821
3,AINR,trig,765,0,1,0,1,70.58039999992616,1.2799180746078491,0.6656840413808821
3,AINR,trig,766,0,1,0,1,69.65669999999591,1.1775413751602173,0.6656840413808821
3,AINR,trig,767,0,1,0,1,65.55870000011055,1.2267212867736816,0.6656840413808821
3,AINR,trig,768,0,1,0,1,81.05950000026496,1.38103449344635,0.6656840413808821
3,AINR,trig,769,0,1,0,1,61.990400000013324,1.3849132061004639,0.6656840413808821
3,AINR,trig,770,0,1,0,1,65.57409999959418,1.4651046991348267,0.6656840413808821
3,AINR,trig,771,0,1,0,1,62.22070000012536,1.2868599891662598,0.6656840413808821
3,AINR,trig,772,0,1,0,1,75.71999999981927,1.551943302154541,0.6656840413808821
3,AINR,trig,773,0,1,0,1,57.19780000026731,1.1451377868652344,0.6656840413808821
3,AINR,trig,774,0,1,0,1,71.56569999960993,1.1832828521728516,0.6656840413808821
3,AINR,trig,775,0,1,0,1,54.294100000333856,1.4119070768356323,0.6656840413808821
3,AINR,trig,776,0,1,0,1,76.7492999998467,1.5910365581512451,0.6656840413808821
3,AINR,trig,777,0,1,0,1,63.99210000017774,1.281073808670044,0.6656840413808821
3,AINR,trig,778,0,1,0,1,61.44829999993817,1.269871473312378,0.6656840413808821
3,AINR,trig,779,0,1,0,1,56.989400000020396,1.4953813552856445,0.6656840413808821
3,AINR,trig,780,0,1,0,1,64.2784000001484,1.132270336151123,0.6656840413808821
3,AINR,trig,781,0,1,0,1,62.43469999981244,1.3554136753082275,0.6656840413808821
3,AINR,trig,782,0,1,0,1,63.25409999999465,1.1980788707733154,0.6656840413808821
3,AINR,trig,783,0,1,0,1,58.306200000060926,1.381974220275879,0.6656840413808821
3,AINR,trig,784,0,1,0,1,64.35839999994641,1.0776917934417725,0.6656840413808821
3,AINR,trig,785,0,1,0,1,74.9390000000858,1.4619226455688477,0.6656840413808821
3,AINR,trig,786,0,1,0,1,65.74849999969956,1.3176567554473877,0.6656840413808821
3,AINR,trig,787,0,1,0,1,59.67529999998078,1.1558858156204224,0.6656840413808821
3,AINR,trig,788,0,1,0,1,54.30800000021918,1.3735179901123047,0.6656840413808821
3,AINR,trig,789,0,1,0,1,50.84590000024036,1.1171876192092896,0.6656840413808821
3,AINR,trig,790,0,1,0,1,59.80810000028214,1.5219942331314087,0.6656840413808821
3,AINR,trig,791,0,1,0,1,81.18019999983517,1.07004714012146,0.6656840413808821
3,AINR,trig,792,0,1,0,1,68.76970000030269,1.5617395639419556,0.6656840413808821
3,AINR,trig,793,0,1,0,1,63.84170000001177,1.5495045185089111,0.6656840413808821
3,AINR,trig,794,0,1,0,1,59.595400000034715,1.2280136346817017,0.6656840413808821
3,AINR,trig,795,0,1,0,1,80.43990000032863,1.5294697284698486,0.6656840413808821
3,AINR,trig,796,0,1,0,1,65.43999999985317,1.4008722305297852,0.6656840413808821
3,AINR,trig,797,0,1,0,1,62.28110000029119,1.4262795448303223,0.6656840413808821
3,AINR,trig,798,0,1,0,1,55.679699999927834,1.1391279697418213,0.6656840413808821
3,AINR,trig,799,0,1,0,1,68.79639999988285,1.2042536735534668,0.6656840413808821
3,AINR,trig,800,0,1,0,1,72.50679999970089,1.2182295322418213,0.6656840413808821
3,AINR,trig,801,0,1,0,1,67.59790000023713,1.328830361366272,0.6656840413808821
3,AINR,trig,802,0,1,0,1,61.21199999961391,1.2666752338409424,0.6656840413808821
3,AINR,trig,803,0,1,0,1,55.04919999975755,1.2525789737701416,0.6656840413808821
3,AINR,trig,804,0,1,0,1,76.4392000000953,1.2249770164489746,0.6656840413808821
3,AINR,trig,805,0,1,0,1,63.952900000003865,1.3090907335281372,0.6656840413808821
3,AINR,trig,806,0,1,0,1,61.1853999998857,1.036924958229065,0.6656840413808821
3,AINR,trig,807,0,1,0,1,59.90410000003976,1.2453303337097168,0.6656840413808821
3,AINR,trig,808,0,1,0,1,57.94530000002851,1.5778249502182007,0.6656840413808821
3,AINR,trig,809,0,1,0,1,81.79980000022624,1.3514436483383179,0.6656840413808821
3,AINR,trig,810,0,1,0,1,64.70769999987169,1.3697216510772705,0.6656840413808821
3,AINR,trig,811,0,1,0,1,59.81659999997646,1.2841928005218506,0.6656840413808821
3,AINR,trig,812,0,1,0,1,58.31350000016755,1.3628979921340942,0.6656840413808821
3,AINR,trig,813,0,1,0,1,68.11870000001363,1.313726544380188,0.6656840413808821
3,AINR,trig,814,0,1,0,1,78.75620000004346,1.4472993612289429,0.6656840413808821
3,AINR,trig,815,0,1,0,1,56.12600000040402,1.4914360046386719,0.6656840413808821
3,AINR,trig,816,0,1,0,1,62.62949999972989,1.3031243085861206,0.6656840413808821
3,AINR,trig,817,0,1,0,1,61.86370000023089,1.054202914237976,0.6656840413808821
3,AINR,trig,818,0,1,0,1,55.2573999998458,1.3909471035003662,0.6656840413808821
3,AINR,trig,819,0,1,0,1,71.74420000001192,1.2775511741638184,0.6656840413808821
3,AINR,trig,820,0,1,0,1,68.93570000011096,1.3723548650741577,0.6656840413808821
3,AINR,trig,821,0,1,0,1,63.65020000021104,1.385611653327942,0.6656840413808821
3,AINR,trig,822,0,1,0,1,54.45830000007845,1.219321846961975,0.6656840413808821
3,AINR,trig,823,0,1,0,1,56.3998000002357,1.3892779350280762,0.6656840413808821
3,AINR,trig,824,0,1,0,1,64.54260000009526,1.2427098751068115,0.6656840413808821
3,AINR,trig,825,0,1,0,1,69.17780000003404,1.3006768226623535,0.6656840413808821
3,AINR,trig,826,0,1,0,1,63.42640000002575,1.302747130393982,0.6656840413808821
3,AINR,trig,827,0,1,0,1,59.73500000027343,1.3297821283340454,0.6656840413808821
3,AINR,trig,828,0,1,0,1,63.217599999916274,1.405681848526001,0.6656840413808821
3,AINR,trig,829,0,1,0,1,77.82439999982671,1.3083828687667847,0.6656840413808821
3,AINR,trig,830,0,1,0,1,78.39530000001105,1.1070091724395752,0.6656840413808821
3,AINR,trig,831,0,1,0,1,61.17889999995896,1.290540337562561,0.6656840413808821
3,AINR,trig,832,0,1,0,1,75.7090000001881,1.4134507179260254,0.6656840413808821
3,AINR,trig,833,0,1,0,1,70.72150000021793,1.2268637418746948,0.6656840413808821
3,AINR,trig,834,0,1,0,1,63.677999999981694,1.3153108358383179,0.6656840413808821
3,AINR,trig,835,0,1,0,1,55.83840000008422,1.2400130033493042,0.6656840413808821
3,AINR,trig,836,0,1,0,1,81.47809999991296,1.266769289970398,0.6656840413808821
3,AINR,trig,837,0,1,0,1,64.23150000000533,1.33233642578125,0.6656840413808821
3,AINR,trig,838,0,1,0,1,61.76610000011351,1.3214116096496582,0.6656840413808821
3,AINR,trig,839,0,1,0,1,55.42719999994006,1.4487507343292236,0.6656840413808821
3,AINR,trig,840,0,1,0,1,54.62190000025657,1.1985067129135132,0.6656840413808821
3,AINR,trig,841,0,1,0,1,76.94350000019767,1.3280199766159058,0.6656840413808821
3,AINR,trig,842,0,1,0,1,63.81450000026234,1.2809745073318481,0.6656840413808821
3,AINR,trig,843,0,1,0,1,65.05610000021989,1.2411447763442993,0.6656840413808821
3,AINR,trig,844,0,1,0,1,61.62399999993795,1.4401752948760986,0.6656840413808821
3,AINR,trig,845,0,1,0,1,76.90129999991768,1.245993733406067,0.6656840413808821
3,AINR,trig,846,0,1,0,1,74.68620000008741,1.237045407295227,0.6656840413808821
3,AINR,trig,847,0,1,0,1,65.27409999989686,1.2408947944641113,0.6656840413808821
3,AINR,trig,848,0,1,0,1,58.72079999971902,1.357115626335144,0.6656840413808821
3,AINR,trig,849,0,1,0,1,73.6986000001707,1.2570167779922485,0.6656840413808821
3,AINR,trig,850,0,1,0,1,72.19820000000254,1.244150996208191,0.6656840413808821
3,AINR,trig,851,0,1,0,1,64.95690000019749,1.2049059867858887,0.6656840413808821
3,AINR,trig,852,0,1,0,1,59.71399999998539,1.2307424545288086,0.6656840413808821
3,AINR,trig,853,0,1,0,1,68.04890000012165,1.0627273321151733,0.6656840413808821
3,AINR,trig,854,0,1,0,1,68.36490000023332,1.4206345081329346,0.6656840413808821
3,AINR,trig,855,0,1,0,1,64.34539999963818,1.3365964889526367,0.6656840413808821
3,AINR,trig,856,0,1,0,1,61.54079999987516,1.252955675125122,0.6656840413808821
3,AINR,trig,857,0,1,0,1,55.74320000005173,1.3841480016708374,0.6656840413808821
3,AINR,trig,858,0,1,0,1,54.58450000014636,1.3711570501327515,0.6656840413808821
3,AINR,trig,859,0,1,0,1,80.36010000023452,1.2766478061676025,0.6656840413808821
3,AINR,trig,860,0,1,0,1,73.78990000006524,1.40902578830719,0.6656840413808821
3,AINR,trig,861,0,1,0,1,67.5799000000552,1.3510756492614746,0.6656840413808821
3,AINR,trig,862,0,1,0,1,56.51110000007975,1.260977864265442,0.6656840413808821
3,AINR,trig,863,0,1,0,1,73.08030000012877,1.3537334203720093,0.6656840413808821
3,AINR,trig,864,0,1,0,1,67.95529999999417,1.2749769687652588,0.6656840413808821
3,AINR,trig,865,0,1,0,1,66.87579999970694,1.3967431783676147,0.6656840413808821
3,AINR,trig,866,0,1,0,1,62.49419999994643,1.3305470943450928,0.6656840413808821
3,AINR,trig,867,0,1,0,1,78.71040000009089,1.3705077171325684,0.6656840413808821
3,AINR,trig,868,0,1,0,1,62.31149999985064,1.4248554706573486,0.6656840413808821
3,AINR,trig,869,0,1,0,1,62.26749999996173,1.3558334112167358,0.6656840413808821
3,AINR,trig,870,0,1,0,1,54.93679999972301,1.3295615911483765,0.6656840413808821
3,AINR,trig,871,0,1,0,1,62.77769999996963,1.4487502574920654,0.6656840413808821
3,AINR,trig,872,0,1,0,1,76.28920000024664,1.13526451587677,0.6656840413808821
3,AINR,trig,873,0,1,0,1,61.462699999992765,1.272188425064087,0.6656840413808821
3,AINR,trig,874,0,1,0,1,56.65389999967374,1.2340259552001953,0.6656840413808821
3,AINR,trig,875,0,1,0,1,57.54660000002332,1.3993595838546753,0.6656840413808821
3,AINR,trig,876,0,1,0,1,63.961700000163546,1.1971077919006348,0.6656840413808821
3,AINR,trig,877,0,1,0,1,88.19210000001476,1.3373653888702393,0.6656840413808821
3,AINR,trig,878,0,1,0,1,60.38730000000214,1.2787697315216064,0.6656840413808821
3,AINR,trig,879,0,1,0,1,65.37479999997231,1.2887275218963623,0.6656840413808821
3,AINR,trig,880,0,1,0,1,59.888499999942724,1.3578563928604126,0.6656840413808821
3,AINR,trig,881,0,1,0,1,80.39430000007997,1.1670924425125122,0.6656840413808821
3,AINR,trig,882,0,1,0,1,60.068699999646924,1.387044906616211,0.6656840413808821
3,AINR,trig,883,0,1,0,1,59.29710000009436,1.4435614347457886,0.6656840413808821
3,AINR,trig,884,0,1,0,1,59.535500000038155,1.3240885734558105,0.6656840413808821
3,AINR,trig,885,0,1,0,1,66.62890000006882,1.2683271169662476,0.6656840413808821
3,AINR,trig,886,0,1,0,1,72.6104000000305,1.3567010164260864,0.6656840413808821
3,AINR,trig,887,0,1,0,1,65.93269999984841,1.2981919050216675,0.6656840413808821
3,AINR,trig,888,0,1,0,1,60.26240000028338,1.2627159357070923,0.6656840413808821
3,AINR,trig,889,0,1,0,1,54.530399999748624,1.4537969827651978,0.6656840413808821
3,AINR,trig,890,0,1,0,1,54.63740000004691,1.0748486518859863,0.6656840413808821
3,AINR,trig,891,0,1,0,1,72.20589999997173,1.3632532358169556,0.6656840413808821
3,AINR,trig,892,0,1,0,1,66.41660000013871,1.316355586051941,0.6656840413808821
3,AINR,trig,893,0,1,0,1,72.35869999976785,1.287227988243103,0.6656840413808821
3,AINR,trig,894,0,1,0,1,59.973100000206614,1.4024347066879272,0.6656840413808821
3,AINR,trig,895,0,1,0,1,69.08720000001267,1.2936055660247803,0.6656840413808821
3,AINR,trig,896,0,1,0,1,82.73490000010497,1.3203794956207275,0.6656840413808821
3,AINR,trig,897,0,1,0,1,70.26369999994131,1.1601976156234741,0.6656840413808821
3,AINR,trig,898,0,1,0,1,62.796700000035344,1.4534986019134521,0.6656840413808821
3,AINR,trig,899,0,1,0,1,57.37570000019332,1.3462244272232056,0.6656840413808821
3,AINR,trig,900,0,1,0,1,76.84610000023895,1.1737861633300781,0.6656840413808821
3,AINR,trig,901,0,1,0,1,67.96840000015436,1.300979495048523,0.6656840413808821
3,AINR,trig,902,0,1,0,1,67.80979999984993,1.1828508377075195,0.6656840413808821
3,AINR,trig,903,0,1,0,1,56.136899999728485,1.350555419921875,0.6656840413808821
3,AINR,trig,904,0,1,0,1,61.18919999971695,1.2313730716705322,0.6656840413808821
3,AINR,trig,905,0,1,0,1,76.39800000015384,1.6703773736953735,0.6656840413808821
3,AINR,trig,906,0,1,0,1,65.73259999959191,1.609944462776184,0.6656840413808821
3,AINR,trig,907,0,1,0,1,63.32410000004529,1.3401265144348145,0.6656840413808821
3,AINR,trig,908,0,1,0,1,65.44049999956769,1.2664917707443237,0.6656840413808821
3,AINR,trig,909,0,1,0,1,77.05850000002101,1.2423819303512573,0.6656840413808821
3,AINR,trig,910,0,1,0,1,63.8691000003746,1.3465468883514404,0.6656840413808821
3,AINR,trig,911,0,1,0,1,58.732899999995425,1.2702568769454956,0.6656840413808821
3,AINR,trig,912,0,1,0,1,62.082399999781046,1.139968991279602,0.6656840413808821
3,AINR,trig,913,0,1,0,1,79.72780000000057,1.4589691162109375,0.6656840413808821
3,AINR,trig,914,0,1,0,1,68.73079999968468,1.5349889993667603,0.6656840413808821
3,AINR,trig,915,0,1,0,1,64.88209999997707,1.1957319974899292,0.6656840413808821
3,AINR,trig,916,0,1,0,1,67.2535999997308,1.2422844171524048,0.6656840413808821
3,AINR,trig,917,0,1,0,1,70.92810000040117,1.2626848220825195,0.6656840413808821
3,AINR,trig,918,0,1,0,1,65.89589999975942,1.4804311990737915,0.6656840413808821
3,AINR,trig,919,0,1,0,1,59.65859999969325,1.2824726104736328,0.6656840413808821
3,AINR,trig,920,0,1,0,1,64.72940000003291,1.36384916305542,0.6656840413808821
3,AINR,trig,921,0,1,0,1,73.27810000015234,1.4806562662124634,0.6656840413808821
3,AINR,trig,922,0,1,0,1,58.739300000070216,1.3728591203689575,0.6656840413808821
3,AINR,trig,923,0,1,0,1,58.666599999924074,1.5218732357025146,0.6656840413808821
3,AINR,trig,924,0,1,0,1,53.34309999989273,1.3308097124099731,0.6656840413808821
3,AINR,trig,925,0,1,0,1,56.420900000375696,1.3127388954162598,0.6656840413808821
3,AINR,trig,926,0,1,0,1,70.40230000029624,1.474426507949829,0.6656840413808821
3,AINR,trig,927,0,1,0,1,66.10090000003765,1.2090768814086914,0.6656840413808821
3,AINR,trig,928,0,1,0,1,62.32350000027509,1.3939398527145386,0.6656840413808821
3,AINR,trig,929,0,1,0,1,58.02659999972093,1.341190218925476,0.6656840413808821
3,AINR,trig,930,0,1,0,1,57.718799999747716,1.5058132410049438,0.6656840413808821
3,AINR,trig,931,0,1,0,1,91.99020000005476,1.3275805711746216,0.6656840413808821
3,AINR,trig,932,0,1,0,1,64.30169999975988,1.1879212856292725,0.6656840413808821
3,AINR,trig,933,0,1,0,1,68.7207999999373,1.1044621467590332,0.6656840413808821
3,AINR,trig,934,0,1,0,1,69.8870999999599,1.2809768915176392,0.6656840413808821
3,AINR,trig,935,0,1,0,1,68.7964000003376,1.5116603374481201,0.6656840413808821
3,AINR,trig,936,0,1,0,1,65.88509999983216,1.25879967212677,0.6656840413808821
3,AINR,trig,937,0,1,0,1,57.476800000131334,1.3252885341644287,0.6656840413808821
3,AINR,trig,938,0,1,0,1,61.9976999996652,1.4555120468139648,0.6656840413808821
3,AINR,trig,939,0,1,0,1,74.43710000006831,1.510277509689331,0.6656840413808821
3,AINR,trig,940,0,1,0,1,64.09500000017943,1.4135329723358154,0.6656840413808821
3,AINR,trig,941,0,1,0,1,61.03450000000521,1.4229800701141357,0.6656840413808821
3,AINR,trig,942,0,1,0,1,58.76990000024307,1.151889443397522,0.6656840413808821
3,AINR,trig,943,0,1,0,1,69.21779999993305,1.2018784284591675,0.6656840413808821
3,AINR,trig,944,0,1,0,1,70.16669999984515,1.3096563816070557,0.6656840413808821
3,AINR,trig,945,0,1,0,1,63.85000000000218,1.0842887163162231,0.6656840413808821
3,AINR,trig,946,0,1,0,1,69.70760000012888,1.144333004951477,0.6656840413808821
3,AINR,trig,947,0,1,0,1,53.99330000000191,1.3017728328704834,0.6656840413808821
3,AINR,trig,948,0,1,0,1,76.64009999962218,1.4310451745986938,0.6656840413808821
3,AINR,trig,949,0,1,0,1,63.56710000000021,1.3182295560836792,0.6656840413808821
3,AINR,trig,950,0,1,0,1,61.35390000008556,1.1063634157180786,0.6656840413808821
3,AINR,trig,951,0,1,0,1,63.5151000001315,1.3232364654541016,0.6656840413808821
3,AINR,trig,952,0,1,0,1,74.9879999998484,1.1864293813705444,0.6656840413808821
3,AINR,trig,953,0,1,0,1,72.46110000005501,1.2402031421661377,0.6656840413808821
3,AINR,trig,954,0,1,0,1,67.63900000032663,1.3703054189682007,0.6656840413808821
3,AINR,trig,955,0,1,0,1,56.68009999999413,1.230179786682129,0.6656840413808821
3,AINR,trig,956,0,1,0,1,56.25509999981659,1.1464931964874268,0.6656840413808821
3,AINR,trig,957,0,1,0,1,59.54429999974309,1.2108910083770752,0.6656840413808821
3,AINR,trig,958,0,1,0,1,74.15230000015072,1.442034363746643,0.6656840413808821
3,AINR,trig,959,0,1,0,1,78.2152000001588,1.223902702331543,0.6656840413808821
3,AINR,trig,960,0,1,0,1,59.51839999988806,1.1917299032211304,0.6656840413808821
3,AINR,trig,961,0,1,0,1,61.246700000083365,1.2976189851760864,0.6656840413808821
3,AINR,trig,962,0,1,0,1,80.44130000007499,1.0788469314575195,0.6656840413808821
3,AINR,trig,963,0,1,0,1,61.984100000245235,1.236427664756775,0.6656840413808821
3,AINR,trig,964,0,1,0,1,61.77830000024187,1.3591746091842651,0.6656840413808821
3,AINR,trig,965,0,1,0,1,57.822700000087934,0.9506086707115173,0.6656840413808821
3,AINR,trig,966,0,1,0,1,70.43100000009872,1.302607774734497,0.6656840413808821
3,AINR,trig,967,0,1,0,1,72.07670000025246,1.2530614137649536,0.6656840413808821
3,AINR,trig,968,0,1,0,1,73.71169999987615,1.4719808101654053,0.6656840413808821
3,AINR,trig,969,0,1,0,1,59.3220000000656,1.2705624103546143,0.6656840413808821
3,AINR,trig,970,0,1,0,1,68.53950000004261,1.214241862297058,0.6656840413808821
3,AINR,trig,971,0,1,0,1,69.18410000025688,1.2622430324554443,0.6656840413808821
3,AINR,trig,972,0,1,0,1,60.976100000061706,1.357205867767334,0.6656840413808821
3,AINR,trig,973,0,1,0,1,59.8482000000331,1.1988672018051147,0.6656840413808821
3,AINR,trig,974,0,1,0,1,64.02810000008685,1.6195727586746216,0.6656840413808821
3,AINR,trig,975,0,1,0,1,62.92880000000878,1.205102801322937,0.6656840413808821
3,AINR,trig,976,0,1,0,1,80.48639999969964,1.6612305641174316,0.6656840413808821
3,AINR,trig,977,0,1,0,1,67.01560000010431,1.5028878450393677,0.6656840413808821
3,AINR,trig,978,0,1,0,1,61.72310000010839,1.1220282316207886,0.6656840413808821
3,AINR,trig,979,0,1,0,1,59.43070000012085,1.0949243307113647,0.6656840413808821
3,AINR,trig,980,0,1,0,1,82.26019999983691,1.252512812614441,0.6656840413808821
3,AINR,trig,981,0,1,0,1,68.25929999968139,1.2440866231918335,0.6656840413808821
3,AINR,trig,982,0,1,0,1,62.56230000008145,1.36459481716156,0.6656840413808821
3,AINR,trig,983,0,1,0,1,55.10509999976421,1.2386040687561035,0.6656840413808821
3,AINR,trig,984,0,1,0,1,77.9910999999629,1.4763351678848267,0.6656840413808821
3,AINR,trig,985,0,1,0,1,63.58860000000277,1.376085638999939,0.6656840413808821
3,AINR,trig,986,0,1,0,1,66.42109999984314,1.2240793704986572,0.6656840413808821
3,AINR,trig,987,0,1,0,1,55.45690000008108,1.5365793704986572,0.6656840413808821
3,AINR,trig,988,0,1,0,1,61.35660000018106,1.3081964254379272,0.6656840413808821
3,AINR,trig,989,0,1,0,1,70.40909999977885,1.2870562076568604,0.6656840413808821
3,AINR,trig,990,0,1,0,1,69.35930000008739,1.310091257095337,0.6656840413808821
3,AINR,trig,991,0,1,0,1,56.16220000001704,1.267659306526184,0.6656840413808821
3,AINR,trig,992,0,1,0,1,71.94079999999303,1.2047580480575562,0.6656840413808821
3,AINR,trig,993,0,1,0,1,65.1041000000987,1.157523274421692,0.6656840413808821
3,AINR,trig,994,0,1,0,1,70.65779999993538,1.2614643573760986,0.6656840413808821
3,AINR,trig,995,0,1,0,1,63.82849999999962,1.449691891670227,0.6656840413808821
3,AINR,trig,996,0,1,0,1,60.572899999897345,1.4401994943618774,0.6656840413808821
3,AINR,trig,997,0,1,0,1,81.65599999983897,1.1934645175933838,0.6656840413808821
3,AINR,trig,998,0,1,0,1,75.1948000001903,1.1167747974395752,0.6656840413808821
3,AINR,trig,999,0,1,0,1,59.68570000004547,1.1410566568374634,0.6656840413808821
3,DiscNRX,none,0,1,0,0,0,nan,nan,-0.886041271686554
3,DiscNRX,none,1,1,0,0,0,nan,nan,-0.886041271686554
3,DiscNRX,none,2,0,1,0,0,nan,nan,-0.886041271686554
3,DiscNRX,none,3,1,0,0,0,nan,nan,-0.886041271686554
3,DiscNRX,none,4,1,0,0,0,nan,nan,-0.886041271686554
3,DiscNRX,none,5,0,1,0,0,nan,nan,-0.886041271686554
3,DiscNRX,none,6,1,0,0,0,nan,nan,-0.886041271686554
3,DiscNRX,none,7,1,0,0,0,nan,nan,-0.886041271686554
3,DiscNRX,none,8,1,0,0,0,nan,nan,-0.886041271686554
3,DiscNRX,none,9,1,0,0,0,nan,nan,-0.886041271686554
3,DiscNRX,none,10,1,0,0,0,nan,nan,-0.886041271686554
3,DiscNRX,none,11,1,0,0,0,nan,nan,-0.886041271686554
3,DiscNRX,none,12,1,0,0,0,nan,nan,-0.886041271686554
3,DiscNRX,none,13,1,0,0,0,nan,nan,-0.886041271686554
3,DiscNRX,none,14,1,0,0,0,nan,nan,-0.886041271686554
3,DiscNRX,none,15,1,0,0,0,nan,nan,-0.886041271686554
3,DiscNRX,none,16,1,0,0,0,nan,nan,-0.886041271686554
3,DiscNRX,none,17,1,0,0,0,nan,nan,-0.886041271686554
3,DiscNRX,none,18,0,1,0,0,nan,nan,-0.886041271686554
3,DiscNRX,none,19,1,0,0,0,nan,nan,-0.886041271686554
3,DiscNRX,none,20,1,0,0,0,nan,nan,-0.886041271686554
3,DiscNRX,none,21,1,0,0,0,nan,nan,-0.886041271686554
3,DiscNRX,none,22,1,0,0,0,nan,nan,-0.886041271686554
3,DiscNRX,none,23,0,1,0,0,nan,nan,-0.886041271686554
3,DiscNRX,none,24,1,0,0,0,nan,nan,-0.886041271686554
3,DiscNRX,none,25,0,1,0,0,nan,nan,-0.886041271686554
3,DiscNRX,none,26,1,0,0,0,nan,nan,-0.886041271686554
3,DiscNRX,none,27,1,0,0,0,nan,nan,-0.886041271686554
3,DiscNRX,none,28,1,0,0,0,nan,nan,-0.886041271686554
3,DiscNRX,none,29,1,0,0,0,nan,nan,-0.886041271686554
3,DiscNRX,none,30,1,0,0,0,nan,nan,-0.886041271686554
3,DiscNRX,none,31,1,0,0,0,nan,nan,-0.886041271686554
3,DiscNRX,none,32,1,0,0,0,nan,nan,-0.886041271686554
3,DiscNRX,none,33,1,0,0,0,nan,nan,-0.886041271686554
3,DiscNRX,none,34,1,0,0,0,nan,nan,-0.886041271686554
3,DiscNRX,none,35,1,0,0,0,nan,nan,-0.886041271686554
3,DiscNRX,none,36,0,1,0,0,nan,nan,-0.886041271686554
3,DiscNRX,none,37,0,1,0,0,nan,nan,-0.886041271686554
3,DiscNRX,none,38,1,0,0,0,nan,nan,-0.886041271686554
3,DiscNRX,none,39,1,0,0,0,nan,nan,-0.886041271686554
3,DiscNRX,none,40,1,0,0,0,nan,nan,-0.886041271686554
3,DiscNRX,none,41,1,0,0,0,nan,nan,-0.886041271686554
3,DiscNRX,none,42,1,0,0,0,nan,nan,-0.886041271686554
3,DiscNRX,none,43,1,0,0,0,nan,nan,-0.886041271686554
3,DiscNRX,none,44,1,0,0,0,nan,nan,-0.886041271686554
3,DiscNRX,none,45,1,0,0,0,nan,nan,-0.886041271686554
3,DiscNRX,none,46,1,0,0,0,nan,nan,-0.886041271686554
3,DiscNRX,none,47,1,0,0,0,nan,nan,-0.886041271686554
3,DiscNRX,none,48,1,0,0,0,nan,nan,-0.886041271686554
3,DiscNRX,none,49,1,0,0,0,nan,nan,-0.886041271686554
3,DiscNRX,none,50,1,0,0,0,nan,nan,-0.886041271686554
3,DiscNRX,none,51,1,0,0,0,nan,nan,-0.886041271686554
3,DiscNRX,none,52,1,0,0,0,nan,nan,-0.886041271686554
3,DiscNRX,none,53,1,0,0,0,nan,nan,-0.886041271686554
3,DiscNRX,none,54,1,0,0,0,nan,nan,-0.886041271686554
3,DiscNRX,none,55,1,0,0,0,nan,nan,-0.886041271686554
3,DiscNRX,none,56,1,0,0,0,nan,nan,-0.886041271686554
3,DiscNRX,none,57,1,0,0,0,nan,nan,-0.886041271686554
3,DiscNRX,none,58,1,0,0,0,nan,nan,-0.886041271686554
3,DiscNRX,none,59,1,0,0,0,nan,nan,-0.886041271686554
3,DiscNRX,none,60,1,0,0,0,nan,nan,-0.886041271686554
3,DiscNRX,none,61,1,0,0,0,nan,nan,-0.886041271686554
3,DiscNRX,none,62,1,0,0,0,nan,nan,-0.886041271686554
3,DiscNRX,none,63,1,0,0,0,nan,nan,-0.886041271686554
3,DiscNRX,none,64,1,0,0,0,nan,nan,-0.886041271686554
3,DiscNRX,none,65,1,0,0,0,nan,nan,-0.886041271686554
3,DiscNRX,none,66,0,1,0,0,nan,nan,-0.886041271686554
3,DiscNRX,none,67,1,0,0,0,nan,nan,-0.886041271686554
3,DiscNRX,none,68,1,0,0,0,nan,nan,-0.886041271686554
3,DiscNRX,none,69,1,0,0,0,nan,nan,-0.886041271686554
3,DiscNRX,none,70,1,0,0,0,nan,nan,-0.886041271686554
3,DiscNRX,none,71,0,1,0,0,nan,nan,-0.886041271686554
3,DiscNRX,none,72,1,0,0,0,nan,nan,-0.886041271686554
3,DiscNRX,none,73,1,0,0,0,nan,nan,-0.886041271686554
3,DiscNRX,none,74,1,0,0,0,nan,nan,-0.886041271686554
3,DiscNRX,none,75,1,0,0,0,nan,nan,-0.886041271686554
3,DiscNRX,none,76,1,0,0,0,nan,nan,-0.886041271686554
3,DiscNRX,none,77,0,1,0,0,nan,nan,-0.886041271686554
3,DiscNRX,none,78,1,0,0,0,nan,nan,-0.886041271686554
3,DiscNRX,none,79,1,0,0,0,nan,nan,-0.886041271686554
3,DiscNRX,none,80,1,0,0,0,nan,nan,-0.886041271686554
3,DiscNRX,none,81,1,0,0,0,nan,nan,-0.886041271686554
3,DiscNRX,none,82,1,0,0,0,nan,nan,-0.886041271686554
3,DiscNRX,none,83,1,0,0,0,nan,nan,-0.886041271686554
3,DiscNRX,none,84,0,1,0,0,nan,nan,-0.886041271686554
3,DiscNRX,none,85,1,0,0,0,nan,nan,-0.886041271686554
3,DiscNRX,none,86,1,0,0,0,nan,nan,-0.886041271686554
3,DiscNRX,none,87,1,0,0,0,nan,nan,-0.886041271686554
3,DiscNRX,none,88,1,0,0,0,nan,nan,-0.886041271686554
3,DiscNRX,none,89,1,0,0,0,nan,nan,-0.886041271686554
3,DiscNRX,none,90,1,0,0,0,nan,nan,-0.886041271686554
3,DiscNRX,none,91,1,0,0,0,nan,nan,-0.886041271686554
3,DiscNRX,none,92,1,0,0,0,nan,nan,-0.886041271686554
3,DiscNRX,none,93,1,0,0,0,nan,nan,-0.886041271686554
3,DiscNRX,none,94,0,1,0,0,nan,nan,-0.886041271686554
3,DiscNRX,none,95,1,0,0,0,nan,nan,-0.886041271686554
3,DiscNRX,none,96,1,0,0,0,nan,nan,-0.886041271686554
3,DiscNRX,none,97,1,0,0,0,nan,nan,-0.886041271686554
3,DiscNRX,none,98,0,1,0,0,nan,nan,-0.886041271686554
3,DiscNRX,none,99,1,0,0,0,nan,nan,-0.886041271686554
3,DiscNRX,none,100,1,0,0,0,nan,nan,-0.886041271686554
3,DiscNRX,none,101,1,0,0,0,nan,nan,-0.886041271686554
3,DiscNRX,none,102,0,1,0,0,nan,nan,-0.886041271686554
3,DiscNRX,none,103,1,0,0,0,nan,nan,-0.886041271686554
3,DiscNRX,none,104,1,0,0,0,nan,nan,-0.886041271686554
3,DiscNRX,none,105,1,0,0,0,nan,nan,-0.886041271686554
3,DiscNRX,none,106,1,0,0,0,nan,nan,-0.886041271686554
3,DiscNRX,none,107,1,0,0,0,nan,nan,-0.886041271686554
3,DiscNRX,none,108,0,1,0,0,nan,nan,-0.886041271686554
3,DiscNRX,none,109,1,0,0,0,nan,nan,-0.886041271686554
3,DiscNRX,none,110,1,0,0,0,nan,nan,-0.886041271686554
3,DiscNRX,none,111,1,0,0,0,nan,nan,-0.886041271686554
3,DiscNRX,none,112,1,0,0,0,nan,nan,-0.886041271686554
3,DiscNRX,none,113,1,0,0,0,nan,nan,-0.886041271686554
3,DiscNRX,none,114,1,0,0,0,nan,nan,-0.886041271686554
3,DiscNRX,none,115,1,0,0,0,nan,nan,-0.886041271686554
3,DiscNRX,none,116,1,0,0,0,nan,nan,-0.886041271686554
3,DiscNRX,none,117,0,1,0,0,nan,nan,-0.886041271686554
3,DiscNRX,none,118,1,0,0,0,nan,nan,-0.886041271686554
3,DiscNRX,none,119,1,0,0,0,nan,nan,-0.886041271686554
3,DiscNRX,none,120,1,0,0,0,nan,nan,-0.886041271686554
3,DiscNRX,none,121,1,0,0,0,nan,nan,-0.886041271686554
3,DiscNRX,none,122,1,0,0,0,nan,nan,-0.886041271686554
3,DiscNRX,none,123,1,0,0,0,nan,nan,-0.886041271686554
3,DiscNRX,none,124,1,0,0,0,nan,nan,-0.886041271686554
3,DiscNRX,none,125,1,0,0,0,nan,nan,-0.886041271686554
3,DiscNRX,none,126,0,1,0,0,nan,nan,-0.886041271686554
3,DiscNRX,none,127,1,0,0,0,nan,nan,-0.886041271686554
3,DiscNRX,none,128,1,0,0,0,nan,nan,-0.886041271686554
3,DiscNRX,none,129,1,0,0,0,nan,nan,-0.886041271686554
3,DiscNRX,none,130,1,0,0,0,nan,nan,-0.886041271686554
3,DiscNRX,none,131,1,0,0,0,nan,nan,-0.886041271686554
3,DiscNRX,none,132,0,1,0,0,nan,nan,-0.886041271686554
3,DiscNRX,none,133,1,0,0,0,nan,nan,-0.886041271686554
3,DiscNRX,none,134,1,0,0,0,nan,nan,-0.886041271686554
3,DiscNRX,none,135,0,1,0,0,nan,nan,-0.886041271686554
3,DiscNRX,none,136,1,0,0,0,nan,nan,-0.886041271686554
3,DiscNRX,none,137,0,1,0,0,nan,nan,-0.886041271686554
3,DiscNRX,none,138,0,1,0,0,nan,nan,-0.886041271686554
3,DiscNRX,none,139,1,0,0,0,nan,nan,-0.886041271686554
3,DiscNRX,none,140,1,0,0,0,nan,nan,-0.886041271686554
3,DiscNRX,none,141,1,0,0,0,nan,nan,-0.886041271686554
3,DiscNRX,none,142,1,0,0,0,nan,nan,-0.886041271686554
3,DiscNRX,none,143,1,0,0,0,nan,nan,-0.886041271686554
3,DiscNRX,none,144,1,0,0,0,nan,nan,-0.886041271686554
3,DiscNRX,none,145,0,1,0,0,nan,nan,-0.886041271686554
3,DiscNRX,none,146,1,0,0,0,nan,nan,-0.886041271686554
3,DiscNRX,none,147,1,0,0,0,nan,nan,-0.886041271686554
3,DiscNRX,none,148,1,0,0,0,nan,nan,-0.886041271686554
3,DiscNRX,none,149,0,1,0,0,nan,nan,-0.886041271686554
3,DiscNRX,none,150,1,0,0,0,nan,nan,-0.886041271686554
3,DiscNRX,none,151,0,1,0,0,nan,nan,-0.886041271686554
3,DiscNRX,none,152,1,0,0,0,nan,nan,-0.886041271686554
3,DiscNRX,none,153,0,1,0,0,nan,nan,-0.886041271686554
3,DiscNRX,none,154,1,0,0,0,nan,nan,-0.886041271686554
3,DiscNRX,none,155,1,0,0,0,nan,nan,-0.886041271686554
3,DiscNRX,none,156,1,0,0,0,nan,nan,-0.886041271686554
3,DiscNRX,none,157,1,0,0,0,nan,nan,-0.886041271686554
3,DiscNRX,none,158,1,0,0,0,nan,nan,-0.886041271686554
3,DiscNRX,none,159,0,1,0,0,nan,nan,-0.886041271686554
3,DiscNRX,none,160,1,0,0,0,nan,nan,-0.886041271686554
3,DiscNRX,none,161,1,0,0,0,nan,nan,-0.886041271686554
3,DiscNRX,none,162,1,0,0,0,nan,nan,-0.886041271686554
3,DiscNRX,none,163,1,0,0,0,nan,nan,-0.886041271686554
3,DiscNRX,none,164,1,0,0,0,nan,nan,-0.886041271686554
3,DiscNRX,none,165,1,0,0,0,nan,nan,-0.886041271686554
3,DiscNRX,none,166,1,0,0,0,nan,nan,-0.886041271686554
3,DiscNRX,none,167,1,0,0,0,nan,nan,-0.886041271686554
3,DiscNRX,none,168,1,0,0,0,nan,nan,-0.886041271686554
3,DiscNRX,none,169,1,0,0,0,nan,nan,-0.886041271686554
3,DiscNRX,none,170,1,0,0,0,nan,nan,-0.886041271686554
3,DiscNRX,none,171,1,0,0,0,nan,nan,-0.886041271686554
3,DiscNRX,none,172,1,0,0,0,nan,nan,-0.886041271686554
3,DiscNRX,none,173,1,0,0,0,nan,nan,-0.886041271686554
3,DiscNRX,none,174,1,0,0,0,nan,nan,-0.886041271686554
3,DiscNRX,none,175,1,0,0,0,nan,nan,-0.886041271686554
3,DiscNRX,none,176,1,0,0,0,nan,nan,-0.886041271686554
3,DiscNRX,none,177,1,0,0,0,nan,nan,-0.886041271686554
3,DiscNRX,none,178,1,0,0,0,nan,nan,-0.886041271686554
3,DiscNRX,none,179,1,0,0,0,nan,nan,-0.886041271686554
3,DiscNRX,none,180,1,0,0,0,nan,nan,-0.886041271686554
3,DiscNRX,none,181,0,1,0,0,nan,nan,-0.886041271686554
3,DiscNRX,none,182,0,1,0,0,nan,nan,-0.886041271686554
3,DiscNRX,none,183,1,0,0,0,nan,nan,-0.886041271686554
3,DiscNRX,none,184,1,0,0,0,nan,nan,-0.886041271686554
3,DiscNRX,none,185,1,0,0,0,nan,nan,-0.886041271686554
3,DiscNRX,none,186,1,0,0,0,nan,nan,-0.886041271686554
3,DiscNRX,none,187,1,0,0,0,nan,nan,-0.886041271686554
3,DiscNRX,none,188,1,0,0,0,nan,nan,-0.886041271686554
3,DiscNRX,none,189,0,1,0,0,nan,nan,-0.886041271686554
3,DiscNRX,none,190,1,0,0,0,nan,nan,-0.886041271686554
3,DiscNRX,none,191,1,0,0,0,nan,nan,-0.886041271686554
3,DiscNRX,none,192,1,0,0,0,nan,nan,-0.886041271686554
3,DiscNRX,none,193,1,0,0,0,nan,nan,-0.886041271686554
3,DiscNRX,none,194,0,1,0,0,nan,nan,-0.886041271686554
3,DiscNRX,none,195,1,0,0,0,nan,nan,-0.886041271686554
3,DiscNRX,none,196,1,0,0,0,nan,nan,-0.886041271686554
3,DiscNRX,none,197,0,1,0,0,nan,nan,-0.886041271686554
3,DiscNRX,none,198,1,0,0,0,nan,nan,-0.886041271686554
3,DiscNRX,none,199,0,1,0,0,nan,nan,-0.886041271686554
3,DiscNRX,none,200,1,0,0,0,nan,nan,-0.886041271686554
3,DiscNRX,none,201,1,0,0,0,nan,nan,-0.886041271686554
3,DiscNRX,none,202,1,0,0,0,nan,nan,-0.886041271686554
3,DiscNRX,none,203,0,1,0,0,nan,nan,-0.886041271686554
3,DiscNRX,none,204,1,0,0,0,nan,nan,-0.886041271686554
3,DiscNRX,none,205,1,0,0,0,nan,nan,-0.886041271686554
3,DiscNRX,none,206,1,0,0,0,nan,nan,-0.886041271686554
3,DiscNRX,none,207,1,0,0,0,nan,nan,-0.886041271686554
3,DiscNRX,none,208,0,1,0,0,nan,nan,-0.886041271686554
3,DiscNRX,none,209,1,0,0,0,nan,nan,-0.886041271686554
3,DiscNRX,none,210,1,0,0,0,nan,nan,-0.886041271686554
3,DiscNRX,none,211,1,0,0,0,nan,nan,-0.886041271686554
3,DiscNRX,none,212,1,0,0,0,nan,nan,-0.886041271686554
3,DiscNRX,none,213,1,0,0,0,nan,nan,-0.886041271686554
3,DiscNRX,none,214,0,1,0,0,nan,nan,-0.886041271686554
3,DiscNRX,none,215,1,0,0,0,nan,nan,-0.886041271686554
3,DiscNRX,none,216,1,0,0,0,nan,nan,-0.886041271686554
3,DiscNRX,none,217,1,0,0,0,nan,nan,-0.886041271686554
3,DiscNRX,none,218,0,1,0,0,nan,nan,-0.886041271686554
3,DiscNRX,none,219,1,0,0,0,nan,nan,-0.886041271686554
3,DiscNRX,none,220,1,0,0,0,nan,nan,-0.886041271686554
3,DiscNRX,none,221,1,0,0,0,nan,nan,-0.886041271686554
3,DiscNRX,none,222,1,0,0,0,nan,nan,-0.886041271686554
3,DiscNRX,none,223,0,1,0,0,nan,nan,-0.886041271686554
3,DiscNRX,none,224,1,0,0,0,nan,nan,-0.886041271686554
3,DiscNRX,none,225,1,0,0,0,nan,nan,-0.886041271686554
3,DiscNRX,none,226,1,0,0,0,nan,nan,-0.886041271686554
3,DiscNRX,none,227,1,0,0,0,nan,nan,-0.886041271686554
3,DiscNRX,none,228,0,1,0,0,nan,nan,-0.886041271686554
3,DiscNRX,none,229,1,0,0,0,nan,nan,-0.886041271686554
3,DiscNRX,none,230,1,0,0,0,nan,nan,-0.886041271686554
3,DiscNRX,none,231,1,0,0,0,nan,nan,-0.886041271686554
3,DiscNRX,none,232,1,0,0,0,nan,nan,-0.886041271686554
3,DiscNRX,none,233,1,0,0,0,nan,nan,-0.886041271686554
3,DiscNRX,none,234,1,0,0,0,nan,nan,-0.886041271686554
3,DiscNRX,none,235,1,0,0,0,nan,nan,-0.886041271686554
3,DiscNRX,none,236,1,0,0,0,nan,nan,-0.886041271686554
3,DiscNRX,none,237,1,0,0,0,nan,nan,-0.886041271686554
3,DiscNRX,none,238,0,1,0,0,nan,nan,-0.886041271686554
3,DiscNRX,none,239,1,0,0,0,nan,nan,-0.886041271686554
3,DiscNRX,none,240,1,0,0,0,nan,nan,-0.886041271686554
3,DiscNRX,none,241,1,0,0,0,nan,nan,-0.886041271686554
3,DiscNRX,none,242,1,0,0,0,nan,nan,-0.886041271686554
3,DiscNRX,none,243,1,0,0,0,nan,nan,-0.886041271686554
3,DiscNRX,none,244,1,0,0,0,nan,nan,-0.886041271686554
3,DiscNRX,none,245,1,0,0,0,nan,nan,-0.886041271686554
3,DiscNRX,none,246,1,0,0,0,nan,nan,-0.886041271686554
3,DiscNRX,none,247,1,0,0,0,nan,nan,-0.886041271686554
3,DiscNRX,none,248,1,0,0,0,nan,nan,-0.886041271686554
3,DiscNRX,none,249,1,0,0,0,nan,nan,-0.886041271686554
3,DiscNRX,none,250,1,0,0,0,nan,nan,-0.886041271686554
3,DiscNRX,none,251,1,0,0,0,nan,nan,-0.886041271686554
3,DiscNRX,none,252,1,0,0,0,nan,nan,-0.886041271686554
3,DiscNRX,none,253,1,0,0,0,nan,nan,-0.886041271686554
3,DiscNRX,none,254,1,0,0,0,nan,nan,-0.886041271686554
3,DiscNRX,none,255,1,0,0,0,nan,nan,-0.886041271686554
3,DiscNRX,none,256,1,0,0,0,nan,nan,-0.886041271686554
3,DiscNRX,none,257,1,0,0,0,nan,nan,-0.886041271686554
3,DiscNRX,none,258,1,0,0,0,nan,nan,-0.886041271686554
3,DiscNRX,none,259,1,0,0,0,nan,nan,-0.886041271686554
3,DiscNRX,none,260,1,0,0,0,nan,nan,-0.886041271686554
3,DiscNRX,none,261,1,0,0,0,nan,nan,-0.886041271686554
3,DiscNRX,none,262,1,0,0,0,nan,nan,-0.886041271686554
3,DiscNRX,none,263,1,0,0,0,nan,nan,-0.886041271686554
3,DiscNRX,none,264,1,0,0,0,nan,nan,-0.886041271686554
3,DiscNRX,none,265,1,0,0,0,nan,nan,-0.886041271686554
3,DiscNRX,none,266,1,0,0,0,nan,nan,-0.886041271686554
3,DiscNRX,none,267,1,0,0,0,nan,nan,-0.886041271686554
3,DiscNRX,none,268,1,0,0,0,nan,nan,-0.886041271686554
3,DiscNRX,none,269,1,0,0,0,nan,nan,-0.886041271686554
3,DiscNRX,none,270,1,0,0,0,nan,nan,-0.886041271686554
3,DiscNRX,none,271,1,0,0,0,nan,nan,-0.886041271686554
3,DiscNRX,none,272,1,0,0,0,nan,nan,-0.886041271686554
3,DiscNRX,none,273,1,0,0,0,nan,nan,-0.886041271686554
3,DiscNRX,none,274,1,0,0,0,nan,nan,-0.886041271686554
3,DiscNRX,none,275,1,0,0,0,nan,nan,-0.886041271686554
3,DiscNRX,none,276,1,0,0,0,nan,nan,-0.886041271686554
3,DiscNRX,none,277,1,0,0,0,nan,nan,-0.886041271686554
3,DiscNRX,none,278,0,1,0,0,nan,nan,-0.886041271686554
3,DiscNRX,none,279,1,0,0,0,nan,nan,-0.886041271686554
3,DiscNRX,none,280,1,0,0,0,nan,nan,-0.886041271686554
3,DiscNRX,none,281,1,0,0,0,nan,nan,-0.886041271686554
3,DiscNRX,none,282,1,0,0,0,nan,nan,-0.886041271686554
3,DiscNRX,none,283,0,1,0,0,nan,nan,-0.886041271686554
3,DiscNRX,none,284,1,0,0,0,nan,nan,-0.886041271686554
3,DiscNRX,none,285,0,1,0,0,nan,nan,-0.886041271686554
3,DiscNRX,none,286,0,1,0,0,nan,nan,-0.886041271686554
3,DiscNRX,none,287,1,0,0,0,nan,nan,-0.886041271686554
3,DiscNRX,none,288,1,0,0,0,nan,nan,-0.886041271686554
3,DiscNRX,none,289,1,0,0,0,nan,nan,-0.886041271686554
3,DiscNRX,none,290,1,0,0,0,nan,nan,-0.886041271686554
3,DiscNRX,none,291,1,0,0,0,nan,nan,-0.886041271686554
3,DiscNRX,none,292,0,1,0,0,nan,nan,-0.886041271686554
3,DiscNRX,none,293,1,0,0,0,nan,nan,-0.886041271686554
3,DiscNRX,none,294,1,0,0,0,nan,nan,-0.886041271686554
3,DiscNRX,none,295,0,1,0,0,nan,nan,-0.886041271686554
3,DiscNRX,none,296,1,0,0,0,nan,nan,-0.886041271686554
3,DiscNRX,none,297,1,0,0,0,nan,nan,-0.886041271686554
3,DiscNRX,none,298,1,0,0,0,nan,nan,-0.886041271686554
3,DiscNRX,none,299,0,1,0,0,nan,nan,-0.886041271686554
3,DiscNRX,none,300,1,0,0,0,nan,nan,-0.886041271686554
3,DiscNRX,none,301,1,0,0,0,nan,nan,-0.886041271686554
3,DiscNRX,none,302,0,1,0,0,nan,nan,-0.886041271686554
3,DiscNRX,none,303,0,1,0,0,nan,nan,-0.886041271686554
3,DiscNRX,none,304,0,1,0,0,nan,nan,-0.886041271686554
3,DiscNRX,none,305,0,1,0,0,nan,nan,-0.886041271686554
3,DiscNRX,none,306,1,0,0,0,nan,nan,-0.886041271686554
3,DiscNRX,none,307,0,1,0,0,nan,nan,-0.886041271686554
3,DiscNRX,none,308,0,1,0,0,nan,nan,-0.886041271686554
3,DiscNRX,none,309,1,0,0,0,nan,nan,-0.886041271686554
3,DiscNRX,none,310,1,0,0,0,nan,nan,-0.886041271686554
3,DiscNRX,none,311,1,0,0,0,nan,nan,-0.886041271686554
3,DiscNRX,none,312,1,0,0,0,nan,nan,-0.886041271686554
3,DiscNRX,none,313,1,0,0,0,nan,nan,-0.886041271686554
3,DiscNRX,none,314,1,0,0,0,nan,nan,-0.886041271686554
3,DiscNRX,none,315,1,0,0,0,nan,nan,-0.886041271686554
3,DiscNRX,none,316,1,0,0,0,nan,nan,-0.886041271686554
3,DiscNRX,none,317,1,0,0,0,nan,nan,-0.886041271686554
3,DiscNRX,none,318,1,0,0,0,nan,nan,-0.886041271686554
3,DiscNRX,none,319,0,1,0,0,nan,nan,-0.886041271686554
3,DiscNRX,none,320,1,0,0,0,nan,nan,-0.886041271686554
3,DiscNRX,none,321,0,1,0,0,nan,nan,-0.886041271686554
3,DiscNRX,none,322,1,0,0,0,nan,nan,-0.886041271686554
3,DiscNRX,none,323,1,0,0,0,nan,nan,-0.886041271686554
3,DiscNRX,none,324,1,0,0,0,nan,nan,-0.886041271686554
3,DiscNRX,none,325,1,0,0,0,nan,nan,-0.886041271686554
3,DiscNRX,none,326,1,0,0,0,nan,nan,-0.886041271686554
3,DiscNRX,none,327,0,1,0,0,nan,nan,-0.886041271686554
3,DiscNRX,none,328,1,0,0,0,nan,nan,-0.886041271686554
3,DiscNRX,none,329,1,0,0,0,nan,nan,-0.886041271686554
3,DiscNRX,none,330,1,0,0,0,nan,nan,-0.886041271686554
3,DiscNRX,none,331,1,0,0,0,nan,nan,-0.886041271686554
3,DiscNRX,none,332,1,0,0,0,nan,nan,-0.886041271686554
3,DiscNRX,none,333,1,0,0,0,nan,nan,-0.886041271686554
3,DiscNRX,none,334,1,0,0,0,nan,nan,-0.886041271686554
3,DiscNRX,none,335,0,1,0,0,nan,nan,-0.886041271686554
3,DiscNRX,none,336,0,1,0,0,nan,nan,-0.886041271686554
3,DiscNRX,none,337,0,1,0,0,nan,nan,-0.886041271686554
3,DiscNRX,none,338,1,0,0,0,nan,nan,-0.886041271686554
3,DiscNRX,none,339,1,0,0,0,nan,nan,-0.886041271686554
3,DiscNRX,none,340,1,0,0,0,nan,nan,-0.886041271686554
3,DiscNRX,none,341,1,0,0,0,nan,nan,-0.886041271686554
3,DiscNRX,none,342,0,1,0,0,nan,nan,-0.886041271686554
3,DiscNRX,none,343,1,0,0,0,nan,nan,-0.886041271686554
3,DiscNRX,none,344,1,0,0,0,nan,nan,-0.886041271686554
3,DiscNRX,none,345,1,0,0,0,nan,nan,-0.886041271686554
3,DiscNRX,none,346,1,0,0,0,nan,nan,-0.886041271686554
3,DiscNRX,none,347,1,0,0,0,nan,nan,-0.886041271686554
3,DiscNRX,none,348,1,0,0,0,nan,nan,-0.886041271686554
3,DiscNRX,none,349,1,0,0,0,nan,nan,-0.886041271686554
3,DiscNRX,none,350,1,0,0,0,nan,nan,-0.886041271686554
3,DiscNRX,none,351,1,0,0,0,nan,nan,-0.886041271686554
3,DiscNRX,none,352,1,0,0,0,nan,nan,-0.886041271686554
3,DiscNRX,none,353,1,0,0,0,nan,nan,-0.886041271686554
3,DiscNRX,none,354,1,0,0,0,nan,nan,-0.886041271686554
3,DiscNRX,none,355,1,0,0,0,nan,nan,-0.886041271686554
3,DiscNRX,none,356,1,0,0,0,nan,nan,-0.886041271686554
3,DiscNRX,none,357,1,0,0,0,nan,nan,-0.886041271686554
3,DiscNRX,none,358,1,0,0,0,nan,nan,-0.886041271686554
3,DiscNRX,none,359,0,1,0,0,nan,nan,-0.886041271686554
3,DiscNRX,none,360,1,0,0,0,nan,nan,-0.886041271686554
3,DiscNRX,none,361,0,1,0,0,nan,nan,-0.886041271686554
3,DiscNRX,none,362,1,0,0,0,nan,nan,-0.886041271686554
3,DiscNRX,none,363,1,0,0,0,nan,nan,-0.886041271686554
3,DiscNRX,none,364,1,0,0,0,nan,nan,-0.886041271686554
3,DiscNRX,none,365,1,0,0,0,nan,nan,-0.886041271686554
3,DiscNRX,none,366,1,0,0,0,nan,nan,-0.886041271686554
3,DiscNRX,none,367,0,1,0,0,nan,nan,-0.886041271686554
3,DiscNRX,none,368,1,0,0,0,nan,nan,-0.886041271686554
3,DiscNRX,none,369,1,0,0,0,nan,nan,-0.886041271686554
3,DiscNRX,none,370,1,0,0,0,nan,nan,-0.886041271686554
3,DiscNRX,none,371,1,0,0,0,nan,nan,-0.886041271686554
3,DiscNRX,none,372,1,0,0,0,nan,nan,-0.886041271686554
3,DiscNRX,none,373,1,0,0,0,nan,nan,-0.886041271686554
3,DiscNRX,none,374,1,0,0,0,nan,nan,-0.886041271686554
3,DiscNRX,none,375,1,0,0,0,nan,nan,-0.886041271686554
3,DiscNRX,none,376,1,0,0,0,nan,nan,-0.886041271686554
3,DiscNRX,none,377,1,0,0,0,nan,nan,-0.886041271686554
3,DiscNRX,none,378,1,0,0,0,nan,nan,-0.886041271686554
3,DiscNRX,none,379,1,0,0,0,nan,nan,-0.886041271686554
3,DiscNRX,none,380,1,0,0,0,nan,nan,-0.886041271686554
3,DiscNRX,none,381,1,0,0,0,nan,nan,-0.886041271686554
3,DiscNRX,none,382,1,0,0,0,nan,nan,-0.886041271686554
3,DiscNRX,none,383,1,0,0,0,nan,nan,-0.886041271686554
3,DiscNRX,none,384,0,1,0,0,nan,nan,-0.886041271686554
3,DiscNRX,none,385,1,0,0,0,nan,nan,-0.886041271686554
3,DiscNRX,none,386,1,0,0,0,nan,nan,-0.886041271686554
3,DiscNRX,none,387,1,0,0,0,nan,nan,-0.886041271686554
3,DiscNRX,none,388,1,0,0,0,nan,nan,-0.886041271686554
3,DiscNRX,none,389,1,0,0,0,nan,nan,-0.886041271686554
3,DiscNRX,none,390,1,0,0,0,nan,nan,-0.886041271686554
3,DiscNRX,none,391,1,0,0,0,nan,nan,-0.886041271686554
3,DiscNRX,none,392,0,1,0,0,nan,nan,-0.886041271686554
3,DiscNRX,none,393,1,0,0,0,nan,nan,-0.886041271686554
3,DiscNRX,none,394,1,0,0,0,nan,nan,-0.886041271686554
3,DiscNRX,none,395,1,0,0,0,nan,nan,-0.886041271686554
3,DiscNRX,none,396,1,0,0,0,nan,nan,-0.886041271686554
3,DiscNRX,none,397,1,0,0,0,nan,nan,-0.886041271686554
3,DiscNRX,none,398,1,0,0,0,nan,nan,-0.886041271686554
3,DiscNRX,none,399,1,0,0,0,nan,nan,-0.886041271686554
3,DiscNRX,none,400,1,0,0,0,nan,nan,-0.886041271686554
3,DiscNRX,none,401,1,0,0,0,nan,nan,-0.886041271686554
3,DiscNRX,none,402,0,1,0,0,nan,nan,-0.886041271686554
3,DiscNRX,none,403,1,0,0,0,nan,nan,-0.886041271686554
3,DiscNRX,none,404,1,0,0,0,nan,nan,-0.886041271686554
3,DiscNRX,none,405,0,1,0,0,nan,nan,-0.886041271686554
3,DiscNRX,none,406,1,0,0,0,nan,nan,-0.886041271686554
3,DiscNRX,none,407,1,0,0,0,nan,nan,-0.886041271686554
3,DiscNRX,none,408,0,1,0,0,nan,nan,-0.886041271686554
3,DiscNRX,none,409,1,0,0,0,nan,nan,-0.886041271686554
3,DiscNRX,none,410,1,0,0,0,nan,nan,-0.886041271686554
3,DiscNRX,none,411,1,0,0,0,nan,nan,-0.886041271686554
3,DiscNRX,none,412,0,1,0,0,nan,nan,-0.886041271686554
3,DiscNRX,none,413,1,0,0,0,nan,nan,-0.886041271686554
3,DiscNRX,none,414,1,0,0,0,nan,nan,-0.886041271686554
3,DiscNRX,none,415,1,0,0,0,nan,nan,-0.886041271686554
3,DiscNRX,none,416,0,1,0,0,nan,nan,-0.886041271686554
3,DiscNRX,none,417,1,0,0,0,nan,nan,-0.886041271686554
3,DiscNRX,none,418,0,1,0,0,nan,nan,-0.886041271686554
3,DiscNRX,none,419,1,0,0,0,nan,nan,-0.886041271686554
3,DiscNRX,none,420,0,1,0,0,nan,nan,-0.886041271686554
3,DiscNRX,none,421,1,0,0,0,nan,nan,-0.886041271686554
3,DiscNRX,none,422,1,0,0,0,nan,nan,-0.886041271686554
3,DiscNRX,none,423,1,0,0,0,nan,nan,-0.886041271686554
3,DiscNRX,none,424,1,0,0,0,nan,nan,-0.886041271686554
3,DiscNRX,none,425,1,0,0,0,nan,nan,-0.886041271686554
3,DiscNRX,none,426,1,0,0,0,nan,nan,-0.886041271686554
3,DiscNRX,none,427,1,0,0,0,nan,nan,-0.886041271686554
3,DiscNRX,none,428,1,0,0,0,nan,nan,-0.886041271686554
3,DiscNRX,none,429,0,1,0,0,nan,nan,-0.886041271686554
3,DiscNRX,none,430,1,0,0,0,nan,nan,-0.886041271686554
3,DiscNRX,none,431,1,0,0,0,nan,nan,-0.886041271686554
3,DiscNRX,none,432,1,0,0,0,nan,nan,-0.886041271686554
3,DiscNRX,none,433,1,0,0,0,nan,nan,-0.886041271686554
3,DiscNRX,none,434,0,1,0,0,nan,nan,-0.886041271686554
3,DiscNRX,none,435,1,0,0,0,nan,nan,-0.886041271686554
3,DiscNRX,none,436,1,0,0,0,nan,nan,-0.886041271686554
3,DiscNRX,none,437,1,0,0,0,nan,nan,-0.886041271686554
3,DiscNRX,none,438,1,0,0,0,nan,nan,-0.886041271686554
3,DiscNRX,none,439,0,1,0,0,nan,nan,-0.886041271686554
3,DiscNRX,none,440,0,1,0,0,nan,nan,-0.886041271686554
3,DiscNRX,none,441,1,0,0,0,nan,nan,-0.886041271686554
3,DiscNRX,none,442,1,0,0,0,nan,nan,-0.886041271686554
3,DiscNRX,none,443,0,1,0,0,nan,nan,-0.886041271686554
3,DiscNRX,none,444,1,0,0,0,nan,nan,-0.886041271686554
3,DiscNRX,none,445,1,0,0,0,nan,nan,-0.886041271686554
3,DiscNRX,none,446,1,0,0,0,nan,nan,-0.886041271686554
3,DiscNRX,none,447,1,0,0,0,nan,nan,-0.886041271686554
3,DiscNRX,none,448,1,0,0,0,nan,nan,-0.886041271686554
3,DiscNRX,none,449,1,0,0,0,nan,nan,-0.886041271686554
3,DiscNRX,none,450,1,0,0,0,nan,nan,-0.886041271686554
3,DiscNRX,none,451,1,0,0,0,nan,nan,-0.886041271686554
3,DiscNRX,none,452,1,0,0,0,nan,nan,-0.886041271686554
3,DiscNRX,none,453,1,0,0,0,nan,nan,-0.886041271686554
3,DiscNRX,none,454,1,0,0,0,nan,nan,-0.886041271686554
3,DiscNRX,none,455,1,0,0,0,nan,nan,-0.886041271686554
3,DiscNRX,none,456,1,0,0,0,nan,nan,-0.886041271686554
3,DiscNRX,none,457,1,0,0,0,nan,nan,-0.886041271686554
3,DiscNRX,none,458,1,0,0,0,nan,nan,-0.886041271686554
3,DiscNRX,none,459,1,0,0,0,nan,nan,-0.886041271686554
3,DiscNRX,none,460,1,0,0,0,nan,nan,-0.886041271686554
3,DiscNRX,none,461,1,0,0,0,nan,nan,-0.886041271686554
3,DiscNRX,none,462,1,0,0,0,nan,nan,-0.886041271686554
3,DiscNRX,none,463,1,0,0,0,nan,nan,-0.886041271686554
3,DiscNRX,none,464,1,0,0,0,nan,nan,-0.886041271686554
3,DiscNRX,none,465,1,0,0,0,nan,nan,-0.886041271686554
3,DiscNRX,none,466,0,1,0,0,nan,nan,-0.886041271686554
3,DiscNRX,none,467,1,0,0,0,nan,nan,-0.886041271686554
3,DiscNRX,none,468,1,0,0,0,nan,nan,-0.886041271686554
3,DiscNRX,none,469,0,1,0,0,nan,nan,-0.886041271686554
3,DiscNRX,none,470,1,0,0,0,nan,nan,-0.886041271686554
3,DiscNRX,none,471,0,1,0,0,nan,nan,-0.886041271686554
3,DiscNRX,none,472,1,0,0,0,nan,nan,-0.886041271686554
3,DiscNRX,none,473,1,0,0,0,nan,nan,-0.886041271686554
3,DiscNRX,none,474,1,0,0,0,nan,nan,-0.886041271686554
3,DiscNRX,none,475,1,0,0,0,nan,nan,-0.886041271686554
3,DiscNRX,none,476,1,0,0,0,nan,nan,-0.886041271686554
3,DiscNRX,none,477,1,0,0,0,nan,nan,-0.886041271686554
3,DiscNRX,none,478,0,1,0,0,nan,nan,-0.886041271686554
3,DiscNRX,none,479,1,0,0,0,nan,nan,-0.886041271686554
3,DiscNRX,none,480,0,1,0,0,nan,nan,-0.886041271686554
3,DiscNRX,none,481,1,0,0,0,nan,nan,-0.886041271686554
3,DiscNRX,none,482,1,0,0,0,nan,nan,-0.886041271686554
3,DiscNRX,none,483,1,0,0,0,nan,nan,-0.886041271686554
3,DiscNRX,none,484,1,0,0,0,nan,nan,-0.886041271686554
3,DiscNRX,none,485,1,0,0,0,nan,nan,-0.886041271686554
3,DiscNRX,none,486,1,0,0,0,nan,nan,-0.886041271686554
3,DiscNRX,none,487,1,0,0,0,nan,nan,-0.886041271686554
3,DiscNRX,none,488,1,0,0,0,nan,nan,-0.886041271686554
3,DiscNRX,none,489,0,1,0,0,nan,nan,-0.886041271686554
3,DiscNRX,none,490,1,0,0,0,nan,nan,-0.886041271686554
3,DiscNRX,none,491,0,1,0,0,nan,nan,-0.886041271686554
3,DiscNRX,none,492,1,0,0,0,nan,nan,-0.886041271686554
3,DiscNRX,none,493,1,0,0,0,nan,nan,-0.886041271686554
3,DiscNRX,none,494,1,0,0,0,nan,nan,-0.886041271686554
3,DiscNRX,none,495,1,0,0,0,nan,nan,-0.886041271686554
3,DiscNRX,none,496,1,0,0,0,nan,nan,-0.886041271686554
3,DiscNRX,none,497,1,0,0,0,nan,nan,-0.886041271686554
3,DiscNRX,none,498,1,0,0,0,nan,nan,-0.886041271686554
3,DiscNRX,none,499,1,0,0,0,nan,nan,-0.886041271686554
3,DiscNRX,none,500,1,0,0,0,nan,nan,-0.886041271686554
3,DiscNRX,none,501,1,0,0,0,nan,nan,-0.886041271686554
3,DiscNRX,none,502,1,0,0,0,nan,nan,-0.886041271686554
3,DiscNRX,none,503,0,1,0,0,nan,nan,-0.886041271686554
3,DiscNRX,none,504,1,0,0,0,nan,nan,-0.886041271686554
3,DiscNRX,none,505,1,0,0,0,nan,nan,-0.886041271686554
3,DiscNRX,none,506,1,0,0,0,nan,nan,-0.886041271686554
3,DiscNRX,none,507,1,0,0,0,nan,nan,-0.886041271686554
3,DiscNRX,none,508,1,0,0,0,nan,nan,-0.886041271686554
3,DiscNRX,none,509,0,1,0,0,nan,nan,-0.886041271686554
3,DiscNRX,none,510,1,0,0,0,nan,nan,-0.886041271686554
3,DiscNRX,none,511,1,0,0,0,nan,nan,-0.886041271686554
3,DiscNRX,none,512,1,0,0,0,nan,nan,-0.886041271686554
3,DiscNRX,none,513,1,0,0,0,nan,nan,-0.886041271686554
3,DiscNRX,none,514,1,0,0,0,nan,nan,-0.886041271686554
3,DiscNRX,none,515,1,0,0,0,nan,nan,-0.886041271686554
3,DiscNRX,none,516,1,0,0,0,nan,nan,-0.886041271686554
3,DiscNRX,none,517,1,0,0,0,nan,nan,-0.886041271686554
3,DiscNRX,none,518,1,0,0,0,nan,nan,-0.886041271686554
3,DiscNRX,none,519,1,0,0,0,nan,nan,-0.886041271686554
3,DiscNRX,none,520,1,0,0,0,nan,nan,-0.886041271686554
3,DiscNRX,none,521,1,0,0,0,nan,nan,-0.886041271686554
3,DiscNRX,none,522,1,0,0,0,nan,nan,-0.886041271686554
3,DiscNRX,none,523,0,1,0,0,nan,nan,-0.886041271686554
3,DiscNRX,none,524,1,0,0,0,nan,nan,-0.886041271686554
3,DiscNRX,none,525,0,1,0,0,nan,nan,-0.886041271686554
3,DiscNRX,none,526,1,0,0,0,nan,nan,-0.886041271686554
3,DiscNRX,none,527,1,0,0,0,nan,nan,-0.886041271686554
3,DiscNRX,none,528,1,0,0,0,nan,nan,-0.886041271686554
3,DiscNRX,none,529,1,0,0,0,nan,nan,-0.886041271686554
3,DiscNRX,none,530,0,1,0,0,nan,nan,-0.886041271686554
3,DiscNRX,none,531,1,0,0,0,nan,nan,-0.886041271686554
3,DiscNRX,none,532,1,0,0,0,nan,nan,-0.886041271686554
3,DiscNRX,none,533,1,0,0,0,nan,nan,-0.886041271686554
3,DiscNRX,none,534,0,1,0,0,nan,nan,-0.886041271686554
3,DiscNRX,none,535,0,1,0,0,nan,nan,-0.886041271686554
3,DiscNRX,none,536,1,0,0,0,nan,nan,-0.886041271686554
3,DiscNRX,none,537,1,0,0,0,nan,nan,-0.886041271686554
3,DiscNRX,none,538,1,0,0,0,nan,nan,-0.886041271686554
3,DiscNRX,none,539,1,0,0,0,nan,nan,-0.886041271686554
3,DiscNRX,none,540,1,0,0,0,nan,nan,-0.886041271686554
3,DiscNRX,none,541,1,0,0,0,nan,nan,-0.886041271686554
3,DiscNRX,none,542,1,0,0,0,nan,nan,-0.886041271686554
3,DiscNRX,none,543,1,0,0,0,nan,nan,-0.886041271686554
3,DiscNRX,none,544,1,0,0,0,nan,nan,-0.886041271686554
3,DiscNRX,none,545,1,0,0,0,nan,nan,-0.886041271686554
3,DiscNRX,none,546,1,0,0,0,nan,nan,-0.886041271686554
3,DiscNRX,none,547,1,0,0,0,nan,nan,-0.886041271686554
3,DiscNRX,none,548,1,0,0,0,nan,nan,-0.886041271686554
3,DiscNRX,none,549,1,0,0,0,nan,nan,-0.886041271686554
3,DiscNRX,none,550,1,0,0,0,nan,nan,-0.886041271686554
3,DiscNRX,none,551,1,0,0,0,nan,nan,-0.886041271686554
3,DiscNRX,none,552,0,1,0,0,nan,nan,-0.886041271686554
3,DiscNRX,none,553,1,0,0,0,nan,nan,-0.886041271686554
3,DiscNRX,none,554,1,0,0,0,nan,nan,-0.886041271686554
3,DiscNRX,none,555,1,0,0,0,nan,nan,-0.886041271686554
3,DiscNRX,none,556,1,0,0,0,nan,nan,-0.886041271686554
3,DiscNRX,none,557,0,1,0,0,nan,nan,-0.886041271686554
3,DiscNRX,none,558,1,0,0,0,nan,nan,-0.886041271686554
3,DiscNRX,none,559,0,1,0,0,nan,nan,-0.886041271686554
3,DiscNRX,none,560,1,0,0,0,nan,nan,-0.886041271686554
3,DiscNRX,none,561,1,0,0,0,nan,nan,-0.886041271686554
3,DiscNRX,none,562,1,0,0,0,nan,nan,-0.886041271686554
3,DiscNRX,none,563,0,1,0,0,nan,nan,-0.886041271686554
3,DiscNRX,none,564,1,0,0,0,nan,nan,-0.886041271686554
3,DiscNRX,none,565,1,0,0,0,nan,nan,-0.886041271686554
3,DiscNRX,none,566,1,0,0,0,nan,nan,-0.886041271686554
3,DiscNRX,none,567,1,0,0,0,nan,nan,-0.886041271686554
3,DiscNRX,none,568,1,0,0,0,nan,nan,-0.886041271686554
3,DiscNRX,none,569,0,1,0,0,nan,nan,-0.886041271686554
3,DiscNRX,none,570,1,0,0,0,nan,nan,-0.886041271686554
3,DiscNRX,none,571,1,0,0,0,nan,nan,-0.886041271686554
3,DiscNRX,none,572,1,0,0,0,nan,nan,-0.886041271686554
3,DiscNRX,none,573,1,0,0,0,nan,nan,-0.886041271686554
3,DiscNRX,none,574,1,0,0,0,nan,nan,-0.886041271686554
3,DiscNRX,none,575,1,0,0,0,nan,nan,-0.886041271686554
3,DiscNRX,none,576,1,0,0,0,nan,nan,-0.886041271686554
3,DiscNRX,none,577,1,0,0,0,nan,nan,-0.886041271686554
3,DiscNRX,none,578,1,0,0,0,nan,nan,-0.886041271686554
3,DiscNRX,none,579,1,0,0,0,nan,nan,-0.886041271686554
3,DiscNRX,none,580,1,0,0,0,nan,nan,-0.886041271686554
3,DiscNRX,none,581,1,0,0,0,nan,nan,-0.886041271686554
3,DiscNRX,none,582,1,0,0,0,nan,nan,-0.886041271686554
3,DiscNRX,none,583,1,0,0,0,nan,nan,-0.886041271686554
3,DiscNRX,none,584,1,0,0,0,nan,nan,-0.886041271686554
3,DiscNRX,none,585,1,0,0,0,nan,nan,-0.886041271686554
3,DiscNRX,none,586,1,0,0,0,nan,nan,-0.886041271686554
3,DiscNRX,none,587,1,0,0,0,nan,nan,-0.886041271686554
3,DiscNRX,none,588,1,0,0,0,nan,nan,-0.886041271686554
3,DiscNRX,none,589,1,0,0,0,nan,nan,-0.886041271686554
3,DiscNRX,none,590,0,1,0,0,nan,nan,-0.886041271686554
3,DiscNRX,none,591,1,0,0,0,nan,nan,-0.886041271686554
3,DiscNRX,none,592,1,0,0,0,nan,nan,-0.886041271686554
3,DiscNRX,none,593,1,0,0,0,nan,nan,-0.886041271686554
3,DiscNRX,none,594,1,0,0,0,nan,nan,-0.886041271686554
3,DiscNRX,none,595,1,0,0,0,nan,nan,-0.886041271686554
3,DiscNRX,none,596,1,0,0,0,nan,nan,-0.886041271686554
3,DiscNRX,none,597,1,0,0,0,nan,nan,-0.886041271686554
3,DiscNRX,none,598,1,0,0,0,nan,nan,-0.886041271686554
3,DiscNRX,none,599,0,1,0,0,nan,nan,-0.886041271686554
3,DiscNRX,none,600,1,0,0,0,nan,nan,-0.886041271686554
3,DiscNRX,none,601,1,0,0,0,nan,nan,-0.886041271686554
3,DiscNRX,none,602,1,0,0,0,nan,nan,-0.886041271686554
3,DiscNRX,none,603,1,0,0,0,nan,nan,-0.886041271686554
3,DiscNRX,none,604,1,0,0,0,nan,nan,-0.886041271686554
3,DiscNRX,none,605,1,0,0,0,nan,nan,-0.886041271686554
3,DiscNRX,none,606,1,0,0,0,nan,nan,-0.886041271686554
3,DiscNRX,none,607,0,1,0,0,nan,nan,-0.886041271686554
3,DiscNRX,none,608,1,0,0,0,nan,nan,-0.886041271686554
3,DiscNRX,none,609,1,0,0,0,nan,nan,-0.886041271686554
3,DiscNRX,none,610,1,0,0,0,nan,nan,-0.886041271686554
3,DiscNRX,none,611,1,0,0,0,nan,nan,-0.886041271686554
3,DiscNRX,none,612,1,0,0,0,nan,nan,-0.886041271686554
3,DiscNRX,none,613,1,0,0,0,nan,nan,-0.886041271686554
3,DiscNRX,none,614,1,0,0,0,nan,nan,-0.886041271686554
3,DiscNRX,none,615,1,0,0,0,nan,nan,-0.886041271686554
3,DiscNRX,none,616,1,0,0,0,nan,nan,-0.886041271686554
3,DiscNRX,none,617,1,0,0,0,nan,nan,-0.886041271686554
3,DiscNRX,none,618,1,0,0,0,nan,nan,-0.886041271686554
3,DiscNRX,none,619,1,0,0,0,nan,nan,-0.886041271686554
3,DiscNRX,none,620,1,0,0,0,nan,nan,-0.886041271686554
3,DiscNRX,none,621,1,0,0,0,nan,nan,-0.886041271686554
3,DiscNRX,none,622,1,0,0,0,nan,nan,-0.886041271686554
3,DiscNRX,none,623,1,0,0,0,nan,nan,-0.886041271686554
3,DiscNRX,none,624,1,0,0,0,nan,nan,-0.886041271686554
3,DiscNRX,none,625,1,0,0,0,nan,nan,-0.886041271686554
3,DiscNRX,none,626,1,0,0,0,nan,nan,-0.886041271686554
3,DiscNRX,none,627,1,0,0,0,nan,nan,-0.886041271686554
3,DiscNRX,none,628,1,0,0,0,nan,nan,-0.886041271686554
3,DiscNRX,none,629,1,0,0,0,nan,nan,-0.886041271686554
3,DiscNRX,none,630,1,0,0,0,nan,nan,-0.886041271686554
3,DiscNRX,none,631,0,1,0,0,nan,nan,-0.886041271686554
3,DiscNRX,none,632,1,0,0,0,nan,nan,-0.886041271686554
3,DiscNRX,none,633,1,0,0,0,nan,nan,-0.886041271686554
3,DiscNRX,none,634,1,0,0,0,nan,nan,-0.886041271686554
3,DiscNRX,none,635,1,0,0,0,nan,nan,-0.886041271686554
3,DiscNRX,none,636,0,1,0,0,nan,nan,-0.886041271686554
3,DiscNRX,none,637,1,0,0,0,nan,nan,-0.886041271686554
3,DiscNRX,none,638,0,1,0,0,nan,nan,-0.886041271686554
3,DiscNRX,none,639,1,0,0,0,nan,nan,-0.886041271686554
3,DiscNRX,none,640,1,0,0,0,nan,nan,-0.886041271686554
3,DiscNRX,none,641,1,0,0,0,nan,nan,-0.886041271686554
3,DiscNRX,none,642,1,0,0,0,nan,nan,-0.886041271686554
3,DiscNRX,none,643,1,0,0,0,nan,nan,-0.886041271686554
3,DiscNRX,none,644,1,0,0,0,nan,nan,-0.886041271686554
3,DiscNRX,none,645,1,0,0,0,nan,nan,-0.886041271686554
3,DiscNRX,none,646,1,0,0,0,nan,nan,-0.886041271686554
3,DiscNRX,none,647,1,0,0,0,nan,nan,-0.886041271686554
3,DiscNRX,none,648,1,0,0,0,nan,nan,-0.886041271686554
3,DiscNRX,none,649,1,0,0,0,nan,nan,-0.886041271686554
3,DiscNRX,none,650,1,0,0,0,nan,nan,-0.886041271686554
3,DiscNRX,none,651,1,0,0,0,nan,nan,-0.886041271686554
3,DiscNRX,none,652,0,1,0,0,nan,nan,-0.886041271686554
3,DiscNRX,none,653,1,0,0,0,nan,nan,-0.886041271686554
3,DiscNRX,none,654,1,0,0,0,nan,nan,-0.886041271686554
3,DiscNRX,none,655,1,0,0,0,nan,nan,-0.886041271686554
3,DiscNRX,none,656,1,0,0,0,nan,nan,-0.886041271686554
3,DiscNRX,none,657,1,0,0,0,nan,nan,-0.886041271686554
3,DiscNRX,none,658,1,0,0,0,nan,nan,-0.886041271686554
3,DiscNRX,none,659,1,0,0,0,nan,nan,-0.886041271686554
3,DiscNRX,none,660,1,0,0,0,nan,nan,-0.886041271686554
3,DiscNRX,none,661,1,0,0,0,nan,nan,-0.886041271686554
3,DiscNRX,none,662,1,0,0,0,nan,nan,-0.886041271686554
3,DiscNRX,none,663,1,0,0,0,nan,nan,-0.886041271686554
3,DiscNRX,none,664,1,0,0,0,nan,nan,-0.886041271686554
3,DiscNRX,none,665,1,0,0,0,nan,nan,-0.886041271686554
3,DiscNRX,none,666,1,0,0,0,nan,nan,-0.886041271686554
3,DiscNRX,none,667,1,0,0,0,nan,nan,-0.886041271686554
3,DiscNRX,none,668,0,1,0,0,nan,nan,-0.886041271686554
3,DiscNRX,none,669,1,0,0,0,nan,nan,-0.886041271686554
3,DiscNRX,none,670,1,0,0,0,nan,nan,-0.886041271686554
3,DiscNRX,none,671,0,1,0,0,nan,nan,-0.886041271686554
3,DiscNRX,none,672,1,0,0,0,nan,nan,-0.886041271686554
3,DiscNRX,none,673,1,0,0,0,nan,nan,-0.886041271686554
3,DiscNRX,none,674,1,0,0,0,nan,nan,-0.886041271686554
3,DiscNRX,none,675,1,0,0,0,nan,nan,-0.886041271686554
3,DiscNRX,none,676,1,0,0,0,nan,nan,-0.886041271686554
3,DiscNRX,none,677,1,0,0,0,nan,nan,-0.886041271686554
3,DiscNRX,none,678,1,0,0,0,nan,nan,-0.886041271686554
3,DiscNRX,none,679,1,0,0,0,nan,nan,-0.886041271686554
3,DiscNRX,none,680,1,0,0,0,nan,nan,-0.886041271686554
3,DiscNRX,none,681,1,0,0,0,nan,nan,-0.886041271686554
3,DiscNRX,none,682,1,0,0,0,nan,nan,-0.886041271686554
3,DiscNRX,none,683,1,0,0,0,nan,nan,-0.886041271686554
3,DiscNRX,none,684,0,1,0,0,nan,nan,-0.886041271686554
3,DiscNRX,none,685,1,0,0,0,nan,nan,-0.886041271686554
3,DiscNRX,none,686,1,0,0,0,nan,nan,-0.886041271686554
3,DiscNRX,none,687,1,0,0,0,nan,nan,-0.886041271686554
3,DiscNRX,none,688,1,0,0,0,nan,nan,-0.886041271686554
3,DiscNRX,none,689,1,0,0,0,nan,nan,-0.886041271686554
3,DiscNRX,none,690,0,1,0,0,nan,nan,-0.886041271686554
3,DiscNRX,none,691,1,0,0,0,nan,nan,-0.886041271686554
3,DiscNRX,none,692,1,0,0,0,nan,nan,-0.886041271686554
3,DiscNRX,none,693,1,0,0,0,nan,nan,-0.886041271686554
3,DiscNRX,none,694,1,0,0,0,nan,nan,-0.886041271686554
3,DiscNRX,none,695,1,0,0,0,nan,nan,-0.886041271686554
3,DiscNRX,none,696,1,0,0,0,nan,nan,-0.886041271686554
3,DiscNRX,none,697,0,1,0,0,nan,nan,-0.886041271686554
3,DiscNRX,none,698,1,0,0,0,nan,nan,-0.886041271686554
3,DiscNRX,none,699,1,0,0,0,nan,nan,-0.886041271686554
3,DiscNRX,none,700,1,0,0,0,nan,nan,-0.886041271686554
3,DiscNRX,none,701,1,0,0,0,nan,nan,-0.886041271686554
3,DiscNRX,none,702,1,0,0,0,nan,nan,-0.886041271686554
3,DiscNRX,none,703,1,0,0,0,nan,nan,-0.886041271686554
3,DiscNRX,none,704,1,0,0,0,nan,nan,-0.886041271686554
3,DiscNRX,none,705,1,0,0,0,nan,nan,-0.886041271686554
3,DiscNRX,none,706,1,0,0,0,nan,nan,-0.886041271686554
3,DiscNRX,none,707,1,0,0,0,nan,nan,-0.886041271686554
3,DiscNRX,none,708,0,1,0,0,nan,nan,-0.886041271686554
3,DiscNRX,none,709,1,0,0,0,nan,nan,-0.886041271686554
3,DiscNRX,none,710,1,0,0,0,nan,nan,-0.886041271686554
3,DiscNRX,none,711,1,0,0,0,nan,nan,-0.886041271686554
3,DiscNRX,none,712,1,0,0,0,nan,nan,-0.886041271686554
3,DiscNRX,none,713,1,0,0,0,nan,nan,-0.886041271686554
3,DiscNRX,none,714,1,0,0,0,nan,nan,-0.886041271686554
3,DiscNRX,none,715,1,0,0,0,nan,nan,-0.886041271686554
3,DiscNRX,none,716,1,0,0,0,nan,nan,-0.886041271686554
3,DiscNRX,none,717,1,0,0,0,nan,nan,-0.886041271686554
3,DiscNRX,none,718,1,0,0,0,nan,nan,-0.886041271686554
3,DiscNRX,none,719,1,0,0,0,nan,nan,-0.886041271686554
3,DiscNRX,none,720,1,0,0,0,nan,nan,-0.886041271686554
3,DiscNRX,none,721,1,0,0,0,nan,nan,-0.886041271686554
3,DiscNRX,none,722,0,1,0,0,nan,nan,-0.886041271686554
3,DiscNRX,none,723,1,0,0,0,nan,nan,-0.886041271686554
3,DiscNRX,none,724,1,0,0,0,nan,nan,-0.886041271686554
3,DiscNRX,none,725,1,0,0,0,nan,nan,-0.886041271686554
3,DiscNRX,none,726,1,0,0,0,nan,nan,-0.886041271686554
3,DiscNRX,none,727,1,0,0,0,nan,nan,-0.886041271686554
3,DiscNRX,none,728,0,1,0,0,nan,nan,-0.886041271686554
3,DiscNRX,none,729,1,0,0,0,nan,nan,-0.886041271686554
3,DiscNRX,none,730,1,0,0,0,nan,nan,-0.886041271686554
3,DiscNRX,none,731,1,0,0,0,nan,nan,-0.886041271686554
3,DiscNRX,none,732,1,0,0,0,nan,nan,-0.886041271686554
3,DiscNRX,none,733,1,0,0,0,nan,nan,-0.886041271686554
3,DiscNRX,none,734,0,1,0,0,nan,nan,-0.886041271686554
3,DiscNRX,none,735,1,0,0,0,nan,nan,-0.886041271686554
3,DiscNRX,none,736,0,1,0,0,nan,nan,-0.886041271686554
3,DiscNRX,none,737,1,0,0,0,nan,nan,-0.886041271686554
3,DiscNRX,none,738,1,0,0,0,nan,nan,-0.886041271686554
3,DiscNRX,none,739,1,0,0,0,nan,nan,-0.886041271686554
3,DiscNRX,none,740,0,1,0,0,nan,nan,-0.886041271686554
3,DiscNRX,none,741,1,0,0,0,nan,nan,-0.886041271686554
3,DiscNRX,none,742,0,1,0,0,nan,nan,-0.886041271686554
3,DiscNRX,none,743,1,0,0,0,nan,nan,-0.886041271686554
3,DiscNRX,none,744,0,1,0,0,nan,nan,-0.886041271686554
3,DiscNRX,none,745,1,0,0,0,nan,nan,-0.886041271686554
3,DiscNRX,none,746,0,1,0,0,nan,nan,-0.886041271686554
3,DiscNRX,none,747,0,1,0,0,nan,nan,-0.886041271686554
3,DiscNRX,none,748,1,0,0,0,nan,nan,-0.886041271686554
3,DiscNRX,none,749,1,0,0,0,nan,nan,-0.886041271686554
3,DiscNRX,none,750,0,1,0,0,nan,nan,-0.886041271686554
3,DiscNRX,none,751,1,0,0,0,nan,nan,-0.886041271686554
3,DiscNRX,none,752,1,0,0,0,nan,nan,-0.886041271686554
3,DiscNRX,none,753,1,0,0,0,nan,nan,-0.886041271686554
3,DiscNRX,none,754,1,0,0,0,nan,nan,-0.886041271686554
3,DiscNRX,none,755,0,1,0,0,nan,nan,-0.886041271686554
3,DiscNRX,none,756,1,0,0,0,nan,nan,-0.886041271686554
3,DiscNRX,none,757,1,0,0,0,nan,nan,-0.886041271686554
3,DiscNRX,none,758,1,0,0,0,nan,nan,-0.886041271686554
3,DiscNRX,none,759,1,0,0,0,nan,nan,-0.886041271686554
3,DiscNRX,none,760,1,0,0,0,nan,nan,-0.886041271686554
3,DiscNRX,none,761,1,0,0,0,nan,nan,-0.886041271686554
3,DiscNRX,none,762,1,0,0,0,nan,nan,-0.886041271686554
3,DiscNRX,none,763,1,0,0,0,nan,nan,-0.886041271686554
3,DiscNRX,none,764,0,1,0,0,nan,nan,-0.886041271686554
3,DiscNRX,none,765,1,0,0,0,nan,nan,-0.886041271686554
3,DiscNRX,none,766,1,0,0,0,nan,nan,-0.886041271686554
3,DiscNRX,none,767,1,0,0,0,nan,nan,-0.886041271686554
3,DiscNRX,none,768,1,0,0,0,nan,nan,-0.886041271686554
3,DiscNRX,none,769,1,0,0,0,nan,nan,-0.886041271686554
3,DiscNRX,none,770,1,0,0,0,nan,nan,-0.886041271686554
3,DiscNRX,none,771,1,0,0,0,nan,nan,-0.886041271686554
3,DiscNRX,none,772,1,0,0,0,nan,nan,-0.886041271686554
3,DiscNRX,none,773,0,1,0,0,nan,nan,-0.886041271686554
3,DiscNRX,none,774,1,0,0,0,nan,nan,-0.886041271686554
3,DiscNRX,none,775,1,0,0,0,nan,nan,-0.886041271686554
3,DiscNRX,none,776,0,1,0,0,nan,nan,-0.886041271686554
3,DiscNRX,none,777,1,0,0,0,nan,nan,-0.886041271686554
3,DiscNRX,none,778,0,1,0,0,nan,nan,-0.886041271686554
3,DiscNRX,none,779,1,0,0,0,nan,nan,-0.886041271686554
3,DiscNRX,none,780,0,1,0,0,nan,nan,-0.886041271686554
3,DiscNRX,none,781,0,1,0,0,nan,nan,-0.886041271686554
3,DiscNRX,none,782,1,0,0,0,nan,nan,-0.886041271686554
3,DiscNRX,none,783,1,0,0,0,nan,nan,-0.886041271686554
3,DiscNRX,none,784,1,0,0,0,nan,nan,-0.886041271686554
3,DiscNRX,none,785,1,0,0,0,nan,nan,-0.886041271686554
3,DiscNRX,none,786,1,0,0,0,nan,nan,-0.886041271686554
3,DiscNRX,none,787,1,0,0,0,nan,nan,-0.886041271686554
3,DiscNRX,none,788,1,0,0,0,nan,nan,-0.886041271686554
3,DiscNRX,none,789,1,0,0,0,nan,nan,-0.886041271686554
3,DiscNRX,none,790,1,0,0,0,nan,nan,-0.886041271686554
3,DiscNRX,none,791,1,0,0,0,nan,nan,-0.886041271686554
3,DiscNRX,none,792,0,1,0,0,nan,nan,-0.886041271686554
3,DiscNRX,none,793,1,0,0,0,nan,nan,-0.886041271686554
3,DiscNRX,none,794,1,0,0,0,nan,nan,-0.886041271686554
3,DiscNRX,none,795,1,0,0,0,nan,nan,-0.886041271686554
3,DiscNRX,none,796,0,1,0,0,nan,nan,-0.886041271686554
3,DiscNRX,none,797,0,1,0,0,nan,nan,-0.886041271686554
3,DiscNRX,none,798,0,1,0,0,nan,nan,-0.886041271686554
3,DiscNRX,none,799,1,0,0,0,nan,nan,-0.886041271686554
3,DiscNRX,none,800,1,0,0,0,nan,nan,-0.886041271686554
3,DiscNRX,none,801,0,1,0,0,nan,nan,-0.886041271686554
3,DiscNRX,none,802,0,1,0,0,nan,nan,-0.886041271686554
3,DiscNRX,none,803,1,0,0,0,nan,nan,-0.886041271686554
3,DiscNRX,none,804,1,0,0,0,nan,nan,-0.886041271686554
3,DiscNRX,none,805,0,1,0,0,nan,nan,-0.886041271686554
3,DiscNRX,none,806,1,0,0,0,nan,nan,-0.886041271686554
3,DiscNRX,none,807,1,0,0,0,nan,nan,-0.886041271686554
3,DiscNRX,none,808,1,0,0,0,nan,nan,-0.886041271686554
3,DiscNRX,none,809,1,0,0,0,nan,nan,-0.886041271686554
3,DiscNRX,none,810,1,0,0,0,nan,nan,-0.886041271686554
3,DiscNRX,none,811,1,0,0,0,nan,nan,-0.886041271686554
3,DiscNRX,none,812,1,0,0,0,nan,nan,-0.886041271686554
3,DiscNRX,none,813,0,1,0,0,nan,nan,-0.886041271686554
3,DiscNRX,none,814,1,0,0,0,nan,nan,-0.886041271686554
3,DiscNRX,none,815,1,0,0,0,nan,nan,-0.886041271686554
3,DiscNRX,none,816,1,0,0,0,nan,nan,-0.886041271686554
3,DiscNRX,none,817,1,0,0,0,nan,nan,-0.886041271686554
3,DiscNRX,none,818,1,0,0,0,nan,nan,-0.886041271686554
3,DiscNRX,none,819,1,0,0,0,nan,nan,-0.886041271686554
3,DiscNRX,none,820,1,0,0,0,nan,nan,-0.886041271686554
3,DiscNRX,none,821,1,0,0,0,nan,nan,-0.886041271686554
3,DiscNRX,none,822,1,0,0,0,nan,nan,-0.886041271686554
3,DiscNRX,none,823,1,0,0,0,nan,nan,-0.886041271686554
3,DiscNRX,none,824,1,0,0,0,nan,nan,-0.886041271686554
3,DiscNRX,none,825,1,0,0,0,nan,nan,-0.886041271686554
3,DiscNRX,none,826,1,0,0,0,nan,nan,-0.886041271686554
3,DiscNRX,none,827,0,1,0,0,nan,nan,-0.886041271686554
3,DiscNRX,none,828,0,1,0,0,nan,nan,-0.886041271686554
3,DiscNRX,none,829,1,0,0,0,nan,nan,-0.886041271686554
3,DiscNRX,none,830,0,1,0,0,nan,nan,-0.886041271686554
3,DiscNRX,none,831,1,0,0,0,nan,nan,-0.886041271686554
3,DiscNRX,none,832,1,0,0,0,nan,nan,-0.886041271686554
3,DiscNRX,none,833,0,1,0,0,nan,nan,-0.886041271686554
3,DiscNRX,none,834,1,0,0,0,nan,nan,-0.886041271686554
3,DiscNRX,none,835,1,0,0,0,nan,nan,-0.886041271686554
3,DiscNRX,none,836,1,0,0,0,nan,nan,-0.886041271686554
3,DiscNRX,none,837,1,0,0,0,nan,nan,-0.886041271686554
3,DiscNRX,none,838,1,0,0,0,nan,nan,-0.886041271686554
3,DiscNRX,none,839,1,0,0,0,nan,nan,-0.886041271686554
3,DiscNRX,none,840,1,0,0,0,nan,nan,-0.886041271686554
3,DiscNRX,none,841,1,0,0,0,nan,nan,-0.886041271686554
3,DiscNRX,none,842,1,0,0,0,nan,nan,-0.886041271686554
3,DiscNRX,none,843,1,0,0,0,nan,nan,-0.886041271686554
3,DiscNRX,none,844,0,1,0,0,nan,nan,-0.886041271686554
3,DiscNRX,none,845,1,0,0,0,nan,nan,-0.886041271686554
3,DiscNRX,none,846,1,0,0,0,nan,nan,-0.886041271686554
3,DiscNRX,none,847,1,0,0,0,nan,nan,-0.886041271686554
3,DiscNRX,none,848,1,0,0,0,nan,nan,-0.886041271686554
3,DiscNRX,none,849,0,1,0,0,nan,nan,-0.886041271686554
3,DiscNRX,none,850,1,0,0,0,nan,nan,-0.886041271686554
3,DiscNRX,none,851,1,0,0,0,nan,nan,-0.886041271686554
3,DiscNRX,none,852,0,1,0,0,nan,nan,-0.886041271686554
3,DiscNRX,none,853,1,0,0,0,nan,nan,-0.886041271686554
3,DiscNRX,none,854,1,0,0,0,nan,nan,-0.886041271686554
3,DiscNRX,none,855,1,0,0,0,nan,nan,-0.886041271686554
3,DiscNRX,none,856,1,0,0,0,nan,nan,-0.886041271686554
3,DiscNRX,none,857,1,0,0,0,nan,nan,-0.886041271686554
3,DiscNRX,none,858,1,0,0,0,nan,nan,-0.886041271686554
3,DiscNRX,none,859,1,0,0,0,nan,nan,-0.886041271686554
3,DiscNRX,none,860,1,0,0,0,nan,nan,-0.886041271686554
3,DiscNRX,none,861,1,0,0,0,nan,nan,-0.886041271686554
3,DiscNRX,none,862,1,0,0,0,nan,nan,-0.886041271686554
3,DiscNRX,none,863,1,0,0,0,nan,nan,-0.886041271686554
3,DiscNRX,none,864,1,0,0,0,nan,nan,-0.886041271686554
3,DiscNRX,none,865,1,0,0,0,nan,nan,-0.886041271686554
3,DiscNRX,none,866,1,0,0,0,nan,nan,-0.886041271686554
3,DiscNRX,none,867,0,1,0,0,nan,nan,-0.886041271686554
3,DiscNRX,none,868,0,1,0,0,nan,nan,-0.886041271686554
3,DiscNRX,none,869,1,0,0,0,nan,nan,-0.886041271686554
3,DiscNRX,none,870,1,0,0,0,nan,nan,-0.886041271686554
3,DiscNRX,none,871,1,0,0,0,nan,nan,-0.886041271686554
3,DiscNRX,none,872,1,0,0,0,nan,nan,-0.886041271686554
3,DiscNRX,none,873,1,0,0,0,nan,nan,-0.886041271686554
3,DiscNRX,none,874,1,0,0,0,nan,nan,-0.886041271686554
3,DiscNRX,none,875,1,0,0,0,nan,nan,-0.886041271686554
3,DiscNRX,none,876,1,0,0,0,nan,nan,-0.886041271686554
3,DiscNRX,none,877,0,1,0,0,nan,nan,-0.886041271686554
3,DiscNRX,none,878,1,0,0,0,nan,nan,-0.886041271686554
3,DiscNRX,none,879,0,1,0,0,nan,nan,-0.886041271686554
3,DiscNRX,none,880,1,0,0,0,nan,nan,-0.886041271686554
3,DiscNRX,none,881,1,0,0,0,nan,nan,-0.886041271686554
3,DiscNRX,none,882,1,0,0,0,nan,nan,-0.886041271686554
3,DiscNRX,none,883,1,0,0,0,nan,nan,-0.886041271686554
3,DiscNRX,none,884,1,0,0,0,nan,nan,-0.886041271686554
3,DiscNRX,none,885,1,0,0,0,nan,nan,-0.886041271686554
3,DiscNRX,none,886,1,0,0,0,nan,nan,-0.886041271686554
3,DiscNRX,none,887,1,0,0,0,nan,nan,-0.886041271686554
3,DiscNRX,none,888,1,0,0,0,nan,nan,-0.886041271686554
3,DiscNRX,none,889,1,0,0,0,nan,nan,-0.886041271686554
3,DiscNRX,none,890,1,0,0,0,nan,nan,-0.886041271686554
3,DiscNRX,none,891,1,0,0,0,nan,nan,-0.886041271686554
3,DiscNRX,none,892,1,0,0,0,nan,nan,-0.886041271686554
3,DiscNRX,none,893,1,0,0,0,nan,nan,-0.886041271686554
3,DiscNRX,none,894,0,1,0,0,nan,nan,-0.886041271686554
3,DiscNRX,none,895,1,0,0,0,nan,nan,-0.886041271686554
3,DiscNRX,none,896,1,0,0,0,nan,nan,-0.886041271686554
3,DiscNRX,none,897,1,0,0,0,nan,nan,-0.886041271686554
3,DiscNRX,none,898,1,0,0,0,nan,nan,-0.886041271686554
3,DiscNRX,none,899,1,0,0,0,nan,nan,-0.886041271686554
3,DiscNRX,none,900,1,0,0,0,nan,nan,-0.886041271686554
3,DiscNRX,none,901,1,0,0,0,nan,nan,-0.886041271686554
3,DiscNRX,none,902,0,1,0,0,nan,nan,-0.886041271686554
3,DiscNRX,none,903,1,0,0,0,nan,nan,-0.886041271686554
3,DiscNRX,none,904,1,0,0,0,nan,nan,-0.886041271686554
3,DiscNRX,none,905,1,0,0,0,nan,nan,-0.886041271686554
3,DiscNRX,none,906,1,0,0,0,nan,nan,-0.886041271686554
3,DiscNRX,none,907,1,0,0,0,nan,nan,-0.886041271686554
3,DiscNRX,none,908,1,0,0,0,nan,nan,-0.886041271686554
3,DiscNRX,none,909,0,1,0,0,nan,nan,-0.886041271686554
3,DiscNRX,none,910,0,1,0,0,nan,nan,-0.886041271686554
3,DiscNRX,none,911,1,0,0,0,nan,nan,-0.886041271686554
3,DiscNRX,none,912,1,0,0,0,nan,nan,-0.886041271686554
3,DiscNRX,none,913,1,0,0,0,nan,nan,-0.886041271686554
3,DiscNRX,none,914,1,0,0,0,nan,nan,-0.886041271686554
3,DiscNRX,none,915,0,1,0,0,nan,nan,-0.886041271686554
3,DiscNRX,none,916,1,0,0,0,nan,nan,-0.886041271686554
3,DiscNRX,none,917,1,0,0,0,nan,nan,-0.886041271686554
3,DiscNRX,none,918,1,0,0,0,nan,nan,-0.886041271686554
3,DiscNRX,none,919,1,0,0,0,nan,nan,-0.886041271686554
3,DiscNRX,none,920,1,0,0,0,nan,nan,-0.886041271686554
3,DiscNRX,none,921,1,0,0,0,nan,nan,-0.886041271686554
3,DiscNRX,none,922,1,0,0,0,nan,nan,-0.886041271686554
3,DiscNRX,none,923,1,0,0,0,nan,nan,-0.886041271686554
3,DiscNRX,none,924,1,0,0,0,nan,nan,-0.886041271686554
3,DiscNRX,none,925,1,0,0,0,nan,nan,-0.886041271686554
3,DiscNRX,none,926,1,0,0,0,nan,nan,-0.886041271686554
3,DiscNRX,none,927,1,0,0,0,nan,nan,-0.886041271686554
3,DiscNRX,none,928,1,0,0,0,nan,nan,-0.886041271686554
3,DiscNRX,none,929,1,0,0,0,nan,nan,-0.886041271686554
3,DiscNRX,none,930,1,0,0,0,nan,nan,-0.886041271686554
3,DiscNRX,none,931,1,0,0,0,nan,nan,-0.886041271686554
3,DiscNRX,none,932,0,1,0,0,nan,nan,-0.886041271686554
3,DiscNRX,none,933,1,0,0,0,nan,nan,-0.886041271686554
3,DiscNRX,none,934,1,0,0,0,nan,nan,-0.886041271686554
3,DiscNRX,none,935,1,0,0,0,nan,nan,-0.886041271686554
3,DiscNRX,none,936,0,1,0,0,nan,nan,-0.886041271686554
3,DiscNRX,none,937,1,0,0,0,nan,nan,-0.886041271686554
3,DiscNRX,none,938,1,0,0,0,nan,nan,-0.886041271686554
3,DiscNRX,none,939,1,0,0,0,nan,nan,-0.886041271686554
3,DiscNRX,none,940,1,0,0,0,nan,nan,-0.886041271686554
3,DiscNRX,none,941,1,0,0,0,nan,nan,-0.886041271686554
3,DiscNRX,none,942,1,0,0,0,nan,nan,-0.886041271686554
3,DiscNRX,none,943,0,1,0,0,nan,nan,-0.886041271686554
3,DiscNRX,none,944,1,0,0,0,nan,nan,-0.886041271686554
3,DiscNRX,none,945,0,1,0,0,nan,nan,-0.886041271686554
3,DiscNRX,none,946,1,0,0,0,nan,nan,-0.886041271686554
3,DiscNRX,none,947,1,0,0,0,nan,nan,-0.886041271686554
3,DiscNRX,none,948,0,1,0,0,nan,nan,-0.886041271686554
3,DiscNRX,none,949,1,0,0,0,nan,nan,-0.886041271686554
3,DiscNRX,none,950,1,0,0,0,nan,nan,-0.886041271686554
3,DiscNRX,none,951,1,0,0,0,nan,nan,-0.886041271686554
3,DiscNRX,none,952,1,0,0,0,nan,nan,-0.886041271686554
3,DiscNRX,none,953,0,1,0,0,nan,nan,-0.886041271686554
3,DiscNRX,none,954,1,0,0,0,nan,nan,-0.886041271686554
3,DiscNRX,none,955,1,0,0,0,nan,nan,-0.886041271686554
3,DiscNRX,none,956,1,0,0,0,nan,nan,-0.886041271686554
3,DiscNRX,none,957,1,0,0,0,nan,nan,-0.886041271686554
3,DiscNRX,none,958,1,0,0,0,nan,nan,-0.886041271686554
3,DiscNRX,none,959,1,0,0,0,nan,nan,-0.886041271686554
3,DiscNRX,none,960,1,0,0,0,nan,nan,-0.886041271686554
3,DiscNRX,none,961,1,0,0,0,nan,nan,-0.886041271686554
3,DiscNRX,none,962,1,0,0,0,nan,nan,-0.886041271686554
3,DiscNRX,none,963,1,0,0,0,nan,nan,-0.886041271686554
3,DiscNRX,none,964,1,0,0,0,nan,nan,-0.886041271686554
3,DiscNRX,none,965,0,1,0,0,nan,nan,-0.886041271686554
3,DiscNRX,none,966,1,0,0,0,nan,nan,-0.886041271686554
3,DiscNRX,none,967,1,0,0,0,nan,nan,-0.886041271686554
3,DiscNRX,none,968,1,0,0,0,nan,nan,-0.886041271686554
3,DiscNRX,none,969,1,0,0,0,nan,nan,-0.886041271686554
3,DiscNRX,none,970,1,0,0,0,nan,nan,-0.886041271686554
3,DiscNRX,none,971,0,1,0,0,nan,nan,-0.886041271686554
3,DiscNRX,none,972,1,0,0,0,nan,nan,-0.886041271686554
3,DiscNRX,none,973,1,0,0,0,nan,nan,-0.886041271686554
3,DiscNRX,none,974,1,0,0,0,nan,nan,-0.886041271686554
3,DiscNRX,none,975,1,0,0,0,nan,nan,-0.886041271686554
3,DiscNRX,none,976,1,0,0,0,nan,nan,-0.886041271686554
3,DiscNRX,none,977,1,0,0,0,nan,nan,-0.886041271686554
3,DiscNRX,none,978,1,0,0,0,nan,nan,-0.886041271686554
3,DiscNRX,none,979,1,0,0,0,nan,nan,-0.886041271686554
3,DiscNRX,none,980,1,0,0,0,nan,nan,-0.886041271686554
3,DiscNRX,none,981,1,0,0,0,nan,nan,-0.886041271686554
3,DiscNRX,none,982,1,0,0,0,nan,nan,-0.886041271686554
3,DiscNRX,none,983,1,0,0,0,nan,nan,-0.886041271686554
3,DiscNRX,none,984,0,1,0,0,nan,nan,-0.886041271686554
3,DiscNRX,none,985,0,1,0,0,nan,nan,-0.886041271686554
3,DiscNRX,none,986,1,0,0,0,nan,nan,-0.886041271686554
3,DiscNRX,none,987,0,1,0,0,nan,nan,-0.886041271686554
3,DiscNRX,none,988,1,0,0,0,nan,nan,-0.886041271686554
3,DiscNRX,none,989,1,0,0,0,nan,nan,-0.886041271686554
3,DiscNRX,none,990,1,0,0,0,nan,nan,-0.886041271686554
3,DiscNRX,none,991,1,0,0,0,nan,nan,-0.886041271686554
3,DiscNRX,none,992,1,0,0,0,nan,nan,-0.886041271686554
3,DiscNRX,none,993,1,0,0,0,nan,nan,-0.886041271686554
3,DiscNRX,none,994,1,0,0,0,nan,nan,-0.886041271686554
3,DiscNRX,none,995,1,0,0,0,nan,nan,-0.886041271686554
3,DiscNRX,none,996,1,0,0,0,nan,nan,-0.886041271686554
3,DiscNRX,none,997,1,0,0,0,nan,nan,-0.886041271686554
3,DiscNRX,none,998,0,1,0,0,nan,nan,-0.886041271686554
3,DiscNRX,none,999,1,0,0,0,nan,nan,-0.886041271686554
3,DiscNRX,ungated,0,1,0,0,1,32.83000000010361,nan,-0.886041271686554
3,DiscNRX,ungated,1,1,0,0,1,27.844599999752973,nan,-0.886041271686554
3,DiscNRX,ungated,2,1,0,0,1,22.512800000185962,nan,-0.886041271686554
3,DiscNRX,ungated,3,1,0,0,1,21.756099999947764,nan,-0.886041271686554
3,DiscNRX,ungated,4,1,0,0,1,23.580199999742035,nan,-0.886041271686554
3,DiscNRX,ungated,5,1,0,0,1,18.046900000172172,nan,-0.886041271686554
3,DiscNRX,ungated,6,1,0,0,1,20.935300000019197,nan,-0.886041271686554
3,DiscNRX,ungated,7,1,0,0,1,21.43210000031104,nan,-0.886041271686554
3,DiscNRX,ungated,8,1,0,0,1,21.2349000003087,nan,-0.886041271686554
3,DiscNRX,ungated,9,1,0,0,1,21.507499999643187,nan,-0.886041271686554
3,DiscNRX,ungated,10,1,0,0,1,23.36040000000139,nan,-0.886041271686554
3,DiscNRX,ungated,11,1,0,0,1,22.07219999991139,nan,-0.886041271686554
3,DiscNRX,ungated,12,1,0,0,1,21.70380000006844,nan,-0.886041271686554
3,DiscNRX,ungated,13,1,0,0,1,23.027499999898282,nan,-0.886041271686554
3,DiscNRX,ungated,14,1,0,0,1,28.614400000151363,nan,-0.886041271686554
3,DiscNRX,ungated,15,1,0,0,1,23.58219999996436,nan,-0.886041271686554
3,DiscNRX,ungated,16,1,0,0,1,25.692400000025373,nan,-0.886041271686554
3,DiscNRX,ungated,17,1,0,0,1,29.863100000056875,nan,-0.886041271686554
3,DiscNRX,ungated,18,1,0,0,1,22.259500000018306,nan,-0.886041271686554
3,DiscNRX,ungated,19,1,0,0,1,26.83230000002368,nan,-0.886041271686554
3,DiscNRX,ungated,20,1,0,0,1,25.31509999971604,nan,-0.886041271686554
3,DiscNRX,ungated,21,1,0,0,1,28.22299999979805,nan,-0.886041271686554
3,DiscNRX,ungated,22,1,0,0,1,28.219499999977415,nan,-0.886041271686554
3,DiscNRX,ungated,23,1,0,0,1,22.751900000002934,nan,-0.886041271686554
3,DiscNRX,ungated,24,1,0,0,1,25.64559999973426,nan,-0.886041271686554
3,DiscNRX,ungated,25,1,0,0,1,25.75040000010631,nan,-0.886041271686554
3,DiscNRX,ungated,26,1,0,0,1,30.443000000104803,nan,-0.886041271686554
3,DiscNRX,ungated,27,1,0,0,1,27.70730000020194,nan,-0.886041271686554
3,DiscNRX,ungated,28,1,0,0,1,24.81930000021748,nan,-0.886041271686554
3,DiscNRX,ungated,29,1,0,0,1,28.831799999807117,nan,-0.886041271686554
3,DiscNRX,ungated,30,1,0,0,1,26.72290000009525,nan,-0.886041271686554
3,DiscNRX,ungated,31,1,0,0,1,23.168400000031397,nan,-0.886041271686554
3,DiscNRX,ungated,32,1,0,0,1,21.068999999897642,nan,-0.886041271686554
3,DiscNRX,ungated,33,1,0,0,1,21.799600000122155,nan,-0.886041271686554
3,DiscNRX,ungated,34,1,0,0,1,19.98810000031881,nan,-0.886041271686554
3,DiscNRX,ungated,35,1,0,0,1,21.272200000112207,nan,-0.886041271686554
3,DiscNRX,ungated,36,1,0,0,1,21.30459999989398,nan,-0.886041271686554
3,DiscNRX,ungated,37,1,0,0,1,21.690399999897636,nan,-0.886041271686554
3,DiscNRX,ungated,38,1,0,0,1,21.31409999992684,nan,-0.886041271686554
3,DiscNRX,ungated,39,1,0,0,1,22.15299999988929,nan,-0.886041271686554
3,DiscNRX,ungated,40,1,0,0,1,22.20690000012837,nan,-0.886041271686554
3,DiscNRX,ungated,41,1,0,0,1,31.412400000135676,nan,-0.886041271686554
3,DiscNRX,ungated,42,1,0,0,1,20.29259999972055,nan,-0.886041271686554
3,DiscNRX,ungated,43,1,0,0,1,34.62629999967248,nan,-0.886041271686554
3,DiscNRX,ungated,44,1,0,0,1,27.686699999776465,nan,-0.886041271686554
3,DiscNRX,ungated,45,1,0,0,1,28.439300000172807,nan,-0.886041271686554
3,DiscNRX,ungated,46,1,0,0,1,26.363700000274548,nan,-0.886041271686554
3,DiscNRX,ungated,47,1,0,0,1,36.341600000014296,nan,-0.886041271686554
3,DiscNRX,ungated,48,1,0,0,1,23.850499999753083,nan,-0.886041271686554
3,DiscNRX,ungated,49,1,0,0,1,26.36419999998907,nan,-0.886041271686554
3,DiscNRX,ungated,50,1,0,0,1,31.369400000130554,nan,-0.886041271686554
3,DiscNRX,ungated,51,1,0,0,1,26.211399999738205,nan,-0.886041271686554
3,DiscNRX,ungated,52,1,0,0,1,29.07310000000507,nan,-0.886041271686554
3,DiscNRX,ungated,53,1,0,0,1,27.70779999991646,nan,-0.886041271686554
3,DiscNRX,ungated,54,1,0,0,1,24.029499999869586,nan,-0.886041271686554
3,DiscNRX,ungated,55,1,0,0,1,23.780700000315846,nan,-0.886041271686554
3,DiscNRX,ungated,56,1,0,0,1,21.09359999985827,nan,-0.886041271686554
3,DiscNRX,ungated,57,1,0,0,1,21.263700000417884,nan,-0.886041271686554
3,DiscNRX,ungated,58,1,0,0,1,22.998699999789096,nan,-0.886041271686554
3,DiscNRX,ungated,59,1,0,0,1,20.275200000014593,nan,-0.886041271686554
3,DiscNRX,ungated,60,1,0,0,1,24.743899999975838,nan,-0.886041271686554
3,DiscNRX,ungated,61,1,0,0,1,17.468799999733164,nan,-0.886041271686554
3,DiscNRX,ungated,62,1,0,0,1,22.346199999901728,nan,-0.886041271686554
3,DiscNRX,ungated,63,1,0,0,1,23.443200000201614,nan,-0.886041271686554
3,DiscNRX,ungated,64,1,0,0,1,26.005700000041543,nan,-0.886041271686554
3,DiscNRX,ungated,65,1,0,0,1,26.468300000033196,nan,-0.886041271686554
3,DiscNRX,ungated,66,1,0,0,1,30.18980000024385,nan,-0.886041271686554
3,DiscNRX,ungated,67,1,0,0,1,24.531200000183162,nan,-0.886041271686554
3,DiscNRX,ungated,68,1,0,0,1,22.08539999992354,nan,-0.886041271686554
3,DiscNRX,ungated,69,1,0,0,1,26.908999999704974,nan,-0.886041271686554
3,DiscNRX,ungated,70,1,0,0,1,23.46750000015163,nan,-0.886041271686554
3,DiscNRX,ungated,71,1,0,0,1,30.193400000371184,nan,-0.886041271686554
3,DiscNRX,ungated,72,1,0,0,1,34.46009999970556,nan,-0.886041271686554
3,DiscNRX,ungated,73,1,0,0,1,24.077200000192533,nan,-0.886041271686554
3,DiscNRX,ungated,74,1,0,0,1,30.106899999736925,nan,-0.886041271686554
3,DiscNRX,ungated,75,1,0,0,1,27.154500000051485,nan,-0.886041271686554
3,DiscNRX,ungated,76,1,0,0,1,28.80430000004708,nan,-0.886041271686554
3,DiscNRX,ungated,77,1,0,0,1,25.40480000016032,nan,-0.886041271686554
3,DiscNRX,ungated,78,1,0,0,1,24.245799999789597,nan,-0.886041271686554
3,DiscNRX,ungated,79,1,0,0,1,25.19159999974363,nan,-0.886041271686554
3,DiscNRX,ungated,80,1,0,0,1,22.25459999999657,nan,-0.886041271686554
3,DiscNRX,ungated,81,1,0,0,1,21.09359999985827,nan,-0.886041271686554
3,DiscNRX,ungated,82,1,0,0,1,23.14879999994446,nan,-0.886041271686554
3,DiscNRX,ungated,83,1,0,0,1,23.498000000017782,nan,-0.886041271686554
3,DiscNRX,ungated,84,1,0,0,1,22.65750000015032,nan,-0.886041271686554
3,DiscNRX,ungated,85,1,0,0,1,25.163400000110414,nan,-0.886041271686554
3,DiscNRX,ungated,86,1,0,0,1,20.49059999990277,nan,-0.886041271686554
3,DiscNRX,ungated,87,1,0,0,1,27.471500000046944,nan,-0.886041271686554
3,DiscNRX,ungated,88,1,0,0,1,21.893400000408292,nan,-0.886041271686554
3,DiscNRX,ungated,89,1,0,0,1,31.33430000025328,nan,-0.886041271686554
3,DiscNRX,ungated,90,1,0,0,1,30.13470000041707,nan,-0.886041271686554
3,DiscNRX,ungated,91,1,0,0,1,37.889000000177475,nan,-0.886041271686554
3,DiscNRX,ungated,92,1,0,0,1,26.127199999791628,nan,-0.886041271686554
3,DiscNRX,ungated,93,1,0,0,1,24.785999999949127,nan,-0.886041271686554
3,DiscNRX,ungated,94,1,0,0,1,32.44029999996201,nan,-0.886041271686554
3,DiscNRX,ungated,95,1,0,0,1,24.6846000000005,nan,-0.886041271686554
3,DiscNRX,ungated,96,1,0,0,1,34.53140000010535,nan,-0.886041271686554
3,DiscNRX,ungated,97,1,0,0,1,23.81340000010823,nan,-0.886041271686554
3,DiscNRX,ungated,98,1,0,0,1,23.149799999828247,nan,-0.886041271686554
3,DiscNRX,ungated,99,1,0,0,1,24.491300000136107,nan,-0.886041271686554
3,DiscNRX,ungated,100,1,0,0,1,21.805100000165112,nan,-0.886041271686554
3,DiscNRX,ungated,101,1,0,0,1,20.88340000000244,nan,-0.886041271686554
3,DiscNRX,ungated,102,1,0,0,1,23.493799999869225,nan,-0.886041271686554
3,DiscNRX,ungated,103,1,0,0,1,20.54469999984576,nan,-0.886041271686554
3,DiscNRX,ungated,104,1,0,0,1,21.48689999967246,nan,-0.886041271686554
3,DiscNRX,ungated,105,1,0,0,1,22.296799999821815,nan,-0.886041271686554
3,DiscNRX,ungated,106,1,0,0,1,25.06199999970704,nan,-0.886041271686554
3,DiscNRX,ungated,107,1,0,0,1,19.486499999857188,nan,-0.886041271686554
3,DiscNRX,ungated,108,1,0,0,1,22.048199999971985,nan,-0.886041271686554
3,DiscNRX,ungated,109,1,0,0,1,24.79189999985465,nan,-0.886041271686554
3,DiscNRX,ungated,110,1,0,0,1,19.245699999828503,nan,-0.886041271686554
3,DiscNRX,ungated,111,1,0,0,1,21.560700000009092,nan,-0.886041271686554
3,DiscNRX,ungated,112,1,0,0,1,24.15770000015982,nan,-0.886041271686554
3,DiscNRX,ungated,113,1,0,0,1,25.311899999906018,nan,-0.886041271686554
3,DiscNRX,ungated,114,1,0,0,1,26.586399999814603,nan,-0.886041271686554
3,DiscNRX,ungated,115,1,0,0,1,29.191699999955745,nan,-0.886041271686554
3,DiscNRX,ungated,116,1,0,0,1,30.736500000330125,nan,-0.886041271686554
3,DiscNRX,ungated,117,1,0,0,1,28.299900000092748,nan,-0.886041271686554
3,DiscNRX,ungated,118,1,0,0,1,26.033700000425597,nan,-0.886041271686554
3,DiscNRX,ungated,119,1,0,0,1,28.315999999904307,nan,-0.886041271686554
3,DiscNRX,ungated,120,1,0,0,1,31.554900000173802,nan,-0.886041271686554
3,DiscNRX,ungated,121,1,0,0,1,21.35679999992135,nan,-0.886041271686554
3,DiscNRX,ungated,122,1,0,0,1,32.7674999998635,nan,-0.886041271686554
3,DiscNRX,ungated,123,1,0,0,1,32.117400000061025,nan,-0.886041271686554
3,DiscNRX,ungated,124,1,0,0,1,33.05020000016157,nan,-0.886041271686554
3,DiscNRX,ungated,125,1,0,0,1,51.01359999980559,nan,-0.886041271686554
3,DiscNRX,ungated,126,1,0,0,1,28.12660000017786,nan,-0.886041271686554
3,DiscNRX,ungated,127,1,0,0,1,23.40649999996458,nan,-0.886041271686554
3,DiscNRX,ungated,128,1,0,0,1,24.34339999990698,nan,-0.886041271686554
3,DiscNRX,ungated,129,1,0,0,1,20.49639999995634,nan,-0.886041271686554
3,DiscNRX,ungated,130,1,0,0,1,20.37960000006933,nan,-0.886041271686554
3,DiscNRX,ungated,131,1,0,0,1,20.33579999988433,nan,-0.886041271686554
3,DiscNRX,ungated,132,1,0,0,1,23.508700000093086,nan,-0.886041271686554
3,DiscNRX,ungated,133,1,0,0,1,22.61099999986982,nan,-0.886041271686554
3,DiscNRX,ungated,134,1,0,0,1,20.386799999869254,nan,-0.886041271686554
3,DiscNRX,ungated,135,1,0,0,1,27.7765000000727,nan,-0.886041271686554
3,DiscNRX,ungated,136,1,0,0,1,24.49099999967075,nan,-0.886041271686554
3,DiscNRX,ungated,137,1,0,0,1,21.433600000364095,nan,-0.886041271686554
3,DiscNRX,ungated,138,1,0,0,1,21.01989999982834,nan,-0.886041271686554
3,DiscNRX,ungated,139,1,0,0,1,22.18929999980901,nan,-0.886041271686554
3,DiscNRX,ungated,140,1,0,0,1,23.4440999997787,nan,-0.886041271686554
3,DiscNRX,ungated,141,1,0,0,1,23.76079999976355,nan,-0.886041271686554
3,DiscNRX,ungated,142,1,0,0,1,24.01430000008986,nan,-0.886041271686554
3,DiscNRX,ungated,143,1,0,0,1,27.192600000034872,nan,-0.886041271686554
3,DiscNRX,ungated,144,1,0,0,1,25.530299999900308,nan,-0.886041271686554
3,DiscNRX,ungated,145,1,0,0,1,27.525800000148593,nan,-0.886041271686554
3,DiscNRX,ungated,146,1,0,0,1,22.081900000102905,nan,-0.886041271686554
3,DiscNRX,ungated,147,1,0,0,1,27.54270000014003,nan,-0.886041271686554
3,DiscNRX,ungated,148,1,0,0,1,27.9845000000023,nan,-0.886041271686554
3,DiscNRX,ungated,149,1,0,0,1,25.45620000000781,nan,-0.886041271686554
3,DiscNRX,ungated,150,1,0,0,1,26.117599999906815,nan,-0.886041271686554
3,DiscNRX,ungated,151,1,0,0,1,24.62629999990895,nan,-0.886041271686554
3,DiscNRX,ungated,152,1,0,0,1,23.71660000017073,nan,-0.886041271686554
3,DiscNRX,ungated,153,1,0,0,1,24.50169999974605,nan,-0.886041271686554
3,DiscNRX,ungated,154,1,0,0,1,22.559500000170374,nan,-0.886041271686554
3,DiscNRX,ungated,155,1,0,0,1,22.7986999998393,nan,-0.886041271686554
3,DiscNRX,ungated,156,1,0,0,1,25.757599999906233,nan,-0.886041271686554
3,DiscNRX,ungated,157,1,0,0,1,23.01309999984369,nan,-0.886041271686554
3,DiscNRX,ungated,158,1,0,0,1,24.25600000015038,nan,-0.886041271686554
3,DiscNRX,ungated,159,1,0,0,1,24.432700000033947,nan,-0.886041271686554
3,DiscNRX,ungated,160,1,0,0,1,23.756300000059127,nan,-0.886041271686554
3,DiscNRX,ungated,161,1,0,0,1,26.39080000017202,nan,-0.886041271686554
3,DiscNRX,ungated,162,1,0,0,1,26.75390000013067,nan,-0.886041271686554
3,DiscNRX,ungated,163,1,0,0,1,27.015399999982037,nan,-0.886041271686554
3,DiscNRX,ungated,164,1,0,0,1,23.693900000125723,nan,-0.886041271686554
3,DiscNRX,ungated,165,1,0,0,1,22.751399999833666,nan,-0.886041271686554
3,DiscNRX,ungated,166,1,0,0,1,24.908400000185793,nan,-0.886041271686554
3,DiscNRX,ungated,167,1,0,0,1,24.756799999977375,nan,-0.886041271686554
3,DiscNRX,ungated,168,1,0,0,1,23.16019999989294,nan,-0.886041271686554
3,DiscNRX,ungated,169,1,0,0,1,25.59590000009848,nan,-0.886041271686554
3,DiscNRX,ungated,170,1,0,0,1,27.71009999969465,nan,-0.886041271686554
3,DiscNRX,ungated,171,1,0,0,1,30.31220000002577,nan,-0.886041271686554
3,DiscNRX,ungated,172,1,0,0,1,25.83279999998922,nan,-0.886041271686554
3,DiscNRX,ungated,173,1,0,0,1,24.419099999704486,nan,-0.886041271686554
3,DiscNRX,ungated,174,1,0,0,1,33.438699999805976,nan,-0.886041271686554
3,DiscNRX,ungated,175,1,0,0,1,29.320999999981723,nan,-0.886041271686554
3,DiscNRX,ungated,176,1,0,0,1,25.892299999668467,nan,-0.886041271686554
3,DiscNRX,ungated,177,1,0,0,1,25.282199999764998,nan,-0.886041271686554
3,DiscNRX,ungated,178,1,0,0,1,22.255200000017794,nan,-0.886041271686554
3,DiscNRX,ungated,179,1,0,0,1,23.775600000135455,nan,-0.886041271686554
3,DiscNRX,ungated,180,1,0,0,1,27.91830000023765,nan,-0.886041271686554
3,DiscNRX,ungated,181,1,0,0,1,22.830400000202644,nan,-0.886041271686554
3,DiscNRX,ungated,182,1,0,0,1,25.486800000180665,nan,-0.886041271686554
3,DiscNRX,ungated,183,1,0,0,1,23.411699999996927,nan,-0.886041271686554
3,DiscNRX,ungated,184,1,0,0,1,22.348100000272098,nan,-0.886041271686554
3,DiscNRX,ungated,185,1,0,0,1,27.20069999986663,nan,-0.886041271686554
3,DiscNRX,ungated,186,1,0,0,1,29.31300000000192,nan,-0.886041271686554
3,DiscNRX,ungated,187,1,0,0,1,37.74669999984326,nan,-0.886041271686554
3,DiscNRX,ungated,188,1,0,0,1,29.20270000004166,nan,-0.886041271686554
3,DiscNRX,ungated,189,1,0,0,1,26.669700000184093,nan,-0.886041271686554
3,DiscNRX,ungated,190,1,0,0,1,34.883499999978085,nan,-0.886041271686554
3,DiscNRX,ungated,191,1,0,0,1,29.00820000013482,nan,-0.886041271686554
3,DiscNRX,ungated,192,1,0,0,1,32.956000000012864,nan,-0.886041271686554
3,DiscNRX,ungated,193,1,0,0,1,33.13780000007682,nan,-0.886041271686554
3,DiscNRX,ungated,194,1,0,0,1,27.970099999947706,nan,-0.886041271686554
3,DiscNRX,ungated,195,1,0,0,1,30.910099999800877,nan,-0.886041271686554
3,DiscNRX,ungated,196,1,0,0,1,32.38050000027215,nan,-0.886041271686554
3,DiscNRX,ungated,197,1,0,0,1,34.782000000177504,nan,-0.886041271686554
3,DiscNRX,ungated,198,1,0,0,1,33.573299999716255,nan,-0.886041271686554
3,DiscNRX,ungated,199,1,0,0,1,24.41899999985253,nan,-0.886041271686554
3,DiscNRX,ungated,200,1,0,0,1,26.64120000008552,nan,-0.886041271686554
3,DiscNRX,ungated,201,1,0,0,1,25.609199999962584,nan,-0.886041271686554
3,DiscNRX,ungated,202,1,0,0,1,25.236299999960465,nan,-0.886041271686554
3,DiscNRX,ungated,203,1,0,0,1,24.48129999993398,nan,-0.886041271686554
3,DiscNRX,ungated,204,1,0,0,1,29.738799999904586,nan,-0.886041271686554
3,DiscNRX,ungated,205,1,0,0,1,25.88500000001659,nan,-0.886041271686554
3,DiscNRX,ungated,206,1,0,0,1,28.152400000180933,nan,-0.886041271686554
3,DiscNRX,ungated,207,1,0,0,1,24.358800000300107,nan,-0.886041271686554
3,DiscNRX,ungated,208,1,0,0,1,32.81639999977415,nan,-0.886041271686554
3,DiscNRX,ungated,209,1,0,0,1,29.882199999974546,nan,-0.886041271686554
3,DiscNRX,ungated,210,1,0,0,1,27.649099999962345,nan,-0.886041271686554
3,DiscNRX,ungated,211,1,0,0,1,24.660799999765004,nan,-0.886041271686554
3,DiscNRX,ungated,212,1,0,0,1,24.334000000180822,nan,-0.886041271686554
3,DiscNRX,ungated,213,1,0,0,1,27.069400000073074,nan,-0.886041271686554
3,DiscNRX,ungated,214,1,0,0,1,32.11359999977503,nan,-0.886041271686554
3,DiscNRX,ungated,215,1,0,0,1,33.022600000094826,nan,-0.886041271686554
3,DiscNRX,ungated,216,1,0,0,1,26.233900000079302,nan,-0.886041271686554
3,DiscNRX,ungated,217,1,0,0,1,27.96940000007453,nan,-0.886041271686554
3,DiscNRX,ungated,218,1,0,0,1,31.283499999972264,nan,-0.886041271686554
3,DiscNRX,ungated,219,1,0,0,1,25.95340000016222,nan,-0.886041271686554
3,DiscNRX,ungated,220,1,0,0,1,30.09619999966162,nan,-0.886041271686554
3,DiscNRX,ungated,221,1,0,0,1,29.91489999976693,nan,-0.886041271686554
3,DiscNRX,ungated,222,1,0,0,1,26.808299999629526,nan,-0.886041271686554
3,DiscNRX,ungated,223,1,0,0,1,23.66470000015397,nan,-0.886041271686554
3,DiscNRX,ungated,224,1,0,0,1,24.29789999996501,nan,-0.886041271686554
3,DiscNRX,ungated,225,1,0,0,1,23.48230000006879,nan,-0.886041271686554
3,DiscNRX,ungated,226,1,0,0,1,25.01639999991312,nan,-0.886041271686554
3,DiscNRX,ungated,227,1,0,0,1,20.75860000013563,nan,-0.886041271686554
3,DiscNRX,ungated,228,1,0,0,1,21.594499999991967,nan,-0.886041271686554
3,DiscNRX,ungated,229,1,0,0,1,43.80300000002535,nan,-0.886041271686554
3,DiscNRX,ungated,230,1,0,0,1,30.62739999995756,nan,-0.886041271686554
3,DiscNRX,ungated,231,1,0,0,1,30.025900000055117,nan,-0.886041271686554
3,DiscNRX,ungated,232,1,0,0,1,25.84339999975782,nan,-0.886041271686554
3,DiscNRX,ungated,233,1,0,0,1,25.895199999922625,nan,-0.886041271686554
3,DiscNRX,ungated,234,1,0,0,1,25.702599999931408,nan,-0.886041271686554
3,DiscNRX,ungated,235,1,0,0,1,29.565499999989697,nan,-0.886041271686554
3,DiscNRX,ungated,236,1,0,0,1,22.029599999768834,nan,-0.886041271686554
3,DiscNRX,ungated,237,1,0,0,1,25.377800000114803,nan,-0.886041271686554
3,DiscNRX,ungated,238,1,0,0,1,24.501599999894097,nan,-0.886041271686554
3,DiscNRX,ungated,239,1,0,0,1,23.299100000258477,nan,-0.886041271686554
3,DiscNRX,ungated,240,1,0,0,1,24.98730000024807,nan,-0.886041271686554
3,DiscNRX,ungated,241,1,0,0,1,24.472399999922345,nan,-0.886041271686554
3,DiscNRX,ungated,242,1,0,0,1,27.126899999984744,nan,-0.886041271686554
3,DiscNRX,ungated,243,1,0,0,1,28.644399999848247,nan,-0.886041271686554
3,DiscNRX,ungated,244,1,0,0,1,30.042599999887898,nan,-0.886041271686554
3,DiscNRX,ungated,245,1,0,0,1,21.106899999722373,nan,-0.886041271686554
3,DiscNRX,ungated,246,1,0,0,1,25.857000000087282,nan,-0.886041271686554
3,DiscNRX,ungated,247,1,0,0,1,22.746699999970588,nan,-0.886041271686554
3,DiscNRX,ungated,248,1,0,0,1,21.901900000102614,nan,-0.886041271686554
3,DiscNRX,ungated,249,1,0,0,1,28.888499999993655,nan,-0.886041271686554
3,DiscNRX,ungated,250,1,0,0,1,22.617800000261923,nan,-0.886041271686554
3,DiscNRX,ungated,251,1,0,0,1,22.476999999980762,nan,-0.886041271686554
3,DiscNRX,ungated,252,1,0,0,1,23.334200000135752,nan,-0.886041271686554
3,DiscNRX,ungated,253,1,0,0,1,26.205300000128773,nan,-0.886041271686554
3,DiscNRX,ungated,254,1,0,0,1,29.498899999907735,nan,-0.886041271686554
3,DiscNRX,ungated,255,1,0,0,1,26.859999999942374,nan,-0.886041271686554
3,DiscNRX,ungated,256,1,0,0,1,29.203399999914836,nan,-0.886041271686554
3,DiscNRX,ungated,257,1,0,0,1,28.87009999994916,nan,-0.886041271686554
3,DiscNRX,ungated,258,1,0,0,1,28.963600000224687,nan,-0.886041271686554
3,DiscNRX,ungated,259,1,0,0,1,41.469900000265625,nan,-0.886041271686554
3,DiscNRX,ungated,260,1,0,0,1,27.097700000012992,nan,-0.886041271686554
3,DiscNRX,ungated,261,1,0,0,1,24.77420000013808,nan,-0.886041271686554
3,DiscNRX,ungated,262,1,0,0,1,23.02659999986645,nan,-0.886041271686554
3,DiscNRX,ungated,263,1,0,0,1,24.078200000076322,nan,-0.886041271686554
3,DiscNRX,ungated,264,1,0,0,1,20.11609999999564,nan,-0.886041271686554
3,DiscNRX,ungated,265,1,0,0,1,23.607300000094256,nan,-0.886041271686554
3,DiscNRX,ungated,266,1,0,0,1,23.478000000068278,nan,-0.886041271686554
3,DiscNRX,ungated,267,1,0,0,1,23.666600000069593,nan,-0.886041271686554
3,DiscNRX,ungated,268,1,0,0,1,25.928700000349636,nan,-0.886041271686554
3,DiscNRX,ungated,269,1,0,0,1,22.094700000252487,nan,-0.886041271686554
3,DiscNRX,ungated,270,1,0,0,1,19.568400000025576,nan,-0.886041271686554
3,DiscNRX,ungated,271,1,0,0,1,22.555600000032427,nan,-0.886041271686554
3,DiscNRX,ungated,272,1,0,0,1,23.449100000107137,nan,-0.886041271686554
3,DiscNRX,ungated,273,1,0,0,1,31.928100000186532,nan,-0.886041271686554
3,DiscNRX,ungated,274,1,0,0,1,21.490800000265153,nan,-0.886041271686554
3,DiscNRX,ungated,275,1,0,0,1,22.16439999983777,nan,-0.886041271686554
3,DiscNRX,ungated,276,1,0,0,1,21.602899999834335,nan,-0.886041271686554
3,DiscNRX,ungated,277,1,0,0,1,23.334999999860884,nan,-0.886041271686554
3,DiscNRX,ungated,278,1,0,0,1,25.456799999574287,nan,-0.886041271686554
3,DiscNRX,ungated,279,1,0,0,1,27.014499999950203,nan,-0.886041271686554
3,DiscNRX,ungated,280,1,0,0,1,33.19500000043263,nan,-0.886041271686554
3,DiscNRX,ungated,281,1,0,0,1,29.4463000000178,nan,-0.886041271686554
3,DiscNRX,ungated,282,1,0,0,1,26.534900000115158,nan,-0.886041271686554
3,DiscNRX,ungated,283,1,0,0,1,31.638399999792455,nan,-0.886041271686554
3,DiscNRX,ungated,284,1,0,0,1,25.1975000001039,nan,-0.886041271686554
3,DiscNRX,ungated,285,1,0,0,1,30.33610000011322,nan,-0.886041271686554
3,DiscNRX,ungated,286,1,0,0,1,30.468500000097265,nan,-0.886041271686554
3,DiscNRX,ungated,287,1,0,0,1,23.575300000175048,nan,-0.886041271686554
3,DiscNRX,ungated,288,1,0,0,1,23.88520000022254,nan,-0.886041271686554
3,DiscNRX,ungated,289,1,0,0,1,25.33640000001469,nan,-0.886041271686554
3,DiscNRX,ungated,290,1,0,0,1,25.64990000018952,nan,-0.886041271686554
3,DiscNRX,ungated,291,1,0,0,1,20.187000000078115,nan,-0.886041271686554
3,DiscNRX,ungated,292,1,0,0,1,22.225900000194088,nan,-0.886041271686554
3,DiscNRX,ungated,293,1,0,0,1,22.657800000160933,nan,-0.886041271686554
3,DiscNRX,ungated,294,1,0,0,1,18.753899999865098,nan,-0.886041271686554
3,DiscNRX,ungated,295,1,0,0,1,22.577499999897555,nan,-0.886041271686554
3,DiscNRX,ungated,296,1,0,0,1,22.572200000013254,nan,-0.886041271686554
3,DiscNRX,ungated,297,1,0,0,1,19.212600000173552,nan,-0.886041271686554
3,DiscNRX,ungated,298,1,0,0,1,21.028300000125455,nan,-0.886041271686554
3,DiscNRX,ungated,299,1,0,0,1,17.355400000269583,nan,-0.886041271686554
3,DiscNRX,ungated,300,1,0,0,1,22.371300000031624,nan,-0.886041271686554
3,DiscNRX,ungated,301,1,0,0,1,21.97950000027049,nan,-0.886041271686554
3,DiscNRX,ungated,302,1,0,0,1,23.72170000035112,nan,-0.886041271686554
3,DiscNRX,ungated,303,1,0,0,1,33.866499999930966,nan,-0.886041271686554
3,DiscNRX,ungated,304,1,0,0,1,25.908899999649293,nan,-0.886041271686554
3,DiscNRX,ungated,305,1,0,0,1,34.350500000073225,nan,-0.886041271686554
3,DiscNRX,ungated,306,1,0,0,1,23.60259999977643,nan,-0.886041271686554
3,DiscNRX,ungated,307,1,0,0,1,26.041800000257354,nan,-0.886041271686554
3,DiscNRX,ungated,308,1,0,0,1,23.62349999975777,nan,-0.886041271686554
3,DiscNRX,ungated,309,1,0,0,1,24.67739999974583,nan,-0.886041271686554
3,DiscNRX,ungated,310,1,0,0,1,28.327200000148878,nan,-0.886041271686554
3,DiscNRX,ungated,311,1,0,0,1,24.180899999919347,nan,-0.886041271686554
3,DiscNRX,ungated,312,1,0,0,1,26.9533999999112,nan,-0.886041271686554
3,DiscNRX,ungated,313,1,0,0,1,26.422399999773916,nan,-0.886041271686554
3,DiscNRX,ungated,314,1,0,0,1,27.145999999902415,nan,-0.886041271686554
3,DiscNRX,ungated,315,1,0,0,1,24.39760000015667,nan,-0.886041271686554
3,DiscNRX,ungated,316,1,0,0,1,25.340300000152638,nan,-0.886041271686554
3,DiscNRX,ungated,317,1,0,0,1,28.25589999974909,nan,-0.886041271686554
3,DiscNRX,ungated,318,1,0,0,1,24.96179999980086,nan,-0.886041271686554
3,DiscNRX,ungated,319,1,0,0,1,25.888799999847834,nan,-0.886041271686554
3,DiscNRX,ungated,320,1,0,0,1,21.815499999775056,nan,-0.886041271686554
3,DiscNRX,ungated,321,1,0,0,1,21.48350000015853,nan,-0.886041271686554
3,DiscNRX,ungated,322,1,0,0,1,22.846500000014203,nan,-0.886041271686554
3,DiscNRX,ungated,323,1,0,0,1,23.139500000070257,nan,-0.886041271686554
3,DiscNRX,ungated,324,1,0,0,1,21.94420000023456,nan,-0.886041271686554
3,DiscNRX,ungated,325,1,0,0,1,21.790299999793206,nan,-0.886041271686554
3,DiscNRX,ungated,326,1,0,0,1,21.212699999978213,nan,-0.886041271686554
3,DiscNRX,ungated,327,1,0,0,1,22.702400000071066,nan,-0.886041271686554
3,DiscNRX,ungated,328,1,0,0,1,26.277700000264304,nan,-0.886041271686554
3,DiscNRX,ungated,329,1,0,0,1,26.267700000062177,nan,-0.886041271686554
3,DiscNRX,ungated,330,1,0,0,1,41.52300000032483,nan,-0.886041271686554
3,DiscNRX,ungated,331,1,0,0,1,23.59020000039891,nan,-0.886041271686554
3,DiscNRX,ungated,332,1,0,0,1,33.38560000020152,nan,-0.886041271686554
3,DiscNRX,ungated,333,1,0,0,1,24.31139999998777,nan,-0.886041271686554
3,DiscNRX,ungated,334,1,0,0,1,24.125200000071345,nan,-0.886041271686554
3,DiscNRX,ungated,335,1,0,0,1,24.9469999998837,nan,-0.886041271686554
3,DiscNRX,ungated,336,1,0,0,1,28.26950000007855,nan,-0.886041271686554
3,DiscNRX,ungated,337,1,0,0,1,30.482500000289292,nan,-0.886041271686554
3,DiscNRX,ungated,338,1,0,0,1,31.28740000011021,nan,-0.886041271686554
3,DiscNRX,ungated,339,1,0,0,1,29.944000000341475,nan,-0.886041271686554
3,DiscNRX,ungated,340,1,0,0,1,33.71310000011363,nan,-0.886041271686554
3,DiscNRX,ungated,341,1,0,0,1,35.52570000010746,nan,-0.886041271686554
3,DiscNRX,ungated,342,1,0,0,1,25.17619999980525,nan,-0.886041271686554
3,DiscNRX,ungated,343,1,0,0,1,24.645299999974668,nan,-0.886041271686554
3,DiscNRX,ungated,344,1,0,0,1,24.652099999912025,nan,-0.886041271686554
3,DiscNRX,ungated,345,1,0,0,1,26.765999999952328,nan,-0.886041271686554
3,DiscNRX,ungated,346,1,0,0,1,20.934699999997974,nan,-0.886041271686554
3,DiscNRX,ungated,347,1,0,0,1,22.7071999997861,nan,-0.886041271686554
3,DiscNRX,ungated,348,1,0,0,1,19.56919999975071,nan,-0.886041271686554
3,DiscNRX,ungated,349,1,0,0,1,20.56349999975282,nan,-0.886041271686554
3,DiscNRX,ungated,350,1,0,0,1,22.42630000000645,nan,-0.886041271686554
3,DiscNRX,ungated,351,1,0,0,1,21.55880000009347,nan,-0.886041271686554
3,DiscNRX,ungated,352,1,0,0,1,19.664899999952468,nan,-0.886041271686554
3,DiscNRX,ungated,353,1,0,0,1,23.231599999689934,nan,-0.886041271686554
3,DiscNRX,ungated,354,1,0,0,1,23.786400000062713,nan,-0.886041271686554
3,DiscNRX,ungated,355,1,0,0,1,23.47230000032141,nan,-0.886041271686554
3,DiscNRX,ungated,356,1,0,0,1,21.458899999743153,nan,-0.886041271686554
3,DiscNRX,ungated,357,1,0,0,1,32.85569999979998,nan,-0.886041271686554
3,DiscNRX,ungated,358,1,0,0,1,27.190600000267295,nan,-0.886041271686554
3,DiscNRX,ungated,359,1,0,0,1,25.455299999975978,nan,-0.886041271686554
3,DiscNRX,ungated,360,1,0,0,1,31.703599999673315,nan,-0.886041271686554
3,DiscNRX,ungated,361,1,0,0,1,27.389599999878556,nan,-0.886041271686554
3,DiscNRX,ungated,362,1,0,0,1,27.247100000295177,nan,-0.886041271686554
3,DiscNRX,ungated,363,1,0,0,1,24.644199999784178,nan,-0.886041271686554
3,DiscNRX,ungated,364,1,0,0,1,22.592599999825325,nan,-0.886041271686554
3,DiscNRX,ungated,365,1,0,0,1,29.186400000071444,nan,-0.886041271686554
3,DiscNRX,ungated,366,1,0,0,1,33.447399999658955,nan,-0.886041271686554
3,DiscNRX,ungated,367,1,0,0,1,24.09110000007786,nan,-0.886041271686554
3,DiscNRX,ungated,368,1,0,0,1,23.29139999983454,nan,-0.886041271686554
3,DiscNRX,ungated,369,1,0,0,1,19.63019999993776,nan,-0.886041271686554
3,DiscNRX,ungated,370,1,0,0,1,30.698600000050646,nan,-0.886041271686554
3,DiscNRX,ungated,371,1,0,0,1,21.740399999998772,nan,-0.886041271686554
3,DiscNRX,ungated,372,1,0,0,1,23.315700000239303,nan,-0.886041271686554
3,DiscNRX,ungated,373,1,0,0,1,20.375699999931385,nan,-0.886041271686554
3,DiscNRX,ungated,374,1,0,0,1,20.648300000175368,nan,-0.886041271686554
3,DiscNRX,ungated,375,1,0,0,1,22.254200000134006,nan,-0.886041271686554
3,DiscNRX,ungated,376,1,0,0,1,23.140199999943434,nan,-0.886041271686554
3,DiscNRX,ungated,377,1,0,0,1,22.524500000145053,nan,-0.886041271686554
3,DiscNRX,ungated,378,1,0,0,1,21.6389999995954,nan,-0.886041271686554
3,DiscNRX,ungated,379,1,0,0,1,22.94499999970867,nan,-0.886041271686554
3,DiscNRX,ungated,380,1,0,0,1,21.503800000118645,nan,-0.886041271686554
3,DiscNRX,ungated,381,1,0,0,1,21.499999999832653,nan,-0.886041271686554
3,DiscNRX,ungated,382,1,0,0,1,26.630800000020827,nan,-0.886041271686554
3,DiscNRX,ungated,383,1,0,0,1,23.97419999988415,nan,-0.886041271686554
3,DiscNRX,ungated,384,1,0,0,1,23.6058000000412,nan,-0.886041271686554
3,DiscNRX,ungated,385,1,0,0,1,27.51299999999901,nan,-0.886041271686554
3,DiscNRX,ungated,386,1,0,0,1,26.069900000038615,nan,-0.886041271686554
3,DiscNRX,ungated,387,1,0,0,1,27.092799999991257,nan,-0.886041271686554
3,DiscNRX,ungated,388,1,0,0,1,26.93279999994047,nan,-0.886041271686554
3,DiscNRX,ungated,389,1,0,0,1,33.15429999975095,nan,-0.886041271686554
3,DiscNRX,ungated,390,1,0,0,1,29.235099999823433,nan,-0.886041271686554
3,DiscNRX,ungated,391,1,0,0,1,32.05949999983204,nan,-0.886041271686554
3,DiscNRX,ungated,392,1,0,0,1,24.45339999985663,nan,-0.886041271686554
3,DiscNRX,ungated,393,1,0,0,1,26.579800000035902,nan,-0.886041271686554
3,DiscNRX,ungated,394,1,0,0,1,20.607899999959045,nan,-0.886041271686554
3,DiscNRX,ungated,395,1,0,0,1,18.45000000002983,nan,-0.886041271686554
3,DiscNRX,ungated,396,1,0,0,1,21.791900000152964,nan,-0.886041271686554
3,DiscNRX,ungated,397,1,0,0,1,23.214800000005198,nan,-0.886041271686554
3,DiscNRX,ungated,398,1,0,0,1,23.805300000276475,nan,-0.886041271686554
3,DiscNRX,ungated,399,1,0,0,1,25.20830000003116,nan,-0.886041271686554
3,DiscNRX,ungated,400,1,0,0,1,27.208600000449223,nan,-0.886041271686554
3,DiscNRX,ungated,401,1,0,0,1,26.333299999805604,nan,-0.886041271686554
3,DiscNRX,ungated,402,1,0,0,1,27.716699999928096,nan,-0.886041271686554
3,DiscNRX,ungated,403,1,0,0,1,25.962600000184466,nan,-0.886041271686554
3,DiscNRX,ungated,404,1,0,0,1,24.436899999727757,nan,-0.886041271686554
3,DiscNRX,ungated,405,1,0,0,1,22.446899999977177,nan,-0.886041271686554
3,DiscNRX,ungated,406,1,0,0,1,24.71079999986614,nan,-0.886041271686554
3,DiscNRX,ungated,407,1,0,0,1,20.742100000006758,nan,-0.886041271686554
3,DiscNRX,ungated,408,1,0,0,1,24.739700000282028,nan,-0.886041271686554
3,DiscNRX,ungated,409,1,0,0,1,21.495299999969575,nan,-0.886041271686554
3,DiscNRX,ungated,410,1,0,0,1,21.260499999698368,nan,-0.886041271686554
3,DiscNRX,ungated,411,1,0,0,1,25.217600000360108,nan,-0.886041271686554
3,DiscNRX,ungated,412,1,0,0,1,27.995200000077602,nan,-0.886041271686554
3,DiscNRX,ungated,413,1,0,0,1,30.977399999756017,nan,-0.886041271686554
3,DiscNRX,ungated,414,1,0,0,1,23.880399999598012,nan,-0.886041271686554
3,DiscNRX,ungated,415,1,0,0,1,29.329499999676045,nan,-0.886041271686554
3,DiscNRX,ungated,416,1,0,0,1,29.584200000044802,nan,-0.886041271686554
3,DiscNRX,ungated,417,1,0,0,1,24.103899999772693,nan,-0.886041271686554
3,DiscNRX,ungated,418,1,0,0,1,23.681800000304065,nan,-0.886041271686554
3,DiscNRX,ungated,419,1,0,0,1,24.122399999669142,nan,-0.886041271686554
3,DiscNRX,ungated,420,1,0,0,1,24.112699999932374,nan,-0.886041271686554
3,DiscNRX,ungated,421,1,0,0,1,22.14929999991,nan,-0.886041271686554
3,DiscNRX,ungated,422,1,0,0,1,19.815099999959784,nan,-0.886041271686554
3,DiscNRX,ungated,423,1,0,0,1,22.482700000182376,nan,-0.886041271686554
3,DiscNRX,ungated,424,1,0,0,1,25.171299999783514,nan,-0.886041271686554
3,DiscNRX,ungated,425,1,0,0,1,23.345299999618874,nan,-0.886041271686554
3,DiscNRX,ungated,426,1,0,0,1,22.392100000161008,nan,-0.886041271686554
3,DiscNRX,ungated,427,1,0,0,1,30.167100000198843,nan,-0.886041271686554
3,DiscNRX,ungated,428,1,0,0,1,27.81009999989692,nan,-0.886041271686554
3,DiscNRX,ungated,429,1,0,0,1,25.513900000078138,nan,-0.886041271686554
3,DiscNRX,ungated,430,1,0,0,1,25.61280000008992,nan,-0.886041271686554
3,DiscNRX,ungated,431,1,0,0,1,32.98369999993156,nan,-0.886041271686554
3,DiscNRX,ungated,432,1,0,0,1,30.34970000044268,nan,-0.886041271686554
3,DiscNRX,ungated,433,1,0,0,1,22.852399999919726,nan,-0.886041271686554
3,DiscNRX,ungated,434,1,0,0,1,29.855599999791593,nan,-0.886041271686554
3,DiscNRX,ungated,435,1,0,0,1,24.279200000364654,nan,-0.886041271686554
3,DiscNRX,ungated,436,1,0,0,1,26.19649999996909,nan,-0.886041271686554
3,DiscNRX,ungated,437,1,0,0,1,20.82559999962541,nan,-0.886041271686554
3,DiscNRX,ungated,438,1,0,0,1,22.52859999998691,nan,-0.886041271686554
3,DiscNRX,ungated,439,1,0,0,1,22.487400000045454,nan,-0.886041271686554
3,DiscNRX,ungated,440,1,0,0,1,24.646000000302593,nan,-0.886041271686554
3,DiscNRX,ungated,441,1,0,0,1,27.4728999997933,nan,-0.886041271686554
3,DiscNRX,ungated,442,1,0,0,1,24.2604999998548,nan,-0.886041271686554
3,DiscNRX,ungated,443,1,0,0,1,22.677699999803735,nan,-0.886041271686554
3,DiscNRX,ungated,444,1,0,0,1,19.969599999967613,nan,-0.886041271686554
3,DiscNRX,ungated,445,1,0,0,1,27.991800000108924,nan,-0.886041271686554
3,DiscNRX,ungated,446,1,0,0,1,22.1943999999894,nan,-0.886041271686554
3,DiscNRX,ungated,447,1,0,0,1,24.523300000055315,nan,-0.886041271686554
3,DiscNRX,ungated,448,1,0,0,1,21.7955000002803,nan,-0.886041271686554
3,DiscNRX,ungated,449,1,0,0,1,24.026800000228832,nan,-0.886041271686554
3,DiscNRX,ungated,450,1,0,0,1,23.162799999681738,nan,-0.886041271686554
3,DiscNRX,ungated,451,1,0,0,1,26.174600000103965,nan,-0.886041271686554
3,DiscNRX,ungated,452,1,0,0,1,28.80249999998341,nan,-0.886041271686554
3,DiscNRX,ungated,453,1,0,0,1,28.33840000039345,nan,-0.886041271686554
3,DiscNRX,ungated,454,1,0,0,1,29.33779999966646,nan,-0.886041271686554
3,DiscNRX,ungated,455,1,0,0,1,25.698999999804073,nan,-0.886041271686554
3,DiscNRX,ungated,456,1,0,0,1,24.846300000263,nan,-0.886041271686554
3,DiscNRX,ungated,457,1,0,0,1,25.119200000062847,nan,-0.886041271686554
3,DiscNRX,ungated,458,1,0,0,1,25.616299999910552,nan,-0.886041271686554
3,DiscNRX,ungated,459,1,0,0,1,27.554300000247167,nan,-0.886041271686554
3,DiscNRX,ungated,460,1,0,0,1,27.840400000059162,nan,-0.886041271686554
3,DiscNRX,ungated,461,1,0,0,1,26.58579999979338,nan,-0.886041271686554
3,DiscNRX,ungated,462,1,0,0,1,26.461900000413152,nan,-0.886041271686554
3,DiscNRX,ungated,463,1,0,0,1,24.071299999832263,nan,-0.886041271686554
3,DiscNRX,ungated,464,1,0,0,1,24.65490000031423,nan,-0.886041271686554
3,DiscNRX,ungated,465,1,0,0,1,23.54379999997036,nan,-0.886041271686554
3,DiscNRX,ungated,466,1,0,0,1,21.405800000138697,nan,-0.886041271686554
3,DiscNRX,ungated,467,1,0,0,1,23.841600000196195,nan,-0.886041271686554
3,DiscNRX,ungated,468,1,0,0,1,20.82460000019637,nan,-0.886041271686554
3,DiscNRX,ungated,469,1,0,0,1,23.66890000030253,nan,-0.886041271686554
3,DiscNRX,ungated,470,1,0,0,1,22.491600000194012,nan,-0.886041271686554
3,DiscNRX,ungated,471,1,0,0,1,28.13700000024255,nan,-0.886041271686554
3,DiscNRX,ungated,472,1,0,0,1,23.968299999978626,nan,-0.886041271686554
3,DiscNRX,ungated,473,1,0,0,1,21.28149999998641,nan,-0.886041271686554
3,DiscNRX,ungated,474,1,0,0,1,21.942399999716145,nan,-0.886041271686554
3,DiscNRX,ungated,475,1,0,0,1,19.737499999791908,nan,-0.886041271686554
3,DiscNRX,ungated,476,1,0,0,1,25.892900000144436,nan,-0.886041271686554
3,DiscNRX,ungated,477,1,0,0,1,23.393299999952433,nan,-0.886041271686554
3,DiscNRX,ungated,478,1,0,0,1,25.55579999989277,nan,-0.886041271686554
3,DiscNRX,ungated,479,1,0,0,1,32.020899999679386,nan,-0.886041271686554
3,DiscNRX,ungated,480,1,0,0,1,24.189600000227074,nan,-0.886041271686554
3,DiscNRX,ungated,481,1,0,0,1,29.736699999830307,nan,-0.886041271686554
3,DiscNRX,ungated,482,1,0,0,1,30.0134999997681,nan,-0.886041271686554
3,DiscNRX,ungated,483,1,0,0,1,24.28120000013223,nan,-0.886041271686554
3,DiscNRX,ungated,484,1,0,0,1,25.18019999979515,nan,-0.886041271686554
3,DiscNRX,ungated,485,1,0,0,1,35.30929999988075,nan,-0.886041271686554
3,DiscNRX,ungated,486,1,0,0,1,28.83079999992333,nan,-0.886041271686554
3,DiscNRX,ungated,487,1,0,0,1,33.09900000022026,nan,-0.886041271686554
3,DiscNRX,ungated,488,1,0,0,1,32.13580000010552,nan,-0.886041271686554
3,DiscNRX,ungated,489,1,0,0,1,29.30689999993774,nan,-0.886041271686554
3,DiscNRX,ungated,490,1,0,0,1,36.98379999968893,nan,-0.886041271686554
3,DiscNRX,ungated,491,1,0,0,1,23.211799999899085,nan,-0.886041271686554
3,DiscNRX,ungated,492,1,0,0,1,21.274000000175874,nan,-0.886041271686554
3,DiscNRX,ungated,493,1,0,0,1,22.752800000034767,nan,-0.886041271686554
3,DiscNRX,ungated,494,1,0,0,1,22.156900000027235,nan,-0.886041271686554
3,DiscNRX,ungated,495,1,0,0,1,23.925700000290817,nan,-0.886041271686554
3,DiscNRX,ungated,496,1,0,0,1,24.565100000017992,nan,-0.886041271686554
3,DiscNRX,ungated,497,1,0,0,1,24.663799999871117,nan,-0.886041271686554
3,DiscNRX,ungated,498,1,0,0,1,20.584800000051473,nan,-0.886041271686554
3,DiscNRX,ungated,499,1,0,0,1,28.88039999970715,nan,-0.886041271686554
3,DiscNRX,ungated,500,1,0,0,1,26.59829999993235,nan,-0.886041271686554
3,DiscNRX,ungated,501,1,0,0,1,25.527100000090286,nan,-0.886041271686554
3,DiscNRX,ungated,502,1,0,0,1,24.102700000184996,nan,-0.886041271686554
3,DiscNRX,ungated,503,1,0,0,1,28.628499999740598,nan,-0.886041271686554
3,DiscNRX,ungated,504,1,0,0,1,20.196799999666837,nan,-0.886041271686554
3,DiscNRX,ungated,505,1,0,0,1,21.565500000178872,nan,-0.886041271686554
3,DiscNRX,ungated,506,1,0,0,1,25.09799999961615,nan,-0.886041271686554
3,DiscNRX,ungated,507,1,0,0,1,28.24899999995978,nan,-0.886041271686554
3,DiscNRX,ungated,508,1,0,0,1,31.98449999990771,nan,-0.886041271686554
3,DiscNRX,ungated,509,1,0,0,1,38.323899999795685,nan,-0.886041271686554
3,DiscNRX,ungated,510,1,0,0,1,28.594900000371126,nan,-0.886041271686554
3,DiscNRX,ungated,511,1,0,0,1,32.25339999971766,nan,-0.886041271686554
3,DiscNRX,ungated,512,1,0,0,1,29.352900000048976,nan,-0.886041271686554
3,DiscNRX,ungated,513,1,0,0,1,28.45999999999549,nan,-0.886041271686554
3,DiscNRX,ungated,514,1,0,0,1,30.52609999986089,nan,-0.886041271686554
3,DiscNRX,ungated,515,1,0,0,1,28.3331000000544,nan,-0.886041271686554
3,DiscNRX,ungated,516,1,0,0,1,21.791600000142353,nan,-0.886041271686554
3,DiscNRX,ungated,517,1,0,0,1,24.37759999975242,nan,-0.886041271686554
3,DiscNRX,ungated,518,1,0,0,1,23.988500000086788,nan,-0.886041271686554
3,DiscNRX,ungated,519,1,0,0,1,21.63539999992281,nan,-0.886041271686554
3,DiscNRX,ungated,520,1,0,0,1,21.54870000003939,nan,-0.886041271686554
3,DiscNRX,ungated,521,1,0,0,1,22.444300000188377,nan,-0.886041271686554
3,DiscNRX,ungated,522,1,0,0,1,20.990200000142067,nan,-0.886041271686554
3,DiscNRX,ungated,523,1,0,0,1,22.287699999651522,nan,-0.886041271686554
3,DiscNRX,ungated,524,1,0,0,1,29.62679999973261,nan,-0.886041271686554
3,DiscNRX,ungated,525,1,0,0,1,25.26320000015403,nan,-0.886041271686554
3,DiscNRX,ungated,526,1,0,0,1,21.31099999996877,nan,-0.886041271686554
3,DiscNRX,ungated,527,1,0,0,1,24.006099999951402,nan,-0.886041271686554
3,DiscNRX,ungated,528,1,0,0,1,22.406300000056945,nan,-0.886041271686554
3,DiscNRX,ungated,529,1,0,0,1,22.30360000021392,nan,-0.886041271686554
3,DiscNRX,ungated,530,1,0,0,1,20.70770000000266,nan,-0.886041271686554
3,DiscNRX,ungated,531,1,0,0,1,23.364000000128726,nan,-0.886041271686554
3,DiscNRX,ungated,532,1,0,0,1,22.908800000095653,nan,-0.886041271686554
3,DiscNRX,ungated,533,1,0,0,1,27.022199999919394,nan,-0.886041271686554
3,DiscNRX,ungated,534,1,0,0,1,32.81180000021777,nan,-0.886041271686554
3,DiscNRX,ungated,535,1,0,0,1,32.11090000013428,nan,-0.886041271686554
3,DiscNRX,ungated,536,1,0,0,1,29.4410000001335,nan,-0.886041271686554
3,DiscNRX,ungated,537,1,0,0,1,26.7081999995753,nan,-0.886041271686554
3,DiscNRX,ungated,538,1,0,0,1,27.86740000010468,nan,-0.886041271686554
3,DiscNRX,ungated,539,1,0,0,1,31.515000000126747,nan,-0.886041271686554
3,DiscNRX,ungated,540,1,0,0,1,23.58299999968949,nan,-0.886041271686554
3,DiscNRX,ungated,541,1,0,0,1,27.20210000006773,nan,-0.886041271686554
3,DiscNRX,ungated,542,1,0,0,1,32.21940000003087,nan,-0.886041271686554
3,DiscNRX,ungated,543,1,0,0,1,21.80690000022878,nan,-0.886041271686554
3,DiscNRX,ungated,544,1,0,0,1,20.655100000112725,nan,-0.886041271686554
3,DiscNRX,ungated,545,1,0,0,1,23.280700000213983,nan,-0.886041271686554
3,DiscNRX,ungated,546,1,0,0,1,20.85769999985132,nan,-0.886041271686554
3,DiscNRX,ungated,547,1,0,0,1,22.931200000130048,nan,-0.886041271686554
3,DiscNRX,ungated,548,1,0,0,1,29.367199999796867,nan,-0.886041271686554
3,DiscNRX,ungated,549,1,0,0,1,31.054500000209373,nan,-0.886041271686554
3,DiscNRX,ungated,550,1,0,0,1,28.221300000041083,nan,-0.886041271686554
3,DiscNRX,ungated,551,1,0,0,1,29.569099999662285,nan,-0.886041271686554
3,DiscNRX,ungated,552,1,0,0,1,23.144199999933335,nan,-0.886041271686554
3,DiscNRX,ungated,553,1,0,0,1,22.672500000226137,nan,-0.886041271686554
3,DiscNRX,ungated,554,1,0,0,1,24.891000000025088,nan,-0.886041271686554
3,DiscNRX,ungated,555,1,0,0,1,22.801799999797367,nan,-0.886041271686554
3,DiscNRX,ungated,556,1,0,0,1,24.559099999805767,nan,-0.886041271686554
3,DiscNRX,ungated,557,1,0,0,1,23.198799999590847,nan,-0.886041271686554
3,DiscNRX,ungated,558,1,0,0,1,25.502699999833567,nan,-0.886041271686554
3,DiscNRX,ungated,559,1,0,0,1,24.28769999960423,nan,-0.886041271686554
3,DiscNRX,ungated,560,1,0,0,1,21.648200000072393,nan,-0.886041271686554
3,DiscNRX,ungated,561,1,0,0,1,28.79380000013043,nan,-0.886041271686554
3,DiscNRX,ungated,562,1,0,0,1,25.20459999959712,nan,-0.886041271686554
3,DiscNRX,ungated,563,1,0,0,1,29.99390000013591,nan,-0.886041271686554
3,DiscNRX,ungated,564,1,0,0,1,24.29200000005949,nan,-0.886041271686554
3,DiscNRX,ungated,565,1,0,0,1,25.13619999990624,nan,-0.886041271686554
3,DiscNRX,ungated,566,1,0,0,1,23.19039999974848,nan,-0.886041271686554
3,DiscNRX,ungated,567,1,0,0,1,22.231499999634252,nan,-0.886041271686554
3,DiscNRX,ungated,568,1,0,0,1,22.177000000283442,nan,-0.886041271686554
3,DiscNRX,ungated,569,1,0,0,1,23.772500000177388,nan,-0.886041271686554
3,DiscNRX,ungated,570,1,0,0,1,25.513600000067527,nan,-0.886041271686554
3,DiscNRX,ungated,571,1,0,0,1,23.89320000020234,nan,-0.886041271686554
3,DiscNRX,ungated,572,1,0,0,1,30.12910000006741,nan,-0.886041271686554
3,DiscNRX,ungated,573,1,0,0,1,28.164599999854545,nan,-0.886041271686554
3,DiscNRX,ungated,574,1,0,0,1,22.05900000035399,nan,-0.886041271686554
3,DiscNRX,ungated,575,1,0,0,1,37.674300000162475,nan,-0.886041271686554
3,DiscNRX,ungated,576,1,0,0,1,24.91809999992256,nan,-0.886041271686554
3,DiscNRX,ungated,577,1,0,0,1,28.293200000007346,nan,-0.886041271686554
3,DiscNRX,ungated,578,1,0,0,1,31.169299999874056,nan,-0.886041271686554
3,DiscNRX,ungated,579,1,0,0,1,25.70179999975153,nan,-0.886041271686554
3,DiscNRX,ungated,580,1,0,0,1,24.468900000101712,nan,-0.886041271686554
3,DiscNRX,ungated,581,1,0,0,1,26.396599999770842,nan,-0.886041271686554
3,DiscNRX,ungated,582,1,0,0,1,22.50510000021677,nan,-0.886041271686554
3,DiscNRX,ungated,583,1,0,0,1,21.233099999790284,nan,-0.886041271686554
3,DiscNRX,ungated,584,1,0,0,1,25.80549999993309,nan,-0.886041271686554
3,DiscNRX,ungated,585,1,0,0,1,22.0220999999583,nan,-0.886041271686554
3,DiscNRX,ungated,586,1,0,0,1,24.070800000117742,nan,-0.886041271686554
3,DiscNRX,ungated,587,1,0,0,1,22.58510000001479,nan,-0.886041271686554
3,DiscNRX,ungated,588,1,0,0,1,29.649000000063097,nan,-0.886041271686554
3,DiscNRX,ungated,589,1,0,0,1,26.499300000068615,nan,-0.886041271686554
3,DiscNRX,ungated,590,1,0,0,1,25.756600000022445,nan,-0.886041271686554
3,DiscNRX,ungated,591,1,0,0,1,23.580399999900692,nan,-0.886041271686554
3,DiscNRX,ungated,592,1,0,0,1,19.6168000002217,nan,-0.886041271686554
3,DiscNRX,ungated,593,1,0,0,1,24.302600000282837,nan,-0.886041271686554
3,DiscNRX,ungated,594,1,0,0,1,22.925000000213913,nan,-0.886041271686554
3,DiscNRX,ungated,595,1,0,0,1,25.019300000167277,nan,-0.886041271686554
3,DiscNRX,ungated,596,1,0,0,1,23.68449999994482,nan,-0.886041271686554
3,DiscNRX,ungated,597,1,0,0,1,21.612699999877805,nan,-0.886041271686554
3,DiscNRX,ungated,598,1,0,0,1,29.633600000124716,nan,-0.886041271686554
3,DiscNRX,ungated,599,1,0,0,1,36.90690000030372,nan,-0.886041271686554
3,DiscNRX,ungated,600,1,0,0,1,29.37580000025264,nan,-0.886041271686554
3,DiscNRX,ungated,601,1,0,0,1,28.73379999982717,nan,-0.886041271686554
3,DiscNRX,ungated,602,1,0,0,1,27.895499999885942,nan,-0.886041271686554
3,DiscNRX,ungated,603,1,0,0,1,33.17409999999654,nan,-0.886041271686554
3,DiscNRX,ungated,604,1,0,0,1,34.07740000011472,nan,-0.886041271686554
3,DiscNRX,ungated,605,1,0,0,1,27.095099999769445,nan,-0.886041271686554
3,DiscNRX,ungated,606,1,0,0,1,28.92999999994572,nan,-0.886041271686554
3,DiscNRX,ungated,607,1,0,0,1,32.06950000003417,nan,-0.886041271686554
3,DiscNRX,ungated,608,1,0,0,1,30.598599999848375,nan,-0.886041271686554
3,DiscNRX,ungated,609,1,0,0,1,39.367200000015146,nan,-0.886041271686554
3,DiscNRX,ungated,610,1,0,0,1,27.466399999866553,nan,-0.886041271686554
3,DiscNRX,ungated,611,1,0,0,1,25.18999999983862,nan,-0.886041271686554
3,DiscNRX,ungated,612,1,0,0,1,23.23290000003908,nan,-0.886041271686554
3,DiscNRX,ungated,613,1,0,0,1,28.711800000110088,nan,-0.886041271686554
3,DiscNRX,ungated,614,1,0,0,1,23.127999999815074,nan,-0.886041271686554
3,DiscNRX,ungated,615,1,0,0,1,20.90249999992011,nan,-0.886041271686554
3,DiscNRX,ungated,616,1,0,0,1,20.111899999847083,nan,-0.886041271686554
3,DiscNRX,ungated,617,1,0,0,1,22.735500000180764,nan,-0.886041271686554
3,DiscNRX,ungated,618,1,0,0,1,27.102300000024115,nan,-0.886041271686554
3,DiscNRX,ungated,619,1,0,0,1,20.767500000147265,nan,-0.886041271686554
3,DiscNRX,ungated,620,1,0,0,1,23.501699999997072,nan,-0.886041271686554
3,DiscNRX,ungated,621,1,0,0,1,28.746899999987363,nan,-0.886041271686554
3,DiscNRX,ungated,622,1,0,0,1,28.067799999917042,nan,-0.886041271686554
3,DiscNRX,ungated,623,1,0,0,1,29.980000000250584,nan,-0.886041271686554
3,DiscNRX,ungated,624,1,0,0,1,31.676300000071933,nan,-0.886041271686554
3,DiscNRX,ungated,625,1,0,0,1,29.48900000001231,nan,-0.886041271686554
3,DiscNRX,ungated,626,1,0,0,1,28.370600000016566,nan,-0.886041271686554
3,DiscNRX,ungated,627,1,0,0,1,29.986300000018673,nan,-0.886041271686554
3,DiscNRX,ungated,628,1,0,0,1,26.79420000004029,nan,-0.886041271686554
3,DiscNRX,ungated,629,1,0,0,1,27.323300000261952,nan,-0.886041271686554
3,DiscNRX,ungated,630,1,0,0,1,33.570200000212935,nan,-0.886041271686554
3,DiscNRX,ungated,631,1,0,0,1,28.09949999982564,nan,-0.886041271686554
3,DiscNRX,ungated,632,1,0,0,1,25.290300000051502,nan,-0.886041271686554
3,DiscNRX,ungated,633,1,0,0,1,32.56869999995615,nan,-0.886041271686554
3,DiscNRX,ungated,634,1,0,0,1,33.73559999999998,nan,-0.886041271686554
3,DiscNRX,ungated,635,1,0,0,1,27.33929999976681,nan,-0.886041271686554
3,DiscNRX,ungated,636,1,0,0,1,22.293900000022404,nan,-0.886041271686554
3,DiscNRX,ungated,637,1,0,0,1,23.729200000161654,nan,-0.886041271686554
3,DiscNRX,ungated,638,1,0,0,1,23.889000000053784,nan,-0.886041271686554
3,DiscNRX,ungated,639,1,0,0,1,21.383400000104302,nan,-0.886041271686554
3,DiscNRX,ungated,640,1,0,0,1,21.211400000083813,nan,-0.886041271686554
3,DiscNRX,ungated,641,1,0,0,1,21.5595999998186,nan,-0.886041271686554
3,DiscNRX,ungated,642,1,0,0,1,23.910300000352436,nan,-0.886041271686554
3,DiscNRX,ungated,643,1,0,0,1,22.70879999969111,nan,-0.886041271686554
3,DiscNRX,ungated,644,1,0,0,1,21.400999999968917,nan,-0.886041271686554
3,DiscNRX,ungated,645,1,0,0,1,29.82339999971373,nan,-0.886041271686554
3,DiscNRX,ungated,646,1,0,0,1,30.215200000384357,nan,-0.886041271686554
3,DiscNRX,ungated,647,1,0,0,1,29.541999999764812,nan,-0.886041271686554
3,DiscNRX,ungated,648,1,0,0,1,29.5285000001968,nan,-0.886041271686554
3,DiscNRX,ungated,649,1,0,0,1,28.506799999831856,nan,-0.886041271686554
3,DiscNRX,ungated,650,1,0,0,1,29.549200000019482,nan,-0.886041271686554
3,DiscNRX,ungated,651,1,0,0,1,28.247600000213424,nan,-0.886041271686554
3,DiscNRX,ungated,652,1,0,0,1,28.484500000104163,nan,-0.886041271686554
3,DiscNRX,ungated,653,1,0,0,1,27.53160000020216,nan,-0.886041271686554
3,DiscNRX,ungated,654,1,0,0,1,26.404100000036124,nan,-0.886041271686554
3,DiscNRX,ungated,655,1,0,0,1,28.10239999962505,nan,-0.886041271686554
3,DiscNRX,ungated,656,1,0,0,1,27.030400000057853,nan,-0.886041271686554
3,DiscNRX,ungated,657,1,0,0,1,43.74640000014551,nan,-0.886041271686554
3,DiscNRX,ungated,658,1,0,0,1,27.005299999927956,nan,-0.886041271686554
3,DiscNRX,ungated,659,1,0,0,1,28.98510000022725,nan,-0.886041271686554
3,DiscNRX,ungated,660,1,0,0,1,19.139999999879365,nan,-0.886041271686554
3,DiscNRX,ungated,661,1,0,0,1,24.48149999963789,nan,-0.886041271686554
3,DiscNRX,ungated,662,1,0,0,1,24.682900000243535,nan,-0.886041271686554
3,DiscNRX,ungated,663,1,0,0,1,20.25199999980032,nan,-0.886041271686554
3,DiscNRX,ungated,664,1,0,0,1,20.87359999995897,nan,-0.886041271686554
3,DiscNRX,ungated,665,1,0,0,1,24.50719999978901,nan,-0.886041271686554
3,DiscNRX,ungated,666,1,0,0,1,22.926600000118924,nan,-0.886041271686554
3,DiscNRX,ungated,667,1,0,0,1,23.913699999866367,nan,-0.886041271686554
3,DiscNRX,ungated,668,1,0,0,1,21.86070000016116,nan,-0.886041271686554
3,DiscNRX,ungated,669,1,0,0,1,22.016599999915343,nan,-0.886041271686554
3,DiscNRX,ungated,670,1,0,0,1,22.831700000097044,nan,-0.886041271686554
3,DiscNRX,ungated,671,1,0,0,1,27.98080000002301,nan,-0.886041271686554
3,DiscNRX,ungated,672,1,0,0,1,34.917200000109005,nan,-0.886041271686554
3,DiscNRX,ungated,673,1,0,0,1,33.6712999996962,nan,-0.886041271686554
3,DiscNRX,ungated,674,1,0,0,1,27.264000000286615,nan,-0.886041271686554
3,DiscNRX,ungated,675,1,0,0,1,27.48269999983677,nan,-0.886041271686554
3,DiscNRX,ungated,676,1,0,0,1,25.74430000004213,nan,-0.886041271686554
3,DiscNRX,ungated,677,1,0,0,1,32.42259999979069,nan,-0.886041271686554
3,DiscNRX,ungated,678,1,0,0,1,26.60489999971105,nan,-0.886041271686554
3,DiscNRX,ungated,679,1,0,0,1,24.66450000019904,nan,-0.886041271686554
3,DiscNRX,ungated,680,1,0,0,1,28.75800000037998,nan,-0.886041271686554
3,DiscNRX,ungated,681,1,0,0,1,26.01279999998951,nan,-0.886041271686554
3,DiscNRX,ungated,682,1,0,0,1,25.554100000135804,nan,-0.886041271686554
3,DiscNRX,ungated,683,1,0,0,1,31.315300000187563,nan,-0.886041271686554
3,DiscNRX,ungated,684,1,0,0,1,23.3963999999105,nan,-0.886041271686554
3,DiscNRX,ungated,685,1,0,0,1,27.964600000359496,nan,-0.886041271686554
3,DiscNRX,ungated,686,1,0,0,1,35.640499999772146,nan,-0.886041271686554
3,DiscNRX,ungated,687,1,0,0,1,31.831199999942328,nan,-0.886041271686554
3,DiscNRX,ungated,688,1,0,0,1,22.25780000026134,nan,-0.886041271686554
3,DiscNRX,ungated,689,1,0,0,1,22.627599999850645,nan,-0.886041271686554
3,DiscNRX,ungated,690,1,0,0,1,21.774099999674945,nan,-0.886041271686554
3,DiscNRX,ungated,691,1,0,0,1,18.665300000066054,nan,-0.886041271686554
3,DiscNRX,ungated,692,1,0,0,1,23.778499999934866,nan,-0.886041271686554
3,DiscNRX,ungated,693,1,0,0,1,23.38820000022679,nan,-0.886041271686554
3,DiscNRX,ungated,694,1,0,0,1,23.1738000002224,nan,-0.886041271686554
3,DiscNRX,ungated,695,1,0,0,1,21.237599999949452,nan,-0.886041271686554
3,DiscNRX,ungated,696,1,0,0,1,24.254500000097323,nan,-0.886041271686554
3,DiscNRX,ungated,697,1,0,0,1,36.452899999858346,nan,-0.886041271686554
3,DiscNRX,ungated,698,1,0,0,1,33.064700000068115,nan,-0.886041271686554
3,DiscNRX,ungated,699,1,0,0,1,24.447799999961717,nan,-0.886041271686554
3,DiscNRX,ungated,700,1,0,0,1,29.613900000185822,nan,-0.886041271686554
3,DiscNRX,ungated,701,1,0,0,1,29.88150000010137,nan,-0.886041271686554
3,DiscNRX,ungated,702,1,0,0,1,29.585599999791157,nan,-0.886041271686554
3,DiscNRX,ungated,703,1,0,0,1,26.04780000001483,nan,-0.886041271686554
3,DiscNRX,ungated,704,1,0,0,1,28.92989999963902,nan,-0.886041271686554
3,DiscNRX,ungated,705,1,0,0,1,24.12289999983841,nan,-0.886041271686554
3,DiscNRX,ungated,706,1,0,0,1,30.343200000061188,nan,-0.886041271686554
3,DiscNRX,ungated,707,1,0,0,1,25.51530000027924,nan,-0.886041271686554
3,DiscNRX,ungated,708,1,0,0,1,21.624399999836896,nan,-0.886041271686554
3,DiscNRX,ungated,709,1,0,0,1,22.199300000011135,nan,-0.886041271686554
3,DiscNRX,ungated,710,1,0,0,1,23.02319999989777,nan,-0.886041271686554
3,DiscNRX,ungated,711,1,0,0,1,26.800600000115082,nan,-0.886041271686554
3,DiscNRX,ungated,712,1,0,0,1,21.92749999994703,nan,-0.886041271686554
3,DiscNRX,ungated,713,1,0,0,1,21.5528999997332,nan,-0.886041271686554
3,DiscNRX,ungated,714,1,0,0,1,19.98909999974785,nan,-0.886041271686554
3,DiscNRX,ungated,715,1,0,0,1,23.517399999946065,nan,-0.886041271686554
3,DiscNRX,ungated,716,1,0,0,1,29.608599999846774,nan,-0.886041271686554
3,DiscNRX,ungated,717,1,0,0,1,48.8297999995666,nan,-0.886041271686554
3,DiscNRX,ungated,718,1,0,0,1,26.251499999943917,nan,-0.886041271686554
3,DiscNRX,ungated,719,1,0,0,1,30.571299999792245,nan,-0.886041271686554
3,DiscNRX,ungated,720,1,0,0,1,29.7921999999744,nan,-0.886041271686554
3,DiscNRX,ungated,721,1,0,0,1,26.46939999976894,nan,-0.886041271686554
3,DiscNRX,ungated,722,1,0,0,1,24.291700000048877,nan,-0.886041271686554
3,DiscNRX,ungated,723,1,0,0,1,23.435699999936332,nan,-0.886041271686554
3,DiscNRX,ungated,724,1,0,0,1,21.986400000059803,nan,-0.886041271686554
3,DiscNRX,ungated,725,1,0,0,1,26.70010000019829,nan,-0.886041271686554
3,DiscNRX,ungated,726,1,0,0,1,23.48680000022796,nan,-0.886041271686554
3,DiscNRX,ungated,727,1,0,0,1,25.70130000003701,nan,-0.886041271686554
3,DiscNRX,ungated,728,1,0,0,1,25.267999999869062,nan,-0.886041271686554
3,DiscNRX,ungated,729,1,0,0,1,26.732000000265543,nan,-0.886041271686554
3,DiscNRX,ungated,730,1,0,0,1,28.556500000377127,nan,-0.886041271686554
3,DiscNRX,ungated,731,1,0,0,1,25.48819999992702,nan,-0.886041271686554
3,DiscNRX,ungated,732,1,0,0,1,24.14310000040132,nan,-0.886041271686554
3,DiscNRX,ungated,733,1,0,0,1,21.76850000023478,nan,-0.886041271686554
3,DiscNRX,ungated,734,1,0,0,1,23.99650000006659,nan,-0.886041271686554
3,DiscNRX,ungated,735,1,0,0,1,22.96859999978551,nan,-0.886041271686554
3,DiscNRX,ungated,736,1,0,0,1,20.554900000206544,nan,-0.886041271686554
3,DiscNRX,ungated,737,1,0,0,1,23.52130000008401,nan,-0.886041271686554
3,DiscNRX,ungated,738,1,0,0,1,21.96379999986675,nan,-0.886041271686554
3,DiscNRX,ungated,739,1,0,0,1,22.274800000104733,nan,-0.886041271686554
3,DiscNRX,ungated,740,1,0,0,1,30.683800000133488,nan,-0.886041271686554
3,DiscNRX,ungated,741,1,0,0,1,28.583199999957287,nan,-0.886041271686554
3,DiscNRX,ungated,742,1,0,0,1,29.998599999998987,nan,-0.886041271686554
3,DiscNRX,ungated,743,1,0,0,1,25.687199999993027,nan,-0.886041271686554
3,DiscNRX,ungated,744,1,0,0,1,29.187800000272546,nan,-0.886041271686554
3,DiscNRX,ungated,745,1,0,0,1,26.06950000017605,nan,-0.886041271686554
3,DiscNRX,ungated,746,1,0,0,1,25.888499999837222,nan,-0.886041271686554
3,DiscNRX,ungated,747,1,0,0,1,24.915400000281807,nan,-0.886041271686554
3,DiscNRX,ungated,748,1,0,0,1,22.795000000314758,nan,-0.886041271686554
3,DiscNRX,ungated,749,1,0,0,1,22.157700000207114,nan,-0.886041271686554
3,DiscNRX,ungated,750,1,0,0,1,22.857500000100117,nan,-0.886041271686554
3,DiscNRX,ungated,751,1,0,0,1,36.46810000009282,nan,-0.886041271686554
3,DiscNRX,ungated,752,1,0,0,1,25.180699999964418,nan,-0.886041271686554
3,DiscNRX,ungated,753,1,0,0,1,22.043099999791593,nan,-0.886041271686554
3,DiscNRX,ungated,754,1,0,0,1,24.55920000011247,nan,-0.886041271686554
3,DiscNRX,ungated,755,1,0,0,1,29.283500000019558,nan,-0.886041271686554
3,DiscNRX,ungated,756,1,0,0,1,22.573799999918265,nan,-0.886041271686554
3,DiscNRX,ungated,757,1,0,0,1,25.884600000154023,nan,-0.886041271686554
3,DiscNRX,ungated,758,1,0,0,1,22.990800000115996,nan,-0.886041271686554
3,DiscNRX,ungated,759,1,0,0,1,24.24669999982143,nan,-0.886041271686554
3,DiscNRX,ungated,760,1,0,0,1,21.6801999999916,nan,-0.886041271686554
3,DiscNRX,ungated,761,1,0,0,1,24.263600000267616,nan,-0.886041271686554
3,DiscNRX,ungated,762,1,0,0,1,25.41109999992841,nan,-0.886041271686554
3,DiscNRX,ungated,763,1,0,0,1,19.023599999854923,nan,-0.886041271686554
3,DiscNRX,ungated,764,1,0,0,1,22.72259999972448,nan,-0.886041271686554
3,DiscNRX,ungated,765,1,0,0,1,23.89690000018163,nan,-0.886041271686554
3,DiscNRX,ungated,766,1,0,0,1,26.91690000028757,nan,-0.886041271686554
3,DiscNRX,ungated,767,1,0,0,1,25.278700000399112,nan,-0.886041271686554
3,DiscNRX,ungated,768,1,0,0,1,29.66050000031828,nan,-0.886041271686554
3,DiscNRX,ungated,769,1,0,0,1,22.97699999962788,nan,-0.886041271686554
3,DiscNRX,ungated,770,1,0,0,1,30.899000000317756,nan,-0.886041271686554
3,DiscNRX,ungated,771,1,0,0,1,32.99639999977444,nan,-0.886041271686554
3,DiscNRX,ungated,772,1,0,0,1,27.74730000010095,nan,-0.886041271686554
3,DiscNRX,ungated,773,1,0,0,1,25.654100000338076,nan,-0.886041271686554
3,DiscNRX,ungated,774,1,0,0,1,29.565700000148354,nan,-0.886041271686554
3,DiscNRX,ungated,775,1,0,0,1,28.162100000372448,nan,-0.886041271686554
3,DiscNRX,ungated,776,1,0,0,1,23.134500000196567,nan,-0.886041271686554
3,DiscNRX,ungated,777,1,0,0,1,23.049400000218156,nan,-0.886041271686554
3,DiscNRX,ungated,778,1,0,0,1,28.11520000022938,nan,-0.886041271686554
3,DiscNRX,ungated,779,1,0,0,1,29.264300000249932,nan,-0.886041271686554
3,DiscNRX,ungated,780,1,0,0,1,31.562699999994948,nan,-0.886041271686554
3,DiscNRX,ungated,781,1,0,0,1,22.73009999998976,nan,-0.886041271686554
3,DiscNRX,ungated,782,1,0,0,1,21.222900000338996,nan,-0.886041271686554
3,DiscNRX,ungated,783,1,0,0,1,25.282099999913044,nan,-0.886041271686554
3,DiscNRX,ungated,784,1,0,0,1,48.992099999850325,nan,-0.886041271686554
3,DiscNRX,ungated,785,1,0,0,1,20.66400000012436,nan,-0.886041271686554
3,DiscNRX,ungated,786,1,0,0,1,23.15100000032544,nan,-0.886041271686554
3,DiscNRX,ungated,787,1,0,0,1,19.116800000119838,nan,-0.886041271686554
3,DiscNRX,ungated,788,1,0,0,1,26.778299999932642,nan,-0.886041271686554
3,DiscNRX,ungated,789,1,0,0,1,27.022399999623303,nan,-0.886041271686554
3,DiscNRX,ungated,790,1,0,0,1,29.90859999999884,nan,-0.886041271686554
3,DiscNRX,ungated,791,1,0,0,1,30.94280000004801,nan,-0.886041271686554
3,DiscNRX,ungated,792,1,0,0,1,28.23499999976775,nan,-0.886041271686554
3,DiscNRX,ungated,793,1,0,0,1,32.21579999990354,nan,-0.886041271686554
3,DiscNRX,ungated,794,1,0,0,1,25.74430000004213,nan,-0.886041271686554
3,DiscNRX,ungated,795,1,0,0,1,27.39789999986897,nan,-0.886041271686554
3,DiscNRX,ungated,796,1,0,0,1,29.24989999974059,nan,-0.886041271686554
3,DiscNRX,ungated,797,1,0,0,1,27.612200000021403,nan,-0.886041271686554
3,DiscNRX,ungated,798,1,0,0,1,30.974199999945995,nan,-0.886041271686554
3,DiscNRX,ungated,799,1,0,0,1,32.42259999979069,nan,-0.886041271686554
3,DiscNRX,ungated,800,1,0,0,1,27.487899999869114,nan,-0.886041271686554
3,DiscNRX,ungated,801,1,0,0,1,22.159999999985303,nan,-0.886041271686554
3,DiscNRX,ungated,802,1,0,0,1,19.561999999950785,nan,-0.886041271686554
3,DiscNRX,ungated,803,1,0,0,1,33.89319999996587,nan,-0.886041271686554
3,DiscNRX,ungated,804,1,0,0,1,31.193000000257598,nan,-0.886041271686554
3,DiscNRX,ungated,805,1,0,0,1,23.02159999999276,nan,-0.886041271686554
3,DiscNRX,ungated,806,1,0,0,1,22.752399999717454,nan,-0.886041271686554
3,DiscNRX,ungated,807,1,0,0,1,22.206000000096537,nan,-0.886041271686554
3,DiscNRX,ungated,808,1,0,0,1,25.05350000001272,nan,-0.886041271686554
3,DiscNRX,ungated,809,1,0,0,1,22.21060000010766,nan,-0.886041271686554
3,DiscNRX,ungated,810,1,0,0,1,23.635600000034174,nan,-0.886041271686554
3,DiscNRX,ungated,811,1,0,0,1,20.119100000101753,nan,-0.886041271686554
3,DiscNRX,ungated,812,1,0,0,1,23.41489999980695,nan,-0.886041271686554
3,DiscNRX,ungated,813,1,0,0,1,27.97850000024482,nan,-0.886041271686554
3,DiscNRX,ungated,814,1,0,0,1,22.62669999981881,nan,-0.886041271686554
3,DiscNRX,ungated,815,1,0,0,1,22.361500000442902,nan,-0.886041271686554
3,DiscNRX,ungated,816,1,0,0,1,25.024499999744876,nan,-0.886041271686554
3,DiscNRX,ungated,817,1,0,0,1,25.65779999986262,nan,-0.886041271686554
3,DiscNRX,ungated,818,1,0,0,1,37.98440000036862,nan,-0.886041271686554
3,DiscNRX,ungated,819,1,0,0,1,23.553500000161876,nan,-0.886041271686554
3,DiscNRX,ungated,820,1,0,0,1,21.29240000022037,nan,-0.886041271686554
3,DiscNRX,ungated,821,1,0,0,1,33.010099999955855,nan,-0.886041271686554
3,DiscNRX,ungated,822,1,0,0,1,33.1492000000253,nan,-0.886041271686554
3,DiscNRX,ungated,823,1,0,0,1,26.34710000029372,nan,-0.886041271686554
3,DiscNRX,ungated,824,1,0,0,1,25.36869999994451,nan,-0.886041271686554
3,DiscNRX,ungated,825,1,0,0,1,26.719400000274618,nan,-0.886041271686554
3,DiscNRX,ungated,826,1,0,0,1,26.619899999786867,nan,-0.886041271686554
3,DiscNRX,ungated,827,1,0,0,1,29.040100000202074,nan,-0.886041271686554
3,DiscNRX,ungated,828,1,0,0,1,22.423600000365695,nan,-0.886041271686554
3,DiscNRX,ungated,829,1,0,0,1,24.98749999995198,nan,-0.886041271686554
3,DiscNRX,ungated,830,1,0,0,1,22.3175999999512,nan,-0.886041271686554
3,DiscNRX,ungated,831,1,0,0,1,24.499000000105298,nan,-0.886041271686554
3,DiscNRX,ungated,832,1,0,0,1,25.564999999915017,nan,-0.886041271686554
3,DiscNRX,ungated,833,1,0,0,1,21.96249999997235,nan,-0.886041271686554
3,DiscNRX,ungated,834,1,0,0,1,23.570899999867834,nan,-0.886041271686554
3,DiscNRX,ungated,835,1,0,0,1,22.86709999998493,nan,-0.886041271686554
3,DiscNRX,ungated,836,1,0,0,1,21.79969999997411,nan,-0.886041271686554
3,DiscNRX,ungated,837,1,0,0,1,22.756899999876623,nan,-0.886041271686554
3,DiscNRX,ungated,838,1,0,0,1,23.595300000124553,nan,-0.886041271686554
3,DiscNRX,ungated,839,1,0,0,1,27.457700000013574,nan,-0.886041271686554
3,DiscNRX,ungated,840,1,0,0,1,26.31950000022698,nan,-0.886041271686554
3,DiscNRX,ungated,841,1,0,0,1,31.094800000118994,nan,-0.886041271686554
3,DiscNRX,ungated,842,1,0,0,1,26.339099999859172,nan,-0.886041271686554
3,DiscNRX,ungated,843,1,0,0,1,23.668499999985215,nan,-0.886041271686554
3,DiscNRX,ungated,844,1,0,0,1,25.979300000017247,nan,-0.886041271686554
3,DiscNRX,ungated,845,1,0,0,1,27.860799999871233,nan,-0.886041271686554
3,DiscNRX,ungated,846,1,0,0,1,32.6255999998466,nan,-0.886041271686554
3,DiscNRX,ungated,847,1,0,0,1,24.037399999997433,nan,-0.886041271686554
3,DiscNRX,ungated,848,1,0,0,1,26.114499999948748,nan,-0.886041271686554
3,DiscNRX,ungated,849,1,0,0,1,28.440400000363297,nan,-0.886041271686554
3,DiscNRX,ungated,850,1,0,0,1,25.761400000192225,nan,-0.886041271686554
3,DiscNRX,ungated,851,1,0,0,1,22.627899999861256,nan,-0.886041271686554
3,DiscNRX,ungated,852,1,0,0,1,36.630500000228494,nan,-0.886041271686554
3,DiscNRX,ungated,853,1,0,0,1,31.503300000167656,nan,-0.886041271686554
3,DiscNRX,ungated,854,1,0,0,1,24.26980000018375,nan,-0.886041271686554
3,DiscNRX,ungated,855,1,0,0,1,20.66350000040984,nan,-0.886041271686554
3,DiscNRX,ungated,856,1,0,0,1,24.232000000210974,nan,-0.886041271686554
3,DiscNRX,ungated,857,1,0,0,1,22.959800000080577,nan,-0.886041271686554
3,DiscNRX,ungated,858,1,0,0,1,21.36770000015531,nan,-0.886041271686554
3,DiscNRX,ungated,859,1,0,0,1,20.80049999995026,nan,-0.886041271686554
3,DiscNRX,ungated,860,1,0,0,1,22.976100000050792,nan,-0.886041271686554
3,DiscNRX,ungated,861,1,0,0,1,30.447499999809224,nan,-0.886041271686554
3,DiscNRX,ungated,862,1,0,0,1,26.627100000041537,nan,-0.886041271686554
3,DiscNRX,ungated,863,1,0,0,1,27.69899999975678,nan,-0.886041271686554
3,DiscNRX,ungated,864,1,0,0,1,22.75610000015149,nan,-0.886041271686554
3,DiscNRX,ungated,865,1,0,0,1,27.078399999936664,nan,-0.886041271686554
3,DiscNRX,ungated,866,1,0,0,1,30.744700000013836,nan,-0.886041271686554
3,DiscNRX,ungated,867,1,0,0,1,29.653099999904953,nan,-0.886041271686554
3,DiscNRX,ungated,868,1,0,0,1,33.43570000015461,nan,-0.886041271686554
3,DiscNRX,ungated,869,1,0,0,1,25.703499999963242,nan,-0.886041271686554
3,DiscNRX,ungated,870,1,0,0,1,30.21340000032069,nan,-0.886041271686554
3,DiscNRX,ungated,871,1,0,0,1,27.001299999938055,nan,-0.886041271686554
3,DiscNRX,ungated,872,1,0,0,1,34.70930000003136,nan,-0.886041271686554
3,DiscNRX,ungated,873,1,0,0,1,25.814600000103383,nan,-0.886041271686554
3,DiscNRX,ungated,874,1,0,0,1,27.185399999780202,nan,-0.886041271686554
3,DiscNRX,ungated,875,1,0,0,1,31.806800000140356,nan,-0.886041271686554
3,DiscNRX,ungated,876,1,0,0,1,22.83110000007582,nan,-0.886041271686554
3,DiscNRX,ungated,877,1,0,0,1,23.015100000066013,nan,-0.886041271686554
3,DiscNRX,ungated,878,1,0,0,1,20.617399999991903,nan,-0.886041271686554
3,DiscNRX,ungated,879,1,0,0,1,50.53569999972751,nan,-0.886041271686554
3,DiscNRX,ungated,880,1,0,0,1,33.39120000009643,nan,-0.886041271686554
3,DiscNRX,ungated,881,1,0,0,1,18.927399999938643,nan,-0.886041271686554
3,DiscNRX,ungated,882,1,0,0,1,22.88380000027246,nan,-0.886041271686554
3,DiscNRX,ungated,883,1,0,0,1,25.897700000314217,nan,-0.886041271686554
3,DiscNRX,ungated,884,1,0,0,1,28.42300000020259,nan,-0.886041271686554
3,DiscNRX,ungated,885,1,0,0,1,23.776300000008632,nan,-0.886041271686554
3,DiscNRX,ungated,886,1,0,0,1,24.076700000023266,nan,-0.886041271686554
3,DiscNRX,ungated,887,1,0,0,1,25.240500000109023,nan,-0.886041271686554
3,DiscNRX,ungated,888,1,0,0,1,28.756700000030833,nan,-0.886041271686554
3,DiscNRX,ungated,889,1,0,0,1,32.04520000008415,nan,-0.886041271686554
3,DiscNRX,ungated,890,1,0,0,1,29.422799999792915,nan,-0.886041271686554
3,DiscNRX,ungated,891,1,0,0,1,26.617699999860633,nan,-0.886041271686554
3,DiscNRX,ungated,892,1,0,0,1,26.380600000265986,nan,-0.886041271686554
3,DiscNRX,ungated,893,1,0,0,1,24.92160000019794,nan,-0.886041271686554
3,DiscNRX,ungated,894,1,0,0,1,23.39430000029097,nan,-0.886041271686554
3,DiscNRX,ungated,895,1,0,0,1,25.595999999950436,nan,-0.886041271686554
3,DiscNRX,ungated,896,1,0,0,1,27.152099999966595,nan,-0.886041271686554
3,DiscNRX,ungated,897,1,0,0,1,23.708499999884225,nan,-0.886041271686554
3,DiscNRX,ungated,898,1,0,0,1,25.09220000001733,nan,-0.886041271686554
3,DiscNRX,ungated,899,1,0,0,1,25.66160000014861,nan,-0.886041271686554
3,DiscNRX,ungated,900,1,0,0,1,22.518700000091485,nan,-0.886041271686554
3,DiscNRX,ungated,901,1,0,0,1,23.177900000064255,nan,-0.886041271686554
3,DiscNRX,ungated,902,1,0,0,1,22.264600000198698,nan,-0.886041271686554
3,DiscNRX,ungated,903,1,0,0,1,22.662899999886577,nan,-0.886041271686554
3,DiscNRX,ungated,904,1,0,0,1,23.233600000367005,nan,-0.886041271686554
3,DiscNRX,ungated,905,1,0,0,1,22.934600000098726,nan,-0.886041271686554
3,DiscNRX,ungated,906,1,0,0,1,22.08180000025095,nan,-0.886041271686554
3,DiscNRX,ungated,907,1,0,0,1,24.664099999881728,nan,-0.886041271686554
3,DiscNRX,ungated,908,1,0,0,1,23.21029999984603,nan,-0.886041271686554
3,DiscNRX,ungated,909,1,0,0,1,29.27170000020851,nan,-0.886041271686554
3,DiscNRX,ungated,910,1,0,0,1,24.073499999758496,nan,-0.886041271686554
3,DiscNRX,ungated,911,1,0,0,1,24.523600000065926,nan,-0.886041271686554
3,DiscNRX,ungated,912,1,0,0,1,27.194699999654404,nan,-0.886041271686554
3,DiscNRX,ungated,913,1,0,0,1,27.36170000025595,nan,-0.886041271686554
3,DiscNRX,ungated,914,1,0,0,1,22.930000000087603,nan,-0.886041271686554
3,DiscNRX,ungated,915,1,0,0,1,24.053600000115694,nan,-0.886041271686554
3,DiscNRX,ungated,916,1,0,0,1,25.65890000005311,nan,-0.886041271686554
3,DiscNRX,ungated,917,1,0,0,1,28.145900000254187,nan,-0.886041271686554
3,DiscNRX,ungated,918,1,0,0,1,35.12170000021797,nan,-0.886041271686554
3,DiscNRX,ungated,919,1,0,0,1,29.86030000010942,nan,-0.886041271686554
3,DiscNRX,ungated,920,1,0,0,1,27.751599999646714,nan,-0.886041271686554
3,DiscNRX,ungated,921,1,0,0,1,27.17159999974683,nan,-0.886041271686554
3,DiscNRX,ungated,922,1,0,0,1,29.182199999922886,nan,-0.886041271686554
3,DiscNRX,ungated,923,1,0,0,1,25.385600000390696,nan,-0.886041271686554
3,DiscNRX,ungated,924,1,0,0,1,29.719199999817647,nan,-0.886041271686554
3,DiscNRX,ungated,925,1,0,0,1,25.284499999997934,nan,-0.886041271686554
3,DiscNRX,ungated,926,1,0,0,1,24.506300000211922,nan,-0.886041271686554
3,DiscNRX,ungated,927,1,0,0,1,27.92460000000574,nan,-0.886041271686554
3,DiscNRX,ungated,928,1,0,0,1,23.277900000266527,nan,-0.886041271686554
3,DiscNRX,ungated,929,1,0,0,1,20.961600000191538,nan,-0.886041271686554
3,DiscNRX,ungated,930,1,0,0,1,21.44799999996394,nan,-0.886041271686554
3,DiscNRX,ungated,931,1,0,0,1,24.012999999740714,nan,-0.886041271686554
3,DiscNRX,ungated,932,1,0,0,1,21.695899999940593,nan,-0.886041271686554
3,DiscNRX,ungated,933,1,0,0,1,22.283799999968323,nan,-0.886041271686554
3,DiscNRX,ungated,934,1,0,0,1,21.212199999808945,nan,-0.886041271686554
3,DiscNRX,ungated,935,1,0,0,1,24.492800000189163,nan,-0.886041271686554
3,DiscNRX,ungated,936,1,0,0,1,23.869699999977456,nan,-0.886041271686554
3,DiscNRX,ungated,937,1,0,0,1,26.38520000027711,nan,-0.886041271686554
3,DiscNRX,ungated,938,1,0,0,1,24.39749999984997,nan,-0.886041271686554
3,DiscNRX,ungated,939,1,0,0,1,25.241600000299513,nan,-0.886041271686554
3,DiscNRX,ungated,940,1,0,0,1,24.287599999752274,nan,-0.886041271686554
3,DiscNRX,ungated,941,1,0,0,1,30.48690000014176,nan,-0.886041271686554
3,DiscNRX,ungated,942,1,0,0,1,26.559800000086398,nan,-0.886041271686554
3,DiscNRX,ungated,943,1,0,0,1,25.619900000037887,nan,-0.886041271686554
3,DiscNRX,ungated,944,1,0,0,1,44.56930000014836,nan,-0.886041271686554
3,DiscNRX,ungated,945,1,0,0,1,24.818599999889557,nan,-0.886041271686554
3,DiscNRX,ungated,946,1,0,0,1,30.533800000284828,nan,-0.886041271686554
3,DiscNRX,ungated,947,1,0,0,1,24.26160000004529,nan,-0.886041271686554
3,DiscNRX,ungated,948,1,0,0,1,25.881700000354613,nan,-0.886041271686554
3,DiscNRX,ungated,949,1,0,0,1,24.945500000285392,nan,-0.886041271686554
3,DiscNRX,ungated,950,1,0,0,1,23.157999999966705,nan,-0.886041271686554
3,DiscNRX,ungated,951,1,0,0,1,23.145499999827734,nan,-0.886041271686554
3,DiscNRX,ungated,952,1,0,0,1,23.543400000107795,nan,-0.886041271686554
3,DiscNRX,ungated,953,1,0,0,1,24.614200000087294,nan,-0.886041271686554
3,DiscNRX,ungated,954,1,0,0,1,25.93720000004396,nan,-0.886041271686554
3,DiscNRX,ungated,955,1,0,0,1,23.65379999992001,nan,-0.886041271686554
3,DiscNRX,ungated,956,1,0,0,1,28.405499999735184,nan,-0.886041271686554
3,DiscNRX,ungated,957,1,0,0,1,24.873700000171084,nan,-0.886041271686554
3,DiscNRX,ungated,958,1,0,0,1,38.01400000020294,nan,-0.886041271686554
3,DiscNRX,ungated,959,1,0,0,1,30.338300000039453,nan,-0.886041271686554
3,DiscNRX,ungated,960,1,0,0,1,27.36060000006546,nan,-0.886041271686554
3,DiscNRX,ungated,961,1,0,0,1,24.54889999989973,nan,-0.886041271686554
3,DiscNRX,ungated,962,1,0,0,1,26.079100000060862,nan,-0.886041271686554
3,DiscNRX,ungated,963,1,0,0,1,22.798099999818078,nan,-0.886041271686554
3,DiscNRX,ungated,964,1,0,0,1,21.893099999942933,nan,-0.886041271686554
3,DiscNRX,ungated,965,1,0,0,1,21.72180000025037,nan,-0.886041271686554
3,DiscNRX,ungated,966,1,0,0,1,23.211300000184565,nan,-0.886041271686554
3,DiscNRX,ungated,967,1,0,0,1,20.189899999877525,nan,-0.886041271686554
3,DiscNRX,ungated,968,1,0,0,1,28.43799999982366,nan,-0.886041271686554
3,DiscNRX,ungated,969,1,0,0,1,23.48729999994248,nan,-0.886041271686554
3,DiscNRX,ungated,970,1,0,0,1,29.313600000023143,nan,-0.886041271686554
3,DiscNRX,ungated,971,1,0,0,1,32.73489999992307,nan,-0.886041271686554
3,DiscNRX,ungated,972,1,0,0,1,30.55339999991702,nan,-0.886041271686554
3,DiscNRX,ungated,973,1,0,0,1,29.561700000158453,nan,-0.886041271686554
3,DiscNRX,ungated,974,1,0,0,1,24.16189999985363,nan,-0.886041271686554
3,DiscNRX,ungated,975,1,0,0,1,19.189600000117935,nan,-0.886041271686554
3,DiscNRX,ungated,976,1,0,0,1,24.70020000009754,nan,-0.886041271686554
3,DiscNRX,ungated,977,1,0,0,1,27.365999999801716,nan,-0.886041271686554
3,DiscNRX,ungated,978,1,0,0,1,21.911099999670114,nan,-0.886041271686554
3,DiscNRX,ungated,979,1,0,0,1,23.19709999983388,nan,-0.886041271686554
3,DiscNRX,ungated,980,1,0,0,1,25.742600000285165,nan,-0.886041271686554
3,DiscNRX,ungated,981,1,0,0,1,24.095000000215805,nan,-0.886041271686554
3,DiscNRX,ungated,982,1,0,0,1,28.378800000155024,nan,-0.886041271686554
3,DiscNRX,ungated,983,1,0,0,1,38.00150000006397,nan,-0.886041271686554
3,DiscNRX,ungated,984,1,0,0,1,27.917599999909726,nan,-0.886041271686554
3,DiscNRX,ungated,985,1,0,0,1,31.413400000019465,nan,-0.886041271686554
3,DiscNRX,ungated,986,1,0,0,1,27.348800000254414,nan,-0.886041271686554
3,DiscNRX,ungated,987,1,0,0,1,24.60930000006556,nan,-0.886041271686554
3,DiscNRX,ungated,988,1,0,0,1,23.79830000018046,nan,-0.886041271686554
3,DiscNRX,ungated,989,1,0,0,1,20.765899999787507,nan,-0.886041271686554
3,DiscNRX,ungated,990,1,0,0,1,21.874000000025262,nan,-0.886041271686554
3,DiscNRX,ungated,991,1,0,0,1,21.158200000172656,nan,-0.886041271686554
3,DiscNRX,ungated,992,1,0,0,1,19.59390000001804,nan,-0.886041271686554
3,DiscNRX,ungated,993,1,0,0,1,23.06910000015705,nan,-0.886041271686554
3,DiscNRX,ungated,994,1,0,0,1,26.022999999895546,nan,-0.886041271686554
3,DiscNRX,ungated,995,1,0,0,1,24.287200000344455,nan,-0.886041271686554
3,DiscNRX,ungated,996,1,0,0,1,24.588799999946787,nan,-0.886041271686554
3,DiscNRX,ungated,997,1,0,0,1,23.7755000002835,nan,-0.886041271686554
3,DiscNRX,ungated,998,1,0,0,1,24.07119999998031,nan,-0.886041271686554
3,DiscNRX,ungated,999,1,0,0,1,23.173399999905087,nan,-0.886041271686554
3,DiscNRX,gated,0,1,0,0,0,nan,nan,-0.886041271686554
3,DiscNRX,gated,1,1,0,0,0,nan,nan,-0.886041271686554
3,DiscNRX,gated,2,0,1,0,1,34.11069999992833,nan,-0.886041271686554
3,DiscNRX,gated,3,1,0,0,0,nan,nan,-0.886041271686554
3,DiscNRX,gated,4,1,0,0,0,nan,nan,-0.886041271686554
3,DiscNRX,gated,5,0,1,0,1,30.689199999869743,nan,-0.886041271686554
3,DiscNRX,gated,6,0,1,0,1,26.594800000111718,nan,-0.886041271686554
3,DiscNRX,gated,7,0,1,0,1,27.37810000007812,nan,-0.886041271686554
3,DiscNRX,gated,8,0,1,0,1,24.82289999989007,nan,-0.886041271686554
3,DiscNRX,gated,9,0,1,0,1,26.292600000033417,nan,-0.886041271686554
3,DiscNRX,gated,10,0,1,0,1,28.94830000013826,nan,-0.886041271686554
3,DiscNRX,gated,11,0,1,0,1,31.132999999954336,nan,-0.886041271686554
3,DiscNRX,gated,12,0,1,0,1,26.75039999985529,nan,-0.886041271686554
3,DiscNRX,gated,13,0,1,0,1,22.948400000132096,nan,-0.886041271686554
3,DiscNRX,gated,14,0,1,0,1,21.754900000360067,nan,-0.886041271686554
3,DiscNRX,gated,15,0,1,0,1,23.15180000005057,nan,-0.886041271686554
3,DiscNRX,gated,16,0,1,0,1,20.707300000140094,nan,-0.886041271686554
3,DiscNRX,gated,17,0,1,0,1,25.83180000010543,nan,-0.886041271686554
3,DiscNRX,gated,18,0,1,0,1,25.391399999989517,nan,-0.886041271686554
3,DiscNRX,gated,19,1,0,0,0,nan,nan,-0.886041271686554
3,DiscNRX,gated,20,0,1,0,1,22.276000000147178,nan,-0.886041271686554
3,DiscNRX,gated,21,0,1,0,1,25.060899999971298,nan,-0.886041271686554
3,DiscNRX,gated,22,0,1,0,1,27.08699999993769,nan,-0.886041271686554
3,DiscNRX,gated,23,0,1,0,1,24.314499999945838,nan,-0.886041271686554
3,DiscNRX,gated,24,0,1,0,1,21.76450000024488,nan,-0.886041271686554
3,DiscNRX,gated,25,0,1,0,1,22.662599999875965,nan,-0.886041271686554
3,DiscNRX,gated,26,0,1,0,1,23.427900000115187,nan,-0.886041271686554
3,DiscNRX,gated,27,0,1,0,1,25.654300000041985,nan,-0.886041271686554
3,DiscNRX,gated,28,0,1,0,1,30.091300000094634,nan,-0.886041271686554
3,DiscNRX,gated,29,0,1,0,1,26.501400000142894,nan,-0.886041271686554
3,DiscNRX,gated,30,0,1,0,1,32.7105000001211,nan,-0.886041271686554
3,DiscNRX,gated,31,0,1,0,1,27.316700000028504,nan,-0.886041271686554
3,DiscNRX,gated,32,0,1,0,1,30.491999999867403,nan,-0.886041271686554
3,DiscNRX,gated,33,0,1,0,1,34.649199999876146,nan,-0.886041271686554
3,DiscNRX,gated,34,0,1,0,1,28.82339999996475,nan,-0.886041271686554
3,DiscNRX,gated,35,0,1,0,1,27.337200000147277,nan,-0.886041271686554
3,DiscNRX,gated,36,0,1,0,1,25.20649999996749,nan,-0.886041271686554
3,DiscNRX,gated,37,0,1,0,1,25.11099999992439,nan,-0.886041271686554
3,DiscNRX,gated,38,0,1,0,1,26.271100000030856,nan,-0.886041271686554
3,DiscNRX,gated,39,0,1,0,1,33.97499999982756,nan,-0.886041271686554
3,DiscNRX,gated,40,0,1,0,1,27.83580000004804,nan,-0.886041271686554
3,DiscNRX,gated,41,0,1,0,1,26.95529999982682,nan,-0.886041271686554
3,DiscNRX,gated,42,0,1,0,1,32.31649999997899,nan,-0.886041271686554
3,DiscNRX,gated,43,0,1,0,1,21.64009999978589,nan,-0.886041271686554
3,DiscNRX,gated,44,0,1,0,1,22.11299999999028,nan,-0.886041271686554
3,DiscNRX,gated,45,0,1,0,1,26.287499999853026,nan,-0.886041271686554
3,DiscNRX,gated,46,0,1,0,1,21.62429999998494,nan,-0.886041271686554
3,DiscNRX,gated,47,0,1,0,1,22.790099999838276,nan,-0.886041271686554
3,DiscNRX,gated,48,0,1,0,1,21.019000000251253,nan,-0.886041271686554
3,DiscNRX,gated,49,0,1,0,1,23.050700000112556,nan,-0.886041271686554
3,DiscNRX,gated,50,0,1,0,1,19.6181000001161,nan,-0.886041271686554
3,DiscNRX,gated,51,0,1,0,1,29.713799999626644,nan,-0.886041271686554
3,DiscNRX,gated,52,0,1,0,1,28.307699999913893,nan,-0.886041271686554
3,DiscNRX,gated,53,0,1,0,1,25.703900000280555,nan,-0.886041271686554
3,DiscNRX,gated,54,0,1,0,1,22.96059999980571,nan,-0.886041271686554
3,DiscNRX,gated,55,0,1,0,1,26.24660000037693,nan,-0.886041271686554
3,DiscNRX,gated,56,0,1,0,1,21.683699999812234,nan,-0.886041271686554
3,DiscNRX,gated,57,0,1,0,1,23.855900000398833,nan,-0.886041271686554
3,DiscNRX,gated,58,0,1,0,1,24.122699999679753,nan,-0.886041271686554
3,DiscNRX,gated,59,0,1,0,1,24.148100000275008,nan,-0.886041271686554
3,DiscNRX,gated,60,0,1,0,1,28.625199999623874,nan,-0.886041271686554
3,DiscNRX,gated,61,0,1,0,1,35.993299999972805,nan,-0.886041271686554
3,DiscNRX,gated,62,0,1,0,1,26.695099999869853,nan,-0.886041271686554
3,DiscNRX,gated,63,0,1,0,1,29.385399999682704,nan,-0.886041271686554
3,DiscNRX,gated,64,0,1,0,1,27.44040000015957,nan,-0.886041271686554
3,DiscNRX,gated,65,0,1,0,1,30.70609999986118,nan,-0.886041271686554
3,DiscNRX,gated,66,0,1,0,1,31.195000000025175,nan,-0.886041271686554
3,DiscNRX,gated,67,0,1,0,1,24.43940000011935,nan,-0.886041271686554
3,DiscNRX,gated,68,0,1,0,1,22.463599999809958,nan,-0.886041271686554
3,DiscNRX,gated,69,0,1,0,1,25.462200000220037,nan,-0.886041271686554
3,DiscNRX,gated,70,0,1,0,1,24.414900000010675,nan,-0.886041271686554
3,DiscNRX,gated,71,0,1,0,1,27.320700000018405,nan,-0.886041271686554
3,DiscNRX,gated,72,0,1,0,1,19.261500000084197,nan,-0.886041271686554
3,DiscNRX,gated,73,0,1,0,1,19.457800000054704,nan,-0.886041271686554
3,DiscNRX,gated,74,0,1,0,1,23.036400000364665,nan,-0.886041271686554
3,DiscNRX,gated,75,0,1,0,1,26.247499999954016,nan,-0.886041271686554
3,DiscNRX,gated,76,0,1,0,1,25.22529999987455,nan,-0.886041271686554
3,DiscNRX,gated,77,0,1,0,1,24.156399999810674,nan,-0.886041271686554
3,DiscNRX,gated,78,0,1,0,1,30.135400000290247,nan,-0.886041271686554
3,DiscNRX,gated,79,0,1,0,1,28.449899999941408,nan,-0.886041271686554
3,DiscNRX,gated,80,0,1,0,1,27.320199999849137,nan,-0.886041271686554
3,DiscNRX,gated,81,0,1,0,1,27.434200000243436,nan,-0.886041271686554
3,DiscNRX,gated,82,0,1,0,1,21.83259999992515,nan,-0.886041271686554
3,DiscNRX,gated,83,0,1,0,1,22.116900000128226,nan,-0.886041271686554
3,DiscNRX,gated,84,0,1,0,1,23.381399999834684,nan,-0.886041271686554
3,DiscNRX,gated,85,0,1,0,1,22.01519999971424,nan,-0.886041271686554
3,DiscNRX,gated,86,0,1,0,1,23.3103000000483,nan,-0.886041271686554
3,DiscNRX,gated,87,0,1,0,1,26.117899999917427,nan,-0.886041271686554
3,DiscNRX,gated,88,0,1,0,1,21.910100000241073,nan,-0.886041271686554
3,DiscNRX,gated,89,0,1,0,1,21.6656000002331,nan,-0.886041271686554
3,DiscNRX,gated,90,0,1,0,1,29.750700000022334,nan,-0.886041271686554
3,DiscNRX,gated,91,0,1,0,1,29.611299999942275,nan,-0.886041271686554
3,DiscNRX,gated,92,0,1,0,1,37.964000000101805,nan,-0.886041271686554
3,DiscNRX,gated,93,0,1,0,1,22.138700000141398,nan,-0.886041271686554
3,DiscNRX,gated,94,0,1,0,1,21.853899999769055,nan,-0.886041271686554
3,DiscNRX,gated,95,1,0,0,0,nan,nan,-0.886041271686554
3,DiscNRX,gated,96,0,1,0,1,20.899699999972654,nan,-0.886041271686554
3,DiscNRX,gated,97,0,1,0,1,23.533799999768235,nan,-0.886041271686554
3,DiscNRX,gated,98,0,1,0,1,18.737500000042928,nan,-0.886041271686554
3,DiscNRX,gated,99,0,1,0,1,22.9272999999921,nan,-0.886041271686554
3,DiscNRX,gated,100,0,1,0,1,33.50539999973989,nan,-0.886041271686554
3,DiscNRX,gated,101,0,1,0,1,27.170700000169745,nan,-0.886041271686554
3,DiscNRX,gated,102,0,1,0,1,25.013599999965663,nan,-0.886041271686554
3,DiscNRX,gated,103,0,1,0,1,27.973199999905773,nan,-0.886041271686554
3,DiscNRX,gated,104,0,1,0,1,28.345700000045326,nan,-0.886041271686554
3,DiscNRX,gated,105,0,1,0,1,30.412999999953172,nan,-0.886041271686554
3,DiscNRX,gated,106,0,1,0,1,32.4123000000327,nan,-0.886041271686554
3,DiscNRX,gated,107,0,1,0,1,28.068699999948876,nan,-0.886041271686554
3,DiscNRX,gated,108,0,1,0,1,20.85010000018883,nan,-0.886041271686554
3,DiscNRX,gated,109,0,1,0,1,23.450400000001537,nan,-0.886041271686554
3,DiscNRX,gated,110,0,1,0,1,23.79770000015924,nan,-0.886041271686554
3,DiscNRX,gated,111,0,1,0,1,22.84079999981259,nan,-0.886041271686554
3,DiscNRX,gated,112,0,1,0,1,24.242799999683484,nan,-0.886041271686554
3,DiscNRX,gated,113,0,1,0,1,21.46050000010291,nan,-0.886041271686554
3,DiscNRX,gated,114,0,1,0,1,21.984400000292226,nan,-0.886041271686554
3,DiscNRX,gated,115,0,1,0,1,21.03720000013709,nan,-0.886041271686554
3,DiscNRX,gated,116,0,1,0,1,21.025900000040565,nan,-0.886041271686554
3,DiscNRX,gated,117,0,1,0,1,19.885400000021036,nan,-0.886041271686554
3,DiscNRX,gated,118,0,1,0,1,24.92019999999684,nan,-0.886041271686554
3,DiscNRX,gated,119,0,1,0,1,23.382200000014564,nan,-0.886041271686554
3,DiscNRX,gated,120,0,1,0,1,20.23300000018935,nan,-0.886041271686554
3,DiscNRX,gated,121,0,1,0,1,22.58429999983491,nan,-0.886041271686554
3,DiscNRX,gated,122,0,1,0,1,22.793800000272313,nan,-0.886041271686554
3,DiscNRX,gated,123,0,1,0,1,25.685800000246672,nan,-0.886041271686554
3,DiscNRX,gated,124,0,1,0,1,22.584199999982957,nan,-0.886041271686554
3,DiscNRX,gated,125,0,1,0,1,25.006399999710993,nan,-0.886041271686554
3,DiscNRX,gated,126,0,1,0,1,32.19919999992271,nan,-0.886041271686554
3,DiscNRX,gated,127,0,1,0,1,26.425000000017462,nan,-0.886041271686554
3,DiscNRX,gated,128,0,1,0,1,28.87379999992845,nan,-0.886041271686554
3,DiscNRX,gated,129,0,1,0,1,27.57759999985865,nan,-0.886041271686554
3,DiscNRX,gated,130,0,1,0,1,25.13139999973646,nan,-0.886041271686554
3,DiscNRX,gated,131,0,1,0,1,24.221900000156893,nan,-0.886041271686554
3,DiscNRX,gated,132,0,1,0,1,30.182699999841134,nan,-0.886041271686554
3,DiscNRX,gated,133,0,1,0,1,25.330399999802466,nan,-0.886041271686554
3,DiscNRX,gated,134,0,1,0,1,27.824599999803468,nan,-0.886041271686554
3,DiscNRX,gated,135,0,1,0,1,27.680600000167033,nan,-0.886041271686554
3,DiscNRX,gated,136,0,1,0,1,26.191599999947357,nan,-0.886041271686554
3,DiscNRX,gated,137,0,1,0,1,24.58040000010442,nan,-0.886041271686554
3,DiscNRX,gated,138,0,1,0,1,23.534899999958725,nan,-0.886041271686554
3,DiscNRX,gated,139,0,1,0,1,27.34820000023319,nan,-0.886041271686554
3,DiscNRX,gated,140,0,1,0,1,26.30970000018351,nan,-0.886041271686554
3,DiscNRX,gated,141,0,1,0,1,25.22769999995944,nan,-0.886041271686554
3,DiscNRX,gated,142,0,1,0,1,22.76160000019445,nan,-0.886041271686554
3,DiscNRX,gated,143,0,1,0,1,20.6081000001177,nan,-0.886041271686554
3,DiscNRX,gated,144,0,1,0,1,23.442199999863078,nan,-0.886041271686554
3,DiscNRX,gated,145,0,1,0,1,20.709899999928894,nan,-0.886041271686554
3,DiscNRX,gated,146,0,1,0,1,19.946299999901385,nan,-0.886041271686554
3,DiscNRX,gated,147,0,1,0,1,21.10709999988103,nan,-0.886041271686554
3,DiscNRX,gated,148,0,1,0,1,19.907100000182254,nan,-0.886041271686554
3,DiscNRX,gated,149,0,1,0,1,21.740499999850726,nan,-0.886041271686554
3,DiscNRX,gated,150,0,1,0,1,23.439999999936845,nan,-0.886041271686554
3,DiscNRX,gated,151,0,1,0,1,20.92529999981707,nan,-0.886041271686554
3,DiscNRX,gated,152,0,1,0,1,27.903900000183057,nan,-0.886041271686554
3,DiscNRX,gated,153,0,1,0,1,23.78180000005159,nan,-0.886041271686554
3,DiscNRX,gated,154,0,1,0,1,25.938199999927747,nan,-0.886041271686554
3,DiscNRX,gated,155,0,1,0,1,27.886400000170397,nan,-0.886041271686554
3,DiscNRX,gated,156,0,1,0,1,29.51419999999416,nan,-0.886041271686554
3,DiscNRX,gated,157,0,1,0,1,29.505999999855703,nan,-0.886041271686554
3,DiscNRX,gated,158,0,1,0,1,31.291700000110723,nan,-0.886041271686554
3,DiscNRX,gated,159,0,1,0,1,30.288499999642227,nan,-0.886041271686554
3,DiscNRX,gated,160,0,1,0,1,29.167400000005728,nan,-0.886041271686554
3,DiscNRX,gated,161,0,1,0,1,30.05510000002687,nan,-0.886041271686554
3,DiscNRX,gated,162,0,1,0,1,31.966499999725784,nan,-0.886041271686554
3,DiscNRX,gated,163,0,1,0,1,34.12229999958072,nan,-0.886041271686554
3,DiscNRX,gated,164,0,1,0,1,28.937000000041735,nan,-0.886041271686554
3,DiscNRX,gated,165,0,1,0,1,21.632499999668653,nan,-0.886041271686554
3,DiscNRX,gated,166,0,1,0,1,25.476499999967928,nan,-0.886041271686554
3,DiscNRX,gated,167,0,1,0,1,23.133099999995466,nan,-0.886041271686554
3,DiscNRX,gated,168,0,1,0,1,21.328999999695952,nan,-0.886041271686554
3,DiscNRX,gated,169,0,1,0,1,22.710999999617343,nan,-0.886041271686554
3,DiscNRX,gated,170,0,1,0,1,22.549100000105682,nan,-0.886041271686554
3,DiscNRX,gated,171,1,0,0,0,nan,nan,-0.886041271686554
3,DiscNRX,gated,172,0,1,0,1,21.991300000081537,nan,-0.886041271686554
3,DiscNRX,gated,173,0,1,0,1,22.569300000213843,nan,-0.886041271686554
3,DiscNRX,gated,174,0,1,0,1,29.798699999901146,nan,-0.886041271686554
3,DiscNRX,gated,175,0,1,0,1,39.02849999985847,nan,-0.886041271686554
3,DiscNRX,gated,176,0,1,0,1,25.230800000372255,nan,-0.886041271686554
3,DiscNRX,gated,177,0,1,0,1,28.811399999995047,nan,-0.886041271686554
3,DiscNRX,gated,178,0,1,0,1,22.746799999822542,nan,-0.886041271686554
3,DiscNRX,gated,179,0,1,0,1,22.18620000030569,nan,-0.886041271686554
3,DiscNRX,gated,180,0,1,0,1,22.14460000004692,nan,-0.886041271686554
3,DiscNRX,gated,181,0,1,0,1,22.925199999917822,nan,-0.886041271686554
3,DiscNRX,gated,182,0,1,0,1,21.38809999996738,nan,-0.886041271686554
3,DiscNRX,gated,183,0,1,0,1,23.110000000087894,nan,-0.886041271686554
3,DiscNRX,gated,184,0,1,0,1,22.56549999992785,nan,-0.886041271686554
3,DiscNRX,gated,185,0,1,0,1,23.58840000033524,nan,-0.886041271686554
3,DiscNRX,gated,186,0,1,0,1,24.074499999642285,nan,-0.886041271686554
3,DiscNRX,gated,187,0,1,0,1,24.458899999899586,nan,-0.886041271686554
3,DiscNRX,gated,188,0,1,0,1,22.000999999818305,nan,-0.886041271686554
3,DiscNRX,gated,189,0,1,0,1,38.98410000010699,nan,-0.886041271686554
3,DiscNRX,gated,190,0,1,0,1,27.482100000270293,nan,-0.886041271686554
3,DiscNRX,gated,191,0,1,0,1,25.877399999899353,nan,-0.886041271686554
3,DiscNRX,gated,192,0,1,0,1,27.582599999732338,nan,-0.886041271686554
3,DiscNRX,gated,193,0,1,0,1,29.481899999609595,nan,-0.886041271686554
3,DiscNRX,gated,194,0,1,0,1,26.442100000167557,nan,-0.886041271686554
3,DiscNRX,gated,195,0,1,0,1,29.730600000220875,nan,-0.886041271686554
3,DiscNRX,gated,196,0,1,0,1,30.79359999992448,nan,-0.886041271686554
3,DiscNRX,gated,197,0,1,0,1,34.62630000012723,nan,-0.886041271686554
3,DiscNRX,gated,198,0,1,0,1,29.249499999878026,nan,-0.886041271686554
3,DiscNRX,gated,199,0,1,0,1,32.96649999992951,nan,-0.886041271686554
3,DiscNRX,gated,200,0,1,0,1,26.543100000253617,nan,-0.886041271686554
3,DiscNRX,gated,201,0,1,0,1,30.70930000012595,nan,-0.886041271686554
3,DiscNRX,gated,202,0,1,0,1,33.129599999938364,nan,-0.886041271686554
3,DiscNRX,gated,203,0,1,0,1,23.716899999726593,nan,-0.886041271686554
3,DiscNRX,gated,204,0,1,0,1,27.703400000063994,nan,-0.886041271686554
3,DiscNRX,gated,205,0,1,0,1,24.7111000003315,nan,-0.886041271686554
3,DiscNRX,gated,206,0,1,0,1,29.928500000096392,nan,-0.886041271686554
3,DiscNRX,gated,207,0,1,0,1,28.120299999955023,nan,-0.886041271686554
3,DiscNRX,gated,208,0,1,0,1,26.17179999970176,nan,-0.886041271686554
3,DiscNRX,gated,209,0,1,0,1,25.065799999993033,nan,-0.886041271686554
3,DiscNRX,gated,210,0,1,0,1,25.05109999992783,nan,-0.886041271686554
3,DiscNRX,gated,211,0,1,0,1,27.95090000017808,nan,-0.886041271686554
3,DiscNRX,gated,212,0,1,0,1,23.249899999882473,nan,-0.886041271686554
3,DiscNRX,gated,213,0,1,0,1,25.157800000215502,nan,-0.886041271686554
3,DiscNRX,gated,214,0,1,0,1,29.636499999924126,nan,-0.886041271686554
3,DiscNRX,gated,215,0,1,0,1,26.504100000238395,nan,-0.886041271686554
3,DiscNRX,gated,216,0,1,0,1,24.21730000014577,nan,-0.886041271686554
3,DiscNRX,gated,217,0,1,0,1,24.63790000001609,nan,-0.886041271686554
3,DiscNRX,gated,218,0,1,0,1,25.08059999991019,nan,-0.886041271686554
3,DiscNRX,gated,219,0,1,0,1,21.670799999810697,nan,-0.886041271686554
3,DiscNRX,gated,220,0,1,0,1,32.50879999995959,nan,-0.886041271686554
3,DiscNRX,gated,221,0,1,0,1,30.774299999848154,nan,-0.886041271686554
3,DiscNRX,gated,222,0,1,0,1,25.00190000000657,nan,-0.886041271686554
3,DiscNRX,gated,223,0,1,0,1,24.677100000189967,nan,-0.886041271686554
3,DiscNRX,gated,224,0,1,0,1,27.560900000025867,nan,-0.886041271686554
3,DiscNRX,gated,225,0,1,0,1,25.736199999755627,nan,-0.886041271686554
3,DiscNRX,gated,226,0,1,0,1,25.29340000000957,nan,-0.886041271686554
3,DiscNRX,gated,227,0,1,0,1,23.60529999987193,nan,-0.886041271686554
3,DiscNRX,gated,228,0,1,0,1,26.79900000021007,nan,-0.886041271686554
3,DiscNRX,gated,229,0,1,0,1,28.163800000129413,nan,-0.886041271686554
3,DiscNRX,gated,230,0,1,0,1,26.81880000000092,nan,-0.886041271686554
3,DiscNRX,gated,231,0,1,0,1,29.362400000081834,nan,-0.886041271686554
3,DiscNRX,gated,232,0,1,0,1,24.19400000007954,nan,-0.886041271686554
3,DiscNRX,gated,233,0,1,0,1,27.742199999920558,nan,-0.886041271686554
3,DiscNRX,gated,234,0,1,0,1,20.960899999863614,nan,-0.886041271686554
3,DiscNRX,gated,235,0,1,0,1,22.10239999976693,nan,-0.886041271686554
3,DiscNRX,gated,236,0,1,0,1,24.791499999992084,nan,-0.886041271686554
3,DiscNRX,gated,237,0,1,0,1,23.55570000008811,nan,-0.886041271686554
3,DiscNRX,gated,238,0,1,0,1,21.677299999737443,nan,-0.886041271686554
3,DiscNRX,gated,239,0,1,0,1,21.45310000014433,nan,-0.886041271686554
3,DiscNRX,gated,240,0,1,0,1,23.378299999876617,nan,-0.886041271686554
3,DiscNRX,gated,241,0,1,0,1,23.556699999971897,nan,-0.886041271686554
3,DiscNRX,gated,242,0,1,0,1,22.52600000019811,nan,-0.886041271686554
3,DiscNRX,gated,243,0,1,0,1,21.58800000006522,nan,-0.886041271686554
3,DiscNRX,gated,244,0,1,0,1,26.166900000134774,nan,-0.886041271686554
3,DiscNRX,gated,245,0,1,0,1,29.24010000015187,nan,-0.886041271686554
3,DiscNRX,gated,246,0,1,0,1,28.77249999983178,nan,-0.886041271686554
3,DiscNRX,gated,247,0,1,0,1,29.27559999989171,nan,-0.886041271686554
3,DiscNRX,gated,248,0,1,0,1,26.251499999943917,nan,-0.886041271686554
3,DiscNRX,gated,249,0,1,0,1,25.61699999978373,nan,-0.886041271686554
3,DiscNRX,gated,250,0,1,0,1,29.137900000023365,nan,-0.886041271686554
3,DiscNRX,gated,251,0,1,0,1,28.03700000004028,nan,-0.886041271686554
3,DiscNRX,gated,252,0,1,0,1,26.698499999838532,nan,-0.886041271686554
3,DiscNRX,gated,253,0,1,0,1,28.77760000001217,nan,-0.886041271686554
3,DiscNRX,gated,254,0,1,0,1,27.177800000117713,nan,-0.886041271686554
3,DiscNRX,gated,255,0,1,0,1,29.490399999758665,nan,-0.886041271686554
3,DiscNRX,gated,256,0,1,0,1,28.967899999770452,nan,-0.886041271686554
3,DiscNRX,gated,257,0,1,0,1,25.845500000286847,nan,-0.886041271686554
3,DiscNRX,gated,258,0,1,0,1,26.750600000013947,nan,-0.886041271686554
3,DiscNRX,gated,259,0,1,0,1,24.91169999984777,nan,-0.886041271686554
3,DiscNRX,gated,260,0,1,0,1,24.90829999987909,nan,-0.886041271686554
3,DiscNRX,gated,261,0,1,0,1,23.099999999885767,nan,-0.886041271686554
3,DiscNRX,gated,262,0,1,0,1,24.636899999677553,nan,-0.886041271686554
3,DiscNRX,gated,263,0,1,0,1,21.720300000197312,nan,-0.886041271686554
3,DiscNRX,gated,264,0,1,0,1,24.677799999608396,nan,-0.886041271686554
3,DiscNRX,gated,265,0,1,0,1,21.35450000014316,nan,-0.886041271686554
3,DiscNRX,gated,266,0,1,0,1,20.38989999982732,nan,-0.886041271686554
3,DiscNRX,gated,267,0,1,0,1,26.550200000201585,nan,-0.886041271686554
3,DiscNRX,gated,268,0,1,0,1,21.25270000033197,nan,-0.886041271686554
3,DiscNRX,gated,269,0,1,0,1,22.8383999997277,nan,-0.886041271686554
3,DiscNRX,gated,270,0,1,0,1,22.14430000003631,nan,-0.886041271686554
3,DiscNRX,gated,271,0,1,0,1,20.93139999988125,nan,-0.886041271686554
3,DiscNRX,gated,272,0,1,0,1,24.07679999987522,nan,-0.886041271686554
3,DiscNRX,gated,273,0,1,0,1,23.312799999985145,nan,-0.886041271686554
3,DiscNRX,gated,274,0,1,0,1,20.75250000007145,nan,-0.886041271686554
3,DiscNRX,gated,275,0,1,0,1,20.837500000197906,nan,-0.886041271686554
3,DiscNRX,gated,276,0,1,0,1,30.181200000242825,nan,-0.886041271686554
3,DiscNRX,gated,277,0,1,0,1,29.601600000205508,nan,-0.886041271686554
3,DiscNRX,gated,278,0,1,0,1,29.621399999996356,nan,-0.886041271686554
3,DiscNRX,gated,279,0,1,0,1,27.83640000006926,nan,-0.886041271686554
3,DiscNRX,gated,280,0,1,0,1,27.297900000121444,nan,-0.886041271686554
3,DiscNRX,gated,281,0,1,0,1,26.47290000004432,nan,-0.886041271686554
3,DiscNRX,gated,282,0,1,0,1,24.472699999932956,nan,-0.886041271686554
3,DiscNRX,gated,283,0,1,0,1,23.175000000264845,nan,-0.886041271686554
3,DiscNRX,gated,284,0,1,0,1,25.36920000011378,nan,-0.886041271686554
3,DiscNRX,gated,285,0,1,0,1,20.368599999983417,nan,-0.886041271686554
3,DiscNRX,gated,286,0,1,0,1,23.062499999923602,nan,-0.886041271686554
3,DiscNRX,gated,287,0,1,0,1,22.281800000200747,nan,-0.886041271686554
3,DiscNRX,gated,288,0,1,0,1,21.45410000002812,nan,-0.886041271686554
3,DiscNRX,gated,289,0,1,0,1,22.20900000020265,nan,-0.886041271686554
3,DiscNRX,gated,290,0,1,0,1,21.763100000043778,nan,-0.886041271686554
3,DiscNRX,gated,291,0,1,0,1,23.450700000012148,nan,-0.886041271686554
3,DiscNRX,gated,292,0,1,0,1,21.69450000019424,nan,-0.886041271686554
3,DiscNRX,gated,293,0,1,0,1,25.29499999991458,nan,-0.886041271686554
3,DiscNRX,gated,294,0,1,0,1,25.51560000028985,nan,-0.886041271686554
3,DiscNRX,gated,295,0,1,0,1,30.075200000283075,nan,-0.886041271686554
3,DiscNRX,gated,296,0,1,0,1,23.958400000083202,nan,-0.886041271686554
3,DiscNRX,gated,297,0,1,0,1,23.81950000017241,nan,-0.886041271686554
3,DiscNRX,gated,298,0,1,0,1,24.26950000017314,nan,-0.886041271686554
3,DiscNRX,gated,299,0,1,0,1,24.128399999881367,nan,-0.886041271686554
3,DiscNRX,gated,300,0,1,0,1,24.998999999752414,nan,-0.886041271686554
3,DiscNRX,gated,301,0,1,0,1,24.88949999997203,nan,-0.886041271686554
3,DiscNRX,gated,302,0,1,0,1,25.323800000023766,nan,-0.886041271686554
3,DiscNRX,gated,303,0,1,0,1,30.820099999800732,nan,-0.886041271686554
3,DiscNRX,gated,304,0,1,0,1,29.384699999809527,nan,-0.886041271686554
3,DiscNRX,gated,305,0,1,0,1,25.260200000047917,nan,-0.886041271686554
3,DiscNRX,gated,306,0,1,0,1,27.53100000018094,nan,-0.886041271686554
3,DiscNRX,gated,307,0,1,0,1,27.569299999868235,nan,-0.886041271686554
3,DiscNRX,gated,308,0,1,0,1,34.64480000002368,nan,-0.886041271686554
3,DiscNRX,gated,309,0,1,0,1,32.0651000001817,nan,-0.886041271686554
3,DiscNRX,gated,310,0,1,0,1,27.202800000395655,nan,-0.886041271686554
3,DiscNRX,gated,311,0,1,0,1,26.96090000017648,nan,-0.886041271686554
3,DiscNRX,gated,312,0,1,0,1,24.62710000008883,nan,-0.886041271686554
3,DiscNRX,gated,313,0,1,0,1,24.338799999895855,nan,-0.886041271686554
3,DiscNRX,gated,314,0,1,0,1,23.409500000070693,nan,-0.886041271686554
3,DiscNRX,gated,315,0,1,0,1,27.774399999998423,nan,-0.886041271686554
3,DiscNRX,gated,316,0,1,0,1,20.498599999882572,nan,-0.886041271686554
3,DiscNRX,gated,317,0,1,0,1,25.416299999960756,nan,-0.886041271686554
3,DiscNRX,gated,318,0,1,0,1,25.33530000027895,nan,-0.886041271686554
3,DiscNRX,gated,319,0,1,0,1,28.038099999776023,nan,-0.886041271686554
3,DiscNRX,gated,320,0,1,0,1,25.41140000039377,nan,-0.886041271686554
3,DiscNRX,gated,321,0,1,0,1,28.253200000108336,nan,-0.886041271686554
3,DiscNRX,gated,322,0,1,0,1,32.228200000190554,nan,-0.886041271686554
3,DiscNRX,gated,323,0,1,0,1,24.866299999757757,nan,-0.886041271686554
3,DiscNRX,gated,324,0,1,0,1,27.625199999874894,nan,-0.886041271686554
3,DiscNRX,gated,325,0,1,0,1,27.785999999650812,nan,-0.886041271686554
3,DiscNRX,gated,326,0,1,0,1,33.21449999975812,nan,-0.886041271686554
3,DiscNRX,gated,327,0,1,0,1,27.212599999984377,nan,-0.886041271686554
3,DiscNRX,gated,328,0,1,0,1,27.234799999860115,nan,-0.886041271686554
3,DiscNRX,gated,329,0,1,0,1,24.362099999962084,nan,-0.886041271686554
3,DiscNRX,gated,330,0,1,0,1,24.96419999988575,nan,-0.886041271686554
3,DiscNRX,gated,331,0,1,0,1,27.7313999999933,nan,-0.886041271686554
3,DiscNRX,gated,332,0,1,0,1,25.793300000259478,nan,-0.886041271686554
3,DiscNRX,gated,333,0,1,0,1,20.832599999721424,nan,-0.886041271686554
3,DiscNRX,gated,334,0,1,0,1,23.908500000288768,nan,-0.886041271686554
3,DiscNRX,gated,335,0,1,0,1,21.060099999886006,nan,-0.886041271686554
3,DiscNRX,gated,336,0,1,0,1,20.93430000013541,nan,-0.886041271686554
3,DiscNRX,gated,337,0,1,0,1,23.757800000112184,nan,-0.886041271686554
3,DiscNRX,gated,338,0,1,0,1,22.4911999998767,nan,-0.886041271686554
3,DiscNRX,gated,339,0,1,0,1,21.946599999864702,nan,-0.886041271686554
3,DiscNRX,gated,340,0,1,0,1,24.6766000000207,nan,-0.886041271686554
3,DiscNRX,gated,341,0,1,0,1,21.94439999993847,nan,-0.886041271686554
3,DiscNRX,gated,342,0,1,0,1,23.02369999961229,nan,-0.886041271686554
3,DiscNRX,gated,343,0,1,0,1,21.83969999987312,nan,-0.886041271686554
3,DiscNRX,gated,344,0,1,0,1,22.69720000003872,nan,-0.886041271686554
3,DiscNRX,gated,345,0,1,0,1,29.010000000198488,nan,-0.886041271686554
3,DiscNRX,gated,346,0,1,0,1,27.49309999990146,nan,-0.886041271686554
3,DiscNRX,gated,347,0,1,0,1,28.50159999979951,nan,-0.886041271686554
3,DiscNRX,gated,348,0,1,0,1,21.073899999919377,nan,-0.886041271686554
3,DiscNRX,gated,349,0,1,0,1,31.06290000005174,nan,-0.886041271686554
3,DiscNRX,gated,350,0,1,0,1,27.522700000190525,nan,-0.886041271686554
3,DiscNRX,gated,351,0,1,0,1,27.461099999982252,nan,-0.886041271686554
3,DiscNRX,gated,352,0,1,0,1,29.107400000157213,nan,-0.886041271686554
3,DiscNRX,gated,353,0,1,0,1,30.104199999641423,nan,-0.886041271686554
3,DiscNRX,gated,354,0,1,0,1,27.96600000010585,nan,-0.886041271686554
3,DiscNRX,gated,355,0,1,0,1,30.307600000014645,nan,-0.886041271686554
3,DiscNRX,gated,356,0,1,0,1,26.941600000100152,nan,-0.886041271686554
3,DiscNRX,gated,357,0,1,0,1,24.92449999999735,nan,-0.886041271686554
3,DiscNRX,gated,358,0,1,0,1,23.143200000049546,nan,-0.886041271686554
3,DiscNRX,gated,359,0,1,0,1,21.565199999713514,nan,-0.886041271686554
3,DiscNRX,gated,360,0,1,0,1,22.817099999883794,nan,-0.886041271686554
3,DiscNRX,gated,361,0,1,0,1,22.480000000086875,nan,-0.886041271686554
3,DiscNRX,gated,362,0,1,0,1,21.6032999996969,nan,-0.886041271686554
3,DiscNRX,gated,363,0,1,0,1,24.745700000039506,nan,-0.886041271686554
3,DiscNRX,gated,364,0,1,0,1,23.81409999998141,nan,-0.886041271686554
3,DiscNRX,gated,365,0,1,0,1,22.959800000080577,nan,-0.886041271686554
3,DiscNRX,gated,366,0,1,0,1,25.84209999986342,nan,-0.886041271686554
3,DiscNRX,gated,367,0,1,0,1,31.020899999930407,nan,-0.886041271686554
3,DiscNRX,gated,368,0,1,0,1,29.87910000001648,nan,-0.886041271686554
3,DiscNRX,gated,369,0,1,0,1,28.536600000279577,nan,-0.886041271686554
3,DiscNRX,gated,370,0,1,0,1,30.577400000311172,nan,-0.886041271686554
3,DiscNRX,gated,371,0,1,0,1,26.163800000176707,nan,-0.886041271686554
3,DiscNRX,gated,372,0,1,0,1,33.70119999999588,nan,-0.886041271686554
3,DiscNRX,gated,373,0,1,0,1,27.166500000021188,nan,-0.886041271686554
3,DiscNRX,gated,374,0,1,0,1,23.397099999783677,nan,-0.886041271686554
3,DiscNRX,gated,375,0,1,0,1,23.859599999923375,nan,-0.886041271686554
3,DiscNRX,gated,376,0,1,0,1,23.328599999786093,nan,-0.886041271686554
3,DiscNRX,gated,377,0,1,0,1,22.136699999919074,nan,-0.886041271686554
3,DiscNRX,gated,378,0,1,0,1,22.735199999715405,nan,-0.886041271686554
3,DiscNRX,gated,379,0,1,0,1,23.535699999683857,nan,-0.886041271686554
3,DiscNRX,gated,380,0,1,0,1,23.380099999940285,nan,-0.886041271686554
3,DiscNRX,gated,381,0,1,0,1,30.227499999909924,nan,-0.886041271686554
3,DiscNRX,gated,382,0,1,0,1,27.912999999898602,nan,-0.886041271686554
3,DiscNRX,gated,383,0,1,0,1,25.305399999979272,nan,-0.886041271686554
3,DiscNRX,gated,384,0,1,0,1,24.672300000020186,nan,-0.886041271686554
3,DiscNRX,gated,385,0,1,0,1,23.149699999976292,nan,-0.886041271686554
3,DiscNRX,gated,386,0,1,0,1,20.767200000136654,nan,-0.886041271686554
3,DiscNRX,gated,387,0,1,0,1,24.18149999994057,nan,-0.886041271686554
3,DiscNRX,gated,388,0,1,0,1,21.64600000014616,nan,-0.886041271686554
3,DiscNRX,gated,389,0,1,0,1,24.1225999998278,nan,-0.886041271686554
3,DiscNRX,gated,390,0,1,0,1,25.622900000144,nan,-0.886041271686554
3,DiscNRX,gated,391,0,1,0,1,26.991199999883975,nan,-0.886041271686554
3,DiscNRX,gated,392,0,1,0,1,23.89690000018163,nan,-0.886041271686554
3,DiscNRX,gated,393,0,1,0,1,28.222000000369007,nan,-0.886041271686554
3,DiscNRX,gated,394,0,1,0,1,26.62559999998848,nan,-0.886041271686554
3,DiscNRX,gated,395,0,1,0,1,27.680500000315078,nan,-0.886041271686554
3,DiscNRX,gated,396,0,1,0,1,25.546599999870523,nan,-0.886041271686554
3,DiscNRX,gated,397,0,1,0,1,28.69250000003376,nan,-0.886041271686554
3,DiscNRX,gated,398,0,1,0,1,30.555400000139343,nan,-0.886041271686554
3,DiscNRX,gated,399,0,1,0,1,24.108899999646383,nan,-0.886041271686554
3,DiscNRX,gated,400,0,1,0,1,28.09530000013183,nan,-0.886041271686554
3,DiscNRX,gated,401,0,1,0,1,26.968399999987014,nan,-0.886041271686554
3,DiscNRX,gated,402,0,1,0,1,25.044799999704992,nan,-0.886041271686554
3,DiscNRX,gated,403,0,1,0,1,23.609599999872444,nan,-0.886041271686554
3,DiscNRX,gated,404,0,1,0,1,23.27210000021296,nan,-0.886041271686554
3,DiscNRX,gated,405,0,1,0,1,21.154800000203977,nan,-0.886041271686554
3,DiscNRX,gated,406,0,1,0,1,24.57979999962845,nan,-0.886041271686554
3,DiscNRX,gated,407,0,1,0,1,22.926399999960267,nan,-0.886041271686554
3,DiscNRX,gated,408,0,1,0,1,21.57149999993635,nan,-0.886041271686554
3,DiscNRX,gated,409,0,1,0,1,21.460599999954866,nan,-0.886041271686554
3,DiscNRX,gated,410,0,1,0,1,21.316399999705027,nan,-0.886041271686554
3,DiscNRX,gated,411,0,1,0,1,20.84240000021964,nan,-0.886041271686554
3,DiscNRX,gated,412,0,1,0,1,24.037199999838776,nan,-0.886041271686554
3,DiscNRX,gated,413,0,1,0,1,22.14819999971951,nan,-0.886041271686554
3,DiscNRX,gated,414,0,1,0,1,19.888799999989715,nan,-0.886041271686554
3,DiscNRX,gated,415,0,1,0,1,21.266100000048027,nan,-0.886041271686554
3,DiscNRX,gated,416,0,1,0,1,22.694400000091264,nan,-0.886041271686554
3,DiscNRX,gated,417,0,1,0,1,20.68009999993592,nan,-0.886041271686554
3,DiscNRX,gated,418,0,1,0,1,24.071899999853485,nan,-0.886041271686554
3,DiscNRX,gated,419,0,1,0,1,24.78239999982179,nan,-0.886041271686554
3,DiscNRX,gated,420,0,1,0,1,29.333800000131305,nan,-0.886041271686554
3,DiscNRX,gated,421,0,1,0,1,25.808300000335294,nan,-0.886041271686554
3,DiscNRX,gated,422,0,1,0,1,22.702599999774975,nan,-0.886041271686554
3,DiscNRX,gated,423,0,1,0,1,26.287499999853026,nan,-0.886041271686554
3,DiscNRX,gated,424,0,1,0,1,28.29620000011346,nan,-0.886041271686554
3,DiscNRX,gated,425,0,1,0,1,23.01149999993868,nan,-0.886041271686554
3,DiscNRX,gated,426,0,1,0,1,24.709899999834306,nan,-0.886041271686554
3,DiscNRX,gated,427,0,1,0,1,27.9448000001139,nan,-0.886041271686554
3,DiscNRX,gated,428,0,1,0,1,23.20300000019415,nan,-0.886041271686554
3,DiscNRX,gated,429,0,1,0,1,25.29179999964981,nan,-0.886041271686554
3,DiscNRX,gated,430,0,1,0,1,23.738800000046467,nan,-0.886041271686554
3,DiscNRX,gated,431,0,1,0,1,22.965000000112923,nan,-0.886041271686554
3,DiscNRX,gated,432,0,1,0,1,23.20670000017344,nan,-0.886041271686554
3,DiscNRX,gated,433,0,1,0,1,25.181099999826984,nan,-0.886041271686554
3,DiscNRX,gated,434,0,1,0,1,23.955299999670387,nan,-0.886041271686554
3,DiscNRX,gated,435,0,1,0,1,19.828899999993155,nan,-0.886041271686554
3,DiscNRX,gated,436,0,1,0,1,19.43040000014662,nan,-0.886041271686554
3,DiscNRX,gated,437,0,1,0,1,19.77900000019872,nan,-0.886041271686554
3,DiscNRX,gated,438,0,1,0,1,21.491599999990285,nan,-0.886041271686554
3,DiscNRX,gated,439,0,1,0,1,21.818900000198482,nan,-0.886041271686554
3,DiscNRX,gated,440,0,1,0,1,20.811200000025565,nan,-0.886041271686554
3,DiscNRX,gated,441,0,1,0,1,21.013999999922817,nan,-0.886041271686554
3,DiscNRX,gated,442,0,1,0,1,21.580099999937374,nan,-0.886041271686554
3,DiscNRX,gated,443,0,1,0,1,24.132900000040536,nan,-0.886041271686554
3,DiscNRX,gated,444,0,1,0,1,23.574199999984558,nan,-0.886041271686554
3,DiscNRX,gated,445,0,1,0,1,24.050199999692268,nan,-0.886041271686554
3,DiscNRX,gated,446,0,1,0,1,24.253699999917444,nan,-0.886041271686554
3,DiscNRX,gated,447,0,1,0,1,21.417599999949744,nan,-0.886041271686554
3,DiscNRX,gated,448,0,1,0,1,22.01469999999972,nan,-0.886041271686554
3,DiscNRX,gated,449,0,1,0,1,26.53920000011567,nan,-0.886041271686554
3,DiscNRX,gated,450,0,1,0,1,27.609400000073947,nan,-0.886041271686554
3,DiscNRX,gated,451,0,1,0,1,30.668199999581702,nan,-0.886041271686554
3,DiscNRX,gated,452,0,1,0,1,26.65500000011889,nan,-0.886041271686554
3,DiscNRX,gated,453,0,1,0,1,24.571500000092783,nan,-0.886041271686554
3,DiscNRX,gated,454,0,1,0,1,28.70149999989735,nan,-0.886041271686554
3,DiscNRX,gated,455,0,1,0,1,32.37059999992198,nan,-0.886041271686554
3,DiscNRX,gated,456,0,1,0,1,23.14029999979539,nan,-0.886041271686554
3,DiscNRX,gated,457,0,1,0,1,23.30519999986791,nan,-0.886041271686554
3,DiscNRX,gated,458,0,1,0,1,28.344599999854836,nan,-0.886041271686554
3,DiscNRX,gated,459,0,1,0,1,25.241100000130245,nan,-0.886041271686554
3,DiscNRX,gated,460,0,1,0,1,19.015400000171212,nan,-0.886041271686554
3,DiscNRX,gated,461,0,1,0,1,21.32290000008652,nan,-0.886041271686554
3,DiscNRX,gated,462,0,1,0,1,22.708399999828544,nan,-0.886041271686554
3,DiscNRX,gated,463,0,1,0,1,21.100200000091718,nan,-0.886041271686554
3,DiscNRX,gated,464,0,1,0,1,23.298999999951775,nan,-0.886041271686554
3,DiscNRX,gated,465,0,1,0,1,21.900299999742856,nan,-0.886041271686554
3,DiscNRX,gated,466,0,1,0,1,22.55059999970399,nan,-0.886041271686554
3,DiscNRX,gated,467,0,1,0,1,21.88460000024861,nan,-0.886041271686554
3,DiscNRX,gated,468,0,1,0,1,24.843700000019453,nan,-0.886041271686554
3,DiscNRX,gated,469,0,1,0,1,31.517599999915547,nan,-0.886041271686554
3,DiscNRX,gated,470,0,1,0,1,25.447400000302878,nan,-0.886041271686554
3,DiscNRX,gated,471,0,1,0,1,31.427899999926012,nan,-0.886041271686554
3,DiscNRX,gated,472,0,1,0,1,25.50729999984469,nan,-0.886041271686554
3,DiscNRX,gated,473,0,1,0,1,27.747900000122172,nan,-0.886041271686554
3,DiscNRX,gated,474,0,1,0,1,27.9870999997911,nan,-0.886041271686554
3,DiscNRX,gated,475,0,1,0,1,38.35829999979978,nan,-0.886041271686554
3,DiscNRX,gated,476,0,1,0,1,21.484000000327796,nan,-0.886041271686554
3,DiscNRX,gated,477,0,1,0,1,21.58419999977923,nan,-0.886041271686554
3,DiscNRX,gated,478,0,1,0,1,23.036299999603216,nan,-0.886041271686554
3,DiscNRX,gated,479,0,1,0,1,25.63780000036786,nan,-0.886041271686554
3,DiscNRX,gated,480,0,1,0,1,24.581900000157475,nan,-0.886041271686554
3,DiscNRX,gated,481,0,1,0,1,22.19520000016928,nan,-0.886041271686554
3,DiscNRX,gated,482,0,1,0,1,23.16670000027443,nan,-0.886041271686554
3,DiscNRX,gated,483,0,1,0,1,34.92000000005646,nan,-0.886041271686554
3,DiscNRX,gated,484,0,1,0,1,22.671600000194303,nan,-0.886041271686554
3,DiscNRX,gated,485,0,1,0,1,21.001300000079937,nan,-0.886041271686554
3,DiscNRX,gated,486,0,1,0,1,24.23049999970317,nan,-0.886041271686554
3,DiscNRX,gated,487,0,1,0,1,28.43829999983427,nan,-0.886041271686554
3,DiscNRX,gated,488,0,1,0,1,24.811199999930977,nan,-0.886041271686554
3,DiscNRX,gated,489,0,1,0,1,24.401399999987916,nan,-0.886041271686554
3,DiscNRX,gated,490,0,1,0,1,23.615899999640533,nan,-0.886041271686554
3,DiscNRX,gated,491,0,1,0,1,21.784000000025117,nan,-0.886041271686554
3,DiscNRX,gated,492,0,1,0,1,23.60610000005181,nan,-0.886041271686554
3,DiscNRX,gated,493,0,1,0,1,29.07709999999497,nan,-0.886041271686554
3,DiscNRX,gated,494,0,1,0,1,31.19010000000344,nan,-0.886041271686554
3,DiscNRX,gated,495,0,1,0,1,26.26879999979792,nan,-0.886041271686554
3,DiscNRX,gated,496,0,1,0,1,30.238899999858404,nan,-0.886041271686554
3,DiscNRX,gated,497,0,1,0,1,31.797399999959453,nan,-0.886041271686554
3,DiscNRX,gated,498,0,1,0,1,28.35529999993014,nan,-0.886041271686554
3,DiscNRX,gated,499,0,1,0,1,32.906200000070385,nan,-0.886041271686554
3,DiscNRX,gated,500,0,1,0,1,27.03509999992093,nan,-0.886041271686554
3,DiscNRX,gated,501,0,1,0,1,33.785900000111724,nan,-0.886041271686554
3,DiscNRX,gated,502,0,1,0,1,26.88460000035775,nan,-0.886041271686554
3,DiscNRX,gated,503,0,1,0,1,27.529500000127882,nan,-0.886041271686554
3,DiscNRX,gated,504,0,1,0,1,32.33559999989666,nan,-0.886041271686554
3,DiscNRX,gated,505,0,1,0,1,28.942599999936647,nan,-0.886041271686554
3,DiscNRX,gated,506,0,1,0,1,28.385500000240427,nan,-0.886041271686554
3,DiscNRX,gated,507,0,1,0,1,21.47289999993518,nan,-0.886041271686554
3,DiscNRX,gated,508,0,1,0,1,22.963699999763776,nan,-0.886041271686554
3,DiscNRX,gated,509,0,1,0,1,21.650600000157283,nan,-0.886041271686554
3,DiscNRX,gated,510,0,1,0,1,24.102399999719637,nan,-0.886041271686554
3,DiscNRX,gated,511,0,1,0,1,21.032199999808654,nan,-0.886041271686554
3,DiscNRX,gated,512,0,1,0,1,23.53610000000117,nan,-0.886041271686554
3,DiscNRX,gated,513,0,1,0,1,20.114599999942584,nan,-0.886041271686554
3,DiscNRX,gated,514,0,1,0,1,22.930099999939557,nan,-0.886041271686554
3,DiscNRX,gated,515,0,1,0,1,19.826799999918876,nan,-0.886041271686554
3,DiscNRX,gated,516,0,1,0,1,20.931100000325387,nan,-0.886041271686554
3,DiscNRX,gated,517,0,1,0,1,26.901299999735784,nan,-0.886041271686554
3,DiscNRX,gated,518,0,1,0,1,28.376200000366225,nan,-0.886041271686554
3,DiscNRX,gated,519,0,1,0,1,28.439000000162196,nan,-0.886041271686554
3,DiscNRX,gated,520,0,1,0,1,26.29129999968427,nan,-0.886041271686554
3,DiscNRX,gated,521,0,1,0,1,32.05119999984163,nan,-0.886041271686554
3,DiscNRX,gated,522,0,1,0,1,29.89160000015545,nan,-0.886041271686554
3,DiscNRX,gated,523,0,1,0,1,25.55480000000898,nan,-0.886041271686554
3,DiscNRX,gated,524,0,1,0,1,28.523799999675248,nan,-0.886041271686554
3,DiscNRX,gated,525,0,1,0,1,27.97549999968396,nan,-0.886041271686554
3,DiscNRX,gated,526,0,1,0,1,23.606300000210467,nan,-0.886041271686554
3,DiscNRX,gated,527,0,1,0,1,26.800500000263128,nan,-0.886041271686554
3,DiscNRX,gated,528,0,1,0,1,31.70769999996992,nan,-0.886041271686554
3,DiscNRX,gated,529,0,1,0,1,24.79559999983394,nan,-0.886041271686554
3,DiscNRX,gated,530,0,1,0,1,29.046999999991385,nan,-0.886041271686554
3,DiscNRX,gated,531,0,1,0,1,28.316600000380276,nan,-0.886041271686554
3,DiscNRX,gated,532,0,1,0,1,22.634800000105315,nan,-0.886041271686554
3,DiscNRX,gated,533,0,1,0,1,22.72930000026463,nan,-0.886041271686554
3,DiscNRX,gated,534,0,1,0,1,22.789100000409235,nan,-0.886041271686554
3,DiscNRX,gated,535,0,1,0,1,24.031499999637163,nan,-0.886041271686554
3,DiscNRX,gated,536,0,1,0,1,28.171999999813124,nan,-0.886041271686554
3,DiscNRX,gated,537,0,1,0,1,19.420699999955104,nan,-0.886041271686554
3,DiscNRX,gated,538,0,1,0,1,21.21209999995699,nan,-0.886041271686554
3,DiscNRX,gated,539,0,1,0,1,22.685200000069017,nan,-0.886041271686554
3,DiscNRX,gated,540,0,1,0,1,24.921400000039284,nan,-0.886041271686554
3,DiscNRX,gated,541,0,1,0,1,24.06380000002173,nan,-0.886041271686554
3,DiscNRX,gated,542,0,1,0,1,22.29799999986426,nan,-0.886041271686554
3,DiscNRX,gated,543,0,1,0,1,24.208700000144745,nan,-0.886041271686554
3,DiscNRX,gated,544,0,1,0,1,23.207599999750528,nan,-0.886041271686554
3,DiscNRX,gated,545,0,1,0,1,23.017800000161515,nan,-0.886041271686554
3,DiscNRX,gated,546,0,1,0,1,34.01880000001256,nan,-0.886041271686554
3,DiscNRX,gated,547,0,1,0,1,34.86640000028274,nan,-0.886041271686554
3,DiscNRX,gated,548,0,1,0,1,28.87719999989713,nan,-0.886041271686554
3,DiscNRX,gated,549,0,1,0,1,27.94050000011339,nan,-0.886041271686554
3,DiscNRX,gated,550,0,1,0,1,30.518600000050355,nan,-0.886041271686554
3,DiscNRX,gated,551,0,1,0,1,28.085700000247016,nan,-0.886041271686554
3,DiscNRX,gated,552,0,1,0,1,25.77530000007755,nan,-0.886041271686554
3,DiscNRX,gated,553,0,1,0,1,30.55399999993824,nan,-0.886041271686554
3,DiscNRX,gated,554,0,1,0,1,30.17809999983001,nan,-0.886041271686554
3,DiscNRX,gated,555,0,1,0,1,32.520499999918684,nan,-0.886041271686554
3,DiscNRX,gated,556,0,1,0,1,33.684099999845785,nan,-0.886041271686554
3,DiscNRX,gated,557,0,1,0,1,25.03290000004199,nan,-0.886041271686554
3,DiscNRX,gated,558,0,1,0,1,24.236199999904784,nan,-0.886041271686554
3,DiscNRX,gated,559,0,1,0,1,22.569499999917753,nan,-0.886041271686554
3,DiscNRX,gated,560,0,1,0,1,22.599299999910727,nan,-0.886041271686554
3,DiscNRX,gated,561,0,1,0,1,20.775400000275113,nan,-0.886041271686554
3,DiscNRX,gated,562,0,1,0,1,23.119800000131363,nan,-0.886041271686554
3,DiscNRX,gated,563,0,1,0,1,23.219700000026933,nan,-0.886041271686554
3,DiscNRX,gated,564,0,1,0,1,20.061700000042038,nan,-0.886041271686554
3,DiscNRX,gated,565,0,1,0,1,25.256399999761925,nan,-0.886041271686554
3,DiscNRX,gated,566,0,1,0,1,27.08230000007461,nan,-0.886041271686554
3,DiscNRX,gated,567,0,1,0,1,26.436200000262033,nan,-0.886041271686554
3,DiscNRX,gated,568,0,1,0,1,32.86560000015015,nan,-0.886041271686554
3,DiscNRX,gated,569,0,1,0,1,31.3771999999517,nan,-0.886041271686554
3,DiscNRX,gated,570,0,1,0,1,31.420900000284746,nan,-0.886041271686554
3,DiscNRX,gated,571,0,1,0,1,32.80009999980393,nan,-0.886041271686554
3,DiscNRX,gated,572,0,1,0,1,24.28639999970983,nan,-0.886041271686554
3,DiscNRX,gated,573,0,1,0,1,28.27049999996234,nan,-0.886041271686554
3,DiscNRX,gated,574,0,1,0,1,30.240999999932683,nan,-0.886041271686554
3,DiscNRX,gated,575,0,1,0,1,27.340099999946688,nan,-0.886041271686554
3,DiscNRX,gated,576,0,1,0,1,29.360999999880733,nan,-0.886041271686554
3,DiscNRX,gated,577,0,1,0,1,28.31930000002103,nan,-0.886041271686554
3,DiscNRX,gated,578,0,1,0,1,27.424800000062532,nan,-0.886041271686554
3,DiscNRX,gated,579,0,1,0,1,23.72990000003483,nan,-0.886041271686554
3,DiscNRX,gated,580,0,1,0,1,23.213899999973364,nan,-0.886041271686554
3,DiscNRX,gated,581,0,1,0,1,21.60439999988739,nan,-0.886041271686554
3,DiscNRX,gated,582,0,1,0,1,21.45810000001802,nan,-0.886041271686554
3,DiscNRX,gated,583,0,1,0,1,17.819199999848934,nan,-0.886041271686554
3,DiscNRX,gated,584,0,1,0,1,24.35909999985597,nan,-0.886041271686554
3,DiscNRX,gated,585,0,1,0,1,23.643300000003364,nan,-0.886041271686554
3,DiscNRX,gated,586,0,1,0,1,22.855900000195106,nan,-0.886041271686554
3,DiscNRX,gated,587,0,1,0,1,22.12920000010854,nan,-0.886041271686554
3,DiscNRX,gated,588,0,1,0,1,23.97849999988466,nan,-0.886041271686554
3,DiscNRX,gated,589,0,1,0,1,23.08420000008482,nan,-0.886041271686554
3,DiscNRX,gated,590,0,1,0,1,29.08190000016475,nan,-0.886041271686554
3,DiscNRX,gated,591,0,1,0,1,23.6985999999888,nan,-0.886041271686554
3,DiscNRX,gated,592,0,1,0,1,24.246099999800208,nan,-0.886041271686554
3,DiscNRX,gated,593,0,1,0,1,27.50370000012481,nan,-0.886041271686554
3,DiscNRX,gated,594,0,1,0,1,25.89110000008077,nan,-0.886041271686554
3,DiscNRX,gated,595,0,1,0,1,26.772900000196387,nan,-0.886041271686554
3,DiscNRX,gated,596,0,1,0,1,32.51539999973829,nan,-0.886041271686554
3,DiscNRX,gated,597,0,1,0,1,28.54539999998451,nan,-0.886041271686554
3,DiscNRX,gated,598,0,1,0,1,36.788699999760865,nan,-0.886041271686554
3,DiscNRX,gated,599,0,1,0,1,30.874300000050425,nan,-0.886041271686554
3,DiscNRX,gated,600,0,1,0,1,26.924399999643356,nan,-0.886041271686554
3,DiscNRX,gated,601,0,1,0,1,28.21040000026187,nan,-0.886041271686554
3,DiscNRX,gated,602,0,1,0,1,27.281300000140618,nan,-0.886041271686554
3,DiscNRX,gated,603,0,1,0,1,21.625400000175432,nan,-0.886041271686554
3,DiscNRX,gated,604,0,1,0,1,24.030300000049465,nan,-0.886041271686554
3,DiscNRX,gated,605,0,1,0,1,23.328100000071572,nan,-0.886041271686554
3,DiscNRX,gated,606,0,1,0,1,24.046499999712978,nan,-0.886041271686554
3,DiscNRX,gated,607,0,1,0,1,25.27479999980642,nan,-0.886041271686554
3,DiscNRX,gated,608,0,1,0,1,22.919200000160345,nan,-0.886041271686554
3,DiscNRX,gated,609,0,1,0,1,22.409300000163057,nan,-0.886041271686554
3,DiscNRX,gated,610,0,1,0,1,22.470700000212673,nan,-0.886041271686554
3,DiscNRX,gated,611,0,1,0,1,23.31770000000688,nan,-0.886041271686554
3,DiscNRX,gated,612,0,1,0,1,21.515200000067125,nan,-0.886041271686554
3,DiscNRX,gated,613,0,1,0,1,23.91990000023725,nan,-0.886041271686554
3,DiscNRX,gated,614,0,1,0,1,26.936599999771715,nan,-0.886041271686554
3,DiscNRX,gated,615,0,1,0,1,23.130399999899964,nan,-0.886041271686554
3,DiscNRX,gated,616,0,1,0,1,33.49960000014107,nan,-0.886041271686554
3,DiscNRX,gated,617,0,1,0,1,32.48370000028444,nan,-0.886041271686554
3,DiscNRX,gated,618,0,1,0,1,26.68530000028113,nan,-0.886041271686554
3,DiscNRX,gated,619,0,1,0,1,26.094300000295334,nan,-0.886041271686554
3,DiscNRX,gated,620,0,1,0,1,24.313299999903393,nan,-0.886041271686554
3,DiscNRX,gated,621,0,1,0,1,23.090500000307657,nan,-0.886041271686554
3,DiscNRX,gated,622,0,1,0,1,24.71190000005663,nan,-0.886041271686554
3,DiscNRX,gated,623,0,1,0,1,23.55619999980263,nan,-0.886041271686554
3,DiscNRX,gated,624,0,1,0,1,22.382999999990716,nan,-0.886041271686554
3,DiscNRX,gated,625,0,1,0,1,24.650300000303105,nan,-0.886041271686554
3,DiscNRX,gated,626,0,1,0,1,21.83240000022124,nan,-0.886041271686554
3,DiscNRX,gated,627,0,1,0,1,22.829700000329467,nan,-0.886041271686554
3,DiscNRX,gated,628,0,1,0,1,21.627600000101666,nan,-0.886041271686554
3,DiscNRX,gated,629,0,1,0,1,22.09949999996752,nan,-0.886041271686554
3,DiscNRX,gated,630,0,1,0,1,24.92149999989124,nan,-0.886041271686554
3,DiscNRX,gated,631,0,1,0,1,23.665299999720446,nan,-0.886041271686554
3,DiscNRX,gated,632,0,1,0,1,24.484399999892048,nan,-0.886041271686554
3,DiscNRX,gated,633,0,1,0,1,21.242499999971187,nan,-0.886041271686554
3,DiscNRX,gated,634,0,1,0,1,20.743300000049203,nan,-0.886041271686554
3,DiscNRX,gated,635,0,1,0,1,20.129599999563652,nan,-0.886041271686554
3,DiscNRX,gated,636,0,1,0,1,23.016200000256504,nan,-0.886041271686554
3,DiscNRX,gated,637,0,1,0,1,21.947300000192627,nan,-0.886041271686554
3,DiscNRX,gated,638,0,1,0,1,18.339100000048347,nan,-0.886041271686554
3,DiscNRX,gated,639,0,1,0,1,22.609600000123464,nan,-0.886041271686554
3,DiscNRX,gated,640,0,1,0,1,24.60320000000138,nan,-0.886041271686554
3,DiscNRX,gated,641,0,1,0,1,34.06570000015563,nan,-0.886041271686554
3,DiscNRX,gated,642,0,1,0,1,31.585700000050565,nan,-0.886041271686554
3,DiscNRX,gated,643,0,1,0,1,22.60420000038721,nan,-0.886041271686554
3,DiscNRX,gated,644,0,1,0,1,23.34709999968254,nan,-0.886041271686554
3,DiscNRX,gated,645,0,1,0,1,23.185700000340148,nan,-0.886041271686554
3,DiscNRX,gated,646,0,1,0,1,27.244400000199676,nan,-0.886041271686554
3,DiscNRX,gated,647,0,1,0,1,22.71969999992507,nan,-0.886041271686554
3,DiscNRX,gated,648,0,1,0,1,24.791100000129518,nan,-0.886041271686554
3,DiscNRX,gated,649,0,1,0,1,26.50309999989986,nan,-0.886041271686554
3,DiscNRX,gated,650,0,1,0,1,27.086399999916466,nan,-0.886041271686554
3,DiscNRX,gated,651,0,1,0,1,24.299499999870022,nan,-0.886041271686554
3,DiscNRX,gated,652,0,1,0,1,22.80030000019906,nan,-0.886041271686554
3,DiscNRX,gated,653,0,1,0,1,23.01500000021406,nan,-0.886041271686554
3,DiscNRX,gated,654,0,1,0,1,21.101500000440865,nan,-0.886041271686554
3,DiscNRX,gated,655,0,1,0,1,22.404000000278756,nan,-0.886041271686554
3,DiscNRX,gated,656,0,1,0,1,20.59689999987313,nan,-0.886041271686554
3,DiscNRX,gated,657,0,1,0,1,22.76639999990948,nan,-0.886041271686554
3,DiscNRX,gated,658,0,1,0,1,24.376399999709975,nan,-0.886041271686554
3,DiscNRX,gated,659,0,1,0,1,22.26939999991373,nan,-0.886041271686554
3,DiscNRX,gated,660,0,1,0,1,17.88299999998344,nan,-0.886041271686554
3,DiscNRX,gated,661,0,1,0,1,20.190199999888137,nan,-0.886041271686554
3,DiscNRX,gated,662,0,1,0,1,20.004599999992934,nan,-0.886041271686554
3,DiscNRX,gated,663,0,1,0,1,22.066499999709777,nan,-0.886041271686554
3,DiscNRX,gated,664,0,1,0,1,20.141699999840057,nan,-0.886041271686554
3,DiscNRX,gated,665,0,1,0,1,20.538700000088284,nan,-0.886041271686554
3,DiscNRX,gated,666,0,1,0,1,22.592400000121415,nan,-0.886041271686554
3,DiscNRX,gated,667,0,1,0,1,27.810499999759486,nan,-0.886041271686554
3,DiscNRX,gated,668,0,1,0,1,25.94989999988684,nan,-0.886041271686554
3,DiscNRX,gated,669,0,1,0,1,28.001200000289828,nan,-0.886041271686554
3,DiscNRX,gated,670,0,1,0,1,28.522499999780848,nan,-0.886041271686554
3,DiscNRX,gated,671,0,1,0,1,25.50729999984469,nan,-0.886041271686554
3,DiscNRX,gated,672,0,1,0,1,32.3551999999836,nan,-0.886041271686554
3,DiscNRX,gated,673,0,1,0,1,28.31060000016805,nan,-0.886041271686554
3,DiscNRX,gated,674,0,1,0,1,23.686600000019098,nan,-0.886041271686554
3,DiscNRX,gated,675,0,1,0,1,24.002200000268203,nan,-0.886041271686554
3,DiscNRX,gated,676,0,1,0,1,27.349199999662233,nan,-0.886041271686554
3,DiscNRX,gated,677,0,1,0,1,28.25200000006589,nan,-0.886041271686554
3,DiscNRX,gated,678,0,1,0,1,25.52670000022772,nan,-0.886041271686554
3,DiscNRX,gated,679,0,1,0,1,27.640799999971932,nan,-0.886041271686554
3,DiscNRX,gated,680,0,1,0,1,26.898399999936373,nan,-0.886041271686554
3,DiscNRX,gated,681,0,1,0,1,25.73900000015783,nan,-0.886041271686554
3,DiscNRX,gated,682,0,1,0,1,28.6762999999155,nan,-0.886041271686554
3,DiscNRX,gated,683,0,1,0,1,20.93860000013592,nan,-0.886041271686554
3,DiscNRX,gated,684,0,1,0,1,29.794700000365992,nan,-0.886041271686554
3,DiscNRX,gated,685,0,1,0,1,22.548100000221893,nan,-0.886041271686554
3,DiscNRX,gated,686,0,1,0,1,23.15790000011475,nan,-0.886041271686554
3,DiscNRX,gated,687,0,1,0,1,25.610099999994418,nan,-0.886041271686554
3,DiscNRX,gated,688,0,1,0,1,20.846899999924062,nan,-0.886041271686554
3,DiscNRX,gated,689,0,1,0,1,22.016099999746075,nan,-0.886041271686554
3,DiscNRX,gated,690,0,1,0,1,23.349900000084745,nan,-0.886041271686554
3,DiscNRX,gated,691,0,1,0,1,20.891000000119675,nan,-0.886041271686554
3,DiscNRX,gated,692,0,1,0,1,29.821000000083586,nan,-0.886041271686554
3,DiscNRX,gated,693,0,1,0,1,27.283100000204286,nan,-0.886041271686554
3,DiscNRX,gated,694,0,1,0,1,31.417099999998754,nan,-0.886041271686554
3,DiscNRX,gated,695,0,1,0,1,21.068600000035076,nan,-0.886041271686554
3,DiscNRX,gated,696,0,1,0,1,22.12340000005497,nan,-0.886041271686554
3,DiscNRX,gated,697,0,1,0,1,21.992899999986548,nan,-0.886041271686554
3,DiscNRX,gated,698,0,1,0,1,25.368900000103167,nan,-0.886041271686554
3,DiscNRX,gated,699,0,1,0,1,25.69900000025882,nan,-0.886041271686554
3,DiscNRX,gated,700,0,1,0,1,21.9718000003013,nan,-0.886041271686554
3,DiscNRX,gated,701,0,1,0,1,31.218000000080792,nan,-0.886041271686554
3,DiscNRX,gated,702,0,1,0,1,23.87029999999868,nan,-0.886041271686554
3,DiscNRX,gated,703,0,1,0,1,23.202500000024884,nan,-0.886041271686554
3,DiscNRX,gated,704,0,1,0,1,23.496799999975337,nan,-0.886041271686554
3,DiscNRX,gated,705,0,1,0,1,23.72430000013992,nan,-0.886041271686554
3,DiscNRX,gated,706,0,1,0,1,27.693300000009913,nan,-0.886041271686554
3,DiscNRX,gated,707,0,1,0,1,25.37350000011429,nan,-0.886041271686554
3,DiscNRX,gated,708,0,1,0,1,22.318600000289734,nan,-0.886041271686554
3,DiscNRX,gated,709,0,1,0,1,23.60820000012609,nan,-0.886041271686554
3,DiscNRX,gated,710,0,1,0,1,22.436000000197964,nan,-0.886041271686554
3,DiscNRX,gated,711,0,1,0,1,22.75310000004538,nan,-0.886041271686554
3,DiscNRX,gated,712,0,1,0,1,23.891100000128063,nan,-0.886041271686554
3,DiscNRX,gated,713,0,1,0,1,25.118399999882968,nan,-0.886041271686554
3,DiscNRX,gated,714,0,1,0,1,21.4270999999826,nan,-0.886041271686554
3,DiscNRX,gated,715,0,1,0,1,23.074199999882694,nan,-0.886041271686554
3,DiscNRX,gated,716,0,1,0,1,23.045599999932165,nan,-0.886041271686554
3,DiscNRX,gated,717,0,1,0,1,20.712900000035006,nan,-0.886041271686554
3,DiscNRX,gated,718,0,1,0,1,21.162200000162557,nan,-0.886041271686554
3,DiscNRX,gated,719,0,1,0,1,23.20030000009865,nan,-0.886041271686554
3,DiscNRX,gated,720,0,1,0,1,21.404500000244298,nan,-0.886041271686554
3,DiscNRX,gated,721,0,1,0,1,23.300900000322144,nan,-0.886041271686554
3,DiscNRX,gated,722,0,1,0,1,26.950399999805086,nan,-0.886041271686554
3,DiscNRX,gated,723,0,1,0,1,26.382399999874906,nan,-0.886041271686554
3,DiscNRX,gated,724,0,1,0,1,21.442900000238296,nan,-0.886041271686554
3,DiscNRX,gated,725,0,1,0,1,20.549800000026153,nan,-0.886041271686554
3,DiscNRX,gated,726,0,1,0,1,27.511600000252656,nan,-0.886041271686554
3,DiscNRX,gated,727,0,1,0,1,30.311999999867112,nan,-0.886041271686554
3,DiscNRX,gated,728,0,1,0,1,27.639599999929487,nan,-0.886041271686554
3,DiscNRX,gated,729,0,1,0,1,22.844000000077358,nan,-0.886041271686554
3,DiscNRX,gated,730,0,1,0,1,26.624900000115304,nan,-0.886041271686554
3,DiscNRX,gated,731,0,1,0,1,22.824099999979808,nan,-0.886041271686554
3,DiscNRX,gated,732,0,1,0,1,33.04400000024543,nan,-0.886041271686554
3,DiscNRX,gated,733,0,1,0,1,24.04999999998836,nan,-0.886041271686554
3,DiscNRX,gated,734,0,1,0,1,22.175199999765027,nan,-0.886041271686554
3,DiscNRX,gated,735,0,1,0,1,23.803099999895494,nan,-0.886041271686554
3,DiscNRX,gated,736,0,1,0,1,21.410500000001775,nan,-0.886041271686554
3,DiscNRX,gated,737,0,1,0,1,19.313600000259612,nan,-0.886041271686554
3,DiscNRX,gated,738,0,1,0,1,19.427700000051118,nan,-0.886041271686554
3,DiscNRX,gated,739,0,1,0,1,23.915499999930034,nan,-0.886041271686554
3,DiscNRX,gated,740,0,1,0,1,26.8249000000651,nan,-0.886041271686554
3,DiscNRX,gated,741,0,1,0,1,23.37039999974877,nan,-0.886041271686554
3,DiscNRX,gated,742,0,1,0,1,26.073399999859248,nan,-0.886041271686554
3,DiscNRX,gated,743,0,1,0,1,27.85009999979593,nan,-0.886041271686554
3,DiscNRX,gated,744,0,1,0,1,23.45389999982217,nan,-0.886041271686554
3,DiscNRX,gated,745,0,1,0,1,21.044099999926402,nan,-0.886041271686554
3,DiscNRX,gated,746,0,1,0,1,21.47740000009435,nan,-0.886041271686554
3,DiscNRX,gated,747,0,1,0,1,25.71990000024016,nan,-0.886041271686554
3,DiscNRX,gated,748,0,1,0,1,22.687499999847205,nan,-0.886041271686554
3,DiscNRX,gated,749,0,1,0,1,24.912100000165083,nan,-0.886041271686554
3,DiscNRX,gated,750,0,1,0,1,22.766000000046915,nan,-0.886041271686554
3,DiscNRX,gated,751,0,1,0,1,25.435100000322564,nan,-0.886041271686554
3,DiscNRX,gated,752,0,1,0,1,24.934099999882164,nan,-0.886041271686554
3,DiscNRX,gated,753,0,1,0,1,23.41019999994387,nan,-0.886041271686554
3,DiscNRX,gated,754,0,1,0,1,23.206800000025396,nan,-0.886041271686554
3,DiscNRX,gated,755,0,1,0,1,24.64010000039707,nan,-0.886041271686554
3,DiscNRX,gated,756,0,1,0,1,25.16490000016347,nan,-0.886041271686554
3,DiscNRX,gated,757,0,1,0,1,27.37600000000384,nan,-0.886041271686554
3,DiscNRX,gated,758,0,1,0,1,27.88190000001123,nan,-0.886041271686554
3,DiscNRX,gated,759,0,1,0,1,24.576799999977084,nan,-0.886041271686554
3,DiscNRX,gated,760,0,1,0,1,23.639000000002852,nan,-0.886041271686554
3,DiscNRX,gated,761,0,1,0,1,22.545899999840913,nan,-0.886041271686554
3,DiscNRX,gated,762,0,1,0,1,22.846599999866157,nan,-0.886041271686554
3,DiscNRX,gated,763,0,1,0,1,20.39779999995517,nan,-0.886041271686554
3,DiscNRX,gated,764,0,1,0,1,21.13759999974718,nan,-0.886041271686554
3,DiscNRX,gated,765,0,1,0,1,21.901900000102614,nan,-0.886041271686554
3,DiscNRX,gated,766,0,1,0,1,21.91290000018853,nan,-0.886041271686554
3,DiscNRX,gated,767,0,1,0,1,25.47329999970316,nan,-0.886041271686554
3,DiscNRX,gated,768,0,1,0,1,28.99909999996453,nan,-0.886041271686554
3,DiscNRX,gated,769,0,1,0,1,24.755800000093586,nan,-0.886041271686554
3,DiscNRX,gated,770,0,1,0,1,27.881600000000617,nan,-0.886041271686554
3,DiscNRX,gated,771,0,1,0,1,30.84080000007816,nan,-0.886041271686554
3,DiscNRX,gated,772,0,1,0,1,32.78499999987616,nan,-0.886041271686554
3,DiscNRX,gated,773,0,1,0,1,26.99209999991581,nan,-0.886041271686554
3,DiscNRX,gated,774,0,1,0,1,26.65690000003451,nan,-0.886041271686554
3,DiscNRX,gated,775,0,1,0,1,31.072499999936554,nan,-0.886041271686554
3,DiscNRX,gated,776,0,1,0,1,29.257400000005873,nan,-0.886041271686554
3,DiscNRX,gated,777,0,1,0,1,31.336199999714154,nan,-0.886041271686554
3,DiscNRX,gated,778,0,1,0,1,31.86279999999897,nan,-0.886041271686554
3,DiscNRX,gated,779,0,1,0,1,25.63849999978629,nan,-0.886041271686554
3,DiscNRX,gated,780,0,1,0,1,26.223599999866565,nan,-0.886041271686554
3,DiscNRX,gated,781,0,1,0,1,28.346000000055938,nan,-0.886041271686554
3,DiscNRX,gated,782,0,1,0,1,26.475199999822507,nan,-0.886041271686554
3,DiscNRX,gated,783,0,1,0,1,24.520400000255904,nan,-0.886041271686554
3,DiscNRX,gated,784,0,1,0,1,24.587500000052387,nan,-0.886041271686554
3,DiscNRX,gated,785,0,1,0,1,26.488400000289403,nan,-0.886041271686554
3,DiscNRX,gated,786,0,1,0,1,21.994100000028993,nan,-0.886041271686554
3,DiscNRX,gated,787,0,1,0,1,23.593500000060885,nan,-0.886041271686554
3,DiscNRX,gated,788,0,1,0,1,23.774299999786308,nan,-0.886041271686554
3,DiscNRX,gated,789,0,1,0,1,20.10249999966618,nan,-0.886041271686554
3,DiscNRX,gated,790,0,1,0,1,20.783599999958824,nan,-0.886041271686554
3,DiscNRX,gated,791,0,1,0,1,30.264500000157568,nan,-0.886041271686554
3,DiscNRX,gated,792,0,1,0,1,21.48429999988366,nan,-0.886041271686554
3,DiscNRX,gated,793,0,1,0,1,35.08770000007644,nan,-0.886041271686554
3,DiscNRX,gated,794,0,1,0,1,29.40859999989698,nan,-0.886041271686554
3,DiscNRX,gated,795,0,1,0,1,23.496000000250206,nan,-0.886041271686554
3,DiscNRX,gated,796,0,1,0,1,26.4737000002242,nan,-0.886041271686554
3,DiscNRX,gated,797,0,1,0,1,27.75659999997515,nan,-0.886041271686554
3,DiscNRX,gated,798,0,1,0,1,34.18370000008508,nan,-0.886041271686554
3,DiscNRX,gated,799,0,1,0,1,29.809000000113883,nan,-0.886041271686554
3,DiscNRX,gated,800,0,1,0,1,30.595199999879696,nan,-0.886041271686554
3,DiscNRX,gated,801,0,1,0,1,29.4887000000017,nan,-0.886041271686554
3,DiscNRX,gated,802,0,1,0,1,26.773900000080175,nan,-0.886041271686554
3,DiscNRX,gated,803,0,1,0,1,25.60270000003584,nan,-0.886041271686554
3,DiscNRX,gated,804,0,1,0,1,24.999899999784247,nan,-0.886041271686554
3,DiscNRX,gated,805,0,1,0,1,29.646400000274298,nan,-0.886041271686554
3,DiscNRX,gated,806,0,1,0,1,25.23429999973814,nan,-0.886041271686554
3,DiscNRX,gated,807,0,1,0,1,22.95399999957226,nan,-0.886041271686554
3,DiscNRX,gated,808,0,1,0,1,22.772599999825616,nan,-0.886041271686554
3,DiscNRX,gated,809,0,1,0,1,27.23020000030374,nan,-0.886041271686554
3,DiscNRX,gated,810,0,1,0,1,24.18970000007903,nan,-0.886041271686554
3,DiscNRX,gated,811,0,1,0,1,23.132699999678152,nan,-0.886041271686554
3,DiscNRX,gated,812,0,1,0,1,22.843299999749433,nan,-0.886041271686554
3,DiscNRX,gated,813,0,1,0,1,21.76789999975881,nan,-0.886041271686554
3,DiscNRX,gated,814,0,1,0,1,20.99739999994199,nan,-0.886041271686554
3,DiscNRX,gated,815,0,1,0,1,24.824999999964348,nan,-0.886041271686554
3,DiscNRX,gated,816,0,1,0,1,22.469600000022183,nan,-0.886041271686554
3,DiscNRX,gated,817,0,1,0,1,25.68589999964388,nan,-0.886041271686554
3,DiscNRX,gated,818,0,1,0,1,20.3919999999016,nan,-0.886041271686554
3,DiscNRX,gated,819,0,1,0,1,24.851699999999255,nan,-0.886041271686554
3,DiscNRX,gated,820,0,1,0,1,32.95269999989614,nan,-0.886041271686554
3,DiscNRX,gated,821,0,1,0,1,26.236700000026758,nan,-0.886041271686554
3,DiscNRX,gated,822,0,1,0,1,30.176099999607686,nan,-0.886041271686554
3,DiscNRX,gated,823,0,1,0,1,30.46340000037162,nan,-0.886041271686554
3,DiscNRX,gated,824,0,1,0,1,34.781699999712146,nan,-0.886041271686554
3,DiscNRX,gated,825,0,1,0,1,29.109199999766133,nan,-0.886041271686554
3,DiscNRX,gated,826,0,1,0,1,25.87020000009943,nan,-0.886041271686554
3,DiscNRX,gated,827,0,1,0,1,24.428100000022823,nan,-0.886041271686554
3,DiscNRX,gated,828,0,1,0,1,28.41820000003281,nan,-0.886041271686554
3,DiscNRX,gated,829,0,1,0,1,26.65869999964343,nan,-0.886041271686554
3,DiscNRX,gated,830,0,1,0,1,27.760399999806395,nan,-0.886041271686554
3,DiscNRX,gated,831,0,1,0,1,23.478800000248157,nan,-0.886041271686554
3,DiscNRX,gated,832,0,1,0,1,24.897599999803788,nan,-0.886041271686554
3,DiscNRX,gated,833,0,1,0,1,23.049299999911455,nan,-0.886041271686554
3,DiscNRX,gated,834,0,1,0,1,24.792600000182574,nan,-0.886041271686554
3,DiscNRX,gated,835,0,1,0,1,22.118200000022625,nan,-0.886041271686554
3,DiscNRX,gated,836,0,1,0,1,21.18709999967905,nan,-0.886041271686554
3,DiscNRX,gated,837,0,1,0,1,20.201799999995274,nan,-0.886041271686554
3,DiscNRX,gated,838,0,1,0,1,19.280299999991257,nan,-0.886041271686554
3,DiscNRX,gated,839,0,1,0,1,27.57560000009107,nan,-0.886041271686554
3,DiscNRX,gated,840,0,1,0,1,23.05290000003879,nan,-0.886041271686554
3,DiscNRX,gated,841,0,1,0,1,24.558600000091246,nan,-0.886041271686554
3,DiscNRX,gated,842,0,1,0,1,28.100300000005518,nan,-0.886041271686554
3,DiscNRX,gated,843,0,1,0,1,26.795400000082736,nan,-0.886041271686554
3,DiscNRX,gated,844,0,1,0,1,23.246799999924406,nan,-0.886041271686554
3,DiscNRX,gated,845,0,1,0,1,32.149800000297546,nan,-0.886041271686554
3,DiscNRX,gated,846,0,1,0,1,24.204999999710708,nan,-0.886041271686554
3,DiscNRX,gated,847,0,1,0,1,27.183700000023236,nan,-0.886041271686554
3,DiscNRX,gated,848,0,1,0,1,25.312400000075286,nan,-0.886041271686554
3,DiscNRX,gated,849,0,1,0,1,26.090299999850686,nan,-0.886041271686554
3,DiscNRX,gated,850,0,1,0,1,31.39599999985876,nan,-0.886041271686554
3,DiscNRX,gated,851,0,1,0,1,28.797299999951065,nan,-0.886041271686554
3,DiscNRX,gated,852,0,1,0,1,21.74250000007305,nan,-0.886041271686554
3,DiscNRX,gated,853,0,1,0,1,27.604599999904167,nan,-0.886041271686554
3,DiscNRX,gated,854,0,1,0,1,25.287200000093435,nan,-0.886041271686554
3,DiscNRX,gated,855,0,1,0,1,23.505500000283064,nan,-0.886041271686554
3,DiscNRX,gated,856,0,1,0,1,22.771499999635125,nan,-0.886041271686554
3,DiscNRX,gated,857,0,1,0,1,23.193600000013248,nan,-0.886041271686554
3,DiscNRX,gated,858,0,1,0,1,20.73999999993248,nan,-0.886041271686554
3,DiscNRX,gated,859,0,1,0,1,20.91229999996358,nan,-0.886041271686554
3,DiscNRX,gated,860,0,1,0,1,23.3474000001479,nan,-0.886041271686554
3,DiscNRX,gated,861,0,1,0,1,21.789699999771983,nan,-0.886041271686554
3,DiscNRX,gated,862,0,1,0,1,21.45669999981692,nan,-0.886041271686554
3,DiscNRX,gated,863,0,1,0,1,18.934100000024046,nan,-0.886041271686554
3,DiscNRX,gated,864,0,1,0,1,28.976200000215613,nan,-0.886041271686554
3,DiscNRX,gated,865,0,1,0,1,36.14969999989626,nan,-0.886041271686554
3,DiscNRX,gated,866,0,1,0,1,25.193099999796686,nan,-0.886041271686554
3,DiscNRX,gated,867,0,1,0,1,24.164400000245223,nan,-0.886041271686554
3,DiscNRX,gated,868,0,1,0,1,26.177199999892764,nan,-0.886041271686554
3,DiscNRX,gated,869,0,1,0,1,30.063899999731802,nan,-0.886041271686554
3,DiscNRX,gated,870,0,1,0,1,27.66029999975217,nan,-0.886041271686554
3,DiscNRX,gated,871,0,1,0,1,32.10910000007061,nan,-0.886041271686554
3,DiscNRX,gated,872,0,1,0,1,23.155700000188517,nan,-0.886041271686554
3,DiscNRX,gated,873,0,1,0,1,27.190799999971205,nan,-0.886041271686554
3,DiscNRX,gated,874,0,1,0,1,25.31700000008641,nan,-0.886041271686554
3,DiscNRX,gated,875,0,1,0,1,33.00130000025092,nan,-0.886041271686554
3,DiscNRX,gated,876,0,1,0,1,28.93229999972391,nan,-0.886041271686554
3,DiscNRX,gated,877,0,1,0,1,23.96439999984068,nan,-0.886041271686554
3,DiscNRX,gated,878,0,1,0,1,26.28729999969437,nan,-0.886041271686554
3,DiscNRX,gated,879,0,1,0,1,23.893199999747594,nan,-0.886041271686554
3,DiscNRX,gated,880,0,1,0,1,19.56449999988763,nan,-0.886041271686554
3,DiscNRX,gated,881,0,1,0,1,25.559700000030716,nan,-0.886041271686554
3,DiscNRX,gated,882,0,1,0,1,21.939199999906123,nan,-0.886041271686554
3,DiscNRX,gated,883,0,1,0,1,24.089700000331504,nan,-0.886041271686554
3,DiscNRX,gated,884,0,1,0,1,22.55760000025475,nan,-0.886041271686554
3,DiscNRX,gated,885,0,1,0,1,24.36199999965538,nan,-0.886041271686554
3,DiscNRX,gated,886,0,1,0,1,22.790399999848887,nan,-0.886041271686554
3,DiscNRX,gated,887,0,1,0,1,23.201699999845005,nan,-0.886041271686554
3,DiscNRX,gated,888,0,1,0,1,28.067200000350567,nan,-0.886041271686554
3,DiscNRX,gated,889,0,1,0,1,25.431300000036572,nan,-0.886041271686554
3,DiscNRX,gated,890,0,1,0,1,24.68670000007478,nan,-0.886041271686554
3,DiscNRX,gated,891,0,1,0,1,26.532599999882223,nan,-0.886041271686554
3,DiscNRX,gated,892,0,1,0,1,23.281300000235206,nan,-0.886041271686554
3,DiscNRX,gated,893,0,1,0,1,26.9986000002973,nan,-0.886041271686554
3,DiscNRX,gated,894,0,1,0,1,28.732900000250083,nan,-0.886041271686554
3,DiscNRX,gated,895,0,1,0,1,24.409799999830284,nan,-0.886041271686554
3,DiscNRX,gated,896,0,1,0,1,23.404800000207615,nan,-0.886041271686554
3,DiscNRX,gated,897,0,1,0,1,35.028000000238535,nan,-0.886041271686554
3,DiscNRX,gated,898,0,1,0,1,26.142499999878055,nan,-0.886041271686554
3,DiscNRX,gated,899,0,1,0,1,28.259499999876425,nan,-0.886041271686554
3,DiscNRX,gated,900,0,1,0,1,23.91440000019429,nan,-0.886041271686554
3,DiscNRX,gated,901,0,1,0,1,24.649199999657867,nan,-0.886041271686554
3,DiscNRX,gated,902,0,1,0,1,30.712400000084017,nan,-0.886041271686554
3,DiscNRX,gated,903,0,1,0,1,32.88830000019516,nan,-0.886041271686554
3,DiscNRX,gated,904,0,1,0,1,23.996700000225246,nan,-0.886041271686554
3,DiscNRX,gated,905,0,1,0,1,22.590800000216404,nan,-0.886041271686554
3,DiscNRX,gated,906,0,1,0,1,20.91859999973167,nan,-0.886041271686554
3,DiscNRX,gated,907,0,1,0,1,24.557300000196847,nan,-0.886041271686554
3,DiscNRX,gated,908,0,1,0,1,30.814500000360567,nan,-0.886041271686554
3,DiscNRX,gated,909,0,1,0,1,22.086799999669893,nan,-0.886041271686554
3,DiscNRX,gated,910,0,1,0,1,21.792900000036752,nan,-0.886041271686554
3,DiscNRX,gated,911,0,1,0,1,20.637300000089454,nan,-0.886041271686554
3,DiscNRX,gated,912,0,1,0,1,25.547799999912968,nan,-0.886041271686554
3,DiscNRX,gated,913,0,1,0,1,30.501100000037695,nan,-0.886041271686554
3,DiscNRX,gated,914,0,1,0,1,26.779899999837653,nan,-0.886041271686554
3,DiscNRX,gated,915,0,1,0,1,27.463299999908486,nan,-0.886041271686554
3,DiscNRX,gated,916,0,1,0,1,24.816199999804667,nan,-0.886041271686554
3,DiscNRX,gated,917,0,1,0,1,24.921800000356598,nan,-0.886041271686554
3,DiscNRX,gated,918,0,1,0,1,23.247099999935017,nan,-0.886041271686554
3,DiscNRX,gated,919,0,1,0,1,32.95350000007602,nan,-0.886041271686554
3,DiscNRX,gated,920,0,1,0,1,31.001199999991513,nan,-0.886041271686554
3,DiscNRX,gated,921,0,1,0,1,23.26180000000022,nan,-0.886041271686554
3,DiscNRX,gated,922,0,1,0,1,22.74249999982203,nan,-0.886041271686554
3,DiscNRX,gated,923,0,1,0,1,22.178799999892362,nan,-0.886041271686554
3,DiscNRX,gated,924,0,1,0,1,25.659299999915675,nan,-0.886041271686554
3,DiscNRX,gated,925,0,1,0,1,20.17279999972743,nan,-0.886041271686554
3,DiscNRX,gated,926,0,1,0,1,26.237500000206637,nan,-0.886041271686554
3,DiscNRX,gated,927,0,1,0,1,23.009300000012445,nan,-0.886041271686554
3,DiscNRX,gated,928,0,1,0,1,23.755899999741814,nan,-0.886041271686554
3,DiscNRX,gated,929,0,1,0,1,17.4725000001672,nan,-0.886041271686554
3,DiscNRX,gated,930,0,1,0,1,22.833400000308757,nan,-0.886041271686554
3,DiscNRX,gated,931,0,1,0,1,26.302899999791407,nan,-0.886041271686554
3,DiscNRX,gated,932,0,1,0,1,20.3111999999237,nan,-0.886041271686554
3,DiscNRX,gated,933,0,1,0,1,25.712900000144145,nan,-0.886041271686554
3,DiscNRX,gated,934,0,1,0,1,23.213100000248232,nan,-0.886041271686554
3,DiscNRX,gated,935,0,1,0,1,25.47790000016903,nan,-0.886041271686554
3,DiscNRX,gated,936,0,1,0,1,34.36890000011772,nan,-0.886041271686554
3,DiscNRX,gated,937,0,1,0,1,22.59890000004816,nan,-0.886041271686554
3,DiscNRX,gated,938,0,1,0,1,29.638299999987794,nan,-0.886041271686554
3,DiscNRX,gated,939,0,1,0,1,28.53209999966566,nan,-0.886041271686554
3,DiscNRX,gated,940,0,1,0,1,26.135600000088743,nan,-0.886041271686554
3,DiscNRX,gated,941,0,1,0,1,29.116500000327505,nan,-0.886041271686554
3,DiscNRX,gated,942,0,1,0,1,43.27670000020589,nan,-0.886041271686554
3,DiscNRX,gated,943,0,1,0,1,26.654899999812187,nan,-0.886041271686554
3,DiscNRX,gated,944,0,1,0,1,24.808499999835476,nan,-0.886041271686554
3,DiscNRX,gated,945,0,1,0,1,22.533800000019255,nan,-0.886041271686554
3,DiscNRX,gated,946,0,1,0,1,28.591299999789044,nan,-0.886041271686554
3,DiscNRX,gated,947,0,1,0,1,30.03519999992932,nan,-0.886041271686554
3,DiscNRX,gated,948,0,1,0,1,26.06629999991128,nan,-0.886041271686554
3,DiscNRX,gated,949,0,1,0,1,25.1072999999451,nan,-0.886041271686554
3,DiscNRX,gated,950,0,1,0,1,29.13819999957923,nan,-0.886041271686554
3,DiscNRX,gated,951,0,1,0,1,28.367599999910453,nan,-0.886041271686554
3,DiscNRX,gated,952,0,1,0,1,23.772600000029342,nan,-0.886041271686554
3,DiscNRX,gated,953,0,1,0,1,24.889799999982642,nan,-0.886041271686554
3,DiscNRX,gated,954,0,1,0,1,27.121099999931175,nan,-0.886041271686554
3,DiscNRX,gated,955,0,1,0,1,22.874900000260823,nan,-0.886041271686554
3,DiscNRX,gated,956,0,1,0,1,21.182500000122673,nan,-0.886041271686554
3,DiscNRX,gated,957,0,1,0,1,22.118200000022625,nan,-0.886041271686554
3,DiscNRX,gated,958,0,1,0,1,20.83970000012414,nan,-0.886041271686554
3,DiscNRX,gated,959,0,1,0,1,20.75399999966976,nan,-0.886041271686554
3,DiscNRX,gated,960,0,1,0,1,19.53640000010637,nan,-0.886041271686554
3,DiscNRX,gated,961,0,1,0,1,24.652099999912025,nan,-0.886041271686554
3,DiscNRX,gated,962,0,1,0,1,29.39749999995911,nan,-0.886041271686554
3,DiscNRX,gated,963,0,1,0,1,27.8944000001502,nan,-0.886041271686554
3,DiscNRX,gated,964,0,1,0,1,28.695499999685126,nan,-0.886041271686554
3,DiscNRX,gated,965,0,1,0,1,29.263299999911396,nan,-0.886041271686554
3,DiscNRX,gated,966,0,1,0,1,24.892799999634008,nan,-0.886041271686554
3,DiscNRX,gated,967,0,1,0,1,23.04229999981544,nan,-0.886041271686554
3,DiscNRX,gated,968,0,1,0,1,26.16219999981695,nan,-0.886041271686554
3,DiscNRX,gated,969,0,1,0,1,23.331899999902816,nan,-0.886041271686554
3,DiscNRX,gated,970,0,1,0,1,23.57990000018617,nan,-0.886041271686554
3,DiscNRX,gated,971,0,1,0,1,21.38809999996738,nan,-0.886041271686554
3,DiscNRX,gated,972,0,1,0,1,23.425500000030297,nan,-0.886041271686554
3,DiscNRX,gated,973,0,1,0,1,21.797200000037265,nan,-0.886041271686554
3,DiscNRX,gated,974,0,1,0,1,24.72189999980401,nan,-0.886041271686554
3,DiscNRX,gated,975,0,1,0,1,25.69180000000415,nan,-0.886041271686554
3,DiscNRX,gated,976,0,1,0,1,24.60540000038236,nan,-0.886041271686554
3,DiscNRX,gated,977,0,1,0,1,24.237199999788572,nan,-0.886041271686554
3,DiscNRX,gated,978,0,1,0,1,23.2333999997536,nan,-0.886041271686554
3,DiscNRX,gated,979,0,1,0,1,22.944700000152807,nan,-0.886041271686554
3,DiscNRX,gated,980,0,1,0,1,23.412000000007538,nan,-0.886041271686554
3,DiscNRX,gated,981,0,1,0,1,25.899499999923137,nan,-0.886041271686554
3,DiscNRX,gated,982,0,1,0,1,22.5442999999359,nan,-0.886041271686554
3,DiscNRX,gated,983,0,1,0,1,23.3421000002636,nan,-0.886041271686554
3,DiscNRX,gated,984,0,1,0,1,22.749900000235357,nan,-0.886041271686554
3,DiscNRX,gated,985,0,1,0,1,23.04709999998522,nan,-0.886041271686554
3,DiscNRX,gated,986,0,1,0,1,25.32969999992929,nan,-0.886041271686554
3,DiscNRX,gated,987,0,1,0,1,25.74770000001081,nan,-0.886041271686554
3,DiscNRX,gated,988,0,1,0,1,27.95490000016798,nan,-0.886041271686554
3,DiscNRX,gated,989,0,1,0,1,24.404999999660504,nan,-0.886041271686554
3,DiscNRX,gated,990,0,1,0,1,28.975400000035734,nan,-0.886041271686554
3,DiscNRX,gated,991,0,1,0,1,28.324200000042765,nan,-0.886041271686554
3,DiscNRX,gated,992,0,1,0,1,29.164099999889004,nan,-0.886041271686554
3,DiscNRX,gated,993,0,1,0,1,25.77500000006694,nan,-0.886041271686554
3,DiscNRX,gated,994,0,1,0,1,24.06799999971554,nan,-0.886041271686554
3,DiscNRX,gated,995,0,1,0,1,29.998100000284467,nan,-0.886041271686554
3,DiscNRX,gated,996,0,1,0,1,22.836999999981344,nan,-0.886041271686554
3,DiscNRX,gated,997,0,1,0,1,28.254399999696034,nan,-0.886041271686554
3,DiscNRX,gated,998,0,1,0,1,27.75789999986955,nan,-0.886041271686554
3,DiscNRX,gated,999,0,1,0,1,22.043200000098295,nan,-0.886041271686554
3,DiscNRX,trig,0,1,0,0,0,nan,-0.5175201892852783,-0.886041271686554
3,DiscNRX,trig,1,1,0,0,0,nan,-0.5495845079421997,-0.886041271686554
3,DiscNRX,trig,2,0,1,0,1,22.988400000031106,-0.5836050510406494,-0.886041271686554
3,DiscNRX,trig,3,1,0,0,0,nan,-0.5325639247894287,-0.886041271686554
3,DiscNRX,trig,4,1,0,0,0,nan,-0.494711697101593,-0.886041271686554
3,DiscNRX,trig,5,0,1,0,1,20.03610000019762,-0.5899767875671387,-0.886041271686554
3,DiscNRX,trig,6,0,1,0,1,22.55169999989448,-0.6033599376678467,-0.886041271686554
3,DiscNRX,trig,7,0,1,0,1,25.676600000224425,-0.6418244242668152,-0.886041271686554
3,DiscNRX,trig,8,0,1,0,1,28.654700000060984,-0.6608012318611145,-0.886041271686554
3,DiscNRX,trig,9,0,1,0,1,30.437600000368548,-0.708861768245697,-0.886041271686554
3,DiscNRX,trig,10,0,1,0,1,30.45559999964098,-0.7814134955406189,-0.886041271686554
3,DiscNRX,trig,11,0,1,0,1,31.989600000088103,-0.698334813117981,-0.886041271686554
3,DiscNRX,trig,12,0,1,0,1,27.50449999984994,-0.7260391712188721,-0.886041271686554
3,DiscNRX,trig,13,0,1,0,1,25.466399999913847,-0.7263832688331604,-0.886041271686554
3,DiscNRX,trig,14,0,1,0,1,30.290500000319298,-0.778175413608551,-0.886041271686554
3,DiscNRX,trig,15,0,1,0,1,29.64139999994586,-0.8721917271614075,-0.886041271686554
3,DiscNRX,trig,16,0,1,0,0,nan,-0.9134258031845093,-0.886041271686554
3,DiscNRX,trig,17,0,1,0,1,28.372399999625486,-0.8381106853485107,-0.886041271686554
3,DiscNRX,trig,18,0,1,0,0,nan,-0.9261311292648315,-0.886041271686554
3,DiscNRX,trig,19,1,0,0,0,nan,-0.8933330178260803,-0.886041271686554
3,DiscNRX,trig,20,0,1,0,1,26.754600000003848,-0.7126184105873108,-0.886041271686554
3,DiscNRX,trig,21,0,1,0,0,nan,-0.9274042844772339,-0.886041271686554
3,DiscNRX,trig,22,0,1,0,0,nan,-0.9273926615715027,-0.886041271686554
3,DiscNRX,trig,23,0,1,0,0,nan,-0.939592719078064,-0.886041271686554
3,DiscNRX,trig,24,0,1,0,0,nan,-0.8887588977813721,-0.886041271686554
3,DiscNRX,trig,25,0,1,0,0,nan,-0.9297199845314026,-0.886041271686554
3,DiscNRX,trig,26,0,1,0,0,nan,-0.9104086756706238,-0.886041271686554
3,DiscNRX,trig,27,0,1,0,0,nan,-0.8989960551261902,-0.886041271686554
3,DiscNRX,trig,28,0,1,0,1,22.76879999999437,-0.8072872757911682,-0.886041271686554
3,DiscNRX,trig,29,0,1,0,1,21.240600000055565,-0.8372910022735596,-0.886041271686554
3,DiscNRX,trig,30,0,1,0,0,nan,-0.9352099895477295,-0.886041271686554
3,DiscNRX,trig,31,0,1,0,1,30.046500000025844,-0.8764859437942505,-0.886041271686554
3,DiscNRX,trig,32,0,1,0,0,nan,-0.9296450018882751,-0.886041271686554
3,DiscNRX,trig,33,0,1,0,1,28.8817000000563,-0.7708736062049866,-0.886041271686554
3,DiscNRX,trig,34,0,1,0,0,nan,-0.9339827299118042,-0.886041271686554
3,DiscNRX,trig,35,0,1,0,0,nan,-0.8972152471542358,-0.886041271686554
3,DiscNRX,trig,36,0,1,0,0,nan,-0.9680862426757812,-0.886041271686554
3,DiscNRX,trig,37,0,1,0,0,nan,-0.9628725051879883,-0.886041271686554
3,DiscNRX,trig,38,0,1,0,0,nan,-0.9458891749382019,-0.886041271686554
3,DiscNRX,trig,39,0,1,0,0,nan,-0.8871836066246033,-0.886041271686554
3,DiscNRX,trig,40,0,1,0,0,nan,-0.8960105776786804,-0.886041271686554
3,DiscNRX,trig,41,0,1,0,0,nan,-0.8941503167152405,-0.886041271686554
3,DiscNRX,trig,42,0,1,0,0,nan,-0.9408142566680908,-0.886041271686554
3,DiscNRX,trig,43,0,1,0,0,nan,-0.929454505443573,-0.886041271686554
3,DiscNRX,trig,44,0,1,0,0,nan,-0.9366902112960815,-0.886041271686554
3,DiscNRX,trig,45,0,1,0,0,nan,-0.9433524012565613,-0.886041271686554
3,DiscNRX,trig,46,0,1,0,0,nan,-0.9509201645851135,-0.886041271686554
3,DiscNRX,trig,47,0,1,0,0,nan,-0.9374672174453735,-0.886041271686554
3,DiscNRX,trig,48,0,1,0,0,nan,-0.9518900513648987,-0.886041271686554
3,DiscNRX,trig,49,0,1,0,0,nan,-0.9179192781448364,-0.886041271686554
3,DiscNRX,trig,50,0,1,0,1,23.79530000007435,-0.8188400864601135,-0.886041271686554
3,DiscNRX,trig,51,0,1,0,0,nan,-0.8886041641235352,-0.886041271686554
3,DiscNRX,trig,52,0,1,0,0,nan,-0.9487552642822266,-0.886041271686554
3,DiscNRX,trig,53,0,1,0,1,21.486100000402075,-0.8824521899223328,-0.886041271686554
3,DiscNRX,trig,54,0,1,0,1,25.284900000315247,-0.8358778357505798,-0.886041271686554
3,DiscNRX,trig,55,0,1,0,0,nan,-0.9272143840789795,-0.886041271686554
3,DiscNRX,trig,56,0,1,0,1,28.75949999997829,-0.8671011924743652,-0.886041271686554
3,DiscNRX,trig,57,0,1,0,0,nan,-0.9546982645988464,-0.886041271686554
3,DiscNRX,trig,58,0,1,0,0,nan,-0.9508606195449829,-0.886041271686554
3,DiscNRX,trig,59,0,1,0,1,35.4683999998997,-0.8847095370292664,-0.886041271686554
3,DiscNRX,trig,60,0,1,0,0,nan,-0.9393876791000366,-0.886041271686554
3,DiscNRX,trig,61,0,1,0,0,nan,-0.9513210654258728,-0.886041271686554
3,DiscNRX,trig,62,0,1,0,0,nan,-0.935563862323761,-0.886041271686554
3,DiscNRX,trig,63,1,0,0,0,nan,-0.788453221321106,-0.886041271686554
3,DiscNRX,trig,64,0,1,0,0,nan,-0.9371927976608276,-0.886041271686554
3,DiscNRX,trig,65,0,1,0,0,nan,-0.9366607069969177,-0.886041271686554
3,DiscNRX,trig,66,0,1,0,0,nan,-0.9439272880554199,-0.886041271686554
3,DiscNRX,trig,67,0,1,0,1,27.537199999642326,-0.8554322123527527,-0.886041271686554
3,DiscNRX,trig,68,0,1,0,0,nan,-0.9128425121307373,-0.886041271686554
3,DiscNRX,trig,69,0,1,0,0,nan,-0.941634476184845,-0.886041271686554
3,DiscNRX,trig,70,0,1,0,0,nan,-0.9121219515800476,-0.886041271686554
3,DiscNRX,trig,71,0,1,0,0,nan,-0.9551123976707458,-0.886041271686554
3,DiscNRX,trig,72,0,1,0,0,nan,-0.9500648975372314,-0.886041271686554
3,DiscNRX,trig,73,0,1,0,0,nan,-0.9126295447349548,-0.886041271686554
3,DiscNRX,trig,74,1,0,0,0,nan,-0.7845642566680908,-0.886041271686554
3,DiscNRX,trig,75,0,1,0,0,nan,-0.9412042498588562,-0.886041271686554
3,DiscNRX,trig,76,0,1,0,0,nan,-0.9106521010398865,-0.886041271686554
3,DiscNRX,trig,77,0,1,0,0,nan,-0.9469063878059387,-0.886041271686554
3,DiscNRX,trig,78,0,1,0,0,nan,-0.9335271120071411,-0.886041271686554
3,DiscNRX,trig,79,0,1,0,0,nan,-0.9026942849159241,-0.886041271686554
3,DiscNRX,trig,80,0,1,0,0,nan,-0.9520518183708191,-0.886041271686554
3,DiscNRX,trig,81,0,1,0,0,nan,-0.9290676712989807,-0.886041271686554
3,DiscNRX,trig,82,0,1,0,0,nan,-0.9029286503791809,-0.886041271686554
3,DiscNRX,trig,83,0,1,0,1,23.362700000234327,-0.8654105067253113,-0.886041271686554
3,DiscNRX,trig,84,0,1,0,0,nan,-0.9503193497657776,-0.886041271686554
3,DiscNRX,trig,85,0,1,0,0,nan,-0.8973844051361084,-0.886041271686554
3,DiscNRX,trig,86,0,1,0,1,28.674300000147923,-0.860244631767273,-0.886041271686554
3,DiscNRX,trig,87,0,1,0,1,22.50159999994139,-0.8412125110626221,-0.886041271686554
3,DiscNRX,trig,88,0,1,0,1,22.432199999911973,-0.7854430079460144,-0.886041271686554
3,DiscNRX,trig,89,0,1,0,1,25.341000000025815,-0.8180922269821167,-0.886041271686554
3,DiscNRX,trig,90,0,1,0,1,19.662500000322325,-0.84516441822052,-0.886041271686554
3,DiscNRX,trig,91,0,1,0,1,23.079300000063085,-0.8482552766799927,-0.886041271686554
3,DiscNRX,trig,92,0,1,0,1,20.309500000166736,-0.6794840693473816,-0.886041271686554
3,DiscNRX,trig,93,0,1,0,1,26.802900000348018,-0.8403792977333069,-0.886041271686554
3,DiscNRX,trig,94,0,1,0,1,27.346400000169524,-0.8694638609886169,-0.886041271686554
3,DiscNRX,trig,95,1,0,0,0,nan,-0.6190581917762756,-0.886041271686554
3,DiscNRX,trig,96,0,1,0,1,25.161799999750656,-0.7831771373748779,-0.886041271686554
3,DiscNRX,trig,97,0,1,0,1,27.10769999976037,-0.8106740117073059,-0.886041271686554
3,DiscNRX,trig,98,0,1,0,0,nan,-0.9052844047546387,-0.886041271686554
3,DiscNRX,trig,99,0,1,0,1,24.47149999989051,-0.839952290058136,-0.886041271686554
3,DiscNRX,trig,100,0,1,0,1,22.339699999974982,-0.7602788209915161,-0.886041271686554
3,DiscNRX,trig,101,0,1,0,1,21.547600000303646,-0.8611210584640503,-0.886041271686554
3,DiscNRX,trig,102,0,1,0,0,nan,-0.8897721171379089,-0.886041271686554
3,DiscNRX,trig,103,0,1,0,1,26.906900000085443,-0.8011528253555298,-0.886041271686554
3,DiscNRX,trig,104,0,1,0,1,23.147299999891402,-0.8567636013031006,-0.886041271686554
3,DiscNRX,trig,105,0,1,0,1,22.648799999842595,-0.8083417415618896,-0.886041271686554
3,DiscNRX,trig,106,0,1,0,1,23.480100000142556,-0.8134322762489319,-0.886041271686554
3,DiscNRX,trig,107,0,1,0,1,26.351599999998143,-0.8109489679336548,-0.886041271686554
3,DiscNRX,trig,108,0,1,0,0,nan,-0.8906854391098022,-0.886041271686554
3,DiscNRX,trig,109,0,1,0,0,nan,-0.8867081999778748,-0.886041271686554
3,DiscNRX,trig,110,0,1,0,0,nan,-0.8976908326148987,-0.886041271686554
3,DiscNRX,trig,111,0,1,0,1,26.032600000235107,-0.8786556720733643,-0.886041271686554
3,DiscNRX,trig,112,0,1,0,1,25.795300000027055,-0.8686397075653076,-0.886041271686554
3,DiscNRX,trig,113,0,1,0,1,30.84030000036364,-0.8787074089050293,-0.886041271686554
3,DiscNRX,trig,114,0,1,0,1,29.11599999970349,-0.768975019454956,-0.886041271686554
3,DiscNRX,trig,115,0,1,0,1,22.336300000006304,-0.8826315402984619,-0.886041271686554
3,DiscNRX,trig,116,0,1,0,1,24.53009999999267,-0.854759156703949,-0.886041271686554
3,DiscNRX,trig,117,0,1,0,0,nan,-0.8923302292823792,-0.886041271686554
3,DiscNRX,trig,118,0,1,0,1,28.36170000000493,-0.7884374856948853,-0.886041271686554
3,DiscNRX,trig,119,0,1,0,1,25.300999999672058,-0.8796352744102478,-0.886041271686554
3,DiscNRX,trig,120,0,1,0,1,26.374500000201806,-0.8766175508499146,-0.886041271686554
3,DiscNRX,trig,121,0,1,0,1,25.908000000072207,-0.8674926161766052,-0.886041271686554
3,DiscNRX,trig,122,0,1,0,1,24.073300000054587,-0.8380721211433411,-0.886041271686554
3,DiscNRX,trig,123,0,1,0,0,nan,-0.8907449245452881,-0.886041271686554
3,DiscNRX,trig,124,0,1,0,0,nan,-0.8880698084831238,-0.886041271686554
3,DiscNRX,trig,125,0,1,0,1,22.021899999799643,-0.8558507561683655,-0.886041271686554
3,DiscNRX,trig,126,0,1,0,0,nan,-0.9020656943321228,-0.886041271686554
3,DiscNRX,trig,127,0,1,0,0,nan,-0.8963711261749268,-0.886041271686554
3,DiscNRX,trig,128,0,1,0,1,20.75459999969098,-0.8329866528511047,-0.886041271686554
3,DiscNRX,trig,129,0,1,0,1,24.887800000215066,-0.7690529227256775,-0.886041271686554
3,DiscNRX,trig,130,0,1,0,1,24.458400000185065,-0.7864460945129395,-0.886041271686554
3,DiscNRX,trig,131,0,1,0,1,27.923099999952683,-0.7572749257087708,-0.886041271686554
3,DiscNRX,trig,132,0,1,0,0,nan,-0.9006559252738953,-0.886041271686554
3,DiscNRX,trig,133,0,1,0,1,26.400000000194268,-0.7454565167427063,-0.886041271686554
3,DiscNRX,trig,134,0,1,0,1,34.07959999958621,-0.8084614872932434,-0.886041271686554
3,DiscNRX,trig,135,0,1,0,0,nan,-0.8989540338516235,-0.886041271686554
3,DiscNRX,trig,136,0,1,0,1,25.358800000049087,-0.749139130115509,-0.886041271686554
3,DiscNRX,trig,137,0,1,0,0,nan,-0.904080331325531,-0.886041271686554
3,DiscNRX,trig,138,0,1,0,0,nan,-0.9156792759895325,-0.886041271686554
3,DiscNRX,trig,139,0,1,0,1,27.933200000006764,-0.8818855881690979,-0.886041271686554
3,DiscNRX,trig,140,0,1,0,1,33.81950000039069,-0.8630735278129578,-0.886041271686554
3,DiscNRX,trig,141,0,1,0,1,31.966099999863218,-0.8422797918319702,-0.886041271686554
3,DiscNRX,trig,142,0,1,0,0,nan,-0.90811687707901,-0.886041271686554
3,DiscNRX,trig,143,0,1,0,1,28.612000000066473,-0.7091020941734314,-0.886041271686554
3,DiscNRX,trig,144,0,1,0,1,24.963800000023184,-0.8651235699653625,-0.886041271686554
3,DiscNRX,trig,145,0,1,0,0,nan,-0.9183719754219055,-0.886041271686554
3,DiscNRX,trig,146,0,1,0,1,24.63530000022729,-0.8681605458259583,-0.886041271686554
3,DiscNRX,trig,147,0,1,0,0,nan,-0.8987678289413452,-0.886041271686554
3,DiscNRX,trig,148,0,1,0,1,24.021699999593693,-0.8781022429466248,-0.886041271686554
3,DiscNRX,trig,149,0,1,0,0,nan,-0.9092090129852295,-0.886041271686554
3,DiscNRX,trig,150,0,1,0,1,22.42740000019694,-0.8555059432983398,-0.886041271686554
3,DiscNRX,trig,151,0,1,0,0,nan,-0.9201892614364624,-0.886041271686554
3,DiscNRX,trig,152,0,1,0,0,nan,-0.9057091474533081,-0.886041271686554
3,DiscNRX,trig,153,0,1,0,0,nan,-0.9069955945014954,-0.886041271686554
3,DiscNRX,trig,154,0,1,0,1,22.81059999995705,-0.8829613327980042,-0.886041271686554
3,DiscNRX,trig,155,0,1,0,1,27.252500000031432,-0.8651580810546875,-0.886041271686554
3,DiscNRX,trig,156,0,1,0,1,25.324100000034377,-0.7943774461746216,-0.886041271686554
3,DiscNRX,trig,157,0,1,0,1,25.805900000250404,-0.8706300854682922,-0.886041271686554
3,DiscNRX,trig,158,0,1,0,0,nan,-0.8906074166297913,-0.886041271686554
3,DiscNRX,trig,159,0,1,0,0,nan,-0.9067481756210327,-0.886041271686554
3,DiscNRX,trig,160,0,1,0,1,31.07399999998961,-0.8780406713485718,-0.886041271686554
3,DiscNRX,trig,161,0,1,0,1,31.56459999991057,-0.8195747137069702,-0.886041271686554
3,DiscNRX,trig,162,0,1,0,0,nan,-0.9072631597518921,-0.886041271686554
3,DiscNRX,trig,163,0,1,0,1,27.703000000201428,-0.8057686686515808,-0.886041271686554
3,DiscNRX,trig,164,0,1,0,1,23.258199999872886,-0.7168163061141968,-0.886041271686554
3,DiscNRX,trig,165,0,1,0,0,nan,-0.8959197998046875,-0.886041271686554
3,DiscNRX,trig,166,0,1,0,1,27.575699999943026,-0.8592543005943298,-0.886041271686554
3,DiscNRX,trig,167,0,1,0,1,25.950400000056106,-0.8387386798858643,-0.886041271686554
3,DiscNRX,trig,168,0,1,0,1,23.350399999799265,-0.7903566956520081,-0.886041271686554
3,DiscNRX,trig,169,0,1,0,1,22.511300000132906,-0.8853369951248169,-0.886041271686554
3,DiscNRX,trig,170,0,1,0,1,25.847999999768945,-0.8796693086624146,-0.886041271686554
3,DiscNRX,trig,171,1,0,0,0,nan,-0.7055537104606628,-0.886041271686554
3,DiscNRX,trig,172,0,1,0,1,22.525300000324933,-0.8777213096618652,-0.886041271686554
3,DiscNRX,trig,173,0,1,0,0,nan,-0.8916351795196533,-0.886041271686554
3,DiscNRX,trig,174,0,1,0,0,nan,-0.8935765624046326,-0.886041271686554
3,DiscNRX,trig,175,0,1,0,1,22.368099999766855,-0.8710610866546631,-0.886041271686554
3,DiscNRX,trig,176,0,1,0,1,23.00729999979012,-0.878434956073761,-0.886041271686554
3,DiscNRX,trig,177,0,1,0,1,22.345800000039162,-0.8841596841812134,-0.886041271686554
3,DiscNRX,trig,178,0,1,0,0,nan,-0.899224042892456,-0.886041271686554
3,DiscNRX,trig,179,0,1,0,1,30.170100000304956,-0.7999261617660522,-0.886041271686554
3,DiscNRX,trig,180,0,1,0,1,26.381799999853683,-0.8626265525817871,-0.886041271686554
3,DiscNRX,trig,181,0,1,0,0,nan,-0.8930408358573914,-0.886041271686554
3,DiscNRX,trig,182,0,1,0,0,nan,-0.8929926753044128,-0.886041271686554
3,DiscNRX,trig,183,0,1,0,1,33.09640000043146,-0.8459411263465881,-0.886041271686554
3,DiscNRX,trig,184,0,1,0,1,30.01510000012786,-0.8654184341430664,-0.886041271686554
3,DiscNRX,trig,185,0,1,0,1,35.139499999786494,-0.6954847574234009,-0.886041271686554
3,DiscNRX,trig,186,0,1,0,1,27.679599999828497,-0.8460741639137268,-0.886041271686554
3,DiscNRX,trig,187,0,1,0,1,30.661699999654957,-0.8184295892715454,-0.886041271686554
3,DiscNRX,trig,188,0,1,0,0,nan,-0.9011341333389282,-0.886041271686554
3,DiscNRX,trig,189,0,1,0,0,nan,-0.9103143215179443,-0.886041271686554
3,DiscNRX,trig,190,0,1,0,0,nan,-0.902506411075592,-0.886041271686554
3,DiscNRX,trig,191,0,1,0,1,26.76049999990937,-0.8837046027183533,-0.886041271686554
3,DiscNRX,trig,192,0,1,0,1,22.47129999977915,-0.8827984929084778,-0.886041271686554
3,DiscNRX,trig,193,0,1,0,1,22.22029999984443,-0.8754873275756836,-0.886041271686554
3,DiscNRX,trig,194,0,1,0,0,nan,-0.9034386277198792,-0.886041271686554
3,DiscNRX,trig,195,0,1,0,1,22.704200000134733,-0.8345075845718384,-0.886041271686554
3,DiscNRX,trig,196,0,1,0,1,20.56510000011258,-0.8009213805198669,-0.886041271686554
3,DiscNRX,trig,197,0,1,0,0,nan,-0.9086950421333313,-0.886041271686554
3,DiscNRX,trig,198,0,1,0,1,18.98780000010447,-0.7848750352859497,-0.886041271686554
3,DiscNRX,trig,199,0,1,0,0,nan,-0.9032134413719177,-0.886041271686554
3,DiscNRX,trig,200,0,1,0,1,23.754299999836803,-0.8793900012969971,-0.886041271686554
3,DiscNRX,trig,201,0,1,0,0,nan,-0.9047484993934631,-0.886041271686554
3,DiscNRX,trig,202,0,1,0,1,23.03810000012163,-0.8607073426246643,-0.886041271686554
3,DiscNRX,trig,203,0,1,0,0,nan,-0.9136280417442322,-0.886041271686554
3,DiscNRX,trig,204,0,1,0,1,26.870600000165723,-0.7716259956359863,-0.886041271686554
3,DiscNRX,trig,205,0,1,0,1,36.783699999887176,-0.7944319844245911,-0.886041271686554
3,DiscNRX,trig,206,0,1,0,1,22.548200000073848,-0.8602727055549622,-0.886041271686554
3,DiscNRX,trig,207,0,1,0,1,26.168600000346487,-0.8722135424613953,-0.886041271686554
3,DiscNRX,trig,208,0,1,0,0,nan,-0.9131818413734436,-0.886041271686554
3,DiscNRX,trig,209,0,1,0,0,nan,-0.8998465538024902,-0.886041271686554
3,DiscNRX,trig,210,0,1,0,0,nan,-0.8993840217590332,-0.886041271686554
3,DiscNRX,trig,211,0,1,0,0,nan,-0.9034024477005005,-0.886041271686554
3,DiscNRX,trig,212,0,1,0,1,24.449399999866728,-0.8575842380523682,-0.886041271686554
3,DiscNRX,trig,213,0,1,0,0,nan,-0.8892706036567688,-0.886041271686554
3,DiscNRX,trig,214,0,1,0,0,nan,-0.9207047820091248,-0.886041271686554
3,DiscNRX,trig,215,0,1,0,0,nan,-0.8886256217956543,-0.886041271686554
3,DiscNRX,trig,216,0,1,0,0,nan,-0.9089465141296387,-0.886041271686554
3,DiscNRX,trig,217,0,1,0,0,nan,-0.8875531554222107,-0.886041271686554
3,DiscNRX,trig,218,0,1,0,0,nan,-0.8966871500015259,-0.886041271686554
3,DiscNRX,trig,219,0,1,0,1,25.37449999999808,-0.8718588352203369,-0.886041271686554
3,DiscNRX,trig,220,0,1,0,1,35.27720000010959,-0.8826928734779358,-0.886041271686554
3,DiscNRX,trig,221,0,1,0,1,23.171499999989464,-0.8199378848075867,-0.886041271686554
3,DiscNRX,trig,222,0,1,0,1,24.205300000176067,-0.8821499347686768,-0.886041271686554
3,DiscNRX,trig,223,0,1,0,0,nan,-0.9223872423171997,-0.886041271686554
3,DiscNRX,trig,224,0,1,0,1,23.46189999980197,-0.874314546585083,-0.886041271686554
3,DiscNRX,trig,225,0,1,0,1,23.071300000083284,-0.8654717803001404,-0.886041271686554
3,DiscNRX,trig,226,0,1,0,1,22.642300000370597,-0.8220585584640503,-0.886041271686554
3,DiscNRX,trig,227,0,1,0,0,nan,-0.8925302028656006,-0.886041271686554
3,DiscNRX,trig,228,0,1,0,0,nan,-0.9077456593513489,-0.886041271686554
3,DiscNRX,trig,229,0,1,0,1,21.11330000025191,-0.8280947804450989,-0.886041271686554
3,DiscNRX,trig,230,0,1,0,1,22.593299999698502,-0.884749710559845,-0.886041271686554
3,DiscNRX,trig,231,0,1,0,0,nan,-0.8911353945732117,-0.886041271686554
3,DiscNRX,trig,232,0,1,0,0,nan,-0.8918280005455017,-0.886041271686554
3,DiscNRX,trig,233,0,1,0,0,nan,-0.8886198401451111,-0.886041271686554
3,DiscNRX,trig,234,0,1,0,1,26.573200000257202,-0.850193440914154,-0.886041271686554
3,DiscNRX,trig,235,0,1,0,0,nan,-0.9024463295936584,-0.886041271686554
3,DiscNRX,trig,236,0,1,0,0,nan,-0.894271731376648,-0.886041271686554
3,DiscNRX,trig,237,0,1,0,1,26.27539999957662,-0.8734763860702515,-0.886041271686554
3,DiscNRX,trig,238,0,1,0,0,nan,-0.8958317041397095,-0.886041271686554
3,DiscNRX,trig,239,0,1,0,1,28.14180000041233,-0.8849759101867676,-0.886041271686554
3,DiscNRX,trig,240,0,1,0,0,nan,-0.9005089402198792,-0.886041271686554
3,DiscNRX,trig,241,0,1,0,1,24.77420000013808,-0.8354197144508362,-0.886041271686554
3,DiscNRX,trig,242,0,1,0,1,24.39410000033604,-0.8487420678138733,-0.886041271686554
3,DiscNRX,trig,243,0,1,0,1,24.35479999985546,-0.8253530859947205,-0.886041271686554
3,DiscNRX,trig,244,0,1,0,0,nan,-0.8993653059005737,-0.886041271686554
3,DiscNRX,trig,245,0,1,0,0,nan,-0.8910594582557678,-0.886041271686554
3,DiscNRX,trig,246,0,1,0,0,nan,-0.8899143934249878,-0.886041271686554
3,DiscNRX,trig,247,0,1,0,0,nan,-0.8888101577758789,-0.886041271686554
3,DiscNRX,trig,248,0,1,0,0,nan,-0.8901426196098328,-0.886041271686554
3,DiscNRX,trig,249,0,1,0,1,21.78780000031111,-0.8748000264167786,-0.886041271686554
3,DiscNRX,trig,250,0,1,0,1,22.30939999981274,-0.803435742855072,-0.886041271686554
3,DiscNRX,trig,251,0,1,0,1,22.618700000293757,-0.8473089933395386,-0.886041271686554
3,DiscNRX,trig,252,0,1,0,1,23.09610000020257,-0.8541203737258911,-0.886041271686554
3,DiscNRX,trig,253,0,1,0,1,20.36679999991975,-0.8206016421318054,-0.886041271686554
3,DiscNRX,trig,254,0,1,0,1,21.196000000145432,-0.875863790512085,-0.886041271686554
3,DiscNRX,trig,255,0,1,0,1,24.22530000012557,-0.7811512351036072,-0.886041271686554
3,DiscNRX,trig,256,0,1,0,1,28.76860000014858,-0.8219769597053528,-0.886041271686554
3,DiscNRX,trig,257,0,1,0,1,24.28909999980533,-0.8530372977256775,-0.886041271686554
3,DiscNRX,trig,258,0,1,0,0,nan,-0.8890842199325562,-0.886041271686554
3,DiscNRX,trig,259,0,1,0,1,20.922299999710958,-0.8637418746948242,-0.886041271686554
3,DiscNRX,trig,260,0,1,0,1,28.42899999996007,-0.8659026622772217,-0.886041271686554
3,DiscNRX,trig,261,0,1,0,1,26.221199999781675,-0.8760958313941956,-0.886041271686554
3,DiscNRX,trig,262,0,1,0,1,20.517500000096334,-0.8473870754241943,-0.886041271686554
3,DiscNRX,trig,263,0,1,0,0,nan,-0.895391047000885,-0.886041271686554
3,DiscNRX,trig,264,0,1,0,1,22.09679999987202,-0.7361605763435364,-0.886041271686554
3,DiscNRX,trig,265,0,1,0,1,21.334400000341702,-0.873831033706665,-0.886041271686554
3,DiscNRX,trig,266,0,1,0,1,23.74340000005759,-0.7779999375343323,-0.886041271686554
3,DiscNRX,trig,267,0,1,0,0,nan,-0.8998101949691772,-0.886041271686554
3,DiscNRX,trig,268,0,1,0,0,nan,-0.9059060215950012,-0.886041271686554
3,DiscNRX,trig,269,0,1,0,1,25.183000000197353,-0.8667747378349304,-0.886041271686554
3,DiscNRX,trig,270,0,1,0,0,nan,-0.8916621804237366,-0.886041271686554
3,DiscNRX,trig,271,0,1,0,1,25.474300000041694,-0.8530421257019043,-0.886041271686554
3,DiscNRX,trig,272,0,1,0,0,nan,-0.9083712697029114,-0.886041271686554
3,DiscNRX,trig,273,0,1,0,1,24.457900000015798,-0.7973266839981079,-0.886041271686554
3,DiscNRX,trig,274,0,1,0,1,22.332100000312494,-0.8710354566574097,-0.886041271686554
3,DiscNRX,trig,275,0,1,0,1,25.327800000013667,-0.8826456069946289,-0.886041271686554
3,DiscNRX,trig,276,0,1,0,1,26.92090000027747,-0.7700508832931519,-0.886041271686554
3,DiscNRX,trig,277,0,1,0,0,nan,-0.9160042405128479,-0.886041271686554
3,DiscNRX,trig,278,0,1,0,0,nan,-0.9152077436447144,-0.886041271686554
3,DiscNRX,trig,279,0,1,0,0,nan,-0.90534508228302,-0.886041271686554
3,DiscNRX,trig,280,0,1,0,0,nan,-0.910885214805603,-0.886041271686554
3,DiscNRX,trig,281,0,1,0,0,nan,-0.9119639992713928,-0.886041271686554
3,DiscNRX,trig,282,0,1,0,0,nan,-0.9141448736190796,-0.886041271686554
3,DiscNRX,trig,283,0,1,0,1,29.083100000207196,-0.8853687644004822,-0.886041271686554
3,DiscNRX,trig,284,0,1,0,0,nan,-0.9200941324234009,-0.886041271686554
3,DiscNRX,trig,285,0,1,0,0,nan,-0.9274595379829407,-0.886041271686554
3,DiscNRX,trig,286,0,1,0,0,nan,-0.9209646582603455,-0.886041271686554
3,DiscNRX,trig,287,0,1,0,1,23.589500000070984,-0.876951277256012,-0.886041271686554
3,DiscNRX,trig,288,0,1,0,0,nan,-0.894676923751831,-0.886041271686554
3,DiscNRX,trig,289,0,1,0,0,nan,-0.9044838547706604,-0.886041271686554
3,DiscNRX,trig,290,0,1,0,0,nan,-0.8896549940109253,-0.886041271686554
3,DiscNRX,trig,291,0,1,0,1,29.04790000002322,-0.8758687973022461,-0.886041271686554
3,DiscNRX,trig,292,0,1,0,0,nan,-0.9179394245147705,-0.886041271686554
3,DiscNRX,trig,293,0,1,0,1,25.11289999984001,-0.8592348694801331,-0.886041271686554
3,DiscNRX,trig,294,0,1,0,0,nan,-0.9048623442649841,-0.886041271686554
3,DiscNRX,trig,295,0,1,0,0,nan,-0.9175130128860474,-0.886041271686554
3,DiscNRX,trig,296,0,1,0,0,nan,-0.9053356647491455,-0.886041271686554
3,DiscNRX,trig,297,0,1,0,1,21.322499999769207,-0.8832032680511475,-0.886041271686554
3,DiscNRX,trig,298,0,1,0,1,22.824000000127853,-0.8753803968429565,-0.886041271686554
3,DiscNRX,trig,299,0,1,0,0,nan,-0.9230505228042603,-0.886041271686554
3,DiscNRX,trig,300,0,1,0,1,23.875800000041636,-0.8489614129066467,-0.886041271686554
3,DiscNRX,trig,301,0,1,0,1,23.997000000235857,-0.8400441408157349,-0.886041271686554
3,DiscNRX,trig,302,0,1,0,0,nan,-0.9180713295936584,-0.886041271686554
3,DiscNRX,trig,303,0,1,0,0,nan,-0.9195859432220459,-0.886041271686554
3,DiscNRX,trig,304,0,1,0,0,nan,-0.8994689583778381,-0.886041271686554
3,DiscNRX,trig,305,0,1,0,0,nan,-0.9061374664306641,-0.886041271686554
3,DiscNRX,trig,306,0,1,0,0,nan,-0.9017879962921143,-0.886041271686554
3,DiscNRX,trig,307,0,1,0,0,nan,-0.9006108641624451,-0.886041271686554
3,DiscNRX,trig,308,0,1,0,0,nan,-0.9015177488327026,-0.886041271686554
3,DiscNRX,trig,309,0,1,0,0,nan,-0.8904796242713928,-0.886041271686554
3,DiscNRX,trig,310,0,1,0,1,27.990300000055868,-0.8170021772384644,-0.886041271686554
3,DiscNRX,trig,311,0,1,0,1,24.784100000033504,-0.884242832660675,-0.886041271686554
3,DiscNRX,trig,312,0,1,0,1,24.01959999997416,-0.8789409399032593,-0.886041271686554
3,DiscNRX,trig,313,0,1,0,0,nan,-0.8952983021736145,-0.886041271686554
3,DiscNRX,trig,314,0,1,0,0,nan,-0.8969318270683289,-0.886041271686554
3,DiscNRX,trig,315,0,1,0,0,nan,-0.8989497423171997,-0.886041271686554
3,DiscNRX,trig,316,0,1,0,0,nan,-0.8957765698432922,-0.886041271686554
3,DiscNRX,trig,317,0,1,0,0,nan,-0.8953899145126343,-0.886041271686554
3,DiscNRX,trig,318,0,1,0,0,nan,-0.9080499410629272,-0.886041271686554
3,DiscNRX,trig,319,0,1,0,0,nan,-0.9154386520385742,-0.886041271686554
3,DiscNRX,trig,320,0,1,0,0,nan,-0.8902992010116577,-0.886041271686554
3,DiscNRX,trig,321,0,1,0,0,nan,-0.9117245078086853,-0.886041271686554
3,DiscNRX,trig,322,0,1,0,1,26.152100000217615,-0.8802167177200317,-0.886041271686554
3,DiscNRX,trig,323,0,1,0,1,25.998600000093575,-0.8488571643829346,-0.886041271686554
3,DiscNRX,trig,324,0,1,0,0,nan,-0.8916251063346863,-0.886041271686554
3,DiscNRX,trig,325,0,1,0,1,24.180299999898125,-0.8812474012374878,-0.886041271686554
3,DiscNRX,trig,326,0,1,0,1,23.97019999989425,-0.8195301294326782,-0.886041271686554
3,DiscNRX,trig,327,0,1,0,0,nan,-0.8960387110710144,-0.886041271686554
3,DiscNRX,trig,328,0,1,0,0,nan,-0.8907700777053833,-0.886041271686554
3,DiscNRX,trig,329,0,1,0,1,25.234500000351545,-0.8275468349456787,-0.886041271686554
3,DiscNRX,trig,330,0,1,0,1,21.03579999993599,-0.8761023879051208,-0.886041271686554
3,DiscNRX,trig,331,0,1,0,1,20.402399999966292,-0.8829209208488464,-0.886041271686554
3,DiscNRX,trig,332,0,1,0,1,26.917000000139524,-0.8578497171401978,-0.886041271686554
3,DiscNRX,trig,333,0,1,0,1,22.82359999981054,-0.787886381149292,-0.886041271686554
3,DiscNRX,trig,334,0,1,0,1,21.147000000382832,-0.7684155106544495,-0.886041271686554
3,DiscNRX,trig,335,0,1,0,0,nan,-0.9013068675994873,-0.886041271686554
3,DiscNRX,trig,336,0,1,0,0,nan,-0.899793267250061,-0.886041271686554
3,DiscNRX,trig,337,0,1,0,0,nan,-0.9003456830978394,-0.886041271686554
3,DiscNRX,trig,338,0,1,0,1,25.93909999995958,-0.8349589109420776,-0.886041271686554
3,DiscNRX,trig,339,0,1,0,1,27.74279999994178,-0.7647944092750549,-0.886041271686554
3,DiscNRX,trig,340,0,1,0,0,nan,-0.8871402740478516,-0.886041271686554
3,DiscNRX,trig,341,0,1,0,1,28.94560000004276,-0.8506542444229126,-0.886041271686554
3,DiscNRX,trig,342,0,1,0,0,nan,-0.8921203017234802,-0.886041271686554
3,DiscNRX,trig,343,0,1,0,1,28.129100000114704,-0.8173866868019104,-0.886041271686554
3,DiscNRX,trig,344,0,1,0,1,31.200400000216177,-0.8822476863861084,-0.886041271686554
3,DiscNRX,trig,345,0,1,0,1,26.36530000017956,-0.7939642667770386,-0.886041271686554
3,DiscNRX,trig,346,0,1,0,1,24.833899999975984,-0.7624287009239197,-0.886041271686554
3,DiscNRX,trig,347,0,1,0,1,27.435699999841745,-0.8306125998497009,-0.886041271686554
3,DiscNRX,trig,348,0,1,0,1,24.76040000010471,-0.8243974447250366,-0.886041271686554
3,DiscNRX,trig,349,0,1,0,0,nan,-0.893650233745575,-0.886041271686554
3,DiscNRX,trig,350,0,1,0,1,25.979300000017247,-0.8251786828041077,-0.886041271686554
3,DiscNRX,trig,351,0,1,0,0,nan,-0.8914342522621155,-0.886041271686554
3,DiscNRX,trig,352,0,1,0,0,nan,-0.8875454664230347,-0.886041271686554
3,DiscNRX,trig,353,0,1,0,1,27.253900000232534,-0.8191753029823303,-0.886041271686554
3,DiscNRX,trig,354,0,1,0,0,nan,-0.8943225741386414,-0.886041271686554
3,DiscNRX,trig,355,0,1,0,1,22.312300000066898,-0.8340495824813843,-0.886041271686554
3,DiscNRX,trig,356,0,1,0,1,23.47220000001471,-0.8717655539512634,-0.886041271686554
3,DiscNRX,trig,357,0,1,0,0,nan,-0.8904088139533997,-0.886041271686554
3,DiscNRX,trig,358,0,1,0,1,24.563100000250415,-0.8438297510147095,-0.886041271686554
3,DiscNRX,trig,359,0,1,0,0,nan,-0.9088212251663208,-0.886041271686554
3,DiscNRX,trig,360,0,1,0,1,25.848100000075647,-0.8598588109016418,-0.886041271686554
3,DiscNRX,trig,361,0,1,0,0,nan,-0.9122176766395569,-0.886041271686554
3,DiscNRX,trig,362,0,1,0,0,nan,-0.8975790739059448,-0.886041271686554
3,DiscNRX,trig,363,0,1,0,0,nan,-0.9088118076324463,-0.886041271686554
3,DiscNRX,trig,364,0,1,0,1,29.795200000080513,-0.8802292346954346,-0.886041271686554
3,DiscNRX,trig,365,0,1,0,0,nan,-0.8947556018829346,-0.886041271686554
3,DiscNRX,trig,366,0,1,0,0,nan,-0.892523467540741,-0.886041271686554
3,DiscNRX,trig,367,0,1,0,0,nan,-0.9065564274787903,-0.886041271686554
3,DiscNRX,trig,368,0,1,0,1,24.737499999901047,-0.8396729826927185,-0.886041271686554
3,DiscNRX,trig,369,0,1,0,0,nan,-0.9014084935188293,-0.886041271686554
3,DiscNRX,trig,370,0,1,0,1,30.83470000001398,-0.7402147054672241,-0.886041271686554
3,DiscNRX,trig,371,0,1,0,1,28.575699999692006,-0.8692147731781006,-0.886041271686554
3,DiscNRX,trig,372,0,1,0,1,29.379299999618524,-0.8607895374298096,-0.886041271686554
3,DiscNRX,trig,373,0,1,0,1,33.265600000049744,-0.8740767240524292,-0.886041271686554
3,DiscNRX,trig,374,0,1,0,1,27.784299999893847,-0.877475917339325,-0.886041271686554
3,DiscNRX,trig,375,0,1,0,1,36.3084999999046,-0.8148143291473389,-0.886041271686554
3,DiscNRX,trig,376,0,1,0,0,nan,-0.9054321646690369,-0.886041271686554
3,DiscNRX,trig,377,0,1,0,1,22.32129999993049,-0.8541438579559326,-0.886041271686554
3,DiscNRX,trig,378,0,1,0,1,21.732900000188238,-0.8201444149017334,-0.886041271686554
3,DiscNRX,trig,379,0,1,0,1,22.017799999957788,-0.8709436058998108,-0.886041271686554
3,DiscNRX,trig,380,0,1,0,1,20.433200000297802,-0.8843165636062622,-0.886041271686554
3,DiscNRX,trig,381,0,1,0,1,20.772200000010344,-0.864112913608551,-0.886041271686554
3,DiscNRX,trig,382,0,1,0,1,22.1507000001111,-0.885071337223053,-0.886041271686554
3,DiscNRX,trig,383,0,1,0,1,22.13739999979225,-0.8182662129402161,-0.886041271686554
3,DiscNRX,trig,384,0,1,0,0,nan,-0.9018266201019287,-0.886041271686554
3,DiscNRX,trig,385,0,1,0,1,25.238400000034744,-0.8772082328796387,-0.886041271686554
3,DiscNRX,trig,386,0,1,0,0,nan,-0.8979524374008179,-0.886041271686554
3,DiscNRX,trig,387,0,1,0,0,nan,-0.9028975963592529,-0.886041271686554
3,DiscNRX,trig,388,0,1,0,1,23.634000000129163,-0.8730707168579102,-0.886041271686554
3,DiscNRX,trig,389,0,1,0,1,27.69590000025346,-0.8680154085159302,-0.886041271686554
3,DiscNRX,trig,390,0,1,0,1,24.845299999924464,-0.8619826436042786,-0.886041271686554
3,DiscNRX,trig,391,0,1,0,1,24.902099999962957,-0.846205472946167,-0.886041271686554
3,DiscNRX,trig,392,0,1,0,0,nan,-0.9115647673606873,-0.886041271686554
3,DiscNRX,trig,393,0,1,0,0,nan,-0.8866855502128601,-0.886041271686554
3,DiscNRX,trig,394,0,1,0,0,nan,-0.8866455554962158,-0.886041271686554
3,DiscNRX,trig,395,0,1,0,1,24.240899999767862,-0.8829872012138367,-0.886041271686554
3,DiscNRX,trig,396,0,1,0,0,nan,-0.9008521437644958,-0.886041271686554
3,DiscNRX,trig,397,0,1,0,1,32.489000000168744,-0.7882622480392456,-0.886041271686554
3,DiscNRX,trig,398,0,1,0,0,nan,-0.8877242803573608,-0.886041271686554
3,DiscNRX,trig,399,0,1,0,1,27.253799999925832,-0.8039767742156982,-0.886041271686554
3,DiscNRX,trig,400,0,1,0,1,27.034100000037142,-0.8601184487342834,-0.886041271686554
3,DiscNRX,trig,401,0,1,0,1,21.39179999994667,-0.8699138760566711,-0.886041271686554
3,DiscNRX,trig,402,0,1,0,0,nan,-0.908560574054718,-0.886041271686554
3,DiscNRX,trig,403,0,1,0,1,24.992499999825668,-0.8175391554832458,-0.886041271686554
3,DiscNRX,trig,404,0,1,0,1,24.455899999793473,-0.8509973883628845,-0.886041271686554
3,DiscNRX,trig,405,0,1,0,0,nan,-0.9000816941261292,-0.886041271686554
3,DiscNRX,trig,406,0,1,0,1,21.159500000067055,-0.8704022169113159,-0.886041271686554
3,DiscNRX,trig,407,0,1,0,1,24.96930000006614,-0.8491401076316833,-0.886041271686554
3,DiscNRX,trig,408,0,1,0,0,nan,-0.8988367915153503,-0.886041271686554
3,DiscNRX,trig,409,0,1,0,1,32.29959999998755,-0.8715218305587769,-0.886041271686554
3,DiscNRX,trig,410,0,1,0,1,28.626299999814364,-0.8683518767356873,-0.886041271686554
3,DiscNRX,trig,411,0,1,0,1,26.298100000076374,-0.8663564324378967,-0.886041271686554
3,DiscNRX,trig,412,0,1,0,0,nan,-0.8938273191452026,-0.886041271686554
3,DiscNRX,trig,413,0,1,0,1,25.627100000292558,-0.8719884157180786,-0.886041271686554
3,DiscNRX,trig,414,0,1,0,1,27.128499999889755,-0.8535221219062805,-0.886041271686554
3,DiscNRX,trig,415,0,1,0,1,25.436000000354397,-0.8777328729629517,-0.886041271686554
3,DiscNRX,trig,416,0,1,0,0,nan,-0.8956915140151978,-0.886041271686554
3,DiscNRX,trig,417,0,1,0,1,25.80889999990177,-0.8249478340148926,-0.886041271686554
3,DiscNRX,trig,418,0,1,0,0,nan,-0.9026253819465637,-0.886041271686554
3,DiscNRX,trig,419,0,1,0,1,27.703499999915948,-0.8683393001556396,-0.886041271686554
3,DiscNRX,trig,420,0,1,0,0,nan,-0.9039580821990967,-0.886041271686554
3,DiscNRX,trig,421,0,1,0,1,34.51450000011391,-0.8839200139045715,-0.886041271686554
3,DiscNRX,trig,422,0,1,0,1,25.902100000166683,-0.8750205039978027,-0.886041271686554
3,DiscNRX,trig,423,0,1,0,1,34.851099999741564,-0.8775156736373901,-0.886041271686554
3,DiscNRX,trig,424,0,1,0,0,nan,-0.9001883864402771,-0.886041271686554
3,DiscNRX,trig,425,0,1,0,1,20.900799999708397,-0.8519303798675537,-0.886041271686554
3,DiscNRX,trig,426,0,1,0,1,20.931500000187953,-0.867760181427002,-0.886041271686554
3,DiscNRX,trig,427,0,1,0,1,23.666699999921548,-0.8242519497871399,-0.886041271686554
3,DiscNRX,trig,428,0,1,0,0,nan,-0.8985326886177063,-0.886041271686554
3,DiscNRX,trig,429,0,1,0,0,nan,-0.9028959274291992,-0.886041271686554
3,DiscNRX,trig,430,0,1,0,1,21.58319999989544,-0.8803675770759583,-0.886041271686554
3,DiscNRX,trig,431,0,1,0,1,21.394899999904737,-0.7958592176437378,-0.886041271686554
3,DiscNRX,trig,432,0,1,0,0,nan,-0.8900190591812134,-0.886041271686554
3,DiscNRX,trig,433,0,1,0,1,23.575000000164437,-0.8628025054931641,-0.886041271686554
3,DiscNRX,trig,434,0,1,0,0,nan,-0.9042564034461975,-0.886041271686554
3,DiscNRX,trig,435,0,1,0,1,23.467900000014197,-0.8436920046806335,-0.886041271686554
3,DiscNRX,trig,436,0,1,0,1,24.220599999807746,-0.8669493794441223,-0.886041271686554
3,DiscNRX,trig,437,0,1,0,1,23.519800000030955,-0.8677607178688049,-0.886041271686554
3,DiscNRX,trig,438,0,1,0,1,22.05450000019482,-0.8171820044517517,-0.886041271686554
3,DiscNRX,trig,439,0,1,0,0,nan,-0.9054850339889526,-0.886041271686554
3,DiscNRX,trig,440,0,1,0,0,nan,-0.8907164335250854,-0.886041271686554
3,DiscNRX,trig,441,0,1,0,0,nan,-0.904597282409668,-0.886041271686554
3,DiscNRX,trig,442,0,1,0,1,22.18460000040068,-0.8676801919937134,-0.886041271686554
3,DiscNRX,trig,443,0,1,0,0,nan,-0.9069656133651733,-0.886041271686554
3,DiscNRX,trig,444,0,1,0,0,nan,-0.8922045826911926,-0.886041271686554
3,DiscNRX,trig,445,0,1,0,1,26.135600000088743,-0.8820693492889404,-0.886041271686554
3,DiscNRX,trig,446,0,1,0,1,25.34800000012183,-0.865939736366272,-0.886041271686554
3,DiscNRX,trig,447,0,1,0,1,26.75390000013067,-0.8637004494667053,-0.886041271686554
3,DiscNRX,trig,448,0,1,0,0,nan,-0.8942000269889832,-0.886041271686554
3,DiscNRX,trig,449,0,1,0,1,24.477699999806646,-0.8127008676528931,-0.886041271686554
3,DiscNRX,trig,450,0,1,0,1,25.95640000026833,-0.8788830041885376,-0.886041271686554
3,DiscNRX,trig,451,0,1,0,0,nan,-0.8888493776321411,-0.886041271686554
3,DiscNRX,trig,452,0,1,0,1,26.813299999957962,-0.8497107028961182,-0.886041271686554
3,DiscNRX,trig,453,0,1,0,0,nan,-0.8916307687759399,-0.886041271686554
3,DiscNRX,trig,454,0,1,0,1,20.57699999977558,-0.8700003623962402,-0.886041271686554
3,DiscNRX,trig,455,0,1,0,1,20.49399999987145,-0.8291452527046204,-0.886041271686554
3,DiscNRX,trig,456,0,1,0,1,22.35259999997652,-0.8311358690261841,-0.886041271686554
3,DiscNRX,trig,457,0,1,0,1,23.434199999883276,-0.7582980394363403,-0.886041271686554
3,DiscNRX,trig,458,0,1,0,1,23.386700000173732,-0.877004086971283,-0.886041271686554
3,DiscNRX,trig,459,0,1,0,0,nan,-0.8864368796348572,-0.886041271686554
3,DiscNRX,trig,460,0,1,0,1,26.889099999607424,-0.8768572807312012,-0.886041271686554
3,DiscNRX,trig,461,0,1,0,0,nan,-0.8920143842697144,-0.886041271686554
3,DiscNRX,trig,462,0,1,0,1,32.51849999969636,-0.8698177933692932,-0.886041271686554
3,DiscNRX,trig,463,0,1,0,0,nan,-0.9068924188613892,-0.886041271686554
3,DiscNRX,trig,464,0,1,0,1,39.15690000030736,-0.8167322278022766,-0.886041271686554
3,DiscNRX,trig,465,0,1,0,0,nan,-0.8947089910507202,-0.886041271686554
3,DiscNRX,trig,466,0,1,0,0,nan,-0.8993736505508423,-0.886041271686554
3,DiscNRX,trig,467,0,1,0,0,nan,-0.8937086462974548,-0.886041271686554
3,DiscNRX,trig,468,0,1,0,1,22.156100000302104,-0.879414439201355,-0.886041271686554
3,DiscNRX,trig,469,0,1,0,0,nan,-0.9036378860473633,-0.886041271686554
3,DiscNRX,trig,470,0,1,0,1,29.568400000243855,-0.7876895070075989,-0.886041271686554
3,DiscNRX,trig,471,0,1,0,0,nan,-0.9140259623527527,-0.886041271686554
3,DiscNRX,trig,472,0,1,0,1,25.51850000008926,-0.8222130537033081,-0.886041271686554
3,DiscNRX,trig,473,0,1,0,1,26.709700000083103,-0.8459708094596863,-0.886041271686554
3,DiscNRX,trig,474,0,1,0,0,nan,-0.9002132415771484,-0.886041271686554
3,DiscNRX,trig,475,0,1,0,1,21.967700000004697,-0.8126934766769409,-0.886041271686554
3,DiscNRX,trig,476,0,1,0,0,nan,-0.9073075652122498,-0.886041271686554
3,DiscNRX,trig,477,0,1,0,1,19.877199999882578,-0.8650708198547363,-0.886041271686554
3,DiscNRX,trig,478,0,1,0,0,nan,-0.9141135811805725,-0.886041271686554
3,DiscNRX,trig,479,0,1,0,0,nan,-0.9039535522460938,-0.886041271686554
3,DiscNRX,trig,480,0,1,0,0,nan,-0.903186559677124,-0.886041271686554
3,DiscNRX,trig,481,0,1,0,1,23.68160000014541,-0.865679144859314,-0.886041271686554
3,DiscNRX,trig,482,0,1,0,1,24.20540000002802,-0.859449565410614,-0.886041271686554
3,DiscNRX,trig,483,0,1,0,1,25.333800000225892,-0.8535301089286804,-0.886041271686554
3,DiscNRX,trig,484,0,1,0,1,28.93499999981941,-0.8837472796440125,-0.886041271686554
3,DiscNRX,trig,485,0,1,0,0,nan,-0.8925182819366455,-0.886041271686554
3,DiscNRX,trig,486,0,1,0,0,nan,-0.9073727130889893,-0.886041271686554
3,DiscNRX,trig,487,0,1,0,1,30.027199999949516,-0.7267102599143982,-0.886041271686554
3,DiscNRX,trig,488,0,1,0,1,26.94759999985763,-0.8778889775276184,-0.886041271686554
3,DiscNRX,trig,489,0,1,0,0,nan,-0.9059846997261047,-0.886041271686554
3,DiscNRX,trig,490,0,1,0,0,nan,-0.903538703918457,-0.886041271686554
3,DiscNRX,trig,491,0,1,0,0,nan,-0.9026837348937988,-0.886041271686554
3,DiscNRX,trig,492,0,1,0,1,36.32270000025528,-0.8664107918739319,-0.886041271686554
3,DiscNRX,trig,493,0,1,0,1,35.07510000008551,-0.7762289047241211,-0.886041271686554
3,DiscNRX,trig,494,0,1,0,0,nan,-0.8878690600395203,-0.886041271686554
3,DiscNRX,trig,495,0,1,0,1,32.014299999900686,-0.827520489692688,-0.886041271686554
3,DiscNRX,trig,496,0,1,0,1,25.661199999831297,-0.8792256712913513,-0.886041271686554
3,DiscNRX,trig,497,0,1,0,1,24.658799999997427,-0.8563680648803711,-0.886041271686554
3,DiscNRX,trig,498,0,1,0,1,35.48300000011295,-0.8468040227890015,-0.886041271686554
3,DiscNRX,trig,499,0,1,0,0,nan,-0.8892890214920044,-0.886041271686554
3,DiscNRX,trig,500,0,1,0,1,21.656099999745493,-0.8729950785636902,-0.886041271686554
3,DiscNRX,trig,501,0,1,0,0,nan,-0.9009478688240051,-0.886041271686554
3,DiscNRX,trig,502,0,1,0,1,24.543800000174087,-0.789094090461731,-0.886041271686554
3,DiscNRX,trig,503,0,1,0,0,nan,-0.8997865915298462,-0.886041271686554
3,DiscNRX,trig,504,0,1,0,1,26.01570000024367,-0.8827803730964661,-0.886041271686554
3,DiscNRX,trig,505,0,1,0,1,22.014099999978498,-0.8750484585762024,-0.886041271686554
3,DiscNRX,trig,506,0,1,0,1,20.407100000284117,-0.8706740140914917,-0.886041271686554
3,DiscNRX,trig,507,0,1,0,0,nan,-0.8920047283172607,-0.886041271686554
3,DiscNRX,trig,508,0,1,0,1,23.01709999983359,-0.8816896677017212,-0.886041271686554
3,DiscNRX,trig,509,0,1,0,0,nan,-0.8982495665550232,-0.886041271686554
3,DiscNRX,trig,510,0,1,0,0,nan,-0.8957130312919617,-0.886041271686554
3,DiscNRX,trig,511,0,1,0,0,nan,-0.8902512788772583,-0.886041271686554
3,DiscNRX,trig,512,0,1,0,1,24.867299999641546,-0.8391926288604736,-0.886041271686554
3,DiscNRX,trig,513,0,1,0,1,25.113799999871844,-0.7870385646820068,-0.886041271686554
3,DiscNRX,trig,514,0,1,0,0,nan,-0.9100362658500671,-0.886041271686554
3,DiscNRX,trig,515,0,1,0,1,31.44879999990735,-0.8795003890991211,-0.886041271686554
3,DiscNRX,trig,516,0,1,0,0,nan,-0.8883167505264282,-0.886041271686554
3,DiscNRX,trig,517,0,1,0,1,27.50549999973373,-0.8213307857513428,-0.886041271686554
3,DiscNRX,trig,518,0,1,0,0,nan,-0.896233320236206,-0.886041271686554
3,DiscNRX,trig,519,0,1,0,1,23.43940000037037,-0.7690673470497131,-0.886041271686554
3,DiscNRX,trig,520,0,1,0,0,nan,-0.8990080952644348,-0.886041271686554
3,DiscNRX,trig,521,0,1,0,1,26.77110000013272,-0.8471757173538208,-0.886041271686554
3,DiscNRX,trig,522,0,1,0,1,25.55720000009387,-0.8743804097175598,-0.886041271686554
3,DiscNRX,trig,523,0,1,0,0,nan,-0.9042915105819702,-0.886041271686554
3,DiscNRX,trig,524,0,1,0,1,30.470400000012887,-0.8842950463294983,-0.886041271686554
3,DiscNRX,trig,525,0,1,0,0,nan,-0.9083639979362488,-0.886041271686554
3,DiscNRX,trig,526,0,1,0,1,24.322100000063074,-0.8222699761390686,-0.886041271686554
3,DiscNRX,trig,527,0,1,0,1,19.346200000200042,-0.8237698078155518,-0.886041271686554
3,DiscNRX,trig,528,0,1,0,1,22.93089999966469,-0.8614388108253479,-0.886041271686554
3,DiscNRX,trig,529,0,1,0,1,23.807200000192097,-0.8604280352592468,-0.886041271686554
3,DiscNRX,trig,530,0,1,0,0,nan,-0.9032025933265686,-0.886041271686554
3,DiscNRX,trig,531,0,1,0,1,20.758399999976973,-0.841803252696991,-0.886041271686554
3,DiscNRX,trig,532,0,1,0,1,21.619200000259298,-0.8212760090827942,-0.886041271686554
3,DiscNRX,trig,533,0,1,0,0,nan,-0.8895370960235596,-0.886041271686554
3,DiscNRX,trig,534,0,1,0,0,nan,-0.9164776802062988,-0.886041271686554
3,DiscNRX,trig,535,0,1,0,0,nan,-0.9070302248001099,-0.886041271686554
3,DiscNRX,trig,536,0,1,0,1,23.375100000066595,-0.8622807264328003,-0.886041271686554
3,DiscNRX,trig,537,0,1,0,1,24.711000000024796,-0.7563095688819885,-0.886041271686554
3,DiscNRX,trig,538,0,1,0,1,20.455399999718793,-0.8758229613304138,-0.886041271686554
3,DiscNRX,trig,539,0,1,0,0,nan,-0.8878250122070312,-0.886041271686554
3,DiscNRX,trig,540,0,1,0,1,24.514600000202336,-0.8543144464492798,-0.886041271686554
3,DiscNRX,trig,541,0,1,0,1,23.88969999992696,-0.8770373463630676,-0.886041271686554
3,DiscNRX,trig,542,0,1,0,1,22.207500000149594,-0.8457855582237244,-0.886041271686554
3,DiscNRX,trig,543,0,1,0,0,nan,-0.8921256065368652,-0.886041271686554
3,DiscNRX,trig,544,0,1,0,1,23.208900000099675,-0.8009462952613831,-0.886041271686554
3,DiscNRX,trig,545,0,1,0,1,23.984200000086275,-0.8649963736534119,-0.886041271686554
3,DiscNRX,trig,546,0,1,0,0,nan,-0.8949515223503113,-0.886041271686554
3,DiscNRX,trig,547,0,1,0,0,nan,-0.8917510509490967,-0.886041271686554
3,DiscNRX,trig,548,0,1,0,1,33.28479999981937,-0.868553102016449,-0.886041271686554
3,DiscNRX,trig,549,0,1,0,1,32.52859999975044,-0.8580010533332825,-0.886041271686554
3,DiscNRX,trig,550,0,1,0,1,26.298899999801506,-0.8280060291290283,-0.886041271686554
3,DiscNRX,trig,551,0,1,0,1,22.586800000226503,-0.810957670211792,-0.886041271686554
3,DiscNRX,trig,552,0,1,0,0,nan,-0.8988696336746216,-0.886041271686554
3,DiscNRX,trig,553,0,1,0,1,23.495599999932892,-0.7721665501594543,-0.886041271686554
3,DiscNRX,trig,554,0,1,0,1,21.995399999923393,-0.8071503043174744,-0.886041271686554
3,DiscNRX,trig,555,0,1,0,1,25.711199999932433,-0.8514520525932312,-0.886041271686554
3,DiscNRX,trig,556,0,1,0,1,23.564799999803654,-0.8563792705535889,-0.886041271686554
3,DiscNRX,trig,557,0,1,0,0,nan,-0.8980770707130432,-0.886041271686554
3,DiscNRX,trig,558,0,1,0,0,nan,-0.8879603147506714,-0.886041271686554
3,DiscNRX,trig,559,0,1,0,0,nan,-0.8884079456329346,-0.886041271686554
3,DiscNRX,trig,560,0,1,0,1,28.534799999761162,-0.8530404567718506,-0.886041271686554
3,DiscNRX,trig,561,0,1,0,1,22.814399999788293,-0.8483383059501648,-0.886041271686554
3,DiscNRX,trig,562,0,1,0,1,34.10740000026635,-0.8846525549888611,-0.886041271686554
3,DiscNRX,trig,563,0,1,0,0,nan,-0.8998920917510986,-0.886041271686554
3,DiscNRX,trig,564,0,1,0,0,nan,-0.8860487341880798,-0.886041271686554
3,DiscNRX,trig,565,0,1,0,1,33.338699999603705,-0.8786641359329224,-0.886041271686554
3,DiscNRX,trig,566,0,1,0,1,26.333599999816215,-0.8124294877052307,-0.886041271686554
3,DiscNRX,trig,567,0,1,0,1,28.760300000158168,-0.8142008185386658,-0.886041271686554
3,DiscNRX,trig,568,0,1,0,0,nan,-0.8949258327484131,-0.886041271686554
3,DiscNRX,trig,569,0,1,0,0,nan,-0.9010906219482422,-0.886041271686554
3,DiscNRX,trig,570,0,1,0,0,nan,-0.8932702541351318,-0.886041271686554
3,DiscNRX,trig,571,0,1,0,1,29.3642000001455,-0.8441792726516724,-0.886041271686554
3,DiscNRX,trig,572,0,1,0,0,nan,-0.8892400860786438,-0.886041271686554
3,DiscNRX,trig,573,0,1,0,1,28.756899999734742,-0.8844819664955139,-0.886041271686554
3,DiscNRX,trig,574,0,1,0,1,37.343999999848165,-0.8230787515640259,-0.886041271686554
3,DiscNRX,trig,575,0,1,0,1,22.67310000024736,-0.8836426138877869,-0.886041271686554
3,DiscNRX,trig,576,0,1,0,1,22.146799999973155,-0.8290599584579468,-0.886041271686554
3,DiscNRX,trig,577,0,1,0,1,22.518200000376964,-0.8723071813583374,-0.886041271686554
3,DiscNRX,trig,578,0,1,0,1,24.063899999873684,-0.8675376772880554,-0.886041271686554
3,DiscNRX,trig,579,0,1,0,0,nan,-0.8994962573051453,-0.886041271686554
3,DiscNRX,trig,580,0,1,0,1,23.343800000020565,-0.8607285022735596,-0.886041271686554
3,DiscNRX,trig,581,0,1,0,0,nan,-0.889657199382782,-0.886041271686554
3,DiscNRX,trig,582,0,1,0,0,nan,-0.8912463188171387,-0.886041271686554
3,DiscNRX,trig,583,0,1,0,1,26.207899999917572,-0.8613213300704956,-0.886041271686554
3,DiscNRX,trig,584,0,1,0,0,nan,-0.8921906352043152,-0.886041271686554
3,DiscNRX,trig,585,0,1,0,1,27.504700000008597,-0.8783447742462158,-0.886041271686554
3,DiscNRX,trig,586,0,1,0,0,nan,-0.8992042541503906,-0.886041271686554
3,DiscNRX,trig,587,0,1,0,1,30.979799999840907,-0.8812263011932373,-0.886041271686554
3,DiscNRX,trig,588,0,1,0,1,33.54399999989255,-0.7825015187263489,-0.886041271686554
3,DiscNRX,trig,589,0,1,0,1,33.532500000092114,-0.8626784086227417,-0.886041271686554
3,DiscNRX,trig,590,0,1,0,0,nan,-0.8949081897735596,-0.886041271686554
3,DiscNRX,trig,591,0,1,0,1,30.296600000383478,-0.8737870454788208,-0.886041271686554
3,DiscNRX,trig,592,0,1,0,1,30.770900000334223,-0.874005913734436,-0.886041271686554
3,DiscNRX,trig,593,0,1,0,1,34.92559999995137,-0.8711700439453125,-0.886041271686554
3,DiscNRX,trig,594,0,1,0,1,37.95929999978398,-0.8821989297866821,-0.886041271686554
3,DiscNRX,trig,595,0,1,0,1,29.033000000254106,-0.8412102460861206,-0.886041271686554
3,DiscNRX,trig,596,0,1,0,1,31.226100000367296,-0.8470611572265625,-0.886041271686554
3,DiscNRX,trig,597,0,1,0,1,24.41579999958776,-0.8757835626602173,-0.886041271686554
3,DiscNRX,trig,598,0,1,0,1,21.00479999990057,-0.7707036137580872,-0.886041271686554
3,DiscNRX,trig,599,0,1,0,0,nan,-0.9082300066947937,-0.886041271686554
3,DiscNRX,trig,600,0,1,0,1,23.270700000011857,-0.8457772731781006,-0.886041271686554
3,DiscNRX,trig,601,0,1,0,1,23.344499999893742,-0.8807913064956665,-0.886041271686554
3,DiscNRX,trig,602,0,1,0,0,nan,-0.9004150032997131,-0.886041271686554
3,DiscNRX,trig,603,0,1,0,1,20.362799999929848,-0.883693516254425,-0.886041271686554
3,DiscNRX,trig,604,0,1,0,0,nan,-0.8952004909515381,-0.886041271686554
3,DiscNRX,trig,605,0,1,0,1,32.741600000008475,-0.8780502676963806,-0.886041271686554
3,DiscNRX,trig,606,0,1,0,1,27.206800000385556,-0.8664583563804626,-0.886041271686554
3,DiscNRX,trig,607,0,1,0,0,nan,-0.9011807441711426,-0.886041271686554
3,DiscNRX,trig,608,0,1,0,1,27.88220000002184,-0.868520975112915,-0.886041271686554
3,DiscNRX,trig,609,0,1,0,1,27.184999999917636,-0.840512216091156,-0.886041271686554
3,DiscNRX,trig,610,0,1,0,0,nan,-0.8981409668922424,-0.886041271686554
3,DiscNRX,trig,611,0,1,0,0,nan,-0.888224184513092,-0.886041271686554
3,DiscNRX,trig,612,0,1,0,0,nan,-0.8933939337730408,-0.886041271686554
3,DiscNRX,trig,613,0,1,0,1,21.044499999788968,-0.8119778037071228,-0.886041271686554
3,DiscNRX,trig,614,0,1,0,1,24.612700000034238,-0.831903874874115,-0.886041271686554
3,DiscNRX,trig,615,0,1,0,1,27.251299999988987,-0.8728306889533997,-0.886041271686554
3,DiscNRX,trig,616,0,1,0,0,nan,-0.8928854465484619,-0.886041271686554
3,DiscNRX,trig,617,0,1,0,1,30.467699999917386,-0.8633274435997009,-0.886041271686554
3,DiscNRX,trig,618,0,1,0,1,39.190399999824876,-0.7661545276641846,-0.886041271686554
3,DiscNRX,trig,619,0,1,0,1,31.114200000047276,-0.8806126117706299,-0.886041271686554
3,DiscNRX,trig,620,0,1,0,1,23.56899999995221,-0.8849921226501465,-0.886041271686554
3,DiscNRX,trig,621,0,1,0,0,nan,-0.887468695640564,-0.886041271686554
3,DiscNRX,trig,622,0,1,0,1,22.51090000027034,-0.8817083835601807,-0.886041271686554
3,DiscNRX,trig,623,0,1,0,1,23.0597999998281,-0.8857750296592712,-0.886041271686554
3,DiscNRX,trig,624,0,1,0,0,nan,-0.8878685235977173,-0.886041271686554
3,DiscNRX,trig,625,0,1,0,1,24.274399999740126,-0.8315266370773315,-0.886041271686554
3,DiscNRX,trig,626,0,1,0,1,23.553500000161876,-0.883612334728241,-0.886041271686554
3,DiscNRX,trig,627,0,1,0,1,21.284700000251178,-0.7914331555366516,-0.886041271686554
3,DiscNRX,trig,628,0,1,0,1,29.76170000010825,-0.8675459623336792,-0.886041271686554
3,DiscNRX,trig,629,0,1,0,0,nan,-0.89667147397995,-0.886041271686554
3,DiscNRX,trig,630,0,1,0,1,31.741999999667314,-0.8774101138114929,-0.886041271686554
3,DiscNRX,trig,631,0,1,0,0,nan,-0.8887335658073425,-0.886041271686554
3,DiscNRX,trig,632,0,1,0,1,28.443700000025274,-0.8680540323257446,-0.886041271686554
3,DiscNRX,trig,633,0,1,0,1,25.670199999694887,-0.8737237453460693,-0.886041271686554
3,DiscNRX,trig,634,0,1,0,0,nan,-0.8943111896514893,-0.886041271686554
3,DiscNRX,trig,635,0,1,0,1,26.29720000004454,-0.8597614169120789,-0.886041271686554
3,DiscNRX,trig,636,0,1,0,1,26.530900000125257,-0.8744449615478516,-0.886041271686554
3,DiscNRX,trig,637,0,1,0,1,24.230600000009872,-0.8850664496421814,-0.886041271686554
3,DiscNRX,trig,638,0,1,0,1,24.210799999764276,-0.8828657269477844,-0.886041271686554
3,DiscNRX,trig,639,0,1,0,1,24.719200000163255,-0.8653069734573364,-0.886041271686554
3,DiscNRX,trig,640,0,1,0,1,24.025499999879685,-0.8812317252159119,-0.886041271686554
3,DiscNRX,trig,641,0,1,0,1,23.050900000271213,-0.7734434008598328,-0.886041271686554
3,DiscNRX,trig,642,0,1,0,1,31.75199999986944,-0.7887758612632751,-0.886041271686554
3,DiscNRX,trig,643,0,1,0,1,26.550999999926717,-0.8356099128723145,-0.886041271686554
3,DiscNRX,trig,644,0,1,0,1,22.701599999891187,-0.8437311053276062,-0.886041271686554
3,DiscNRX,trig,645,0,1,0,1,24.72619999980452,-0.8747206926345825,-0.886041271686554
3,DiscNRX,trig,646,0,1,0,1,21.17469999984678,-0.8703932166099548,-0.886041271686554
3,DiscNRX,trig,647,0,1,0,0,nan,-0.8970405459403992,-0.886041271686554
3,DiscNRX,trig,648,0,1,0,1,25.13470000030793,-0.8677470088005066,-0.886041271686554
3,DiscNRX,trig,649,0,1,0,1,27.265600000191625,-0.7536920309066772,-0.886041271686554
3,DiscNRX,trig,650,0,1,0,0,nan,-0.8929791450500488,-0.886041271686554
3,DiscNRX,trig,651,0,1,0,1,21.785499999623426,-0.877348780632019,-0.886041271686554
3,DiscNRX,trig,652,0,1,0,0,nan,-0.9078021049499512,-0.886041271686554
3,DiscNRX,trig,653,0,1,0,1,28.18310000020574,-0.8076496720314026,-0.886041271686554
3,DiscNRX,trig,654,0,1,0,1,31.24660000003132,-0.8754355907440186,-0.886041271686554
3,DiscNRX,trig,655,0,1,0,1,26.114499999948748,-0.8470426797866821,-0.886041271686554
3,DiscNRX,trig,656,0,1,0,1,26.36849999998958,-0.8160519003868103,-0.886041271686554
3,DiscNRX,trig,657,0,1,0,1,24.482699999680335,-0.8659325242042542,-0.886041271686554
3,DiscNRX,trig,658,0,1,0,0,nan,-0.9083409309387207,-0.886041271686554
3,DiscNRX,trig,659,0,1,0,0,nan,-0.903903603553772,-0.886041271686554
3,DiscNRX,trig,660,0,1,0,1,27.54529999992883,-0.8709532022476196,-0.886041271686554
3,DiscNRX,trig,661,0,1,0,0,nan,-0.8874160051345825,-0.886041271686554
3,DiscNRX,trig,662,0,1,0,0,nan,-0.8972647190093994,-0.886041271686554
3,DiscNRX,trig,663,0,1,0,1,22.85840000013195,-0.8815279603004456,-0.886041271686554
3,DiscNRX,trig,664,0,1,0,0,nan,-0.908412754535675,-0.886041271686554
3,DiscNRX,trig,665,0,1,0,0,nan,-0.8977473378181458,-0.886041271686554
3,DiscNRX,trig,666,0,1,0,0,nan,-0.894806981086731,-0.886041271686554
3,DiscNRX,trig,667,0,1,0,0,nan,-0.8903202414512634,-0.886041271686554
3,DiscNRX,trig,668,0,1,0,0,nan,-0.9105687141418457,-0.886041271686554
3,DiscNRX,trig,669,0,1,0,0,nan,-0.9021849632263184,-0.886041271686554
3,DiscNRX,trig,670,0,1,0,0,nan,-0.8939713835716248,-0.886041271686554
3,DiscNRX,trig,671,0,1,0,0,nan,-0.9057382941246033,-0.886041271686554
3,DiscNRX,trig,672,0,1,0,1,25.068200000077923,-0.8597661256790161,-0.886041271686554
3,DiscNRX,trig,673,0,1,0,1,23.160099999586237,-0.7782915234565735,-0.886041271686554
3,DiscNRX,trig,674,0,1,0,1,24.605999999948835,-0.8420009613037109,-0.886041271686554
3,DiscNRX,trig,675,0,1,0,1,23.110799999813025,-0.8157696723937988,-0.886041271686554
3,DiscNRX,trig,676,0,1,0,0,nan,-0.8897226452827454,-0.886041271686554
3,DiscNRX,trig,677,0,1,0,0,nan,-0.8968904614448547,-0.886041271686554
3,DiscNRX,trig,678,0,1,0,1,24.468500000239146,-0.8791268467903137,-0.886041271686554
3,DiscNRX,trig,679,0,1,0,1,28.961699999854318,-0.8349338173866272,-0.886041271686554
3,DiscNRX,trig,680,0,1,0,0,nan,-0.8946259021759033,-0.886041271686554
3,DiscNRX,trig,681,0,1,0,1,26.841099999728613,-0.861939549446106,-0.886041271686554
3,DiscNRX,trig,682,0,1,0,1,29.01469999960682,-0.8683992028236389,-0.886041271686554
3,DiscNRX,trig,683,0,1,0,1,32.17339999991964,-0.8751448392868042,-0.886041271686554
3,DiscNRX,trig,684,0,1,0,0,nan,-0.8979136943817139,-0.886041271686554
3,DiscNRX,trig,685,0,1,0,1,31.048700000155804,-0.8527586460113525,-0.886041271686554
3,DiscNRX,trig,686,0,1,0,1,30.526600000030157,-0.8411799669265747,-0.886041271686554
3,DiscNRX,trig,687,0,1,0,1,27.38180000005741,-0.8854773044586182,-0.886041271686554
3,DiscNRX,trig,688,0,1,0,1,27.332600000136154,-0.885312020778656,-0.886041271686554
3,DiscNRX,trig,689,0,1,0,1,23.437899999862566,-0.8755084872245789,-0.886041271686554
3,DiscNRX,trig,690,0,1,0,0,nan,-0.8975403904914856,-0.886041271686554
3,DiscNRX,trig,691,0,1,0,1,22.206399999959103,-0.8102749586105347,-0.886041271686554
3,DiscNRX,trig,692,0,1,0,1,23.17059999995763,-0.831568717956543,-0.886041271686554
3,DiscNRX,trig,693,0,1,0,1,23.367100000086793,-0.8722368478775024,-0.886041271686554
3,DiscNRX,trig,694,0,1,0,0,nan,-0.8942586183547974,-0.886041271686554
3,DiscNRX,trig,695,0,1,0,0,nan,-0.898797333240509,-0.886041271686554
3,DiscNRX,trig,696,0,1,0,1,20.401499999934458,-0.8722997307777405,-0.886041271686554
3,DiscNRX,trig,697,0,1,0,0,nan,-0.9078813791275024,-0.886041271686554
3,DiscNRX,trig,698,0,1,0,1,19.464500000140106,-0.844388484954834,-0.886041271686554
3,DiscNRX,trig,699,0,1,0,0,nan,-0.9000729322433472,-0.886041271686554
3,DiscNRX,trig,700,0,1,0,1,23.331800000050862,-0.8736220598220825,-0.886041271686554
3,DiscNRX,trig,701,0,1,0,1,17.801299999973708,-0.8248454332351685,-0.886041271686554
3,DiscNRX,trig,702,0,1,0,1,23.055999999996857,-0.8160896301269531,-0.886041271686554
3,DiscNRX,trig,703,0,1,0,0,nan,-0.8917436003684998,-0.886041271686554
3,DiscNRX,trig,704,0,1,0,1,22.38549999992756,-0.873461127281189,-0.886041271686554
3,DiscNRX,trig,705,0,1,0,1,22.877500000049622,-0.8710184097290039,-0.886041271686554
3,DiscNRX,trig,706,0,1,0,0,nan,-0.8974187970161438,-0.886041271686554
3,DiscNRX,trig,707,0,1,0,0,nan,-0.8983386158943176,-0.886041271686554
3,DiscNRX,trig,708,0,1,0,0,nan,-0.9010085463523865,-0.886041271686554
3,DiscNRX,trig,709,0,1,0,0,nan,-0.8998782634735107,-0.886041271686554
3,DiscNRX,trig,710,0,1,0,1,23.72570000034102,-0.8733124136924744,-0.886041271686554
3,DiscNRX,trig,711,0,1,0,0,nan,-0.9048281311988831,-0.886041271686554
3,DiscNRX,trig,712,0,1,0,1,29.51309999980367,-0.8762323260307312,-0.886041271686554
3,DiscNRX,trig,713,0,1,0,0,nan,-0.8996462821960449,-0.886041271686554
3,DiscNRX,trig,714,0,1,0,1,27.897000000393746,-0.826063334941864,-0.886041271686554
3,DiscNRX,trig,715,0,1,0,1,26.59929999981614,-0.8852758407592773,-0.886041271686554
3,DiscNRX,trig,716,0,1,0,1,30.827799999769923,-0.8758800625801086,-0.886041271686554
3,DiscNRX,trig,717,0,1,0,1,23.869699999977456,-0.8265029191970825,-0.886041271686554
3,DiscNRX,trig,718,0,1,0,1,29.41080000027796,-0.8824556469917297,-0.886041271686554
3,DiscNRX,trig,719,0,1,0,0,nan,-0.8909305930137634,-0.886041271686554
3,DiscNRX,trig,720,0,1,0,1,29.451200000039535,-0.8638527989387512,-0.886041271686554
3,DiscNRX,trig,721,0,1,0,0,nan,-0.9047476053237915,-0.886041271686554
3,DiscNRX,trig,722,0,1,0,0,nan,-0.9107000827789307,-0.886041271686554
3,DiscNRX,trig,723,0,1,0,0,nan,-0.8932427167892456,-0.886041271686554
3,DiscNRX,trig,724,0,1,0,1,26.249099999859027,-0.8765431642532349,-0.886041271686554
3,DiscNRX,trig,725,0,1,0,1,23.845100000016828,-0.8855667114257812,-0.886041271686554
3,DiscNRX,trig,726,0,1,0,1,23.501699999997072,-0.8741523027420044,-0.886041271686554
3,DiscNRX,trig,727,0,1,0,1,21.049399999810703,-0.8587391972541809,-0.886041271686554
3,DiscNRX,trig,728,0,1,0,0,nan,-0.8963382244110107,-0.886041271686554
3,DiscNRX,trig,729,0,1,0,0,nan,-0.8949375152587891,-0.886041271686554
3,DiscNRX,trig,730,0,1,0,1,27.954700000009325,-0.8772287368774414,-0.886041271686554
3,DiscNRX,trig,731,0,1,0,1,23.379600000225764,-0.8305389881134033,-0.886041271686554
3,DiscNRX,trig,732,0,1,0,0,nan,-0.8971722722053528,-0.886041271686554
3,DiscNRX,trig,733,0,1,0,0,nan,-0.8878888487815857,-0.886041271686554
3,DiscNRX,trig,734,0,1,0,0,nan,-0.9046550989151001,-0.886041271686554
3,DiscNRX,trig,735,0,1,0,0,nan,-0.8881269693374634,-0.886041271686554
3,DiscNRX,trig,736,0,1,0,0,nan,-0.9130842685699463,-0.886041271686554
3,DiscNRX,trig,737,0,1,0,1,22.21300000019255,-0.8857719302177429,-0.886041271686554
3,DiscNRX,trig,738,0,1,0,1,22.56919999990714,-0.8828157782554626,-0.886041271686554
3,DiscNRX,trig,739,0,1,0,0,nan,-0.8885397911071777,-0.886041271686554
3,DiscNRX,trig,740,0,1,0,1,22.133800000119663,-0.8847835063934326,-0.886041271686554
3,DiscNRX,trig,741,0,1,0,1,22.015100000317034,-0.8809258937835693,-0.886041271686554
3,DiscNRX,trig,742,0,1,0,0,nan,-0.9012444615364075,-0.886041271686554
3,DiscNRX,trig,743,0,1,0,1,23.244599999998172,-0.8730829954147339,-0.886041271686554
3,DiscNRX,trig,744,0,1,0,0,nan,-0.8950374722480774,-0.886041271686554
3,DiscNRX,trig,745,0,1,0,1,20.906400000058056,-0.8740614652633667,-0.886041271686554
3,DiscNRX,trig,746,0,1,0,0,nan,-0.9055957794189453,-0.886041271686554
3,DiscNRX,trig,747,0,1,0,0,nan,-0.9004850387573242,-0.886041271686554
3,DiscNRX,trig,748,0,1,0,0,nan,-0.8931402564048767,-0.886041271686554
3,DiscNRX,trig,749,0,1,0,0,nan,-0.8904810547828674,-0.886041271686554
3,DiscNRX,trig,750,0,1,0,0,nan,-0.8974363207817078,-0.886041271686554
3,DiscNRX,trig,751,0,1,0,1,22.366499999861844,-0.8508036732673645,-0.886041271686554
3,DiscNRX,trig,752,0,1,0,1,22.09930000026361,-0.8167641758918762,-0.886041271686554
3,DiscNRX,trig,753,0,1,0,1,20.248799999990297,-0.8074280023574829,-0.886041271686554
3,DiscNRX,trig,754,0,1,0,1,20.001800000045478,-0.8851537704467773,-0.886041271686554
3,DiscNRX,trig,755,0,1,0,0,nan,-0.8972892165184021,-0.886041271686554
3,DiscNRX,trig,756,0,1,0,1,21.374399999785965,-0.8679706454277039,-0.886041271686554
3,DiscNRX,trig,757,0,1,0,0,nan,-0.8990817070007324,-0.886041271686554
3,DiscNRX,trig,758,0,1,0,1,26.363400000263937,-0.8599435091018677,-0.886041271686554
3,DiscNRX,trig,759,0,1,0,1,21.758600000339356,-0.8830683827400208,-0.886041271686554
3,DiscNRX,trig,760,0,1,0,1,31.318000000283064,-0.7899731993675232,-0.886041271686554
3,DiscNRX,trig,761,0,1,0,0,nan,-0.8954549431800842,-0.886041271686554
3,DiscNRX,trig,762,0,1,0,1,29.404400000203168,-0.8655064702033997,-0.886041271686554
3,DiscNRX,trig,763,0,1,0,1,23.947900000166555,-0.8829777836799622,-0.886041271686554
3,DiscNRX,trig,764,0,1,0,0,nan,-0.8933940529823303,-0.886041271686554
3,DiscNRX,trig,765,0,1,0,1,27.356800000234216,-0.8195744156837463,-0.886041271686554
3,DiscNRX,trig,766,0,1,0,0,nan,-0.9029580354690552,-0.886041271686554
3,DiscNRX,trig,767,0,1,0,0,nan,-0.9005800485610962,-0.886041271686554
3,DiscNRX,trig,768,0,1,0,0,nan,-0.9045762419700623,-0.886041271686554
3,DiscNRX,trig,769,0,1,0,1,26.177799999913987,-0.8859656453132629,-0.886041271686554
3,DiscNRX,trig,770,0,1,0,0,nan,-0.8886483311653137,-0.886041271686554
3,DiscNRX,trig,771,0,1,0,0,nan,-0.89527428150177,-0.886041271686554
3,DiscNRX,trig,772,0,1,0,0,nan,-0.9037212133407593,-0.886041271686554
3,DiscNRX,trig,773,0,1,0,0,nan,-0.903229832649231,-0.886041271686554
3,DiscNRX,trig,774,0,1,0,1,24.56639999991239,-0.8679314255714417,-0.886041271686554
3,DiscNRX,trig,775,0,1,0,1,24.53940000032162,-0.8620005249977112,-0.886041271686554
3,DiscNRX,trig,776,0,1,0,0,nan,-0.9111903309822083,-0.886041271686554
3,DiscNRX,trig,777,0,1,0,0,nan,-0.8982613682746887,-0.886041271686554
3,DiscNRX,trig,778,0,1,0,0,nan,-0.9045416712760925,-0.886041271686554
3,DiscNRX,trig,779,0,1,0,0,nan,-0.8930582404136658,-0.886041271686554
3,DiscNRX,trig,780,0,1,0,0,nan,-0.902373731136322,-0.886041271686554
3,DiscNRX,trig,781,0,1,0,0,nan,-0.9021263718605042,-0.886041271686554
3,DiscNRX,trig,782,0,1,0,0,nan,-0.8860555291175842,-0.886041271686554
3,DiscNRX,trig,783,0,1,0,1,23.699800000031246,-0.8821439146995544,-0.886041271686554
3,DiscNRX,trig,784,0,1,0,0,nan,-0.8870435953140259,-0.886041271686554
3,DiscNRX,trig,785,0,1,0,1,22.7946999998494,-0.8492493033409119,-0.886041271686554
3,DiscNRX,trig,786,0,1,0,0,nan,-0.8971624374389648,-0.886041271686554
3,DiscNRX,trig,787,0,1,0,1,26.309399999718153,-0.7992891669273376,-0.886041271686554
3,DiscNRX,trig,788,0,1,0,0,nan,-0.9052844047546387,-0.886041271686554
3,DiscNRX,trig,789,0,1,0,0,nan,-0.8892833590507507,-0.886041271686554
3,DiscNRX,trig,790,0,1,0,1,28.334799999811366,-0.8709003329277039,-0.886041271686554
3,DiscNRX,trig,791,0,1,0,1,26.2668999998823,-0.8517130613327026,-0.886041271686554
3,DiscNRX,trig,792,0,1,0,0,nan,-0.8978827595710754,-0.886041271686554
3,DiscNRX,trig,793,0,1,0,1,36.07510000028924,-0.8686180114746094,-0.886041271686554
3,DiscNRX,trig,794,0,1,0,1,34.20479999977033,-0.7864602208137512,-0.886041271686554
3,DiscNRX,trig,795,0,1,0,1,27.333600000019942,-0.8797619342803955,-0.886041271686554
3,DiscNRX,trig,796,0,1,0,0,nan,-0.9000746011734009,-0.886041271686554
3,DiscNRX,trig,797,0,1,0,0,nan,-0.9020507335662842,-0.886041271686554
3,DiscNRX,trig,798,0,1,0,0,nan,-0.9046913981437683,-0.886041271686554
3,DiscNRX,trig,799,0,1,0,1,22.83820000002379,-0.8683302402496338,-0.886041271686554
3,DiscNRX,trig,800,0,1,0,1,23.746299999857,-0.8450819253921509,-0.886041271686554
3,DiscNRX,trig,801,0,1,0,0,nan,-0.9013600945472717,-0.886041271686554
3,DiscNRX,trig,802,0,1,0,0,nan,-0.8898654580116272,-0.886041271686554
3,DiscNRX,trig,803,0,1,0,1,20.196299999952316,-0.7694963216781616,-0.886041271686554
3,DiscNRX,trig,804,0,1,0,1,21.19009999978516,-0.7773762941360474,-0.886041271686554
3,DiscNRX,trig,805,0,1,0,1,24.354200000288984,-0.8815346360206604,-0.886041271686554
3,DiscNRX,trig,806,0,1,0,1,24.01929999996355,-0.8709092736244202,-0.886041271686554
3,DiscNRX,trig,807,0,1,0,1,29.90170000020953,-0.7074458599090576,-0.886041271686554
3,DiscNRX,trig,808,0,1,0,1,27.14960000002975,-0.8074971437454224,-0.886041271686554
3,DiscNRX,trig,809,0,1,0,1,35.98850000025777,-0.8691570162773132,-0.886041271686554
3,DiscNRX,trig,810,0,1,0,1,30.093399999714165,-0.7771626710891724,-0.886041271686554
3,DiscNRX,trig,811,0,1,0,1,26.434899999912886,-0.8818490505218506,-0.886041271686554
3,DiscNRX,trig,812,0,1,0,1,28.913999999986117,-0.8452293872833252,-0.886041271686554
3,DiscNRX,trig,813,0,1,0,0,nan,-0.894812285900116,-0.886041271686554
3,DiscNRX,trig,814,0,1,0,1,27.696799999830546,-0.8842270374298096,-0.886041271686554
3,DiscNRX,trig,815,0,1,0,1,27.69510000007358,-0.8810360431671143,-0.886041271686554
3,DiscNRX,trig,816,0,1,0,1,22.962099999858765,-0.8714725971221924,-0.886041271686554
3,DiscNRX,trig,817,0,1,0,1,44.13890000023457,-0.8650216460227966,-0.886041271686554
3,DiscNRX,trig,818,0,1,0,1,25.349500000174885,-0.8352754712104797,-0.886041271686554
3,DiscNRX,trig,819,0,1,0,1,22.67729999994117,-0.7916502356529236,-0.886041271686554
3,DiscNRX,trig,820,0,1,0,1,24.607800000012503,-0.8102865219116211,-0.886041271686554
3,DiscNRX,trig,821,0,1,0,0,nan,-0.8951669335365295,-0.886041271686554
3,DiscNRX,trig,822,0,1,0,1,22.109500000169646,-0.8769576549530029,-0.886041271686554
3,DiscNRX,trig,823,0,1,0,0,nan,-0.9022089838981628,-0.886041271686554
3,DiscNRX,trig,824,0,1,0,1,21.915000000262808,-0.8732720017433167,-0.886041271686554
3,DiscNRX,trig,825,0,1,0,1,21.37810000022,-0.8726608753204346,-0.886041271686554
3,DiscNRX,trig,826,0,1,0,1,22.88639999960651,-0.8779290914535522,-0.886041271686554
3,DiscNRX,trig,827,0,1,0,0,nan,-0.9036576151847839,-0.886041271686554
3,DiscNRX,trig,828,0,1,0,0,nan,-0.9068065285682678,-0.886041271686554
3,DiscNRX,trig,829,0,1,0,0,nan,-0.8989059925079346,-0.886041271686554
3,DiscNRX,trig,830,0,1,0,1,22.076100000049337,-0.864592969417572,-0.886041271686554
3,DiscNRX,trig,831,0,1,0,0,nan,-0.8983457684516907,-0.886041271686554
3,DiscNRX,trig,832,0,1,0,1,24.501999999756663,-0.8773841261863708,-0.886041271686554
3,DiscNRX,trig,833,0,1,0,0,nan,-0.908104658126831,-0.886041271686554
3,DiscNRX,trig,834,0,1,0,0,nan,-0.8914769291877747,-0.886041271686554
3,DiscNRX,trig,835,0,1,0,0,nan,-0.8919875621795654,-0.886041271686554
3,DiscNRX,trig,836,0,1,0,0,nan,-0.8983166217803955,-0.886041271686554
3,DiscNRX,trig,837,0,1,0,1,23.490099999889935,-0.8740245699882507,-0.886041271686554
3,DiscNRX,trig,838,0,1,0,0,nan,-0.8991884589195251,-0.886041271686554
3,DiscNRX,trig,839,0,1,0,1,31.14869999990333,-0.8415625095367432,-0.886041271686554
3,DiscNRX,trig,840,0,1,0,1,27.875499999936437,-0.8622496724128723,-0.886041271686554
3,DiscNRX,trig,841,0,1,0,1,31.800700000076176,-0.7905995845794678,-0.886041271686554
3,DiscNRX,trig,842,0,1,0,0,nan,-0.90079665184021,-0.886041271686554
3,DiscNRX,trig,843,0,1,0,1,22.13480000000345,-0.8085218667984009,-0.886041271686554
3,DiscNRX,trig,844,0,1,0,0,nan,-0.9062219262123108,-0.886041271686554
3,DiscNRX,trig,845,0,1,0,0,nan,-0.895643949508667,-0.886041271686554
3,DiscNRX,trig,846,0,1,0,1,26.50519999997414,-0.8726850748062134,-0.886041271686554
3,DiscNRX,trig,847,0,1,0,1,20.278399999824614,-0.8844107389450073,-0.886041271686554
3,DiscNRX,trig,848,0,1,0,0,nan,-0.8895484209060669,-0.886041271686554
3,DiscNRX,trig,849,0,1,0,0,nan,-0.910847008228302,-0.886041271686554
3,DiscNRX,trig,850,0,1,0,1,22.220600000309787,-0.8686957359313965,-0.886041271686554
3,DiscNRX,trig,851,0,1,0,0,nan,-0.8946363925933838,-0.886041271686554
3,DiscNRX,trig,852,0,1,0,0,nan,-0.9063899517059326,-0.886041271686554
3,DiscNRX,trig,853,0,1,0,1,22.923800000171468,-0.8205270767211914,-0.886041271686554
3,DiscNRX,trig,854,0,1,0,0,nan,-0.8872637748718262,-0.886041271686554
3,DiscNRX,trig,855,0,1,0,1,25.8918999998059,-0.7791149616241455,-0.886041271686554
3,DiscNRX,trig,856,0,1,0,0,nan,-0.8866505026817322,-0.886041271686554
3,DiscNRX,trig,857,0,1,0,1,29.664300000149524,-0.8856691718101501,-0.886041271686554
3,DiscNRX,trig,858,0,1,0,1,27.94160000030388,-0.8848365545272827,-0.886041271686554
3,DiscNRX,trig,859,0,1,0,1,27.333200000157376,-0.817657470703125,-0.886041271686554
3,DiscNRX,trig,860,0,1,0,1,28.074199999991833,-0.8092600703239441,-0.886041271686554
3,DiscNRX,trig,861,0,1,0,1,37.41940000008981,-0.7917429804801941,-0.886041271686554
3,DiscNRX,trig,862,0,1,0,1,24.782100000265928,-0.8776641488075256,-0.886041271686554
3,DiscNRX,trig,863,0,1,0,1,28.739999999743304,-0.8523399829864502,-0.886041271686554
3,DiscNRX,trig,864,0,1,0,1,27.514999999766587,-0.8658047318458557,-0.886041271686554
3,DiscNRX,trig,865,0,1,0,0,nan,-0.8905401229858398,-0.886041271686554
3,DiscNRX,trig,866,0,1,0,1,25.62800000032439,-0.8080398440361023,-0.886041271686554
3,DiscNRX,trig,867,0,1,0,0,nan,-0.9038699865341187,-0.886041271686554
3,DiscNRX,trig,868,0,1,0,0,nan,-0.9018008708953857,-0.886041271686554
3,DiscNRX,trig,869,0,1,0,0,nan,-0.8929043412208557,-0.886041271686554
3,DiscNRX,trig,870,0,1,0,1,24.741499999890948,-0.8564043641090393,-0.886041271686554
3,DiscNRX,trig,871,0,1,0,0,nan,-0.9054264426231384,-0.886041271686554
3,DiscNRX,trig,872,0,1,0,0,nan,-0.8940953612327576,-0.886041271686554
3,DiscNRX,trig,873,0,1,0,1,22.810500000105094,-0.7899380326271057,-0.886041271686554
3,DiscNRX,trig,874,0,1,0,1,22.00300000004063,-0.8163965344429016,-0.886041271686554
3,DiscNRX,trig,875,0,1,0,0,nan,-0.8973389863967896,-0.886041271686554
3,DiscNRX,trig,876,0,1,0,0,nan,-0.8963609337806702,-0.886041271686554
3,DiscNRX,trig,877,0,1,0,0,nan,-0.9052008986473083,-0.886041271686554
3,DiscNRX,trig,878,0,1,0,1,20.890000000235887,-0.8447757363319397,-0.886041271686554
3,DiscNRX,trig,879,0,1,0,0,nan,-0.8970558047294617,-0.886041271686554
3,DiscNRX,trig,880,0,1,0,0,nan,-0.8898229598999023,-0.886041271686554
3,DiscNRX,trig,881,0,1,0,0,nan,-0.8964256048202515,-0.886041271686554
3,DiscNRX,trig,882,0,1,0,1,21.074899999803165,-0.8821708559989929,-0.886041271686554
3,DiscNRX,trig,883,0,1,0,0,nan,-0.8896349668502808,-0.886041271686554
3,DiscNRX,trig,884,0,1,0,1,35.29000000025917,-0.8253574371337891,-0.886041271686554
3,DiscNRX,trig,885,0,1,0,1,28.86450000005425,-0.7967497110366821,-0.886041271686554
3,DiscNRX,trig,886,0,1,0,0,nan,-0.8971964716911316,-0.886041271686554
3,DiscNRX,trig,887,0,1,0,0,nan,-0.8993473052978516,-0.886041271686554
3,DiscNRX,trig,888,0,1,0,0,nan,-0.8929030895233154,-0.886041271686554
3,DiscNRX,trig,889,0,1,0,1,24.11050000000614,-0.8315471410751343,-0.886041271686554
3,DiscNRX,trig,890,0,1,0,0,nan,-0.8869675397872925,-0.886041271686554
3,DiscNRX,trig,891,0,1,0,1,28.727899999921647,-0.8521977663040161,-0.886041271686554
3,DiscNRX,trig,892,0,1,0,1,23.055800000292948,-0.8506143689155579,-0.886041271686554
3,DiscNRX,trig,893,0,1,0,0,nan,-0.89776611328125,-0.886041271686554
3,DiscNRX,trig,894,0,1,0,0,nan,-0.9092013835906982,-0.886041271686554
3,DiscNRX,trig,895,0,1,0,1,22.31580000034228,-0.8752449750900269,-0.886041271686554
3,DiscNRX,trig,896,0,1,0,1,22.607200000038574,-0.8839432597160339,-0.886041271686554
3,DiscNRX,trig,897,0,1,0,1,22.691499999837106,-0.8597421050071716,-0.886041271686554
3,DiscNRX,trig,898,0,1,0,0,nan,-0.8938543796539307,-0.886041271686554
3,DiscNRX,trig,899,0,1,0,1,21.07949999981429,-0.8814390301704407,-0.886041271686554
3,DiscNRX,trig,900,0,1,0,1,23.354200000085257,-0.8490469455718994,-0.886041271686554
3,DiscNRX,trig,901,0,1,0,1,20.127599999796075,-0.8383165597915649,-0.886041271686554
3,DiscNRX,trig,902,0,1,0,0,nan,-0.9046717882156372,-0.886041271686554
3,DiscNRX,trig,903,0,1,0,0,nan,-0.897970974445343,-0.886041271686554
3,DiscNRX,trig,904,0,1,0,0,nan,-0.8940032124519348,-0.886041271686554
3,DiscNRX,trig,905,0,1,0,0,nan,-0.8872504830360413,-0.886041271686554
3,DiscNRX,trig,906,0,1,0,0,nan,-0.888015866279602,-0.886041271686554
3,DiscNRX,trig,907,0,1,0,0,nan,-0.8896876573562622,-0.886041271686554
3,DiscNRX,trig,908,0,1,0,1,25.46409999968091,-0.8789542317390442,-0.886041271686554
3,DiscNRX,trig,909,0,1,0,0,nan,-0.894565224647522,-0.886041271686554
3,DiscNRX,trig,910,0,1,0,0,nan,-0.9057846665382385,-0.886041271686554
3,DiscNRX,trig,911,0,1,0,0,nan,-0.8919210433959961,-0.886041271686554
3,DiscNRX,trig,912,0,1,0,1,30.763499999920896,-0.8518209457397461,-0.886041271686554
3,DiscNRX,trig,913,0,1,0,0,nan,-0.8915563225746155,-0.886041271686554
3,DiscNRX,trig,914,0,1,0,1,30.411500000354863,-0.8730645775794983,-0.886041271686554
3,DiscNRX,trig,915,0,1,0,0,nan,-0.9026443362236023,-0.886041271686554
3,DiscNRX,trig,916,0,1,0,0,nan,-0.9005029201507568,-0.886041271686554
3,DiscNRX,trig,917,0,1,0,1,28.491399999893474,-0.8536130785942078,-0.886041271686554
3,DiscNRX,trig,918,0,1,0,1,34.097400000064226,-0.8740223050117493,-0.886041271686554
3,DiscNRX,trig,919,0,1,0,0,nan,-0.8919423222541809,-0.886041271686554
3,DiscNRX,trig,920,0,1,0,0,nan,-0.8899613618850708,-0.886041271686554
3,DiscNRX,trig,921,0,1,0,0,nan,-0.8971790671348572,-0.886041271686554
3,DiscNRX,trig,922,0,1,0,1,26.008599999840953,-0.8750376105308533,-0.886041271686554
3,DiscNRX,trig,923,0,1,0,1,21.742800000083662,-0.838190495967865,-0.886041271686554
3,DiscNRX,trig,924,0,1,0,1,25.36759999975402,-0.8785458207130432,-0.886041271686554
3,DiscNRX,trig,925,0,1,0,1,25.22610000005443,-0.8650651574134827,-0.886041271686554
3,DiscNRX,trig,926,0,1,0,1,26.449899999988702,-0.8504588603973389,-0.886041271686554
3,DiscNRX,trig,927,0,1,0,1,20.86620000000039,-0.8764851093292236,-0.886041271686554
3,DiscNRX,trig,928,0,1,0,1,23.19630000010875,-0.8758659958839417,-0.886041271686554
3,DiscNRX,trig,929,0,1,0,0,nan,-0.8863705992698669,-0.886041271686554
3,DiscNRX,trig,930,0,1,0,1,22.489200000109122,-0.8826769590377808,-0.886041271686554
3,DiscNRX,trig,931,0,1,0,1,23.125700000036886,-0.8121652603149414,-0.886041271686554
3,DiscNRX,trig,932,0,1,0,0,nan,-0.8979348540306091,-0.886041271686554
3,DiscNRX,trig,933,0,1,0,1,25.559399999565358,-0.866195797920227,-0.886041271686554
3,DiscNRX,trig,934,0,1,0,1,29.252299999825482,-0.867628276348114,-0.886041271686554
3,DiscNRX,trig,935,0,1,0,0,nan,-0.8914622068405151,-0.886041271686554
3,DiscNRX,trig,936,0,1,0,0,nan,-0.8914015889167786,-0.886041271686554
3,DiscNRX,trig,937,0,1,0,1,23.067599999649246,-0.8836777806282043,-0.886041271686554
3,DiscNRX,trig,938,0,1,0,0,nan,-0.8904597759246826,-0.886041271686554
3,DiscNRX,trig,939,0,1,0,0,nan,-0.8954201340675354,-0.886041271686554
3,DiscNRX,trig,940,0,1,0,1,20.23060000010446,-0.8646822571754456,-0.886041271686554
3,DiscNRX,trig,941,0,1,0,0,nan,-0.894454836845398,-0.886041271686554
3,DiscNRX,trig,942,0,1,0,0,nan,-0.891477644443512,-0.886041271686554
3,DiscNRX,trig,943,0,1,0,0,nan,-0.9082047343254089,-0.886041271686554
3,DiscNRX,trig,944,0,1,0,0,nan,-0.8917295336723328,-0.886041271686554
3,DiscNRX,trig,945,0,1,0,0,nan,-0.8969240188598633,-0.886041271686554
3,DiscNRX,trig,946,0,1,0,1,25.316700000075798,-0.8836011290550232,-0.886041271686554
3,DiscNRX,trig,947,0,1,0,0,nan,-0.8921321630477905,-0.886041271686554
3,DiscNRX,trig,948,0,1,0,0,nan,-0.9063663482666016,-0.886041271686554
3,DiscNRX,trig,949,0,1,0,1,20.829799999773968,-0.8523182272911072,-0.886041271686554
3,DiscNRX,trig,950,0,1,0,1,24.141299999882904,-0.8236307501792908,-0.886041271686554
3,DiscNRX,trig,951,0,1,0,1,27.01950000027864,-0.8315147757530212,-0.886041271686554
3,DiscNRX,trig,952,0,1,0,1,24.043400000209658,-0.8827747702598572,-0.886041271686554
3,DiscNRX,trig,953,0,1,0,0,nan,-0.8882972598075867,-0.886041271686554
3,DiscNRX,trig,954,0,1,0,0,nan,-0.891449511051178,-0.886041271686554
3,DiscNRX,trig,955,0,1,0,1,25.75859999979002,-0.884263277053833,-0.886041271686554
3,DiscNRX,trig,956,0,1,0,1,25.808500000039203,-0.885740339756012,-0.886041271686554
3,DiscNRX,trig,957,0,1,0,0,nan,-0.9022642374038696,-0.886041271686554
3,DiscNRX,trig,958,0,1,0,0,nan,-0.8981637954711914,-0.886041271686554
3,DiscNRX,trig,959,0,1,0,0,nan,-0.8937870264053345,-0.886041271686554
3,DiscNRX,trig,960,0,1,0,1,21.94329999974798,-0.8284140825271606,-0.886041271686554
3,DiscNRX,trig,961,0,1,0,1,34.94840000030308,-0.8816765546798706,-0.886041271686554
3,DiscNRX,trig,962,0,1,0,1,31.26799999972718,-0.8457612991333008,-0.886041271686554
3,DiscNRX,trig,963,0,1,0,1,31.13290000010238,-0.8732016086578369,-0.886041271686554
3,DiscNRX,trig,964,0,1,0,1,21.781600000394974,-0.8757923245429993,-0.886041271686554
3,DiscNRX,trig,965,0,1,0,0,nan,-0.8910205364227295,-0.886041271686554
3,DiscNRX,trig,966,0,1,0,1,20.95049999979892,-0.8355062007904053,-0.886041271686554
3,DiscNRX,trig,967,0,1,0,1,21.5899999998328,-0.8240962028503418,-0.886041271686554
3,DiscNRX,trig,968,0,1,0,1,22.39789999975983,-0.8838683366775513,-0.886041271686554
3,DiscNRX,trig,969,0,1,0,1,25.702500000079453,-0.8539243936538696,-0.886041271686554
3,DiscNRX,trig,970,0,1,0,1,21.4205000002039,-0.8667131662368774,-0.886041271686554
3,DiscNRX,trig,971,0,1,0,0,nan,-0.8905059099197388,-0.886041271686554
3,DiscNRX,trig,972,0,1,0,1,23.1829999997899,-0.7934383749961853,-0.886041271686554
3,DiscNRX,trig,973,0,1,0,1,21.867800000109128,-0.8798227906227112,-0.886041271686554
3,DiscNRX,trig,974,0,1,0,1,22.414000000026135,-0.8845371603965759,-0.886041271686554
3,DiscNRX,trig,975,0,1,0,1,25.592299999971146,-0.8243385553359985,-0.886041271686554
3,DiscNRX,trig,976,0,1,0,0,nan,-0.8882932662963867,-0.886041271686554
3,DiscNRX,trig,977,0,1,0,1,25.598400000035326,-0.87710040807724,-0.886041271686554
3,DiscNRX,trig,978,0,1,0,1,26.000400000157242,-0.8366280198097229,-0.886041271686554
3,DiscNRX,trig,979,0,1,0,0,nan,-0.8934834599494934,-0.886041271686554
3,DiscNRX,trig,980,0,1,0,1,22.261000000071363,-0.7795798182487488,-0.886041271686554
3,DiscNRX,trig,981,0,1,0,1,20.195800000237796,-0.8748491406440735,-0.886041271686554
3,DiscNRX,trig,982,0,1,0,0,nan,-0.8916370272636414,-0.886041271686554
3,DiscNRX,trig,983,0,1,0,1,19.925399999920046,-0.8031712770462036,-0.886041271686554
3,DiscNRX,trig,984,0,1,0,0,nan,-0.9002473950386047,-0.886041271686554
3,DiscNRX,trig,985,0,1,0,0,nan,-0.8934558033943176,-0.886041271686554
3,DiscNRX,trig,986,0,1,0,0,nan,-0.8860970735549927,-0.886041271686554
3,DiscNRX,trig,987,0,1,0,0,nan,-0.8891640305519104,-0.886041271686554
3,DiscNRX,trig,988,0,1,0,1,33.56840000014927,-0.8828922510147095,-0.886041271686554
3,DiscNRX,trig,989,0,1,0,0,nan,-0.894199550151825,-0.886041271686554
3,DiscNRX,trig,990,0,1,0,1,26.649400000223977,-0.8422142863273621,-0.886041271686554
3,DiscNRX,trig,991,0,1,0,0,nan,-0.8922173976898193,-0.886041271686554
3,DiscNRX,trig,992,0,1,0,0,nan,-0.8867526054382324,-0.886041271686554
3,DiscNRX,trig,993,0,1,0,1,23.224000000027445,-0.8858294486999512,-0.886041271686554
3,DiscNRX,trig,994,0,1,0,1,24.482499999976426,-0.8716216683387756,-0.886041271686554
3,DiscNRX,trig,995,0,1,0,0,nan,-0.8948394060134888,-0.886041271686554
3,DiscNRX,trig,996,0,1,0,0,nan,-0.8935876488685608,-0.886041271686554
3,DiscNRX,trig,997,0,1,0,0,nan,-0.8916428089141846,-0.886041271686554
3,DiscNRX,trig,998,0,1,0,0,nan,-0.9015381336212158,-0.886041271686554
3,DiscNRX,trig,999,0,1,0,1,25.221200000032695,-0.7624908089637756,-0.886041271686554
