config,init,seed,step,coded_ber,info_ber,grad_coded,grad_info
16QAM-K1824,zero,0,1,0.25068530440330505,0.5092516541481018,12.01590347290039,0.0
16QAM-K1824,zero,0,25,0.25068530440330505,0.5092516541481018,5.833016395568848,0.0
16QAM-K1824,zero,0,50,0.25068530440330505,0.5092516541481018,2.9496073722839355,0.0
16QAM-K1824,zero,0,75,0.23920641839504242,0.5092516541481018,2.251854658126831,0.0
16QAM-K1824,zero,0,100,0.13551945984363556,0.5092516541481018,1.9670301675796509,0.0
16QAM-K1824,zero,0,125,0.06095806136727333,0.5092516541481018,1.5451829433441162,0.0
16QAM-K1824,zero,0,150,0.029742324724793434,0.5092516541481018,1.1460456848144531,0.0
16QAM-K1824,zero,0,175,0.01720120571553707,0.5092516541481018,0.8633409738540649,0.0
16QAM-K1824,zero,0,200,0.011067708022892475,0.5092516541481018,0.6737865209579468,0.0
16QAM-K1824,zero,0,225,0.007846765220165253,0.5092516541481018,0.5436275005340576,0.0
16QAM-K1824,zero,0,250,0.006167763378471136,0.5092516541481018,0.4506222903728485,0.0
16QAM-K1824,zero,0,275,0.005276863928884268,0.5092516541481018,0.3816819489002228,0.0
16QAM-K1824,zero,0,300,0.004523026291280985,0.5092516541481018,0.32890763878822327,0.0
16QAM-K1824,zero,0,325,0.004180372692644596,0.5092516541481018,0.28739434480667114,0.0
16QAM-K1824,zero,0,350,0.0038034538738429546,0.5092516541481018,0.2539907395839691,0.0
16QAM-K1824,zero,0,375,0.0033237391617149115,0.5092516541481018,0.22659574449062347,0.0
16QAM-K1824,zero,0,400,0.0031866775825619698,0.5092516541481018,0.20377303659915924,0.0
16QAM-K1824,zero,0,425,0.0030496162362396717,0.5092516541481018,0.1845167875289917,0.0
16QAM-K1824,zero,0,450,0.0028782894369214773,0.5092516541481018,0.16809020936489105,0.0
16QAM-K1824,zero,0,475,0.0027412280905991793,0.5092516541481018,0.15393505990505219,0.0
16QAM-K1824,zero,0,500,0.002432839944958687,0.5092516541481018,0.14162439107894897,0.0
16QAM-K1824,zero,0,525,0.0023300438188016415,0.5092516541481018,0.13083162903785706,0.0
16QAM-K1824,zero,0,550,0.0022957785986363888,0.5092516541481018,0.12130666524171829,0.0
16QAM-K1824,zero,0,575,0.0022272479254752398,0.5092516541481018,0.11285234987735748,0.0
16QAM-K1824,zero,0,600,0.0021244517993181944,0.5092516541481018,0.10530854761600494,0.0
16QAM-K1824,zero,0,625,0.001953125,0.5092516541481018,0.09854284673929214,0.0
16QAM-K1824,zero,0,650,0.001953125,0.5092516541481018,0.09244474023580551,0.0
16QAM-K1824,zero,0,675,0.0018503289902582765,0.5092516541481018,0.08692499995231628,0.0
16QAM-K1824,zero,0,700,0.001747532864101231,0.5092516541481018,0.08190830796957016,0.0
16QAM-K1824,zero,0,725,0.0017132675275206566,0.5092516541481018,0.0773322656750679,0.0
16QAM-K1824,zero,0,750,0.001747532864101231,0.5092516541481018,0.07314520329236984,0.0
16QAM-K1824,zero,0,775,0.001747532864101231,0.5092516541481018,0.0693037360906601,0.0
16QAM-K1824,zero,0,800,0.001747532864101231,0.5092516541481018,0.06577064096927643,0.0
16QAM-K1824,zero,0,825,0.001747532864101231,0.5092516541481018,0.06251207739114761,0.0
16QAM-K1824,zero,0,850,0.0017132675275206566,0.5092516541481018,0.059501029551029205,0.0
16QAM-K1824,zero,0,875,0.001747532864101231,0.5092516541481018,0.05671028420329094,0.0
16QAM-K1824,zero,0,900,0.001747532864101231,0.5092516541481018,0.054118432104587555,0.0
16QAM-K1824,zero,0,925,0.001747532864101231,0.5092516541481018,0.05170602723956108,0.0
16QAM-K1824,zero,0,950,0.001747532864101231,0.5092516541481018,0.049455754458904266,0.0
16QAM-K1824,zero,0,975,0.001747532864101231,0.5092516541481018,0.04735298454761505,0.0
16QAM-K1824,zero,0,1000,0.001747532864101231,0.5092516541481018,0.045385267585515976,0.0
16QAM-K1824,zero,0,1025,0.001747532864101231,0.5092516541481018,0.04353952780365944,0.0
16QAM-K1824,zero,0,1050,0.001747532864101231,0.5092516541481018,0.04180743172764778,0.0
16QAM-K1824,zero,0,1075,0.001747532864101231,0.5092516541481018,0.040177762508392334,0.0
16QAM-K1824,zero,0,1100,0.001747532864101231,0.5092516541481018,0.038644298911094666,0.0
16QAM-K1824,zero,0,1125,0.001747532864101231,0.5092516541481018,0.03719736263155937,0.0
16QAM-K1824,zero,0,1150,0.0017132675275206566,0.5092516541481018,0.03583202883601189,0.0
16QAM-K1824,zero,0,1175,0.0017132675275206566,0.5092516541481018,0.03454074263572693,0.0
16QAM-K1824,zero,0,1200,0.0017132675275206566,0.5092516541481018,0.03331814706325531,0.0
16QAM-K1824,zero,0,1225,0.0017132675275206566,0.5092516541481018,0.032159656286239624,0.0
16QAM-K1824,zero,0,1250,0.0017132675275206566,0.5092516541481018,0.031061654910445213,0.0
16QAM-K1824,zero,0,1275,0.0017817982006818056,0.5092516541481018,0.030017945915460587,0.0
16QAM-K1824,zero,0,1300,0.0017817982006818056,0.5092516541481018,0.02902560494840145,0.0
16QAM-K1824,zero,0,1325,0.0017817982006818056,0.5092516541481018,0.028081370517611504,0.0
16QAM-K1824,zero,0,1350,0.0017817982006818056,0.5092516541481018,0.027181919664144516,0.0
16QAM-K1824,zero,0,1375,0.0017817982006818056,0.5092516541481018,0.026325581595301628,0.0
16QAM-K1824,zero,0,1400,0.0017817982006818056,0.5092516541481018,0.025507625192403793,0.0
16QAM-K1824,zero,0,1425,0.0017817982006818056,0.5092516541481018,0.02472669817507267,0.0
16QAM-K1824,zero,0,1450,0.0017817982006818056,0.5092516541481018,0.023980531841516495,0.0
16QAM-K1824,zero,0,1475,0.0017817982006818056,0.5092516541481018,0.023267041891813278,0.0
16QAM-K1824,zero,0,1500,0.0017817982006818056,0.5092516541481018,0.02258431352674961,0.0
16QAM-K1824,zero,1,1,0.24931469559669495,0.49698466062545776,11.981807708740234,0.0
16QAM-K1824,zero,1,25,0.24931469559669495,0.49698466062545776,5.8204569816589355,0.0
16QAM-K1824,zero,1,50,0.24931469559669495,0.49698466062545776,2.9453511238098145,0.0
16QAM-K1824,zero,1,75,0.23680783808231354,0.49698466062545776,2.2462639808654785,0.0
16QAM-K1824,zero,1,100,0.13459430634975433,0.49698466062545776,1.9571161270141602,0.0
16QAM-K1824,zero,1,125,0.060341283679008484,0.49698466062545776,1.5330013036727905,0.0
16QAM-K1824,zero,1,150,0.03207236900925636,0.49698466062545776,1.1354292631149292,0.0
16QAM-K1824,zero,1,175,0.019085800275206566,0.49698466062545776,0.8572205901145935,0.0
16QAM-K1824,zero,1,200,0.012472587637603283,0.49698466062545776,0.6708924174308777,0.0
16QAM-K1824,zero,1,225,0.009320175275206566,0.49698466062545776,0.5422974824905396,0.0
16QAM-K1824,zero,1,250,0.006955866236239672,0.49698466062545776,0.45005691051483154,0.0
16QAM-K1824,zero,1,275,0.005790844559669495,0.49698466062545776,0.38134700059890747,0.0
16QAM-K1824,zero,1,300,0.004899945110082626,0.49698466062545776,0.328550785779953,0.0
16QAM-K1824,zero,1,325,0.0044544958509504795,0.49698466062545776,0.28697171807289124,0.0
16QAM-K1824,zero,1,350,0.004043311346322298,0.49698466062545776,0.2535257637500763,0.0
16QAM-K1824,zero,1,375,0.003769188653677702,0.49698466062545776,0.22612184286117554,0.0
16QAM-K1824,zero,1,400,0.0034608005080372095,0.49698466062545776,0.2033073902130127,0.0
16QAM-K1824,zero,1,425,0.003220943035557866,0.49698466062545776,0.18405508995056152,0.0
16QAM-K1824,zero,1,450,0.003083881689235568,0.49698466062545776,0.1676267683506012,0.0
16QAM-K1824,zero,1,475,0.003083881689235568,0.49698466062545776,0.1534758061170578,0.0
16QAM-K1824,zero,1,500,0.0029468201100826263,0.49698466062545776,0.14118331670761108,0.0
16QAM-K1824,zero,1,525,0.0028097587637603283,0.49698466062545776,0.13041998445987701,0.0
16QAM-K1824,zero,1,550,0.0026726974174380302,0.49698466062545776,0.12092666327953339,0.0
16QAM-K1824,zero,1,575,0.0026041667442768812,0.49698466062545776,0.11249996721744537,0.0
16QAM-K1824,zero,1,600,0.002535636071115732,0.49698466062545776,0.10497903823852539,0.0
16QAM-K1824,zero,1,625,0.002501370618119836,0.49698466062545776,0.09823421388864517,0.0
16QAM-K1824,zero,1,650,0.0023985744919627905,0.49698466062545776,0.09215693175792694,0.0
16QAM-K1824,zero,1,675,0.002432839944958687,0.49698466062545776,0.08665790408849716,0.0
16QAM-K1824,zero,1,700,0.0023300438188016415,0.49698466062545776,0.08166174590587616,0.0
16QAM-K1824,zero,1,725,0.0023300438188016415,0.49698466062545776,0.07710631936788559,0.0
16QAM-K1824,zero,1,750,0.0023300438188016415,0.49698466062545776,0.07293984293937683,0.0
16QAM-K1824,zero,1,775,0.0022957785986363888,0.49698466062545776,0.06911779195070267,0.0
16QAM-K1824,zero,1,800,0.0022615131456404924,0.49698466062545776,0.06560193002223969,0.0
16QAM-K1824,zero,1,825,0.0021929824724793434,0.49698466062545776,0.062357861548662186,0.0
16QAM-K1824,zero,1,850,0.0022272479254752398,0.49698466062545776,0.0593586228787899,0.0
16QAM-K1824,zero,1,875,0.0021929824724793434,0.49698466062545776,0.056577712297439575,0.0
16QAM-K1824,zero,1,900,0.002158717019483447,0.49698466062545776,0.05399417132139206,0.0
16QAM-K1824,zero,1,925,0.002158717019483447,0.49698466062545776,0.05158903822302818,0.0
16QAM-K1824,zero,1,950,0.002158717019483447,0.49698466062545776,0.04934525489807129,0.0
16QAM-K1824,zero,1,975,0.002158717019483447,0.49698466062545776,0.04724840447306633,0.0
16QAM-K1824,zero,1,1000,0.0021244517993181944,0.49698466062545776,0.04528599977493286,0.0
16QAM-K1824,zero,1,1025,0.002158717019483447,0.49698466062545776,0.043445102870464325,0.0
16QAM-K1824,zero,1,1050,0.002158717019483447,0.49698466062545776,0.04171736165881157,0.0
16QAM-K1824,zero,1,1075,0.002158717019483447,0.49698466062545776,0.040091823786497116,0.0
16QAM-K1824,zero,1,1100,0.002158717019483447,0.49698466062545776,0.038562316447496414,0.0
16QAM-K1824,zero,1,1125,0.002158717019483447,0.49698466062545776,0.037119392305612564,0.0
16QAM-K1824,zero,1,1150,0.002158717019483447,0.49698466062545776,0.03575815632939339,0.0
16QAM-K1824,zero,1,1175,0.002158717019483447,0.49698466062545776,0.03447093814611435,0.0
16QAM-K1824,zero,1,1200,0.0021244517993181944,0.49698466062545776,0.0332522988319397,0.0
16QAM-K1824,zero,1,1225,0.0020559211261570454,0.49698466062545776,0.03209742531180382,0.0
16QAM-K1824,zero,1,1250,0.0020559211261570454,0.49698466062545776,0.031002486124634743,0.0
16QAM-K1824,zero,1,1275,0.0020559211261570454,0.49698466062545776,0.029961328953504562,0.0
16QAM-K1824,zero,1,1300,0.002021655673161149,0.49698466062545776,0.028971020132303238,0.0
16QAM-K1824,zero,1,1325,0.0019873904529958963,0.49698466062545776,0.028028439730405807,0.0
16QAM-K1824,zero,1,1350,0.0019873904529958963,0.49698466062545776,0.02713039517402649,0.0
16QAM-K1824,zero,1,1375,0.0019873904529958963,0.49698466062545776,0.026275141164660454,0.0
16QAM-K1824,zero,1,1400,0.001953125,0.49698466062545776,0.02545813098549843,0.0
16QAM-K1824,zero,1,1425,0.001953125,0.49698466062545776,0.024678006768226624,0.0
16QAM-K1824,zero,1,1450,0.001953125,0.49698466062545776,0.0239325650036335,0.0
16QAM-K1824,zero,1,1475,0.001953125,0.49698466062545776,0.0232197605073452,0.0
16QAM-K1824,zero,1,1500,0.0019873904529958963,0.49698466062545776,0.022537654265761375,0.0
16QAM-K1824,zero,2,1,0.25003427267074585,0.5008223652839661,11.972871780395508,0.0
16QAM-K1824,zero,2,25,0.25003427267074585,0.5008223652839661,5.816579341888428,0.0
16QAM-K1824,zero,2,50,0.25003427267074585,0.5008223652839661,2.9324581623077393,0.0
16QAM-K1824,zero,2,75,0.23742461204528809,0.5008223652839661,2.228543996810913,0.0
16QAM-K1824,zero,2,100,0.1392543911933899,0.5008223652839661,1.9441863298416138,0.0
16QAM-K1824,zero,2,125,0.06318530440330505,0.5008223652839661,1.5333685874938965,0.0
16QAM-K1824,zero,2,150,0.03207236900925636,0.5008223652839661,1.1397714614868164,0.0
16QAM-K1824,zero,2,175,0.01925712823867798,0.5008223652839661,0.8597694039344788,0.0
16QAM-K1824,zero,2,200,0.012643914669752121,0.5008223652839661,0.6721331477165222,0.0
16QAM-K1824,zero,2,225,0.008977522142231464,0.5008223652839661,0.5431029796600342,0.0
16QAM-K1824,zero,2,250,0.006750273983925581,0.5008223652839661,0.45057639479637146,0.0
16QAM-K1824,zero,2,275,0.0054824561811983585,0.5008223652839661,0.3817053735256195,0.0
16QAM-K1824,zero,2,300,0.004660087637603283,0.5008223652839661,0.32884451746940613,0.0
16QAM-K1824,zero,2,325,0.004111842252314091,0.5008223652839661,0.2872178554534912,0.0
16QAM-K1824,zero,2,350,0.0035635964013636112,0.5008223652839661,0.25372061133384705,0.0
16QAM-K1824,zero,2,375,0.003152412362396717,0.5008223652839661,0.22626449167728424,0.0
16QAM-K1824,zero,2,400,0.0030496162362396717,0.5008223652839661,0.2034081220626831,0.0
16QAM-K1824,zero,2,425,0.002706962637603283,0.5008223652839661,0.18413011729717255,0.0
16QAM-K1824,zero,2,450,0.002535636071115732,0.5008223652839661,0.16768108308315277,0.0
16QAM-K1824,zero,2,475,0.002501370618119836,0.5008223652839661,0.1535036265850067,0.0
16QAM-K1824,zero,2,500,0.0022957785986363888,0.5008223652839661,0.1411791741847992,0.0
16QAM-K1824,zero,2,525,0.0022957785986363888,0.5008223652839661,0.13038644194602966,0.0
16QAM-K1824,zero,2,550,0.0022272479254752398,0.5008223652839661,0.12087321281433105,0.0
16QAM-K1824,zero,2,575,0.002158717019483447,0.5008223652839661,0.11243478208780289,0.0
16QAM-K1824,zero,2,600,0.002090186346322298,0.5008223652839661,0.10490451008081436,0.0
16QAM-K1824,zero,2,625,0.0020559211261570454,0.5008223652839661,0.09814923256635666,0.0
16QAM-K1824,zero,2,650,0.0020559211261570454,0.5008223652839661,0.09206171333789825,0.0
16QAM-K1824,zero,2,675,0.0021244517993181944,0.5008223652839661,0.0865553468465805,0.0
16QAM-K1824,zero,2,700,0.002090186346322298,0.5008223652839661,0.08155551552772522,0.0
16QAM-K1824,zero,2,725,0.002090186346322298,0.5008223652839661,0.07699905335903168,0.0
16QAM-K1824,zero,2,750,0.0019873904529958963,0.5008223652839661,0.07283271104097366,0.0
16QAM-K1824,zero,2,775,0.0019873904529958963,0.5008223652839661,0.06901103258132935,0.0
16QAM-K1824,zero,2,800,0.002021655673161149,0.5008223652839661,0.0654955580830574,0.0
16QAM-K1824,zero,2,825,0.002021655673161149,0.5008223652839661,0.06225224584341049,0.0
16QAM-K1824,zero,2,850,0.0020559211261570454,0.5008223652839661,0.05925450474023819,0.0
16QAM-K1824,zero,2,875,0.0020559211261570454,0.5008223652839661,0.05647588521242142,0.0
16QAM-K1824,zero,2,900,0.0020559211261570454,0.5008223652839661,0.05389552563428879,0.0
16QAM-K1824,zero,2,925,0.0020559211261570454,0.5008223652839661,0.05149432271718979,0.0
16QAM-K1824,zero,2,950,0.002021655673161149,0.5008223652839661,0.04925495386123657,0.0
16QAM-K1824,zero,2,975,0.0019873904529958963,0.5008223652839661,0.04716265946626663,0.0
16QAM-K1824,zero,2,1000,0.002021655673161149,0.5008223652839661,0.0452047698199749,0.0
16QAM-K1824,zero,2,1025,0.002021655673161149,0.5008223652839661,0.043368078768253326,0.0
16QAM-K1824,zero,2,1050,0.002021655673161149,0.5008223652839661,0.041644126176834106,0.0
16QAM-K1824,zero,2,1075,0.002021655673161149,0.5008223652839661,0.04002178832888603,0.0
16QAM-K1824,zero,2,1100,0.0019873904529958963,0.5008223652839661,0.03849489614367485,0.0
16QAM-K1824,zero,2,1125,0.001953125,0.5008223652839661,0.03705379366874695,0.0
16QAM-K1824,zero,2,1150,0.001953125,0.5008223652839661,0.035693686455488205,0.0
16QAM-K1824,zero,2,1175,0.001953125,0.5008223652839661,0.0344071090221405,0.0
16QAM-K1824,zero,2,1200,0.0019873904529958963,0.5008223652839661,0.03318873047828674,0.0
16QAM-K1824,zero,2,1225,0.001953125,0.5008223652839661,0.032034069299697876,0.0
16QAM-K1824,zero,2,1250,0.001953125,0.5008223652839661,0.030939577147364616,0.0
16QAM-K1824,zero,2,1275,0.001953125,0.5008223652839661,0.029899146407842636,0.0
16QAM-K1824,zero,2,1300,0.001953125,0.5008223652839661,0.028909992426633835,0.0
16QAM-K1824,zero,2,1325,0.001953125,0.5008223652839661,0.027968963608145714,0.0
16QAM-K1824,zero,2,1350,0.001953125,0.5008223652839661,0.027072716504335403,0.0
16QAM-K1824,zero,2,1375,0.001953125,0.5008223652839661,0.02621949091553688,0.0
16QAM-K1824,zero,2,1400,0.0019873904529958963,0.5008223652839661,0.02540455013513565,0.0
16QAM-K1824,zero,2,1425,0.0019873904529958963,0.5008223652839661,0.02462640218436718,0.0
16QAM-K1824,zero,2,1450,0.0019873904529958963,0.5008223652839661,0.02388281188905239,0.0
16QAM-K1824,zero,2,1475,0.0019873904529958963,0.5008223652839661,0.023171676322817802,0.0
16QAM-K1824,zero,2,1500,0.001953125,0.5008223652839661,0.022491129115223885,0.0
16QAM-K1824,zero,3,1,0.250137060880661,0.49821820855140686,11.999070167541504,0.0
16QAM-K1824,zero,3,25,0.250137060880661,0.49821820855140686,5.826625823974609,0.0
16QAM-K1824,zero,3,50,0.250137060880661,0.49821820855140686,2.9451262950897217,0.0
16QAM-K1824,zero,3,75,0.23872670531272888,0.49821820855140686,2.245805263519287,0.0
16QAM-K1824,zero,3,100,0.1340460479259491,0.49821820855140686,1.9625332355499268,0.0
16QAM-K1824,zero,3,125,0.06037554889917374,0.49821820855140686,1.5385373830795288,0.0
16QAM-K1824,zero,3,150,0.031078673899173737,0.49821820855140686,1.1398179531097412,0.0
16QAM-K1824,zero,3,175,0.018434759229421616,0.49821820855140686,0.8598229885101318,0.0
16QAM-K1824,zero,3,200,0.011958607472479343,0.49821820855140686,0.672197699546814,0.0
16QAM-K1824,zero,3,225,0.008189419284462929,0.49821820855140686,0.5429419279098511,0.0
16QAM-K1824,zero,3,250,0.0063733551651239395,0.49821820855140686,0.45030641555786133,0.0
16QAM-K1824,zero,3,275,0.0054824561811983585,0.49821820855140686,0.38144242763519287,0.0
16QAM-K1824,zero,3,300,0.004694353323429823,0.49821820855140686,0.328668475151062,0.0
16QAM-K1824,zero,3,325,0.004146107472479343,0.49821820855140686,0.2871522009372711,0.0
16QAM-K1824,zero,3,350,0.0038034538738429546,0.49821820855140686,0.25374773144721985,0.0
16QAM-K1824,zero,3,375,0.003358004381880164,0.49821820855140686,0.22636158764362335,0.0
16QAM-K1824,zero,3,400,0.0032552082557231188,0.49821820855140686,0.20355385541915894,0.0
16QAM-K1824,zero,3,425,0.003152412362396717,0.49821820855140686,0.1843118816614151,0.0
16QAM-K1824,zero,3,450,0.0029810855630785227,0.49821820855140686,0.16789671778678894,0.0
16QAM-K1824,zero,3,475,0.0026726974174380302,0.49821820855140686,0.15374867618083954,0.0
16QAM-K1824,zero,3,500,0.002569901291280985,0.49821820855140686,0.14144259691238403,0.0
16QAM-K1824,zero,3,525,0.002432839944958687,0.49821820855140686,0.13065683841705322,0.0
16QAM-K1824,zero,3,550,0.0023985744919627905,0.49821820855140686,0.12114106863737106,0.0
16QAM-K1824,zero,3,575,0.0022957785986363888,0.49821820855140686,0.11269394308328629,0.0
16QAM-K1824,zero,3,600,0.0022272479254752398,0.49821820855140686,0.10515333712100983,0.0
16QAM-K1824,zero,3,625,0.002158717019483447,0.49821820855140686,0.09838936477899551,0.0
16QAM-K1824,zero,3,650,0.002090186346322298,0.49821820855140686,0.09229447692632675,0.0
16QAM-K1824,zero,3,675,0.0020559211261570454,0.49821820855140686,0.08678073436021805,0.0
16QAM-K1824,zero,3,700,0.0019873904529958963,0.49821820855140686,0.0817728117108345,0.0
16QAM-K1824,zero,3,725,0.001953125,0.49821820855140686,0.07720757275819778,0.0
16QAM-K1824,zero,3,750,0.001953125,0.49821820855140686,0.07303239405155182,0.0
16QAM-K1824,zero,3,775,0.0019188596634194255,0.49821820855140686,0.06920243799686432,0.0
16QAM-K1824,zero,3,800,0.001953125,0.49821820855140686,0.06567932665348053,0.0
16QAM-K1824,zero,3,825,0.001953125,0.49821820855140686,0.062428541481494904,0.0
16QAM-K1824,zero,3,850,0.0019188596634194255,0.49821820855140686,0.059423044323921204,0.0
16QAM-K1824,zero,3,875,0.001884594326838851,0.49821820855140686,0.05663611739873886,0.0
16QAM-K1824,zero,3,900,0.001884594326838851,0.49821820855140686,0.054047126322984695,0.0
16QAM-K1824,zero,3,925,0.001884594326838851,0.49821820855140686,0.05163738876581192,0.0
16QAM-K1824,zero,3,950,0.001884594326838851,0.49821820855140686,0.04938998445868492,0.0
16QAM-K1824,zero,3,975,0.0018503289902582765,0.49821820855140686,0.04729049280285835,0.0
16QAM-K1824,zero,3,1000,0.0018503289902582765,0.49821820855140686,0.04532625898718834,0.0
16QAM-K1824,zero,3,1025,0.0018503289902582765,0.49821820855140686,0.043484028428792953,0.0
16QAM-K1824,zero,3,1050,0.001884594326838851,0.49821820855140686,0.04175516963005066,0.0
16QAM-K1824,zero,3,1075,0.0018503289902582765,0.49821820855140686,0.04012826457619667,0.0
16QAM-K1824,zero,3,1100,0.0018503289902582765,0.49821820855140686,0.03859696537256241,0.0
16QAM-K1824,zero,3,1125,0.001884594326838851,0.49821820855140686,0.03715168312191963,0.0
16QAM-K1824,zero,3,1150,0.001884594326838851,0.49821820855140686,0.03578753396868706,0.0
16QAM-K1824,zero,3,1175,0.001884594326838851,0.49821820855140686,0.034497205168008804,0.0
16QAM-K1824,zero,3,1200,0.001884594326838851,0.49821820855140686,0.03327548876404762,0.0
16QAM-K1824,zero,3,1225,0.001884594326838851,0.49821820855140686,0.0321178138256073,0.0
16QAM-K1824,zero,3,1250,0.001884594326838851,0.49821820855140686,0.031020551919937134,0.0
16QAM-K1824,zero,3,1275,0.001884594326838851,0.49821820855140686,0.02997758612036705,0.0
16QAM-K1824,zero,3,1300,0.001884594326838851,0.49821820855140686,0.028985926881432533,0.0
16QAM-K1824,zero,3,1325,0.001884594326838851,0.49821820855140686,0.02804235927760601,0.0
16QAM-K1824,zero,3,1350,0.001884594326838851,0.49821820855140686,0.027143625542521477,0.0
16QAM-K1824,zero,3,1375,0.001884594326838851,0.49821820855140686,0.02628786675632,0.0
16QAM-K1824,zero,3,1400,0.001884594326838851,0.49821820855140686,0.025470511987805367,0.0
16QAM-K1824,zero,3,1425,0.001884594326838851,0.49821820855140686,0.024690110236406326,0.0
16QAM-K1824,zero,3,1450,0.0019188596634194255,0.49821820855140686,0.023944344371557236,0.0
16QAM-K1824,zero,3,1475,0.0019188596634194255,0.49821820855140686,0.023231176659464836,0.0
16QAM-K1824,zero,3,1500,0.0019188596634194255,0.49821820855140686,0.02254869043827057,0.0
16QAM-K1824,zero,4,1,0.25421464443206787,0.5038377046585083,12.062668800354004,0.0
16QAM-K1824,zero,4,25,0.25421464443206787,0.5038377046585083,5.850626468658447,0.0
16QAM-K1824,zero,4,50,0.25421464443206787,0.5038377046585083,2.957517147064209,0.0
16QAM-K1824,zero,4,75,0.2422560304403305,0.5038377046585083,2.2585084438323975,0.0
16QAM-K1824,zero,4,100,0.1399739533662796,0.5038377046585083,1.9729621410369873,0.0
16QAM-K1824,zero,4,125,0.0638706162571907,0.5038377046585083,1.5528879165649414,0.0
16QAM-K1824,zero,4,150,0.03179824724793434,0.5038377046585083,1.1536896228790283,0.0
16QAM-K1824,zero,4,175,0.01771518588066101,0.5038377046585083,0.8694243431091309,0.0
16QAM-K1824,zero,4,200,0.012266995385289192,0.5038377046585083,0.6783996224403381,0.0
16QAM-K1824,zero,4,225,0.00853207241743803,0.5038377046585083,0.5474235415458679,0.0
16QAM-K1824,zero,4,250,0.006853070110082626,0.5038377046585083,0.45380544662475586,0.0
16QAM-K1824,zero,4,275,0.005550987087190151,0.5038377046585083,0.3842945396900177,0.0
16QAM-K1824,zero,4,300,0.004728618543595076,0.5038377046585083,0.33102625608444214,0.0
16QAM-K1824,zero,4,325,0.004248903598636389,0.5038377046585083,0.2890877425670624,0.0
16QAM-K1824,zero,4,350,0.0038719847798347473,0.5038377046585083,0.2553410232067108,0.0
16QAM-K1824,zero,4,375,0.0035978618543595076,0.5038377046585083,0.22769437730312347,0.0
16QAM-K1824,zero,4,400,0.003495065728202462,0.5038377046585083,0.20469966530799866,0.0
16QAM-K1824,zero,4,425,0.003152412362396717,0.5038377046585083,0.18531925976276398,0.0
16QAM-K1824,zero,4,450,0.0029468201100826263,0.5038377046585083,0.16878917813301086,0.0
16QAM-K1824,zero,4,475,0.0029125548899173737,0.5038377046585083,0.15454432368278503,0.0
16QAM-K1824,zero,4,500,0.0028440242167562246,0.5038377046585083,0.14216259121894836,0.0
16QAM-K1824,zero,4,525,0.0027754935435950756,0.5038377046585083,0.1313195675611496,0.0
16QAM-K1824,zero,4,550,0.0027754935435950756,0.5038377046585083,0.12176037579774857,0.0
16QAM-K1824,zero,4,575,0.0026726974174380302,0.5038377046585083,0.11327999830245972,0.0
16QAM-K1824,zero,4,600,0.002535636071115732,0.5038377046585083,0.10571268945932388,0.0
16QAM-K1824,zero,4,625,0.002364309271797538,0.5038377046585083,0.09892458468675613,0.0
16QAM-K1824,zero,4,650,0.0023300438188016415,0.5038377046585083,0.09280530363321304,0.0
16QAM-K1824,zero,4,675,0.0023300438188016415,0.5038377046585083,0.08726618438959122,0.0
16QAM-K1824,zero,4,700,0.0023300438188016415,0.5038377046585083,0.08223295211791992,0.0
16QAM-K1824,zero,4,725,0.0022957785986363888,0.5038377046585083,0.07764375954866409,0.0
16QAM-K1824,zero,4,750,0.0022615131456404924,0.5038377046585083,0.07344670593738556,0.0
16QAM-K1824,zero,4,775,0.0022272479254752398,0.5038377046585083,0.06959692388772964,0.0
16QAM-K1824,zero,4,800,0.002158717019483447,0.5038377046585083,0.0660555362701416,0.0
16QAM-K1824,zero,4,825,0.0021244517993181944,0.5038377046585083,0.06278754025697708,0.0
16QAM-K1824,zero,4,850,0.002090186346322298,0.5038377046585083,0.059765662997961044,0.0
16QAM-K1824,zero,4,875,0.0021244517993181944,0.5038377046585083,0.05696325749158859,0.0
16QAM-K1824,zero,4,900,0.0021244517993181944,0.5038377046585083,0.05435985326766968,0.0
16QAM-K1824,zero,4,925,0.0021244517993181944,0.5038377046585083,0.05193682387471199,0.0
16QAM-K1824,zero,4,950,0.0021244517993181944,0.5038377046585083,0.04967722296714783,0.0
16QAM-K1824,zero,4,975,0.002158717019483447,0.5038377046585083,0.04756646603345871,0.0
16QAM-K1824,zero,4,1000,0.0021244517993181944,0.5038377046585083,0.045591793954372406,0.0
16QAM-K1824,zero,4,1025,0.002090186346322298,0.5038377046585083,0.04373971372842789,0.0
16QAM-K1824,zero,4,1050,0.002090186346322298,0.5038377046585083,0.04200149327516556,0.0
16QAM-K1824,zero,4,1075,0.002090186346322298,0.5038377046585083,0.04036583751440048,0.0
16QAM-K1824,zero,4,1100,0.002090186346322298,0.5038377046585083,0.038826316595077515,0.0
16QAM-K1824,zero,4,1125,0.0021244517993181944,0.5038377046585083,0.037373241037130356,0.0
16QAM-K1824,zero,4,1150,0.0021244517993181944,0.5038377046585083,0.03600168973207474,0.0
16QAM-K1824,zero,4,1175,0.0021244517993181944,0.5038377046585083,0.03470403328537941,0.0
16QAM-K1824,zero,4,1200,0.0021244517993181944,0.5038377046585083,0.033475082367658615,0.0
16QAM-K1824,zero,4,1225,0.002090186346322298,0.5038377046585083,0.0323103703558445,0.0
16QAM-K1824,zero,4,1250,0.002090186346322298,0.5038377046585083,0.031206335872411728,0.0
16QAM-K1824,zero,4,1275,0.002090186346322298,0.5038377046585083,0.030156956985592842,0.0
16QAM-K1824,zero,4,1300,0.0021244517993181944,0.5038377046585083,0.02915932610630989,0.0
16QAM-K1824,zero,4,1325,0.0021244517993181944,0.5038377046585083,0.028210259974002838,0.0
16QAM-K1824,zero,4,1350,0.0021244517993181944,0.5038377046585083,0.02730637788772583,0.0
16QAM-K1824,zero,4,1375,0.002090186346322298,0.5038377046585083,0.026445826515555382,0.0
16QAM-K1824,zero,4,1400,0.002090186346322298,0.5038377046585083,0.025623824447393417,0.0
16QAM-K1824,zero,4,1425,0.0020559211261570454,0.5038377046585083,0.024838866665959358,0.0
16QAM-K1824,zero,4,1450,0.0020559211261570454,0.5038377046585083,0.024088792502880096,0.0
16QAM-K1824,zero,4,1475,0.0020559211261570454,0.5038377046585083,0.023371467366814613,0.0
16QAM-K1824,zero,4,1500,0.002090186346322298,0.5038377046585083,0.02268495410680771,0.0
16QAM-K1824,rand,0,1,0.4908854067325592,0.48231908679008484,9.976612091064453,7.911237716674805
16QAM-K1824,rand,0,25,0.2751850485801697,0.31729716062545776,6.04319953918457,5.004302501678467
16QAM-K1824,rand,0,50,0.1932908445596695,0.25589364767074585,3.262744426727295,2.9694888591766357
16QAM-K1824,rand,0,75,0.16186952590942383,0.23416940867900848,2.093618154525757,1.9082452058792114
16QAM-K1824,rand,0,100,0.128769189119339,0.2136102020740509,1.5767028331756592,1.4692624807357788
16QAM-K1824,rand,0,125,0.09748492389917374,0.20127467811107635,1.2675416469573975,1.6101491451263428
16QAM-K1824,rand,0,150,0.07000411301851273,0.195175439119339,1.0394814014434814,2.107908248901367
16QAM-K1824,rand,0,175,0.049924615770578384,0.19346217811107635,0.8567861914634705,2.2089056968688965
16QAM-K1824,rand,0,200,0.03371710702776909,0.1940789520740509,0.706983208656311,1.6382430791854858
16QAM-K1824,rand,0,225,0.022169681265950203,0.19565515220165253,0.5829923748970032,1.179661750793457
16QAM-K1824,rand,0,250,0.01511101983487606,0.19620339572429657,0.48328766226768494,0.8819628357887268
16QAM-K1824,rand,0,275,0.010142544284462929,0.19688871502876282,0.40492868423461914,0.6835774183273315
16QAM-K1824,rand,0,300,0.006818804889917374,0.19764254987239838,0.34387117624282837,0.545242965221405
16QAM-K1824,rand,0,325,0.005242598708719015,0.1977796107530594,0.29568490386009216,0.43846988677978516
16QAM-K1824,rand,0,350,0.004523026291280985,0.1980537325143814,0.25767460465431213,0.37038588523864746
16QAM-K1824,rand,0,375,0.00390625,0.19832785427570343,0.22742006182670593,0.31151604652404785
16QAM-K1824,rand,0,400,0.0036663925275206566,0.19846491515636444,0.20291908085346222,0.2703837454319
16QAM-K1824,rand,0,425,0.0034608005080372095,0.19867050647735596,0.18262411653995514,0.23626157641410828
16QAM-K1824,rand,0,450,0.003015351016074419,0.19867050647735596,0.16550712287425995,0.21701167523860931
16QAM-K1824,rand,0,475,0.0027754935435950756,0.19880756735801697,0.15090791881084442,0.19808879494667053
16QAM-K1824,rand,0,500,0.0026726974174380302,0.19873903691768646,0.13833598792552948,0.18178582191467285
16QAM-K1824,rand,0,525,0.0023985744919627905,0.19894462823867798,0.12740164995193481,0.15729758143424988
16QAM-K1824,rand,0,550,0.0023300438188016415,0.19894462823867798,0.11780310422182083,0.14150232076644897
16QAM-K1824,rand,0,575,0.0022615131456404924,0.19894462823867798,0.10933373868465424,0.1292407214641571
16QAM-K1824,rand,0,600,0.002158717019483447,0.19894462823867798,0.10182058066129684,0.11930233985185623
16QAM-K1824,rand,0,625,0.002090186346322298,0.19901315867900848,0.09510687738656998,0.11140080541372299
16QAM-K1824,rand,0,650,0.0019873904529958963,0.1991502195596695,0.08907412737607956,0.10558290779590607
16QAM-K1824,rand,0,675,0.0019188596634194255,0.1991502195596695,0.08363272249698639,0.10023120790719986
16QAM-K1824,rand,0,700,0.001884594326838851,0.199081689119339,0.07870558649301529,0.08984864503145218
16QAM-K1824,rand,0,725,0.001884594326838851,0.199081689119339,0.07422742247581482,0.08398042619228363
16QAM-K1824,rand,0,750,0.0018503289902582765,0.1991502195596695,0.07014315575361252,0.07974319905042648
16QAM-K1824,rand,0,775,0.001816063653677702,0.1991502195596695,0.06640638411045074,0.07455191761255264
16QAM-K1824,rand,0,800,0.0017817982006818056,0.19921875,0.0629773736000061,0.06988803297281265
16QAM-K1824,rand,0,825,0.001816063653677702,0.19921875,0.05981937423348427,0.06568797677755356
16QAM-K1824,rand,0,850,0.0017817982006818056,0.19921875,0.056900784373283386,0.06214943155646324
16QAM-K1824,rand,0,875,0.0017817982006818056,0.199355810880661,0.0541987381875515,0.061851873993873596
16QAM-K1824,rand,0,900,0.001747532864101231,0.199355810880661,0.051692813634872437,0.05618540570139885
16QAM-K1824,rand,0,925,0.001747532864101231,0.199355810880661,0.04936368763446808,0.053287990391254425
16QAM-K1824,rand,0,950,0.001747532864101231,0.199355810880661,0.047194287180900574,0.050867125391960144
16QAM-K1824,rand,0,975,0.001747532864101231,0.19942434132099152,0.04516927897930145,0.04846449941396713
16QAM-K1824,rand,0,1000,0.0017132675275206566,0.19942434132099152,0.04327491298317909,0.04617492854595184
16QAM-K1824,rand,0,1025,0.001679002190940082,0.19942434132099152,0.04149962216615677,0.04422399029135704
16QAM-K1824,rand,0,1050,0.001679002190940082,0.19949287176132202,0.03983360528945923,0.044128675013780594
16QAM-K1824,rand,0,1075,0.001679002190940082,0.19949287176132202,0.03826809674501419,0.040573716163635254
16QAM-K1824,rand,0,1100,0.001679002190940082,0.19949287176132202,0.03679496422410011,0.03904382511973381
16QAM-K1824,rand,0,1125,0.0017132675275206566,0.19949287176132202,0.03540679067373276,0.03804555535316467
16QAM-K1824,rand,0,1150,0.0017132675275206566,0.19956140220165253,0.03409692272543907,0.03664570674300194
16QAM-K1824,rand,0,1175,0.0017132675275206566,0.19949287176132202,0.03285936266183853,0.03504781424999237
16QAM-K1824,rand,0,1200,0.0017132675275206566,0.19949287176132202,0.031688667833805084,0.03357381001114845
16QAM-K1824,rand,0,1225,0.0017132675275206566,0.19949287176132202,0.030579956248402596,0.03243586793541908
16QAM-K1824,rand,0,1250,0.0017132675275206566,0.19942434132099152,0.02952878549695015,0.03144526481628418
16QAM-K1824,rand,0,1275,0.0017132675275206566,0.19942434132099152,0.028531087562441826,0.030234655365347862
16QAM-K1824,rand,0,1300,0.0017132675275206566,0.19942434132099152,0.027583172544836998,0.029213842004537582
16QAM-K1824,rand,0,1325,0.0017132675275206566,0.19949287176132202,0.02668168768286705,0.029697125777602196
16QAM-K1824,rand,0,1350,0.0017132675275206566,0.19956140220165253,0.02582353539764881,0.027925580739974976
16QAM-K1824,rand,0,1375,0.0017132675275206566,0.19956140220165253,0.025005897507071495,0.02635575644671917
16QAM-K1824,rand,0,1400,0.0017132675275206566,0.19956140220165253,0.024226151406764984,0.026173148304224014
16QAM-K1824,rand,0,1425,0.0017132675275206566,0.19969846308231354,0.02348196692764759,0.02573166787624359
16QAM-K1824,rand,0,1450,0.0017132675275206566,0.19969846308231354,0.02277103066444397,0.024122584611177444
16QAM-K1824,rand,0,1475,0.001679002190940082,0.19969846308231354,0.022091375663876534,0.023320863023400307
16QAM-K1824,rand,0,1500,0.001679002190940082,0.19969846308231354,0.021441105753183365,0.022592751309275627
16QAM-K1824,rand,1,1,0.4880756735801697,0.4912280738353729,9.92026424407959,7.902475833892822
16QAM-K1824,rand,1,25,0.27449971437454224,0.31702303886413574,6.02356481552124,4.973627090454102
16QAM-K1824,rand,1,50,0.19102932512760162,0.2550712823867798,3.255843162536621,2.9556870460510254
16QAM-K1824,rand,1,75,0.15816886723041534,0.23492324352264404,2.0814266204833984,1.9250948429107666
16QAM-K1824,rand,1,100,0.12664473056793213,0.21388432383537292,1.5575939416885376,1.50033700466156
16QAM-K1824,rand,1,125,0.09714227169752121,0.19997258484363556,1.2484673261642456,1.6847368478775024
16QAM-K1824,rand,1,150,0.07250548154115677,0.1941474825143814,1.026168942451477,2.095001697540283
16QAM-K1824,rand,1,175,0.05026727169752121,0.19209155440330505,0.8507020473480225,2.060361623764038
16QAM-K1824,rand,1,200,0.03488212823867798,0.19325658679008484,0.7029329538345337,1.6224043369293213
16QAM-K1824,rand,1,225,0.023231908679008484,0.1952439695596695,0.5785030126571655,1.2080022096633911
16QAM-K1824,rand,1,250,0.016378838568925858,0.1966145783662796,0.47937628626823425,0.9076013565063477
16QAM-K1824,rand,1,275,0.011753015220165253,0.19736842811107635,0.4019760489463806,0.6736965179443359
16QAM-K1824,rand,1,300,0.009011787362396717,0.19757401943206787,0.3416083753108978,0.5321402549743652
16QAM-K1824,rand,1,325,0.006955866236239672,0.1978481411933899,0.2946057915687561,0.4475575387477875
16QAM-K1824,rand,1,350,0.005688048433512449,0.1980537325143814,0.25733256340026855,0.36804190278053284
16QAM-K1824,rand,1,375,0.004660087637603283,0.19819079339504242,0.2272423505783081,0.31750890612602234
16QAM-K1824,rand,1,400,0.004248903598636389,0.19846491515636444,0.20262184739112854,0.2762259244918823
16QAM-K1824,rand,1,425,0.0038719847798347473,0.19839638471603394,0.1821998655796051,0.24849557876586914
16QAM-K1824,rand,1,450,0.003632127307355404,0.19880756735801697,0.1650337278842926,0.2215597778558731
16QAM-K1824,rand,1,475,0.0034608005080372095,0.19880756735801697,0.15041087567806244,0.19482676684856415
16QAM-K1824,rand,1,500,0.003152412362396717,0.19873903691768646,0.13781550526618958,0.17377318441867828
16QAM-K1824,rand,1,525,0.003083881689235568,0.19873903691768646,0.12685684859752655,0.15600325167179108
16QAM-K1824,rand,1,550,0.0031181469094008207,0.19880756735801697,0.11726424843072891,0.14195452630519867
16QAM-K1824,rand,1,575,0.0030496162362396717,0.19880756735801697,0.10880368202924728,0.12891137599945068
16QAM-K1824,rand,1,600,0.0029810855630785227,0.19880756735801697,0.10131067782640457,0.118401899933815
16QAM-K1824,rand,1,625,0.0029125548899173737,0.19887609779834747,0.09463467448949814,0.11062126606702805
16QAM-K1824,rand,1,650,0.0028440242167562246,0.19894462823867798,0.08864904940128326,0.10175182670354843
16QAM-K1824,rand,1,675,0.0027754935435950756,0.19894462823867798,0.08325394988059998,0.09506604075431824
16QAM-K1824,rand,1,700,0.0027412280905991793,0.19894462823867798,0.07836765050888062,0.08947969973087311
16QAM-K1824,rand,1,725,0.0027754935435950756,0.19894462823867798,0.07392597943544388,0.08357743918895721
16QAM-K1824,rand,1,750,0.0027412280905991793,0.19901315867900848,0.06987195461988449,0.07943747192621231
16QAM-K1824,rand,1,775,0.0026726974174380302,0.19901315867900848,0.0661577582359314,0.07411365956068039
16QAM-K1824,rand,1,800,0.0026041667442768812,0.199081689119339,0.06274344772100449,0.0710449367761612
16QAM-K1824,rand,1,825,0.0026041667442768812,0.1991502195596695,0.059598445892333984,0.06607731431722641
16QAM-K1824,rand,1,850,0.002535636071115732,0.1991502195596695,0.05669521167874336,0.06252238899469376
16QAM-K1824,rand,1,875,0.002535636071115732,0.19921875,0.05400848388671875,0.059579748660326004
16QAM-K1824,rand,1,900,0.002501370618119836,0.1992872804403305,0.051516685634851456,0.057381946593523026
16QAM-K1824,rand,1,925,0.0024671051651239395,0.199355810880661,0.04920046776533127,0.053870607167482376
16QAM-K1824,rand,1,950,0.0024671051651239395,0.199355810880661,0.047042619436979294,0.05119704827666283
16QAM-K1824,rand,1,975,0.0023985744919627905,0.1992872804403305,0.045028094202280045,0.04860275238752365
16QAM-K1824,rand,1,1000,0.002364309271797538,0.1992872804403305,0.04314366728067398,0.04631771147251129
16QAM-K1824,rand,1,1025,0.0022957785986363888,0.1992872804403305,0.041377704590559006,0.04425893723964691
16QAM-K1824,rand,1,1050,0.0022615131456404924,0.1992872804403305,0.03971978276968002,0.04240380972623825
16QAM-K1824,rand,1,1075,0.0022272479254752398,0.19942434132099152,0.03816060721874237,0.04266964644193649
16QAM-K1824,rand,1,1100,0.002158717019483447,0.19942434132099152,0.03669191151857376,0.03931909054517746
16QAM-K1824,rand,1,1125,0.002158717019483447,0.19942434132099152,0.035306643694639206,0.03758427873253822
16QAM-K1824,rand,1,1150,0.0021244517993181944,0.19942434132099152,0.033998679369688034,0.03604721650481224
16QAM-K1824,rand,1,1175,0.0021244517993181944,0.19942434132099152,0.032762400805950165,0.03462262451648712
16QAM-K1824,rand,1,1200,0.0021244517993181944,0.19942434132099152,0.031593069434165955,0.03329113870859146
16QAM-K1824,rand,1,1225,0.0021244517993181944,0.19942434132099152,0.03048601746559143,0.03204318508505821
16QAM-K1824,rand,1,1250,0.0021244517993181944,0.19942434132099152,0.02943689562380314,0.030871788039803505
16QAM-K1824,rand,1,1275,0.0021244517993181944,0.19942434132099152,0.02844163030385971,0.029773473739624023
16QAM-K1824,rand,1,1300,0.0021244517993181944,0.19942434132099152,0.02749628573656082,0.028750842437148094
16QAM-K1824,rand,1,1325,0.0021244517993181944,0.19942434132099152,0.02659720741212368,0.027837414294481277
16QAM-K1824,rand,1,1350,0.002090186346322298,0.19942434132099152,0.025740982964634895,0.027647027745842934
16QAM-K1824,rand,1,1375,0.002090186346322298,0.19956140220165253,0.02492472156882286,0.02655652165412903
16QAM-K1824,rand,1,1400,0.0021244517993181944,0.19956140220165253,0.02414610981941223,0.026129115372896194
16QAM-K1824,rand,1,1425,0.0021244517993181944,0.19962993264198303,0.023402804508805275,0.024554237723350525
16QAM-K1824,rand,1,1450,0.002090186346322298,0.19962993264198303,0.022692713886499405,0.023728081956505775
16QAM-K1824,rand,1,1475,0.002090186346322298,0.19962993264198303,0.022013789042830467,0.02296808548271656
16QAM-K1824,rand,1,1500,0.002090186346322298,0.19962993264198303,0.02136409282684326,0.022255094721913338
16QAM-K1824,rand,2,1,0.49170780181884766,0.4884868562221527,9.976146697998047,7.93285608291626
16QAM-K1824,rand,2,25,0.27730947732925415,0.3192845284938812,6.060990333557129,5.0447163581848145
16QAM-K1824,rand,2,50,0.1927768588066101,0.25609922409057617,3.270373821258545,3.0196549892425537
16QAM-K1824,rand,2,75,0.16039611399173737,0.23341557383537292,2.0897293090820312,1.9382920265197754
16QAM-K1824,rand,2,100,0.1296943575143814,0.21456962823867798,1.5672053098678589,1.5125960111618042
16QAM-K1824,rand,2,125,0.09984923154115677,0.20141173899173737,1.261719822883606,1.6784424781799316
16QAM-K1824,rand,2,150,0.07288239896297455,0.19490131735801697,1.0403423309326172,2.149492025375366
16QAM-K1824,rand,2,175,0.05060992389917374,0.19291391968727112,0.86190265417099,2.0700175762176514
16QAM-K1824,rand,2,200,0.03381990268826485,0.19373629987239838,0.7116310000419617,1.5910977125167847
16QAM-K1824,rand,2,225,0.022238213568925858,0.1952439695596695,0.5861994624137878,1.1945921182632446
16QAM-K1824,rand,2,250,0.014665570110082626,0.1965460479259491,0.48466479778289795,0.921874463558197
16QAM-K1824,rand,2,275,0.010656524449586868,0.19688871502876282,0.4044928550720215,0.7231702208518982
16QAM-K1824,rand,2,300,0.008223684504628181,0.19716283679008484,0.3428453207015991,0.5535988807678223
16QAM-K1824,rand,2,325,0.0065446821972727776,0.19709430634975433,0.2953118085861206,0.44560980796813965
16QAM-K1824,rand,2,350,0.005550987087190151,0.19764254987239838,0.2578639090061188,0.37988245487213135
16QAM-K1824,rand,2,375,0.0044544958509504795,0.19771108031272888,0.2278679609298706,0.31488946080207825
16QAM-K1824,rand,2,400,0.004111842252314091,0.1979166716337204,0.20327629148960114,0.2828768789768219
16QAM-K1824,rand,2,425,0.00390625,0.1979166716337204,0.18281620740890503,0.24686206877231598
16QAM-K1824,rand,2,450,0.0036663925275206566,0.19819079339504242,0.16560068726539612,0.21950188279151917
16QAM-K1824,rand,2,475,0.0033922698348760605,0.19819079339504242,0.15096108615398407,0.19791248440742493
16QAM-K1824,rand,2,500,0.0032552082557231188,0.19832785427570343,0.13837219774723053,0.17368189990520477
16QAM-K1824,rand,2,525,0.003083881689235568,0.19832785427570343,0.12743039429187775,0.15989042818546295
16QAM-K1824,rand,2,550,0.003083881689235568,0.19846491515636444,0.1178695484995842,0.14230380952358246
16QAM-K1824,rand,2,575,0.0029468201100826263,0.19846491515636444,0.10940980166196823,0.12995478510856628
16QAM-K1824,rand,2,600,0.0027754935435950756,0.19853344559669495,0.10188919305801392,0.12311927229166031
16QAM-K1824,rand,2,625,0.002706962637603283,0.19860197603702545,0.09518233686685562,0.11229252815246582
16QAM-K1824,rand,2,650,0.0026726974174380302,0.19867050647735596,0.08915694057941437,0.10506679862737656
16QAM-K1824,rand,2,675,0.002706962637603283,0.19873903691768646,0.08372213691473007,0.09648330509662628
16QAM-K1824,rand,2,700,0.002638431964442134,0.19880756735801697,0.0787997767329216,0.09001059830188751
16QAM-K1824,rand,2,725,0.0026041667442768812,0.19880756735801697,0.07432203739881516,0.08383390307426453
16QAM-K1824,rand,2,750,0.002569901291280985,0.19887609779834747,0.07023538649082184,0.0791577622294426
16QAM-K1824,rand,2,775,0.002569901291280985,0.19887609779834747,0.06649351119995117,0.07451298087835312
16QAM-K1824,rand,2,800,0.002535636071115732,0.19901315867900848,0.06305830925703049,0.07375375926494598
16QAM-K1824,rand,2,825,0.002535636071115732,0.19901315867900848,0.05989592522382736,0.06652965396642685
16QAM-K1824,rand,2,850,0.002501370618119836,0.19901315867900848,0.05697506293654442,0.06457078456878662
16QAM-K1824,rand,2,875,0.002501370618119836,0.19894462823867798,0.05427008122205734,0.05952293798327446
16QAM-K1824,rand,2,900,0.0024671051651239395,0.19894462823867798,0.05176067724823952,0.056479863822460175
16QAM-K1824,rand,2,925,0.002432839944958687,0.19894462823867798,0.04942788556218147,0.05396075174212456
16QAM-K1824,rand,2,950,0.002432839944958687,0.19901315867900848,0.047254763543605804,0.05426328629255295
16QAM-K1824,rand,2,975,0.0024671051651239395,0.19894462823867798,0.04522663727402687,0.04968761280179024
16QAM-K1824,rand,2,1000,0.0024671051651239395,0.19894462823867798,0.04333050176501274,0.04715916886925697
16QAM-K1824,rand,2,1025,0.0024671051651239395,0.19894462823867798,0.04155474528670311,0.045006778091192245
16QAM-K1824,rand,2,1050,0.0024671051651239395,0.19894462823867798,0.039889030158519745,0.04306860640645027
16QAM-K1824,rand,2,1075,0.0024671051651239395,0.19894462823867798,0.03832397237420082,0.04175272956490517
16QAM-K1824,rand,2,1100,0.002432839944958687,0.199081689119339,0.03685133904218674,0.039882391691207886
16QAM-K1824,rand,2,1125,0.0024671051651239395,0.199081689119339,0.03546366095542908,0.03814293071627617
16QAM-K1824,rand,2,1150,0.0024671051651239395,0.199081689119339,0.034154221415519714,0.03680992126464844
16QAM-K1824,rand,2,1175,0.0024671051651239395,0.1991502195596695,0.03291701897978783,0.03601580113172531
16QAM-K1824,rand,2,1200,0.002501370618119836,0.1992872804403305,0.031746529042720795,0.03458474576473236
16QAM-K1824,rand,2,1225,0.002535636071115732,0.1992872804403305,0.03063780814409256,0.03279022499918938
16QAM-K1824,rand,2,1250,0.002535636071115732,0.1992872804403305,0.0295863077044487,0.031539186835289
16QAM-K1824,rand,2,1275,0.002501370618119836,0.1992872804403305,0.02858779765665531,0.030384929850697517
16QAM-K1824,rand,2,1300,0.002501370618119836,0.1992872804403305,0.027638636529445648,0.029308153316378593
16QAM-K1824,rand,2,1325,0.0024671051651239395,0.1992872804403305,0.02673572488129139,0.028311681002378464
16QAM-K1824,rand,2,1350,0.0024671051651239395,0.1992872804403305,0.02587597444653511,0.027442865073680878
16QAM-K1824,rand,2,1375,0.002432839944958687,0.1992872804403305,0.02505568042397499,0.027154717594385147
16QAM-K1824,rand,2,1400,0.0023985744919627905,0.19921875,0.024272438138723373,0.025874579325318336
16QAM-K1824,rand,2,1425,0.0023985744919627905,0.19921875,0.023524900898337364,0.024967920035123825
16QAM-K1824,rand,2,1450,0.0023985744919627905,0.19921875,0.02281094714999199,0.025326332077383995
16QAM-K1824,rand,2,1475,0.0023985744919627905,0.1992872804403305,0.0221285130828619,0.023601733148097992
16QAM-K1824,rand,2,1500,0.0023985744919627905,0.1992872804403305,0.02147565968334675,0.022668400779366493
16QAM-K1824,rand,3,1,0.4856770932674408,0.4873218238353729,9.926844596862793,7.924667835235596
16QAM-K1824,rand,3,25,0.27035361528396606,0.3190789520740509,6.03773307800293,5.00319242477417
16QAM-K1824,rand,3,50,0.19092653691768646,0.25829222798347473,3.2536401748657227,2.997199058532715
16QAM-K1824,rand,3,75,0.15847724676132202,0.23629386723041534,2.0828402042388916,1.943453073501587
16QAM-K1824,rand,3,100,0.12613075971603394,0.21559758484363556,1.5599517822265625,1.5193498134613037
16QAM-K1824,rand,3,125,0.09779331088066101,0.20004111528396606,1.254105806350708,1.648865818977356
16QAM-K1824,rand,3,150,0.07147752493619919,0.1927768588066101,1.0346654653549194,2.0569798946380615
16QAM-K1824,rand,3,175,0.04869106411933899,0.19106359779834747,0.8560316562652588,2.0395724773406982
16QAM-K1824,rand,3,200,0.03258634731173515,0.19195449352264404,0.7049703598022461,1.6664057970046997
16QAM-K1824,rand,3,225,0.022101150825619698,0.19373629987239838,0.5798452496528625,1.2341632843017578
16QAM-K1824,rand,3,250,0.014802631922066212,0.19435307383537292,0.4803534150123596,0.9181724190711975
16QAM-K1824,rand,3,275,0.010313870385289192,0.195449560880661,0.4023365378379822,0.7077599763870239
16QAM-K1824,rand,3,300,0.007469846401363611,0.19586074352264404,0.3417142927646637,0.5472186207771301
16QAM-K1824,rand,3,325,0.005825109779834747,0.19599780440330505,0.29420819878578186,0.4453977644443512
16QAM-K1824,rand,3,350,0.004385964944958687,0.19613486528396606,0.25661981105804443,0.376175194978714
16QAM-K1824,rand,3,375,0.003769188653677702,0.1964775174856186,0.22654710710048676,0.313145250082016
16QAM-K1824,rand,3,400,0.003358004381880164,0.1966831088066101,0.20195931196212769,0.27946069836616516
16QAM-K1824,rand,3,425,0.0030496162362396717,0.1967516392469406,0.18170930445194244,0.2374851554632187
16QAM-K1824,rand,3,450,0.0028440242167562246,0.19682016968727112,0.16470667719841003,0.21989859640598297
16QAM-K1824,rand,3,475,0.0026041667442768812,0.19688871502876282,0.1501828283071518,0.2010030448436737
16QAM-K1824,rand,3,500,0.0023985744919627905,0.19682016968727112,0.137651264667511,0.17278029024600983
16QAM-K1824,rand,3,525,0.0023300438188016415,0.19682016968727112,0.12675514817237854,0.1618921458721161
16QAM-K1824,rand,3,550,0.0022272479254752398,0.19688871502876282,0.11720582097768784,0.14261102676391602
16QAM-K1824,rand,3,575,0.002158717019483447,0.19695724546909332,0.10878077894449234,0.12954097986221313
16QAM-K1824,rand,3,600,0.0021244517993181944,0.19695724546909332,0.10129754990339279,0.11868467181921005
16QAM-K1824,rand,3,625,0.0021244517993181944,0.19695724546909332,0.0946185439825058,0.10951236635446548
16QAM-K1824,rand,3,650,0.0020559211261570454,0.19695724546909332,0.08863101899623871,0.10175580531358719
16QAM-K1824,rand,3,675,0.001953125,0.19702577590942383,0.08323227614164352,0.09802122414112091
16QAM-K1824,rand,3,700,0.001953125,0.19709430634975433,0.07834138721227646,0.09188645333051682
16QAM-K1824,rand,3,725,0.001953125,0.19716283679008484,0.07389482110738754,0.08403825014829636
16QAM-K1824,rand,3,750,0.0019188596634194255,0.19723136723041534,0.06983816623687744,0.07946240156888962
16QAM-K1824,rand,3,775,0.0019188596634194255,0.19723136723041534,0.06612420827150345,0.0738983303308487
16QAM-K1824,rand,3,800,0.001816063653677702,0.19723136723041534,0.06271150708198547,0.06969083100557327
16QAM-K1824,rand,3,825,0.001816063653677702,0.19729989767074585,0.059565670788288116,0.06695982068777084
16QAM-K1824,rand,3,850,0.001816063653677702,0.19736842811107635,0.056661102920770645,0.06244277209043503
16QAM-K1824,rand,3,875,0.0017817982006818056,0.19736842811107635,0.05397411063313484,0.05930522456765175
16QAM-K1824,rand,3,900,0.001816063653677702,0.19729989767074585,0.05148199573159218,0.05637700855731964
16QAM-K1824,rand,3,925,0.001816063653677702,0.19729989767074585,0.04916493967175484,0.05312718078494072
16QAM-K1824,rand,3,950,0.0017817982006818056,0.19729989767074585,0.047006238251924515,0.05094436928629875
16QAM-K1824,rand,3,975,0.0017817982006818056,0.19736842811107635,0.04499126225709915,0.051012199372053146
16QAM-K1824,rand,3,1000,0.0017817982006818056,0.19736842811107635,0.04310709983110428,0.04668678343296051
16QAM-K1824,rand,3,1025,0.0017817982006818056,0.19736842811107635,0.04134221002459526,0.04443327710032463
16QAM-K1824,rand,3,1050,0.0017817982006818056,0.19736842811107635,0.039686255156993866,0.042811788618564606
16QAM-K1824,rand,3,1075,0.001816063653677702,0.19743695855140686,0.03812996670603752,0.0407603420317173
16QAM-K1824,rand,3,1100,0.0018503289902582765,0.19743695855140686,0.0366651676595211,0.03899586945772171
16QAM-K1824,rand,3,1125,0.0018503289902582765,0.19750548899173737,0.03528430312871933,0.03783774375915527
16QAM-K1824,rand,3,1150,0.001884594326838851,0.19743695855140686,0.0339808389544487,0.03645176813006401
16QAM-K1824,rand,3,1175,0.001884594326838851,0.19750548899173737,0.03274892270565033,0.03517300635576248
16QAM-K1824,rand,3,1200,0.001884594326838851,0.19764254987239838,0.03158332034945488,0.03371499478816986
16QAM-K1824,rand,3,1225,0.001884594326838851,0.19764254987239838,0.030479323118925095,0.032304827123880386
16QAM-K1824,rand,3,1250,0.001884594326838851,0.19764254987239838,0.02943277545273304,0.031148642301559448
16QAM-K1824,rand,3,1275,0.001884594326838851,0.19764254987239838,0.028439894318580627,0.030920598655939102
16QAM-K1824,rand,3,1300,0.001884594326838851,0.19771108031272888,0.027497028931975365,0.030003376305103302
16QAM-K1824,rand,3,1325,0.0018503289902582765,0.19771108031272888,0.026599222794175148,0.028438469395041466
16QAM-K1824,rand,3,1350,0.0018503289902582765,0.1978481411933899,0.0257426630705595,0.027216363698244095
16QAM-K1824,rand,3,1375,0.0018503289902582765,0.1977796107530594,0.024926837533712387,0.027062328532338142
16QAM-K1824,rand,3,1400,0.0018503289902582765,0.1977796107530594,0.024149397388100624,0.025517376139760017
16QAM-K1824,rand,3,1425,0.0018503289902582765,0.1977796107530594,0.023407649248838425,0.024632003158330917
16QAM-K1824,rand,3,1450,0.0018503289902582765,0.1977796107530594,0.022699199616909027,0.02381834201514721
16QAM-K1824,rand,3,1475,0.001816063653677702,0.1977796107530594,0.022021858021616936,0.02305445820093155
16QAM-K1824,rand,3,1500,0.001816063653677702,0.1977796107530594,0.021373631432652473,0.022333752363920212
16QAM-K1824,rand,4,1,0.4929755926132202,0.4945860803127289,9.938188552856445,7.94134521484375
16QAM-K1824,rand,4,25,0.2769668400287628,0.324081689119339,6.026453018188477,4.976340293884277
16QAM-K1824,rand,4,50,0.19425027072429657,0.26254111528396606,3.2449774742126465,2.9798583984375
16QAM-K1824,rand,4,75,0.16368557512760162,0.2434895783662796,2.0778026580810547,1.9283899068832397
16QAM-K1824,rand,4,100,0.13199013471603394,0.22313596308231354,1.5640794038772583,1.49675452709198
16QAM-K1824,rand,4,125,0.09943804889917374,0.20805920660495758,1.2638828754425049,1.6406477689743042
16QAM-K1824,rand,4,150,0.07199150323867798,0.20086349546909332,1.0415319204330444,2.099668502807617
16QAM-K1824,rand,4,175,0.04985608533024788,0.19942434132099152,0.860609233379364,2.077746868133545
16QAM-K1824,rand,4,200,0.03361430764198303,0.19949287176132202,0.7077615261077881,1.5891283750534058
16QAM-K1824,rand,4,225,0.022478070110082626,0.2006578892469406,0.5822073817253113,1.1909046173095703
16QAM-K1824,rand,4,250,0.014871162362396717,0.2019599825143814,0.48105913400650024,0.8866885304450989
16QAM-K1824,rand,4,275,0.010416666977107525,0.20264528691768646,0.40267735719680786,0.6707198619842529
16QAM-K1824,rand,4,300,0.007881030440330505,0.20291940867900848,0.34218651056289673,0.5255187153816223
16QAM-K1824,rand,4,325,0.005893640220165253,0.20339912176132202,0.2954288423061371,0.4527535140514374
16QAM-K1824,rand,4,350,0.0044202301651239395,0.20394736528396606,0.25820809602737427,0.382217139005661
16QAM-K1824,rand,4,375,0.003700657980516553,0.20422148704528809,0.2278260886669159,0.3278157413005829
16QAM-K1824,rand,4,400,0.0031181469094008207,0.20422148704528809,0.20293068885803223,0.2849826216697693
16QAM-K1824,rand,4,425,0.0027754935435950756,0.20422148704528809,0.18229825794696808,0.24646688997745514
16QAM-K1824,rand,4,450,0.002569901291280985,0.20408442616462708,0.16502618789672852,0.22087612748146057
16QAM-K1824,rand,4,475,0.002501370618119836,0.20422148704528809,0.1503705382347107,0.19656339287757874
16QAM-K1824,rand,4,500,0.0022957785986363888,0.20415295660495758,0.13778097927570343,0.1740545928478241
16QAM-K1824,rand,4,525,0.0022272479254752398,0.2042900174856186,0.12685969471931458,0.15873406827449799
16QAM-K1824,rand,4,550,0.002158717019483447,0.2043585479259491,0.11730349063873291,0.1481788009405136
16QAM-K1824,rand,4,575,0.002090186346322298,0.2044956088066101,0.10887209326028824,0.13301795721054077
16QAM-K1824,rand,4,600,0.0019873904529958963,0.2045641392469406,0.10138516128063202,0.12210476398468018
16QAM-K1824,rand,4,625,0.0019188596634194255,0.2045641392469406,0.09470079839229584,0.1123860627412796
16QAM-K1824,rand,4,650,0.0018503289902582765,0.20476974546909332,0.0886961817741394,0.10674617439508438
16QAM-K1824,rand,4,675,0.0018503289902582765,0.20476974546909332,0.08327831327915192,0.09717389196157455
16QAM-K1824,rand,4,700,0.0018503289902582765,0.20490680634975433,0.07837500423192978,0.0976562649011612
16QAM-K1824,rand,4,725,0.001884594326838851,0.20490680634975433,0.07391933351755142,0.08543816953897476
16QAM-K1824,rand,4,750,0.001953125,0.20490680634975433,0.06985411047935486,0.08010987937450409
16QAM-K1824,rand,4,775,0.0019188596634194255,0.20490680634975433,0.06613408029079437,0.07939156889915466
16QAM-K1824,rand,4,800,0.001953125,0.20497533679008484,0.06271979212760925,0.07156828790903091
16QAM-K1824,rand,4,825,0.001953125,0.20497533679008484,0.05957695469260216,0.06697642058134079
16QAM-K1824,rand,4,850,0.001953125,0.20497533679008484,0.056676190346479416,0.06321186572313309
16QAM-K1824,rand,4,875,0.001953125,0.20497533679008484,0.053992122411727905,0.059827789664268494
16QAM-K1824,rand,4,900,0.0019873904529958963,0.20497533679008484,0.0515025369822979,0.05677646026015282
16QAM-K1824,rand,4,925,0.002021655673161149,0.20497533679008484,0.04918822646141052,0.05423329025506973
16QAM-K1824,rand,4,950,0.002021655673161149,0.20504386723041534,0.04703240096569061,0.052314482629299164
16QAM-K1824,rand,4,975,0.002021655673161149,0.20504386723041534,0.045020222663879395,0.04940219968557358
16QAM-K1824,rand,4,1000,0.0019873904529958963,0.20504386723041534,0.0431380532681942,0.04699976369738579
16QAM-K1824,rand,4,1025,0.0019873904529958963,0.20504386723041534,0.041374098509550095,0.045035846531391144
16QAM-K1824,rand,4,1050,0.0019873904529958963,0.20511239767074585,0.039718691259622574,0.04344126209616661
16QAM-K1824,rand,4,1075,0.0019873904529958963,0.20518092811107635,0.03816297650337219,0.041878264397382736
16QAM-K1824,rand,4,1100,0.002021655673161149,0.20518092811107635,0.036698728799819946,0.03963416814804077
16QAM-K1824,rand,4,1125,0.0019873904529958963,0.20518092811107635,0.035318296402692795,0.037984490394592285
16QAM-K1824,rand,4,1150,0.002021655673161149,0.20518092811107635,0.034014999866485596,0.03647076338529587
16QAM-K1824,rand,4,1175,0.0020559211261570454,0.20518092811107635,0.03278292343020439,0.03511388599872589
16QAM-K1824,rand,4,1200,0.002021655673161149,0.20524945855140686,0.03161684796214104,0.03470372036099434
16QAM-K1824,rand,4,1225,0.0020559211261570454,0.20524945855140686,0.030511869117617607,0.0326869934797287
16QAM-K1824,rand,4,1250,0.002021655673161149,0.20524945855140686,0.02946363016963005,0.03206203132867813
16QAM-K1824,rand,4,1275,0.0020559211261570454,0.20538651943206787,0.028468191623687744,0.03121666982769966
16QAM-K1824,rand,4,1300,0.0020559211261570454,0.20538651943206787,0.027522029355168343,0.029398411512374878
16QAM-K1824,rand,4,1325,0.0020559211261570454,0.20538651943206787,0.026621878147125244,0.0283441711217165
16QAM-K1824,rand,4,1350,0.002021655673161149,0.20545504987239838,0.025764750316739082,0.02750326506793499
16QAM-K1824,rand,4,1375,0.002021655673161149,0.20545504987239838,0.024947818368673325,0.02640363574028015
16QAM-K1824,rand,4,1400,0.002021655673161149,0.20545504987239838,0.02416859194636345,0.025511836633086205
16QAM-K1824,rand,4,1425,0.002021655673161149,0.20545504987239838,0.023424791172146797,0.02468058094382286
16QAM-K1824,rand,4,1450,0.002021655673161149,0.20545504987239838,0.02271423675119877,0.023911580443382263
16QAM-K1824,rand,4,1475,0.0020559211261570454,0.20545504987239838,0.022035004571080208,0.02322162687778473
16QAM-K1824,rand,4,1500,0.0020559211261570454,0.20545504987239838,0.021385230123996735,0.02347647026181221
16QAM-K1824,warm,0,1,0.30016446113586426,0.3033854067325592,9.148146629333496,7.369413375854492
16QAM-K1824,warm,0,25,0.1479235142469406,0.18777412176132202,5.358030796051025,4.381936550140381
16QAM-K1824,warm,0,50,0.11982592940330505,0.1848272979259491,2.930628776550293,2.5562078952789307
16QAM-K1824,warm,0,75,0.09073465317487717,0.17105263471603394,1.7964175939559937,1.6830732822418213
16QAM-K1824,warm,0,100,0.0807291641831398,0.16186952590942383,1.273149847984314,1.3982149362564087
16QAM-K1824,warm,0,125,0.06215734779834747,0.1509731411933899,1.0114558935165405,1.8704888820648193
16QAM-K1824,warm,0,150,0.04248903691768646,0.14692983031272888,0.839525043964386,2.2354488372802734
16QAM-K1824,warm,0,175,0.02864583395421505,0.14549067616462708,0.699621319770813,1.8338291645050049
16QAM-K1824,warm,0,200,0.017680920660495758,0.14651864767074585,0.5743821859359741,1.343579649925232
16QAM-K1824,warm,0,225,0.011170504614710808,0.14809484779834747,0.46882304549217224,0.9892306327819824
16QAM-K1824,warm,0,250,0.007675438653677702,0.1483689695596695,0.38706690073013306,0.7337777614593506
16QAM-K1824,warm,0,275,0.005893640220165253,0.14939692616462708,0.32548680901527405,0.5833049416542053
16QAM-K1824,warm,0,300,0.004728618543595076,0.1498766392469406,0.2788756191730499,0.4675005376338959
16QAM-K1824,warm,0,325,0.0036663925275206566,0.15001370012760162,0.24253110587596893,0.37882480025291443
16QAM-K1824,warm,0,350,0.0031181469094008207,0.15028783679008484,0.21339339017868042,0.31815698742866516
16QAM-K1824,warm,0,375,0.0027412280905991793,0.15056195855140686,0.18973608314990997,0.27990633249282837
16QAM-K1824,warm,0,400,0.002501370618119836,0.15069901943206787,0.17020107805728912,0.2382049262523651
16QAM-K1824,warm,0,425,0.002364309271797538,0.1509731411933899,0.153786763548851,0.21403129398822784
16QAM-K1824,warm,0,450,0.0022615131456404924,0.1510416716337204,0.1398376077413559,0.19177329540252686
16QAM-K1824,warm,0,475,0.0022272479254752398,0.15124726295471191,0.1278761774301529,0.16752079129219055
16QAM-K1824,warm,0,500,0.002158717019483447,0.15131579339504242,0.11752688139677048,0.15085209906101227
16QAM-K1824,warm,0,525,0.001953125,0.15145285427570343,0.10848938673734665,0.13731616735458374
16QAM-K1824,warm,0,550,0.001884594326838851,0.15145285427570343,0.10053379088640213,0.12489473819732666
16QAM-K1824,warm,0,575,0.001884594326838851,0.15152138471603394,0.09348560124635696,0.11510644853115082
16QAM-K1824,warm,0,600,0.001816063653677702,0.15138432383537292,0.08720466494560242,0.10936865955591202
16QAM-K1824,warm,0,625,0.0017817982006818056,0.15172697603702545,0.08157714456319809,0.10154411196708679
16QAM-K1824,warm,0,650,0.001747532864101231,0.15172697603702545,0.07651257514953613,0.09434638172388077
16QAM-K1824,warm,0,675,0.0017132675275206566,0.15172697603702545,0.07193554192781448,0.08581472933292389
16QAM-K1824,warm,0,700,0.001679002190940082,0.15179550647735596,0.0677822083234787,0.08276205509901047
16QAM-K1824,warm,0,725,0.001679002190940082,0.15186403691768646,0.063999243080616,0.07614226639270782
16QAM-K1824,warm,0,750,0.001679002190940082,0.15186403691768646,0.06054152175784111,0.0753009170293808
16QAM-K1824,warm,0,775,0.0016447368543595076,0.15186403691768646,0.05737058073282242,0.06782693415880203
16QAM-K1824,warm,0,800,0.001610471517778933,0.15193256735801697,0.05445332080125809,0.06332899630069733
16QAM-K1824,warm,0,825,0.0015762061811983585,0.15200109779834747,0.05176199600100517,0.061389632523059845
16QAM-K1824,warm,0,850,0.0015762061811983585,0.15206962823867798,0.049272920936346054,0.06023562699556351
16QAM-K1824,warm,0,875,0.0015762061811983585,0.15213815867900848,0.046964630484580994,0.05484014004468918
16QAM-K1824,warm,0,900,0.0015076755080372095,0.15213815867900848,0.044818729162216187,0.05259538069367409
16QAM-K1824,warm,0,925,0.0014734100550413132,0.15206962823867798,0.042819585651159286,0.049566600471735
16QAM-K1824,warm,0,950,0.0014391447184607387,0.15213815867900848,0.040954284369945526,0.04987223073840141
16QAM-K1824,warm,0,975,0.0014391447184607387,0.152206689119339,0.03921091556549072,0.044740136712789536
16QAM-K1824,warm,0,1000,0.0014734100550413132,0.152206689119339,0.037578731775283813,0.042502254247665405
16QAM-K1824,warm,0,1025,0.0015076755080372095,0.152206689119339,0.03604758158326149,0.04057644307613373
16QAM-K1824,warm,0,1050,0.0015076755080372095,0.152206689119339,0.03460889682173729,0.038836121559143066
16QAM-K1824,warm,0,1075,0.0015076755080372095,0.152206689119339,0.033256061375141144,0.03734399005770683
16QAM-K1824,warm,0,1100,0.0014734100550413132,0.152206689119339,0.031982582062482834,0.03858967870473862
16QAM-K1824,warm,0,1125,0.0015076755080372095,0.1524122804403305,0.03078208491206169,0.035808779299259186
16QAM-K1824,warm,0,1150,0.0015076755080372095,0.152480810880661,0.029648765921592712,0.03524510934948921
16QAM-K1824,warm,0,1175,0.0015076755080372095,0.152480810880661,0.028577426448464394,0.03253540024161339
16QAM-K1824,warm,0,1200,0.0015076755080372095,0.152480810880661,0.02756412699818611,0.03136385604739189
16QAM-K1824,warm,0,1225,0.0015076755080372095,0.15261787176132202,0.026603812351822853,0.030893966555595398
16QAM-K1824,warm,0,1250,0.0014734100550413132,0.15261787176132202,0.025693107396364212,0.0291572418063879
16QAM-K1824,warm,0,1275,0.0014734100550413132,0.15261787176132202,0.024828016757965088,0.02864362858235836
16QAM-K1824,warm,0,1300,0.0014734100550413132,0.15275493264198303,0.02400602400302887,0.028501862660050392
16QAM-K1824,warm,0,1325,0.0014734100550413132,0.15282346308231354,0.023223886266350746,0.02744297869503498
16QAM-K1824,warm,0,1350,0.0014734100550413132,0.15289199352264404,0.022479142993688583,0.027280839160084724
16QAM-K1824,warm,0,1375,0.0014734100550413132,0.15289199352264404,0.021769164130091667,0.024867208674550056
16QAM-K1824,warm,0,1400,0.0014734100550413132,0.15296052396297455,0.021092038601636887,0.028404491022229195
16QAM-K1824,warm,0,1425,0.0014734100550413132,0.15302905440330505,0.020445765927433968,0.023325057700276375
16QAM-K1824,warm,0,1450,0.0014734100550413132,0.15302905440330505,0.019827982410788536,0.0224058385938406
16QAM-K1824,warm,0,1475,0.0014734100550413132,0.15302905440330505,0.019237233325839043,0.0242893286049366
16QAM-K1824,warm,0,1500,0.0014734100550413132,0.15309758484363556,0.018672103062272072,0.02142420969903469
16QAM-K1824,warm,1,1,0.29728618264198303,0.30030155181884766,9.183767318725586,7.384393692016602
16QAM-K1824,warm,1,25,0.14274945855140686,0.19051535427570343,5.373159408569336,4.41077184677124
16QAM-K1824,warm,1,50,0.1171189695596695,0.18551261723041534,2.935516357421875,2.550675868988037
16QAM-K1824,warm,1,75,0.08905564993619919,0.1704358607530594,1.7965449094772339,1.6853575706481934
16QAM-K1824,warm,1,100,0.080078125,0.16378837823867798,1.2731026411056519,1.4311600923538208
16QAM-K1824,warm,1,125,0.06095806136727333,0.15439967811107635,1.012113332748413,1.8425953388214111
16QAM-K1824,warm,1,150,0.0423177070915699,0.15035636723041534,0.8411697745323181,2.20399808883667
16QAM-K1824,warm,1,175,0.028303179889917374,0.14905427396297455,0.699651300907135,1.8631207942962646
16QAM-K1824,warm,1,200,0.017406798899173737,0.15049342811107635,0.5724170804023743,1.3717223405838013
16QAM-K1824,warm,1,225,0.010827850550413132,0.15179550647735596,0.46677979826927185,0.9955505728721619
16QAM-K1824,warm,1,250,0.007778234779834747,0.15234375,0.3858492970466614,0.7648816704750061
16QAM-K1824,warm,1,275,0.005790844559669495,0.15309758484363556,0.32495224475860596,0.5799994468688965
16QAM-K1824,warm,1,300,0.00462582241743803,0.15337170660495758,0.27844706177711487,0.4705076515674591
16QAM-K1824,warm,1,325,0.003837719326838851,0.15344023704528809,0.24219945073127747,0.38731953501701355
16QAM-K1824,warm,1,350,0.003426535055041313,0.1537143588066101,0.2132958471775055,0.3233320713043213
16QAM-K1824,warm,1,375,0.0031181469094008207,0.15385141968727112,0.1897762417793274,0.2737328112125397
16QAM-K1824,warm,1,400,0.003015351016074419,0.15385141968727112,0.17029708623886108,0.24118517339229584
16QAM-K1824,warm,1,425,0.0027754935435950756,0.15398848056793213,0.15396417677402496,0.21576088666915894
16QAM-K1824,warm,1,450,0.002638431964442134,0.15391995012760162,0.14009305834770203,0.19130416214466095
16QAM-K1824,warm,1,475,0.0024671051651239395,0.15398848056793213,0.12816444039344788,0.173350989818573
16QAM-K1824,warm,1,500,0.0022957785986363888,0.15405702590942383,0.11780011653900146,0.15391600131988525
16QAM-K1824,warm,1,525,0.0022615131456404924,0.15412555634975433,0.10872501134872437,0.14235739409923553
16QAM-K1824,warm,1,550,0.0022272479254752398,0.15412555634975433,0.10073591023683548,0.12907689809799194
16QAM-K1824,warm,1,575,0.0021929824724793434,0.15426261723041534,0.09365884959697723,0.11926747858524323
16QAM-K1824,warm,1,600,0.002158717019483447,0.15453673899173737,0.087350994348526,0.11102600395679474
16QAM-K1824,warm,1,625,0.0021244517993181944,0.15446820855140686,0.08170278370380402,0.10149231553077698
16QAM-K1824,warm,1,650,0.0020559211261570454,0.15446820855140686,0.07662132382392883,0.09397806227207184
16QAM-K1824,warm,1,675,0.0020559211261570454,0.15460526943206787,0.07202717661857605,0.08794528990983963
16QAM-K1824,warm,1,700,0.0020559211261570454,0.15453673899173737,0.06785625219345093,0.0824873074889183
16QAM-K1824,warm,1,725,0.0020559211261570454,0.15467379987239838,0.0640573501586914,0.07728127390146255
16QAM-K1824,warm,1,750,0.0020559211261570454,0.15474233031272888,0.06058608368039131,0.07249489426612854
16QAM-K1824,warm,1,775,0.0020559211261570454,0.15474233031272888,0.05740312114357948,0.06788234412670135
16QAM-K1824,warm,1,800,0.0020559211261570454,0.15474233031272888,0.05447448045015335,0.0639735758304596
16QAM-K1824,warm,1,825,0.002090186346322298,0.15474233031272888,0.05177285522222519,0.06110883504152298
16QAM-K1824,warm,1,850,0.002090186346322298,0.1548108607530594,0.04927545413374901,0.059171851724386215
16QAM-K1824,warm,1,875,0.002090186346322298,0.1548108607530594,0.04696182534098625,0.05823623016476631
16QAM-K1824,warm,1,900,0.002090186346322298,0.1548108607530594,0.04481389373540878,0.05248996242880821
16QAM-K1824,warm,1,925,0.002090186346322298,0.1548108607530594,0.04281555861234665,0.049954820424318314
16QAM-K1824,warm,1,950,0.0020559211261570454,0.1548108607530594,0.04095253348350525,0.04901368170976639
16QAM-K1824,warm,1,975,0.0020559211261570454,0.1548108607530594,0.03921207785606384,0.04658694937825203
16QAM-K1824,warm,1,1000,0.0020559211261570454,0.1549479216337204,0.03758348897099495,0.0438651442527771
16QAM-K1824,warm,1,1025,0.0020559211261570454,0.1550164520740509,0.0360569953918457,0.04205421730875969
16QAM-K1824,warm,1,1050,0.0020559211261570454,0.1550164520740509,0.034623678773641586,0.039774611592292786
16QAM-K1824,warm,1,1075,0.0020559211261570454,0.1550164520740509,0.03327623009681702,0.037931960076093674
16QAM-K1824,warm,1,1100,0.0020559211261570454,0.1550164520740509,0.03200772404670715,0.036254506558179855
16QAM-K1824,warm,1,1125,0.0020559211261570454,0.1550164520740509,0.030811632052063942,0.03475984185934067
16QAM-K1824,warm,1,1150,0.002090186346322298,0.1550164520740509,0.029682110995054245,0.0334126353263855
16QAM-K1824,warm,1,1175,0.0020559211261570454,0.1550164520740509,0.028614066541194916,0.032231204211711884
16QAM-K1824,warm,1,1200,0.0020559211261570454,0.1550164520740509,0.02760355733335018,0.0311170294880867
16QAM-K1824,warm,1,1225,0.0020559211261570454,0.1550849825143814,0.026645559817552567,0.03048744983971119
16QAM-K1824,warm,1,1250,0.0019873904529958963,0.1550849825143814,0.025736425071954727,0.029512694105505943
16QAM-K1824,warm,1,1275,0.0019873904529958963,0.15515351295471191,0.024872148409485817,0.028176017105579376
16QAM-K1824,warm,1,1300,0.002021655673161149,0.15515351295471191,0.024050205945968628,0.026759851723909378
16QAM-K1824,warm,1,1325,0.002021655673161149,0.15515351295471191,0.023267678916454315,0.025777535513043404
16QAM-K1824,warm,1,1350,0.0019873904529958963,0.15515351295471191,0.022522110491991043,0.024904970079660416
16QAM-K1824,warm,1,1375,0.0019873904529958963,0.15515351295471191,0.021811192855238914,0.024955663830041885
16QAM-K1824,warm,1,1400,0.0019873904529958963,0.15522204339504242,0.021133171394467354,0.023427627980709076
16QAM-K1824,warm,1,1425,0.0019873904529958963,0.15522204339504242,0.020485976710915565,0.02259979210793972
16QAM-K1824,warm,1,1450,0.001953125,0.15522204339504242,0.019867269322276115,0.021871307864785194
16QAM-K1824,warm,1,1475,0.0019873904529958963,0.15522204339504242,0.01927550695836544,0.02118675410747528
16QAM-K1824,warm,1,1500,0.0019873904529958963,0.15522204339504242,0.01870923489332199,0.02054797112941742
16QAM-K1824,warm,2,1,0.2998560965061188,0.304824560880661,9.150270462036133,7.424724578857422
16QAM-K1824,warm,2,25,0.14645011723041534,0.1887335479259491,5.333164215087891,4.457631587982178
16QAM-K1824,warm,2,50,0.11866091191768646,0.18462170660495758,2.9230971336364746,2.5918047428131104
16QAM-K1824,warm,2,75,0.08932977169752121,0.16968202590942383,1.7884125709533691,1.6901308298110962
16QAM-K1824,warm,2,100,0.08028371632099152,0.16015625,1.2616692781448364,1.430434226989746
16QAM-K1824,warm,2,125,0.06400767713785172,0.15158991515636444,1.0000466108322144,1.8435986042022705
16QAM-K1824,warm,2,150,0.045504387468099594,0.1457647979259491,0.8353694081306458,2.238114595413208
16QAM-K1824,warm,2,175,0.029536733403801918,0.14507949352264404,0.699683427810669,1.8904625177383423
16QAM-K1824,warm,2,200,0.019051535055041313,0.14617598056793213,0.5739026069641113,1.381223201751709
16QAM-K1824,warm,2,225,0.012027137912809849,0.14734101295471191,0.4686952829360962,0.9656785726547241
16QAM-K1824,warm,2,250,0.007846765220165253,0.14795778691768646,0.38755449652671814,0.7260834574699402
16QAM-K1824,warm,2,275,0.005825109779834747,0.14884868264198303,0.3260888159275055,0.5763029456138611
16QAM-K1824,warm,2,300,0.004797148983925581,0.14925986528396606,0.278952956199646,0.4605507552623749
16QAM-K1824,warm,2,325,0.004077576566487551,0.1496710479259491,0.24233536422252655,0.3900904655456543
16QAM-K1824,warm,2,350,0.0034608005080372095,0.1497395783662796,0.21327225863933563,0.3214797377586365
16QAM-K1824,warm,2,375,0.0030496162362396717,0.1498081088066101,0.18963012099266052,0.2735632061958313
16QAM-K1824,warm,2,400,0.0026726974174380302,0.15001370012760162,0.17006997764110565,0.24174810945987701
16QAM-K1824,warm,2,425,0.002501370618119836,0.15028783679008484,0.15365777909755707,0.20813028514385223
16QAM-K1824,warm,2,450,0.0024671051651239395,0.15028783679008484,0.13972415030002594,0.18459001183509827
16QAM-K1824,warm,2,475,0.002364309271797538,0.15042489767074585,0.12777632474899292,0.16741017997264862
16QAM-K1824,warm,2,500,0.0022615131456404924,0.15056195855140686,0.11742516607046127,0.15823499858379364
16QAM-K1824,warm,2,525,0.002158717019483447,0.15063048899173737,0.10837458074092865,0.13883356750011444
16QAM-K1824,warm,2,550,0.002021655673161149,0.15076754987239838,0.10040803253650665,0.12926766276359558
16QAM-K1824,warm,2,575,0.0020559211261570454,0.15083608031272888,0.09335305541753769,0.12226871401071548
16QAM-K1824,warm,2,600,0.002021655673161149,0.15131579339504242,0.087069571018219,0.11906208842992783
16QAM-K1824,warm,2,625,0.0019873904529958963,0.15131579339504242,0.08144348859786987,0.1031903401017189
16QAM-K1824,warm,2,650,0.0019188596634194255,0.15145285427570343,0.0763779729604721,0.10047709941864014
16QAM-K1824,warm,2,675,0.0018503289902582765,0.15145285427570343,0.07179352641105652,0.09499051421880722
16QAM-K1824,warm,2,700,0.001816063653677702,0.15145285427570343,0.06762908399105072,0.0856819823384285
16QAM-K1824,warm,2,725,0.0017817982006818056,0.15152138471603394,0.06383596360683441,0.07961884140968323
16QAM-K1824,warm,2,750,0.001747532864101231,0.15152138471603394,0.06037076190114021,0.07387258112430573
16QAM-K1824,warm,2,775,0.0017132675275206566,0.15152138471603394,0.057195160537958145,0.06924054026603699
16QAM-K1824,warm,2,800,0.001747532864101231,0.15152138471603394,0.05427561327815056,0.06525575369596481
16QAM-K1824,warm,2,825,0.001747532864101231,0.15158991515636444,0.05158361792564392,0.06310024112462997
16QAM-K1824,warm,2,850,0.0017132675275206566,0.15172697603702545,0.04909511283040047,0.06080711632966995
16QAM-K1824,warm,2,875,0.0017132675275206566,0.15179550647735596,0.046789396554231644,0.056234002113342285
16QAM-K1824,warm,2,900,0.0017132675275206566,0.15179550647735596,0.04464836046099663,0.05293024703860283
16QAM-K1824,warm,2,925,0.001679002190940082,0.15186403691768646,0.0426558181643486,0.05038643255829811
16QAM-K1824,warm,2,950,0.001679002190940082,0.15193256735801697,0.04079727083444595,0.04829768091440201
16QAM-K1824,warm,2,975,0.001679002190940082,0.15206962823867798,0.03906041756272316,0.04660140350461006
16QAM-K1824,warm,2,1000,0.001679002190940082,0.15206962823867798,0.037435322999954224,0.04346032440662384
16QAM-K1824,warm,2,1025,0.001679002190940082,0.15206962823867798,0.03591245412826538,0.04145859181880951
16QAM-K1824,warm,2,1050,0.001679002190940082,0.15206962823867798,0.03448275104165077,0.03963150829076767
16QAM-K1824,warm,2,1075,0.001679002190940082,0.15206962823867798,0.033138569444417953,0.03794705122709274
16QAM-K1824,warm,2,1100,0.0016447368543595076,0.15206962823867798,0.031872499734163284,0.036406006664037704
16QAM-K1824,warm,2,1125,0.0016447368543595076,0.15206962823867798,0.030678126960992813,0.03518792241811752
16QAM-K1824,warm,2,1150,0.0016447368543595076,0.15213815867900848,0.029550055041909218,0.03423114866018295
16QAM-K1824,warm,2,1175,0.0016447368543595076,0.15213815867900848,0.02848362922668457,0.03285131976008415
16QAM-K1824,warm,2,1200,0.0016447368543595076,0.15213815867900848,0.027474988251924515,0.033583659678697586
16QAM-K1824,warm,2,1225,0.0016447368543595076,0.15213815867900848,0.026519278064370155,0.030215740203857422
16QAM-K1824,warm,2,1250,0.0016447368543595076,0.15213815867900848,0.0256130900233984,0.029098190367221832
16QAM-K1824,warm,2,1275,0.0016447368543595076,0.15213815867900848,0.02475246787071228,0.028239723294973373
16QAM-K1824,warm,2,1300,0.0016447368543595076,0.152206689119339,0.023934876546263695,0.03317078575491905
16QAM-K1824,warm,2,1325,0.001610471517778933,0.15234375,0.023157158866524696,0.026790449395775795
16QAM-K1824,warm,2,1350,0.001610471517778933,0.1524122804403305,0.02241675928235054,0.026620706543326378
16QAM-K1824,warm,2,1375,0.001610471517778933,0.152480810880661,0.021710935980081558,0.025063004344701767
16QAM-K1824,warm,2,1400,0.001610471517778933,0.152480810880661,0.02103770710527897,0.024028945714235306
16QAM-K1824,warm,2,1425,0.0015762061811983585,0.152480810880661,0.020394787192344666,0.02316233515739441
16QAM-K1824,warm,2,1450,0.0015762061811983585,0.152480810880661,0.019779760390520096,0.022407997399568558
16QAM-K1824,warm,2,1475,0.001541940844617784,0.152480810880661,0.019191138446331024,0.02176702581346035
16QAM-K1824,warm,2,1500,0.001541940844617784,0.152480810880661,0.018627585843205452,0.021494682878255844
16QAM-K1824,warm,3,1,0.2996847629547119,0.29995888471603394,9.08576488494873,7.40315580368042
16QAM-K1824,warm,3,25,0.146347314119339,0.19216008484363556,5.291571617126465,4.421834468841553
16QAM-K1824,warm,3,50,0.1192091554403305,0.18695175647735596,2.9012949466705322,2.5548558235168457
16QAM-K1824,warm,3,75,0.08898711949586868,0.17228618264198303,1.7782286405563354,1.6855982542037964
16QAM-K1824,warm,3,100,0.07952988147735596,0.16056743264198303,1.2551075220108032,1.428219199180603
16QAM-K1824,warm,3,125,0.06099232658743858,0.15213815867900848,0.9933125972747803,1.8337571620941162
16QAM-K1824,warm,3,150,0.04262609779834747,0.1472039520740509,0.8235990405082703,2.139802932739258
16QAM-K1824,warm,3,175,0.029399670660495758,0.14651864767074585,0.6854884028434753,1.8467884063720703
16QAM-K1824,warm,3,200,0.018400494009256363,0.14788925647735596,0.5629331469535828,1.3962663412094116
16QAM-K1824,warm,3,225,0.011821546591818333,0.14932839572429657,0.46042028069496155,1.0142691135406494
16QAM-K1824,warm,3,250,0.008360745385289192,0.1498766392469406,0.3810722529888153,0.7478995323181152
16QAM-K1824,warm,3,275,0.006167763378471136,0.15049342811107635,0.3210333585739136,0.5926224589347839
16QAM-K1824,warm,3,300,0.005037006456404924,0.1511102020740509,0.27504563331604004,0.46629393100738525
16QAM-K1824,warm,3,325,0.004146107472479343,0.15124726295471191,0.23920953273773193,0.3813022971153259
16QAM-K1824,warm,3,350,0.003769188653677702,0.15158991515636444,0.21064725518226624,0.3162795901298523
16QAM-K1824,warm,3,375,0.003426535055041313,0.15172697603702545,0.1874086558818817,0.2747417688369751
16QAM-K1824,warm,3,400,0.0031866775825619698,0.15179550647735596,0.16816473007202148,0.23825401067733765
16QAM-K1824,warm,3,425,0.003015351016074419,0.15200109779834747,0.15200036764144897,0.2158277928829193
16QAM-K1824,warm,3,450,0.0028782894369214773,0.15234375,0.13828469812870026,0.19052037596702576
16QAM-K1824,warm,3,475,0.002638431964442134,0.1524122804403305,0.12651976943016052,0.1702285259962082
16QAM-K1824,warm,3,500,0.002535636071115732,0.152480810880661,0.11630979925394058,0.15587779879570007
16QAM-K1824,warm,3,525,0.002364309271797538,0.15254934132099152,0.1073661595582962,0.140834242105484
16QAM-K1824,warm,3,550,0.0022957785986363888,0.15254934132099152,0.09947840124368668,0.12823060154914856
16QAM-K1824,warm,3,575,0.0022615131456404924,0.15275493264198303,0.09248533099889755,0.12048304826021194
16QAM-K1824,warm,3,600,0.0022272479254752398,0.15282346308231354,0.0862535834312439,0.11208885908126831
16QAM-K1824,warm,3,625,0.0022272479254752398,0.15296052396297455,0.08067288994789124,0.10407209396362305
16QAM-K1824,warm,3,650,0.0021929824724793434,0.15309758484363556,0.0756530836224556,0.0952124148607254
16QAM-K1824,warm,3,675,0.002158717019483447,0.15309758484363556,0.07111887633800507,0.08909165114164352
16QAM-K1824,warm,3,700,0.002158717019483447,0.15316611528396606,0.06700511276721954,0.08228160440921783
16QAM-K1824,warm,3,725,0.002158717019483447,0.15316611528396606,0.06325732171535492,0.07753146439790726
16QAM-K1824,warm,3,750,0.002158717019483447,0.15330317616462708,0.0598316416144371,0.07749420404434204
16QAM-K1824,warm,3,775,0.0021244517993181944,0.15330317616462708,0.0566912442445755,0.06858843564987183
16QAM-K1824,warm,3,800,0.0019873904529958963,0.15337170660495758,0.05380307883024216,0.07128744572401047
16QAM-K1824,warm,3,825,0.0020559211261570454,0.15344023704528809,0.051138751208782196,0.06248001381754875
16QAM-K1824,warm,3,850,0.0020559211261570454,0.15344023704528809,0.048674363642930984,0.06413798779249191
16QAM-K1824,warm,3,875,0.0020559211261570454,0.15337170660495758,0.04638978838920593,0.057049114257097244
16QAM-K1824,warm,3,900,0.0020559211261570454,0.15344023704528809,0.0442676767706871,0.054030343890190125
16QAM-K1824,warm,3,925,0.002090186346322298,0.1535772979259491,0.04229221120476723,0.05154102295637131
16QAM-K1824,warm,3,950,0.002090186346322298,0.1535772979259491,0.040449339896440506,0.04829854518175125
16QAM-K1824,warm,3,975,0.0020559211261570454,0.1535772979259491,0.03872702270746231,0.04594673961400986
16QAM-K1824,warm,3,1000,0.0020559211261570454,0.1535772979259491,0.037115275859832764,0.04470841959118843
16QAM-K1824,warm,3,1025,0.0020559211261570454,0.1536458283662796,0.03560468554496765,0.042115624994039536
16QAM-K1824,warm,3,1050,0.0020559211261570454,0.1537143588066101,0.03418641537427902,0.04192968085408211
16QAM-K1824,warm,3,1075,0.002021655673161149,0.1537143588066101,0.0328531451523304,0.03865810111165047
16QAM-K1824,warm,3,1100,0.002021655673161149,0.15385141968727112,0.03159786015748978,0.03973730280995369
16QAM-K1824,warm,3,1125,0.002021655673161149,0.15391995012760162,0.03041413426399231,0.03697438910603523
16QAM-K1824,warm,3,1150,0.0020559211261570454,0.15398848056793213,0.029296109452843666,0.03633145987987518
16QAM-K1824,warm,3,1175,0.0020559211261570454,0.15398848056793213,0.028238888829946518,0.033178817480802536
16QAM-K1824,warm,3,1200,0.0020559211261570454,0.15405702590942383,0.0272386334836483,0.03199990093708038
16QAM-K1824,warm,3,1225,0.0020559211261570454,0.15412555634975433,0.026290642097592354,0.030897069722414017
16QAM-K1824,warm,3,1250,0.0020559211261570454,0.15412555634975433,0.025391582399606705,0.029493629932403564
16QAM-K1824,warm,3,1275,0.0020559211261570454,0.15419408679008484,0.024537572637200356,0.02979557029902935
16QAM-K1824,warm,3,1300,0.0020559211261570454,0.15419408679008484,0.02372606284916401,0.028648987412452698
16QAM-K1824,warm,3,1325,0.0020559211261570454,0.15426261723041534,0.022954026237130165,0.026642372831702232
16QAM-K1824,warm,3,1350,0.0020559211261570454,0.15426261723041534,0.022218896076083183,0.02594611980021
16QAM-K1824,warm,3,1375,0.0020559211261570454,0.15426261723041534,0.021518001332879066,0.02478959783911705
16QAM-K1824,warm,3,1400,0.002090186346322298,0.15426261723041534,0.020849501714110374,0.02385108359158039
16QAM-K1824,warm,3,1425,0.002090186346322298,0.15426261723041534,0.02021133527159691,0.023032819852232933
16QAM-K1824,warm,3,1450,0.002090186346322298,0.15426261723041534,0.01960119605064392,0.022272033616900444
16QAM-K1824,warm,3,1475,0.002090186346322298,0.15426261723041534,0.019017649814486504,0.021549124270677567
16QAM-K1824,warm,3,1500,0.002090186346322298,0.15426261723041534,0.018459267914295197,0.020865267142653465
16QAM-K1824,warm,4,1,0.30355674028396606,0.29776591062545776,9.11900806427002,7.4440178871154785
16QAM-K1824,warm,4,25,0.14854030311107635,0.187637060880661,5.3459343910217285,4.450320243835449
16QAM-K1824,warm,4,50,0.12150493264198303,0.1861979216337204,2.921536922454834,2.5847902297973633
16QAM-K1824,warm,4,75,0.09131716191768646,0.17235471308231354,1.7892464399337769,1.7107936143875122
16QAM-K1824,warm,4,100,0.0826137587428093,0.1639939695596695,1.2655441761016846,1.4787336587905884
16QAM-K1824,warm,4,125,0.06483004242181778,0.15419408679008484,1.0071289539337158,1.9751429557800293
16QAM-K1824,warm,4,150,0.044853344559669495,0.15056195855140686,0.8417691588401794,2.2126598358154297
16QAM-K1824,warm,4,175,0.029742324724793434,0.15186403691768646,0.7036194205284119,1.770888090133667
16QAM-K1824,warm,4,200,0.01846902444958687,0.1535087674856186,0.5765131711959839,1.2915135622024536
16QAM-K1824,warm,4,225,0.012095669284462929,0.15535910427570343,0.46979618072509766,0.9421190619468689
16QAM-K1824,warm,4,250,0.008257949724793434,0.156112939119339,0.38789552450180054,0.727138876914978
16QAM-K1824,warm,4,275,0.006099232472479343,0.15727795660495758,0.32602372765541077,0.5803905725479126
16QAM-K1824,warm,4,300,0.005002741236239672,0.15796327590942383,0.2789633274078369,0.46754470467567444
16QAM-K1824,warm,4,325,0.004146107472479343,0.15823739767074585,0.24238766729831696,0.37798476219177246
16QAM-K1824,warm,4,350,0.003700657980516553,0.15844298899173737,0.21328549087047577,0.31589841842651367
16QAM-K1824,warm,4,375,0.0033237391617149115,0.1587171107530594,0.18968439102172852,0.2777321934700012
16QAM-K1824,warm,4,400,0.003015351016074419,0.1588541716337204,0.1701618880033493,0.24259427189826965
16QAM-K1824,warm,4,425,0.0028440242167562246,0.1589227020740509,0.15377499163150787,0.2147284746170044
16QAM-K1824,warm,4,450,0.002706962637603283,0.15912829339504242,0.13983921706676483,0.18867924809455872
16QAM-K1824,warm,4,475,0.002501370618119836,0.15919682383537292,0.12786351144313812,0.17273491621017456
16QAM-K1824,warm,4,500,0.002432839944958687,0.15926535427570343,0.11748024821281433,0.15593434870243073
16QAM-K1824,warm,4,525,0.0023300438188016415,0.15926535427570343,0.10840700566768646,0.14226849377155304
16QAM-K1824,warm,4,550,0.0023300438188016415,0.15953947603702545,0.1004241406917572,0.12889263033866882
16QAM-K1824,warm,4,575,0.0023300438188016415,0.15953947603702545,0.09336047619581223,0.11722531914710999
16QAM-K1824,warm,4,600,0.0022615131456404924,0.15953947603702545,0.08707449585199356,0.11129764467477798
16QAM-K1824,warm,4,625,0.0022272479254752398,0.15960800647735596,0.08144835382699966,0.1027279943227768
16QAM-K1824,warm,4,650,0.002158717019483447,0.15947094559669495,0.07638506591320038,0.0994732677936554
16QAM-K1824,warm,4,675,0.0020559211261570454,0.15953947603702545,0.0718073919415474,0.09114651381969452
16QAM-K1824,warm,4,700,0.002090186346322298,0.15960800647735596,0.06765265017747879,0.08325376361608505
16QAM-K1824,warm,4,725,0.002021655673161149,0.15967653691768646,0.06386743485927582,0.07804276049137115
16QAM-K1824,warm,4,750,0.002021655673161149,0.15967653691768646,0.06040656939148903,0.07269631326198578
16QAM-K1824,warm,4,775,0.001953125,0.15974506735801697,0.057233091443777084,0.07054403424263
16QAM-K1824,warm,4,800,0.001953125,0.15981359779834747,0.05431508645415306,0.06507066637277603
16QAM-K1824,warm,4,825,0.001884594326838851,0.15974506735801697,0.05162392929196358,0.06260475516319275
16QAM-K1824,warm,4,850,0.0019188596634194255,0.15981359779834747,0.04913444444537163,0.057975322008132935
16QAM-K1824,warm,4,875,0.001953125,0.15981359779834747,0.046825699508190155,0.05474282428622246
16QAM-K1824,warm,4,900,0.001953125,0.15988212823867798,0.04468100517988205,0.054536644369363785
16QAM-K1824,warm,4,925,0.001953125,0.15988212823867798,0.04268550127744675,0.049463991075754166
16QAM-K1824,warm,4,950,0.0019873904529958963,0.15988212823867798,0.04082556441426277,0.04707379639148712
16QAM-K1824,warm,4,975,0.0019873904529958963,0.15988212823867798,0.03908855840563774,0.045436207205057144
16QAM-K1824,warm,4,1000,0.001953125,0.15995065867900848,0.03746367245912552,0.04366379231214523
16QAM-K1824,warm,4,1025,0.001953125,0.15995065867900848,0.035940904170274734,0.04140257462859154
16QAM-K1824,warm,4,1050,0.0019188596634194255,0.160019189119339,0.03451116383075714,0.04055919125676155
16QAM-K1824,warm,4,1075,0.0019188596634194255,0.1600877195596695,0.03316695615649223,0.04020477086305618
16QAM-K1824,warm,4,1100,0.0019188596634194255,0.1600877195596695,0.031901322305202484,0.03661715239286423
16QAM-K1824,warm,4,1125,0.0019188596634194255,0.1600877195596695,0.03070770390331745,0.03503493219614029
16QAM-K1824,warm,4,1150,0.0018503289902582765,0.1600877195596695,0.029579970985651016,0.033616047352552414
16QAM-K1824,warm,4,1175,0.001884594326838851,0.1600877195596695,0.028512733057141304,0.03232119232416153
16QAM-K1824,warm,4,1200,0.001884594326838851,0.1600877195596695,0.027502113953232765,0.03136312589049339
16QAM-K1824,warm,4,1225,0.001884594326838851,0.16015625,0.026543626561760902,0.030084727331995964
16QAM-K1824,warm,4,1250,0.001884594326838851,0.16015625,0.02563438192009926,0.029026521369814873
16QAM-K1824,warm,4,1275,0.001884594326838851,0.16015625,0.024770786985754967,0.02823026292026043
16QAM-K1824,warm,4,1300,0.001884594326838851,0.1600877195596695,0.023950347676873207,0.02756119705736637
16QAM-K1824,warm,4,1325,0.001884594326838851,0.160019189119339,0.023169972002506256,0.02603638544678688
16QAM-K1824,warm,4,1350,0.001884594326838851,0.160019189119339,0.022427042946219444,0.025169456377625465
16QAM-K1824,warm,4,1375,0.0018503289902582765,0.160019189119339,0.021718882024288177,0.024347400292754173
16QAM-K1824,warm,4,1400,0.0018503289902582765,0.160019189119339,0.021043458953499794,0.023928893730044365
16QAM-K1824,warm,4,1425,0.0018503289902582765,0.1600877195596695,0.020398801192641258,0.02293100766837597
16QAM-K1824,warm,4,1450,0.0018503289902582765,0.16015625,0.019782576709985733,0.023795345798134804
16QAM-K1824,warm,4,1475,0.0018503289902582765,0.16015625,0.01919330656528473,0.021478096023201942
16QAM-K1824,warm,4,1500,0.0018503289902582765,0.16015625,0.018629543483257294,0.021330837160348892
64QAM-K2736,zero,0,1,0.3370339870452881,0.49648210406303406,8.226953506469727,0.0
64QAM-K2736,zero,0,25,0.3370339870452881,0.49648210406303406,3.963855028152466,0.0
64QAM-K2736,zero,0,50,0.3370339870452881,0.49648210406303406,2.1580872535705566,0.0
64QAM-K2736,zero,0,75,0.30130666494369507,0.49648210406303406,1.4720680713653564,0.0
64QAM-K2736,zero,0,100,0.2204175889492035,0.49648210406303406,1.1035646200180054,0.0
64QAM-K2736,zero,0,125,0.18702028691768646,0.49648210406303406,0.8226050734519958,0.0
64QAM-K2736,zero,0,150,0.167831689119339,0.49648210406303406,0.6299386620521545,0.0
64QAM-K2736,zero,0,175,0.15460526943206787,0.49648210406303406,0.5021794438362122,0.0
64QAM-K2736,zero,0,200,0.14268092811107635,0.49648210406303406,0.41628867387771606,0.0
64QAM-K2736,zero,0,225,0.13416026532649994,0.49648210406303406,0.3560742735862732,0.0
64QAM-K2736,zero,0,250,0.12447459995746613,0.49648210406303406,0.3112908899784088,0.0
64QAM-K2736,zero,0,275,0.11444627493619919,0.49648210406303406,0.27476072311401367,0.0
64QAM-K2736,zero,0,300,0.10521747171878815,0.49648210406303406,0.24346695840358734,0.0
64QAM-K2736,zero,0,325,0.09601151198148727,0.49648210406303406,0.216582253575325,0.0
64QAM-K2736,zero,0,350,0.08813048154115677,0.49648210406303406,0.19274497032165527,0.0
64QAM-K2736,zero,0,375,0.08235105872154236,0.49648210406303406,0.1722085028886795,0.0
64QAM-K2736,zero,0,400,0.07734832167625427,0.49648210406303406,0.15471263229846954,0.0
64QAM-K2736,zero,0,425,0.07337354123592377,0.49648210406303406,0.13985630869865417,0.0
64QAM-K2736,zero,0,450,0.06926169991493225,0.49648210406303406,0.1267683506011963,0.0
64QAM-K2736,zero,0,475,0.06711439788341522,0.49648210406303406,0.1153598502278328,0.0
64QAM-K2736,zero,0,500,0.0650356337428093,0.49648210406303406,0.10578523576259613,0.0
64QAM-K2736,zero,0,525,0.0632995218038559,0.49648210406303406,0.097376249730587,0.0
64QAM-K2736,zero,0,550,0.06190606951713562,0.49648210406303406,0.08995628356933594,0.0
64QAM-K2736,zero,0,575,0.06028417497873306,0.49648210406303406,0.08348991721868515,0.0
64QAM-K2736,zero,0,600,0.05889071524143219,0.49648210406303406,0.07757386565208435,0.0
64QAM-K2736,zero,0,625,0.05802266299724579,0.49648210406303406,0.07232462614774704,0.0
64QAM-K2736,zero,0,650,0.05717745050787926,0.49648210406303406,0.06764080375432968,0.0
64QAM-K2736,zero,0,675,0.056332238018512726,0.49648210406303406,0.06340477615594864,0.0
64QAM-K2736,zero,0,700,0.05573830381035805,0.49648210406303406,0.05952250584959984,0.0
64QAM-K2736,zero,0,725,0.05528143420815468,0.49648210406303406,0.056013867259025574,0.0
64QAM-K2736,zero,0,750,0.054778873920440674,0.49648210406303406,0.0528532899916172,0.0
64QAM-K2736,zero,0,775,0.05439053475856781,0.49648210406303406,0.049965016543865204,0.0
64QAM-K2736,zero,0,800,0.05393366143107414,0.49648210406303406,0.047309283167123795,0.0
64QAM-K2736,zero,0,825,0.05349963530898094,0.49648210406303406,0.04484596475958824,0.0
64QAM-K2736,zero,0,850,0.05333973094820976,0.49648210406303406,0.042573634535074234,0.0
64QAM-K2736,zero,0,875,0.05308844894170761,0.49648210406303406,0.040490977466106415,0.0
64QAM-K2736,zero,0,900,0.05249451845884323,0.49648210406303406,0.03856649249792099,0.0
64QAM-K2736,zero,0,925,0.05240314453840256,0.49648210406303406,0.036764029413461685,0.0
64QAM-K2736,zero,0,950,0.05219755321741104,0.49648210406303406,0.035092201083898544,0.0
64QAM-K2736,zero,0,975,0.05183205381035805,0.49648210406303406,0.0335463285446167,0.0
64QAM-K2736,zero,0,1000,0.05167214944958687,0.49648210406303406,0.032095227390527725,0.0
64QAM-K2736,zero,0,1025,0.05148940160870552,0.49648210406303406,0.030738206580281258,0.0
64QAM-K2736,zero,0,1050,0.05148940160870552,0.49648210406303406,0.029474500566720963,0.0
64QAM-K2736,zero,0,1075,0.05135234072804451,0.49648210406303406,0.028292272239923477,0.0
64QAM-K2736,zero,0,1100,0.05119243636727333,0.49648210406303406,0.02718471735715866,0.0
64QAM-K2736,zero,0,1125,0.05112390220165253,0.49648210406303406,0.02614050917327404,0.0
64QAM-K2736,zero,0,1150,0.050872623920440674,0.49648210406303406,0.025148140266537666,0.0
64QAM-K2736,zero,0,1175,0.050712719559669495,0.49648210406303406,0.024209078401327133,0.0
64QAM-K2736,zero,0,1200,0.05066703259944916,0.49648210406303406,0.02332945540547371,0.0
64QAM-K2736,zero,0,1225,0.050575658679008484,0.49648210406303406,0.022501468658447266,0.0
64QAM-K2736,zero,0,1250,0.050575658679008484,0.49648210406303406,0.021710915490984917,0.0
64QAM-K2736,zero,0,1275,0.050552815198898315,0.49648210406303406,0.02095905877649784,0.0
64QAM-K2736,zero,0,1300,0.050575658679008484,0.49648210406303406,0.020248830318450928,0.0
64QAM-K2736,zero,0,1325,0.05050712823867798,0.49648210406303406,0.019574185833334923,0.0
64QAM-K2736,zero,0,1350,0.05043859779834747,0.49648210406303406,0.018931496888399124,0.0
64QAM-K2736,zero,0,1375,0.05043859779834747,0.49648210406303406,0.01832139678299427,0.0
64QAM-K2736,zero,0,1400,0.050392910838127136,0.49648210406303406,0.017744693905115128,0.0
64QAM-K2736,zero,0,1425,0.050392910838127136,0.49648210406303406,0.017195506021380424,0.0
64QAM-K2736,zero,0,1450,0.05032438039779663,0.49648210406303406,0.016668202355504036,0.0
64QAM-K2736,zero,0,1475,0.05023300647735596,0.49648210406303406,0.01615828275680542,0.0
64QAM-K2736,zero,0,1500,0.05023300647735596,0.49648210406303406,0.015666289255023003,0.0
64QAM-K2736,zero,1,1,0.3409174084663391,0.4980354607105255,8.267842292785645,0.0
64QAM-K2736,zero,1,25,0.3409174084663391,0.4980354607105255,3.9852402210235596,0.0
64QAM-K2736,zero,1,50,0.3409174084663391,0.4980354607105255,2.1754515171051025,0.0
64QAM-K2736,zero,1,75,0.30434486269950867,0.4980354607105255,1.4868961572647095,0.0
64QAM-K2736,zero,1,100,0.22354714572429657,0.4980354607105255,1.1169058084487915,0.0
64QAM-K2736,zero,1,125,0.18759137392044067,0.4980354607105255,0.8332704901695251,0.0
64QAM-K2736,zero,1,150,0.16867689788341522,0.4980354607105255,0.6369345188140869,0.0
64QAM-K2736,zero,1,175,0.15625,0.4980354607105255,0.5066724419593811,0.0
64QAM-K2736,zero,1,200,0.1458333283662796,0.4980354607105255,0.4193672835826874,0.0
64QAM-K2736,zero,1,225,0.13674159348011017,0.4980354607105255,0.35886070132255554,0.0
64QAM-K2736,zero,1,250,0.126873180270195,0.4980354607105255,0.31381797790527344,0.0
64QAM-K2736,zero,1,275,0.11700475215911865,0.4980354607105255,0.27652648091316223,0.0
64QAM-K2736,zero,1,300,0.10777594894170761,0.4980354607105255,0.24432815611362457,0.0
64QAM-K2736,zero,1,325,0.09872990101575851,0.4980354607105255,0.2172168493270874,0.0
64QAM-K2736,zero,1,350,0.09116867929697037,0.4980354607105255,0.19367539882659912,0.0
64QAM-K2736,zero,1,375,0.08511513471603394,0.4980354607105255,0.17306649684906006,0.0
64QAM-K2736,zero,1,400,0.08034082502126694,0.4980354607105255,0.15573297441005707,0.0
64QAM-K2736,zero,1,425,0.07613760977983475,0.4980354607105255,0.14098578691482544,0.0
64QAM-K2736,zero,1,450,0.07232273370027542,0.4980354607105255,0.12784725427627563,0.0
64QAM-K2736,zero,1,475,0.06928454339504242,0.4980354607105255,0.11654455959796906,0.0
64QAM-K2736,zero,1,500,0.06702302396297455,0.4980354607105255,0.10670754313468933,0.0
64QAM-K2736,zero,1,525,0.06505847722291946,0.4980354607105255,0.09813712537288666,0.0
64QAM-K2736,zero,1,550,0.06316246092319489,0.4980354607105255,0.09064966440200806,0.0
64QAM-K2736,zero,1,575,0.06176900491118431,0.4980354607105255,0.08396793901920319,0.0
64QAM-K2736,zero,1,600,0.06037554889917374,0.4980354607105255,0.07808154076337814,0.0
64QAM-K2736,zero,1,625,0.05889071524143219,0.4980354607105255,0.07282979041337967,0.0
64QAM-K2736,zero,1,650,0.058205410838127136,0.4980354607105255,0.06805506348609924,0.0
64QAM-K2736,zero,1,675,0.057200293987989426,0.4980354607105255,0.06378436833620071,0.0
64QAM-K2736,zero,1,700,0.05637792497873306,0.4980354607105255,0.05991950258612633,0.0
64QAM-K2736,zero,1,725,0.055646929889917374,0.4980354607105255,0.056420400738716125,0.0
64QAM-K2736,zero,1,750,0.055167216807603836,0.4980354607105255,0.05322865769267082,0.0
64QAM-K2736,zero,1,775,0.05487024784088135,0.4980354607105255,0.05029575899243355,0.0
64QAM-K2736,zero,1,800,0.05457328259944916,0.4980354607105255,0.047620102763175964,0.0
64QAM-K2736,zero,1,825,0.05411641299724579,0.4980354607105255,0.04517023637890816,0.0
64QAM-K2736,zero,1,850,0.05363669618964195,0.4980354607105255,0.042902640998363495,0.0
64QAM-K2736,zero,1,875,0.05336257442831993,0.4980354607105255,0.04082225635647774,0.0
64QAM-K2736,zero,1,900,0.05308844894170761,0.4980354607105255,0.03888463228940964,0.0
64QAM-K2736,zero,1,925,0.052860014140605927,0.4980354607105255,0.03707490861415863,0.0
64QAM-K2736,zero,1,950,0.05270010977983475,0.4980354607105255,0.035412926226854324,0.0
64QAM-K2736,zero,1,975,0.052448831498622894,0.4980354607105255,0.03386992961168289,0.0
64QAM-K2736,zero,1,1000,0.052448831498622894,0.4980354607105255,0.03240986168384552,0.0
64QAM-K2736,zero,1,1025,0.05247167497873306,0.4980354607105255,0.031041763722896576,0.0
64QAM-K2736,zero,1,1050,0.05238030105829239,0.4980354607105255,0.029765242710709572,0.0
64QAM-K2736,zero,1,1075,0.05226608365774155,0.4980354607105255,0.028561558574438095,0.0
64QAM-K2736,zero,1,1100,0.05222039669752121,0.4980354607105255,0.027428852394223213,0.0
64QAM-K2736,zero,1,1125,0.05224324017763138,0.4980354607105255,0.026367316022515297,0.0
64QAM-K2736,zero,1,1150,0.052151866257190704,0.4980354607105255,0.02537505328655243,0.0
64QAM-K2736,zero,1,1175,0.051877740770578384,0.4980354607105255,0.024432344362139702,0.0
64QAM-K2736,zero,1,1200,0.05183205381035805,0.4980354607105255,0.023531587794423103,0.0
64QAM-K2736,zero,1,1225,0.051854897290468216,0.4980354607105255,0.02268194779753685,0.0
64QAM-K2736,zero,1,1250,0.05183205381035805,0.4980354607105255,0.02188190072774887,0.0
64QAM-K2736,zero,1,1275,0.05183205381035805,0.4980354607105255,0.021121831610798836,0.0
64QAM-K2736,zero,1,1300,0.05176352337002754,0.4980354607105255,0.020398864522576332,0.0
64QAM-K2736,zero,1,1325,0.05160361900925636,0.4980354607105255,0.019711114466190338,0.0
64QAM-K2736,zero,1,1350,0.05167214944958687,0.4980354607105255,0.019058097153902054,0.0
64QAM-K2736,zero,1,1375,0.05169499292969704,0.4980354607105255,0.018438253551721573,0.0
64QAM-K2736,zero,1,1400,0.0516493059694767,0.4980354607105255,0.017848927527666092,0.0
64QAM-K2736,zero,1,1425,0.05176352337002754,0.4980354607105255,0.01728595234453678,0.0
64QAM-K2736,zero,1,1450,0.05162646248936653,0.4980354607105255,0.016748502850532532,0.0
64QAM-K2736,zero,1,1475,0.05169499292969704,0.4980354607105255,0.01623569242656231,0.0
64QAM-K2736,zero,1,1500,0.051717836409807205,0.4980354607105255,0.015747372061014175,0.0
64QAM-K2736,zero,2,1,0.3389071524143219,0.49872076511383057,8.243693351745605,0.0
64QAM-K2736,zero,2,25,0.3389071524143219,0.49872076511383057,3.9734201431274414,0.0
64QAM-K2736,zero,2,50,0.3389071524143219,0.49872076511383057,2.1654655933380127,0.0
64QAM-K2736,zero,2,75,0.3016493022441864,0.49872076511383057,1.4778856039047241,0.0
64QAM-K2736,zero,2,100,0.22133132815361023,0.49872076511383057,1.107820987701416,0.0
64QAM-K2736,zero,2,125,0.1891675889492035,0.49872076511383057,0.8262591361999512,0.0
64QAM-K2736,zero,2,150,0.16915661096572876,0.49872076511383057,0.6330575942993164,0.0
64QAM-K2736,zero,2,175,0.15476517379283905,0.49872076511383057,0.5051470398902893,0.0
64QAM-K2736,zero,2,200,0.14485105872154236,0.49872076511383057,0.41896215081214905,0.0
64QAM-K2736,zero,2,225,0.1351197063922882,0.49872076511383057,0.35810452699661255,0.0
64QAM-K2736,zero,2,250,0.12522843480110168,0.49872076511383057,0.31239643692970276,0.0
64QAM-K2736,zero,2,275,0.11567982286214828,0.49872076511383057,0.27482014894485474,0.0
64QAM-K2736,zero,2,300,0.10610836744308472,0.49872076511383057,0.2431485801935196,0.0
64QAM-K2736,zero,2,325,0.09724506735801697,0.49872076511383057,0.21575966477394104,0.0
64QAM-K2736,zero,2,350,0.09039199352264404,0.49872076511383057,0.19247467815876007,0.0
64QAM-K2736,zero,2,375,0.0838358923792839,0.49872076511383057,0.1724618375301361,0.0
64QAM-K2736,zero,2,400,0.07883314788341522,0.49872076511383057,0.1550091952085495,0.0
64QAM-K2736,zero,2,425,0.07440149784088135,0.49872076511383057,0.1401926726102829,0.0
64QAM-K2736,zero,2,450,0.07079221308231354,0.49872076511383057,0.1274910867214203,0.0
64QAM-K2736,zero,2,475,0.06775402277708054,0.49872076511383057,0.11631155014038086,0.0
64QAM-K2736,zero,2,500,0.06508132070302963,0.49872076511383057,0.10666054487228394,0.0
64QAM-K2736,zero,2,525,0.06275127828121185,0.49872076511383057,0.0981299877166748,0.0
64QAM-K2736,zero,2,550,0.06103801354765892,0.49872076511383057,0.09061131626367569,0.0
64QAM-K2736,zero,2,575,0.059690240770578384,0.49872076511383057,0.0840640515089035,0.0
64QAM-K2736,zero,2,600,0.05827394127845764,0.49872076511383057,0.07819968461990356,0.0
64QAM-K2736,zero,2,625,0.057063233107328415,0.49872076511383057,0.07285328209400177,0.0
64QAM-K2736,zero,2,650,0.05585252121090889,0.49872076511383057,0.06800810992717743,0.0
64QAM-K2736,zero,2,675,0.05498446524143219,0.49872076511383057,0.06366918981075287,0.0
64QAM-K2736,zero,2,700,0.05439053475856781,0.49872076511383057,0.05978236347436905,0.0
64QAM-K2736,zero,2,725,0.05368238314986229,0.49872076511383057,0.056276388466358185,0.0
64QAM-K2736,zero,2,750,0.05322551354765892,0.49872076511383057,0.05312547832727432,0.0
64QAM-K2736,zero,2,775,0.05265442281961441,0.49872076511383057,0.050227973610162735,0.0
64QAM-K2736,zero,2,800,0.052288927137851715,0.49872076511383057,0.0475441999733448,0.0
64QAM-K2736,zero,2,825,0.05190058425068855,0.49872076511383057,0.045088037848472595,0.0
64QAM-K2736,zero,2,850,0.05146655812859535,0.49872076511383057,0.042822472751140594,0.0
64QAM-K2736,zero,2,875,0.051169589161872864,0.49872076511383057,0.04072670638561249,0.0
64QAM-K2736,zero,2,900,0.05082693696022034,0.49872076511383057,0.038779836148023605,0.0
64QAM-K2736,zero,2,925,0.05066703259944916,0.49872076511383057,0.0369751863181591,0.0
64QAM-K2736,zero,2,950,0.050392910838127136,0.49872076511383057,0.03529168292880058,0.0
64QAM-K2736,zero,2,975,0.05023300647735596,0.49872076511383057,0.03372332453727722,0.0
64QAM-K2736,zero,2,1000,0.050118785351514816,0.49872076511383057,0.03226492553949356,0.0
64QAM-K2736,zero,2,1025,0.050004567950963974,0.49872076511383057,0.03089490346610546,0.0
64QAM-K2736,zero,2,1050,0.04979897662997246,0.49872076511383057,0.029611464589834213,0.0
64QAM-K2736,zero,2,1075,0.049684759229421616,0.49872076511383057,0.02840970642864704,0.0
64QAM-K2736,zero,2,1100,0.04957054182887077,0.49872076511383057,0.027288861572742462,0.0
64QAM-K2736,zero,2,1125,0.0494791679084301,0.49872076511383057,0.026233622804284096,0.0
64QAM-K2736,zero,2,1150,0.04931926354765892,0.49872076511383057,0.02522561140358448,0.0
64QAM-K2736,zero,2,1175,0.04920504242181778,0.49872076511383057,0.024270949885249138,0.0
64QAM-K2736,zero,2,1200,0.049250733107328415,0.49872076511383057,0.023371350020170212,0.0
64QAM-K2736,zero,2,1225,0.049227889627218246,0.49872076511383057,0.022524531930685043,0.0
64QAM-K2736,zero,2,1250,0.04918219894170761,0.49872076511383057,0.02172865718603134,0.0
64QAM-K2736,zero,2,1275,0.04918219894170761,0.49872076511383057,0.020977916195988655,0.0
64QAM-K2736,zero,2,1300,0.049227889627218246,0.49872076511383057,0.020265068858861923,0.0
64QAM-K2736,zero,2,1325,0.049227889627218246,0.49872076511383057,0.01958736963570118,0.0
64QAM-K2736,zero,2,1350,0.049227889627218246,0.49872076511383057,0.018944060429930687,0.0
64QAM-K2736,zero,2,1375,0.04915935546159744,0.49872076511383057,0.018331458792090416,0.0
64QAM-K2736,zero,2,1400,0.049113668501377106,0.49872076511383057,0.01774602010846138,0.0
64QAM-K2736,zero,2,1425,0.0490451380610466,0.49872076511383057,0.01718529500067234,0.0
64QAM-K2736,zero,2,1450,0.0490451380610466,0.49872076511383057,0.016648992896080017,0.0
64QAM-K2736,zero,2,1475,0.048976607620716095,0.49872076511383057,0.01613675430417061,0.0
64QAM-K2736,zero,2,1500,0.04893092066049576,0.49872076511383057,0.015649892389774323,0.0
64QAM-K2736,zero,3,1,0.33785635232925415,0.4991319477558136,8.264892578125,0.0
64QAM-K2736,zero,3,25,0.33785635232925415,0.4991319477558136,3.983766555786133,0.0
64QAM-K2736,zero,3,50,0.33785635232925415,0.4991319477558136,2.1716015338897705,0.0
64QAM-K2736,zero,3,75,0.3014894127845764,0.4991319477558136,1.4820910692214966,0.0
64QAM-K2736,zero,3,100,0.2212856411933899,0.4991319477558136,1.111660122871399,0.0
64QAM-K2736,zero,3,125,0.18788833916187286,0.4991319477558136,0.8290739059448242,0.0
64QAM-K2736,zero,3,150,0.1684027761220932,0.4991319477558136,0.634699285030365,0.0
64QAM-K2736,zero,3,175,0.15439967811107635,0.4991319477558136,0.5058601498603821,0.0
64QAM-K2736,zero,3,200,0.14334338903427124,0.4991319477558136,0.4193912446498871,0.0
64QAM-K2736,zero,3,225,0.13395467400550842,0.4991319477558136,0.35928845405578613,0.0
64QAM-K2736,zero,3,250,0.12468019127845764,0.4991319477558136,0.31370624899864197,0.0
64QAM-K2736,zero,3,275,0.11412646621465683,0.4991319477558136,0.276164710521698,0.0
64QAM-K2736,zero,3,300,0.10556012392044067,0.4991319477558136,0.24421000480651855,0.0
64QAM-K2736,zero,3,325,0.09658260643482208,0.4991319477558136,0.21704286336898804,0.0
64QAM-K2736,zero,3,350,0.08906707167625427,0.4991319477558136,0.1937183141708374,0.0
64QAM-K2736,zero,3,375,0.08312774449586868,0.4991319477558136,0.17359842360019684,0.0
64QAM-K2736,zero,3,400,0.07757675647735596,0.4991319477558136,0.15592032670974731,0.0
64QAM-K2736,zero,3,425,0.07325932383537292,0.4991319477558136,0.14069761335849762,0.0
64QAM-K2736,zero,3,450,0.06978709995746613,0.4991319477558136,0.1276770979166031,0.0
64QAM-K2736,zero,3,475,0.06729715317487717,0.4991319477558136,0.11639745533466339,0.0
64QAM-K2736,zero,3,500,0.06526406854391098,0.4991319477558136,0.10658645629882812,0.0
64QAM-K2736,zero,3,525,0.06327667832374573,0.4991319477558136,0.09813985973596573,0.0
64QAM-K2736,zero,3,550,0.06165478751063347,0.4991319477558136,0.09073425084352493,0.0
64QAM-K2736,zero,3,575,0.060261331498622894,0.4991319477558136,0.08413238823413849,0.0
64QAM-K2736,zero,3,600,0.05891355872154236,0.4991319477558136,0.07825671136379242,0.0
64QAM-K2736,zero,3,625,0.05740588530898094,0.4991319477558136,0.07296827435493469,0.0
64QAM-K2736,zero,3,650,0.056652046740055084,0.4991319477558136,0.06815978139638901,0.0
64QAM-K2736,zero,3,675,0.05582967773079872,0.4991319477558136,0.06384764611721039,0.0
64QAM-K2736,zero,3,700,0.05496162176132202,0.4991319477558136,0.0599481537938118,0.0
64QAM-K2736,zero,3,725,0.054299160838127136,0.4991319477558136,0.05639735609292984,0.0
64QAM-K2736,zero,3,750,0.05386513099074364,0.4991319477558136,0.05317649617791176,0.0
64QAM-K2736,zero,3,775,0.053316887468099594,0.4991319477558136,0.050271518528461456,0.0
64QAM-K2736,zero,3,800,0.05297423154115677,0.4991319477558136,0.04761803150177002,0.0
64QAM-K2736,zero,3,825,0.052425988018512726,0.4991319477558136,0.04516518488526344,0.0
64QAM-K2736,zero,3,850,0.05190058425068855,0.4991319477558136,0.04287761077284813,0.0
64QAM-K2736,zero,3,875,0.051557932049036026,0.4991319477558136,0.04075530543923378,0.0
64QAM-K2736,zero,3,900,0.051557932049036026,0.4991319477558136,0.03880627453327179,0.0
64QAM-K2736,zero,3,925,0.05151224508881569,0.4991319477558136,0.03701917454600334,0.0
64QAM-K2736,zero,3,950,0.05130665376782417,0.4991319477558136,0.03535807132720947,0.0
64QAM-K2736,zero,3,975,0.05123812332749367,0.4991319477558136,0.0337977297604084,0.0
64QAM-K2736,zero,3,1000,0.051009684801101685,0.4991319477558136,0.03234438598155975,0.0
64QAM-K2736,zero,3,1025,0.050849780440330505,0.4991319477558136,0.030983634293079376,0.0
64QAM-K2736,zero,3,1050,0.05075840651988983,0.4991319477558136,0.029712703078985214,0.0
64QAM-K2736,zero,3,1075,0.05059850215911865,0.4991319477558136,0.02852143719792366,0.0
64QAM-K2736,zero,3,1100,0.050552815198898315,0.4991319477558136,0.027396291494369507,0.0
64QAM-K2736,zero,3,1125,0.050415754318237305,0.4991319477558136,0.02633352391421795,0.0
64QAM-K2736,zero,3,1150,0.050392910838127136,0.4991319477558136,0.025327805429697037,0.0
64QAM-K2736,zero,3,1175,0.050255849957466125,0.4991319477558136,0.024378720670938492,0.0
64QAM-K2736,zero,3,1200,0.05018731579184532,0.4991319477558136,0.023481380194425583,0.0
64QAM-K2736,zero,3,1225,0.05005025491118431,0.4991319477558136,0.02263239398598671,0.0
64QAM-K2736,zero,3,1250,0.049981724470853806,0.4991319477558136,0.02182725816965103,0.0
64QAM-K2736,zero,3,1275,0.04993603751063347,0.4991319477558136,0.02106470987200737,0.0
64QAM-K2736,zero,3,1300,0.04986750707030296,0.4991319477558136,0.020340992137789726,0.0
64QAM-K2736,zero,3,1325,0.04979897662997246,0.4991319477558136,0.019651468843221664,0.0
64QAM-K2736,zero,3,1350,0.04977613314986229,0.4991319477558136,0.01899808831512928,0.0
64QAM-K2736,zero,3,1375,0.04979897662997246,0.4991319477558136,0.01838192157447338,0.0
64QAM-K2736,zero,3,1400,0.04966191574931145,0.4991319477558136,0.017796475440263748,0.0
64QAM-K2736,zero,3,1425,0.04963907226920128,0.4991319477558136,0.017239661887288094,0.0
64QAM-K2736,zero,3,1450,0.04966191574931145,0.4991319477558136,0.01671113260090351,0.0
64QAM-K2736,zero,3,1475,0.04959338530898094,0.4991319477558136,0.01620558090507984,0.0
64QAM-K2736,zero,3,1500,0.04961622878909111,0.4991319477558136,0.015720032155513763,0.0
64QAM-K2736,zero,4,1,0.34313324093818665,0.5001370906829834,8.297388076782227,0.0
64QAM-K2736,zero,4,25,0.34313324093818665,0.5001370906829834,4.001032829284668,0.0
64QAM-K2736,zero,4,50,0.34313324093818665,0.5001370906829834,2.1851847171783447,0.0
64QAM-K2736,zero,4,75,0.3055327236652374,0.5001370906829834,1.493492603302002,0.0
64QAM-K2736,zero,4,100,0.22537463903427124,0.5001370906829834,1.1205415725708008,0.0
64QAM-K2736,zero,4,125,0.1899671107530594,0.5001370906829834,0.8362998962402344,0.0
64QAM-K2736,zero,4,150,0.17105263471603394,0.5001370906829834,0.6403106451034546,0.0
64QAM-K2736,zero,4,175,0.15606725215911865,0.5001370906829834,0.5103822946548462,0.0
64QAM-K2736,zero,4,200,0.1457647979259491,0.5001370906829834,0.42292848229408264,0.0
64QAM-K2736,zero,4,225,0.1362161934375763,0.5001370906829834,0.3625652492046356,0.0
64QAM-K2736,zero,4,250,0.12611933052539825,0.5001370906829834,0.31697288155555725,0.0
64QAM-K2736,zero,4,275,0.11517726629972458,0.5001370906829834,0.2795887291431427,0.0
64QAM-K2736,zero,4,300,0.10530884563922882,0.5001370906829834,0.2466486245393753,0.0
64QAM-K2736,zero,4,325,0.0972222238779068,0.5001370906829834,0.21810877323150635,0.0
64QAM-K2736,zero,4,350,0.09062042832374573,0.5001370906829834,0.1941491812467575,0.0
64QAM-K2736,zero,4,375,0.08479532599449158,0.5001370906829834,0.17399084568023682,0.0
64QAM-K2736,zero,4,400,0.07965552061796188,0.5001370906829834,0.15660275518894196,0.0
64QAM-K2736,zero,4,425,0.07565789669752121,0.5001370906829834,0.1415991485118866,0.0
64QAM-K2736,zero,4,450,0.07172880321741104,0.5001370906829834,0.12863104045391083,0.0
64QAM-K2736,zero,4,475,0.06859923154115677,0.5001370906829834,0.11732929199934006,0.0
64QAM-K2736,zero,4,500,0.0659036934375763,0.5001370906829834,0.1073470339179039,0.0
64QAM-K2736,zero,4,525,0.0638706162571907,0.5001370906829834,0.09867286682128906,0.0
64QAM-K2736,zero,4,550,0.06231725215911865,0.5001370906829834,0.09117362648248672,0.0
64QAM-K2736,zero,4,575,0.06064967066049576,0.5001370906829834,0.08451634645462036,0.0
64QAM-K2736,zero,4,600,0.05898209288716316,0.5001370906829834,0.07851623743772507,0.0
64QAM-K2736,zero,4,625,0.05777138099074364,0.5001370906829834,0.07313314080238342,0.0
64QAM-K2736,zero,4,650,0.056926168501377106,0.5001370906829834,0.06833624094724655,0.0
64QAM-K2736,zero,4,675,0.0559895820915699,0.5001370906829834,0.0640694722533226,0.0
64QAM-K2736,zero,4,700,0.0555555559694767,0.5001370906829834,0.060215264558792114,0.0
64QAM-K2736,zero,4,725,0.054778873920440674,0.5001370906829834,0.05669081211090088,0.0
64QAM-K2736,zero,4,750,0.05411641299724579,0.5001370906829834,0.053462810814380646,0.0
64QAM-K2736,zero,4,775,0.053613852709531784,0.5001370906829834,0.05049555376172066,0.0
64QAM-K2736,zero,4,800,0.053316887468099594,0.5001370906829834,0.04780169203877449,0.0
64QAM-K2736,zero,4,825,0.053019918501377106,0.5001370906829834,0.04535404220223427,0.0
64QAM-K2736,zero,4,850,0.05263157933950424,0.5001370906829834,0.0430811382830143,0.0
64QAM-K2736,zero,4,875,0.052425988018512726,0.5001370906829834,0.04097679629921913,0.0
64QAM-K2736,zero,4,900,0.052037645131349564,0.5001370906829834,0.039035454392433167,0.0
64QAM-K2736,zero,4,925,0.051740679889917374,0.5001370906829834,0.037214186042547226,0.0
64QAM-K2736,zero,4,950,0.051260966807603836,0.5001370906829834,0.035499002784490585,0.0
64QAM-K2736,zero,4,975,0.051146745681762695,0.5001370906829834,0.03389753773808479,0.0
64QAM-K2736,zero,4,1000,0.051009684801101685,0.5001370906829834,0.032420359551906586,0.0
64QAM-K2736,zero,4,1025,0.050872623920440674,0.5001370906829834,0.031057924032211304,0.0
64QAM-K2736,zero,4,1050,0.05075840651988983,0.5001370906829834,0.02979564107954502,0.0
64QAM-K2736,zero,4,1075,0.050392910838127136,0.5001370906829834,0.02859596163034439,0.0
64QAM-K2736,zero,4,1100,0.05023300647735596,0.5001370906829834,0.0274579506367445,0.0
64QAM-K2736,zero,4,1125,0.05018731579184532,0.5001370906829834,0.026393473148345947,0.0
64QAM-K2736,zero,4,1150,0.05016447231173515,0.5001370906829834,0.025402091443538666,0.0
64QAM-K2736,zero,4,1175,0.04989035055041313,0.5001370906829834,0.02446775883436203,0.0
64QAM-K2736,zero,4,1200,0.04973044618964195,0.5001370906829834,0.023578209802508354,0.0
64QAM-K2736,zero,4,1225,0.04957054182887077,0.5001370906829834,0.022739065811038017,0.0
64QAM-K2736,zero,4,1250,0.04945632442831993,0.5001370906829834,0.021946337074041367,0.0
64QAM-K2736,zero,4,1275,0.049410637468099594,0.5001370906829834,0.021189387887716293,0.0
64QAM-K2736,zero,4,1300,0.049387793987989426,0.5001370906829834,0.020466748625040054,0.0
64QAM-K2736,zero,4,1325,0.049227889627218246,0.5001370906829834,0.019779253751039505,0.0
64QAM-K2736,zero,4,1350,0.04915935546159744,0.5001370906829834,0.019122546538710594,0.0
64QAM-K2736,zero,4,1375,0.049136511981487274,0.5001370906829834,0.018500762060284615,0.0
64QAM-K2736,zero,4,1400,0.049136511981487274,0.5001370906829834,0.01791621744632721,0.0
64QAM-K2736,zero,4,1425,0.048976607620716095,0.5001370906829834,0.017361970618367195,0.0
64QAM-K2736,zero,4,1450,0.048839546740055084,0.5001370906829834,0.016830017790198326,0.0
64QAM-K2736,zero,4,1475,0.048839546740055084,0.5001370906829834,0.016316676512360573,0.0
64QAM-K2736,zero,4,1500,0.048816703259944916,0.5001370906829834,0.01582336612045765,0.0
64QAM-K2736,rand,0,1,0.49476882815361023,0.492461621761322,6.931822776794434,5.550357341766357
64QAM-K2736,rand,0,25,0.3521564304828644,0.3791118562221527,4.005738258361816,3.3447859287261963
64QAM-K2736,rand,0,50,0.29077577590942383,0.3353435695171356,2.221977472305298,2.0367441177368164
64QAM-K2736,rand,0,75,0.26190149784088135,0.31505846977233887,1.409874677658081,1.3201998472213745
64QAM-K2736,rand,0,100,0.23542580008506775,0.2956414520740509,1.0115951299667358,1.0162471532821655
64QAM-K2736,rand,0,125,0.2078307718038559,0.2817525565624237,0.7754784226417542,1.2067617177963257
64QAM-K2736,rand,0,150,0.18368512392044067,0.27686405181884766,0.6179414391517639,1.665826439857483
64QAM-K2736,rand,0,175,0.16410818696022034,0.27645283937454224,0.5051089525222778,1.6333155632019043
64QAM-K2736,rand,0,200,0.14761513471603394,0.27759504318237305,0.4217938780784607,1.168489694595337
64QAM-K2736,rand,0,225,0.13450291752815247,0.27832603454589844,0.35739612579345703,0.831815242767334
64QAM-K2736,rand,0,250,0.12474872171878815,0.27905702590942383,0.30673903226852417,0.6142047047615051
64QAM-K2736,rand,0,275,0.11583972722291946,0.2795138955116272,0.2662425935268402,0.4652348458766937
64QAM-K2736,rand,0,300,0.10830135643482208,0.27955958247184753,0.2337925285100937,0.3675045967102051
64QAM-K2736,rand,0,325,0.10144828259944916,0.27983370423316956,0.20691488683223724,0.30539581179618835
64QAM-K2736,rand,0,350,0.09608004242181778,0.28006213903427124,0.18425509333610535,0.25402164459228516
64QAM-K2736,rand,0,375,0.09096308797597885,0.2801535129547119,0.16535665094852448,0.21736621856689453
64QAM-K2736,rand,0,400,0.08703399449586868,0.2801535129547119,0.14908352494239807,0.19364619255065918
64QAM-K2736,rand,0,425,0.08347039669752121,0.2802905738353729,0.13569317758083344,0.16793254017829895
64QAM-K2736,rand,0,450,0.07960983365774155,0.2804733216762543,0.12418533116579056,0.14944353699684143
64QAM-K2736,rand,0,475,0.07657163590192795,0.2806103825569153,0.11365221440792084,0.14063110947608948
64QAM-K2736,rand,0,500,0.07403600215911865,0.2804733216762543,0.10470767319202423,0.12427838891744614
64QAM-K2736,rand,0,525,0.07115771621465683,0.2803819477558136,0.09667976945638657,0.11161844432353973
64QAM-K2736,rand,0,550,0.0690789446234703,0.28042763471603394,0.08929049968719482,0.10467609763145447
64QAM-K2736,rand,0,575,0.0668402761220932,0.2804733216762543,0.08297070115804672,0.09283934533596039
64QAM-K2736,rand,0,600,0.06526406854391098,0.2805190086364746,0.07720853388309479,0.08670829236507416
64QAM-K2736,rand,0,625,0.06382492929697037,0.28056469559669495,0.071999192237854,0.07957790046930313
64QAM-K2736,rand,0,650,0.0625685304403305,0.2804733216762543,0.06737934798002243,0.07446803152561188
64QAM-K2736,rand,0,675,0.06122076138854027,0.28042763471603394,0.06320375949144363,0.0684630498290062
64QAM-K2736,rand,0,700,0.06007858365774155,0.2805190086364746,0.059277430176734924,0.06533797085285187
64QAM-K2736,rand,0,725,0.05911915376782417,0.2804733216762543,0.055754248052835464,0.06059093400835991
64QAM-K2736,rand,0,750,0.05843384563922882,0.28056469559669495,0.052520751953125,0.05683756619691849
64QAM-K2736,rand,0,775,0.05745157226920128,0.28056469559669495,0.04970460385084152,0.0533076748251915
64QAM-K2736,rand,0,800,0.05674342066049576,0.28056469559669495,0.04707367718219757,0.05008941888809204
64QAM-K2736,rand,0,825,0.0559895820915699,0.28056469559669495,0.04452027752995491,0.0474526584148407
64QAM-K2736,rand,0,850,0.05544133856892586,0.28056469559669495,0.042106445878744125,0.044850025326013565
64QAM-K2736,rand,0,875,0.055327121168375015,0.28056469559669495,0.03996378928422928,0.04282936453819275
64QAM-K2736,rand,0,900,0.05514437332749367,0.2806103825569153,0.038084570318460464,0.04028628394007683
64QAM-K2736,rand,0,925,0.05464181303977966,0.2806103825569153,0.03637310117483139,0.03977104276418686
64QAM-K2736,rand,0,950,0.054184943437576294,0.2806560695171356,0.034710124135017395,0.03664344176650047
64QAM-K2736,rand,0,975,0.0538194440305233,0.2806560695171356,0.03310103714466095,0.034955788403749466
64QAM-K2736,rand,0,1000,0.05352247878909111,0.2806560695171356,0.03159965202212334,0.03470371663570404
64QAM-K2736,rand,0,1025,0.053431104868650436,0.2806560695171356,0.030217600986361504,0.035655632615089417
64QAM-K2736,rand,0,1050,0.05322551354765892,0.2807474434375763,0.028920549899339676,0.030999109148979187
64QAM-K2736,rand,0,1075,0.05322551354765892,0.2807474434375763,0.027732860296964645,0.029586415737867355
64QAM-K2736,rand,0,1100,0.05292854458093643,0.2807474434375763,0.02664116770029068,0.028325136750936508
64QAM-K2736,rand,0,1125,0.052585892379283905,0.2807474434375763,0.02559732086956501,0.027384690940380096
64QAM-K2736,rand,0,1150,0.052288927137851715,0.28070175647735596,0.024607224389910698,0.026751572266221046
64QAM-K2736,rand,0,1175,0.05217470973730087,0.28070175647735596,0.02368060126900673,0.025833621621131897
64QAM-K2736,rand,0,1200,0.05210617557168007,0.2807474434375763,0.022794095799326897,0.02477087639272213
64QAM-K2736,rand,0,1225,0.05194627121090889,0.2807474434375763,0.021959213539958,0.023693403229117393
64QAM-K2736,rand,0,1250,0.051877740770578384,0.2807474434375763,0.021168319508433342,0.022517578676342964
64QAM-K2736,rand,0,1275,0.051740679889917374,0.2807474434375763,0.020420944318175316,0.021904563531279564
64QAM-K2736,rand,0,1300,0.05151224508881569,0.2807474434375763,0.019727671518921852,0.02221551723778248
64QAM-K2736,rand,0,1325,0.05139802768826485,0.2807474434375763,0.019051505252718925,0.02022501640021801
64QAM-K2736,rand,0,1350,0.0512152798473835,0.2807474434375763,0.018415993079543114,0.01965438947081566
64QAM-K2736,rand,0,1375,0.05103252828121185,0.28079313039779663,0.017810191959142685,0.01882539689540863
64QAM-K2736,rand,0,1400,0.05082693696022034,0.28079313039779663,0.017233354970812798,0.018196944147348404
64QAM-K2736,rand,0,1425,0.05080409348011017,0.28079313039779663,0.016673939302563667,0.01770438626408577
64QAM-K2736,rand,0,1450,0.05080409348011017,0.2807474434375763,0.01613425463438034,0.017587393522262573
64QAM-K2736,rand,0,1475,0.05075840651988983,0.2807474434375763,0.015631722286343575,0.016517650336027145
64QAM-K2736,rand,0,1500,0.050689876079559326,0.28079313039779663,0.015156296081840992,0.016546910628676414
64QAM-K2736,rand,1,1,0.49476882815361023,0.49538561701774597,6.9465837478637695,5.5538859367370605
64QAM-K2736,rand,1,25,0.3510599434375763,0.386147677898407,4.03571081161499,3.3556244373321533
64QAM-K2736,rand,1,50,0.29077577590942383,0.3380391001701355,2.2344398498535156,2.0470330715179443
64QAM-K2736,rand,1,75,0.26283809542655945,0.3179824650287628,1.4149044752120972,1.3199385404586792
64QAM-K2736,rand,1,100,0.23362116515636444,0.29829129576683044,1.014060616493225,1.0196677446365356
64QAM-K2736,rand,1,125,0.20693987607955933,0.28380846977233887,0.7771413922309875,1.2066925764083862
64QAM-K2736,rand,1,150,0.18318256735801697,0.2777777910232544,0.6187165975570679,1.6537779569625854
64QAM-K2736,rand,1,175,0.16371984779834747,0.2762700915336609,0.506528377532959,1.6474274396896362
64QAM-K2736,rand,1,200,0.14745523035526276,0.2779148519039154,0.4230460822582245,1.1976559162139893
64QAM-K2736,rand,1,225,0.13416026532649994,0.27873721718788147,0.35874298214912415,0.825965404510498
64QAM-K2736,rand,1,250,0.12417763471603394,0.27910271286964417,0.30744901299476624,0.5817089080810547
64QAM-K2736,rand,1,275,0.11524579674005508,0.27955958247184753,0.26678267121315,0.46008622646331787
64QAM-K2736,rand,1,300,0.10768457502126694,0.27997076511383057,0.2339925318956375,0.3648843765258789
64QAM-K2736,rand,1,325,0.10058023035526276,0.28006213903427124,0.2070700079202652,0.29965490102767944
64QAM-K2736,rand,1,350,0.09530336409807205,0.2802905738353729,0.18456993997097015,0.2560248076915741
64QAM-K2736,rand,1,375,0.09002649784088135,0.2802905738353729,0.16572067141532898,0.2207343578338623
64QAM-K2736,rand,1,400,0.08504660427570343,0.28042763471603394,0.14988423883914948,0.1971006840467453
64QAM-K2736,rand,1,425,0.08104898035526276,0.2804733216762543,0.13618388772010803,0.1712537705898285
64QAM-K2736,rand,1,450,0.07791940867900848,0.28056469559669495,0.12420409917831421,0.1508914679288864
64QAM-K2736,rand,1,475,0.07488121092319489,0.28056469559669495,0.11395905911922455,0.1374547928571701
64QAM-K2736,rand,1,500,0.07188870757818222,0.28070175647735596,0.10486600548028946,0.12594816088676453
64QAM-K2736,rand,1,525,0.06939876079559326,0.2807474434375763,0.09673865139484406,0.11034752428531647
64QAM-K2736,rand,1,550,0.06736568361520767,0.2806560695171356,0.08945238590240479,0.10054347664117813
64QAM-K2736,rand,1,575,0.06530976295471191,0.2807474434375763,0.08329328894615173,0.09260023385286331
64QAM-K2736,rand,1,600,0.06332236528396606,0.28079313039779663,0.07769366353750229,0.08821667730808258
64QAM-K2736,rand,1,625,0.06181469187140465,0.28079313039779663,0.07253388315439224,0.08220306038856506
64QAM-K2736,rand,1,650,0.060238488018512726,0.2808845043182373,0.06782035529613495,0.07649294286966324
64QAM-K2736,rand,1,675,0.05870796740055084,0.2810215651988983,0.06350887566804886,0.07062824815511703
64QAM-K2736,rand,1,700,0.05740588530898094,0.281112939119339,0.059516750276088715,0.06646820157766342
64QAM-K2736,rand,1,725,0.05658351629972458,0.2811586260795593,0.05590774118900299,0.062499940395355225
64QAM-K2736,rand,1,750,0.05571546033024788,0.281112939119339,0.05265895277261734,0.05709708482027054
64QAM-K2736,rand,1,775,0.05493877828121185,0.281112939119339,0.04977753758430481,0.05502795800566673
64QAM-K2736,rand,1,800,0.054025035351514816,0.281112939119339,0.04710102826356888,0.051511507481336594
64QAM-K2736,rand,1,825,0.053316887468099594,0.28125,0.04453713819384575,0.04871346801519394
64QAM-K2736,rand,1,850,0.05297423154115677,0.28129568696022034,0.042188674211502075,0.045669835060834885
64QAM-K2736,rand,1,875,0.05265442281961441,0.281387060880661,0.040126606822013855,0.04433317109942436
64QAM-K2736,rand,1,900,0.052151866257190704,0.28143274784088135,0.038233160972595215,0.0418202206492424
64QAM-K2736,rand,1,925,0.05167214944958687,0.2814784348011017,0.03641767054796219,0.04253580421209335
64QAM-K2736,rand,1,950,0.05135234072804451,0.28143274784088135,0.034686800092458725,0.03803664818406105
64QAM-K2736,rand,1,975,0.05110105872154236,0.2814784348011017,0.03309037536382675,0.035757020115852356
64QAM-K2736,rand,1,1000,0.05075840651988983,0.2814784348011017,0.03159883990883827,0.03402280807495117
64QAM-K2736,rand,1,1025,0.05066703259944916,0.281524121761322,0.030224939808249474,0.03402859345078468
64QAM-K2736,rand,1,1050,0.05046144127845764,0.28156980872154236,0.028947044163942337,0.0311603881418705
64QAM-K2736,rand,1,1075,0.0503472238779068,0.281524121761322,0.027743136510252953,0.02994481846690178
64QAM-K2736,rand,1,1100,0.05021016299724579,0.28156980872154236,0.026643889024853706,0.029387379065155983
64QAM-K2736,rand,1,1125,0.04986750707030296,0.2816154956817627,0.025601638481020927,0.027396399527788162
64QAM-K2736,rand,1,1150,0.04966191574931145,0.2816154956817627,0.024616865441203117,0.02622273750603199
64QAM-K2736,rand,1,1175,0.04957054182887077,0.2816154956817627,0.02367580123245716,0.025158455595374107
64QAM-K2736,rand,1,1200,0.049524854868650436,0.2816154956817627,0.022796757519245148,0.024170314893126488
64QAM-K2736,rand,1,1225,0.04936495050787926,0.2816154956817627,0.02196597121655941,0.023261254653334618
64QAM-K2736,rand,1,1250,0.04909082502126694,0.2816154956817627,0.021176785230636597,0.022485211491584778
64QAM-K2736,rand,1,1275,0.049113668501377106,0.28166118264198303,0.020425865426659584,0.021705767139792442
64QAM-K2736,rand,1,1300,0.04899945110082626,0.28166118264198303,0.019711948931217194,0.020877160131931305
64QAM-K2736,rand,1,1325,0.048953764140605927,0.28166118264198303,0.019031524658203125,0.020341891795396805
64QAM-K2736,rand,1,1350,0.04888523370027542,0.28170686960220337,0.01838483288884163,0.01949656382203102
64QAM-K2736,rand,1,1375,0.04874817281961441,0.28170686960220337,0.017777178436517715,0.018844421952962875
64QAM-K2736,rand,1,1400,0.048702485859394073,0.2817525565624237,0.017195744439959526,0.01853266730904579
64QAM-K2736,rand,1,1425,0.04877101629972458,0.28179824352264404,0.016658896580338478,0.01765085756778717
64QAM-K2736,rand,1,1450,0.04877101629972458,0.28179824352264404,0.01614903286099434,0.017085472121834755
64QAM-K2736,rand,1,1475,0.048679642379283905,0.28179824352264404,0.01564544066786766,0.016647491604089737
64QAM-K2736,rand,1,1500,0.04863395541906357,0.2818439304828644,0.015172643586993217,0.01660148985683918
64QAM-K2736,rand,2,1,0.49353528022766113,0.4935581088066101,6.935478210449219,5.516117572784424
64QAM-K2736,rand,2,25,0.35327577590942383,0.3818073868751526,4.023399829864502,3.352118730545044
64QAM-K2736,rand,2,50,0.2936769127845764,0.3351608216762543,2.228257656097412,2.041717052459717
64QAM-K2736,rand,2,75,0.26516813039779663,0.3162006735801697,1.4153010845184326,1.315321445465088
64QAM-K2736,rand,2,100,0.23649945855140686,0.29618969559669495,1.0133193731307983,1.0361684560775757
64QAM-K2736,rand,2,125,0.20924708247184753,0.28316885232925415,0.7763727903366089,1.254473090171814
64QAM-K2736,rand,2,150,0.1858324259519577,0.27786916494369507,0.619244396686554,1.6794084310531616
64QAM-K2736,rand,2,175,0.16525036096572876,0.27658990025520325,0.5070950984954834,1.6014597415924072
64QAM-K2736,rand,2,200,0.14935123920440674,0.27622440457344055,0.4222816228866577,1.1823891401290894
64QAM-K2736,rand,2,225,0.13697002828121185,0.2768183648586273,0.35717782378196716,0.8323996067047119
64QAM-K2736,rand,2,250,0.1272386759519577,0.27718386054039,0.30720746517181396,0.6148974299430847
64QAM-K2736,rand,2,275,0.11798702925443649,0.27736660838127136,0.2666477560997009,0.4582994282245636
64QAM-K2736,rand,2,300,0.11017452925443649,0.27773210406303406,0.23356276750564575,0.36885949969291687
64QAM-K2736,rand,2,325,0.10377832502126694,0.2780519127845764,0.20640291273593903,0.31205058097839355
64QAM-K2736,rand,2,350,0.09813596308231354,0.2782803475856781,0.18375585973262787,0.2602929472923279
64QAM-K2736,rand,2,375,0.09304185211658478,0.2785087823867798,0.165255606174469,0.2215430736541748
64QAM-K2736,rand,2,400,0.0889071673154831,0.2785544693470001,0.14951421320438385,0.19110509753227234
64QAM-K2736,rand,2,425,0.08442982286214828,0.27860015630722046,0.13631248474121094,0.1681283414363861
64QAM-K2736,rand,2,450,0.0803636685013771,0.2785544693470001,0.12509943544864655,0.14880739152431488
64QAM-K2736,rand,2,475,0.07716557383537292,0.2785544693470001,0.11473718285560608,0.13520340621471405
64QAM-K2736,rand,2,500,0.07444718480110168,0.27873721718788147,0.10555709153413773,0.12266805022954941
64QAM-K2736,rand,2,525,0.07184302061796188,0.27873721718788147,0.09753268212080002,0.1112547516822815
64QAM-K2736,rand,2,550,0.06914747506380081,0.2789199650287628,0.0905294120311737,0.09987930208444595
64QAM-K2736,rand,2,575,0.0672057718038559,0.27896565198898315,0.08408505469560623,0.09106571972370148
64QAM-K2736,rand,2,600,0.06508132070302963,0.2789199650287628,0.0783381462097168,0.08481364697217941
64QAM-K2736,rand,2,625,0.06323099136352539,0.27882859110832214,0.07286842912435532,0.07901954650878906
64QAM-K2736,rand,2,650,0.06204313039779663,0.2789199650287628,0.06792917102575302,0.07215523719787598
64QAM-K2736,rand,2,675,0.06090094894170761,0.27896565198898315,0.06353241950273514,0.06939151883125305
64QAM-K2736,rand,2,700,0.059530336409807205,0.2789199650287628,0.059762660413980484,0.06307291239500046
64QAM-K2736,rand,2,725,0.05802266299724579,0.2788742780685425,0.05616709962487221,0.05904338136315346
64QAM-K2736,rand,2,750,0.05724598094820976,0.2788742780685425,0.05280064046382904,0.05626918375492096
64QAM-K2736,rand,2,775,0.056652046740055084,0.2788742780685425,0.049801602959632874,0.05408965423703194
64QAM-K2736,rand,2,800,0.05580683425068855,0.2789199650287628,0.04712742194533348,0.0520239993929863
64QAM-K2736,rand,2,825,0.055349964648485184,0.2789199650287628,0.044601548463106155,0.047960828989744186
64QAM-K2736,rand,2,850,0.054756030440330505,0.2789199650287628,0.04231152683496475,0.04739411175251007
64QAM-K2736,rand,2,875,0.05411641299724579,0.27896565198898315,0.040228694677352905,0.04383741319179535
64QAM-K2736,rand,2,900,0.053431104868650436,0.27896565198898315,0.0383395217359066,0.04207225888967514
64QAM-K2736,rand,2,925,0.05311129242181778,0.27896565198898315,0.036460306495428085,0.03873218968510628
64QAM-K2736,rand,2,950,0.05263157933950424,0.27896565198898315,0.03473638370633125,0.03676187992095947
64QAM-K2736,rand,2,975,0.05222039669752121,0.27896565198898315,0.03315042704343796,0.03503083810210228
64QAM-K2736,rand,2,1000,0.05194627121090889,0.27896565198898315,0.031644463539123535,0.03781848028302193
64QAM-K2736,rand,2,1025,0.051717836409807205,0.27905702590942383,0.030244214460253716,0.032720185816287994
64QAM-K2736,rand,2,1050,0.05137518420815468,0.27910271286964417,0.028934255242347717,0.031166478991508484
64QAM-K2736,rand,2,1075,0.05112390220165253,0.27910271286964417,0.027709411457180977,0.02951088920235634
64QAM-K2736,rand,2,1100,0.05078125,0.27910271286964417,0.026567401364445686,0.028238140046596527
64QAM-K2736,rand,2,1125,0.05052997171878815,0.27910271286964417,0.025528933852910995,0.027065355330705643
64QAM-K2736,rand,2,1150,0.05059850215911865,0.27910271286964417,0.02456701546907425,0.025978827849030495
64QAM-K2736,rand,2,1175,0.05043859779834747,0.27910271286964417,0.023632962256669998,0.024990586563944817
64QAM-K2736,rand,2,1200,0.05021016299724579,0.27910271286964417,0.02276316098868847,0.024504272267222404
64QAM-K2736,rand,2,1225,0.050004567950963974,0.27905702590942383,0.02195662446320057,0.023071974515914917
64QAM-K2736,rand,2,1250,0.04986750707030296,0.27905702590942383,0.021166697144508362,0.022193895652890205
64QAM-K2736,rand,2,1275,0.04977613314986229,0.27905702590942383,0.020405814051628113,0.02139195241034031
64QAM-K2736,rand,2,1300,0.049844663590192795,0.27905702590942383,0.019693605601787567,0.020639540627598763
64QAM-K2736,rand,2,1325,0.04979897662997246,0.27905702590942383,0.019021736457943916,0.019944757223129272
64QAM-K2736,rand,2,1350,0.04973044618964195,0.27910271286964417,0.01837817206978798,0.020619278773665428
64QAM-K2736,rand,2,1375,0.04959338530898094,0.2791483998298645,0.01775727979838848,0.01954602636396885
64QAM-K2736,rand,2,1400,0.049547698348760605,0.2791483998298645,0.01717105694115162,0.018171964213252068
64QAM-K2736,rand,2,1425,0.04945632442831993,0.2791483998298645,0.016616128385066986,0.01754603534936905
64QAM-K2736,rand,2,1450,0.04943348094820976,0.2791483998298645,0.016097478568553925,0.017005769535899162
64QAM-K2736,rand,2,1475,0.04943348094820976,0.2791483998298645,0.01560886949300766,0.016788531094789505
64QAM-K2736,rand,2,1500,0.04931926354765892,0.2791483998298645,0.01514008454978466,0.01594815030694008
64QAM-K2736,rand,3,1,0.49497440457344055,0.49424341320991516,6.934253215789795,5.552398681640625
64QAM-K2736,rand,3,25,0.3495979607105255,0.38559940457344055,4.018115043640137,3.390474796295166
64QAM-K2736,rand,3,50,0.2902732193470001,0.34036916494369507,2.2212202548980713,2.0543506145477295
64QAM-K2736,rand,3,75,0.2619471848011017,0.31811952590942383,1.4136728048324585,1.32718026638031
64QAM-K2736,rand,3,100,0.2330043911933899,0.2982456088066101,1.0128569602966309,1.0146434307098389
64QAM-K2736,rand,3,125,0.20748811960220337,0.2834886610507965,0.7752119898796082,1.1743109226226807
64QAM-K2736,rand,3,150,0.18430189788341522,0.2793768346309662,0.6177328824996948,1.653292179107666
64QAM-K2736,rand,3,175,0.16504476964473724,0.2784174084663391,0.5066548585891724,1.630246877670288
64QAM-K2736,rand,3,200,0.14912280440330505,0.27832603454589844,0.4234655797481537,1.2266169786453247
64QAM-K2736,rand,3,225,0.13596491515636444,0.2797880172729492,0.3586474359035492,0.8621797561645508
64QAM-K2736,rand,3,250,0.12474872171878815,0.2802905738353729,0.30795007944107056,0.630243182182312
64QAM-K2736,rand,3,275,0.11540570110082626,0.28079313039779663,0.26752302050590515,0.47831761837005615
64QAM-K2736,rand,3,300,0.10868969559669495,0.28129568696022034,0.23420491814613342,0.3890000879764557
64QAM-K2736,rand,3,325,0.10224780440330505,0.2813413739204407,0.20691245794296265,0.3126618564128876
64QAM-K2736,rand,3,350,0.09683388471603394,0.281387060880661,0.18439249694347382,0.26039984822273254
64QAM-K2736,rand,3,375,0.0920138880610466,0.28166118264198303,0.16566190123558044,0.2250935286283493
64QAM-K2736,rand,3,400,0.08799342066049576,0.28207236528396606,0.14972177147865295,0.20131175220012665
64QAM-K2736,rand,3,425,0.08395010977983475,0.2822551131248474,0.13590586185455322,0.1707456111907959
64QAM-K2736,rand,3,450,0.08102613687515259,0.2822551131248474,0.12393523007631302,0.1508520394563675
64QAM-K2736,rand,3,475,0.07798793911933899,0.2821180522441864,0.11372824013233185,0.13514667749404907
64QAM-K2736,rand,3,500,0.0755893662571907,0.28207236528396606,0.10475680977106094,0.12168489396572113
64QAM-K2736,rand,3,525,0.07309941947460175,0.2821180522441864,0.09688731282949448,0.11446227133274078
64QAM-K2736,rand,3,550,0.0708150565624237,0.28193530440330505,0.08977164328098297,0.10469254106283188
64QAM-K2736,rand,3,575,0.0686449185013771,0.28179824352264404,0.083328016102314,0.09422476589679718
64QAM-K2736,rand,3,600,0.06668037176132202,0.28179824352264404,0.07753390073776245,0.08959242701530457
64QAM-K2736,rand,3,625,0.06524122506380081,0.28179824352264404,0.07212625443935394,0.08019319176673889
64QAM-K2736,rand,3,650,0.0641675814986229,0.28179824352264404,0.06755243986845016,0.0737425908446312
64QAM-K2736,rand,3,675,0.06297971308231354,0.28179824352264404,0.06338927149772644,0.06852353364229202
64QAM-K2736,rand,3,700,0.06158625707030296,0.28179824352264404,0.0594957210123539,0.0647195503115654
64QAM-K2736,rand,3,725,0.060398392379283905,0.2819809913635254,0.05587140470743179,0.06113078072667122
64QAM-K2736,rand,3,750,0.05959886685013771,0.2821180522441864,0.052635036408901215,0.05725504830479622
64QAM-K2736,rand,3,775,0.058662280440330505,0.2821180522441864,0.04962310940027237,0.053401410579681396
64QAM-K2736,rand,3,800,0.058091193437576294,0.28207236528396606,0.046889498829841614,0.05018268898129463
64QAM-K2736,rand,3,825,0.057634320110082626,0.28207236528396606,0.04441632702946663,0.047814615070819855
64QAM-K2736,rand,3,850,0.05713176354765892,0.28216373920440674,0.04215802624821663,0.04487251490354538
64QAM-K2736,rand,3,875,0.05672057718038559,0.28216373920440674,0.04003365710377693,0.0427328497171402
64QAM-K2736,rand,3,900,0.0564236119389534,0.2821180522441864,0.03811425343155861,0.040490224957466125
64QAM-K2736,rand,3,925,0.055921051651239395,0.2821180522441864,0.036363277584314346,0.038569118827581406
64QAM-K2736,rand,3,950,0.055464182049036026,0.28216373920440674,0.03467431664466858,0.03729553520679474
64QAM-K2736,rand,3,975,0.054915934801101685,0.28216373920440674,0.03310221806168556,0.03504132479429245
64QAM-K2736,rand,3,1000,0.054618969559669495,0.28216373920440674,0.03165667876601219,0.03375779837369919
64QAM-K2736,rand,3,1025,0.05443622171878815,0.2822094261646271,0.030321642756462097,0.032262932509183884
64QAM-K2736,rand,3,1050,0.05395650491118431,0.2822094261646271,0.029039308428764343,0.03117438033223152
64QAM-K2736,rand,3,1075,0.05363669618964195,0.28216373920440674,0.027834469452500343,0.0302193071693182
64QAM-K2736,rand,3,1100,0.05354532226920128,0.2822094261646271,0.02665948122739792,0.02903798595070839
64QAM-K2736,rand,3,1125,0.053316887468099594,0.2822551131248474,0.0255943164229393,0.027468213811516762
64QAM-K2736,rand,3,1150,0.05327120050787926,0.2822551131248474,0.024629967287182808,0.026357892900705338
64QAM-K2736,rand,3,1175,0.053019918501377106,0.28230080008506775,0.023715710267424583,0.0260046124458313
64QAM-K2736,rand,3,1200,0.05283717066049576,0.2823921740055084,0.02283007651567459,0.024941494688391685
64QAM-K2736,rand,3,1225,0.05265442281961441,0.2824835479259491,0.021982623264193535,0.02369152382016182
64QAM-K2736,rand,3,1250,0.0525173619389534,0.2824835479259491,0.021192140877246857,0.022750847041606903
64QAM-K2736,rand,3,1275,0.05247167497873306,0.2824835479259491,0.020444585010409355,0.02191430702805519
64QAM-K2736,rand,3,1300,0.05235745757818222,0.2824835479259491,0.019732238724827766,0.021247953176498413
64QAM-K2736,rand,3,1325,0.05224324017763138,0.28252923488616943,0.019056472927331924,0.02093408815562725
64QAM-K2736,rand,3,1350,0.05217470973730087,0.28252923488616943,0.018417300656437874,0.019729187712073326
64QAM-K2736,rand,3,1375,0.05206048861145973,0.28252923488616943,0.01780628226697445,0.01907752826809883
64QAM-K2736,rand,3,1400,0.05196911469101906,0.28252923488616943,0.017230607569217682,0.018595755100250244
64QAM-K2736,rand,3,1425,0.05196911469101906,0.28257492184638977,0.016687624156475067,0.018016062676906586
64QAM-K2736,rand,3,1450,0.05199195817112923,0.28257492184638977,0.0161754060536623,0.017270004376769066
64QAM-K2736,rand,3,1475,0.051854897290468216,0.28257492184638977,0.01568812131881714,0.0169258713722229
64QAM-K2736,rand,3,1500,0.05178636685013771,0.2826206088066101,0.015207254327833652,0.016455823555588722
64QAM-K2736,rand,4,1,0.4930555522441864,0.4931469261646271,6.903498649597168,5.490907669067383
64QAM-K2736,rand,4,25,0.3518594801425934,0.3804824650287628,4.009974002838135,3.3139142990112305
64QAM-K2736,rand,4,50,0.29248905181884766,0.33452120423316956,2.2141973972320557,2.015824794769287
64QAM-K2736,rand,4,75,0.26290661096572876,0.3151041567325592,1.404807209968567,1.2949362993240356
64QAM-K2736,rand,4,100,0.23405519127845764,0.29532164335250854,1.0073028802871704,1.0165300369262695
64QAM-K2736,rand,4,125,0.20703125,0.2804733216762543,0.7717294096946716,1.2076478004455566
64QAM-K2736,rand,4,150,0.18313688039779663,0.2738029956817627,0.6148161292076111,1.6664036512374878
64QAM-K2736,rand,4,175,0.16360563039779663,0.27362024784088135,0.5030625462532043,1.6128886938095093
64QAM-K2736,rand,4,200,0.14686129987239838,0.2750365436077118,0.4197964072227478,1.172363519668579
64QAM-K2736,rand,4,225,0.13416026532649994,0.27512791752815247,0.3557719886302948,0.8022196888923645
64QAM-K2736,rand,4,250,0.12397204339504242,0.27558478713035583,0.3047625422477722,0.6020322442054749
64QAM-K2736,rand,4,275,0.11570266634225845,0.27595028281211853,0.2644611895084381,0.4609810411930084
64QAM-K2736,rand,4,300,0.10832419991493225,0.2761787176132202,0.2320941537618637,0.36114463210105896
64QAM-K2736,rand,4,325,0.10179093480110168,0.2764985263347626,0.20557305216789246,0.30352550745010376
64QAM-K2736,rand,4,350,0.0968567281961441,0.27672696113586426,0.18328124284744263,0.25808775424957275
64QAM-K2736,rand,4,375,0.09153417497873306,0.27672696113586426,0.16482064127922058,0.21911951899528503
64QAM-K2736,rand,4,400,0.08682840317487717,0.27686405181884766,0.1488611251115799,0.190067321062088
64QAM-K2736,rand,4,425,0.08315058797597885,0.27695542573928833,0.13527096807956696,0.16625094413757324
64QAM-K2736,rand,4,450,0.07974689453840256,0.27700111269950867,0.12372761964797974,0.15405911207199097
64QAM-K2736,rand,4,475,0.07641173154115677,0.2771381735801697,0.11331821233034134,0.1349482238292694
64QAM-K2736,rand,4,500,0.0737161934375763,0.27722954750061035,0.10410110652446747,0.1246640607714653
64QAM-K2736,rand,4,525,0.07127193361520767,0.2772752344608307,0.09598585963249207,0.11061792075634003
64QAM-K2736,rand,4,550,0.06942160427570343,0.277320921421051,0.08899769186973572,0.1022038608789444
64QAM-K2736,rand,4,575,0.06729715317487717,0.2774122953414917,0.08266753703355789,0.0955030545592308
64QAM-K2736,rand,4,600,0.0656067281961441,0.277320921421051,0.07702775299549103,0.08525536209344864
64QAM-K2736,rand,4,625,0.06451023370027542,0.27745798230171204,0.07183287292718887,0.08245178312063217
64QAM-K2736,rand,4,650,0.06320814788341522,0.2775036692619324,0.06721801310777664,0.07296005636453629
64QAM-K2736,rand,4,675,0.06188322231173515,0.2775036692619324,0.063015878200531,0.06784256547689438
64QAM-K2736,rand,4,700,0.06058114022016525,0.27759504318237305,0.05912858992815018,0.0637998878955841
64QAM-K2736,rand,4,725,0.05948464944958687,0.2776407301425934,0.05562014877796173,0.05913924053311348
64QAM-K2736,rand,4,750,0.058502376079559326,0.2776864171028137,0.0523994080722332,0.05618856102228165
64QAM-K2736,rand,4,775,0.05811403691768646,0.2776407301425934,0.049518853425979614,0.05355849489569664
64QAM-K2736,rand,4,800,0.057063233107328415,0.2776407301425934,0.04683031141757965,0.05026158317923546
64QAM-K2736,rand,4,825,0.056195177137851715,0.2776864171028137,0.04432772099971771,0.04763913154602051
64QAM-K2736,rand,4,850,0.05573830381035805,0.27773210406303406,0.04205155372619629,0.04504498466849327
64QAM-K2736,rand,4,875,0.0551215298473835,0.27773210406303406,0.03995996713638306,0.042915429919958115
64QAM-K2736,rand,4,900,0.0546875,0.2776864171028137,0.038089569658041,0.04032934829592705
64QAM-K2736,rand,4,925,0.054162099957466125,0.2777777910232544,0.03630637750029564,0.04000604525208473
64QAM-K2736,rand,4,950,0.05386513099074364,0.27782347798347473,0.03464093804359436,0.03745579347014427
64QAM-K2736,rand,4,975,0.05352247878909111,0.2777777910232544,0.033075738698244095,0.035535864531993866
64QAM-K2736,rand,4,1000,0.05322551354765892,0.2777777910232544,0.03161809220910072,0.0332358255982399
64QAM-K2736,rand,4,1025,0.05279148370027542,0.2777777910232544,0.03020302951335907,0.0317772775888443
64QAM-K2736,rand,4,1050,0.05263157933950424,0.27773210406303406,0.028908438980579376,0.030929582193493843
64QAM-K2736,rand,4,1075,0.052585892379283905,0.27773210406303406,0.0276901014149189,0.029206911101937294
64QAM-K2736,rand,4,1100,0.05222039669752121,0.2777777910232544,0.026555823162198067,0.028047017753124237
64QAM-K2736,rand,4,1125,0.05212901905179024,0.2777777910232544,0.02549280785024166,0.027064021676778793
64QAM-K2736,rand,4,1150,0.05176352337002754,0.27782347798347473,0.024507319554686546,0.026412485167384148
64QAM-K2736,rand,4,1175,0.05178636685013771,0.27786916494369507,0.023579023778438568,0.02633686549961567
64QAM-K2736,rand,4,1200,0.05153508856892586,0.27786916494369507,0.022725921124219894,0.024273226037621498
64QAM-K2736,rand,4,1225,0.05139802768826485,0.2779148519039154,0.0219158586114645,0.023359887301921844
64QAM-K2736,rand,4,1250,0.05135234072804451,0.27796053886413574,0.02114647440612316,0.02239242009818554
64QAM-K2736,rand,4,1275,0.051283810287714005,0.27796053886413574,0.020411357283592224,0.02149108797311783
64QAM-K2736,rand,4,1300,0.051169589161872864,0.27796053886413574,0.019689470529556274,0.02070537954568863
64QAM-K2736,rand,4,1325,0.051169589161872864,0.27796053886413574,0.019015327095985413,0.020196421071887016
64QAM-K2736,rand,4,1350,0.05110105872154236,0.2779148519039154,0.018382925540208817,0.01988212950527668
64QAM-K2736,rand,4,1375,0.05105537176132202,0.27786916494369507,0.01777026057243347,0.018937652930617332
64QAM-K2736,rand,4,1400,0.05094115436077118,0.27786916494369507,0.017187858000397682,0.018410518765449524
64QAM-K2736,rand,4,1425,0.050872623920440674,0.27786916494369507,0.01663457788527012,0.017574956640601158
64QAM-K2736,rand,4,1450,0.05075840651988983,0.27786916494369507,0.01610444113612175,0.016982628032565117
64QAM-K2736,rand,4,1475,0.05078125,0.27786916494369507,0.015612013638019562,0.016427576541900635
64QAM-K2736,rand,4,1500,0.050689876079559326,0.27786916494369507,0.015138025395572186,0.015902122482657433
64QAM-K2736,warm,0,1,0.29922789335250854,0.2987481653690338,6.377349376678467,5.218636512756348
64QAM-K2736,warm,0,25,0.26002833247184753,0.280975878238678,3.6488893032073975,3.0454323291778564
64QAM-K2736,warm,0,50,0.23245614767074585,0.27512791752815247,1.9009888172149658,1.6901894807815552
64QAM-K2736,warm,0,75,0.20984101295471191,0.2622898519039154,1.2046908140182495,1.1409043073654175
64QAM-K2736,warm,0,100,0.1911092847585678,0.2510964870452881,0.8737205862998962,0.9106349945068359
64QAM-K2736,warm,0,125,0.1606588065624237,0.23259320855140686,0.6682777404785156,1.114669919013977
64QAM-K2736,warm,0,150,0.13907164335250854,0.226425439119339,0.5326263904571533,1.6807078123092651
64QAM-K2736,warm,0,175,0.12278417497873306,0.22624269127845764,0.4355504810810089,1.5494071245193481
64QAM-K2736,warm,0,200,0.11090552061796188,0.2269279956817627,0.3613261580467224,1.0845420360565186
64QAM-K2736,warm,0,225,0.10147112607955933,0.22820724546909332,0.3031199872493744,0.7763199210166931
64QAM-K2736,warm,0,250,0.09507492929697037,0.22861842811107635,0.25756505131721497,0.5445957183837891
64QAM-K2736,warm,0,275,0.09016355872154236,0.2291666716337204,0.2226235270500183,0.43154141306877136
64QAM-K2736,warm,0,300,0.08607456088066101,0.22980628907680511,0.19530411064624786,0.3428417146205902
64QAM-K2736,warm,0,325,0.0816657543182373,0.2300347238779068,0.17331871390342712,0.2797259986400604
64QAM-K2736,warm,0,350,0.07869608700275421,0.23012609779834747,0.15481668710708618,0.23180904984474182
64QAM-K2736,warm,0,375,0.07577211409807205,0.23030884563922882,0.13926894962787628,0.19820478558540344
64QAM-K2736,warm,0,400,0.0732821673154831,0.2304002195596695,0.12622228264808655,0.17244292795658112
64QAM-K2736,warm,0,425,0.07079221308231354,0.23062865436077118,0.11507962644100189,0.15800225734710693
64QAM-K2736,warm,0,450,0.06873629242181778,0.23094846308231354,0.10539446771144867,0.14267398416996002
64QAM-K2736,warm,0,475,0.06658899784088135,0.23099415004253387,0.09682179242372513,0.1252608299255371
64QAM-K2736,warm,0,500,0.06489857286214828,0.23099415004253387,0.08911576867103577,0.11239191144704819
64QAM-K2736,warm,0,525,0.06302540004253387,0.23085708916187286,0.08224080502986908,0.1031799241900444
64QAM-K2736,warm,0,550,0.0616319440305233,0.23099415004253387,0.07621266692876816,0.09412437677383423
64QAM-K2736,warm,0,575,0.0603298619389534,0.2310398370027542,0.07100368291139603,0.08628170192241669
64QAM-K2736,warm,0,600,0.0594618059694767,0.23099415004253387,0.06617959588766098,0.07882299274206161
64QAM-K2736,warm,0,625,0.05845668911933899,0.23108552396297455,0.061720844358205795,0.07387065887451172
64QAM-K2736,warm,0,650,0.05756578966975212,0.23108552396297455,0.057645317167043686,0.0675647184252739
64QAM-K2736,warm,0,675,0.05717745050787926,0.23108552396297455,0.05396195128560066,0.06284510344266891
64QAM-K2736,warm,0,700,0.05653782933950424,0.23108552396297455,0.0506737120449543,0.05884922295808792
64QAM-K2736,warm,0,725,0.05612664669752121,0.23113121092319489,0.04770917072892189,0.055118147283792496
64QAM-K2736,warm,0,750,0.055624086409807205,0.23113121092319489,0.04504884406924248,0.054541394114494324
64QAM-K2736,warm,0,775,0.05503015220165253,0.23113121092319489,0.04259403049945831,0.049186572432518005
64QAM-K2736,warm,0,800,0.054459065198898315,0.23122258484363556,0.040326911956071854,0.04707267880439758
64QAM-K2736,warm,0,825,0.05400219187140465,0.23131395876407623,0.03822300210595131,0.04458931088447571
64QAM-K2736,warm,0,850,0.053613852709531784,0.23135964572429657,0.03625203296542168,0.04304738715291023
64QAM-K2736,warm,0,875,0.05322551354765892,0.23135964572429657,0.03445356711745262,0.04012431204319
64QAM-K2736,warm,0,900,0.05299707502126694,0.23135964572429657,0.032815560698509216,0.03766519948840141
64QAM-K2736,warm,0,925,0.05281432718038559,0.23131395876407623,0.03126869723200798,0.03586522489786148
64QAM-K2736,warm,0,950,0.052882857620716095,0.23131395876407623,0.029841601848602295,0.03405727818608284
64QAM-K2736,warm,0,975,0.05276864022016525,0.23131395876407623,0.028524599969387054,0.03244899585843086
64QAM-K2736,warm,0,1000,0.052722953259944916,0.23131395876407623,0.02730187214910984,0.03098773956298828
64QAM-K2736,warm,0,1025,0.05254020541906357,0.23131395876407623,0.026145266368985176,0.0307694710791111
64QAM-K2736,warm,0,1050,0.05226608365774155,0.23135964572429657,0.02506124973297119,0.028466185554862022
64QAM-K2736,warm,0,1075,0.052151866257190704,0.23131395876407623,0.024052636697888374,0.027495088055729866
64QAM-K2736,warm,0,1100,0.052037645131349564,0.2312682718038559,0.023084061220288277,0.026534561067819595
64QAM-K2736,warm,0,1125,0.05196911469101906,0.23122258484363556,0.022152209654450417,0.026210160925984383
64QAM-K2736,warm,0,1150,0.05196911469101906,0.23122258484363556,0.021293163299560547,0.024384755641222
64QAM-K2736,warm,0,1175,0.05183205381035805,0.23122258484363556,0.02050129510462284,0.023355664685368538
64QAM-K2736,warm,0,1200,0.05190058425068855,0.23122258484363556,0.019751453772187233,0.022496739402413368
64QAM-K2736,warm,0,1225,0.051877740770578384,0.23122258484363556,0.019038889557123184,0.021869663149118423
64QAM-K2736,warm,0,1250,0.05192342773079872,0.23122258484363556,0.0183603186160326,0.02139841392636299
64QAM-K2736,warm,0,1275,0.05196911469101906,0.2312682718038559,0.01771795190870762,0.020817765966057777
64QAM-K2736,warm,0,1300,0.051877740770578384,0.23131395876407623,0.01710580848157406,0.019418973475694656
64QAM-K2736,warm,0,1325,0.05183205381035805,0.23131395876407623,0.016525667160749435,0.01869064010679722
64QAM-K2736,warm,0,1350,0.0516493059694767,0.23131395876407623,0.015977583825588226,0.018043505027890205
64QAM-K2736,warm,0,1375,0.051557932049036026,0.23131395876407623,0.015454886481165886,0.017447903752326965
64QAM-K2736,warm,0,1400,0.05148940160870552,0.23131395876407623,0.014956125989556313,0.017670702189207077
64QAM-K2736,warm,0,1425,0.05146655812859535,0.23135964572429657,0.014484808780252934,0.016404524445533752
64QAM-K2736,warm,0,1450,0.05135234072804451,0.23135964572429657,0.014038135297596455,0.015844564884901047
64QAM-K2736,warm,0,1475,0.05135234072804451,0.23135964572429657,0.013609655201435089,0.015350229106843472
64QAM-K2736,warm,0,1500,0.05137518420815468,0.23135964572429657,0.013203654438257217,0.014957371167838573
64QAM-K2736,warm,1,1,0.2987481653690338,0.2986111044883728,6.350928783416748,5.181862831115723
64QAM-K2736,warm,1,25,0.25746986269950867,0.27718386054039,3.6241326332092285,3.0517923831939697
64QAM-K2736,warm,1,50,0.23008041083812714,0.27302631735801697,1.8893609046936035,1.6877894401550293
64QAM-K2736,warm,1,75,0.20851607620716095,0.2627924084663391,1.192023754119873,1.1389520168304443
64QAM-K2736,warm,1,100,0.1885051131248474,0.24968019127845764,0.8616359829902649,0.9245553612709045
64QAM-K2736,warm,1,125,0.16070449352264404,0.23318713903427124,0.6583013534545898,1.221451759338379
64QAM-K2736,warm,1,150,0.1390944868326187,0.228435680270195,0.5268875360488892,1.7115916013717651
64QAM-K2736,warm,1,175,0.1223958358168602,0.22761330008506775,0.4322090446949005,1.4954321384429932
64QAM-K2736,warm,1,200,0.10916940867900848,0.22857274115085602,0.35942238569259644,1.0286498069763184
64QAM-K2736,warm,1,225,0.0988898053765297,0.22944079339504242,0.3013998568058014,0.7326124310493469
64QAM-K2736,warm,1,250,0.09249360114336014,0.22980628907680511,0.2557530999183655,0.5396730303764343
64QAM-K2736,warm,1,275,0.08749086409807205,0.23026315867900848,0.2205778956413269,0.4291250705718994
64QAM-K2736,warm,1,300,0.08379020541906357,0.2305372804403305,0.19313614070415497,0.34333622455596924
64QAM-K2736,warm,1,325,0.0802266076207161,0.2309027761220932,0.1710023730993271,0.280146986246109
64QAM-K2736,warm,1,350,0.0768229141831398,0.23094846308231354,0.15281952917575836,0.2309892177581787
64QAM-K2736,warm,1,375,0.07394462823867798,0.2309027761220932,0.1376863420009613,0.19782814383506775
64QAM-K2736,warm,1,400,0.07166027277708054,0.23108552396297455,0.12437248229980469,0.1733364313840866
64QAM-K2736,warm,1,425,0.07015259563922882,0.2310398370027542,0.11303461343050003,0.1498298943042755
64QAM-K2736,warm,1,450,0.0681423619389534,0.23108552396297455,0.10348059982061386,0.13348388671875
64QAM-K2736,warm,1,475,0.06663468480110168,0.23108552396297455,0.09517227858304977,0.12208247184753418
64QAM-K2736,warm,1,500,0.06483004242181778,0.23122258484363556,0.08793905377388,0.1104641780257225
64QAM-K2736,warm,1,525,0.0632995218038559,0.23131395876407623,0.0815100446343422,0.10103721171617508
64QAM-K2736,warm,1,550,0.06179184839129448,0.23131395876407623,0.07555480301380157,0.09094620496034622
64QAM-K2736,warm,1,575,0.060855261981487274,0.23122258484363556,0.07016454637050629,0.08355219662189484
64QAM-K2736,warm,1,600,0.059964366257190704,0.2312682718038559,0.06540723890066147,0.07940469682216644
64QAM-K2736,warm,1,625,0.05898209288716316,0.23131395876407623,0.06104603037238121,0.07489058375358582
64QAM-K2736,warm,1,650,0.05813688039779663,0.23145101964473724,0.05706546828150749,0.06800404191017151
64QAM-K2736,warm,1,675,0.057360198348760605,0.2314053326845169,0.05347340181469917,0.06467834860086441
64QAM-K2736,warm,1,700,0.05653782933950424,0.2314053326845169,0.050260789692401886,0.05878379940986633
64QAM-K2736,warm,1,725,0.05601242557168007,0.23145101964473724,0.04731279984116554,0.05479436367750168
64QAM-K2736,warm,1,750,0.05560124292969704,0.23145101964473724,0.04464023932814598,0.05175233632326126
64QAM-K2736,warm,1,775,0.05503015220165253,0.23154239356517792,0.042217254638671875,0.04918735846877098
64QAM-K2736,warm,1,800,0.05457328259944916,0.23158808052539825,0.04000343009829521,0.046572741121053696
64QAM-K2736,warm,1,825,0.05423063039779663,0.23154239356517792,0.03793974965810776,0.0432533398270607
64QAM-K2736,warm,1,850,0.0538194440305233,0.23154239356517792,0.036059774458408356,0.04141857847571373
64QAM-K2736,warm,1,875,0.05352247878909111,0.23167945444583893,0.03431912511587143,0.039110150188207626
64QAM-K2736,warm,1,900,0.053156983107328415,0.23167945444583893,0.032696232199668884,0.03780080005526543
64QAM-K2736,warm,1,925,0.05297423154115677,0.2316337674856186,0.03113740310072899,0.035514216870069504
64QAM-K2736,warm,1,950,0.05290570110082626,0.2316337674856186,0.02969028614461422,0.03363335132598877
64QAM-K2736,warm,1,975,0.05265442281961441,0.2316337674856186,0.028346257284283638,0.032034192234277725
64QAM-K2736,warm,1,1000,0.0525173619389534,0.2316337674856186,0.02709362283349037,0.03057134710252285
64QAM-K2736,warm,1,1025,0.05238030105829239,0.2316337674856186,0.02594640478491783,0.029242200776934624
64QAM-K2736,warm,1,1050,0.052288927137851715,0.23167945444583893,0.02489645965397358,0.029146317392587662
64QAM-K2736,warm,1,1075,0.052151866257190704,0.23167945444583893,0.023895207792520523,0.027165614068508148
64QAM-K2736,warm,1,1100,0.05199195817112923,0.23172514140605927,0.022931311279535294,0.02601926401257515
64QAM-K2736,warm,1,1125,0.05192342773079872,0.2317708283662796,0.022030435502529144,0.024960540235042572
64QAM-K2736,warm,1,1150,0.051854897290468216,0.2317708283662796,0.021187862381339073,0.02467419020831585
64QAM-K2736,warm,1,1175,0.051717836409807205,0.23181651532649994,0.020403089001774788,0.023791903629899025
64QAM-K2736,warm,1,1200,0.05148940160870552,0.2317708283662796,0.019657112658023834,0.022508498281240463
64QAM-K2736,warm,1,1225,0.05135234072804451,0.2317708283662796,0.018937848508358,0.021542679518461227
64QAM-K2736,warm,1,1250,0.05132949724793434,0.2317708283662796,0.018254853785037994,0.02082834392786026
64QAM-K2736,warm,1,1275,0.05132949724793434,0.23172514140605927,0.017614511772990227,0.020363938063383102
64QAM-K2736,warm,1,1300,0.05135234072804451,0.23172514140605927,0.0170137882232666,0.019313957542181015
64QAM-K2736,warm,1,1325,0.051283810287714005,0.23172514140605927,0.01644929125905037,0.019126230850815773
64QAM-K2736,warm,1,1350,0.05110105872154236,0.2317708283662796,0.01590839773416519,0.018175281584262848
64QAM-K2736,warm,1,1375,0.051146745681762695,0.23181651532649994,0.015388637781143188,0.01766590029001236
64QAM-K2736,warm,1,1400,0.05107821524143219,0.23181651532649994,0.014892229810357094,0.016914982348680496
64QAM-K2736,warm,1,1425,0.05094115436077118,0.23181651532649994,0.014425002969801426,0.01633615419268608
64QAM-K2736,warm,1,1450,0.050849780440330505,0.23181651532649994,0.013985157012939453,0.015812689438462257
64QAM-K2736,warm,1,1475,0.05075840651988983,0.23181651532649994,0.01356122363358736,0.015343848615884781
64QAM-K2736,warm,1,1500,0.05082693696022034,0.23181651532649994,0.01315518468618393,0.015083834528923035
64QAM-K2736,warm,2,1,0.2986796498298645,0.30263158679008484,6.362985610961914,5.099189758300781
64QAM-K2736,warm,2,25,0.2602795958518982,0.27905702590942383,3.6368343830108643,2.9547536373138428
64QAM-K2736,warm,2,50,0.23289017379283905,0.27298063039779663,1.8945063352584839,1.6456962823867798
64QAM-K2736,warm,2,75,0.21034356951713562,0.26160454750061035,1.2009851932525635,1.122543215751648
64QAM-K2736,warm,2,100,0.19033260643482208,0.24520285427570343,0.8709689974784851,0.903115451335907
64QAM-K2736,warm,2,125,0.1600877195596695,0.22857274115085602,0.6649900078773499,1.1626335382461548
64QAM-K2736,warm,2,150,0.1390944868326187,0.22368420660495758,0.5302090048789978,1.6689112186431885
64QAM-K2736,warm,2,175,0.12330957502126694,0.22277046740055084,0.4338087737560272,1.5117204189300537
64QAM-K2736,warm,2,200,0.1111796423792839,0.22436952590942383,0.36053383350372314,1.09792160987854
64QAM-K2736,warm,2,225,0.10058023035526276,0.22500914335250854,0.30341416597366333,0.7555556297302246
64QAM-K2736,warm,2,250,0.09347587823867798,0.2251918911933899,0.25836846232414246,0.537844181060791
64QAM-K2736,warm,2,275,0.08838175982236862,0.2255573868751526,0.22339454293251038,0.4105844795703888
64QAM-K2736,warm,2,300,0.08406432718038559,0.22564876079559326,0.19586549699306488,0.3286384344100952
64QAM-K2736,warm,2,325,0.08047788590192795,0.22574013471603394,0.17348022758960724,0.2679637372493744
64QAM-K2736,warm,2,350,0.0768914446234703,0.22596856951713562,0.15501649677753448,0.22597423195838928
64QAM-K2736,warm,2,375,0.0737161934375763,0.22615131735801697,0.1392655372619629,0.19571168720722198
64QAM-K2736,warm,2,400,0.07150036841630936,0.22633406519889832,0.12590503692626953,0.1691942662000656
64QAM-K2736,warm,2,425,0.06919316202402115,0.22637975215911865,0.11472214758396149,0.1491290032863617
64QAM-K2736,warm,2,450,0.0668402761220932,0.22651681303977966,0.10480858385562897,0.13278928399085999
64QAM-K2736,warm,2,475,0.06505847722291946,0.2265625,0.09631296247243881,0.11971771717071533
64QAM-K2736,warm,2,500,0.06320814788341522,0.22665387392044067,0.08879536390304565,0.10854966193437576
64QAM-K2736,warm,2,525,0.06181469187140465,0.22665387392044067,0.08195614069700241,0.0972001850605011
64QAM-K2736,warm,2,550,0.06048976629972458,0.22665387392044067,0.07585872709751129,0.09010530263185501
64QAM-K2736,warm,2,575,0.059393275529146194,0.226699560880661,0.07048151642084122,0.08569234609603882
64QAM-K2736,warm,2,600,0.05829678475856781,0.22679093480110168,0.0656837671995163,0.0777999758720398
64QAM-K2736,warm,2,625,0.057040389627218246,0.22688230872154236,0.061388373374938965,0.07261096686124802
64QAM-K2736,warm,2,650,0.05614949017763138,0.22701936960220337,0.05745726078748703,0.0679091066122055
64QAM-K2736,warm,2,675,0.055327121168375015,0.2270650565624237,0.05388593301177025,0.06328998506069183
64QAM-K2736,warm,2,700,0.05473318696022034,0.22711074352264404,0.050630297511816025,0.05915334075689316
64QAM-K2736,warm,2,725,0.05411641299724579,0.22720211744308472,0.04762806370854378,0.05709419026970863
64QAM-K2736,warm,2,750,0.05379660055041313,0.22724780440330505,0.044853128492832184,0.05177837982773781
64QAM-K2736,warm,2,775,0.053156983107328415,0.22724780440330505,0.04236014932394028,0.0484689362347126
64QAM-K2736,warm,2,800,0.052745796740055084,0.2272934913635254,0.040106289088726044,0.045995552092790604
64QAM-K2736,warm,2,825,0.05249451845884323,0.22738486528396606,0.038034405559301376,0.04416527971625328
64QAM-K2736,warm,2,850,0.05222039669752121,0.2274305522441864,0.03613715246319771,0.04148160293698311
64QAM-K2736,warm,2,875,0.05194627121090889,0.2274305522441864,0.03434443846344948,0.04002832621335983
64QAM-K2736,warm,2,900,0.05162646248936653,0.22752192616462708,0.032724037766456604,0.037169862538576126
64QAM-K2736,warm,2,925,0.05130665376782417,0.22752192616462708,0.031220467761158943,0.035205766558647156
64QAM-K2736,warm,2,950,0.05103252828121185,0.22752192616462708,0.02980203554034233,0.0339537188410759
64QAM-K2736,warm,2,975,0.050986841320991516,0.22752192616462708,0.028478438034653664,0.03218374401330948
64QAM-K2736,warm,2,1000,0.05078125,0.2275676131248474,0.02725605107843876,0.030329525470733643
64QAM-K2736,warm,2,1025,0.05052997171878815,0.2275676131248474,0.026111898943781853,0.028947850689291954
64QAM-K2736,warm,2,1050,0.050415754318237305,0.2275676131248474,0.025064250454306602,0.027690034359693527
64QAM-K2736,warm,2,1075,0.050278693437576294,0.2275676131248474,0.02409752644598484,0.026539253070950508
64QAM-K2736,warm,2,1100,0.04995888099074364,0.2275676131248474,0.02316385507583618,0.025700079277157784
64QAM-K2736,warm,2,1125,0.05005025491118431,0.22765898704528809,0.022271709516644478,0.02558600902557373
64QAM-K2736,warm,2,1150,0.04995888099074364,0.22770467400550842,0.021421397104859352,0.024135500192642212
64QAM-K2736,warm,2,1175,0.049821820110082626,0.22770467400550842,0.020608261227607727,0.023351214826107025
64QAM-K2736,warm,2,1200,0.04975328966975212,0.2277960479259491,0.01983323134481907,0.022137904539704323
64QAM-K2736,warm,2,1225,0.04966191574931145,0.22784173488616943,0.01910289190709591,0.02131684310734272
64QAM-K2736,warm,2,1250,0.049524854868650436,0.22784173488616943,0.01841481775045395,0.020468134433031082
64QAM-K2736,warm,2,1275,0.04957054182887077,0.22784173488616943,0.017768342047929764,0.019858427345752716
64QAM-K2736,warm,2,1300,0.0494791679084301,0.22788742184638977,0.01715700514614582,0.019695734605193138
64QAM-K2736,warm,2,1325,0.049547698348760605,0.22788742184638977,0.016568362712860107,0.01847713813185692
64QAM-K2736,warm,2,1350,0.04957054182887077,0.22788742184638977,0.016002336516976357,0.017819775268435478
64QAM-K2736,warm,2,1375,0.04959338530898094,0.22788742184638977,0.01546565257012844,0.01721150055527687
64QAM-K2736,warm,2,1400,0.04973044618964195,0.22788742184638977,0.014961203560233116,0.016646724194288254
64QAM-K2736,warm,2,1425,0.049684759229421616,0.2279331088066101,0.014485327526926994,0.017010066658258438
64QAM-K2736,warm,2,1450,0.04966191574931145,0.2279331088066101,0.014033183455467224,0.015680596232414246
64QAM-K2736,warm,2,1475,0.04959338530898094,0.2279331088066101,0.01360348705202341,0.015196597203612328
64QAM-K2736,warm,2,1500,0.04961622878909111,0.22797879576683044,0.013193783350288868,0.014782726764678955
64QAM-K2736,warm,3,1,0.30016446113586426,0.30130666494369507,6.3346781730651855,5.1349921226501465
64QAM-K2736,warm,3,25,0.2576069235801697,0.2757675349712372,3.6225240230560303,2.995206356048584
64QAM-K2736,warm,3,50,0.23101699352264404,0.27215826511383057,1.8835463523864746,1.6640379428863525
64QAM-K2736,warm,3,75,0.2099323868751526,0.2593201696872711,1.190490961074829,1.1296154260635376
64QAM-K2736,warm,3,100,0.18932749330997467,0.2473958283662796,0.8632572293281555,0.9076090455055237
64QAM-K2736,warm,3,125,0.16011056303977966,0.23044590651988983,0.6605300307273865,1.1569665670394897
64QAM-K2736,warm,3,150,0.13760964572429657,0.22400401532649994,0.527158796787262,1.6856889724731445
64QAM-K2736,warm,3,175,0.1224643662571907,0.22299890220165253,0.43061792850494385,1.4931023120880127
64QAM-K2736,warm,3,200,0.11028874665498734,0.22414107620716095,0.3575609624385834,1.0463975667953491
64QAM-K2736,warm,3,225,0.10058023035526276,0.2249634563922882,0.30041736364364624,0.7358676195144653
64QAM-K2736,warm,3,250,0.09343019127845764,0.22542032599449158,0.25572526454925537,0.5245277285575867
64QAM-K2736,warm,3,275,0.08787920325994492,0.22610563039779663,0.22068403661251068,0.41076982021331787
64QAM-K2736,warm,3,300,0.0842013880610466,0.22633406519889832,0.19329744577407837,0.3241221606731415
64QAM-K2736,warm,3,325,0.08015807718038559,0.226699560880661,0.17137712240219116,0.2738705575466156
64QAM-K2736,warm,3,350,0.07680007070302963,0.22679093480110168,0.15318503975868225,0.22760145366191864
64QAM-K2736,warm,3,375,0.07419590651988983,0.22679093480110168,0.1380850225687027,0.1939544975757599
64QAM-K2736,warm,3,400,0.07108917832374573,0.22679093480110168,0.12498630583286285,0.16779133677482605
64QAM-K2736,warm,3,425,0.06882766634225845,0.2269279956817627,0.11376301944255829,0.15142296254634857
64QAM-K2736,warm,3,450,0.06681743264198303,0.22701936960220337,0.10399052500724792,0.13350453972816467
64QAM-K2736,warm,3,475,0.06494425982236862,0.22715643048286438,0.09539598971605301,0.12336269021034241
64QAM-K2736,warm,3,500,0.06323099136352539,0.2272934913635254,0.08789046108722687,0.11618169397115707
64QAM-K2736,warm,3,525,0.061837535351514816,0.2272934913635254,0.08112127333879471,0.10263041406869888
64QAM-K2736,warm,3,550,0.06044407933950424,0.22724780440330505,0.07515762746334076,0.09463920444250107
64QAM-K2736,warm,3,575,0.059827301651239395,0.22733917832374573,0.06999722868204117,0.08523640781641006
64QAM-K2736,warm,3,600,0.0581597238779068,0.22733917832374573,0.06525528430938721,0.08051490038633347
64QAM-K2736,warm,3,625,0.057337354868650436,0.22747623920440674,0.060854751616716385,0.07211514562368393
64QAM-K2736,warm,3,650,0.05672057718038559,0.22747623920440674,0.05703648552298546,0.06818512827157974
64QAM-K2736,warm,3,675,0.05596673861145973,0.2275676131248474,0.05364571884274483,0.06422238051891327
64QAM-K2736,warm,3,700,0.05482456088066101,0.22765898704528809,0.05048651620745659,0.06026845797896385
64QAM-K2736,warm,3,725,0.054299160838127136,0.22770467400550842,0.04754110425710678,0.05540948733687401
64QAM-K2736,warm,3,750,0.053453948348760605,0.22765898704528809,0.044880274683237076,0.051927607506513596
64QAM-K2736,warm,3,775,0.052860014140605927,0.22765898704528809,0.042340051382780075,0.04993562027812004
64QAM-K2736,warm,3,800,0.052722953259944916,0.2275676131248474,0.04002496972680092,0.046655867248773575
64QAM-K2736,warm,3,825,0.05238030105829239,0.22752192616462708,0.037939246743917465,0.04417702183127403
64QAM-K2736,warm,3,850,0.052014801651239395,0.22752192616462708,0.03602100536227226,0.041041050106287
64QAM-K2736,warm,3,875,0.05153508856892586,0.22752192616462708,0.03428974375128746,0.03878659009933472
64QAM-K2736,warm,3,900,0.051260966807603836,0.22752192616462708,0.03265749663114548,0.036776259541511536
64QAM-K2736,warm,3,925,0.05105537176132202,0.22752192616462708,0.031111514195799828,0.03494737297296524
64QAM-K2736,warm,3,950,0.05089546740055084,0.22752192616462708,0.02967974543571472,0.03338811174035072
64QAM-K2736,warm,3,975,0.05062134563922882,0.22747623920440674,0.028347233310341835,0.03326050192117691
64QAM-K2736,warm,3,1000,0.0503472238779068,0.22747623920440674,0.027126792818307877,0.03061038814485073
64QAM-K2736,warm,3,1025,0.05021016299724579,0.2275676131248474,0.025979887694120407,0.029973788186907768
64QAM-K2736,warm,3,1050,0.050004567950963974,0.2275676131248474,0.024889200925827026,0.028317797929048538
64QAM-K2736,warm,3,1075,0.04989035055041313,0.22761330008506775,0.023872917518019676,0.027712272480130196
64QAM-K2736,warm,3,1100,0.049821820110082626,0.22761330008506775,0.02292000874876976,0.026125796139240265
64QAM-K2736,warm,3,1125,0.049684759229421616,0.22765898704528809,0.022018669173121452,0.0254515428096056
64QAM-K2736,warm,3,1150,0.04966191574931145,0.22765898704528809,0.021152066066861153,0.023990558460354805
64QAM-K2736,warm,3,1175,0.04957054182887077,0.22765898704528809,0.020338091999292374,0.023143574595451355
64QAM-K2736,warm,3,1200,0.049410637468099594,0.22761330008506775,0.019587747752666473,0.02289985865354538
64QAM-K2736,warm,3,1225,0.049410637468099594,0.22765898704528809,0.01888841576874256,0.021537838503718376
64QAM-K2736,warm,3,1250,0.04934210702776909,0.22761330008506775,0.018230237066745758,0.020903386175632477
64QAM-K2736,warm,3,1275,0.04918219894170761,0.22770467400550842,0.017603736370801926,0.020334474742412567
64QAM-K2736,warm,3,1300,0.04918219894170761,0.22770467400550842,0.01701221987605095,0.019395675510168076
64QAM-K2736,warm,3,1325,0.049136511981487274,0.22770467400550842,0.01644834503531456,0.0186134222894907
64QAM-K2736,warm,3,1350,0.049113668501377106,0.22770467400550842,0.015908094123005867,0.017908066511154175
64QAM-K2736,warm,3,1375,0.049136511981487274,0.22770467400550842,0.015387622639536858,0.017305487766861916
64QAM-K2736,warm,3,1400,0.04899945110082626,0.22770467400550842,0.014892048202455044,0.01682756468653679
64QAM-K2736,warm,3,1425,0.048953764140605927,0.22775036096572876,0.014420677907764912,0.0164448544383049
64QAM-K2736,warm,3,1450,0.048953764140605927,0.2277960479259491,0.013965275138616562,0.01587754487991333
64QAM-K2736,warm,3,1475,0.0490451380610466,0.2277960479259491,0.01353052631020546,0.01685226522386074
64QAM-K2736,warm,3,1500,0.04902229458093643,0.22775036096572876,0.013120945543050766,0.0150304539129138
64QAM-K2736,warm,4,1,0.30500730872154236,0.2945449650287628,6.324794769287109,5.195176601409912
64QAM-K2736,warm,4,25,0.25966283679008484,0.2717013955116272,3.6380414962768555,3.047358989715576
64QAM-K2736,warm,4,50,0.23323282599449158,0.2727978825569153,1.893380880355835,1.684757947921753
64QAM-K2736,warm,4,75,0.2112344652414322,0.2608735263347626,1.1985273361206055,1.14238703250885
64QAM-K2736,warm,4,100,0.19295960664749146,0.24894919991493225,0.8682211637496948,0.9101732969284058
64QAM-K2736,warm,4,125,0.16244061291217804,0.2326388955116272,0.6640809774398804,1.1480249166488647
64QAM-K2736,warm,4,150,0.13936860859394073,0.226699560880661,0.5302206873893738,1.6899466514587402
64QAM-K2736,warm,4,175,0.12438322603702545,0.22546601295471191,0.4340546429157257,1.5265781879425049
64QAM-K2736,warm,4,200,0.11172788590192795,0.22651681303977966,0.36128711700439453,1.0750513076782227
64QAM-K2736,warm,4,225,0.1016310304403305,0.22747623920440674,0.30338355898857117,0.7386709451675415
64QAM-K2736,warm,4,250,0.09409265220165253,0.22802448272705078,0.2577773630619049,0.5444144010543823
64QAM-K2736,warm,4,275,0.08893001079559326,0.228435680270195,0.2222670167684555,0.4148835241794586
64QAM-K2736,warm,4,300,0.08502376079559326,0.22861842811107635,0.19455121457576752,0.3340376615524292
64QAM-K2736,warm,4,325,0.0811631977558136,0.2291666716337204,0.17249687016010284,0.27453747391700745
64QAM-K2736,warm,4,350,0.07778234779834747,0.2291666716337204,0.15422578155994415,0.23194068670272827
64QAM-K2736,warm,4,375,0.07490405440330505,0.22939510643482208,0.13888733088970184,0.19860516488552094
64QAM-K2736,warm,4,400,0.07243695110082626,0.22939510643482208,0.12557226419448853,0.1784881204366684
64QAM-K2736,warm,4,425,0.07056377828121185,0.22962354123592377,0.11428016424179077,0.15805672109127045
64QAM-K2736,warm,4,450,0.06859923154115677,0.22985197603702545,0.10453382879495621,0.13893012702465057
64QAM-K2736,warm,4,475,0.06693165004253387,0.22994334995746613,0.09612475335597992,0.12523771822452545
64QAM-K2736,warm,4,500,0.06508132070302963,0.22998903691768646,0.08867043256759644,0.10982073843479156
64QAM-K2736,warm,4,525,0.06311677396297455,0.2300347238779068,0.08213265240192413,0.09984403848648071
64QAM-K2736,warm,4,550,0.06176900491118431,0.23012609779834747,0.07618062198162079,0.09380660951137543
64QAM-K2736,warm,4,575,0.06021564453840256,0.23012609779834747,0.07077645510435104,0.08844581246376038
64QAM-K2736,warm,4,600,0.0590277798473835,0.23012609779834747,0.0658716931939125,0.08194885402917862
64QAM-K2736,warm,4,625,0.05790844187140465,0.2301717847585678,0.0614025816321373,0.07380684465169907
64QAM-K2736,warm,4,650,0.05724598094820976,0.23021747171878815,0.05742519348859787,0.06837254762649536
64QAM-K2736,warm,4,675,0.05658351629972458,0.23021747171878815,0.05388693884015083,0.06521740555763245
64QAM-K2736,warm,4,700,0.0559895820915699,0.23035453259944916,0.05074135214090347,0.05970971658825874
64QAM-K2736,warm,4,725,0.05498446524143219,0.23035453259944916,0.047712258994579315,0.05543653666973114
64QAM-K2736,warm,4,750,0.05471034348011017,0.2304002195596695,0.04488815739750862,0.053708165884017944
64QAM-K2736,warm,4,775,0.05452759563922882,0.23044590651988983,0.04244545102119446,0.04928706958889961
64QAM-K2736,warm,4,800,0.054184943437576294,0.23044590651988983,0.0402408204972744,0.04634186252951622
64QAM-K2736,warm,4,825,0.05368238314986229,0.2304002195596695,0.038187287747859955,0.04480347782373428
64QAM-K2736,warm,4,850,0.05322551354765892,0.2304002195596695,0.036267559975385666,0.041644733399152756
64QAM-K2736,warm,4,875,0.05290570110082626,0.23049159348011017,0.03445509821176529,0.04054943844676018
64QAM-K2736,warm,4,900,0.05247167497873306,0.23049159348011017,0.03275875374674797,0.03787866607308388
64QAM-K2736,warm,4,925,0.05233461409807205,0.2305372804403305,0.03121173568069935,0.035628125071525574
64QAM-K2736,warm,4,950,0.05226608365774155,0.2305372804403305,0.029791776090860367,0.03396343067288399
64QAM-K2736,warm,4,975,0.05206048861145973,0.2305372804403305,0.028469732031226158,0.033464815467596054
64QAM-K2736,warm,4,1000,0.05176352337002754,0.23049159348011017,0.02724704146385193,0.0314633771777153
64QAM-K2736,warm,4,1025,0.05162646248936653,0.23049159348011017,0.026087475940585136,0.030095022171735764
64QAM-K2736,warm,4,1050,0.05153508856892586,0.23062865436077118,0.02501448430120945,0.029098769649863243
64QAM-K2736,warm,4,1075,0.05137518420815468,0.23058296740055084,0.024008767679333687,0.027246134355664253
64QAM-K2736,warm,4,1100,0.05132949724793434,0.23062865436077118,0.02304677478969097,0.02617877908051014
64QAM-K2736,warm,4,1125,0.051283810287714005,0.23058296740055084,0.022159364074468613,0.026419177651405334
64QAM-K2736,warm,4,1150,0.05107821524143219,0.23058296740055084,0.021324526518583298,0.024102451279759407
64QAM-K2736,warm,4,1175,0.05112390220165253,0.23058296740055084,0.020512724295258522,0.02315700240433216
64QAM-K2736,warm,4,1200,0.05107821524143219,0.23058296740055084,0.019734863191843033,0.0224510096013546
64QAM-K2736,warm,4,1225,0.05112390220165253,0.23058296740055084,0.01901145651936531,0.024199508130550385
64QAM-K2736,warm,4,1250,0.05094115436077118,0.23058296740055084,0.018342165276408195,0.021030806005001068
64QAM-K2736,warm,4,1275,0.05091831088066101,0.23062865436077118,0.017709556967020035,0.02053455449640751
64QAM-K2736,warm,4,1300,0.050689876079559326,0.23072002828121185,0.01711522415280342,0.020133405923843384
64QAM-K2736,warm,4,1325,0.050575658679008484,0.23072002828121185,0.016543928533792496,0.018985768780112267
64QAM-K2736,warm,4,1350,0.05050712823867798,0.23067434132099152,0.015988513827323914,0.018501797690987587
64QAM-K2736,warm,4,1375,0.05048428475856781,0.23067434132099152,0.0154621172696352,0.017850449308753014
64QAM-K2736,warm,4,1400,0.05046144127845764,0.23072002828121185,0.01496920082718134,0.01698988303542137
64QAM-K2736,warm,4,1425,0.050392910838127136,0.23072002828121185,0.014502497389912605,0.016410402953624725
64QAM-K2736,warm,4,1450,0.050415754318237305,0.23072002828121185,0.014058222994208336,0.015874750912189484
64QAM-K2736,warm,4,1475,0.050415754318237305,0.23072002828121185,0.013632835820317268,0.015369126573204994
64QAM-K2736,warm,4,1500,0.050392910838127136,0.23072002828121185,0.013222310692071915,0.014900648035109043
16QAM-K576,zero,0,1,0.2557508647441864,0.5101996660232544,12.082205772399902,0.0
16QAM-K576,zero,0,25,0.2557508647441864,0.5101996660232544,5.8585405349731445,0.0
16QAM-K576,zero,0,50,0.2557508647441864,0.5101996660232544,2.970629930496216,0.0
16QAM-K576,zero,0,75,0.2445746511220932,0.5101996660232544,2.2776074409484863,0.0
16QAM-K576,zero,0,100,0.1342230886220932,0.5101996660232544,1.994271993637085,0.0
16QAM-K576,zero,0,125,0.0614149309694767,0.5101996660232544,1.5626901388168335,0.0
16QAM-K576,zero,0,150,0.0300564244389534,0.5101996660232544,1.1576502323150635,0.0
16QAM-K576,zero,0,175,0.01703559048473835,0.5101996660232544,0.8719408512115479,0.0
16QAM-K576,zero,0,200,0.010525173507630825,0.5101996660232544,0.6802541613578796,0.0
16QAM-K576,zero,0,225,0.008138020522892475,0.5101996660232544,0.5485195517539978,0.0
16QAM-K576,zero,0,250,0.006076388992369175,0.5101996660232544,0.4544997811317444,0.0
16QAM-K576,zero,0,275,0.00531684048473835,0.5101996660232544,0.38481375575065613,0.0
16QAM-K576,zero,0,300,0.004448784980922937,0.5101996660232544,0.3314698338508606,0.0
16QAM-K576,zero,0,325,0.004123263992369175,0.5101996660232544,0.2895199656486511,0.0
16QAM-K576,zero,0,350,0.0037977430038154125,0.5101996660232544,0.255791574716568,0.0
16QAM-K576,zero,0,375,0.0035807292442768812,0.5101996660232544,0.22818316519260406,0.0
16QAM-K576,zero,0,400,0.0032552082557231188,0.5101996660232544,0.2052192986011505,0.0
16QAM-K576,zero,0,425,0.0029296875,0.5101996660232544,0.18584100902080536,0.0
16QAM-K576,zero,0,450,0.0026041667442768812,0.5101996660232544,0.16928498446941376,0.0
16QAM-K576,zero,0,475,0.0024956597480922937,0.5101996660232544,0.1549990475177765,0.0
16QAM-K576,zero,0,500,0.0023871527519077063,0.5101996660232544,0.14257438480854034,0.0
16QAM-K576,zero,0,525,0.0023871527519077063,0.5101996660232544,0.13169482350349426,0.0
16QAM-K576,zero,0,550,0.0022786457557231188,0.5101996660232544,0.12210721522569656,0.0
16QAM-K576,zero,0,575,0.002170138992369175,0.5101996660232544,0.11360503733158112,0.0
16QAM-K576,zero,0,600,0.0022786457557231188,0.5101996660232544,0.10602099448442459,0.0
16QAM-K576,zero,0,625,0.0022786457557231188,0.5101996660232544,0.09922061115503311,0.0
16QAM-K576,zero,0,650,0.0023871527519077063,0.5101996660232544,0.09309223294258118,0.0
16QAM-K576,zero,0,675,0.0020616319961845875,0.5101996660232544,0.08754470199346542,0.0
16QAM-K576,zero,0,700,0.0020616319961845875,0.5101996660232544,0.08250158280134201,0.0
16QAM-K576,zero,0,725,0.0020616319961845875,0.5101996660232544,0.07790137082338333,0.0
16QAM-K576,zero,0,750,0.001953125,0.5101996660232544,0.07369312644004822,0.0
16QAM-K576,zero,0,775,0.001953125,0.5101996660232544,0.06983188539743423,0.0
16QAM-K576,zero,0,800,0.0017361111240461469,0.5101996660232544,0.06627830862998962,0.0
16QAM-K576,zero,0,825,0.0016276041278615594,0.5101996660232544,0.06299716979265213,0.0
16QAM-K576,zero,0,850,0.0016276041278615594,0.5101996660232544,0.05996172875165939,0.0
16QAM-K576,zero,0,875,0.0016276041278615594,0.5101996660232544,0.05714627727866173,0.0
16QAM-K576,zero,0,900,0.0016276041278615594,0.5101996660232544,0.05453088507056236,0.0
16QAM-K576,zero,0,925,0.0016276041278615594,0.5101996660232544,0.052097249776124954,0.0
16QAM-K576,zero,0,950,0.0016276041278615594,0.5101996660232544,0.049828387796878815,0.0
16QAM-K576,zero,0,975,0.0016276041278615594,0.5101996660232544,0.047709718346595764,0.0
16QAM-K576,zero,0,1000,0.0016276041278615594,0.5101996660232544,0.04572819545865059,0.0
16QAM-K576,zero,0,1025,0.0016276041278615594,0.5101996660232544,0.043870050460100174,0.0
16QAM-K576,zero,0,1050,0.0017361111240461469,0.5101996660232544,0.0421261191368103,0.0
16QAM-K576,zero,0,1075,0.0016276041278615594,0.5101996660232544,0.04048452153801918,0.0
16QAM-K576,zero,0,1100,0.0016276041278615594,0.5101996660232544,0.03893887251615524,0.0
16QAM-K576,zero,0,1125,0.0016276041278615594,0.5101996660232544,0.037479568272829056,0.0
16QAM-K576,zero,0,1150,0.0016276041278615594,0.5101996660232544,0.036102086305618286,0.0
16QAM-K576,zero,0,1175,0.0016276041278615594,0.5101996660232544,0.034799110144376755,0.0
16QAM-K576,zero,0,1200,0.0016276041278615594,0.5101996660232544,0.03356551378965378,0.0
16QAM-K576,zero,0,1225,0.0016276041278615594,0.5101996660232544,0.0323965847492218,0.0
16QAM-K576,zero,0,1250,0.0015190972480922937,0.5101996660232544,0.03128873556852341,0.0
16QAM-K576,zero,0,1275,0.0015190972480922937,0.5101996660232544,0.030235493555665016,0.0
16QAM-K576,zero,0,1300,0.0015190972480922937,0.5101996660232544,0.029233956709504128,0.0
16QAM-K576,zero,0,1325,0.0015190972480922937,0.5101996660232544,0.02828102745115757,0.0
16QAM-K576,zero,0,1350,0.0015190972480922937,0.5101996660232544,0.027373330667614937,0.0
16QAM-K576,zero,0,1375,0.0015190972480922937,0.5101996660232544,0.026509208604693413,0.0
16QAM-K576,zero,0,1400,0.0015190972480922937,0.5101996660232544,0.025683870539069176,0.0
16QAM-K576,zero,0,1425,0.0015190972480922937,0.5101996660232544,0.02489590272307396,0.0
16QAM-K576,zero,0,1450,0.0015190972480922937,0.5101996660232544,0.02414310909807682,0.0
16QAM-K576,zero,0,1475,0.0015190972480922937,0.5101996660232544,0.023423340171575546,0.0
16QAM-K576,zero,0,1500,0.0015190972480922937,0.5101996660232544,0.022734643891453743,0.0
16QAM-K576,zero,1,1,0.2528211772441864,0.4913194477558136,12.053060531616211,0.0
16QAM-K576,zero,1,25,0.2528211772441864,0.4913194477558136,5.846517086029053,0.0
16QAM-K576,zero,1,50,0.2528211772441864,0.4913194477558136,2.9599087238311768,0.0
16QAM-K576,zero,1,75,0.2386067658662796,0.4913194477558136,2.261681079864502,0.0
16QAM-K576,zero,1,100,0.1349826455116272,0.4913194477558136,1.975219488143921,0.0
16QAM-K576,zero,1,125,0.0597873255610466,0.4913194477558136,1.5488412380218506,0.0
16QAM-K576,zero,1,150,0.0325520820915699,0.4913194477558136,1.1454540491104126,0.0
16QAM-K576,zero,1,175,0.01974826492369175,0.4913194477558136,0.8633511662483215,0.0
16QAM-K576,zero,1,200,0.01323784701526165,0.4913194477558136,0.6760507225990295,0.0
16QAM-K576,zero,1,225,0.009006076492369175,0.4913194477558136,0.5469867587089539,0.0
16QAM-K576,zero,1,250,0.0069444444961845875,0.4913194477558136,0.45407834649086,0.0
16QAM-K576,zero,1,275,0.00531684048473835,0.4913194477558136,0.384825199842453,0.0
16QAM-K576,zero,1,300,0.004123263992369175,0.4913194477558136,0.3315378427505493,0.0
16QAM-K576,zero,1,325,0.0036892362404614687,0.4913194477558136,0.2895047962665558,0.0
16QAM-K576,zero,1,350,0.0034722222480922937,0.4913194477558136,0.2556985914707184,0.0
16QAM-K576,zero,1,375,0.0032552082557231188,0.4913194477558136,0.22803319990634918,0.0
16QAM-K576,zero,1,400,0.0026041667442768812,0.4913194477558136,0.20502440631389618,0.0
16QAM-K576,zero,1,425,0.0026041667442768812,0.4913194477558136,0.18561206758022308,0.0
16QAM-K576,zero,1,450,0.0024956597480922937,0.4913194477558136,0.16903693974018097,0.0
16QAM-K576,zero,1,475,0.0022786457557231188,0.4913194477558136,0.15473969280719757,0.0
16QAM-K576,zero,1,500,0.0022786457557231188,0.4913194477558136,0.14230163395404816,0.0
16QAM-K576,zero,1,525,0.002170138992369175,0.4913194477558136,0.13140709698200226,0.0
16QAM-K576,zero,1,550,0.002170138992369175,0.4913194477558136,0.12180454283952713,0.0
16QAM-K576,zero,1,575,0.001953125,0.4913194477558136,0.11328724026679993,0.0
16QAM-K576,zero,1,600,0.001953125,0.4913194477558136,0.10568834096193314,0.0
16QAM-K576,zero,1,625,0.0020616319961845875,0.4913194477558136,0.09887515008449554,0.0
16QAM-K576,zero,1,650,0.0020616319961845875,0.4913194477558136,0.09273886680603027,0.0
16QAM-K576,zero,1,675,0.0020616319961845875,0.4913194477558136,0.08719110488891602,0.0
16QAM-K576,zero,1,700,0.0020616319961845875,0.4913194477558136,0.08215580880641937,0.0
16QAM-K576,zero,1,725,0.001953125,0.4913194477558136,0.07756877690553665,0.0
16QAM-K576,zero,1,750,0.001953125,0.4913194477558136,0.07337541878223419,0.0
16QAM-K576,zero,1,775,0.001953125,0.4913194477558136,0.06952893733978271,0.0
16QAM-K576,zero,1,800,0.0020616319961845875,0.4913194477558136,0.06598981469869614,0.0
16QAM-K576,zero,1,825,0.001953125,0.4913194477558136,0.06272321194410324,0.0
16QAM-K576,zero,1,850,0.001953125,0.4913194477558136,0.05970229208469391,0.0
16QAM-K576,zero,1,875,0.001953125,0.4913194477558136,0.056900713592767715,0.0
16QAM-K576,zero,1,900,0.001953125,0.4913194477558136,0.054298076778650284,0.0
16QAM-K576,zero,1,925,0.001953125,0.4913194477558136,0.051875822246074677,0.0
16QAM-K576,zero,1,950,0.001953125,0.4913194477558136,0.04961700737476349,0.0
16QAM-K576,zero,1,975,0.001953125,0.4913194477558136,0.04750705510377884,0.0
16QAM-K576,zero,1,1000,0.001953125,0.4913194477558136,0.04553336277604103,0.0
16QAM-K576,zero,1,1025,0.001953125,0.4913194477558136,0.043682534247636795,0.0
16QAM-K576,zero,1,1050,0.001953125,0.4913194477558136,0.04194570705294609,0.0
16QAM-K576,zero,1,1075,0.0020616319961845875,0.4913194477558136,0.04031132534146309,0.0
16QAM-K576,zero,1,1100,0.0020616319961845875,0.4913194477558136,0.038772933185100555,0.0
16QAM-K576,zero,1,1125,0.0020616319961845875,0.4913194477558136,0.037320833653211594,0.0
16QAM-K576,zero,1,1150,0.0020616319961845875,0.4913194477558136,0.035950254648923874,0.0
16QAM-K576,zero,1,1175,0.0020616319961845875,0.4913194477558136,0.034653883427381516,0.0
16QAM-K576,zero,1,1200,0.0020616319961845875,0.4913194477558136,0.033426471054553986,0.0
16QAM-K576,zero,1,1225,0.0020616319961845875,0.4913194477558136,0.032263632863759995,0.0
16QAM-K576,zero,1,1250,0.0020616319961845875,0.4913194477558136,0.031161673367023468,0.0
16QAM-K576,zero,1,1275,0.0020616319961845875,0.4913194477558136,0.03011455200612545,0.0
16QAM-K576,zero,1,1300,0.0020616319961845875,0.4913194477558136,0.02911926619708538,0.0
16QAM-K576,zero,1,1325,0.0020616319961845875,0.4913194477558136,0.028172560036182404,0.0
16QAM-K576,zero,1,1350,0.0020616319961845875,0.4913194477558136,0.027270985767245293,0.0
16QAM-K576,zero,1,1375,0.0020616319961845875,0.4913194477558136,0.026412811130285263,0.0
16QAM-K576,zero,1,1400,0.0020616319961845875,0.4913194477558136,0.025593111291527748,0.0
16QAM-K576,zero,1,1425,0.0020616319961845875,0.4913194477558136,0.024810370057821274,0.0
16QAM-K576,zero,1,1450,0.002170138992369175,0.4913194477558136,0.02406228333711624,0.0
16QAM-K576,zero,1,1475,0.002170138992369175,0.4913194477558136,0.023346686735749245,0.0
16QAM-K576,zero,1,1500,0.002170138992369175,0.4913194477558136,0.022661741822957993,0.0
16QAM-K576,zero,2,1,0.2485894113779068,0.4973958432674408,11.96123218536377,0.0
16QAM-K576,zero,2,25,0.2485894113779068,0.4973958432674408,5.812780857086182,0.0
16QAM-K576,zero,2,50,0.2485894113779068,0.4973958432674408,2.9376823902130127,0.0
16QAM-K576,zero,2,75,0.2355685830116272,0.4973958432674408,2.236785650253296,0.0
16QAM-K576,zero,2,100,0.138671875,0.4973958432674408,1.9430876970291138,0.0
16QAM-K576,zero,2,125,0.0616319440305233,0.4973958432674408,1.5273481607437134,0.0
16QAM-K576,zero,2,150,0.0323350690305233,0.4973958432674408,1.1359363794326782,0.0
16QAM-K576,zero,2,175,0.0185546875,0.4973958432674408,0.8586951494216919,0.0
16QAM-K576,zero,2,200,0.01171875,0.4973958432674408,0.6719757914543152,0.0
16QAM-K576,zero,2,225,0.008138020522892475,0.4973958432674408,0.5428758859634399,0.0
16QAM-K576,zero,2,250,0.006076388992369175,0.4973958432674408,0.4503013789653778,0.0
16QAM-K576,zero,2,275,0.0048828125,0.4973958432674408,0.3814580738544464,0.0
16QAM-K576,zero,2,300,0.00390625,0.4973958432674408,0.3286285996437073,0.0
16QAM-K576,zero,2,325,0.0032552082557231188,0.4973958432674408,0.28702250123023987,0.0
16QAM-K576,zero,2,350,0.0028211805038154125,0.4973958432674408,0.2535438537597656,0.0
16QAM-K576,zero,2,375,0.0023871527519077063,0.4973958432674408,0.2261088639497757,0.0
16QAM-K576,zero,2,400,0.0020616319961845875,0.4973958432674408,0.20326392352581024,0.0
16QAM-K576,zero,2,425,0.0020616319961845875,0.4973958432674408,0.18398116528987885,0.0
16QAM-K576,zero,2,450,0.0018446181202307343,0.4973958432674408,0.16751927137374878,0.0
16QAM-K576,zero,2,475,0.0018446181202307343,0.4973958432674408,0.15333274006843567,0.0
16QAM-K576,zero,2,500,0.0017361111240461469,0.4973958432674408,0.14101015031337738,0.0
16QAM-K576,zero,2,525,0.0016276041278615594,0.4973958432674408,0.13022740185260773,0.0
16QAM-K576,zero,2,550,0.0016276041278615594,0.4973958432674408,0.12072478234767914,0.0
16QAM-K576,zero,2,575,0.0016276041278615594,0.4973958432674408,0.11229422688484192,0.0
16QAM-K576,zero,2,600,0.0016276041278615594,0.4973958432674408,0.10477045923471451,0.0
16QAM-K576,zero,2,625,0.0016276041278615594,0.4973958432674408,0.09802339971065521,0.0
16QAM-K576,zero,2,650,0.0016276041278615594,0.4973958432674408,0.09194589406251907,0.0
16QAM-K576,zero,2,675,0.0017361111240461469,0.4973958432674408,0.0864497572183609,0.0
16QAM-K576,zero,2,700,0.0017361111240461469,0.4973958432674408,0.08145904541015625,0.0
16QAM-K576,zero,2,725,0.0017361111240461469,0.4973958432674408,0.07691118866205215,0.0
16QAM-K576,zero,2,750,0.0017361111240461469,0.4973958432674408,0.07275385409593582,0.0
16QAM-K576,zero,2,775,0.0017361111240461469,0.4973958432674408,0.06894220411777496,0.0
16QAM-K576,zero,2,800,0.0017361111240461469,0.4973958432674408,0.0654374212026596,0.0
16QAM-K576,zero,2,825,0.0017361111240461469,0.4973958432674408,0.0622042678296566,0.0
16QAM-K576,zero,2,850,0.0015190972480922937,0.4973958432674408,0.0592147633433342,0.0
16QAM-K576,zero,2,875,0.0015190972480922937,0.4973958432674408,0.05644161254167557,0.0
16QAM-K576,zero,2,900,0.0015190972480922937,0.4973958432674408,0.05386413633823395,0.0
16QAM-K576,zero,2,925,0.0015190972480922937,0.4973958432674408,0.051463983952999115,0.0
16QAM-K576,zero,2,950,0.0015190972480922937,0.4973958432674408,0.04922497645020485,0.0
16QAM-K576,zero,2,975,0.0015190972480922937,0.4973958432674408,0.0471331812441349,0.0
16QAM-K576,zero,2,1000,0.0015190972480922937,0.4973958432674408,0.0451761856675148,0.0
16QAM-K576,zero,2,1025,0.0015190972480922937,0.4973958432674408,0.043340880423784256,0.0
16QAM-K576,zero,2,1050,0.0015190972480922937,0.4973958432674408,0.04161864519119263,0.0
16QAM-K576,zero,2,1075,0.0016276041278615594,0.4973958432674408,0.039997901767492294,0.0
16QAM-K576,zero,2,1100,0.0016276041278615594,0.4973958432674408,0.0384722538292408,0.0
16QAM-K576,zero,2,1125,0.0016276041278615594,0.4973958432674408,0.03703221678733826,0.0
16QAM-K576,zero,2,1150,0.0016276041278615594,0.4973958432674408,0.03567296266555786,0.0
16QAM-K576,zero,2,1175,0.0016276041278615594,0.4973958432674408,0.03438730537891388,0.0
16QAM-K576,zero,2,1200,0.0016276041278615594,0.4973958432674408,0.033170007169246674,0.0
16QAM-K576,zero,2,1225,0.0016276041278615594,0.4973958432674408,0.032016586512327194,0.0
16QAM-K576,zero,2,1250,0.0016276041278615594,0.4973958432674408,0.030923403799533844,0.0
16QAM-K576,zero,2,1275,0.0015190972480922937,0.4973958432674408,0.029884126037359238,0.0
16QAM-K576,zero,2,1300,0.0015190972480922937,0.4973958432674408,0.028895871713757515,0.0
16QAM-K576,zero,2,1325,0.0015190972480922937,0.4973958432674408,0.02795538678765297,0.0
16QAM-K576,zero,2,1350,0.0015190972480922937,0.4973958432674408,0.027059366926550865,0.0
16QAM-K576,zero,2,1375,0.0015190972480922937,0.4973958432674408,0.02620614878833294,0.0
16QAM-K576,zero,2,1400,0.0015190972480922937,0.4973958432674408,0.025391126051545143,0.0
16QAM-K576,zero,2,1425,0.0015190972480922937,0.4973958432674408,0.024612924084067345,0.0
16QAM-K576,zero,2,1450,0.0015190972480922937,0.4973958432674408,0.02386937476694584,0.0
16QAM-K576,zero,2,1475,0.0015190972480922937,0.4973958432674408,0.023158445954322815,0.0
16QAM-K576,zero,2,1500,0.0015190972480922937,0.4973958432674408,0.022478153929114342,0.0
16QAM-K576,zero,3,1,0.2491319477558136,0.5047743320465088,11.96982479095459,0.0
16QAM-K576,zero,3,25,0.2491319477558136,0.5047743320465088,5.815950393676758,0.0
16QAM-K576,zero,3,50,0.2491319477558136,0.5047743320465088,2.9485418796539307,0.0
16QAM-K576,zero,3,75,0.2366536408662796,0.5047743320465088,2.254168748855591,0.0
16QAM-K576,zero,3,100,0.1323784738779068,0.5047743320465088,1.9653269052505493,0.0
16QAM-K576,zero,3,125,0.0578342005610466,0.5047743320465088,1.5383126735687256,0.0
16QAM-K576,zero,3,150,0.02983940951526165,0.5047743320465088,1.1373625993728638,0.0
16QAM-K576,zero,3,175,0.017578125,0.5047743320465088,0.8565026521682739,0.0
16QAM-K576,zero,3,200,0.011067708022892475,0.5047743320465088,0.6699931025505066,0.0
16QAM-K576,zero,3,225,0.007595486007630825,0.5047743320465088,0.5415948629379272,0.0
16QAM-K576,zero,3,250,0.005642361007630825,0.5047743320465088,0.4492260217666626,0.0
16QAM-K576,zero,3,275,0.0048828125,0.5047743320465088,0.3804102838039398,0.0
16QAM-K576,zero,3,300,0.0045572915114462376,0.5047743320465088,0.327690988779068,0.0
16QAM-K576,zero,3,325,0.0042317709885537624,0.5047743320465088,0.28628629446029663,0.0
16QAM-K576,zero,3,350,0.0037977430038154125,0.5047743320465088,0.25300994515419006,0.0
16QAM-K576,zero,3,375,0.0034722222480922937,0.5047743320465088,0.22571870684623718,0.0
16QAM-K576,zero,3,400,0.003146701492369175,0.5047743320465088,0.20297382771968842,0.0
16QAM-K576,zero,3,425,0.0030381944961845875,0.5047743320465088,0.1837751567363739,0.0
16QAM-K576,zero,3,450,0.0029296875,0.5047743320465088,0.16739068925380707,0.0
16QAM-K576,zero,3,475,0.0027126737404614687,0.5047743320465088,0.15326844155788422,0.0
16QAM-K576,zero,3,500,0.0026041667442768812,0.5047743320465088,0.1409870684146881,0.0
16QAM-K576,zero,3,525,0.0024956597480922937,0.5047743320465088,0.1302230954170227,0.0
16QAM-K576,zero,3,550,0.0023871527519077063,0.5047743320465088,0.12072601914405823,0.0
16QAM-K576,zero,3,575,0.0023871527519077063,0.5047743320465088,0.11229722946882248,0.0
16QAM-K576,zero,3,600,0.0023871527519077063,0.5047743320465088,0.10477714985609055,0.0
16QAM-K576,zero,3,625,0.0023871527519077063,0.5047743320465088,0.09803653508424759,0.0
16QAM-K576,zero,3,650,0.0023871527519077063,0.5047743320465088,0.09196630865335464,0.0
16QAM-K576,zero,3,675,0.0022786457557231188,0.5047743320465088,0.08647675067186356,0.0
16QAM-K576,zero,3,700,0.0022786457557231188,0.5047743320465088,0.08149133622646332,0.0
16QAM-K576,zero,3,725,0.0022786457557231188,0.5047743320465088,0.07694708555936813,0.0
16QAM-K576,zero,3,750,0.0022786457557231188,0.5047743320465088,0.07279190421104431,0.0
16QAM-K576,zero,3,775,0.0022786457557231188,0.5047743320465088,0.06898122280836105,0.0
16QAM-K576,zero,3,800,0.0022786457557231188,0.5047743320465088,0.06547672301530838,0.0
16QAM-K576,zero,3,825,0.0022786457557231188,0.5047743320465088,0.0622437484562397,0.0
16QAM-K576,zero,3,850,0.002170138992369175,0.5047743320465088,0.05925517529249191,0.0
16QAM-K576,zero,3,875,0.002170138992369175,0.5047743320465088,0.0564839132130146,0.0
16QAM-K576,zero,3,900,0.002170138992369175,0.5047743320465088,0.053909141570329666,0.0
16QAM-K576,zero,3,925,0.002170138992369175,0.5047743320465088,0.05151202902197838,0.0
16QAM-K576,zero,3,950,0.002170138992369175,0.5047743320465088,0.049275677651166916,0.0
16QAM-K576,zero,3,975,0.0020616319961845875,0.5047743320465088,0.047185394912958145,0.0
16QAM-K576,zero,3,1000,0.0020616319961845875,0.5047743320465088,0.045228660106658936,0.0
16QAM-K576,zero,3,1025,0.0020616319961845875,0.5047743320465088,0.04339229315519333,0.0
16QAM-K576,zero,3,1050,0.001953125,0.5047743320465088,0.041667964309453964,0.0
16QAM-K576,zero,3,1075,0.001953125,0.5047743320465088,0.04004448652267456,0.0
16QAM-K576,zero,3,1100,0.001953125,0.5047743320465088,0.038515958935022354,0.0
16QAM-K576,zero,3,1125,0.001953125,0.5047743320465088,0.03707299008965492,0.0
16QAM-K576,zero,3,1150,0.001953125,0.5047743320465088,0.035711031407117844,0.0
16QAM-K576,zero,3,1175,0.001953125,0.5047743320465088,0.03442283347249031,0.0
16QAM-K576,zero,3,1200,0.001953125,0.5047743320465088,0.033203184604644775,0.0
16QAM-K576,zero,3,1225,0.001953125,0.5047743320465088,0.03204761818051338,0.0
16QAM-K576,zero,3,1250,0.001953125,0.5047743320465088,0.030952513217926025,0.0
16QAM-K576,zero,3,1275,0.001953125,0.5047743320465088,0.029911650344729424,0.0
16QAM-K576,zero,3,1300,0.001953125,0.5047743320465088,0.02892220765352249,0.0
16QAM-K576,zero,3,1325,0.001953125,0.5047743320465088,0.027980901300907135,0.0
16QAM-K576,zero,3,1350,0.001953125,0.5047743320465088,0.027084412053227425,0.0
16QAM-K576,zero,3,1375,0.001953125,0.5047743320465088,0.026231015101075172,0.0
16QAM-K576,zero,3,1400,0.001953125,0.5047743320465088,0.025415800511837006,0.0
16QAM-K576,zero,3,1425,0.001953125,0.5047743320465088,0.02463747002184391,0.0
16QAM-K576,zero,3,1450,0.001953125,0.5047743320465088,0.023893794044852257,0.0
16QAM-K576,zero,3,1475,0.001953125,0.5047743320465088,0.023182565346360207,0.0
16QAM-K576,zero,3,1500,0.001953125,0.5047743320465088,0.02250196970999241,0.0
16QAM-K576,zero,4,1,0.2541232705116272,0.5015190839767456,12.027764320373535,0.0
16QAM-K576,zero,4,25,0.2541232705116272,0.5015190839767456,5.837217807769775,0.0
16QAM-K576,zero,4,50,0.2541232705116272,0.5015190839767456,2.945946216583252,0.0
16QAM-K576,zero,4,75,0.241970494389534,0.5015190839767456,2.245025157928467,0.0
16QAM-K576,zero,4,100,0.1444227397441864,0.5015190839767456,1.959276795387268,0.0
16QAM-K576,zero,4,125,0.0641276016831398,0.5015190839767456,1.5499978065490723,0.0
16QAM-K576,zero,4,150,0.0311414934694767,0.5015190839767456,1.152854323387146,0.0
16QAM-K576,zero,4,175,0.0184461809694767,0.5015190839767456,0.8677297234535217,0.0
16QAM-K576,zero,4,200,0.0126953125,0.5015190839767456,0.676751434803009,0.0
16QAM-K576,zero,4,225,0.009765625,0.5015190839767456,0.5460324287414551,0.0
16QAM-K576,zero,4,250,0.007921007461845875,0.5015190839767456,0.45299795269966125,0.0
16QAM-K576,zero,4,275,0.0065104165114462376,0.5015190839767456,0.38402897119522095,0.0
16QAM-K576,zero,4,300,0.0055338540114462376,0.5015190839767456,0.33111485838890076,0.0
16QAM-K576,zero,4,325,0.0040147569961845875,0.5015190839767456,0.28937286138534546,0.0
16QAM-K576,zero,4,350,0.0034722222480922937,0.5015190839767456,0.2556435167789459,0.0
16QAM-K576,zero,4,375,0.003146701492369175,0.5015190839767456,0.22790294885635376,0.0
16QAM-K576,zero,4,400,0.003146701492369175,0.5015190839767456,0.2048022300004959,0.0
16QAM-K576,zero,4,425,0.0028211805038154125,0.5015190839767456,0.18534643948078156,0.0
16QAM-K576,zero,4,450,0.0023871527519077063,0.5015190839767456,0.16876286268234253,0.0
16QAM-K576,zero,4,475,0.0022786457557231188,0.5015190839767456,0.1544690579175949,0.0
16QAM-K576,zero,4,500,0.002170138992369175,0.5015190839767456,0.14204013347625732,0.0
16QAM-K576,zero,4,525,0.0020616319961845875,0.5015190839767456,0.1311550885438919,0.0
16QAM-K576,zero,4,550,0.002170138992369175,0.5015190839767456,0.12155977636575699,0.0
16QAM-K576,zero,4,575,0.002170138992369175,0.5015190839767456,0.11304989457130432,0.0
16QAM-K576,zero,4,600,0.0020616319961845875,0.5015190839767456,0.10546181350946426,0.0
16QAM-K576,zero,4,625,0.0020616319961845875,0.5015190839767456,0.09866225719451904,0.0
16QAM-K576,zero,4,650,0.0020616319961845875,0.5015190839767456,0.09254030883312225,0.0
16QAM-K576,zero,4,675,0.001953125,0.5015190839767456,0.08700447529554367,0.0
16QAM-K576,zero,4,700,0.0018446181202307343,0.5015190839767456,0.08197662979364395,0.0
16QAM-K576,zero,4,725,0.0018446181202307343,0.5015190839767456,0.07739246636629105,0.0
16QAM-K576,zero,4,750,0.0018446181202307343,0.5015190839767456,0.07319964468479156,0.0
16QAM-K576,zero,4,775,0.0018446181202307343,0.5015190839767456,0.06935428082942963,0.0
16QAM-K576,zero,4,800,0.0018446181202307343,0.5015190839767456,0.06581834703683853,0.0
16QAM-K576,zero,4,825,0.0018446181202307343,0.5015190839767456,0.06255760788917542,0.0
16QAM-K576,zero,4,850,0.0018446181202307343,0.5015190839767456,0.05954452231526375,0.0
16QAM-K576,zero,4,875,0.0018446181202307343,0.5015190839767456,0.056752000004053116,0.0
16QAM-K576,zero,4,900,0.0017361111240461469,0.5015190839767456,0.05415812507271767,0.0
16QAM-K576,zero,4,925,0.0017361111240461469,0.5015190839767456,0.05174343287944794,0.0
16QAM-K576,zero,4,950,0.0017361111240461469,0.5015190839767456,0.04949052631855011,0.0
16QAM-K576,zero,4,975,0.0017361111240461469,0.5015190839767456,0.04738513007760048,0.0
16QAM-K576,zero,4,1000,0.0017361111240461469,0.5015190839767456,0.04541492089629173,0.0
16QAM-K576,zero,4,1025,0.0017361111240461469,0.5015190839767456,0.04356696084141731,0.0
16QAM-K576,zero,4,1050,0.0017361111240461469,0.5015190839767456,0.04183279722929001,0.0
16QAM-K576,zero,4,1075,0.0017361111240461469,0.5015190839767456,0.04020116105675697,0.0
16QAM-K576,zero,4,1100,0.0017361111240461469,0.5015190839767456,0.03866584599018097,0.0
16QAM-K576,zero,4,1125,0.0017361111240461469,0.5015190839767456,0.0372171588242054,0.0
16QAM-K576,zero,4,1150,0.0017361111240461469,0.5015190839767456,0.03585011512041092,0.0
16QAM-K576,zero,4,1175,0.0017361111240461469,0.5015190839767456,0.03455732390284538,0.0
16QAM-K576,zero,4,1200,0.0017361111240461469,0.5015190839767456,0.03333340212702751,0.0
16QAM-K576,zero,4,1225,0.0017361111240461469,0.5015190839767456,0.03217374160885811,0.0
16QAM-K576,zero,4,1250,0.0017361111240461469,0.5015190839767456,0.031074723228812218,0.0
16QAM-K576,zero,4,1275,0.0017361111240461469,0.5015190839767456,0.030030125752091408,0.0
16QAM-K576,zero,4,1300,0.0017361111240461469,0.5015190839767456,0.029037130996584892,0.0
16QAM-K576,zero,4,1325,0.0017361111240461469,0.5015190839767456,0.02809242345392704,0.0
16QAM-K576,zero,4,1350,0.0017361111240461469,0.5015190839767456,0.02719278819859028,0.0
16QAM-K576,zero,4,1375,0.0017361111240461469,0.5015190839767456,0.026336222887039185,0.0
16QAM-K576,zero,4,1400,0.0017361111240461469,0.5015190839767456,0.025518158450722694,0.0
16QAM-K576,zero,4,1425,0.0017361111240461469,0.5015190839767456,0.02473706752061844,0.0
16QAM-K576,zero,4,1450,0.0017361111240461469,0.5015190839767456,0.023990724235773087,0.0
16QAM-K576,zero,4,1475,0.0017361111240461469,0.5015190839767456,0.023277143016457558,0.0
16QAM-K576,zero,4,1500,0.0017361111240461469,0.5015190839767456,0.0225942712277174,0.0
16QAM-K576,rand,0,1,0.4954427182674408,0.4876302182674408,9.872489929199219,7.70835018157959
16QAM-K576,rand,0,25,0.2737630307674408,0.3196614682674408,5.985098361968994,4.876410484313965
16QAM-K576,rand,0,50,0.1890190988779068,0.2569444477558136,3.2366414070129395,2.93593430519104
16QAM-K576,rand,0,75,0.1569010466337204,0.2389322966337204,2.0777528285980225,1.9159117937088013
16QAM-K576,rand,0,100,0.125,0.2209201455116272,1.5588527917861938,1.5857542753219604
16QAM-K576,rand,0,125,0.0966796875,0.2057291716337204,1.2520300149917603,1.8830305337905884
16QAM-K576,rand,0,150,0.0697699636220932,0.1998697966337204,1.0270028114318848,2.238429307937622
16QAM-K576,rand,0,175,0.0492621548473835,0.1985677033662796,0.8496388792991638,2.0596461296081543
16QAM-K576,rand,0,200,0.0319010429084301,0.1987847238779068,0.70163494348526,1.4724622964859009
16QAM-K576,rand,0,225,0.01996527798473835,0.19921875,0.5764620304107666,1.0301469564437866
16QAM-K576,rand,0,250,0.013454861007630825,0.2005208283662796,0.47619614005088806,0.7796981334686279
16QAM-K576,rand,0,275,0.009006076492369175,0.2020399272441864,0.39848360419273376,0.6651858687400818
16QAM-K576,rand,0,300,0.0067274305038154125,0.2022569477558136,0.33842840790748596,0.5320940613746643
16QAM-K576,rand,0,325,0.00434027798473835,0.2022569477558136,0.2916107177734375,0.4379899799823761
16QAM-K576,rand,0,350,0.0035807292442768812,0.202907994389534,0.2539357542991638,0.391683429479599
16QAM-K576,rand,0,375,0.0029296875,0.2037760466337204,0.22396069765090942,0.32886600494384766
16QAM-K576,rand,0,400,0.0028211805038154125,0.2037760466337204,0.19960053265094757,0.26625755429267883
16QAM-K576,rand,0,425,0.0023871527519077063,0.2037760466337204,0.1794852763414383,0.2307671159505844
16QAM-K576,rand,0,450,0.0023871527519077063,0.2042100727558136,0.16262249648571014,0.21453888714313507
16QAM-K576,rand,0,475,0.0023871527519077063,0.2042100727558136,0.1483020931482315,0.18536587059497833
16QAM-K576,rand,0,500,0.0022786457557231188,0.2042100727558136,0.13600672781467438,0.16468125581741333
16QAM-K576,rand,0,525,0.0022786457557231188,0.2042100727558136,0.12533943355083466,0.1487751007080078
16QAM-K576,rand,0,550,0.002170138992369175,0.2042100727558136,0.11599021404981613,0.13548965752124786
16QAM-K576,rand,0,575,0.0020616319961845875,0.2042100727558136,0.1077265739440918,0.12451262027025223
16QAM-K576,rand,0,600,0.001953125,0.2044270783662796,0.1003798395395279,0.11613088101148605
16QAM-K576,rand,0,625,0.0017361111240461469,0.2044270783662796,0.093812495470047,0.11436133831739426
16QAM-K576,rand,0,650,0.0017361111240461469,0.2046440988779068,0.08790711313486099,0.10054425150156021
16QAM-K576,rand,0,675,0.0017361111240461469,0.2046440988779068,0.08256951719522476,0.0927991047501564
16QAM-K576,rand,0,700,0.0016276041278615594,0.2046440988779068,0.07772045582532883,0.08654794096946716
16QAM-K576,rand,0,725,0.0016276041278615594,0.2046440988779068,0.07329799234867096,0.08104059845209122
16QAM-K576,rand,0,750,0.0016276041278615594,0.2046440988779068,0.06926029175519943,0.07612702995538712
16QAM-K576,rand,0,775,0.0016276041278615594,0.2046440988779068,0.06556720286607742,0.07169241458177567
16QAM-K576,rand,0,800,0.0016276041278615594,0.2046440988779068,0.06217902898788452,0.06762228906154633
16QAM-K576,rand,0,825,0.0016276041278615594,0.2046440988779068,0.059061117470264435,0.0638069361448288
16QAM-K576,rand,0,850,0.0016276041278615594,0.2046440988779068,0.05618353560566902,0.06043901666998863
16QAM-K576,rand,0,875,0.0016276041278615594,0.2046440988779068,0.05352090671658516,0.05746530368924141
16QAM-K576,rand,0,900,0.0016276041278615594,0.2046440988779068,0.05105103924870491,0.054951608180999756
16QAM-K576,rand,0,925,0.0016276041278615594,0.2046440988779068,0.04875488206744194,0.05340171605348587
16QAM-K576,rand,0,950,0.0016276041278615594,0.204861119389534,0.046615805476903915,0.05374329164624214
16QAM-K576,rand,0,975,0.0016276041278615594,0.2046440988779068,0.044618986546993256,0.049577903002500534
16QAM-K576,rand,0,1000,0.0016276041278615594,0.205078125,0.04275159165263176,0.05049555376172066
16QAM-K576,rand,0,1025,0.0016276041278615594,0.205078125,0.041002120822668076,0.04510565474629402
16QAM-K576,rand,0,1050,0.0016276041278615594,0.205078125,0.03936045616865158,0.04299180954694748
16QAM-K576,rand,0,1075,0.0016276041278615594,0.204861119389534,0.037817541509866714,0.041051726788282394
16QAM-K576,rand,0,1100,0.0016276041278615594,0.204861119389534,0.03636527061462402,0.03918179124593735
16QAM-K576,rand,0,1125,0.0016276041278615594,0.204861119389534,0.0349963940680027,0.03757917881011963
16QAM-K576,rand,0,1150,0.0016276041278615594,0.204861119389534,0.03370445966720581,0.038860779255628586
16QAM-K576,rand,0,1175,0.0016276041278615594,0.205078125,0.032483477145433426,0.03697871416807175
16QAM-K576,rand,0,1200,0.0016276041278615594,0.2052951455116272,0.031328268349170685,0.034723807126283646
16QAM-K576,rand,0,1225,0.0016276041278615594,0.2052951455116272,0.030233919620513916,0.03280184790492058
16QAM-K576,rand,0,1250,0.0016276041278615594,0.2052951455116272,0.0291961170732975,0.03146630525588989
16QAM-K576,rand,0,1275,0.0016276041278615594,0.2052951455116272,0.028210865333676338,0.030252328142523766
16QAM-K576,rand,0,1300,0.0016276041278615594,0.2052951455116272,0.027274586260318756,0.029127273708581924
16QAM-K576,rand,0,1325,0.0016276041278615594,0.2052951455116272,0.02638399414718151,0.028081297874450684
16QAM-K576,rand,0,1350,0.0016276041278615594,0.2052951455116272,0.02553597278892994,0.02710660733282566
16QAM-K576,rand,0,1375,0.0016276041278615594,0.2052951455116272,0.02472786419093609,0.026210147887468338
16QAM-K576,rand,0,1400,0.0016276041278615594,0.2052951455116272,0.023957060649991035,0.025430310517549515
16QAM-K576,rand,0,1425,0.0016276041278615594,0.2052951455116272,0.023221271112561226,0.02515230141580105
16QAM-K576,rand,0,1450,0.0016276041278615594,0.205078125,0.022518286481499672,0.0425046868622303
16QAM-K576,rand,0,1475,0.0016276041278615594,0.2055121511220932,0.02184617705643177,0.024287309497594833
16QAM-K576,rand,0,1500,0.0016276041278615594,0.2055121511220932,0.021203091368079185,0.022995999082922935
16QAM-K576,rand,1,1,0.4817708432674408,0.5008680820465088,10.013792037963867,7.906909465789795
16QAM-K576,rand,1,25,0.2724609375,0.3337673544883728,6.044655799865723,5.0232768058776855
16QAM-K576,rand,1,50,0.1917317658662796,0.2660590410232544,3.2698171138763428,3.0024468898773193
16QAM-K576,rand,1,75,0.1587456613779068,0.25,2.101109504699707,1.9299274682998657
16QAM-K576,rand,1,100,0.1238064244389534,0.226345494389534,1.579218864440918,1.5247066020965576
16QAM-K576,rand,1,125,0.0960286483168602,0.2122395783662796,1.2612868547439575,1.7436723709106445
16QAM-K576,rand,1,150,0.0706380233168602,0.2081163227558136,1.0356947183609009,2.1906001567840576
16QAM-K576,rand,1,175,0.0501302070915699,0.20703125,0.8579196929931641,2.0936357975006104
16QAM-K576,rand,1,200,0.0320095494389534,0.206814244389534,0.7085022330284119,1.5937639474868774
16QAM-K576,rand,1,225,0.02105034701526165,0.20703125,0.582391619682312,1.1364399194717407
16QAM-K576,rand,1,250,0.01421440951526165,0.2072482705116272,0.48168501257896423,0.9327375888824463
16QAM-K576,rand,1,275,0.0106336809694767,0.2085503488779068,0.4031175374984741,0.7365965843200684
16QAM-K576,rand,1,300,0.0086805559694767,0.2085503488779068,0.342495858669281,0.532537579536438
16QAM-K576,rand,1,325,0.0061848959885537624,0.2085503488779068,0.2955608069896698,0.4294722080230713
16QAM-K576,rand,1,350,0.0049913194961845875,0.208767369389534,0.2581285834312439,0.36028853058815
16QAM-K576,rand,1,375,0.0040147569961845875,0.2085503488779068,0.2280597686767578,0.30830118060112
16QAM-K576,rand,1,400,0.0035807292442768812,0.208767369389534,0.2034350335597992,0.2700568735599518
16QAM-K576,rand,1,425,0.0033637152519077063,0.2094184011220932,0.18308982253074646,0.2435036450624466
16QAM-K576,rand,1,450,0.0030381944961845875,0.2092013955116272,0.16595540940761566,0.2147672474384308
16QAM-K576,rand,1,475,0.0027126737404614687,0.2094184011220932,0.1513199508190155,0.19463159143924713
16QAM-K576,rand,1,500,0.0026041667442768812,0.2094184011220932,0.13869895040988922,0.16878226399421692
16QAM-K576,rand,1,525,0.0023871527519077063,0.2094184011220932,0.12772077322006226,0.1553095430135727
16QAM-K576,rand,1,550,0.0022786457557231188,0.2096354216337204,0.11809156090021133,0.14640575647354126
16QAM-K576,rand,1,575,0.002170138992369175,0.2094184011220932,0.10960840433835983,0.13718250393867493
16QAM-K576,rand,1,600,0.0020616319961845875,0.2094184011220932,0.10208985209465027,0.11953616142272949
16QAM-K576,rand,1,625,0.001953125,0.2094184011220932,0.09536655992269516,0.10982932895421982
16QAM-K576,rand,1,650,0.0018446181202307343,0.2094184011220932,0.08932564407587051,0.10164288431406021
16QAM-K576,rand,1,675,0.0018446181202307343,0.2094184011220932,0.08386946469545364,0.09454376995563507
16QAM-K576,rand,1,700,0.0018446181202307343,0.2094184011220932,0.07891398668289185,0.08846554905176163
16QAM-K576,rand,1,725,0.0018446181202307343,0.2094184011220932,0.07440562546253204,0.08617264777421951
16QAM-K576,rand,1,750,0.0018446181202307343,0.2096354216337204,0.0702977180480957,0.0800127387046814
16QAM-K576,rand,1,775,0.0017361111240461469,0.2096354216337204,0.06654062122106552,0.07444673776626587
16QAM-K576,rand,1,800,0.0017361111240461469,0.2096354216337204,0.06309032440185547,0.07005167752504349
16QAM-K576,rand,1,825,0.0017361111240461469,0.2096354216337204,0.05991525948047638,0.0663154125213623
16QAM-K576,rand,1,850,0.0017361111240461469,0.2096354216337204,0.056987643241882324,0.07448109239339828
16QAM-K576,rand,1,875,0.0017361111240461469,0.2098524272441864,0.054280851036310196,0.06065906584262848
16QAM-K576,rand,1,900,0.0017361111240461469,0.2098524272441864,0.05177152156829834,0.05718290060758591
16QAM-K576,rand,1,925,0.0018446181202307343,0.2098524272441864,0.049439650028944016,0.0551556833088398
16QAM-K576,rand,1,950,0.0018446181202307343,0.2100694477558136,0.04726754501461983,0.05225624144077301
16QAM-K576,rand,1,975,0.0018446181202307343,0.2100694477558136,0.045240238308906555,0.04962523654103279
16QAM-K576,rand,1,1000,0.0018446181202307343,0.2100694477558136,0.0433446429669857,0.04767410084605217
16QAM-K576,rand,1,1025,0.0018446181202307343,0.2102864533662796,0.041569169610738754,0.047434017062187195
16QAM-K576,rand,1,1050,0.0018446181202307343,0.2100694477558136,0.0399036668241024,0.044248487800359726
16QAM-K576,rand,1,1075,0.0018446181202307343,0.2100694477558136,0.0383390337228775,0.041865743696689606
16QAM-K576,rand,1,1100,0.0018446181202307343,0.2100694477558136,0.03686683624982834,0.040014512836933136
16QAM-K576,rand,1,1125,0.0018446181202307343,0.2100694477558136,0.03547912836074829,0.03831787407398224
16QAM-K576,rand,1,1150,0.0017361111240461469,0.2100694477558136,0.03416857868432999,0.0367424301803112
16QAM-K576,rand,1,1175,0.0017361111240461469,0.2100694477558136,0.03292851895093918,0.03527771681547165
16QAM-K576,rand,1,1200,0.0017361111240461469,0.2100694477558136,0.031753864139318466,0.03391344100236893
16QAM-K576,rand,1,1225,0.0017361111240461469,0.2100694477558136,0.03064044378697872,0.03266254439949989
16QAM-K576,rand,1,1250,0.0017361111240461469,0.2100694477558136,0.029584553092718124,0.03188701346516609
16QAM-K576,rand,1,1275,0.0017361111240461469,0.2102864533662796,0.028582585975527763,0.034106332808732986
16QAM-K576,rand,1,1300,0.0017361111240461469,0.2102864533662796,0.027630768716335297,0.029796455055475235
16QAM-K576,rand,1,1325,0.0017361111240461469,0.2102864533662796,0.026725757867097855,0.028664464130997658
16QAM-K576,rand,1,1350,0.0017361111240461469,0.2102864533662796,0.02586444281041622,0.0276442002505064
16QAM-K576,rand,1,1375,0.0017361111240461469,0.2102864533662796,0.02504383586347103,0.02668585814535618
16QAM-K576,rand,1,1400,0.0017361111240461469,0.2102864533662796,0.024261394515633583,0.025780674070119858
16QAM-K576,rand,1,1425,0.0017361111240461469,0.2102864533662796,0.02351466566324234,0.024924645200371742
16QAM-K576,rand,1,1450,0.0017361111240461469,0.2102864533662796,0.022801393643021584,0.024113599210977554
16QAM-K576,rand,1,1475,0.0017361111240461469,0.2102864533662796,0.022119544446468353,0.02334376983344555
16QAM-K576,rand,1,1500,0.0017361111240461469,0.2102864533662796,0.02146727219223976,0.022615190595388412
16QAM-K576,rand,2,1,0.4971788227558136,0.4982638955116272,9.970765113830566,7.860626220703125
16QAM-K576,rand,2,25,0.2841796875,0.3279079794883728,6.060474872589111,4.974600315093994
16QAM-K576,rand,2,50,0.1995442658662796,0.2669270932674408,3.2688112258911133,2.972745656967163
16QAM-K576,rand,2,75,0.167751744389534,0.2467447966337204,2.096954822540283,1.9498448371887207
16QAM-K576,rand,2,100,0.1348741352558136,0.2228732705116272,1.5822572708129883,1.5600038766860962
16QAM-K576,rand,2,125,0.0998263880610466,0.2081163227558136,1.2764431238174438,1.6648502349853516
16QAM-K576,rand,2,150,0.0744357630610466,0.2026909738779068,1.052925944328308,2.2154407501220703
16QAM-K576,rand,2,175,0.0515407994389534,0.19921875,0.8719878792762756,2.23940110206604
16QAM-K576,rand,2,200,0.0342881940305233,0.2003038227558136,0.7154137492179871,1.585543155670166
16QAM-K576,rand,2,225,0.02408854104578495,0.2024739533662796,0.5883524417877197,1.1197144985198975
16QAM-K576,rand,2,250,0.014973958022892475,0.202907994389534,0.48988640308380127,0.8332096934318542
16QAM-K576,rand,2,275,0.0106336809694767,0.2026909738779068,0.4096495509147644,0.6454063057899475
16QAM-K576,rand,2,300,0.008138020522892475,0.2035590261220932,0.3474080264568329,0.5150884985923767
16QAM-K576,rand,2,325,0.0061848959885537624,0.2035590261220932,0.299325168132782,0.42268243432044983
16QAM-K576,rand,2,350,0.004665798507630825,0.2037760466337204,0.2610305845737457,0.34942054748535156
16QAM-K576,rand,2,375,0.004448784980922937,0.2039930522441864,0.2300862818956375,0.2917235195636749
16QAM-K576,rand,2,400,0.0035807292442768812,0.2042100727558136,0.20502763986587524,0.25555726885795593
16QAM-K576,rand,2,425,0.0033637152519077063,0.2042100727558136,0.18427331745624542,0.22082778811454773
16QAM-K576,rand,2,450,0.0030381944961845875,0.2042100727558136,0.16682271659374237,0.19640427827835083
16QAM-K576,rand,2,475,0.0029296875,0.2044270783662796,0.15200160443782806,0.17716674506664276
16QAM-K576,rand,2,500,0.0026041667442768812,0.2044270783662796,0.1392202526330948,0.16224585473537445
16QAM-K576,rand,2,525,0.0024956597480922937,0.2044270783662796,0.12809841334819794,0.16279152035713196
16QAM-K576,rand,2,550,0.0023871527519077063,0.204861119389534,0.11837852001190186,0.14707471430301666
16QAM-K576,rand,2,575,0.0023871527519077063,0.205078125,0.10983212292194366,0.1410352736711502
16QAM-K576,rand,2,600,0.0023871527519077063,0.2052951455116272,0.10226225852966309,0.12379585206508636
16QAM-K576,rand,2,625,0.0023871527519077063,0.2052951455116272,0.09551269561052322,0.11294139921665192
16QAM-K576,rand,2,650,0.0022786457557231188,0.2052951455116272,0.08946316689252853,0.1044314056634903
16QAM-K576,rand,2,675,0.002170138992369175,0.2052951455116272,0.0840168297290802,0.1104520857334137
16QAM-K576,rand,2,700,0.002170138992369175,0.2055121511220932,0.07909002900123596,0.09360674768686295
16QAM-K576,rand,2,725,0.001953125,0.2055121511220932,0.07460612803697586,0.08605754375457764
16QAM-K576,rand,2,750,0.001953125,0.2055121511220932,0.07049962878227234,0.08022639900445938
16QAM-K576,rand,2,775,0.001953125,0.2055121511220932,0.06672917306423187,0.07516282051801682
16QAM-K576,rand,2,800,0.001953125,0.2055121511220932,0.06326708942651749,0.07068286836147308
16QAM-K576,rand,2,825,0.001953125,0.2055121511220932,0.06008349731564522,0.06674586236476898
16QAM-K576,rand,2,850,0.001953125,0.2055121511220932,0.05714850872755051,0.06419387459754944
16QAM-K576,rand,2,875,0.001953125,0.2052951455116272,0.05443486198782921,0.0620109923183918
16QAM-K576,rand,2,900,0.0018446181202307343,0.2055121511220932,0.05191916227340698,0.06028394028544426
16QAM-K576,rand,2,925,0.0018446181202307343,0.2055121511220932,0.04958111792802811,0.05468146130442619
16QAM-K576,rand,2,950,0.0018446181202307343,0.2055121511220932,0.047403253614902496,0.05185522511601448
16QAM-K576,rand,2,975,0.0018446181202307343,0.2055121511220932,0.045370541512966156,0.04932236671447754
16QAM-K576,rand,2,1000,0.0018446181202307343,0.2055121511220932,0.04346968233585358,0.0469975471496582
16QAM-K576,rand,2,1025,0.0017361111240461469,0.2055121511220932,0.04168879985809326,0.044851675629615784
16QAM-K576,rand,2,1050,0.0017361111240461469,0.2055121511220932,0.04001724720001221,0.04286300018429756
16QAM-K576,rand,2,1075,0.0017361111240461469,0.2055121511220932,0.038445647805929184,0.04101594164967537
16QAM-K576,rand,2,1100,0.0016276041278615594,0.2055121511220932,0.036965567618608475,0.03929432854056358
16QAM-K576,rand,2,1125,0.0016276041278615594,0.2055121511220932,0.03556958958506584,0.037686966359615326
16QAM-K576,rand,2,1150,0.0016276041278615594,0.2055121511220932,0.034251321107149124,0.03618321940302849
16QAM-K576,rand,2,1175,0.0016276041278615594,0.2055121511220932,0.033005211502313614,0.0347735770046711
16QAM-K576,rand,2,1200,0.0016276041278615594,0.2055121511220932,0.031826313585042953,0.033449869602918625
16QAM-K576,rand,2,1225,0.0016276041278615594,0.2055121511220932,0.030709832906723022,0.03220679238438606
16QAM-K576,rand,2,1250,0.0016276041278615594,0.2055121511220932,0.029651479795575142,0.03103620558977127
16QAM-K576,rand,2,1275,0.0016276041278615594,0.2055121511220932,0.028647104278206825,0.029936449602246284
16QAM-K576,rand,2,1300,0.0016276041278615594,0.2055121511220932,0.027693010866642,0.0289072897285223
16QAM-K576,rand,2,1325,0.0016276041278615594,0.2055121511220932,0.026785757392644882,0.02795310877263546
16QAM-K576,rand,2,1350,0.0016276041278615594,0.2055121511220932,0.025922253727912903,0.027129992842674255
16QAM-K576,rand,2,1375,0.0016276041278615594,0.2055121511220932,0.025099502876400948,0.027457427233457565
16QAM-K576,rand,2,1400,0.0016276041278615594,0.2057291716337204,0.024315042421221733,0.027685847133398056
16QAM-K576,rand,2,1425,0.0016276041278615594,0.2057291716337204,0.02356640249490738,0.024975555017590523
16QAM-K576,rand,2,1450,0.0016276041278615594,0.2057291716337204,0.02285137213766575,0.024059733375906944
16QAM-K576,rand,2,1475,0.0016276041278615594,0.2057291716337204,0.022167811170220375,0.023254917934536934
16QAM-K576,rand,2,1500,0.0016276041278615594,0.2057291716337204,0.021513929590582848,0.02250327542424202
16QAM-K576,rand,3,1,0.4827474057674408,0.4963107705116272,9.922806739807129,7.779693603515625
16QAM-K576,rand,3,25,0.2699652910232544,0.326171875,6.026108741760254,4.9275689125061035
16QAM-K576,rand,3,50,0.1909722238779068,0.2584635317325592,3.265617847442627,2.9898903369903564
16QAM-K576,rand,3,75,0.1577690988779068,0.2345920205116272,2.0946242809295654,1.9469926357269287
16QAM-K576,rand,3,100,0.1261935830116272,0.2133246511220932,1.5655823945999146,1.5634312629699707
16QAM-K576,rand,3,125,0.0971137136220932,0.1968315988779068,1.2522599697113037,1.7800712585449219
16QAM-K576,rand,3,150,0.0708550363779068,0.1868489533662796,1.030368447303772,2.3350160121917725
16QAM-K576,rand,3,175,0.0485026054084301,0.1859809011220932,0.8501556515693665,2.1725316047668457
16QAM-K576,rand,3,200,0.0315755195915699,0.1881510466337204,0.7033878564834595,1.714292287826538
16QAM-K576,rand,3,225,0.02170138992369175,0.1888020783662796,0.5790026783943176,1.1325352191925049
16QAM-K576,rand,3,250,0.015407986007630825,0.1888020783662796,0.47975805401802063,0.8254873156547546
16QAM-K576,rand,3,275,0.009874132461845875,0.1903211772441864,0.4026590585708618,0.6321446299552917
16QAM-K576,rand,3,300,0.0074869790114462376,0.1905381977558136,0.3418318033218384,0.5084249973297119
16QAM-K576,rand,3,325,0.0057508680038154125,0.1905381977558136,0.2946260869503021,0.4261839687824249
16QAM-K576,rand,3,350,0.0045572915114462376,0.191189244389534,0.2571778893470764,0.3599788546562195
16QAM-K576,rand,3,375,0.00390625,0.19140625,0.22692152857780457,0.3101319372653961
16QAM-K576,rand,3,400,0.0035807292442768812,0.1916232705116272,0.2021680623292923,0.26068177819252014
16QAM-K576,rand,3,425,0.0033637152519077063,0.1916232705116272,0.18172429502010345,0.22624124586582184
16QAM-K576,rand,3,450,0.003146701492369175,0.1916232705116272,0.16462889313697815,0.20009885728359222
16QAM-K576,rand,3,475,0.0028211805038154125,0.1916232705116272,0.1501358151435852,0.1797178089618683
16QAM-K576,rand,3,500,0.0024956597480922937,0.1918402761220932,0.1376211941242218,0.17485491931438446
16QAM-K576,rand,3,525,0.0023871527519077063,0.1920572966337204,0.12673629820346832,0.1583406776189804
16QAM-K576,rand,3,550,0.0024956597480922937,0.1922743022441864,0.11719512939453125,0.14079876244068146
16QAM-K576,rand,3,575,0.0023871527519077063,0.1924913227558136,0.10878316313028336,0.13478024303913116
16QAM-K576,rand,3,600,0.0023871527519077063,0.1922743022441864,0.10132009536027908,0.12290886789560318
16QAM-K576,rand,3,625,0.0022786457557231188,0.1920572966337204,0.09466395527124405,0.1136603131890297
16QAM-K576,rand,3,650,0.002170138992369175,0.1920572966337204,0.08869325369596481,0.10207891464233398
16QAM-K576,rand,3,675,0.0020616319961845875,0.1920572966337204,0.08330411463975906,0.09466589242219925
16QAM-K576,rand,3,700,0.0020616319961845875,0.1920572966337204,0.07841930538415909,0.08826616406440735
16QAM-K576,rand,3,725,0.0020616319961845875,0.1920572966337204,0.07397893071174622,0.08263719826936722
16QAM-K576,rand,3,750,0.001953125,0.1920572966337204,0.06992987543344498,0.07773049920797348
16QAM-K576,rand,3,775,0.0018446181202307343,0.1920572966337204,0.06622388958930969,0.07395532727241516
16QAM-K576,rand,3,800,0.0018446181202307343,0.1922743022441864,0.06281743943691254,0.0706305280327797
16QAM-K576,rand,3,825,0.0015190972480922937,0.1922743022441864,0.059672944247722626,0.06791286915540695
16QAM-K576,rand,3,850,0.0015190972480922937,0.1924913227558136,0.05676118656992912,0.07235443592071533
16QAM-K576,rand,3,875,0.0015190972480922937,0.1927083283662796,0.05406099557876587,0.062433719635009766
16QAM-K576,rand,3,900,0.0015190972480922937,0.1927083283662796,0.05155438929796219,0.057718779891729355
16QAM-K576,rand,3,925,0.0015190972480922937,0.1927083283662796,0.04922466352581978,0.05458541214466095
16QAM-K576,rand,3,950,0.0015190972480922937,0.1927083283662796,0.04705559462308884,0.05181463435292244
16QAM-K576,rand,3,975,0.0015190972480922937,0.1927083283662796,0.04503246024250984,0.04929426312446594
16QAM-K576,rand,3,1000,0.0015190972480922937,0.1927083283662796,0.04314180091023445,0.04698115959763527
16QAM-K576,rand,3,1025,0.0015190972480922937,0.1927083283662796,0.04137177765369415,0.04484659433364868
16QAM-K576,rand,3,1050,0.0015190972480922937,0.1927083283662796,0.039711687713861465,0.042869389057159424
16QAM-K576,rand,3,1075,0.0014105902519077063,0.1927083283662796,0.03815198689699173,0.04103054478764534
16QAM-K576,rand,3,1100,0.0014105902519077063,0.1927083283662796,0.03668426349759102,0.03931685909628868
16QAM-K576,rand,3,1125,0.0014105902519077063,0.1927083283662796,0.035301029682159424,0.037715911865234375
16QAM-K576,rand,3,1150,0.0014105902519077063,0.1927083283662796,0.03399557247757912,0.036216411739587784
16QAM-K576,rand,3,1175,0.0013020833721384406,0.1927083283662796,0.0327618308365345,0.034809451550245285
16QAM-K576,rand,3,1200,0.0013020833721384406,0.1927083283662796,0.03159439563751221,0.033487092703580856
16QAM-K576,rand,3,1225,0.0013020833721384406,0.1927083283662796,0.030488470569252968,0.03224151208996773
16QAM-K576,rand,3,1250,0.0013020833721384406,0.1927083283662796,0.02943960763514042,0.03106706030666828
16QAM-K576,rand,3,1275,0.0013020833721384406,0.1927083283662796,0.028443919494748116,0.029957914724946022
16QAM-K576,rand,3,1300,0.0013020833721384406,0.1927083283662796,0.027497781440615654,0.028908677399158478
16QAM-K576,rand,3,1325,0.0013020833721384406,0.1927083283662796,0.026597874239087105,0.027915524318814278
16QAM-K576,rand,3,1350,0.0013020833721384406,0.1927083283662796,0.025741128250956535,0.02697460539638996
16QAM-K576,rand,3,1375,0.0013020833721384406,0.1927083283662796,0.024924878031015396,0.02608182281255722
16QAM-K576,rand,3,1400,0.0013020833721384406,0.1927083283662796,0.024146374315023422,0.025233417749404907
16QAM-K576,rand,3,1425,0.0013020833721384406,0.1927083283662796,0.023403393104672432,0.024426808580756187
16QAM-K576,rand,3,1450,0.0013020833721384406,0.1927083283662796,0.022693706676363945,0.023660024628043175
16QAM-K576,rand,3,1475,0.0013020833721384406,0.1927083283662796,0.022015178576111794,0.022930599749088287
16QAM-K576,rand,3,1500,0.0013020833721384406,0.1927083283662796,0.021366143599152565,0.02223602682352066
16QAM-K576,rand,4,1,0.487847238779068,0.4891493022441864,9.824430465698242,7.87579870223999
16QAM-K576,rand,4,25,0.2722439169883728,0.3216145932674408,5.957437992095947,4.953423500061035
16QAM-K576,rand,4,50,0.1899956613779068,0.263671875,3.2165210247039795,2.9803433418273926
16QAM-K576,rand,4,75,0.157009556889534,0.2421875,2.0563762187957764,1.9435441493988037
16QAM-K576,rand,4,100,0.123914934694767,0.222439244389534,1.545717716217041,1.56014084815979
16QAM-K576,rand,4,125,0.092664934694767,0.2083333283662796,1.2395485639572144,1.762980580329895
16QAM-K576,rand,4,150,0.0678168386220932,0.2018229216337204,1.0144859552383423,2.1696441173553467
16QAM-K576,rand,4,175,0.0463324673473835,0.2007378488779068,0.8362851142883301,2.0766797065734863
16QAM-K576,rand,4,200,0.0326605923473835,0.200954869389534,0.6875428557395935,1.4984441995620728
16QAM-K576,rand,4,225,0.0222439244389534,0.2013888955116272,0.5664499402046204,1.039888620376587
16QAM-K576,rand,4,250,0.015407986007630825,0.2024739533662796,0.47196829319000244,0.8018917441368103
16QAM-K576,rand,4,275,0.0106336809694767,0.2024739533662796,0.3972417712211609,0.620991587638855
16QAM-K576,rand,4,300,0.008029513992369175,0.203125,0.33827289938926697,0.5036823749542236
16QAM-K576,rand,4,325,0.0055338540114462376,0.2042100727558136,0.29127198457717896,0.4235876500606537
16QAM-K576,rand,4,350,0.0047743055038154125,0.2044270783662796,0.2536950707435608,0.3601788878440857
16QAM-K576,rand,4,375,0.0042317709885537624,0.2046440988779068,0.22383716702461243,0.3047572374343872
16QAM-K576,rand,4,400,0.0035807292442768812,0.204861119389534,0.1995583474636078,0.26533010601997375
16QAM-K576,rand,4,425,0.0034722222480922937,0.2052951455116272,0.17952118813991547,0.2408243864774704
16QAM-K576,rand,4,450,0.0032552082557231188,0.2057291716337204,0.1627161055803299,0.22112883627414703
16QAM-K576,rand,4,475,0.0028211805038154125,0.2057291716337204,0.14837618172168732,0.19735652208328247
16QAM-K576,rand,4,500,0.0026041667442768812,0.2057291716337204,0.1359827220439911,0.1791587918996811
16QAM-K576,rand,4,525,0.0024956597480922937,0.2063802033662796,0.1252303421497345,0.1595555692911148
16QAM-K576,rand,4,550,0.0024956597480922937,0.2063802033662796,0.11583113670349121,0.14208024740219116
16QAM-K576,rand,4,575,0.0022786457557231188,0.2063802033662796,0.10754058510065079,0.12969136238098145
16QAM-K576,rand,4,600,0.0022786457557231188,0.2063802033662796,0.10017674416303635,0.1284220963716507
16QAM-K576,rand,4,625,0.002170138992369175,0.206814244389534,0.09360314160585403,0.11397344619035721
16QAM-K576,rand,4,650,0.0020616319961845875,0.206814244389534,0.0876917690038681,0.10384778678417206
16QAM-K576,rand,4,675,0.001953125,0.206814244389534,0.08233871310949326,0.09598890691995621
16QAM-K576,rand,4,700,0.001953125,0.206814244389534,0.0774778500199318,0.08920905739068985
16QAM-K576,rand,4,725,0.001953125,0.206814244389534,0.07305783778429031,0.08326240628957748
16QAM-K576,rand,4,750,0.0018446181202307343,0.206814244389534,0.0690273717045784,0.07800520956516266
16QAM-K576,rand,4,775,0.0018446181202307343,0.206814244389534,0.06533949822187424,0.073369599878788
16QAM-K576,rand,4,800,0.0018446181202307343,0.206814244389534,0.06195457652211189,0.06967459619045258
16QAM-K576,rand,4,825,0.0018446181202307343,0.20703125,0.058838989585638046,0.06535462290048599
16QAM-K576,rand,4,850,0.0018446181202307343,0.20703125,0.05596407130360603,0.06173291429877281
16QAM-K576,rand,4,875,0.0018446181202307343,0.20703125,0.053304772824048996,0.058724336326122284
16QAM-K576,rand,4,900,0.0018446181202307343,0.20703125,0.05083904415369034,0.05688917636871338
16QAM-K576,rand,4,925,0.0018446181202307343,0.2072482705116272,0.048547688871622086,0.05967944115400314
16QAM-K576,rand,4,950,0.0018446181202307343,0.2072482705116272,0.04641398414969444,0.05263074114918709
16QAM-K576,rand,4,975,0.0018446181202307343,0.2074652761220932,0.04442301765084267,0.050285179167985916
16QAM-K576,rand,4,1000,0.0018446181202307343,0.2074652761220932,0.04256165772676468,0.04723278433084488
16QAM-K576,rand,4,1025,0.0018446181202307343,0.2074652761220932,0.04081833362579346,0.04468941688537598
16QAM-K576,rand,4,1050,0.0018446181202307343,0.2074652761220932,0.039182525128126144,0.04259421303868294
16QAM-K576,rand,4,1075,0.001953125,0.2074652761220932,0.03764491155743599,0.04071614891290665
16QAM-K576,rand,4,1100,0.001953125,0.2074652761220932,0.03619730845093727,0.038998186588287354
16QAM-K576,rand,4,1125,0.001953125,0.2074652761220932,0.03483247384428978,0.037419091910123825
16QAM-K576,rand,4,1150,0.001953125,0.2074652761220932,0.033544111996889114,0.035974614322185516
16QAM-K576,rand,4,1175,0.001953125,0.2074652761220932,0.032326698303222656,0.03469341993331909
16QAM-K576,rand,4,1200,0.001953125,0.2074652761220932,0.031174911186099052,0.03372715413570404
16QAM-K576,rand,4,1225,0.001953125,0.2074652761220932,0.03008406050503254,0.03444598242640495
16QAM-K576,rand,4,1250,0.001953125,0.2076822966337204,0.029049718752503395,0.032749783247709274
16QAM-K576,rand,4,1275,0.001953125,0.2076822966337204,0.02806795947253704,0.030448218807578087
16QAM-K576,rand,4,1300,0.001953125,0.2076822966337204,0.02713514305651188,0.02922866679728031
16QAM-K576,rand,4,1325,0.001953125,0.2076822966337204,0.02624787576496601,0.028159230947494507
16QAM-K576,rand,4,1350,0.001953125,0.2076822966337204,0.025403201580047607,0.02803017385303974
16QAM-K576,rand,4,1375,0.001953125,0.2078993022441864,0.02459839917719364,0.02946261316537857
16QAM-K576,rand,4,1400,0.001953125,0.2078993022441864,0.02383081428706646,0.026136161759495735
16QAM-K576,rand,4,1425,0.001953125,0.2078993022441864,0.02309810183942318,0.025104060769081116
16QAM-K576,rand,4,1450,0.001953125,0.2078993022441864,0.022398151457309723,0.02428002469241619
16QAM-K576,rand,4,1475,0.001953125,0.2081163227558136,0.0217289999127388,0.02536136843264103
16QAM-K576,rand,4,1500,0.001953125,0.2081163227558136,0.02108875662088394,0.022763321176171303
16QAM-K576,warm,0,1,0.3046875,0.3055555522441864,9.066411018371582,7.311145305633545
16QAM-K576,warm,0,25,0.1418185830116272,0.1905381977558136,5.338624954223633,4.30766487121582
16QAM-K576,warm,0,50,0.1163194477558136,0.1963975727558136,2.898693084716797,2.5450215339660645
16QAM-K576,warm,0,75,0.0900607630610466,0.179470494389534,1.7612920999526978,1.6847432851791382
16QAM-K576,warm,0,100,0.0813802108168602,0.1712239533662796,1.2430803775787354,1.435547947883606
16QAM-K576,warm,0,125,0.0649956613779068,0.1636284738779068,0.986460268497467,1.905548095703125
16QAM-K576,warm,0,150,0.0472005195915699,0.1586371511220932,0.8239561915397644,2.292513608932495
16QAM-K576,warm,0,175,0.0313585065305233,0.157986119389534,0.6925793886184692,1.8254810571670532
16QAM-K576,warm,0,200,0.01953125,0.158203125,0.5704329609870911,1.2326886653900146
16QAM-K576,warm,0,225,0.012803819961845875,0.1592881977558136,0.4669744670391083,0.9914530515670776
16QAM-K576,warm,0,250,0.009006076492369175,0.1610243022441864,0.38734641671180725,0.7307509779930115
16QAM-K576,warm,0,275,0.00629340298473835,0.1610243022441864,0.3263300955295563,0.5389032959938049
16QAM-K576,warm,0,300,0.0045572915114462376,0.1612413227558136,0.2793348729610443,0.4311598837375641
16QAM-K576,warm,0,325,0.0033637152519077063,0.1614583283662796,0.24268838763237,0.3659723699092865
16QAM-K576,warm,0,350,0.0028211805038154125,0.161892369389534,0.2133815586566925,0.3151302933692932
16QAM-K576,warm,0,375,0.0020616319961845875,0.161892369389534,0.18954437971115112,0.2783338725566864
16QAM-K576,warm,0,400,0.0018446181202307343,0.161892369389534,0.16975916922092438,0.23829585313796997
16QAM-K576,warm,0,425,0.0018446181202307343,0.162109375,0.15319783985614777,0.20666177570819855
16QAM-K576,warm,0,450,0.0017361111240461469,0.1623263955116272,0.13920967280864716,0.1910620927810669
16QAM-K576,warm,0,475,0.0015190972480922937,0.1623263955116272,0.1272348314523697,0.16639158129692078
16QAM-K576,warm,0,500,0.0015190972480922937,0.1623263955116272,0.11687824875116348,0.14958812296390533
16QAM-K576,warm,0,525,0.0014105902519077063,0.1623263955116272,0.1078498363494873,0.1398613005876541
16QAM-K576,warm,0,550,0.0014105902519077063,0.162109375,0.09990774095058441,0.1333310306072235
16QAM-K576,warm,0,575,0.0014105902519077063,0.1623263955116272,0.09287548065185547,0.11973624676465988
16QAM-K576,warm,0,600,0.0014105902519077063,0.1623263955116272,0.08662072569131851,0.10896951705217361
16QAM-K576,warm,0,625,0.0013020833721384406,0.1623263955116272,0.08102913945913315,0.10137329995632172
16QAM-K576,warm,0,650,0.0013020833721384406,0.1623263955116272,0.07600463926792145,0.10867510735988617
16QAM-K576,warm,0,675,0.0011935763759538531,0.162109375,0.07146791368722916,0.09536490589380264
16QAM-K576,warm,0,700,0.0011935763759538531,0.1623263955116272,0.06735184043645859,0.08598726242780685
16QAM-K576,warm,0,725,0.0010850694961845875,0.1627604216337204,0.06359680742025375,0.08481187373399734
16QAM-K576,warm,0,750,0.0009765625,0.1627604216337204,0.06015292927622795,0.07408501952886581
16QAM-K576,warm,0,775,0.0009765625,0.1627604216337204,0.05698570981621742,0.06904993206262589
16QAM-K576,warm,0,800,0.0010850694961845875,0.1627604216337204,0.054069895297288895,0.06478790938854218
16QAM-K576,warm,0,825,0.0010850694961845875,0.1627604216337204,0.05138200521469116,0.06099526211619377
16QAM-K576,warm,0,850,0.0010850694961845875,0.1627604216337204,0.0488998107612133,0.057580411434173584
16QAM-K576,warm,0,875,0.0010850694961845875,0.1627604216337204,0.04660256206989288,0.054483089596033096
16QAM-K576,warm,0,900,0.0010850694961845875,0.1627604216337204,0.044471751898527145,0.05166325718164444
16QAM-K576,warm,0,925,0.0009765625,0.1627604216337204,0.04249023273587227,0.049087315797805786
16QAM-K576,warm,0,950,0.0009765625,0.1627604216337204,0.04064226150512695,0.04674092307686806
16QAM-K576,warm,0,975,0.0010850694961845875,0.1627604216337204,0.03891347721219063,0.04472578316926956
16QAM-K576,warm,0,1000,0.0010850694961845875,0.1629774272441864,0.03729291260242462,0.053261201828718185
16QAM-K576,warm,0,1025,0.0010850694961845875,0.1629774272441864,0.03577231243252754,0.04175214096903801
16QAM-K576,warm,0,1050,0.0010850694961845875,0.1629774272441864,0.034344349056482315,0.043576259166002274
16QAM-K576,warm,0,1075,0.0010850694961845875,0.1631944477558136,0.03300230950117111,0.03883429989218712
16QAM-K576,warm,0,1100,0.0011935763759538531,0.1631944477558136,0.03173903375864029,0.03679993376135826
16QAM-K576,warm,0,1125,0.0011935763759538531,0.1631944477558136,0.03054768592119217,0.03520837053656578
16QAM-K576,warm,0,1150,0.0011935763759538531,0.1631944477558136,0.02942257560789585,0.03374470770359039
16QAM-K576,warm,0,1175,0.0011935763759538531,0.1631944477558136,0.028358956798911095,0.03238290548324585
16QAM-K576,warm,0,1200,0.0011935763759538531,0.1631944477558136,0.027353087440133095,0.031110750511288643
16QAM-K576,warm,0,1225,0.0011935763759538531,0.1631944477558136,0.026400215923786163,0.029918938875198364
16QAM-K576,warm,0,1250,0.0011935763759538531,0.1631944477558136,0.02549683302640915,0.02879946120083332
16QAM-K576,warm,0,1275,0.0011935763759538531,0.1631944477558136,0.024638986214995384,0.027745446190238
16QAM-K576,warm,0,1300,0.0011935763759538531,0.1631944477558136,0.023824069648981094,0.026752054691314697
16QAM-K576,warm,0,1325,0.0011935763759538531,0.1631944477558136,0.02304905466735363,0.025813128799200058
16QAM-K576,warm,0,1350,0.0011935763759538531,0.1631944477558136,0.022311072796583176,0.02492590807378292
16QAM-K576,warm,0,1375,0.0011935763759538531,0.1631944477558136,0.02160775102674961,0.024086274206638336
16QAM-K576,warm,0,1400,0.0011935763759538531,0.1631944477558136,0.020936889573931694,0.023289749398827553
16QAM-K576,warm,0,1425,0.0010850694961845875,0.1631944477558136,0.02029658667743206,0.022534295916557312
16QAM-K576,warm,0,1450,0.0010850694961845875,0.1631944477558136,0.01968434825539589,0.021817972883582115
16QAM-K576,warm,0,1475,0.0010850694961845875,0.1631944477558136,0.019098788499832153,0.02113843895494938
16QAM-K576,warm,0,1500,0.0010850694961845875,0.1631944477558136,0.018538471311330795,0.020495587959885597
16QAM-K576,warm,1,1,0.293511301279068,0.3038194477558136,9.05322551727295,7.305806636810303
16QAM-K576,warm,1,25,0.1436631977558136,0.189453125,5.266394138336182,4.383444309234619
16QAM-K576,warm,1,50,0.1154513880610466,0.1916232705116272,2.8837788105010986,2.5193376541137695
16QAM-K576,warm,1,75,0.0884331613779068,0.1744791716337204,1.7607710361480713,1.664915919303894
16QAM-K576,warm,1,100,0.079969622194767,0.1631944477558136,1.2439560890197754,1.5102030038833618
16QAM-K576,warm,1,125,0.0627170130610466,0.1529947966337204,0.9874903559684753,2.038771390914917
16QAM-K576,warm,1,150,0.0432942695915699,0.1508246511220932,0.8237400054931641,2.3169267177581787
16QAM-K576,warm,1,175,0.02788628451526165,0.1499565988779068,0.6870076060295105,1.905070185661316
16QAM-K576,warm,1,200,0.0185546875,0.1508246511220932,0.5634979605674744,1.3218833208084106
16QAM-K576,warm,1,225,0.012369791977107525,0.1516927033662796,0.45956578850746155,0.8984459638595581
16QAM-K576,warm,1,250,0.008897569961845875,0.1525607705116272,0.37995558977127075,0.7207988500595093
16QAM-K576,warm,1,275,0.006618923507630825,0.1532118022441864,0.32070136070251465,0.5553572177886963
16QAM-K576,warm,1,300,0.0047743055038154125,0.154079869389534,0.2749767005443573,0.46036168932914734
16QAM-K576,warm,1,325,0.00390625,0.1545138955116272,0.23892195522785187,0.3658394515514374
16QAM-K576,warm,1,350,0.0032552082557231188,0.1549479216337204,0.21017657220363617,0.30879098176956177
16QAM-K576,warm,1,375,0.003146701492369175,0.1547309011220932,0.18683750927448273,0.2756362557411194
16QAM-K576,warm,1,400,0.0030381944961845875,0.1549479216337204,0.16757437586784363,0.2367975413799286
16QAM-K576,warm,1,425,0.0028211805038154125,0.1549479216337204,0.1514531522989273,0.2090635895729065
16QAM-K576,warm,1,450,0.0023871527519077063,0.1551649272441864,0.13778892159461975,0.18454039096832275
16QAM-K576,warm,1,475,0.0023871527519077063,0.1555989533662796,0.1260502189397812,0.1708730012178421
16QAM-K576,warm,1,500,0.0022786457557231188,0.156032994389534,0.11584888398647308,0.165483295917511
16QAM-K576,warm,1,525,0.0022786457557231188,0.1558159738779068,0.10692015290260315,0.14131774008274078
16QAM-K576,warm,1,550,0.002170138992369175,0.1558159738779068,0.09906581044197083,0.1283414512872696
16QAM-K576,warm,1,575,0.0020616319961845875,0.1558159738779068,0.0921073779463768,0.11989940702915192
16QAM-K576,warm,1,600,0.002170138992369175,0.1558159738779068,0.08589684963226318,0.11329219490289688
16QAM-K576,warm,1,625,0.002170138992369175,0.156032994389534,0.08033111691474915,0.1155913695693016
16QAM-K576,warm,1,650,0.002170138992369175,0.15625,0.07532797753810883,0.10396216809749603
16QAM-K576,warm,1,675,0.002170138992369175,0.1564670205116272,0.07081017643213272,0.09175022691488266
16QAM-K576,warm,1,700,0.001953125,0.1564670205116272,0.06670729070901871,0.08385515958070755
16QAM-K576,warm,1,725,0.001953125,0.1564670205116272,0.06296335905790329,0.07800416648387909
16QAM-K576,warm,1,750,0.001953125,0.1564670205116272,0.05953866243362427,0.07291236519813538
16QAM-K576,warm,1,775,0.001953125,0.1564670205116272,0.056400470435619354,0.06839559972286224
16QAM-K576,warm,1,800,0.001953125,0.1564670205116272,0.05351719632744789,0.06434927135705948
16QAM-K576,warm,1,825,0.001953125,0.1564670205116272,0.05086061730980873,0.060700416564941406
16QAM-K576,warm,1,850,0.001953125,0.1564670205116272,0.04840632900595665,0.05739078298211098
16QAM-K576,warm,1,875,0.001953125,0.1564670205116272,0.046133000403642654,0.054374415427446365
16QAM-K576,warm,1,900,0.001953125,0.1564670205116272,0.04402227699756622,0.051615163683891296
16QAM-K576,warm,1,925,0.0018446181202307343,0.1564670205116272,0.042058125138282776,0.049082089215517044
16QAM-K576,warm,1,950,0.0018446181202307343,0.1564670205116272,0.04022663086652756,0.046749502420425415
16QAM-K576,warm,1,975,0.0018446181202307343,0.1564670205116272,0.03851523995399475,0.044598598033189774
16QAM-K576,warm,1,1000,0.0018446181202307343,0.1564670205116272,0.03691355511546135,0.04261277988553047
16QAM-K576,warm,1,1025,0.0018446181202307343,0.1564670205116272,0.03541206195950508,0.040781669318675995
16QAM-K576,warm,1,1050,0.0018446181202307343,0.1564670205116272,0.03400203958153725,0.03910886496305466
16QAM-K576,warm,1,1075,0.0018446181202307343,0.1564670205116272,0.03267623484134674,0.03763820603489876
16QAM-K576,warm,1,1100,0.0018446181202307343,0.1564670205116272,0.03142799809575081,0.03670838102698326
16QAM-K576,warm,1,1125,0.0018446181202307343,0.1566840261220932,0.03025086410343647,0.043937571346759796
16QAM-K576,warm,1,1150,0.0018446181202307343,0.1566840261220932,0.029139257967472076,0.034226298332214355
16QAM-K576,warm,1,1175,0.0018446181202307343,0.1566840261220932,0.02808820642530918,0.03262287378311157
16QAM-K576,warm,1,1200,0.0018446181202307343,0.1566840261220932,0.02709392085671425,0.03132295981049538
16QAM-K576,warm,1,1225,0.0018446181202307343,0.1566840261220932,0.026151461526751518,0.030120141804218292
16QAM-K576,warm,1,1250,0.0018446181202307343,0.1566840261220932,0.025257540866732597,0.028994372114539146
16QAM-K576,warm,1,1275,0.0018446181202307343,0.1566840261220932,0.024408381432294846,0.027936050668358803
16QAM-K576,warm,1,1300,0.0018446181202307343,0.1566840261220932,0.02360142208635807,0.026938509196043015
16QAM-K576,warm,1,1325,0.0018446181202307343,0.1566840261220932,0.02283361554145813,0.02599678374826908
16QAM-K576,warm,1,1350,0.0018446181202307343,0.1566840261220932,0.022102488204836845,0.025106463581323624
16QAM-K576,warm,1,1375,0.0018446181202307343,0.1566840261220932,0.021405450999736786,0.02426316775381565
16QAM-K576,warm,1,1400,0.0018446181202307343,0.1566840261220932,0.020740699023008347,0.023462431505322456
16QAM-K576,warm,1,1425,0.0018446181202307343,0.1566840261220932,0.02010614424943924,0.02270282246172428
16QAM-K576,warm,1,1450,0.0018446181202307343,0.1566840261220932,0.01949946954846382,0.021980557590723038
16QAM-K576,warm,1,1475,0.0018446181202307343,0.1566840261220932,0.01891930401325226,0.021292507648468018
16QAM-K576,warm,1,1500,0.0018446181202307343,0.1566840261220932,0.018364250659942627,0.020637141540646553
16QAM-K576,warm,2,1,0.3029513955116272,0.2955729067325592,9.23856258392334,7.361021518707275
16QAM-K576,warm,2,25,0.148220494389534,0.1896701455116272,5.421751976013184,4.392367839813232
16QAM-K576,warm,2,50,0.1217447891831398,0.1840277761220932,2.95198392868042,2.581383228302002
16QAM-K576,warm,2,75,0.0951605886220932,0.169704869389534,1.8053057193756104,1.7274689674377441
16QAM-K576,warm,2,100,0.084852434694767,0.16015625,1.2808910608291626,1.505980134010315
16QAM-K576,warm,2,125,0.06640625,0.1516927033662796,1.0201609134674072,2.1220386028289795
16QAM-K576,warm,2,150,0.0472005195915699,0.1490885466337204,0.8526850342750549,2.305511713027954
16QAM-K576,warm,2,175,0.0324435755610466,0.1490885466337204,0.7135968208312988,1.764294981956482
16QAM-K576,warm,2,200,0.0203993059694767,0.1510416716337204,0.5866675972938538,1.277936577796936
16QAM-K576,warm,2,225,0.0125868059694767,0.1514756977558136,0.47884878516197205,0.9553188681602478
16QAM-K576,warm,2,250,0.008897569961845875,0.1532118022441864,0.39475902915000916,0.7048928141593933
16QAM-K576,warm,2,275,0.006618923507630825,0.1532118022441864,0.3315996527671814,0.5421119332313538
16QAM-K576,warm,2,300,0.00531684048473835,0.1536458283662796,0.28378239274024963,0.4242793321609497
16QAM-K576,warm,2,325,0.004665798507630825,0.1538628488779068,0.24662023782730103,0.3573641777038574
16QAM-K576,warm,2,350,0.0037977430038154125,0.154079869389534,0.21720363199710846,0.3077313005924225
16QAM-K576,warm,2,375,0.003146701492369175,0.1545138955116272,0.1932663917541504,0.2768617570400238
16QAM-K576,warm,2,400,0.0027126737404614687,0.1547309011220932,0.173375204205513,0.2441110610961914
16QAM-K576,warm,2,425,0.0024956597480922937,0.1549479216337204,0.1566832959651947,0.22502300143241882
16QAM-K576,warm,2,450,0.0022786457557231188,0.1551649272441864,0.14249545335769653,0.20101146399974823
16QAM-K576,warm,2,475,0.0018446181202307343,0.156032994389534,0.13026617467403412,0.18244107067584991
16QAM-K576,warm,2,500,0.001953125,0.156032994389534,0.11963275820016861,0.1546233892440796
16QAM-K576,warm,2,525,0.0018446181202307343,0.156032994389534,0.11035183072090149,0.1389179825782776
16QAM-K576,warm,2,550,0.0017361111240461469,0.156032994389534,0.10220354050397873,0.12635882198810577
16QAM-K576,warm,2,575,0.0017361111240461469,0.156032994389534,0.0950014740228653,0.1160430759191513
16QAM-K576,warm,2,600,0.0017361111240461469,0.156032994389534,0.08859305083751678,0.10884775966405869
16QAM-K576,warm,2,625,0.0016276041278615594,0.15625,0.08284985274076462,0.10515443235635757
16QAM-K576,warm,2,650,0.0016276041278615594,0.15625,0.07767412811517715,0.09431508183479309
16QAM-K576,warm,2,675,0.0016276041278615594,0.1564670205116272,0.07299759238958359,0.087893545627594
16QAM-K576,warm,2,700,0.0016276041278615594,0.1564670205116272,0.06875983625650406,0.0810164362192154
16QAM-K576,warm,2,725,0.0015190972480922937,0.1564670205116272,0.06490246206521988,0.07578276097774506
16QAM-K576,warm,2,750,0.0014105902519077063,0.1564670205116272,0.0613737516105175,0.0719858929514885
16QAM-K576,warm,2,775,0.0014105902519077063,0.1564670205116272,0.05813531205058098,0.06717734783887863
16QAM-K576,warm,2,800,0.0014105902519077063,0.1564670205116272,0.05515789985656738,0.06367616355419159
16QAM-K576,warm,2,825,0.0014105902519077063,0.1564670205116272,0.05241486057639122,0.06902449578046799
16QAM-K576,warm,2,850,0.0014105902519077063,0.1564670205116272,0.04988159239292145,0.061746079474687576
16QAM-K576,warm,2,875,0.0014105902519077063,0.1566840261220932,0.04753543436527252,0.05608344078063965
16QAM-K576,warm,2,900,0.0015190972480922937,0.1566840261220932,0.04535689577460289,0.05292677879333496
16QAM-K576,warm,2,925,0.0015190972480922937,0.1566840261220932,0.04332929477095604,0.05227229371666908
16QAM-K576,warm,2,950,0.0014105902519077063,0.1569010466337204,0.041438646614551544,0.05181189253926277
16QAM-K576,warm,2,975,0.0014105902519077063,0.1569010466337204,0.03967220336198807,0.04706686735153198
16QAM-K576,warm,2,1000,0.0015190972480922937,0.1569010466337204,0.03801855817437172,0.04460972920060158
16QAM-K576,warm,2,1025,0.0015190972480922937,0.1569010466337204,0.036467574536800385,0.042466867715120316
16QAM-K576,warm,2,1050,0.0015190972480922937,0.1569010466337204,0.035010576248168945,0.04053157940506935
16QAM-K576,warm,2,1075,0.0015190972480922937,0.1569010466337204,0.03364067152142525,0.03878617286682129
16QAM-K576,warm,2,1100,0.0015190972480922937,0.1569010466337204,0.032351136207580566,0.037319887429475784
16QAM-K576,warm,2,1125,0.0015190972480922937,0.1571180522441864,0.03113550692796707,0.03632581979036331
16QAM-K576,warm,2,1150,0.0015190972480922937,0.1571180522441864,0.029987897723913193,0.0344400592148304
16QAM-K576,warm,2,1175,0.0015190972480922937,0.1571180522441864,0.02890314720571041,0.033486802130937576
16QAM-K576,warm,2,1200,0.0015190972480922937,0.1573350727558136,0.02787727862596512,0.032270874828100204
16QAM-K576,warm,2,1225,0.0015190972480922937,0.1573350727558136,0.026905246078968048,0.030701041221618652
16QAM-K576,warm,2,1250,0.0015190972480922937,0.1573350727558136,0.02598341926932335,0.02943364530801773
16QAM-K576,warm,2,1275,0.0015190972480922937,0.1573350727558136,0.025107985362410545,0.028305107727646828
16QAM-K576,warm,2,1300,0.0015190972480922937,0.1573350727558136,0.024276187643408775,0.027260368689894676
16QAM-K576,warm,2,1325,0.0015190972480922937,0.1573350727558136,0.023485029116272926,0.02628372050821781
16QAM-K576,warm,2,1350,0.0015190972480922937,0.1573350727558136,0.02273174189031124,0.025367844849824905
16QAM-K576,warm,2,1375,0.0015190972480922937,0.1573350727558136,0.022013673558831215,0.02450942061841488
16QAM-K576,warm,2,1400,0.0015190972480922937,0.1573350727558136,0.021328993141651154,0.023728808388113976
16QAM-K576,warm,2,1425,0.0015190972480922937,0.1573350727558136,0.020675549283623695,0.023786628618836403
16QAM-K576,warm,2,1450,0.0015190972480922937,0.1575520783662796,0.020050952211022377,0.022709304466843605
16QAM-K576,warm,2,1475,0.0015190972480922937,0.1575520783662796,0.019453713670372963,0.021626217290759087
16QAM-K576,warm,2,1500,0.0015190972480922937,0.1575520783662796,0.018882419914007187,0.02091909758746624
16QAM-K576,warm,3,1,0.3060981035232544,0.3075086772441864,9.006650924682617,7.293544292449951
16QAM-K576,warm,3,25,0.1467013955116272,0.193142369389534,5.230233192443848,4.319638729095459
16QAM-K576,warm,3,50,0.1205512136220932,0.1922743022441864,2.881276845932007,2.539260149002075
16QAM-K576,warm,3,75,0.0871310755610466,0.1788194477558136,1.764308214187622,1.690758228302002
16QAM-K576,warm,3,100,0.0772569477558136,0.1714409738779068,1.2381447553634644,1.425587773323059
16QAM-K576,warm,3,125,0.0613064244389534,0.163845494389534,0.9764472246170044,1.80042564868927
16QAM-K576,warm,3,150,0.0441623255610466,0.1616753488779068,0.8116458654403687,2.1803979873657227
16QAM-K576,warm,3,175,0.0294053815305233,0.1605902761220932,0.6774163842201233,1.9463903903961182
16QAM-K576,warm,3,200,0.0176866315305233,0.1625434011220932,0.5558788776397705,1.4150680303573608
16QAM-K576,warm,3,225,0.012044270522892475,0.1634114533662796,0.4540664851665497,1.0230228900909424
16QAM-K576,warm,3,250,0.008897569961845875,0.1642795205116272,0.37618258595466614,0.7198939919471741
16QAM-K576,warm,3,275,0.006618923507630825,0.1651475727558136,0.3172835409641266,0.5618085861206055
16QAM-K576,warm,3,300,0.00531684048473835,0.1649305522441864,0.271963506937027,0.45094606280326843
16QAM-K576,warm,3,325,0.005099826492369175,0.165798619389534,0.2366318255662918,0.39257192611694336
16QAM-K576,warm,3,350,0.004665798507630825,0.1662326455116272,0.20855335891246796,0.3255715072154999
16QAM-K576,warm,3,375,0.0042317709885537624,0.1671006977558136,0.18567858636379242,0.29312434792518616
16QAM-K576,warm,3,400,0.0035807292442768812,0.1671006977558136,0.1667645424604416,0.23866987228393555
16QAM-K576,warm,3,425,0.003146701492369175,0.1673177033662796,0.15080483257770538,0.21529504656791687
16QAM-K576,warm,3,450,0.0029296875,0.1673177033662796,0.13713152706623077,0.18762941658496857
16QAM-K576,warm,3,475,0.0029296875,0.1675347238779068,0.1253637820482254,0.1724495142698288
16QAM-K576,warm,3,500,0.0029296875,0.16796875,0.11519895493984222,0.16023726761341095
16QAM-K576,warm,3,525,0.0026041667442768812,0.16796875,0.1063343808054924,0.13911499083042145
16QAM-K576,warm,3,550,0.0026041667442768812,0.16796875,0.09851691126823425,0.12811334431171417
16QAM-K576,warm,3,575,0.0024956597480922937,0.1681857705116272,0.09158708155155182,0.12425950169563293
16QAM-K576,warm,3,600,0.0024956597480922937,0.1681857705116272,0.08541960269212723,0.10923931747674942
16QAM-K576,warm,3,625,0.0023871527519077063,0.1684027761220932,0.07989636808633804,0.10339812189340591
16QAM-K576,warm,3,650,0.0023871527519077063,0.1684027761220932,0.07492142170667648,0.09465791285037994
16QAM-K576,warm,3,675,0.0022786457557231188,0.1686197966337204,0.070424385368824,0.09039141982793808
16QAM-K576,warm,3,700,0.002170138992369175,0.1686197966337204,0.06634540110826492,0.0843496322631836
16QAM-K576,warm,3,725,0.002170138992369175,0.1688368022441864,0.06263228505849838,0.07936593145132065
16QAM-K576,warm,3,750,0.002170138992369175,0.1688368022441864,0.05924026295542717,0.07271341234445572
16QAM-K576,warm,3,775,0.0022786457557231188,0.1688368022441864,0.05612952262163162,0.07272849231958389
16QAM-K576,warm,3,800,0.0022786457557231188,0.1688368022441864,0.05326491966843605,0.06637684255838394
16QAM-K576,warm,3,825,0.0022786457557231188,0.1688368022441864,0.05062084645032883,0.06117231398820877
16QAM-K576,warm,3,850,0.0022786457557231188,0.1688368022441864,0.048177242279052734,0.057571131736040115
16QAM-K576,warm,3,875,0.0022786457557231188,0.1688368022441864,0.045914988964796066,0.05441790819168091
16QAM-K576,warm,3,900,0.0022786457557231188,0.1688368022441864,0.043816182762384415,0.05158394202589989
16QAM-K576,warm,3,925,0.0022786457557231188,0.1688368022441864,0.04186435416340828,0.049016233533620834
16QAM-K576,warm,3,950,0.0022786457557231188,0.1688368022441864,0.04004397243261337,0.046680111438035965
16QAM-K576,warm,3,975,0.002170138992369175,0.1688368022441864,0.038341131061315536,0.04456301033496857
16QAM-K576,warm,3,1000,0.002170138992369175,0.1688368022441864,0.036745086312294006,0.042691461741924286
16QAM-K576,warm,3,1025,0.002170138992369175,0.1688368022441864,0.035247642546892166,0.04127444326877594
16QAM-K576,warm,3,1050,0.002170138992369175,0.1688368022441864,0.033841513097286224,0.04158414155244827
16QAM-K576,warm,3,1075,0.002170138992369175,0.1686197966337204,0.0325198695063591,0.038017693907022476
16QAM-K576,warm,3,1100,0.002170138992369175,0.1686197966337204,0.031275976449251175,0.036285750567913055
16QAM-K576,warm,3,1125,0.002170138992369175,0.1686197966337204,0.030103350058197975,0.035191819071769714
16QAM-K576,warm,3,1150,0.002170138992369175,0.1688368022441864,0.02899634838104248,0.037087295204401016
16QAM-K576,warm,3,1175,0.002170138992369175,0.1688368022441864,0.027949916198849678,0.0328032411634922
16QAM-K576,warm,3,1200,0.002170138992369175,0.1688368022441864,0.026959968730807304,0.03125184401869774
16QAM-K576,warm,3,1225,0.002170138992369175,0.1688368022441864,0.026021912693977356,0.029970267787575722
16QAM-K576,warm,3,1250,0.002170138992369175,0.1688368022441864,0.025132251903414726,0.02880755439400673
16QAM-K576,warm,3,1275,0.002170138992369175,0.1688368022441864,0.024287203326821327,0.027731716632843018
16QAM-K576,warm,3,1300,0.002170138992369175,0.1688368022441864,0.023484205827116966,0.026728913187980652
16QAM-K576,warm,3,1325,0.002170138992369175,0.1688368022441864,0.022720227017998695,0.025790657848119736
16QAM-K576,warm,3,1350,0.002170138992369175,0.1688368022441864,0.021992776542901993,0.0249128807336092
16QAM-K576,warm,3,1375,0.002170138992369175,0.1688368022441864,0.021299362182617188,0.02409929409623146
16QAM-K576,warm,3,1400,0.002170138992369175,0.1688368022441864,0.020638039335608482,0.02336236834526062
16QAM-K576,warm,3,1425,0.002170138992369175,0.1688368022441864,0.020006857812404633,0.022776160389184952
16QAM-K576,warm,3,1450,0.002170138992369175,0.1688368022441864,0.019403519108891487,0.022638877853751183
16QAM-K576,warm,3,1475,0.002170138992369175,0.1690538227558136,0.018826641142368317,0.021617261692881584
16QAM-K576,warm,3,1500,0.002170138992369175,0.1690538227558136,0.018274791538715363,0.020757826045155525
16QAM-K576,warm,4,1,0.3050130307674408,0.2916666567325592,9.202488899230957,7.385416030883789
16QAM-K576,warm,4,25,0.1469184011220932,0.1864149272441864,5.407830715179443,4.4433274269104
16QAM-K576,warm,4,50,0.1216362863779068,0.1868489533662796,2.948622941970825,2.5740721225738525
16QAM-K576,warm,4,75,0.0925564244389534,0.1720920205116272,1.805473804473877,1.6914587020874023
16QAM-K576,warm,4,100,0.0827907994389534,0.1616753488779068,1.281018853187561,1.54314386844635
16QAM-K576,warm,4,125,0.064453125,0.1549479216337204,1.0196181535720825,2.141343832015991
16QAM-K576,warm,4,150,0.0437282994389534,0.1510416716337204,0.8482790589332581,2.265230178833008
16QAM-K576,warm,4,175,0.029296875,0.1519097238779068,0.7076036334037781,1.7721816301345825
16QAM-K576,warm,4,200,0.01822916604578495,0.1534288227558136,0.5800269246101379,1.361591100692749
16QAM-K576,warm,4,225,0.0125868059694767,0.154296875,0.47249042987823486,0.9785429835319519
16QAM-K576,warm,4,250,0.008897569961845875,0.1553819477558136,0.390848845243454,0.7515153288841248
16QAM-K576,warm,4,275,0.0069444444961845875,0.156032994389534,0.329526424407959,0.588719367980957
16QAM-K576,warm,4,300,0.0055338540114462376,0.15625,0.28218552470207214,0.4613533020019531
16QAM-K576,warm,4,325,0.0042317709885537624,0.1571180522441864,0.24516582489013672,0.38154855370521545
16QAM-K576,warm,4,350,0.0034722222480922937,0.1573350727558136,0.21575181186199188,0.31721845269203186
16QAM-K576,warm,4,375,0.0032552082557231188,0.1577690988779068,0.19181592762470245,0.2753700315952301
16QAM-K576,warm,4,400,0.0027126737404614687,0.157986119389534,0.17200489342212677,0.2347719967365265
16QAM-K576,warm,4,425,0.0024956597480922937,0.157986119389534,0.1553671956062317,0.20563547313213348
16QAM-K576,warm,4,450,0.002170138992369175,0.158203125,0.14121770858764648,0.18974457681179047
16QAM-K576,warm,4,475,0.0020616319961845875,0.1584201455116272,0.1290362924337387,0.1660660058259964
16QAM-K576,warm,4,500,0.0020616319961845875,0.1584201455116272,0.11848092079162598,0.14919626712799072
16QAM-K576,warm,4,525,0.0020616319961845875,0.1584201455116272,0.10928192734718323,0.13549716770648956
16QAM-K576,warm,4,550,0.0020616319961845875,0.1584201455116272,0.1012120321393013,0.1259504109621048
16QAM-K576,warm,4,575,0.0020616319961845875,0.1586371511220932,0.09408161789178848,0.11518486589193344
16QAM-K576,warm,4,600,0.0020616319961845875,0.1586371511220932,0.08773970603942871,0.10566786676645279
16QAM-K576,warm,4,625,0.0020616319961845875,0.1586371511220932,0.08206655085086823,0.09774479269981384
16QAM-K576,warm,4,650,0.0020616319961845875,0.1586371511220932,0.07696574181318283,0.090812548995018
16QAM-K576,warm,4,675,0.0020616319961845875,0.1586371511220932,0.07235877960920334,0.08468218892812729
16QAM-K576,warm,4,700,0.0020616319961845875,0.1586371511220932,0.0681808739900589,0.07922385632991791
16QAM-K576,warm,4,725,0.0020616319961845875,0.1586371511220932,0.06437785178422928,0.07433845102787018
16QAM-K576,warm,4,750,0.001953125,0.1586371511220932,0.06090337783098221,0.06994950771331787
16QAM-K576,warm,4,775,0.001953125,0.1586371511220932,0.057717401534318924,0.06600359827280045
16QAM-K576,warm,4,800,0.0018446181202307343,0.1586371511220932,0.05478394031524658,0.06249206140637398
16QAM-K576,warm,4,825,0.0018446181202307343,0.1586371511220932,0.05207289010286331,0.05961478501558304
16QAM-K576,warm,4,850,0.0017361111240461469,0.1588541716337204,0.04956235736608505,0.06018064543604851
16QAM-K576,warm,4,875,0.0017361111240461469,0.1590711772441864,0.04723455384373665,0.055245738476514816
16QAM-K576,warm,4,900,0.0017361111240461469,0.1590711772441864,0.04507299140095711,0.05168619379401207
16QAM-K576,warm,4,925,0.0017361111240461469,0.1590711772441864,0.043062057346105576,0.04908086359500885
16QAM-K576,warm,4,950,0.0017361111240461469,0.1590711772441864,0.04118739068508148,0.046732816845178604
16QAM-K576,warm,4,975,0.0017361111240461469,0.1590711772441864,0.03943626210093498,0.04458089545369148
16QAM-K576,warm,4,1000,0.0017361111240461469,0.1590711772441864,0.037797726690769196,0.042601291090250015
16QAM-K576,warm,4,1025,0.0017361111240461469,0.1590711772441864,0.036261748522520065,0.04078793525695801
16QAM-K576,warm,4,1050,0.0016276041278615594,0.1590711772441864,0.03481905534863472,0.039172932505607605
16QAM-K576,warm,4,1075,0.0016276041278615594,0.1590711772441864,0.033462319523096085,0.03811086714267731
16QAM-K576,warm,4,1100,0.0016276041278615594,0.1592881977558136,0.032184403389692307,0.03777359426021576
16QAM-K576,warm,4,1125,0.0016276041278615594,0.1592881977558136,0.030979109928011894,0.035234153270721436
16QAM-K576,warm,4,1150,0.0016276041278615594,0.1595052033662796,0.02984071522951126,0.03452963009476662
16QAM-K576,warm,4,1175,0.0016276041278615594,0.1595052033662796,0.02876429446041584,0.03241093456745148
16QAM-K576,warm,4,1200,0.0016276041278615594,0.1595052033662796,0.027746064588427544,0.031097764149308205
16QAM-K576,warm,4,1225,0.0016276041278615594,0.1595052033662796,0.02678113803267479,0.02989545837044716
16QAM-K576,warm,4,1250,0.0016276041278615594,0.1595052033662796,0.02586609125137329,0.028774410486221313
16QAM-K576,warm,4,1275,0.0016276041278615594,0.1595052033662796,0.024996889755129814,0.027723414823412895
16QAM-K576,warm,4,1300,0.0015190972480922937,0.1595052033662796,0.024170733988285065,0.026735279709100723
16QAM-K576,warm,4,1325,0.0015190972480922937,0.1595052033662796,0.02338436245918274,0.02580423839390278
16QAM-K576,warm,4,1350,0.0015190972480922937,0.1595052033662796,0.0226352009922266,0.024922894313931465
16QAM-K576,warm,4,1375,0.0015190972480922937,0.1595052033662796,0.02192077413201332,0.024088816717267036
16QAM-K576,warm,4,1400,0.0015190972480922937,0.1595052033662796,0.021239424124360085,0.023297199979424477
16QAM-K576,warm,4,1425,0.0015190972480922937,0.1595052033662796,0.020589260384440422,0.022545011714100838
16QAM-K576,warm,4,1450,0.0015190972480922937,0.1595052033662796,0.019967876374721527,0.02183019556105137
16QAM-K576,warm,4,1475,0.0015190972480922937,0.1595052033662796,0.019373858347535133,0.021149901673197746
16QAM-K576,warm,4,1500,0.0015190972480922937,0.1595052033662796,0.01880570873618126,0.020500795915722847
