snr_db,window,stat,cond,alpha,n_seeds,tpr_mean,tpr_lo,tpr_hi,realised_fpr_mean
5.0,1,resid,DS200,0.01,5,0.19541666666666666,0.04205574671944062,0.3487775866138927,0.02354166666666667
5.0,1,resid,DS200,0.05,5,0.35124999999999995,0.2349611837069186,0.4675388162930813,0.05333333333333333
5.0,1,resid,DS200,0.1,5,0.46229166666666666,0.36486764792944415,0.5597156854038892,0.08854166666666667
5.0,1,resid,DS300,0.01,5,0.6647916666666667,0.522701801573627,0.8068815317597063,0.02354166666666667
5.0,1,resid,DS300,0.05,5,0.8216666666666667,0.7601152297429797,0.8832181035903536,0.05333333333333333
5.0,1,resid,DS300,0.1,5,0.8897916666666665,0.8546978371049229,0.9248854962284102,0.08854166666666667
5.0,1,resid,DS600,0.01,5,0.9914583333333333,0.9831563575159398,0.9997603091507269,0.02354166666666667
5.0,1,resid,DS600,0.05,5,0.9979166666666666,0.9951729509382756,1.0006603823950575,0.05333333333333333
5.0,1,resid,DS600,0.1,5,0.9997916666666666,0.9992132406030837,1.0003700927302495,0.08854166666666667
5.0,1,resid,DS1000,0.01,5,1.0,1.0,1.0,0.02354166666666667
5.0,1,resid,DS1000,0.05,5,1.0,1.0,1.0,0.05333333333333333
5.0,1,resid,DS1000,0.1,5,1.0,1.0,1.0,0.08854166666666667
5.0,1,resid,CDLA,0.01,5,0.010208333333333335,-0.013839865040323996,0.03425653170699067,0.02354166666666667
5.0,1,resid,CDLA,0.05,5,0.021041666666666667,-0.009420580591984373,0.05150391392531771,0.05333333333333333
5.0,1,resid,CDLA,0.1,5,0.034583333333333334,-0.00023532132798829292,0.06940198799465497,0.08854166666666667
5.0,1,resid,CDLB,0.01,5,0.16875,0.026849813560087116,0.31065018643991293,0.02354166666666667
5.0,1,resid,CDLB,0.05,5,0.281875,0.15750129032688417,0.40624870967311577,0.05333333333333333
5.0,1,resid,CDLB,0.1,5,0.37229166666666663,0.2539452134504203,0.49063811988291295,0.08854166666666667
5.0,1,resid,CDLD,0.01,5,0.15062500000000004,-0.2639642768838577,0.5652142768838578,0.02354166666666667
5.0,1,resid,CDLD,0.05,5,0.18333333333333332,-0.30040950527479926,0.6670761719414658,0.05333333333333333
5.0,1,resid,CDLD,0.1,5,0.20729166666666665,-0.30187771190725077,0.7164610452405841,0.08854166666666667
5.0,1,resid,CDLE,0.01,5,0.15854166666666664,-0.2607099076904443,0.5777932410237776,0.02354166666666667
5.0,1,resid,CDLE,0.05,5,0.20208333333333334,-0.26518057578004534,0.669347242446712,0.05333333333333333
5.0,1,resid,CDLE,0.1,5,0.2402083333333333,-0.2433906224067141,0.7238072890733807,0.08854166666666667
5.0,1,resid,S2,0.01,5,1.0,1.0,1.0,0.02354166666666667
5.0,1,resid,S2,0.05,5,1.0,1.0,1.0,0.05333333333333333
5.0,1,resid,S2,0.1,5,1.0,1.0,1.0,0.08854166666666667
5.0,1,resid,V30,0.01,5,0.023541666666666666,-0.007373028464659578,0.05445636179799291,0.02354166666666667
5.0,1,resid,V30,0.05,5,0.058125,0.030034090919499927,0.08621590908050009,0.05333333333333333
5.0,1,resid,V30,0.1,5,0.09125,0.06108853323699344,0.12141146676300656,0.08854166666666667
5.0,1,resid,V90,0.01,5,0.03,-0.016132878285171147,0.07613287828517115,0.02354166666666667
5.0,1,resid,V90,0.05,5,0.065625,0.027420407319577324,0.10382959268042269,0.05333333333333333
5.0,1,resid,V90,0.1,5,0.10999999999999999,0.07133188236283135,0.14866811763716864,0.08854166666666667
5.0,1,resid,V150,0.01,5,0.03604166666666667,-0.007634289166592728,0.07971762249992607,0.02354166666666667
5.0,1,resid,V150,0.05,5,0.09166666666666667,0.05632819508219007,0.1270051382511433,0.05333333333333333
5.0,1,resid,V150,0.1,5,0.15729166666666666,0.116014167942418,0.19856916539091532,0.08854166666666667
5.0,1,resid,V250,0.01,5,0.11354166666666665,-0.00764860180620322,0.23473193513953652,0.02354166666666667
5.0,1,resid,V250,0.05,5,0.23937500000000003,0.13929141061976805,0.339458589380232,0.05333333333333333
5.0,1,resid,V250,0.1,5,0.3385416666666667,0.24508960088044546,0.4319937324528879,0.08854166666666667
5.0,1,resid,V400,0.01,5,0.381875,0.2749811435497408,0.48876885645025925,0.02354166666666667
5.0,1,resid,V400,0.05,5,0.5102083333333333,0.4425213612300075,0.577895305436659,0.05333333333333333
5.0,1,resid,V400,0.1,5,0.5864583333333334,0.5281189676102404,0.6447976990564265,0.08854166666666667
5.0,1,tdisp,DS200,0.01,5,0.018124999999999995,0.013233963827695963,0.02301603617230403,0.01125
5.0,1,tdisp,DS200,0.05,5,0.08854166666666667,0.07497637304405798,0.10210696028927536,0.05479166666666666
5.0,1,tdisp,DS200,0.1,5,0.1547916666666667,0.1383395373447561,0.17124379598857728,0.10166666666666666
5.0,1,tdisp,DS300,0.01,5,0.041249999999999995,0.019269809583850803,0.06323019041614919,0.01125
5.0,1,tdisp,DS300,0.05,5,0.13583333333333333,0.09717603286079216,0.1744906338058745,0.05479166666666666
5.0,1,tdisp,DS300,0.1,5,0.22729166666666667,0.1792927580106753,0.27529057532265805,0.10166666666666666
5.0,1,tdisp,DS600,0.01,5,0.06479166666666666,0.04462126060692444,0.08496207272640889,0.01125
5.0,1,tdisp,DS600,0.05,5,0.17729166666666665,0.1457104511171295,0.20887288221620381,0.05479166666666666
5.0,1,tdisp,DS600,0.1,5,0.27125000000000005,0.2183026840931767,0.3241973159068234,0.10166666666666666
5.0,1,tdisp,DS1000,0.01,5,0.07166666666666667,0.039651424136795586,0.10368190919653775,0.01125
5.0,1,tdisp,DS1000,0.05,5,0.194375,0.14194362059611387,0.2468063794038861,0.05479166666666666
5.0,1,tdisp,DS1000,0.1,5,0.29229166666666667,0.22694871985651283,0.3576346134768205,0.10166666666666666
5.0,1,tdisp,CDLA,0.01,5,0.011041666666666667,0.00341170285813099,0.018671630475202344,0.01125
5.0,1,tdisp,CDLA,0.05,5,0.05062500000000001,0.04001438911927025,0.06123561088072977,0.05479166666666666
5.0,1,tdisp,CDLA,0.1,5,0.10104166666666667,0.07691360256704105,0.1251697307662923,0.10166666666666666
5.0,1,tdisp,CDLB,0.01,5,0.024166666666666666,0.010375116346935394,0.03795821698639794,0.01125
5.0,1,tdisp,CDLB,0.05,5,0.08666666666666668,0.06734342652657403,0.10598990680675933,0.05479166666666666
5.0,1,tdisp,CDLB,0.1,5,0.155,0.12079941255229967,0.18920058744770032,0.10166666666666666
5.0,1,tdisp,CDLD,0.01,5,0.01125,0.005224921316117965,0.017275078683882034,0.01125
5.0,1,tdisp,CDLD,0.05,5,0.058125,0.04135064415609667,0.07489935584390334,0.05479166666666666
5.0,1,tdisp,CDLD,0.1,5,0.11604166666666667,0.07612817258786211,0.15595516074547122,0.10166666666666666
5.0,1,tdisp,CDLE,0.01,5,0.015208333333333332,0.007914658192906213,0.02250200847376045,0.01125
5.0,1,tdisp,CDLE,0.05,5,0.06166666666666667,0.04176763308444598,0.08156570024888735,0.05479166666666666
5.0,1,tdisp,CDLE,0.1,5,0.12208333333333332,0.09099595921109731,0.15317070745556935,0.10166666666666666
5.0,1,tdisp,S2,0.01,5,0.06791666666666667,0.03781349371380148,0.09801983961953185,0.01125
5.0,1,tdisp,S2,0.05,5,0.18583333333333335,0.1407439178948314,0.2309227487718353,0.05479166666666666
5.0,1,tdisp,S2,0.1,5,0.2854166666666667,0.22674133661630347,0.34409199671702995,0.10166666666666666
5.0,1,tdisp,V30,0.01,5,0.016458333333333335,0.011415731818397779,0.021500934848268892,0.01125
5.0,1,tdisp,V30,0.05,5,0.06520833333333334,0.05315817596556927,0.0772584907010974,0.05479166666666666
5.0,1,tdisp,V30,0.1,5,0.12770833333333334,0.10390133964475158,0.15151532702191509,0.10166666666666666
5.0,1,tdisp,V90,0.01,5,0.12104166666666667,0.08560392287761415,0.1564794104557192,0.01125
5.0,1,tdisp,V90,0.05,5,0.22520833333333332,0.18932493226255173,0.26109173440411493,0.05479166666666666
5.0,1,tdisp,V90,0.1,5,0.3145833333333333,0.27145275817674863,0.357713908489918,0.10166666666666666
5.0,1,tdisp,V150,0.01,5,0.4008333333333334,0.36556119843944845,0.4361054682272183,0.01125
5.0,1,tdisp,V150,0.05,5,0.5085416666666667,0.4736270530121378,0.5434562803211955,0.05479166666666666
5.0,1,tdisp,V150,0.1,5,0.5733333333333333,0.5382848184638853,0.6083818482027812,0.10166666666666666
5.0,1,tdisp,V250,0.01,5,0.6297916666666666,0.6022692817086657,0.6573140516246676,0.01125
5.0,1,tdisp,V250,0.05,5,0.7137499999999999,0.6901582989421766,0.7373417010578232,0.05479166666666666
5.0,1,tdisp,V250,0.1,5,0.7602083333333333,0.7411465834613847,0.7792700832052818,0.10166666666666666
5.0,1,tdisp,V400,0.01,5,0.81875,0.8084028000149686,0.8290971999850314,0.01125
5.0,1,tdisp,V400,0.05,5,0.8677083333333334,0.859894227513514,0.8755224391531529,0.05479166666666666
5.0,1,tdisp,V400,0.1,5,0.8914583333333332,0.8802795855693641,0.9026370810973023,0.10166666666666666
5.0,1,comb,DS200,0.01,5,0.1610416666666667,0.07701246394749962,0.24507086938583378,0.019374999999999996
5.0,1,comb,DS200,0.05,5,0.30145833333333333,0.1864744187996248,0.41644224786704187,0.058125
5.0,1,comb,DS200,0.1,5,0.42020833333333335,0.32757614875647234,0.5128405179101944,0.10791666666666669
5.0,1,comb,DS300,0.01,5,0.624375,0.4971949051811567,0.7515550948188433,0.019374999999999996
5.0,1,comb,DS300,0.05,5,0.7697916666666667,0.6957169877208592,0.8438663456124741,0.058125
5.0,1,comb,DS300,0.1,5,0.8539583333333335,0.821838755371176,0.886077911295491,0.10791666666666669
5.0,1,comb,DS600,0.01,5,0.9885416666666667,0.9802598657899517,0.9968234675433816,0.019374999999999996
5.0,1,comb,DS600,0.05,5,0.9962500000000001,0.9926377303907036,0.9998622696092966,0.058125
5.0,1,comb,DS600,0.1,5,0.9991666666666668,0.997749817956962,1.0005835153763714,0.10791666666666669
5.0,1,comb,DS1000,0.01,5,1.0,1.0,1.0,0.019374999999999996
5.0,1,comb,DS1000,0.05,5,1.0,1.0,1.0,0.058125
5.0,1,comb,DS1000,0.1,5,1.0,1.0,1.0,0.10791666666666669
5.0,1,comb,CDLA,0.01,5,0.008958333333333334,-0.0003505531821035388,0.018267219848770208,0.019374999999999996
5.0,1,comb,CDLA,0.05,5,0.036875,0.010138823326439846,0.06361117667356014,0.058125
5.0,1,comb,CDLA,0.1,5,0.07083333333333333,0.04040405388440453,0.10126261278226213,0.10791666666666669
5.0,1,comb,CDLB,0.01,5,0.13562500000000002,0.06889007210952676,0.2023599278904733,0.019374999999999996
5.0,1,comb,CDLB,0.05,5,0.2572916666666667,0.13993744276375888,0.37464589056957454,0.058125
5.0,1,comb,CDLB,0.1,5,0.34520833333333334,0.23446353116210852,0.4559531355045582,0.10791666666666669
5.0,1,comb,CDLD,0.01,5,0.0775,-0.12255641214095543,0.27755641214095544,0.019374999999999996
5.0,1,comb,CDLD,0.05,5,0.17833333333333334,-0.2395443702555799,0.5962110369222466,0.058125
5.0,1,comb,CDLD,0.1,5,0.22625,-0.22280145472468044,0.6753014547246805,0.10791666666666669
5.0,1,comb,CDLE,0.01,5,0.10208333333333333,-0.13969426387064607,0.3438609305373127,0.019374999999999996
5.0,1,comb,CDLE,0.05,5,0.19,-0.22002881151826464,0.6000288115182646,0.058125
5.0,1,comb,CDLE,0.1,5,0.24937499999999999,-0.18583305468628994,0.6845830546862899,0.10791666666666669
5.0,1,comb,S2,0.01,5,1.0,1.0,1.0,0.019374999999999996
5.0,1,comb,S2,0.05,5,1.0,1.0,1.0,0.058125
5.0,1,comb,S2,0.1,5,1.0,1.0,1.0,0.10791666666666669
5.0,1,comb,V30,0.01,5,0.024374999999999997,0.007471494114494777,0.04127850588550522,0.019374999999999996
5.0,1,comb,V30,0.05,5,0.0675,0.035393445424811994,0.09960655457518802,0.058125
5.0,1,comb,V30,0.1,5,0.12312499999999997,0.0856454012659185,0.16060459873408145,0.10791666666666669
5.0,1,comb,V90,0.01,5,0.11291666666666667,0.07072128815483586,0.15511204517849747,0.019374999999999996
5.0,1,comb,V90,0.05,5,0.19770833333333332,0.14484164669982436,0.2505750199668423,0.058125
5.0,1,comb,V90,0.1,5,0.273125,0.224502792726451,0.321747207273549,0.10791666666666669
5.0,1,comb,V150,0.01,5,0.3779166666666666,0.3238918581183019,0.43194147521503135,0.019374999999999996
5.0,1,comb,V150,0.05,5,0.4729166666666666,0.4470163518882876,0.4988169814450456,0.058125
5.0,1,comb,V150,0.1,5,0.539375,0.5071125117509439,0.5716374882490562,0.10791666666666669
5.0,1,comb,V250,0.01,5,0.6120833333333333,0.5749940876223731,0.6491725790442935,0.019374999999999996
5.0,1,comb,V250,0.05,5,0.6818749999999999,0.6442039617896965,0.7195460382103033,0.058125
5.0,1,comb,V250,0.1,5,0.7310416666666667,0.6972717877869239,0.7648115455464095,0.10791666666666669
5.0,1,comb,V400,0.01,5,0.8110416666666665,0.7951849835853746,0.8268983497479585,0.019374999999999996
5.0,1,comb,V400,0.05,5,0.849375,0.8354266539523463,0.8633233460476537,0.058125
5.0,1,comb,V400,0.1,5,0.8762500000000001,0.8688538325969644,0.8836461674030358,0.10791666666666669
5.0,1,conf_a,DS200,0.01,5,0.4352083333333333,0.3212664735691124,0.5491501930975542,0.023125
5.0,1,conf_a,DS200,0.05,5,0.5589583333333333,0.4873607280795509,0.6305559385871158,0.04937499999999999
5.0,1,conf_a,DS200,0.1,5,0.7035416666666666,0.6689616556020603,0.7381216777312729,0.11500000000000002
5.0,1,conf_a,DS300,0.01,5,0.920625,0.8798121324718208,0.9614378675281793,0.023125
5.0,1,conf_a,DS300,0.05,5,0.9549999999999998,0.9430264407682091,0.9669735592317906,0.04937499999999999
5.0,1,conf_a,DS300,0.1,5,0.976875,0.9693665929912605,0.9843834070087396,0.11500000000000002
5.0,1,conf_a,DS600,0.01,5,0.9997916666666666,0.9992132406030837,1.0003700927302495,0.023125
5.0,1,conf_a,DS600,0.05,5,1.0,1.0,1.0,0.04937499999999999
5.0,1,conf_a,DS600,0.1,5,1.0,1.0,1.0,0.11500000000000002
5.0,1,conf_a,DS1000,0.01,5,1.0,1.0,1.0,0.023125
5.0,1,conf_a,DS1000,0.05,5,1.0,1.0,1.0,0.04937499999999999
5.0,1,conf_a,DS1000,0.1,5,1.0,1.0,1.0,0.11500000000000002
5.0,1,conf_a,CDLA,0.01,5,0.004791666666666666,0.001065417412010302,0.008517915921323031,0.023125
5.0,1,conf_a,CDLA,0.05,5,0.014374999999999999,0.0058248531380749174,0.02292514686192508,0.04937499999999999
5.0,1,conf_a,CDLA,0.1,5,0.03895833333333333,0.029923029382065133,0.04799363728460153,0.11500000000000002
5.0,1,conf_a,CDLB,0.01,5,0.3095833333333333,0.2351290907629241,0.38403757590374255,0.023125
5.0,1,conf_a,CDLB,0.05,5,0.3977083333333334,0.3458883306052105,0.44952833606145626,0.04937499999999999
5.0,1,conf_a,CDLB,0.1,5,0.5139583333333333,0.47452978165044635,0.5533868850162202,0.11500000000000002
5.0,1,conf_a,CDLD,0.01,5,0.051041666666666666,0.0017819712071997715,0.10030136212613355,0.023125
5.0,1,conf_a,CDLD,0.05,5,0.08833333333333333,0.026958811737205754,0.14970785492946093,0.04937499999999999
5.0,1,conf_a,CDLD,0.1,5,0.17458333333333337,0.11202634730790582,0.2371403193587609,0.11500000000000002
5.0,1,conf_a,CDLE,0.01,5,0.11520833333333333,0.02488492262601026,0.20553174404065638,0.023125
5.0,1,conf_a,CDLE,0.05,5,0.19437500000000002,0.09098953245749142,0.2977604675425086,0.04937499999999999
5.0,1,conf_a,CDLE,0.1,5,0.32437499999999997,0.23367731366904804,0.4150726863309519,0.11500000000000002
5.0,1,conf_a,S2,0.01,5,1.0,1.0,1.0,0.023125
5.0,1,conf_a,S2,0.05,5,1.0,1.0,1.0,0.04937499999999999
5.0,1,conf_a,S2,0.1,5,1.0,1.0,1.0,0.11500000000000002
5.0,1,conf_a,V30,0.01,5,0.029375000000000002,0.008916371856817842,0.049833628143182165,0.023125
5.0,1,conf_a,V30,0.05,5,0.059375,0.02947255427673243,0.08927744572326757,0.04937499999999999
5.0,1,conf_a,V30,0.1,5,0.13125000000000003,0.11759252891636496,0.1449074710836351,0.11500000000000002
5.0,1,conf_a,V90,0.01,5,0.1447916666666667,0.058821907177085686,0.23076142615624773,0.023125
5.0,1,conf_a,V90,0.05,5,0.23895833333333333,0.16937509631679837,0.3085415703498683,0.04937499999999999
5.0,1,conf_a,V90,0.1,5,0.3829166666666667,0.34608768369776516,0.4197456496355682,0.11500000000000002
5.0,1,conf_a,V150,0.01,5,0.371875,0.26629045562164166,0.47745954437835836,0.023125
5.0,1,conf_a,V150,0.05,5,0.47479166666666667,0.4129419873984269,0.5366413459349064,0.04937499999999999
5.0,1,conf_a,V150,0.1,5,0.5889583333333335,0.5693088670675311,0.6086077995991358,0.11500000000000002
5.0,1,conf_a,V250,0.01,5,0.59375,0.5170676311243124,0.6704323688756876,0.023125
5.0,1,conf_a,V250,0.05,5,0.6733333333333333,0.6233689046928985,0.7232977619737682,0.04937499999999999
5.0,1,conf_a,V250,0.1,5,0.7589583333333334,0.7389294173235404,0.7789872493431264,0.11500000000000002
5.0,1,conf_a,V400,0.01,5,0.7697916666666667,0.7146360799590785,0.8249472533742548,0.023125
5.0,1,conf_a,V400,0.05,5,0.8237500000000001,0.802352144288568,0.8451478557114321,0.04937499999999999
5.0,1,conf_a,V400,0.1,5,0.8772916666666667,0.8600743798312117,0.8945089535021217,0.11500000000000002
5.0,1,conf_d,DS200,0.01,5,0.4966666666666667,0.40002276636680967,0.5933105669665237,0.020833333333333332
5.0,1,conf_d,DS200,0.05,5,0.6599999999999999,0.6187873966661429,0.7012126033338569,0.05708333333333333
5.0,1,conf_d,DS200,0.1,5,0.755,0.7217417588157202,0.7882582411842798,0.10145833333333334
5.0,1,conf_d,DS300,0.01,5,0.9441666666666666,0.9295449527332922,0.958788380600041,0.020833333333333332
5.0,1,conf_d,DS300,0.05,5,0.975,0.9724132000037422,0.9775867999962577,0.05708333333333333
5.0,1,conf_d,DS300,0.1,5,0.9845833333333334,0.9828969460575951,0.9862697206090716,0.10145833333333334
5.0,1,conf_d,DS600,0.01,5,1.0,1.0,1.0,0.020833333333333332
5.0,1,conf_d,DS600,0.05,5,1.0,1.0,1.0,0.05708333333333333
5.0,1,conf_d,DS600,0.1,5,1.0,1.0,1.0,0.10145833333333334
5.0,1,conf_d,DS1000,0.01,5,1.0,1.0,1.0,0.020833333333333332
5.0,1,conf_d,DS1000,0.05,5,1.0,1.0,1.0,0.05708333333333333
5.0,1,conf_d,DS1000,0.1,5,1.0,1.0,1.0,0.10145833333333334
5.0,1,conf_d,CDLA,0.01,5,0.0043749999999999995,0.0009044436185027581,0.00784555638149724,0.020833333333333332
5.0,1,conf_d,CDLA,0.05,5,0.018750000000000003,0.005277514493054806,0.0322224855069452,0.05708333333333333
5.0,1,conf_d,CDLA,0.1,5,0.03666666666666667,0.004417144092791168,0.06891618924054216,0.10145833333333334
5.0,1,conf_d,CDLB,0.01,5,0.34020833333333333,0.2909180829063096,0.38949858376035706,0.020833333333333332
5.0,1,conf_d,CDLB,0.05,5,0.4666666666666667,0.4217873640828195,0.5115459692505138,0.05708333333333333
5.0,1,conf_d,CDLB,0.1,5,0.5470833333333334,0.5006432485001622,0.5935234181665046,0.10145833333333334
5.0,1,conf_d,CDLD,0.01,5,0.08562499999999999,0.020623446208822505,0.15062655379117748,0.020833333333333332
5.0,1,conf_d,CDLD,0.05,5,0.2,0.03957668307699222,0.3604233169230078,0.05708333333333333
5.0,1,conf_d,CDLD,0.1,5,0.30395833333333333,0.09804271671867815,0.5098739499479885,0.10145833333333334
5.0,1,conf_d,CDLE,0.01,5,0.17354166666666665,0.08383619433980338,0.2632471389935299,0.020833333333333332
5.0,1,conf_d,CDLE,0.05,5,0.331875,0.14866225372029981,0.5150877462797001,0.05708333333333333
5.0,1,conf_d,CDLE,0.1,5,0.434375,0.22420645480248047,0.6445435451975196,0.10145833333333334
5.0,1,conf_d,S2,0.01,5,1.0,1.0,1.0,0.020833333333333332
5.0,1,conf_d,S2,0.05,5,1.0,1.0,1.0,0.05708333333333333
5.0,1,conf_d,S2,0.1,5,1.0,1.0,1.0,0.10145833333333334
5.0,1,conf_d,V30,0.01,5,0.02583333333333333,0.012072140854332836,0.039594525812333824,0.020833333333333332
5.0,1,conf_d,V30,0.05,5,0.07500000000000001,0.041721644969802844,0.10827835503019717,0.05708333333333333
5.0,1,conf_d,V30,0.1,5,0.12229166666666669,0.08041465828648131,0.16416867504685206,0.10145833333333334
5.0,1,conf_d,V90,0.01,5,0.13395833333333332,0.08492328939706961,0.18299337726959702,0.020833333333333332
5.0,1,conf_d,V90,0.05,5,0.27208333333333334,0.18519226324470095,0.35897440342196574,0.05708333333333333
5.0,1,conf_d,V90,0.1,5,0.38,0.2915821317268211,0.4684178682731789,0.10145833333333334
5.0,1,conf_d,V150,0.01,5,0.3804166666666667,0.2976724189741358,0.46316091435919754,0.020833333333333332
5.0,1,conf_d,V150,0.05,5,0.5112500000000001,0.45055383731097076,0.5719461626890294,0.05708333333333333
5.0,1,conf_d,V150,0.1,5,0.5935416666666666,0.5281424206046721,0.6589409127286612,0.10145833333333334
5.0,1,conf_d,V250,0.01,5,0.6002083333333333,0.5452167739568023,0.6551998927098643,0.020833333333333332
5.0,1,conf_d,V250,0.05,5,0.6983333333333334,0.6567670713439611,0.7398995953227057,0.05708333333333333
5.0,1,conf_d,V250,0.1,5,0.7525000000000001,0.7045603772639099,0.8004396227360903,0.10145833333333334
5.0,1,conf_d,V400,0.01,5,0.7785416666666667,0.730202409847314,0.8268809234860194,0.020833333333333332
5.0,1,conf_d,V400,0.05,5,0.8439583333333334,0.8246567487420593,0.8632599179246074,0.05708333333333333
5.0,1,conf_d,V400,0.1,5,0.8804166666666667,0.8656299875040083,0.8952033458293251,0.10145833333333334
5.0,1,crcfail_a,DS200,0.01,5,0.0,0.0,0.0,0.0
5.0,1,crcfail_a,DS200,0.05,5,0.0,0.0,0.0,0.0
5.0,1,crcfail_a,DS200,0.1,5,0.0,0.0,0.0,0.0
5.0,1,crcfail_a,DS300,0.01,5,0.0,0.0,0.0,0.0
5.0,1,crcfail_a,DS300,0.05,5,0.0,0.0,0.0,0.0
5.0,1,crcfail_a,DS300,0.1,5,0.0,0.0,0.0,0.0
5.0,1,crcfail_a,DS600,0.01,5,0.09375000000000001,0.01527781150914953,0.1722221884908505,0.0
5.0,1,crcfail_a,DS600,0.05,5,0.09375000000000001,0.01527781150914953,0.1722221884908505,0.0
5.0,1,crcfail_a,DS600,0.1,5,0.09375000000000001,0.01527781150914953,0.1722221884908505,0.0
5.0,1,crcfail_a,DS1000,0.01,5,0.31875,0.06654860806785406,0.5709513919321458,0.0
5.0,1,crcfail_a,DS1000,0.05,5,0.31875,0.06654860806785406,0.5709513919321458,0.0
5.0,1,crcfail_a,DS1000,0.1,5,0.31875,0.06654860806785406,0.5709513919321458,0.0
5.0,1,crcfail_a,CDLA,0.01,5,0.0,0.0,0.0,0.0
5.0,1,crcfail_a,CDLA,0.05,5,0.0,0.0,0.0,0.0
5.0,1,crcfail_a,CDLA,0.1,5,0.0,0.0,0.0,0.0
5.0,1,crcfail_a,CDLB,0.01,5,0.00041666666666666664,-0.00029175768818568305,0.0011250910215190163,0.0
5.0,1,crcfail_a,CDLB,0.05,5,0.00041666666666666664,-0.00029175768818568305,0.0011250910215190163,0.0
5.0,1,crcfail_a,CDLB,0.1,5,0.00041666666666666664,-0.00029175768818568305,0.0011250910215190163,0.0
5.0,1,crcfail_a,CDLD,0.01,5,0.0,0.0,0.0,0.0
5.0,1,crcfail_a,CDLD,0.05,5,0.0,0.0,0.0,0.0
5.0,1,crcfail_a,CDLD,0.1,5,0.0,0.0,0.0,0.0
5.0,1,crcfail_a,CDLE,0.01,5,0.0,0.0,0.0,0.0
5.0,1,crcfail_a,CDLE,0.05,5,0.0,0.0,0.0,0.0
5.0,1,crcfail_a,CDLE,0.1,5,0.0,0.0,0.0,0.0
5.0,1,crcfail_a,S2,0.01,5,0.4822916666666666,0.10865909817682595,0.8559242351565073,0.0
5.0,1,crcfail_a,S2,0.05,5,0.4822916666666666,0.10865909817682595,0.8559242351565073,0.0
5.0,1,crcfail_a,S2,0.1,5,0.4822916666666666,0.10865909817682595,0.8559242351565073,0.0
5.0,1,crcfail_a,V30,0.01,5,0.0,0.0,0.0,0.0
5.0,1,crcfail_a,V30,0.05,5,0.0,0.0,0.0,0.0
5.0,1,crcfail_a,V30,0.1,5,0.0,0.0,0.0,0.0
5.0,1,crcfail_a,V90,0.01,5,0.0,0.0,0.0,0.0
5.0,1,crcfail_a,V90,0.05,5,0.0,0.0,0.0,0.0
5.0,1,crcfail_a,V90,0.1,5,0.0,0.0,0.0,0.0
5.0,1,crcfail_a,V150,0.01,5,0.13666666666666666,0.12883118158440351,0.1445021517489298,0.0
5.0,1,crcfail_a,V150,0.05,5,0.13666666666666666,0.12883118158440351,0.1445021517489298,0.0
5.0,1,crcfail_a,V150,0.1,5,0.13666666666666666,0.12883118158440351,0.1445021517489298,0.0
5.0,1,crcfail_a,V250,0.01,5,0.37104166666666666,0.35645431638581243,0.3856290169475209,0.0
5.0,1,crcfail_a,V250,0.05,5,0.37104166666666666,0.35645431638581243,0.3856290169475209,0.0
5.0,1,crcfail_a,V250,0.1,5,0.37104166666666666,0.35645431638581243,0.3856290169475209,0.0
5.0,1,crcfail_a,V400,0.01,5,0.5697916666666666,0.547240467124988,0.5923428662083452,0.0
5.0,1,crcfail_a,V400,0.05,5,0.5697916666666666,0.547240467124988,0.5923428662083452,0.0
5.0,1,crcfail_a,V400,0.1,5,0.5697916666666666,0.547240467124988,0.5923428662083452,0.0
5.0,1,crcfail_d,DS200,0.01,5,0.0,0.0,0.0,0.0
5.0,1,crcfail_d,DS200,0.05,5,0.0,0.0,0.0,0.0
5.0,1,crcfail_d,DS200,0.1,5,0.0,0.0,0.0,0.0
5.0,1,crcfail_d,DS300,0.01,5,0.00020833333333333332,-0.0003700927302495402,0.0007867593969162069,0.0
5.0,1,crcfail_d,DS300,0.05,5,0.00020833333333333332,-0.0003700927302495402,0.0007867593969162069,0.0
5.0,1,crcfail_d,DS300,0.1,5,0.00020833333333333332,-0.0003700927302495402,0.0007867593969162069,0.0
5.0,1,crcfail_d,DS600,0.01,5,0.18916666666666665,0.08378591460910201,0.2945474187242313,0.0
5.0,1,crcfail_d,DS600,0.05,5,0.18916666666666665,0.08378591460910201,0.2945474187242313,0.0
5.0,1,crcfail_d,DS600,0.1,5,0.18916666666666665,0.08378591460910201,0.2945474187242313,0.0
5.0,1,crcfail_d,DS1000,0.01,5,0.5314583333333334,0.35104780973256916,0.7118688569340976,0.0
5.0,1,crcfail_d,DS1000,0.05,5,0.5314583333333334,0.35104780973256916,0.7118688569340976,0.0
5.0,1,crcfail_d,DS1000,0.1,5,0.5314583333333334,0.35104780973256916,0.7118688569340976,0.0
5.0,1,crcfail_d,CDLA,0.01,5,0.0,0.0,0.0,0.0
5.0,1,crcfail_d,CDLA,0.05,5,0.0,0.0,0.0,0.0
5.0,1,crcfail_d,CDLA,0.1,5,0.0,0.0,0.0,0.0
5.0,1,crcfail_d,CDLB,0.01,5,0.00041666666666666664,-0.00029175768818568305,0.0011250910215190163,0.0
5.0,1,crcfail_d,CDLB,0.05,5,0.00041666666666666664,-0.00029175768818568305,0.0011250910215190163,0.0
5.0,1,crcfail_d,CDLB,0.1,5,0.00041666666666666664,-0.00029175768818568305,0.0011250910215190163,0.0
5.0,1,crcfail_d,CDLD,0.01,5,0.0,0.0,0.0,0.0
5.0,1,crcfail_d,CDLD,0.05,5,0.0,0.0,0.0,0.0
5.0,1,crcfail_d,CDLD,0.1,5,0.0,0.0,0.0,0.0
5.0,1,crcfail_d,CDLE,0.01,5,0.0,0.0,0.0,0.0
5.0,1,crcfail_d,CDLE,0.05,5,0.0,0.0,0.0,0.0
5.0,1,crcfail_d,CDLE,0.1,5,0.0,0.0,0.0,0.0
5.0,1,crcfail_d,S2,0.01,5,0.7339583333333334,0.510816656363643,0.9571000103030237,0.0
5.0,1,crcfail_d,S2,0.05,5,0.7339583333333334,0.510816656363643,0.9571000103030237,0.0
5.0,1,crcfail_d,S2,0.1,5,0.7339583333333334,0.510816656363643,0.9571000103030237,0.0
5.0,1,crcfail_d,V30,0.01,5,0.0,0.0,0.0,0.0
5.0,1,crcfail_d,V30,0.05,5,0.0,0.0,0.0,0.0
5.0,1,crcfail_d,V30,0.1,5,0.0,0.0,0.0,0.0
5.0,1,crcfail_d,V90,0.01,5,0.0,0.0,0.0,0.0
5.0,1,crcfail_d,V90,0.05,5,0.0,0.0,0.0,0.0
5.0,1,crcfail_d,V90,0.1,5,0.0,0.0,0.0,0.0
5.0,1,crcfail_d,V150,0.01,5,0.13833333333333334,0.1353839275479536,0.14128273911871309,0.0
5.0,1,crcfail_d,V150,0.05,5,0.13833333333333334,0.1353839275479536,0.14128273911871309,0.0
5.0,1,crcfail_d,V150,0.1,5,0.13833333333333334,0.1353839275479536,0.14128273911871309,0.0
5.0,1,crcfail_d,V250,0.01,5,0.3725,0.3543785474677694,0.3906214525322306,0.0
5.0,1,crcfail_d,V250,0.05,5,0.3725,0.3543785474677694,0.3906214525322306,0.0
5.0,1,crcfail_d,V250,0.1,5,0.3725,0.3543785474677694,0.3906214525322306,0.0
5.0,1,crcfail_d,V400,0.01,5,0.569375,0.5455328979105589,0.593217102089441,0.0
5.0,1,crcfail_d,V400,0.05,5,0.569375,0.5455328979105589,0.593217102089441,0.0
5.0,1,crcfail_d,V400,0.1,5,0.569375,0.5455328979105589,0.593217102089441,0.0
5.0,1,cf,DS200,0.01,5,0.014374999999999999,-0.0023243918645307025,0.0310743918645307,0.022083333333333333
5.0,1,cf,DS200,0.05,5,0.04708333333333333,0.029339695457151014,0.06482697120951565,0.05437499999999999
5.0,1,cf,DS200,0.1,5,0.08937500000000001,0.04850069503296499,0.13024930496703502,0.09166666666666666
5.0,1,cf,DS300,0.01,5,0.010416666666666668,-0.003271392296455459,0.024104725629788794,0.022083333333333333
5.0,1,cf,DS300,0.05,5,0.03770833333333333,0.029558886901835803,0.04585777976483085,0.05437499999999999
5.0,1,cf,DS300,0.1,5,0.08125,0.041795999593497744,0.12070400040650225,0.09166666666666666
5.0,1,cf,DS600,0.01,5,0.005833333333333334,-0.00296749098055358,0.014634157647220248,0.022083333333333333
5.0,1,cf,DS600,0.05,5,0.03333333333333334,0.020826750570346088,0.04583991609632059,0.05437499999999999
5.0,1,cf,DS600,0.1,5,0.09125000000000001,0.043986891646813964,0.13851310835318606,0.09166666666666666
5.0,1,cf,DS1000,0.01,5,0.008541666666666668,-0.005189100852540696,0.022272434185874032,0.022083333333333333
5.0,1,cf,DS1000,0.05,5,0.046875,0.025001621276635626,0.06874837872336437,0.05437499999999999
5.0,1,cf,DS1000,0.1,5,0.11166666666666666,0.06972180244037957,0.15361153089295376,0.09166666666666666
5.0,1,cf,CDLA,0.01,5,0.021666666666666667,-0.012300785224721625,0.05563411855805496,0.022083333333333333
5.0,1,cf,CDLA,0.05,5,0.08895833333333333,0.05301437737895924,0.12490228928770743,0.05437499999999999
5.0,1,cf,CDLA,0.1,5,0.17333333333333334,0.12257994824194063,0.22408671842472605,0.09166666666666666
5.0,1,cf,CDLB,0.01,5,0.028749999999999998,-0.000324182024990724,0.05782418202499072,0.022083333333333333
5.0,1,cf,CDLB,0.05,5,0.06083333333333333,0.03589384444906692,0.08577282221759974,0.05437499999999999
5.0,1,cf,CDLB,0.1,5,0.09729166666666667,0.06987585769933288,0.12470747563400045,0.09166666666666666
5.0,1,cf,CDLD,0.01,5,0.134375,-0.08862306402900222,0.3573730640290022,0.022083333333333333
5.0,1,cf,CDLD,0.05,5,0.47395833333333337,0.33255711604270666,0.6153595506239601,0.05437499999999999
5.0,1,cf,CDLD,0.1,5,0.7197916666666667,0.5970412606334272,0.8425420726999062,0.09166666666666666
5.0,1,cf,CDLE,0.01,5,0.11812500000000001,-0.08419310767382837,0.3204431076738284,0.022083333333333333
5.0,1,cf,CDLE,0.05,5,0.42541666666666667,0.2970028236890593,0.553830509644274,0.05437499999999999
5.0,1,cf,CDLE,0.1,5,0.6614583333333333,0.5372414203503691,0.7856752463162974,0.09166666666666666
5.0,1,cf,S2,0.01,5,0.015625000000000003,-0.011536399960707332,0.042786399960707336,0.022083333333333333
5.0,1,cf,S2,0.05,5,0.07166666666666667,0.04001930683248417,0.10331402650084917,0.05437499999999999
5.0,1,cf,S2,0.1,5,0.1408333333333333,0.09136691264078294,0.19029975402588367,0.09166666666666666
5.0,1,cf,V30,0.01,5,0.022083333333333333,0.002016866984546707,0.04214979968211996,0.022083333333333333
5.0,1,cf,V30,0.05,5,0.054166666666666675,0.03961950990915126,0.0687138234241821,0.05437499999999999
5.0,1,cf,V30,0.1,5,0.10250000000000001,0.08073011458053125,0.12426988541946876,0.09166666666666666
5.0,1,cf,V90,0.01,5,0.022083333333333337,0.0003365133119209718,0.0438301533547457,0.022083333333333333
5.0,1,cf,V90,0.05,5,0.05583333333333333,0.03987149868155061,0.07179516798511605,0.05437499999999999
5.0,1,cf,V90,0.1,5,0.09541666666666666,0.07287288650322524,0.11796044683010809,0.09166666666666666
5.0,1,cf,V150,0.01,5,0.01875,0.001566753872282424,0.035933246127717575,0.022083333333333333
5.0,1,cf,V150,0.05,5,0.04666666666666667,0.03179537869312054,0.0615379546402128,0.05437499999999999
5.0,1,cf,V150,0.1,5,0.08291666666666667,0.058864990355559144,0.10696834297777419,0.09166666666666666
5.0,1,cf,V250,0.01,5,0.01875,-0.0008226935839606812,0.038322693583960676,0.022083333333333333
5.0,1,cf,V250,0.05,5,0.04708333333333333,0.03125833196816953,0.06290833469849713,0.05437499999999999
5.0,1,cf,V250,0.1,5,0.08458333333333334,0.05152690372833151,0.11763976293833517,0.09166666666666666
5.0,1,cf,V400,0.01,5,0.01791666666666667,0.0020916653015028742,0.03374166803183047,0.022083333333333333
5.0,1,cf,V400,0.05,5,0.045625000000000006,0.034826852761022174,0.05642314723897784,0.05437499999999999
5.0,1,cf,V400,0.1,5,0.08062499999999999,0.055836895396980654,0.10541310460301932,0.09166666666666666
5.0,1,ct,DS200,0.01,5,0.015833333333333335,0.0006008368504623433,0.031065829816204326,0.017083333333333332
5.0,1,ct,DS200,0.05,5,0.0625,0.029894517342874502,0.0951054826571255,0.06270833333333334
5.0,1,ct,DS200,0.1,5,0.10999999999999999,0.058372435962595934,0.16162756403740403,0.10458333333333333
5.0,1,ct,DS300,0.01,5,0.014374999999999999,0.00016524823905079457,0.028584751760949205,0.017083333333333332
5.0,1,ct,DS300,0.05,5,0.057499999999999996,0.0295434051256112,0.0854565948743888,0.06270833333333334
5.0,1,ct,DS300,0.1,5,0.10416666666666667,0.06386319371382729,0.14447013961950605,0.10458333333333333
5.0,1,ct,DS600,0.01,5,0.0175,-0.002187740340896086,0.037187740340896086,0.017083333333333332
5.0,1,ct,DS600,0.05,5,0.05770833333333334,0.023861758047589957,0.09155490861907672,0.06270833333333334
5.0,1,ct,DS600,0.1,5,0.10395833333333333,0.05541360072356669,0.15250306594309998,0.10458333333333333
5.0,1,ct,DS1000,0.01,5,0.020416666666666666,0.0027628227134000594,0.03807051061993327,0.017083333333333332
5.0,1,ct,DS1000,0.05,5,0.06520833333333334,0.03563497500801642,0.09478169165865026,0.06270833333333334
5.0,1,ct,DS1000,0.1,5,0.10770833333333334,0.0596206328445647,0.15579603382210197,0.10458333333333333
5.0,1,ct,CDLA,0.01,5,0.015625,-0.0017277819074862054,0.03297778190748621,0.017083333333333332
5.0,1,ct,CDLA,0.05,5,0.06270833333333334,0.03114036327175434,0.09427630339491233,0.06270833333333334
5.0,1,ct,CDLA,0.1,5,0.11083333333333334,0.07394761529217897,0.1477190513744877,0.10458333333333333
5.0,1,ct,CDLB,0.01,5,0.015208333333333332,5.2908162014206686e-05,0.030363758504652456,0.017083333333333332
5.0,1,ct,CDLB,0.05,5,0.06291666666666666,0.026247008887550126,0.09958632444578319,0.06270833333333334
5.0,1,ct,CDLB,0.1,5,0.11208333333333334,0.05940526160230631,0.16476140506436038,0.10458333333333333
5.0,1,ct,CDLD,0.01,5,0.017499999999999998,0.00013758033453249371,0.034862419665467506,0.017083333333333332
5.0,1,ct,CDLD,0.05,5,0.05687500000000001,0.018174449009934604,0.09557555099006541,0.06270833333333334
5.0,1,ct,CDLD,0.1,5,0.10645833333333332,0.056629689236104334,0.1562869774305623,0.10458333333333333
5.0,1,ct,CDLE,0.01,5,0.015625,0.0019981854557733075,0.029251814544226692,0.017083333333333332
5.0,1,ct,CDLE,0.05,5,0.05645833333333333,0.022663694659311992,0.09025297200735467,0.06270833333333334
5.0,1,ct,CDLE,0.1,5,0.09979166666666665,0.0455351169052336,0.1540482164280997,0.10458333333333333
5.0,1,ct,S2,0.01,5,0.01625,-0.00027821480250091873,0.03277821480250092,0.017083333333333332
5.0,1,ct,S2,0.05,5,0.058124999999999996,0.030972840182428123,0.08527715981757186,0.06270833333333334
5.0,1,ct,S2,0.1,5,0.10833333333333335,0.06093414964226399,0.15573251702440272,0.10458333333333333
5.0,1,ct,V30,0.01,5,0.016458333333333332,0.002456120912978487,0.030460545753688176,0.017083333333333332
5.0,1,ct,V30,0.05,5,0.056666666666666664,0.02372176037468067,0.08961157295865266,0.06270833333333334
5.0,1,ct,V30,0.1,5,0.09875,0.05172819447474577,0.14577180552525423,0.10458333333333333
5.0,1,ct,V90,0.01,5,0.028333333333333332,0.003939795652825123,0.05272687101384154,0.017083333333333332
5.0,1,ct,V90,0.05,5,0.078125,0.04881585969233139,0.10743414030766861,0.06270833333333334
5.0,1,ct,V90,0.1,5,0.12479166666666666,0.08390713110227796,0.16567620223105536,0.10458333333333333
5.0,1,ct,V150,0.01,5,0.080625,0.056906004667139215,0.10434399533286079,0.017083333333333332
5.0,1,ct,V150,0.05,5,0.15062499999999998,0.11762935456460868,0.18362064543539128,0.06270833333333334
5.0,1,ct,V150,0.1,5,0.20833333333333331,0.17589502640779275,0.24077164025887388,0.10458333333333333
5.0,1,ct,V250,0.01,5,0.22041666666666665,0.17413715915339237,0.26669617417994096,0.017083333333333332
5.0,1,ct,V250,0.05,5,0.30270833333333336,0.2711907468925231,0.3342259197741436,0.06270833333333334
5.0,1,ct,V250,0.1,5,0.3608333333333333,0.3231845055124439,0.3984821611542227,0.10458333333333333
5.0,1,ct,V400,0.01,5,0.41666666666666663,0.36375569777022626,0.469577635563107,0.017083333333333332
5.0,1,ct,V400,0.05,5,0.5029166666666666,0.4692957294664406,0.5365376038668925,0.06270833333333334
5.0,1,ct,V400,0.1,5,0.5512499999999999,0.5265159442039528,0.5759840557960471,0.10458333333333333
5.0,1,ymag,DS200,0.01,5,0.016874999999999998,-0.00703366601879192,0.040783666018791916,0.020208333333333335
5.0,1,ymag,DS200,0.05,5,0.04770833333333333,0.021850035690267017,0.07356663097639965,0.05479166666666666
5.0,1,ymag,DS200,0.1,5,0.08708333333333332,0.05592608173664582,0.11824058493002082,0.09520833333333333
5.0,1,ymag,DS300,0.01,5,0.017499999999999998,-0.007519852644266949,0.04251985264426694,0.020208333333333335
5.0,1,ymag,DS300,0.05,5,0.04458333333333333,0.02204326377483242,0.06712340289183424,0.05479166666666666
5.0,1,ymag,DS300,0.1,5,0.07854166666666666,0.045042856407177506,0.11204047692615582,0.09520833333333333
5.0,1,ymag,DS600,0.01,5,0.022708333333333337,-0.008819866876574115,0.05423653354324079,0.020208333333333335
5.0,1,ymag,DS600,0.05,5,0.05145833333333333,0.016793765577895338,0.08612290108877133,0.05479166666666666
5.0,1,ymag,DS600,0.1,5,0.08562499999999999,0.04606091094738675,0.12518908905261322,0.09520833333333333
5.0,1,ymag,DS1000,0.01,5,0.017291666666666667,-0.015089862209750223,0.049673195543083554,0.020208333333333335
5.0,1,ymag,DS1000,0.05,5,0.049791666666666665,0.0032077150550503322,0.096375618278283,0.05479166666666666
5.0,1,ymag,DS1000,0.1,5,0.081875,0.025130253397589654,0.13861974660241036,0.09520833333333333
5.0,1,ymag,CDLA,0.01,5,0.006666666666666666,-0.0037047562153096087,0.017038089548642943,0.020208333333333335
5.0,1,ymag,CDLA,0.05,5,0.03395833333333333,0.015999158813472254,0.05191750785319441,0.05479166666666666
5.0,1,ymag,CDLA,0.1,5,0.07312500000000002,0.04003063698206022,0.10621936301793983,0.09520833333333333
5.0,1,ymag,CDLB,0.01,5,0.03604166666666667,-0.008365485176504726,0.08044881850983807,0.020208333333333335
5.0,1,ymag,CDLB,0.05,5,0.07604166666666667,0.03608209517997381,0.11600123815335954,0.05479166666666666
5.0,1,ymag,CDLB,0.1,5,0.11166666666666666,0.06735568124892669,0.15597765208440664,0.09520833333333333
5.0,1,ymag,CDLD,0.01,5,0.0020833333333333333,-0.0030087875514236595,0.0071754542180903266,0.020208333333333335
5.0,1,ymag,CDLD,0.05,5,0.014374999999999999,-0.003925581623079922,0.032675581623079916,0.05479166666666666
5.0,1,ymag,CDLD,0.1,5,0.05750000000000001,-0.013291646867356371,0.1282916468673564,0.09520833333333333
5.0,1,ymag,CDLE,0.01,5,0.004166666666666667,-0.007401854604990806,0.01573518793832414,0.020208333333333335
5.0,1,ymag,CDLE,0.05,5,0.026666666666666665,-0.011489729364086217,0.06482306269741955,0.05479166666666666
5.0,1,ymag,CDLE,0.1,5,0.08333333333333333,-0.021148251834560622,0.18781491850122728,0.09520833333333333
5.0,1,ymag,S2,0.01,5,0.016874999999999998,-0.003212297317074942,0.03696229731707494,0.020208333333333335
5.0,1,ymag,S2,0.05,5,0.050208333333333334,0.011219241441192601,0.08919742522547407,0.05479166666666666
5.0,1,ymag,S2,0.1,5,0.08916666666666666,0.04250019248972515,0.13583314084360817,0.09520833333333333
5.0,1,ymag,V30,0.01,5,0.021458333333333336,-0.004836205516921932,0.047752872183588604,0.020208333333333335
5.0,1,ymag,V30,0.05,5,0.05500000000000001,0.024938534691446367,0.08506146530855364,0.05479166666666666
5.0,1,ymag,V30,0.1,5,0.1025,0.06048340785165656,0.14451659214834342,0.09520833333333333
5.0,1,ymag,V90,0.01,5,0.019375,-0.003845042416585582,0.042595042416585585,0.020208333333333335
5.0,1,ymag,V90,0.05,5,0.050624999999999996,0.020756139962047924,0.08049386003795207,0.05479166666666666
5.0,1,ymag,V90,0.1,5,0.095,0.049130776687144606,0.1408692233128554,0.09520833333333333
5.0,1,ymag,V150,0.01,5,0.01875,-0.0005645808341950866,0.03806458083419509,0.020208333333333335
5.0,1,ymag,V150,0.05,5,0.05291666666666667,0.027074547651001,0.07875878568233233,0.05479166666666666
5.0,1,ymag,V150,0.1,5,0.08979166666666664,0.04913279888595975,0.13045053444737353,0.09520833333333333
5.0,1,ymag,V250,0.01,5,0.018958333333333334,-0.00675399019059561,0.04467065685726228,0.020208333333333335
5.0,1,ymag,V250,0.05,5,0.05,0.02352476233134073,0.07647523766865927,0.05479166666666666
5.0,1,ymag,V250,0.1,5,0.08687500000000001,0.048905393103999675,0.12484460689600034,0.09520833333333333
5.0,1,ymag,V400,0.01,5,0.01729166666666667,-0.006018257801592191,0.040601591134925535,0.020208333333333335
5.0,1,ymag,V400,0.05,5,0.045,0.017678934092675958,0.07232106590732404,0.05479166666666666
5.0,1,ymag,V400,0.1,5,0.08166666666666667,0.043031009609109425,0.1203023237242239,0.09520833333333333
5.0,8,resid,DS200,0.01,5,0.8866666666666667,0.7953999049302485,0.977933428403085,0.021666666666666667
5.0,8,resid,DS200,0.05,5,0.9633333333333333,0.9317786143196711,0.9948880523469954,0.06
5.0,8,resid,DS200,0.1,5,0.9866666666666667,0.9693524894386072,1.0039808438947262,0.08666666666666667
5.0,8,resid,DS300,0.01,5,1.0,1.0,1.0,0.018333333333333333
5.0,8,resid,DS300,0.05,5,1.0,1.0,1.0,0.056666666666666664
5.0,8,resid,DS300,0.1,5,1.0,1.0,1.0,0.08833333333333333
5.0,8,resid,DS600,0.01,5,1.0,1.0,1.0,0.019999999999999997
5.0,8,resid,DS600,0.05,5,1.0,1.0,1.0,0.056666666666666664
5.0,8,resid,DS600,0.1,5,1.0,1.0,1.0,0.08666666666666666
5.0,8,resid,DS1000,0.01,5,1.0,1.0,1.0,0.021666666666666667
5.0,8,resid,DS1000,0.05,5,1.0,1.0,1.0,0.06166666666666667
5.0,8,resid,DS1000,0.1,5,1.0,1.0,1.0,0.09166666666666666
5.0,8,resid,CDLA,0.01,5,0.003333333333333333,-0.005921483683992643,0.01258815035065931,0.023333333333333334
5.0,8,resid,CDLA,0.05,5,0.013333333333333332,-0.018221385680328755,0.044888052346995416,0.06166666666666666
5.0,8,resid,CDLA,0.1,5,0.018333333333333333,-0.022007478786151113,0.05867414545281778,0.08833333333333333
5.0,8,resid,CDLB,0.01,5,0.6783333333333335,0.45864105302601565,0.8980256136406513,0.019999999999999997
5.0,8,resid,CDLB,0.05,5,0.825,0.650165997815409,0.999834002184591,0.056666666666666664
5.0,8,resid,CDLB,0.1,5,0.8983333333333332,0.8006084253533469,0.9960582413133195,0.08833333333333333
5.0,8,resid,CDLD,0.01,5,0.2,-0.3552890210395588,0.7552890210395589,0.021666666666666667
5.0,8,resid,CDLD,0.05,5,0.205,-0.3469821458720721,0.756982145872072,0.056666666666666664
5.0,8,resid,CDLD,0.1,5,0.21166666666666667,-0.33612938463138464,0.759462717964718,0.08333333333333334
5.0,8,resid,CDLE,0.01,5,0.21500000000000002,-0.3303867673023371,0.7603867673023372,0.019999999999999997
5.0,8,resid,CDLE,0.05,5,0.2533333333333333,-0.2701265949268207,0.7767932615934873,0.05500000000000001
5.0,8,resid,CDLE,0.1,5,0.31166666666666665,-0.18108172844899756,0.8044150617823309,0.08833333333333333
5.0,8,resid,S2,0.01,5,1.0,1.0,1.0,0.023333333333333334
5.0,8,resid,S2,0.05,5,1.0,1.0,1.0,0.06166666666666666
5.0,8,resid,S2,0.1,5,1.0,1.0,1.0,0.08833333333333333
5.0,8,resid,V30,0.01,5,0.03333333333333333,-0.006067630350165325,0.07273429701683198,0.02333333333333333
5.0,8,resid,V30,0.05,5,0.06166666666666667,0.0006269561983812538,0.12270637713495208,0.06
5.0,8,resid,V30,0.1,5,0.11166666666666665,0.022476443651493497,0.2008568896818398,0.095
5.0,8,resid,V90,0.01,5,0.03833333333333334,-0.02047300038359319,0.09713966705025986,0.021666666666666667
5.0,8,resid,V90,0.05,5,0.12833333333333333,0.03648189706049994,0.22018476960616673,0.056666666666666664
5.0,8,resid,V90,0.1,5,0.205,0.08734182563179409,0.3226581743682059,0.09
5.0,8,resid,V150,0.01,5,0.12666666666666665,0.05013934638231493,0.20319398695101837,0.023333333333333334
5.0,8,resid,V150,0.05,5,0.30833333333333335,0.17086736431159275,0.4457993023550739,0.056666666666666664
5.0,8,resid,V150,0.1,5,0.4066666666666666,0.25190769509308336,0.5614256382402498,0.08833333333333332
5.0,8,resid,V250,0.01,5,0.5549999999999999,0.2892158987816467,0.8207841012183532,0.02
5.0,8,resid,V250,0.05,5,0.77,0.5917396350644002,0.9482603649355998,0.05500000000000001
5.0,8,resid,V250,0.1,5,0.8699999999999999,0.7593768659696098,0.9806231340303899,0.08499999999999999
5.0,8,resid,V400,0.01,5,0.9733333333333334,0.9598422351274275,0.9868244315392393,0.023333333333333334
5.0,8,resid,V400,0.05,5,0.9816666666666667,0.9703318769890291,0.9930014563443043,0.065
5.0,8,resid,V400,0.1,5,0.9866666666666667,0.9774118496493407,0.9959214836839927,0.09166666666666666
5.0,8,tdisp,DS200,0.01,5,0.03833333333333333,0.014512290075108143,0.06215437659155852,0.013333333333333332
5.0,8,tdisp,DS200,0.05,5,0.125,0.05002741337437237,0.1999725866256276,0.04666666666666667
5.0,8,tdisp,DS200,0.1,5,0.225,0.1032279184996114,0.34677208150038863,0.09166666666666667
5.0,8,tdisp,DS300,0.01,5,0.145,0.0880433867740886,0.20195661322591138,0.013333333333333332
5.0,8,tdisp,DS300,0.05,5,0.3733333333333333,0.2694998130410189,0.4771668536256477,0.04666666666666667
5.0,8,tdisp,DS300,0.1,5,0.5133333333333333,0.40222733740945943,0.6244393292572072,0.08833333333333333
5.0,8,tdisp,DS600,0.01,5,0.29,0.1751507411616221,0.40484925883837786,0.013333333333333332
5.0,8,tdisp,DS600,0.05,5,0.5116666666666666,0.36125809346308135,0.6620752398702519,0.04666666666666667
5.0,8,tdisp,DS600,0.1,5,0.6333333333333333,0.4776088329629748,0.7890578337036918,0.09
5.0,8,tdisp,DS1000,0.01,5,0.35333333333333333,0.24466310009264908,0.4620035665740176,0.013333333333333332
5.0,8,tdisp,DS1000,0.05,5,0.5666666666666667,0.42939554674218644,0.7039377865911469,0.048333333333333325
5.0,8,tdisp,DS1000,0.1,5,0.6950000000000001,0.5576119374560509,0.8323880625439493,0.08666666666666667
5.0,8,tdisp,CDLA,0.01,5,0.005,-0.004254817017325976,0.014254817017325977,0.013333333333333332
5.0,8,tdisp,CDLA,0.05,5,0.04,0.013216936910566742,0.06678306308943326,0.04666666666666667
5.0,8,tdisp,CDLA,0.1,5,0.08,0.026935910447411504,0.1330640895525885,0.08666666666666666
5.0,8,tdisp,CDLB,0.01,5,0.049999999999999996,0.013417123621454877,0.08658287637854511,0.013333333333333332
5.0,8,tdisp,CDLB,0.05,5,0.16333333333333333,0.09888099090752969,0.22778567575913697,0.043333333333333335
5.0,8,tdisp,CDLB,0.1,5,0.24666666666666667,0.15991046981955154,0.3334228635137818,0.08499999999999999
5.0,8,tdisp,CDLD,0.01,5,0.013333333333333332,-0.013648863078478391,0.04031552974514506,0.013333333333333332
5.0,8,tdisp,CDLD,0.05,5,0.07666666666666667,0.027913892846388767,0.1254194404869446,0.048333333333333325
5.0,8,tdisp,CDLD,0.1,5,0.13166666666666665,0.060203536891991094,0.20312979644134221,0.09
5.0,8,tdisp,CDLE,0.01,5,0.028333333333333332,0.004512290075108144,0.05215437659155852,0.013333333333333332
5.0,8,tdisp,CDLE,0.05,5,0.09333333333333334,0.037420143584555754,0.14924652308211092,0.048333333333333325
5.0,8,tdisp,CDLE,0.1,5,0.15499999999999997,0.06521157964956417,0.24478842035043577,0.08833333333333333
5.0,8,tdisp,S2,0.01,5,0.3433333333333333,0.2557175353405186,0.43094913132614804,0.013333333333333332
5.0,8,tdisp,S2,0.05,5,0.5633333333333332,0.4416492056772119,0.6850174609894546,0.04666666666666667
5.0,8,tdisp,S2,0.1,5,0.6733333333333333,0.5575556094362677,0.789111057230399,0.08833333333333333
5.0,8,tdisp,V30,0.01,5,0.03,0.016117774474011033,0.043882225525988965,0.013333333333333332
5.0,8,tdisp,V30,0.05,5,0.08833333333333333,0.03526924378074485,0.14139742288592183,0.04666666666666667
5.0,8,tdisp,V30,0.1,5,0.165,0.07438073717156556,0.25561926282843445,0.08833333333333333
5.0,8,tdisp,V90,0.01,5,0.45499999999999996,0.3823482127319603,0.5276517872680396,0.013333333333333332
5.0,8,tdisp,V90,0.05,5,0.6133333333333333,0.5644708793433402,0.6621957873233264,0.048333333333333325
5.0,8,tdisp,V90,0.1,5,0.7166666666666667,0.6504122596529476,0.7829210736803858,0.08833333333333333
5.0,8,tdisp,V150,0.01,5,0.96,0.9342356798132098,0.9857643201867902,0.013333333333333332
5.0,8,tdisp,V150,0.05,5,0.9850000000000001,0.9736652103223624,0.9963347896776378,0.045
5.0,8,tdisp,V150,0.1,5,0.9883333333333333,0.9826659384945144,0.9940007281721521,0.08666666666666667
5.0,8,tdisp,V250,0.01,5,1.0,1.0,1.0,0.013333333333333332
5.0,8,tdisp,V250,0.05,5,1.0,1.0,1.0,0.048333333333333325
5.0,8,tdisp,V250,0.1,5,1.0,1.0,1.0,0.09
5.0,8,tdisp,V400,0.01,5,1.0,1.0,1.0,0.013333333333333332
5.0,8,tdisp,V400,0.05,5,1.0,1.0,1.0,0.048333333333333325
5.0,8,tdisp,V400,0.1,5,1.0,1.0,1.0,0.09
5.0,8,comb,DS200,0.01,5,0.7283333333333333,0.5289516227930343,0.9277150438736322,0.025
5.0,8,comb,DS200,0.05,5,0.8783333333333332,0.8045845773130731,0.9520820893535933,0.055000000000000014
5.0,8,comb,DS200,0.1,5,0.9316666666666666,0.8802420196188088,0.9830913137145245,0.10666666666666666
5.0,8,comb,DS300,0.01,5,1.0,1.0,1.0,0.025
5.0,8,comb,DS300,0.05,5,1.0,1.0,1.0,0.05666666666666668
5.0,8,comb,DS300,0.1,5,1.0,1.0,1.0,0.10500000000000001
5.0,8,comb,DS600,0.01,5,1.0,1.0,1.0,0.025
5.0,8,comb,DS600,0.05,5,1.0,1.0,1.0,0.053333333333333344
5.0,8,comb,DS600,0.1,5,1.0,1.0,1.0,0.10833333333333332
5.0,8,comb,DS1000,0.01,5,1.0,1.0,1.0,0.025
5.0,8,comb,DS1000,0.05,5,1.0,1.0,1.0,0.05666666666666668
5.0,8,comb,DS1000,0.1,5,1.0,1.0,1.0,0.10333333333333332
5.0,8,comb,CDLA,0.01,5,0.003333333333333333,-0.005921483683992643,0.01258815035065931,0.023333333333333334
5.0,8,comb,CDLA,0.05,5,0.013333333333333332,-0.013648863078478391,0.04031552974514506,0.05500000000000001
5.0,8,comb,CDLA,0.1,5,0.034999999999999996,-0.02325758454234428,0.09325758454234427,0.10666666666666666
5.0,8,comb,CDLB,0.01,5,0.575,0.31611313908595906,0.8338868609140409,0.025
5.0,8,comb,CDLB,0.05,5,0.73,0.552642834753195,0.907357165246805,0.056666666666666664
5.0,8,comb,CDLB,0.1,5,0.8099999999999999,0.6542067622613104,0.9657932377386895,0.10833333333333332
5.0,8,comb,CDLD,0.01,5,0.2,-0.3552890210395588,0.7552890210395589,0.025
5.0,8,comb,CDLD,0.05,5,0.20833333333333331,-0.3412871001082855,0.7579537667749521,0.05500000000000001
5.0,8,comb,CDLD,0.1,5,0.22833333333333328,-0.30885478544651956,0.7655214521131861,0.10666666666666666
5.0,8,comb,CDLE,0.01,5,0.21666666666666665,-0.3271768885514392,0.7605102218847726,0.025
5.0,8,comb,CDLE,0.05,5,0.24666666666666665,-0.27684439221164475,0.770177725544978,0.05666666666666668
5.0,8,comb,CDLE,0.1,5,0.30166666666666664,-0.18621231634983337,0.7895456496831667,0.10666666666666666
5.0,8,comb,S2,0.01,5,1.0,1.0,1.0,0.025
5.0,8,comb,S2,0.05,5,1.0,1.0,1.0,0.05666666666666668
5.0,8,comb,S2,0.1,5,1.0,1.0,1.0,0.10999999999999999
5.0,8,comb,V30,0.01,5,0.03,0.0020434051256112036,0.0579565948743888,0.023333333333333334
5.0,8,comb,V30,0.05,5,0.10333333333333335,0.05338732290753025,0.15327934375913643,0.05833333333333335
5.0,8,comb,V30,0.1,5,0.16499999999999998,0.08049434740642165,0.24950565259357832,0.11333333333333333
5.0,8,comb,V90,0.01,5,0.37666666666666665,0.25792155767378344,0.49541177565954986,0.025
5.0,8,comb,V90,0.05,5,0.5266666666666667,0.3832170028981141,0.6701163304352193,0.05166666666666666
5.0,8,comb,V90,0.1,5,0.6366666666666667,0.5149825390105454,0.7583507943227881,0.1
5.0,8,comb,V150,0.01,5,0.9433333333333334,0.9165502702439001,0.9701163964227666,0.025
5.0,8,comb,V150,0.05,5,0.9716666666666667,0.9598690435251478,0.9834642898081856,0.05166666666666666
5.0,8,comb,V150,0.1,5,0.9800000000000001,0.9707451829826741,0.9892548170173261,0.10500000000000001
5.0,8,comb,V250,0.01,5,1.0,1.0,1.0,0.025
5.0,8,comb,V250,0.05,5,1.0,1.0,1.0,0.05833333333333335
5.0,8,comb,V250,0.1,5,1.0,1.0,1.0,0.10666666666666666
5.0,8,comb,V400,0.01,5,1.0,1.0,1.0,0.023333333333333334
5.0,8,comb,V400,0.05,5,1.0,1.0,1.0,0.05166666666666666
5.0,8,comb,V400,0.1,5,1.0,1.0,1.0,0.10500000000000001
5.0,8,conf_a,DS200,0.01,5,0.9966666666666667,0.990999271827848,1.0023340615054854,0.03166666666666666
5.0,8,conf_a,DS200,0.05,5,0.9983333333333334,0.9937059248246705,1.0029607418419964,0.08
5.0,8,conf_a,DS200,0.1,5,0.9983333333333334,0.9937059248246705,1.0029607418419964,0.12999999999999998
5.0,8,conf_a,DS300,0.01,5,1.0,1.0,1.0,0.03
5.0,8,conf_a,DS300,0.05,5,1.0,1.0,1.0,0.07666666666666666
5.0,8,conf_a,DS300,0.1,5,1.0,1.0,1.0,0.12333333333333334
5.0,8,conf_a,DS600,0.01,5,1.0,1.0,1.0,0.03166666666666666
5.0,8,conf_a,DS600,0.05,5,1.0,1.0,1.0,0.07833333333333334
5.0,8,conf_a,DS600,0.1,5,1.0,1.0,1.0,0.13166666666666665
5.0,8,conf_a,DS1000,0.01,5,1.0,1.0,1.0,0.03166666666666667
5.0,8,conf_a,DS1000,0.05,5,1.0,1.0,1.0,0.07666666666666666
5.0,8,conf_a,DS1000,0.1,5,1.0,1.0,1.0,0.13333333333333333
5.0,8,conf_a,CDLA,0.01,5,0.0016666666666666666,-0.0029607418419963214,0.006294075175329655,0.03166666666666666
5.0,8,conf_a,CDLA,0.05,5,0.005,-0.008882225525988965,0.018882225525988967,0.08166666666666667
5.0,8,conf_a,CDLA,0.1,5,0.015,-0.015519855234142708,0.0455198552341427,0.13333333333333333
5.0,8,conf_a,CDLB,0.01,5,0.8966666666666667,0.8343253234396599,0.9590080098936735,0.03166666666666666
5.0,8,conf_a,CDLB,0.05,5,0.9466666666666667,0.919684470254855,0.9736488630784783,0.07999999999999999
5.0,8,conf_a,CDLB,0.1,5,0.97,0.9352173982127323,1.0047826017872676,0.13166666666666665
5.0,8,conf_a,CDLD,0.01,5,0.10500000000000002,-0.014464238104045485,0.22446423810404553,0.03166666666666666
5.0,8,conf_a,CDLD,0.05,5,0.2733333333333333,0.057599796739246145,0.4890668699274205,0.07833333333333334
5.0,8,conf_a,CDLD,0.1,5,0.3883333333333333,0.14693069618803226,0.6297359704786344,0.13333333333333333
5.0,8,conf_a,CDLE,0.01,5,0.4683333333333334,0.21075247204025227,0.7259141946264145,0.03
5.0,8,conf_a,CDLE,0.05,5,0.6716666666666666,0.363970096355938,0.9793632369773952,0.07833333333333334
5.0,8,conf_a,CDLE,0.1,5,0.7466666666666667,0.474710439611861,1.0186228937214725,0.13333333333333333
5.0,8,conf_a,S2,0.01,5,1.0,1.0,1.0,0.03333333333333334
5.0,8,conf_a,S2,0.05,5,1.0,1.0,1.0,0.08166666666666667
5.0,8,conf_a,S2,0.1,5,1.0,1.0,1.0,0.12999999999999998
5.0,8,conf_a,V30,0.01,5,0.034999999999999996,-0.001141215805072801,0.0711412158050728,0.03166666666666666
5.0,8,conf_a,V30,0.05,5,0.11833333333333333,0.029503962329266317,0.20716270433740036,0.08
5.0,8,conf_a,V30,0.1,5,0.185,0.05797784715725318,0.3120221528427468,0.13166666666666665
5.0,8,conf_a,V90,0.01,5,0.5599999999999999,0.4016506487806767,0.7183493512193232,0.035
5.0,8,conf_a,V90,0.05,5,0.7566666666666666,0.6356884717413708,0.8776448615919624,0.07833333333333334
5.0,8,conf_a,V90,0.1,5,0.835,0.7232215016348036,0.9467784983651963,0.13333333333333333
5.0,8,conf_a,V150,0.01,5,0.9466666666666667,0.9168566726294157,0.9764766607039176,0.03166666666666666
5.0,8,conf_a,V150,0.05,5,0.9733333333333334,0.9465502702439001,1.0001163964227666,0.08
5.0,8,conf_a,V150,0.1,5,0.9816666666666667,0.9580714203836288,1.0052619129497045,0.12999999999999998
5.0,8,conf_a,V250,0.01,5,0.9983333333333334,0.9937059248246705,1.0029607418419964,0.03166666666666666
5.0,8,conf_a,V250,0.05,5,1.0,1.0,1.0,0.07833333333333334
5.0,8,conf_a,V250,0.1,5,1.0,1.0,1.0,0.12833333333333333
5.0,8,conf_a,V400,0.01,5,1.0,1.0,1.0,0.03166666666666666
5.0,8,conf_a,V400,0.05,5,1.0,1.0,1.0,0.08
5.0,8,conf_a,V400,0.1,5,1.0,1.0,1.0,0.135
5.0,8,conf_d,DS200,0.01,5,0.9983333333333334,0.9937059248246705,1.0029607418419964,0.03333333333333333
5.0,8,conf_d,DS200,0.05,5,1.0,1.0,1.0,0.09166666666666666
5.0,8,conf_d,DS200,0.1,5,1.0,1.0,1.0,0.12999999999999998
5.0,8,conf_d,DS300,0.01,5,1.0,1.0,1.0,0.026666666666666665
5.0,8,conf_d,DS300,0.05,5,1.0,1.0,1.0,0.08499999999999999
5.0,8,conf_d,DS300,0.1,5,1.0,1.0,1.0,0.12666666666666665
5.0,8,conf_d,DS600,0.01,5,1.0,1.0,1.0,0.02833333333333334
5.0,8,conf_d,DS600,0.05,5,1.0,1.0,1.0,0.08333333333333333
5.0,8,conf_d,DS600,0.1,5,1.0,1.0,1.0,0.125
5.0,8,conf_d,DS1000,0.01,5,1.0,1.0,1.0,0.03
5.0,8,conf_d,DS1000,0.05,5,1.0,1.0,1.0,0.07999999999999999
5.0,8,conf_d,DS1000,0.1,5,1.0,1.0,1.0,0.12666666666666665
5.0,8,conf_d,CDLA,0.01,5,0.003333333333333333,-0.005921483683992643,0.01258815035065931,0.02833333333333334
5.0,8,conf_d,CDLA,0.05,5,0.006666666666666666,-0.0068244315392391956,0.02015776487257253,0.07999999999999999
5.0,8,conf_d,CDLA,0.1,5,0.016666666666666666,-0.018422395683269126,0.051755729016602456,0.12833333333333333
5.0,8,conf_d,CDLB,0.01,5,0.9400000000000001,0.9061534247142567,0.9738465752857434,0.026666666666666665
5.0,8,conf_d,CDLB,0.05,5,0.9683333333333334,0.9529859555584002,0.9836807111082666,0.07499999999999998
5.0,8,conf_d,CDLB,0.1,5,0.9816666666666667,0.9681755684607608,0.9951577648725726,0.12833333333333333
5.0,8,conf_d,CDLD,0.01,5,0.3983333333333333,-0.024473567049371203,0.8211402337160378,0.03
5.0,8,conf_d,CDLD,0.05,5,0.5733333333333334,0.2329434784063419,0.9137231882603248,0.08333333333333333
5.0,8,conf_d,CDLD,0.1,5,0.6883333333333334,0.41334298819262905,0.9633236784740377,0.125
5.0,8,conf_d,CDLE,0.01,5,0.765,0.5507604809419818,0.9792395190580182,0.026666666666666665
5.0,8,conf_d,CDLE,0.05,5,0.8683333333333334,0.7345379957947817,1.002128670871885,0.08833333333333333
5.0,8,conf_d,CDLE,0.1,5,0.9099999999999999,0.8217753288164361,0.9982246711835637,0.125
5.0,8,conf_d,S2,0.01,5,1.0,1.0,1.0,0.026666666666666665
5.0,8,conf_d,S2,0.05,5,1.0,1.0,1.0,0.07666666666666667
5.0,8,conf_d,S2,0.1,5,1.0,1.0,1.0,0.12666666666666665
5.0,8,conf_d,V30,0.01,5,0.045,0.008710966744457531,0.08128903325554246,0.026666666666666672
5.0,8,conf_d,V30,0.05,5,0.11000000000000001,0.018206863597383563,0.20179313640261648,0.08166666666666667
5.0,8,conf_d,V30,0.1,5,0.20999999999999996,0.08318874245935012,0.3368112575406498,0.12666666666666665
5.0,8,conf_d,V90,0.01,5,0.5866666666666667,0.4337870057373923,0.7395463275959411,0.02833333333333334
5.0,8,conf_d,V90,0.05,5,0.77,0.6588940040761261,0.881105995923874,0.075
5.0,8,conf_d,V90,0.1,5,0.8616666666666667,0.7736850391161613,0.9496482942171721,0.12833333333333333
5.0,8,conf_d,V150,0.01,5,0.9483333333333333,0.9144867580475898,0.9821799086190767,0.02833333333333334
5.0,8,conf_d,V150,0.05,5,0.9816666666666667,0.9663192888917335,0.9970140444415999,0.08166666666666667
5.0,8,conf_d,V150,0.1,5,0.99,0.9813429113859702,0.9986570886140298,0.12833333333333333
5.0,8,conf_d,V250,0.01,5,0.9983333333333334,0.9937059248246705,1.0029607418419964,0.028333333333333332
5.0,8,conf_d,V250,0.05,5,1.0,1.0,1.0,0.08333333333333334
5.0,8,conf_d,V250,0.1,5,1.0,1.0,1.0,0.125
5.0,8,conf_d,V400,0.01,5,1.0,1.0,1.0,0.03166666666666667
5.0,8,conf_d,V400,0.05,5,1.0,1.0,1.0,0.08666666666666667
5.0,8,conf_d,V400,0.1,5,1.0,1.0,1.0,0.12833333333333333
5.0,8,crcfail_a,DS200,0.01,5,0.0,0.0,0.0,0.0
5.0,8,crcfail_a,DS200,0.05,5,0.0,0.0,0.0,0.0
5.0,8,crcfail_a,DS200,0.1,5,0.0,0.0,0.0,0.0
5.0,8,crcfail_a,DS300,0.01,5,0.0,0.0,0.0,0.0
5.0,8,crcfail_a,DS300,0.05,5,0.0,0.0,0.0,0.0
5.0,8,crcfail_a,DS300,0.1,5,0.0,0.0,0.0,0.0
5.0,8,crcfail_a,DS600,0.01,5,0.48666666666666664,0.213238113767812,0.7600952195655213,0.0
5.0,8,crcfail_a,DS600,0.05,5,0.48666666666666664,0.213238113767812,0.7600952195655213,0.0
5.0,8,crcfail_a,DS600,0.1,5,0.48666666666666664,0.213238113767812,0.7600952195655213,0.0
5.0,8,crcfail_a,DS1000,0.01,5,0.865,0.6485233212237793,1.0814766787762207,0.0
5.0,8,crcfail_a,DS1000,0.05,5,0.865,0.6485233212237793,1.0814766787762207,0.0
5.0,8,crcfail_a,DS1000,0.1,5,0.865,0.6485233212237793,1.0814766787762207,0.0
5.0,8,crcfail_a,CDLA,0.01,5,0.0,0.0,0.0,0.0
5.0,8,crcfail_a,CDLA,0.05,5,0.0,0.0,0.0,0.0
5.0,8,crcfail_a,CDLA,0.1,5,0.0,0.0,0.0,0.0
5.0,8,crcfail_a,CDLB,0.01,5,0.003333333333333333,-0.0023340615054854644,0.00900072817215213,0.0
5.0,8,crcfail_a,CDLB,0.05,5,0.003333333333333333,-0.0023340615054854644,0.00900072817215213,0.0
5.0,8,crcfail_a,CDLB,0.1,5,0.003333333333333333,-0.0023340615054854644,0.00900072817215213,0.0
5.0,8,crcfail_a,CDLD,0.01,5,0.0,0.0,0.0,0.0
5.0,8,crcfail_a,CDLD,0.05,5,0.0,0.0,0.0,0.0
5.0,8,crcfail_a,CDLD,0.1,5,0.0,0.0,0.0,0.0
5.0,8,crcfail_a,CDLE,0.01,5,0.0,0.0,0.0,0.0
5.0,8,crcfail_a,CDLE,0.05,5,0.0,0.0,0.0,0.0
5.0,8,crcfail_a,CDLE,0.1,5,0.0,0.0,0.0,0.0
5.0,8,crcfail_a,S2,0.01,5,0.9466666666666667,0.8620976902331093,1.0312356431002239,0.0
5.0,8,crcfail_a,S2,0.05,5,0.9466666666666667,0.8620976902331093,1.0312356431002239,0.0
5.0,8,crcfail_a,S2,0.1,5,0.9466666666666667,0.8620976902331093,1.0312356431002239,0.0
5.0,8,crcfail_a,V30,0.01,5,0.0,0.0,0.0,0.0
5.0,8,crcfail_a,V30,0.05,5,0.0,0.0,0.0,0.0
5.0,8,crcfail_a,V30,0.1,5,0.0,0.0,0.0,0.0
5.0,8,crcfail_a,V90,0.01,5,0.0,0.0,0.0,0.0
5.0,8,crcfail_a,V90,0.05,5,0.0,0.0,0.0,0.0
5.0,8,crcfail_a,V90,0.1,5,0.0,0.0,0.0,0.0
5.0,8,crcfail_a,V150,0.01,5,0.6866666666666668,0.6406245333418672,0.7327087999914663,0.0
5.0,8,crcfail_a,V150,0.05,5,0.6866666666666668,0.6406245333418672,0.7327087999914663,0.0
5.0,8,crcfail_a,V150,0.1,5,0.6866666666666668,0.6406245333418672,0.7327087999914663,0.0
5.0,8,crcfail_a,V250,0.01,5,0.9766666666666668,0.9596644821502104,0.9936688511831232,0.0
5.0,8,crcfail_a,V250,0.05,5,0.9766666666666668,0.9596644821502104,0.9936688511831232,0.0
5.0,8,crcfail_a,V250,0.1,5,0.9766666666666668,0.9596644821502104,0.9936688511831232,0.0
5.0,8,crcfail_a,V400,0.01,5,0.9966666666666667,0.990999271827848,1.0023340615054854,0.0
5.0,8,crcfail_a,V400,0.05,5,0.9966666666666667,0.990999271827848,1.0023340615054854,0.0
5.0,8,crcfail_a,V400,0.1,5,0.9966666666666667,0.990999271827848,1.0023340615054854,0.0
5.0,8,crcfail_d,DS200,0.01,5,0.0,0.0,0.0,0.0
5.0,8,crcfail_d,DS200,0.05,5,0.0,0.0,0.0,0.0
5.0,8,crcfail_d,DS200,0.1,5,0.0,0.0,0.0,0.0
5.0,8,crcfail_d,DS300,0.01,5,0.0016666666666666666,-0.0029607418419963214,0.006294075175329655,0.0
5.0,8,crcfail_d,DS300,0.05,5,0.0016666666666666666,-0.0029607418419963214,0.006294075175329655,0.0
5.0,8,crcfail_d,DS300,0.1,5,0.0016666666666666666,-0.0029607418419963214,0.006294075175329655,0.0
5.0,8,crcfail_d,DS600,0.01,5,0.7683333333333333,0.5993537048974973,0.9373129617691693,0.0
5.0,8,crcfail_d,DS600,0.05,5,0.7683333333333333,0.5993537048974973,0.9373129617691693,0.0
5.0,8,crcfail_d,DS600,0.1,5,0.7683333333333333,0.5993537048974973,0.9373129617691693,0.0
5.0,8,crcfail_d,DS1000,0.01,5,0.9883333333333333,0.9710191561052738,1.0056475105613927,0.0
5.0,8,crcfail_d,DS1000,0.05,5,0.9883333333333333,0.9710191561052738,1.0056475105613927,0.0
5.0,8,crcfail_d,DS1000,0.1,5,0.9883333333333333,0.9710191561052738,1.0056475105613927,0.0
5.0,8,crcfail_d,CDLA,0.01,5,0.0,0.0,0.0,0.0
5.0,8,crcfail_d,CDLA,0.05,5,0.0,0.0,0.0,0.0
5.0,8,crcfail_d,CDLA,0.1,5,0.0,0.0,0.0,0.0
5.0,8,crcfail_d,CDLB,0.01,5,0.003333333333333333,-0.0023340615054854644,0.00900072817215213,0.0
5.0,8,crcfail_d,CDLB,0.05,5,0.003333333333333333,-0.0023340615054854644,0.00900072817215213,0.0
5.0,8,crcfail_d,CDLB,0.1,5,0.003333333333333333,-0.0023340615054854644,0.00900072817215213,0.0
5.0,8,crcfail_d,CDLD,0.01,5,0.0,0.0,0.0,0.0
5.0,8,crcfail_d,CDLD,0.05,5,0.0,0.0,0.0,0.0
5.0,8,crcfail_d,CDLD,0.1,5,0.0,0.0,0.0,0.0
5.0,8,crcfail_d,CDLE,0.01,5,0.0,0.0,0.0,0.0
5.0,8,crcfail_d,CDLE,0.05,5,0.0,0.0,0.0,0.0
5.0,8,crcfail_d,CDLE,0.1,5,0.0,0.0,0.0,0.0
5.0,8,crcfail_d,S2,0.01,5,1.0,1.0,1.0,0.0
5.0,8,crcfail_d,S2,0.05,5,1.0,1.0,1.0,0.0
5.0,8,crcfail_d,S2,0.1,5,1.0,1.0,1.0,0.0
5.0,8,crcfail_d,V30,0.01,5,0.0,0.0,0.0,0.0
5.0,8,crcfail_d,V30,0.05,5,0.0,0.0,0.0,0.0
5.0,8,crcfail_d,V30,0.1,5,0.0,0.0,0.0,0.0
5.0,8,crcfail_d,V90,0.01,5,0.0,0.0,0.0,0.0
5.0,8,crcfail_d,V90,0.05,5,0.0,0.0,0.0,0.0
5.0,8,crcfail_d,V90,0.1,5,0.0,0.0,0.0,0.0
5.0,8,crcfail_d,V150,0.01,5,0.695,0.6434713596264195,0.7465286403735804,0.0
5.0,8,crcfail_d,V150,0.05,5,0.695,0.6434713596264195,0.7465286403735804,0.0
5.0,8,crcfail_d,V150,0.1,5,0.695,0.6434713596264195,0.7465286403735804,0.0
5.0,8,crcfail_d,V250,0.01,5,0.9766666666666668,0.9596644821502104,0.9936688511831232,0.0
5.0,8,crcfail_d,V250,0.05,5,0.9766666666666668,0.9596644821502104,0.9936688511831232,0.0
5.0,8,crcfail_d,V250,0.1,5,0.9766666666666668,0.9596644821502104,0.9936688511831232,0.0
5.0,8,crcfail_d,V400,0.01,5,0.9966666666666667,0.990999271827848,1.0023340615054854,0.0
5.0,8,crcfail_d,V400,0.05,5,0.9966666666666667,0.990999271827848,1.0023340615054854,0.0
5.0,8,crcfail_d,V400,0.1,5,0.9966666666666667,0.990999271827848,1.0023340615054854,0.0
5.0,8,cf,DS200,0.01,5,0.003333333333333333,-0.0023340615054854644,0.00900072817215213,0.005
5.0,8,cf,DS200,0.05,5,0.039999999999999994,0.017567804980517493,0.062432195019482495,0.023333333333333334
5.0,8,cf,DS200,0.1,5,0.09999999999999999,0.07361971268263903,0.12638028731736095,0.06000000000000001
5.0,8,cf,DS300,0.01,5,0.005,-0.0006673948388187974,0.010667394838818798,0.005
5.0,8,cf,DS300,0.05,5,0.025,0.00863964032102036,0.04136035967897964,0.023333333333333334
5.0,8,cf,DS300,0.1,5,0.058333333333333334,0.03519629079001839,0.08147037587664828,0.06666666666666667
5.0,8,cf,DS600,0.01,5,0.006666666666666666,-0.001990421947363064,0.015323755280696396,0.005
5.0,8,cf,DS600,0.05,5,0.05166666666666666,0.02488360357723341,0.0784497297560999,0.021666666666666667
5.0,8,cf,DS600,0.1,5,0.12166666666666667,0.09011194765300458,0.15322138568032878,0.06333333333333334
5.0,8,cf,DS1000,0.01,5,0.005,-0.004254817017325976,0.014254817017325977,0.005
5.0,8,cf,DS1000,0.05,5,0.06833333333333333,0.052985955558400154,0.0836807111082665,0.025
5.0,8,cf,DS1000,0.1,5,0.14166666666666666,0.12097226669660394,0.1623610666367294,0.06999999999999999
5.0,8,cf,CDLA,0.01,5,0.039999999999999994,0.015296398624444877,0.06470360137555511,0.005
5.0,8,cf,CDLA,0.05,5,0.14666666666666667,0.10686019353166701,0.18647313980166633,0.023333333333333334
5.0,8,cf,CDLA,0.1,5,0.29833333333333334,0.24387520293403064,0.35279146373263603,0.065
5.0,8,cf,CDLB,0.01,5,0.006666666666666666,-0.0068244315392391956,0.02015776487257253,0.005
5.0,8,cf,CDLB,0.05,5,0.028333333333333332,0.0165357101918144,0.040130956474852264,0.025
5.0,8,cf,CDLB,0.1,5,0.08,0.039526705382282416,0.12047329461771758,0.06333333333333332
5.0,8,cf,CDLD,0.01,5,1.0,1.0,1.0,0.005
5.0,8,cf,CDLD,0.05,5,1.0,1.0,1.0,0.023333333333333334
5.0,8,cf,CDLD,0.1,5,1.0,1.0,1.0,0.06
5.0,8,cf,CDLE,0.01,5,1.0,1.0,1.0,0.005
5.0,8,cf,CDLE,0.05,5,1.0,1.0,1.0,0.026666666666666665
5.0,8,cf,CDLE,0.1,5,1.0,1.0,1.0,0.07166666666666667
5.0,8,cf,S2,0.01,5,0.015,-0.006205449762430867,0.03620544976243087,0.005
5.0,8,cf,S2,0.05,5,0.09833333333333333,0.03564945267522829,0.16101721399143837,0.025
5.0,8,cf,S2,0.1,5,0.20833333333333331,0.12587971747465915,0.2907869491920075,0.06666666666666667
5.0,8,cf,V30,0.01,5,0.013333333333333332,0.0015357101918143986,0.025130956474852265,0.005
5.0,8,cf,V30,0.05,5,0.04833333333333333,0.03298595555840015,0.06368071110826651,0.025
5.0,8,cf,V30,0.1,5,0.09,0.06128768529040553,0.11871231470959447,0.06
5.0,8,cf,V90,0.01,5,0.011666666666666667,-0.0056475105613927965,0.028980843894726133,0.005
5.0,8,cf,V90,0.05,5,0.05166666666666666,0.017038312210547746,0.08629502112278557,0.023333333333333334
5.0,8,cf,V90,0.1,5,0.09166666666666666,0.061499653987135694,0.12183367934619763,0.06166666666666667
5.0,8,cf,V150,0.01,5,0.006666666666666666,-0.001990421947363064,0.015323755280696396,0.005
5.0,8,cf,V150,0.05,5,0.03333333333333333,0.0049963591392393515,0.06167030752742732,0.021666666666666667
5.0,8,cf,V150,0.1,5,0.065,0.0425678049805175,0.0874321950194825,0.06833333333333333
5.0,8,cf,V250,0.01,5,0.006666666666666666,-0.001990421947363064,0.015323755280696396,0.005
5.0,8,cf,V250,0.05,5,0.039999999999999994,0.026508901794094132,0.053491098205905856,0.025
5.0,8,cf,V250,0.1,5,0.07833333333333334,0.05037673845894454,0.10628992820772214,0.06166666666666667
5.0,8,cf,V400,0.01,5,0.0016666666666666666,-0.0029607418419963214,0.006294075175329655,0.005
5.0,8,cf,V400,0.05,5,0.02,0.008202376858481067,0.03179762314151893,0.025
5.0,8,cf,V400,0.1,5,0.058333333333333334,0.05101675805762431,0.06564990860904235,0.065
5.0,8,ct,DS200,0.01,5,0.023333333333333334,-0.0034497297560999243,0.05011639642276659,0.013333333333333332
5.0,8,ct,DS200,0.05,5,0.06833333333333333,-0.003875000428929548,0.1405416670955962,0.05499999999999999
5.0,8,ct,DS200,0.1,5,0.11499999999999999,0.01618559449777951,0.21381440550222047,0.10666666666666666
5.0,8,ct,DS300,0.01,5,0.021666666666666667,-0.009028088883199694,0.05236142221653303,0.015
5.0,8,ct,DS300,0.05,5,0.06,-0.015824575187557227,0.13582457518755722,0.05499999999999999
5.0,8,ct,DS300,0.1,5,0.11000000000000001,0.02677094122119318,0.19322905877880686,0.10666666666666666
5.0,8,ct,DS600,0.01,5,0.01666666666666667,-0.012599634436169422,0.04593296776950276,0.013333333333333332
5.0,8,ct,DS600,0.05,5,0.04666666666666667,-0.021812725721293454,0.1151460590546268,0.05500000000000001
5.0,8,ct,DS600,0.1,5,0.09833333333333334,0.01905730328625868,0.177609363380408,0.10333333333333332
5.0,8,ct,DS1000,0.01,5,0.018333333333333333,-0.0040988616861491675,0.040765528352815834,0.013333333333333332
5.0,8,ct,DS1000,0.05,5,0.06666666666666667,0.022161676729477456,0.11117165660385588,0.06
5.0,8,ct,DS1000,0.1,5,0.12,0.039984626837663614,0.20001537316233636,0.11333333333333333
5.0,8,ct,CDLA,0.01,5,0.011666666666666667,-0.0022155588593222985,0.02554889219265563,0.013333333333333332
5.0,8,ct,CDLA,0.05,5,0.058333333333333334,0.004072158842898542,0.11259450782376812,0.05500000000000001
5.0,8,ct,CDLA,0.1,5,0.10500000000000001,0.016714672452320972,0.19328532754767905,0.10333333333333335
5.0,8,ct,CDLB,0.01,5,0.015,-0.0074321950194825015,0.0374321950194825,0.016666666666666666
5.0,8,ct,CDLB,0.05,5,0.06499999999999999,-0.01461294626999933,0.14461294626999932,0.056666666666666664
5.0,8,ct,CDLB,0.1,5,0.11499999999999999,-0.000777723897065763,0.23077772389706575,0.11000000000000001
5.0,8,ct,CDLD,0.01,5,0.019999999999999997,-0.0059712658420891865,0.04597126584208918,0.011666666666666667
5.0,8,ct,CDLD,0.05,5,0.056666666666666664,-0.002048565006839545,0.11538189834017287,0.05499999999999999
5.0,8,ct,CDLD,0.1,5,0.09666666666666666,0.0005434621223990022,0.19278987121093433,0.10500000000000001
5.0,8,ct,CDLE,0.01,5,0.018333333333333333,0.0013311488168769418,0.03533551784978972,0.011666666666666667
5.0,8,ct,CDLE,0.05,5,0.05333333333333333,-0.0017114365826686531,0.1083781032493353,0.05333333333333333
5.0,8,ct,CDLE,0.1,5,0.10833333333333335,0.0239544709875983,0.1927121956790684,0.11000000000000001
5.0,8,ct,S2,0.01,5,0.008333333333333333,-0.009588542756816922,0.02625520942348359,0.011666666666666667
5.0,8,ct,S2,0.05,5,0.049999999999999996,0.018958400044905895,0.08104159995509409,0.05833333333333333
5.0,8,ct,S2,0.1,5,0.11499999999999999,0.047783008801525195,0.1822169911984748,0.11000000000000001
5.0,8,ct,V30,0.01,5,0.011666666666666667,-0.005647510561392793,0.028980843894726126,0.011666666666666667
5.0,8,ct,V30,0.05,5,0.045,-0.008566126178866505,0.09856612617886651,0.05833333333333333
5.0,8,ct,V30,0.1,5,0.08499999999999999,-0.0004505830381624637,0.17045058303816246,0.10666666666666666
5.0,8,ct,V90,0.01,5,0.03333333333333333,0.0014411210937094604,0.0652255455729572,0.015
5.0,8,ct,V90,0.05,5,0.085,0.026284768326493797,0.14371523167350622,0.056666666666666664
5.0,8,ct,V90,0.1,5,0.16666666666666666,0.07043214395592025,0.2629011893774131,0.10500000000000001
5.0,8,ct,V150,0.01,5,0.21666666666666665,0.13718831549929683,0.29614501783403646,0.015
5.0,8,ct,V150,0.05,5,0.36,0.2856008258962974,0.4343991741037026,0.05833333333333333
5.0,8,ct,V150,0.1,5,0.44499999999999995,0.3552115796495641,0.5347884203504357,0.10999999999999999
5.0,8,ct,V250,0.01,5,0.7283333333333333,0.6811428407672575,0.775523825899409,0.015
5.0,8,ct,V250,0.05,5,0.8066666666666669,0.7547241349824885,0.8586091983508453,0.058333333333333334
5.0,8,ct,V250,0.1,5,0.8466666666666667,0.7755038034711766,0.9178295298621567,0.11000000000000001
5.0,8,ct,V400,0.01,5,0.96,0.9294801447658573,0.9905198552341427,0.013333333333333332
5.0,8,ct,V400,0.05,5,0.97,0.9461789567417748,0.9938210432582252,0.056666666666666664
5.0,8,ct,V400,0.1,5,0.9766666666666668,0.956763430099167,0.9965699032341666,0.10833333333333332
5.0,8,ymag,DS200,0.01,5,0.01,0.00134291138597027,0.018657088614029732,0.009999999999999998
5.0,8,ymag,DS200,0.05,5,0.043333333333333335,0.011107162120431523,0.07555950454623514,0.056666666666666664
5.0,8,ymag,DS200,0.1,5,0.08,0.026935910447411504,0.1330640895525885,0.09166666666666666
5.0,8,ymag,DS300,0.01,5,0.003333333333333333,-0.0023340615054854644,0.00900072817215213,0.008333333333333333
5.0,8,ymag,DS300,0.05,5,0.019999999999999997,-0.001456410566075643,0.04145641056607564,0.05499999999999999
5.0,8,ymag,DS300,0.1,5,0.04833333333333333,0.009342096177668333,0.08732457048899833,0.08833333333333335
5.0,8,ymag,DS600,0.01,5,0.003333333333333333,-0.0023340615054854644,0.00900072817215213,0.008333333333333333
5.0,8,ymag,DS600,0.05,5,0.021666666666666667,-0.004304599175422523,0.04763793250875586,0.05500000000000001
5.0,8,ymag,DS600,0.1,5,0.04833333333333333,0.010034713238554545,0.08663195342811211,0.08833333333333335
5.0,8,ymag,DS1000,0.01,5,0.005,-0.004254817017325976,0.014254817017325977,0.009999999999999998
5.0,8,ymag,DS1000,0.05,5,0.023333333333333334,-0.017007478786151112,0.06367414545281778,0.05333333333333333
5.0,8,ymag,DS1000,0.1,5,0.045,-0.016039710468285416,0.10603971046828542,0.08
5.0,8,ymag,CDLA,0.01,5,0.003333333333333333,-0.005921483683992643,0.01258815035065931,0.008333333333333333
5.0,8,ymag,CDLA,0.05,5,0.030000000000000006,0.0001900059627490923,0.059809994037250916,0.058333333333333334
5.0,8,ymag,CDLA,0.1,5,0.05499999999999999,0.003993446450630822,0.10600655354936916,0.08833333333333333
5.0,8,ymag,CDLB,0.01,5,0.03,-0.014864390038965003,0.074864390038965,0.011666666666666667
5.0,8,ymag,CDLB,0.05,5,0.075,-0.014310183019644346,0.16431018301964434,0.05833333333333333
5.0,8,ymag,CDLB,0.1,5,0.12666666666666668,-0.0016135771567562518,0.2549469104900896,0.09333333333333334
5.0,8,ymag,CDLD,0.01,5,0.10166666666666668,-0.0606887816618184,0.26402211499515177,0.008333333333333333
5.0,8,ymag,CDLD,0.05,5,0.39499999999999996,-0.06638534854756989,0.8563853485475699,0.058333333333333334
5.0,8,ymag,CDLD,0.1,5,0.5650000000000001,0.06750516130753692,1.062494838692463,0.08833333333333333
5.0,8,ymag,CDLE,0.01,5,0.16666666666666666,-0.13438173390098682,0.4677150672343201,0.008333333333333333
5.0,8,ymag,CDLE,0.05,5,0.4333333333333333,-0.09040264096331291,0.9570693076299794,0.056666666666666664
5.0,8,ymag,CDLE,0.1,5,0.6016666666666667,0.07888213124081256,1.1244512020925208,0.08833333333333333
5.0,8,ymag,S2,0.01,5,0.018333333333333333,-0.009431117718644601,0.04609778438531127,0.008333333333333333
5.0,8,ymag,S2,0.05,5,0.056666666666666664,-0.004722844433066059,0.11805617776639939,0.06
5.0,8,ymag,S2,0.1,5,0.10500000000000001,-0.007065478294148844,0.21706547829414885,0.08833333333333333
5.0,8,ymag,V30,0.01,5,0.013333333333333332,-0.0005488921926556332,0.027215558859322298,0.009999999999999998
5.0,8,ymag,V30,0.05,5,0.06,0.02170137990522121,0.09829862009477879,0.058333333333333334
5.0,8,ymag,V30,0.1,5,0.09333333333333334,0.030223895306009135,0.15644277136065754,0.08333333333333334
5.0,8,ymag,V90,0.01,5,0.011666666666666667,-0.008503739393075556,0.03183707272640889,0.009999999999999998
5.0,8,ymag,V90,0.05,5,0.05333333333333333,0.012204026859996303,0.09446263980667036,0.05833333333333333
5.0,8,ymag,V90,0.1,5,0.10499999999999998,0.046193666283073455,0.16380633371692652,0.09333333333333332
5.0,8,ymag,V150,0.01,5,0.008333333333333335,-0.006299817218084713,0.022966483884751383,0.008333333333333333
5.0,8,ymag,V150,0.05,5,0.04333333333333333,-0.004308753183117034,0.09097541984978369,0.058333333333333334
5.0,8,ymag,V150,0.1,5,0.08333333333333334,0.015877842303804027,0.15078882436286267,0.08833333333333333
5.0,8,ymag,V250,0.01,5,0.013333333333333332,-0.005463288885825337,0.032129955552492,0.008333333333333333
5.0,8,ymag,V250,0.05,5,0.04333333333333333,0.005740088895015996,0.08092657777165066,0.056666666666666664
5.0,8,ymag,V250,0.1,5,0.075,0.02223942536527808,0.1277605746347219,0.08
5.0,8,ymag,V400,0.01,5,0.01,-0.008509634034651952,0.028509634034651954,0.008333333333333333
5.0,8,ymag,V400,0.05,5,0.04166666666666667,-0.011598805353687923,0.09493213868702127,0.056666666666666664
5.0,8,ymag,V400,0.1,5,0.06666666666666667,0.018688674087776788,0.11464465924555654,0.08666666666666667
5.0,32,resid,DS200,0.01,5,1.0,1.0,1.0,0.026666666666666665
5.0,32,resid,DS200,0.05,5,1.0,1.0,1.0,0.08
5.0,32,resid,DS200,0.1,5,1.0,1.0,1.0,0.13999999999999999
5.0,32,resid,DS300,0.01,5,1.0,1.0,1.0,0.02
5.0,32,resid,DS300,0.05,5,1.0,1.0,1.0,0.07999999999999999
5.0,32,resid,DS300,0.1,5,1.0,1.0,1.0,0.12666666666666665
5.0,32,resid,DS600,0.01,5,1.0,1.0,1.0,0.02
5.0,32,resid,DS600,0.05,5,1.0,1.0,1.0,0.08
5.0,32,resid,DS600,0.1,5,1.0,1.0,1.0,0.14666666666666667
5.0,32,resid,DS1000,0.01,5,1.0,1.0,1.0,0.02
5.0,32,resid,DS1000,0.05,5,1.0,1.0,1.0,0.08
5.0,32,resid,DS1000,0.1,5,1.0,1.0,1.0,0.14666666666666667
5.0,32,resid,CDLA,0.01,5,0.0,0.0,0.0,0.026666666666666665
5.0,32,resid,CDLA,0.05,5,0.0,0.0,0.0,0.08666666666666667
5.0,32,resid,CDLA,0.1,5,0.0,0.0,0.0,0.15333333333333332
5.0,32,resid,CDLB,0.01,5,0.9933333333333334,0.9748236992986814,1.0118429673679854,0.026666666666666665
5.0,32,resid,CDLB,0.05,5,0.9933333333333334,0.9748236992986814,1.0118429673679854,0.08
5.0,32,resid,CDLB,0.1,5,1.0,1.0,1.0,0.14666666666666667
5.0,32,resid,CDLD,0.01,5,0.2,-0.3552890210395588,0.7552890210395589,0.026666666666666665
5.0,32,resid,CDLD,0.05,5,0.22000000000000003,-0.32249334396940293,0.762493343969403,0.08
5.0,32,resid,CDLD,0.1,5,0.2666666666666667,-0.26578701381648784,0.7991203471498213,0.13999999999999999
5.0,32,resid,CDLE,0.01,5,0.25333333333333335,-0.27879852561514246,0.7854651922818092,0.026666666666666665
5.0,32,resid,CDLE,0.05,5,0.38,-0.1456540537901574,0.9056540537901574,0.08666666666666667
5.0,32,resid,CDLE,0.1,5,0.45999999999999996,-0.06222104081414592,0.9822210408141459,0.13999999999999999
5.0,32,resid,S2,0.01,5,1.0,1.0,1.0,0.026666666666666665
5.0,32,resid,S2,0.05,5,1.0,1.0,1.0,0.08666666666666667
5.0,32,resid,S2,0.1,5,1.0,1.0,1.0,0.14666666666666667
5.0,32,resid,V30,0.01,5,0.03333333333333334,-0.008055466606792128,0.07472213327345881,0.02
5.0,32,resid,V30,0.05,5,0.06666666666666668,-0.010764687846172988,0.14409802117950635,0.08
5.0,32,resid,V30,0.1,5,0.12,0.0007600238509963136,0.23923997614900366,0.13999999999999999
5.0,32,resid,V90,0.01,5,0.1,-0.05207216137916354,0.25207216137916355,0.02
5.0,32,resid,V90,0.05,5,0.2066666666666667,-0.0388913777322642,0.4522247110655976,0.08
5.0,32,resid,V90,0.1,5,0.3066666666666667,0.07180573997264186,0.5415275933606916,0.12666666666666665
5.0,32,resid,V150,0.01,5,0.42000000000000004,0.1978843915841766,0.6421156084158235,0.026666666666666665
5.0,32,resid,V150,0.05,5,0.6666666666666666,0.4000379743620408,0.9332953589712925,0.08666666666666667
5.0,32,resid,V150,0.1,5,0.8066666666666666,0.5718057399726417,1.0415275933606916,0.13999999999999999
5.0,32,resid,V250,0.01,5,0.9933333333333334,0.9748236992986814,1.0118429673679854,0.02
5.0,32,resid,V250,0.05,5,1.0,1.0,1.0,0.08
5.0,32,resid,V250,0.1,5,1.0,1.0,1.0,0.13999999999999999
5.0,32,resid,V400,0.01,5,1.0,1.0,1.0,0.02
5.0,32,resid,V400,0.05,5,1.0,1.0,1.0,0.07333333333333333
5.0,32,resid,V400,0.1,5,1.0,1.0,1.0,0.12666666666666665
5.0,32,tdisp,DS200,0.01,5,0.13333333333333336,-0.0070229160664097845,0.27368958273307653,0.026666666666666665
5.0,32,tdisp,DS200,0.05,5,0.2666666666666667,0.009855916738585269,0.5234774165947482,0.04666666666666667
5.0,32,tdisp,DS200,0.1,5,0.38666666666666666,0.06526990959346762,0.7080634237398657,0.1
5.0,32,tdisp,DS300,0.01,5,0.6066666666666667,0.44267089129548665,0.7706624420378467,0.02
5.0,32,tdisp,DS300,0.05,5,0.7933333333333333,0.6487684701130421,0.9378981965536246,0.04
5.0,32,tdisp,DS300,0.1,5,0.8733333333333333,0.7258358212928132,1.0208308453738535,0.09333333333333334
5.0,32,tdisp,DS600,0.01,5,0.7866666666666666,0.5174803264328764,1.0558530069004568,0.02
5.0,32,tdisp,DS600,0.05,5,0.8933333333333333,0.7548199155088576,1.031846751157809,0.04666666666666667
5.0,32,tdisp,DS600,0.1,5,0.9333333333333333,0.8126652826152095,1.0540013840514573,0.1
5.0,32,tdisp,DS1000,0.01,5,0.8666666666666666,0.6725359871473231,1.06079734618601,0.02
5.0,32,tdisp,DS1000,0.05,5,0.9466666666666667,0.84278160329831,1.0505517300350233,0.04666666666666667
5.0,32,tdisp,DS1000,0.1,5,0.9666666666666668,0.9159759462069457,1.017357387126388,0.1
5.0,32,tdisp,CDLA,0.01,5,0.013333333333333332,-0.009336246021941857,0.03600291268860852,0.026666666666666665
5.0,32,tdisp,CDLA,0.05,5,0.04,-0.013964392823623446,0.09396439282362345,0.04666666666666667
5.0,32,tdisp,CDLA,0.1,5,0.09333333333333334,-0.005481072168887144,0.1921477388355538,0.10666666666666666
5.0,32,tdisp,CDLB,0.01,5,0.13999999999999999,-0.0015714776982272138,0.2815714776982272,0.02
5.0,32,tdisp,CDLB,0.05,5,0.28666666666666674,0.09121685070669408,0.4821164826266394,0.04666666666666667
5.0,32,tdisp,CDLB,0.1,5,0.4333333333333334,0.20663753978058155,0.6600291268860853,0.1
5.0,32,tdisp,CDLD,0.01,5,0.039999999999999994,-0.005339158710550386,0.08533915871055037,0.02
5.0,32,tdisp,CDLD,0.05,5,0.12666666666666665,-0.05231297636863988,0.30564630970197315,0.04
5.0,32,tdisp,CDLD,0.1,5,0.18666666666666668,-0.048558668201039434,0.4218920015343728,0.1
5.0,32,tdisp,CDLE,0.01,5,0.05333333333333333,-0.054595452313913564,0.16126211898058024,0.02
5.0,32,tdisp,CDLE,0.05,5,0.14666666666666667,-0.035161637723315486,0.3284949710566488,0.04666666666666667
5.0,32,tdisp,CDLE,0.1,5,0.21333333333333332,-0.02189200153437279,0.4485586682010394,0.1
5.0,32,tdisp,S2,0.01,5,0.8866666666666667,0.7475362595175961,1.0257970738157374,0.02
5.0,32,tdisp,S2,0.05,5,0.9266666666666667,0.8081471803533748,1.0451861529799586,0.04666666666666667
5.0,32,tdisp,S2,0.1,5,0.9600000000000002,0.8702712199220701,1.0497287800779302,0.1
5.0,32,tdisp,V30,0.01,5,0.06000000000000001,0.006035607176376578,0.11396439282362344,0.02
5.0,32,tdisp,V30,0.05,5,0.16,0.012502487959479891,0.3074975120405201,0.04666666666666667
5.0,32,tdisp,V30,0.1,5,0.2533333333333333,0.02929793460765584,0.47736873205901076,0.10666666666666666
5.0,32,tdisp,V90,0.01,5,0.9199999999999999,0.882980731930696,0.9570192680693038,0.02
5.0,32,tdisp,V90,0.05,5,0.9866666666666667,0.9639970873113916,1.009336246021942,0.04666666666666667
5.0,32,tdisp,V90,0.1,5,1.0,1.0,1.0,0.10666666666666666
5.0,32,tdisp,V150,0.01,5,1.0,1.0,1.0,0.026666666666666665
5.0,32,tdisp,V150,0.05,5,1.0,1.0,1.0,0.04666666666666667
5.0,32,tdisp,V150,0.1,5,1.0,1.0,1.0,0.1
5.0,32,tdisp,V250,0.01,5,1.0,1.0,1.0,0.02
5.0,32,tdisp,V250,0.05,5,1.0,1.0,1.0,0.04666666666666667
5.0,32,tdisp,V250,0.1,5,1.0,1.0,1.0,0.1
5.0,32,tdisp,V400,0.01,5,1.0,1.0,1.0,0.02
5.0,32,tdisp,V400,0.05,5,1.0,1.0,1.0,0.04666666666666667
5.0,32,tdisp,V400,0.1,5,1.0,1.0,1.0,0.10666666666666666
5.0,32,comb,DS200,0.01,5,1.0,1.0,1.0,0.02
5.0,32,comb,DS200,0.05,5,1.0,1.0,1.0,0.08666666666666667
5.0,32,comb,DS200,0.1,5,1.0,1.0,1.0,0.13333333333333333
5.0,32,comb,DS300,0.01,5,1.0,1.0,1.0,0.026666666666666665
5.0,32,comb,DS300,0.05,5,1.0,1.0,1.0,0.08666666666666667
5.0,32,comb,DS300,0.1,5,1.0,1.0,1.0,0.13999999999999999
5.0,32,comb,DS600,0.01,5,1.0,1.0,1.0,0.026666666666666665
5.0,32,comb,DS600,0.05,5,1.0,1.0,1.0,0.08666666666666667
5.0,32,comb,DS600,0.1,5,1.0,1.0,1.0,0.14666666666666667
5.0,32,comb,DS1000,0.01,5,1.0,1.0,1.0,0.02
5.0,32,comb,DS1000,0.05,5,1.0,1.0,1.0,0.08666666666666667
5.0,32,comb,DS1000,0.1,5,1.0,1.0,1.0,0.13333333333333333
5.0,32,comb,CDLA,0.01,5,0.0,0.0,0.0,0.02
5.0,32,comb,CDLA,0.05,5,0.0,0.0,0.0,0.08666666666666667
5.0,32,comb,CDLA,0.1,5,0.013333333333333332,-0.02368593473597057,0.05035260140263724,0.13333333333333333
5.0,32,comb,CDLB,0.01,5,0.9333333333333333,0.7899583246121313,1.0767083420545354,0.026666666666666665
5.0,32,comb,CDLB,0.05,5,0.9666666666666666,0.8949791623060656,1.0383541710272675,0.08666666666666667
5.0,32,comb,CDLB,0.1,5,0.9866666666666667,0.9496473985973628,1.0236859347359706,0.13333333333333333
5.0,32,comb,CDLD,0.01,5,0.2,-0.3552890210395588,0.7552890210395589,0.026666666666666665
5.0,32,comb,CDLD,0.05,5,0.2,-0.3552890210395588,0.7552890210395589,0.08666666666666667
5.0,32,comb,CDLD,0.1,5,0.21333333333333332,-0.3338760658298718,0.7605427324965384,0.13333333333333333
5.0,32,comb,CDLE,0.01,5,0.22000000000000003,-0.32249334396940293,0.762493343969403,0.026666666666666665
5.0,32,comb,CDLE,0.05,5,0.26000000000000006,-0.26140032517132933,0.7814003251713295,0.08666666666666667
5.0,32,comb,CDLE,0.1,5,0.3333333333333333,-0.14577666437577297,0.8124433310424396,0.13333333333333333
5.0,32,comb,S2,0.01,5,1.0,1.0,1.0,0.026666666666666665
5.0,32,comb,S2,0.05,5,1.0,1.0,1.0,0.08666666666666667
5.0,32,comb,S2,0.1,5,1.0,1.0,1.0,0.14666666666666667
5.0,32,comb,V30,0.01,5,0.06,-0.02482179904972344,0.14482179904972342,0.02
5.0,32,comb,V30,0.05,5,0.1,-0.005521149269443831,0.20552114926944384,0.08666666666666667
5.0,32,comb,V30,0.1,5,0.16666666666666666,0.029395546742186446,0.3039377865911469,0.14666666666666667
5.0,32,comb,V90,0.01,5,0.8333333333333333,0.6703854650211094,0.9962812016455571,0.02
5.0,32,comb,V90,0.05,5,0.9266666666666667,0.8586579286008412,0.9946754047324923,0.08666666666666667
5.0,32,comb,V90,0.1,5,0.9666666666666668,0.9159759462069457,1.017357387126388,0.13333333333333333
5.0,32,comb,V150,0.01,5,1.0,1.0,1.0,0.02
5.0,32,comb,V150,0.05,5,1.0,1.0,1.0,0.08666666666666667
5.0,32,comb,V150,0.1,5,1.0,1.0,1.0,0.14666666666666667
5.0,32,comb,V250,0.01,5,1.0,1.0,1.0,0.026666666666666665
5.0,32,comb,V250,0.05,5,1.0,1.0,1.0,0.08666666666666667
5.0,32,comb,V250,0.1,5,1.0,1.0,1.0,0.13333333333333333
5.0,32,comb,V400,0.01,5,1.0,1.0,1.0,0.026666666666666665
5.0,32,comb,V400,0.05,5,1.0,1.0,1.0,0.08666666666666667
5.0,32,comb,V400,0.1,5,1.0,1.0,1.0,0.13333333333333333
5.0,32,conf_a,DS200,0.01,5,1.0,1.0,1.0,0.05333333333333333
5.0,32,conf_a,DS200,0.05,5,1.0,1.0,1.0,0.10666666666666666
5.0,32,conf_a,DS200,0.1,5,1.0,1.0,1.0,0.16666666666666666
5.0,32,conf_a,DS300,0.01,5,1.0,1.0,1.0,0.06
5.0,32,conf_a,DS300,0.05,5,1.0,1.0,1.0,0.11333333333333333
5.0,32,conf_a,DS300,0.1,5,1.0,1.0,1.0,0.16
5.0,32,conf_a,DS600,0.01,5,1.0,1.0,1.0,0.05333333333333333
5.0,32,conf_a,DS600,0.05,5,1.0,1.0,1.0,0.11333333333333333
5.0,32,conf_a,DS600,0.1,5,1.0,1.0,1.0,0.16
5.0,32,conf_a,DS1000,0.01,5,1.0,1.0,1.0,0.05333333333333333
5.0,32,conf_a,DS1000,0.05,5,1.0,1.0,1.0,0.10666666666666666
5.0,32,conf_a,DS1000,0.1,5,1.0,1.0,1.0,0.16
5.0,32,conf_a,CDLA,0.01,5,0.0,0.0,0.0,0.06
5.0,32,conf_a,CDLA,0.05,5,0.006666666666666666,-0.011842967367985286,0.02517630070131862,0.11333333333333333
5.0,32,conf_a,CDLA,0.1,5,0.013333333333333332,-0.02368593473597057,0.05035260140263724,0.15333333333333332
5.0,32,conf_a,CDLB,0.01,5,1.0,1.0,1.0,0.05333333333333333
5.0,32,conf_a,CDLB,0.05,5,1.0,1.0,1.0,0.11333333333333333
5.0,32,conf_a,CDLB,0.1,5,1.0,1.0,1.0,0.16
5.0,32,conf_a,CDLD,0.01,5,0.38,0.0022492502346358467,0.7577507497653642,0.05333333333333333
5.0,32,conf_a,CDLD,0.05,5,0.5599999999999999,0.13247152662820916,0.9875284733717907,0.10666666666666666
5.0,32,conf_a,CDLD,0.1,5,0.6533333333333333,0.18270063586050972,1.123966030806157,0.16
5.0,32,conf_a,CDLE,0.01,5,0.8666666666666666,0.5191485957493358,1.2141847375839974,0.06
5.0,32,conf_a,CDLE,0.05,5,0.9266666666666665,0.723060692285495,1.130272641047838,0.11333333333333333
5.0,32,conf_a,CDLE,0.1,5,0.9266666666666665,0.723060692285495,1.130272641047838,0.16
5.0,32,conf_a,S2,0.01,5,1.0,1.0,1.0,0.06
5.0,32,conf_a,S2,0.05,5,1.0,1.0,1.0,0.11333333333333333
5.0,32,conf_a,S2,0.1,5,1.0,1.0,1.0,0.16666666666666666
5.0,32,conf_a,V30,0.01,5,0.13333333333333333,-0.03222186642716854,0.29888853309383523,0.05333333333333333
5.0,32,conf_a,V30,0.05,5,0.28,-0.020745955506538682,0.5807459555065387,0.11333333333333333
5.0,32,conf_a,V30,0.1,5,0.33999999999999997,0.04675224710787085,0.6332477528921291,0.16666666666666666
5.0,32,conf_a,V90,0.01,5,0.9533333333333334,0.9061428407672576,1.0005238258994091,0.04666666666666667
5.0,32,conf_a,V90,0.05,5,0.9866666666666667,0.9639970873113916,1.009336246021942,0.11333333333333333
5.0,32,conf_a,V90,0.1,5,0.9933333333333334,0.9748236992986814,1.0118429673679854,0.16
5.0,32,conf_a,V150,0.01,5,1.0,1.0,1.0,0.06
5.0,32,conf_a,V150,0.05,5,1.0,1.0,1.0,0.11333333333333333
5.0,32,conf_a,V150,0.1,5,1.0,1.0,1.0,0.15333333333333332
5.0,32,conf_a,V250,0.01,5,1.0,1.0,1.0,0.06
5.0,32,conf_a,V250,0.05,5,1.0,1.0,1.0,0.10666666666666666
5.0,32,conf_a,V250,0.1,5,1.0,1.0,1.0,0.16
5.0,32,conf_a,V400,0.01,5,1.0,1.0,1.0,0.05333333333333333
5.0,32,conf_a,V400,0.05,5,1.0,1.0,1.0,0.10666666666666666
5.0,32,conf_a,V400,0.1,5,1.0,1.0,1.0,0.15333333333333332
5.0,32,conf_d,DS200,0.01,5,1.0,1.0,1.0,0.04
5.0,32,conf_d,DS200,0.05,5,1.0,1.0,1.0,0.12
5.0,32,conf_d,DS200,0.1,5,1.0,1.0,1.0,0.13999999999999999
5.0,32,conf_d,DS300,0.01,5,1.0,1.0,1.0,0.04
5.0,32,conf_d,DS300,0.05,5,1.0,1.0,1.0,0.12
5.0,32,conf_d,DS300,0.1,5,1.0,1.0,1.0,0.13999999999999999
5.0,32,conf_d,DS600,0.01,5,1.0,1.0,1.0,0.04
5.0,32,conf_d,DS600,0.05,5,1.0,1.0,1.0,0.12
5.0,32,conf_d,DS600,0.1,5,1.0,1.0,1.0,0.13999999999999999
5.0,32,conf_d,DS1000,0.01,5,1.0,1.0,1.0,0.04
5.0,32,conf_d,DS1000,0.05,5,1.0,1.0,1.0,0.12
5.0,32,conf_d,DS1000,0.1,5,1.0,1.0,1.0,0.13333333333333336
5.0,32,conf_d,CDLA,0.01,5,0.0,0.0,0.0,0.04666666666666667
5.0,32,conf_d,CDLA,0.05,5,0.0,0.0,0.0,0.12
5.0,32,conf_d,CDLA,0.1,5,0.006666666666666666,-0.011842967367985286,0.02517630070131862,0.13999999999999999
5.0,32,conf_d,CDLB,0.01,5,1.0,1.0,1.0,0.04
5.0,32,conf_d,CDLB,0.05,5,1.0,1.0,1.0,0.12
5.0,32,conf_d,CDLB,0.1,5,1.0,1.0,1.0,0.13999999999999999
5.0,32,conf_d,CDLD,0.01,5,0.8266666666666668,0.5658843808587459,1.0874489524745876,0.053333333333333344
5.0,32,conf_d,CDLD,0.05,5,0.9066666666666666,0.7453034181887288,1.0680299151446044,0.12
5.0,32,conf_d,CDLD,0.1,5,0.9400000000000001,0.8144615541101042,1.065538445889896,0.13999999999999999
5.0,32,conf_d,CDLE,0.01,5,1.0,1.0,1.0,0.04
5.0,32,conf_d,CDLE,0.05,5,1.0,1.0,1.0,0.11333333333333333
5.0,32,conf_d,CDLE,0.1,5,1.0,1.0,1.0,0.13999999999999999
5.0,32,conf_d,S2,0.01,5,1.0,1.0,1.0,0.04
5.0,32,conf_d,S2,0.05,5,1.0,1.0,1.0,0.12
5.0,32,conf_d,S2,0.1,5,1.0,1.0,1.0,0.13999999999999999
5.0,32,conf_d,V30,0.01,5,0.13333333333333333,-0.05633397531567538,0.323000641982342,0.04666666666666667
5.0,32,conf_d,V30,0.05,5,0.26666666666666666,0.008193693884471387,0.5251396394488619,0.12
5.0,32,conf_d,V30,0.1,5,0.35333333333333333,0.0905877905595418,0.6160788761071249,0.13999999999999999
5.0,32,conf_d,V90,0.01,5,0.9933333333333334,0.9748236992986814,1.0118429673679854,0.04666666666666667
5.0,32,conf_d,V90,0.05,5,0.9933333333333334,0.9748236992986814,1.0118429673679854,0.12
5.0,32,conf_d,V90,0.1,5,1.0,1.0,1.0,0.13333333333333336
5.0,32,conf_d,V150,0.01,5,1.0,1.0,1.0,0.04666666666666667
5.0,32,conf_d,V150,0.05,5,1.0,1.0,1.0,0.11333333333333333
5.0,32,conf_d,V150,0.1,5,1.0,1.0,1.0,0.13999999999999999
5.0,32,conf_d,V250,0.01,5,1.0,1.0,1.0,0.04
5.0,32,conf_d,V250,0.05,5,1.0,1.0,1.0,0.12
5.0,32,conf_d,V250,0.1,5,1.0,1.0,1.0,0.13999999999999999
5.0,32,conf_d,V400,0.01,5,1.0,1.0,1.0,0.04
5.0,32,conf_d,V400,0.05,5,1.0,1.0,1.0,0.11333333333333333
5.0,32,conf_d,V400,0.1,5,1.0,1.0,1.0,0.13999999999999999
5.0,32,crcfail_a,DS200,0.01,5,0.0,0.0,0.0,0.0
5.0,32,crcfail_a,DS200,0.05,5,0.0,0.0,0.0,0.0
5.0,32,crcfail_a,DS200,0.1,5,0.0,0.0,0.0,0.0
5.0,32,crcfail_a,DS300,0.01,5,0.0,0.0,0.0,0.0
5.0,32,crcfail_a,DS300,0.05,5,0.0,0.0,0.0,0.0
5.0,32,crcfail_a,DS300,0.1,5,0.0,0.0,0.0,0.0
5.0,32,crcfail_a,DS600,0.01,5,0.8800000000000001,0.6677436417896461,1.0922563582103542,0.0
5.0,32,crcfail_a,DS600,0.05,5,0.8800000000000001,0.6677436417896461,1.0922563582103542,0.0
5.0,32,crcfail_a,DS600,0.1,5,0.8800000000000001,0.6677436417896461,1.0922563582103542,0.0
5.0,32,crcfail_a,DS1000,0.01,5,1.0,1.0,1.0,0.0
5.0,32,crcfail_a,DS1000,0.05,5,1.0,1.0,1.0,0.0
5.0,32,crcfail_a,DS1000,0.1,5,1.0,1.0,1.0,0.0
5.0,32,crcfail_a,CDLA,0.01,5,0.0,0.0,0.0,0.0
5.0,32,crcfail_a,CDLA,0.05,5,0.0,0.0,0.0,0.0
5.0,32,crcfail_a,CDLA,0.1,5,0.0,0.0,0.0,0.0
5.0,32,crcfail_a,CDLB,0.01,5,0.013333333333333332,-0.009336246021941857,0.03600291268860852,0.0
5.0,32,crcfail_a,CDLB,0.05,5,0.013333333333333332,-0.009336246021941857,0.03600291268860852,0.0
5.0,32,crcfail_a,CDLB,0.1,5,0.013333333333333332,-0.009336246021941857,0.03600291268860852,0.0
5.0,32,crcfail_a,CDLD,0.01,5,0.0,0.0,0.0,0.0
5.0,32,crcfail_a,CDLD,0.05,5,0.0,0.0,0.0,0.0
5.0,32,crcfail_a,CDLD,0.1,5,0.0,0.0,0.0,0.0
5.0,32,crcfail_a,CDLE,0.01,5,0.0,0.0,0.0,0.0
5.0,32,crcfail_a,CDLE,0.05,5,0.0,0.0,0.0,0.0
5.0,32,crcfail_a,CDLE,0.1,5,0.0,0.0,0.0,0.0
5.0,32,crcfail_a,S2,0.01,5,1.0,1.0,1.0,0.0
5.0,32,crcfail_a,S2,0.05,5,1.0,1.0,1.0,0.0
5.0,32,crcfail_a,S2,0.1,5,1.0,1.0,1.0,0.0
5.0,32,crcfail_a,V30,0.01,5,0.0,0.0,0.0,0.0
5.0,32,crcfail_a,V30,0.05,5,0.0,0.0,0.0,0.0
5.0,32,crcfail_a,V30,0.1,5,0.0,0.0,0.0,0.0
5.0,32,crcfail_a,V90,0.01,5,0.0,0.0,0.0,0.0
5.0,32,crcfail_a,V90,0.05,5,0.0,0.0,0.0,0.0
5.0,32,crcfail_a,V90,0.1,5,0.0,0.0,0.0,0.0
5.0,32,crcfail_a,V150,0.01,5,0.9866666666666667,0.9639970873113916,1.009336246021942,0.0
5.0,32,crcfail_a,V150,0.05,5,0.9866666666666667,0.9639970873113916,1.009336246021942,0.0
5.0,32,crcfail_a,V150,0.1,5,0.9866666666666667,0.9639970873113916,1.009336246021942,0.0
5.0,32,crcfail_a,V250,0.01,5,1.0,1.0,1.0,0.0
5.0,32,crcfail_a,V250,0.05,5,1.0,1.0,1.0,0.0
5.0,32,crcfail_a,V250,0.1,5,1.0,1.0,1.0,0.0
5.0,32,crcfail_a,V400,0.01,5,1.0,1.0,1.0,0.0
5.0,32,crcfail_a,V400,0.05,5,1.0,1.0,1.0,0.0
5.0,32,crcfail_a,V400,0.1,5,1.0,1.0,1.0,0.0
5.0,32,crcfail_d,DS200,0.01,5,0.0,0.0,0.0,0.0
5.0,32,crcfail_d,DS200,0.05,5,0.0,0.0,0.0,0.0
5.0,32,crcfail_d,DS200,0.1,5,0.0,0.0,0.0,0.0
5.0,32,crcfail_d,DS300,0.01,5,0.006666666666666666,-0.011842967367985286,0.02517630070131862,0.0
5.0,32,crcfail_d,DS300,0.05,5,0.006666666666666666,-0.011842967367985286,0.02517630070131862,0.0
5.0,32,crcfail_d,DS300,0.1,5,0.006666666666666666,-0.011842967367985286,0.02517630070131862,0.0
5.0,32,crcfail_d,DS600,0.01,5,0.9933333333333334,0.9748236992986814,1.0118429673679854,0.0
5.0,32,crcfail_d,DS600,0.05,5,0.9933333333333334,0.9748236992986814,1.0118429673679854,0.0
5.0,32,crcfail_d,DS600,0.1,5,0.9933333333333334,0.9748236992986814,1.0118429673679854,0.0
5.0,32,crcfail_d,DS1000,0.01,5,1.0,1.0,1.0,0.0
5.0,32,crcfail_d,DS1000,0.05,5,1.0,1.0,1.0,0.0
5.0,32,crcfail_d,DS1000,0.1,5,1.0,1.0,1.0,0.0
5.0,32,crcfail_d,CDLA,0.01,5,0.0,0.0,0.0,0.0
5.0,32,crcfail_d,CDLA,0.05,5,0.0,0.0,0.0,0.0
5.0,32,crcfail_d,CDLA,0.1,5,0.0,0.0,0.0,0.0
5.0,32,crcfail_d,CDLB,0.01,5,0.013333333333333332,-0.009336246021941857,0.03600291268860852,0.0
5.0,32,crcfail_d,CDLB,0.05,5,0.013333333333333332,-0.009336246021941857,0.03600291268860852,0.0
5.0,32,crcfail_d,CDLB,0.1,5,0.013333333333333332,-0.009336246021941857,0.03600291268860852,0.0
5.0,32,crcfail_d,CDLD,0.01,5,0.0,0.0,0.0,0.0
5.0,32,crcfail_d,CDLD,0.05,5,0.0,0.0,0.0,0.0
5.0,32,crcfail_d,CDLD,0.1,5,0.0,0.0,0.0,0.0
5.0,32,crcfail_d,CDLE,0.01,5,0.0,0.0,0.0,0.0
5.0,32,crcfail_d,CDLE,0.05,5,0.0,0.0,0.0,0.0
5.0,32,crcfail_d,CDLE,0.1,5,0.0,0.0,0.0,0.0
5.0,32,crcfail_d,S2,0.01,5,1.0,1.0,1.0,0.0
5.0,32,crcfail_d,S2,0.05,5,1.0,1.0,1.0,0.0
5.0,32,crcfail_d,S2,0.1,5,1.0,1.0,1.0,0.0
5.0,32,crcfail_d,V30,0.01,5,0.0,0.0,0.0,0.0
5.0,32,crcfail_d,V30,0.05,5,0.0,0.0,0.0,0.0
5.0,32,crcfail_d,V30,0.1,5,0.0,0.0,0.0,0.0
5.0,32,crcfail_d,V90,0.01,5,0.0,0.0,0.0,0.0
5.0,32,crcfail_d,V90,0.05,5,0.0,0.0,0.0,0.0
5.0,32,crcfail_d,V90,0.1,5,0.0,0.0,0.0,0.0
5.0,32,crcfail_d,V150,0.01,5,0.9933333333333334,0.9748236992986814,1.0118429673679854,0.0
5.0,32,crcfail_d,V150,0.05,5,0.9933333333333334,0.9748236992986814,1.0118429673679854,0.0
5.0,32,crcfail_d,V150,0.1,5,0.9933333333333334,0.9748236992986814,1.0118429673679854,0.0
5.0,32,crcfail_d,V250,0.01,5,1.0,1.0,1.0,0.0
5.0,32,crcfail_d,V250,0.05,5,1.0,1.0,1.0,0.0
5.0,32,crcfail_d,V250,0.1,5,1.0,1.0,1.0,0.0
5.0,32,crcfail_d,V400,0.01,5,1.0,1.0,1.0,0.0
5.0,32,crcfail_d,V400,0.05,5,1.0,1.0,1.0,0.0
5.0,32,crcfail_d,V400,0.1,5,1.0,1.0,1.0,0.0
5.0,32,cf,DS200,0.01,5,0.006666666666666666,-0.011842967367985286,0.02517630070131862,0.006666666666666666
5.0,32,cf,DS200,0.05,5,0.02,-0.017019268069303903,0.05701926806930391,0.013333333333333332
5.0,32,cf,DS200,0.1,5,0.04666666666666667,0.009647398597362751,0.08368593473597058,0.03333333333333333
5.0,32,cf,DS300,0.01,5,0.006666666666666666,-0.011842967367985286,0.02517630070131862,0.006666666666666666
5.0,32,cf,DS300,0.05,5,0.02,-0.0026695793552751895,0.04266957935527519,0.013333333333333332
5.0,32,cf,DS300,0.1,5,0.05333333333333333,0.006142840767257594,0.10052382589940906,0.03333333333333333
5.0,32,cf,DS600,0.01,5,0.013333333333333332,-0.009336246021941857,0.03600291268860852,0.006666666666666666
5.0,32,cf,DS600,0.05,5,0.09333333333333334,-0.005481072168887144,0.1921477388355538,0.013333333333333332
5.0,32,cf,DS600,0.1,5,0.18,0.015482774106651886,0.3445172258933481,0.026666666666666665
5.0,32,cf,DS1000,0.01,5,0.02,-0.0026695793552751895,0.04266957935527519,0.006666666666666666
5.0,32,cf,DS1000,0.05,5,0.1,0.07073369889716391,0.1292663011028361,0.013333333333333332
5.0,32,cf,DS1000,0.1,5,0.16666666666666666,0.12527786672654118,0.20805546660679214,0.03333333333333333
5.0,32,cf,CDLA,0.01,5,0.16,0.08038705373000066,0.23961294626999935,0.006666666666666666
5.0,32,cf,CDLA,0.05,5,0.38666666666666666,0.3174099577544288,0.4559233755789045,0.013333333333333332
5.0,32,cf,CDLA,0.1,5,0.5266666666666666,0.3977619818150594,0.6555713515182738,0.03333333333333333
5.0,32,cf,CDLB,0.01,5,0.02,-0.03552890210395586,0.07552890210395587,0.006666666666666666
5.0,32,cf,CDLB,0.05,5,0.026666666666666665,-0.027297726156956782,0.08063105949029012,0.02
5.0,32,cf,CDLB,0.1,5,0.08666666666666667,0.01740995775442883,0.1559233755789045,0.03333333333333333
5.0,32,cf,CDLD,0.01,5,1.0,1.0,1.0,0.006666666666666666
5.0,32,cf,CDLD,0.05,5,1.0,1.0,1.0,0.013333333333333332
5.0,32,cf,CDLD,0.1,5,1.0,1.0,1.0,0.03333333333333333
5.0,32,cf,CDLE,0.01,5,1.0,1.0,1.0,0.006666666666666666
5.0,32,cf,CDLE,0.05,5,1.0,1.0,1.0,0.02
5.0,32,cf,CDLE,0.1,5,1.0,1.0,1.0,0.03333333333333333
5.0,32,cf,S2,0.01,5,0.07333333333333333,-0.01639544674459667,0.16306211341126334,0.006666666666666666
5.0,32,cf,S2,0.05,5,0.22000000000000003,0.09722097780053461,0.34277902219946543,0.013333333333333332
5.0,32,cf,S2,0.1,5,0.36,0.23109531514839274,0.4889046848516072,0.026666666666666665
5.0,32,cf,V30,0.01,5,0.013333333333333332,-0.009336246021941857,0.03600291268860852,0.006666666666666666
5.0,32,cf,V30,0.05,5,0.05333333333333333,-0.01592337557890451,0.12259004224557117,0.013333333333333332
5.0,32,cf,V30,0.1,5,0.09333333333333334,0.013720387063333991,0.1729462796033327,0.03333333333333333
5.0,32,cf,V90,0.01,5,0.0,0.0,0.0,0.006666666666666666
5.0,32,cf,V90,0.05,5,0.02,-0.0026695793552751895,0.04266957935527519,0.013333333333333332
5.0,32,cf,V90,0.1,5,0.06,-0.001389511099732725,0.12138951109973273,0.026666666666666665
5.0,32,cf,V150,0.01,5,0.006666666666666666,-0.011842967367985286,0.02517630070131862,0.006666666666666666
5.0,32,cf,V150,0.05,5,0.03333333333333333,-0.008055466606792135,0.07472213327345881,0.013333333333333332
5.0,32,cf,V150,0.1,5,0.05333333333333333,0.03066375397805814,0.07600291268860852,0.03333333333333333
5.0,32,cf,V250,0.01,5,0.006666666666666666,-0.011842967367985286,0.02517630070131862,0.006666666666666666
5.0,32,cf,V250,0.05,5,0.026666666666666665,-0.007961687789452256,0.061295021122785585,0.013333333333333332
5.0,32,cf,V250,0.1,5,0.04,-0.005339158710550379,0.08533915871055038,0.026666666666666665
5.0,32,cf,V400,0.01,5,0.0,0.0,0.0,0.006666666666666666
5.0,32,cf,V400,0.05,5,0.006666666666666666,-0.011842967367985286,0.02517630070131862,0.02
5.0,32,cf,V400,0.1,5,0.04,-0.013964392823623446,0.09396439282362345,0.03333333333333333
5.0,32,ct,DS200,0.01,5,0.04,-0.03403853613860781,0.11403853613860782,0.013333333333333332
5.0,32,ct,DS200,0.05,5,0.09333333333333334,-0.06802991514460445,0.25469658181127114,0.08666666666666667
5.0,32,ct,DS200,0.1,5,0.13333333333333333,-0.00702291606640984,0.27368958273307653,0.12666666666666665
5.0,32,ct,DS300,0.01,5,0.05333333333333333,-0.054595452313913564,0.16126211898058024,0.039999999999999994
5.0,32,ct,DS300,0.05,5,0.08,-0.05913040714907057,0.21913040714907056,0.08666666666666667
5.0,32,ct,DS300,0.1,5,0.14666666666666667,-0.02043340513428979,0.31376673846762315,0.12666666666666665
5.0,32,ct,DS600,0.01,5,0.013333333333333332,-0.009336246021941857,0.03600291268860852,0.02
5.0,32,ct,DS600,0.05,5,0.06666666666666668,-0.03471477425277568,0.16804810758610905,0.08666666666666667
5.0,32,ct,DS600,0.1,5,0.12666666666666665,-0.04247128620044796,0.29580461953378123,0.13333333333333333
5.0,32,ct,DS1000,0.01,5,0.02,-0.017019268069303903,0.05701926806930391,0.013333333333333332
5.0,32,ct,DS1000,0.05,5,0.10666666666666666,0.016937886588736628,0.1963954467445967,0.08666666666666667
5.0,32,ct,DS1000,0.1,5,0.16666666666666666,0.017437226252623395,0.3158961070807099,0.12666666666666665
5.0,32,ct,CDLA,0.01,5,0.03333333333333333,-0.05921483683992645,0.1258815035065931,0.03333333333333333
5.0,32,ct,CDLA,0.05,5,0.07333333333333333,-0.08802991514460445,0.23469658181127112,0.08666666666666667
5.0,32,ct,CDLA,0.1,5,0.13333333333333333,-0.058578636982226207,0.32524530364889287,0.13333333333333333
5.0,32,ct,CDLB,0.01,5,0.03333333333333334,-0.01735738712638784,0.08402405379305453,0.013333333333333332
5.0,32,ct,CDLB,0.05,5,0.10666666666666666,-0.00046558569106637526,0.21379891902439968,0.08666666666666667
5.0,32,ct,CDLB,0.1,5,0.15333333333333332,-0.026124226822526686,0.33279089348919333,0.14
5.0,32,ct,CDLD,0.01,5,0.026666666666666665,-0.018672492043883715,0.07200582537721704,0.02
5.0,32,ct,CDLD,0.05,5,0.05333333333333333,-0.04195083969956742,0.14861750636623408,0.08666666666666667
5.0,32,ct,CDLD,0.1,5,0.10666666666666666,-0.028719634476306877,0.2420529678096402,0.13333333333333333
5.0,32,ct,CDLE,0.01,5,0.02,-0.017019268069303903,0.05701926806930391,0.013333333333333332
5.0,32,ct,CDLE,0.05,5,0.05333333333333333,-0.04195083969956742,0.14861750636623408,0.08666666666666667
5.0,32,ct,CDLE,0.1,5,0.12,-0.06876197026430295,0.30876197026430297,0.12666666666666665
5.0,32,ct,S2,0.01,5,0.04,-0.005339158710550379,0.08533915871055038,0.026666666666666665
5.0,32,ct,S2,0.05,5,0.07333333333333333,-0.029723947413827514,0.17639061408049417,0.09333333333333334
5.0,32,ct,S2,0.1,5,0.13333333333333336,-0.02427052140066127,0.290937188067328,0.12666666666666665
5.0,32,ct,V30,0.01,5,0.013333333333333332,-0.02368593473597057,0.05035260140263724,0.013333333333333332
5.0,32,ct,V30,0.05,5,0.05333333333333333,-0.03249230893096923,0.1391589755976359,0.08666666666666667
5.0,32,ct,V30,0.1,5,0.1,-0.03411504011511596,0.23411504011511597,0.12666666666666665
5.0,32,ct,V90,0.01,5,0.05333333333333333,-0.002195568770622533,0.10886223543728919,0.026666666666666665
5.0,32,ct,V90,0.05,5,0.13333333333333333,-0.00393778659114688,0.27060445325781357,0.08666666666666667
5.0,32,ct,V90,0.1,5,0.21333333333333332,0.05144015486246298,0.37522651180420363,0.12666666666666665
5.0,32,ct,V150,0.01,5,0.5199999999999999,0.3554827741066518,0.6845172258933481,0.04666666666666667
5.0,32,ct,V150,0.05,5,0.6533333333333333,0.49410744079333463,0.8125592258733321,0.08666666666666667
5.0,32,ct,V150,0.1,5,0.7333333333333332,0.5757294785993385,0.8909371880673278,0.13333333333333333
5.0,32,ct,V250,0.01,5,0.9933333333333334,0.9748236992986814,1.0118429673679854,0.026666666666666665
5.0,32,ct,V250,0.05,5,1.0,1.0,1.0,0.08666666666666667
5.0,32,ct,V250,0.1,5,1.0,1.0,1.0,0.12666666666666665
5.0,32,ct,V400,0.01,5,1.0,1.0,1.0,0.04666666666666667
5.0,32,ct,V400,0.05,5,1.0,1.0,1.0,0.08666666666666667
5.0,32,ct,V400,0.1,5,1.0,1.0,1.0,0.12666666666666665
5.0,32,ymag,DS200,0.01,5,0.0,0.0,0.0,0.02
5.0,32,ymag,DS200,0.05,5,0.013333333333333332,-0.009336246021941857,0.03600291268860852,0.04
5.0,32,ymag,DS200,0.1,5,0.05333333333333333,-0.009435889611614595,0.11610255627828125,0.06
5.0,32,ymag,DS300,0.01,5,0.0,0.0,0.0,0.02
5.0,32,ymag,DS300,0.05,5,0.02,-0.0026695793552751895,0.04266957935527519,0.04
5.0,32,ymag,DS300,0.1,5,0.04,-0.013964392823623446,0.09396439282362345,0.06
5.0,32,ymag,DS600,0.01,5,0.0,0.0,0.0,0.02
5.0,32,ymag,DS600,0.05,5,0.006666666666666666,-0.011842967367985286,0.02517630070131862,0.04666666666666667
5.0,32,ymag,DS600,0.1,5,0.03333333333333334,-0.008055466606792128,0.07472213327345881,0.06
5.0,32,ymag,DS1000,0.01,5,0.006666666666666666,-0.011842967367985286,0.02517630070131862,0.02
5.0,32,ymag,DS1000,0.05,5,0.026666666666666665,-0.027297726156956782,0.08063105949029012,0.04666666666666667
5.0,32,ymag,DS1000,0.1,5,0.026666666666666665,-0.027297726156956782,0.08063105949029012,0.06
5.0,32,ymag,CDLA,0.01,5,0.02,-0.017019268069303903,0.05701926806930391,0.02
5.0,32,ymag,CDLA,0.05,5,0.02,-0.017019268069303903,0.05701926806930391,0.04666666666666667
5.0,32,ymag,CDLA,0.1,5,0.05333333333333333,-0.04195083969956742,0.14861750636623408,0.06
5.0,32,ymag,CDLB,0.01,5,0.02,-0.03552890210395586,0.07552890210395587,0.02
5.0,32,ymag,CDLB,0.05,5,0.11333333333333333,-0.05118389256001478,0.27785055922668145,0.04666666666666667
5.0,32,ymag,CDLB,0.1,5,0.16666666666666669,-0.03397298512571373,0.3673063184590471,0.06
5.0,32,ymag,CDLD,0.01,5,0.6200000000000001,0.009182076856485644,1.2308179231435146,0.02
5.0,32,ymag,CDLD,0.05,5,0.7933333333333333,0.4344182130216133,1.1522484536450532,0.04666666666666667
5.0,32,ymag,CDLD,0.1,5,0.9266666666666665,0.7821018034463753,1.0712315298869577,0.06
5.0,32,ymag,CDLE,0.01,5,0.6333333333333334,0.02574913350236041,1.2409175331643065,0.02
5.0,32,ymag,CDLE,0.05,5,0.86,0.6179551272830932,1.1020448727169068,0.04666666666666667
5.0,32,ymag,CDLE,0.1,5,0.9666666666666668,0.874118496493407,1.0592148368399266,0.06
5.0,32,ymag,S2,0.01,5,0.04,-0.013964392823623446,0.09396439282362345,0.02
5.0,32,ymag,S2,0.05,5,0.07333333333333333,-0.03772447087457839,0.18439113754124506,0.04666666666666667
5.0,32,ymag,S2,0.1,5,0.10666666666666666,-0.028719634476306877,0.2420529678096402,0.06
5.0,32,ymag,V30,0.01,5,0.02,-0.017019268069303903,0.05701926806930391,0.02
5.0,32,ymag,V30,0.05,5,0.05333333333333333,-0.009435889611614623,0.11610255627828128,0.03333333333333334
5.0,32,ymag,V30,0.1,5,0.12666666666666665,0.019534414308933643,0.23379891902439964,0.06
5.0,32,ymag,V90,0.01,5,0.0,0.0,0.0,0.02
5.0,32,ymag,V90,0.05,5,0.04666666666666667,-0.016102556278281284,0.10943588961161463,0.04
5.0,32,ymag,V90,0.1,5,0.07333333333333333,-0.006279612936665985,0.15294627960333265,0.06
5.0,32,ymag,V150,0.01,5,0.006666666666666666,-0.011842967367985286,0.02517630070131862,0.02
5.0,32,ymag,V150,0.05,5,0.03333333333333334,-0.008055466606792128,0.07472213327345881,0.04
5.0,32,ymag,V150,0.1,5,0.06666666666666667,0.03740036556383057,0.09593296776950276,0.06
5.0,32,ymag,V250,0.01,5,0.013333333333333332,-0.009336246021941857,0.03600291268860852,0.02
5.0,32,ymag,V250,0.05,5,0.06,-0.008008738065825569,0.12800873806582558,0.04
5.0,32,ymag,V250,0.1,5,0.06666666666666667,-0.010764687846173002,0.14409802117950632,0.06
5.0,32,ymag,V400,0.01,5,0.0,0.0,0.0,0.02
5.0,32,ymag,V400,0.05,5,0.05333333333333333,-0.009435889611614609,0.11610255627828127,0.04666666666666667
5.0,32,ymag,V400,0.1,5,0.09333333333333334,-0.00972394741382751,0.19639061408049419,0.06
10.0,1,resid,DS200,0.01,5,0.14937499999999998,-2.4177568050370857e-05,0.29877417756805036,0.013958333333333333
10.0,1,resid,DS200,0.05,5,0.3745833333333333,0.2723613564859096,0.47680531018075706,0.043333333333333335
10.0,1,resid,DS200,0.1,5,0.576875,0.5086464644086257,0.6451035355913743,0.10416666666666667
10.0,1,resid,DS300,0.01,5,0.6072916666666666,0.4371050942460999,0.7774782390872332,0.013958333333333333
10.0,1,resid,DS300,0.05,5,0.8456250000000001,0.7737080055724808,0.9175419944275194,0.043333333333333335
10.0,1,resid,DS300,0.1,5,0.9341666666666667,0.910415954365771,0.9579173789675623,0.10416666666666667
10.0,1,resid,DS600,0.01,5,0.9820833333333333,0.9647933278010302,0.9993733388656364,0.013958333333333333
10.0,1,resid,DS600,0.05,5,0.9983333333333334,0.9956512820125739,1.0010153846540928,0.043333333333333335
10.0,1,resid,DS600,0.1,5,0.9997916666666666,0.9992132406030837,1.0003700927302495,0.10416666666666667
10.0,1,resid,DS1000,0.01,5,1.0,1.0,1.0,0.013958333333333333
10.0,1,resid,DS1000,0.05,5,1.0,1.0,1.0,0.043333333333333335
10.0,1,resid,DS1000,0.1,5,1.0,1.0,1.0,0.10416666666666667
10.0,1,resid,CDLA,0.01,5,0.0060416666666666665,-0.00793064562898288,0.02001397896231621,0.013958333333333333
10.0,1,resid,CDLA,0.05,5,0.01229166666666667,-0.004901312254880143,0.02948464558821348,0.043333333333333335
10.0,1,resid,CDLA,0.1,5,0.03854166666666666,0.008976794646462623,0.0681065386868707,0.10416666666666667
10.0,1,resid,CDLB,0.01,5,0.11479166666666665,0.027838047971087534,0.20174528536224579,0.013958333333333333
10.0,1,resid,CDLB,0.05,5,0.2520833333333333,0.1756139638638431,0.32855270280282356,0.043333333333333335
10.0,1,resid,CDLB,0.1,5,0.40062499999999995,0.36846378263878427,0.43278621736121564,0.10416666666666667
10.0,1,resid,CDLD,0.01,5,0.059375,-0.10114214088088123,0.21989214088088122,0.013958333333333333
10.0,1,resid,CDLD,0.05,5,0.12125000000000001,-0.1765335463443657,0.41903354634436574,0.043333333333333335
10.0,1,resid,CDLD,0.1,5,0.1933333333333333,-0.21225389148567136,0.598920558152338,0.10416666666666667
10.0,1,resid,CDLE,0.01,5,0.09687499999999999,-0.15476194460101583,0.3485119446010158,0.013958333333333333
10.0,1,resid,CDLE,0.05,5,0.17145833333333332,-0.19112369728989248,0.5340403639565592,0.043333333333333335
10.0,1,resid,CDLE,0.1,5,0.27125,-0.14929160554128013,0.69179160554128,0.10416666666666667
10.0,1,resid,S2,0.01,5,1.0,1.0,1.0,0.013958333333333333
10.0,1,resid,S2,0.05,5,1.0,1.0,1.0,0.043333333333333335
10.0,1,resid,S2,0.1,5,1.0,1.0,1.0,0.10416666666666667
10.0,1,resid,V30,0.01,5,0.017291666666666667,-0.006864114919524468,0.0414474482528578,0.013958333333333333
10.0,1,resid,V30,0.05,5,0.04541666666666667,0.02108836623660025,0.06974496709673308,0.043333333333333335
10.0,1,resid,V30,0.1,5,0.10145833333333334,0.07782766405139441,0.12508900261527228,0.10416666666666667
10.0,1,resid,V90,0.01,5,0.025208333333333333,-0.007657772483552594,0.05807443915021926,0.013958333333333333
10.0,1,resid,V90,0.05,5,0.06916666666666667,0.03950857884389779,0.09882475448943555,0.043333333333333335
10.0,1,resid,V90,0.1,5,0.15520833333333334,0.1339359333354311,0.17648073333123557,0.10416666666666667
10.0,1,resid,V150,0.01,5,0.03166666666666667,-0.008674145452817791,0.07200747878615113,0.013958333333333333
10.0,1,resid,V150,0.05,5,0.10729166666666667,0.07231003833693535,0.14227329499639801,0.043333333333333335
10.0,1,resid,V150,0.1,5,0.2325,0.2091219962898725,0.25587800371012753,0.10416666666666667
10.0,1,resid,V250,0.01,5,0.10500000000000001,-0.008279247378171553,0.21827924737817156,0.013958333333333333
10.0,1,resid,V250,0.05,5,0.2914583333333334,0.22803291977462653,0.3548837468920402,0.043333333333333335
10.0,1,resid,V250,0.1,5,0.45083333333333336,0.42349696407752463,0.4781697025891421,0.10416666666666667
10.0,1,resid,V400,0.01,5,0.35854166666666665,0.22713133573774377,0.4899519975955895,0.013958333333333333
10.0,1,resid,V400,0.05,5,0.5504166666666667,0.48602145134339636,0.614811881989937,0.043333333333333335
10.0,1,resid,V400,0.1,5,0.6735416666666667,0.6416284796058083,0.7054548537275251,0.10416666666666667
10.0,1,tdisp,DS200,0.01,5,0.02375,0.011130233185544918,0.036369766814455085,0.005416666666666666
10.0,1,tdisp,DS200,0.05,5,0.09874999999999999,0.04890457236492526,0.14859542763507472,0.045208333333333336
10.0,1,tdisp,DS200,0.1,5,0.18541666666666667,0.14697199706236697,0.22386133627096638,0.08687500000000001
10.0,1,tdisp,DS300,0.01,5,0.059166666666666666,0.03164732100909545,0.08668601232423788,0.005416666666666666
10.0,1,tdisp,DS300,0.05,5,0.17875000000000002,0.10099202270239796,0.2565079772976021,0.045208333333333336
10.0,1,tdisp,DS300,0.1,5,0.27625,0.2270038906113864,0.3254961093886136,0.08687500000000001
10.0,1,tdisp,DS600,0.01,5,0.05583333333333333,0.02852451627930699,0.08314215038735967,0.005416666666666666
10.0,1,tdisp,DS600,0.05,5,0.16333333333333336,0.09106247450406375,0.23560419216260298,0.045208333333333336
10.0,1,tdisp,DS600,0.1,5,0.26625,0.2151435122056784,0.3173564877943216,0.08687500000000001
10.0,1,tdisp,DS1000,0.01,5,0.06729166666666668,0.03373049121512512,0.10085284211820825,0.005416666666666666
10.0,1,tdisp,DS1000,0.05,5,0.18291666666666667,0.10034849875467342,0.2654848345786599,0.045208333333333336
10.0,1,tdisp,DS1000,0.1,5,0.28270833333333334,0.23134878904236325,0.33406787762430346,0.08687500000000001
10.0,1,tdisp,CDLA,0.01,5,0.004791666666666666,0.0026273945131592338,0.006955938820174099,0.005416666666666666
10.0,1,tdisp,CDLA,0.05,5,0.03791666666666667,0.00960036238824544,0.0662329709450879,0.045208333333333336
10.0,1,tdisp,CDLA,0.1,5,0.08458333333333332,0.06367981246703512,0.10548685419963151,0.08687500000000001
10.0,1,tdisp,CDLB,0.01,5,0.023541666666666666,0.012582057218311293,0.03450127611502204,0.005416666666666666
10.0,1,tdisp,CDLB,0.05,5,0.09583333333333333,0.03918891031749995,0.15247775634916672,0.045208333333333336
10.0,1,tdisp,CDLB,0.1,5,0.16395833333333334,0.13097536536620707,0.19694130130045961,0.08687500000000001
10.0,1,tdisp,CDLD,0.01,5,0.017083333333333332,0.007421713263287003,0.02674495340337966,0.005416666666666666
10.0,1,tdisp,CDLD,0.05,5,0.07208333333333333,0.010593078728458029,0.13357358793820864,0.045208333333333336
10.0,1,tdisp,CDLD,0.1,5,0.138125,0.09545652014565656,0.18079347985434344,0.08687500000000001
10.0,1,tdisp,CDLE,0.01,5,0.021041666666666667,0.010597912179106887,0.03148542115422645,0.005416666666666666
10.0,1,tdisp,CDLE,0.05,5,0.08687500000000001,0.024231163561814997,0.14951883643818503,0.045208333333333336
10.0,1,tdisp,CDLE,0.1,5,0.14937499999999998,0.10589097669951379,0.19285902330048615,0.08687500000000001
10.0,1,tdisp,S2,0.01,5,0.04666666666666667,0.02474744776995593,0.06858588556337741,0.005416666666666666
10.0,1,tdisp,S2,0.05,5,0.140625,0.07428858321518943,0.20696141678481056,0.045208333333333336
10.0,1,tdisp,S2,0.1,5,0.23874999999999996,0.19831805953083317,0.2791819404691668,0.08687500000000001
10.0,1,tdisp,V30,0.01,5,0.06354166666666666,0.055999913496783925,0.0710834198365494,0.005416666666666666
10.0,1,tdisp,V30,0.05,5,0.14916666666666667,0.09041725517169175,0.2079160781616416,0.045208333333333336
10.0,1,tdisp,V30,0.1,5,0.22645833333333334,0.19182997887721442,0.26108668778945227,0.08687500000000001
10.0,1,tdisp,V90,0.01,5,0.4697916666666666,0.4285243011201143,0.5110590322132189,0.005416666666666666
10.0,1,tdisp,V90,0.05,5,0.57375,0.5076763727808078,0.6398236272191922,0.045208333333333336
10.0,1,tdisp,V90,0.1,5,0.6389583333333333,0.5974424095584582,0.6804742571082084,0.08687500000000001
10.0,1,tdisp,V150,0.01,5,0.685,0.6515886965779814,0.7184113034220188,0.005416666666666666
10.0,1,tdisp,V150,0.05,5,0.754375,0.7142754280170014,0.7944745719829986,0.045208333333333336
10.0,1,tdisp,V150,0.1,5,0.7954166666666667,0.7709683273721741,0.8198650059611592,0.08687500000000001
10.0,1,tdisp,V250,0.01,5,0.8475000000000001,0.8330798950799112,0.8619201049200891,0.005416666666666666
10.0,1,tdisp,V250,0.05,5,0.8847916666666666,0.8624528850413363,0.907130448291997,0.045208333333333336
10.0,1,tdisp,V250,0.1,5,0.9085416666666667,0.8983000945750137,0.9187832387583197,0.08687500000000001
10.0,1,tdisp,V400,0.01,5,0.9424999999999999,0.9293925539819946,0.9556074460180052,0.005416666666666666
10.0,1,tdisp,V400,0.05,5,0.9591666666666667,0.9499571500535862,0.9683761832797473,0.045208333333333336
10.0,1,tdisp,V400,0.1,5,0.9662499999999999,0.9583507242985534,0.9741492757014465,0.08687500000000001
10.0,1,comb,DS200,0.01,5,0.11500000000000002,0.016818245534631834,0.2131817544653682,0.010416666666666668
10.0,1,comb,DS200,0.05,5,0.3239583333333333,0.21766319924173944,0.43025346742492715,0.045
10.0,1,comb,DS200,0.1,5,0.45979166666666665,0.35205602738807934,0.567527305945254,0.09375
10.0,1,comb,DS300,0.01,5,0.5485416666666667,0.4105970550892921,0.6864862782440413,0.010416666666666668
10.0,1,comb,DS300,0.05,5,0.7960416666666666,0.7011930193669642,0.8908903139663691,0.045
10.0,1,comb,DS300,0.1,5,0.88375,0.8300887060955784,0.9374112939044217,0.09375
10.0,1,comb,DS600,0.01,5,0.9766666666666666,0.9599873220985161,0.993346011234817,0.010416666666666668
10.0,1,comb,DS600,0.05,5,0.9960416666666667,0.992226684762399,0.9998566485709345,0.045
10.0,1,comb,DS600,0.1,5,0.9989583333333334,0.9976649333352045,1.0002517333314622,0.09375
10.0,1,comb,DS1000,0.01,5,1.0,1.0,1.0,0.010416666666666668
10.0,1,comb,DS1000,0.05,5,1.0,1.0,1.0,0.045
10.0,1,comb,DS1000,0.1,5,1.0,1.0,1.0,0.09375
10.0,1,comb,CDLA,0.01,5,0.004166666666666667,-0.002428405162673573,0.010761738496006906,0.010416666666666668
10.0,1,comb,CDLA,0.05,5,0.02291666666666667,-0.0025439377571182947,0.04837727109045163,0.045
10.0,1,comb,CDLA,0.1,5,0.05229166666666667,0.006586856248854432,0.0979964770844789,0.09375
10.0,1,comb,CDLB,0.01,5,0.09104166666666666,0.042109078011452895,0.13997425532188043,0.010416666666666668
10.0,1,comb,CDLB,0.05,5,0.23354166666666668,0.15300012110263173,0.3140832122307016,0.045
10.0,1,comb,CDLB,0.1,5,0.3285416666666666,0.20484907020761675,0.45223426312571646,0.09375
10.0,1,comb,CDLD,0.01,5,0.020625,-0.027971396109374404,0.0692213961093744,0.010416666666666668
10.0,1,comb,CDLD,0.05,5,0.12354166666666666,-0.13186242557035344,0.37894575890368676,0.045
10.0,1,comb,CDLD,0.1,5,0.206875,-0.15901160588594512,0.5727616058859452,0.09375
10.0,1,comb,CDLE,0.01,5,0.052916666666666654,-0.06372406416544386,0.16955739749877718,0.010416666666666668
10.0,1,comb,CDLE,0.05,5,0.171875,-0.15214816022718564,0.49589816022718564,0.045
10.0,1,comb,CDLE,0.1,5,0.2595833333333334,-0.14422932015330714,0.6633959868199739,0.09375
10.0,1,comb,S2,0.01,5,1.0,1.0,1.0,0.010416666666666668
10.0,1,comb,S2,0.05,5,1.0,1.0,1.0,0.045
10.0,1,comb,S2,0.1,5,1.0,1.0,1.0,0.09375
10.0,1,comb,V30,0.01,5,0.042708333333333334,0.025794933677074347,0.05962173298959232,0.010416666666666668
10.0,1,comb,V30,0.05,5,0.11854166666666668,0.08095064727315249,0.15613268606018088,0.045
10.0,1,comb,V30,0.1,5,0.18958333333333335,0.12325322139259773,0.255913445274069,0.09375
10.0,1,comb,V90,0.01,5,0.4029166666666667,0.37686500916990906,0.42896832416342434,0.010416666666666668
10.0,1,comb,V90,0.05,5,0.5377083333333333,0.49594332785069006,0.5794733388159766,0.045
10.0,1,comb,V90,0.1,5,0.6008333333333333,0.5441490546981103,0.6575176119685564,0.09375
10.0,1,comb,V150,0.01,5,0.63375,0.6202589017940942,0.6472410982059059,0.010416666666666668
10.0,1,comb,V150,0.05,5,0.7262500000000001,0.7048716982136166,0.7476283017863835,0.045
10.0,1,comb,V150,0.1,5,0.770625,0.7375559210892105,0.8036940789107895,0.09375
10.0,1,comb,V250,0.01,5,0.8166666666666668,0.797569844548187,0.8357634887851465,0.010416666666666668
10.0,1,comb,V250,0.05,5,0.8712499999999999,0.8540278556988435,0.8884721443011562,0.045
10.0,1,comb,V250,0.1,5,0.8922916666666667,0.8748763346701044,0.909706998663229,0.09375
10.0,1,comb,V400,0.01,5,0.9262500000000001,0.9114350642108386,0.9410649357891616,0.010416666666666668
10.0,1,comb,V400,0.05,5,0.9525,0.9397090652532882,0.9652909347467118,0.045
10.0,1,comb,V400,0.1,5,0.963125,0.9539064054974674,0.9723435945025326,0.09375
10.0,1,conf_a,DS200,0.01,5,0.4133333333333333,0.29172484183572245,0.5349418248309441,0.012291666666666668
10.0,1,conf_a,DS200,0.05,5,0.6833333333333333,0.5795263999398338,0.7871402667268329,0.050208333333333334
10.0,1,conf_a,DS200,0.1,5,0.7975000000000001,0.7263242086795609,0.8686757913204393,0.1075
10.0,1,conf_a,DS300,0.01,5,0.9229166666666668,0.8883439129412005,0.9574894203921331,0.012291666666666668
10.0,1,conf_a,DS300,0.05,5,0.9741666666666667,0.9581838847163017,0.9901494486170318,0.050208333333333334
10.0,1,conf_a,DS300,0.1,5,0.9877083333333333,0.9788223835358414,0.9965942831308252,0.1075
10.0,1,conf_a,DS600,0.01,5,0.9997916666666666,0.9992132406030837,1.0003700927302495,0.012291666666666668
10.0,1,conf_a,DS600,0.05,5,1.0,1.0,1.0,0.050208333333333334
10.0,1,conf_a,DS600,0.1,5,1.0,1.0,1.0,0.1075
10.0,1,conf_a,DS1000,0.01,5,1.0,1.0,1.0,0.012291666666666668
10.0,1,conf_a,DS1000,0.05,5,1.0,1.0,1.0,0.050208333333333334
10.0,1,conf_a,DS1000,0.1,5,1.0,1.0,1.0,0.1075
10.0,1,conf_a,CDLA,0.01,5,0.00041666666666666664,-0.00029175768818568305,0.0011250910215190163,0.012291666666666668
10.0,1,conf_a,CDLA,0.05,5,0.00375,-8.684444373329532e-05,0.0075868444437332955,0.050208333333333334
10.0,1,conf_a,CDLA,0.1,5,0.013541666666666665,0.0036490589226563057,0.023434274410677025,0.1075
10.0,1,conf_a,CDLB,0.01,5,0.27312499999999995,0.2035429650675279,0.342707034932472,0.012291666666666668
10.0,1,conf_a,CDLB,0.05,5,0.46270833333333333,0.3820526312351539,0.5433640354315128,0.050208333333333334
10.0,1,conf_a,CDLB,0.1,5,0.588125,0.5250354458504267,0.6512145541495733,0.1075
10.0,1,conf_a,CDLD,0.01,5,0.03729166666666667,0.009515167685698201,0.06506816564763514,0.012291666666666668
10.0,1,conf_a,CDLD,0.05,5,0.13333333333333333,0.044173125537928265,0.2224935411287384,0.050208333333333334
10.0,1,conf_a,CDLD,0.1,5,0.23937500000000003,0.11300710632249275,0.36574289367750734,0.1075
10.0,1,conf_a,CDLE,0.01,5,0.11750000000000001,0.04917958068331889,0.18582041931668114,0.012291666666666668
10.0,1,conf_a,CDLE,0.05,5,0.29437499999999994,0.15667010915438065,0.43207989084561926,0.050208333333333334
10.0,1,conf_a,CDLE,0.1,5,0.4404166666666667,0.28043610507525885,0.6003972282580745,0.1075
10.0,1,conf_a,S2,0.01,5,1.0,1.0,1.0,0.012291666666666668
10.0,1,conf_a,S2,0.05,5,1.0,1.0,1.0,0.050208333333333334
10.0,1,conf_a,S2,0.1,5,1.0,1.0,1.0,0.1075
10.0,1,conf_a,V30,0.01,5,0.0225,0.008138017464457952,0.03686198253554204,0.012291666666666668
10.0,1,conf_a,V30,0.05,5,0.10895833333333334,0.03919501828146188,0.1787216483852048,0.050208333333333334
10.0,1,conf_a,V30,0.1,5,0.21458333333333335,0.14416129630463398,0.2850053703620327,0.1075
10.0,1,conf_a,V90,0.01,5,0.433125,0.34677468684446666,0.5194753131555333,0.012291666666666668
10.0,1,conf_a,V90,0.05,5,0.5779166666666666,0.5158914273539384,0.6399419059793948,0.050208333333333334
10.0,1,conf_a,V90,0.1,5,0.6575,0.6158955217010963,0.6991044782989037,0.1075
10.0,1,conf_a,V150,0.01,5,0.610625,0.5624261058939052,0.6588238941060948,0.012291666666666668
10.0,1,conf_a,V150,0.05,5,0.7208333333333333,0.6739486984144166,0.76771796825225,0.050208333333333334
10.0,1,conf_a,V150,0.1,5,0.7779166666666666,0.738756325056626,0.8170770082767072,0.1075
10.0,1,conf_a,V250,0.01,5,0.7777083333333333,0.7302245207690025,0.8251921458976642,0.012291666666666668
10.0,1,conf_a,V250,0.05,5,0.8539583333333333,0.8214633475660349,0.8864533191006316,0.050208333333333334
10.0,1,conf_a,V250,0.1,5,0.8933333333333333,0.8708081123071149,0.9158585543595518,0.1075
10.0,1,conf_a,V400,0.01,5,0.8924999999999998,0.8689615413956444,0.9160384586043553,0.012291666666666668
10.0,1,conf_a,V400,0.05,5,0.9347916666666667,0.9157255292357069,0.9538578040976264,0.050208333333333334
10.0,1,conf_a,V400,0.1,5,0.95625,0.9408102491402781,0.971689750859722,0.1075
10.0,1,conf_d,DS200,0.01,5,0.5549999999999999,0.43612183375857355,0.6738781662414264,0.016875
10.0,1,conf_d,DS200,0.05,5,0.7485416666666668,0.6725738202539205,0.824509513079413,0.06083333333333333
10.0,1,conf_d,DS200,0.1,5,0.835,0.7998323612915267,0.8701676387084732,0.10791666666666669
10.0,1,conf_d,DS300,0.01,5,0.9547916666666667,0.9283543682164505,0.981228965116883,0.016875
10.0,1,conf_d,DS300,0.05,5,0.98125,0.9724301879093182,0.9900698120906817,0.06083333333333333
10.0,1,conf_d,DS300,0.1,5,0.9918750000000001,0.9882859606613008,0.9954640393386993,0.10791666666666669
10.0,1,conf_d,DS600,0.01,5,1.0,1.0,1.0,0.016875
10.0,1,conf_d,DS600,0.05,5,1.0,1.0,1.0,0.06083333333333333
10.0,1,conf_d,DS600,0.1,5,1.0,1.0,1.0,0.10791666666666669
10.0,1,conf_d,DS1000,0.01,5,1.0,1.0,1.0,0.016875
10.0,1,conf_d,DS1000,0.05,5,1.0,1.0,1.0,0.06083333333333333
10.0,1,conf_d,DS1000,0.1,5,1.0,1.0,1.0,0.10791666666666669
10.0,1,conf_d,CDLA,0.01,5,0.0008333333333333333,-0.0008530539424048994,0.0025197206090715662,0.016875
10.0,1,conf_d,CDLA,0.05,5,0.007083333333333333,0.0022960058214859837,0.011870660845180682,0.06083333333333333
10.0,1,conf_d,CDLA,0.1,5,0.016666666666666666,0.0051343536881175884,0.028198979645215744,0.10791666666666669
10.0,1,conf_d,CDLB,0.01,5,0.34249999999999997,0.2829937598128822,0.4020062401871177,0.016875
10.0,1,conf_d,CDLB,0.05,5,0.509375,0.47429785851412487,0.5444521414858752,0.06083333333333333
10.0,1,conf_d,CDLB,0.1,5,0.6229166666666666,0.5737930010021608,0.6720403323311723,0.10791666666666669
10.0,1,conf_d,CDLD,0.01,5,0.1,0.048401606826985695,0.15159839317301432,0.016875
10.0,1,conf_d,CDLD,0.05,5,0.25125000000000003,0.17147541996011975,0.33102458003988033,0.06083333333333333
10.0,1,conf_d,CDLD,0.1,5,0.3891666666666667,0.21147214641651396,0.5668611869168194,0.10791666666666669
10.0,1,conf_d,CDLE,0.01,5,0.23854166666666665,0.14359782517613562,0.3334855081571977,0.016875
10.0,1,conf_d,CDLE,0.05,5,0.4552083333333334,0.3477821391101807,0.5626345275564861,0.06083333333333333
10.0,1,conf_d,CDLE,0.1,5,0.5954166666666667,0.4331256300765214,0.757707703256812,0.10791666666666669
10.0,1,conf_d,S2,0.01,5,1.0,1.0,1.0,0.016875
10.0,1,conf_d,S2,0.05,5,1.0,1.0,1.0,0.06083333333333333
10.0,1,conf_d,S2,0.1,5,1.0,1.0,1.0,0.10791666666666669
10.0,1,conf_d,V30,0.01,5,0.034791666666666665,0.0028653773401739607,0.06671795599315937,0.016875
10.0,1,conf_d,V30,0.05,5,0.12208333333333332,0.08632836706495055,0.15783829960171608,0.06083333333333333
10.0,1,conf_d,V30,0.1,5,0.22520833333333332,0.1936934008933228,0.2567232657733438,0.10791666666666669
10.0,1,conf_d,V90,0.01,5,0.4758333333333334,0.3905797282359348,0.561086938430732,0.016875
10.0,1,conf_d,V90,0.05,5,0.6047916666666667,0.5528894086341497,0.6566939246991838,0.06083333333333333
10.0,1,conf_d,V90,0.1,5,0.6714583333333334,0.638883649312795,0.7040330173538718,0.10791666666666669
10.0,1,conf_d,V150,0.01,5,0.6402083333333334,0.5951931819910888,0.6852234846755779,0.016875
10.0,1,conf_d,V150,0.05,5,0.7358333333333333,0.7084633268298522,0.7632033398368144,0.06083333333333333
10.0,1,conf_d,V150,0.1,5,0.7889583333333332,0.7654874885527516,0.8124291781139148,0.10791666666666669
10.0,1,conf_d,V250,0.01,5,0.8041666666666666,0.7604294703078996,0.8479038630254335,0.016875
10.0,1,conf_d,V250,0.05,5,0.8689583333333333,0.8535077513597856,0.8844089153068809,0.06083333333333333
10.0,1,conf_d,V250,0.1,5,0.8981250000000001,0.8885154645146175,0.9077345354853826,0.10791666666666669
10.0,1,conf_d,V400,0.01,5,0.9072916666666668,0.8910596255153611,0.9235237078179726,0.016875
10.0,1,conf_d,V400,0.05,5,0.9400000000000001,0.9279151857951619,0.9520848142048383,0.06083333333333333
10.0,1,conf_d,V400,0.1,5,0.9574999999999999,0.9474230941356879,0.9675769058643119,0.10791666666666669
10.0,1,crcfail_a,DS200,0.01,5,0.0,0.0,0.0,0.0
10.0,1,crcfail_a,DS200,0.05,5,0.0,0.0,0.0,0.0
10.0,1,crcfail_a,DS200,0.1,5,0.0,0.0,0.0,0.0
10.0,1,crcfail_a,DS300,0.01,5,0.0,0.0,0.0,0.0
10.0,1,crcfail_a,DS300,0.05,5,0.0,0.0,0.0,0.0
10.0,1,crcfail_a,DS300,0.1,5,0.0,0.0,0.0,0.0
10.0,1,crcfail_a,DS600,0.01,5,0.0024999999999999996,-0.0006149196811358363,0.005614919681135836,0.0
10.0,1,crcfail_a,DS600,0.05,5,0.0024999999999999996,-0.0006149196811358363,0.005614919681135836,0.0
10.0,1,crcfail_a,DS600,0.1,5,0.0024999999999999996,-0.0006149196811358363,0.005614919681135836,0.0
10.0,1,crcfail_a,DS1000,0.01,5,0.006666666666666666,-0.0033769819918708036,0.016710315325204138,0.0
10.0,1,crcfail_a,DS1000,0.05,5,0.006666666666666666,-0.0033769819918708036,0.016710315325204138,0.0
10.0,1,crcfail_a,DS1000,0.1,5,0.006666666666666666,-0.0033769819918708036,0.016710315325204138,0.0
10.0,1,crcfail_a,CDLA,0.01,5,0.0,0.0,0.0,0.0
10.0,1,crcfail_a,CDLA,0.05,5,0.0,0.0,0.0,0.0
10.0,1,crcfail_a,CDLA,0.1,5,0.0,0.0,0.0,0.0
10.0,1,crcfail_a,CDLB,0.01,5,0.0,0.0,0.0,0.0
10.0,1,crcfail_a,CDLB,0.05,5,0.0,0.0,0.0,0.0
10.0,1,crcfail_a,CDLB,0.1,5,0.0,0.0,0.0,0.0
10.0,1,crcfail_a,CDLD,0.01,5,0.0,0.0,0.0,0.0
10.0,1,crcfail_a,CDLD,0.05,5,0.0,0.0,0.0,0.0
10.0,1,crcfail_a,CDLD,0.1,5,0.0,0.0,0.0,0.0
10.0,1,crcfail_a,CDLE,0.01,5,0.0,0.0,0.0,0.0
10.0,1,crcfail_a,CDLE,0.05,5,0.0,0.0,0.0,0.0
10.0,1,crcfail_a,CDLE,0.1,5,0.0,0.0,0.0,0.0
10.0,1,crcfail_a,S2,0.01,5,0.050208333333333334,-0.004508754479064535,0.1049254211457312,0.0
10.0,1,crcfail_a,S2,0.05,5,0.050208333333333334,-0.004508754479064535,0.1049254211457312,0.0
10.0,1,crcfail_a,S2,0.1,5,0.050208333333333334,-0.004508754479064535,0.1049254211457312,0.0
10.0,1,crcfail_a,V30,0.01,5,0.0,0.0,0.0,0.0
10.0,1,crcfail_a,V30,0.05,5,0.0,0.0,0.0,0.0
10.0,1,crcfail_a,V30,0.1,5,0.0,0.0,0.0,0.0
10.0,1,crcfail_a,V90,0.01,5,0.0,0.0,0.0,0.0
10.0,1,crcfail_a,V90,0.05,5,0.0,0.0,0.0,0.0
10.0,1,crcfail_a,V90,0.1,5,0.0,0.0,0.0,0.0
10.0,1,crcfail_a,V150,0.01,5,0.042708333333333334,0.027876469407867803,0.057540197258798866,0.0
10.0,1,crcfail_a,V150,0.05,5,0.042708333333333334,0.027876469407867803,0.057540197258798866,0.0
10.0,1,crcfail_a,V150,0.1,5,0.042708333333333334,0.027876469407867803,0.057540197258798866,0.0
10.0,1,crcfail_a,V250,0.01,5,0.30645833333333333,0.28087646383990983,0.33204020282675684,0.0
10.0,1,crcfail_a,V250,0.05,5,0.30645833333333333,0.28087646383990983,0.33204020282675684,0.0
10.0,1,crcfail_a,V250,0.1,5,0.30645833333333333,0.28087646383990983,0.33204020282675684,0.0
10.0,1,crcfail_a,V400,0.01,5,0.5164583333333332,0.4843517787581452,0.5485648879085212,0.0
10.0,1,crcfail_a,V400,0.05,5,0.5164583333333332,0.4843517787581452,0.5485648879085212,0.0
10.0,1,crcfail_a,V400,0.1,5,0.5164583333333332,0.4843517787581452,0.5485648879085212,0.0
10.0,1,crcfail_d,DS200,0.01,5,0.0,0.0,0.0,0.0
10.0,1,crcfail_d,DS200,0.05,5,0.0,0.0,0.0,0.0
10.0,1,crcfail_d,DS200,0.1,5,0.0,0.0,0.0,0.0
10.0,1,crcfail_d,DS300,0.01,5,0.0,0.0,0.0,0.0
10.0,1,crcfail_d,DS300,0.05,5,0.0,0.0,0.0,0.0
10.0,1,crcfail_d,DS300,0.1,5,0.0,0.0,0.0,0.0
10.0,1,crcfail_d,DS600,0.01,5,0.006458333333333334,-0.0010500736754061627,0.01396674034207283,0.0
10.0,1,crcfail_d,DS600,0.05,5,0.006458333333333334,-0.0010500736754061627,0.01396674034207283,0.0
10.0,1,crcfail_d,DS600,0.1,5,0.006458333333333334,-0.0010500736754061627,0.01396674034207283,0.0
10.0,1,crcfail_d,DS1000,0.01,5,0.021666666666666667,0.004256138237151021,0.039077195096182314,0.0
10.0,1,crcfail_d,DS1000,0.05,5,0.021666666666666667,0.004256138237151021,0.039077195096182314,0.0
10.0,1,crcfail_d,DS1000,0.1,5,0.021666666666666667,0.004256138237151021,0.039077195096182314,0.0
10.0,1,crcfail_d,CDLA,0.01,5,0.0,0.0,0.0,0.0
10.0,1,crcfail_d,CDLA,0.05,5,0.0,0.0,0.0,0.0
10.0,1,crcfail_d,CDLA,0.1,5,0.0,0.0,0.0,0.0
10.0,1,crcfail_d,CDLB,0.01,5,0.0,0.0,0.0,0.0
10.0,1,crcfail_d,CDLB,0.05,5,0.0,0.0,0.0,0.0
10.0,1,crcfail_d,CDLB,0.1,5,0.0,0.0,0.0,0.0
10.0,1,crcfail_d,CDLD,0.01,5,0.0,0.0,0.0,0.0
10.0,1,crcfail_d,CDLD,0.05,5,0.0,0.0,0.0,0.0
10.0,1,crcfail_d,CDLD,0.1,5,0.0,0.0,0.0,0.0
10.0,1,crcfail_d,CDLE,0.01,5,0.0,0.0,0.0,0.0
10.0,1,crcfail_d,CDLE,0.05,5,0.0,0.0,0.0,0.0
10.0,1,crcfail_d,CDLE,0.1,5,0.0,0.0,0.0,0.0
10.0,1,crcfail_d,S2,0.01,5,0.129375,0.043510383281000556,0.21523961671899944,0.0
10.0,1,crcfail_d,S2,0.05,5,0.129375,0.043510383281000556,0.21523961671899944,0.0
10.0,1,crcfail_d,S2,0.1,5,0.129375,0.043510383281000556,0.21523961671899944,0.0
10.0,1,crcfail_d,V30,0.01,5,0.0,0.0,0.0,0.0
10.0,1,crcfail_d,V30,0.05,5,0.0,0.0,0.0,0.0
10.0,1,crcfail_d,V30,0.1,5,0.0,0.0,0.0,0.0
10.0,1,crcfail_d,V90,0.01,5,0.0,0.0,0.0,0.0
10.0,1,crcfail_d,V90,0.05,5,0.0,0.0,0.0,0.0
10.0,1,crcfail_d,V90,0.1,5,0.0,0.0,0.0,0.0
10.0,1,crcfail_d,V150,0.01,5,0.042708333333333334,0.03264804232923343,0.05276862433743324,0.0
10.0,1,crcfail_d,V150,0.05,5,0.042708333333333334,0.03264804232923343,0.05276862433743324,0.0
10.0,1,crcfail_d,V150,0.1,5,0.042708333333333334,0.03264804232923343,0.05276862433743324,0.0
10.0,1,crcfail_d,V250,0.01,5,0.308125,0.2785544701724491,0.33769552982755086,0.0
10.0,1,crcfail_d,V250,0.05,5,0.308125,0.2785544701724491,0.33769552982755086,0.0
10.0,1,crcfail_d,V250,0.1,5,0.308125,0.2785544701724491,0.33769552982755086,0.0
10.0,1,crcfail_d,V400,0.01,5,0.5164583333333332,0.48109146982816714,0.5518251968384994,0.0
10.0,1,crcfail_d,V400,0.05,5,0.5164583333333332,0.48109146982816714,0.5518251968384994,0.0
10.0,1,crcfail_d,V400,0.1,5,0.5164583333333332,0.48109146982816714,0.5518251968384994,0.0
10.0,1,cf,DS200,0.01,5,0.008749999999999999,4.473578524217571e-05,0.01745526421475782,0.013333333333333332
10.0,1,cf,DS200,0.05,5,0.03791666666666667,0.012233637526794055,0.06359969580653928,0.04875
10.0,1,cf,DS200,0.1,5,0.08229166666666668,0.044438994832376726,0.12014433850095663,0.09291666666666668
10.0,1,cf,DS300,0.01,5,0.006666666666666666,3.365547259310403e-05,0.013299677860740228,0.013333333333333332
10.0,1,cf,DS300,0.05,5,0.030625000000000003,0.009048079612674148,0.05220192038732586,0.04875
10.0,1,cf,DS300,0.1,5,0.07083333333333333,0.0375172975720278,0.10414936909463887,0.09291666666666668
10.0,1,cf,DS600,0.01,5,0.004583333333333333,-0.0015244734154158113,0.010691140082082478,0.013333333333333332
10.0,1,cf,DS600,0.05,5,0.018125000000000002,0.00018912790920811579,0.03606087209079189,0.04875
10.0,1,cf,DS600,0.1,5,0.05354166666666667,0.004481042341612944,0.10260229099172039,0.09291666666666668
10.0,1,cf,DS1000,0.01,5,0.0025,0.000538461782970377,0.004461538217029623,0.013333333333333332
10.0,1,cf,DS1000,0.05,5,0.014791666666666667,0.0036879952911582897,0.025895338042175045,0.04875
10.0,1,cf,DS1000,0.1,5,0.060625,0.002498216875897602,0.1187517831241024,0.09291666666666668
10.0,1,cf,CDLA,0.01,5,0.052083333333333336,0.012197091833825544,0.09196957483284113,0.013333333333333332
10.0,1,cf,CDLA,0.05,5,0.14354166666666665,0.0938054332646997,0.1932779000686336,0.04875
10.0,1,cf,CDLA,0.1,5,0.21979166666666666,0.17124176523298412,0.2683415681003492,0.09291666666666668
10.0,1,cf,CDLB,0.01,5,0.01125,-0.0015343937415554267,0.024034393741555426,0.013333333333333332
10.0,1,cf,CDLB,0.05,5,0.045625000000000006,0.01153464644111802,0.07971535355888199,0.04875
10.0,1,cf,CDLB,0.1,5,0.09125000000000001,0.05734169913632661,0.1251583008636734,0.09291666666666668
10.0,1,cf,CDLD,0.01,5,0.5902083333333333,0.19033159782416453,0.9900850688425021,0.013333333333333332
10.0,1,cf,CDLD,0.05,5,0.9145833333333332,0.8282204285033057,1.0009462381633607,0.04875
10.0,1,cf,CDLD,0.1,5,0.9756250000000002,0.9593261071370052,0.9919238928629952,0.09291666666666668
10.0,1,cf,CDLE,0.01,5,0.4560416666666667,0.1252681772618235,0.7868151560715099,0.013333333333333332
10.0,1,cf,CDLE,0.05,5,0.8481250000000001,0.6996896691655105,0.9965603308344898,0.04875
10.0,1,cf,CDLE,0.1,5,0.9604166666666668,0.9241437716052955,0.9966895617280381,0.09291666666666668
10.0,1,cf,S2,0.01,5,0.03166666666666666,0.006410568401446298,0.05692276493188703,0.013333333333333332
10.0,1,cf,S2,0.05,5,0.09875,0.05460923112705527,0.14289076887294475,0.04875
10.0,1,cf,S2,0.1,5,0.17770833333333333,0.1328420789551941,0.22257458771147257,0.09291666666666668
10.0,1,cf,V30,0.01,5,0.013541666666666665,-0.0005379889145770474,0.027621322247910376,0.013333333333333332
10.0,1,cf,V30,0.05,5,0.04875,0.0175820119275987,0.0799179880724013,0.04875
10.0,1,cf,V30,0.1,5,0.10083333333333333,0.05951127814785517,0.1421553885188115,0.09291666666666668
10.0,1,cf,V90,0.01,5,0.01625,0.001946376025773926,0.030553623974226077,0.013333333333333332
10.0,1,cf,V90,0.05,5,0.049374999999999995,0.01203850489782498,0.08671149510217502,0.04875
10.0,1,cf,V90,0.1,5,0.10625,0.05646669971798393,0.15603330028201606,0.09291666666666668
10.0,1,cf,V150,0.01,5,0.011458333333333333,0.00018273356249400713,0.022733933104172658,0.013333333333333332
10.0,1,cf,V150,0.05,5,0.045208333333333336,0.011772004588787292,0.07864466207787937,0.04875
10.0,1,cf,V150,0.1,5,0.09354166666666666,0.0500499498021959,0.13703338353113742,0.09291666666666668
10.0,1,cf,V250,0.01,5,0.009583333333333333,0.0020749263245938357,0.01709174034207283,0.013333333333333332
10.0,1,cf,V250,0.05,5,0.04375,0.01542778849208331,0.07207221150791668,0.04875
10.0,1,cf,V250,0.1,5,0.09166666666666666,0.06074656071966385,0.12258677261366947,0.09291666666666668
10.0,1,cf,V400,0.01,5,0.012083333333333335,0.0003496929523748669,0.023816973714291804,0.013333333333333332
10.0,1,cf,V400,0.05,5,0.04895833333333334,0.012547342994368167,0.08536932367229852,0.04875
10.0,1,cf,V400,0.1,5,0.08958333333333333,0.0508676560769135,0.12829901058975318,0.09291666666666668
10.0,1,ct,DS200,0.01,5,0.021458333333333336,0.0034526444270463266,0.039464022239620346,0.02291666666666667
10.0,1,ct,DS200,0.05,5,0.05708333333333333,0.028947795337736712,0.08521887132892995,0.05229166666666667
10.0,1,ct,DS200,0.1,5,0.09062499999999998,0.047757033109288444,0.13349296689071152,0.09374999999999999
10.0,1,ct,DS300,0.01,5,0.026041666666666668,0.0059626991435709105,0.04612063418976242,0.02291666666666667
10.0,1,ct,DS300,0.05,5,0.05541666666666667,0.03455319856923368,0.07628013476409966,0.05229166666666667
10.0,1,ct,DS300,0.1,5,0.10208333333333333,0.07271717129800899,0.13144949536865766,0.09374999999999999
10.0,1,ct,DS600,0.01,5,0.025416666666666664,0.007272150038895427,0.0435611832944379,0.02291666666666667
10.0,1,ct,DS600,0.05,5,0.055208333333333325,0.031236777247058423,0.07917988941960823,0.05229166666666667
10.0,1,ct,DS600,0.1,5,0.10083333333333336,0.06078594310211119,0.14088072356455553,0.09374999999999999
10.0,1,ct,DS1000,0.01,5,0.025,0.006640097049147607,0.043359902950852396,0.02291666666666667
10.0,1,ct,DS1000,0.05,5,0.05583333333333333,0.03071005796243817,0.0809566087042285,0.05229166666666667
10.0,1,ct,DS1000,0.1,5,0.09979166666666667,0.06003776000883553,0.1395455733244978,0.09374999999999999
10.0,1,ct,CDLA,0.01,5,0.02270833333333333,0.0007319486812878313,0.04468471798537883,0.02291666666666667
10.0,1,ct,CDLA,0.05,5,0.05145833333333334,0.026251961633905294,0.07666470503276139,0.05229166666666667
10.0,1,ct,CDLA,0.1,5,0.09354166666666666,0.06728214265276063,0.1198011906805727,0.09374999999999999
10.0,1,ct,CDLB,0.01,5,0.026458333333333334,0.00842943223627345,0.04448723443039322,0.02291666666666667
10.0,1,ct,CDLB,0.05,5,0.05645833333333333,0.037178428614779144,0.07573823805188752,0.05229166666666667
10.0,1,ct,CDLB,0.1,5,0.10416666666666667,0.0874772954402207,0.12085603789311264,0.09374999999999999
10.0,1,ct,CDLD,0.01,5,0.02729166666666667,0.009905175979429272,0.04467815735390407,0.02291666666666667
10.0,1,ct,CDLD,0.05,5,0.06020833333333333,0.036581203961425786,0.08383546270524087,0.05229166666666667
10.0,1,ct,CDLD,0.1,5,0.10604166666666666,0.06290721303562094,0.14917612029771238,0.09374999999999999
10.0,1,ct,CDLE,0.01,5,0.02375,0.01295185276102217,0.03454814723897783,0.02291666666666667
10.0,1,ct,CDLE,0.05,5,0.05354166666666667,0.02890587656746325,0.07817745676587008,0.05229166666666667
10.0,1,ct,CDLE,0.1,5,0.10041666666666667,0.0674336986995404,0.13339963463379295,0.09374999999999999
10.0,1,ct,S2,0.01,5,0.025625,0.002549497067075787,0.04870050293292421,0.02291666666666667
10.0,1,ct,S2,0.05,5,0.057291666666666664,0.031006672691376583,0.08357666064195675,0.05229166666666667
10.0,1,ct,S2,0.1,5,0.10020833333333332,0.06603221157833256,0.13438445508833408,0.09374999999999999
10.0,1,ct,V30,0.01,5,0.024166666666666663,0.003484395876098608,0.044848937457234714,0.02291666666666667
10.0,1,ct,V30,0.05,5,0.05083333333333333,0.02028882222720049,0.08137784443946616,0.05229166666666667
10.0,1,ct,V30,0.1,5,0.09833333333333334,0.05193649552320075,0.14473017114346592,0.09374999999999999
10.0,1,ct,V90,0.01,5,0.09604166666666666,0.06692723558173015,0.1251560977516032,0.02291666666666667
10.0,1,ct,V90,0.05,5,0.13791666666666666,0.10402070192624639,0.1718126314070869,0.05229166666666667
10.0,1,ct,V90,0.1,5,0.19520833333333332,0.14579097389535434,0.2446256927713123,0.09374999999999999
10.0,1,ct,V150,0.01,5,0.25354166666666667,0.21022145461526545,0.2968618787180679,0.02291666666666667
10.0,1,ct,V150,0.05,5,0.3022916666666667,0.2578863984379197,0.34669693489541364,0.05229166666666667
10.0,1,ct,V150,0.1,5,0.365625,0.3139294346257057,0.41732056537429424,0.09374999999999999
10.0,1,ct,V250,0.01,5,0.48999999999999994,0.43864859935699374,0.5413514006430061,0.02291666666666667
10.0,1,ct,V250,0.05,5,0.5337500000000001,0.4800887060955784,0.5874112939044217,0.05229166666666667
10.0,1,ct,V250,0.1,5,0.5768749999999999,0.5268286089334565,0.6269213910665433,0.09374999999999999
10.0,1,ct,V400,0.01,5,0.701875,0.6831006407546838,0.7206493592453163,0.02291666666666667
10.0,1,ct,V400,0.05,5,0.7347916666666666,0.7157474771391844,0.7538358561941488,0.05229166666666667
10.0,1,ct,V400,0.1,5,0.770625,0.7524850938453378,0.7887649061546622,0.09374999999999999
10.0,1,ymag,DS200,0.01,5,0.017708333333333333,0.0017884759656706488,0.033628190700996013,0.017708333333333333
10.0,1,ymag,DS200,0.05,5,0.05854166666666667,0.026670443052047063,0.09041289028128628,0.06687499999999999
10.0,1,ymag,DS200,0.1,5,0.10583333333333333,0.07486457258684613,0.13680209407982052,0.11895833333333335
10.0,1,ymag,DS300,0.01,5,0.012916666666666665,0.001995284085559988,0.023838049247773344,0.017708333333333333
10.0,1,ymag,DS300,0.05,5,0.05145833333333333,0.028400961544037526,0.07451570512262913,0.06687499999999999
10.0,1,ymag,DS300,0.1,5,0.094375,0.06773284369735921,0.12101715630264079,0.11895833333333335
10.0,1,ymag,DS600,0.01,5,0.015625,0.0024348563413195204,0.02881514365868048,0.017708333333333333
10.0,1,ymag,DS600,0.05,5,0.05166666666666666,0.02105103902397268,0.08228229430936064,0.06687499999999999
10.0,1,ymag,DS600,0.1,5,0.08541666666666667,0.05737642289231354,0.1134569104410198,0.11895833333333335
10.0,1,ymag,DS1000,0.01,5,0.01583333333333333,-0.002896420576342828,0.034563087243009494,0.017708333333333333
10.0,1,ymag,DS1000,0.05,5,0.059583333333333335,0.020637171526764073,0.0985294951399026,0.06687499999999999
10.0,1,ymag,DS1000,0.1,5,0.09604166666666666,0.055146903064301325,0.13693643026903202,0.11895833333333335
10.0,1,ymag,CDLA,0.01,5,0.0043749999999999995,-0.0017190967275347389,0.010469096727534738,0.017708333333333333
10.0,1,ymag,CDLA,0.05,5,0.061250000000000006,0.01426378470503812,0.10823621529496188,0.06687499999999999
10.0,1,ymag,CDLA,0.1,5,0.12895833333333334,0.0712938673027585,0.1866227993639082,0.11895833333333335
10.0,1,ymag,CDLB,0.01,5,0.029166666666666667,0.009234034016901746,0.04909929931643159,0.017708333333333333
10.0,1,ymag,CDLB,0.05,5,0.07666666666666667,0.04646363035194015,0.1068697029813932,0.06687499999999999
10.0,1,ymag,CDLB,0.1,5,0.123125,0.08924384453636922,0.15700615546363078,0.11895833333333335
10.0,1,ymag,CDLD,0.01,5,0.005416666666666667,-0.003838150350659311,0.014671483683992645,0.017708333333333333
10.0,1,ymag,CDLD,0.05,5,0.18041666666666664,-0.08430000711310523,0.4451333404464385,0.06687499999999999
10.0,1,ymag,CDLD,0.1,5,0.3925,0.025070351218839326,0.7599296487811606,0.11895833333333335
10.0,1,ymag,CDLE,0.01,5,0.006458333333333334,-0.007302859145667165,0.020219525812333834,0.017708333333333333
10.0,1,ymag,CDLE,0.05,5,0.17479166666666668,-0.07261719303728878,0.4222005263706221,0.06687499999999999
10.0,1,ymag,CDLE,0.1,5,0.37645833333333334,0.04846907777276077,0.7044475888939059,0.11895833333333335
10.0,1,ymag,S2,0.01,5,0.019791666666666666,0.0018231796367061473,0.037760153696627184,0.017708333333333333
10.0,1,ymag,S2,0.05,5,0.07479166666666667,0.01444793762613971,0.13513539570719363,0.06687499999999999
10.0,1,ymag,S2,0.1,5,0.13041666666666668,0.05998037801133155,0.2008529553220018,0.11895833333333335
10.0,1,ymag,V30,0.01,5,0.018958333333333334,0.004866801195291023,0.033049865471375645,0.017708333333333333
10.0,1,ymag,V30,0.05,5,0.07041666666666667,0.03381550342050683,0.10701782991282652,0.06687499999999999
10.0,1,ymag,V30,0.1,5,0.125625,0.09193944054991879,0.15931055945008119,0.11895833333333335
10.0,1,ymag,V90,0.01,5,0.01979166666666667,0.001431763715814275,0.03815156961751906,0.017708333333333333
10.0,1,ymag,V90,0.05,5,0.07520833333333334,0.03762844113995442,0.11278822552671225,0.06687499999999999
10.0,1,ymag,V90,0.1,5,0.12875,0.0850166286616924,0.1724833713383076,0.11895833333333335
10.0,1,ymag,V150,0.01,5,0.015,0.0036652103223624045,0.026334789677637596,0.017708333333333333
10.0,1,ymag,V150,0.05,5,0.06604166666666667,0.027732128129354917,0.10435120520397842,0.06687499999999999
10.0,1,ymag,V150,0.1,5,0.11854166666666668,0.07850472094706654,0.15857861238626683,0.11895833333333335
10.0,1,ymag,V250,0.01,5,0.016041666666666666,0.006687960987372368,0.025395372345960964,0.017708333333333333
10.0,1,ymag,V250,0.05,5,0.059166666666666666,0.026428058055564342,0.09190527527776898,0.06687499999999999
10.0,1,ymag,V250,0.1,5,0.10791666666666669,0.07721918620618642,0.13861414712714695,0.11895833333333335
10.0,1,ymag,V400,0.01,5,0.01583333333333333,0.0016235815723841269,0.030043085094282537,0.017708333333333333
10.0,1,ymag,V400,0.05,5,0.05708333333333333,0.02290721157833256,0.09125945508833411,0.06687499999999999
10.0,1,ymag,V400,0.1,5,0.10645833333333332,0.06922503369227273,0.1436916329743939,0.11895833333333335
10.0,8,resid,DS200,0.01,5,0.9400000000000001,0.8685368702253246,1.0114631297746757,0.015
10.0,8,resid,DS200,0.05,5,0.9916666666666668,0.9789939865517365,1.004339346781597,0.05333333333333333
10.0,8,resid,DS200,0.1,5,0.9966666666666667,0.990999271827848,1.0023340615054854,0.09333333333333332
10.0,8,resid,DS300,0.01,5,1.0,1.0,1.0,0.015
10.0,8,resid,DS300,0.05,5,1.0,1.0,1.0,0.05333333333333333
10.0,8,resid,DS300,0.1,5,1.0,1.0,1.0,0.09666666666666666
10.0,8,resid,DS600,0.01,5,1.0,1.0,1.0,0.013333333333333332
10.0,8,resid,DS600,0.05,5,1.0,1.0,1.0,0.05499999999999999
10.0,8,resid,DS600,0.1,5,1.0,1.0,1.0,0.09333333333333332
10.0,8,resid,DS1000,0.01,5,1.0,1.0,1.0,0.013333333333333332
10.0,8,resid,DS1000,0.05,5,1.0,1.0,1.0,0.05333333333333333
10.0,8,resid,DS1000,0.1,5,1.0,1.0,1.0,0.1
10.0,8,resid,CDLA,0.01,5,0.0,0.0,0.0,0.013333333333333332
10.0,8,resid,CDLA,0.05,5,0.0016666666666666666,-0.0029607418419963214,0.006294075175329655,0.05333333333333333
10.0,8,resid,CDLA,0.1,5,0.005,-0.004254817017325976,0.014254817017325977,0.09666666666666665
10.0,8,resid,CDLB,0.01,5,0.6433333333333333,0.4627161480145989,0.8239505186520677,0.013333333333333332
10.0,8,resid,CDLB,0.05,5,0.8383333333333333,0.7427686646302561,0.9338980020364104,0.05333333333333333
10.0,8,resid,CDLB,0.1,5,0.9116666666666665,0.8488974437217186,0.9744358896116144,0.1
10.0,8,resid,CDLD,0.01,5,0.20166666666666666,-0.35248361550073837,0.7558169488340717,0.013333333333333332
10.0,8,resid,CDLD,0.05,5,0.21333333333333332,-0.33323981545245324,0.7599064821191199,0.05166666666666666
10.0,8,resid,CDLD,0.1,5,0.22999999999999998,-0.30748699388992484,0.7674869938899248,0.09666666666666666
10.0,8,resid,CDLE,0.01,5,0.22833333333333333,-0.31114192981728855,0.7678085964839552,0.015
10.0,8,resid,CDLE,0.05,5,0.28833333333333333,-0.23676030522517122,0.8134269718918379,0.05333333333333333
10.0,8,resid,CDLE,0.1,5,0.36,-0.1625796985966501,0.8825796985966501,0.1
10.0,8,resid,S2,0.01,5,1.0,1.0,1.0,0.013333333333333332
10.0,8,resid,S2,0.05,5,1.0,1.0,1.0,0.05499999999999999
10.0,8,resid,S2,0.1,5,1.0,1.0,1.0,0.09666666666666666
10.0,8,resid,V30,0.01,5,0.016666666666666666,-0.018422395683269126,0.051755729016602456,0.015
10.0,8,resid,V30,0.05,5,0.06,-0.02094658923543516,0.14094658923543515,0.05333333333333333
10.0,8,resid,V30,0.1,5,0.10833333333333335,0.008280671229435294,0.2083859954372314,0.1
10.0,8,resid,V90,0.01,5,0.06666666666666667,0.0016355231472404558,0.1316978101860929,0.013333333333333332
10.0,8,resid,V90,0.05,5,0.1983333333333333,0.0631448787101267,0.3335217879565399,0.05166666666666666
10.0,8,resid,V90,0.1,5,0.3,0.18618080016465494,0.41381919983534504,0.09
10.0,8,resid,V150,0.01,5,0.195,0.02551425398470364,0.3644857460152964,0.015
10.0,8,resid,V150,0.05,5,0.43166666666666664,0.25646562278587853,0.6068677105474547,0.05333333333333333
10.0,8,resid,V150,0.1,5,0.5866666666666667,0.48099343302917774,0.6923399003041556,0.09166666666666665
10.0,8,resid,V250,0.01,5,0.72,0.5857652677235201,0.8542347322764798,0.009999999999999998
10.0,8,resid,V250,0.05,5,0.8933333333333333,0.8226232607151986,0.964043405951468,0.05666666666666668
10.0,8,resid,V250,0.1,5,0.9516666666666668,0.915525450861594,0.9878078824717396,0.09833333333333333
10.0,8,resid,V400,0.01,5,0.9833333333333334,0.9590669983934155,1.0075996682732513,0.013333333333333332
10.0,8,resid,V400,0.05,5,0.9966666666666667,0.990999271827848,1.0023340615054854,0.05333333333333333
10.0,8,resid,V400,0.1,5,1.0,1.0,1.0,0.09333333333333334
10.0,8,tdisp,DS200,0.01,5,0.06499999999999999,0.04029639862444487,0.08970360137555511,0.003333333333333333
10.0,8,tdisp,DS200,0.05,5,0.19833333333333333,0.14007574879098905,0.2565909178756776,0.03
10.0,8,tdisp,DS200,0.1,5,0.32166666666666666,0.2601900164015682,0.3831433169317651,0.06
10.0,8,tdisp,DS300,0.01,5,0.2566666666666667,0.1770537203966674,0.33627961293666603,0.003333333333333333
10.0,8,tdisp,DS300,0.05,5,0.5233333333333332,0.4154541587140568,0.6312125079526096,0.03
10.0,8,tdisp,DS300,0.1,5,0.6516666666666666,0.5229697921788723,0.7803635411544609,0.06
10.0,8,tdisp,DS600,0.01,5,0.24666666666666667,0.14303957504829506,0.3502937582850383,0.005
10.0,8,tdisp,DS600,0.05,5,0.4666666666666667,0.36038727184133096,0.5729460614920024,0.03
10.0,8,tdisp,DS600,0.1,5,0.6016666666666667,0.525139346382315,0.6781939869510184,0.056666666666666664
10.0,8,tdisp,DS1000,0.01,5,0.2966666666666667,0.14768854510844148,0.4456447882248919,0.005
10.0,8,tdisp,DS1000,0.05,5,0.5116666666666667,0.3584372462756069,0.6648960870577265,0.03
10.0,8,tdisp,DS1000,0.1,5,0.645,0.5416315239373374,0.7483684760626627,0.058333333333333334
10.0,8,tdisp,CDLA,0.01,5,0.003333333333333333,-0.0023340615054854644,0.00900072817215213,0.003333333333333333
10.0,8,tdisp,CDLA,0.05,5,0.025,-0.0003453602298605883,0.050345360229860595,0.03
10.0,8,tdisp,CDLA,0.1,5,0.05333333333333333,0.02951229007510815,0.07715437659155851,0.06333333333333332
10.0,8,tdisp,CDLB,0.01,5,0.041666666666666664,0.020972266696603927,0.0623610666367294,0.003333333333333333
10.0,8,tdisp,CDLB,0.05,5,0.15166666666666667,0.08484906694914673,0.2184842663841866,0.03
10.0,8,tdisp,CDLB,0.1,5,0.2733333333333333,0.18271407050489885,0.3639525961617678,0.06333333333333332
10.0,8,tdisp,CDLD,0.01,5,0.026666666666666665,-0.007961687789452256,0.061295021122785585,0.003333333333333333
10.0,8,tdisp,CDLD,0.05,5,0.07666666666666666,0.001195917839002289,0.15213741549433102,0.03
10.0,8,tdisp,CDLD,0.1,5,0.17333333333333334,0.041148106636345605,0.3055185600303211,0.06
10.0,8,tdisp,CDLE,0.01,5,0.03333333333333334,-0.011171656603855863,0.07783832327052254,0.003333333333333333
10.0,8,tdisp,CDLE,0.05,5,0.135,0.01292057906342918,0.2570794209365708,0.03
10.0,8,tdisp,CDLE,0.1,5,0.225,0.05608374288776366,0.3939162571122363,0.06166666666666666
10.0,8,tdisp,S2,0.01,5,0.16666666666666666,0.10952238699081362,0.2238109463425197,0.003333333333333333
10.0,8,tdisp,S2,0.05,5,0.39333333333333337,0.3360020015052818,0.4506646651613849,0.03
10.0,8,tdisp,S2,0.1,5,0.5433333333333333,0.5279859555584001,0.5586807111082666,0.06
10.0,8,tdisp,V30,0.01,5,0.20500000000000002,0.14947109789604415,0.2605289021039559,0.003333333333333333
10.0,8,tdisp,V30,0.05,5,0.3616666666666667,0.2442362033196543,0.4790971300136791,0.03
10.0,8,tdisp,V30,0.1,5,0.475,0.3398907651050279,0.610109234894972,0.06166666666666667
10.0,8,tdisp,V90,0.01,5,0.99,0.9813429113859702,0.9986570886140298,0.003333333333333333
10.0,8,tdisp,V90,0.05,5,0.9933333333333334,0.9846762447193037,1.0019904219473632,0.028333333333333332
10.0,8,tdisp,V90,0.1,5,0.9949999999999999,0.9857451829826739,1.0042548170173258,0.058333333333333334
10.0,8,tdisp,V150,0.01,5,1.0,1.0,1.0,0.005
10.0,8,tdisp,V150,0.05,5,1.0,1.0,1.0,0.028333333333333332
10.0,8,tdisp,V150,0.1,5,1.0,1.0,1.0,0.056666666666666664
10.0,8,tdisp,V250,0.01,5,1.0,1.0,1.0,0.003333333333333333
10.0,8,tdisp,V250,0.05,5,1.0,1.0,1.0,0.028333333333333332
10.0,8,tdisp,V250,0.1,5,1.0,1.0,1.0,0.05833333333333333
10.0,8,tdisp,V400,0.01,5,1.0,1.0,1.0,0.003333333333333333
10.0,8,tdisp,V400,0.05,5,1.0,1.0,1.0,0.03166666666666666
10.0,8,tdisp,V400,0.1,5,1.0,1.0,1.0,0.06
10.0,8,comb,DS200,0.01,5,0.8033333333333333,0.6719198198857941,0.9347468467808726,0.013333333333333332
10.0,8,comb,DS200,0.05,5,0.9433333333333334,0.8951327038622771,0.9915339628043897,0.045
10.0,8,comb,DS200,0.1,5,0.975,0.9457336988971639,1.004266301102836,0.09333333333333334
10.0,8,comb,DS300,0.01,5,1.0,1.0,1.0,0.013333333333333332
10.0,8,comb,DS300,0.05,5,1.0,1.0,1.0,0.045
10.0,8,comb,DS300,0.1,5,1.0,1.0,1.0,0.095
10.0,8,comb,DS600,0.01,5,1.0,1.0,1.0,0.011666666666666665
10.0,8,comb,DS600,0.05,5,1.0,1.0,1.0,0.04666666666666666
10.0,8,comb,DS600,0.1,5,1.0,1.0,1.0,0.09666666666666668
10.0,8,comb,DS1000,0.01,5,1.0,1.0,1.0,0.011666666666666665
10.0,8,comb,DS1000,0.05,5,1.0,1.0,1.0,0.04333333333333333
10.0,8,comb,DS1000,0.1,5,1.0,1.0,1.0,0.09166666666666667
10.0,8,comb,CDLA,0.01,5,0.0,0.0,0.0,0.013333333333333332
10.0,8,comb,CDLA,0.05,5,0.005,-0.004254817017325976,0.014254817017325977,0.045
10.0,8,comb,CDLA,0.1,5,0.018333333333333333,-0.01218652190080938,0.048853188567476044,0.09166666666666667
10.0,8,comb,CDLB,0.01,5,0.4966666666666667,0.30495005505690287,0.6883832782764305,0.013333333333333332
10.0,8,comb,CDLB,0.05,5,0.7150000000000001,0.5618055196208849,0.8681944803791153,0.04666666666666666
10.0,8,comb,CDLB,0.1,5,0.7916666666666666,0.6752894126065433,0.90804392072679,0.095
10.0,8,comb,CDLD,0.01,5,0.20166666666666666,-0.35248361550073837,0.7558169488340717,0.011666666666666665
10.0,8,comb,CDLD,0.05,5,0.21833333333333332,-0.32552990817299904,0.7621965748396657,0.045
10.0,8,comb,CDLD,0.1,5,0.25166666666666665,-0.27580716175216285,0.7791404950854961,0.09333333333333334
10.0,8,comb,CDLE,0.01,5,0.22333333333333333,-0.31816244349327255,0.7648291101599392,0.013333333333333332
10.0,8,comb,CDLE,0.05,5,0.2816666666666667,-0.23077573568446857,0.7941090690178019,0.04666666666666666
10.0,8,comb,CDLE,0.1,5,0.3416666666666667,-0.1653461325998704,0.8486794659332038,0.09833333333333334
10.0,8,comb,S2,0.01,5,1.0,1.0,1.0,0.013333333333333332
10.0,8,comb,S2,0.05,5,1.0,1.0,1.0,0.04666666666666666
10.0,8,comb,S2,0.1,5,1.0,1.0,1.0,0.09833333333333334
10.0,8,comb,V30,0.01,5,0.125,0.042871646221267226,0.2071283537787328,0.013333333333333332
10.0,8,comb,V30,0.05,5,0.2633333333333333,0.14476868813621052,0.3818979785304561,0.045
10.0,8,comb,V30,0.1,5,0.36333333333333334,0.20767760068563493,0.5189890659810318,0.09333333333333332
10.0,8,comb,V90,0.01,5,0.9766666666666668,0.9596644821502104,0.9936688511831232,0.011666666666666665
10.0,8,comb,V90,0.05,5,0.9916666666666668,0.9843500913909577,0.9989832419423759,0.04666666666666666
10.0,8,comb,V90,0.1,5,0.9933333333333334,0.9846762447193037,1.0019904219473632,0.09666666666666668
10.0,8,comb,V150,0.01,5,1.0,1.0,1.0,0.013333333333333332
10.0,8,comb,V150,0.05,5,1.0,1.0,1.0,0.04666666666666666
10.0,8,comb,V150,0.1,5,1.0,1.0,1.0,0.09833333333333334
10.0,8,comb,V250,0.01,5,1.0,1.0,1.0,0.011666666666666665
10.0,8,comb,V250,0.05,5,1.0,1.0,1.0,0.04666666666666666
10.0,8,comb,V250,0.1,5,1.0,1.0,1.0,0.09666666666666666
10.0,8,comb,V400,0.01,5,1.0,1.0,1.0,0.011666666666666665
10.0,8,comb,V400,0.05,5,1.0,1.0,1.0,0.04833333333333333
10.0,8,comb,V400,0.1,5,1.0,1.0,1.0,0.09833333333333334
10.0,8,conf_a,DS200,0.01,5,0.9966666666666667,0.990999271827848,1.0023340615054854,0.025
10.0,8,conf_a,DS200,0.05,5,1.0,1.0,1.0,0.04666666666666666
10.0,8,conf_a,DS200,0.1,5,1.0,1.0,1.0,0.10166666666666666
10.0,8,conf_a,DS300,0.01,5,1.0,1.0,1.0,0.023333333333333334
10.0,8,conf_a,DS300,0.05,5,1.0,1.0,1.0,0.04833333333333333
10.0,8,conf_a,DS300,0.1,5,1.0,1.0,1.0,0.10833333333333332
10.0,8,conf_a,DS600,0.01,5,1.0,1.0,1.0,0.026666666666666665
10.0,8,conf_a,DS600,0.05,5,1.0,1.0,1.0,0.04666666666666666
10.0,8,conf_a,DS600,0.1,5,1.0,1.0,1.0,0.10166666666666666
10.0,8,conf_a,DS1000,0.01,5,1.0,1.0,1.0,0.03
10.0,8,conf_a,DS1000,0.05,5,1.0,1.0,1.0,0.048333333333333325
10.0,8,conf_a,DS1000,0.1,5,1.0,1.0,1.0,0.10166666666666666
10.0,8,conf_a,CDLA,0.01,5,0.0,0.0,0.0,0.023333333333333334
10.0,8,conf_a,CDLA,0.05,5,0.0,0.0,0.0,0.045
10.0,8,conf_a,CDLA,0.1,5,0.0,0.0,0.0,0.10333333333333332
10.0,8,conf_a,CDLB,0.01,5,0.9,0.801023204239497,0.998976795760503,0.028333333333333332
10.0,8,conf_a,CDLB,0.05,5,0.9783333333333333,0.9545122900751081,1.0021543765915586,0.05
10.0,8,conf_a,CDLB,0.1,5,0.9933333333333334,0.9887059248246705,0.9979607418419963,0.10333333333333332
10.0,8,conf_a,CDLD,0.01,5,0.13166666666666665,-0.020123618360097073,0.2834569516934304,0.026666666666666665
10.0,8,conf_a,CDLD,0.05,5,0.31000000000000005,0.0608708804589955,0.5591291195410046,0.04333333333333333
10.0,8,conf_a,CDLD,0.1,5,0.52,0.226004746260833,0.813995253739167,0.10333333333333332
10.0,8,conf_a,CDLE,0.01,5,0.5933333333333334,0.3420646252167466,0.8446020414499202,0.026666666666666665
10.0,8,conf_a,CDLE,0.05,5,0.8166666666666667,0.6605987821960684,0.9727345511372649,0.04333333333333333
10.0,8,conf_a,CDLE,0.1,5,0.9199999999999999,0.831110385265031,1.0088896147349689,0.10166666666666666
10.0,8,conf_a,S2,0.01,5,1.0,1.0,1.0,0.026666666666666665
10.0,8,conf_a,S2,0.05,5,1.0,1.0,1.0,0.04333333333333333
10.0,8,conf_a,S2,0.1,5,1.0,1.0,1.0,0.10166666666666666
10.0,8,conf_a,V30,0.01,5,0.08000000000000002,-0.01805302834800633,0.17805302834800635,0.025
10.0,8,conf_a,V30,0.05,5,0.22999999999999998,0.04670555105244689,0.4132944489475531,0.041666666666666664
10.0,8,conf_a,V30,0.1,5,0.4116666666666666,0.24170780422149463,0.5816255291118386,0.10166666666666666
10.0,8,conf_a,V90,0.01,5,0.9733333333333333,0.9364589553232032,1.0102077113434633,0.023333333333333334
10.0,8,conf_a,V90,0.05,5,0.9949999999999999,0.9811177744740109,1.0088822255259888,0.048333333333333325
10.0,8,conf_a,V90,0.1,5,1.0,1.0,1.0,0.10833333333333332
10.0,8,conf_a,V150,0.01,5,1.0,1.0,1.0,0.026666666666666665
10.0,8,conf_a,V150,0.05,5,1.0,1.0,1.0,0.04666666666666666
10.0,8,conf_a,V150,0.1,5,1.0,1.0,1.0,0.09833333333333333
10.0,8,conf_a,V250,0.01,5,1.0,1.0,1.0,0.023333333333333334
10.0,8,conf_a,V250,0.05,5,1.0,1.0,1.0,0.049999999999999996
10.0,8,conf_a,V250,0.1,5,1.0,1.0,1.0,0.10166666666666666
10.0,8,conf_a,V400,0.01,5,1.0,1.0,1.0,0.025
10.0,8,conf_a,V400,0.05,5,1.0,1.0,1.0,0.045
10.0,8,conf_a,V400,0.1,5,1.0,1.0,1.0,0.10166666666666666
10.0,8,conf_d,DS200,0.01,5,1.0,1.0,1.0,0.026666666666666665
10.0,8,conf_d,DS200,0.05,5,1.0,1.0,1.0,0.08666666666666667
10.0,8,conf_d,DS200,0.1,5,1.0,1.0,1.0,0.13166666666666665
10.0,8,conf_d,DS300,0.01,5,1.0,1.0,1.0,0.025
10.0,8,conf_d,DS300,0.05,5,1.0,1.0,1.0,0.08833333333333333
10.0,8,conf_d,DS300,0.1,5,1.0,1.0,1.0,0.13333333333333333
10.0,8,conf_d,DS600,0.01,5,1.0,1.0,1.0,0.026666666666666665
10.0,8,conf_d,DS600,0.05,5,1.0,1.0,1.0,0.08833333333333333
10.0,8,conf_d,DS600,0.1,5,1.0,1.0,1.0,0.13999999999999999
10.0,8,conf_d,DS1000,0.01,5,1.0,1.0,1.0,0.026666666666666665
10.0,8,conf_d,DS1000,0.05,5,1.0,1.0,1.0,0.09
10.0,8,conf_d,DS1000,0.1,5,1.0,1.0,1.0,0.13499999999999998
10.0,8,conf_d,CDLA,0.01,5,0.0,0.0,0.0,0.026666666666666665
10.0,8,conf_d,CDLA,0.05,5,0.0,0.0,0.0,0.08666666666666667
10.0,8,conf_d,CDLA,0.1,5,0.0016666666666666666,-0.0029607418419963214,0.006294075175329655,0.13666666666666666
10.0,8,conf_d,CDLB,0.01,5,0.9566666666666667,0.901234252736569,1.0120990805967645,0.028333333333333332
10.0,8,conf_d,CDLB,0.05,5,0.9916666666666666,0.9813194666816352,1.002013866651698,0.08833333333333333
10.0,8,conf_d,CDLB,0.1,5,1.0,1.0,1.0,0.13833333333333334
10.0,8,conf_d,CDLD,0.01,5,0.5650000000000001,0.1650971184826131,0.964902881517387,0.023333333333333334
10.0,8,conf_d,CDLD,0.05,5,0.7433333333333334,0.4067390609570901,1.0799276057095768,0.08833333333333333
10.0,8,conf_d,CDLD,0.1,5,0.8666666666666668,0.6846323911562366,1.048700942177097,0.14166666666666666
10.0,8,conf_d,CDLE,0.01,5,0.865,0.643270344279609,1.086729655720391,0.026666666666666665
10.0,8,conf_d,CDLE,0.05,5,0.9533333333333334,0.8647453469358196,1.0419213197308472,0.09166666666666667
10.0,8,conf_d,CDLE,0.1,5,0.99,0.9765089017940941,1.0034910982059058,0.14166666666666666
10.0,8,conf_d,S2,0.01,5,1.0,1.0,1.0,0.026666666666666665
10.0,8,conf_d,S2,0.05,5,1.0,1.0,1.0,0.09333333333333334
10.0,8,conf_d,S2,0.1,5,1.0,1.0,1.0,0.13666666666666666
10.0,8,conf_d,V30,0.01,5,0.13333333333333336,-0.000581982113832924,0.26724864878049964,0.025
10.0,8,conf_d,V30,0.05,5,0.29833333333333334,0.09056320659661982,0.5061034600700469,0.08833333333333333
10.0,8,conf_d,V30,0.1,5,0.46333333333333326,0.329298147372433,0.5973685192942335,0.13666666666666666
10.0,8,conf_d,V90,0.01,5,0.9766666666666666,0.9174973274423807,1.0358360058909524,0.026666666666666665
10.0,8,conf_d,V90,0.05,5,0.9949999999999999,0.9811177744740109,1.0088822255259888,0.08666666666666667
10.0,8,conf_d,V90,0.1,5,1.0,1.0,1.0,0.13833333333333334
10.0,8,conf_d,V150,0.01,5,0.9983333333333334,0.9937059248246705,1.0029607418419964,0.026666666666666665
10.0,8,conf_d,V150,0.05,5,1.0,1.0,1.0,0.09333333333333334
10.0,8,conf_d,V150,0.1,5,1.0,1.0,1.0,0.13666666666666666
10.0,8,conf_d,V250,0.01,5,1.0,1.0,1.0,0.025
10.0,8,conf_d,V250,0.05,5,1.0,1.0,1.0,0.08833333333333333
10.0,8,conf_d,V250,0.1,5,1.0,1.0,1.0,0.13833333333333334
10.0,8,conf_d,V400,0.01,5,1.0,1.0,1.0,0.026666666666666665
10.0,8,conf_d,V400,0.05,5,1.0,1.0,1.0,0.09
10.0,8,conf_d,V400,0.1,5,1.0,1.0,1.0,0.13999999999999999
10.0,8,crcfail_a,DS200,0.01,5,0.0,0.0,0.0,0.0
10.0,8,crcfail_a,DS200,0.05,5,0.0,0.0,0.0,0.0
10.0,8,crcfail_a,DS200,0.1,5,0.0,0.0,0.0,0.0
10.0,8,crcfail_a,DS300,0.01,5,0.0,0.0,0.0,0.0
10.0,8,crcfail_a,DS300,0.05,5,0.0,0.0,0.0,0.0
10.0,8,crcfail_a,DS300,0.1,5,0.0,0.0,0.0,0.0
10.0,8,crcfail_a,DS600,0.01,5,0.019999999999999997,-0.004919357449086691,0.044919357449086685,0.0
10.0,8,crcfail_a,DS600,0.05,5,0.019999999999999997,-0.004919357449086691,0.044919357449086685,0.0
10.0,8,crcfail_a,DS600,0.1,5,0.019999999999999997,-0.004919357449086691,0.044919357449086685,0.0
10.0,8,crcfail_a,DS1000,0.01,5,0.05333333333333333,-0.02701585593496643,0.1336825226016331,0.0
10.0,8,crcfail_a,DS1000,0.05,5,0.05333333333333333,-0.02701585593496643,0.1336825226016331,0.0
10.0,8,crcfail_a,DS1000,0.1,5,0.05333333333333333,-0.02701585593496643,0.1336825226016331,0.0
10.0,8,crcfail_a,CDLA,0.01,5,0.0,0.0,0.0,0.0
10.0,8,crcfail_a,CDLA,0.05,5,0.0,0.0,0.0,0.0
10.0,8,crcfail_a,CDLA,0.1,5,0.0,0.0,0.0,0.0
10.0,8,crcfail_a,CDLB,0.01,5,0.0,0.0,0.0,0.0
10.0,8,crcfail_a,CDLB,0.05,5,0.0,0.0,0.0,0.0
10.0,8,crcfail_a,CDLB,0.1,5,0.0,0.0,0.0,0.0
10.0,8,crcfail_a,CDLD,0.01,5,0.0,0.0,0.0,0.0
10.0,8,crcfail_a,CDLD,0.05,5,0.0,0.0,0.0,0.0
10.0,8,crcfail_a,CDLD,0.1,5,0.0,0.0,0.0,0.0
10.0,8,crcfail_a,CDLE,0.01,5,0.0,0.0,0.0,0.0
10.0,8,crcfail_a,CDLE,0.05,5,0.0,0.0,0.0,0.0
10.0,8,crcfail_a,CDLE,0.1,5,0.0,0.0,0.0,0.0
10.0,8,crcfail_a,S2,0.01,5,0.31333333333333335,0.006682404595454383,0.6199842620712124,0.0
10.0,8,crcfail_a,S2,0.05,5,0.31333333333333335,0.006682404595454383,0.6199842620712124,0.0
10.0,8,crcfail_a,S2,0.1,5,0.31333333333333335,0.006682404595454383,0.6199842620712124,0.0
10.0,8,crcfail_a,V30,0.01,5,0.0,0.0,0.0,0.0
10.0,8,crcfail_a,V30,0.05,5,0.0,0.0,0.0,0.0
10.0,8,crcfail_a,V30,0.1,5,0.0,0.0,0.0,0.0
10.0,8,crcfail_a,V90,0.01,5,0.0,0.0,0.0,0.0
10.0,8,crcfail_a,V90,0.05,5,0.0,0.0,0.0,0.0
10.0,8,crcfail_a,V90,0.1,5,0.0,0.0,0.0,0.0
10.0,8,crcfail_a,V150,0.01,5,0.30166666666666664,0.1903681125464627,0.4129652207868706,0.0
10.0,8,crcfail_a,V150,0.05,5,0.30166666666666664,0.1903681125464627,0.4129652207868706,0.0
10.0,8,crcfail_a,V150,0.1,5,0.30166666666666664,0.1903681125464627,0.4129652207868706,0.0
10.0,8,crcfail_a,V250,0.01,5,0.95,0.9119819596552091,0.9880180403447908,0.0
10.0,8,crcfail_a,V250,0.05,5,0.95,0.9119819596552091,0.9880180403447908,0.0
10.0,8,crcfail_a,V250,0.1,5,0.95,0.9119819596552091,0.9880180403447908,0.0
10.0,8,crcfail_a,V400,0.01,5,1.0,1.0,1.0,0.0
10.0,8,crcfail_a,V400,0.05,5,1.0,1.0,1.0,0.0
10.0,8,crcfail_a,V400,0.1,5,1.0,1.0,1.0,0.0
10.0,8,crcfail_d,DS200,0.01,5,0.0,0.0,0.0,0.0
10.0,8,crcfail_d,DS200,0.05,5,0.0,0.0,0.0,0.0
10.0,8,crcfail_d,DS200,0.1,5,0.0,0.0,0.0,0.0
10.0,8,crcfail_d,DS300,0.01,5,0.0,0.0,0.0,0.0
10.0,8,crcfail_d,DS300,0.05,5,0.0,0.0,0.0,0.0
10.0,8,crcfail_d,DS300,0.1,5,0.0,0.0,0.0,0.0
10.0,8,crcfail_d,DS600,0.01,5,0.049999999999999996,-0.010776038780040971,0.11077603878004097,0.0
10.0,8,crcfail_d,DS600,0.05,5,0.049999999999999996,-0.010776038780040971,0.11077603878004097,0.0
10.0,8,crcfail_d,DS600,0.1,5,0.049999999999999996,-0.010776038780040971,0.11077603878004097,0.0
10.0,8,crcfail_d,DS1000,0.01,5,0.15,0.04994733789610192,0.2500526621038981,0.0
10.0,8,crcfail_d,DS1000,0.05,5,0.15,0.04994733789610192,0.2500526621038981,0.0
10.0,8,crcfail_d,DS1000,0.1,5,0.15,0.04994733789610192,0.2500526621038981,0.0
10.0,8,crcfail_d,CDLA,0.01,5,0.0,0.0,0.0,0.0
10.0,8,crcfail_d,CDLA,0.05,5,0.0,0.0,0.0,0.0
10.0,8,crcfail_d,CDLA,0.1,5,0.0,0.0,0.0,0.0
10.0,8,crcfail_d,CDLB,0.01,5,0.0,0.0,0.0,0.0
10.0,8,crcfail_d,CDLB,0.05,5,0.0,0.0,0.0,0.0
10.0,8,crcfail_d,CDLB,0.1,5,0.0,0.0,0.0,0.0
10.0,8,crcfail_d,CDLD,0.01,5,0.0,0.0,0.0,0.0
10.0,8,crcfail_d,CDLD,0.05,5,0.0,0.0,0.0,0.0
10.0,8,crcfail_d,CDLD,0.1,5,0.0,0.0,0.0,0.0
10.0,8,crcfail_d,CDLE,0.01,5,0.0,0.0,0.0,0.0
10.0,8,crcfail_d,CDLE,0.05,5,0.0,0.0,0.0,0.0
10.0,8,crcfail_d,CDLE,0.1,5,0.0,0.0,0.0,0.0
10.0,8,crcfail_d,S2,0.01,5,0.6266666666666667,0.39317733585603903,0.8601559974772943,0.0
10.0,8,crcfail_d,S2,0.05,5,0.6266666666666667,0.39317733585603903,0.8601559974772943,0.0
10.0,8,crcfail_d,S2,0.1,5,0.6266666666666667,0.39317733585603903,0.8601559974772943,0.0
10.0,8,crcfail_d,V30,0.01,5,0.0,0.0,0.0,0.0
10.0,8,crcfail_d,V30,0.05,5,0.0,0.0,0.0,0.0
10.0,8,crcfail_d,V30,0.1,5,0.0,0.0,0.0,0.0
10.0,8,crcfail_d,V90,0.01,5,0.0,0.0,0.0,0.0
10.0,8,crcfail_d,V90,0.05,5,0.0,0.0,0.0,0.0
10.0,8,crcfail_d,V90,0.1,5,0.0,0.0,0.0,0.0
10.0,8,crcfail_d,V150,0.01,5,0.30333333333333334,0.2295845773130733,0.3770820893535934,0.0
10.0,8,crcfail_d,V150,0.05,5,0.30333333333333334,0.2295845773130733,0.3770820893535934,0.0
10.0,8,crcfail_d,V150,0.1,5,0.30333333333333334,0.2295845773130733,0.3770820893535934,0.0
10.0,8,crcfail_d,V250,0.01,5,0.95,0.9119819596552091,0.9880180403447908,0.0
10.0,8,crcfail_d,V250,0.05,5,0.95,0.9119819596552091,0.9880180403447908,0.0
10.0,8,crcfail_d,V250,0.1,5,0.95,0.9119819596552091,0.9880180403447908,0.0
10.0,8,crcfail_d,V400,0.01,5,1.0,1.0,1.0,0.0
10.0,8,crcfail_d,V400,0.05,5,1.0,1.0,1.0,0.0
10.0,8,crcfail_d,V400,0.1,5,1.0,1.0,1.0,0.0
10.0,8,cf,DS200,0.01,5,0.011666666666666667,-0.004025639069570321,0.027358972402903657,0.013333333333333332
10.0,8,cf,DS200,0.05,5,0.05,0.011981959655209116,0.08801804034479088,0.05333333333333333
10.0,8,cf,DS200,0.1,5,0.095,0.024214261150886415,0.16578573884911357,0.10333333333333332
10.0,8,cf,DS300,0.01,5,0.005,-0.008882225525988965,0.018882225525988967,0.013333333333333332
10.0,8,cf,DS300,0.05,5,0.045,-0.0038624539899931587,0.09386245398999316,0.05333333333333333
10.0,8,cf,DS300,0.1,5,0.09666666666666665,0.01565397158988692,0.1776793617434464,0.10833333333333332
10.0,8,cf,DS600,0.01,5,0.006666666666666666,-0.001990421947363064,0.015323755280696396,0.015
10.0,8,cf,DS600,0.05,5,0.03833333333333333,-0.005321551227711489,0.08198821789437816,0.05
10.0,8,cf,DS600,0.1,5,0.08833333333333333,-0.018348255530274166,0.19501492219694083,0.10500000000000001
10.0,8,cf,DS1000,0.01,5,0.005,-0.008882225525988965,0.018882225525988967,0.013333333333333332
10.0,8,cf,DS1000,0.05,5,0.028333333333333332,-0.027675516348086033,0.0843421830147527,0.05166666666666666
10.0,8,cf,DS1000,0.1,5,0.07333333333333333,-0.030500186958981115,0.17716685362564777,0.10499999999999998
10.0,8,cf,CDLA,0.01,5,0.17333333333333334,0.024211549136558708,0.32245511753010797,0.015
10.0,8,cf,CDLA,0.05,5,0.3383333333333333,0.17910744079333463,0.497559225873332,0.05333333333333333
10.0,8,cf,CDLA,0.1,5,0.4616666666666667,0.2931311378907707,0.6302021954425627,0.09999999999999999
10.0,8,cf,CDLB,0.01,5,0.008333333333333333,-0.014803709209981612,0.03147037587664828,0.013333333333333332
10.0,8,cf,CDLB,0.05,5,0.05166666666666666,-0.004246523082110931,0.10757985641544425,0.05166666666666666
10.0,8,cf,CDLB,0.1,5,0.08833333333333333,0.0015771364862181836,0.17508953018044848,0.10666666666666666
10.0,8,cf,CDLD,0.01,5,1.0,1.0,1.0,0.011666666666666667
10.0,8,cf,CDLD,0.05,5,1.0,1.0,1.0,0.05166666666666666
10.0,8,cf,CDLD,0.1,5,1.0,1.0,1.0,0.10666666666666666
10.0,8,cf,CDLE,0.01,5,1.0,1.0,1.0,0.015
10.0,8,cf,CDLE,0.05,5,1.0,1.0,1.0,0.05333333333333333
10.0,8,cf,CDLE,0.1,5,1.0,1.0,1.0,0.10666666666666665
10.0,8,cf,S2,0.01,5,0.07166666666666666,-0.009014957572302237,0.15234829090563556,0.013333333333333332
10.0,8,cf,S2,0.05,5,0.22000000000000003,0.08656524345479638,0.3534347565452037,0.05333333333333333
10.0,8,cf,S2,0.1,5,0.33166666666666667,0.19142488479940775,0.47190844853392555,0.11000000000000001
10.0,8,cf,V30,0.01,5,0.023333333333333334,-0.007186521900809373,0.05385318856747604,0.015
10.0,8,cf,V30,0.05,5,0.07333333333333333,-0.00859924339989053,0.1552659100665572,0.05333333333333333
10.0,8,cf,V30,0.1,5,0.11666666666666667,0.0002894126065433461,0.23304392072678998,0.10666666666666665
10.0,8,cf,V90,0.01,5,0.025,-0.0013802873173609578,0.05138028731736096,0.013333333333333332
10.0,8,cf,V90,0.05,5,0.09166666666666667,0.002356483647022331,0.180976849686311,0.05833333333333333
10.0,8,cf,V90,0.1,5,0.15,0.027570278713734547,0.2724297212862654,0.11499999999999999
10.0,8,cf,V150,0.01,5,0.018333333333333333,-0.009431117718644598,0.046097784385311265,0.015
10.0,8,cf,V150,0.05,5,0.05500000000000001,-0.024343527743463142,0.13434352774346314,0.05
10.0,8,cf,V150,0.1,5,0.09666666666666666,0.0033695728522934593,0.18996376048103986,0.10166666666666666
10.0,8,cf,V250,0.01,5,0.013333333333333332,-0.005463288885825337,0.032129955552492,0.015
10.0,8,cf,V250,0.05,5,0.05,-0.010776038780040964,0.11077603878004097,0.05333333333333333
10.0,8,cf,V250,0.1,5,0.09,0.006130215376833614,0.17386978462316638,0.10833333333333332
10.0,8,cf,V400,0.01,5,0.009999999999999998,-0.012432195019482502,0.032432195019482496,0.013333333333333332
10.0,8,cf,V400,0.05,5,0.04166666666666667,-0.011093907968055247,0.09442724130138859,0.05166666666666666
10.0,8,cf,V400,0.1,5,0.09,0.024804428548019786,0.1551955714519802,0.11000000000000001
10.0,8,ct,DS200,0.01,5,0.011666666666666667,-0.004025639069570321,0.027358972402903657,0.011666666666666667
10.0,8,ct,DS200,0.05,5,0.056666666666666664,0.0022085362673639544,0.11112479706596937,0.05166666666666667
10.0,8,ct,DS200,0.1,5,0.09833333333333334,0.024294797194725534,0.17237186947194116,0.09833333333333333
10.0,8,ct,DS300,0.01,5,0.008333333333333333,-0.004339346781596965,0.02100601344826363,0.015
10.0,8,ct,DS300,0.05,5,0.06166666666666667,0.013912348931052802,0.10942098440228054,0.05
10.0,8,ct,DS300,0.1,5,0.1,0.032942479942442024,0.16705752005755797,0.10499999999999998
10.0,8,ct,DS600,0.01,5,0.01,-0.0034910982059058616,0.023491098205905864,0.015
10.0,8,ct,DS600,0.05,5,0.065,0.01153390402266849,0.11846609597733151,0.05166666666666666
10.0,8,ct,DS600,0.1,5,0.10333333333333332,0.025008378347822102,0.18165828831884454,0.11333333333333333
10.0,8,ct,DS1000,0.01,5,0.018333333333333333,-0.006370268042221787,0.043036934708888454,0.015
10.0,8,ct,DS1000,0.05,5,0.05499999999999999,0.015871710621567746,0.09412828937843223,0.05
10.0,8,ct,DS1000,0.1,5,0.10833333333333335,0.04167616025717692,0.17499050640948977,0.10500000000000001
10.0,8,ct,CDLA,0.01,5,0.018333333333333333,-0.008449729756099915,0.04511639642276658,0.015
10.0,8,ct,CDLA,0.05,5,0.06333333333333332,0.010269243780744827,0.11639742288592182,0.05166666666666666
10.0,8,ct,CDLA,0.1,5,0.11000000000000001,0.060701265442850455,0.15929873455714957,0.10333333333333335
10.0,8,ct,CDLB,0.01,5,0.013333333333333332,0.0040785163160073565,0.02258815035065931,0.013333333333333332
10.0,8,ct,CDLB,0.05,5,0.045,0.005193526865000339,0.08480647313499966,0.05
10.0,8,ct,CDLB,0.1,5,0.095,0.04724568226438612,0.14275431773561387,0.10833333333333332
10.0,8,ct,CDLD,0.01,5,0.028333333333333332,-0.007210465856634398,0.06387713252330106,0.013333333333333332
10.0,8,ct,CDLD,0.05,5,0.06333333333333332,0.008288563417331342,0.11837810324933531,0.05
10.0,8,ct,CDLD,0.1,5,0.11833333333333333,0.029203150865533475,0.2074635158011332,0.10166666666666668
10.0,8,ct,CDLE,0.01,5,0.008333333333333333,0.0010167580576243103,0.015649908609042355,0.015
10.0,8,ct,CDLE,0.05,5,0.05500000000000001,0.017264625586167814,0.0927353744138322,0.05166666666666667
10.0,8,ct,CDLE,0.1,5,0.12166666666666667,0.05050380347117665,0.19282952986215668,0.11000000000000001
10.0,8,ct,S2,0.01,5,0.016666666666666666,-0.007599668273251276,0.04093300160658461,0.015
10.0,8,ct,S2,0.05,5,0.06666666666666667,0.0024639791846463033,0.13086935414868703,0.05166666666666666
10.0,8,ct,S2,0.1,5,0.125,0.05482187530012843,0.19517812469987156,0.11166666666666666
10.0,8,ct,V30,0.01,5,0.011666666666666667,-0.00013095647485226666,0.0234642898081856,0.015
10.0,8,ct,V30,0.05,5,0.06166666666666667,-0.0011025562782812706,0.12443588961161461,0.05166666666666666
10.0,8,ct,V30,0.1,5,0.10666666666666666,0.024734089933442796,0.18859924339989054,0.10500000000000001
10.0,8,ct,V90,0.01,5,0.23666666666666664,0.12580183880647122,0.34753149452686205,0.013333333333333332
10.0,8,ct,V90,0.05,5,0.355,0.24907377765081756,0.4609262223491824,0.05166666666666667
10.0,8,ct,V90,0.1,5,0.42833333333333334,0.3033933035994326,0.5532733630672341,0.10500000000000001
10.0,8,ct,V150,0.01,5,0.7433333333333334,0.6354541587140569,0.8512125079526099,0.015
10.0,8,ct,V150,0.05,5,0.82,0.7473482127319603,0.8926517872680396,0.05166666666666667
10.0,8,ct,V150,0.1,5,0.8583333333333332,0.7885376535771649,0.9281290130895015,0.10333333333333335
10.0,8,ct,V250,0.01,5,0.9883333333333333,0.9656637539780581,1.0110029126886084,0.013333333333333332
10.0,8,ct,V250,0.05,5,0.99,0.971490365965348,1.008509634034652,0.05
10.0,8,ct,V250,0.1,5,0.9916666666666668,0.9737447905765165,1.009588542756817,0.10333333333333335
10.0,8,ct,V400,0.01,5,1.0,1.0,1.0,0.015
10.0,8,ct,V400,0.05,5,1.0,1.0,1.0,0.05166666666666667
10.0,8,ct,V400,0.1,5,1.0,1.0,1.0,0.10833333333333335
10.0,8,ymag,DS200,0.01,5,0.021666666666666667,-0.0010029126886085225,0.04433624602194186,0.016666666666666666
10.0,8,ymag,DS200,0.05,5,0.06000000000000001,0.021701379905221217,0.0982986200947788,0.08333333333333333
10.0,8,ymag,DS200,0.1,5,0.10333333333333335,0.01844844628749527,0.1882182203791714,0.15333333333333332
10.0,8,ymag,DS300,0.01,5,0.01,-0.008509634034651952,0.028509634034651954,0.021666666666666667
10.0,8,ymag,DS300,0.05,5,0.03,-0.0023918595606409188,0.06239185956064092,0.08666666666666667
10.0,8,ymag,DS300,0.1,5,0.075,0.024309279540278818,0.12569072045972118,0.15499999999999997
10.0,8,ymag,DS600,0.01,5,0.003333333333333333,-0.005921483683992643,0.01258815035065931,0.016666666666666666
10.0,8,ymag,DS600,0.05,5,0.030000000000000006,0.00019000596274908535,0.05980999403725093,0.085
10.0,8,ymag,DS600,0.1,5,0.06166666666666667,0.015046817730148945,0.10828651560318439,0.14666666666666667
10.0,8,ymag,DS1000,0.01,5,0.006666666666666666,-0.0068244315392391956,0.02015776487257253,0.013333333333333332
10.0,8,ymag,DS1000,0.05,5,0.03833333333333333,-0.0137121568893065,0.09037882355597315,0.08166666666666667
10.0,8,ymag,DS1000,0.1,5,0.065,-0.0034011748954006493,0.13340117489540065,0.14666666666666667
10.0,8,ymag,CDLA,0.01,5,0.01666666666666667,-0.005283059160460398,0.03861639249379374,0.02
10.0,8,ymag,CDLA,0.05,5,0.09333333333333334,0.022623260715198615,0.16404340595146805,0.08333333333333333
10.0,8,ymag,CDLA,0.1,5,0.17166666666666666,0.038231910121463014,0.3051014232118703,0.15166666666666667
10.0,8,ymag,CDLB,0.01,5,0.03166666666666666,0.023009578052636932,0.04032375528069639,0.015
10.0,8,ymag,CDLB,0.05,5,0.09333333333333334,0.05645895532320331,0.13020771134346337,0.08666666666666667
10.0,8,ymag,CDLB,0.1,5,0.15166666666666667,0.10129375949955426,0.20203957383377907,0.14833333333333334
10.0,8,ymag,CDLD,0.01,5,0.8300000000000001,0.47572359792149255,1.1842764020785075,0.02
10.0,8,ymag,CDLD,0.05,5,0.9866666666666667,0.9596844702548549,1.0136488630784783,0.08333333333333333
10.0,8,ymag,CDLD,0.1,5,0.9983333333333334,0.9937059248246705,1.0029607418419964,0.14833333333333334
10.0,8,ymag,CDLE,0.01,5,0.79,0.3236637383352979,1.2563362616647022,0.016666666666666666
10.0,8,ymag,CDLE,0.05,5,0.9866666666666667,0.9596844702548549,1.0136488630784783,0.08
10.0,8,ymag,CDLE,0.1,5,0.9983333333333334,0.9937059248246705,1.0029607418419964,0.15
10.0,8,ymag,S2,0.01,5,0.023333333333333334,-0.001370268042221786,0.04803693470888845,0.018333333333333333
10.0,8,ymag,S2,0.05,5,0.10833333333333332,0.036273423846738026,0.18039324281992863,0.085
10.0,8,ymag,S2,0.1,5,0.18166666666666664,0.07036811254646268,0.2929652207868706,0.15166666666666667
10.0,8,ymag,V30,0.01,5,0.021666666666666667,-0.0021543765915585204,0.04548770992489186,0.011666666666666665
10.0,8,ymag,V30,0.05,5,0.08,0.026433873821133484,0.1335661261788665,0.08333333333333333
10.0,8,ymag,V30,0.1,5,0.13999999999999999,0.07480442854801977,0.2051955714519802,0.15
10.0,8,ymag,V90,0.01,5,0.016666666666666666,0.00030630698768702516,0.033027026345646304,0.015
10.0,8,ymag,V90,0.05,5,0.10499999999999998,0.036912593616300116,0.17308740638369985,0.08499999999999999
10.0,8,ymag,V90,0.1,5,0.16,0.08779166623773713,0.23220833376226288,0.15
10.0,8,ymag,V150,0.01,5,0.021666666666666667,0.0028700444475080016,0.04046328888582533,0.019999999999999997
10.0,8,ymag,V150,0.05,5,0.08166666666666668,0.029211363107093297,0.13412197022624006,0.085
10.0,8,ymag,V150,0.1,5,0.15166666666666667,0.07726749256296407,0.2260658407703693,0.15499999999999997
10.0,8,ymag,V250,0.01,5,0.01666666666666667,-0.004027733303396064,0.037361066636729404,0.016666666666666666
10.0,8,ymag,V250,0.05,5,0.07333333333333333,0.01238138669256484,0.13428527997410183,0.08333333333333333
10.0,8,ymag,V250,0.1,5,0.12166666666666667,0.04901487939862699,0.19431845393470637,0.14833333333333332
10.0,8,ymag,V400,0.01,5,0.01,0.00134291138597027,0.018657088614029732,0.015
10.0,8,ymag,V400,0.05,5,0.05333333333333333,0.028413975884246642,0.07825269078242002,0.08833333333333333
10.0,8,ymag,V400,0.1,5,0.09833333333333334,0.047431839738040465,0.14923482692862622,0.15333333333333332
10.0,32,resid,DS200,0.01,5,1.0,1.0,1.0,0.03333333333333333
10.0,32,resid,DS200,0.05,5,1.0,1.0,1.0,0.07999999999999999
10.0,32,resid,DS200,0.1,5,1.0,1.0,1.0,0.12666666666666665
10.0,32,resid,DS300,0.01,5,1.0,1.0,1.0,0.026666666666666665
10.0,32,resid,DS300,0.05,5,1.0,1.0,1.0,0.07999999999999999
10.0,32,resid,DS300,0.1,5,1.0,1.0,1.0,0.12666666666666665
10.0,32,resid,DS600,0.01,5,1.0,1.0,1.0,0.026666666666666665
10.0,32,resid,DS600,0.05,5,1.0,1.0,1.0,0.07333333333333333
10.0,32,resid,DS600,0.1,5,1.0,1.0,1.0,0.12
10.0,32,resid,DS1000,0.01,5,1.0,1.0,1.0,0.03333333333333333
10.0,32,resid,DS1000,0.05,5,1.0,1.0,1.0,0.07333333333333333
10.0,32,resid,DS1000,0.1,5,1.0,1.0,1.0,0.12
10.0,32,resid,CDLA,0.01,5,0.0,0.0,0.0,0.013333333333333332
10.0,32,resid,CDLA,0.05,5,0.0,0.0,0.0,0.07333333333333333
10.0,32,resid,CDLA,0.1,5,0.0,0.0,0.0,0.12
10.0,32,resid,CDLB,0.01,5,0.9933333333333334,0.9748236992986814,1.0118429673679854,0.03333333333333333
10.0,32,resid,CDLB,0.05,5,1.0,1.0,1.0,0.06666666666666667
10.0,32,resid,CDLB,0.1,5,1.0,1.0,1.0,0.12
10.0,32,resid,CDLD,0.01,5,0.2,-0.3552890210395588,0.7552890210395589,0.03333333333333333
10.0,32,resid,CDLD,0.05,5,0.24666666666666667,-0.2910692629211318,0.7844025962544652,0.07999999999999999
10.0,32,resid,CDLD,0.1,5,0.29333333333333333,-0.2576198454012275,0.8442865120678942,0.12
10.0,32,resid,CDLE,0.01,5,0.33999999999999997,-0.2382594528811649,0.9182594528811648,0.03333333333333333
10.0,32,resid,CDLE,0.05,5,0.42000000000000004,-0.2012457492305154,1.0412457492305154,0.07333333333333333
10.0,32,resid,CDLE,0.1,5,0.48,-0.11158481468579473,1.0715848146857947,0.12
10.0,32,resid,S2,0.01,5,1.0,1.0,1.0,0.026666666666666665
10.0,32,resid,S2,0.05,5,1.0,1.0,1.0,0.07333333333333333
10.0,32,resid,S2,0.1,5,1.0,1.0,1.0,0.12
10.0,32,resid,V30,0.01,5,0.039999999999999994,-0.04972878007793001,0.12972878007792998,0.03333333333333333
10.0,32,resid,V30,0.05,5,0.12,-0.08402621419747669,0.3240262141974767,0.07333333333333333
10.0,32,resid,V30,0.1,5,0.16,-0.0730303381693771,0.3930303381693771,0.12
10.0,32,resid,V90,0.01,5,0.2666666666666667,0.027111667812113605,0.5062216655212198,0.03333333333333333
10.0,32,resid,V90,0.05,5,0.44666666666666666,0.23041266240037378,0.6629206709329596,0.07999999999999999
10.0,32,resid,V90,0.1,5,0.6199999999999999,0.3959646012743224,0.8440353987256773,0.12
10.0,32,resid,V150,0.01,5,0.74,0.5241424287055062,0.9558575712944938,0.03333333333333333
10.0,32,resid,V150,0.05,5,0.9333333333333332,0.8678918946174147,0.9987747720492518,0.07333333333333333
10.0,32,resid,V150,0.1,5,1.0,1.0,1.0,0.12666666666666665
10.0,32,resid,V250,0.01,5,1.0,1.0,1.0,0.026666666666666665
10.0,32,resid,V250,0.05,5,1.0,1.0,1.0,0.07333333333333333
10.0,32,resid,V250,0.1,5,1.0,1.0,1.0,0.12
10.0,32,resid,V400,0.01,5,1.0,1.0,1.0,0.03333333333333333
10.0,32,resid,V400,0.05,5,1.0,1.0,1.0,0.07333333333333333
10.0,32,resid,V400,0.1,5,1.0,1.0,1.0,0.12
10.0,32,tdisp,DS200,0.01,5,0.28,0.11548277410665192,0.44451722589334813,0.0
10.0,32,tdisp,DS200,0.05,5,0.4866666666666667,0.3638876444672013,0.6094456888661322,0.02
10.0,32,tdisp,DS200,0.1,5,0.6533333333333333,0.49682017581960436,0.8098464908470623,0.05333333333333333
10.0,32,tdisp,DS300,0.01,5,0.8400000000000001,0.6896270222467307,0.9903729777532695,0.0
10.0,32,tdisp,DS300,0.05,5,0.9266666666666667,0.7881532488421911,1.0651800844911425,0.02
10.0,32,tdisp,DS300,0.1,5,0.9533333333333334,0.8675076910690308,1.039158975597636,0.05333333333333333
10.0,32,tdisp,DS600,0.01,5,0.8133333333333332,0.6805017202550362,0.9461649464116303,0.0
10.0,32,tdisp,DS600,0.05,5,0.9400000000000001,0.8860356071763766,0.9939643928236235,0.02
10.0,32,tdisp,DS600,0.1,5,0.9800000000000001,0.9429807319306962,1.017019268069304,0.05333333333333333
10.0,32,tdisp,DS1000,0.01,5,0.8400000000000001,0.6868055196208849,0.9931944803791153,0.0
10.0,32,tdisp,DS1000,0.05,5,0.9333333333333332,0.8748007311276611,0.9918659355390054,0.02
10.0,32,tdisp,DS1000,0.1,5,0.9733333333333333,0.9193689405097099,1.0272977261569567,0.05333333333333333
10.0,32,tdisp,CDLA,0.01,5,0.013333333333333332,-0.02368593473597057,0.05035260140263724,0.0
10.0,32,tdisp,CDLA,0.05,5,0.026666666666666665,-0.027297726156956782,0.08063105949029012,0.02
10.0,32,tdisp,CDLA,0.1,5,0.03333333333333334,-0.025199268872338844,0.09186593553900552,0.05333333333333333
10.0,32,tdisp,CDLB,0.01,5,0.18666666666666668,0.0748402871691115,0.29849304616422184,0.0
10.0,32,tdisp,CDLB,0.05,5,0.38666666666666666,0.20249813336746852,0.5708351999658647,0.02
10.0,32,tdisp,CDLB,0.1,5,0.56,0.3008651235148727,0.8191348764851274,0.05333333333333333
10.0,32,tdisp,CDLD,0.01,5,0.06666666666666668,-0.05039853774467769,0.18373187107801103,0.0
10.0,32,tdisp,CDLD,0.05,5,0.2066666666666667,-0.05737960456564559,0.47071293789897894,0.02
10.0,32,tdisp,CDLD,0.1,5,0.32,-0.018275905734229214,0.6582759057342292,0.05333333333333333
10.0,32,tdisp,CDLE,0.01,5,0.12,-0.07101727094245547,0.31101727094245546,0.0
10.0,32,tdisp,CDLE,0.05,5,0.31333333333333335,-0.031214443181800333,0.657881109848467,0.02
10.0,32,tdisp,CDLE,0.1,5,0.42000000000000004,-0.01072200775022858,0.8507220077502287,0.05333333333333333
10.0,32,tdisp,S2,0.01,5,0.6599999999999999,0.5803870537300007,0.7396129462699992,0.0
10.0,32,tdisp,S2,0.05,5,0.8466666666666667,0.7838974437217188,0.9094358896116146,0.02
10.0,32,tdisp,S2,0.1,5,0.9066666666666666,0.8613275079561162,0.952005825377217,0.05333333333333333
10.0,32,tdisp,V30,0.01,5,0.6266666666666667,0.45752871379955207,0.7958046195337813,0.0
10.0,32,tdisp,V30,0.05,5,0.8,0.6318778998823131,0.968122100117687,0.02
10.0,32,tdisp,V30,0.1,5,0.8533333333333335,0.6941074407933348,1.0125592258733322,0.05333333333333333
10.0,32,tdisp,V90,0.01,5,1.0,1.0,1.0,0.0
10.0,32,tdisp,V90,0.05,5,1.0,1.0,1.0,0.02
10.0,32,tdisp,V90,0.1,5,1.0,1.0,1.0,0.05333333333333333
10.0,32,tdisp,V150,0.01,5,1.0,1.0,1.0,0.0
10.0,32,tdisp,V150,0.05,5,1.0,1.0,1.0,0.02
10.0,32,tdisp,V150,0.1,5,1.0,1.0,1.0,0.05333333333333333
10.0,32,tdisp,V250,0.01,5,1.0,1.0,1.0,0.0
10.0,32,tdisp,V250,0.05,5,1.0,1.0,1.0,0.02
10.0,32,tdisp,V250,0.1,5,1.0,1.0,1.0,0.05333333333333333
10.0,32,tdisp,V400,0.01,5,1.0,1.0,1.0,0.0
10.0,32,tdisp,V400,0.05,5,1.0,1.0,1.0,0.02
10.0,32,tdisp,V400,0.1,5,1.0,1.0,1.0,0.05333333333333333
10.0,32,comb,DS200,0.01,5,1.0,1.0,1.0,0.013333333333333332
10.0,32,comb,DS200,0.05,5,1.0,1.0,1.0,0.08
10.0,32,comb,DS200,0.1,5,1.0,1.0,1.0,0.10666666666666666
10.0,32,comb,DS300,0.01,5,1.0,1.0,1.0,0.013333333333333332
10.0,32,comb,DS300,0.05,5,1.0,1.0,1.0,0.08
10.0,32,comb,DS300,0.1,5,1.0,1.0,1.0,0.10666666666666666
10.0,32,comb,DS600,0.01,5,1.0,1.0,1.0,0.006666666666666666
10.0,32,comb,DS600,0.05,5,1.0,1.0,1.0,0.08
10.0,32,comb,DS600,0.1,5,1.0,1.0,1.0,0.10666666666666666
10.0,32,comb,DS1000,0.01,5,1.0,1.0,1.0,0.006666666666666666
10.0,32,comb,DS1000,0.05,5,1.0,1.0,1.0,0.08
10.0,32,comb,DS1000,0.1,5,1.0,1.0,1.0,0.10666666666666666
10.0,32,comb,CDLA,0.01,5,0.0,0.0,0.0,0.013333333333333332
10.0,32,comb,CDLA,0.05,5,0.006666666666666666,-0.011842967367985286,0.02517630070131862,0.08
10.0,32,comb,CDLA,0.1,5,0.006666666666666666,-0.011842967367985286,0.02517630070131862,0.10666666666666666
10.0,32,comb,CDLB,0.01,5,0.9533333333333334,0.8840766244210956,1.0225900422455712,0.013333333333333332
10.0,32,comb,CDLB,0.05,5,1.0,1.0,1.0,0.08
10.0,32,comb,CDLB,0.1,5,1.0,1.0,1.0,0.10666666666666666
10.0,32,comb,CDLD,0.01,5,0.21333333333333332,-0.3338760658298718,0.7605427324965384,0.006666666666666666
10.0,32,comb,CDLD,0.05,5,0.26,-0.2783726804675801,0.7983726804675801,0.08
10.0,32,comb,CDLD,0.1,5,0.2866666666666667,-0.26054273249653853,0.8338760658298718,0.10666666666666666
10.0,32,comb,CDLE,0.01,5,0.31333333333333335,-0.24010162903757704,0.8667682957042437,0.013333333333333332
10.0,32,comb,CDLE,0.05,5,0.3933333333333334,-0.20458801359530276,0.9912546802619696,0.08
10.0,32,comb,CDLE,0.1,5,0.4133333333333334,-0.1974845898101812,1.024151256476848,0.10666666666666666
10.0,32,comb,S2,0.01,5,1.0,1.0,1.0,0.006666666666666666
10.0,32,comb,S2,0.05,5,1.0,1.0,1.0,0.08
10.0,32,comb,S2,0.1,5,1.0,1.0,1.0,0.10666666666666666
10.0,32,comb,V30,0.01,5,0.4133333333333334,0.1639679604253063,0.6626987062413605,0.013333333333333332
10.0,32,comb,V30,0.05,5,0.6066666666666667,0.3593707517200805,0.8539625816132529,0.08
10.0,32,comb,V30,0.1,5,0.6866666666666668,0.4338898442203769,0.9394434891129566,0.10666666666666666
10.0,32,comb,V90,0.01,5,1.0,1.0,1.0,0.013333333333333332
10.0,32,comb,V90,0.05,5,1.0,1.0,1.0,0.08
10.0,32,comb,V90,0.1,5,1.0,1.0,1.0,0.10666666666666666
10.0,32,comb,V150,0.01,5,1.0,1.0,1.0,0.013333333333333332
10.0,32,comb,V150,0.05,5,1.0,1.0,1.0,0.08
10.0,32,comb,V150,0.1,5,1.0,1.0,1.0,0.10666666666666666
10.0,32,comb,V250,0.01,5,1.0,1.0,1.0,0.013333333333333332
10.0,32,comb,V250,0.05,5,1.0,1.0,1.0,0.07333333333333333
10.0,32,comb,V250,0.1,5,1.0,1.0,1.0,0.10666666666666666
10.0,32,comb,V400,0.01,5,1.0,1.0,1.0,0.013333333333333332
10.0,32,comb,V400,0.05,5,1.0,1.0,1.0,0.08
10.0,32,comb,V400,0.1,5,1.0,1.0,1.0,0.10666666666666666
10.0,32,conf_a,DS200,0.01,5,1.0,1.0,1.0,0.03333333333333333
10.0,32,conf_a,DS200,0.05,5,1.0,1.0,1.0,0.07333333333333333
10.0,32,conf_a,DS200,0.1,5,1.0,1.0,1.0,0.15999999999999998
10.0,32,conf_a,DS300,0.01,5,1.0,1.0,1.0,0.03333333333333333
10.0,32,conf_a,DS300,0.05,5,1.0,1.0,1.0,0.06666666666666668
10.0,32,conf_a,DS300,0.1,5,1.0,1.0,1.0,0.15999999999999998
10.0,32,conf_a,DS600,0.01,5,1.0,1.0,1.0,0.03333333333333333
10.0,32,conf_a,DS600,0.05,5,1.0,1.0,1.0,0.08666666666666667
10.0,32,conf_a,DS600,0.1,5,1.0,1.0,1.0,0.14666666666666667
10.0,32,conf_a,DS1000,0.01,5,1.0,1.0,1.0,0.03333333333333333
10.0,32,conf_a,DS1000,0.05,5,1.0,1.0,1.0,0.07333333333333333
10.0,32,conf_a,DS1000,0.1,5,1.0,1.0,1.0,0.16666666666666666
10.0,32,conf_a,CDLA,0.01,5,0.0,0.0,0.0,0.03333333333333333
10.0,32,conf_a,CDLA,0.05,5,0.0,0.0,0.0,0.07333333333333333
10.0,32,conf_a,CDLA,0.1,5,0.0,0.0,0.0,0.15999999999999998
10.0,32,conf_a,CDLB,0.01,5,1.0,1.0,1.0,0.03333333333333333
10.0,32,conf_a,CDLB,0.05,5,1.0,1.0,1.0,0.07333333333333333
10.0,32,conf_a,CDLB,0.1,5,1.0,1.0,1.0,0.15999999999999998
10.0,32,conf_a,CDLD,0.01,5,0.4800000000000001,0.08236584176828043,0.8776341582317198,0.03333333333333333
10.0,32,conf_a,CDLD,0.05,5,0.76,0.4832825188145448,1.0367174811854551,0.07333333333333333
10.0,32,conf_a,CDLD,0.1,5,0.8066666666666666,0.5611086222677357,1.0522247110655976,0.14666666666666667
10.0,32,conf_a,CDLE,0.01,5,0.9933333333333334,0.9748236992986814,1.0118429673679854,0.03333333333333333
10.0,32,conf_a,CDLE,0.05,5,1.0,1.0,1.0,0.06666666666666668
10.0,32,conf_a,CDLE,0.1,5,1.0,1.0,1.0,0.15999999999999998
10.0,32,conf_a,S2,0.01,5,1.0,1.0,1.0,0.03333333333333333
10.0,32,conf_a,S2,0.05,5,1.0,1.0,1.0,0.08666666666666667
10.0,32,conf_a,S2,0.1,5,1.0,1.0,1.0,0.14666666666666667
10.0,32,conf_a,V30,0.01,5,0.3266666666666667,0.008214881586669442,0.6451184517466639,0.03333333333333333
10.0,32,conf_a,V30,0.05,5,0.6333333333333333,0.28953214009314493,0.9771345265735216,0.09333333333333334
10.0,32,conf_a,V30,0.1,5,0.78,0.530634627091973,1.029365372908027,0.13999999999999999
10.0,32,conf_a,V90,0.01,5,1.0,1.0,1.0,0.03333333333333333
10.0,32,conf_a,V90,0.05,5,1.0,1.0,1.0,0.06666666666666668
10.0,32,conf_a,V90,0.1,5,1.0,1.0,1.0,0.14666666666666667
10.0,32,conf_a,V150,0.01,5,1.0,1.0,1.0,0.03333333333333333
10.0,32,conf_a,V150,0.05,5,1.0,1.0,1.0,0.09333333333333334
10.0,32,conf_a,V150,0.1,5,1.0,1.0,1.0,0.15333333333333332
10.0,32,conf_a,V250,0.01,5,1.0,1.0,1.0,0.03333333333333333
10.0,32,conf_a,V250,0.05,5,1.0,1.0,1.0,0.07333333333333333
10.0,32,conf_a,V250,0.1,5,1.0,1.0,1.0,0.15999999999999998
10.0,32,conf_a,V400,0.01,5,1.0,1.0,1.0,0.03333333333333333
10.0,32,conf_a,V400,0.05,5,1.0,1.0,1.0,0.09333333333333334
10.0,32,conf_a,V400,0.1,5,1.0,1.0,1.0,0.14666666666666667
10.0,32,conf_d,DS200,0.01,5,1.0,1.0,1.0,0.03333333333333334
10.0,32,conf_d,DS200,0.05,5,1.0,1.0,1.0,0.11333333333333333
10.0,32,conf_d,DS200,0.1,5,1.0,1.0,1.0,0.16666666666666666
10.0,32,conf_d,DS300,0.01,5,1.0,1.0,1.0,0.03333333333333334
10.0,32,conf_d,DS300,0.05,5,1.0,1.0,1.0,0.10666666666666666
10.0,32,conf_d,DS300,0.1,5,1.0,1.0,1.0,0.16666666666666666
10.0,32,conf_d,DS600,0.01,5,1.0,1.0,1.0,0.03333333333333334
10.0,32,conf_d,DS600,0.05,5,1.0,1.0,1.0,0.10666666666666666
10.0,32,conf_d,DS600,0.1,5,1.0,1.0,1.0,0.17333333333333334
10.0,32,conf_d,DS1000,0.01,5,1.0,1.0,1.0,0.03333333333333334
10.0,32,conf_d,DS1000,0.05,5,1.0,1.0,1.0,0.1
10.0,32,conf_d,DS1000,0.1,5,1.0,1.0,1.0,0.16666666666666666
10.0,32,conf_d,CDLA,0.01,5,0.0,0.0,0.0,0.03333333333333334
10.0,32,conf_d,CDLA,0.05,5,0.0,0.0,0.0,0.11333333333333333
10.0,32,conf_d,CDLA,0.1,5,0.0,0.0,0.0,0.16666666666666669
10.0,32,conf_d,CDLB,0.01,5,1.0,1.0,1.0,0.03333333333333334
10.0,32,conf_d,CDLB,0.05,5,1.0,1.0,1.0,0.1
10.0,32,conf_d,CDLB,0.1,5,1.0,1.0,1.0,0.15333333333333332
10.0,32,conf_d,CDLD,0.01,5,0.9133333333333333,0.7338757731774732,1.0927908934891934,0.03333333333333334
10.0,32,conf_d,CDLD,0.05,5,0.9933333333333334,0.9748236992986814,1.0118429673679854,0.10666666666666666
10.0,32,conf_d,CDLD,0.1,5,0.9933333333333334,0.9748236992986814,1.0118429673679854,0.17333333333333334
10.0,32,conf_d,CDLE,0.01,5,1.0,1.0,1.0,0.03333333333333334
10.0,32,conf_d,CDLE,0.05,5,1.0,1.0,1.0,0.09333333333333334
10.0,32,conf_d,CDLE,0.1,5,1.0,1.0,1.0,0.17333333333333334
10.0,32,conf_d,S2,0.01,5,1.0,1.0,1.0,0.03333333333333334
10.0,32,conf_d,S2,0.05,5,1.0,1.0,1.0,0.1
10.0,32,conf_d,S2,0.1,5,1.0,1.0,1.0,0.16666666666666666
10.0,32,conf_d,V30,0.01,5,0.49333333333333335,0.0905626759887233,0.8961039906779433,0.03333333333333334
10.0,32,conf_d,V30,0.05,5,0.7333333333333333,0.39455140501895297,1.0721152616477136,0.10666666666666666
10.0,32,conf_d,V30,0.1,5,0.7933333333333333,0.5197286337517307,1.066938032914936,0.16
10.0,32,conf_d,V90,0.01,5,1.0,1.0,1.0,0.03333333333333334
10.0,32,conf_d,V90,0.05,5,1.0,1.0,1.0,0.09333333333333334
10.0,32,conf_d,V90,0.1,5,1.0,1.0,1.0,0.16
10.0,32,conf_d,V150,0.01,5,1.0,1.0,1.0,0.03333333333333334
10.0,32,conf_d,V150,0.05,5,1.0,1.0,1.0,0.1
10.0,32,conf_d,V150,0.1,5,1.0,1.0,1.0,0.16
10.0,32,conf_d,V250,0.01,5,1.0,1.0,1.0,0.03333333333333334
10.0,32,conf_d,V250,0.05,5,1.0,1.0,1.0,0.1
10.0,32,conf_d,V250,0.1,5,1.0,1.0,1.0,0.17333333333333334
10.0,32,conf_d,V400,0.01,5,1.0,1.0,1.0,0.03333333333333334
10.0,32,conf_d,V400,0.05,5,1.0,1.0,1.0,0.1
10.0,32,conf_d,V400,0.1,5,1.0,1.0,1.0,0.16666666666666666
10.0,32,crcfail_a,DS200,0.01,5,0.0,0.0,0.0,0.0
10.0,32,crcfail_a,DS200,0.05,5,0.0,0.0,0.0,0.0
10.0,32,crcfail_a,DS200,0.1,5,0.0,0.0,0.0,0.0
10.0,32,crcfail_a,DS300,0.01,5,0.0,0.0,0.0,0.0
10.0,32,crcfail_a,DS300,0.05,5,0.0,0.0,0.0,0.0
10.0,32,crcfail_a,DS300,0.1,5,0.0,0.0,0.0,0.0
10.0,32,crcfail_a,DS600,0.01,5,0.07999999999999999,-0.019677429796346763,0.17967742979634674,0.0
10.0,32,crcfail_a,DS600,0.05,5,0.07999999999999999,-0.019677429796346763,0.17967742979634674,0.0
10.0,32,crcfail_a,DS600,0.1,5,0.07999999999999999,-0.019677429796346763,0.17967742979634674,0.0
10.0,32,crcfail_a,DS1000,0.01,5,0.18,-0.06062524245047543,0.4206252424504754,0.0
10.0,32,crcfail_a,DS1000,0.05,5,0.18,-0.06062524245047543,0.4206252424504754,0.0
10.0,32,crcfail_a,DS1000,0.1,5,0.18,-0.06062524245047543,0.4206252424504754,0.0
10.0,32,crcfail_a,CDLA,0.01,5,0.0,0.0,0.0,0.0
10.0,32,crcfail_a,CDLA,0.05,5,0.0,0.0,0.0,0.0
10.0,32,crcfail_a,CDLA,0.1,5,0.0,0.0,0.0,0.0
10.0,32,crcfail_a,CDLB,0.01,5,0.0,0.0,0.0,0.0
10.0,32,crcfail_a,CDLB,0.05,5,0.0,0.0,0.0,0.0
10.0,32,crcfail_a,CDLB,0.1,5,0.0,0.0,0.0,0.0
10.0,32,crcfail_a,CDLD,0.01,5,0.0,0.0,0.0,0.0
10.0,32,crcfail_a,CDLD,0.05,5,0.0,0.0,0.0,0.0
10.0,32,crcfail_a,CDLD,0.1,5,0.0,0.0,0.0,0.0
10.0,32,crcfail_a,CDLE,0.01,5,0.0,0.0,0.0,0.0
10.0,32,crcfail_a,CDLE,0.05,5,0.0,0.0,0.0,0.0
10.0,32,crcfail_a,CDLE,0.1,5,0.0,0.0,0.0,0.0
10.0,32,crcfail_a,S2,0.01,5,0.6533333333333334,0.17727216687255448,1.1293944997941123,0.0
10.0,32,crcfail_a,S2,0.05,5,0.6533333333333334,0.17727216687255448,1.1293944997941123,0.0
10.0,32,crcfail_a,S2,0.1,5,0.6533333333333334,0.17727216687255448,1.1293944997941123,0.0
10.0,32,crcfail_a,V30,0.01,5,0.0,0.0,0.0,0.0
10.0,32,crcfail_a,V30,0.05,5,0.0,0.0,0.0,0.0
10.0,32,crcfail_a,V30,0.1,5,0.0,0.0,0.0,0.0
10.0,32,crcfail_a,V90,0.01,5,0.0,0.0,0.0,0.0
10.0,32,crcfail_a,V90,0.05,5,0.0,0.0,0.0,0.0
10.0,32,crcfail_a,V90,0.1,5,0.0,0.0,0.0,0.0
10.0,32,crcfail_a,V150,0.01,5,0.7533333333333334,0.5351079664727236,0.9715587001939432,0.0
10.0,32,crcfail_a,V150,0.05,5,0.7533333333333334,0.5351079664727236,0.9715587001939432,0.0
10.0,32,crcfail_a,V150,0.1,5,0.7533333333333334,0.5351079664727236,0.9715587001939432,0.0
10.0,32,crcfail_a,V250,0.01,5,1.0,1.0,1.0,0.0
10.0,32,crcfail_a,V250,0.05,5,1.0,1.0,1.0,0.0
10.0,32,crcfail_a,V250,0.1,5,1.0,1.0,1.0,0.0
10.0,32,crcfail_a,V400,0.01,5,1.0,1.0,1.0,0.0
10.0,32,crcfail_a,V400,0.05,5,1.0,1.0,1.0,0.0
10.0,32,crcfail_a,V400,0.1,5,1.0,1.0,1.0,0.0
10.0,32,crcfail_d,DS200,0.01,5,0.0,0.0,0.0,0.0
10.0,32,crcfail_d,DS200,0.05,5,0.0,0.0,0.0,0.0
10.0,32,crcfail_d,DS200,0.1,5,0.0,0.0,0.0,0.0
10.0,32,crcfail_d,DS300,0.01,5,0.0,0.0,0.0,0.0
10.0,32,crcfail_d,DS300,0.05,5,0.0,0.0,0.0,0.0
10.0,32,crcfail_d,DS300,0.1,5,0.0,0.0,0.0,0.0
10.0,32,crcfail_d,DS600,0.01,5,0.16666666666666669,0.009062811932672055,0.3242705214006613,0.0
10.0,32,crcfail_d,DS600,0.05,5,0.16666666666666669,0.009062811932672055,0.3242705214006613,0.0
10.0,32,crcfail_d,DS600,0.1,5,0.16666666666666669,0.009062811932672055,0.3242705214006613,0.0
10.0,32,crcfail_d,DS1000,0.01,5,0.47333333333333333,0.19049304286079438,0.7561736238058723,0.0
10.0,32,crcfail_d,DS1000,0.05,5,0.47333333333333333,0.19049304286079438,0.7561736238058723,0.0
10.0,32,crcfail_d,DS1000,0.1,5,0.47333333333333333,0.19049304286079438,0.7561736238058723,0.0
10.0,32,crcfail_d,CDLA,0.01,5,0.0,0.0,0.0,0.0
10.0,32,crcfail_d,CDLA,0.05,5,0.0,0.0,0.0,0.0
10.0,32,crcfail_d,CDLA,0.1,5,0.0,0.0,0.0,0.0
10.0,32,crcfail_d,CDLB,0.01,5,0.0,0.0,0.0,0.0
10.0,32,crcfail_d,CDLB,0.05,5,0.0,0.0,0.0,0.0
10.0,32,crcfail_d,CDLB,0.1,5,0.0,0.0,0.0,0.0
10.0,32,crcfail_d,CDLD,0.01,5,0.0,0.0,0.0,0.0
10.0,32,crcfail_d,CDLD,0.05,5,0.0,0.0,0.0,0.0
10.0,32,crcfail_d,CDLD,0.1,5,0.0,0.0,0.0,0.0
10.0,32,crcfail_d,CDLE,0.01,5,0.0,0.0,0.0,0.0
10.0,32,crcfail_d,CDLE,0.05,5,0.0,0.0,0.0,0.0
10.0,32,crcfail_d,CDLE,0.1,5,0.0,0.0,0.0,0.0
10.0,32,crcfail_d,S2,0.01,5,0.96,0.8859614638613922,1.0340385361386077,0.0
10.0,32,crcfail_d,S2,0.05,5,0.96,0.8859614638613922,1.0340385361386077,0.0
10.0,32,crcfail_d,S2,0.1,5,0.96,0.8859614638613922,1.0340385361386077,0.0
10.0,32,crcfail_d,V30,0.01,5,0.0,0.0,0.0,0.0
10.0,32,crcfail_d,V30,0.05,5,0.0,0.0,0.0,0.0
10.0,32,crcfail_d,V30,0.1,5,0.0,0.0,0.0,0.0
10.0,32,crcfail_d,V90,0.01,5,0.0,0.0,0.0,0.0
10.0,32,crcfail_d,V90,0.05,5,0.0,0.0,0.0,0.0
10.0,32,crcfail_d,V90,0.1,5,0.0,0.0,0.0,0.0
10.0,32,crcfail_d,V150,0.01,5,0.7866666666666667,0.6787378810194198,0.8945954523139137,0.0
10.0,32,crcfail_d,V150,0.05,5,0.7866666666666667,0.6787378810194198,0.8945954523139137,0.0
10.0,32,crcfail_d,V150,0.1,5,0.7866666666666667,0.6787378810194198,0.8945954523139137,0.0
10.0,32,crcfail_d,V250,0.01,5,1.0,1.0,1.0,0.0
10.0,32,crcfail_d,V250,0.05,5,1.0,1.0,1.0,0.0
10.0,32,crcfail_d,V250,0.1,5,1.0,1.0,1.0,0.0
10.0,32,crcfail_d,V400,0.01,5,1.0,1.0,1.0,0.0
10.0,32,crcfail_d,V400,0.05,5,1.0,1.0,1.0,0.0
10.0,32,crcfail_d,V400,0.1,5,1.0,1.0,1.0,0.0
10.0,32,cf,DS200,0.01,5,0.006666666666666666,-0.011842967367985286,0.02517630070131862,0.026666666666666665
10.0,32,cf,DS200,0.05,5,0.06,-0.02482179904972344,0.14482179904972342,0.08666666666666667
10.0,32,cf,DS200,0.1,5,0.11333333333333333,-0.06128620491084595,0.2879528715775126,0.14666666666666667
10.0,32,cf,DS300,0.01,5,0.013333333333333332,-0.009336246021941857,0.03600291268860852,0.02
10.0,32,cf,DS300,0.05,5,0.04666666666666667,-0.034014957572302225,0.12734829090563557,0.08666666666666667
10.0,32,cf,DS300,0.1,5,0.10666666666666666,-0.03789819655362456,0.25123152988695785,0.15333333333333332
10.0,32,cf,DS600,0.01,5,0.026666666666666665,-0.018672492043883715,0.07200582537721704,0.013333333333333332
10.0,32,cf,DS600,0.05,5,0.04666666666666667,-0.034014957572302225,0.12734829090563557,0.08666666666666667
10.0,32,cf,DS600,0.1,5,0.08,-0.05913040714907057,0.21913040714907056,0.14666666666666667
10.0,32,cf,DS1000,0.01,5,0.026666666666666665,-0.04737186947194114,0.10070520280527448,0.026666666666666665
10.0,32,cf,DS1000,0.05,5,0.06666666666666667,-0.07670834205453538,0.21004167538786872,0.08666666666666667
10.0,32,cf,DS1000,0.1,5,0.11333333333333333,-0.09278122816098831,0.31944789482765495,0.15333333333333332
10.0,32,cf,CDLA,0.01,5,0.47333333333333333,0.1315310011806835,0.8151356654859832,0.02
10.0,32,cf,CDLA,0.05,5,0.6533333333333333,0.4181079984656272,0.8885586682010395,0.08666666666666667
10.0,32,cf,CDLA,0.1,5,0.7266666666666666,0.5294717284380683,0.9238616048952648,0.15333333333333332
10.0,32,cf,CDLB,0.01,5,0.006666666666666666,-0.011842967367985286,0.02517630070131862,0.02
10.0,32,cf,CDLB,0.05,5,0.05333333333333333,-0.07288554272131505,0.17955220938798172,0.08666666666666667
10.0,32,cf,CDLB,0.1,5,0.07333333333333333,-0.04151592550504456,0.18818259217171124,0.13999999999999999
10.0,32,cf,CDLD,0.01,5,1.0,1.0,1.0,0.02
10.0,32,cf,CDLD,0.05,5,1.0,1.0,1.0,0.08
10.0,32,cf,CDLD,0.1,5,1.0,1.0,1.0,0.14666666666666667
10.0,32,cf,CDLE,0.01,5,1.0,1.0,1.0,0.02
10.0,32,cf,CDLE,0.05,5,1.0,1.0,1.0,0.08666666666666667
10.0,32,cf,CDLE,0.1,5,1.0,1.0,1.0,0.15333333333333332
10.0,32,cf,S2,0.01,5,0.2333333333333333,0.004756214629921152,0.46191045203674547,0.013333333333333332
10.0,32,cf,S2,0.05,5,0.45999999999999996,0.20086512351487262,0.7191348764851273,0.08666666666666667
10.0,32,cf,S2,0.1,5,0.56,0.29921771419207926,0.8207822858079208,0.13999999999999999
10.0,32,cf,V30,0.01,5,0.04666666666666667,-0.034014957572302225,0.12734829090563557,0.026666666666666665
10.0,32,cf,V30,0.05,5,0.12,-0.04710007180095646,0.2871000718009564,0.08666666666666667
10.0,32,cf,V30,0.1,5,0.14666666666666667,-0.06151529422389265,0.354848627557226,0.15333333333333332
10.0,32,cf,V90,0.01,5,0.06,-0.008008738065825569,0.12800873806582558,0.026666666666666665
10.0,32,cf,V90,0.05,5,0.15333333333333332,-0.026124226822526686,0.33279089348919333,0.08666666666666667
10.0,32,cf,V90,0.1,5,0.20666666666666664,-0.02265866064553959,0.4359919939788729,0.13999999999999999
10.0,32,cf,V150,0.01,5,0.026666666666666665,-0.027297726156956782,0.08063105949029012,0.02
10.0,32,cf,V150,0.05,5,0.06666666666666667,-0.04668123010970926,0.1800145634430426,0.08666666666666667
10.0,32,cf,V150,0.1,5,0.12666666666666665,-0.0790319215247649,0.3323652548580982,0.13333333333333333
10.0,32,cf,V250,0.01,5,0.013333333333333332,-0.02368593473597057,0.05035260140263724,0.013333333333333332
10.0,32,cf,V250,0.05,5,0.06,-0.029728780077930006,0.14972878007793,0.08666666666666667
10.0,32,cf,V250,0.1,5,0.09333333333333334,-0.054164178707186775,0.24083084537385346,0.14666666666666667
10.0,32,cf,V400,0.01,5,0.006666666666666666,-0.011842967367985286,0.02517630070131862,0.013333333333333332
10.0,32,cf,V400,0.05,5,0.05333333333333333,-0.03249230893096923,0.1391589755976359,0.08666666666666667
10.0,32,cf,V400,0.1,5,0.10666666666666666,-0.02223801818494059,0.2355713515182739,0.15333333333333332
10.0,32,ct,DS200,0.01,5,0.02,-0.017019268069303903,0.05701926806930391,0.006666666666666666
10.0,32,ct,DS200,0.05,5,0.07333333333333333,-0.01639544674459667,0.16306211341126334,0.04666666666666667
10.0,32,ct,DS200,0.1,5,0.12666666666666665,0.019534414308933643,0.23379891902439964,0.10666666666666666
10.0,32,ct,DS300,0.01,5,0.013333333333333332,-0.009336246021941857,0.03600291268860852,0.006666666666666666
10.0,32,ct,DS300,0.05,5,0.08666666666666667,0.005985042427697776,0.16734829090563558,0.04
10.0,32,ct,DS300,0.1,5,0.15333333333333332,0.027114457278684945,0.2795522093879817,0.11333333333333333
10.0,32,ct,DS600,0.01,5,0.013333333333333332,-0.02368593473597057,0.05035260140263724,0.006666666666666666
10.0,32,ct,DS600,0.05,5,0.04666666666666667,-0.022590042245571172,0.1159233755789045,0.039999999999999994
10.0,32,ct,DS600,0.1,5,0.12000000000000002,-0.01601747613165111,0.25601747613165116,0.1
10.0,32,ct,DS1000,0.01,5,0.006666666666666666,-0.011842967367985286,0.02517630070131862,0.006666666666666666
10.0,32,ct,DS1000,0.05,5,0.07333333333333333,-0.021047651798818137,0.1677143184654848,0.04666666666666667
10.0,32,ct,DS1000,0.1,5,0.15333333333333332,0.01420292618426272,0.2924637404824039,0.11333333333333333
10.0,32,ct,CDLA,0.01,5,0.02,-0.017019268069303903,0.05701926806930391,0.006666666666666666
10.0,32,ct,CDLA,0.05,5,0.07333333333333333,-0.021047651798818137,0.1677143184654848,0.03333333333333333
10.0,32,ct,CDLA,0.1,5,0.09333333333333334,-0.03220511255656257,0.21887177922322926,0.11333333333333333
10.0,32,ct,CDLB,0.01,5,0.02,-0.0026695793552751895,0.04266957935527519,0.006666666666666666
10.0,32,ct,CDLB,0.05,5,0.07333333333333333,0.019368940509709887,0.12729772615695678,0.04
10.0,32,ct,CDLB,0.1,5,0.10666666666666666,0.027053720396667313,0.186279612936666,0.11333333333333333
10.0,32,ct,CDLD,0.01,5,0.026666666666666665,-0.018672492043883715,0.07200582537721704,0.006666666666666666
10.0,32,ct,CDLD,0.05,5,0.08,-0.05913040714907057,0.21913040714907056,0.04
10.0,32,ct,CDLD,0.1,5,0.13999999999999999,-0.13203495226330222,0.4120349522633022,0.11333333333333333
10.0,32,ct,CDLE,0.01,5,0.006666666666666666,-0.011842967367985286,0.02517630070131862,0.006666666666666666
10.0,32,ct,CDLE,0.05,5,0.04666666666666667,-0.016102556278281284,0.10943588961161463,0.05333333333333333
10.0,32,ct,CDLE,0.1,5,0.12,-0.019130407149070605,0.2591304071490706,0.11333333333333333
10.0,32,ct,S2,0.01,5,0.02,-0.017019268069303903,0.05701926806930391,0.006666666666666666
10.0,32,ct,S2,0.05,5,0.09333333333333334,-0.017724470874578388,0.20439113754124505,0.04
10.0,32,ct,S2,0.1,5,0.14666666666666667,-0.001410405610548976,0.2947437389438823,0.12
10.0,32,ct,V30,0.01,5,0.03333333333333334,-0.008055466606792128,0.07472213327345881,0.006666666666666666
10.0,32,ct,V30,0.05,5,0.08666666666666667,0.00084102440236411,0.17249230893096923,0.04666666666666667
10.0,32,ct,V30,0.1,5,0.16,-0.04149162866844963,0.36149162866844964,0.11333333333333333
10.0,32,ct,V90,0.01,5,0.5466666666666666,0.24592071116012792,0.8474126221732053,0.006666666666666666
10.0,32,ct,V90,0.05,5,0.6666666666666667,0.4380895479632546,0.8952437853700789,0.04666666666666667
10.0,32,ct,V90,0.1,5,0.76,0.534440533370096,0.985559466629904,0.11333333333333333
10.0,32,ct,V150,0.01,5,0.9866666666666667,0.9639970873113916,1.009336246021942,0.006666666666666666
10.0,32,ct,V150,0.05,5,0.9866666666666667,0.9639970873113916,1.009336246021942,0.04
10.0,32,ct,V150,0.1,5,0.9933333333333334,0.9748236992986814,1.0118429673679854,0.12
10.0,32,ct,V250,0.01,5,1.0,1.0,1.0,0.006666666666666666
10.0,32,ct,V250,0.05,5,1.0,1.0,1.0,0.04666666666666667
10.0,32,ct,V250,0.1,5,1.0,1.0,1.0,0.12
10.0,32,ct,V400,0.01,5,1.0,1.0,1.0,0.006666666666666666
10.0,32,ct,V400,0.05,5,1.0,1.0,1.0,0.04666666666666667
10.0,32,ct,V400,0.1,5,1.0,1.0,1.0,0.10666666666666666
10.0,32,ymag,DS200,0.01,5,0.013333333333333332,-0.009336246021941857,0.03600291268860852,0.06
10.0,32,ymag,DS200,0.05,5,0.1,-0.027568848958495484,0.2275688489584955,0.14666666666666667
10.0,32,ymag,DS200,0.1,5,0.15333333333333332,-0.052781228160988375,0.35944789482765505,0.21333333333333332
10.0,32,ymag,DS300,0.01,5,0.02,-0.017019268069303903,0.05701926806930391,0.026666666666666665
10.0,32,ymag,DS300,0.05,5,0.06666666666666667,-0.01611093321358427,0.14944426654691761,0.14666666666666667
10.0,32,ymag,DS300,0.1,5,0.09333333333333334,0.003604553255403334,0.18306211341126333,0.21333333333333332
10.0,32,ymag,DS600,0.01,5,0.0,0.0,0.0,0.06
10.0,32,ymag,DS600,0.05,5,0.0,0.0,0.0,0.14666666666666667
10.0,32,ymag,DS600,0.1,5,0.026666666666666665,-0.007961687789452256,0.061295021122785585,0.21333333333333332
10.0,32,ymag,DS1000,0.01,5,0.013333333333333332,-0.009336246021941857,0.03600291268860852,0.06
10.0,32,ymag,DS1000,0.05,5,0.02,-0.0026695793552751895,0.04266957935527519,0.14666666666666667
10.0,32,ymag,DS1000,0.1,5,0.08,-0.03923997614900365,0.19923997614900366,0.21333333333333332
10.0,32,ymag,CDLA,0.01,5,0.08666666666666667,-0.04616494641163041,0.21949827974496375,0.05333333333333333
10.0,32,ymag,CDLA,0.05,5,0.18,-0.006479395746070843,0.3664793957460708,0.14666666666666667
10.0,32,ymag,CDLA,0.1,5,0.26666666666666666,0.03071420383628795,0.5026191294970453,0.21333333333333332
10.0,32,ymag,CDLB,0.01,5,0.026666666666666665,-0.018672492043883715,0.07200582537721704,0.05333333333333333
10.0,32,ymag,CDLB,0.05,5,0.09333333333333334,0.003604553255403306,0.18306211341126338,0.14666666666666667
10.0,32,ymag,CDLB,0.1,5,0.1933333333333333,0.05481991550885765,0.33184675115780893,0.21999999999999997
10.0,32,ymag,CDLD,0.01,5,1.0,1.0,1.0,0.05333333333333333
10.0,32,ymag,CDLD,0.05,5,1.0,1.0,1.0,0.14666666666666667
10.0,32,ymag,CDLD,0.1,5,1.0,1.0,1.0,0.21999999999999997
10.0,32,ymag,CDLE,0.01,5,1.0,1.0,1.0,0.05333333333333333
10.0,32,ymag,CDLE,0.05,5,1.0,1.0,1.0,0.14666666666666667
10.0,32,ymag,CDLE,0.1,5,1.0,1.0,1.0,0.21999999999999997
10.0,32,ymag,S2,0.01,5,0.05333333333333333,-0.009435889611614595,0.11610255627828125,0.06
10.0,32,ymag,S2,0.05,5,0.18,0.04716838692170294,0.31283161307829704,0.14666666666666667
10.0,32,ymag,S2,0.1,5,0.28,0.10054243984413996,0.4594575601558601,0.21333333333333332
10.0,32,ymag,V30,0.01,5,0.04666666666666667,-0.016102556278281284,0.10943588961161463,0.06666666666666668
10.0,32,ymag,V30,0.05,5,0.10666666666666666,-0.03490481103156051,0.24823814436489383,0.14666666666666667
10.0,32,ymag,V30,0.1,5,0.16666666666666666,-0.006475105613927973,0.3398084389472613,0.21333333333333332
10.0,32,ymag,V90,0.01,5,0.07333333333333333,-0.006279612936665985,0.15294627960333265,0.05333333333333333
10.0,32,ymag,V90,0.05,5,0.16666666666666666,0.014594505287503112,0.3187388280458302,0.14666666666666667
10.0,32,ymag,V90,0.1,5,0.24666666666666667,0.09015350915293768,0.40317982418039566,0.21333333333333332
10.0,32,ymag,V150,0.01,5,0.04666666666666667,-0.022590042245571172,0.1159233755789045,0.05333333333333333
10.0,32,ymag,V150,0.05,5,0.15333333333333332,0.04944826996497656,0.2572183967016901,0.14666666666666667
10.0,32,ymag,V150,0.1,5,0.16666666666666669,0.04960146225532232,0.28373187107801107,0.21999999999999997
10.0,32,ymag,V250,0.01,5,0.013333333333333332,-0.009336246021941857,0.03600291268860852,0.05333333333333333
10.0,32,ymag,V250,0.05,5,0.08666666666666667,-0.049350809464984435,0.22268414279831777,0.14666666666666667
10.0,32,ymag,V250,0.1,5,0.18,-0.03426450471546602,0.39426450471546604,0.21999999999999997
10.0,32,ymag,V400,0.01,5,0.013333333333333332,-0.009336246021941857,0.03600291268860852,0.05333333333333333
10.0,32,ymag,V400,0.05,5,0.06666666666666667,-0.010764687846173002,0.14409802117950632,0.14666666666666667
10.0,32,ymag,V400,0.1,5,0.11333333333333333,0.0015069538357781465,0.2251597128308885,0.21333333333333332
